# Blender 5.1.0
# www.blender.org
mtllib car3.mtl
o bake
v 2.253836 0.764147 -0.822468
v 2.186417 0.894082 -0.826675
v 2.249693 0.885838 -0.805667
v 2.307141 0.764167 -0.805603
v 2.206142 0.969462 -0.802310
v 2.075878 0.987602 -0.824638
v 2.075377 1.051134 -0.812446
v 2.178977 1.021916 -0.797085
v 2.073203 1.083592 -0.802254
v 2.156851 1.068349 -0.796532
v 2.223755 1.058184 -0.771334
v 2.258951 1.021907 -0.772793
v 1.742471 1.084447 -0.815349
v 1.740817 1.119073 -0.804480
v 1.745021 1.027888 -0.832589
v 1.322526 1.099727 -0.819104
v 1.298808 1.136569 -0.811036
v 1.406838 1.018599 -0.834581
v 0.836204 1.035905 -0.831012
v 0.961637 1.107473 -0.821482
v 1.211266 1.102259 -0.819881
v 1.224370 1.024615 -0.832451
v 0.706504 1.111750 -0.822796
v 1.234435 0.944310 -0.841332
v 0.833227 0.959206 -0.835116
v 1.205773 0.851610 -0.842825
v 0.828598 0.861641 -0.835397
v 0.824958 0.648490 -0.828841
v 1.154968 0.645220 -0.835327
v 1.126258 0.397349 -0.808735
v 0.816299 0.398791 -0.803516
v 0.382139 1.113508 -0.823415
v 0.382139 1.039848 -0.832407
v 0.382139 0.961725 -0.836649
v 0.382139 0.862428 -0.836952
v -0.785365 0.966589 -0.830346
v -0.824681 1.042221 -0.825968
v -0.635903 1.041934 -0.828698
v -0.631217 0.963169 -0.833428
v 0.382139 0.648769 -0.829853
v -0.737172 0.648769 -0.827563
v -0.755645 0.863445 -0.833851
v -0.624406 0.862780 -0.834388
v -0.606744 0.648769 -0.827913
v 0.382139 0.400694 -0.804955
v -0.875059 1.117400 -0.816259
v -0.639730 1.114973 -0.819641
v -0.925914 0.856185 -0.842537
v -0.982970 0.952927 -0.841886
v -0.734516 0.403357 -0.803227
v -0.573752 0.403068 -0.803545
v -0.851486 0.404384 -0.808975
v -0.875983 0.646780 -0.835103
v -1.203807 1.052894 -0.831775
v -1.470719 1.071376 -0.827363
v -1.470799 1.131092 -0.807602
v -1.181590 1.121545 -0.813656
v -1.794815 1.179591 -0.790785
v -1.463812 1.179591 -0.798163
v -1.798352 1.130447 -0.800210
v -1.801256 1.060097 -0.817420
v -2.236776 1.179591 -0.779323
v -1.962557 1.016932 -0.815049
v -2.306967 1.049806 -0.793341
v -2.245663 1.089100 -0.794655
v -1.897018 1.070226 -0.810102
v -1.890913 1.005643 -0.823836
v -1.941510 0.946079 -0.824475
v -2.007271 0.954260 -0.815881
v -2.300298 0.959705 -0.799988
v -2.051870 0.768092 -0.813355
v -2.288838 0.771296 -0.800467
v -1.993913 0.768066 -0.821583
v 2.264561 1.024129 -0.768403
v 2.232684 1.057344 -0.765745
v 2.272619 1.059270 -0.716275
v 2.315512 1.023923 -0.717876
v 2.157401 1.085530 -0.774499
v 2.076173 1.099992 -0.778820
v 2.159215 1.087839 -0.768091
v 2.077329 1.102085 -0.772348
v 2.089797 1.103108 -0.715915
v 2.184804 1.089326 -0.715600
v 1.742198 1.141038 -0.779200
v 1.749117 1.146514 -0.716464
v 1.742745 1.143555 -0.772970
v 1.350523 1.172061 -0.779254
v 1.377739 1.181104 -0.717000
v 1.355416 1.174680 -0.773583
v 1.279852 1.184663 -0.777347
v 1.202495 1.183069 -0.799807
v 1.194651 1.186190 -0.799144
v 1.163929 1.217381 -0.790901
v 1.188122 1.217257 -0.784249
v 0.471363 1.630045 -0.653981
v 0.461978 1.646243 -0.625451
v 0.664402 1.621438 -0.636305
v 0.684605 1.603297 -0.660119
v 0.464928 1.649006 -0.580962
v 0.672870 1.623197 -0.590922
v 0.205499 1.648286 -0.645019
v 0.199587 1.665301 -0.616403
v 0.085418 1.670617 -0.613412
v -0.495904 1.678261 -0.610001
v -0.495904 1.680858 -0.567095
v 0.085813 1.675757 -0.571273
v -0.580924 1.678348 -0.608459
v -0.495904 1.658872 -0.640415
v -0.582986 1.657993 -0.638598
v -2.317282 1.091243 -0.787126
v -2.344236 1.109493 -0.782277
v -2.338281 1.179591 -0.769995
v -2.398409 1.110543 -0.766706
v -2.392504 1.179591 -0.754700
v -2.422456 1.111220 -0.741740
v -2.416588 1.179591 -0.730196
v -2.435956 1.111120 -0.684450
v -2.430093 1.179591 -0.673795
v 1.013120 1.347618 -0.755722
v 0.824507 1.496355 -0.705263
v 0.858594 1.494594 -0.694512
v 1.062114 1.346325 -0.741685
v 0.746301 1.569435 -0.667160
v 0.733173 1.563311 -0.678320
v 2.393183 1.088767 -0.236568
v 2.456694 1.023999 -0.237262
v 2.418599 1.024298 -0.535554
v 2.354924 1.087420 -0.539569
v 2.404566 1.089104 -0.022051
v 2.468262 1.024001 -0.022051
v 2.297383 1.120723 -0.236354
v 2.259700 1.118108 -0.545573
v 2.156892 1.130461 -0.552055
v 2.193624 1.134019 -0.236456
v 2.204139 1.134495 -0.022051
v 2.308348 1.121180 -0.022051
v 1.799984 1.175402 -0.236624
v 1.779716 1.166915 -0.575836
v 1.806160 1.176358 -0.022051
v 1.473216 1.198308 -0.236792
v 1.415617 1.188948 -0.598793
v 1.483730 1.198848 -0.022051
v 0.474746 1.662404 -0.193662
v 0.478143 1.662404 -0.022051
v 0.710799 1.631706 -0.022051
v 0.701288 1.631706 -0.196749
v 0.682650 1.627061 -0.491248
v 0.468273 1.655094 -0.482957
v 0.086766 1.691720 -0.190679
v 0.086766 1.691720 -0.022051
v 0.086246 1.683013 -0.474926
v -2.453011 1.179591 -0.562978
v -2.459786 1.111116 -0.562401
v -2.492567 1.111119 -0.226740
v -2.486722 1.179591 -0.223460
v -2.498867 1.111119 -0.022051
v -2.493024 1.179591 -0.022051
v 0.760585 1.612970 -0.198511
v 0.737836 1.609145 -0.495963
v 0.766250 1.612951 -0.022051
v 2.304156 1.059501 -0.585504
v 2.347664 1.024106 -0.582339
v 2.213524 1.090652 -0.592095
v 2.115636 1.105212 -0.599215
v 1.758708 1.151249 -0.625176
v 1.398774 1.185765 -0.651355
v 0.673860 1.623470 -0.583875
v 0.465278 1.649447 -0.573876
v 0.085845 1.676291 -0.564182
v -0.495904 1.692511 -0.330414
v -0.495904 1.681398 -0.560005
v -0.580744 1.681150 -0.559994
v -0.579424 1.693216 -0.329434
v -2.431644 1.179591 -0.666825
v -2.437461 1.111114 -0.677440
v 0.726659 1.606176 -0.589552
v 0.422048 1.596336 -0.670255
v 0.476063 1.624551 -0.658661
v 0.621205 1.564368 -0.682938
v 0.221732 1.605451 -0.665625
v 0.207410 1.643103 -0.649538
v 0.697197 1.606861 -0.651256
v 0.744805 1.574908 -0.661613
v 0.726177 1.605276 -0.596545
v 2.196741 0.763987 -0.859870
v 2.136913 0.867289 -0.863033
v 2.158781 0.883636 -0.842510
v 2.223770 0.764076 -0.838685
v 2.105180 0.829422 -0.910569
v 2.022722 0.879743 -0.911720
v 2.046344 0.929946 -0.864904
v 2.066801 0.956488 -0.841812
v 1.742468 0.918311 -0.914230
v 1.744510 0.972745 -0.868694
v 1.745180 0.999227 -0.848623
v 1.484482 0.899631 -0.914656
v 1.466026 0.953606 -0.871818
v 1.447214 0.986979 -0.848516
v 1.370971 0.906472 -0.873312
v 1.399482 0.860274 -0.915239
v 1.339820 0.791673 -0.913888
v 1.304104 0.825735 -0.872934
v 1.240583 0.842450 -0.853484
v 1.332034 0.939923 -0.856088
v 1.241406 0.945857 -0.841295
v 1.223354 0.637909 -0.856213
v 1.246484 0.635281 -0.863288
v 1.282819 0.622077 -0.901313
v 1.243246 0.396792 -0.863371
v 1.210841 0.396964 -0.831811
v 1.184797 0.397076 -0.825120
v 1.125639 0.390299 -0.807741
v 1.201563 0.389940 -0.828235
v 1.124121 0.370521 -0.846987
v -1.096169 0.919408 -0.874274
v -1.127735 0.874240 -0.918594
v -1.235591 0.914196 -0.919765
v -1.219051 0.975602 -0.872445
v -1.032101 0.835674 -0.873053
v -1.060268 0.957622 -0.852647
v -0.984660 0.848295 -0.851323
v -1.065261 0.808207 -0.914681
v -0.974025 0.640813 -0.862545
v -1.005767 0.632857 -0.899937
v -0.928222 0.645148 -0.842400
v -0.945669 0.404828 -0.830330
v -0.976878 0.404950 -0.859494
v -0.900851 0.404621 -0.814104
v -1.468928 0.937954 -0.917293
v -1.469986 1.006064 -0.867287
v -1.470428 1.037760 -0.845465
v -1.210825 1.013908 -0.849173
v -1.706938 0.920153 -0.912327
v -1.737442 0.988082 -0.862449
v -1.765782 1.023106 -0.836883
v -1.822232 0.955402 -0.861244
v -1.785367 0.890466 -0.909241
v -1.839655 0.848115 -0.905552
v -1.878538 0.904128 -0.859811
v -1.851974 0.985216 -0.839120
v -1.906294 0.929193 -0.839012
v -1.934299 0.767848 -0.854088
v -1.963175 0.768013 -0.834433
v -1.887059 0.767704 -0.897835
v 1.991900 0.819556 -0.918276
v 2.022722 0.879743 -0.911720
v 2.105180 0.829422 -0.910569
v 2.061113 0.781996 -0.914581
v 1.740750 0.854918 -0.923436
v 1.742468 0.918311 -0.914230
v 1.508459 0.836685 -0.923037
v 1.484482 0.899631 -0.914656
v 1.389985 0.749805 -0.915544
v 1.339820 0.791673 -0.913888
v 1.399482 0.860274 -0.915239
v 1.437519 0.805430 -0.920391
v 1.341694 0.603371 -0.900633
v 1.282819 0.622077 -0.901313
v 1.305562 0.392989 -0.862099
v 1.243246 0.396792 -0.863371
v -1.255028 0.852636 -0.925478
v -1.235591 0.914196 -0.919765
v -1.127735 0.874240 -0.918594
v -1.167675 0.820926 -0.921735
v -1.116537 0.766227 -0.915655
v -1.065261 0.808207 -0.914681
v -1.005767 0.632857 -0.899937
v -1.060421 0.612520 -0.898885
v -0.976878 0.404950 -0.859494
v -1.031440 0.401703 -0.858261
v -1.470282 0.875291 -0.925931
v -1.468928 0.937954 -0.917293
v -1.685855 0.860236 -0.920590
v -1.706938 0.920153 -0.912327
v -1.792301 0.802645 -0.910569
v -1.839655 0.848115 -0.905552
v -1.785367 0.890466 -0.909241
v -1.750647 0.836232 -0.915991
v -1.928076 0.583799 -0.867344
v -1.844506 0.666787 -0.891287
v -1.867599 0.566496 -0.870623
v -1.815824 0.767756 -0.905629
v -1.887059 0.767704 -0.897835
v -1.888279 0.360781 -0.796484
v -1.954281 0.367057 -0.793020
v 0.735085 1.585847 -0.650188
v 0.725534 1.597003 -0.632935
v 2.148727 0.764036 -0.908851
v 2.148727 0.764036 -0.908851
v 2.074729 0.760647 -0.913165
v 0.173927 1.607288 -0.664529
v 0.152632 1.645518 -0.648123
v 0.144456 1.650967 -0.643472
v 0.079683 1.653721 -0.641840
v 0.089433 0.648769 -0.829311
v 0.088858 0.862493 -0.836343
v 0.190259 0.862471 -0.836554
v 0.090096 0.402056 -0.804640
v 0.184914 1.114642 -0.822707
v 0.088822 1.115194 -0.822362
v 0.184212 1.147716 -0.817259
v 0.081844 1.115100 -0.822343
v -0.026417 1.152151 -0.815456
v -0.003155 1.177464 -0.810981
v 0.080637 1.176945 -0.811696
v 0.702464 1.138205 -0.818529
v 0.962912 1.132303 -0.817598
v 0.381702 1.144512 -0.818312
v 0.959587 1.349660 -0.757317
v 0.764063 1.500327 -0.706369
v 1.089038 1.218916 -0.793727
v 1.136406 1.128022 -0.815119
v 1.205191 1.132925 -0.813529
v 1.221264 1.217154 -0.774060
v 1.195102 1.217229 -0.782204
v 1.172255 1.257500 -0.760091
v 1.212349 1.133314 -0.813351
v 1.231603 1.024297 -0.832559
v 1.218508 1.102094 -0.819831
v 1.247450 0.840643 -0.855586
v 1.275401 0.835438 -0.865479
v 1.238017 0.636471 -0.861054
v 1.201074 0.397150 -0.829905
v 1.191793 0.397045 -0.826985
v 1.230149 0.637182 -0.858288
v -0.976413 0.397947 -0.857949
v -0.971408 0.281697 -0.830354
v -1.026133 0.281735 -0.828927
v -1.031440 0.401703 -0.858261
v -0.922775 0.397665 -0.821051
v -0.849954 0.372556 -0.846360
v -0.976413 0.397947 -0.857949
v -0.734269 0.396309 -0.802292
v -0.733641 0.372259 -0.841072
v -0.851058 0.397336 -0.807965
v 0.382139 0.393648 -0.804015
v 0.816091 0.391745 -0.802579
v 0.815564 0.370938 -0.841836
v 0.382139 0.371489 -0.843065
v 0.086560 0.395026 -0.803698
v 0.086623 0.371888 -0.842605
v 1.242261 0.389769 -0.861912
v 1.305562 0.392989 -0.862099
v 1.290959 0.276550 -0.835559
v 1.228156 0.278510 -0.837138
v 1.242261 0.389769 -0.861912
v 0.700012 1.536841 -0.692381
v -0.563765 0.372170 -0.841441
v -0.565971 0.396003 -0.802626
v 0.004240 1.588575 -0.671385
v 0.076071 1.607316 -0.663878
v 0.073831 1.531468 -0.696249
v 0.003212 1.532441 -0.695328
v 0.075137 1.370808 -0.755353
v 0.000589 1.371221 -0.754622
v 0.078832 1.229732 -0.798191
v -0.001746 1.229822 -0.797566
v 0.087802 1.176765 -0.811763
v 0.085985 1.229720 -0.798233
v 0.157522 1.229555 -0.798512
v 0.158170 1.173673 -0.812483
v 0.082280 1.370747 -0.755420
v 0.154139 1.369922 -0.756063
v 0.080963 1.531325 -0.696355
v 0.150280 1.529495 -0.697519
v 0.083206 1.607069 -0.664031
v 0.148861 1.584285 -0.674164
v -0.020931 1.613188 -0.660713
v -0.465619 1.615819 -0.658789
v 0.006577 1.652910 -0.642825
v 0.676818 1.599616 -0.664066
v 0.086573 1.648401 -0.646429
v -1.177355 1.179591 -0.804538
v -0.888573 1.179946 -0.810322
v 0.424481 1.591390 -0.668488
v 0.422048 1.596336 -0.670255
v 0.621205 1.564368 -0.682938
v 0.617638 1.560712 -0.680875
v 0.223083 1.600731 -0.663776
v 0.221732 1.605451 -0.665625
v 0.175874 1.602556 -0.662692
v 0.173927 1.607288 -0.664529
v 0.266396 1.146383 -0.817697
v 0.186264 1.151518 -0.813037
v 0.381648 1.147350 -0.814243
v 0.381702 1.144512 -0.818312
v 0.702464 1.138205 -0.818529
v 0.701909 1.141063 -0.814469
v 0.962796 1.135115 -0.813563
v 0.962912 1.132303 -0.817598
v 0.757045 1.499331 -0.703252
v 0.764063 1.500327 -0.706369
v 0.959587 1.349660 -0.757317
v 0.953988 1.348686 -0.754131
v 1.089038 1.218916 -0.793727
v 1.084221 1.218060 -0.790481
v 1.136406 1.128022 -0.815119
v 1.130056 1.130810 -0.810882
v 0.696992 1.533041 -0.690383
v 0.700012 1.536841 -0.692381
v 0.162435 1.175257 -0.808621
v 0.158170 1.173673 -0.812483
v 0.157522 1.229555 -0.798512
v 0.161155 1.228615 -0.795096
v 0.154139 1.369922 -0.756063
v 0.157779 1.368766 -0.752721
v 0.150280 1.529495 -0.697519
v 0.153926 1.528058 -0.694288
v 0.148861 1.584285 -0.674164
v 0.152626 1.581648 -0.671448
v 0.184212 1.147716 -0.817259
v 0.472261 1.625877 -0.654508
v 0.471363 1.630045 -0.653981
v 0.684605 1.603297 -0.660119
v 0.680375 1.599895 -0.660087
v 0.206189 1.644101 -0.645440
v 0.205499 1.648286 -0.645019
v 1.065627 1.343745 -0.738113
v 1.062114 1.346325 -0.741685
v 0.858594 1.494594 -0.694512
v 0.862242 1.491666 -0.691020
v 0.746301 1.569435 -0.667160
v 0.747894 1.568180 -0.662628
v 1.164769 1.262744 -0.755289
v 1.162268 1.264642 -0.761303
v 0.472261 1.625877 -0.654508
v 0.476063 1.624551 -0.658661
v 0.207410 1.643103 -0.649538
v 0.206189 1.644101 -0.645440
v 0.747894 1.568180 -0.662628
v 0.744805 1.574908 -0.661613
v 0.152632 1.645518 -0.648123
v 0.150840 1.646529 -0.644008
v 0.079683 1.653721 -0.641840
v 0.144456 1.650967 -0.643472
v 0.150840 1.646529 -0.644008
v 0.083358 1.649478 -0.642272
v 0.676818 1.599616 -0.664066
v 0.680375 1.599895 -0.660087
v 0.083358 1.649478 -0.642272
v 0.086573 1.648401 -0.646429
v 0.739780 1.604804 -0.496009
v 0.737836 1.609145 -0.495963
v 0.760585 1.612970 -0.198511
v 0.761528 1.608458 -0.212162
v 0.728058 1.601804 -0.592907
v 0.726659 1.606176 -0.589552
v 0.744805 1.574908 -0.661613
v 0.735085 1.585847 -0.650188
v 0.737708 1.580548 -0.648916
v 0.747894 1.568180 -0.662628
v 0.728058 1.601804 -0.592907
v 0.726912 1.592930 -0.630087
v 0.725534 1.597003 -0.632935
v 0.726177 1.605276 -0.596545
v 0.672729 1.619880 -0.587135
v 0.672870 1.623197 -0.590922
v 0.464928 1.649006 -0.580962
v 0.464791 1.645699 -0.577185
v 0.085813 1.675757 -0.571273
v -0.495904 1.680858 -0.567095
v -0.495904 1.677585 -0.563281
v 0.085820 1.672484 -0.567461
v 0.464791 1.645699 -0.577185
v 0.465278 1.649447 -0.573876
v 0.673860 1.623470 -0.583875
v 0.672729 1.619880 -0.587135
v 0.085820 1.672484 -0.567461
v 0.085845 1.676291 -0.564182
v -0.580744 1.681150 -0.559994
v -0.495904 1.681398 -0.560005
v -0.495904 1.677585 -0.563281
v -0.580749 1.677686 -0.563262
v 0.726659 1.606176 -0.589552
v 0.728058 1.601804 -0.592907
v 0.728058 1.601804 -0.592907
v 0.726177 1.605276 -0.596545
v 0.816198 0.395732 -0.799570
v 0.816299 0.398791 -0.803516
v 1.126258 0.397349 -0.808735
v 1.126446 0.394268 -0.804799
v 0.382139 0.397635 -0.801007
v 0.382139 0.400694 -0.804955
v -0.566341 0.399995 -0.799618
v -0.566622 0.403055 -0.803559
v 0.082987 0.402089 -0.804618
v 0.086564 0.399012 -0.800689
v -0.851651 0.401343 -0.805026
v -0.851486 0.404384 -0.808975
v -0.734516 0.403357 -0.803227
v -0.734396 0.400302 -0.799284
v 1.206669 0.393789 -0.826260
v 1.210841 0.396964 -0.831811
v 1.243246 0.396792 -0.863371
v 1.244039 0.393756 -0.859433
v 1.188628 0.393972 -0.822135
v 1.184797 0.397076 -0.825120
v 1.188628 0.393972 -0.822135
v 1.126446 0.394268 -0.804799
v -0.977851 0.402040 -0.855520
v -0.976878 0.404950 -0.859494
v -0.945669 0.404828 -0.830330
v -0.947008 0.401729 -0.826647
v -0.901637 0.401513 -0.810212
v -0.900851 0.404621 -0.814104
v 1.305562 0.392989 -0.862099
v 1.244039 0.393756 -0.859433
v 1.243246 0.396792 -0.863371
v -1.031440 0.401703 -0.858261
v 0.086564 0.399012 -0.800689
v 0.090096 0.402056 -0.804640
v 1.201074 0.397150 -0.829905
v -0.977851 0.402040 -0.855520
v -0.976413 0.397947 -0.857949
v -1.031440 0.401703 -0.858261
v -0.947008 0.401729 -0.826647
v -0.977851 0.402040 -0.855520
v -0.734396 0.400302 -0.799284
v -0.851651 0.401343 -0.805026
v -0.901637 0.401513 -0.810212
v 0.816198 0.395732 -0.799570
v 0.382139 0.397635 -0.801007
v 0.086564 0.399012 -0.800689
v 1.244039 0.393756 -0.859433
v 1.206669 0.393789 -0.826260
v 1.244039 0.393756 -0.859433
v 1.305562 0.392989 -0.862099
v 1.242261 0.389769 -0.861912
v -0.566341 0.399995 -0.799618
v 0.085124 0.961964 -0.832356
v 0.081553 0.962082 -0.835883
v 0.081668 1.040371 -0.831543
v 0.085241 1.040041 -0.828030
v 0.085892 0.648991 -0.825758
v 0.082323 0.648769 -0.829283
v 0.081749 0.862497 -0.836312
v 0.085319 0.862521 -0.832781
v 0.081844 1.115100 -0.822343
v 0.085349 1.113327 -0.819065
v 0.086564 0.399012 -0.800689
v 0.082987 0.402089 -0.804618
v 0.085349 1.113327 -0.819065
v 0.088822 1.115194 -0.822362
v 0.088778 1.040350 -0.831581
v 0.085241 1.040041 -0.828030
v 0.088662 0.962067 -0.835917
v 0.085124 0.961964 -0.832356
v 0.085319 0.862521 -0.832781
v 0.088858 0.862493 -0.836343
v 0.089433 0.648769 -0.829311
v 0.085892 0.648991 -0.825758
v 0.090096 0.402056 -0.804640
v 0.086564 0.399012 -0.800689
v 0.080637 1.176945 -0.811696
v 0.084267 1.176182 -0.808249
v 0.077480 1.530073 -0.693005
v 0.073831 1.531468 -0.696249
v 0.076071 1.607316 -0.663878
v 0.079735 1.606278 -0.660481
v 0.078781 1.369669 -0.752015
v 0.075137 1.370808 -0.755353
v 0.082468 1.228793 -0.794790
v 0.078832 1.229732 -0.798191
v 0.082468 1.228793 -0.794790
v 0.085985 1.229720 -0.798233
v 0.087802 1.176765 -0.811763
v 0.084267 1.176182 -0.808249
v 0.078781 1.369669 -0.752015
v 0.082280 1.370747 -0.755420
v 0.077480 1.530073 -0.693005
v 0.080963 1.531325 -0.696355
v 0.079735 1.606278 -0.660481
v 0.083206 1.607069 -0.664031
v 0.083358 1.649478 -0.642272
v 0.086573 1.648401 -0.646429
v 0.079683 1.653721 -0.641840
v 0.083358 1.649478 -0.642272
v 1.228012 1.024003 -0.828979
v 1.224370 1.024615 -0.832451
v 1.211266 1.102259 -0.819881
v 1.214861 1.101525 -0.816362
v 1.238500 0.943700 -0.837952
v 1.234435 0.944310 -0.841332
v 1.198039 1.183664 -0.796079
v 1.194651 1.186190 -0.799144
v 1.188122 1.217257 -0.784249
v 1.190761 1.215470 -0.780327
v 1.244941 0.841211 -0.851119
v 1.240583 0.842450 -0.853484
v 1.227767 0.637608 -0.853848
v 1.223354 0.637909 -0.856213
v 1.188628 0.393972 -0.822135
v 1.184797 0.397076 -0.825120
v 1.208709 1.132350 -0.809991
v 1.205191 1.132925 -0.813529
v 1.190761 1.215470 -0.780327
v 1.195102 1.217229 -0.782204
v 1.202495 1.183069 -0.799807
v 1.198039 1.183664 -0.796079
v 1.164769 1.262744 -0.755289
v 1.172255 1.257500 -0.760091
v 1.212349 1.133314 -0.813351
v 1.208709 1.132350 -0.809991
v 1.214861 1.101525 -0.816362
v 1.218508 1.102094 -0.819831
v 1.231603 1.024297 -0.832559
v 1.228012 1.024003 -0.828979
v 1.241406 0.945857 -0.841295
v 1.238500 0.943700 -0.837952
v 1.247450 0.840643 -0.855586
v 1.244941 0.841211 -0.851119
v 1.230149 0.637182 -0.858288
v 1.227767 0.637608 -0.853848
v 1.191793 0.397045 -0.826985
v 1.188628 0.393972 -0.822135
v 0.088778 1.040350 -0.831581
v 0.186291 1.049642 -0.830701
v 0.188208 0.959215 -0.836177
v 0.088662 0.962067 -0.835917
v 0.362204 0.984791 -0.835348
v 0.353170 0.957689 -0.836594
v 0.267241 1.114169 -0.823003
v 0.266396 1.146383 -0.817697
v 0.326069 1.063933 -0.829321
v 0.268558 1.063933 -0.829171
v 0.232423 0.984791 -0.835033
v 0.232422 1.027797 -0.832667
v 0.268558 0.948655 -0.836422
v 0.241456 0.957689 -0.836316
v 0.326069 0.948655 -0.836565
v 0.241456 1.054899 -0.830203
v 0.362204 1.027797 -0.833013
v 0.353170 1.054899 -0.830494
v 0.268558 1.063933 -0.829171
v 0.326069 1.063933 -0.829321
v 0.297313 1.006303 -0.792345
v 0.353170 1.054899 -0.830494
v 0.362204 1.027797 -0.833013
v 0.362204 0.984791 -0.835348
v 0.353170 0.957689 -0.836594
v 0.326069 0.948655 -0.836565
v 0.268558 0.948655 -0.836422
v 0.241456 0.957689 -0.836316
v 0.232423 0.984791 -0.835033
v 0.232422 1.027797 -0.832667
v 0.241456 1.054899 -0.830203
v -1.077805 1.044577 -0.831469
v 1.191793 0.397045 -0.826985
v 1.201074 0.397150 -0.829905
v 1.206669 0.393789 -0.826260
v 1.188628 0.393972 -0.822135
v 1.758708 1.151249 -0.625176
v 1.398774 1.185765 -0.651355
v 1.415617 1.188948 -0.598793
v 1.779716 1.166915 -0.575836
v 2.115636 1.105212 -0.599215
v 2.156892 1.130461 -0.552055
v 2.213524 1.090652 -0.592095
v 2.259700 1.118108 -0.545573
v 2.304156 1.059501 -0.585504
v 2.354924 1.087420 -0.539569
v 2.347664 1.024106 -0.582339
v 2.418599 1.024298 -0.535554
v 2.223755 1.058184 -0.771334
v 2.228618 1.054813 -0.766788
v 2.262764 1.019637 -0.769203
v 2.258951 1.021907 -0.772793
v 2.228618 1.054813 -0.766788
v 2.232684 1.057344 -0.765745
v 2.264561 1.024129 -0.768403
v 2.262764 1.019637 -0.769203
v 2.316072 1.019263 -0.716605
v 2.315512 1.023923 -0.717876
v 2.156543 1.084598 -0.770283
v 2.157401 1.085530 -0.774499
v 2.076173 1.099992 -0.778820
v 2.076027 1.098734 -0.774668
v 2.159215 1.087839 -0.768091
v 2.156543 1.084598 -0.770283
v 2.076027 1.098734 -0.774668
v 2.077329 1.102085 -0.772348
v 1.742198 1.141038 -0.779200
v 1.742020 1.140118 -0.775118
v 1.742020 1.140118 -0.775118
v 1.742745 1.143555 -0.772970
v 1.350523 1.172061 -0.779254
v 1.353613 1.171337 -0.775465
v 1.353613 1.171337 -0.775465
v 1.355416 1.174680 -0.773583
v 1.279852 1.184663 -0.777347
v 1.286587 1.182033 -0.773130
v 2.456694 1.023999 -0.237262
v 2.456415 1.019240 -0.237086
v 2.419047 1.019538 -0.533611
v 2.418599 1.024298 -0.535554
v 2.468262 1.024001 -0.022051
v 2.467975 1.019241 -0.022051
v 2.347664 1.024106 -0.582339
v 2.348586 1.019471 -0.580301
v 1.221264 1.217154 -0.774060
v 1.225124 1.214700 -0.770239
v 1.164769 1.262744 -0.755289
v 1.172255 1.257500 -0.760091
v 2.418599 1.024298 -0.535554
v 2.419047 1.019538 -0.533611
v 2.348586 1.019471 -0.580301
v 2.347664 1.024106 -0.582339
v 2.553842 0.515521 -0.022051
v 2.535245 0.419471 -0.022051
v 2.527845 0.419463 -0.214835
v 2.546609 0.514183 -0.227728
v 2.535785 0.513256 -0.370042
v 2.508838 0.419448 -0.437255
v 2.533007 0.500297 -0.396744
v 2.254346 0.759345 -0.819316
v 2.253836 0.764147 -0.822468
v 2.307141 0.764167 -0.805603
v 2.313674 0.759426 -0.800628
v 2.196517 0.759302 -0.857283
v 2.196741 0.763987 -0.859870
v 2.223770 0.764076 -0.838685
v 2.223911 0.759152 -0.835849
v 2.149585 0.760085 -0.905543
v 2.148727 0.764036 -0.908851
v 2.148727 0.764036 -0.908851
v 2.149585 0.760085 -0.905543
v 2.074729 0.760647 -0.913165
v 1.117055 0.278424 -0.790478
v 1.124121 0.370521 -0.846987
v 0.610598 0.281462 -0.787015
v 0.815564 0.370938 -0.841836
v 0.382139 0.371489 -0.843065
v -0.049425 0.282170 -0.786378
v 0.086623 0.371888 -0.842605
v -0.733641 0.372259 -0.841072
v -0.845923 0.282111 -0.789817
v -0.849954 0.372556 -0.846360
v -0.971408 0.281697 -0.830354
v -0.976413 0.397947 -0.857949
v 0.961449 1.335064 -0.767082
v 1.079381 1.216670 -0.799755
v 0.966048 1.223780 -0.805879
v 1.119918 1.139516 -0.817835
v 0.969360 1.143321 -0.819926
v 0.284473 1.000032 -0.875438
v 0.284473 1.025036 -0.872519
v 0.396983 1.025036 -0.872519
v 0.396983 1.000032 -0.875438
v 0.408425 0.986532 -0.828275
v 0.284473 0.990237 -0.860008
v 0.408249 0.989537 -0.854015
v 0.152756 0.994227 -0.825703
v 0.152756 1.019231 -0.822784
v 0.152756 1.022809 -0.853442
v 0.152756 0.997805 -0.856361
v 0.160520 1.027310 -0.823515
v 0.284473 1.031014 -0.855248
v 0.160696 1.030315 -0.849255
v 0.416190 1.019231 -0.822784
v 0.416190 0.994227 -0.825703
v 0.416190 0.997805 -0.856361
v 0.416190 1.022810 -0.853442
v 0.171962 1.000032 -0.875438
v 0.171962 1.025036 -0.872519
v 0.160696 0.989537 -0.854015
v 0.175251 0.991225 -0.868472
v 0.284473 0.991225 -0.868472
v 0.408249 1.030315 -0.849255
v 0.393694 1.032002 -0.863712
v 0.284473 1.032002 -0.863712
v 0.393694 0.991225 -0.868472
v 0.175251 1.032002 -0.863712
v 0.160520 0.986532 -0.828275
v 0.408425 1.027310 -0.823515
v 1.130056 1.130810 -0.810882
v 0.962796 1.135115 -0.813563
v 0.969360 1.143321 -0.819926
v 1.119918 1.139516 -0.817835
v 0.962796 1.135115 -0.813563
v 0.959234 1.221498 -0.798346
v 0.966048 1.223780 -0.805879
v 0.969360 1.143321 -0.819926
v 0.953988 1.348686 -0.754131
v 0.961449 1.335064 -0.767082
v 0.953988 1.348686 -0.754131
v 1.084221 1.218060 -0.790481
v 1.079381 1.216670 -0.799755
v 0.961449 1.335064 -0.767082
v 1.130056 1.130810 -0.810882
v 1.119918 1.139516 -0.817835
v 1.151994 0.704617 -0.854455
v 0.826518 0.704617 -0.848596
v 0.826518 0.736153 -0.833227
v 1.162538 0.736153 -0.839180
v 1.154118 0.646763 -0.836191
v 0.826518 0.646763 -0.830388
v 0.826518 0.704617 -0.848596
v 1.151994 0.704617 -0.854455
v -0.594646 0.704617 -0.847755
v -0.610904 0.735634 -0.831284
v 0.084997 0.736153 -0.833721
v 0.071013 0.704617 -0.848935
v -0.602986 0.647116 -0.828517
v -0.594646 0.704617 -0.847755
v 0.071013 0.704617 -0.848935
v 0.084997 0.646762 -0.830651
v -0.873028 0.704617 -0.853715
v -0.891122 0.704617 -0.837689
v -0.886447 0.736153 -0.838408
v -0.873817 0.646762 -0.835503
v 0.099668 0.704617 -0.849046
v 0.084997 0.736153 -0.833721
v 0.381767 0.736153 -0.834443
v 0.381767 0.704617 -0.849724
v 0.084997 0.646762 -0.830651
v 0.099668 0.704617 -0.849046
v 0.381767 0.704617 -0.849724
v 0.381767 0.646762 -0.831345
v 0.071013 0.704617 -0.848935
v 0.084997 0.736153 -0.833721
v 0.084997 0.646762 -0.830651
v 0.084997 0.646762 -0.830651
v 0.084997 0.736153 -0.833721
v 0.099668 0.704617 -0.849046
v -0.746726 0.736153 -0.832324
v -0.746726 0.704617 -0.847728
v -0.873028 0.704617 -0.853715
v -0.886447 0.736153 -0.838408
v -0.746726 0.704617 -0.847728
v -0.746726 0.646762 -0.829700
v -0.873817 0.646762 -0.835503
v -0.873028 0.704617 -0.853715
v 1.162538 0.736153 -0.839180
v 1.167403 0.704617 -0.838284
v 1.151994 0.704617 -0.854455
v 1.154118 0.646763 -0.836191
v 1.274104 1.219982 -0.708391
v 1.353830 1.122601 -0.715668
v 1.325737 1.116126 -0.773131
v 1.225124 1.214700 -0.770239
v 1.457285 1.138368 -0.236381
v 1.374444 1.233371 -0.234132
v 1.385314 1.233371 -0.022051
v 1.468154 1.138368 -0.022051
v 1.396197 1.129622 -0.597688
v 1.315084 1.225944 -0.591649
v 1.325737 1.116126 -0.773131
v 1.353830 1.122601 -0.715668
v 1.377739 1.181104 -0.717000
v 1.353613 1.171337 -0.775465
v 1.457285 1.138368 -0.236381
v 1.468154 1.138368 -0.022051
v 1.483730 1.198848 -0.022051
v 1.473216 1.198308 -0.236792
v 1.415617 1.188948 -0.598793
v 1.396197 1.129622 -0.597688
v 1.398774 1.185765 -0.651355
v 1.325737 1.116126 -0.773131
v 1.353613 1.171337 -0.775465
v 1.286588 1.182033 -0.773131
v 1.225124 1.214700 -0.770239
v 1.355415 1.174680 -0.773583
v -0.495904 1.696880 -0.022051
v 2.445090 0.401774 -0.765042
v 2.397135 0.401743 -0.796279
v 2.399447 0.489812 -0.815226
v 2.455809 0.488873 -0.778508
v 2.313879 0.401570 -0.829291
v 2.304513 0.490756 -0.854380
v 2.399062 0.678763 -0.825658
v 2.457563 0.678944 -0.788362
v 2.456799 0.596097 -0.784067
v 2.286443 0.678498 -0.868038
v 2.483077 0.401665 -0.700350
v 2.485181 0.447139 -0.716688
v 2.451508 0.757611 -0.714871
v 2.504963 0.679178 -0.717953
v 2.457563 0.678944 -0.788362
v 2.404874 0.757558 -0.769680
v 2.477067 0.990043 -0.256588
v 2.461115 1.018470 -0.237310
v 2.472677 1.018470 -0.022051
v 2.490824 0.990335 -0.022051
v 2.423558 1.018277 -0.535242
v 2.445801 0.989556 -0.508024
v 2.514059 0.304735 -0.460759
v 2.459653 0.303575 -0.685767
v 2.496448 0.386129 -0.699645
v 2.560157 0.386389 -0.472534
v 2.238395 0.393725 -0.856546
v 2.220860 0.490755 -0.880452
v 2.181623 0.678300 -0.905484
v 2.227786 0.757740 -0.839618
v 2.286443 0.678498 -0.868038
v 2.256617 0.299244 -0.821753
v 2.176534 0.297536 -0.822802
v 2.169458 0.393725 -0.858649
v 2.152288 0.757142 -0.908623
v 2.181623 0.678300 -0.905484
v 2.115330 0.678122 -0.908073
v 2.074729 0.760647 -0.913165
v 2.256767 0.757674 -0.824008
v 2.318032 0.757593 -0.804553
v 2.399062 0.678763 -0.825658
v 2.561378 0.679178 -0.547439
v 2.530773 0.679178 -0.639943
v 2.480414 0.758263 -0.592975
v 2.423558 1.018277 -0.535242
v 2.390716 0.967372 -0.577213
v 2.356451 1.018282 -0.579698
v 2.504230 0.864144 -0.529811
v 2.562051 0.700717 -0.526510
v 2.478202 0.778339 -0.571273
v 2.433081 0.893163 -0.574150
v 2.461115 1.018470 -0.237310
v 2.456415 1.019240 -0.237086
v 2.467975 1.019241 -0.022051
v 2.472677 1.018470 -0.022051
v 2.423558 1.018277 -0.535242
v 2.419047 1.019538 -0.533611
v 2.356451 1.018282 -0.579698
v 2.348586 1.019471 -0.580301
v 2.144230 0.557029 -0.891575
v 2.152288 0.757142 -0.908623
v 2.199844 0.757489 -0.860871
v 2.561378 0.679178 -0.547439
v 2.569924 0.662819 -0.483837
v 2.565601 0.596237 -0.517522
v 2.408062 0.385766 -0.792842
v 2.457847 0.385855 -0.762581
v 2.416249 0.302649 -0.751426
v 2.320981 0.385848 -0.824771
v 2.584469 0.386406 -0.231433
v 2.595240 0.386405 -0.022051
v 2.547480 0.305626 -0.022051
v 2.320981 0.385848 -0.824771
v 2.238395 0.393725 -0.856546
v 2.313879 0.401570 -0.829291
v 2.408062 0.385766 -0.792842
v 2.397135 0.401743 -0.796279
v 2.445090 0.401774 -0.765042
v 2.457847 0.385855 -0.762581
v 2.483077 0.401665 -0.700350
v 2.496448 0.386129 -0.699645
v 2.584469 0.386406 -0.231433
v 2.565349 0.401550 -0.231646
v 2.575212 0.401562 -0.022051
v 2.595240 0.386405 -0.022051
v 2.560157 0.386389 -0.472534
v 2.543235 0.401530 -0.473464
v 2.498467 0.401630 -0.642304
v 2.543235 0.401530 -0.473464
v 2.571061 0.488996 -0.478839
v 2.577468 0.488996 -0.423917
v 2.580125 0.513183 -0.410215
v 2.611926 0.534207 -0.022051
v 2.600886 0.532360 -0.233411
v 2.602554 0.596290 -0.234206
v 2.613715 0.596330 -0.022051
v 2.585948 0.596261 -0.388829
v 2.584364 0.531080 -0.379850
v 2.504963 0.679178 -0.717953
v 2.505172 0.596379 -0.712014
v 2.526949 0.596328 -0.641926
v 2.530773 0.679178 -0.639943
v 2.490846 0.415569 -0.685118
v 2.513729 0.415569 -0.598869
v 2.511713 0.401601 -0.592348
v 2.498467 0.401630 -0.642304
v 2.499189 0.404014 -0.641993
v 2.511713 0.401601 -0.592348
v 2.540236 0.564958 -0.598869
v 2.527918 0.576513 -0.641993
v 2.499146 0.533388 -0.716688
v 2.513405 0.564958 -0.685118
v 2.489669 0.488957 -0.727893
v 2.531252 0.447139 -0.567299
v 2.548581 0.488996 -0.556084
v 2.547717 0.533388 -0.567299
v 2.597347 0.662819 -0.246756
v 2.614254 0.662819 -0.022051
v 2.527918 0.576513 -0.641993
v 2.540236 0.564958 -0.598869
v 2.460339 0.541542 -0.612349
v 2.460339 0.549486 -0.641993
v 2.489669 0.488957 -0.727893
v 2.499146 0.533388 -0.716688
v 2.460339 0.519841 -0.693339
v 2.460339 0.489298 -0.701042
v 2.548581 0.488996 -0.556084
v 2.531252 0.447139 -0.567299
v 2.460339 0.460552 -0.590647
v 2.460339 0.489325 -0.582938
v 2.490846 0.415569 -0.685118
v 2.485181 0.447139 -0.716688
v 2.460339 0.460552 -0.693339
v 2.460339 0.438851 -0.671638
v 2.513405 0.564958 -0.685118
v 2.460339 0.541542 -0.671638
v 2.513729 0.415569 -0.598869
v 2.499189 0.404014 -0.641993
v 2.460339 0.430907 -0.641993
v 2.460339 0.438851 -0.612349
v 2.547717 0.533388 -0.567299
v 2.460339 0.519841 -0.590647
v 2.575212 0.401562 -0.022051
v 2.565349 0.401550 -0.231646
v 2.527845 0.419463 -0.214835
v 2.535245 0.419471 -0.022051
v 2.543235 0.401530 -0.473464
v 2.508838 0.419448 -0.437255
v 2.543235 0.401530 -0.473464
v 2.577468 0.488996 -0.423917
v 2.533007 0.500297 -0.396744
v 2.508838 0.419448 -0.437255
v 2.580125 0.513183 -0.410215
v 2.600886 0.532360 -0.233411
v 2.611926 0.534207 -0.022051
v 2.553842 0.515521 -0.022051
v 2.546609 0.514183 -0.227728
v 2.580125 0.513183 -0.410215
v 2.584364 0.531080 -0.379850
v 2.535785 0.513256 -0.370042
v 2.533007 0.500297 -0.396744
v 2.446582 0.759088 -0.713321
v 2.451508 0.757611 -0.714871
v 2.404874 0.757558 -0.769680
v 2.400802 0.759296 -0.766337
v 2.074729 0.760647 -0.913165
v 2.149585 0.760085 -0.905543
v 2.152288 0.757142 -0.908623
v 2.313674 0.759426 -0.800628
v 2.318032 0.757593 -0.804553
v 2.256767 0.757674 -0.824008
v 2.254346 0.759345 -0.819316
v 2.199844 0.757489 -0.860871
v 2.196517 0.759302 -0.857283
v 2.223911 0.759152 -0.835849
v 2.227786 0.757740 -0.839618
v 2.356451 1.018282 -0.579698
v 2.390716 0.967372 -0.577213
v 2.385484 0.964734 -0.577520
v 2.348586 1.019471 -0.580301
v 2.433081 0.893163 -0.574150
v 2.427612 0.891058 -0.574436
v 2.478202 0.778339 -0.571273
v 2.471884 0.780182 -0.571529
v 2.471884 0.780182 -0.571529
v 2.478202 0.778339 -0.571273
v 2.480414 0.758263 -0.592975
v 2.474962 0.759043 -0.593352
v 2.562051 0.700717 -0.526510
v 2.504230 0.864144 -0.529811
v 2.516081 0.843343 -0.494216
v 2.568020 0.697131 -0.480408
v -0.580764 1.680708 -0.566929
v -0.580764 1.680708 -0.566929
v -0.580749 1.677686 -0.563262
v -0.578986 1.697590 -0.022051
v -0.495904 1.587300 -0.668333
v -0.495904 1.376471 -0.752996
v -0.612904 1.377394 -0.752152
v -0.587349 1.617664 -0.657440
v -0.645719 1.179596 -0.812350
v -2.087422 0.583799 -0.783471
v -2.290846 0.583799 -0.781398
v -2.037753 0.583799 -0.790562
v -2.011597 0.583799 -0.801578
v -1.975876 0.583799 -0.823352
v -1.928076 0.583799 -0.867344
v -2.290846 0.583799 -0.781398
v -2.087422 0.583799 -0.783471
v -2.082430 0.378448 -0.715867
v -2.249004 0.395234 -0.698792
v -2.037753 0.583799 -0.790562
v -2.011597 0.583799 -0.801578
v -1.975876 0.583799 -0.823352
v -2.001522 0.371267 -0.749274
v -1.954281 0.367057 -0.793020
v -1.928076 0.583799 -0.867344
v -0.465620 1.155591 -0.813907
v -0.632589 1.114938 -0.819720
v -0.635044 1.174983 -0.813756
v -0.495904 1.184526 -0.804125
v -0.570884 0.372174 -0.841425
v -0.558981 0.282137 -0.788312
v 0.081668 1.040371 -0.831543
v 0.081553 0.962082 -0.835883
v -0.624072 0.963083 -0.833521
v -0.628762 1.041912 -0.828777
v 0.081749 0.862497 -0.836312
v 0.082323 0.648769 -0.829283
v -0.599605 0.648769 -0.827931
v -0.617265 0.862761 -0.834420
v 0.082987 0.402089 -0.804618
v -0.566622 0.403055 -0.803559
v -0.573096 0.396016 -0.802612
v -0.570884 0.372174 -0.841425
v -0.573752 0.403068 -0.803545
v -0.573466 0.400008 -0.799604
v -0.573466 0.400008 -0.799604
v -0.610904 0.735634 -0.831284
v -0.622056 0.704617 -0.847695
v -0.622056 0.704617 -0.847695
v -0.602986 0.647116 -0.828517
v -0.563765 0.372170 -0.841441
v -0.558981 0.282137 -0.788312
v -0.635903 1.041934 -0.828698
v -0.632305 1.041613 -0.825208
v -0.627610 0.962969 -0.829945
v -0.631217 0.963169 -0.833428
v -0.624406 0.862780 -0.834388
v -0.620812 0.862794 -0.830847
v -0.603164 0.648999 -0.824375
v -0.606744 0.648769 -0.827913
v -0.639730 1.114973 -0.819641
v -0.636151 1.114512 -0.816163
v -0.570177 0.404781 -0.800441
v -0.573752 0.403068 -0.803545
v -0.563765 0.372170 -0.841441
v -0.567324 0.370117 -0.836823
v -0.569532 0.393380 -0.800227
v -0.565971 0.396003 -0.802626
v -0.566341 0.399995 -0.799618
v -0.569896 0.400472 -0.796087
v -0.570177 0.404781 -0.800441
v -0.566622 0.403055 -0.803559
v -0.569896 0.400472 -0.796087
v -0.566341 0.399995 -0.799618
v -0.645719 1.179596 -0.812350
v -0.641760 1.175146 -0.809305
v -0.632589 1.114938 -0.819720
v -0.636151 1.114512 -0.816163
v -0.641760 1.175146 -0.809305
v -0.635044 1.174983 -0.813756
v -0.570884 0.372174 -0.841425
v -0.567324 0.370117 -0.836823
v -0.558981 0.282137 -0.788312
v -0.624072 0.963083 -0.833521
v -0.627610 0.962969 -0.829945
v -0.632305 1.041613 -0.825208
v -0.628762 1.041912 -0.828777
v -0.599605 0.648769 -0.827931
v -0.603164 0.648999 -0.824375
v -0.620812 0.862794 -0.830847
v -0.617265 0.862761 -0.834420
v -0.573096 0.396016 -0.802612
v -0.569532 0.393380 -0.800227
v -0.567324 0.370117 -0.836823
v -0.570884 0.372174 -0.841425
v -0.573752 0.403068 -0.803545
v -0.570177 0.404781 -0.800441
v -0.569896 0.400472 -0.796087
v -0.573466 0.400008 -0.799604
v -0.573466 0.400008 -0.799604
v -0.569896 0.400472 -0.796087
v -0.558981 0.282137 -0.788312
v -0.567324 0.370117 -0.836823
v -0.563765 0.372170 -0.841441
v -0.594646 0.704617 -0.847755
v -0.602986 0.647116 -0.828517
v -0.610904 0.735634 -0.831284
v -0.610904 0.735634 -0.831284
v -0.602986 0.647116 -0.828517
v -0.622056 0.704617 -0.847695
v -0.888262 1.186177 -0.785035
v -0.888557 1.185885 -0.806401
v -1.177311 1.185542 -0.800618
v -1.176858 1.186164 -0.779165
v -1.463285 1.186152 -0.772799
v -1.463763 1.185554 -0.794244
v -1.794759 1.185554 -0.786865
v -1.794241 1.186152 -0.765418
v -2.236580 1.185554 -0.775407
v -2.234677 1.186152 -0.753989
v -2.337585 1.185551 -0.766125
v -2.333821 1.186154 -0.744922
v -2.390425 1.185558 -0.751221
v -2.386616 1.186136 -0.725115
v -2.412978 1.185558 -0.728275
v -2.449071 1.185555 -0.562474
v -2.482748 1.185555 -0.223300
v -2.461414 1.186151 -0.221910
v -2.427903 1.186151 -0.559235
v -2.427755 1.185550 -0.666069
v -2.406819 1.186155 -0.661564
v -2.426211 1.185551 -0.673008
v -2.404999 1.186154 -0.668444
v -2.488525 1.185569 -0.022051
v -2.467678 1.186151 -0.022051
v -0.663118 1.186182 -0.786876
v -0.663118 1.194928 -0.548402
v -0.649597 1.194738 -0.548489
v -0.649780 1.185530 -0.808395
v -0.641760 1.175146 -0.809305
v -0.645719 1.179596 -0.812350
v -0.645533 1.188879 -0.548389
v -0.641574 1.184429 -0.548389
v -0.649535 1.196079 -0.022051
v -0.645470 1.190218 -0.022051
v -0.641512 1.185767 -0.022051
v -0.595549 1.671622 -0.559716
v -0.595374 1.668113 -0.599130
v -0.604669 1.583805 -0.509977
v -0.597110 1.653793 -0.625245
v -0.604669 1.583750 -0.593179
v -0.593667 1.683658 -0.329208
v -0.604669 1.583824 -0.022051
v -0.594104 1.684091 -0.022051
v -0.580924 1.678348 -0.608459
v -0.595374 1.668113 -0.599130
v -0.595549 1.671622 -0.559716
v -0.580764 1.680708 -0.566929
v -0.582986 1.657993 -0.638598
v -0.597110 1.653793 -0.625245
v -0.579424 1.693216 -0.329434
v -0.593667 1.683658 -0.329208
v -0.594104 1.684091 -0.022051
v -0.578986 1.697590 -0.022051
v -0.580744 1.681150 -0.559994
v -0.595549 1.671622 -0.559716
v 0.766250 1.612951 -0.022051
v 0.768252 1.608632 -0.022051
v -0.612904 1.377394 -0.752152
v -0.626594 1.377504 -0.738363
v -0.601038 1.617881 -0.643597
v -0.587349 1.617664 -0.657440
v -0.635044 1.174983 -0.813756
v -0.641760 1.175146 -0.809305
v -0.580749 1.677686 -0.563262
v -0.580764 1.680708 -0.566929
v -0.595549 1.671622 -0.559716
v -0.580744 1.681150 -0.559994
v -0.641574 1.184429 -0.548389
v -0.641512 1.185767 -0.022051
v -0.636200 1.224622 -0.022051
v -0.636278 1.223283 -0.549028
v -0.601038 1.617881 -0.643597
v -0.626594 1.377504 -0.738363
v -0.627582 1.366259 -0.705885
v -0.607301 1.558753 -0.630004
v -0.641760 1.175146 -0.809305
v -0.633593 1.263807 -0.730360
v -0.635867 1.226128 -0.701367
v 0.004240 1.588575 -0.671385
v 0.003212 1.532441 -0.695328
v -0.002385 1.530041 -0.687924
v -0.001396 1.584034 -0.664779
v 0.000589 1.371221 -0.754622
v -0.005009 1.368829 -0.747246
v -0.001746 1.229822 -0.797566
v -0.007343 1.227453 -0.790155
v -0.003155 1.177464 -0.810981
v -0.008697 1.177146 -0.803015
v -0.026417 1.152151 -0.815456
v -0.028850 1.155152 -0.806656
v -0.465620 1.155591 -0.813907
v -0.463207 1.158559 -0.805145
v -0.495904 1.184526 -0.804125
v -0.490215 1.184316 -0.796232
v -0.495904 1.376471 -0.752996
v -0.490215 1.374013 -0.745697
v -0.495904 1.587300 -0.668333
v -0.490215 1.582642 -0.661856
v -0.465619 1.615819 -0.658789
v -0.463266 1.608059 -0.653463
v -0.020931 1.613188 -0.660713
v -0.023344 1.605451 -0.655356
v -0.636278 1.223283 -0.549028
v -0.636200 1.224622 -0.022051
v -0.628120 1.229581 -0.022051
v -0.628203 1.228242 -0.548982
v -0.604669 1.583824 -0.022051
v -0.604669 1.583805 -0.509977
v -0.597539 1.577520 -0.509975
v -0.597539 1.577538 -0.022051
v -0.604669 1.583750 -0.593179
v -0.597539 1.577466 -0.591435
v -0.607301 1.558753 -0.630004
v -0.599966 1.554421 -0.625384
v -0.627582 1.366259 -0.705885
v -0.620006 1.363899 -0.700486
v -0.633593 1.263807 -0.730360
v -0.625786 1.264437 -0.724246
v -0.635867 1.226128 -0.701367
v -0.627800 1.231036 -0.698545
v -2.371797 0.583799 -0.760994
v -2.371797 0.771296 -0.780062
v -2.414333 0.583799 -0.726196
v -2.414333 0.771296 -0.735649
v -2.436074 0.583799 -0.652145
v -2.428107 0.771296 -0.683012
v -2.486140 0.583799 -0.235361
v -2.496749 0.771296 -0.235361
v -2.454685 0.771296 -0.562448
v -2.437532 0.583799 -0.644964
v -2.490469 0.583799 -0.022051
v -2.501077 0.771296 -0.022051
v -2.290846 0.583799 -0.781398
v -2.249004 0.395234 -0.698792
v -2.378549 0.583799 -0.648686
v -2.378549 0.583799 -0.648686
v -2.414333 0.583799 -0.726196
v -2.371797 0.583799 -0.760994
v -2.290846 0.583799 -0.781398
v -2.486140 0.583799 -0.235361
v -2.437532 0.583799 -0.644964
v -2.429091 0.495813 -0.615865
v -2.474246 0.495813 -0.235361
v -2.478575 0.495813 -0.022051
v -2.490469 0.583799 -0.022051
v -2.510901 0.787153 -0.235360
v -2.515177 0.787152 -0.022051
v -2.513224 1.095263 -0.022051
v -2.506872 1.095262 -0.226742
v -2.453962 1.095258 -0.665389
v -2.446843 0.787152 -0.664068
v -2.469073 0.787153 -0.562483
v -2.473861 1.095260 -0.562369
v -2.429792 0.771296 -0.676002
v -2.492567 1.111119 -0.226740
v -2.459786 1.111116 -0.562401
v -2.473861 1.095260 -0.562369
v -2.506872 1.095262 -0.226742
v -2.437461 1.111114 -0.677440
v -2.453962 1.095258 -0.665389
v -2.433076 1.105150 -0.684169
v -2.453962 1.095258 -0.665389
v -2.437461 1.111114 -0.677440
v -2.454685 0.771296 -0.562448
v -2.469073 0.787153 -0.562483
v -2.446843 0.787152 -0.664068
v -2.429792 0.771296 -0.676002
v -2.496749 0.771296 -0.235361
v -2.510901 0.787153 -0.235360
v -2.501077 0.771296 -0.022051
v -2.515177 0.787152 -0.022051
v -2.498867 1.111119 -0.022051
v -2.513224 1.095263 -0.022051
v -2.429808 0.961268 -0.683563
v -2.425627 0.777327 -0.682788
v -2.446843 0.787152 -0.664068
v -2.431829 1.050718 -0.683937
v -2.344236 1.109493 -0.782277
v -2.317282 1.091243 -0.787126
v -2.320185 1.087596 -0.784440
v -2.343877 1.103635 -0.780138
v -2.306967 1.049806 -0.793341
v -2.310515 1.048824 -0.789967
v -2.300298 0.959705 -0.799988
v -2.303813 0.959304 -0.796141
v -2.288838 0.771296 -0.800467
v -2.292729 0.777338 -0.796538
v -2.371797 0.771296 -0.780062
v -2.369612 0.777338 -0.777621
v -2.414333 0.771296 -0.735649
v -2.412242 0.777334 -0.733177
v -2.428107 0.771296 -0.683012
v -2.425627 0.777327 -0.682788
v -2.422456 1.111220 -0.741740
v -2.420269 1.105245 -0.739193
v -2.433076 1.105150 -0.684169
v -2.435956 1.111120 -0.684450
v -2.398409 1.110543 -0.766706
v -2.396398 1.104591 -0.764487
v -0.888164 1.180413 -0.780912
v -1.176731 1.180413 -0.775043
v -0.698418 0.652596 -0.746594
v -1.794104 1.180413 -0.761296
v -1.785739 0.861517 -0.740123
v -1.462844 0.906976 -0.750341
v -1.463155 1.180413 -0.768676
v -1.908046 0.652596 -0.722896
v -2.234401 1.180412 -0.749871
v -2.332874 1.180412 -0.740865
v -2.297403 0.652596 -0.706725
v -2.383348 1.180412 -0.721929
v -2.367642 0.652596 -0.699321
v -2.457357 1.180412 -0.221547
v -2.422566 0.653403 -0.022051
v -2.386654 0.652596 -0.633425
v -2.423880 1.180412 -0.558528
v -2.402165 1.180412 -0.663915
v -2.383348 1.180412 -0.721929
v -2.367642 0.652596 -0.699321
v -2.463610 1.180412 -0.022051
v -1.183179 0.867157 -0.753858
v -0.667100 1.180413 -0.782719
v -0.667100 1.189084 -0.548301
v -0.667100 1.180413 -0.782719
v -0.698418 0.652596 -0.746594
v -1.785739 0.861517 -0.740123
v -1.908046 0.652596 -0.722896
v -1.908046 0.652596 -0.422990
v -1.785739 0.861517 -0.422990
v -1.462844 0.906976 -0.750341
v -1.462844 0.906976 -0.422990
v -1.183179 0.867157 -0.753858
v -1.183179 0.867157 -0.422990
v -1.025323 0.652596 -0.742557
v -1.025323 0.652596 -0.422990
v -1.025323 0.652596 -0.422990
v -0.698493 0.652596 -0.022051
v -0.698418 0.652596 -0.746594
v -1.025323 0.652596 -0.742557
v -1.183179 0.867157 -0.422990
v -1.785739 0.861517 -0.422990
v -1.908046 0.652596 -0.422990
v -1.025323 0.652596 -0.422990
v -1.785739 0.861517 -0.422990
v -1.183179 0.867157 -0.422990
v -1.462844 0.906976 -0.422990
v -2.367642 0.652596 -0.699321
v -2.386654 0.652596 -0.633425
v -2.297403 0.652596 -0.706725
v -1.908046 0.652596 -0.422990
v -1.908046 0.652596 -0.722896
v -2.422566 0.653403 -0.022051
v -0.888573 1.179946 -0.810322
v -1.177355 1.179591 -0.804538
v -1.463812 1.179591 -0.798163
v -1.794815 1.179591 -0.790785
v -2.236776 1.179591 -0.779323
v -2.338281 1.179591 -0.769995
v -2.392504 1.179591 -0.754700
v -2.416588 1.179591 -0.730196
v -2.430093 1.179591 -0.673795
v -2.453011 1.179591 -0.562978
v -2.431644 1.179591 -0.666825
v -2.486722 1.179591 -0.223460
v -2.493024 1.179591 -0.022051
v -2.457357 1.180412 -0.221547
v -2.423880 1.180412 -0.558528
v -2.427903 1.186151 -0.559235
v -2.461414 1.186151 -0.221910
v -2.402165 1.180412 -0.663915
v -2.406819 1.186155 -0.661564
v -2.383348 1.180412 -0.721929
v -2.386616 1.186136 -0.725115
v -2.404999 1.186154 -0.668444
v -2.332874 1.180412 -0.740865
v -2.333821 1.186154 -0.744922
v -2.234401 1.180412 -0.749871
v -2.234677 1.186152 -0.753989
v -1.794104 1.180413 -0.761296
v -1.794241 1.186152 -0.765418
v -1.463155 1.180413 -0.768676
v -1.463285 1.186152 -0.772799
v -1.176731 1.180413 -0.775043
v -1.176858 1.186164 -0.779165
v -0.888164 1.180413 -0.780912
v -0.888262 1.186177 -0.785035
v -0.667100 1.180413 -0.782719
v -0.663118 1.186182 -0.786876
v -0.667100 1.180413 -0.782719
v -0.667100 1.189084 -0.548301
v -0.663118 1.194928 -0.548402
v -0.663118 1.186182 -0.786876
v -0.667100 1.190218 -0.022051
v -0.663118 1.196060 -0.022051
v -0.645470 1.190218 -0.022051
v -0.645533 1.188879 -0.548389
v -0.649597 1.194738 -0.548489
v -0.649535 1.196079 -0.022051
v -0.645719 1.179596 -0.812350
v -0.649780 1.185530 -0.808395
v -0.645719 1.179596 -0.812350
v -2.433533 0.583799 -0.648686
v -2.382143 0.492258 -0.618408
v -2.425221 0.492258 -0.618408
v -2.425221 0.492258 -0.618408
v -2.382143 0.492258 -0.618408
v -2.427599 0.492258 -0.235361
v -2.470678 0.492258 -0.235361
v -2.431927 0.492258 -0.022051
v -2.475019 0.492258 -0.022051
v -2.249004 0.395234 -0.698792
v -2.295369 0.395690 -0.235361
v -2.309295 0.395690 -0.022051
v -2.436074 0.583799 -0.652145
v -2.435956 1.111120 -0.684450
v -2.433327 1.110715 -0.680208
v -2.427662 1.178374 -0.669604
v -2.430093 1.179591 -0.673795
v -2.431644 1.179591 -0.666825
v -2.427662 1.178374 -0.669604
v -2.433327 1.110715 -0.680208
v -2.437461 1.111114 -0.677440
v -2.406819 1.186155 -0.661564
v -2.402165 1.180412 -0.663915
v -2.425359 1.182440 -0.669176
v -2.427755 1.185550 -0.666069
v -2.426211 1.185551 -0.673008
v -2.425359 1.182440 -0.669176
v -2.402165 1.180412 -0.663915
v -2.404999 1.186154 -0.668444
v -2.436074 0.583799 -0.652145
v -2.433533 0.583799 -0.648686
v -2.425571 0.771299 -0.678664
v -2.428107 0.771296 -0.683012
v -2.433533 0.583799 -0.648686
v -2.425221 0.492258 -0.618408
v -2.429091 0.495813 -0.615865
v -2.437532 0.583799 -0.644964
v -2.429091 0.495813 -0.615865
v -2.425221 0.492258 -0.618408
v -2.470678 0.492258 -0.235361
v -2.474246 0.495813 -0.235361
v -2.475019 0.492258 -0.022051
v -2.478575 0.495813 -0.022051
v -2.429792 0.771296 -0.676002
v -2.425571 0.771299 -0.678664
v -2.437461 1.111114 -0.677440
v -2.433327 1.110715 -0.680208
v -2.433076 1.105150 -0.684169
v -2.425627 0.777327 -0.682788
v -2.425627 0.777327 -0.682788
v -2.433076 1.105150 -0.684169
v -2.433327 1.110715 -0.680208
v -2.435956 1.111120 -0.684450
v -2.430093 1.179591 -0.673795
v -2.427662 1.178374 -0.669604
v -2.427662 1.178374 -0.669604
v -2.431644 1.179591 -0.666825
v -2.429792 0.771296 -0.676002
v -2.433533 0.583799 -0.648686
v 2.313674 0.759426 -0.800628
v 2.307141 0.764167 -0.805603
v 2.249693 0.885838 -0.805667
v 2.251173 0.886540 -0.801533
v 2.206142 0.969462 -0.802310
v 2.208240 0.970222 -0.798464
v 2.178977 1.021916 -0.797085
v 2.182684 1.018232 -0.793363
v 2.182684 1.018232 -0.793363
v 2.178977 1.021916 -0.797085
v 2.258951 1.021907 -0.772793
v 2.262764 1.019637 -0.769203
v -2.302198 0.566811 -0.801318
v -2.285264 0.481575 -0.783199
v -2.419892 0.481575 -0.783199
v -2.419892 0.566811 -0.801318
v -2.507147 0.396338 -0.636424
v -2.284451 0.396338 -0.616713
v -2.548980 0.396338 -0.393771
v -2.548728 0.396338 -0.022051
v -2.565554 0.481575 -0.022051
v -2.565806 0.481575 -0.379590
v -2.548980 0.396338 -0.393771
v -2.320910 0.396338 -0.022051
v -2.548728 0.396338 -0.022051
v -2.419892 0.396338 -0.728711
v -2.474909 0.396338 -0.711328
v -2.491735 0.481575 -0.760500
v -2.507147 0.396338 -0.636424
v -2.523973 0.481575 -0.692401
v -2.302198 0.566811 -0.767796
v -2.285264 0.481575 -0.731220
v -2.285264 0.481575 -0.783199
v -2.302198 0.566811 -0.801318
v -2.268330 0.396338 -0.728711
v -2.532940 0.481575 -0.625353
v -2.491735 0.566811 -0.778618
v -2.523973 0.566811 -0.710519
v -2.268330 0.396338 -0.728711
v -2.284451 0.396338 -0.616713
v -2.531316 0.566811 -0.652430
v -2.419892 0.566811 -0.801318
v -2.491735 0.566811 -0.778618
v -2.400596 0.566811 -0.715494
v -2.360204 0.566811 -0.751838
v -2.565806 0.481575 -0.379590
v -2.565554 0.481575 -0.022051
v -2.467613 0.481575 -0.022051
v -2.456781 0.481575 -0.285507
v -2.532940 0.481575 -0.625353
v -2.415732 0.481575 -0.625353
v -2.531316 0.566811 -0.652430
v -2.532940 0.481575 -0.625353
v -2.415732 0.481575 -0.625353
v -2.417955 0.566811 -0.653536
v -2.523973 0.566811 -0.710519
v -2.531316 0.566811 -0.652430
v -2.417955 0.566811 -0.653536
v -2.302198 0.566811 -0.767796
v -2.302198 0.566811 -0.801318
v -2.474909 0.396338 -0.711328
v 2.568020 0.697131 -0.480408
v 2.542050 0.770238 -0.487312
v 2.515567 0.756642 -0.467814
v 2.531214 0.712975 -0.463853
v 2.542050 0.770238 -0.487312
v 2.555484 0.767614 -0.370185
v 2.525380 0.754973 -0.382426
v 2.515567 0.756642 -0.467814
v 2.555484 0.767614 -0.370185
v 2.580724 0.693560 -0.366145
v 2.540356 0.710546 -0.380142
v 2.525380 0.754973 -0.382426
v 2.580724 0.693560 -0.366145
v 2.568020 0.697131 -0.480408
v 2.531214 0.712975 -0.463853
v 2.540356 0.710546 -0.380142
v 2.516081 0.843344 -0.494216
v 2.480941 0.916449 -0.501120
v 2.457096 0.901331 -0.481553
v 2.478839 0.856398 -0.477476
v 2.480941 0.916449 -0.501120
v 2.495840 0.915735 -0.378266
v 2.468147 0.901051 -0.390377
v 2.457096 0.901331 -0.481553
v 2.495840 0.915735 -0.378266
v 2.530246 0.841673 -0.374226
v 2.489210 0.855327 -0.388025
v 2.468147 0.901051 -0.390377
v 2.530246 0.841673 -0.374226
v 2.516081 0.843344 -0.494216
v 2.478839 0.856398 -0.477476
v 2.489210 0.855327 -0.388025
v 2.593428 0.689989 -0.251882
v 2.568919 0.764992 -0.253058
v 2.541460 0.752149 -0.235522
v 2.556206 0.706643 -0.234658
v 2.568919 0.764992 -0.253058
v 2.577863 0.764810 -0.137555
v 2.547974 0.751794 -0.151142
v 2.541460 0.752149 -0.235522
v 2.577863 0.764810 -0.137555
v 2.603059 0.689690 -0.136966
v 2.563395 0.706257 -0.150655
v 2.547974 0.751794 -0.151142
v 2.603059 0.689690 -0.136966
v 2.593428 0.689989 -0.251882
v 2.556206 0.706643 -0.234658
v 2.563395 0.706257 -0.150655
v 2.544412 0.840002 -0.254235
v 2.510739 0.915019 -0.255412
v 2.485532 0.900357 -0.238207
v 2.506386 0.853635 -0.237337
v 2.510739 0.915019 -0.255412
v 2.518307 0.915059 -0.138731
v 2.491081 0.900184 -0.152678
v 2.485532 0.900357 -0.238207
v 2.518307 0.915059 -0.138731
v 2.552670 0.839933 -0.138143
v 2.512594 0.853449 -0.152189
v 2.491081 0.900184 -0.152678
v 2.552670 0.839933 -0.138143
v 2.544412 0.840002 -0.254235
v 2.506386 0.853635 -0.237337
v 2.512594 0.853449 -0.152189
v 2.542050 0.770238 -0.487312
v 2.516081 0.843344 -0.494216
v 2.489656 0.829914 -0.474593
v 2.505309 0.786220 -0.470624
v 2.516081 0.843344 -0.494216
v 2.530246 0.841673 -0.374226
v 2.500096 0.828922 -0.386309
v 2.489656 0.829914 -0.474593
v 2.530246 0.841673 -0.374226
v 2.555484 0.767614 -0.370185
v 2.515084 0.784465 -0.384016
v 2.500096 0.828922 -0.386309
v 2.555484 0.767614 -0.370185
v 2.542050 0.770238 -0.487312
v 2.505309 0.786220 -0.470624
v 2.515084 0.784465 -0.384016
v 2.480941 0.916449 -0.501120
v 2.445801 0.989556 -0.508024
v 2.422010 0.974589 -0.488328
v 2.443758 0.929636 -0.484242
v 2.445801 0.989556 -0.508024
v 2.461434 0.989799 -0.382306
v 2.433699 0.975016 -0.394257
v 2.422010 0.974589 -0.488328
v 2.461434 0.989799 -0.382306
v 2.495840 0.915735 -0.378266
v 2.454775 0.929270 -0.391896
v 2.433699 0.975016 -0.394257
v 2.495840 0.915735 -0.378266
v 2.480941 0.916449 -0.501120
v 2.443758 0.929636 -0.484242
v 2.454775 0.929270 -0.391896
v 2.568919 0.764992 -0.253058
v 2.544412 0.840002 -0.254235
v 2.516845 0.827173 -0.236832
v 2.531590 0.781657 -0.235970
v 2.544412 0.840002 -0.254235
v 2.552670 0.839933 -0.138143
v 2.522868 0.826900 -0.151876
v 2.516845 0.827173 -0.236832
v 2.552670 0.839933 -0.138143
v 2.577863 0.764810 -0.137555
v 2.538288 0.781355 -0.151389
v 2.522868 0.826900 -0.151876
v 2.577863 0.764810 -0.137555
v 2.568919 0.764992 -0.253058
v 2.531590 0.781657 -0.235970
v 2.538288 0.781355 -0.151389
v 2.510739 0.915019 -0.255412
v 2.477067 0.990043 -0.256588
v 2.451756 0.975393 -0.239510
v 2.472610 0.928662 -0.238641
v 2.477067 0.990043 -0.256588
v 2.483945 0.990189 -0.139319
v 2.456808 0.975298 -0.153401
v 2.451756 0.975393 -0.239510
v 2.483945 0.990189 -0.139319
v 2.518307 0.915059 -0.138731
v 2.478322 0.928556 -0.152911
v 2.456808 0.975298 -0.153401
v 2.518307 0.915059 -0.138731
v 2.510739 0.915019 -0.255412
v 2.472610 0.928662 -0.238641
v 2.478322 0.928556 -0.152911
v 2.555484 0.767614 -0.370185
v 2.568919 0.764992 -0.253058
v 2.538553 0.752526 -0.265808
v 2.528722 0.754203 -0.351338
v 2.568919 0.764992 -0.253058
v 2.593428 0.689989 -0.251882
v 2.553199 0.707214 -0.265232
v 2.538553 0.752526 -0.265808
v 2.593428 0.689989 -0.251882
v 2.580724 0.693560 -0.366145
v 2.544038 0.709650 -0.349069
v 2.553199 0.707214 -0.265232
v 2.580724 0.693560 -0.366145
v 2.555484 0.767614 -0.370185
v 2.528722 0.754203 -0.351338
v 2.544038 0.709650 -0.349069
v 2.495840 0.915735 -0.378266
v 2.510739 0.915019 -0.255412
v 2.482761 0.900485 -0.268011
v 2.471692 0.900770 -0.359316
v 2.510739 0.915019 -0.255412
v 2.544412 0.840002 -0.254235
v 2.503489 0.853921 -0.267418
v 2.482761 0.900485 -0.268011
v 2.544412 0.840002 -0.254235
v 2.530246 0.841673 -0.374226
v 2.493098 0.854996 -0.356985
v 2.503489 0.853921 -0.267418
v 2.530246 0.841673 -0.374226
v 2.495840 0.915735 -0.378266
v 2.471692 0.900770 -0.359316
v 2.493098 0.854996 -0.356985
v 2.577863 0.764810 -0.137555
v 2.586808 0.764628 -0.022051
v 2.557098 0.751460 -0.035756
v 2.550581 0.751814 -0.120144
v 2.586808 0.764628 -0.022051
v 2.612690 0.689392 -0.022051
v 2.572977 0.705724 -0.035627
v 2.557098 0.751460 -0.035756
v 2.612690 0.689392 -0.022051
v 2.603059 0.689690 -0.136966
v 2.565787 0.706108 -0.119636
v 2.572977 0.705724 -0.035627
v 2.603059 0.689690 -0.136966
v 2.577863 0.764810 -0.137555
v 2.550581 0.751814 -0.120144
v 2.565787 0.706108 -0.119636
v 2.518307 0.915059 -0.138731
v 2.525875 0.915099 -0.022051
v 2.498824 0.900106 -0.036110
v 2.493274 0.900277 -0.121647
v 2.525875 0.915099 -0.022051
v 2.560927 0.839864 -0.022051
v 2.520830 0.853164 -0.035988
v 2.498824 0.900106 -0.036110
v 2.560927 0.839864 -0.022051
v 2.552670 0.839933 -0.138143
v 2.514621 0.853348 -0.121143
v 2.520830 0.853164 -0.035988
v 2.552670 0.839933 -0.138143
v 2.518307 0.915059 -0.138731
v 2.493274 0.900277 -0.121647
v 2.514621 0.853348 -0.121143
v 2.530246 0.841673 -0.374226
v 2.544412 0.840002 -0.254235
v 2.514003 0.827419 -0.266833
v 2.503545 0.828418 -0.355250
v 2.544412 0.840002 -0.254235
v 2.568919 0.764992 -0.253058
v 2.528656 0.782081 -0.266249
v 2.514003 0.827419 -0.266833
v 2.568919 0.764992 -0.253058
v 2.555484 0.767614 -0.370185
v 2.518864 0.783842 -0.352974
v 2.528656 0.782081 -0.266249
v 2.555484 0.767614 -0.370185
v 2.530246 0.841673 -0.374226
v 2.503545 0.828418 -0.355250
v 2.518864 0.783842 -0.352974
v 2.461434 0.989799 -0.382306
v 2.477067 0.990043 -0.256588
v 2.449051 0.975402 -0.269031
v 2.437343 0.974979 -0.363225
v 2.477067 0.990043 -0.256588
v 2.510739 0.915019 -0.255412
v 2.469787 0.928818 -0.268431
v 2.449051 0.975402 -0.269031
v 2.510739 0.915019 -0.255412
v 2.495840 0.915735 -0.378266
v 2.458752 0.929187 -0.360887
v 2.469787 0.928818 -0.268431
v 2.495840 0.915735 -0.378266
v 2.461434 0.989799 -0.382306
v 2.437343 0.974979 -0.363225
v 2.458752 0.929187 -0.360887
v 2.552670 0.839933 -0.138143
v 2.560927 0.839864 -0.022051
v 2.531304 0.826679 -0.035902
v 2.525279 0.826950 -0.120865
v 2.560927 0.839864 -0.022051
v 2.586808 0.764628 -0.022051
v 2.547184 0.780940 -0.035772
v 2.531304 0.826679 -0.035902
v 2.586808 0.764628 -0.022051
v 2.577863 0.764810 -0.137555
v 2.540485 0.781238 -0.120359
v 2.547184 0.780940 -0.035772
v 2.577863 0.764810 -0.137555
v 2.552670 0.839933 -0.138143
v 2.525279 0.826950 -0.120865
v 2.540485 0.781238 -0.120359
v 2.483945 0.990189 -0.139319
v 2.490824 0.990335 -0.022051
v 2.463862 0.975326 -0.036244
v 2.458809 0.975419 -0.122361
v 2.490824 0.990335 -0.022051
v 2.525875 0.915099 -0.022051
v 2.485868 0.928381 -0.036122
v 2.463862 0.975326 -0.036244
v 2.525875 0.915099 -0.022051
v 2.518307 0.915059 -0.138731
v 2.480156 0.928484 -0.121857
v 2.485868 0.928381 -0.036122
v 2.518307 0.915059 -0.138731
v 2.483945 0.990189 -0.139319
v 2.458809 0.975419 -0.122361
v 2.480156 0.928484 -0.121857
v 2.531214 0.712975 -0.463853
v 2.515567 0.756642 -0.467814
v 2.525380 0.754973 -0.382426
v 2.540356 0.710546 -0.380142
v 2.478839 0.856398 -0.477476
v 2.457096 0.901331 -0.481553
v 2.468147 0.901051 -0.390377
v 2.489210 0.855327 -0.388025
v 2.556206 0.706643 -0.234658
v 2.541460 0.752149 -0.235522
v 2.547974 0.751794 -0.151142
v 2.563395 0.706257 -0.150655
v 2.506386 0.853635 -0.237337
v 2.485532 0.900357 -0.238207
v 2.491081 0.900184 -0.152678
v 2.512594 0.853449 -0.152189
v 2.505309 0.786220 -0.470624
v 2.489656 0.829914 -0.474593
v 2.500096 0.828922 -0.386309
v 2.515084 0.784465 -0.384016
v 2.443758 0.929636 -0.484242
v 2.422010 0.974589 -0.488328
v 2.433699 0.975016 -0.394257
v 2.454775 0.929270 -0.391896
v 2.531590 0.781657 -0.235970
v 2.516845 0.827173 -0.236832
v 2.522868 0.826900 -0.151876
v 2.538288 0.781355 -0.151389
v 2.472610 0.928662 -0.238641
v 2.451756 0.975393 -0.239510
v 2.456808 0.975298 -0.153401
v 2.478322 0.928556 -0.152911
v 2.538553 0.752526 -0.265808
v 2.553199 0.707214 -0.265232
v 2.544038 0.709650 -0.349069
v 2.528722 0.754203 -0.351338
v 2.482761 0.900485 -0.268011
v 2.503489 0.853921 -0.267418
v 2.493098 0.854996 -0.356985
v 2.471692 0.900770 -0.359316
v 2.557098 0.751460 -0.035756
v 2.572977 0.705724 -0.035627
v 2.565787 0.706108 -0.119636
v 2.550581 0.751814 -0.120144
v 2.498824 0.900106 -0.036110
v 2.520830 0.853164 -0.035988
v 2.514621 0.853348 -0.121143
v 2.493274 0.900277 -0.121647
v 2.514003 0.827419 -0.266833
v 2.528656 0.782081 -0.266249
v 2.518864 0.783842 -0.352974
v 2.503545 0.828418 -0.355250
v 2.449051 0.975402 -0.269031
v 2.469787 0.928818 -0.268431
v 2.458752 0.929187 -0.360887
v 2.437343 0.974979 -0.363225
v 2.531304 0.826679 -0.035902
v 2.547184 0.780940 -0.035772
v 2.540485 0.781238 -0.120359
v 2.525279 0.826950 -0.120865
v 2.463862 0.975326 -0.036244
v 2.485868 0.928381 -0.036122
v 2.480156 0.928484 -0.121857
v 2.458809 0.975419 -0.122361
v 2.169458 0.393725 -0.858649
v 2.176534 0.297536 -0.822802
v 2.176534 0.297536 -0.561541
v 2.156844 0.475377 -0.561541
v 2.074729 0.760647 -0.913165
v 2.115330 0.678122 -0.908073
v 2.060768 0.760080 -0.561541
v 1.991900 0.819556 -0.918276
v 2.061113 0.781996 -0.914581
v 1.740750 0.854918 -0.923436
v 1.740750 0.854918 -0.561541
v 1.508459 0.836685 -0.923037
v 1.445321 0.797307 -0.561541
v 1.389985 0.749805 -0.915544
v 1.437519 0.805430 -0.920391
v 1.341694 0.603371 -0.900633
v 1.323628 0.498180 -0.561541
v 1.305562 0.392989 -0.862099
v -1.255028 0.852636 -0.925478
v -1.167675 0.820926 -0.921735
v -1.179747 0.813263 -0.561541
v -1.116537 0.766227 -0.915655
v -1.060421 0.612520 -0.898885
v -1.045930 0.507112 -0.561541
v -1.031440 0.401703 -0.858261
v -1.470282 0.875291 -0.925931
v -1.470282 0.875291 -0.561541
v -1.685855 0.860236 -0.920590
v -1.761157 0.816717 -0.561541
v -1.792301 0.802645 -0.910569
v -1.750647 0.836232 -0.915991
v -1.844506 0.666787 -0.891287
v -1.815824 0.767756 -0.905629
v -1.849681 0.641021 -0.561541
v -1.888279 0.360781 -0.796484
v -1.867599 0.566496 -0.870623
v -1.888279 0.360781 -0.561541
v -1.026133 0.281735 -0.828927
v -0.971408 0.281697 -0.830354
v -1.026133 0.281735 -0.561541
v -1.026133 0.281735 -0.828927
v -1.026133 0.281735 -0.561541
v -0.845923 0.282111 -0.789817
v -0.558981 0.282137 -0.788312
v -0.558947 0.281769 -0.561541
v -0.049425 0.282170 -0.786378
v 0.610598 0.281462 -0.787015
v 0.267681 0.281816 -0.561541
v 1.117055 0.278424 -0.790478
v 1.290959 0.276550 -0.561541
v 1.228156 0.278510 -0.837138
v 1.290959 0.276550 -0.835559
v 1.290959 0.276550 -0.561541
v 1.290959 0.276550 -0.835559
v 2.144230 0.557029 -0.891575
v -1.849681 0.641021 -0.561541
v -1.761157 0.816717 -0.561541
v -1.179747 0.813263 -0.561541
v -1.045930 0.507112 -0.561541
v -1.026133 0.281735 -0.561541
v -1.888279 0.360781 -0.561541
v 2.156844 0.475377 -0.561541
v 1.323628 0.498180 -0.561541
v 1.445321 0.797307 -0.561541
v 2.060768 0.760080 -0.561541
v 2.176534 0.297536 -0.561541
v 1.290959 0.276550 -0.561541
v 1.740750 0.854918 -0.561541
v -1.470282 0.875291 -0.561541
v 2.176534 0.297536 -0.822802
v 2.256617 0.299244 -0.821753
v 2.416249 0.302649 -0.751426
v 2.176534 0.297536 -0.561541
v 2.459653 0.303575 -0.685767
v 2.514059 0.304735 -0.460759
v -0.792540 0.281752 -0.022051
v 1.290959 0.276550 -0.022051
v 0.267681 0.281816 -0.022051
v -1.888279 0.360781 -0.022051
v -1.888279 0.360781 -0.561541
v 2.176534 0.297536 -0.022051
v 2.547480 0.305626 -0.022051
v -1.888279 0.360781 -0.796484
v -1.888279 0.360781 -0.561541
v -2.001522 0.371267 -0.749274
v -1.954281 0.367057 -0.793020
v -1.888279 0.360781 -0.022051
v -2.309295 0.395690 -0.022051
v -2.295369 0.395690 -0.235361
v -2.082430 0.378448 -0.715867
v -2.249004 0.395234 -0.698792
v -0.698493 0.652596 -0.022051
v -0.667100 1.190218 -0.022051
v -2.467678 1.186151 -0.022051
v -2.463610 1.180412 -0.022051
v 2.253836 0.764147 0.778366
v 2.307141 0.764167 0.761502
v 2.249693 0.885838 0.761566
v 2.186417 0.894082 0.782574
v 2.206142 0.969462 0.758209
v 2.075878 0.987602 0.780536
v 2.178977 1.021916 0.752984
v 2.075377 1.051134 0.768345
v 2.156851 1.068349 0.752431
v 2.073203 1.083592 0.758153
v 2.223755 1.058184 0.727233
v 2.258951 1.021907 0.728691
v 1.740817 1.119073 0.760379
v 1.742471 1.084447 0.771248
v 1.745021 1.027888 0.788488
v 1.298808 1.136569 0.766935
v 1.322526 1.099727 0.775003
v 1.406838 1.018599 0.790480
v 0.836204 1.035905 0.786911
v 1.224370 1.024615 0.788350
v 1.211266 1.102259 0.775780
v 0.961637 1.107473 0.777381
v 0.706504 1.111750 0.778694
v 0.833227 0.959206 0.791015
v 1.234435 0.944310 0.797230
v 1.205773 0.851610 0.798724
v 0.828598 0.861641 0.791296
v 0.824958 0.648490 0.784740
v 1.154968 0.645220 0.791226
v 1.126258 0.397349 0.764633
v 0.816299 0.398791 0.759415
v 0.382139 1.113508 0.779314
v 0.382139 1.039848 0.788306
v 0.382139 0.961725 0.792548
v 0.382139 0.862428 0.792851
v -0.785365 0.966589 0.786245
v -0.631217 0.963169 0.789327
v -0.635903 1.041934 0.784596
v -0.824681 1.042221 0.781867
v 0.382139 0.648769 0.785752
v -0.737172 0.648769 0.783461
v -0.606744 0.648769 0.783812
v -0.624406 0.862780 0.790287
v -0.755645 0.863445 0.789750
v 0.382139 0.400694 0.760854
v -0.639730 1.114973 0.775540
v -0.875059 1.117400 0.772158
v -0.925914 0.856185 0.798436
v -0.982970 0.952927 0.797785
v -0.734516 0.403357 0.759126
v -0.573752 0.403068 0.759443
v -0.851486 0.404384 0.764874
v -0.875983 0.646780 0.791002
v -1.203807 1.052894 0.787673
v -1.181590 1.121545 0.769555
v -1.470799 1.131092 0.763501
v -1.470719 1.071376 0.783262
v -1.463812 1.179591 0.754062
v -1.794815 1.179591 0.746683
v -1.798352 1.130447 0.756109
v -1.801256 1.060097 0.773319
v -2.236776 1.179591 0.735222
v -1.962557 1.016932 0.770947
v -1.897018 1.070226 0.766001
v -2.245663 1.089100 0.750554
v -2.306967 1.049806 0.749240
v -1.890913 1.005643 0.779735
v -2.007271 0.954260 0.771780
v -1.941510 0.946079 0.780374
v -2.300298 0.959705 0.755886
v -2.051870 0.768092 0.769254
v -2.288838 0.771296 0.756366
v -1.993913 0.768066 0.777482
v 2.264561 1.024129 0.724301
v 2.315512 1.023923 0.673775
v 2.272619 1.059270 0.672174
v 2.232684 1.057344 0.721643
v 2.157401 1.085530 0.730398
v 2.076173 1.099992 0.734719
v 2.159215 1.087839 0.723990
v 2.184804 1.089326 0.671498
v 2.089797 1.103108 0.671814
v 2.077329 1.102085 0.728246
v 1.742198 1.141038 0.735099
v 1.749117 1.146514 0.672363
v 1.742745 1.143555 0.728869
v 1.350523 1.172061 0.735152
v 1.377739 1.181104 0.672899
v 1.355416 1.174680 0.729482
v 1.279852 1.184663 0.733245
v 1.202495 1.183069 0.755706
v 1.194651 1.186190 0.755043
v 1.188122 1.217257 0.740148
v 1.163929 1.217381 0.746800
v 0.471363 1.630045 0.609879
v 0.684605 1.603297 0.616018
v 0.664402 1.621438 0.592204
v 0.461978 1.646243 0.581350
v 0.672870 1.623197 0.546821
v 0.464928 1.649006 0.536861
v 0.205499 1.648286 0.600918
v 0.199587 1.665301 0.572302
v 0.085418 1.670617 0.569311
v 0.085813 1.675757 0.527172
v -0.495904 1.680858 0.522994
v -0.495904 1.678261 0.565900
v -0.580924 1.678348 0.564358
v -0.582986 1.657993 0.594497
v -0.495904 1.658872 0.596314
v -2.344236 1.109493 0.738176
v -2.317282 1.091243 0.743025
v -2.338281 1.179591 0.725894
v -2.392504 1.179591 0.710599
v -2.398409 1.110543 0.722605
v -2.422456 1.111220 0.697638
v -2.416588 1.179591 0.686095
v -2.430093 1.179591 0.629694
v -2.435956 1.111120 0.640349
v 1.013120 1.347618 0.711620
v 1.062114 1.346325 0.697584
v 0.858594 1.494594 0.650410
v 0.824507 1.496355 0.661162
v 0.746301 1.569435 0.623058
v 0.733173 1.563311 0.634219
v 2.393183 1.088767 0.192467
v 2.354924 1.087420 0.495468
v 2.418599 1.024298 0.491453
v 2.456694 1.023999 0.193161
v 2.297383 1.120723 0.192253
v 2.193624 1.134019 0.192355
v 2.156892 1.130461 0.507954
v 2.259700 1.118108 0.501472
v 1.799984 1.175402 0.192522
v 1.779716 1.166915 0.531735
v 1.473216 1.198308 0.192690
v 1.415617 1.188948 0.554692
v 0.474746 1.662404 0.149561
v 0.701288 1.631706 0.152648
v 0.468273 1.655094 0.438856
v 0.682650 1.627061 0.447147
v 0.086766 1.691720 0.146578
v 0.086246 1.683013 0.430825
v -2.492567 1.111119 0.182639
v -2.459786 1.111116 0.518300
v -2.453011 1.179591 0.518877
v -2.486722 1.179591 0.179359
v 0.737836 1.609145 0.451862
v 0.760585 1.612970 0.154410
v 2.304156 1.059501 0.541402
v 2.347664 1.024106 0.538238
v 2.213524 1.090652 0.547994
v 2.115636 1.105212 0.555114
v 1.758708 1.151249 0.581075
v 1.398774 1.185765 0.607254
v 0.465278 1.649447 0.529775
v 0.673860 1.623470 0.539774
v 0.085845 1.676291 0.520081
v -0.580744 1.681150 0.515893
v -0.495904 1.681398 0.515904
v -0.495904 1.692511 0.286312
v -0.579424 1.693216 0.285333
v -2.437461 1.111114 0.633339
v -2.431644 1.179591 0.622724
v 0.726659 1.606176 0.545450
v 1.162268 1.264642 0.717202
v 0.422048 1.596336 0.626154
v 0.621205 1.564368 0.638837
v 0.476063 1.624551 0.614560
v 0.221732 1.605451 0.621524
v 0.207410 1.643103 0.605437
v 0.744805 1.574908 0.617512
v 0.697197 1.606861 0.607155
v 0.726177 1.605276 0.552444
v 2.196741 0.763987 0.815768
v 2.223770 0.764076 0.794584
v 2.158781 0.883636 0.798409
v 2.136913 0.867289 0.818932
v 2.046344 0.929946 0.820803
v 2.022722 0.879743 0.867619
v 2.105180 0.829422 0.866468
v 2.066801 0.956488 0.797711
v 1.742468 0.918311 0.870129
v 1.744510 0.972745 0.824593
v 1.745180 0.999227 0.804521
v 1.484482 0.899631 0.870554
v 1.466026 0.953606 0.827717
v 1.447214 0.986979 0.804415
v 1.370971 0.906472 0.829210
v 1.304104 0.825735 0.828833
v 1.339820 0.791673 0.869787
v 1.399482 0.860274 0.871138
v 1.240583 0.842450 0.809382
v 1.332034 0.939923 0.811987
v 1.241406 0.945857 0.797194
v 1.223354 0.637909 0.812111
v 1.246484 0.635281 0.819186
v 1.282819 0.622077 0.857212
v 1.210841 0.396964 0.787710
v 1.243246 0.396792 0.819270
v 1.184797 0.397076 0.781019
v 1.125639 0.390299 0.763640
v 1.124121 0.370521 0.802886
v 1.201563 0.389940 0.784134
v -1.096169 0.919408 0.830173
v -1.219051 0.975602 0.828344
v -1.235591 0.914196 0.875664
v -1.127735 0.874240 0.874493
v -1.032101 0.835674 0.828952
v -0.984660 0.848295 0.807222
v -1.060268 0.957622 0.808546
v -1.065261 0.808207 0.870580
v -0.974025 0.640813 0.818443
v -1.005767 0.632857 0.855836
v -0.928222 0.645148 0.798299
v -0.976878 0.404950 0.815393
v -0.945669 0.404828 0.786229
v -0.900851 0.404621 0.770003
v -1.468928 0.937954 0.873192
v -1.469986 1.006064 0.823186
v -1.470428 1.037760 0.801364
v -1.210825 1.013908 0.805072
v -1.706938 0.920153 0.868226
v -1.737442 0.988082 0.818347
v -1.765782 1.023106 0.792782
v -1.822232 0.955402 0.817143
v -1.878538 0.904128 0.815710
v -1.839655 0.848115 0.861451
v -1.785367 0.890466 0.865140
v -1.851974 0.985216 0.795019
v -1.906294 0.929193 0.794911
v -1.963175 0.768013 0.790332
v -1.934299 0.767848 0.809987
v -1.887059 0.767704 0.853734
v 1.991900 0.819556 0.874175
v 2.061113 0.781996 0.870480
v 2.105180 0.829422 0.866468
v 2.022722 0.879743 0.867619
v 1.740750 0.854918 0.879335
v 1.742468 0.918311 0.870129
v 1.508459 0.836685 0.878936
v 1.484482 0.899631 0.870554
v 1.389985 0.749805 0.871443
v 1.437519 0.805430 0.876290
v 1.399482 0.860274 0.871138
v 1.339820 0.791673 0.869787
v 1.282819 0.622077 0.857212
v 1.341694 0.603371 0.856531
v 1.243246 0.396792 0.819270
v 1.305562 0.392989 0.817998
v -1.255028 0.852636 0.881377
v -1.167675 0.820926 0.877634
v -1.127735 0.874240 0.874493
v -1.235591 0.914196 0.875664
v -1.116537 0.766227 0.871554
v -1.065261 0.808207 0.870580
v -1.060421 0.612520 0.854784
v -1.005767 0.632857 0.855836
v -1.031440 0.401703 0.814159
v -0.976878 0.404950 0.815393
v -1.470282 0.875291 0.881829
v -1.468928 0.937954 0.873192
v -1.685855 0.860236 0.876489
v -1.706938 0.920153 0.868226
v -1.792301 0.802645 0.866468
v -1.750647 0.836232 0.871890
v -1.785367 0.890466 0.865140
v -1.839655 0.848115 0.861451
v -1.928076 0.583799 0.823243
v -1.867599 0.566496 0.826521
v -1.844506 0.666787 0.847186
v -1.815824 0.767756 0.861528
v -1.887059 0.767704 0.853734
v -1.888279 0.360781 0.752382
v -1.954281 0.367057 0.748919
v 0.735085 1.585847 0.606087
v 0.725534 1.597003 0.588834
v 2.148727 0.764036 0.864750
v 2.074729 0.760647 0.869064
v 2.148727 0.764036 0.864750
v 0.152632 1.645518 0.604021
v 0.173927 1.607288 0.620428
v 0.079683 1.653721 0.597739
v 0.144456 1.650967 0.599371
v 0.089433 0.648769 0.785210
v 0.190259 0.862471 0.792453
v 0.088858 0.862493 0.792242
v 0.090096 0.402056 0.760539
v 0.184914 1.114642 0.778606
v 0.184212 1.147716 0.773158
v 0.088822 1.115194 0.778261
v 0.081844 1.115100 0.778242
v 0.080637 1.176945 0.767594
v -0.003155 1.177464 0.766880
v -0.026417 1.152151 0.771355
v 0.962912 1.132303 0.773497
v 0.702464 1.138205 0.774428
v 0.381702 1.144512 0.774211
v 0.764063 1.500327 0.662268
v 0.959587 1.349660 0.713216
v 1.089038 1.218916 0.749625
v 1.136406 1.128022 0.771018
v 1.205191 1.132925 0.769428
v 1.221264 1.217154 0.729959
v 1.195102 1.217229 0.738103
v 1.172255 1.257500 0.715990
v 1.212349 1.133314 0.769250
v 1.218508 1.102094 0.775730
v 1.231603 1.024297 0.788458
v 1.247450 0.840643 0.811485
v 1.275401 0.835438 0.821378
v 1.238017 0.636471 0.816953
v 1.201074 0.397150 0.785804
v 1.230149 0.637182 0.814187
v 1.191793 0.397045 0.782884
v -0.976413 0.397947 0.813848
v -1.031440 0.401703 0.814159
v -1.026133 0.281735 0.784826
v -0.971408 0.281697 0.786252
v -0.922775 0.397665 0.776950
v -0.976413 0.397947 0.813848
v -0.849954 0.372556 0.802259
v -0.734269 0.396309 0.758191
v -0.851058 0.397336 0.763864
v -0.733641 0.372259 0.796971
v 0.815564 0.370938 0.797734
v 0.816091 0.391745 0.758477
v 0.382139 0.393648 0.759914
v 0.382139 0.371489 0.798964
v 0.086560 0.395026 0.759596
v 0.086623 0.371888 0.798504
v 1.242261 0.389769 0.817811
v 1.305562 0.392989 0.817998
v 1.242261 0.389769 0.817811
v 1.228156 0.278510 0.793036
v 1.290959 0.276550 0.791458
v 0.700012 1.536841 0.648280
v -0.565971 0.396003 0.758525
v -0.563765 0.372170 0.797340
v 0.004240 1.588575 0.627284
v 0.003212 1.532441 0.651227
v 0.073831 1.531468 0.652147
v 0.076071 1.607316 0.619777
v 0.000589 1.371221 0.710521
v 0.075137 1.370808 0.711252
v -0.001746 1.229822 0.753465
v 0.078832 1.229732 0.754090
v 0.087802 1.176765 0.767662
v 0.158170 1.173673 0.768382
v 0.157522 1.229555 0.754411
v 0.085985 1.229720 0.754132
v 0.154139 1.369922 0.711962
v 0.082280 1.370747 0.711319
v 0.150280 1.529495 0.653418
v 0.080963 1.531325 0.652254
v 0.148861 1.584285 0.630063
v 0.083206 1.607069 0.619930
v -0.020931 1.613188 0.616612
v 0.006577 1.652910 0.598724
v -0.465619 1.615819 0.614688
v 0.676818 1.599616 0.619965
v 0.086573 1.648401 0.602328
v -0.888573 1.179946 0.766220
v -1.177355 1.179591 0.760437
v 0.424481 1.591390 0.624386
v 0.617638 1.560712 0.636774
v 0.621205 1.564368 0.638837
v 0.422048 1.596336 0.626154
v 0.223083 1.600731 0.619675
v 0.221732 1.605451 0.621524
v 0.175874 1.602556 0.618591
v 0.173927 1.607288 0.620428
v 0.266396 1.146383 0.773596
v 0.381702 1.144512 0.774211
v 0.381648 1.147350 0.770142
v 0.186264 1.151518 0.768936
v 0.962796 1.135115 0.769462
v 0.701909 1.141063 0.770368
v 0.702464 1.138205 0.774428
v 0.962912 1.132303 0.773497
v 0.757045 1.499331 0.659151
v 0.953988 1.348686 0.710030
v 0.959587 1.349660 0.713216
v 0.764063 1.500327 0.662268
v 1.084221 1.218060 0.746380
v 1.089038 1.218916 0.749625
v 1.130056 1.130810 0.766781
v 1.136406 1.128022 0.771018
v 0.696992 1.533041 0.646282
v 0.700012 1.536841 0.648280
v 0.162435 1.175257 0.764519
v 0.161155 1.228615 0.750995
v 0.157522 1.229555 0.754411
v 0.158170 1.173673 0.768382
v 0.157779 1.368766 0.708619
v 0.154139 1.369922 0.711962
v 0.153926 1.528058 0.650186
v 0.150280 1.529495 0.653418
v 0.152626 1.581648 0.627347
v 0.148861 1.584285 0.630063
v 0.184212 1.147716 0.773158
v 0.472261 1.625877 0.610406
v 0.680375 1.599895 0.615986
v 0.684605 1.603297 0.616018
v 0.471363 1.630045 0.609879
v 0.206189 1.644101 0.601339
v 0.205499 1.648286 0.600918
v 1.065627 1.343745 0.694012
v 0.862242 1.491666 0.646919
v 0.858594 1.494594 0.650410
v 1.062114 1.346325 0.697584
v 0.747894 1.568180 0.618527
v 0.746301 1.569435 0.623058
v 1.164769 1.262744 0.711188
v 1.162268 1.264642 0.717202
v 0.472261 1.625877 0.610406
v 0.206189 1.644101 0.601339
v 0.207410 1.643103 0.605437
v 0.476063 1.624551 0.614560
v 0.747894 1.568180 0.618527
v 0.744805 1.574908 0.617512
v 0.150840 1.646529 0.599907
v 0.152632 1.645518 0.604021
v 0.079683 1.653721 0.597739
v 0.083358 1.649478 0.598171
v 0.150840 1.646529 0.599907
v 0.144456 1.650967 0.599371
v 0.680375 1.599895 0.615986
v 0.676818 1.599616 0.619965
v 0.083358 1.649478 0.598171
v 0.086573 1.648401 0.602328
v 0.739780 1.604804 0.451908
v 0.761528 1.608458 0.168061
v 0.760585 1.612970 0.154410
v 0.737836 1.609145 0.451862
v 0.726659 1.606176 0.545450
v 0.728058 1.601804 0.548806
v 0.744805 1.574908 0.617512
v 0.747894 1.568180 0.618527
v 0.737708 1.580548 0.604815
v 0.735085 1.585847 0.606087
v 0.728058 1.601804 0.548806
v 0.726177 1.605276 0.552444
v 0.725534 1.597003 0.588834
v 0.726912 1.592930 0.585986
v 0.672729 1.619880 0.543034
v 0.464791 1.645699 0.533084
v 0.464928 1.649006 0.536861
v 0.672870 1.623197 0.546821
v -0.495904 1.677585 0.519180
v -0.495904 1.680858 0.522994
v 0.085813 1.675757 0.527172
v 0.085820 1.672484 0.523360
v 0.464791 1.645699 0.533084
v 0.672729 1.619880 0.543034
v 0.673860 1.623470 0.539774
v 0.465278 1.649447 0.529775
v 0.085820 1.672484 0.523360
v 0.085845 1.676291 0.520081
v -0.495904 1.677585 0.519180
v -0.495904 1.681398 0.515904
v -0.580744 1.681150 0.515893
v -0.580749 1.677686 0.519160
v 0.728058 1.601804 0.548806
v 0.726659 1.606176 0.545450
v 0.728058 1.601804 0.548806
v 0.726177 1.605276 0.552444
v 0.816198 0.395732 0.755469
v 1.126446 0.394268 0.760698
v 1.126258 0.397349 0.764633
v 0.816299 0.398791 0.759415
v 0.382139 0.397635 0.756906
v 0.382139 0.400694 0.760854
v 0.082987 0.402089 0.760517
v -0.566622 0.403055 0.759458
v -0.566341 0.399995 0.755517
v 0.086564 0.399012 0.756588
v -0.851651 0.401343 0.760925
v -0.734396 0.400302 0.755182
v -0.734516 0.403357 0.759126
v -0.851486 0.404384 0.764874
v 1.206669 0.393789 0.782158
v 1.244039 0.393756 0.815332
v 1.243246 0.396792 0.819270
v 1.210841 0.396964 0.787710
v 1.188628 0.393972 0.778034
v 1.184797 0.397076 0.781019
v 1.188628 0.393972 0.778034
v 1.126446 0.394268 0.760698
v -0.977851 0.402040 0.811419
v -0.947008 0.401729 0.782545
v -0.945669 0.404828 0.786229
v -0.976878 0.404950 0.815393
v -0.901637 0.401513 0.766111
v -0.900851 0.404621 0.770003
v 1.305562 0.392989 0.817998
v 1.243246 0.396792 0.819270
v 1.244039 0.393756 0.815332
v -1.031440 0.401703 0.814159
v 0.090096 0.402056 0.760539
v 0.086564 0.399012 0.756588
v 1.201074 0.397150 0.785804
v -0.977851 0.402040 0.811419
v -1.031440 0.401703 0.814159
v -0.976413 0.397947 0.813848
v -0.947008 0.401729 0.782545
v -0.977851 0.402040 0.811419
v -0.734396 0.400302 0.755182
v -0.851651 0.401343 0.760925
v -0.901637 0.401513 0.766111
v 0.816198 0.395732 0.755469
v 0.382139 0.397635 0.756906
v 0.086564 0.399012 0.756588
v 1.244039 0.393756 0.815332
v 1.206669 0.393789 0.782158
v 1.244039 0.393756 0.815332
v 1.242261 0.389769 0.817811
v 1.305562 0.392989 0.817998
v -0.566341 0.399995 0.755517
v 0.085124 0.961964 0.788254
v 0.085241 1.040041 0.783929
v 0.081668 1.040371 0.787442
v 0.081553 0.962082 0.791782
v 0.085892 0.648991 0.781657
v 0.085319 0.862521 0.788680
v 0.081749 0.862497 0.792211
v 0.082323 0.648769 0.785182
v 0.085349 1.113327 0.774964
v 0.081844 1.115100 0.778242
v 0.086564 0.399012 0.756588
v 0.082987 0.402089 0.760517
v 0.085349 1.113327 0.774964
v 0.085241 1.040041 0.783929
v 0.088778 1.040350 0.787480
v 0.088822 1.115194 0.778261
v 0.085124 0.961964 0.788254
v 0.088662 0.962067 0.791816
v 0.085319 0.862521 0.788680
v 0.085892 0.648991 0.781657
v 0.089433 0.648769 0.785210
v 0.088858 0.862493 0.792242
v 0.086564 0.399012 0.756588
v 0.090096 0.402056 0.760539
v 0.080637 1.176945 0.767594
v 0.084267 1.176182 0.764148
v 0.077480 1.530073 0.648904
v 0.079735 1.606278 0.616380
v 0.076071 1.607316 0.619777
v 0.073831 1.531468 0.652147
v 0.078781 1.369669 0.707914
v 0.075137 1.370808 0.711252
v 0.082468 1.228793 0.750689
v 0.078832 1.229732 0.754090
v 0.082468 1.228793 0.750689
v 0.084267 1.176182 0.764148
v 0.087802 1.176765 0.767662
v 0.085985 1.229720 0.754132
v 0.078781 1.369669 0.707914
v 0.082280 1.370747 0.711319
v 0.077480 1.530073 0.648904
v 0.080963 1.531325 0.652254
v 0.079735 1.606278 0.616380
v 0.083206 1.607069 0.619930
v 0.083358 1.649478 0.598171
v 0.086573 1.648401 0.602328
v 0.083358 1.649478 0.598171
v 0.079683 1.653721 0.597739
v 1.228012 1.024003 0.784878
v 1.214861 1.101525 0.772260
v 1.211266 1.102259 0.775780
v 1.224370 1.024615 0.788350
v 1.238500 0.943700 0.793851
v 1.234435 0.944310 0.797230
v 1.198039 1.183664 0.751977
v 1.190761 1.215470 0.736226
v 1.188122 1.217257 0.740148
v 1.194651 1.186190 0.755043
v 1.240583 0.842450 0.809382
v 1.244941 0.841211 0.807018
v 1.227767 0.637608 0.809747
v 1.223354 0.637909 0.812111
v 1.188628 0.393972 0.778034
v 1.184797 0.397076 0.781019
v 1.208709 1.132350 0.765890
v 1.205191 1.132925 0.769428
v 1.190761 1.215470 0.736226
v 1.198039 1.183664 0.751977
v 1.202495 1.183069 0.755706
v 1.195102 1.217229 0.738103
v 1.172255 1.257500 0.715990
v 1.164769 1.262744 0.711188
v 1.208709 1.132350 0.765890
v 1.212349 1.133314 0.769250
v 1.214861 1.101525 0.772260
v 1.228012 1.024003 0.784878
v 1.231603 1.024297 0.788458
v 1.218508 1.102094 0.775730
v 1.241406 0.945857 0.797194
v 1.238500 0.943700 0.793851
v 1.244941 0.841211 0.807018
v 1.247450 0.840643 0.811485
v 1.227767 0.637608 0.809747
v 1.230149 0.637182 0.814187
v 1.188628 0.393972 0.778034
v 1.191793 0.397045 0.782884
v 0.088778 1.040350 0.787480
v 0.088662 0.962067 0.791816
v 0.188208 0.959215 0.792076
v 0.186291 1.049642 0.786600
v 0.362204 0.984791 0.791247
v 0.353170 0.957689 0.792493
v 0.267241 1.114169 0.778902
v 0.266396 1.146383 0.773596
v 0.326069 1.063933 0.785220
v 0.268558 1.063933 0.785070
v 0.232423 0.984791 0.790932
v 0.232422 1.027797 0.788566
v 0.268558 0.948655 0.792321
v 0.241456 0.957689 0.792215
v 0.326069 0.948655 0.792464
v 0.241456 1.054899 0.786102
v 0.362204 1.027797 0.788912
v 0.353170 1.054899 0.786393
v 0.268558 1.063933 0.785070
v 0.297313 1.006303 0.748244
v 0.326069 1.063933 0.785220
v 0.353170 1.054899 0.786393
v 0.362204 1.027797 0.788912
v 0.362204 0.984791 0.791247
v 0.353170 0.957689 0.792493
v 0.326069 0.948655 0.792464
v 0.268558 0.948655 0.792321
v 0.241456 0.957689 0.792215
v 0.232423 0.984791 0.790932
v 0.232422 1.027797 0.788566
v 0.241456 1.054899 0.786102
v -1.077805 1.044577 0.787368
v 1.191793 0.397045 0.782884
v 1.188628 0.393972 0.778034
v 1.206669 0.393789 0.782158
v 1.201074 0.397150 0.785804
v 1.758708 1.151249 0.581075
v 1.779716 1.166915 0.531735
v 1.415617 1.188948 0.554692
v 1.398774 1.185765 0.607254
v 2.115636 1.105212 0.555114
v 2.156892 1.130461 0.507954
v 2.213524 1.090652 0.547994
v 2.259700 1.118108 0.501472
v 2.304156 1.059501 0.541402
v 2.354924 1.087420 0.495468
v 2.347664 1.024106 0.538238
v 2.418599 1.024298 0.491453
v 2.223755 1.058184 0.727233
v 2.258951 1.021907 0.728691
v 2.262764 1.019637 0.725101
v 2.228618 1.054813 0.722687
v 2.228618 1.054813 0.722687
v 2.262764 1.019637 0.725101
v 2.264561 1.024129 0.724301
v 2.232684 1.057344 0.721643
v 2.316072 1.019263 0.672504
v 2.315512 1.023923 0.673775
v 2.156543 1.084598 0.726181
v 2.157401 1.085530 0.730398
v 2.076173 1.099992 0.734719
v 2.076027 1.098734 0.730567
v 2.159215 1.087839 0.723990
v 2.077329 1.102085 0.728246
v 2.076027 1.098734 0.730567
v 2.156543 1.084598 0.726181
v 1.742198 1.141038 0.735099
v 1.742020 1.140118 0.731017
v 1.742745 1.143555 0.728869
v 1.742020 1.140118 0.731017
v 1.350523 1.172061 0.735152
v 1.353613 1.171337 0.731364
v 1.355416 1.174680 0.729482
v 1.353613 1.171337 0.731364
v 1.279852 1.184663 0.733245
v 1.286587 1.182033 0.729029
v 2.456694 1.023999 0.193161
v 2.418599 1.024298 0.491453
v 2.419047 1.019538 0.489510
v 2.456415 1.019240 0.192985
v 2.347664 1.024106 0.538238
v 2.348586 1.019471 0.536199
v 1.221264 1.217154 0.729959
v 1.225124 1.214700 0.726138
v 1.164769 1.262744 0.711188
v 1.172255 1.257500 0.715990
v 2.418599 1.024298 0.491453
v 2.347664 1.024106 0.538238
v 2.348586 1.019471 0.536199
v 2.419047 1.019538 0.489510
v 2.546609 0.514183 0.183626
v 2.527845 0.419463 0.170734
v 2.535785 0.513256 0.325941
v 2.508838 0.419448 0.393154
v 2.533007 0.500297 0.352643
v 2.254346 0.759345 0.775215
v 2.313674 0.759426 0.756527
v 2.307141 0.764167 0.761502
v 2.253836 0.764147 0.778366
v 2.196517 0.759302 0.813182
v 2.223911 0.759152 0.791748
v 2.223770 0.764076 0.794584
v 2.196741 0.763987 0.815768
v 2.149585 0.760085 0.861442
v 2.148727 0.764036 0.864750
v 2.148727 0.764036 0.864750
v 2.074729 0.760647 0.869064
v 2.149585 0.760085 0.861442
v 1.124121 0.370521 0.802886
v 1.117055 0.278424 0.746376
v 0.815564 0.370938 0.797734
v 0.610598 0.281462 0.742914
v 0.382139 0.371489 0.798964
v 0.086623 0.371888 0.798504
v -0.049425 0.282170 0.742277
v -0.733641 0.372259 0.796971
v -0.849954 0.372556 0.802259
v -0.845923 0.282111 0.745716
v -0.976413 0.397947 0.813848
v -0.971408 0.281697 0.786252
v 0.961449 1.335064 0.722981
v 0.966048 1.223780 0.761778
v 1.079381 1.216670 0.755654
v 0.969360 1.143321 0.775824
v 1.119918 1.139516 0.773734
v 0.396983 1.025036 0.828418
v 0.284473 1.025036 0.828418
v 0.284473 1.000032 0.831337
v 0.396983 1.000032 0.831337
v 0.408425 0.986532 0.784173
v 0.408249 0.989537 0.809914
v 0.284473 0.990237 0.815907
v 0.152756 0.994227 0.781602
v 0.152756 0.997805 0.812260
v 0.152756 1.022809 0.809341
v 0.152756 1.019231 0.778683
v 0.160520 1.027310 0.779413
v 0.160696 1.030315 0.805154
v 0.284473 1.031014 0.811146
v 0.416190 1.019231 0.778683
v 0.416190 1.022810 0.809341
v 0.416190 0.997805 0.812260
v 0.416190 0.994227 0.781602
v 0.171962 1.025036 0.828418
v 0.171962 1.000032 0.831337
v 0.284473 0.991225 0.824371
v 0.175251 0.991225 0.824371
v 0.160696 0.989537 0.809914
v 0.284473 1.032002 0.819611
v 0.393694 1.032002 0.819611
v 0.408249 1.030315 0.805154
v 0.393694 0.991225 0.824371
v 0.175251 1.032002 0.819611
v 0.160520 0.986532 0.784173
v 0.408425 1.027310 0.779413
v 1.130056 1.130810 0.766781
v 1.119918 1.139516 0.773734
v 0.969360 1.143321 0.775824
v 0.962796 1.135115 0.769462
v 0.962796 1.135115 0.769462
v 0.969360 1.143321 0.775824
v 0.966048 1.223780 0.761778
v 0.959234 1.221498 0.754245
v 0.961449 1.335064 0.722981
v 0.953988 1.348686 0.710030
v 0.953988 1.348686 0.710030
v 0.961449 1.335064 0.722981
v 1.079381 1.216670 0.755654
v 1.084221 1.218060 0.746380
v 1.119918 1.139516 0.773734
v 1.130056 1.130810 0.766781
v 0.826518 0.736153 0.789126
v 0.826518 0.704617 0.804495
v 1.151994 0.704617 0.810354
v 1.162538 0.736153 0.795079
v 1.154118 0.646763 0.792090
v 1.151994 0.704617 0.810354
v 0.826518 0.704617 0.804495
v 0.826518 0.646763 0.786287
v 0.084997 0.736153 0.789620
v -0.610904 0.735634 0.787183
v -0.594646 0.704617 0.803654
v 0.071013 0.704617 0.804834
v 0.071013 0.704617 0.804834
v -0.594646 0.704617 0.803654
v -0.602986 0.647116 0.784416
v 0.084997 0.646762 0.786550
v -0.873028 0.704617 0.809614
v -0.886447 0.736153 0.794307
v -0.891122 0.704617 0.793588
v -0.873817 0.646762 0.791402
v 0.381767 0.736153 0.790342
v 0.084997 0.736153 0.789620
v 0.099668 0.704617 0.804945
v 0.381767 0.704617 0.805623
v 0.381767 0.704617 0.805623
v 0.099668 0.704617 0.804945
v 0.084997 0.646762 0.786550
v 0.381767 0.646762 0.787244
v 0.071013 0.704617 0.804834
v 0.084997 0.646762 0.786550
v 0.084997 0.736153 0.789620
v 0.084997 0.646762 0.786550
v 0.099668 0.704617 0.804945
v 0.084997 0.736153 0.789620
v -0.873028 0.704617 0.809614
v -0.746726 0.704617 0.803627
v -0.746726 0.736153 0.788223
v -0.886447 0.736153 0.794307
v -0.873817 0.646762 0.791402
v -0.746726 0.646762 0.785599
v -0.746726 0.704617 0.803627
v -0.873028 0.704617 0.809614
v 1.162538 0.736153 0.795079
v 1.151994 0.704617 0.810354
v 1.167403 0.704617 0.794183
v 1.154118 0.646763 0.792090
v 1.274104 1.219982 0.664290
v 1.225124 1.214700 0.726138
v 1.325737 1.116126 0.729029
v 1.353830 1.122601 0.671567
v 1.457285 1.138368 0.192279
v 1.374444 1.233371 0.190031
v 1.315084 1.225944 0.547548
v 1.396197 1.129622 0.553587
v 1.325737 1.116126 0.729029
v 1.353613 1.171337 0.731364
v 1.377739 1.181104 0.672899
v 1.353830 1.122601 0.671567
v 1.457285 1.138368 0.192279
v 1.473216 1.198308 0.192690
v 1.415617 1.188948 0.554692
v 1.396197 1.129622 0.553587
v 1.398774 1.185765 0.607254
v 1.325737 1.116126 0.729029
v 1.286588 1.182033 0.729029
v 1.353613 1.171337 0.731364
v 1.225124 1.214700 0.726138
v 1.355415 1.174680 0.729482
v 2.445090 0.401774 0.720941
v 2.455809 0.488873 0.734407
v 2.399447 0.489812 0.771125
v 2.397135 0.401743 0.752178
v 2.313879 0.401570 0.785190
v 2.304513 0.490756 0.810279
v 2.399062 0.678763 0.781557
v 2.456799 0.596097 0.739966
v 2.457563 0.678944 0.744261
v 2.286443 0.678498 0.823937
v 2.483077 0.401665 0.656248
v 2.485181 0.447139 0.672586
v 2.451508 0.757611 0.670770
v 2.404874 0.757558 0.725578
v 2.457563 0.678944 0.744261
v 2.504963 0.679178 0.673852
v 2.477067 0.990043 0.212487
v 2.461115 1.018470 0.193209
v 2.423558 1.018277 0.491140
v 2.445801 0.989556 0.463923
v 2.514059 0.304735 0.416658
v 2.560157 0.386389 0.428432
v 2.496448 0.386129 0.655543
v 2.459653 0.303575 0.641666
v 2.238395 0.393725 0.812445
v 2.220860 0.490755 0.836351
v 2.181623 0.678300 0.861383
v 2.286443 0.678498 0.823937
v 2.227786 0.757740 0.795517
v 2.169458 0.393725 0.814547
v 2.176534 0.297536 0.778701
v 2.256617 0.299244 0.777652
v 2.152288 0.757142 0.864521
v 2.074729 0.760647 0.869064
v 2.115330 0.678122 0.863972
v 2.181623 0.678300 0.861383
v 2.399062 0.678763 0.781557
v 2.318032 0.757593 0.760452
v 2.256767 0.757674 0.779907
v 2.561378 0.679178 0.503338
v 2.480414 0.758263 0.548874
v 2.530773 0.679178 0.595842
v 2.423558 1.018277 0.491140
v 2.356451 1.018282 0.535597
v 2.390716 0.967372 0.533112
v 2.504230 0.864144 0.485710
v 2.433081 0.893163 0.530049
v 2.478202 0.778339 0.527172
v 2.562051 0.700717 0.482408
v 2.461115 1.018470 0.193209
v 2.456415 1.019240 0.192985
v 2.423558 1.018277 0.491140
v 2.419047 1.019538 0.489510
v 2.348586 1.019471 0.536199
v 2.356451 1.018282 0.535597
v 2.144230 0.557029 0.847474
v 2.199844 0.757489 0.816770
v 2.152288 0.757142 0.864521
v 2.561378 0.679178 0.503338
v 2.565601 0.596237 0.473421
v 2.569924 0.662819 0.439735
v 2.408062 0.385766 0.748741
v 2.416249 0.302649 0.707325
v 2.457847 0.385855 0.718480
v 2.320981 0.385848 0.780669
v 2.584469 0.386406 0.187332
v 2.320981 0.385848 0.780669
v 2.313879 0.401570 0.785190
v 2.238395 0.393725 0.812445
v 2.408062 0.385766 0.748741
v 2.457847 0.385855 0.718480
v 2.445090 0.401774 0.720941
v 2.397135 0.401743 0.752178
v 2.496448 0.386129 0.655543
v 2.483077 0.401665 0.656248
v 2.584469 0.386406 0.187332
v 2.565349 0.401550 0.187544
v 2.560157 0.386389 0.428432
v 2.543235 0.401530 0.429363
v 2.498467 0.401630 0.598203
v 2.543235 0.401530 0.429363
v 2.577468 0.488996 0.379816
v 2.571061 0.488996 0.434738
v 2.580125 0.513183 0.366114
v 2.602554 0.596290 0.190105
v 2.600886 0.532360 0.189310
v 2.585948 0.596261 0.344728
v 2.584364 0.531080 0.335749
v 2.504963 0.679178 0.673852
v 2.505172 0.596379 0.667913
v 2.530773 0.679178 0.595842
v 2.526949 0.596328 0.597825
v 2.490846 0.415569 0.641017
v 2.513729 0.415569 0.554768
v 2.499189 0.404014 0.597892
v 2.498467 0.401630 0.598203
v 2.511713 0.401601 0.548247
v 2.511713 0.401601 0.548247
v 2.540236 0.564958 0.554768
v 2.527918 0.576513 0.597892
v 2.499146 0.533388 0.672586
v 2.513405 0.564958 0.641017
v 2.489669 0.488957 0.683791
v 2.531252 0.447139 0.523198
v 2.548581 0.488996 0.511983
v 2.547717 0.533388 0.523198
v 2.597347 0.662819 0.202655
v 2.527918 0.576513 0.597892
v 2.460339 0.549486 0.597892
v 2.460339 0.541542 0.568247
v 2.540236 0.564958 0.554768
v 2.489669 0.488957 0.683791
v 2.460339 0.489298 0.656940
v 2.460339 0.519841 0.649238
v 2.499146 0.533388 0.672586
v 2.548581 0.488996 0.511983
v 2.460339 0.489325 0.538836
v 2.460339 0.460552 0.546546
v 2.531252 0.447139 0.523198
v 2.490846 0.415569 0.641017
v 2.460339 0.438851 0.627537
v 2.460339 0.460552 0.649238
v 2.485181 0.447139 0.672586
v 2.513405 0.564958 0.641017
v 2.460339 0.541542 0.627537
v 2.513729 0.415569 0.554768
v 2.460339 0.438851 0.568247
v 2.460339 0.430907 0.597892
v 2.499189 0.404014 0.597892
v 2.460339 0.519841 0.546546
v 2.547717 0.533388 0.523198
v 2.527845 0.419463 0.170734
v 2.565349 0.401550 0.187544
v 2.508838 0.419448 0.393154
v 2.543235 0.401530 0.429363
v 2.543235 0.401530 0.429363
v 2.508838 0.419448 0.393154
v 2.533007 0.500297 0.352643
v 2.577468 0.488996 0.379816
v 2.580125 0.513183 0.366114
v 2.600886 0.532360 0.189310
v 2.546609 0.514183 0.183626
v 2.580125 0.513183 0.366114
v 2.533007 0.500297 0.352643
v 2.535785 0.513256 0.325941
v 2.584364 0.531080 0.335749
v 2.446582 0.759088 0.669220
v 2.400802 0.759296 0.722236
v 2.404874 0.757558 0.725578
v 2.451508 0.757611 0.670770
v 2.074729 0.760647 0.869064
v 2.152288 0.757142 0.864521
v 2.149585 0.760085 0.861442
v 2.313674 0.759426 0.756527
v 2.254346 0.759345 0.775215
v 2.256767 0.757674 0.779907
v 2.318032 0.757593 0.760452
v 2.199844 0.757489 0.816770
v 2.227786 0.757740 0.795517
v 2.223911 0.759152 0.791748
v 2.196517 0.759302 0.813182
v 2.385484 0.964734 0.533419
v 2.390716 0.967372 0.533112
v 2.356451 1.018282 0.535597
v 2.348586 1.019471 0.536199
v 2.427612 0.891058 0.530335
v 2.433081 0.893163 0.530049
v 2.471884 0.780182 0.527428
v 2.478202 0.778339 0.527172
v 2.471884 0.780182 0.527428
v 2.474962 0.759043 0.549251
v 2.480414 0.758263 0.548874
v 2.478202 0.778339 0.527172
v 2.516081 0.843343 0.450115
v 2.504230 0.864144 0.485710
v 2.562051 0.700717 0.482408
v 2.568020 0.697131 0.436307
v -0.580764 1.680708 0.522828
v -0.580749 1.677686 0.519160
v -0.580764 1.680708 0.522828
v -0.612904 1.377394 0.708051
v -0.495904 1.376471 0.708895
v -0.495904 1.587300 0.624232
v -0.587349 1.617664 0.613339
v -0.645719 1.179596 0.768249
v -2.290846 0.583799 0.737297
v -2.087422 0.583799 0.739369
v -2.037753 0.583799 0.746461
v -2.011597 0.583799 0.757477
v -1.975876 0.583799 0.779251
v -1.928076 0.583799 0.823243
v -2.290846 0.583799 0.737297
v -2.249004 0.395234 0.654691
v -2.082430 0.378448 0.671766
v -2.087422 0.583799 0.739369
v -2.037753 0.583799 0.746461
v -2.011597 0.583799 0.757477
v -2.001522 0.371267 0.705173
v -1.975876 0.583799 0.779251
v -1.954281 0.367057 0.748919
v -1.928076 0.583799 0.823243
v -0.465620 1.155591 0.769806
v -0.495904 1.184526 0.760024
v -0.635044 1.174983 0.769655
v -0.632589 1.114938 0.775619
v -0.558981 0.282137 0.744211
v -0.570884 0.372174 0.797324
v -0.624072 0.963083 0.789420
v 0.081553 0.962082 0.791782
v 0.081668 1.040371 0.787442
v -0.628762 1.041912 0.784676
v -0.599605 0.648769 0.783830
v 0.082323 0.648769 0.785182
v 0.081749 0.862497 0.792211
v -0.617265 0.862761 0.790319
v -0.566622 0.403055 0.759458
v 0.082987 0.402089 0.760517
v -0.573096 0.396016 0.758511
v -0.570884 0.372174 0.797324
v -0.573752 0.403068 0.759443
v -0.573466 0.400008 0.755502
v -0.573466 0.400008 0.755502
v -0.610904 0.735634 0.787183
v -0.622056 0.704617 0.803593
v -0.622056 0.704617 0.803593
v -0.602986 0.647116 0.784416
v -0.563765 0.372170 0.797340
v -0.558981 0.282137 0.744211
v -0.635903 1.041934 0.784596
v -0.631217 0.963169 0.789327
v -0.627610 0.962969 0.785844
v -0.632305 1.041613 0.781107
v -0.624406 0.862780 0.790287
v -0.606744 0.648769 0.783812
v -0.603164 0.648999 0.780273
v -0.620812 0.862794 0.786746
v -0.639730 1.114973 0.775540
v -0.636151 1.114512 0.772062
v -0.573752 0.403068 0.759443
v -0.570177 0.404781 0.756339
v -0.563765 0.372170 0.797340
v -0.565971 0.396003 0.758525
v -0.569532 0.393380 0.756126
v -0.567324 0.370117 0.792722
v -0.566341 0.399995 0.755517
v -0.566622 0.403055 0.759458
v -0.570177 0.404781 0.756339
v -0.569896 0.400472 0.751986
v -0.566341 0.399995 0.755517
v -0.569896 0.400472 0.751986
v -0.645719 1.179596 0.768249
v -0.641760 1.175146 0.765204
v -0.632589 1.114938 0.775619
v -0.635044 1.174983 0.769655
v -0.641760 1.175146 0.765204
v -0.636151 1.114512 0.772062
v -0.570884 0.372174 0.797324
v -0.558981 0.282137 0.744211
v -0.567324 0.370117 0.792722
v -0.624072 0.963083 0.789420
v -0.628762 1.041912 0.784676
v -0.632305 1.041613 0.781107
v -0.627610 0.962969 0.785844
v -0.599605 0.648769 0.783830
v -0.617265 0.862761 0.790319
v -0.620812 0.862794 0.786746
v -0.603164 0.648999 0.780273
v -0.573096 0.396016 0.758511
v -0.570884 0.372174 0.797324
v -0.567324 0.370117 0.792722
v -0.569532 0.393380 0.756126
v -0.573752 0.403068 0.759443
v -0.573466 0.400008 0.755502
v -0.569896 0.400472 0.751986
v -0.570177 0.404781 0.756339
v -0.573466 0.400008 0.755502
v -0.569896 0.400472 0.751986
v -0.558981 0.282137 0.744211
v -0.563765 0.372170 0.797340
v -0.567324 0.370117 0.792722
v -0.594646 0.704617 0.803654
v -0.610904 0.735634 0.787183
v -0.602986 0.647116 0.784416
v -0.610904 0.735634 0.787183
v -0.622056 0.704617 0.803593
v -0.602986 0.647116 0.784416
v -0.888262 1.186177 0.740934
v -1.176858 1.186164 0.735064
v -1.177311 1.185542 0.756517
v -0.888557 1.185885 0.762299
v -1.463285 1.186152 0.728698
v -1.794241 1.186152 0.721317
v -1.794759 1.185554 0.742764
v -1.463763 1.185554 0.750143
v -2.234677 1.186152 0.709888
v -2.236580 1.185554 0.731306
v -2.333821 1.186154 0.700821
v -2.337585 1.185551 0.722024
v -2.386616 1.186136 0.681014
v -2.390425 1.185558 0.707120
v -2.412978 1.185558 0.684174
v -2.461414 1.186151 0.177809
v -2.482748 1.185555 0.179198
v -2.449071 1.185555 0.518373
v -2.427903 1.186151 0.515134
v -2.427755 1.185550 0.621967
v -2.406819 1.186155 0.617463
v -2.404999 1.186154 0.624343
v -2.426211 1.185551 0.628907
v -0.649597 1.194738 0.504388
v -0.663118 1.194928 0.504301
v -0.663118 1.186182 0.742775
v -0.649780 1.185530 0.764294
v -0.641760 1.175146 0.765204
v -0.641574 1.184429 0.504288
v -0.645533 1.188879 0.504288
v -0.645719 1.179596 0.768249
v -0.595549 1.671622 0.515615
v -0.604669 1.583805 0.465876
v -0.595374 1.668113 0.555029
v -0.604669 1.583750 0.549078
v -0.597110 1.653793 0.581144
v -0.593667 1.683658 0.285107
v -0.580924 1.678348 0.564358
v -0.580764 1.680708 0.522828
v -0.595549 1.671622 0.515615
v -0.595374 1.668113 0.555029
v -0.582986 1.657993 0.594497
v -0.597110 1.653793 0.581144
v -0.579424 1.693216 0.285333
v -0.593667 1.683658 0.285107
v -0.580744 1.681150 0.515893
v -0.595549 1.671622 0.515615
v -0.612904 1.377394 0.708051
v -0.587349 1.617664 0.613339
v -0.601038 1.617881 0.599496
v -0.626594 1.377504 0.694262
v -0.635044 1.174983 0.769655
v -0.641760 1.175146 0.765204
v -0.580749 1.677686 0.519160
v -0.595549 1.671622 0.515615
v -0.580764 1.680708 0.522828
v -0.580744 1.681150 0.515893
v -0.641574 1.184429 0.504288
v -0.636278 1.223283 0.504927
v -0.601038 1.617881 0.599496
v -0.607301 1.558753 0.585903
v -0.627582 1.366259 0.661784
v -0.626594 1.377504 0.694262
v -0.633593 1.263807 0.686259
v -0.641760 1.175146 0.765204
v -0.635867 1.226128 0.657266
v 0.004240 1.588575 0.627284
v -0.001396 1.584034 0.620678
v -0.002385 1.530041 0.643823
v 0.003212 1.532441 0.651227
v -0.005009 1.368829 0.703144
v 0.000589 1.371221 0.710521
v -0.007343 1.227453 0.746054
v -0.001746 1.229822 0.753465
v -0.008697 1.177146 0.758914
v -0.003155 1.177464 0.766880
v -0.028850 1.155152 0.762554
v -0.026417 1.152151 0.771355
v -0.463207 1.158559 0.761044
v -0.465620 1.155591 0.769806
v -0.490215 1.184316 0.752131
v -0.495904 1.184526 0.760024
v -0.490215 1.374013 0.701596
v -0.495904 1.376471 0.708895
v -0.490215 1.582642 0.617755
v -0.495904 1.587300 0.624232
v -0.463266 1.608059 0.609362
v -0.465619 1.615819 0.614688
v -0.023344 1.605451 0.611255
v -0.020931 1.613188 0.616612
v -0.636278 1.223283 0.504927
v -0.628203 1.228242 0.504881
v -0.597539 1.577520 0.465874
v -0.604669 1.583805 0.465876
v -0.597539 1.577466 0.547333
v -0.604669 1.583750 0.549078
v -0.599966 1.554421 0.581283
v -0.607301 1.558753 0.585903
v -0.620006 1.363899 0.656385
v -0.627582 1.366259 0.661784
v -0.625786 1.264437 0.680145
v -0.633593 1.263807 0.686259
v -0.627800 1.231036 0.654444
v -0.635867 1.226128 0.657266
v -2.371797 0.771296 0.735961
v -2.371797 0.583799 0.716892
v -2.414333 0.771296 0.691548
v -2.414333 0.583799 0.682095
v -2.428107 0.771296 0.638911
v -2.436074 0.583799 0.608044
v -2.486140 0.583799 0.191260
v -2.437532 0.583799 0.600863
v -2.454685 0.771296 0.518347
v -2.496749 0.771296 0.191260
v -2.290846 0.583799 0.737297
v -2.378549 0.583799 0.604584
v -2.249004 0.395234 0.654691
v -2.371797 0.583799 0.716892
v -2.414333 0.583799 0.682095
v -2.378549 0.583799 0.604584
v -2.290846 0.583799 0.737297
v -2.486140 0.583799 0.191260
v -2.474246 0.495813 0.191260
v -2.429091 0.495813 0.571764
v -2.437532 0.583799 0.600863
v -2.510901 0.787153 0.191259
v -2.506872 1.095262 0.182641
v -2.469073 0.787153 0.518382
v -2.446843 0.787152 0.619967
v -2.453962 1.095258 0.621288
v -2.473861 1.095260 0.518268
v -2.429792 0.771296 0.631901
v -2.492567 1.111119 0.182639
v -2.506872 1.095262 0.182641
v -2.473861 1.095260 0.518268
v -2.459786 1.111116 0.518300
v -2.453962 1.095258 0.621288
v -2.437461 1.111114 0.633339
v -2.433076 1.105150 0.640067
v -2.437461 1.111114 0.633339
v -2.453962 1.095258 0.621288
v -2.454685 0.771296 0.518347
v -2.429792 0.771296 0.631901
v -2.446843 0.787152 0.619967
v -2.469073 0.787153 0.518382
v -2.510901 0.787153 0.191259
v -2.496749 0.771296 0.191260
v -2.429808 0.961268 0.639462
v -2.446843 0.787152 0.619967
v -2.425627 0.777327 0.638687
v -2.431829 1.050718 0.639836
v -2.344236 1.109493 0.738176
v -2.343877 1.103635 0.736037
v -2.320185 1.087596 0.740338
v -2.317282 1.091243 0.743025
v -2.310515 1.048824 0.745866
v -2.306967 1.049806 0.749240
v -2.303813 0.959304 0.752040
v -2.300298 0.959705 0.755886
v -2.292729 0.777338 0.752437
v -2.288838 0.771296 0.756366
v -2.369612 0.777338 0.733520
v -2.371797 0.771296 0.735961
v -2.412242 0.777334 0.689075
v -2.414333 0.771296 0.691548
v -2.425627 0.777327 0.638687
v -2.428107 0.771296 0.638911
v -2.433076 1.105150 0.640067
v -2.420269 1.105245 0.695092
v -2.422456 1.111220 0.697638
v -2.435956 1.111120 0.640349
v -2.396398 1.104591 0.720386
v -2.398409 1.110543 0.722605
v -0.888164 1.180413 0.736811
v -0.698418 0.652596 0.702493
v -1.176731 1.180413 0.730941
v -1.462844 0.906976 0.706240
v -1.785739 0.861517 0.696022
v -1.794104 1.180413 0.717195
v -1.463155 1.180413 0.724575
v -2.297403 0.652596 0.662624
v -2.234401 1.180412 0.705769
v -2.332874 1.180412 0.696764
v -2.367642 0.652596 0.655220
v -2.383348 1.180412 0.677828
v -2.386654 0.652596 0.589324
v -2.457357 1.180412 0.177446
v -2.423880 1.180412 0.514427
v -2.402165 1.180412 0.619813
v -2.383348 1.180412 0.677828
v -2.367642 0.652596 0.655220
v -1.183179 0.867157 0.709757
v -0.667100 1.180413 0.738618
v -0.667100 1.189084 0.504200
v -0.698418 0.652596 0.702493
v -0.667100 1.180413 0.738618
v -1.785739 0.861517 0.696022
v -1.785739 0.861517 0.378889
v -1.908046 0.652596 0.378889
v -1.908046 0.652596 0.678795
v -1.462844 0.906976 0.706240
v -1.462844 0.906976 0.378889
v -1.183179 0.867157 0.709757
v -1.183179 0.867157 0.378889
v -1.025323 0.652596 0.698456
v -1.025323 0.652596 0.378889
v -0.698418 0.652596 0.702493
v -1.025323 0.652596 0.378889
v -1.025323 0.652596 0.698456
v -1.908046 0.652596 0.378889
v -1.785739 0.861517 0.378889
v -1.183179 0.867157 0.378889
v -1.025323 0.652596 0.378889
v -1.785739 0.861517 0.378889
v -1.462844 0.906976 0.378889
v -1.183179 0.867157 0.378889
v -2.367642 0.652596 0.655220
v -2.297403 0.652596 0.662624
v -2.386654 0.652596 0.589324
v -1.908046 0.652596 0.378889
v -1.908046 0.652596 0.678795
v -0.888573 1.179946 0.766220
v -1.177355 1.179591 0.760437
v -1.463812 1.179591 0.754062
v -1.794815 1.179591 0.746683
v -2.236776 1.179591 0.735222
v -2.338281 1.179591 0.725894
v -2.392504 1.179591 0.710599
v -2.416588 1.179591 0.686095
v -2.430093 1.179591 0.629694
v -2.453011 1.179591 0.518877
v -2.431644 1.179591 0.622724
v -2.486722 1.179591 0.179359
v -2.457357 1.180412 0.177446
v -2.461414 1.186151 0.177809
v -2.427903 1.186151 0.515134
v -2.423880 1.180412 0.514427
v -2.406819 1.186155 0.617463
v -2.402165 1.180412 0.619813
v -2.404999 1.186154 0.624343
v -2.386616 1.186136 0.681014
v -2.383348 1.180412 0.677828
v -2.333821 1.186154 0.700821
v -2.332874 1.180412 0.696764
v -2.234677 1.186152 0.709888
v -2.234401 1.180412 0.705769
v -1.794241 1.186152 0.721317
v -1.794104 1.180413 0.717195
v -1.463285 1.186152 0.728698
v -1.463155 1.180413 0.724575
v -1.176858 1.186164 0.735064
v -1.176731 1.180413 0.730941
v -0.888262 1.186177 0.740934
v -0.888164 1.180413 0.736811
v -0.663118 1.186182 0.742775
v -0.667100 1.180413 0.738618
v -0.667100 1.180413 0.738618
v -0.663118 1.186182 0.742775
v -0.663118 1.194928 0.504301
v -0.667100 1.189084 0.504200
v -0.649597 1.194738 0.504388
v -0.645533 1.188879 0.504288
v -0.649780 1.185530 0.764294
v -0.645719 1.179596 0.768249
v -0.645719 1.179596 0.768249
v -2.433533 0.583799 0.604584
v -2.425221 0.492258 0.574307
v -2.382143 0.492258 0.574307
v -2.425221 0.492258 0.574307
v -2.470678 0.492258 0.191260
v -2.427599 0.492258 0.191260
v -2.382143 0.492258 0.574307
v -2.295369 0.395690 0.191260
v -2.249004 0.395234 0.654691
v -2.436074 0.583799 0.608044
v -2.435956 1.111120 0.640349
v -2.430093 1.179591 0.629694
v -2.427662 1.178374 0.625503
v -2.433327 1.110715 0.636107
v -2.431644 1.179591 0.622724
v -2.437461 1.111114 0.633339
v -2.433327 1.110715 0.636107
v -2.427662 1.178374 0.625503
v -2.406819 1.186155 0.617463
v -2.427755 1.185550 0.621967
v -2.425359 1.182440 0.625074
v -2.402165 1.180412 0.619813
v -2.426211 1.185551 0.628907
v -2.404999 1.186154 0.624343
v -2.402165 1.180412 0.619813
v -2.425359 1.182440 0.625074
v -2.436074 0.583799 0.608044
v -2.428107 0.771296 0.638911
v -2.425571 0.771299 0.634563
v -2.433533 0.583799 0.604584
v -2.429091 0.495813 0.571764
v -2.425221 0.492258 0.574307
v -2.433533 0.583799 0.604584
v -2.437532 0.583799 0.600863
v -2.429091 0.495813 0.571764
v -2.474246 0.495813 0.191260
v -2.470678 0.492258 0.191260
v -2.425221 0.492258 0.574307
v -2.429792 0.771296 0.631901
v -2.425571 0.771299 0.634563
v -2.437461 1.111114 0.633339
v -2.433076 1.105150 0.640067
v -2.433327 1.110715 0.636107
v -2.425627 0.777327 0.638687
v -2.425627 0.777327 0.638687
v -2.433076 1.105150 0.640067
v -2.435956 1.111120 0.640349
v -2.433327 1.110715 0.636107
v -2.430093 1.179591 0.629694
v -2.427662 1.178374 0.625503
v -2.431644 1.179591 0.622724
v -2.427662 1.178374 0.625503
v -2.429792 0.771296 0.631901
v -2.433533 0.583799 0.604584
v 2.313674 0.759426 0.756527
v 2.251173 0.886540 0.757432
v 2.249693 0.885838 0.761566
v 2.307141 0.764167 0.761502
v 2.208240 0.970222 0.754363
v 2.206142 0.969462 0.758209
v 2.182684 1.018232 0.749262
v 2.178977 1.021916 0.752984
v 2.182684 1.018232 0.749262
v 2.262764 1.019637 0.725101
v 2.258951 1.021907 0.728691
v 2.178977 1.021916 0.752984
v -2.302198 0.566811 0.757217
v -2.419892 0.566811 0.757217
v -2.419892 0.481575 0.739098
v -2.285264 0.481575 0.739098
v -2.507147 0.396338 0.592322
v -2.548980 0.396338 0.349669
v -2.284451 0.396338 0.572612
v -2.565806 0.481575 0.335488
v -2.548980 0.396338 0.349669
v -2.419892 0.396338 0.684610
v -2.491735 0.481575 0.716398
v -2.474909 0.396338 0.667227
v -2.523973 0.481575 0.648300
v -2.507147 0.396338 0.592322
v -2.285264 0.481575 0.739098
v -2.285264 0.481575 0.687119
v -2.302198 0.566811 0.723695
v -2.302198 0.566811 0.757217
v -2.268330 0.396338 0.684610
v -2.532940 0.481575 0.581252
v -2.491735 0.566811 0.734517
v -2.523973 0.566811 0.666418
v -2.268330 0.396338 0.684610
v -2.284451 0.396338 0.572612
v -2.531316 0.566811 0.608329
v -2.400596 0.566811 0.671393
v -2.491735 0.566811 0.734517
v -2.419892 0.566811 0.757217
v -2.360204 0.566811 0.707737
v -2.565806 0.481575 0.335488
v -2.456781 0.481575 0.241406
v -2.532940 0.481575 0.581252
v -2.415732 0.481575 0.581252
v -2.531316 0.566811 0.608329
v -2.417955 0.566811 0.609435
v -2.415732 0.481575 0.581252
v -2.532940 0.481575 0.581252
v -2.523973 0.566811 0.666418
v -2.417955 0.566811 0.609435
v -2.531316 0.566811 0.608329
v -2.302198 0.566811 0.757217
v -2.302198 0.566811 0.723695
v -2.474909 0.396338 0.667227
v 2.568020 0.697131 0.436307
v 2.531214 0.712975 0.419752
v 2.515567 0.756642 0.423713
v 2.542050 0.770238 0.443211
v 2.542050 0.770238 0.443211
v 2.515567 0.756642 0.423713
v 2.525380 0.754973 0.338325
v 2.555484 0.767614 0.326084
v 2.555484 0.767614 0.326084
v 2.525380 0.754973 0.338325
v 2.540356 0.710546 0.336041
v 2.580724 0.693560 0.322044
v 2.580724 0.693560 0.322044
v 2.540356 0.710546 0.336041
v 2.531214 0.712975 0.419752
v 2.568020 0.697131 0.436307
v 2.516081 0.843344 0.450115
v 2.478839 0.856398 0.433375
v 2.457096 0.901331 0.437452
v 2.480941 0.916449 0.457019
v 2.480941 0.916449 0.457019
v 2.457096 0.901331 0.437452
v 2.468147 0.901051 0.346276
v 2.495840 0.915735 0.334165
v 2.495840 0.915735 0.334165
v 2.468147 0.901051 0.346276
v 2.489210 0.855327 0.343924
v 2.530246 0.841673 0.330124
v 2.530246 0.841673 0.330124
v 2.489210 0.855327 0.343924
v 2.478839 0.856398 0.433375
v 2.516081 0.843344 0.450115
v 2.593428 0.689989 0.207781
v 2.556206 0.706643 0.190557
v 2.541460 0.752149 0.191421
v 2.568919 0.764992 0.208957
v 2.568919 0.764992 0.208957
v 2.541460 0.752149 0.191421
v 2.547974 0.751794 0.107041
v 2.577863 0.764810 0.093453
v 2.577863 0.764810 0.093453
v 2.547974 0.751794 0.107041
v 2.563395 0.706257 0.106554
v 2.603059 0.689690 0.092865
v 2.603059 0.689690 0.092865
v 2.563395 0.706257 0.106554
v 2.556206 0.706643 0.190557
v 2.593428 0.689989 0.207781
v 2.544412 0.840002 0.210134
v 2.506386 0.853635 0.193236
v 2.485532 0.900357 0.194106
v 2.510739 0.915019 0.211310
v 2.510739 0.915019 0.211310
v 2.485532 0.900357 0.194106
v 2.491081 0.900184 0.108577
v 2.518307 0.915059 0.094630
v 2.518307 0.915059 0.094630
v 2.491081 0.900184 0.108577
v 2.512594 0.853449 0.108088
v 2.552670 0.839933 0.094042
v 2.552670 0.839933 0.094042
v 2.512594 0.853449 0.108088
v 2.506386 0.853635 0.193236
v 2.544412 0.840002 0.210134
v 2.542050 0.770238 0.443211
v 2.505309 0.786220 0.426522
v 2.489656 0.829914 0.430492
v 2.516081 0.843344 0.450115
v 2.516081 0.843344 0.450115
v 2.489656 0.829914 0.430492
v 2.500096 0.828922 0.342208
v 2.530246 0.841673 0.330124
v 2.530246 0.841673 0.330124
v 2.500096 0.828922 0.342208
v 2.515084 0.784465 0.339914
v 2.555484 0.767614 0.326084
v 2.555484 0.767614 0.326084
v 2.515084 0.784465 0.339914
v 2.505309 0.786220 0.426522
v 2.542050 0.770238 0.443211
v 2.480941 0.916449 0.457019
v 2.443758 0.929636 0.440141
v 2.422010 0.974589 0.444226
v 2.445801 0.989556 0.463923
v 2.445801 0.989556 0.463923
v 2.422010 0.974589 0.444226
v 2.433699 0.975016 0.350155
v 2.461434 0.989799 0.338205
v 2.461434 0.989799 0.338205
v 2.433699 0.975016 0.350155
v 2.454775 0.929270 0.347795
v 2.495840 0.915735 0.334165
v 2.495840 0.915735 0.334165
v 2.454775 0.929270 0.347795
v 2.443758 0.929636 0.440141
v 2.480941 0.916449 0.457019
v 2.568919 0.764992 0.208957
v 2.531590 0.781657 0.191869
v 2.516845 0.827173 0.192731
v 2.544412 0.840002 0.210134
v 2.544412 0.840002 0.210134
v 2.516845 0.827173 0.192731
v 2.522868 0.826900 0.107775
v 2.552670 0.839933 0.094042
v 2.552670 0.839933 0.094042
v 2.522868 0.826900 0.107775
v 2.538288 0.781355 0.107288
v 2.577863 0.764810 0.093453
v 2.577863 0.764810 0.093453
v 2.538288 0.781355 0.107288
v 2.531590 0.781657 0.191869
v 2.568919 0.764992 0.208957
v 2.510739 0.915019 0.211310
v 2.472610 0.928662 0.194540
v 2.451756 0.975393 0.195409
v 2.477067 0.990043 0.212487
v 2.477067 0.990043 0.212487
v 2.451756 0.975393 0.195409
v 2.456808 0.975298 0.109300
v 2.483945 0.990189 0.095218
v 2.483945 0.990189 0.095218
v 2.456808 0.975298 0.109300
v 2.478322 0.928556 0.108810
v 2.518307 0.915059 0.094630
v 2.518307 0.915059 0.094630
v 2.478322 0.928556 0.108810
v 2.472610 0.928662 0.194540
v 2.510739 0.915019 0.211310
v 2.555484 0.767614 0.326084
v 2.528722 0.754203 0.307236
v 2.538553 0.752526 0.221707
v 2.568919 0.764992 0.208957
v 2.568919 0.764992 0.208957
v 2.538553 0.752526 0.221707
v 2.553199 0.707214 0.221131
v 2.593428 0.689989 0.207781
v 2.593428 0.689989 0.207781
v 2.553199 0.707214 0.221131
v 2.544038 0.709650 0.304968
v 2.580724 0.693560 0.322044
v 2.580724 0.693560 0.322044
v 2.544038 0.709650 0.304968
v 2.528722 0.754203 0.307236
v 2.555484 0.767614 0.326084
v 2.495840 0.915735 0.334165
v 2.471692 0.900770 0.315215
v 2.482761 0.900485 0.223909
v 2.510739 0.915019 0.211310
v 2.510739 0.915019 0.211310
v 2.482761 0.900485 0.223909
v 2.503489 0.853921 0.223317
v 2.544412 0.840002 0.210134
v 2.544412 0.840002 0.210134
v 2.503489 0.853921 0.223317
v 2.493098 0.854996 0.312884
v 2.530246 0.841673 0.330124
v 2.530246 0.841673 0.330124
v 2.493098 0.854996 0.312884
v 2.471692 0.900770 0.315215
v 2.495840 0.915735 0.334165
v 2.577863 0.764810 0.093453
v 2.550581 0.751814 0.076042
v 2.557098 0.751460 -0.008345
v 2.586808 0.764628 -0.022051
v 2.586808 0.764628 -0.022051
v 2.557098 0.751460 -0.008345
v 2.572977 0.705724 -0.008474
v 2.612690 0.689392 -0.022051
v 2.612690 0.689392 -0.022051
v 2.572977 0.705724 -0.008474
v 2.565787 0.706108 0.075535
v 2.603059 0.689690 0.092865
v 2.603059 0.689690 0.092865
v 2.565787 0.706108 0.075535
v 2.550581 0.751814 0.076042
v 2.577863 0.764810 0.093453
v 2.518307 0.915059 0.094630
v 2.493274 0.900277 0.077546
v 2.498824 0.900106 -0.007991
v 2.525875 0.915099 -0.022051
v 2.525875 0.915099 -0.022051
v 2.498824 0.900106 -0.007991
v 2.520830 0.853164 -0.008113
v 2.560927 0.839864 -0.022051
v 2.560927 0.839864 -0.022051
v 2.520830 0.853164 -0.008113
v 2.514621 0.853348 0.077042
v 2.552670 0.839933 0.094042
v 2.552670 0.839933 0.094042
v 2.514621 0.853348 0.077042
v 2.493274 0.900277 0.077546
v 2.518307 0.915059 0.094630
v 2.530246 0.841673 0.330124
v 2.503545 0.828418 0.311149
v 2.514003 0.827419 0.222732
v 2.544412 0.840002 0.210134
v 2.544412 0.840002 0.210134
v 2.514003 0.827419 0.222732
v 2.528656 0.782081 0.222148
v 2.568919 0.764992 0.208957
v 2.568919 0.764992 0.208957
v 2.528656 0.782081 0.222148
v 2.518864 0.783842 0.308873
v 2.555484 0.767614 0.326084
v 2.555484 0.767614 0.326084
v 2.518864 0.783842 0.308873
v 2.503545 0.828418 0.311149
v 2.530246 0.841673 0.330124
v 2.461434 0.989799 0.338205
v 2.437343 0.974979 0.319124
v 2.449051 0.975402 0.224930
v 2.477067 0.990043 0.212487
v 2.477067 0.990043 0.212487
v 2.449051 0.975402 0.224930
v 2.469787 0.928818 0.224330
v 2.510739 0.915019 0.211310
v 2.510739 0.915019 0.211310
v 2.469787 0.928818 0.224330
v 2.458752 0.929187 0.316785
v 2.495840 0.915735 0.334165
v 2.495840 0.915735 0.334165
v 2.458752 0.929187 0.316785
v 2.437343 0.974979 0.319124
v 2.461434 0.989799 0.338205
v 2.552670 0.839933 0.094042
v 2.525279 0.826950 0.076764
v 2.531304 0.826679 -0.008200
v 2.560927 0.839864 -0.022051
v 2.560927 0.839864 -0.022051
v 2.531304 0.826679 -0.008200
v 2.547184 0.780940 -0.008329
v 2.586808 0.764628 -0.022051
v 2.586808 0.764628 -0.022051
v 2.547184 0.780940 -0.008329
v 2.540485 0.781238 0.076258
v 2.577863 0.764810 0.093453
v 2.577863 0.764810 0.093453
v 2.540485 0.781238 0.076258
v 2.525279 0.826950 0.076764
v 2.552670 0.839933 0.094042
v 2.483945 0.990189 0.095218
v 2.458809 0.975419 0.078259
v 2.463862 0.975326 -0.007857
v 2.490824 0.990335 -0.022051
v 2.490824 0.990335 -0.022051
v 2.463862 0.975326 -0.007857
v 2.485868 0.928381 -0.007979
v 2.525875 0.915099 -0.022051
v 2.525875 0.915099 -0.022051
v 2.485868 0.928381 -0.007979
v 2.480156 0.928484 0.077756
v 2.518307 0.915059 0.094630
v 2.518307 0.915059 0.094630
v 2.480156 0.928484 0.077756
v 2.458809 0.975419 0.078259
v 2.483945 0.990189 0.095218
v 2.531214 0.712975 0.419752
v 2.540356 0.710546 0.336041
v 2.525380 0.754973 0.338325
v 2.515567 0.756642 0.423713
v 2.478839 0.856398 0.433375
v 2.489210 0.855327 0.343924
v 2.468147 0.901051 0.346276
v 2.457096 0.901331 0.437452
v 2.556206 0.706643 0.190557
v 2.563395 0.706257 0.106554
v 2.547974 0.751794 0.107041
v 2.541460 0.752149 0.191421
v 2.506386 0.853635 0.193236
v 2.512594 0.853449 0.108088
v 2.491081 0.900184 0.108577
v 2.485532 0.900357 0.194106
v 2.505309 0.786220 0.426522
v 2.515084 0.784465 0.339914
v 2.500096 0.828922 0.342208
v 2.489656 0.829914 0.430492
v 2.443758 0.929636 0.440141
v 2.454775 0.929270 0.347795
v 2.433699 0.975016 0.350155
v 2.422010 0.974589 0.444226
v 2.531590 0.781657 0.191869
v 2.538288 0.781355 0.107288
v 2.522868 0.826900 0.107775
v 2.516845 0.827173 0.192731
v 2.472610 0.928662 0.194540
v 2.478322 0.928556 0.108810
v 2.456808 0.975298 0.109300
v 2.451756 0.975393 0.195409
v 2.544038 0.709650 0.304968
v 2.553199 0.707214 0.221131
v 2.538553 0.752526 0.221707
v 2.528722 0.754203 0.307236
v 2.493098 0.854996 0.312884
v 2.503489 0.853921 0.223317
v 2.482761 0.900485 0.223909
v 2.471692 0.900770 0.315215
v 2.565787 0.706108 0.075535
v 2.572977 0.705724 -0.008474
v 2.557098 0.751460 -0.008345
v 2.550581 0.751814 0.076042
v 2.514621 0.853348 0.077042
v 2.520830 0.853164 -0.008113
v 2.498824 0.900106 -0.007991
v 2.493274 0.900277 0.077546
v 2.518864 0.783842 0.308873
v 2.528656 0.782081 0.222148
v 2.514003 0.827419 0.222732
v 2.503545 0.828418 0.311149
v 2.458752 0.929187 0.316785
v 2.469787 0.928818 0.224330
v 2.449051 0.975402 0.224930
v 2.437343 0.974979 0.319124
v 2.540485 0.781238 0.076258
v 2.547184 0.780940 -0.008329
v 2.531304 0.826679 -0.008200
v 2.525279 0.826950 0.076764
v 2.480156 0.928484 0.077756
v 2.485868 0.928381 -0.007979
v 2.463862 0.975326 -0.007857
v 2.458809 0.975419 0.078259
v 2.169458 0.393725 0.814547
v 2.156844 0.475377 0.517440
v 2.176534 0.297536 0.517440
v 2.176534 0.297536 0.778701
v 2.074729 0.760647 0.869064
v 2.060768 0.760080 0.517440
v 2.115330 0.678122 0.863972
v 1.991900 0.819556 0.874175
v 2.061113 0.781996 0.870480
v 1.740750 0.854918 0.879335
v 1.740750 0.854918 0.517440
v 1.508459 0.836685 0.878936
v 1.445321 0.797307 0.517440
v 1.389985 0.749805 0.871443
v 1.437519 0.805430 0.876290
v 1.341694 0.603371 0.856531
v 1.323628 0.498180 0.517440
v 1.305562 0.392989 0.817998
v -1.255028 0.852636 0.881377
v -1.179747 0.813263 0.517440
v -1.167675 0.820926 0.877634
v -1.116537 0.766227 0.871554
v -1.045930 0.507112 0.517440
v -1.060421 0.612520 0.854784
v -1.031440 0.401703 0.814159
v -1.470282 0.875291 0.881829
v -1.470282 0.875291 0.517440
v -1.685855 0.860236 0.876489
v -1.761157 0.816717 0.517440
v -1.792301 0.802645 0.866468
v -1.750647 0.836232 0.871890
v -1.844506 0.666787 0.847186
v -1.849681 0.641021 0.517440
v -1.815824 0.767756 0.861528
v -1.888279 0.360781 0.752382
v -1.888279 0.360781 0.517440
v -1.867599 0.566496 0.826521
v -1.026133 0.281735 0.784826
v -1.026133 0.281735 0.517440
v -0.971408 0.281697 0.786252
v -1.026133 0.281735 0.517440
v -1.026133 0.281735 0.784826
v -0.845923 0.282111 0.745716
v -0.558947 0.281769 0.517440
v -0.558981 0.282137 0.744211
v -0.049425 0.282170 0.742277
v 0.267681 0.281816 0.517440
v 0.610598 0.281462 0.742914
v 1.290959 0.276550 0.517440
v 1.117055 0.278424 0.746376
v 1.228156 0.278510 0.793036
v 1.290959 0.276550 0.791458
v 1.290959 0.276550 0.517440
v 1.290959 0.276550 0.791458
v 2.144230 0.557029 0.847474
v -1.849681 0.641021 0.517440
v -1.045930 0.507112 0.517440
v -1.179747 0.813263 0.517440
v -1.761157 0.816717 0.517440
v -1.888279 0.360781 0.517440
v -1.026133 0.281735 0.517440
v 1.445321 0.797307 0.517440
v 1.323628 0.498180 0.517440
v 2.156844 0.475377 0.517440
v 2.060768 0.760080 0.517440
v 2.176534 0.297536 0.517440
v 1.290959 0.276550 0.517440
v 1.740750 0.854918 0.517440
v -1.470282 0.875291 0.517440
v 2.416249 0.302649 0.707325
v 2.256617 0.299244 0.777652
v 2.176534 0.297536 0.778701
v 2.176534 0.297536 0.517440
v 2.514059 0.304735 0.416658
v 2.459653 0.303575 0.641666
v -1.888279 0.360781 0.517440
v -1.888279 0.360781 0.752382
v -1.954281 0.367057 0.748919
v -2.001522 0.371267 0.705173
v -1.888279 0.360781 0.517440
v -2.295369 0.395690 0.191260
v -2.082430 0.378448 0.671766
v -2.249004 0.395234 0.654691
v 0.887976 1.177628 -1.055855
v 0.980155 1.191240 -1.053348
v 0.966684 1.174173 -1.055561
v 0.897947 1.294038 -1.030449
v 0.958220 1.308122 -0.877153
v 1.008712 1.306840 -0.900858
v 0.950704 1.295172 -1.030072
v 0.960900 1.151586 -0.870305
v 0.971563 1.161350 -1.036158
v 1.032521 1.152076 -0.894478
v 0.973194 1.281294 -1.038099
v 1.031252 1.293285 -0.904242
v 1.051220 1.183386 -0.908342
v 0.989797 1.191886 -1.045556
v 0.968481 1.149587 -0.861330
v 0.974839 1.148249 -0.852438
v 0.974134 1.182874 -0.855411
v 0.963877 1.158867 -0.862736
v 0.968481 1.149587 -0.861330
v 1.035572 1.150304 -0.881398
v 1.037247 1.148249 -0.867236
v 0.974839 1.148249 -0.852438
v 1.049668 1.186254 -0.894912
v 1.036259 1.186806 -0.871403
v 1.026163 1.294145 -0.893223
v 0.963717 1.295154 -0.863182
v 0.974134 1.182874 -0.855411
v 0.984142 1.142769 -0.807427
v 0.988003 1.180210 -0.791145
v 1.078097 1.144482 -0.813736
v 0.984142 1.142769 -0.807427
v 1.096624 1.180211 -0.790813
v 1.036259 1.186806 -0.871403
v 0.974134 1.182874 -0.855411
v 0.988003 1.180210 -0.791145
v 1.096624 1.180211 -0.790813
v 1.048883 1.176581 -0.899592
v 0.977031 1.174295 -1.048135
v 0.891680 1.278119 -1.046422
v 0.963622 1.280281 -1.045772
v 0.892489 1.163192 -1.044351
v 0.961922 1.162029 -1.043815
v 0.960330 1.296117 -1.022429
v 1.013680 1.305893 -0.911995
v 0.963717 1.295154 -0.863182
v 0.960900 1.151586 -0.870305
v 0.907049 1.171904 -1.042035
v 0.912485 1.285380 -1.028616
v 0.907785 1.273845 -1.040191
v 0.904325 1.180329 -1.048748
v 0.891680 1.278119 -1.046422
v 0.887976 1.177628 -1.055855
v 0.889610 1.178855 -1.051689
v 0.893159 1.276178 -1.042653
v 0.892489 1.163192 -1.044351
v 0.893270 1.167148 -1.042359
v 0.960900 1.151586 -0.870305
v 0.960329 1.155791 -0.871757
v 0.963877 1.158867 -0.862736
v 0.962309 1.160634 -0.866723
v 0.963717 1.295154 -0.863182
v 0.962154 1.293330 -0.867154
v 0.958220 1.308122 -0.877153
v 0.957684 1.303876 -0.878515
v 0.897947 1.294038 -1.030449
v 0.898642 1.290106 -1.028677
v 0.893159 1.276178 -1.042653
v 0.889610 1.178855 -1.051689
v 0.904325 1.180329 -1.048748
v 0.907785 1.273845 -1.040191
v 0.893270 1.167148 -1.042359
v 0.907049 1.171904 -1.042035
v 0.960329 1.155791 -0.871757
v 0.975255 1.161801 -0.874578
v 0.962309 1.160634 -0.866723
v 0.962154 1.293330 -0.867154
v 0.975507 1.291137 -0.873998
v 0.957684 1.303876 -0.878515
v 0.972145 1.298771 -0.882222
v 0.898642 1.290106 -1.028677
v 0.912485 1.285380 -1.028616
v 0.975255 1.161801 -0.874578
v 0.975507 1.291137 -0.873998
v 0.972145 1.298771 -0.882222
v 0.887976 1.177628 1.011754
v 0.966684 1.174173 1.011460
v 0.980155 1.191240 1.009246
v 0.897947 1.294038 0.986348
v 0.950704 1.295172 0.985970
v 1.008712 1.306840 0.856756
v 0.958220 1.308122 0.833052
v 0.960900 1.151586 0.826203
v 0.971563 1.161350 0.992056
v 0.892489 1.163192 1.000249
v 0.973194 1.281294 0.993997
v 0.989797 1.191886 1.001455
v 1.051220 1.183386 0.864240
v 1.031252 1.293285 0.860141
v 0.974134 1.182874 0.811310
v 0.974839 1.148249 0.808337
v 0.968481 1.149587 0.817229
v 0.963877 1.158867 0.818635
v 0.968481 1.149587 0.817229
v 0.974839 1.148249 0.808337
v 1.037247 1.148249 0.823135
v 1.035572 1.150304 0.837297
v 1.036259 1.186806 0.827302
v 1.049668 1.186254 0.850810
v 1.026163 1.294145 0.849122
v 0.974134 1.182874 0.811310
v 0.963717 1.295154 0.819081
v 0.988003 1.180210 0.747044
v 0.984142 1.142769 0.763326
v 0.984142 1.142769 0.763326
v 1.078097 1.144482 0.769635
v 1.096624 1.180211 0.746712
v 1.036259 1.186806 0.827302
v 1.096624 1.180211 0.746712
v 0.988003 1.180210 0.747044
v 0.974134 1.182874 0.811310
v 1.048883 1.176581 0.855491
v 1.032521 1.152076 0.850377
v 0.977031 1.174295 1.004034
v 0.891680 1.278119 1.002320
v 0.963622 1.280281 1.001670
v 0.961922 1.162029 0.999714
v 1.013680 1.305893 0.867894
v 0.960330 1.296117 0.978327
v 0.963717 1.295154 0.819081
v 0.960900 1.151586 0.826203
v 0.907785 1.273845 0.996089
v 0.912485 1.285380 0.984515
v 0.907049 1.171904 0.997933
v 0.904325 1.180329 1.004647
v 0.891680 1.278119 1.002320
v 0.893159 1.276178 0.998551
v 0.889610 1.178855 1.007587
v 0.887976 1.177628 1.011754
v 0.893270 1.167148 0.998258
v 0.892489 1.163192 1.000249
v 0.960329 1.155791 0.827656
v 0.960900 1.151586 0.826203
v 0.962309 1.160634 0.822622
v 0.963877 1.158867 0.818635
v 0.962154 1.293330 0.823053
v 0.963717 1.295154 0.819081
v 0.957684 1.303876 0.834414
v 0.958220 1.308122 0.833052
v 0.898642 1.290106 0.984576
v 0.897947 1.294038 0.986348
v 0.893159 1.276178 0.998551
v 0.907785 1.273845 0.996089
v 0.904325 1.180329 1.004647
v 0.889610 1.178855 1.007587
v 0.907049 1.171904 0.997933
v 0.893270 1.167148 0.998258
v 0.975255 1.161801 0.830476
v 0.960329 1.155791 0.827656
v 0.962309 1.160634 0.822622
v 0.975507 1.291137 0.829897
v 0.962154 1.293330 0.823053
v 0.972145 1.298771 0.838120
v 0.957684 1.303876 0.834414
v 0.912485 1.285380 0.984515
v 0.898642 1.290106 0.984576
v 0.975507 1.291137 0.829897
v 0.975255 1.161801 0.830476
v 0.972145 1.298771 0.838120
v 1.338866 1.259401 0.122391
v 1.340576 1.261516 -0.137073
v 1.342516 1.259479 -0.137057
v 1.340806 1.257364 0.122407
v 1.353021 1.263317 -0.137541
v 1.344929 1.271816 -0.137608
v 1.343219 1.269700 0.121856
v 1.351311 1.261202 0.121923
v 1.342516 1.259479 -0.137057
v 1.353021 1.263317 -0.137541
v 1.351311 1.261202 0.121923
v 1.340806 1.257364 0.122407
v 1.300932 1.249795 -0.476028
v 1.298993 1.251832 -0.476044
v 1.303346 1.262132 -0.476579
v 1.311437 1.253634 -0.476513
v 1.337379 1.261613 -0.193787
v 1.341732 1.271913 -0.194322
v 1.303346 1.262132 -0.476579
v 1.298993 1.251832 -0.476044
v 1.338866 1.259401 0.122391
v 1.340806 1.257364 0.122407
v 1.351311 1.261202 0.121923
v 1.343219 1.269700 0.121856
v 1.298993 1.251832 -0.476044
v 1.300932 1.249795 -0.476028
v 1.339319 1.259576 -0.193771
v 1.337379 1.261613 -0.193787
v 1.311437 1.253634 -0.476513
v 1.303346 1.262132 -0.476579
v 1.341732 1.271913 -0.194322
v 1.349823 1.263415 -0.194255
v 1.300932 1.249795 -0.476028
v 1.311437 1.253634 -0.476513
v 1.349823 1.263415 -0.194255
v 1.339319 1.259576 -0.193771
v 1.338866 1.259401 0.122391
v 1.343219 1.269700 0.121856
v 1.344929 1.271816 -0.137608
v 1.340576 1.261516 -0.137073
v 1.363203 1.273007 -0.138240
v 1.360006 1.273104 -0.194954
v 1.351915 1.281603 -0.195020
v 1.355112 1.281505 -0.138306
v 1.344929 1.271816 -0.137608
v 1.353021 1.263317 -0.137541
v 1.363203 1.273007 -0.138240
v 1.355112 1.281505 -0.138306
v 1.360006 1.273104 -0.194954
v 1.363203 1.273007 -0.138240
v 1.396803 1.145275 -0.625109
v 1.372602 1.170692 -0.625308
v 1.382786 1.180382 -0.626007
v 1.406985 1.154965 -0.625808
v 1.341732 1.271913 -0.194322
v 1.344929 1.271816 -0.137608
v 1.355112 1.281505 -0.138306
v 1.351915 1.281603 -0.195020
v 1.349823 1.263415 -0.194255
v 1.341732 1.271913 -0.194322
v 1.372602 1.170692 -0.625308
v 1.396803 1.145275 -0.625109
v 1.341732 1.271913 -0.194322
v 1.351915 1.281603 -0.195020
v 1.382786 1.180382 -0.626007
v 1.372602 1.170692 -0.625308
v 1.351915 1.281603 -0.195020
v 1.360006 1.273104 -0.194954
v 1.406985 1.154965 -0.625808
v 1.382786 1.180382 -0.626007
v 1.360006 1.273104 -0.194954
v 1.349823 1.263415 -0.194255
v 1.396803 1.145275 -0.625109
v 1.406985 1.154965 -0.625808
v 1.276469 1.225301 0.644778
v 1.310138 1.231787 0.545361
v 1.312056 1.230100 0.545572
v 1.278396 1.223614 0.644913
v 1.287616 1.227983 0.645193
v 1.321252 1.234473 0.546167
v 1.313249 1.241507 0.545286
v 1.279578 1.235022 0.644628
v 1.312056 1.230100 0.545572
v 1.321252 1.234473 0.546167
v 1.287616 1.227983 0.645193
v 1.278396 1.223614 0.644913
v 1.371945 1.235177 0.142269
v 1.370018 1.236864 0.142134
v 1.373127 1.246585 0.141984
v 1.381165 1.239546 0.142548
v 1.346156 1.235756 0.342075
v 1.349270 1.245476 0.342115
v 1.373127 1.246585 0.141984
v 1.370018 1.236864 0.142134
v 1.276469 1.225301 0.644778
v 1.278396 1.223614 0.644913
v 1.287616 1.227983 0.645193
v 1.279578 1.235022 0.644628
v 1.370018 1.236864 0.142134
v 1.371945 1.235177 0.142269
v 1.348061 1.234071 0.342402
v 1.346156 1.235756 0.342075
v 1.381165 1.239546 0.142548
v 1.373127 1.246585 0.141984
v 1.349270 1.245476 0.342115
v 1.357220 1.238447 0.343478
v 1.371945 1.235177 0.142269
v 1.381165 1.239546 0.142548
v 1.357220 1.238447 0.343478
v 1.348061 1.234071 0.342402
v 1.337791 1.235305 0.393486
v 1.310138 1.231787 0.545361
v 1.313249 1.241507 0.545286
v 1.340905 1.245025 0.393526
v 1.337791 1.235305 0.393486
v 1.339697 1.233620 0.393813
v 1.357266 1.247657 0.395654
v 1.365631 1.248108 0.344243
v 1.357681 1.255137 0.342880
v 1.349316 1.254686 0.394291
v 1.339697 1.233620 0.393813
v 1.348855 1.237996 0.394889
v 1.340905 1.245025 0.393526
v 1.348855 1.237996 0.394889
v 1.357266 1.247657 0.395654
v 1.349316 1.254686 0.394291
v 1.365631 1.248108 0.344243
v 1.357266 1.247657 0.395654
v 1.484954 1.146584 -0.032442
v 1.460148 1.167718 -0.044705
v 1.468598 1.177374 -0.044616
v 1.493404 1.156240 -0.032354
v 1.349270 1.245476 0.342115
v 1.340905 1.245025 0.393526
v 1.349316 1.254686 0.394291
v 1.357681 1.255137 0.342880
v 1.357220 1.238447 0.343478
v 1.349270 1.245476 0.342115
v 1.460148 1.167718 -0.044705
v 1.484954 1.146584 -0.032442
v 1.468598 1.177374 -0.044616
v 1.460148 1.167718 -0.044705
v 1.357681 1.255137 0.342880
v 1.365631 1.248108 0.344243
v 1.493404 1.156240 -0.032354
v 1.468598 1.177374 -0.044616
v 1.365631 1.248108 0.344243
v 1.357220 1.238447 0.343478
v 1.484954 1.146584 -0.032442
v 1.493404 1.156240 -0.032354
v 1.348855 1.237996 0.394889
v 1.340905 1.245025 0.393526
v 1.276469 1.225301 0.644778
v 1.279578 1.235022 0.644628
v 0.862242 1.491666 -0.691020
v 0.778781 1.495498 -0.658683
v 0.978945 1.346216 -0.707668
v 1.065628 1.343745 -0.738113
v 0.747894 1.568180 -0.662628
v 0.641413 1.576821 -0.617028
v 1.164770 1.262744 -0.755289
v 1.063098 1.174908 -0.753447
v 1.225124 1.214700 -0.770239
v 0.162435 1.175257 -0.808620
v 0.077848 1.153811 -0.730477
v 0.185641 1.151518 -0.813037
v 0.161155 1.228615 -0.795096
v 0.086753 1.369443 -0.670336
v 0.157779 1.368766 -0.752720
v 0.096543 1.605563 -0.579117
v 0.153926 1.528058 -0.694288
v 0.152626 1.581648 -0.671448
v 0.175874 1.602556 -0.662692
v -0.008697 1.177146 -0.803015
v -0.028850 1.155152 -0.806656
v -0.007343 1.227453 -0.790155
v -0.005009 1.368829 -0.747246
v -0.002385 1.530041 -0.687924
v -0.001396 1.584034 -0.664779
v -0.023344 1.605452 -0.655356
v 0.737708 1.580548 -0.648916
v 0.641413 1.576821 -0.617028
v 0.747894 1.568180 -0.662628
v 0.726912 1.592930 -0.630087
v 0.778781 1.495498 -0.658683
v 0.757045 1.499331 -0.703252
v 0.953988 1.348686 -0.754131
v 0.978945 1.346216 -0.707668
v 0.696992 1.533041 -0.690383
v 1.063098 1.174908 -0.753447
v 0.959234 1.221498 -0.798346
v 0.962797 1.135116 -0.813563
v 0.617639 1.560712 -0.680875
v 0.407458 1.147350 -0.814243
v 0.554684 1.144207 -0.022051
v 0.701909 1.141064 -0.814469
v -0.481410 1.168147 -0.698545
v -0.481729 1.166692 -0.022131
v 0.077848 1.153811 -0.022051
v 0.185641 1.151518 -0.813037
v 0.962797 1.135116 -0.022051
v 0.962797 1.135116 -0.813563
v 1.063098 1.174908 -0.753447
v 1.225124 1.214700 -0.022051
v 1.225125 1.214700 -0.595170
v 0.077848 1.153811 -0.730477
v -0.028850 1.155152 -0.806656
v 1.374445 1.233371 -0.234132
v 1.385314 1.233371 -0.022051
v 1.315084 1.225944 -0.591649
v 1.225124 1.214700 -0.770239
v 1.274104 1.219982 -0.708391
v 0.602804 1.602812 -0.585888
v 0.661988 1.619647 -0.022051
v 0.424481 1.634216 -0.022051
v 0.424481 1.591390 -0.668488
v 0.133084 1.647181 -0.022051
v 0.223083 1.600731 -0.663776
v 0.175874 1.602556 -0.662692
v -0.023344 1.605452 -0.655356
v -0.463266 1.608059 -0.653463
v 0.096543 1.605563 -0.579117
v 0.762574 1.608634 -0.198512
v 0.739780 1.604805 -0.496009
v 0.728058 1.601804 -0.592907
v 0.602804 1.602812 -0.585888
v 0.424481 1.591390 -0.668488
v 0.739780 1.604805 -0.496009
v 0.768249 1.608632 -0.022051
v -0.463208 1.158559 -0.805145
v -0.105779 1.650739 -0.022051
v -0.494279 1.612839 -0.022051
v -0.493693 1.611144 -0.580957
v -0.599966 1.554421 -0.625384
v -0.493693 1.611144 -0.580957
v -0.597539 1.577466 -0.591435
v -0.518402 1.368956 -0.681600
v -0.599966 1.554421 -0.625384
v -0.620006 1.363899 -0.700486
v -0.625786 1.264437 -0.724246
v -0.627800 1.231036 -0.698545
v -0.481410 1.168147 -0.698545
v -0.625786 1.264437 -0.724246
v -0.490215 1.582642 -0.661856
v -0.463266 1.608059 -0.653463
v -0.490215 1.374013 -0.745697
v -0.490215 1.582642 -0.661856
v -0.490215 1.184316 -0.796232
v -0.463208 1.158559 -0.805145
v -0.490215 1.184316 -0.796232
v -0.628120 1.229581 -0.022131
v -0.481729 1.166692 -0.022131
v -0.481410 1.168147 -0.698545
v -0.628203 1.228242 -0.548982
v -0.628203 1.228242 -0.548982
v -0.481410 1.168147 -0.698545
v -0.627800 1.231036 -0.698545
v -0.597539 1.577520 -0.509975
v -0.493693 1.611144 -0.580957
v -0.494279 1.612839 -0.022051
v -0.597539 1.577538 -0.022051
v -0.597539 1.577466 -0.591435
v -0.493693 1.611144 -0.580957
v -0.597539 1.577520 -0.509975
v 0.862242 1.491666 0.646919
v 1.065628 1.343745 0.694012
v 0.978945 1.346216 0.663567
v 0.778781 1.495498 0.614582
v 0.747894 1.568180 0.618527
v 0.641413 1.576821 0.572926
v 1.164770 1.262744 0.711188
v 1.225124 1.214700 0.726138
v 1.063098 1.174908 0.709346
v 0.162435 1.175257 0.764519
v 0.185641 1.151518 0.768936
v 0.077848 1.153811 0.686376
v 0.161155 1.228615 0.750995
v 0.086753 1.369443 0.626235
v 0.157779 1.368766 0.708619
v 0.096543 1.605563 0.535016
v 0.153926 1.528058 0.650186
v 0.152626 1.581648 0.627347
v 0.175874 1.602556 0.618591
v -0.028850 1.155152 0.762554
v -0.008697 1.177146 0.758914
v -0.007343 1.227453 0.746054
v -0.005009 1.368829 0.703145
v -0.002385 1.530041 0.643823
v -0.001396 1.584034 0.620678
v -0.023344 1.605452 0.611255
v 0.737708 1.580548 0.604815
v 0.747894 1.568180 0.618527
v 0.641413 1.576821 0.572926
v 0.726912 1.592930 0.585986
v 0.953988 1.348686 0.710030
v 0.757045 1.499331 0.659151
v 0.778781 1.495498 0.614582
v 0.978945 1.346216 0.663567
v 0.696992 1.533041 0.646282
v 1.063098 1.174908 0.709346
v 0.962797 1.135116 0.769462
v 0.959234 1.221498 0.754245
v 0.617639 1.560712 0.636774
v 0.407458 1.147350 0.770142
v 0.701909 1.141064 0.770368
v -0.481410 1.168147 0.654444
v -0.481729 1.166692 -0.021971
v 0.185641 1.151518 0.768936
v 0.962797 1.135116 0.769462
v 1.063098 1.174908 0.709346
v 1.225125 1.214700 0.551069
v 0.077848 1.153811 0.686376
v -0.028850 1.155152 0.762554
v 1.374445 1.233371 0.190031
v 1.315084 1.225944 0.547548
v 1.225124 1.214700 0.726138
v 1.274104 1.219982 0.664290
v 0.602804 1.602812 0.541787
v 0.424481 1.591390 0.624387
v 0.223083 1.600731 0.619675
v 0.175874 1.602556 0.618591
v -0.023344 1.605452 0.611255
v -0.463266 1.608059 0.609362
v 0.096543 1.605563 0.535016
v 0.762574 1.608634 0.154411
v 0.739780 1.604805 0.451908
v 0.728058 1.601804 0.548806
v 0.602804 1.602812 0.541787
v 0.424481 1.591390 0.624387
v 0.739780 1.604805 0.451908
v -0.463208 1.158559 0.761044
v -0.493693 1.611144 0.536856
v -0.599966 1.554421 0.581283
v -0.597539 1.577466 0.547334
v -0.493693 1.611144 0.536856
v -0.599966 1.554421 0.581283
v -0.518402 1.368956 0.637499
v -0.620006 1.363899 0.656385
v -0.625786 1.264437 0.680145
v -0.627800 1.231036 0.654444
v -0.625786 1.264437 0.680145
v -0.481410 1.168147 0.654444
v -0.463266 1.608059 0.609362
v -0.490215 1.582642 0.617755
v -0.490215 1.582642 0.617755
v -0.490215 1.374013 0.701596
v -0.490215 1.184316 0.752131
v -0.490215 1.184316 0.752131
v -0.463208 1.158559 0.761044
v -0.628120 1.229581 -0.021971
v -0.628203 1.228242 0.504881
v -0.481410 1.168147 0.654444
v -0.481729 1.166692 -0.021971
v -0.628203 1.228242 0.504881
v -0.627800 1.231036 0.654444
v -0.481410 1.168147 0.654444
v -0.597539 1.577520 0.465874
v -0.597539 1.577538 -0.022051
v -0.494279 1.612839 -0.022051
v -0.493693 1.611144 0.536856
v -0.597539 1.577466 0.547334
v -0.597539 1.577520 0.465874
v -0.493693 1.611144 0.536856
v 1.098313 1.098324 -0.251066
v 1.116037 1.164473 -0.288586
v 0.952116 1.233090 -0.233229
v 0.928218 1.143901 -0.182642
v 1.126992 1.205355 -0.386812
v 0.966885 1.288211 -0.365668
v 1.126992 1.205355 -0.508227
v 0.966885 1.288211 -0.529371
v 1.116037 1.164473 -0.606453
v 0.952116 1.233090 -0.661810
v 1.098313 1.098324 -0.643973
v 0.928218 1.143901 -0.712397
v 0.928218 1.143901 -0.182642
v 0.952116 1.233090 -0.233229
v 0.928218 1.143901 -0.447519
v 0.966885 1.288211 -0.365668
v 0.966885 1.288211 -0.529371
v 0.952116 1.233090 -0.661810
v 0.928218 1.143901 -0.712397
v 1.116037 1.164473 -0.288586
v 1.098313 1.098324 -0.251066
v 1.098313 1.098324 -0.447520
v 1.098313 1.098324 -0.643973
v 1.116037 1.164473 -0.606453
v 1.126992 1.205355 -0.508227
v 1.126992 1.205355 -0.386812
v 0.890292 1.304869 -0.448733
v 0.870951 1.291326 -0.448733
v 0.866889 1.282616 -0.388057
v 0.885808 1.295252 -0.381739
v 0.870951 1.291326 -0.448733
v 0.892350 1.281347 -0.448733
v 0.888289 1.272637 -0.388057
v 0.866889 1.282616 -0.388057
v 0.892350 1.281347 -0.448733
v 0.890292 1.304869 -0.448733
v 0.885808 1.295252 -0.381739
v 0.888289 1.272637 -0.388057
v 0.855103 1.257339 -0.333321
v 0.872794 1.267343 -0.321302
v 0.876502 1.247361 -0.333321
v 0.855103 1.257339 -0.333321
v 0.872794 1.267343 -0.321302
v 0.876502 1.247361 -0.333321
v 0.836745 1.217970 -0.289883
v 0.852524 1.223874 -0.273340
v 0.858144 1.207992 -0.289883
v 0.836745 1.217970 -0.289883
v 0.852524 1.223874 -0.273340
v 0.858144 1.207992 -0.289883
v 0.813612 1.168363 -0.261993
v 0.826982 1.169100 -0.242546
v 0.835012 1.158384 -0.261993
v 0.813612 1.168363 -0.261993
v 0.826982 1.169100 -0.242546
v 0.835012 1.158384 -0.261993
v 0.787970 1.113372 -0.252383
v 0.798670 1.108383 -0.231935
v 0.809369 1.103393 -0.252383
v 0.787970 1.113372 -0.252383
v 0.798670 1.108383 -0.231935
v 0.809369 1.103393 -0.252383
v 0.798670 1.108383 -0.665531
v 0.787970 1.113372 -0.645083
v 0.813613 1.168363 -0.635473
v 0.826983 1.169100 -0.654920
v 0.787970 1.113372 -0.645083
v 0.809370 1.103393 -0.645083
v 0.835012 1.158384 -0.635473
v 0.813613 1.168363 -0.635473
v 0.809370 1.103393 -0.645083
v 0.798670 1.108383 -0.665531
v 0.826983 1.169100 -0.654920
v 0.835012 1.158384 -0.635473
v 0.836745 1.217971 -0.607583
v 0.852524 1.223874 -0.624126
v 0.858145 1.207992 -0.607583
v 0.836745 1.217971 -0.607583
v 0.852524 1.223874 -0.624126
v 0.858145 1.207992 -0.607583
v 0.855103 1.257339 -0.564144
v 0.872794 1.267343 -0.576164
v 0.876502 1.247361 -0.564144
v 0.855103 1.257339 -0.564144
v 0.872794 1.267343 -0.576164
v 0.876502 1.247361 -0.564144
v 0.866889 1.282616 -0.509408
v 0.885808 1.295252 -0.515727
v 0.888289 1.272637 -0.509408
v 0.866889 1.282616 -0.509408
v 0.885808 1.295252 -0.515727
v 0.888289 1.272637 -0.509408
v 0.266235 1.340033 -0.674565
v 0.266235 1.340033 -0.203697
v 0.311992 1.080529 -0.115150
v 0.311993 1.080529 -0.763111
v 0.192298 1.059423 -0.115150
v 0.146540 1.318927 -0.203697
v 0.146541 1.318927 -0.674565
v 0.192298 1.059423 -0.763111
v 0.311992 1.080529 -0.115150
v 0.266235 1.340033 -0.203697
v 0.146540 1.318927 -0.203697
v 0.192298 1.059423 -0.115150
v 0.258801 1.382194 -0.323003
v 0.258801 1.382194 -0.555258
v 0.139107 1.361089 -0.555258
v 0.139106 1.361089 -0.323003
v 0.266235 1.340033 -0.674565
v 0.311993 1.080529 -0.763111
v 0.192298 1.059423 -0.763111
v 0.146541 1.318927 -0.674565
v 0.266235 1.340033 -0.203697
v 0.258801 1.382194 -0.323003
v 0.139106 1.361089 -0.323003
v 0.146540 1.318927 -0.203697
v 0.258801 1.382194 -0.555258
v 0.266235 1.340033 -0.674565
v 0.146541 1.318927 -0.674565
v 0.139107 1.361089 -0.555258
v 0.258801 1.382194 -0.555258
v 0.258801 1.382194 -0.323003
v 0.139106 1.361089 -0.323003
v 0.139107 1.361089 -0.555258
v -0.386778 1.048151 -0.759603
v -0.432907 1.309759 -0.629092
v -0.432907 1.309759 0.584991
v -0.386778 1.048151 0.715502
v -0.432907 1.309759 -0.629092
v -0.386778 1.048151 -0.759603
v -0.507443 1.026875 -0.759603
v -0.553572 1.288482 -0.629092
v -0.440402 1.352262 -0.557009
v -0.432907 1.309759 -0.629092
v -0.553572 1.288482 -0.629092
v -0.561066 1.330985 -0.557009
v -0.440402 1.352262 -0.557009
v -0.440401 1.352262 0.512908
v -0.440402 1.352262 -0.557009
v -0.561066 1.330985 -0.557009
v -0.561066 1.330985 0.512908
v -0.440401 1.352262 0.512908
v -0.553572 1.288482 -0.629092
v -0.553572 1.288482 0.584991
v -0.561066 1.330985 0.512908
v -0.561066 1.330985 -0.557009
v 0.311993 1.080529 0.071049
v 0.266235 1.340033 0.177131
v 0.266235 1.340033 0.612928
v 0.311993 1.080529 0.719010
v 0.146541 1.318927 0.612928
v 0.146541 1.318927 0.177131
v 0.192298 1.059423 0.071049
v 0.192298 1.059423 0.719010
v 0.311993 1.080529 0.071049
v 0.192298 1.059423 0.071049
v 0.146541 1.318927 0.177131
v 0.266235 1.340033 0.177131
v 0.258801 1.382194 0.287552
v 0.139107 1.361089 0.287552
v 0.139107 1.361089 0.502508
v 0.258801 1.382194 0.502508
v 0.266235 1.340033 0.612928
v 0.146541 1.318927 0.612928
v 0.192298 1.059423 0.719010
v 0.311993 1.080529 0.719010
v 0.266235 1.340033 0.177131
v 0.146541 1.318927 0.177131
v 0.139107 1.361089 0.287552
v 0.258801 1.382194 0.287552
v 0.258801 1.382194 0.502508
v 0.139107 1.361089 0.502508
v 0.146541 1.318927 0.612928
v 0.266235 1.340033 0.612928
v 0.258801 1.382194 0.287552
v 0.258801 1.382194 0.502508
v 0.139107 1.361089 0.502508
v 0.139107 1.361089 0.287552
v -0.507443 1.026875 0.715502
v -0.507443 1.026875 -0.759603
v -0.432907 1.309759 0.584991
v -0.553572 1.288482 0.584991
v -0.507443 1.026875 0.715502
v -0.386778 1.048151 0.715502
v -0.440401 1.352262 0.512908
v -0.561066 1.330985 0.512908
v -0.553572 1.288482 0.584991
v -0.432907 1.309759 0.584991
v 0.697669 1.497219 -0.133245
v 0.697669 1.567279 -0.118428
v 0.697669 1.567279 0.073296
v 0.697669 1.497219 0.088113
v 0.675828 1.497219 -0.133245
v 0.675828 1.497219 0.088113
v 0.675828 1.567279 0.073296
v 0.675828 1.567279 -0.118428
v 0.697669 1.497219 -0.133245
v 0.697669 1.497219 0.088113
v 0.675828 1.497219 0.088113
v 0.675828 1.497219 -0.133245
v 0.697669 1.497219 0.088113
v 0.697669 1.567279 0.073296
v 0.675828 1.567279 0.073296
v 0.675828 1.497219 0.088113
v 0.697669 1.567279 0.073296
v 0.697669 1.567279 -0.118428
v 0.675828 1.567279 -0.118428
v 0.675828 1.567279 0.073296
v 0.697669 1.567279 -0.118428
v 0.697669 1.497219 -0.133245
v 0.675828 1.497219 -0.133245
v 0.675828 1.567279 -0.118428
v 0.708699 1.566524 -0.036334
v 0.709484 1.607809 -0.036334
v 0.709484 1.607809 -0.008799
v 0.708699 1.566524 -0.008799
v 0.686857 1.553011 -0.036334
v 0.686857 1.553011 -0.008799
v 0.699202 1.607809 -0.008799
v 0.699202 1.607809 -0.036334
v 0.708699 1.566524 -0.036334
v 0.708699 1.566524 -0.008799
v 0.686857 1.553011 -0.008799
v 0.686857 1.553011 -0.036334
v 0.708699 1.566524 -0.008799
v 0.709484 1.607809 -0.008799
v 0.699202 1.607809 -0.008799
v 0.686857 1.553011 -0.008799
v 0.709484 1.607809 -0.008799
v 0.709484 1.607809 -0.036334
v 0.699202 1.607809 -0.036334
v 0.699202 1.607809 -0.008799
v 0.709484 1.607809 -0.036334
v 0.708699 1.566524 -0.036334
v 0.686857 1.553011 -0.036334
v 0.699202 1.607809 -0.036334
v 1.619785 0.230672 -0.525723
v 1.669165 0.184954 -0.624173
v 1.827658 0.184954 -0.624173
v 1.877037 0.230672 -0.525724
v 1.619785 0.230672 -0.624173
v 1.877037 0.230672 -0.624173
v 1.827658 0.184954 -0.624173
v 1.669165 0.184954 -0.624173
v 1.619785 0.339999 -0.624173
v 1.877037 0.339999 -0.624173
v 1.619785 0.230672 -0.624173
v 1.669165 0.184954 -0.624173
v 1.619785 0.230672 -0.525723
v 1.877037 0.230672 -0.525724
v 1.827658 0.184954 -0.624173
v 1.877037 0.230672 -0.624173
v 1.877037 0.230672 -0.525724
v 1.877038 0.230672 -0.022051
v 1.619785 0.230672 -0.022051
v 1.619785 0.230672 -0.525723
v -1.560758 0.254128 -0.521348
v -1.517136 0.194487 -0.618942
v -1.377125 0.194487 -0.618942
v -1.333503 0.254128 -0.521348
v -1.560758 0.254128 -0.618942
v -1.333503 0.254128 -0.618943
v -1.377125 0.194487 -0.618942
v -1.517136 0.194487 -0.618942
v -1.560758 0.396749 -0.618942
v -1.560758 0.254128 -0.618942
v -1.517136 0.194487 -0.618942
v -1.560758 0.254128 -0.521348
v -1.333503 0.254128 -0.521348
v -1.377125 0.194487 -0.618942
v -1.333503 0.254128 -0.618943
v -1.560758 0.254128 -0.521348
v -1.333503 0.254128 -0.521348
v -1.560758 0.254128 -0.022051
v 1.619785 0.339999 -0.022051
v 1.619785 0.230672 -0.022051
v 1.877038 0.230672 -0.022051
v 1.877037 0.339999 -0.624173
v 1.877038 0.339999 -0.022051
v -1.560758 0.396749 -0.022051
v -1.560758 0.254128 -0.022051
v -1.333503 0.254128 -0.022051
v -1.333503 0.396749 -0.618943
v -1.333503 0.396749 -0.022051
v 1.619785 0.230672 0.481622
v 1.877037 0.230672 0.481622
v 1.827658 0.184954 0.580071
v 1.669165 0.184954 0.580071
v 1.827658 0.184954 0.580071
v 1.877037 0.230672 0.580071
v 1.619785 0.230672 0.580071
v 1.669165 0.184954 0.580071
v 1.877037 0.339999 0.580071
v 1.619785 0.339999 0.580071
v 1.619785 0.230672 0.580071
v 1.619785 0.230672 0.481622
v 1.669165 0.184954 0.580071
v 1.877037 0.230672 0.481622
v 1.877037 0.230672 0.580071
v 1.827658 0.184954 0.580071
v 1.877037 0.230672 0.481622
v 1.619785 0.230672 0.481622
v -1.560758 0.254128 0.477247
v -1.333503 0.254128 0.477247
v -1.377125 0.194487 0.574841
v -1.517136 0.194487 0.574841
v -1.377125 0.194487 0.574841
v -1.333503 0.254128 0.574841
v -1.560758 0.254128 0.574841
v -1.517136 0.194487 0.574841
v -1.333503 0.396749 0.574841
v -1.560758 0.396749 0.574841
v -1.560758 0.254128 0.574841
v -1.560758 0.254128 0.477247
v -1.517136 0.194487 0.574841
v -1.333503 0.254128 0.477247
v -1.333503 0.254128 0.574841
v -1.377125 0.194487 0.574841
v -1.333503 0.254128 -0.022051
v -1.333503 0.254128 0.477247
v 1.619785 0.339999 0.580071
v 1.877037 0.339999 0.580071
v -1.560758 0.396749 0.574841
v -1.333503 0.396749 0.574841
v -1.840343 0.406246 -0.387938
v -1.839833 0.424640 -0.395746
v -2.503342 0.367500 -0.502890
v -2.496693 0.349382 -0.493962
v -1.837575 0.434944 -0.412726
v -2.505510 0.377633 -0.520562
v -1.837575 0.434944 -0.412726
v -1.834433 0.433222 -0.432391
v -2.502367 0.375910 -0.540228
v -2.505510 0.377633 -0.520562
v -1.831605 0.420132 -0.447231
v -2.495115 0.362991 -0.554376
v -1.830173 0.400673 -0.451577
v -2.486523 0.343809 -0.557602
v -1.830684 0.382278 -0.443769
v -2.479875 0.325691 -0.548674
v -1.832941 0.371974 -0.426789
v -2.477706 0.315558 -0.531002
v -1.836084 0.373696 -0.407124
v -2.480850 0.317280 -0.511336
v -1.838911 0.386787 -0.392284
v -2.488102 0.330200 -0.497189
v -2.496693 0.349382 -0.493962
v -2.503342 0.367500 -0.502890
v -2.501895 0.364921 -0.505714
v -2.496065 0.349038 -0.497887
v -2.505510 0.377633 -0.520562
v -2.503794 0.373804 -0.521206
v -2.502367 0.375910 -0.540228
v -2.501040 0.372295 -0.538446
v -2.495115 0.362991 -0.554376
v -2.494682 0.360969 -0.550849
v -2.486523 0.343809 -0.557602
v -2.487150 0.344152 -0.553677
v -2.479875 0.325691 -0.548674
v -2.481321 0.328269 -0.545850
v -2.477706 0.315558 -0.531002
v -2.479421 0.319386 -0.530358
v -2.480850 0.317280 -0.511336
v -2.482176 0.320896 -0.513118
v -2.480850 0.317280 -0.511336
v -2.488102 0.330200 -0.497189
v -2.488534 0.332222 -0.500715
v -2.482176 0.320896 -0.513118
v -2.496065 0.349038 -0.497887
v -2.501895 0.364921 -0.505714
v -1.891231 0.401296 -0.428512
v -2.503794 0.373804 -0.521206
v -2.501040 0.372295 -0.538446
v -2.494682 0.360969 -0.550849
v -2.487150 0.344152 -0.553677
v -2.481321 0.328269 -0.545850
v -2.479421 0.319386 -0.530358
v -2.482176 0.320896 -0.513118
v -2.482176 0.320896 -0.513118
v -2.488534 0.332222 -0.500715
v -1.840343 0.406246 0.343837
v -2.496693 0.349382 0.449861
v -2.503342 0.367500 0.458789
v -1.839833 0.424640 0.351645
v -2.505510 0.377633 0.476461
v -1.837575 0.434944 0.368624
v -1.837575 0.434944 0.368624
v -2.505510 0.377633 0.476461
v -2.502367 0.375910 0.496126
v -1.834433 0.433222 0.388290
v -2.495115 0.362991 0.510274
v -1.831605 0.420132 0.403130
v -2.486523 0.343809 0.513501
v -1.830173 0.400673 0.407476
v -2.479875 0.325691 0.504573
v -1.830684 0.382278 0.399668
v -2.477706 0.315558 0.486901
v -1.832941 0.371974 0.382688
v -2.480850 0.317280 0.467235
v -1.836084 0.373696 0.363023
v -2.488102 0.330200 0.453087
v -1.838911 0.386787 0.348182
v -2.496693 0.349382 0.449861
v -2.496065 0.349038 0.453785
v -2.501895 0.364921 0.461612
v -2.503342 0.367500 0.458789
v -2.503794 0.373804 0.477104
v -2.505510 0.377633 0.476461
v -2.501040 0.372295 0.494344
v -2.502367 0.375910 0.496126
v -2.494682 0.360969 0.506747
v -2.495115 0.362991 0.510274
v -2.487150 0.344152 0.509576
v -2.486523 0.343809 0.513501
v -2.481321 0.328269 0.501749
v -2.479875 0.325691 0.504573
v -2.479421 0.319386 0.486257
v -2.477706 0.315558 0.486901
v -2.482176 0.320896 0.469017
v -2.480850 0.317280 0.467235
v -2.480850 0.317280 0.467235
v -2.482176 0.320896 0.469017
v -2.488534 0.332222 0.456614
v -2.488102 0.330200 0.453087
v -2.496065 0.349038 0.453785
v -1.891231 0.401296 0.384411
v -2.501895 0.364921 0.461612
v -2.503794 0.373804 0.477104
v -2.501040 0.372295 0.494344
v -2.494682 0.360969 0.506747
v -2.487150 0.344152 0.509576
v -2.481321 0.328269 0.501749
v -2.479421 0.319386 0.486257
v -2.482176 0.320896 0.469017
v -2.482176 0.320896 0.469017
v -2.488534 0.332222 0.456614
v 2.593428 0.689989 -0.251882
v 2.612690 0.689392 -0.022051
v 2.593428 0.689989 0.207781
v 1.619785 0.339999 -0.624173
v 1.162268 1.264642 -0.761303
v -0.663118 1.196060 -0.022051
v -0.659578 1.196065 -0.022051
v -1.025323 0.652596 -0.742557
v -2.419892 0.396338 -0.728711
v -2.268330 0.396338 -0.728711
v -1.025323 0.652596 0.698456
v -1.908046 0.652596 0.678795
v -2.268330 0.396338 0.684610
v -2.419892 0.396338 0.684610
v -1.333503 0.396749 -0.618943
v -1.560758 0.396749 -0.618942
v -1.560758 0.254128 0.477247
v 1.577696 0.282071 -0.806638
v 1.552559 0.375884 -0.806638
v 1.740185 0.375884 -0.873024
v 1.577696 0.469697 -0.806638
v 1.646372 0.538373 -0.806638
v 1.740185 0.563510 -0.806638
v 1.833998 0.538373 -0.806638
v 1.902673 0.469697 -0.806638
v 1.927811 0.375884 -0.806638
v 1.902673 0.282071 -0.806638
v 1.833998 0.213395 -0.806638
v 1.740185 0.188258 -0.806638
v 1.646372 0.213395 -0.806638
v 1.666305 0.395680 -0.899497
v 1.686101 0.429968 -0.899497
v 1.740185 0.375884 -0.872211
v 1.720389 0.449764 -0.899497
v 1.759981 0.449764 -0.899497
v 1.794268 0.429968 -0.899497
v 1.814064 0.395680 -0.899497
v 1.814064 0.356088 -0.899497
v 1.794268 0.321801 -0.899497
v 1.759981 0.302005 -0.899497
v 1.720389 0.302005 -0.899497
v 1.686101 0.321801 -0.899497
v 1.666305 0.356088 -0.899497
v 1.620972 0.289287 -0.896468
v 1.686101 0.321801 -0.899497
v 1.672176 0.286952 -0.899496
v 1.605583 0.435827 -0.896468
v 1.666305 0.395680 -0.899497
v 1.629162 0.390315 -0.899496
v 1.724795 0.522424 -0.896468
v 1.720389 0.449764 -0.899497
v 1.697171 0.479248 -0.899496
v 1.859397 0.462482 -0.896468
v 1.794268 0.429968 -0.899497
v 1.808194 0.464817 -0.899496
v 1.874786 0.315942 -0.896468
v 1.814064 0.356088 -0.899497
v 1.851207 0.361453 -0.899496
v 1.755574 0.229345 -0.896468
v 1.759981 0.302005 -0.899497
v 1.783198 0.272521 -0.899496
v 1.629162 0.361453 -0.899496
v 1.666305 0.356088 -0.899497
v 1.605583 0.315942 -0.896468
v 1.672176 0.464817 -0.899496
v 1.686101 0.429968 -0.899497
v 1.620972 0.462482 -0.896468
v 1.783198 0.479248 -0.899496
v 1.759981 0.449764 -0.899497
v 1.755574 0.522424 -0.896468
v 1.851207 0.390315 -0.899496
v 1.814064 0.395680 -0.899497
v 1.874786 0.435827 -0.896468
v 1.808194 0.286952 -0.899496
v 1.794268 0.321801 -0.899497
v 1.859397 0.289287 -0.896468
v 1.697171 0.272521 -0.899496
v 1.720389 0.302005 -0.899497
v 1.724795 0.229345 -0.896468
v 1.605583 0.435827 -0.896468
v 1.543307 0.471738 -0.890687
v 1.555150 0.474396 -0.859502
v 1.558734 0.498459 -0.890687
v 1.620972 0.462482 -0.896468
v 1.562354 0.486873 -0.859502
v 1.620972 0.289287 -0.896468
v 1.558734 0.253310 -0.890687
v 1.562354 0.264896 -0.859502
v 1.543307 0.280031 -0.890687
v 1.605583 0.315942 -0.896468
v 1.555150 0.277372 -0.859502
v 1.755574 0.229345 -0.896468
v 1.755612 0.157456 -0.890687
v 1.747388 0.166384 -0.859502
v 1.724758 0.157456 -0.890687
v 1.724795 0.229345 -0.896468
v 1.732981 0.166384 -0.859502
v 1.874786 0.315942 -0.896468
v 1.937062 0.280031 -0.890687
v 1.925219 0.277372 -0.859502
v 1.921635 0.253310 -0.890687
v 1.859397 0.289287 -0.896468
v 1.918016 0.264896 -0.859502
v 1.859397 0.462482 -0.896468
v 1.921635 0.498459 -0.890687
v 1.918016 0.486873 -0.859502
v 1.937062 0.471738 -0.890687
v 1.874786 0.435827 -0.896468
v 1.925219 0.474396 -0.859502
v 1.755612 0.594312 -0.890687
v 1.755574 0.522424 -0.896468
v 1.747388 0.585385 -0.859502
v 1.724795 0.522424 -0.896468
v 1.724758 0.594312 -0.890687
v 1.732981 0.585385 -0.859502
v 1.505443 0.375884 -0.900545
v 1.516932 0.448423 -0.900545
v 1.529181 0.444443 -0.908443
v 1.518323 0.375884 -0.908443
v 1.550275 0.513862 -0.900545
v 1.560694 0.506292 -0.908443
v 1.602207 0.565794 -0.900545
v 1.609777 0.555375 -0.908443
v 1.667646 0.599136 -0.900545
v 1.671625 0.586888 -0.908443
v 1.740185 0.610626 -0.900545
v 1.740185 0.597746 -0.908443
v 1.812724 0.599136 -0.900545
v 1.808744 0.586888 -0.908443
v 1.878162 0.565794 -0.900545
v 1.870592 0.555375 -0.908443
v 1.930094 0.513862 -0.900545
v 1.919675 0.506292 -0.908443
v 1.963437 0.448423 -0.900545
v 1.951188 0.444443 -0.908443
v 1.974926 0.375884 -0.900545
v 1.962047 0.375884 -0.908443
v 1.963437 0.303345 -0.900545
v 1.951188 0.307325 -0.908443
v 1.930094 0.237907 -0.900545
v 1.919675 0.245477 -0.908443
v 1.878162 0.185975 -0.900545
v 1.870592 0.196394 -0.908443
v 1.812724 0.152632 -0.900545
v 1.808744 0.164881 -0.908443
v 1.740185 0.141143 -0.900545
v 1.740185 0.154022 -0.908443
v 1.740185 0.141143 -0.900545
v 1.667645 0.152632 -0.900545
v 1.671625 0.164881 -0.908443
v 1.740185 0.154022 -0.908443
v 1.602207 0.185975 -0.900545
v 1.609777 0.196394 -0.908443
v 1.550275 0.237907 -0.900545
v 1.560694 0.245477 -0.908443
v 1.516932 0.303346 -0.900545
v 1.529181 0.307325 -0.908443
v 1.518323 0.375884 -0.908443
v 1.529181 0.444443 -0.908443
v 1.555922 0.435755 -0.816772
v 1.546440 0.375884 -0.816772
v 1.560694 0.506292 -0.908443
v 1.583442 0.489765 -0.816772
v 1.609777 0.555375 -0.908443
v 1.626304 0.532627 -0.816772
v 1.671625 0.586888 -0.908443
v 1.680314 0.560147 -0.816772
v 1.740185 0.597746 -0.908443
v 1.740185 0.569629 -0.816772
v 1.808744 0.586888 -0.908443
v 1.800055 0.560147 -0.816772
v 1.870592 0.555375 -0.908443
v 1.854065 0.532627 -0.816772
v 1.919675 0.506292 -0.908443
v 1.896928 0.489765 -0.816772
v 1.951188 0.444443 -0.908443
v 1.924447 0.435755 -0.816772
v 1.962047 0.375884 -0.908443
v 1.933930 0.375884 -0.816772
v 1.951188 0.307325 -0.908443
v 1.924447 0.316014 -0.816772
v 1.919675 0.245477 -0.908443
v 1.896927 0.262004 -0.816772
v 1.870592 0.196394 -0.908443
v 1.854065 0.219141 -0.816772
v 1.808744 0.164881 -0.908443
v 1.800055 0.191622 -0.816772
v 1.740185 0.154022 -0.908443
v 1.740185 0.182139 -0.816772
v 1.740185 0.154022 -0.908443
v 1.671625 0.164881 -0.908443
v 1.680314 0.191622 -0.816772
v 1.740185 0.182139 -0.816772
v 1.609777 0.196394 -0.908443
v 1.626304 0.219141 -0.816772
v 1.560694 0.245477 -0.908443
v 1.583442 0.262004 -0.816772
v 1.529181 0.307325 -0.908443
v 1.555922 0.316014 -0.816772
v 1.974926 0.375884 -0.600969
v 1.963437 0.448423 -0.600969
v 1.951188 0.444443 -0.593071
v 1.962047 0.375884 -0.593072
v 1.930094 0.513862 -0.600969
v 1.919675 0.506292 -0.593071
v 1.878162 0.565794 -0.600969
v 1.870592 0.555375 -0.593072
v 1.812724 0.599137 -0.600969
v 1.808744 0.586888 -0.593072
v 1.740184 0.610626 -0.600969
v 1.740184 0.597747 -0.593071
v 1.667645 0.599137 -0.600969
v 1.671625 0.586888 -0.593071
v 1.602207 0.565794 -0.600969
v 1.609777 0.555375 -0.593071
v 1.550275 0.513862 -0.600969
v 1.560694 0.506292 -0.593071
v 1.516932 0.448423 -0.600969
v 1.529181 0.444443 -0.593071
v 1.505443 0.375884 -0.600969
v 1.518322 0.375884 -0.593071
v 1.516932 0.303345 -0.600969
v 1.529181 0.307325 -0.593072
v 1.550275 0.237907 -0.600969
v 1.560694 0.245477 -0.593072
v 1.602207 0.185974 -0.600969
v 1.609778 0.196394 -0.593071
v 1.667646 0.152632 -0.600969
v 1.671626 0.164881 -0.593072
v 1.740185 0.141143 -0.600969
v 1.740185 0.154022 -0.593072
v 1.740185 0.141143 -0.600969
v 1.812724 0.152632 -0.600969
v 1.808744 0.164881 -0.593072
v 1.740185 0.154022 -0.593072
v 1.878162 0.185975 -0.600969
v 1.870592 0.196394 -0.593072
v 1.930094 0.237907 -0.600969
v 1.919675 0.245477 -0.593072
v 1.963437 0.303346 -0.600969
v 1.951188 0.307325 -0.593072
v 1.962047 0.375884 -0.593072
v 1.951188 0.444443 -0.593071
v 1.924447 0.435755 -0.816772
v 1.933930 0.375884 -0.816772
v 1.919675 0.506292 -0.593071
v 1.896928 0.489765 -0.816772
v 1.870592 0.555375 -0.593072
v 1.854065 0.532627 -0.816772
v 1.808744 0.586888 -0.593072
v 1.800055 0.560147 -0.816772
v 1.740184 0.597747 -0.593071
v 1.740185 0.569629 -0.816772
v 1.671625 0.586888 -0.593071
v 1.680314 0.560147 -0.816772
v 1.609777 0.555375 -0.593071
v 1.626304 0.532627 -0.816772
v 1.560694 0.506292 -0.593071
v 1.583442 0.489765 -0.816772
v 1.529181 0.444443 -0.593071
v 1.555922 0.435755 -0.816772
v 1.518322 0.375884 -0.593071
v 1.546440 0.375884 -0.816772
v 1.529181 0.307325 -0.593072
v 1.555922 0.316014 -0.816772
v 1.560694 0.245477 -0.593072
v 1.583442 0.262004 -0.816772
v 1.609778 0.196394 -0.593071
v 1.626304 0.219141 -0.816772
v 1.671626 0.164881 -0.593072
v 1.680314 0.191622 -0.816772
v 1.740185 0.154022 -0.593072
v 1.740185 0.182139 -0.816772
v 1.740185 0.154022 -0.593072
v 1.808744 0.164881 -0.593072
v 1.800055 0.191622 -0.816772
v 1.740185 0.182139 -0.816772
v 1.870592 0.196394 -0.593072
v 1.854065 0.219141 -0.816772
v 1.919675 0.245477 -0.593072
v 1.896927 0.262004 -0.816772
v 1.951188 0.307325 -0.593072
v 1.924447 0.316014 -0.816772
v 1.399282 0.486650 -0.900545
v 1.437568 0.474210 -0.909853
v 1.421995 0.375884 -0.909853
v 1.381739 0.375884 -0.900545
v 1.450196 0.586573 -0.900545
v 1.482764 0.562911 -0.909853
v 1.529495 0.665873 -0.900545
v 1.553157 0.633305 -0.909853
v 1.629419 0.716787 -0.900545
v 1.641859 0.678500 -0.909853
v 1.740185 0.734330 -0.900545
v 1.740185 0.694074 -0.909853
v 1.850951 0.716787 -0.900545
v 1.838511 0.678500 -0.909853
v 1.950874 0.665873 -0.900545
v 1.927212 0.633305 -0.909854
v 2.030174 0.586573 -0.900545
v 1.997605 0.562911 -0.909854
v 2.081087 0.486650 -0.900545
v 2.042801 0.474210 -0.909853
v 2.098631 0.375884 -0.900545
v 2.058374 0.375884 -0.909853
v 2.081087 0.265118 -0.900545
v 2.042801 0.277558 -0.909853
v 2.030174 0.165195 -0.900545
v 1.997605 0.188857 -0.909853
v 1.950874 0.085895 -0.900545
v 1.927212 0.118463 -0.909853
v 1.850950 0.034982 -0.900545
v 1.838511 0.073268 -0.909853
v 1.740184 0.017438 -0.900545
v 1.740185 0.057695 -0.909853
v 1.629418 0.034982 -0.900545
v 1.641858 0.073268 -0.909853
v 1.529495 0.085896 -0.900545
v 1.553157 0.118464 -0.909853
v 1.450196 0.165195 -0.900545
v 1.482764 0.188857 -0.909853
v 1.399282 0.265119 -0.900545
v 1.437568 0.277559 -0.909853
v 1.364300 0.375884 -0.867030
v 1.382697 0.492039 -0.867030
v 1.436088 0.596823 -0.867030
v 1.519245 0.679981 -0.867030
v 1.624030 0.733371 -0.867030
v 1.740185 0.751769 -0.867030
v 1.856339 0.733371 -0.867030
v 1.961124 0.679981 -0.867030
v 2.044281 0.596823 -0.867030
v 2.097672 0.492039 -0.867030
v 2.116069 0.375884 -0.867030
v 2.097672 0.259730 -0.867030
v 2.044281 0.154945 -0.867030
v 1.961124 0.071787 -0.867030
v 1.856339 0.018397 -0.867030
v 1.740184 0.000000 -0.867030
v 1.624030 0.018397 -0.867030
v 1.519245 0.071788 -0.867030
v 1.436088 0.154945 -0.867030
v 1.382697 0.259730 -0.867030
v 1.516932 0.448423 -0.900545
v 1.505443 0.375884 -0.900545
v 1.550275 0.513862 -0.900545
v 1.602207 0.565794 -0.900545
v 1.667646 0.599136 -0.900545
v 1.740185 0.610626 -0.900545
v 1.812724 0.599136 -0.900545
v 1.878162 0.565794 -0.900545
v 1.930094 0.513862 -0.900545
v 1.963437 0.448423 -0.900545
v 1.974926 0.375884 -0.900545
v 1.963437 0.303345 -0.900545
v 1.930094 0.237907 -0.900545
v 1.878162 0.185974 -0.900545
v 1.812724 0.152632 -0.900545
v 1.740185 0.141143 -0.900545
v 1.667645 0.152632 -0.900545
v 1.602207 0.185975 -0.900545
v 1.550275 0.237907 -0.900545
v 1.516932 0.303346 -0.900545
v 1.382697 0.492039 -0.867030
v 1.364300 0.375884 -0.867030
v 1.364300 0.375884 -0.635790
v 1.382697 0.492039 -0.635790
v 1.436088 0.596823 -0.867030
v 1.436088 0.596823 -0.635790
v 1.740185 0.751769 -0.867030
v 1.624030 0.733371 -0.867030
v 1.624030 0.733371 -0.635790
v 1.740185 0.751769 -0.635790
v 1.856339 0.733371 -0.867030
v 1.740185 0.751769 -0.867030
v 1.740185 0.751769 -0.635790
v 1.856339 0.733371 -0.635790
v 1.961124 0.679981 -0.867030
v 1.961124 0.679981 -0.635790
v 2.044281 0.596823 -0.867030
v 2.044281 0.596824 -0.635790
v 2.116069 0.375884 -0.867030
v 2.097672 0.492039 -0.867030
v 2.097672 0.492039 -0.635790
v 2.116069 0.375884 -0.635790
v 2.097672 0.259730 -0.867030
v 2.097672 0.259730 -0.635790
v 1.961124 0.071787 -0.867030
v 1.961124 0.071787 -0.635790
v 1.856339 0.018397 -0.635790
v 1.856339 0.018397 -0.867030
v 1.740184 0.000000 -0.867030
v 1.740184 0.000000 -0.635790
v 1.624030 0.018397 -0.867030
v 1.740184 0.000000 -0.867030
v 1.740184 0.000000 -0.635790
v 1.624030 0.018397 -0.635790
v 1.519245 0.071788 -0.867030
v 1.519245 0.071788 -0.635790
v 1.436088 0.154945 -0.635790
v 1.436088 0.154945 -0.867030
v 1.382697 0.259730 -0.867030
v 1.382697 0.259730 -0.635790
v 1.421995 0.375884 -0.592967
v 1.437568 0.474210 -0.592967
v 1.399282 0.486650 -0.602275
v 1.381739 0.375884 -0.602275
v 1.482764 0.562911 -0.592967
v 1.450196 0.586573 -0.602275
v 1.553157 0.633305 -0.592967
v 1.529495 0.665873 -0.602275
v 1.641859 0.678500 -0.592967
v 1.629419 0.716787 -0.602275
v 1.740185 0.694074 -0.592967
v 1.740185 0.734330 -0.602275
v 1.838511 0.678500 -0.592967
v 1.850951 0.716787 -0.602275
v 1.927212 0.633305 -0.592967
v 1.950874 0.665873 -0.602275
v 1.997605 0.562911 -0.592967
v 2.030174 0.586573 -0.602275
v 2.042801 0.474210 -0.592967
v 2.081087 0.486650 -0.602275
v 2.058374 0.375884 -0.592967
v 2.098631 0.375884 -0.602275
v 2.042801 0.277558 -0.592967
v 2.081087 0.265118 -0.602275
v 1.997606 0.188857 -0.592967
v 2.030174 0.165195 -0.602275
v 1.927212 0.118463 -0.592967
v 1.950874 0.085895 -0.602275
v 1.838511 0.073268 -0.592967
v 1.850950 0.034982 -0.602275
v 1.740185 0.057695 -0.592967
v 1.740184 0.017438 -0.602275
v 1.641858 0.073268 -0.592967
v 1.629418 0.034982 -0.602275
v 1.553157 0.118464 -0.592967
v 1.529495 0.085896 -0.602275
v 1.482764 0.188857 -0.592967
v 1.450196 0.165195 -0.602275
v 1.437568 0.277559 -0.592967
v 1.399282 0.265119 -0.602275
v 1.382697 0.492039 -0.635790
v 1.364300 0.375884 -0.635790
v 1.436088 0.596823 -0.635790
v 1.519245 0.679981 -0.635790
v 1.624030 0.733371 -0.635790
v 1.740185 0.751769 -0.635790
v 1.856339 0.733371 -0.635790
v 1.961124 0.679981 -0.635790
v 2.044281 0.596824 -0.635790
v 2.097672 0.492039 -0.635790
v 2.116069 0.375884 -0.635790
v 2.097672 0.259730 -0.635790
v 2.044281 0.154945 -0.635790
v 1.961124 0.071787 -0.635790
v 1.856339 0.018397 -0.635790
v 1.740184 0.000000 -0.635790
v 1.624030 0.018397 -0.635790
v 1.519245 0.071788 -0.635790
v 1.436088 0.154945 -0.635790
v 1.382697 0.259730 -0.635790
v 1.505443 0.375884 -0.602275
v 1.516932 0.448423 -0.602275
v 1.550275 0.513862 -0.602275
v 1.602207 0.565794 -0.602275
v 1.667646 0.599137 -0.602275
v 1.740185 0.610626 -0.602275
v 1.812724 0.599137 -0.602275
v 1.878162 0.565794 -0.602275
v 1.930094 0.513862 -0.602275
v 1.963437 0.448423 -0.602275
v 1.974926 0.375884 -0.602275
v 1.963437 0.303345 -0.602275
v 1.930094 0.237907 -0.602275
v 1.878162 0.185975 -0.602275
v 1.812724 0.152632 -0.602275
v 1.740185 0.141143 -0.602275
v 1.667645 0.152632 -0.602275
v 1.602207 0.185975 -0.602275
v 1.550275 0.237907 -0.602275
v 1.516932 0.303346 -0.602275
v 1.519245 0.679981 -0.867030
v 1.519245 0.679981 -0.635790
v 2.044281 0.154945 -0.635790
v 2.044281 0.154945 -0.867030
v 1.558734 0.253310 -0.890687
v 1.570658 0.232648 -0.890628
v 1.543307 0.471738 -0.890687
v 1.531375 0.451081 -0.890628
v 1.724758 0.594312 -0.890687
v 1.700902 0.594317 -0.890629
v 1.921635 0.498459 -0.890687
v 1.909711 0.519121 -0.890629
v 1.937062 0.280031 -0.890687
v 1.948994 0.300688 -0.890629
v 1.755612 0.157456 -0.890687
v 1.779468 0.157452 -0.890628
v 1.543307 0.280031 -0.890687
v 1.531375 0.300688 -0.890628
v 1.558734 0.498459 -0.890687
v 1.570658 0.519121 -0.890629
v 1.755612 0.594312 -0.890687
v 1.779468 0.594317 -0.890629
v 1.937062 0.471738 -0.890687
v 1.948994 0.451081 -0.890629
v 1.921635 0.253310 -0.890687
v 1.909711 0.232648 -0.890629
v 1.724758 0.157456 -0.890687
v 1.700902 0.157452 -0.890628
v 1.555150 0.277372 -0.859502
v 1.605583 0.315942 -0.896468
v 1.620972 0.289287 -0.896468
v 1.562354 0.264896 -0.859502
v 1.562354 0.486873 -0.859502
v 1.620972 0.462482 -0.896468
v 1.605583 0.435827 -0.896468
v 1.555150 0.474396 -0.859502
v 1.747388 0.585385 -0.859502
v 1.755574 0.522424 -0.896468
v 1.724795 0.522424 -0.896468
v 1.732981 0.585385 -0.859502
v 1.925219 0.474396 -0.859502
v 1.874786 0.435827 -0.896468
v 1.859397 0.462482 -0.896468
v 1.918016 0.486873 -0.859502
v 1.918016 0.264896 -0.859502
v 1.859397 0.289287 -0.896468
v 1.874786 0.315942 -0.896468
v 1.925219 0.277372 -0.859502
v 1.732981 0.166384 -0.859502
v 1.724795 0.229345 -0.896468
v 1.755574 0.229345 -0.896468
v 1.747388 0.166384 -0.859502
v 1.629162 0.361453 -0.899496
v 1.531375 0.300688 -0.890628
v 1.526641 0.312638 -0.860944
v 1.615975 0.369872 -0.869782
v 1.672176 0.464817 -0.899496
v 1.570658 0.519121 -0.890629
v 1.578640 0.529195 -0.860944
v 1.672873 0.480447 -0.869782
v 1.783198 0.479248 -0.899496
v 1.779468 0.594317 -0.890629
v 1.792184 0.592441 -0.860944
v 1.797083 0.486459 -0.869782
v 1.864395 0.381896 -0.869782
v 1.851207 0.390315 -0.899496
v 1.948994 0.451081 -0.890629
v 1.953728 0.439130 -0.860944
v 1.807496 0.271321 -0.869782
v 1.808194 0.286952 -0.899496
v 1.909711 0.232648 -0.890629
v 1.901729 0.222573 -0.860944
v 1.697171 0.272521 -0.899496
v 1.700902 0.157452 -0.890628
v 1.688186 0.159327 -0.860944
v 1.683286 0.265309 -0.869782
v 1.629162 0.390315 -0.899496
v 1.629162 0.361453 -0.899496
v 1.615975 0.369872 -0.869782
v 1.613163 0.379554 -0.871382
v 1.697171 0.479248 -0.899496
v 1.672176 0.464817 -0.899496
v 1.672873 0.480447 -0.869782
v 1.679852 0.487723 -0.871382
v 1.808194 0.464817 -0.899496
v 1.783198 0.479248 -0.899496
v 1.797083 0.486459 -0.869782
v 1.806874 0.484053 -0.871382
v 1.851207 0.361453 -0.899496
v 1.851207 0.390315 -0.899496
v 1.864395 0.381896 -0.869782
v 1.867206 0.372215 -0.871382
v 1.783198 0.272521 -0.899496
v 1.808194 0.286952 -0.899496
v 1.807496 0.271321 -0.869782
v 1.800518 0.264045 -0.871382
v 1.672176 0.286952 -0.899496
v 1.697171 0.272521 -0.899496
v 1.683286 0.265309 -0.869782
v 1.673496 0.267715 -0.871382
v 1.578640 0.222573 -0.860944
v 1.570658 0.232648 -0.890628
v 1.672176 0.286952 -0.899496
v 1.673496 0.267715 -0.871382
v 1.526641 0.439130 -0.860944
v 1.531375 0.451081 -0.890628
v 1.629162 0.390315 -0.899496
v 1.613163 0.379554 -0.871382
v 1.688186 0.592441 -0.860944
v 1.700902 0.594317 -0.890629
v 1.697171 0.479248 -0.899496
v 1.679852 0.487723 -0.871382
v 1.909711 0.519121 -0.890629
v 1.808194 0.464817 -0.899496
v 1.806874 0.484053 -0.871382
v 1.901729 0.529195 -0.860944
v 1.948994 0.300688 -0.890629
v 1.851207 0.361453 -0.899496
v 1.867206 0.372215 -0.871382
v 1.953728 0.312638 -0.860944
v 1.779468 0.157452 -0.890628
v 1.783198 0.272521 -0.899496
v 1.800518 0.264045 -0.871382
v 1.792184 0.159327 -0.860944
v 0.959234 1.221498 -0.798346
v 0.962796 1.135115 -0.813563
v 0.701909 1.141063 -0.814469
v 0.505165 1.227952 -0.799376
v 0.381648 1.147350 -0.814243
v 0.669961 1.506512 -0.708092
v 0.822559 1.354822 -0.761429
v 0.437383 1.365625 -0.758395
v 0.358920 1.522621 -0.701216
v 0.424481 1.591390 -0.668488
v 0.617638 1.560712 -0.680875
v 0.223083 1.600731 -0.663776
v 0.953988 1.348686 -0.754131
v 0.175874 1.602556 -0.662692
v 0.157779 1.368766 -0.752721
v 0.153926 1.528058 -0.694288
v 0.162435 1.175257 -0.808621
v 0.161155 1.228615 -0.795096
v 0.186264 1.151518 -0.813037
v 0.696992 1.533041 -0.690383
v 0.757045 1.499331 -0.703252
v 0.785497 1.570500 -0.606225
v 0.902137 1.493944 -0.633259
v 0.862242 1.491666 -0.691020
v 0.747894 1.568180 -0.662628
v 1.065627 1.343745 -0.738113
v 1.110594 1.346777 -0.677603
v 1.196791 1.351901 -0.224618
v 1.207660 1.351901 -0.022051
v 1.385314 1.233371 -0.022051
v 1.374444 1.233371 -0.234132
v 1.315084 1.225944 -0.591649
v 1.145276 1.349058 -0.566098
v 0.762574 1.608634 -0.198512
v 0.768252 1.608632 -0.022051
v 0.839113 1.576238 -0.022051
v 0.828243 1.576238 -0.202562
v 0.800831 1.573055 -0.506861
v 0.739780 1.604804 -0.496009
v 1.274104 1.219982 -0.708391
v 0.728058 1.601804 -0.592907
v 1.164769 1.262744 -0.755289
v 0.726912 1.592930 -0.630087
v 0.962581 1.497147 -0.210916
v 0.973450 1.497147 -0.022051
v 0.925352 1.495370 -0.529296
v 0.737708 1.580548 -0.648916
v 1.225124 1.214700 -0.770239
v -0.628203 1.228242 -0.548982
v -0.618868 1.376845 -0.537178
v -0.627800 1.231036 -0.698545
v -0.628120 1.229581 -0.022051
v -0.618868 1.376853 -0.022051
v -0.599966 1.554421 -0.625384
v -0.620006 1.363899 -0.700486
v -0.597539 1.577520 -0.509975
v -0.597539 1.577538 -0.022051
v -0.002385 1.530041 -0.687924
v -0.490215 1.374013 -0.745697
v -0.490215 1.582642 -0.661856
v -0.001396 1.584034 -0.664779
v -0.463266 1.608059 -0.653463
v -0.023344 1.605451 -0.655356
v -0.008697 1.177146 -0.803015
v -0.028850 1.155152 -0.806656
v -0.463207 1.158559 -0.805145
v -0.490215 1.184316 -0.796232
v -0.005009 1.368829 -0.747246
v -0.007343 1.227453 -0.790155
v -0.597539 1.577466 -0.591435
v -0.625786 1.264437 -0.724246
v 0.959234 1.221498 0.754245
v 0.505165 1.227952 0.755275
v 0.701909 1.141063 0.770368
v 0.962796 1.135115 0.769462
v 0.381648 1.147350 0.770142
v 0.669961 1.506512 0.663991
v 0.358920 1.522621 0.657114
v 0.437383 1.365625 0.714293
v 0.822559 1.354822 0.717328
v 0.617638 1.560712 0.636774
v 0.424481 1.591390 0.624386
v 0.223083 1.600731 0.619675
v 0.953988 1.348686 0.710030
v 0.152626 1.581648 0.627347
v 0.153926 1.528058 0.650186
v 0.157779 1.368766 0.708619
v 0.161155 1.228615 0.750995
v 0.162435 1.175257 0.764519
v 0.186264 1.151518 0.768936
v 0.696992 1.533041 0.646282
v 0.757045 1.499331 0.659151
v 0.785497 1.570500 0.562124
v 0.747894 1.568180 0.618527
v 0.862242 1.491666 0.646919
v 0.902137 1.493944 0.589158
v 1.065627 1.343745 0.694012
v 1.110594 1.346777 0.633502
v 1.196791 1.351901 0.180517
v 1.374444 1.233371 0.190031
v 1.145276 1.349058 0.521996
v 1.315084 1.225944 0.547548
v 0.762574 1.608634 0.154411
v 0.828243 1.576238 0.158461
v 0.739780 1.604804 0.451908
v 0.800831 1.573055 0.462760
v 1.274104 1.219982 0.664290
v 0.728058 1.601804 0.548806
v 1.164769 1.262744 0.711188
v 0.726912 1.592930 0.585986
v 0.962581 1.497147 0.166815
v 0.925352 1.495370 0.485195
v 0.737708 1.580548 0.604815
v 1.225124 1.214700 0.726138
v -0.628203 1.228242 0.504881
v -0.627800 1.231036 0.654444
v -0.618868 1.376845 0.493077
v -0.620006 1.363899 0.656385
v -0.599966 1.554421 0.581283
v -0.597539 1.577520 0.465874
v -0.002385 1.530041 0.643823
v -0.001396 1.584034 0.620678
v -0.490215 1.582642 0.617755
v -0.490215 1.374013 0.701596
v -0.023344 1.605451 0.611255
v -0.463266 1.608059 0.609362
v -0.008697 1.177146 0.758914
v -0.490215 1.184316 0.752131
v -0.463207 1.158559 0.761044
v -0.028850 1.155152 0.762554
v -0.005009 1.368829 0.703144
v -0.007343 1.227453 0.746054
v -0.597539 1.577466 0.547333
v -0.625786 1.264437 0.680145
v 0.152626 1.581648 -0.671448
v 0.175874 1.602556 0.618591
v -2.425627 0.777327 -0.682788
v -2.429808 0.961268 -0.683563
v -2.429950 0.961091 -0.756643
v -2.412242 0.777334 -0.733177
v -2.412242 0.777334 -0.733177
v -2.429950 0.961091 -0.756643
v -2.395964 0.959396 -0.787534
v -2.369612 0.777338 -0.777621
v -2.303813 0.959304 -0.796141
v -2.292729 0.777338 -0.796538
v -2.431829 1.050718 -0.683937
v -2.430432 1.050654 -0.753637
v -2.429950 0.961091 -0.756643
v -2.429808 0.961268 -0.683563
v -2.429950 0.961091 -0.756643
v -2.430432 1.050654 -0.753637
v -2.402855 1.050082 -0.784018
v -2.395964 0.959396 -0.787534
v -2.310515 1.048824 -0.789967
v -2.303813 0.959304 -0.796141
v -2.433076 1.105150 -0.684169
v -2.420269 1.105245 -0.739193
v -2.430432 1.050654 -0.753637
v -2.431829 1.050718 -0.683937
v -2.430432 1.050654 -0.753637
v -2.420269 1.105245 -0.739193
v -2.396398 1.104591 -0.764487
v -2.402855 1.050082 -0.784018
v -2.343877 1.103635 -0.780138
v -2.310515 1.048824 -0.789967
v -2.320185 1.087596 -0.784440
v 2.348586 1.019471 -0.580301
v 2.385484 0.964734 -0.577520
v 2.352972 0.964525 -0.713825
v 2.316073 1.019263 -0.716605
v 2.427612 0.891058 -0.574436
v 2.395099 0.890850 -0.710741
v 2.471884 0.780182 -0.571529
v 2.299663 0.964899 -0.766422
v 2.262764 1.019637 -0.769203
v 2.341791 0.891224 -0.763338
v 2.446582 0.759088 -0.713321
v 2.400802 0.759296 -0.766337
v 2.208240 0.970222 -0.798464
v 2.182684 1.018232 -0.793363
v 2.262764 1.019637 -0.769203
v 2.299663 0.964899 -0.766422
v 2.251173 0.886540 -0.801533
v 2.341791 0.891224 -0.763338
v 2.313674 0.759426 -0.800628
v 2.400802 0.759296 -0.766337
v 2.474962 0.759043 -0.593352
v 2.460339 0.549486 -0.641993
v 2.460339 0.541542 -0.612349
v 2.434272 0.490049 -0.641993
v 2.460339 0.489298 -0.701042
v 2.460339 0.519841 -0.693339
v 2.460339 0.489325 -0.582938
v 2.460339 0.460552 -0.590647
v 2.460339 0.438851 -0.671638
v 2.460339 0.460552 -0.693339
v 2.460339 0.541542 -0.671638
v 2.460339 0.438851 -0.612349
v 2.460339 0.430907 -0.641993
v 2.460339 0.519841 -0.590647
v -2.429950 0.961091 0.712542
v -2.429808 0.961268 0.639462
v -2.425627 0.777327 0.638687
v -2.412242 0.777334 0.689075
v -2.395964 0.959396 0.743433
v -2.429950 0.961091 0.712542
v -2.412242 0.777334 0.689075
v -2.369612 0.777338 0.733520
v -2.303813 0.959304 0.752040
v -2.292729 0.777338 0.752437
v -2.429950 0.961091 0.712542
v -2.430432 1.050654 0.709536
v -2.431829 1.050718 0.639836
v -2.429808 0.961268 0.639462
v -2.429950 0.961091 0.712542
v -2.395964 0.959396 0.743433
v -2.402855 1.050082 0.739917
v -2.430432 1.050654 0.709536
v -2.303813 0.959304 0.752040
v -2.310515 1.048824 0.745866
v -2.430432 1.050654 0.709536
v -2.420269 1.105245 0.695092
v -2.433076 1.105150 0.640067
v -2.431829 1.050718 0.639836
v -2.430432 1.050654 0.709536
v -2.402855 1.050082 0.739917
v -2.396398 1.104591 0.720386
v -2.420269 1.105245 0.695092
v -2.310515 1.048824 0.745866
v -2.343877 1.103635 0.736037
v -2.320185 1.087596 0.740338
v 2.348586 1.019471 0.536199
v 2.316073 1.019263 0.672504
v 2.352972 0.964525 0.669723
v 2.385484 0.964734 0.533419
v 2.395099 0.890850 0.666640
v 2.427612 0.891058 0.530335
v 2.471884 0.780182 0.527428
v 2.262764 1.019637 0.725101
v 2.299663 0.964899 0.722321
v 2.341791 0.891224 0.719237
v 2.400802 0.759296 0.722236
v 2.446582 0.759088 0.669220
v 2.208240 0.970222 0.754363
v 2.299663 0.964899 0.722321
v 2.262764 1.019637 0.725101
v 2.182684 1.018232 0.749262
v 2.251173 0.886540 0.757432
v 2.341791 0.891224 0.719237
v 2.313674 0.759426 0.756527
v 2.400802 0.759296 0.722236
v 2.474962 0.759043 0.549251
v 2.460339 0.549486 0.597892
v 2.434272 0.490049 0.597891
v 2.460339 0.541542 0.568247
v 2.460339 0.489298 0.656940
v 2.460339 0.519841 0.649238
v 2.460339 0.489325 0.538836
v 2.460339 0.460552 0.546546
v 2.460339 0.438851 0.627537
v 2.460339 0.460552 0.649238
v 2.460339 0.541542 0.627537
v 2.460339 0.438851 0.568247
v 2.460339 0.430907 0.597892
v 2.460339 0.519841 0.546546
v -1.616541 0.282071 -0.806638
v -1.641678 0.375884 -0.806638
v -1.454052 0.375884 -0.873024
v -1.616541 0.469697 -0.806638
v -1.547865 0.538373 -0.806638
v -1.454052 0.563510 -0.806638
v -1.360239 0.538373 -0.806638
v -1.291563 0.469697 -0.806638
v -1.266426 0.375884 -0.806638
v -1.291563 0.282071 -0.806638
v -1.360239 0.213395 -0.806638
v -1.454052 0.188258 -0.806638
v -1.547865 0.213395 -0.806638
v -1.527931 0.395680 -0.899497
v -1.508135 0.429968 -0.899497
v -1.454052 0.375884 -0.872211
v -1.473848 0.449764 -0.899497
v -1.434256 0.449764 -0.899497
v -1.399969 0.429968 -0.899497
v -1.380173 0.395680 -0.899497
v -1.380173 0.356088 -0.899497
v -1.399969 0.321801 -0.899497
v -1.434256 0.302005 -0.899497
v -1.473848 0.302005 -0.899497
v -1.508135 0.321801 -0.899497
v -1.527931 0.356088 -0.899497
v -1.573264 0.289287 -0.896468
v -1.508135 0.321801 -0.899497
v -1.522061 0.286952 -0.899496
v -1.588654 0.435827 -0.896468
v -1.527931 0.395680 -0.899497
v -1.565074 0.390315 -0.899496
v -1.469441 0.522424 -0.896468
v -1.473848 0.449764 -0.899497
v -1.497065 0.479248 -0.899496
v -1.334840 0.462482 -0.896468
v -1.399969 0.429968 -0.899497
v -1.386043 0.464817 -0.899496
v -1.319450 0.315942 -0.896468
v -1.380173 0.356088 -0.899497
v -1.343030 0.361453 -0.899496
v -1.438662 0.229344 -0.896468
v -1.434256 0.302005 -0.899497
v -1.411039 0.272521 -0.899496
v -1.565074 0.361453 -0.899496
v -1.527931 0.356088 -0.899497
v -1.588654 0.315942 -0.896468
v -1.522061 0.464817 -0.899496
v -1.508135 0.429968 -0.899497
v -1.573264 0.462482 -0.896468
v -1.411039 0.479248 -0.899496
v -1.434256 0.449764 -0.899497
v -1.438662 0.522424 -0.896468
v -1.343030 0.390315 -0.899496
v -1.380173 0.395680 -0.899497
v -1.319450 0.435826 -0.896468
v -1.386043 0.286952 -0.899496
v -1.399969 0.321801 -0.899497
v -1.334840 0.289287 -0.896468
v -1.497065 0.272521 -0.899496
v -1.473848 0.302005 -0.899497
v -1.469441 0.229344 -0.896468
v -1.588654 0.435827 -0.896468
v -1.650930 0.471738 -0.890687
v -1.639086 0.474396 -0.859502
v -1.635502 0.498459 -0.890687
v -1.573264 0.462482 -0.896468
v -1.631883 0.486873 -0.859502
v -1.573264 0.289287 -0.896468
v -1.635502 0.253310 -0.890687
v -1.631883 0.264896 -0.859502
v -1.650930 0.280031 -0.890687
v -1.588654 0.315942 -0.896468
v -1.639086 0.277372 -0.859502
v -1.438662 0.229344 -0.896468
v -1.438625 0.157456 -0.890687
v -1.446848 0.166384 -0.859502
v -1.469479 0.157456 -0.890687
v -1.469441 0.229344 -0.896468
v -1.461255 0.166384 -0.859502
v -1.319450 0.315942 -0.896468
v -1.257174 0.280031 -0.890687
v -1.269018 0.277372 -0.859502
v -1.272601 0.253310 -0.890687
v -1.334840 0.289287 -0.896468
v -1.276221 0.264896 -0.859502
v -1.334840 0.462482 -0.896468
v -1.272601 0.498459 -0.890687
v -1.276221 0.486873 -0.859502
v -1.257174 0.471738 -0.890687
v -1.319450 0.435826 -0.896468
v -1.269018 0.474396 -0.859502
v -1.438625 0.594312 -0.890687
v -1.438662 0.522424 -0.896468
v -1.446848 0.585385 -0.859502
v -1.469441 0.522424 -0.896468
v -1.469479 0.594312 -0.890687
v -1.461255 0.585385 -0.859502
v -1.688793 0.375884 -0.900545
v -1.677304 0.448423 -0.900545
v -1.665055 0.444443 -0.908443
v -1.675914 0.375884 -0.908443
v -1.643962 0.513862 -0.900545
v -1.633542 0.506292 -0.908443
v -1.592030 0.565794 -0.900545
v -1.584459 0.555375 -0.908443
v -1.526591 0.599136 -0.900545
v -1.522611 0.586888 -0.908443
v -1.454052 0.610626 -0.900545
v -1.454052 0.597746 -0.908443
v -1.381513 0.599137 -0.900545
v -1.385493 0.586888 -0.908443
v -1.316074 0.565794 -0.900545
v -1.323645 0.555375 -0.908443
v -1.264142 0.513862 -0.900545
v -1.274562 0.506292 -0.908443
v -1.230800 0.448423 -0.900545
v -1.243049 0.444443 -0.908443
v -1.219311 0.375884 -0.900545
v -1.232190 0.375884 -0.908443
v -1.230800 0.303345 -0.900545
v -1.243049 0.307325 -0.908443
v -1.264142 0.237907 -0.900545
v -1.274562 0.245477 -0.908443
v -1.316074 0.185975 -0.900545
v -1.323645 0.196394 -0.908443
v -1.381513 0.152632 -0.900545
v -1.385493 0.164881 -0.908443
v -1.454052 0.141143 -0.900545
v -1.454052 0.154022 -0.908443
v -1.454052 0.141143 -0.900545
v -1.526591 0.152632 -0.900545
v -1.522611 0.164881 -0.908443
v -1.454052 0.154022 -0.908443
v -1.592030 0.185975 -0.900545
v -1.584459 0.196394 -0.908443
v -1.643962 0.237907 -0.900545
v -1.633542 0.245477 -0.908443
v -1.677304 0.303345 -0.900545
v -1.665056 0.307325 -0.908443
v -1.675914 0.375884 -0.908443
v -1.665055 0.444443 -0.908443
v -1.638314 0.435755 -0.816772
v -1.647797 0.375884 -0.816772
v -1.633542 0.506292 -0.908443
v -1.610795 0.489765 -0.816772
v -1.584459 0.555375 -0.908443
v -1.567932 0.532627 -0.816772
v -1.522611 0.586888 -0.908443
v -1.513922 0.560147 -0.816772
v -1.454052 0.597746 -0.908443
v -1.454052 0.569629 -0.816772
v -1.385493 0.586888 -0.908443
v -1.394182 0.560147 -0.816772
v -1.323645 0.555375 -0.908443
v -1.340171 0.532627 -0.816772
v -1.274562 0.506292 -0.908443
v -1.297309 0.489765 -0.816772
v -1.243049 0.444443 -0.908443
v -1.269790 0.435755 -0.816772
v -1.232190 0.375884 -0.908443
v -1.260307 0.375884 -0.816772
v -1.243049 0.307325 -0.908443
v -1.269790 0.316014 -0.816772
v -1.274562 0.245477 -0.908443
v -1.297309 0.262004 -0.816772
v -1.323645 0.196394 -0.908443
v -1.340172 0.219141 -0.816772
v -1.385493 0.164881 -0.908443
v -1.394182 0.191622 -0.816772
v -1.454052 0.154022 -0.908443
v -1.454052 0.182139 -0.816772
v -1.454052 0.154022 -0.908443
v -1.522611 0.164881 -0.908443
v -1.513923 0.191622 -0.816772
v -1.454052 0.182139 -0.816772
v -1.584459 0.196394 -0.908443
v -1.567933 0.219141 -0.816772
v -1.633542 0.245477 -0.908443
v -1.610795 0.262004 -0.816772
v -1.665056 0.307325 -0.908443
v -1.638314 0.316014 -0.816772
v -1.219311 0.375884 -0.600969
v -1.230800 0.448423 -0.600969
v -1.243049 0.444443 -0.593071
v -1.232190 0.375884 -0.593072
v -1.264142 0.513862 -0.600969
v -1.274562 0.506292 -0.593071
v -1.316075 0.565794 -0.600969
v -1.323645 0.555375 -0.593072
v -1.381513 0.599137 -0.600969
v -1.385493 0.586888 -0.593072
v -1.454052 0.610626 -0.600969
v -1.454052 0.597746 -0.593071
v -1.526591 0.599137 -0.600969
v -1.522611 0.586888 -0.593071
v -1.592030 0.565794 -0.600969
v -1.584460 0.555375 -0.593071
v -1.643962 0.513862 -0.600969
v -1.633542 0.506292 -0.593071
v -1.677304 0.448423 -0.600969
v -1.665056 0.444443 -0.593071
v -1.688793 0.375884 -0.600969
v -1.675914 0.375884 -0.593071
v -1.677304 0.303345 -0.600969
v -1.665056 0.307325 -0.593072
v -1.643962 0.237907 -0.600969
v -1.633542 0.245477 -0.593072
v -1.592029 0.185974 -0.600969
v -1.584459 0.196394 -0.593071
v -1.526591 0.152632 -0.600969
v -1.522611 0.164881 -0.593072
v -1.454052 0.141143 -0.600969
v -1.454052 0.154022 -0.593072
v -1.454052 0.141143 -0.600969
v -1.381513 0.152632 -0.600969
v -1.385493 0.164881 -0.593072
v -1.454052 0.154022 -0.593072
v -1.316074 0.185975 -0.600969
v -1.323644 0.196394 -0.593072
v -1.264142 0.237907 -0.600969
v -1.274562 0.245477 -0.593072
v -1.230800 0.303346 -0.600969
v -1.243049 0.307325 -0.593072
v -1.232190 0.375884 -0.593072
v -1.243049 0.444443 -0.593071
v -1.269790 0.435755 -0.816772
v -1.260307 0.375884 -0.816772
v -1.274562 0.506292 -0.593071
v -1.297309 0.489765 -0.816772
v -1.323645 0.555375 -0.593072
v -1.340171 0.532627 -0.816772
v -1.385493 0.586888 -0.593072
v -1.394182 0.560147 -0.816772
v -1.454052 0.597746 -0.593071
v -1.454052 0.569629 -0.816772
v -1.522611 0.586888 -0.593071
v -1.513922 0.560147 -0.816772
v -1.584460 0.555375 -0.593071
v -1.567932 0.532627 -0.816772
v -1.633542 0.506292 -0.593071
v -1.610795 0.489765 -0.816772
v -1.665056 0.444443 -0.593071
v -1.638314 0.435755 -0.816772
v -1.675914 0.375884 -0.593071
v -1.647797 0.375884 -0.816772
v -1.665056 0.307325 -0.593072
v -1.638314 0.316014 -0.816772
v -1.633542 0.245477 -0.593072
v -1.610795 0.262004 -0.816772
v -1.584459 0.196394 -0.593071
v -1.567933 0.219141 -0.816772
v -1.522611 0.164881 -0.593072
v -1.513923 0.191622 -0.816772
v -1.454052 0.154022 -0.593072
v -1.454052 0.182139 -0.816772
v -1.454052 0.154022 -0.593072
v -1.385493 0.164881 -0.593072
v -1.394182 0.191622 -0.816772
v -1.454052 0.182139 -0.816772
v -1.323644 0.196394 -0.593072
v -1.340172 0.219141 -0.816772
v -1.274562 0.245477 -0.593072
v -1.297309 0.262004 -0.816772
v -1.243049 0.307325 -0.593072
v -1.269790 0.316014 -0.816772
v -1.794954 0.486650 -0.900545
v -1.756668 0.474210 -0.909853
v -1.772241 0.375884 -0.909853
v -1.812498 0.375884 -0.900545
v -1.744041 0.586573 -0.900545
v -1.711473 0.562911 -0.909853
v -1.664741 0.665873 -0.900545
v -1.641079 0.633305 -0.909853
v -1.564818 0.716786 -0.900545
v -1.552378 0.678500 -0.909853
v -1.454052 0.734330 -0.900545
v -1.454052 0.694074 -0.909853
v -1.343286 0.716787 -0.900545
v -1.355726 0.678501 -0.909853
v -1.243363 0.665873 -0.900545
v -1.267025 0.633305 -0.909854
v -1.164063 0.586573 -0.900545
v -1.196631 0.562911 -0.909854
v -1.113150 0.486650 -0.900545
v -1.151436 0.474210 -0.909853
v -1.095606 0.375884 -0.900545
v -1.135862 0.375884 -0.909853
v -1.113150 0.265118 -0.900545
v -1.151436 0.277558 -0.909853
v -1.164063 0.165195 -0.900545
v -1.196631 0.188857 -0.909853
v -1.243363 0.085895 -0.900545
v -1.267025 0.118463 -0.909853
v -1.343286 0.034982 -0.900545
v -1.355726 0.073268 -0.909853
v -1.454052 0.017438 -0.900545
v -1.454052 0.057695 -0.909853
v -1.564818 0.034982 -0.900545
v -1.552378 0.073268 -0.909853
v -1.664742 0.085896 -0.900545
v -1.641079 0.118464 -0.909853
v -1.744041 0.165195 -0.900545
v -1.711473 0.188857 -0.909853
v -1.794954 0.265119 -0.900545
v -1.756668 0.277559 -0.909853
v -1.829936 0.375884 -0.867030
v -1.811539 0.492039 -0.867030
v -1.758149 0.596823 -0.867030
v -1.674991 0.679981 -0.867030
v -1.570207 0.733371 -0.867030
v -1.454052 0.751768 -0.867030
v -1.337897 0.733371 -0.867030
v -1.233113 0.679981 -0.867030
v -1.149955 0.596824 -0.867030
v -1.096565 0.492039 -0.867030
v -1.078168 0.375884 -0.867030
v -1.096565 0.259730 -0.867030
v -1.149955 0.154945 -0.867030
v -1.233113 0.071787 -0.867030
v -1.337898 0.018397 -0.867030
v -1.454052 -0.000000 -0.867030
v -1.570207 0.018397 -0.867030
v -1.674991 0.071788 -0.867030
v -1.758149 0.154945 -0.867030
v -1.811539 0.259730 -0.867030
v -1.677304 0.448423 -0.900545
v -1.688793 0.375884 -0.900545
v -1.643962 0.513862 -0.900545
v -1.592029 0.565794 -0.900545
v -1.526591 0.599136 -0.900545
v -1.454052 0.610626 -0.900545
v -1.381513 0.599137 -0.900545
v -1.316074 0.565794 -0.900545
v -1.264142 0.513862 -0.900545
v -1.230800 0.448423 -0.900545
v -1.219311 0.375884 -0.900545
v -1.230800 0.303345 -0.900545
v -1.264142 0.237907 -0.900545
v -1.316074 0.185974 -0.900545
v -1.381513 0.152632 -0.900545
v -1.454052 0.141143 -0.900545
v -1.526591 0.152632 -0.900545
v -1.592030 0.185975 -0.900545
v -1.643962 0.237907 -0.900545
v -1.677304 0.303346 -0.900545
v -1.811539 0.492039 -0.867030
v -1.829936 0.375884 -0.867030
v -1.829936 0.375884 -0.635790
v -1.811539 0.492039 -0.635790
v -1.758149 0.596823 -0.867030
v -1.758149 0.596823 -0.635790
v -1.454052 0.751768 -0.867030
v -1.570207 0.733371 -0.867030
v -1.570207 0.733371 -0.635790
v -1.454052 0.751768 -0.635790
v -1.337897 0.733371 -0.867030
v -1.454052 0.751768 -0.867030
v -1.454052 0.751768 -0.635790
v -1.337897 0.733371 -0.635790
v -1.233113 0.679981 -0.867030
v -1.233113 0.679981 -0.635790
v -1.149955 0.596824 -0.867030
v -1.149955 0.596824 -0.635790
v -1.078168 0.375884 -0.867030
v -1.096565 0.492039 -0.867030
v -1.096565 0.492039 -0.635790
v -1.078168 0.375884 -0.635790
v -1.096565 0.259730 -0.867030
v -1.096565 0.259730 -0.635790
v -1.233113 0.071787 -0.867030
v -1.233113 0.071787 -0.635790
v -1.337898 0.018397 -0.635790
v -1.337898 0.018397 -0.867030
v -1.454052 -0.000000 -0.867030
v -1.454052 -0.000000 -0.635790
v -1.570207 0.018397 -0.867030
v -1.454052 -0.000000 -0.867030
v -1.454052 -0.000000 -0.635790
v -1.570207 0.018397 -0.635790
v -1.674991 0.071788 -0.867030
v -1.674991 0.071788 -0.635790
v -1.758149 0.154945 -0.635790
v -1.758149 0.154945 -0.867030
v -1.811539 0.259730 -0.867030
v -1.811539 0.259730 -0.635790
v -1.772241 0.375884 -0.592967
v -1.756668 0.474210 -0.592967
v -1.794954 0.486650 -0.602275
v -1.812498 0.375884 -0.602275
v -1.711473 0.562911 -0.592967
v -1.744041 0.586573 -0.602275
v -1.641079 0.633305 -0.592967
v -1.664741 0.665873 -0.602275
v -1.552378 0.678500 -0.592967
v -1.564818 0.716786 -0.602275
v -1.454052 0.694074 -0.592967
v -1.454052 0.734330 -0.602275
v -1.355726 0.678501 -0.592967
v -1.343286 0.716787 -0.602275
v -1.267025 0.633305 -0.592967
v -1.243363 0.665873 -0.602275
v -1.196631 0.562911 -0.592967
v -1.164063 0.586573 -0.602275
v -1.151436 0.474210 -0.592967
v -1.113150 0.486650 -0.602275
v -1.135862 0.375884 -0.592967
v -1.095606 0.375884 -0.602275
v -1.151436 0.277558 -0.592967
v -1.113150 0.265118 -0.602275
v -1.196631 0.188857 -0.592967
v -1.164063 0.165195 -0.602275
v -1.267025 0.118463 -0.592967
v -1.243363 0.085895 -0.602275
v -1.355726 0.073268 -0.592967
v -1.343286 0.034982 -0.602275
v -1.454052 0.057695 -0.592967
v -1.454052 0.017438 -0.602275
v -1.552378 0.073268 -0.592967
v -1.564818 0.034982 -0.602275
v -1.641079 0.118464 -0.592967
v -1.664742 0.085896 -0.602275
v -1.711473 0.188857 -0.592967
v -1.744041 0.165195 -0.602275
v -1.756668 0.277559 -0.592967
v -1.794954 0.265119 -0.602275
v -1.811539 0.492039 -0.635790
v -1.829936 0.375884 -0.635790
v -1.758149 0.596823 -0.635790
v -1.674991 0.679981 -0.635790
v -1.570207 0.733371 -0.635790
v -1.454052 0.751768 -0.635790
v -1.337897 0.733371 -0.635790
v -1.233113 0.679981 -0.635790
v -1.149955 0.596824 -0.635790
v -1.096565 0.492039 -0.635790
v -1.078168 0.375884 -0.635790
v -1.096565 0.259730 -0.635790
v -1.149955 0.154945 -0.635790
v -1.233113 0.071787 -0.635790
v -1.337898 0.018397 -0.635790
v -1.454052 -0.000000 -0.635790
v -1.570207 0.018397 -0.635790
v -1.674991 0.071788 -0.635790
v -1.758149 0.154945 -0.635790
v -1.811539 0.259730 -0.635790
v -1.688793 0.375884 -0.602275
v -1.677304 0.448423 -0.602275
v -1.643962 0.513862 -0.602275
v -1.592029 0.565794 -0.602275
v -1.526591 0.599137 -0.602275
v -1.454052 0.610626 -0.602275
v -1.381513 0.599137 -0.602275
v -1.316074 0.565794 -0.602275
v -1.264142 0.513862 -0.602275
v -1.230800 0.448423 -0.602275
v -1.219311 0.375884 -0.602275
v -1.230800 0.303345 -0.602275
v -1.264142 0.237907 -0.602275
v -1.316074 0.185975 -0.602275
v -1.381513 0.152632 -0.602275
v -1.454052 0.141143 -0.602275
v -1.526591 0.152632 -0.602275
v -1.592029 0.185975 -0.602275
v -1.643962 0.237907 -0.602275
v -1.677304 0.303346 -0.602275
v -1.674991 0.679981 -0.867030
v -1.674991 0.679981 -0.635790
v -1.149955 0.154945 -0.635790
v -1.149955 0.154945 -0.867030
v -1.635502 0.253310 -0.890687
v -1.623579 0.232648 -0.890628
v -1.650930 0.471738 -0.890687
v -1.662861 0.451081 -0.890628
v -1.469479 0.594312 -0.890687
v -1.493335 0.594317 -0.890629
v -1.272601 0.498459 -0.890687
v -1.284525 0.519120 -0.890629
v -1.257174 0.280031 -0.890687
v -1.245242 0.300688 -0.890629
v -1.438625 0.157456 -0.890687
v -1.414769 0.157452 -0.890628
v -1.650930 0.280031 -0.890687
v -1.662861 0.300688 -0.890628
v -1.635502 0.498459 -0.890687
v -1.623579 0.519121 -0.890629
v -1.438625 0.594312 -0.890687
v -1.414769 0.594317 -0.890629
v -1.257174 0.471738 -0.890687
v -1.245242 0.451080 -0.890629
v -1.272601 0.253310 -0.890687
v -1.284525 0.232648 -0.890629
v -1.469479 0.157456 -0.890687
v -1.493335 0.157452 -0.890628
v -1.639086 0.277372 -0.859502
v -1.588654 0.315942 -0.896468
v -1.573264 0.289287 -0.896468
v -1.631883 0.264896 -0.859502
v -1.631883 0.486873 -0.859502
v -1.573264 0.462482 -0.896468
v -1.588654 0.435827 -0.896468
v -1.639086 0.474396 -0.859502
v -1.446848 0.585385 -0.859502
v -1.438662 0.522424 -0.896468
v -1.469441 0.522424 -0.896468
v -1.461255 0.585385 -0.859502
v -1.269018 0.474396 -0.859502
v -1.319450 0.435826 -0.896468
v -1.334840 0.462482 -0.896468
v -1.276221 0.486873 -0.859502
v -1.276221 0.264896 -0.859502
v -1.334840 0.289287 -0.896468
v -1.319450 0.315942 -0.896468
v -1.269018 0.277372 -0.859502
v -1.461255 0.166384 -0.859502
v -1.469441 0.229344 -0.896468
v -1.438662 0.229344 -0.896468
v -1.446848 0.166384 -0.859502
v -1.565074 0.361453 -0.899496
v -1.662861 0.300688 -0.890628
v -1.667595 0.312638 -0.860944
v -1.578262 0.369872 -0.869782
v -1.522061 0.464817 -0.899496
v -1.623579 0.519121 -0.890629
v -1.615596 0.529195 -0.860944
v -1.521363 0.480447 -0.869782
v -1.411039 0.479248 -0.899496
v -1.414769 0.594317 -0.890629
v -1.402053 0.592441 -0.860944
v -1.397154 0.486459 -0.869782
v -1.329842 0.381896 -0.869782
v -1.343030 0.390315 -0.899496
v -1.245242 0.451080 -0.890629
v -1.240509 0.439130 -0.860944
v -1.386741 0.271321 -0.869782
v -1.386043 0.286952 -0.899496
v -1.284525 0.232648 -0.890629
v -1.292508 0.222573 -0.860944
v -1.497065 0.272521 -0.899496
v -1.493335 0.157452 -0.890628
v -1.506051 0.159327 -0.860944
v -1.510950 0.265309 -0.869782
v -1.565074 0.390315 -0.899496
v -1.565074 0.361453 -0.899496
v -1.578262 0.369872 -0.869782
v -1.581074 0.379554 -0.871382
v -1.497065 0.479248 -0.899496
v -1.522061 0.464817 -0.899496
v -1.521363 0.480447 -0.869782
v -1.514385 0.487723 -0.871382
v -1.386043 0.464817 -0.899496
v -1.411039 0.479248 -0.899496
v -1.397154 0.486459 -0.869782
v -1.387363 0.484053 -0.871382
v -1.343030 0.361453 -0.899496
v -1.343030 0.390315 -0.899496
v -1.329842 0.381896 -0.869782
v -1.327030 0.372215 -0.871382
v -1.411039 0.272521 -0.899496
v -1.386043 0.286952 -0.899496
v -1.386741 0.271321 -0.869782
v -1.393719 0.264045 -0.871382
v -1.522061 0.286952 -0.899496
v -1.497065 0.272521 -0.899496
v -1.510950 0.265309 -0.869782
v -1.520741 0.267715 -0.871382
v -1.615596 0.222573 -0.860944
v -1.623579 0.232648 -0.890628
v -1.522061 0.286952 -0.899496
v -1.520741 0.267715 -0.871382
v -1.667595 0.439130 -0.860944
v -1.662861 0.451081 -0.890628
v -1.565074 0.390315 -0.899496
v -1.581074 0.379554 -0.871382
v -1.506051 0.592441 -0.860944
v -1.493335 0.594317 -0.890629
v -1.497065 0.479248 -0.899496
v -1.514385 0.487723 -0.871382
v -1.284525 0.519120 -0.890629
v -1.386043 0.464817 -0.899496
v -1.387363 0.484053 -0.871382
v -1.292508 0.529195 -0.860944
v -1.245242 0.300688 -0.890629
v -1.343030 0.361453 -0.899496
v -1.327030 0.372215 -0.871382
v -1.240509 0.312638 -0.860944
v -1.414769 0.157452 -0.890628
v -1.411039 0.272521 -0.899496
v -1.393719 0.264045 -0.871382
v -1.402053 0.159327 -0.860944
v 1.577696 0.282071 0.762536
v 1.740185 0.375884 0.828923
v 1.552559 0.375884 0.762536
v 1.577696 0.469697 0.762536
v 1.646372 0.538373 0.762536
v 1.740185 0.563510 0.762536
v 1.833998 0.538373 0.762536
v 1.902673 0.469697 0.762536
v 1.927811 0.375884 0.762536
v 1.902673 0.282071 0.762536
v 1.833998 0.213396 0.762536
v 1.740185 0.188258 0.762536
v 1.646372 0.213395 0.762536
v 1.666305 0.395680 0.855395
v 1.740185 0.375884 0.828110
v 1.686101 0.429968 0.855395
v 1.720389 0.449764 0.855395
v 1.759981 0.449764 0.855395
v 1.794268 0.429968 0.855395
v 1.814064 0.395680 0.855395
v 1.814064 0.356088 0.855395
v 1.794268 0.321801 0.855395
v 1.759981 0.302005 0.855395
v 1.720389 0.302005 0.855395
v 1.686101 0.321801 0.855395
v 1.666305 0.356088 0.855395
v 1.620972 0.289287 0.852367
v 1.672176 0.286952 0.855395
v 1.686101 0.321801 0.855395
v 1.605583 0.435827 0.852367
v 1.629162 0.390315 0.855395
v 1.666305 0.395680 0.855395
v 1.724795 0.522424 0.852367
v 1.697171 0.479248 0.855395
v 1.720389 0.449764 0.855395
v 1.859397 0.462482 0.852367
v 1.808194 0.464817 0.855395
v 1.794268 0.429968 0.855395
v 1.874786 0.315942 0.852367
v 1.851207 0.361453 0.855395
v 1.814064 0.356088 0.855395
v 1.755574 0.229345 0.852367
v 1.783198 0.272521 0.855395
v 1.759981 0.302005 0.855395
v 1.629162 0.361453 0.855395
v 1.605583 0.315942 0.852367
v 1.666305 0.356088 0.855395
v 1.672176 0.464817 0.855395
v 1.620972 0.462482 0.852367
v 1.686101 0.429968 0.855395
v 1.783198 0.479248 0.855395
v 1.755574 0.522424 0.852367
v 1.759981 0.449764 0.855395
v 1.851207 0.390315 0.855395
v 1.874786 0.435827 0.852367
v 1.814064 0.395680 0.855395
v 1.808194 0.286952 0.855395
v 1.859397 0.289287 0.852367
v 1.794268 0.321801 0.855395
v 1.697171 0.272521 0.855395
v 1.724795 0.229345 0.852367
v 1.720389 0.302005 0.855395
v 1.605583 0.435827 0.852367
v 1.555150 0.474396 0.815400
v 1.543307 0.471738 0.846586
v 1.558734 0.498459 0.846586
v 1.562354 0.486873 0.815400
v 1.620972 0.462482 0.852367
v 1.620972 0.289287 0.852367
v 1.562354 0.264896 0.815400
v 1.558734 0.253310 0.846586
v 1.543307 0.280031 0.846586
v 1.555150 0.277372 0.815400
v 1.605583 0.315942 0.852367
v 1.755574 0.229345 0.852367
v 1.747388 0.166384 0.815400
v 1.755612 0.157456 0.846586
v 1.724758 0.157456 0.846586
v 1.732981 0.166384 0.815400
v 1.724795 0.229345 0.852367
v 1.874786 0.315942 0.852367
v 1.925219 0.277372 0.815400
v 1.937062 0.280031 0.846586
v 1.921635 0.253310 0.846586
v 1.918016 0.264896 0.815400
v 1.859397 0.289287 0.852367
v 1.859397 0.462482 0.852367
v 1.918016 0.486873 0.815400
v 1.921635 0.498459 0.846586
v 1.937062 0.471738 0.846586
v 1.925219 0.474396 0.815400
v 1.874786 0.435827 0.852367
v 1.755612 0.594312 0.846586
v 1.747388 0.585385 0.815400
v 1.755574 0.522424 0.852367
v 1.724795 0.522424 0.852367
v 1.732981 0.585385 0.815400
v 1.724758 0.594312 0.846586
v 1.505443 0.375884 0.856444
v 1.518323 0.375884 0.864342
v 1.529181 0.444443 0.864342
v 1.516932 0.448423 0.856444
v 1.560694 0.506292 0.864342
v 1.550275 0.513862 0.856444
v 1.609777 0.555374 0.864342
v 1.602207 0.565794 0.856444
v 1.671625 0.586888 0.864342
v 1.667645 0.599136 0.856444
v 1.740184 0.597746 0.864342
v 1.740185 0.610626 0.856444
v 1.808744 0.586888 0.864342
v 1.812724 0.599136 0.856444
v 1.870592 0.555375 0.864342
v 1.878162 0.565794 0.856444
v 1.919675 0.506292 0.864342
v 1.930094 0.513862 0.856444
v 1.951188 0.444443 0.864342
v 1.963437 0.448423 0.856444
v 1.962047 0.375884 0.864342
v 1.974926 0.375884 0.856444
v 1.951188 0.307325 0.864342
v 1.963437 0.303345 0.856444
v 1.919675 0.245477 0.864342
v 1.930094 0.237907 0.856444
v 1.870592 0.196394 0.864342
v 1.878162 0.185975 0.856444
v 1.808744 0.164881 0.864342
v 1.812724 0.152632 0.856444
v 1.740185 0.154022 0.864342
v 1.740185 0.141143 0.856444
v 1.740185 0.141143 0.856444
v 1.740185 0.154022 0.864342
v 1.671625 0.164881 0.864342
v 1.667645 0.152632 0.856444
v 1.609777 0.196394 0.864342
v 1.602207 0.185975 0.856444
v 1.560694 0.245477 0.864342
v 1.550275 0.237907 0.856444
v 1.529181 0.307325 0.864342
v 1.516932 0.303345 0.856444
v 1.518323 0.375884 0.864342
v 1.546440 0.375884 0.772671
v 1.555922 0.435755 0.772671
v 1.529181 0.444443 0.864342
v 1.583442 0.489765 0.772671
v 1.560694 0.506292 0.864342
v 1.626304 0.532627 0.772671
v 1.609777 0.555374 0.864342
v 1.680314 0.560147 0.772671
v 1.671625 0.586888 0.864342
v 1.740185 0.569629 0.772671
v 1.740184 0.597746 0.864342
v 1.800055 0.560147 0.772671
v 1.808744 0.586888 0.864342
v 1.854065 0.532627 0.772671
v 1.870592 0.555375 0.864342
v 1.896928 0.489765 0.772671
v 1.919675 0.506292 0.864342
v 1.924447 0.435755 0.772671
v 1.951188 0.444443 0.864342
v 1.933930 0.375884 0.772671
v 1.962047 0.375884 0.864342
v 1.924447 0.316014 0.772671
v 1.951188 0.307325 0.864342
v 1.896927 0.262004 0.772671
v 1.919675 0.245477 0.864342
v 1.854065 0.219141 0.772671
v 1.870592 0.196394 0.864342
v 1.800055 0.191622 0.772671
v 1.808744 0.164881 0.864342
v 1.740185 0.182139 0.772671
v 1.740185 0.154022 0.864342
v 1.740185 0.154022 0.864342
v 1.740185 0.182139 0.772671
v 1.680314 0.191622 0.772671
v 1.671625 0.164881 0.864342
v 1.626304 0.219141 0.772671
v 1.609777 0.196394 0.864342
v 1.583442 0.262004 0.772671
v 1.560694 0.245477 0.864342
v 1.555922 0.316014 0.772671
v 1.529181 0.307325 0.864342
v 1.974926 0.375884 0.556868
v 1.962047 0.375884 0.548970
v 1.951188 0.444443 0.548970
v 1.963437 0.448423 0.556868
v 1.919675 0.506292 0.548970
v 1.930094 0.513862 0.556868
v 1.870592 0.555375 0.548970
v 1.878162 0.565794 0.556868
v 1.808744 0.586888 0.548970
v 1.812723 0.599137 0.556868
v 1.740184 0.597747 0.548970
v 1.740184 0.610626 0.556868
v 1.671625 0.586888 0.548970
v 1.667645 0.599137 0.556868
v 1.609777 0.555375 0.548970
v 1.602207 0.565794 0.556868
v 1.560694 0.506292 0.548970
v 1.550275 0.513862 0.556868
v 1.529181 0.444443 0.548970
v 1.516932 0.448423 0.556868
v 1.518322 0.375884 0.548970
v 1.505443 0.375884 0.556868
v 1.529181 0.307325 0.548970
v 1.516932 0.303345 0.556868
v 1.560694 0.245477 0.548970
v 1.550275 0.237907 0.556868
v 1.609778 0.196394 0.548970
v 1.602207 0.185974 0.556868
v 1.671626 0.164881 0.548970
v 1.667646 0.152632 0.556868
v 1.740185 0.154022 0.548970
v 1.740185 0.141143 0.556868
v 1.740185 0.141143 0.556868
v 1.740185 0.154022 0.548970
v 1.808744 0.164881 0.548970
v 1.812724 0.152632 0.556868
v 1.870592 0.196394 0.548970
v 1.878162 0.185975 0.556868
v 1.919675 0.245477 0.548970
v 1.930094 0.237907 0.556868
v 1.951188 0.307325 0.548970
v 1.963437 0.303346 0.556868
v 1.962047 0.375884 0.548970
v 1.933930 0.375884 0.772671
v 1.924447 0.435755 0.772671
v 1.951188 0.444443 0.548970
v 1.896928 0.489765 0.772671
v 1.919675 0.506292 0.548970
v 1.854065 0.532627 0.772671
v 1.870592 0.555375 0.548970
v 1.800055 0.560147 0.772671
v 1.808744 0.586888 0.548970
v 1.740185 0.569629 0.772671
v 1.740184 0.597747 0.548970
v 1.680314 0.560147 0.772671
v 1.671625 0.586888 0.548970
v 1.626304 0.532627 0.772671
v 1.609777 0.555375 0.548970
v 1.583442 0.489765 0.772671
v 1.560694 0.506292 0.548970
v 1.555922 0.435755 0.772671
v 1.529181 0.444443 0.548970
v 1.546440 0.375884 0.772671
v 1.518322 0.375884 0.548970
v 1.555922 0.316014 0.772671
v 1.529181 0.307325 0.548970
v 1.583442 0.262004 0.772671
v 1.560694 0.245477 0.548970
v 1.626304 0.219141 0.772671
v 1.609778 0.196394 0.548970
v 1.680314 0.191622 0.772671
v 1.671626 0.164881 0.548970
v 1.740185 0.182139 0.772671
v 1.740185 0.154022 0.548970
v 1.740185 0.154022 0.548970
v 1.740185 0.182139 0.772671
v 1.800055 0.191622 0.772671
v 1.808744 0.164881 0.548970
v 1.854065 0.219141 0.772671
v 1.870592 0.196394 0.548970
v 1.896927 0.262004 0.772671
v 1.919675 0.245477 0.548970
v 1.924447 0.316014 0.772671
v 1.951188 0.307325 0.548970
v 1.421995 0.375884 0.865752
v 1.437568 0.474210 0.865752
v 1.399282 0.486650 0.856444
v 1.381739 0.375884 0.856444
v 1.482764 0.562911 0.865752
v 1.450196 0.586573 0.856444
v 1.553157 0.633305 0.865752
v 1.529495 0.665873 0.856444
v 1.641859 0.678500 0.865752
v 1.629419 0.716787 0.856444
v 1.740185 0.694074 0.865752
v 1.740185 0.734330 0.856444
v 1.838511 0.678500 0.865752
v 1.850951 0.716787 0.856444
v 1.927212 0.633305 0.865752
v 1.950874 0.665873 0.856444
v 1.997605 0.562911 0.865752
v 2.030174 0.586573 0.856444
v 2.042801 0.474210 0.865752
v 2.081087 0.486650 0.856444
v 2.058374 0.375884 0.865752
v 2.098631 0.375884 0.856444
v 2.042801 0.277558 0.865752
v 2.081087 0.265118 0.856444
v 1.997606 0.188857 0.865752
v 2.030174 0.165195 0.856444
v 1.927212 0.118463 0.865752
v 1.950874 0.085895 0.856444
v 1.838511 0.073268 0.865752
v 1.850950 0.034982 0.856444
v 1.740185 0.057695 0.865752
v 1.740185 0.017438 0.856444
v 1.641859 0.073268 0.865752
v 1.629418 0.034982 0.856444
v 1.553157 0.118464 0.865752
v 1.529495 0.085896 0.856444
v 1.482764 0.188857 0.865752
v 1.450196 0.165195 0.856444
v 1.437568 0.277559 0.865752
v 1.399282 0.265119 0.856444
v 1.382697 0.492039 0.822929
v 1.364300 0.375884 0.822929
v 1.436088 0.596823 0.822929
v 1.519245 0.679981 0.822929
v 1.624030 0.733371 0.822929
v 1.740185 0.751769 0.822929
v 1.856339 0.733371 0.822929
v 1.961124 0.679981 0.822929
v 2.044281 0.596824 0.822929
v 2.097672 0.492039 0.822929
v 2.116069 0.375884 0.822929
v 2.097672 0.259730 0.822929
v 2.044281 0.154945 0.822929
v 1.961124 0.071787 0.822929
v 1.856339 0.018397 0.822929
v 1.740185 0.000000 0.822929
v 1.624030 0.018397 0.822929
v 1.519245 0.071788 0.822929
v 1.436088 0.154945 0.822929
v 1.382697 0.259730 0.822929
v 1.505443 0.375884 0.856444
v 1.516932 0.448423 0.856444
v 1.550275 0.513862 0.856444
v 1.602207 0.565794 0.856444
v 1.667646 0.599136 0.856444
v 1.740185 0.610626 0.856444
v 1.812724 0.599136 0.856444
v 1.878162 0.565794 0.856444
v 1.930094 0.513862 0.856444
v 1.963437 0.448423 0.856444
v 1.974926 0.375884 0.856444
v 1.963437 0.303345 0.856444
v 1.930094 0.237907 0.856444
v 1.878162 0.185975 0.856444
v 1.812724 0.152632 0.856444
v 1.740185 0.141143 0.856444
v 1.667645 0.152632 0.856444
v 1.602207 0.185975 0.856444
v 1.550275 0.237907 0.856444
v 1.516932 0.303346 0.856444
v 1.382697 0.492039 0.822929
v 1.382697 0.492039 0.591689
v 1.364300 0.375884 0.591689
v 1.364300 0.375884 0.822929
v 1.436088 0.596823 0.822929
v 1.436088 0.596823 0.591689
v 1.740185 0.751769 0.822929
v 1.740185 0.751769 0.591689
v 1.624030 0.733371 0.591689
v 1.624030 0.733371 0.822929
v 1.856339 0.733371 0.822929
v 1.856339 0.733371 0.591689
v 1.740185 0.751769 0.591689
v 1.740185 0.751769 0.822929
v 1.961124 0.679981 0.822929
v 1.961124 0.679981 0.591689
v 2.044281 0.596824 0.822929
v 2.044281 0.596824 0.591689
v 2.116069 0.375884 0.822929
v 2.116069 0.375884 0.591689
v 2.097672 0.492039 0.591689
v 2.097672 0.492039 0.822929
v 2.097672 0.259730 0.822929
v 2.097672 0.259730 0.591689
v 1.856339 0.018397 0.591689
v 1.961124 0.071787 0.591689
v 1.961124 0.071787 0.822929
v 1.856339 0.018397 0.822929
v 1.740185 0.000000 0.822929
v 1.740185 0.000000 0.591689
v 1.624030 0.018397 0.822929
v 1.624030 0.018397 0.591689
v 1.740185 0.000000 0.591689
v 1.740185 0.000000 0.822929
v 1.436088 0.154945 0.591689
v 1.519245 0.071788 0.591689
v 1.519245 0.071788 0.822929
v 1.436088 0.154945 0.822929
v 1.382697 0.259730 0.591689
v 1.382697 0.259730 0.822929
v 1.399282 0.486650 0.558174
v 1.437568 0.474210 0.548866
v 1.421995 0.375884 0.548866
v 1.381739 0.375884 0.558174
v 1.450196 0.586573 0.558174
v 1.482764 0.562911 0.548866
v 1.529495 0.665873 0.558174
v 1.553157 0.633305 0.548866
v 1.629419 0.716787 0.558174
v 1.641859 0.678500 0.548866
v 1.740185 0.734330 0.558174
v 1.740185 0.694074 0.548866
v 1.850951 0.716787 0.558174
v 1.838511 0.678500 0.548866
v 1.950874 0.665873 0.558174
v 1.927212 0.633305 0.548866
v 2.030174 0.586573 0.558174
v 1.997605 0.562911 0.548866
v 2.081087 0.486650 0.558174
v 2.042801 0.474210 0.548866
v 2.098631 0.375884 0.558174
v 2.058374 0.375884 0.548866
v 2.081087 0.265118 0.558174
v 2.042801 0.277558 0.548866
v 2.030174 0.165195 0.558174
v 1.997606 0.188857 0.548866
v 1.950874 0.085895 0.558174
v 1.927212 0.118463 0.548866
v 1.850950 0.034982 0.558174
v 1.838511 0.073268 0.548866
v 1.740185 0.017438 0.558174
v 1.740185 0.057695 0.548866
v 1.629418 0.034982 0.558174
v 1.641859 0.073268 0.548866
v 1.529495 0.085896 0.558174
v 1.553158 0.118464 0.548866
v 1.450196 0.165195 0.558174
v 1.482764 0.188857 0.548866
v 1.399282 0.265119 0.558174
v 1.437568 0.277559 0.548866
v 1.364300 0.375884 0.591689
v 1.382697 0.492039 0.591689
v 1.436088 0.596823 0.591689
v 1.519245 0.679981 0.591689
v 1.624030 0.733371 0.591689
v 1.740185 0.751769 0.591689
v 1.856339 0.733371 0.591689
v 1.961124 0.679981 0.591689
v 2.044281 0.596824 0.591689
v 2.097672 0.492039 0.591689
v 2.116069 0.375884 0.591689
v 2.097672 0.259730 0.591689
v 2.044281 0.154945 0.591689
v 1.961124 0.071787 0.591689
v 1.856339 0.018397 0.591689
v 1.740185 0.000000 0.591689
v 1.624030 0.018397 0.591689
v 1.519245 0.071788 0.591689
v 1.436088 0.154945 0.591689
v 1.382697 0.259730 0.591689
v 1.516932 0.448423 0.558174
v 1.505443 0.375884 0.558174
v 1.550275 0.513862 0.558174
v 1.602207 0.565794 0.558174
v 1.667646 0.599137 0.558174
v 1.740185 0.610626 0.558174
v 1.812724 0.599137 0.558174
v 1.878162 0.565794 0.558174
v 1.930094 0.513862 0.558174
v 1.963437 0.448423 0.558174
v 1.974926 0.375884 0.558174
v 1.963437 0.303345 0.558174
v 1.930094 0.237907 0.558174
v 1.878162 0.185975 0.558174
v 1.812724 0.152632 0.558174
v 1.740185 0.141143 0.558174
v 1.667645 0.152632 0.558174
v 1.602207 0.185975 0.558174
v 1.550275 0.237907 0.558174
v 1.516932 0.303346 0.558174
v 1.519245 0.679981 0.822929
v 1.519245 0.679981 0.591689
v 2.044281 0.154945 0.591689
v 2.044281 0.154945 0.822929
v 1.558734 0.253310 0.846586
v 1.570658 0.232648 0.846527
v 1.543307 0.471738 0.846586
v 1.531375 0.451081 0.846527
v 1.724758 0.594312 0.846586
v 1.700902 0.594317 0.846527
v 1.921635 0.498459 0.846586
v 1.909711 0.519121 0.846527
v 1.937062 0.280031 0.846586
v 1.948994 0.300688 0.846527
v 1.755612 0.157456 0.846586
v 1.779468 0.157452 0.846527
v 1.543307 0.280031 0.846586
v 1.531375 0.300688 0.846527
v 1.558734 0.498459 0.846586
v 1.570658 0.519121 0.846527
v 1.755612 0.594312 0.846586
v 1.779468 0.594317 0.846527
v 1.937062 0.471738 0.846586
v 1.948994 0.451081 0.846527
v 1.921635 0.253310 0.846586
v 1.909711 0.232648 0.846527
v 1.724758 0.157456 0.846586
v 1.700902 0.157452 0.846527
v 1.620972 0.289287 0.852367
v 1.605583 0.315942 0.852367
v 1.555150 0.277372 0.815400
v 1.562354 0.264896 0.815400
v 1.605583 0.435827 0.852367
v 1.620972 0.462482 0.852367
v 1.562354 0.486873 0.815400
v 1.555150 0.474396 0.815400
v 1.724795 0.522424 0.852367
v 1.755574 0.522424 0.852367
v 1.747388 0.585385 0.815400
v 1.732981 0.585385 0.815400
v 1.859397 0.462482 0.852367
v 1.874786 0.435827 0.852367
v 1.925219 0.474396 0.815400
v 1.918016 0.486873 0.815400
v 1.874786 0.315942 0.852367
v 1.859397 0.289287 0.852367
v 1.918016 0.264896 0.815400
v 1.925219 0.277372 0.815400
v 1.755574 0.229345 0.852367
v 1.724795 0.229345 0.852367
v 1.732981 0.166384 0.815400
v 1.747388 0.166384 0.815400
v 1.526641 0.312638 0.816843
v 1.531375 0.300688 0.846527
v 1.629162 0.361453 0.855395
v 1.615975 0.369872 0.825681
v 1.578640 0.529195 0.816843
v 1.570658 0.519121 0.846527
v 1.672176 0.464817 0.855395
v 1.672873 0.480447 0.825681
v 1.792184 0.592441 0.816843
v 1.779468 0.594317 0.846527
v 1.783198 0.479248 0.855395
v 1.797083 0.486459 0.825681
v 1.864395 0.381896 0.825681
v 1.953728 0.439130 0.816843
v 1.948994 0.451081 0.846527
v 1.851207 0.390315 0.855395
v 1.807496 0.271321 0.825681
v 1.901729 0.222573 0.816843
v 1.909711 0.232648 0.846527
v 1.808194 0.286952 0.855395
v 1.688186 0.159327 0.816843
v 1.700902 0.157452 0.846527
v 1.697171 0.272521 0.855395
v 1.683286 0.265309 0.825681
v 1.615975 0.369872 0.825681
v 1.629162 0.361453 0.855395
v 1.629162 0.390315 0.855395
v 1.613163 0.379554 0.827281
v 1.672873 0.480447 0.825681
v 1.672176 0.464817 0.855395
v 1.697171 0.479248 0.855395
v 1.679852 0.487723 0.827281
v 1.797083 0.486459 0.825681
v 1.783198 0.479248 0.855395
v 1.808194 0.464817 0.855395
v 1.806874 0.484053 0.827281
v 1.864395 0.381896 0.825681
v 1.851207 0.390315 0.855395
v 1.851207 0.361453 0.855395
v 1.867206 0.372215 0.827281
v 1.807496 0.271321 0.825681
v 1.808194 0.286952 0.855395
v 1.783198 0.272521 0.855395
v 1.800518 0.264045 0.827281
v 1.683286 0.265309 0.825681
v 1.697171 0.272521 0.855395
v 1.672176 0.286952 0.855395
v 1.673496 0.267715 0.827281
v 1.578640 0.222573 0.816843
v 1.673496 0.267715 0.827281
v 1.672176 0.286952 0.855395
v 1.570658 0.232648 0.846527
v 1.526641 0.439130 0.816843
v 1.613163 0.379554 0.827281
v 1.629162 0.390315 0.855395
v 1.531375 0.451081 0.846527
v 1.688186 0.592441 0.816843
v 1.679852 0.487723 0.827281
v 1.697171 0.479248 0.855395
v 1.700902 0.594317 0.846527
v 1.806874 0.484053 0.827281
v 1.808194 0.464817 0.855395
v 1.909711 0.519121 0.846527
v 1.901729 0.529195 0.816843
v 1.867206 0.372215 0.827281
v 1.851207 0.361453 0.855395
v 1.948994 0.300688 0.846527
v 1.953728 0.312638 0.816843
v 1.800518 0.264045 0.827281
v 1.783198 0.272521 0.855395
v 1.779468 0.157452 0.846527
v 1.792184 0.159327 0.816843
v -1.616541 0.282071 0.762536
v -1.454052 0.375884 0.828923
v -1.641678 0.375884 0.762536
v -1.616541 0.469697 0.762536
v -1.547865 0.538373 0.762536
v -1.454052 0.563510 0.762536
v -1.360239 0.538373 0.762536
v -1.291563 0.469697 0.762536
v -1.266426 0.375884 0.762536
v -1.291563 0.282071 0.762536
v -1.360239 0.213395 0.762536
v -1.454052 0.188258 0.762536
v -1.547865 0.213395 0.762536
v -1.527931 0.395680 0.855395
v -1.454052 0.375884 0.828110
v -1.508135 0.429968 0.855395
v -1.473848 0.449764 0.855395
v -1.434256 0.449764 0.855395
v -1.399969 0.429968 0.855395
v -1.380173 0.395680 0.855395
v -1.380173 0.356088 0.855395
v -1.399969 0.321801 0.855395
v -1.434256 0.302005 0.855395
v -1.473848 0.302005 0.855395
v -1.508135 0.321801 0.855395
v -1.527931 0.356088 0.855395
v -1.573264 0.289287 0.852367
v -1.522061 0.286952 0.855395
v -1.508135 0.321801 0.855395
v -1.588654 0.435827 0.852367
v -1.565074 0.390315 0.855395
v -1.527931 0.395680 0.855395
v -1.469441 0.522424 0.852367
v -1.497065 0.479248 0.855395
v -1.473848 0.449764 0.855395
v -1.334840 0.462482 0.852367
v -1.386043 0.464817 0.855395
v -1.399969 0.429968 0.855395
v -1.319450 0.315942 0.852367
v -1.343030 0.361453 0.855395
v -1.380173 0.356088 0.855395
v -1.438662 0.229344 0.852367
v -1.411039 0.272521 0.855395
v -1.434256 0.302005 0.855395
v -1.565074 0.361453 0.855395
v -1.588654 0.315942 0.852367
v -1.527931 0.356088 0.855395
v -1.522061 0.464817 0.855395
v -1.573264 0.462482 0.852367
v -1.508135 0.429968 0.855395
v -1.411039 0.479248 0.855395
v -1.438662 0.522424 0.852367
v -1.434256 0.449764 0.855395
v -1.343030 0.390315 0.855395
v -1.319450 0.435827 0.852367
v -1.380173 0.395680 0.855395
v -1.386043 0.286952 0.855395
v -1.334840 0.289287 0.852367
v -1.399969 0.321801 0.855395
v -1.497065 0.272521 0.855395
v -1.469441 0.229344 0.852367
v -1.473848 0.302005 0.855395
v -1.588654 0.435827 0.852367
v -1.639086 0.474396 0.815400
v -1.650930 0.471738 0.846586
v -1.635502 0.498459 0.846586
v -1.631883 0.486873 0.815400
v -1.573264 0.462482 0.852367
v -1.573264 0.289287 0.852367
v -1.631883 0.264896 0.815400
v -1.635502 0.253310 0.846586
v -1.650930 0.280031 0.846586
v -1.639086 0.277372 0.815400
v -1.588654 0.315942 0.852367
v -1.438662 0.229344 0.852367
v -1.446848 0.166384 0.815400
v -1.438625 0.157456 0.846586
v -1.469479 0.157456 0.846586
v -1.461255 0.166384 0.815400
v -1.469441 0.229344 0.852367
v -1.319450 0.315942 0.852367
v -1.269018 0.277372 0.815400
v -1.257174 0.280031 0.846586
v -1.272601 0.253310 0.846586
v -1.276221 0.264896 0.815400
v -1.334840 0.289287 0.852367
v -1.334840 0.462482 0.852367
v -1.276221 0.486873 0.815400
v -1.272601 0.498459 0.846586
v -1.257174 0.471738 0.846586
v -1.269018 0.474396 0.815400
v -1.319450 0.435827 0.852367
v -1.438625 0.594312 0.846586
v -1.446848 0.585385 0.815400
v -1.438662 0.522424 0.852367
v -1.469441 0.522424 0.852367
v -1.461255 0.585385 0.815400
v -1.469479 0.594312 0.846586
v -1.688793 0.375884 0.856444
v -1.675914 0.375884 0.864342
v -1.665055 0.444443 0.864342
v -1.677304 0.448423 0.856444
v -1.633542 0.506292 0.864342
v -1.643962 0.513862 0.856444
v -1.584459 0.555375 0.864342
v -1.592030 0.565794 0.856444
v -1.522611 0.586888 0.864342
v -1.526591 0.599136 0.856444
v -1.454052 0.597746 0.864342
v -1.454052 0.610626 0.856444
v -1.385493 0.586888 0.864342
v -1.381513 0.599137 0.856444
v -1.323645 0.555375 0.864342
v -1.316074 0.565794 0.856444
v -1.274562 0.506292 0.864342
v -1.264142 0.513862 0.856444
v -1.243049 0.444443 0.864342
v -1.230800 0.448423 0.856444
v -1.232190 0.375884 0.864342
v -1.219311 0.375884 0.856444
v -1.243049 0.307325 0.864342
v -1.230800 0.303345 0.856444
v -1.274562 0.245477 0.864342
v -1.264142 0.237907 0.856444
v -1.323645 0.196394 0.864342
v -1.316074 0.185975 0.856444
v -1.385493 0.164881 0.864342
v -1.381513 0.152632 0.856444
v -1.454052 0.154022 0.864342
v -1.454052 0.141143 0.856444
v -1.454052 0.141143 0.856444
v -1.454052 0.154022 0.864342
v -1.522611 0.164881 0.864342
v -1.526591 0.152632 0.856444
v -1.584459 0.196394 0.864342
v -1.592030 0.185975 0.856444
v -1.633542 0.245477 0.864342
v -1.643962 0.237907 0.856444
v -1.665056 0.307325 0.864342
v -1.677304 0.303345 0.856444
v -1.675914 0.375884 0.864342
v -1.647797 0.375884 0.772671
v -1.638314 0.435755 0.772671
v -1.665055 0.444443 0.864342
v -1.610795 0.489765 0.772671
v -1.633542 0.506292 0.864342
v -1.567932 0.532627 0.772671
v -1.584459 0.555375 0.864342
v -1.513922 0.560147 0.772671
v -1.522611 0.586888 0.864342
v -1.454052 0.569629 0.772671
v -1.454052 0.597746 0.864342
v -1.394182 0.560147 0.772671
v -1.385493 0.586888 0.864342
v -1.340171 0.532627 0.772671
v -1.323645 0.555375 0.864342
v -1.297309 0.489765 0.772671
v -1.274562 0.506292 0.864342
v -1.269790 0.435755 0.772671
v -1.243049 0.444443 0.864342
v -1.260307 0.375884 0.772671
v -1.232190 0.375884 0.864342
v -1.269790 0.316014 0.772671
v -1.243049 0.307325 0.864342
v -1.297309 0.262004 0.772671
v -1.274562 0.245477 0.864342
v -1.340172 0.219141 0.772671
v -1.323645 0.196394 0.864342
v -1.394182 0.191622 0.772671
v -1.385493 0.164881 0.864342
v -1.454052 0.182139 0.772671
v -1.454052 0.154022 0.864342
v -1.454052 0.154022 0.864342
v -1.454052 0.182139 0.772671
v -1.513923 0.191622 0.772671
v -1.522611 0.164881 0.864342
v -1.567933 0.219141 0.772671
v -1.584459 0.196394 0.864342
v -1.610795 0.262004 0.772671
v -1.633542 0.245477 0.864342
v -1.638314 0.316014 0.772671
v -1.665056 0.307325 0.864342
v -1.219311 0.375884 0.556868
v -1.232190 0.375884 0.548970
v -1.243049 0.444443 0.548970
v -1.230800 0.448423 0.556868
v -1.274562 0.506292 0.548970
v -1.264142 0.513862 0.556868
v -1.323645 0.555375 0.548970
v -1.316075 0.565794 0.556868
v -1.385493 0.586888 0.548970
v -1.381513 0.599137 0.556868
v -1.454052 0.597746 0.548970
v -1.454052 0.610626 0.556868
v -1.522611 0.586888 0.548970
v -1.526591 0.599137 0.556868
v -1.584460 0.555375 0.548970
v -1.592030 0.565794 0.556868
v -1.633542 0.506292 0.548970
v -1.643962 0.513862 0.556868
v -1.665056 0.444443 0.548970
v -1.677304 0.448423 0.556868
v -1.675914 0.375884 0.548970
v -1.688793 0.375884 0.556868
v -1.665056 0.307325 0.548970
v -1.677304 0.303345 0.556868
v -1.633542 0.245477 0.548970
v -1.643962 0.237907 0.556868
v -1.584459 0.196394 0.548970
v -1.592029 0.185974 0.556868
v -1.522611 0.164881 0.548970
v -1.526591 0.152632 0.556868
v -1.454052 0.154022 0.548970
v -1.454052 0.141143 0.556868
v -1.454052 0.141143 0.556868
v -1.454052 0.154022 0.548970
v -1.385493 0.164881 0.548970
v -1.381513 0.152632 0.556868
v -1.323644 0.196394 0.548970
v -1.316074 0.185975 0.556868
v -1.274562 0.245477 0.548970
v -1.264142 0.237907 0.556868
v -1.243049 0.307325 0.548970
v -1.230800 0.303346 0.556868
v -1.232190 0.375884 0.548970
v -1.260307 0.375884 0.772671
v -1.269790 0.435755 0.772671
v -1.243049 0.444443 0.548970
v -1.297309 0.489765 0.772671
v -1.274562 0.506292 0.548970
v -1.340171 0.532627 0.772671
v -1.323645 0.555375 0.548970
v -1.394182 0.560147 0.772671
v -1.385493 0.586888 0.548970
v -1.454052 0.569629 0.772671
v -1.454052 0.597746 0.548970
v -1.513922 0.560147 0.772671
v -1.522611 0.586888 0.548970
v -1.567932 0.532627 0.772671
v -1.584460 0.555375 0.548970
v -1.610795 0.489765 0.772671
v -1.633542 0.506292 0.548970
v -1.638314 0.435755 0.772671
v -1.665056 0.444443 0.548970
v -1.647797 0.375884 0.772671
v -1.675914 0.375884 0.548970
v -1.638314 0.316014 0.772671
v -1.665056 0.307325 0.548970
v -1.610795 0.262004 0.772671
v -1.633542 0.245477 0.548970
v -1.567933 0.219141 0.772671
v -1.584459 0.196394 0.548970
v -1.513923 0.191622 0.772671
v -1.522611 0.164881 0.548970
v -1.454052 0.182139 0.772671
v -1.454052 0.154022 0.548970
v -1.454052 0.154022 0.548970
v -1.454052 0.182139 0.772671
v -1.394182 0.191622 0.772671
v -1.385493 0.164881 0.548970
v -1.340172 0.219141 0.772671
v -1.323644 0.196394 0.548970
v -1.297309 0.262004 0.772671
v -1.274562 0.245477 0.548970
v -1.269790 0.316014 0.772671
v -1.243049 0.307325 0.548970
v -1.772241 0.375884 0.865752
v -1.756668 0.474210 0.865752
v -1.794954 0.486650 0.856444
v -1.812498 0.375884 0.856444
v -1.711473 0.562911 0.865752
v -1.744041 0.586573 0.856444
v -1.641079 0.633305 0.865752
v -1.664741 0.665873 0.856444
v -1.552378 0.678500 0.865752
v -1.564818 0.716786 0.856444
v -1.454052 0.694074 0.865752
v -1.454052 0.734330 0.856444
v -1.355726 0.678501 0.865752
v -1.343286 0.716787 0.856444
v -1.267025 0.633305 0.865752
v -1.243363 0.665873 0.856444
v -1.196631 0.562911 0.865752
v -1.164063 0.586573 0.856444
v -1.151436 0.474210 0.865752
v -1.113150 0.486650 0.856444
v -1.135862 0.375884 0.865752
v -1.095606 0.375884 0.856444
v -1.151436 0.277558 0.865752
v -1.113150 0.265118 0.856444
v -1.196631 0.188857 0.865752
v -1.164063 0.165195 0.856444
v -1.267025 0.118463 0.865752
v -1.243363 0.085895 0.856444
v -1.355726 0.073268 0.865752
v -1.343286 0.034982 0.856444
v -1.454052 0.057695 0.865752
v -1.454052 0.017438 0.856444
v -1.552378 0.073268 0.865752
v -1.564818 0.034982 0.856444
v -1.641079 0.118464 0.865752
v -1.664742 0.085896 0.856444
v -1.711473 0.188857 0.865752
v -1.744041 0.165195 0.856444
v -1.756668 0.277559 0.865752
v -1.794954 0.265119 0.856444
v -1.811539 0.492039 0.822929
v -1.829936 0.375884 0.822929
v -1.758149 0.596823 0.822929
v -1.674991 0.679981 0.822929
v -1.570207 0.733371 0.822929
v -1.454052 0.751768 0.822929
v -1.337897 0.733371 0.822929
v -1.233113 0.679981 0.822929
v -1.149955 0.596824 0.822929
v -1.096565 0.492039 0.822929
v -1.078168 0.375884 0.822929
v -1.096565 0.259730 0.822929
v -1.149955 0.154945 0.822929
v -1.233113 0.071787 0.822929
v -1.337898 0.018397 0.822929
v -1.454052 -0.000000 0.822929
v -1.570207 0.018397 0.822929
v -1.674991 0.071788 0.822929
v -1.758149 0.154945 0.822929
v -1.811539 0.259730 0.822929
v -1.688793 0.375884 0.856444
v -1.677304 0.448423 0.856444
v -1.643962 0.513862 0.856444
v -1.592029 0.565794 0.856444
v -1.526591 0.599136 0.856444
v -1.454052 0.610626 0.856444
v -1.381513 0.599137 0.856444
v -1.316074 0.565794 0.856444
v -1.264142 0.513862 0.856444
v -1.230800 0.448423 0.856444
v -1.219311 0.375884 0.856444
v -1.230800 0.303345 0.856444
v -1.264142 0.237907 0.856444
v -1.316074 0.185974 0.856444
v -1.381513 0.152632 0.856444
v -1.454052 0.141143 0.856444
v -1.526591 0.152632 0.856444
v -1.592029 0.185975 0.856444
v -1.643962 0.237907 0.856444
v -1.677304 0.303345 0.856444
v -1.811539 0.492039 0.822929
v -1.811539 0.492039 0.591689
v -1.829936 0.375884 0.591689
v -1.829936 0.375884 0.822929
v -1.758149 0.596823 0.822929
v -1.758149 0.596823 0.591689
v -1.454052 0.751768 0.822929
v -1.454052 0.751768 0.591689
v -1.570207 0.733371 0.591689
v -1.570207 0.733371 0.822929
v -1.337897 0.733371 0.822929
v -1.337897 0.733371 0.591689
v -1.454052 0.751768 0.591689
v -1.454052 0.751768 0.822929
v -1.233113 0.679981 0.822929
v -1.233113 0.679981 0.591689
v -1.149955 0.596824 0.822929
v -1.149955 0.596824 0.591689
v -1.078168 0.375884 0.822929
v -1.078168 0.375884 0.591689
v -1.096565 0.492039 0.591689
v -1.096565 0.492039 0.822929
v -1.096565 0.259730 0.822929
v -1.096565 0.259730 0.591689
v -1.337898 0.018397 0.591689
v -1.233113 0.071787 0.591689
v -1.233113 0.071787 0.822929
v -1.337898 0.018397 0.822929
v -1.454052 -0.000000 0.822929
v -1.454052 -0.000000 0.591689
v -1.570207 0.018397 0.822929
v -1.570207 0.018397 0.591689
v -1.454052 -0.000000 0.591689
v -1.454052 -0.000000 0.822929
v -1.758149 0.154945 0.591689
v -1.674991 0.071788 0.591689
v -1.674991 0.071788 0.822929
v -1.758149 0.154945 0.822929
v -1.811539 0.259730 0.591689
v -1.811539 0.259730 0.822929
v -1.794954 0.486650 0.558174
v -1.756668 0.474210 0.548866
v -1.772241 0.375884 0.548866
v -1.812498 0.375884 0.558174
v -1.744041 0.586573 0.558174
v -1.711473 0.562911 0.548866
v -1.664741 0.665873 0.558174
v -1.641079 0.633305 0.548866
v -1.564818 0.716786 0.558174
v -1.552378 0.678500 0.548866
v -1.454052 0.734330 0.558174
v -1.454052 0.694074 0.548866
v -1.343286 0.716787 0.558174
v -1.355726 0.678501 0.548866
v -1.243363 0.665873 0.558174
v -1.267025 0.633305 0.548866
v -1.164063 0.586573 0.558174
v -1.196631 0.562911 0.548866
v -1.113150 0.486650 0.558174
v -1.151436 0.474210 0.548866
v -1.095606 0.375884 0.558174
v -1.135862 0.375884 0.548866
v -1.113150 0.265118 0.558174
v -1.151436 0.277558 0.548866
v -1.164063 0.165195 0.558174
v -1.196631 0.188857 0.548866
v -1.243363 0.085895 0.558174
v -1.267025 0.118463 0.548866
v -1.343286 0.034982 0.558174
v -1.355726 0.073268 0.548866
v -1.454052 0.017438 0.558174
v -1.454052 0.057695 0.548866
v -1.564818 0.034982 0.558174
v -1.552378 0.073268 0.548866
v -1.664742 0.085896 0.558174
v -1.641079 0.118464 0.548866
v -1.744041 0.165195 0.558174
v -1.711473 0.188857 0.548866
v -1.794954 0.265119 0.558174
v -1.756668 0.277559 0.548866
v -1.829936 0.375884 0.591689
v -1.811539 0.492039 0.591689
v -1.758149 0.596823 0.591689
v -1.674991 0.679981 0.591689
v -1.570207 0.733371 0.591689
v -1.454052 0.751768 0.591689
v -1.337897 0.733371 0.591689
v -1.233113 0.679981 0.591689
v -1.149955 0.596824 0.591689
v -1.096565 0.492039 0.591689
v -1.078168 0.375884 0.591689
v -1.096565 0.259730 0.591689
v -1.149955 0.154945 0.591689
v -1.233113 0.071787 0.591689
v -1.337898 0.018397 0.591689
v -1.454052 -0.000000 0.591689
v -1.570207 0.018397 0.591689
v -1.674991 0.071788 0.591689
v -1.758149 0.154945 0.591689
v -1.811539 0.259730 0.591689
v -1.677304 0.448423 0.558174
v -1.688793 0.375884 0.558174
v -1.643962 0.513862 0.558174
v -1.592029 0.565794 0.558174
v -1.526591 0.599137 0.558174
v -1.454052 0.610626 0.558174
v -1.381513 0.599137 0.558174
v -1.316074 0.565794 0.558174
v -1.264142 0.513862 0.558174
v -1.230800 0.448423 0.558174
v -1.219311 0.375884 0.558174
v -1.230800 0.303345 0.558174
v -1.264142 0.237907 0.558174
v -1.316074 0.185975 0.558174
v -1.381513 0.152632 0.558174
v -1.454052 0.141143 0.558174
v -1.526591 0.152632 0.558174
v -1.592029 0.185975 0.558174
v -1.643962 0.237907 0.558174
v -1.677304 0.303345 0.558174
v -1.674991 0.679981 0.822929
v -1.674991 0.679981 0.591689
v -1.149955 0.154945 0.591689
v -1.149955 0.154945 0.822929
v -1.635502 0.253310 0.846586
v -1.623579 0.232648 0.846527
v -1.650930 0.471738 0.846586
v -1.662861 0.451081 0.846527
v -1.469479 0.594312 0.846586
v -1.493335 0.594317 0.846527
v -1.272601 0.498459 0.846586
v -1.284525 0.519121 0.846527
v -1.257174 0.280031 0.846586
v -1.245242 0.300688 0.846527
v -1.438625 0.157456 0.846586
v -1.414769 0.157452 0.846527
v -1.650930 0.280031 0.846586
v -1.662861 0.300688 0.846527
v -1.635502 0.498459 0.846586
v -1.623579 0.519121 0.846527
v -1.438625 0.594312 0.846586
v -1.414769 0.594317 0.846527
v -1.257174 0.471738 0.846586
v -1.245242 0.451081 0.846527
v -1.272601 0.253310 0.846586
v -1.284525 0.232648 0.846527
v -1.469479 0.157456 0.846586
v -1.493335 0.157452 0.846527
v -1.573264 0.289287 0.852367
v -1.588654 0.315942 0.852367
v -1.639086 0.277372 0.815400
v -1.631883 0.264896 0.815400
v -1.588654 0.435827 0.852367
v -1.573264 0.462482 0.852367
v -1.631883 0.486873 0.815400
v -1.639086 0.474396 0.815400
v -1.469441 0.522424 0.852367
v -1.438662 0.522424 0.852367
v -1.446848 0.585385 0.815400
v -1.461255 0.585385 0.815400
v -1.334840 0.462482 0.852367
v -1.319450 0.435827 0.852367
v -1.269018 0.474396 0.815400
v -1.276221 0.486873 0.815400
v -1.319450 0.315942 0.852367
v -1.334840 0.289287 0.852367
v -1.276221 0.264896 0.815400
v -1.269018 0.277372 0.815400
v -1.438662 0.229344 0.852367
v -1.469441 0.229344 0.852367
v -1.461255 0.166384 0.815400
v -1.446848 0.166384 0.815400
v -1.667595 0.312638 0.816843
v -1.662861 0.300688 0.846527
v -1.565074 0.361453 0.855395
v -1.578262 0.369872 0.825681
v -1.615596 0.529195 0.816843
v -1.623579 0.519121 0.846527
v -1.522061 0.464817 0.855395
v -1.521363 0.480447 0.825681
v -1.402053 0.592441 0.816843
v -1.414769 0.594317 0.846527
v -1.411039 0.479248 0.855395
v -1.397154 0.486459 0.825681
v -1.329842 0.381896 0.825681
v -1.240509 0.439130 0.816843
v -1.245242 0.451081 0.846527
v -1.343030 0.390315 0.855395
v -1.386741 0.271321 0.825681
v -1.292508 0.222573 0.816843
v -1.284525 0.232648 0.846527
v -1.386043 0.286952 0.855395
v -1.506051 0.159327 0.816843
v -1.493335 0.157452 0.846527
v -1.497065 0.272521 0.855395
v -1.510950 0.265309 0.825681
v -1.578262 0.369872 0.825681
v -1.565074 0.361453 0.855395
v -1.565074 0.390315 0.855395
v -1.581074 0.379554 0.827281
v -1.521363 0.480447 0.825681
v -1.522061 0.464817 0.855395
v -1.497065 0.479248 0.855395
v -1.514385 0.487723 0.827281
v -1.397154 0.486459 0.825681
v -1.411039 0.479248 0.855395
v -1.386043 0.464817 0.855395
v -1.387363 0.484053 0.827281
v -1.329842 0.381896 0.825681
v -1.343030 0.390315 0.855395
v -1.343030 0.361453 0.855395
v -1.327030 0.372215 0.827281
v -1.386741 0.271321 0.825681
v -1.386043 0.286952 0.855395
v -1.411039 0.272521 0.855395
v -1.393719 0.264045 0.827281
v -1.510950 0.265309 0.825681
v -1.497065 0.272521 0.855395
v -1.522061 0.286952 0.855395
v -1.520741 0.267715 0.827281
v -1.615596 0.222573 0.816843
v -1.520741 0.267715 0.827281
v -1.522061 0.286952 0.855395
v -1.623579 0.232648 0.846527
v -1.667595 0.439130 0.816843
v -1.581074 0.379554 0.827281
v -1.565074 0.390315 0.855395
v -1.662861 0.451081 0.846527
v -1.506051 0.592441 0.816843
v -1.514385 0.487723 0.827281
v -1.497065 0.479248 0.855395
v -1.493335 0.594317 0.846527
v -1.387363 0.484053 0.827281
v -1.386043 0.464817 0.855395
v -1.284525 0.519121 0.846527
v -1.292508 0.529195 0.816843
v -1.327030 0.372215 0.827281
v -1.343030 0.361453 0.855395
v -1.245242 0.300688 0.846527
v -1.240509 0.312638 0.816843
v -1.393719 0.264045 0.827281
v -1.411039 0.272521 0.855395
v -1.414769 0.157452 0.846527
v -1.402053 0.159327 0.816843
vn 0.3629 0.1654 -0.9170
vn 0.3245 0.2469 -0.9131
vn 0.2921 0.1729 -0.9406
vn 0.3148 0.1403 -0.9387
vn 0.2279 0.2248 -0.9474
vn 0.1639 0.3137 -0.9353
vn 0.1062 0.2259 -0.9683
vn 0.2382 0.2114 -0.9479
vn 0.1175 0.5468 -0.8290
vn 0.2426 0.4983 -0.8324
vn 0.3329 0.3231 -0.8859
vn 0.3247 0.2473 -0.9129
vn 0.0277 0.2612 -0.9649
vn 0.0513 0.5298 -0.8466
vn 0.0298 0.3452 -0.9381
vn 0.0110 0.2192 -0.9756
vn 0.0647 0.4171 -0.9066
vn -0.0320 0.2829 -0.9586
vn 0.0021 0.0960 -0.9954
vn 0.0075 0.1559 -0.9877
vn 0.0063 0.1685 -0.9857
vn -0.0021 0.1095 -0.9940
vn 0.0046 0.1383 -0.9904
vn -0.0430 0.0547 -0.9976
vn -0.0043 0.0380 -0.9993
vn -0.1472 0.0303 -0.9886
vn -0.0077 -0.0118 -0.9999
vn -0.0087 -0.0661 -0.9978
vn -0.1497 -0.0436 -0.9878
vn -0.1428 -0.0899 -0.9857
vn -0.0079 -0.1013 -0.9948
vn 0.0002 0.1405 -0.9901
vn -0.0026 0.0870 -0.9962
vn -0.0004 0.0289 -0.9996
vn 0.0007 -0.0150 -0.9999
vn 0.0134 0.0556 -0.9984
vn 0.0050 0.1176 -0.9930
vn -0.0150 0.0862 -0.9962
vn -0.0143 0.0362 -0.9992
vn 0.0006 -0.0664 -0.9978
vn 0.0246 -0.0632 -0.9977
vn 0.0202 0.0019 -0.9998
vn -0.0077 -0.0065 -0.9999
vn -0.0030 -0.0667 -0.9978
vn 0.0007 -0.0999 -0.9950
vn -0.0055 0.1382 -0.9904
vn -0.0122 0.1118 -0.9937
vn 0.0938 0.0242 -0.9953
vn 0.0874 0.1106 -0.9900
vn 0.0245 -0.0994 -0.9947
vn -0.0021 -0.0990 -0.9951
vn 0.0846 -0.0992 -0.9915
vn 0.0908 -0.0567 -0.9943
vn 0.0236 0.3171 -0.9481
vn -0.0148 0.3609 -0.9325
vn -0.0189 0.2308 -0.9728
vn -0.0043 0.2005 -0.9797
vn -0.0238 0.1910 -0.9813
vn -0.0201 0.1819 -0.9831
vn -0.0300 0.2193 -0.9752
vn -0.0736 0.3100 -0.9479
vn -0.0579 0.1796 -0.9820
vn -0.0715 0.1078 -0.9916
vn -0.0702 0.0933 -0.9932
vn -0.0604 0.1434 -0.9878
vn -0.0479 0.1873 -0.9811
vn -0.1429 0.2246 -0.9639
vn -0.2049 0.1109 -0.9725
vn -0.0856 0.0440 -0.9954
vn -0.0547 0.0327 -0.9980
vn -0.0912 -0.0613 -0.9939
vn -0.1085 -0.0740 -0.9913
vn -0.2581 -0.0203 -0.9659
vn 0.5607 0.6438 -0.5207
vn 0.4286 0.8316 -0.3532
vn 0.4913 0.8256 -0.2774
vn 0.6142 0.7325 -0.2936
vn 0.2501 0.7665 -0.5915
vn 0.1359 0.7825 -0.6076
vn 0.2253 0.9641 -0.1403
vn 0.1387 0.9882 -0.0651
vn 0.1402 0.9883 -0.0599
vn 0.2518 0.9596 -0.1259
vn 0.0685 0.7317 -0.6781
vn 0.1092 0.9914 -0.0727
vn 0.1040 0.9912 -0.0815
vn 0.0756 0.6628 -0.7450
vn 0.0902 0.9915 -0.0939
vn 0.0860 0.9908 -0.1041
vn 0.1693 0.5880 -0.7910
vn 0.1594 0.4576 -0.8747
vn 0.0639 0.2975 -0.9526
vn 0.1419 0.3977 -0.9065
vn 0.2415 0.4823 -0.8421
vn 0.0693 0.8603 -0.5051
vn 0.0792 0.9546 -0.2873
vn 0.1725 0.9426 -0.2858
vn 0.1666 0.8029 -0.5724
vn 0.0945 0.9935 -0.0631
vn 0.2296 0.9685 -0.0964
vn 0.0367 0.8653 -0.4998
vn 0.0516 0.9551 -0.2919
vn 0.0207 0.9485 -0.3161
vn 0.0006 0.9479 -0.3184
vn 0.0047 0.9972 -0.0746
vn 0.0295 0.9946 -0.0992
vn -0.0081 0.9487 -0.3162
vn -0.0061 0.6500 -0.7599
vn -0.0138 0.6366 -0.7711
vn -0.0926 0.1559 -0.9834
vn -0.1637 0.1786 -0.9702
vn -0.1736 0.1796 -0.9683
vn -0.4970 0.1892 -0.8469
vn -0.5041 0.1891 -0.8427
vn -0.8562 0.1568 -0.4923
vn -0.8744 0.1527 -0.4606
vn -0.9660 0.1202 -0.2291
vn -0.9659 0.1200 -0.2293
vn 0.1498 0.4510 -0.8799
vn 0.1559 0.5191 -0.8404
vn 0.2555 0.6022 -0.7564
vn 0.2506 0.5249 -0.8134
vn 0.2666 0.6638 -0.6988
vn 0.1598 0.5600 -0.8129
vn 0.5311 0.8458 -0.0500
vn 0.7109 0.7004 -0.0639
vn 0.7073 0.7010 -0.0910
vn 0.5047 0.8606 -0.0676
vn 0.5358 0.8443 -0.0000
vn 0.7143 0.6998 -0.0000
vn 0.2231 0.9745 -0.0245
vn 0.2086 0.9774 -0.0337
vn 0.1113 0.9935 -0.0259
vn 0.1144 0.9933 -0.0169
vn 0.1161 0.9932 -0.0000
vn 0.2255 0.9742 -0.0000
vn 0.0858 0.9961 -0.0181
vn 0.0822 0.9962 -0.0302
vn 0.0874 0.9962 -0.0000
vn 0.0679 0.9975 -0.0201
vn 0.0659 0.9973 -0.0327
vn 0.0698 0.9976 -0.0000
vn 0.1033 0.9945 -0.0149
vn 0.1037 0.9946 -0.0000
vn 0.2254 0.9743 -0.0000
vn 0.2203 0.9752 -0.0198
vn 0.2172 0.9750 -0.0461
vn 0.0998 0.9940 -0.0455
vn 0.0409 0.9990 -0.0163
vn 0.0407 0.9992 -0.0000
vn 0.0394 0.9981 -0.0471
vn -0.9842 0.0988 -0.1470
vn -0.9844 0.0989 -0.1458
vn -0.9939 0.0894 -0.0652
vn -0.9940 0.0894 -0.0634
vn -0.9964 0.0853 -0.0000
vn -0.9963 0.0855 -0.0000
vn 0.3067 0.9515 -0.0239
vn 0.3033 0.9516 -0.0504
vn 0.3104 0.9506 -0.0000
vn 0.5106 0.8507 -0.1250
vn 0.6279 0.7635 -0.1513
vn 0.2546 0.9646 -0.0688
vn 0.1397 0.9889 -0.0504
vn 0.1146 0.9913 -0.0650
vn 0.0966 0.9922 -0.0783
vn 0.2142 0.9748 -0.0621
vn 0.0972 0.9932 -0.0637
vn 0.0380 0.9973 -0.0628
vn 0.0060 0.9995 -0.0320
vn 0.0039 0.9986 -0.0531
vn 0.0024 0.9987 -0.0503
vn 0.0054 0.9995 -0.0322
vn -0.9753 0.1040 -0.1947
vn -0.9753 0.1039 -0.1947
vn 0.3038 0.9505 -0.0659
vn -0.0028 0.3870 -0.9221
vn 0.0032 0.3855 -0.9227
vn 0.0311 0.4272 -0.9036
vn -0.0049 0.3902 -0.9207
vn -0.0055 0.3906 -0.9205
vn 0.3192 0.8432 -0.4327
vn 0.4163 0.7746 -0.4761
vn 0.3601 0.9209 -0.1490
vn 0.5926 0.3220 -0.7383
vn 0.4807 0.4290 -0.7648
vn 0.4162 0.3503 -0.8391
vn 0.4902 0.2395 -0.8381
vn 0.5174 0.4687 -0.7160
vn 0.2334 0.6094 -0.7578
vn 0.2263 0.5766 -0.7851
vn 0.2252 0.4801 -0.8478
vn 0.0294 0.6378 -0.7696
vn 0.0325 0.6152 -0.7877
vn 0.0348 0.5248 -0.8505
vn -0.1448 0.5950 -0.7906
vn -0.1130 0.5489 -0.8282
vn -0.0665 0.4465 -0.8923
vn -0.2680 0.3984 -0.8772
vn -0.3809 0.4804 -0.7900
vn -0.5975 0.2806 -0.7511
vn -0.3973 0.2081 -0.8938
vn -0.2791 0.0620 -0.9583
vn -0.1535 0.2959 -0.9428
vn -0.1034 0.1698 -0.9800
vn -0.2864 -0.0175 -0.9580
vn -0.4775 0.0303 -0.8781
vn -0.6949 0.0912 -0.7133
vn -0.7104 0.0098 -0.7037
vn -0.4602 -0.0490 -0.8865
vn -0.2850 -0.0736 -0.9557
vn -0.0865 0.7512 -0.6544
vn -0.2373 0.8139 -0.5304
vn -0.0684 0.9008 -0.4287
vn 0.3061 0.4123 -0.8581
vn 0.3809 0.5015 -0.7768
vn 0.1439 0.5855 -0.7978
vn 0.1225 0.5315 -0.8381
vn 0.4878 0.2337 -0.8411
vn 0.1772 0.2703 -0.9463
vn 0.2472 0.0917 -0.9646
vn 0.6316 0.2984 -0.7156
vn 0.5653 0.0419 -0.8238
vn 0.7262 0.0879 -0.6818
vn 0.2571 -0.0275 -0.9660
vn 0.5440 -0.0499 -0.8376
vn 0.7274 -0.0177 -0.6860
vn 0.2390 -0.0877 -0.9670
vn -0.0003 0.5901 -0.8073
vn -0.0034 0.5695 -0.8220
vn -0.0088 0.4970 -0.8677
vn 0.0684 0.4227 -0.9037
vn -0.1280 0.5504 -0.8250
vn -0.1236 0.5347 -0.8360
vn -0.1074 0.4588 -0.8820
vn -0.2745 0.4328 -0.8587
vn -0.2984 0.4586 -0.8370
vn -0.5153 0.3221 -0.7942
vn -0.4578 0.2922 -0.8397
vn -0.2260 0.3541 -0.9075
vn -0.3591 0.2124 -0.9088
vn -0.5950 0.1073 -0.7965
vn -0.4552 0.0466 -0.8892
vn -0.6444 0.1626 -0.7472
vn 0.0455 0.0892 -0.9950
vn 0.0485 0.0832 -0.9954
vn 0.0650 0.0313 -0.9974
vn 0.0650 0.0310 -0.9974
vn 0.0103 0.1273 -0.9918
vn 0.0102 0.1273 -0.9918
vn -0.0298 0.1132 -0.9931
vn -0.0330 0.1095 -0.9934
vn -0.0569 -0.0351 -0.9978
vn -0.0591 -0.0260 -0.9979
vn -0.0599 0.0487 -0.9970
vn -0.0602 0.0470 -0.9971
vn -0.0314 -0.1225 -0.9920
vn -0.0326 -0.1186 -0.9924
vn -0.0157 -0.1702 -0.9853
vn 0.0252 0.0851 -0.9961
vn 0.0271 0.0821 -0.9963
vn 0.0560 0.0151 -0.9983
vn 0.0552 0.0180 -0.9983
vn 0.0553 -0.0520 -0.9971
vn 0.0571 -0.0467 -0.9973
vn 0.0333 -0.1250 -0.9916
vn 0.0311 -0.1329 -0.9906
vn 0.0182 -0.1794 -0.9836
vn 0.0181 -0.1794 -0.9836
vn -0.0124 0.1226 -0.9924
vn -0.0123 0.1225 -0.9924
vn -0.0571 0.1116 -0.9921
vn -0.0616 0.1081 -0.9922
vn -0.1170 -0.0056 -0.9931
vn -0.1168 -0.0046 -0.9931
vn -0.1005 0.0547 -0.9934
vn -0.0994 0.0573 -0.9934
vn -0.1129 -0.2345 -0.9655
vn -0.1309 -0.1311 -0.9827
vn -0.1072 -0.2530 -0.9615
vn -0.1266 -0.0670 -0.9897
vn -0.1307 -0.0899 -0.9873
vn -0.1096 -0.3187 -0.9415
vn 0.4614 0.8140 -0.3529
vn 0.4535 0.8585 -0.2394
vn 0.6388 0.3720 -0.6735
vn 0.0669 0.0081 -0.9977
vn 0.0669 0.0080 -0.9977
vn -0.0062 0.3914 -0.9202
vn -0.0063 0.3916 -0.9201
vn 0.0256 0.8600 -0.5096
vn 0.0068 0.7487 -0.6629
vn -0.0019 -0.0662 -0.9978
vn -0.0022 -0.0144 -0.9999
vn -0.0021 -0.0146 -0.9999
vn -0.0017 -0.0997 -0.9950
vn -0.0027 0.1422 -0.9898
vn -0.0032 0.1459 -0.9893
vn -0.0038 0.1659 -0.9861
vn -0.0044 0.1465 -0.9892
vn -0.0037 0.1661 -0.9861
vn -0.0060 0.2029 -0.9792
vn -0.0062 0.2093 -0.9778
vn 0.0048 0.1596 -0.9872
vn 0.0106 0.1728 -0.9849
vn -0.0001 0.1619 -0.9868
vn 0.0413 0.3530 -0.9347
vn 0.0438 0.4137 -0.9093
vn 0.0360 0.2910 -0.9560
vn 0.0150 0.2118 -0.9772
vn 0.0128 0.2245 -0.9744
vn 0.2410 0.5165 -0.8217
vn 0.2430 0.5382 -0.8070
vn 0.2457 0.5699 -0.7841
vn 0.0153 0.2428 -0.9699
vn -0.0032 0.1461 -0.9893
vn 0.0084 0.1976 -0.9803
vn -0.2505 0.1044 -0.9625
vn -0.2447 0.1061 -0.9638
vn -0.2797 -0.0244 -0.9598
vn -0.2768 -0.0821 -0.9574
vn -0.3162 -0.0735 -0.9458
vn -0.3220 -0.0183 -0.9466
vn -0.0180 -0.2350 -0.9718
vn 0.2382 0.7920 -0.5622
vn 0.0816 0.8585 -0.5062
vn 0.2947 0.8767 -0.3802
vn 0.0186 0.7354 -0.6774
vn 0.0149 0.8481 -0.5296
vn 0.0667 0.7753 -0.6280
vn 0.0034 0.7521 -0.6591
vn -0.0016 0.7592 -0.6509
vn -0.0005 0.8827 -0.4700
vn 0.0029 0.8707 -0.4918
vn 0.0007 0.7452 -0.6668
vn 0.0009 0.8603 -0.5099
vn -0.3915 0.7956 -0.4623
vn 0.0129 -0.2214 -0.9751
vn 0.0130 -0.2214 -0.9751
vn -0.1129 -0.2900 -0.9503
vn -0.0843 -0.2748 -0.9578
vn 0.0425 0.4238 -0.9047
vn -0.0001 0.8558 -0.5172
vn -0.0002 0.7372 -0.6757
vn -0.0064 0.3925 -0.9197
vn -0.0028 0.4063 -0.9137
vn -0.0070 0.3689 -0.9294
vn -0.0070 0.3690 -0.9294
vn -0.0076 0.3175 -0.9482
vn -0.0074 0.3179 -0.9481
vn -0.0073 0.2687 -0.9632
vn -0.0070 0.2692 -0.9631
vn -0.0021 0.2093 -0.9778
vn -0.0027 0.2680 -0.9634
vn -0.0028 0.2672 -0.9636
vn -0.0038 0.2009 -0.9796
vn -0.0050 0.3179 -0.9481
vn -0.0051 0.3166 -0.9485
vn -0.0058 0.3689 -0.9295
vn -0.0056 0.3677 -0.9299
vn -0.0060 0.3922 -0.9198
vn -0.0057 0.3921 -0.9199
vn -0.0012 0.4048 -0.9144
vn -0.0044 0.3863 -0.9224
vn 0.0035 0.6565 -0.7543
vn 0.0567 0.4497 -0.8914
vn -0.0065 0.3923 -0.9198
vn -0.0157 0.1471 -0.9890
vn -0.0121 0.1138 -0.9934
vn -0.0927 -0.3815 -0.9197
vn -0.0657 -0.3727 -0.9256
vn -0.1873 -0.3372 -0.9226
vn -0.1546 -0.3638 -0.9185
vn -0.0373 -0.3677 -0.9292
vn -0.0368 -0.3697 -0.9284
vn 0.2172 -0.2851 -0.9336
vn 0.2480 -0.2724 -0.9297
vn 0.0117 0.7887 -0.6147
vn 0.2227 0.6705 -0.7077
vn 0.0137 0.8046 -0.5937
vn 0.0138 0.8050 -0.5931
vn 0.0184 0.8194 -0.5729
vn 0.0180 0.8195 -0.5728
vn 0.0249 0.8289 -0.5588
vn 0.0251 0.8293 -0.5583
vn -0.3559 -0.2486 -0.9009
vn -0.3916 -0.2354 -0.8895
vn -0.4593 -0.2380 -0.8558
vn -0.4274 -0.2332 -0.8734
vn -0.5387 -0.1500 -0.8290
vn -0.5115 -0.1929 -0.8374
vn -0.3376 0.4322 -0.8362
vn -0.3250 0.4523 -0.8305
vn -0.2696 -0.2878 -0.9190
vn -0.2915 -0.2776 -0.9154
vn 0.5607 0.3784 -0.7365
vn 0.5466 0.4009 -0.7352
vn 0.6773 0.2092 -0.7054
vn 0.6769 0.2089 -0.7058
vn 0.6968 0.2428 -0.6749
vn 0.6968 0.2422 -0.6752
vn 0.6940 0.2805 -0.6631
vn 0.6942 0.2794 -0.6633
vn 0.6099 0.0743 -0.7890
vn 0.6061 0.0662 -0.7926
vn 0.2274 0.6675 -0.7090
vn -0.0217 0.0873 -0.9959
vn -0.0232 0.0941 -0.9953
vn 0.0043 0.0890 -0.9960
vn -0.0083 0.0805 -0.9967
vn -0.0242 0.1014 -0.9946
vn -0.0235 0.0991 -0.9948
vn 0.6190 0.7852 -0.0154
vn 0.6025 0.7980 0.0114
vn 0.5721 0.8186 0.0516
vn 0.5851 0.8102 0.0361
vn 0.4735 0.8789 -0.0581
vn 0.5042 0.8634 -0.0201
vn 0.7400 0.6588 -0.1359
vn 0.7186 0.6860 -0.1142
vn 0.0733 0.9715 -0.2252
vn 0.1017 0.9742 -0.2014
vn 0.0500 0.9713 -0.2324
vn 0.0456 0.9722 -0.2298
vn 0.0133 0.0951 -0.9954
vn 0.0369 0.9738 -0.2244
vn 0.0369 0.9739 -0.2239
vn -0.0217 0.0859 -0.9961
vn -0.0216 0.0872 -0.9960
vn -0.0214 0.0917 -0.9956
vn 0.2049 0.9629 -0.1758
vn 0.3226 0.9336 -0.1558
vn 0.0368 0.9739 -0.2238
vn 0.0368 0.9739 -0.2239
vn 0.9093 0.4044 -0.0982
vn 0.9093 0.4043 -0.0985
vn 0.9301 0.3654 -0.0363
vn 0.9111 0.4063 -0.0702
vn 0.9099 0.3966 -0.1218
vn 0.8602 0.4148 0.2966
vn 0.8675 0.4437 0.2251
vn 0.8643 0.4290 0.2625
vn 0.9415 0.3224 -0.0980
vn 0.9205 0.3891 0.0366
vn 0.9135 0.4017 0.0643
vn 0.2200 0.7439 0.6310
vn 0.2128 0.7442 0.6331
vn 0.0967 0.7490 0.6555
vn 0.0971 0.7489 0.6555
vn 0.0404 0.7563 0.6530
vn 0.0059 0.7619 0.6476
vn 0.0059 0.7620 0.6476
vn 0.0409 0.7562 0.6530
vn 0.0367 0.6584 -0.7518
vn 0.0366 0.6587 -0.7515
vn 0.0874 0.6489 -0.7558
vn 0.0866 0.6492 -0.7557
vn 0.0140 0.6541 -0.7562
vn 0.0134 0.6540 -0.7563
vn -0.0007 0.6686 -0.7436
vn -0.0002 0.6605 -0.7509
vn -0.0002 0.6604 -0.7509
vn 0.1276 0.6364 -0.7607
vn 0.3074 0.7371 0.6019
vn 0.3074 0.7371 0.6018
vn -0.0076 -0.7897 -0.6135
vn -0.0078 -0.7896 -0.6136
vn -0.0963 -0.7877 -0.6085
vn -0.0890 -0.7880 -0.6092
vn -0.0029 -0.7905 -0.6125
vn -0.0022 -0.7891 -0.6143
vn -0.0022 -0.7892 -0.6142
vn -0.0022 -0.7890 -0.6144
vn 0.0413 -0.7903 -0.6113
vn 0.0420 -0.7903 -0.6113
vn 0.0105 -0.7909 -0.6119
vn 0.0098 -0.7907 -0.6121
vn -0.2340 -0.7802 -0.5801
vn -0.4549 -0.6646 -0.5927
vn -0.5456 -0.5988 -0.5863
vn -0.5456 -0.5989 -0.5862
vn -0.1711 -0.7819 -0.5994
vn -0.2096 0.5761 -0.7901
vn -0.1180 0.5877 -0.8004
vn 0.2545 -0.8052 -0.5356
vn 0.2268 -0.8081 -0.5436
vn 0.3346 -0.7814 -0.5267
vn 0.3111 -0.7832 -0.5384
vn 0.1333 -0.7889 -0.5999
vn 0.1355 -0.7889 -0.5994
vn -0.0360 -0.7948 -0.6058
vn 0.0350 -0.8104 -0.5848
vn -0.0043 -0.7903 -0.6127
vn -0.1252 -0.8177 -0.5618
vn 0.0404 0.5204 -0.8530
vn 0.3204 0.8427 -0.4326
vn 0.3219 0.8555 -0.4057
vn 0.0221 0.6004 -0.7994
vn 0.0703 0.7117 -0.6990
vn 0.1055 0.7882 -0.6063
vn -0.0027 0.6011 -0.7992
vn 0.0036 0.6023 -0.7983
vn 0.0008 0.6021 -0.7984
vn -0.4582 0.7081 -0.5373
vn -0.3776 0.6918 -0.6155
vn -0.0298 0.5373 -0.8428
vn -0.0004 0.6017 -0.7987
vn 0.7029 0.0214 -0.7110
vn 0.7029 0.0214 -0.7109
vn 0.7027 0.0619 -0.7088
vn 0.7027 0.0618 -0.7088
vn 0.7053 -0.0451 -0.7075
vn 0.7051 -0.0450 -0.7076
vn 0.7032 -0.0085 -0.7109
vn 0.7032 -0.0086 -0.7109
vn 0.7040 0.1131 -0.7011
vn 0.7038 0.1053 -0.7026
vn 0.7069 -0.0686 -0.7040
vn -0.7108 0.0953 -0.6969
vn -0.7110 0.0988 -0.6962
vn -0.7098 0.0633 -0.7015
vn -0.7095 0.0208 -0.7043
vn -0.7095 0.0208 -0.7044
vn -0.7094 -0.0118 -0.7047
vn -0.7094 -0.0117 -0.7047
vn -0.7108 -0.0485 -0.7017
vn -0.7122 -0.0718 -0.6983
vn 0.7007 0.1671 -0.6936
vn 0.7009 0.1661 -0.6937
vn 0.6951 0.2589 -0.6706
vn 0.6951 0.2590 -0.6706
vn 0.6263 0.2863 -0.7251
vn 0.6145 0.2896 -0.7338
vn 0.6955 0.2391 -0.6776
vn 0.6955 0.2394 -0.6775
vn 0.6962 0.2126 -0.6856
vn 0.6962 0.2129 -0.6855
vn -0.7118 0.1693 -0.6817
vn -0.7119 0.1686 -0.6818
vn -0.7113 0.1287 -0.6910
vn -0.7113 0.1301 -0.6908
vn -0.7143 0.2118 -0.6670
vn -0.7143 0.2110 -0.6672
vn -0.7159 0.2643 -0.6463
vn -0.7158 0.2640 -0.6465
vn -0.7120 0.3091 -0.6305
vn -0.7124 0.3071 -0.6310
vn -0.7086 0.3241 -0.6267
vn -0.7087 0.3241 -0.6267
vn 0.5387 0.3086 -0.7839
vn 0.6833 0.1948 -0.7037
vn 0.6856 0.2000 -0.6999
vn 0.7006 0.2541 -0.6667
vn 0.7002 0.2498 -0.6688
vn 0.6219 0.1499 -0.7686
vn 0.6284 0.1521 -0.7628
vn 0.7589 0.3460 -0.5517
vn 0.7772 0.3657 -0.5122
vn 0.8129 0.4843 -0.3235
vn 0.8125 0.4704 -0.3444
vn 0.5203 0.0433 -0.8529
vn 0.5341 0.0643 -0.8430
vn 0.4763 -0.1073 -0.8727
vn 0.4764 -0.1093 -0.8724
vn 0.4788 -0.1880 -0.8575
vn 0.4789 -0.1880 -0.8575
vn 0.7138 0.2933 -0.6359
vn 0.7151 0.2953 -0.6336
vn -0.4798 0.2558 -0.8393
vn -0.4909 0.2601 -0.8315
vn -0.6234 0.1422 -0.7689
vn -0.5871 0.2075 -0.7825
vn -0.4249 0.2339 -0.8745
vn -0.4249 0.2340 -0.8745
vn -0.6734 0.0404 -0.7382
vn -0.6716 0.0441 -0.7396
vn -0.6909 0.0076 -0.7229
vn -0.6921 0.0062 -0.7217
vn -0.7134 -0.0093 -0.7007
vn -0.7108 -0.0079 -0.7033
vn -0.7681 0.0006 -0.6404
vn -0.7868 0.0085 -0.6171
vn -0.8508 0.0559 -0.5225
vn -0.8458 0.0501 -0.5311
vn -0.8677 0.0772 -0.4910
vn -0.8676 0.0771 -0.4912
vn -0.8654 0.0741 -0.4956
vn -0.0007 0.0881 -0.9961
vn -0.0028 0.0934 -0.9956
vn -0.0025 0.0305 -0.9995
vn -0.0005 0.0316 -0.9995
vn -0.0043 0.0526 -0.9986
vn -0.0039 0.0155 -0.9999
vn -0.0027 0.1421 -0.9898
vn -0.0026 0.1625 -0.9867
vn -0.0027 0.1215 -0.9926
vn -0.0027 0.1218 -0.9926
vn -0.0073 0.0540 -0.9985
vn -0.0066 0.0718 -0.9974
vn -0.0023 0.0035 -1.0000
vn -0.0021 0.0171 -0.9999
vn -0.0024 0.0030 -1.0000
vn -0.0019 0.1130 -0.9936
vn -0.0098 0.0664 -0.9977
vn -0.0061 0.1144 -0.9934
vn 0.1104 -0.4955 -0.8616
vn -0.1150 -0.4952 -0.8612
vn -0.0019 0.0435 -0.9990
vn -0.3729 -0.2686 -0.8881
vn -0.5245 -0.0267 -0.8510
vn -0.5163 0.1337 -0.8459
vn -0.3527 0.3751 -0.8573
vn -0.1073 0.5709 -0.8140
vn 0.1032 0.5712 -0.8143
vn 0.3489 0.3757 -0.8586
vn 0.5132 0.1342 -0.8477
vn 0.5212 -0.0266 -0.8530
vn 0.3687 -0.2693 -0.8897
vn 0.0405 0.2233 -0.9739
vn -0.1491 -0.8083 -0.5695
vn -0.1492 -0.8083 -0.5695
vn 0.1058 0.9463 -0.3055
vn 0.0905 0.9728 -0.2135
vn 0.0905 0.9727 -0.2135
vn 0.1164 0.9214 -0.3708
vn 0.1351 0.8577 -0.4960
vn 0.1421 0.8234 -0.5494
vn 0.1861 0.7622 -0.6200
vn 0.2357 0.7128 -0.6606
vn 0.3467 0.6014 -0.7198
vn 0.4056 0.5370 -0.7397
vn 0.4701 0.4564 -0.7555
vn 0.4701 0.4564 -0.7554
vn 0.4455 0.8801 0.1641
vn 0.6404 0.7526 -0.1534
vn 0.6858 0.6797 -0.2602
vn 0.1450 0.2651 -0.9533
vn 0.1270 0.2255 -0.9659
vn 0.4247 0.0241 -0.9050
vn 0.4342 0.0192 -0.9006
vn 0.8955 -0.0115 -0.4449
vn 0.8449 -0.0490 -0.5326
vn 0.2509 0.9287 0.2730
vn 0.2612 0.9257 0.2735
vn 0.1355 0.9553 0.2628
vn 0.1363 0.9551 0.2630
vn 0.1577 0.3916 -0.9065
vn 0.1486 0.4359 -0.8876
vn 0.0964 0.5213 -0.8479
vn 0.1048 0.5174 -0.8493
vn 0.0985 0.9710 0.2180
vn 0.0980 0.9712 0.2170
vn 0.0536 0.5160 -0.8549
vn 0.0552 0.5180 -0.8536
vn 0.1438 0.9710 0.1910
vn 0.1045 0.9777 0.1822
vn 0.0412 0.4992 -0.8655
vn 0.4220 0.9064 -0.0192
vn 0.2288 0.9620 0.1493
vn 0.9953 -0.0348 -0.0905
vn 0.9954 -0.0359 -0.0891
vn 0.9920 -0.0104 -0.1259
vn 0.9982 -0.0605 -0.0000
vn 0.9982 -0.0602 -0.0000
vn 0.9703 0.0725 -0.2309
vn 0.5935 0.8048 -0.0066
vn 0.5181 0.8541 -0.0461
vn 0.6308 0.7758 0.0142
vn 0.5323 -0.2634 -0.8045
vn 0.5323 -0.2633 -0.8045
vn 0.9809 -0.1944 -0.0000
vn 0.9809 -0.1945 -0.0000
vn 0.9776 -0.2032 -0.0556
vn 0.9771 -0.2046 -0.0589
vn 0.9712 -0.2319 -0.0547
vn 0.9719 -0.2273 -0.0607
vn 0.9495 -0.3096 0.0515
vn 0.3280 -0.4878 -0.8090
vn 0.3594 -0.4775 -0.8017
vn 0.2597 -0.5078 -0.8214
vn 0.2597 -0.5077 -0.8214
vn 0.6011 -0.4035 -0.6898
vn 0.6191 -0.4000 -0.6758
vn 0.5079 -0.4292 -0.7469
vn 0.4821 -0.4374 -0.7591
vn 0.6567 -0.3917 -0.6445
vn 0.0739 -0.6307 -0.7725
vn -0.1034 -0.4416 -0.8912
vn -0.1256 -0.4232 -0.8973
vn -0.0006 -0.5241 -0.8516
vn -0.0093 -0.5150 -0.8572
vn -0.0011 -0.5297 -0.8482
vn -0.0000 -0.5222 -0.8528
vn -0.0012 -0.5282 -0.8491
vn 0.0107 -0.5087 -0.8609
vn 0.0824 -0.4500 -0.8892
vn 0.1014 -0.4424 -0.8911
vn 0.1535 -0.3668 -0.9176
vn 0.1534 -0.3668 -0.9176
vn 0.0716 0.3310 -0.9409
vn 0.0478 0.2427 -0.9689
vn 0.0564 0.2744 -0.9600
vn 0.0391 0.2100 -0.9769
vn -0.0000 -0.2730 -0.9620
vn -0.0000 0.4872 -0.8733
vn 0.3557 0.4659 -0.8102
vn 0.3557 -0.2668 -0.8957
vn 0.4368 -0.8933 -0.1056
vn -0.0000 -0.9933 -0.1159
vn 0.4050 -0.8732 -0.2712
vn -0.9325 -0.3586 -0.0430
vn -0.9325 0.3589 0.0407
vn -0.8591 0.4066 -0.3110
vn -0.8591 -0.3239 -0.3963
vn -0.4369 0.8936 0.1029
vn -0.0000 0.9933 0.1159
vn -0.4051 0.9121 -0.0629
vn 0.9325 0.3589 0.0408
vn 0.9325 -0.3587 -0.0430
vn 0.8591 -0.3239 -0.3962
vn 0.8590 0.4066 -0.3111
vn -0.3557 -0.2668 -0.8957
vn -0.3557 0.4659 -0.8102
vn -0.4050 -0.8731 -0.2713
vn -0.1675 -0.8462 -0.5059
vn -0.0000 -0.8733 -0.4872
vn 0.4051 0.9121 -0.0629
vn 0.1675 0.9399 -0.2974
vn -0.0000 0.9620 -0.2730
vn 0.1675 -0.8462 -0.5059
vn -0.1675 0.9399 -0.2974
vn -0.4368 -0.8933 -0.1056
vn 0.4368 0.8937 0.1030
vn -0.0040 -0.6191 -0.7853
vn -0.7490 0.0844 -0.6572
vn -0.7525 0.1363 -0.6443
vn -0.7525 0.1365 -0.6442
vn -0.7489 0.0844 -0.6572
vn -0.7539 0.1880 -0.6295
vn 0.5900 0.6997 -0.4030
vn 0.6690 0.6034 -0.4340
vn 0.6703 0.6016 -0.4345
vn 0.7382 0.4951 -0.4581
vn -0.0160 0.4393 -0.8982
vn -0.0070 0.4381 -0.8989
vn -0.0069 0.4381 -0.8989
vn -0.0160 0.4391 -0.8983
vn -0.0170 -0.3010 -0.9535
vn -0.0074 -0.3011 -0.9536
vn -0.0074 -0.3013 -0.9535
vn -0.0025 0.4518 -0.8921
vn -0.0024 -0.3094 -0.9509
vn -0.6601 -0.0939 -0.7453
vn -0.6615 -0.0672 -0.7469
vn -0.6609 0.0810 -0.7461
vn -0.6466 -0.2210 -0.7301
vn -0.0022 0.4362 -0.8998
vn -0.0022 0.4363 -0.8998
vn 0.0001 0.4361 -0.8999
vn -0.0023 -0.3025 -0.9531
vn -0.0023 -0.3025 -0.9532
vn -0.0000 -0.3022 -0.9532
vn 0.7587 -0.0224 -0.6510
vn -0.7453 -0.0229 -0.6664
vn 0.0225 0.4486 -0.8934
vn 0.0227 0.4486 -0.8934
vn 0.0406 0.4444 -0.8949
vn 0.0246 -0.3026 -0.9528
vn 0.0245 -0.3026 -0.9528
vn 0.0444 -0.2989 -0.9532
vn 0.0444 -0.2989 -0.9533
vn 0.7209 0.0917 -0.6869
vn 0.7231 -0.0484 -0.6890
vn 0.7224 -0.0652 -0.6884
vn 0.7111 -0.1878 -0.6776
vn 0.6790 0.6188 -0.3950
vn 0.6884 0.6202 -0.3761
vn 0.6366 0.6103 -0.4714
vn 0.6366 0.6104 -0.4714
vn 0.7519 0.6534 -0.0879
vn 0.7517 0.6532 -0.0908
vn 0.7536 0.6574 -0.0000
vn 0.7537 0.6572 -0.0000
vn 0.7402 0.6379 -0.2125
vn 0.7390 0.6365 -0.2209
vn -0.8553 0.4001 0.3292
vn -0.8729 0.3759 0.3109
vn -0.8784 0.3675 0.3055
vn -0.8692 0.3711 0.3266
vn -0.9581 0.2686 0.0993
vn -0.9674 0.2533 -0.0000
vn -0.9585 0.2679 0.0972
vn -0.9332 0.2933 0.2078
vn -0.9263 0.3064 0.2194
vn -0.8997 0.3323 0.2832
vn 0.0446 0.0265 0.9987
vn 0.0384 0.0228 0.9990
vn 0.0609 0.0362 0.9975
vn 0.0685 0.0407 0.9968
vn -0.8975 0.3038 0.3196
vn 0.0070 1.0000 -0.0000
vn 0.7024 -0.2037 -0.6820
vn 0.4562 -0.2018 -0.8667
vn 0.4545 -0.1236 -0.8821
vn 0.7014 -0.1209 -0.7024
vn 0.3453 -0.2047 -0.9159
vn 0.3433 -0.1240 -0.9310
vn 0.4531 -0.0441 -0.8904
vn 0.6964 -0.0427 -0.7164
vn 0.6996 -0.0428 -0.7133
vn 0.3406 -0.0455 -0.9391
vn 0.9018 -0.2049 -0.3804
vn 0.8470 -0.2001 -0.4924
vn 0.7325 0.5600 -0.3871
vn 0.7470 0.5676 -0.3461
vn 0.5656 0.5341 -0.6284
vn 0.5098 0.5317 -0.6763
vn 0.8388 0.5376 -0.0856
vn 0.8434 0.5330 -0.0678
vn 0.8491 0.5283 -0.0000
vn 0.8585 0.4989 -0.1189
vn 0.8642 0.4882 -0.1222
vn 0.8535 -0.5006 -0.1451
vn 0.8160 -0.4540 -0.3577
vn 0.8176 -0.4546 -0.3533
vn 0.8537 -0.4991 -0.1487
vn 0.1616 -0.2625 -0.9513
vn 0.1634 -0.1563 -0.9741
vn 0.4982 0.3802 -0.7793
vn 0.4115 0.4751 -0.7777
vn 0.2977 0.5238 -0.7981
vn 0.2091 -0.3303 -0.9204
vn 0.0238 -0.3445 -0.9385
vn 0.0062 -0.2755 -0.9613
vn 0.0489 -0.0298 -0.9984
vn 0.1286 -0.0756 -0.9888
vn 0.0441 -0.0677 -0.9967
vn 0.0488 -0.0298 -0.9984
vn 0.3444 0.5441 -0.7651
vn 0.3129 0.5257 -0.7910
vn 0.3509 0.5211 -0.7780
vn 0.7420 0.5548 -0.3764
vn 0.7671 0.5994 -0.2287
vn 0.7566 0.5592 -0.3390
vn 0.5556 0.2955 -0.7772
vn 0.5564 0.2951 -0.7768
vn 0.5243 0.3143 -0.7914
vn 0.5855 0.2228 -0.7795
vn 0.7093 0.4346 -0.5551
vn 0.6532 0.3117 -0.6900
vn 0.5804 0.2594 -0.7719
vn 0.1853 0.9825 -0.0173
vn 0.1866 0.9823 -0.0177
vn 0.1618 0.9868 -0.0000
vn 0.1939 0.9735 -0.1210
vn 0.1880 0.9703 -0.1524
vn 0.1675 0.9527 -0.2535
vn 0.0272 -0.1448 -0.9891
vn 0.6889 0.2289 -0.6877
vn 0.6166 0.2739 -0.7381
vn 0.9771 -0.0032 -0.2127
vn 0.9906 0.0484 -0.1276
vn 0.9758 -0.0227 -0.2176
vn 0.4150 -0.3491 -0.8402
vn 0.6608 -0.4075 -0.6304
vn 0.5731 -0.3973 -0.7167
vn 0.3501 -0.3219 -0.8797
vn 0.8475 -0.5265 -0.0674
vn 0.8608 -0.5089 -0.0000
vn 0.8573 -0.5149 -0.0000
vn 0.3536 -0.0578 -0.9336
vn 0.3477 -0.1106 -0.9311
vn 0.3509 -0.0825 -0.9328
vn 0.4741 0.1536 -0.8670
vn 0.4107 0.0501 -0.9104
vn 0.6057 0.3530 -0.7131
vn 0.6744 0.4646 -0.5739
vn 0.7341 0.5899 -0.3364
vn 0.7360 0.6101 -0.2933
vn 0.6271 0.7776 -0.0453
vn 0.6284 0.7765 -0.0467
vn 0.6122 0.7907 -0.0000
vn 0.6555 0.7466 -0.1133
vn 0.6547 0.7456 -0.1246
vn 0.7163 0.6690 -0.1984
vn 0.9281 -0.2985 -0.2226
vn 0.9675 -0.1663 -0.1903
vn 0.9865 -0.1060 -0.1246
vn 0.9900 -0.0181 -0.1402
vn 0.9996 -0.0284 -0.0000
vn 0.9963 -0.0304 -0.0807
vn 0.9965 0.0080 -0.0830
vn 1.0000 0.0007 -0.0000
vn 0.9920 0.0131 -0.1257
vn 0.9909 -0.0320 -0.1308
vn 0.8969 -0.0332 -0.4411
vn 0.8996 -0.0323 -0.4356
vn 0.9533 -0.0149 -0.3018
vn 0.9516 -0.0387 -0.3048
vn 0.9354 -0.2147 -0.2811
vn 0.9338 -0.2574 -0.2485
vn 0.9335 -0.2585 -0.2486
vn 0.9356 -0.2509 -0.2482
vn 0.7097 0.6763 -0.1972
vn 0.9578 -0.0116 -0.2872
vn 0.9544 0.0085 -0.2984
vn 0.8537 -0.0424 -0.5190
vn 0.9440 -0.0213 -0.3292
vn 0.8315 -0.1142 -0.5437
vn 0.9238 -0.2837 -0.2571
vn 0.9437 -0.1844 -0.2746
vn 0.9589 -0.0518 -0.2790
vn 0.9932 0.0717 -0.0918
vn 0.9981 0.0615 -0.0000
vn 0.3685 -0.9228 -0.1124
vn 0.3216 -0.7783 -0.5392
vn 0.3244 -0.7966 -0.5101
vn 0.3749 -0.9245 -0.0684
vn 0.6598 -0.0779 0.7474
vn 0.5553 -0.5170 0.6515
vn 0.5645 -0.4850 0.6679
vn 0.6633 -0.0620 0.7458
vn 0.3011 -0.0565 -0.9519
vn 0.3475 0.3404 -0.8737
vn 0.3573 0.3917 -0.8479
vn 0.3030 -0.0295 -0.9525
vn 0.6518 0.6950 0.3034
vn 0.7073 0.3590 0.6089
vn 0.7073 0.3583 0.6093
vn 0.6555 0.6852 0.3176
vn 0.4460 -0.8335 0.3262
vn 0.4559 -0.8120 0.3644
vn 0.4373 0.6948 -0.5710
vn 0.5509 0.8256 -0.1220
vn 0.5592 0.8243 -0.0889
vn 0.4490 0.7202 -0.5289
vn 0.2989 -0.4432 -0.8451
vn 0.2994 -0.4560 -0.8381
vn 0.4165 0.9091 -0.0000
vn 0.4207 0.9067 -0.0297
vn 0.4193 0.9075 -0.0257
vn 0.4234 0.9052 -0.0376
vn 0.3990 -0.5364 0.7437
vn 0.3835 -0.5173 0.7650
vn 0.3885 -0.5235 0.7583
vn 0.3991 -0.5364 0.7437
vn 0.3608 -0.4894 0.7939
vn 0.3193 -0.9475 -0.0152
vn 0.3114 -0.9503 -0.0000
vn 0.3115 -0.9503 -0.0000
vn 0.3191 -0.9476 -0.0148
vn 0.3674 -0.8363 0.4070
vn 0.3559 -0.9143 0.1934
vn 0.2214 0.9663 -0.1316
vn 0.2187 0.9688 -0.1164
vn 0.1897 0.9503 -0.2467
vn 0.1725 0.9485 -0.2658
vn 0.0724 0.7521 -0.6551
vn 0.1932 0.8301 -0.5230
vn 0.2355 0.8508 -0.4698
vn 0.1076 0.9444 -0.3107
vn 0.1160 0.9428 -0.3126
vn 0.1147 0.9530 -0.2806
vn 0.1163 0.9535 -0.2780
vn 0.2593 0.9233 -0.2834
vn 0.2614 0.9223 -0.2846
vn 0.1616 0.9562 -0.2440
vn 0.1548 0.9570 -0.2455
vn 0.0696 -0.0028 -0.9976
vn 0.0639 -0.0055 -0.9979
vn 0.0645 -0.0052 -0.9979
vn 0.0523 -0.0076 -0.9986
vn 0.0528 -0.0076 -0.9986
vn 0.0461 -0.0073 -0.9989
vn 0.1968 0.7237 -0.6614
vn 0.2133 0.8920 -0.3986
vn 0.2139 0.9065 -0.3641
vn 0.9763 0.1838 -0.1141
vn 0.9055 0.4045 -0.1282
vn 0.9260 0.3592 -0.1160
vn 0.9812 0.1566 -0.1129
vn -0.0010 0.9983 -0.0586
vn 0.0005 0.7652 0.6438
vn 0.0085 1.0000 -0.0000
vn -0.0013 0.3455 -0.9384
vn 0.0135 0.3216 -0.9468
vn 0.0141 0.3191 -0.9476
vn -0.0049 0.3814 -0.9244
vn -0.0107 0.1018 -0.9947
vn -0.0807 -0.1295 -0.9883
vn -0.1398 -0.1124 -0.9838
vn -0.2442 -0.1042 -0.9641
vn -0.4498 -0.0431 -0.8921
vn -0.5993 0.0045 -0.8005
vn -0.6779 0.0300 -0.7345
vn -0.0645 -0.3622 -0.9299
vn -0.0995 -0.3378 -0.9359
vn -0.2307 -0.3087 -0.9228
vn -0.0646 -0.3623 -0.9298
vn -0.2790 -0.2741 -0.9203
vn -0.4094 -0.2381 -0.8807
vn -0.5786 -0.1975 -0.7913
vn -0.5399 -0.2080 -0.8156
vn -0.6727 -0.1679 -0.7206
vn 0.0029 0.1683 -0.9857
vn 0.0067 0.1515 -0.9884
vn 0.0217 0.2242 -0.9743
vn 0.0215 0.2205 -0.9751
vn 0.0021 -0.5021 -0.8648
vn 0.0022 -0.5021 -0.8648
vn -0.0036 0.0901 -0.9959
vn -0.0033 0.0321 -0.9995
vn -0.0033 0.0332 -0.9994
vn -0.0036 0.0914 -0.9958
vn -0.0027 -0.0126 -0.9999
vn -0.0021 -0.0657 -0.9978
vn -0.0023 -0.0626 -0.9980
vn -0.0027 -0.0116 -0.9999
vn -0.0018 -0.0995 -0.9950
vn -0.0019 -0.0991 -0.9951
vn -0.0005 0.7448 -0.6673
vn -0.0001 0.8510 -0.5252
vn -0.0026 -0.7903 -0.6128
vn -0.0005 0.6018 -0.7987
vn 0.0046 0.4527 -0.8917
vn 0.0047 -0.3062 -0.9519
vn 0.0047 -0.3063 -0.9519
vn 0.0005 -0.5200 -0.8542
vn 0.6972 0.1048 -0.7092
vn 0.6973 0.1038 -0.7092
vn 0.6971 0.0686 -0.7137
vn 0.6970 0.0698 -0.7136
vn 0.6996 0.0455 -0.7131
vn 0.6997 0.0448 -0.7130
vn 0.6889 0.0271 -0.7243
vn 0.6901 0.0280 -0.7232
vn 0.6991 0.1344 -0.7022
vn 0.6988 0.1336 -0.7027
vn 0.6775 0.0187 -0.7353
vn -0.7412 0.5490 -0.3863
vn -0.7092 0.4701 -0.5255
vn -0.7100 0.4718 -0.5228
vn -0.6391 -0.5960 -0.4861
vn -0.6911 -0.3780 -0.6160
vn -0.6877 -0.4034 -0.6037
vn -0.6574 0.3773 -0.6523
vn 0.6998 0.1439 -0.6997
vn 0.6995 0.1439 -0.7000
vn -0.6644 0.0464 -0.7459
vn -0.6621 0.0462 -0.7480
vn -0.6147 0.0426 -0.7876
vn 0.6843 -0.3012 -0.6640
vn -0.7103 -0.0216 -0.7035
vn -0.7104 -0.0203 -0.7035
vn -0.7106 0.0256 -0.7032
vn -0.7105 0.0242 -0.7033
vn -0.7035 -0.1233 -0.7000
vn -0.7038 -0.1193 -0.7003
vn -0.7087 -0.0601 -0.7030
vn -0.7086 -0.0614 -0.7029
vn 0.6951 0.5282 -0.4877
vn 0.6984 0.5350 -0.4754
vn 0.7247 0.6027 -0.3340
vn 0.6537 -0.5429 -0.5271
vn 0.6538 -0.5429 -0.5271
vn 0.6477 0.4428 -0.6200
vn 0.6477 0.4427 -0.6200
vn -0.6162 -0.4243 -0.6635
vn -0.7880 -0.0895 -0.6092
vn 0.7794 0.0502 -0.6245
vn -0.0002 0.9998 -0.0215
vn -0.0068 0.8748 -0.4844
vn -0.0106 0.8742 -0.4854
vn -0.0008 0.9997 -0.0249
vn -0.0006 0.9996 -0.0279
vn -0.0109 0.8734 -0.4869
vn -0.0118 0.8732 -0.4872
vn -0.0007 0.9996 -0.0279
vn -0.0291 0.8694 -0.4933
vn -0.0016 0.9996 -0.0278
vn -0.0927 0.8626 -0.4974
vn -0.0053 0.9997 -0.0257
vn -0.2708 0.8462 -0.4589
vn -0.0169 0.9997 -0.0165
vn -0.4659 0.8461 -0.2589
vn -0.4901 0.8684 -0.0748
vn -0.4844 0.8743 -0.0316
vn -0.0278 0.9996 -0.0018
vn -0.0275 0.9996 -0.0042
vn -0.4753 0.8744 -0.0978
vn -0.0277 0.9996 -0.0057
vn -0.4761 0.8719 -0.1146
vn -0.0237 0.9997 -0.0068
vn -0.4776 0.8786 -0.0000
vn -0.0279 0.9996 -0.0000
vn 0.0015 0.9996 -0.0296
vn 0.0081 0.9998 -0.0192
vn 0.0082 0.9998 -0.0193
vn -0.0035 0.8351 -0.5500
vn 0.7511 0.6598 -0.0239
vn 0.7510 0.6598 -0.0239
vn 0.7491 0.6623 -0.0127
vn 0.7492 0.6622 -0.0129
vn -0.0011 1.0000 -0.0000
vn 0.7473 0.6645 -0.0000
vn -0.9950 0.0992 -0.0074
vn -0.9944 0.1054 -0.0031
vn -0.9944 0.1057 0.0003
vn -0.9941 0.1086 0.0011
vn -0.9941 0.1081 0.0009
vn -0.9942 0.1073 -0.0001
vn -0.9942 0.1076 -0.0000
vn -0.9942 0.1077 -0.0000
vn -0.6203 0.7439 -0.2488
vn -0.6093 0.7689 -0.1938
vn -0.5736 0.8170 -0.0594
vn -0.5735 0.8171 -0.0593
vn -0.6708 0.5152 -0.5334
vn -0.6653 0.5601 -0.4937
vn -0.5842 0.8113 -0.0229
vn -0.5839 0.8115 -0.0231
vn -0.6177 0.7864 -0.0000
vn -0.5492 0.8348 -0.0398
vn 0.9330 0.3600 -0.0000
vn -0.6501 0.3110 -0.6933
vn -0.6538 0.3157 -0.6876
vn -0.6713 0.3614 -0.6471
vn -0.6705 0.3543 -0.6518
vn -0.6351 0.2926 -0.7149
vn -0.3695 0.9281 0.0451
vn -0.1614 0.7613 0.6280
vn -0.3954 0.9144 -0.0865
vn -0.4145 0.6248 -0.6617
vn -0.9914 0.1309 -0.0014
vn -0.9908 0.1355 -0.0000
vn -0.9908 0.1354 -0.0000
vn -0.9943 0.1062 0.0009
vn -0.9965 0.0833 0.0118
vn -0.9965 0.0832 0.0118
vn -0.9945 0.1050 0.0020
vn -0.9960 0.0886 0.0123
vn -0.9975 0.0670 0.0202
vn -0.9940 0.1092 0.0048
vn -0.7528 -0.0228 -0.6579
vn -0.8114 0.2275 -0.5384
vn -0.8116 0.2282 -0.5379
vn -0.7455 -0.0438 -0.6651
vn -0.8111 0.1979 -0.5505
vn -0.8118 0.1737 -0.5574
vn -0.8117 0.1733 -0.5577
vn -0.7576 0.4115 -0.5067
vn -0.7487 0.4365 -0.4990
vn -0.3481 0.8517 -0.3917
vn -0.3285 0.8606 -0.3891
vn 0.2999 0.8768 -0.3758
vn 0.2988 0.8773 -0.3757
vn 0.7251 0.4581 -0.5141
vn 0.7208 0.4686 -0.5108
vn 0.8047 0.1874 -0.5633
vn 0.8048 0.1872 -0.5632
vn 0.7254 -0.0616 -0.6855
vn 0.7215 -0.0710 -0.6888
vn 0.2928 -0.4808 -0.8265
vn 0.2919 -0.4813 -0.8265
vn -0.3334 -0.4622 -0.8217
vn -0.3239 -0.4663 -0.8232
vn -0.5233 0.8521 0.0062
vn -0.5231 0.8523 -0.0000
vn -0.6613 -0.7501 -0.0000
vn -0.6613 -0.7502 0.0003
vn -0.6743 -0.6993 0.2373
vn -0.6744 -0.6996 0.2361
vn -0.6493 -0.4315 0.6263
vn -0.6493 -0.4343 0.6243
vn -0.6085 -0.1929 0.7697
vn -0.6082 -0.1926 0.7700
vn -0.6151 0.1964 0.7636
vn -0.6141 0.2059 0.7619
vn -0.5734 0.7381 0.3555
vn -0.5733 0.7400 0.3518
vn -0.4819 -0.0782 -0.8727
vn -0.4684 -0.0794 -0.8799
vn -0.8573 -0.0327 -0.5137
vn -0.8496 -0.0340 -0.5263
vn -0.9628 -0.0086 -0.2699
vn -0.9961 -0.0516 -0.0714
vn -0.9961 -0.0516 -0.0711
vn -0.9874 -0.0277 -0.1559
vn -0.9877 -0.0291 -0.1535
vn -0.9984 -0.0565 -0.0000
vn -0.7674 -0.3924 -0.5071
vn -0.7238 -0.3373 -0.6020
vn -0.4246 -0.3467 -0.8364
vn -0.0000 -1.0000 -0.0000
vn -0.9887 -0.1336 -0.0682
vn -0.9842 -0.1330 -0.1168
vn -0.9886 -0.1336 -0.0688
vn -0.9910 -0.1340 -0.0000
vn -0.9976 0.0051 -0.0696
vn -0.9999 0.0101 -0.0000
vn -0.9999 0.0103 -0.0000
vn -0.9977 0.0053 -0.0682
vn -0.9793 -0.0193 -0.2016
vn -0.9875 -0.0095 -0.1572
vn -0.9876 -0.0095 -0.1570
vn -0.9768 0.0049 -0.2141
vn -0.7426 0.6679 -0.0486
vn -0.7416 0.6618 -0.1102
vn -0.7418 0.6622 -0.1058
vn -0.7425 0.6682 -0.0472
vn -0.7392 0.6581 -0.1431
vn -0.7391 0.6583 -0.1431
vn -0.6899 0.0939 -0.7178
vn -0.6735 0.0190 -0.7389
vn -0.7087 0.2310 -0.6666
vn -0.7352 -0.6653 -0.1298
vn -0.7359 -0.6654 -0.1251
vn -0.7304 -0.6641 -0.1600
vn -0.7303 -0.6642 -0.1600
vn -0.7438 -0.6660 -0.0562
vn -0.7440 -0.6660 -0.0538
vn -0.7467 -0.6652 -0.0000
vn -0.7466 -0.6653 -0.0000
vn -0.7419 0.6705 -0.0000
vn -0.7418 0.6706 -0.0000
vn -0.6648 -0.0185 -0.7468
vn -0.6886 -0.1289 -0.7136
vn -0.6739 -0.0541 -0.7369
vn -0.6634 -0.0182 -0.7480
vn -0.3132 -0.3628 -0.8777
vn -0.5150 -0.2178 -0.8291
vn -0.5461 -0.1869 -0.8166
vn -0.3331 -0.3551 -0.8735
vn -0.6888 -0.0296 -0.7243
vn -0.6891 -0.0293 -0.7241
vn -0.7270 -0.0233 -0.6863
vn -0.7270 -0.0234 -0.6862
vn -0.4682 0.2482 -0.8481
vn -0.5288 0.1943 -0.8262
vn -0.4539 0.4685 -0.7580
vn -0.4276 0.4658 -0.7747
vn -0.7695 0.4480 -0.4551
vn -0.7967 0.4392 -0.4152
vn -0.8905 0.3898 -0.2347
vn -0.7713 -0.4606 -0.4393
vn -0.7968 -0.4558 -0.3967
vn -0.8820 -0.4231 -0.2073
vn -0.4834 -0.4402 -0.7567
vn -0.4586 -0.4344 -0.7752
vn 0.0155 0.0704 0.9974
vn 0.0199 0.0684 0.9975
vn 0.0138 0.0671 0.9977
vn 0.0268 0.0693 0.9972
vn 0.0247 0.0669 0.9975
vn 0.0222 0.0669 0.9975
vn 0.0391 0.0641 0.9972
vn 0.0558 0.0747 0.9956
vn 0.1541 0.0665 0.9858
vn 0.1239 0.0669 0.9900
vn 0.2128 0.0627 0.9751
vn 0.2127 0.0627 0.9751
vn 0.9954 0.0769 0.0567
vn 0.9970 0.0769 -0.0000
vn 0.9804 0.0583 0.1880
vn 0.9895 0.0603 0.1313
vn 0.9678 0.0418 0.2483
vn 0.9555 0.0429 0.2917
vn 0.9970 0.0776 -0.0000
vn 0.0171 0.0664 0.9976
vn 0.0082 0.0678 0.9977
vn -0.9983 0.0586 -0.0009
vn -0.9983 0.0591 -0.0022
vn -0.9983 0.0585 -0.0006
vn -0.5435 0.8394 -0.0000
vn -0.8630 0.5052 -0.0000
vn -0.5568 0.8307 -0.0000
vn 0.0028 1.0000 -0.0000
vn 0.0008 1.0000 -0.0000
vn 0.5097 0.8603 -0.0000
vn 0.5133 0.8582 -0.0000
vn 0.8055 0.5926 -0.0000
vn -0.0000 1.0000 -0.0000
vn 0.0001 1.0000 -0.0000
vn -0.0000 -0.0000 1.0000
vn 0.0002 1.0000 -0.0005
vn 0.0003 1.0000 -0.0009
vn 0.0003 1.0000 -0.0006
vn 0.0002 1.0000 -0.0000
vn -0.0117 0.5509 -0.8345
vn -0.0180 0.5501 -0.8349
vn -0.0186 0.5492 -0.8355
vn -0.0201 0.5493 -0.8354
vn -0.0490 0.5494 -0.8341
vn -0.1520 0.5507 -0.8208
vn -0.4216 0.5619 -0.7117
vn -0.7222 0.5653 -0.3987
vn -0.8102 0.5532 -0.1939
vn -0.8229 0.5542 -0.1248
vn -0.8157 0.5536 -0.1678
vn -0.8221 0.5669 -0.0531
vn -0.8154 0.5789 -0.0000
vn 0.8138 0.5787 0.0529
vn 0.8056 0.5797 0.1223
vn 0.8055 0.5797 0.1230
vn 0.8138 0.5787 0.0534
vn 0.7871 0.5808 0.2075
vn 0.7984 0.5791 0.1645
vn 0.7871 0.5808 0.2076
vn 0.5668 0.6228 0.5392
vn 0.5647 0.6230 0.5412
vn 0.7744 0.5808 0.2510
vn 0.1805 0.5873 0.7890
vn 0.1808 0.5873 0.7889
vn 0.0474 0.5838 0.8105
vn 0.0476 0.5840 0.8103
vn 0.0196 0.5836 0.8118
vn 0.0181 0.5836 0.8118
vn 0.0173 0.5827 0.8125
vn 0.0116 0.5819 0.8132
vn 0.0066 0.5816 0.8135
vn 0.0066 0.5820 0.8132
vn -0.8280 0.5603 -0.0206
vn -0.8272 0.5619 -0.0109
vn -0.8272 0.5618 -0.0109
vn -0.8263 0.5632 -0.0000
vn 0.8217 0.5699 -0.0000
vn 0.8210 0.5709 -0.0112
vn 0.8210 0.5708 -0.0111
vn 0.8201 0.5719 -0.0208
vn -0.0061 0.5517 -0.8340
vn -0.0000 -0.3140 -0.9494
vn -0.3556 -0.2809 -0.8914
vn -0.3753 -0.9260 -0.0404
vn -0.3088 -0.9508 -0.0229
vn -0.3148 -0.9491 -0.0000
vn -0.6009 -0.7967 -0.0647
vn -0.6023 -0.7969 -0.0461
vn -0.6040 -0.7970 -0.0000
vn -0.8582 -0.0075 0.5133
vn -0.8230 0.2031 0.5305
vn -0.8251 0.1949 0.5303
vn -0.5036 0.2847 -0.8157
vn -0.5058 0.2772 -0.8169
vn -0.5318 0.1740 -0.8288
vn 0.1886 0.6197 -0.7618
vn -0.1489 0.5371 -0.8303
vn -0.1504 0.5366 -0.8303
vn -0.4737 0.5600 0.6797
vn -0.4778 0.5584 0.6782
vn -0.1449 0.6469 0.7487
vn -0.8320 0.1231 0.5409
vn -0.8311 0.1997 0.5191
vn -0.8300 0.2186 0.5131
vn -0.6425 -0.1878 -0.7429
vn -0.6728 -0.2882 -0.6814
vn -0.6483 -0.2050 -0.7333
vn -0.7033 -0.7059 -0.0835
vn -0.7049 -0.7075 -0.0500
vn -0.7050 -0.7076 -0.0478
vn -0.7064 -0.7078 -0.0000
vn -0.5748 -0.2331 -0.7844
vn -0.5383 -0.3365 -0.7727
vn -0.4458 0.5056 -0.7386
vn -0.4604 -0.5041 -0.7306
vn -0.8188 0.3190 0.4773
vn -0.8059 -0.3670 0.4645
vn -0.8251 0.1951 0.5302
vn -0.8230 0.2032 0.5304
vn -0.7037 -0.2586 -0.6618
vn 0.7726 0.3705 -0.5156
vn 0.7727 0.3705 -0.5155
vn 0.7840 0.3990 -0.4756
vn 0.7841 0.3992 -0.4752
vn 0.7882 0.4408 -0.4295
vn 0.7883 0.4406 -0.4295
vn 0.7830 0.4545 -0.4247
vn 0.2313 -0.6242 -0.7462
vn 0.2313 -0.6243 -0.7462
vn -0.0000 -0.2079 -0.9781
vn -0.0000 -0.3986 -0.9171
vn -0.1402 -0.3701 -0.9183
vn -0.1463 -0.2057 -0.9676
vn -0.9811 -0.1937 -0.0000
vn -0.9764 -0.2056 -0.0653
vn -0.9746 -0.2085 -0.0819
vn -0.1361 -0.5336 -0.8347
vn -0.6212 -0.4862 -0.6146
vn -0.6274 -0.3193 -0.7102
vn -0.9281 -0.2963 -0.2257
vn -0.9370 -0.2061 -0.2822
vn 0.9808 0.1949 -0.0000
vn 0.9784 0.1963 0.0654
vn 0.9800 0.1957 0.0348
vn -0.0000 -0.5386 -0.8426
vn -0.9739 -0.1813 -0.1366
vn -0.6238 -0.1625 -0.7645
vn -0.9518 -0.0627 -0.3002
vn 0.9758 0.1967 0.0960
vn 0.9757 0.1967 0.0960
vn -0.9913 -0.0248 -0.1292
vn 0.0045 0.3083 0.9513
vn 0.0046 0.3084 0.9513
vn 0.0046 0.3084 0.9512
vn 0.4855 0.2507 0.8375
vn 0.4859 0.2511 0.8372
vn 0.4861 0.2513 0.8370
vn 0.4858 0.2510 0.8373
vn 0.4127 -0.9084 -0.0666
vn 0.4125 -0.9085 -0.0666
vn 0.4126 -0.9085 -0.0666
vn 0.3516 0.0697 -0.9335
vn 0.3519 0.0696 -0.9334
vn 0.3521 0.0695 -0.9334
vn 0.3518 0.0696 -0.9335
vn 0.3909 0.9203 -0.0153
vn 0.3909 0.9203 -0.0152
vn 0.4786 0.3072 0.8225
vn 0.4786 0.3071 0.8226
vn 0.4785 0.3071 0.8226
vn 0.4927 -0.8679 -0.0638
vn 0.4926 -0.8679 -0.0638
vn 0.3488 0.1120 -0.9305
vn 0.3489 0.1120 -0.9304
vn 0.3491 0.1120 -0.9304
vn 0.3221 0.9464 -0.0254
vn 0.3218 0.9465 -0.0253
vn 0.3221 0.9464 -0.0253
vn 0.3220 0.9464 -0.0253
vn 0.4743 0.1691 0.8640
vn 0.4740 0.1688 0.8642
vn 0.4742 0.1691 0.8640
vn 0.4088 -0.9120 -0.0341
vn 0.4089 -0.9119 -0.0341
vn 0.3682 0.1154 -0.9225
vn 0.3676 0.1156 -0.9228
vn 0.3675 0.1156 -0.9228
vn 0.3678 0.1156 -0.9227
vn 0.3952 0.9181 -0.0302
vn 0.3954 0.9180 -0.0303
vn 0.3953 0.9181 -0.0302
vn 0.4602 0.2206 0.8600
vn 0.4602 0.2205 0.8600
vn 0.4601 0.2205 0.8600
vn 0.4602 0.2206 0.8599
vn 0.4890 -0.8717 -0.0323
vn 0.4891 -0.8716 -0.0323
vn 0.3765 0.1643 -0.9117
vn 0.3760 0.1643 -0.9119
vn 0.3276 0.9446 -0.0224
vn 0.3276 0.9445 -0.0224
vn 0.3280 0.9444 -0.0226
vn 0.3275 0.9446 -0.0223
vn 0.4899 0.2523 0.8345
vn 0.4901 0.2525 0.8343
vn 0.4125 -0.9089 -0.0604
vn 0.4126 -0.9089 -0.0604
vn 0.3473 0.0680 -0.9353
vn 0.3475 0.0679 -0.9352
vn 0.3477 0.0679 -0.9351
vn 0.3474 0.0680 -0.9352
vn 0.3907 0.9202 -0.0247
vn 0.3908 0.9202 -0.0248
vn 0.4823 0.3085 0.8199
vn 0.4827 0.3089 0.8195
vn 0.4828 0.3091 0.8194
vn 0.4826 0.3088 0.8196
vn 0.4926 -0.8683 -0.0586
vn 0.4925 -0.8683 -0.0586
vn 0.3444 0.1098 -0.9324
vn 0.3446 0.1098 -0.9323
vn 0.3449 0.1097 -0.9322
vn 0.3447 0.1098 -0.9323
vn 0.3219 0.9462 -0.0341
vn 0.3217 0.9462 -0.0340
vn 0.3215 0.9463 -0.0339
vn 0.3218 0.9462 -0.0340
vn 0.4703 0.1677 0.8664
vn 0.4703 0.1678 0.8664
vn 0.4701 0.1676 0.8665
vn 0.4704 0.1679 0.8663
vn 0.4091 -0.9120 -0.0306
vn 0.4092 -0.9119 -0.0306
vn 0.3723 0.1168 -0.9207
vn 0.3719 0.1170 -0.9209
vn 0.3720 0.1169 -0.9208
vn 0.3954 0.9181 -0.0287
vn 0.3953 0.9181 -0.0287
vn 0.3952 0.9181 -0.0287
vn 0.4569 0.2193 0.8621
vn 0.4566 0.2190 0.8623
vn 0.4564 0.2187 0.8625
vn 0.4893 -0.8716 -0.0285
vn 0.4893 -0.8717 -0.0285
vn 0.3799 0.1660 -0.9100
vn 0.3796 0.1660 -0.9101
vn 0.3796 0.1661 -0.9101
vn 0.3274 0.9447 -0.0211
vn 0.3277 0.9445 -0.0213
vn 0.3275 0.9446 -0.0212
vn 0.4060 -0.9115 -0.0659
vn 0.4058 -0.9116 -0.0659
vn 0.4059 -0.9116 -0.0659
vn 0.4059 -0.9115 -0.0659
vn 0.3508 0.1007 -0.9310
vn 0.3510 0.1007 -0.9310
vn 0.3512 0.1006 -0.9309
vn 0.3509 0.1007 -0.9310
vn 0.3969 0.9177 -0.0160
vn 0.3968 0.9178 -0.0160
vn 0.3967 0.9178 -0.0159
vn 0.4882 0.2119 0.8467
vn 0.4884 0.2121 0.8465
vn 0.4885 0.2122 0.8464
vn 0.4883 0.2120 0.8465
vn 0.4857 -0.8718 -0.0630
vn 0.4856 -0.8719 -0.0630
vn 0.3453 0.1413 -0.9278
vn 0.3460 0.1412 -0.9276
vn 0.3461 0.1412 -0.9275
vn 0.3458 0.1413 -0.9276
vn 0.3282 0.9443 -0.0261
vn 0.3281 0.9443 -0.0261
vn 0.3280 0.9443 -0.0260
vn 0.4841 0.2696 0.8324
vn 0.4842 0.2698 0.8323
vn 0.4842 0.2697 0.8324
vn 0.4151 -0.9091 -0.0346
vn 0.4151 -0.9091 -0.0345
vn 0.3680 0.1259 -0.9213
vn 0.3678 0.1260 -0.9213
vn 0.3899 0.9204 -0.0298
vn 0.3900 0.9203 -0.0298
vn 0.3898 0.9204 -0.0298
vn 0.3901 0.9203 -0.0299
vn 0.4744 0.1667 0.8644
vn 0.4742 0.1664 0.8646
vn 0.4741 0.1663 0.8646
vn 0.4741 0.1664 0.8646
vn 0.4946 -0.8685 -0.0326
vn 0.4946 -0.8685 -0.0327
vn 0.3757 0.1742 -0.9102
vn 0.3750 0.1743 -0.9105
vn 0.3754 0.1743 -0.9103
vn 0.3751 0.1743 -0.9105
vn 0.3221 0.9465 -0.0217
vn 0.3227 0.9463 -0.0220
vn 0.3231 0.9461 -0.0222
vn 0.3227 0.9462 -0.0220
vn 0.4604 0.2179 0.8606
vn 0.4603 0.2178 0.8606
vn 0.4602 0.2177 0.8607
vn 0.4060 -0.9119 -0.0596
vn 0.4059 -0.9120 -0.0596
vn 0.4059 -0.9120 -0.0597
vn 0.3462 0.0993 -0.9329
vn 0.3467 0.0992 -0.9327
vn 0.3469 0.0991 -0.9327
vn 0.3963 0.9178 -0.0254
vn 0.3964 0.9177 -0.0254
vn 0.3962 0.9178 -0.0254
vn 0.4922 0.2131 0.8440
vn 0.4924 0.2133 0.8439
vn 0.4925 0.2135 0.8437
vn 0.4923 0.2132 0.8439
vn 0.4858 -0.8722 -0.0577
vn 0.4858 -0.8722 -0.0578
vn 0.3413 0.1392 -0.9296
vn 0.3417 0.1392 -0.9294
vn 0.3417 0.1391 -0.9294
vn 0.3414 0.1392 -0.9296
vn 0.3279 0.9441 -0.0348
vn 0.3278 0.9441 -0.0347
vn 0.4883 0.2715 0.8294
vn 0.4882 0.2715 0.8294
vn 0.4154 -0.9091 -0.0310
vn 0.3720 0.1273 -0.9194
vn 0.3719 0.1274 -0.9195
vn 0.3716 0.1275 -0.9196
vn 0.3899 0.9204 -0.0282
vn 0.3901 0.9204 -0.0283
vn 0.3901 0.9203 -0.0283
vn 0.4703 0.1652 0.8669
vn 0.4701 0.1650 0.8671
vn 0.4700 0.1648 0.8672
vn 0.4703 0.1651 0.8669
vn 0.4948 -0.8685 -0.0288
vn 0.4949 -0.8685 -0.0288
vn 0.3789 0.1760 -0.9085
vn 0.3790 0.1760 -0.9085
vn 0.3786 0.1761 -0.9086
vn 0.3226 0.9463 -0.0208
vn 0.3226 0.9463 -0.0209
vn 0.3231 0.9461 -0.0211
vn 0.4568 0.2163 0.8629
vn 0.4567 0.2162 0.8629
vn 0.9422 0.3206 -0.0978
vn 0.9421 0.3206 -0.0979
vn 0.9421 0.3206 -0.0978
vn 0.9022 0.4186 -0.1039
vn 0.9022 0.4186 -0.1038
vn 0.9469 0.3126 -0.0756
vn 0.9469 0.3126 -0.0757
vn 0.9468 0.3127 -0.0757
vn 0.9094 0.4114 -0.0618
vn 0.9094 0.4113 -0.0618
vn 0.9417 0.3200 -0.1038
vn 0.9018 0.4180 -0.1100
vn 0.9018 0.4179 -0.1100
vn 0.9473 0.3127 -0.0700
vn 0.9472 0.3129 -0.0700
vn 0.9472 0.3128 -0.0700
vn 0.9097 0.4114 -0.0565
vn 0.9097 0.4115 -0.0565
vn 0.9450 0.3119 -0.0984
vn 0.9450 0.3120 -0.0984
vn 0.9060 0.4101 -0.1044
vn 0.9442 0.3205 -0.0755
vn 0.9442 0.3205 -0.0754
vn 0.9443 0.3205 -0.0754
vn 0.9063 0.4181 -0.0615
vn 0.9063 0.4182 -0.0616
vn 0.9063 0.4181 -0.0616
vn 0.9445 0.3115 -0.1043
vn 0.9055 0.4096 -0.1104
vn 0.9055 0.4096 -0.1105
vn 0.9055 0.4097 -0.1105
vn 0.9446 0.3206 -0.0698
vn 0.9066 0.4182 -0.0563
vn 0.9066 0.4183 -0.0563
vn -0.9921 -0.1256 -0.0040
vn -0.9951 -0.0983 -0.0081
vn -0.9810 -0.1917 -0.0284
vn -0.8694 -0.4929 -0.0353
vn -0.9308 -0.3622 -0.0491
vn -0.6873 -0.7235 -0.0641
vn -0.3292 -0.9425 -0.0581
vn -0.6682 -0.7425 -0.0467
vn -0.0392 -0.9979 -0.0512
vn -0.0403 -0.9979 -0.0512
vn 0.2569 -0.9657 -0.0366
vn 0.6186 -0.7831 -0.0647
vn 0.8632 -0.5016 -0.0580
vn 0.5897 -0.8071 -0.0311
vn 0.9550 -0.2921 -0.0517
vn 0.9714 -0.2351 -0.0347
vn 0.9883 -0.1527 -0.0031
vn -0.2397 -0.9702 -0.0343
vn -0.5430 -0.8390 -0.0360
vn -0.6097 -0.7895 -0.0702
vn -0.8437 -0.5320 -0.0712
vn -0.9523 -0.2984 -0.0633
vn -0.9757 -0.2143 -0.0445
vn -0.9947 -0.1023 -0.0064
vn -0.0121 -0.9991 -0.0409
vn -0.0110 -0.9991 -0.0409
vn 0.2275 -0.9728 -0.0435
vn 0.6085 -0.7917 -0.0539
vn 0.7319 -0.6804 -0.0379
vn 0.4790 -0.8772 -0.0341
vn 0.9458 -0.3230 -0.0324
vn 0.8777 -0.4762 -0.0528
vn 0.9640 -0.2637 -0.0328
vn 0.9922 -0.1234 -0.0158
vn 0.9845 -0.1753 -0.0089
vn -0.0007 -1.0000 -0.0000
vn 0.0013 -1.0000 0.0004
vn -0.0335 -0.9994 0.0071
vn -0.9972 -0.0735 -0.0119
vn 0.0011 -1.0000 -0.0008
vn 0.0001 -1.0000 -0.0016
vn 0.0001 -1.0000 -0.0008
vn -0.0002 -1.0000 -0.0013
vn -0.0045 -1.0000 -0.0048
vn -0.0021 -1.0000 -0.0008
vn -0.0042 -1.0000 -0.0058
vn 0.0034 -1.0000 -0.0015
vn -0.0162 -0.9999 -0.0034
vn 0.9903 -0.1389 -0.0057
vn -0.0312 -0.9995 -0.0000
vn -0.9690 -0.2441 -0.0374
vn -0.0000 -0.0000 -1.0000
vn 0.0213 -0.9998 -0.0000
vn 0.0222 -0.9998 0.0001
vn 0.0212 -0.9998 0.0003
vn -0.0297 -0.9996 -0.0000
vn 0.0093 -1.0000 -0.0000
vn -0.0025 -1.0000 -0.0000
vn -0.0805 -0.9968 -0.0000
vn -0.0805 -0.9966 0.0174
vn 0.0227 -0.9997 -0.0000
vn 0.0216 -0.9998 -0.0000
vn -0.0924 -0.9957 -0.0005
vn -0.0879 -0.9961 -0.0022
vn -0.0904 -0.9959 -0.0018
vn -0.0925 -0.9957 -0.0006
vn -0.0846 -0.9964 -0.0000
vn -0.0845 -0.9964 -0.0000
vn -0.0868 -0.9962 -0.0028
vn -0.0922 -0.9957 -0.0049
vn -0.1012 -0.9948 -0.0091
vn -0.9983 0.0583 -0.0000
vn 0.8158 0.5783 -0.0000
vn 0.3629 0.1653 0.9170
vn 0.3148 0.1403 0.9387
vn 0.2921 0.1729 0.9406
vn 0.3245 0.2469 0.9131
vn 0.2278 0.2248 0.9474
vn 0.1639 0.3137 0.9353
vn 0.2382 0.2114 0.9479
vn 0.1062 0.2259 0.9683
vn 0.2426 0.4983 0.8324
vn 0.1175 0.5468 0.8290
vn 0.3329 0.3231 0.8859
vn 0.3247 0.2473 0.9129
vn 0.0513 0.5298 0.8466
vn 0.0277 0.2612 0.9649
vn 0.0299 0.3452 0.9381
vn 0.0647 0.4171 0.9066
vn 0.0110 0.2192 0.9756
vn -0.0319 0.2829 0.9586
vn 0.0021 0.0960 0.9954
vn -0.0021 0.1095 0.9940
vn 0.0063 0.1685 0.9857
vn 0.0075 0.1559 0.9877
vn 0.0046 0.1384 0.9904
vn -0.0043 0.0380 0.9993
vn -0.0430 0.0547 0.9976
vn -0.1471 0.0304 0.9887
vn -0.0077 -0.0118 0.9999
vn -0.0087 -0.0661 0.9978
vn -0.1496 -0.0436 0.9878
vn -0.1428 -0.0899 0.9857
vn -0.0079 -0.1012 0.9948
vn 0.0002 0.1404 0.9901
vn -0.0026 0.0870 0.9962
vn -0.0004 0.0286 0.9996
vn 0.0005 -0.0147 0.9999
vn 0.0134 0.0556 0.9984
vn -0.0143 0.0362 0.9992
vn -0.0150 0.0863 0.9962
vn 0.0050 0.1176 0.9930
vn 0.0006 -0.0664 0.9978
vn 0.0246 -0.0632 0.9977
vn -0.0029 -0.0668 0.9978
vn -0.0077 -0.0065 0.9999
vn 0.0202 0.0019 0.9998
vn 0.0007 -0.0999 0.9950
vn -0.0122 0.1118 0.9937
vn -0.0055 0.1381 0.9904
vn 0.0938 0.0242 0.9953
vn 0.0874 0.1106 0.9900
vn 0.0245 -0.0994 0.9947
vn -0.0021 -0.0990 0.9951
vn 0.0846 -0.0992 0.9915
vn 0.0908 -0.0567 0.9943
vn 0.0236 0.3171 0.9481
vn -0.0043 0.2005 0.9797
vn -0.0189 0.2308 0.9728
vn -0.0148 0.3609 0.9325
vn -0.0201 0.1819 0.9831
vn -0.0238 0.1911 0.9813
vn -0.0300 0.2193 0.9752
vn -0.0736 0.3100 0.9479
vn -0.0579 0.1796 0.9820
vn -0.0715 0.1078 0.9916
vn -0.0479 0.1873 0.9811
vn -0.0604 0.1434 0.9878
vn -0.0702 0.0933 0.9932
vn -0.1429 0.2246 0.9639
vn -0.0856 0.0440 0.9954
vn -0.2049 0.1109 0.9725
vn -0.0547 0.0327 0.9980
vn -0.0912 -0.0613 0.9939
vn -0.1085 -0.0740 0.9913
vn -0.2581 -0.0203 0.9659
vn 0.5607 0.6438 0.5207
vn 0.6142 0.7325 0.2936
vn 0.4913 0.8256 0.2774
vn 0.4286 0.8316 0.3532
vn 0.2501 0.7665 0.5915
vn 0.1359 0.7825 0.6076
vn 0.2253 0.9641 0.1403
vn 0.2518 0.9596 0.1259
vn 0.1402 0.9883 0.0599
vn 0.1388 0.9882 0.0651
vn 0.0685 0.7317 0.6781
vn 0.1092 0.9914 0.0727
vn 0.1040 0.9912 0.0815
vn 0.0756 0.6628 0.7450
vn 0.0902 0.9915 0.0939
vn 0.0860 0.9908 0.1041
vn 0.1693 0.5880 0.7910
vn 0.1594 0.4576 0.8747
vn 0.0639 0.2975 0.9526
vn 0.2415 0.4823 0.8421
vn 0.1415 0.3975 0.9066
vn 0.0693 0.8603 0.5051
vn 0.1666 0.8029 0.5724
vn 0.1725 0.9426 0.2858
vn 0.0792 0.9546 0.2873
vn 0.2296 0.9685 0.0964
vn 0.0945 0.9935 0.0631
vn 0.0367 0.8654 0.4998
vn 0.0516 0.9551 0.2918
vn 0.0207 0.9485 0.3161
vn 0.0295 0.9946 0.0992
vn 0.0047 0.9972 0.0746
vn 0.0006 0.9479 0.3185
vn -0.0081 0.9486 0.3163
vn -0.0138 0.6366 0.7711
vn -0.0061 0.6500 0.7599
vn -0.1637 0.1786 0.9702
vn -0.0926 0.1559 0.9834
vn -0.1736 0.1796 0.9683
vn -0.5041 0.1891 0.8427
vn -0.4970 0.1892 0.8469
vn -0.8561 0.1568 0.4924
vn -0.8744 0.1527 0.4606
vn -0.9659 0.1200 0.2294
vn -0.9660 0.1202 0.2291
vn 0.1498 0.4511 0.8798
vn 0.2506 0.5249 0.8134
vn 0.2555 0.6022 0.7564
vn 0.1563 0.5193 0.8402
vn 0.2666 0.6638 0.6988
vn 0.1598 0.5600 0.8130
vn 0.5312 0.8458 0.0500
vn 0.5047 0.8606 0.0676
vn 0.7073 0.7010 0.0910
vn 0.7109 0.7004 0.0639
vn 0.2228 0.9746 0.0244
vn 0.1143 0.9933 0.0169
vn 0.1114 0.9934 0.0260
vn 0.2087 0.9774 0.0338
vn 0.0858 0.9961 0.0181
vn 0.0822 0.9962 0.0302
vn 0.0679 0.9975 0.0201
vn 0.0659 0.9973 0.0327
vn 0.1036 0.9945 0.0146
vn 0.2202 0.9752 0.0198
vn 0.0998 0.9940 0.0455
vn 0.2171 0.9751 0.0461
vn 0.0409 0.9990 0.0163
vn 0.0394 0.9981 0.0471
vn -0.9939 0.0893 0.0652
vn -0.9843 0.0990 0.1459
vn -0.9842 0.0988 0.1470
vn -0.9940 0.0893 0.0634
vn 0.3035 0.9515 0.0504
vn 0.3067 0.9515 0.0239
vn 0.5107 0.8506 0.1250
vn 0.6279 0.7635 0.1513
vn 0.2546 0.9646 0.0688
vn 0.1397 0.9889 0.0504
vn 0.1146 0.9913 0.0650
vn 0.0966 0.9922 0.0783
vn 0.0971 0.9932 0.0637
vn 0.2142 0.9748 0.0621
vn 0.0380 0.9973 0.0628
vn 0.0024 0.9987 0.0503
vn 0.0039 0.9986 0.0531
vn 0.0060 0.9995 0.0320
vn 0.0054 0.9995 0.0322
vn -0.9753 0.1039 0.1947
vn -0.9753 0.1040 0.1947
vn 0.3038 0.9505 0.0659
vn 0.2658 0.5319 0.8040
vn -0.0028 0.3870 0.9221
vn 0.0311 0.4272 0.9036
vn 0.0032 0.3855 0.9227
vn -0.0049 0.3901 0.9208
vn -0.0055 0.3906 0.9205
vn 0.4163 0.7746 0.4761
vn 0.3192 0.8432 0.4327
vn 0.3601 0.9209 0.1490
vn 0.5926 0.3220 0.7383
vn 0.4902 0.2395 0.8381
vn 0.4162 0.3503 0.8391
vn 0.4807 0.4290 0.7648
vn 0.2263 0.5766 0.7851
vn 0.2334 0.6094 0.7577
vn 0.5174 0.4687 0.7160
vn 0.2252 0.4801 0.8478
vn 0.0294 0.6378 0.7696
vn 0.0325 0.6152 0.7877
vn 0.0348 0.5248 0.8505
vn -0.1448 0.5950 0.7906
vn -0.1130 0.5489 0.8282
vn -0.0665 0.4465 0.8923
vn -0.2680 0.3983 0.8772
vn -0.3973 0.2081 0.8938
vn -0.5975 0.2806 0.7511
vn -0.3809 0.4804 0.7900
vn -0.2790 0.0620 0.9583
vn -0.1535 0.2959 0.9428
vn -0.1034 0.1698 0.9800
vn -0.2864 -0.0175 0.9580
vn -0.4775 0.0303 0.8781
vn -0.6949 0.0912 0.7133
vn -0.4602 -0.0490 0.8865
vn -0.7104 0.0099 0.7037
vn -0.2850 -0.0736 0.9557
vn -0.0865 0.7512 0.6544
vn -0.0684 0.9008 0.4287
vn -0.2373 0.8139 0.5304
vn 0.3061 0.4123 0.8581
vn 0.1225 0.5315 0.8381
vn 0.1439 0.5855 0.7978
vn 0.3809 0.5015 0.7768
vn 0.4878 0.2337 0.8411
vn 0.2472 0.0917 0.9646
vn 0.1772 0.2703 0.9463
vn 0.6316 0.2983 0.7156
vn 0.5653 0.0419 0.8238
vn 0.7262 0.0879 0.6818
vn 0.2571 -0.0275 0.9660
vn 0.7274 -0.0178 0.6859
vn 0.5440 -0.0499 0.8376
vn 0.2390 -0.0877 0.9670
vn -0.0003 0.5901 0.8073
vn -0.0034 0.5695 0.8220
vn -0.0088 0.4970 0.8677
vn 0.0684 0.4227 0.9037
vn -0.1280 0.5505 0.8250
vn -0.1237 0.5346 0.8360
vn -0.1074 0.4588 0.8820
vn -0.2745 0.4328 0.8587
vn -0.4578 0.2922 0.8397
vn -0.5153 0.3221 0.7942
vn -0.2984 0.4586 0.8370
vn -0.2260 0.3541 0.9075
vn -0.3591 0.2124 0.9088
vn -0.4552 0.0466 0.8892
vn -0.5950 0.1073 0.7965
vn -0.6444 0.1626 0.7472
vn 0.0455 0.0892 0.9950
vn 0.0650 0.0310 0.9974
vn 0.0650 0.0313 0.9974
vn 0.0485 0.0832 0.9954
vn 0.0103 0.1273 0.9918
vn 0.0102 0.1273 0.9918
vn -0.0298 0.1131 0.9931
vn -0.0330 0.1095 0.9934
vn -0.0569 -0.0351 0.9978
vn -0.0602 0.0470 0.9971
vn -0.0599 0.0487 0.9970
vn -0.0591 -0.0260 0.9979
vn -0.0326 -0.1186 0.9924
vn -0.0314 -0.1225 0.9920
vn -0.0157 -0.1702 0.9853
vn 0.0252 0.0851 0.9961
vn 0.0552 0.0180 0.9983
vn 0.0560 0.0151 0.9983
vn 0.0271 0.0821 0.9963
vn 0.0553 -0.0520 0.9971
vn 0.0571 -0.0467 0.9973
vn 0.0311 -0.1329 0.9906
vn 0.0333 -0.1250 0.9916
vn 0.0181 -0.1794 0.9836
vn -0.0124 0.1226 0.9924
vn -0.0123 0.1225 0.9924
vn -0.0571 0.1116 0.9921
vn -0.0616 0.1081 0.9922
vn -0.1170 -0.0056 0.9931
vn -0.0994 0.0573 0.9934
vn -0.1005 0.0547 0.9934
vn -0.1168 -0.0046 0.9931
vn -0.1129 -0.2345 0.9655
vn -0.1072 -0.2530 0.9615
vn -0.1309 -0.1311 0.9827
vn -0.1266 -0.0670 0.9897
vn -0.1307 -0.0899 0.9873
vn -0.1096 -0.3187 0.9415
vn 0.4614 0.8140 0.3529
vn 0.4535 0.8585 0.2394
vn 0.6388 0.3720 0.6735
vn 0.0669 0.0080 0.9977
vn -0.0063 0.3916 0.9201
vn -0.0062 0.3914 0.9202
vn 0.0068 0.7487 0.6629
vn 0.0257 0.8599 0.5097
vn -0.0019 -0.0662 0.9978
vn -0.0021 -0.0146 0.9999
vn -0.0022 -0.0144 0.9999
vn -0.0017 -0.0997 0.9950
vn -0.0027 0.1422 0.9898
vn -0.0038 0.1659 0.9861
vn -0.0032 0.1459 0.9893
vn -0.0046 0.1468 0.9892
vn -0.0061 0.2094 0.9778
vn -0.0060 0.2029 0.9792
vn -0.0037 0.1661 0.9861
vn 0.0106 0.1728 0.9849
vn 0.0048 0.1595 0.9872
vn -0.0000 0.1618 0.9868
vn 0.0438 0.4137 0.9093
vn 0.0413 0.3530 0.9347
vn 0.0360 0.2910 0.9560
vn 0.0150 0.2118 0.9772
vn 0.0128 0.2245 0.9744
vn 0.2410 0.5165 0.8217
vn 0.2430 0.5382 0.8070
vn 0.2457 0.5699 0.7841
vn 0.0153 0.2428 0.9699
vn 0.0084 0.1976 0.9803
vn -0.0032 0.1461 0.9893
vn -0.2505 0.1044 0.9625
vn -0.2447 0.1061 0.9638
vn -0.2797 -0.0242 0.9598
vn -0.2768 -0.0821 0.9574
vn -0.3220 -0.0183 0.9466
vn -0.3162 -0.0735 0.9458
vn -0.0180 -0.2350 0.9718
vn 0.2382 0.7920 0.5622
vn 0.2946 0.8767 0.3802
vn 0.0816 0.8585 0.5062
vn 0.0186 0.7355 0.6773
vn 0.0668 0.7753 0.6280
vn 0.0149 0.8481 0.5297
vn -0.0005 0.8826 0.4701
vn -0.0016 0.7592 0.6508
vn 0.0034 0.7524 0.6587
vn 0.0029 0.8707 0.4918
vn 0.0007 0.7451 0.6669
vn 0.0009 0.8603 0.5099
vn -0.3915 0.7956 0.4623
vn 0.0130 -0.2214 0.9751
vn -0.0843 -0.2748 0.9578
vn -0.1129 -0.2900 0.9503
vn 0.0425 0.4238 0.9047
vn -0.0002 0.7372 0.6757
vn -0.0001 0.8558 0.5172
vn -0.0063 0.3925 0.9197
vn -0.0070 0.3690 0.9294
vn -0.0070 0.3689 0.9294
vn -0.0028 0.4063 0.9137
vn -0.0074 0.3179 0.9481
vn -0.0076 0.3175 0.9482
vn -0.0070 0.2692 0.9631
vn -0.0073 0.2687 0.9632
vn -0.0021 0.2093 0.9778
vn -0.0037 0.2008 0.9796
vn -0.0023 0.2671 0.9637
vn -0.0027 0.2680 0.9634
vn -0.0051 0.3166 0.9485
vn -0.0051 0.3179 0.9481
vn -0.0056 0.3677 0.9299
vn -0.0058 0.3689 0.9295
vn -0.0057 0.3921 0.9199
vn -0.0059 0.3920 0.9200
vn -0.0012 0.4048 0.9144
vn 0.0035 0.6565 0.7543
vn -0.0044 0.3863 0.9224
vn 0.0567 0.4497 0.8914
vn -0.0063 0.3920 0.9199
vn -0.0121 0.1138 0.9934
vn -0.0157 0.1471 0.9890
vn -0.0927 -0.3816 0.9197
vn -0.1546 -0.3637 0.9186
vn -0.1873 -0.3372 0.9226
vn -0.0657 -0.3727 0.9256
vn -0.0373 -0.3677 0.9292
vn -0.0368 -0.3697 0.9284
vn 0.2172 -0.2850 0.9336
vn 0.2480 -0.2723 0.9297
vn 0.0117 0.7887 0.6147
vn 0.0138 0.8050 0.5931
vn 0.0137 0.8046 0.5937
vn 0.2227 0.6706 0.7076
vn 0.0249 0.8289 0.5588
vn 0.0180 0.8194 0.5729
vn 0.0184 0.8195 0.5727
vn 0.0251 0.8292 0.5583
vn -0.3559 -0.2485 0.9009
vn -0.4274 -0.2332 0.8735
vn -0.4593 -0.2380 0.8558
vn -0.3916 -0.2354 0.8895
vn -0.5115 -0.1929 0.8374
vn -0.5387 -0.1501 0.8290
vn -0.3250 0.4523 0.8305
vn -0.3376 0.4322 0.8362
vn -0.2696 -0.2878 0.9190
vn -0.2915 -0.2776 0.9154
vn 0.5607 0.3784 0.7365
vn 0.6769 0.2089 0.7058
vn 0.6773 0.2092 0.7054
vn 0.5466 0.4009 0.7352
vn 0.6969 0.2422 0.6751
vn 0.6969 0.2427 0.6749
vn 0.6942 0.2794 0.6634
vn 0.6940 0.2805 0.6631
vn 0.6061 0.0662 0.7926
vn 0.6099 0.0743 0.7890
vn 0.2274 0.6675 0.7090
vn -0.0217 0.0873 0.9959
vn -0.0082 0.0805 0.9967
vn 0.0043 0.0890 0.9960
vn -0.0232 0.0941 0.9953
vn -0.0242 0.1014 0.9946
vn -0.0235 0.0993 0.9948
vn 0.6190 0.7852 0.0154
vn 0.5851 0.8102 -0.0361
vn 0.5721 0.8186 -0.0516
vn 0.6025 0.7980 -0.0114
vn 0.5042 0.8633 0.0201
vn 0.4735 0.8789 0.0581
vn 0.7400 0.6588 0.1360
vn 0.7186 0.6860 0.1142
vn 0.0733 0.9715 0.2252
vn 0.0456 0.9722 0.2298
vn 0.0500 0.9713 0.2324
vn 0.1017 0.9742 0.2014
vn 0.0133 0.0951 0.9954
vn 0.0369 0.9739 0.2240
vn 0.0369 0.9738 0.2243
vn -0.0217 0.0860 0.9961
vn -0.0217 0.0859 0.9961
vn -0.0214 0.0917 0.9956
vn -0.0216 0.0873 0.9959
vn 0.3226 0.9336 0.1558
vn 0.2049 0.9629 0.1758
vn 0.0368 0.9739 0.2238
vn 0.0368 0.9739 0.2239
vn 0.9093 0.4044 0.0982
vn 0.9110 0.4064 0.0702
vn 0.9301 0.3654 0.0363
vn 0.9093 0.4043 0.0985
vn 0.9099 0.3966 0.1218
vn 0.8602 0.4148 -0.2966
vn 0.8643 0.4290 -0.2625
vn 0.8675 0.4437 -0.2250
vn 0.9415 0.3224 0.0980
vn 0.9135 0.4017 -0.0643
vn 0.9205 0.3891 -0.0366
vn 0.2200 0.7439 -0.6310
vn 0.0971 0.7489 -0.6555
vn 0.0967 0.7490 -0.6555
vn 0.2128 0.7442 -0.6331
vn 0.0059 0.7620 -0.6476
vn 0.0404 0.7563 -0.6530
vn 0.0409 0.7562 -0.6530
vn 0.0367 0.6583 0.7518
vn 0.0866 0.6492 0.7557
vn 0.0874 0.6489 0.7558
vn 0.0366 0.6587 0.7515
vn 0.0140 0.6541 0.7562
vn 0.0134 0.6541 0.7563
vn -0.0002 0.6604 0.7509
vn -0.0002 0.6605 0.7509
vn -0.0007 0.6686 0.7436
vn 0.1276 0.6364 0.7607
vn 0.3074 0.7371 -0.6019
vn 0.3074 0.7371 -0.6018
vn -0.0076 -0.7898 0.6133
vn -0.0890 -0.7880 0.6092
vn -0.0963 -0.7877 0.6085
vn -0.0078 -0.7896 0.6135
vn -0.0029 -0.7905 0.6125
vn -0.0022 -0.7891 0.6143
vn -0.0022 -0.7891 0.6142
vn 0.0413 -0.7903 0.6113
vn 0.0098 -0.7907 0.6122
vn 0.0105 -0.7908 0.6120
vn 0.0420 -0.7903 0.6113
vn -0.2340 -0.7802 0.5801
vn -0.5456 -0.5989 0.5862
vn -0.4549 -0.6647 0.5927
vn -0.1711 -0.7820 0.5994
vn -0.1711 -0.7819 0.5994
vn -0.2096 0.5761 0.7901
vn -0.1180 0.5877 0.8004
vn 0.2545 -0.8052 0.5356
vn 0.3112 -0.7831 0.5384
vn 0.3346 -0.7815 0.5267
vn 0.2268 -0.8081 0.5436
vn 0.1333 -0.7889 0.5999
vn 0.1355 -0.7889 0.5994
vn -0.0362 -0.7950 0.6056
vn 0.0350 -0.8104 0.5849
vn -0.0043 -0.7903 0.6127
vn -0.1252 -0.8178 0.5617
vn 0.0403 0.5204 0.8530
vn 0.3204 0.8427 0.4326
vn 0.3218 0.8555 0.4057
vn 0.0221 0.6003 0.7995
vn 0.0703 0.7117 0.6990
vn 0.1055 0.7882 0.6063
vn -0.0027 0.6010 0.7992
vn 0.0036 0.6023 0.7983
vn 0.0008 0.6024 0.7982
vn -0.4582 0.7080 0.5374
vn -0.3776 0.6918 0.6155
vn -0.0298 0.5373 0.8428
vn -0.0004 0.6020 0.7985
vn 0.7030 0.0214 0.7109
vn 0.7027 0.0618 0.7088
vn 0.7027 0.0619 0.7088
vn 0.7052 -0.0451 0.7076
vn 0.7032 -0.0086 0.7109
vn 0.7032 -0.0085 0.7109
vn 0.7051 -0.0450 0.7076
vn 0.7037 0.1053 0.7026
vn 0.7040 0.1131 0.7011
vn 0.7069 -0.0686 0.7040
vn -0.7108 0.0953 0.6969
vn -0.7098 0.0633 0.7015
vn -0.7110 0.0988 0.6962
vn -0.7096 0.0208 0.7043
vn -0.7094 -0.0118 0.7047
vn -0.7108 -0.0485 0.7017
vn -0.7094 -0.0117 0.7047
vn -0.7122 -0.0718 0.6983
vn 0.7008 0.1671 0.6935
vn 0.7008 0.1661 0.6937
vn 0.6950 0.2589 0.6707
vn 0.6146 0.2896 0.7338
vn 0.6263 0.2863 0.7251
vn 0.6951 0.2590 0.6707
vn 0.6954 0.2391 0.6776
vn 0.6955 0.2394 0.6775
vn 0.6962 0.2126 0.6856
vn 0.6962 0.2129 0.6855
vn -0.7118 0.1693 0.6817
vn -0.7112 0.1301 0.6908
vn -0.7113 0.1287 0.6910
vn -0.7119 0.1686 0.6818
vn -0.7143 0.2118 0.6670
vn -0.7143 0.2110 0.6672
vn -0.7157 0.2643 0.6464
vn -0.7158 0.2640 0.6465
vn -0.7120 0.3091 0.6305
vn -0.7124 0.3071 0.6310
vn -0.7086 0.3241 0.6267
vn -0.7087 0.3241 0.6267
vn 0.5387 0.3086 0.7839
vn 0.5387 0.3086 0.7840
vn 0.6833 0.1948 0.7037
vn 0.7002 0.2498 0.6688
vn 0.7005 0.2541 0.6668
vn 0.6856 0.2000 0.6999
vn 0.6219 0.1499 0.7686
vn 0.6284 0.1521 0.7628
vn 0.7589 0.3460 0.5517
vn 0.8125 0.4704 0.3444
vn 0.8129 0.4843 0.3235
vn 0.7772 0.3657 0.5122
vn 0.5341 0.0643 0.8430
vn 0.5203 0.0433 0.8529
vn 0.4763 -0.1073 0.8727
vn 0.4764 -0.1093 0.8724
vn 0.4788 -0.1880 0.8575
vn 0.4789 -0.1880 0.8575
vn 0.7138 0.2933 0.6360
vn 0.7151 0.2953 0.6336
vn -0.4798 0.2558 0.8393
vn -0.5871 0.2075 0.7825
vn -0.6234 0.1421 0.7689
vn -0.4909 0.2601 0.8315
vn -0.4249 0.2340 0.8745
vn -0.4249 0.2339 0.8745
vn -0.6716 0.0441 0.7396
vn -0.6734 0.0404 0.7382
vn -0.6910 0.0076 0.7228
vn -0.7108 -0.0079 0.7033
vn -0.7134 -0.0093 0.7007
vn -0.6921 0.0062 0.7218
vn -0.7681 0.0006 0.6404
vn -0.7868 0.0085 0.6171
vn -0.8458 0.0501 0.5311
vn -0.8508 0.0559 0.5225
vn -0.8677 0.0771 0.4911
vn -0.8677 0.0772 0.4910
vn -0.8654 0.0741 0.4956
vn -0.0007 0.0881 0.9961
vn -0.0005 0.0315 0.9995
vn -0.0025 0.0305 0.9995
vn -0.0029 0.0931 0.9957
vn -0.0043 0.0526 0.9986
vn -0.0040 0.0155 0.9999
vn -0.0027 0.1421 0.9898
vn -0.0026 0.1625 0.9867
vn -0.0027 0.1215 0.9926
vn -0.0027 0.1218 0.9926
vn -0.0073 0.0540 0.9985
vn -0.0066 0.0718 0.9974
vn -0.0023 0.0035 1.0000
vn -0.0021 0.0170 0.9999
vn -0.0024 0.0030 1.0000
vn -0.0019 0.1130 0.9936
vn -0.0098 0.0664 0.9977
vn -0.0061 0.1144 0.9934
vn 0.1104 -0.4955 0.8616
vn -0.0019 0.0435 0.9990
vn -0.1150 -0.4952 0.8612
vn -0.3729 -0.2686 0.8881
vn -0.5245 -0.0267 0.8510
vn -0.5163 0.1337 0.8459
vn -0.3527 0.3751 0.8573
vn -0.1073 0.5709 0.8140
vn 0.1032 0.5712 0.8143
vn 0.3489 0.3757 0.8586
vn 0.5132 0.1342 0.8477
vn 0.5212 -0.0266 0.8530
vn 0.3687 -0.2693 0.8897
vn 0.0405 0.2233 0.9739
vn -0.1492 -0.8083 0.5695
vn 0.1058 0.9463 0.3055
vn 0.1164 0.9214 0.3708
vn 0.0905 0.9727 0.2135
vn 0.0905 0.9728 0.2135
vn 0.1351 0.8577 0.4960
vn 0.1421 0.8234 0.5494
vn 0.1860 0.7623 0.6199
vn 0.2357 0.7128 0.6606
vn 0.3467 0.6014 0.7198
vn 0.4056 0.5370 0.7397
vn 0.4701 0.4564 0.7554
vn 0.4455 0.8801 -0.1641
vn 0.6858 0.6797 0.2602
vn 0.6404 0.7526 0.1534
vn 0.1450 0.2651 0.9533
vn 0.4342 0.0192 0.9006
vn 0.4247 0.0241 0.9050
vn 0.1270 0.2255 0.9659
vn 0.8955 -0.0115 0.4449
vn 0.8449 -0.0490 0.5326
vn 0.2509 0.9287 -0.2730
vn 0.2612 0.9257 -0.2735
vn 0.1355 0.9553 -0.2628
vn 0.1363 0.9551 -0.2630
vn 0.1577 0.3916 0.9065
vn 0.1048 0.5174 0.8493
vn 0.0964 0.5213 0.8479
vn 0.1486 0.4358 0.8877
vn 0.0985 0.9710 -0.2180
vn 0.0980 0.9712 -0.2170
vn 0.0552 0.5180 0.8536
vn 0.0536 0.5160 0.8549
vn 0.1438 0.9710 -0.1910
vn 0.1045 0.9777 -0.1822
vn 0.0412 0.4992 0.8655
vn 0.4220 0.9064 0.0192
vn 0.2288 0.9619 -0.1494
vn 0.9953 -0.0348 0.0905
vn 0.9920 -0.0104 0.1259
vn 0.9954 -0.0359 0.0891
vn 0.9703 0.0725 0.2309
vn 0.5935 0.8048 0.0066
vn 0.5181 0.8541 0.0461
vn 0.6308 0.7758 -0.0142
vn 0.5323 -0.2634 0.8045
vn 0.5323 -0.2633 0.8045
vn 0.9771 -0.2046 0.0589
vn 0.9776 -0.2032 0.0556
vn 0.9712 -0.2319 0.0547
vn 0.9719 -0.2273 0.0608
vn 0.9495 -0.3096 -0.0515
vn 0.3280 -0.4878 0.8090
vn 0.2597 -0.5078 0.8214
vn 0.3594 -0.4776 0.8017
vn 0.6011 -0.4035 0.6898
vn 0.4821 -0.4374 0.7591
vn 0.5079 -0.4292 0.7469
vn 0.6191 -0.4001 0.6758
vn 0.6567 -0.3917 0.6445
vn 0.0739 -0.6307 0.7725
vn -0.1256 -0.4232 0.8973
vn -0.1034 -0.4416 0.8912
vn -0.0093 -0.5150 0.8572
vn -0.0006 -0.5241 0.8516
vn -0.0011 -0.5297 0.8482
vn -0.0012 -0.5282 0.8491
vn -0.0000 -0.5222 0.8528
vn 0.0107 -0.5086 0.8609
vn 0.1014 -0.4424 0.8911
vn 0.0824 -0.4500 0.8892
vn 0.1534 -0.3668 0.9176
vn 0.1535 -0.3668 0.9175
vn 0.0716 0.3310 0.9409
vn 0.0564 0.2744 0.9600
vn 0.0478 0.2427 0.9689
vn 0.0391 0.2100 0.9769
vn 0.3557 0.4659 0.8102
vn -0.0000 0.4872 0.8733
vn -0.0000 -0.2730 0.9620
vn 0.3557 -0.2668 0.8957
vn 0.4368 -0.8933 0.1057
vn 0.4050 -0.8732 0.2712
vn -0.0000 -0.9933 0.1159
vn -0.9325 -0.3586 0.0430
vn -0.8592 -0.3238 0.3962
vn -0.8591 0.4065 0.3110
vn -0.9325 0.3589 -0.0407
vn -0.4368 0.8936 -0.1029
vn -0.4050 0.9122 0.0628
vn -0.0000 0.9933 -0.1159
vn 0.9325 0.3589 -0.0408
vn 0.8590 0.4066 0.3111
vn 0.8591 -0.3239 0.3962
vn 0.9325 -0.3587 0.0430
vn -0.3557 0.4659 0.8102
vn -0.3557 -0.2668 0.8957
vn -0.0000 -0.8733 0.4872
vn -0.1675 -0.8462 0.5059
vn -0.4051 -0.8731 0.2713
vn -0.0000 0.9620 0.2730
vn 0.1675 0.9399 0.2974
vn 0.4050 0.9121 0.0629
vn 0.1675 -0.8462 0.5059
vn -0.1675 0.9399 0.2974
vn -0.4368 -0.8933 0.1057
vn 0.4368 0.8937 -0.1030
vn -0.0040 -0.6191 0.7853
vn -0.7489 0.0844 0.6573
vn -0.7490 0.0844 0.6572
vn -0.7525 0.1365 0.6442
vn -0.7525 0.1363 0.6443
vn -0.7540 0.1880 0.6295
vn -0.7539 0.1880 0.6295
vn 0.5900 0.6996 0.4030
vn 0.6703 0.6016 0.4345
vn 0.6690 0.6034 0.4340
vn 0.7382 0.4951 0.4582
vn 0.7382 0.4951 0.4581
vn -0.0069 0.4381 0.8989
vn -0.0070 0.4381 0.8989
vn -0.0160 0.4392 0.8983
vn -0.0160 0.4392 0.8982
vn -0.0170 -0.3011 0.9534
vn -0.0171 -0.3013 0.9534
vn -0.0074 -0.3013 0.9535
vn -0.0074 -0.3011 0.9536
vn -0.0025 0.4518 0.8921
vn -0.0024 -0.3094 0.9509
vn -0.6601 -0.0939 0.7453
vn -0.6609 0.0810 0.7461
vn -0.6615 -0.0672 0.7469
vn -0.6466 -0.2210 0.7301
vn 0.0001 0.4366 0.8997
vn -0.0022 0.4363 0.8998
vn -0.0022 0.4362 0.8998
vn 0.0001 0.4361 0.8999
vn -0.0000 -0.3022 0.9532
vn -0.0023 -0.3025 0.9532
vn -0.0022 -0.3028 0.9530
vn -0.0000 -0.3023 0.9532
vn 0.7587 -0.0224 0.6510
vn -0.7453 -0.0229 0.6664
vn 0.0406 0.4444 0.8949
vn 0.0227 0.4486 0.8934
vn 0.0225 0.4486 0.8934
vn 0.0443 -0.2988 0.9533
vn 0.0245 -0.3026 0.9528
vn 0.0246 -0.3026 0.9528
vn 0.0444 -0.2989 0.9532
vn 0.7209 0.0917 0.6869
vn 0.7224 -0.0652 0.6884
vn 0.7231 -0.0484 0.6890
vn 0.7111 -0.1878 0.6776
vn 0.6790 0.6188 0.3950
vn 0.6366 0.6103 0.4714
vn 0.6884 0.6202 0.3761
vn 0.7519 0.6534 0.0879
vn 0.7518 0.6532 0.0908
vn 0.7390 0.6365 0.2209
vn 0.7402 0.6379 0.2125
vn -0.8553 0.4002 -0.3291
vn -0.8692 0.3711 -0.3267
vn -0.8784 0.3675 -0.3055
vn -0.8729 0.3759 -0.3109
vn -0.9581 0.2686 -0.0993
vn -0.9585 0.2679 -0.0972
vn -0.9332 0.2933 -0.2078
vn -0.9263 0.3064 -0.2194
vn -0.8997 0.3323 -0.2832
vn 0.0446 0.0265 -0.9987
vn 0.0609 0.0362 -0.9975
vn 0.0384 0.0228 -0.9990
vn 0.0685 0.0407 -0.9968
vn -0.8975 0.3038 -0.3196
vn 0.7024 -0.2037 0.6820
vn 0.7014 -0.1209 0.7024
vn 0.4545 -0.1236 0.8821
vn 0.4562 -0.2018 0.8667
vn 0.3453 -0.2047 0.9159
vn 0.3433 -0.1240 0.9310
vn 0.4531 -0.0441 0.8904
vn 0.6996 -0.0428 0.7133
vn 0.6964 -0.0427 0.7164
vn 0.3406 -0.0455 0.9391
vn 0.9018 -0.2049 0.3804
vn 0.8471 -0.2000 0.4924
vn 0.7325 0.5600 0.3871
vn 0.5098 0.5317 0.6763
vn 0.5656 0.5341 0.6284
vn 0.7470 0.5676 0.3461
vn 0.8388 0.5376 0.0856
vn 0.8434 0.5330 0.0678
vn 0.8585 0.4989 0.1189
vn 0.8641 0.4882 0.1222
vn 0.8535 -0.5006 0.1451
vn 0.8537 -0.4991 0.1487
vn 0.8176 -0.4546 0.3533
vn 0.8160 -0.4540 0.3577
vn 0.1616 -0.2625 0.9513
vn 0.1634 -0.1563 0.9741
vn 0.4982 0.3802 0.7793
vn 0.2977 0.5238 0.7981
vn 0.4115 0.4751 0.7777
vn 0.0062 -0.2755 0.9613
vn 0.0238 -0.3445 0.9385
vn 0.2091 -0.3303 0.9204
vn 0.0489 -0.0298 0.9984
vn 0.0488 -0.0298 0.9984
vn 0.0441 -0.0677 0.9967
vn 0.1286 -0.0756 0.9888
vn 0.3509 0.5211 0.7780
vn 0.3129 0.5257 0.7910
vn 0.3444 0.5441 0.7651
vn 0.7420 0.5548 0.3763
vn 0.7566 0.5592 0.3390
vn 0.7671 0.5993 0.2287
vn 0.5556 0.2955 0.7772
vn 0.5243 0.3143 0.7914
vn 0.5564 0.2951 0.7768
vn 0.5855 0.2230 0.7794
vn 0.5804 0.2594 0.7719
vn 0.6532 0.3117 0.6900
vn 0.7093 0.4346 0.5551
vn 0.1853 0.9825 0.0173
vn 0.1866 0.9823 0.0177
vn 0.1938 0.9735 0.1210
vn 0.1880 0.9703 0.1524
vn 0.1675 0.9527 0.2535
vn 0.0272 -0.1448 0.9891
vn 0.6166 0.2739 0.7381
vn 0.6889 0.2289 0.6877
vn 0.9771 -0.0032 0.2127
vn 0.9758 -0.0227 0.2176
vn 0.9906 0.0484 0.1276
vn 0.4150 -0.3491 0.8402
vn 0.5731 -0.3973 0.7167
vn 0.6608 -0.4075 0.6304
vn 0.3501 -0.3219 0.8797
vn 0.8475 -0.5265 0.0674
vn 0.3536 -0.0578 0.9336
vn 0.3509 -0.0825 0.9328
vn 0.3477 -0.1107 0.9311
vn 0.4741 0.1536 0.8670
vn 0.6744 0.4646 0.5739
vn 0.6057 0.3530 0.7131
vn 0.4107 0.0501 0.9104
vn 0.7360 0.6101 0.2933
vn 0.7341 0.5899 0.3364
vn 0.6271 0.7776 0.0453
vn 0.6284 0.7765 0.0467
vn 0.6555 0.7466 0.1133
vn 0.6547 0.7456 0.1246
vn 0.7163 0.6690 0.1984
vn 0.9281 -0.2985 0.2226
vn 0.9865 -0.1060 0.1246
vn 0.9676 -0.1660 0.1904
vn 0.9900 -0.0182 0.1402
vn 0.9965 0.0080 0.0830
vn 0.9963 -0.0304 0.0807
vn 0.9920 0.0131 0.1257
vn 0.9909 -0.0320 0.1307
vn 0.8969 -0.0332 0.4411
vn 0.8996 -0.0323 0.4355
vn 0.9516 -0.0387 0.3048
vn 0.9533 -0.0149 0.3018
vn 0.9354 -0.2147 0.2811
vn 0.9338 -0.2574 0.2485
vn 0.9356 -0.2509 0.2482
vn 0.9335 -0.2585 0.2486
vn 0.7097 0.6763 0.1972
vn 0.9578 -0.0117 0.2873
vn 0.9544 0.0085 0.2984
vn 0.8537 -0.0424 0.5190
vn 0.9440 -0.0213 0.3292
vn 0.8315 -0.1142 0.5437
vn 0.9238 -0.2837 0.2571
vn 0.9437 -0.1844 0.2746
vn 0.9589 -0.0518 0.2790
vn 0.9932 0.0717 0.0918
vn 0.3685 -0.9228 0.1124
vn 0.3749 -0.9245 0.0684
vn 0.3244 -0.7966 0.5101
vn 0.3216 -0.7783 0.5392
vn 0.6598 -0.0779 -0.7474
vn 0.6633 -0.0620 -0.7458
vn 0.5645 -0.4850 -0.6679
vn 0.5553 -0.5170 -0.6515
vn 0.3011 -0.0565 0.9519
vn 0.3030 -0.0295 0.9525
vn 0.3573 0.3917 0.8479
vn 0.3476 0.3404 0.8737
vn 0.6518 0.6950 -0.3034
vn 0.6555 0.6852 -0.3176
vn 0.7073 0.3583 -0.6093
vn 0.7073 0.3590 -0.6089
vn 0.4460 -0.8335 -0.3262
vn 0.4559 -0.8120 -0.3644
vn 0.4373 0.6948 0.5710
vn 0.4490 0.7202 0.5289
vn 0.5592 0.8243 0.0889
vn 0.5509 0.8256 0.1220
vn 0.2994 -0.4560 0.8381
vn 0.2989 -0.4432 0.8451
vn 0.4192 0.9075 0.0257
vn 0.4207 0.9067 0.0297
vn 0.4234 0.9052 0.0376
vn 0.3990 -0.5364 -0.7437
vn 0.3991 -0.5364 -0.7437
vn 0.3885 -0.5235 -0.7583
vn 0.3835 -0.5173 -0.7650
vn 0.3608 -0.4894 -0.7939
vn 0.3193 -0.9475 0.0152
vn 0.3188 -0.9477 0.0150
vn 0.3674 -0.8363 -0.4070
vn 0.3559 -0.9143 -0.1934
vn 0.2214 0.9663 0.1316
vn 0.1725 0.9485 0.2658
vn 0.1897 0.9503 0.2467
vn 0.2187 0.9688 0.1164
vn 0.0724 0.7520 0.6552
vn 0.2354 0.8508 0.4698
vn 0.1932 0.8301 0.5230
vn 0.1076 0.9444 0.3107
vn 0.1163 0.9535 0.2780
vn 0.1146 0.9530 0.2805
vn 0.1163 0.9426 0.3129
vn 0.2593 0.9233 0.2834
vn 0.1548 0.9570 0.2455
vn 0.1616 0.9562 0.2440
vn 0.2614 0.9223 0.2846
vn 0.0645 -0.0052 0.9979
vn 0.0639 -0.0055 0.9979
vn 0.0696 -0.0028 0.9976
vn 0.0529 -0.0076 0.9986
vn 0.0523 -0.0076 0.9986
vn 0.0461 -0.0073 0.9989
vn 0.1968 0.7237 0.6614
vn 0.2139 0.9065 0.3641
vn 0.2133 0.8919 0.3987
vn 0.9260 0.3592 0.1160
vn 0.9055 0.4045 0.1282
vn 0.9763 0.1838 0.1141
vn 0.9812 0.1566 0.1129
vn -0.0010 0.9983 0.0586
vn 0.0005 0.7652 -0.6438
vn 0.0141 0.3191 0.9476
vn 0.0135 0.3216 0.9468
vn -0.0013 0.3455 0.9384
vn -0.0049 0.3814 0.9244
vn -0.0107 0.1018 0.9947
vn -0.1398 -0.1124 0.9838
vn -0.0806 -0.1294 0.9883
vn -0.2441 -0.1042 0.9641
vn -0.4498 -0.0431 0.8921
vn -0.5993 0.0045 0.8005
vn -0.6780 0.0300 0.7345
vn -0.0645 -0.3622 0.9299
vn -0.0646 -0.3623 0.9298
vn -0.2307 -0.3087 0.9228
vn -0.0995 -0.3378 0.9359
vn -0.2790 -0.2741 0.9203
vn -0.4094 -0.2381 0.8807
vn -0.5399 -0.2081 0.8156
vn -0.5786 -0.1975 0.7913
vn -0.6727 -0.1679 0.7206
vn 0.0029 0.1683 0.9857
vn 0.0215 0.2205 0.9751
vn 0.0217 0.2242 0.9743
vn 0.0067 0.1515 0.9884
vn 0.0022 -0.5021 0.8648
vn 0.0021 -0.5021 0.8648
vn -0.0033 0.0332 0.9994
vn -0.0033 0.0321 0.9995
vn -0.0036 0.0901 0.9959
vn -0.0036 0.0914 0.9958
vn -0.0023 -0.0626 0.9980
vn -0.0021 -0.0656 0.9978
vn -0.0027 -0.0126 0.9999
vn -0.0027 -0.0116 0.9999
vn -0.0019 -0.0991 0.9951
vn -0.0018 -0.0995 0.9950
vn -0.0004 0.7445 0.6676
vn -0.0001 0.8510 0.5252
vn -0.0026 -0.7903 0.6127
vn -0.0026 -0.7902 0.6128
vn -0.0005 0.6019 0.7986
vn 0.0046 0.4527 0.8917
vn 0.0047 -0.3062 0.9519
vn 0.0005 -0.5200 0.8542
vn 0.6971 0.1048 0.7093
vn 0.6971 0.0698 0.7136
vn 0.6971 0.0686 0.7137
vn 0.6972 0.1038 0.7093
vn 0.6996 0.0455 0.7131
vn 0.6901 0.0280 0.7232
vn 0.6889 0.0271 0.7243
vn 0.6998 0.0448 0.7130
vn 0.6990 0.1344 0.7023
vn 0.6988 0.1336 0.7027
vn 0.6775 0.0187 0.7353
vn -0.7412 0.5490 0.3863
vn -0.7100 0.4718 0.5228
vn -0.7092 0.4701 0.5254
vn -0.6391 -0.5960 0.4861
vn -0.6877 -0.4033 0.6037
vn -0.6911 -0.3780 0.6160
vn -0.6574 0.3773 0.6523
vn 0.6998 0.1439 0.6997
vn 0.6994 0.1438 0.7001
vn -0.6644 0.0464 0.7459
vn -0.6147 0.0426 0.7876
vn -0.6621 0.0462 0.7480
vn 0.6843 -0.3012 0.6640
vn -0.7103 -0.0216 0.7035
vn -0.7105 0.0242 0.7033
vn -0.7103 0.0257 0.7034
vn -0.7102 -0.0203 0.7037
vn -0.7034 -0.1233 0.7000
vn -0.7086 -0.0614 0.7029
vn -0.7087 -0.0601 0.7030
vn -0.7038 -0.1193 0.7003
vn 0.6951 0.5281 0.4877
vn 0.7247 0.6027 0.3340
vn 0.6984 0.5350 0.4754
vn 0.6538 -0.5429 0.5271
vn 0.6537 -0.5430 0.5271
vn 0.6477 0.4428 0.6200
vn 0.6477 0.4427 0.6200
vn -0.6162 -0.4243 0.6635
vn -0.7880 -0.0895 0.6092
vn 0.7794 0.0502 0.6245
vn -0.0002 0.9998 0.0215
vn -0.0008 0.9997 0.0249
vn -0.0106 0.8742 0.4854
vn -0.0068 0.8748 0.4844
vn -0.0006 0.9996 0.0279
vn -0.0007 0.9996 0.0279
vn -0.0118 0.8732 0.4872
vn -0.0109 0.8734 0.4869
vn -0.0016 0.9996 0.0278
vn -0.0291 0.8694 0.4933
vn -0.0053 0.9997 0.0257
vn -0.0927 0.8626 0.4974
vn -0.0169 0.9997 0.0165
vn -0.2708 0.8462 0.4589
vn -0.4659 0.8461 0.2589
vn -0.0278 0.9996 0.0018
vn -0.4844 0.8743 0.0316
vn -0.4901 0.8684 0.0748
vn -0.0275 0.9996 0.0042
vn -0.4753 0.8744 0.0978
vn -0.0277 0.9996 0.0057
vn -0.0237 0.9997 0.0068
vn -0.4761 0.8719 0.1146
vn 0.0082 0.9998 0.0193
vn 0.0081 0.9998 0.0192
vn 0.0015 0.9996 0.0296
vn -0.0035 0.8351 0.5500
vn 0.7511 0.6598 0.0239
vn 0.7492 0.6622 0.0129
vn 0.7491 0.6623 0.0127
vn 0.7510 0.6598 0.0239
vn -0.9950 0.0992 0.0074
vn -0.9944 0.1057 -0.0003
vn -0.9944 0.1054 0.0031
vn -0.9941 0.1081 -0.0010
vn -0.9941 0.1086 -0.0011
vn -0.9942 0.1073 0.0001
vn -0.6203 0.7439 0.2488
vn -0.5735 0.8170 0.0593
vn -0.5736 0.8170 0.0593
vn -0.6093 0.7689 0.1938
vn -0.6708 0.5152 0.5334
vn -0.6653 0.5601 0.4937
vn -0.5842 0.8113 0.0229
vn -0.5839 0.8115 0.0231
vn -0.5492 0.8348 0.0398
vn -0.6501 0.3110 0.6933
vn -0.6705 0.3543 0.6518
vn -0.6713 0.3614 0.6471
vn -0.6539 0.3157 0.6876
vn -0.6351 0.2926 0.7149
vn -0.6350 0.2926 0.7149
vn -0.3695 0.9281 -0.0449
vn -0.3954 0.9144 0.0865
vn -0.1615 0.7613 -0.6279
vn -0.4145 0.6247 0.6618
vn -0.9914 0.1309 0.0014
vn -0.9944 0.1059 -0.0010
vn -0.9945 0.1050 -0.0020
vn -0.9965 0.0832 -0.0118
vn -0.9965 0.0833 -0.0118
vn -0.9976 0.0670 -0.0201
vn -0.9960 0.0886 -0.0123
vn -0.9940 0.1092 -0.0048
vn -0.7528 -0.0228 0.6579
vn -0.7455 -0.0438 0.6651
vn -0.8115 0.2282 0.5379
vn -0.8115 0.2274 0.5383
vn -0.8112 0.1979 0.5503
vn -0.8118 0.1733 0.5577
vn -0.8118 0.1737 0.5574
vn -0.7487 0.4365 0.4990
vn -0.7576 0.4115 0.5067
vn -0.3286 0.8606 0.3891
vn -0.3481 0.8517 0.3917
vn 0.2988 0.8772 0.3757
vn 0.2999 0.8768 0.3758
vn 0.7208 0.4686 0.5108
vn 0.7251 0.4581 0.5141
vn 0.8048 0.1872 0.5632
vn 0.8047 0.1874 0.5633
vn 0.7215 -0.0710 0.6888
vn 0.7255 -0.0617 0.6854
vn 0.2919 -0.4812 0.8266
vn 0.2928 -0.4809 0.8265
vn -0.3239 -0.4663 0.8232
vn -0.3334 -0.4622 0.8217
vn -0.5233 0.8521 -0.0062
vn -0.6613 -0.7502 -0.0003
vn -0.6744 -0.6996 -0.2361
vn -0.6743 -0.6992 -0.2373
vn -0.6492 -0.4344 -0.6244
vn -0.6493 -0.4315 -0.6263
vn -0.6086 -0.1927 -0.7697
vn -0.6085 -0.1929 -0.7697
vn -0.6142 0.2059 -0.7618
vn -0.6151 0.1964 -0.7636
vn -0.5733 0.7400 -0.3518
vn -0.5734 0.7381 -0.3555
vn -0.4684 -0.0794 0.8799
vn -0.4819 -0.0782 0.8727
vn -0.8496 -0.0340 0.5263
vn -0.8573 -0.0327 0.5137
vn -0.9628 -0.0086 0.2699
vn -0.9961 -0.0516 0.0714
vn -0.9877 -0.0291 0.1535
vn -0.9874 -0.0277 0.1559
vn -0.9961 -0.0516 0.0711
vn -0.7674 -0.3924 0.5071
vn -0.4246 -0.3467 0.8364
vn -0.7238 -0.3373 0.6020
vn -0.9887 -0.1336 0.0682
vn -0.9886 -0.1336 0.0688
vn -0.9842 -0.1330 0.1168
vn -0.9976 0.0051 0.0696
vn -0.9977 0.0053 0.0682
vn -0.9875 -0.0095 0.1572
vn -0.9793 -0.0193 0.2016
vn -0.9875 -0.0095 0.1570
vn -0.9768 0.0049 0.2141
vn -0.7426 0.6679 0.0486
vn -0.7427 0.6680 0.0472
vn -0.7418 0.6622 0.1058
vn -0.7416 0.6617 0.1102
vn -0.7392 0.6581 0.1431
vn -0.7391 0.6583 0.1431
vn -0.6899 0.0939 0.7178
vn -0.7087 0.2309 0.6666
vn -0.6735 0.0190 0.7389
vn -0.7352 -0.6653 0.1298
vn -0.7299 -0.6645 0.1600
vn -0.7304 -0.6641 0.1600
vn -0.7359 -0.6654 0.1251
vn -0.7440 -0.6660 0.0538
vn -0.7438 -0.6661 0.0562
vn -0.6648 -0.0185 0.7468
vn -0.6739 -0.0541 0.7368
vn -0.6886 -0.1288 0.7136
vn -0.6634 -0.0182 0.7480
vn -0.3132 -0.3628 0.8776
vn -0.3331 -0.3551 0.8735
vn -0.5461 -0.1869 0.8166
vn -0.5150 -0.2178 0.8291
vn -0.6891 -0.0293 0.7241
vn -0.6887 -0.0296 0.7244
vn -0.7271 -0.0234 0.6862
vn -0.7270 -0.0233 0.6862
vn -0.5288 0.1943 0.8262
vn -0.4682 0.2482 0.8481
vn -0.4276 0.4658 0.7747
vn -0.4539 0.4685 0.7580
vn -0.7967 0.4392 0.4152
vn -0.7695 0.4481 0.4551
vn -0.8905 0.3898 0.2347
vn -0.8820 -0.4232 0.2073
vn -0.7968 -0.4558 0.3967
vn -0.7713 -0.4606 0.4393
vn -0.8820 -0.4231 0.2073
vn -0.4586 -0.4344 0.7752
vn -0.4834 -0.4402 0.7567
vn 0.0155 0.0704 -0.9974
vn 0.0138 0.0671 -0.9977
vn 0.0199 0.0684 -0.9975
vn 0.0222 0.0669 -0.9975
vn 0.0247 0.0669 -0.9975
vn 0.0268 0.0693 -0.9972
vn 0.1239 0.0669 -0.9900
vn 0.0558 0.0747 -0.9956
vn 0.1541 0.0665 -0.9858
vn 0.2127 0.0627 -0.9751
vn 0.2128 0.0627 -0.9751
vn 0.9804 0.0583 -0.1880
vn 0.9954 0.0769 -0.0567
vn 0.9895 0.0603 -0.1313
vn 0.9678 0.0418 -0.2483
vn 0.9555 0.0429 -0.2917
vn 0.0171 0.0664 -0.9976
vn 0.0082 0.0678 -0.9977
vn -0.9983 0.0586 0.0009
vn -0.9983 0.0585 0.0006
vn -0.9983 0.0591 0.0022
vn 0.0002 1.0000 0.0005
vn 0.0003 1.0000 0.0009
vn 0.0003 1.0000 0.0006
vn -0.0118 0.5509 0.8345
vn -0.0180 0.5501 0.8349
vn -0.0186 0.5492 0.8355
vn -0.0201 0.5492 0.8354
vn -0.0490 0.5490 0.8344
vn -0.1520 0.5506 0.8208
vn -0.4216 0.5619 0.7117
vn -0.7222 0.5653 0.3987
vn -0.8102 0.5532 0.1939
vn -0.8229 0.5542 0.1248
vn -0.8157 0.5536 0.1678
vn -0.8221 0.5669 0.0531
vn 0.8138 0.5787 -0.0529
vn 0.8138 0.5787 -0.0534
vn 0.8055 0.5797 -0.1230
vn 0.8056 0.5797 -0.1223
vn 0.7982 0.5796 -0.1645
vn 0.7871 0.5808 -0.2075
vn 0.7871 0.5808 -0.2076
vn 0.7742 0.5810 -0.2511
vn 0.5645 0.6234 -0.5411
vn 0.5668 0.6228 -0.5392
vn 0.1808 0.5873 -0.7889
vn 0.1805 0.5873 -0.7890
vn 0.0476 0.5839 -0.8105
vn 0.0474 0.5839 -0.8105
vn 0.0196 0.5836 -0.8118
vn 0.0181 0.5836 -0.8118
vn 0.0173 0.5828 -0.8124
vn 0.0116 0.5819 -0.8132
vn 0.0066 0.5820 -0.8132
vn 0.0066 0.5816 -0.8135
vn -0.8280 0.5603 0.0206
vn -0.8272 0.5618 0.0109
vn 0.8210 0.5709 0.0111
vn 0.8209 0.5710 0.0112
vn 0.8201 0.5719 0.0208
vn 0.8201 0.5718 0.0208
vn -0.0061 0.5517 0.8340
vn -0.0000 -0.3140 0.9494
vn -0.3556 -0.2809 0.8914
vn -0.3088 -0.9508 0.0229
vn -0.3753 -0.9260 0.0404
vn -0.6023 -0.7969 0.0461
vn -0.6009 -0.7967 0.0647
vn -0.8582 -0.0075 -0.5133
vn -0.8251 0.1949 -0.5303
vn -0.8230 0.2031 -0.5305
vn -0.5036 0.2847 0.8157
vn -0.5318 0.1740 0.8288
vn -0.5058 0.2772 0.8169
vn 0.1886 0.6197 0.7618
vn -0.1505 0.5366 0.8303
vn -0.1489 0.5371 0.8303
vn 0.1886 0.6197 0.7619
vn -0.4737 0.5600 -0.6797
vn -0.1449 0.6469 -0.7487
vn -0.4778 0.5584 -0.6782
vn -0.8320 0.1231 -0.5409
vn -0.8300 0.2186 -0.5131
vn -0.8311 0.1997 -0.5191
vn -0.6728 -0.2882 0.6814
vn -0.6425 -0.1878 0.7429
vn -0.6483 -0.2050 0.7333
vn -0.7033 -0.7059 0.0835
vn -0.7050 -0.7076 0.0478
vn -0.7049 -0.7075 0.0500
vn -0.5748 -0.2331 0.7844
vn -0.5383 -0.3365 0.7727
vn -0.4458 0.5055 0.7387
vn -0.4604 -0.5041 0.7306
vn -0.8188 0.3190 -0.4773
vn -0.8060 -0.3669 -0.4645
vn -0.8251 0.1951 -0.5302
vn -0.8230 0.2032 -0.5304
vn -0.5058 0.2773 0.8169
vn -0.7037 -0.2587 0.6618
vn 0.7727 0.3705 0.5155
vn 0.7841 0.3992 0.4752
vn 0.7840 0.3990 0.4756
vn 0.7726 0.3705 0.5155
vn 0.7883 0.4406 0.4295
vn 0.7882 0.4408 0.4295
vn 0.7830 0.4545 0.4247
vn 0.2313 -0.6243 0.7462
vn 0.2313 -0.6243 0.7461
vn 0.2313 -0.6242 0.7462
vn -0.0000 -0.2079 0.9781
vn -0.1463 -0.2057 0.9676
vn -0.1402 -0.3701 0.9183
vn -0.0000 -0.3986 0.9171
vn -0.9765 -0.2056 0.0653
vn -0.9746 -0.2085 0.0819
vn -0.1361 -0.5336 0.8347
vn -0.6274 -0.3193 0.7102
vn -0.6212 -0.4862 0.6146
vn -0.9370 -0.2061 0.2822
vn -0.9281 -0.2963 0.2257
vn 0.9800 0.1957 -0.0348
vn 0.9784 0.1963 -0.0654
vn -0.0000 -0.5386 0.8426
vn -0.9739 -0.1813 0.1366
vn -0.6238 -0.1625 0.7645
vn -0.9518 -0.0627 0.3002
vn 0.9758 0.1967 -0.0960
vn -0.9913 -0.0248 0.1292
vn 0.0044 0.3082 -0.9513
vn 0.0046 0.3084 -0.9513
vn 0.0046 0.3084 -0.9512
vn 0.0045 0.3083 -0.9513
vn 0.4855 0.2507 -0.8375
vn 0.4858 0.2510 -0.8373
vn 0.4861 0.2513 -0.8370
vn 0.4859 0.2510 -0.8372
vn 0.4127 -0.9084 0.0666
vn 0.4126 -0.9085 0.0666
vn 0.3519 0.0696 0.9334
vn 0.3517 0.0696 0.9335
vn 0.3521 0.0695 0.9334
vn 0.3520 0.0696 0.9334
vn 0.3909 0.9203 0.0152
vn 0.3910 0.9203 0.0153
vn 0.3908 0.9204 0.0151
vn 0.3910 0.9202 0.0152
vn 0.4783 0.3068 -0.8229
vn 0.4785 0.3071 -0.8226
vn 0.4785 0.3071 -0.8227
vn 0.4786 0.3072 -0.8226
vn 0.4927 -0.8679 0.0638
vn 0.4926 -0.8679 0.0638
vn 0.3490 0.1120 0.9304
vn 0.3494 0.1119 0.9303
vn 0.3491 0.1120 0.9304
vn 0.3221 0.9464 0.0254
vn 0.3220 0.9464 0.0253
vn 0.3221 0.9464 0.0253
vn 0.3218 0.9465 0.0253
vn 0.4742 0.1691 -0.8640
vn 0.4743 0.1691 -0.8640
vn 0.4743 0.1692 -0.8640
vn 0.4742 0.1690 -0.8640
vn 0.4088 -0.9120 0.0341
vn 0.4089 -0.9119 0.0341
vn 0.3677 0.1156 0.9227
vn 0.3678 0.1156 0.9227
vn 0.3675 0.1157 0.9228
vn 0.3952 0.9181 0.0302
vn 0.3953 0.9181 0.0302
vn 0.3953 0.9181 0.0303
vn 0.4605 0.2209 -0.8597
vn 0.4602 0.2206 -0.8600
vn 0.4600 0.2203 -0.8602
vn 0.4601 0.2205 -0.8600
vn 0.4891 -0.8716 0.0323
vn 0.4890 -0.8717 0.0323
vn 0.4891 -0.8717 0.0323
vn 0.3760 0.1643 0.9119
vn 0.3761 0.1643 0.9119
vn 0.3757 0.1644 0.9120
vn 0.3274 0.9446 0.0223
vn 0.3276 0.9446 0.0224
vn 0.3276 0.9445 0.0224
vn 0.4901 0.2523 -0.8344
vn 0.4899 0.2523 -0.8345
vn 0.4898 0.2522 -0.8346
vn 0.4127 -0.9089 0.0604
vn 0.4125 -0.9089 0.0604
vn 0.4126 -0.9089 0.0604
vn 0.3470 0.0681 0.9354
vn 0.3474 0.0680 0.9352
vn 0.3477 0.0679 0.9351
vn 0.3475 0.0679 0.9352
vn 0.3907 0.9202 0.0247
vn 0.3908 0.9201 0.0248
vn 0.4826 0.3088 -0.8196
vn 0.4827 0.3089 -0.8195
vn 0.4926 -0.8683 0.0586
vn 0.4925 -0.8683 0.0586
vn 0.3445 0.1098 0.9323
vn 0.3449 0.1097 0.9322
vn 0.3448 0.1098 0.9322
vn 0.3218 0.9462 0.0340
vn 0.3214 0.9463 0.0338
vn 0.3217 0.9462 0.0340
vn 0.4707 0.1682 -0.8661
vn 0.4704 0.1679 -0.8664
vn 0.4704 0.1679 -0.8663
vn 0.4704 0.1678 -0.8663
vn 0.4092 -0.9119 0.0306
vn 0.4091 -0.9120 0.0306
vn 0.3718 0.1170 0.9209
vn 0.3719 0.1170 0.9209
vn 0.3720 0.1168 0.9208
vn 0.3715 0.1170 0.9210
vn 0.3951 0.9182 0.0286
vn 0.3952 0.9182 0.0287
vn 0.3954 0.9181 0.0288
vn 0.3954 0.9180 0.0287
vn 0.4569 0.2193 -0.8621
vn 0.4566 0.2190 -0.8623
vn 0.4567 0.2190 -0.8622
vn 0.4567 0.2190 -0.8623
vn 0.4893 -0.8716 0.0285
vn 0.3799 0.1660 0.9100
vn 0.3796 0.1661 0.9101
vn 0.3795 0.1661 0.9102
vn 0.3798 0.1661 0.9100
vn 0.3276 0.9446 0.0212
vn 0.3275 0.9446 0.0212
vn 0.3280 0.9444 0.0214
vn 0.4060 -0.9115 0.0659
vn 0.4059 -0.9115 0.0659
vn 0.4059 -0.9116 0.0659
vn 0.3509 0.1007 0.9310
vn 0.3512 0.1006 0.9309
vn 0.3969 0.9177 0.0160
vn 0.3967 0.9178 0.0159
vn 0.3968 0.9178 0.0160
vn 0.4881 0.2119 -0.8467
vn 0.4882 0.2120 -0.8466
vn 0.4885 0.2122 -0.8463
vn 0.4858 -0.8718 0.0630
vn 0.4857 -0.8718 0.0630
vn 0.3457 0.1412 0.9276
vn 0.3458 0.1412 0.9276
vn 0.3461 0.1412 0.9275
vn 0.3459 0.1412 0.9276
vn 0.3280 0.9443 0.0260
vn 0.3282 0.9443 0.0261
vn 0.3282 0.9443 0.0260
vn 0.3281 0.9443 0.0260
vn 0.4839 0.2694 -0.8326
vn 0.4842 0.2698 -0.8323
vn 0.4845 0.2701 -0.8321
vn 0.4151 -0.9091 0.0345
vn 0.3679 0.1260 0.9213
vn 0.3676 0.1261 0.9214
vn 0.3678 0.1260 0.9213
vn 0.3901 0.9203 0.0298
vn 0.3900 0.9203 0.0298
vn 0.4744 0.1667 -0.8644
vn 0.4742 0.1664 -0.8645
vn 0.4742 0.1664 -0.8646
vn 0.4947 -0.8684 0.0326
vn 0.4946 -0.8685 0.0327
vn 0.4946 -0.8685 0.0326
vn 0.3757 0.1742 0.9102
vn 0.3751 0.1743 0.9104
vn 0.3755 0.1743 0.9103
vn 0.3221 0.9465 0.0217
vn 0.3227 0.9463 0.0220
vn 0.3227 0.9462 0.0220
vn 0.4602 0.2177 -0.8607
vn 0.4604 0.2179 -0.8606
vn 0.4603 0.2178 -0.8606
vn 0.4060 -0.9119 0.0596
vn 0.4059 -0.9120 0.0597
vn 0.4059 -0.9120 0.0596
vn 0.3462 0.0993 0.9329
vn 0.3467 0.0992 0.9327
vn 0.3466 0.0992 0.9328
vn 0.3964 0.9177 0.0255
vn 0.3964 0.9177 0.0254
vn 0.3963 0.9178 0.0254
vn 0.4922 0.2132 -0.8439
vn 0.4923 0.2132 -0.8439
vn 0.4925 0.2135 -0.8437
vn 0.4924 0.2133 -0.8439
vn 0.4858 -0.8721 0.0577
vn 0.4857 -0.8722 0.0578
vn 0.4858 -0.8722 0.0578
vn 0.4858 -0.8722 0.0577
vn 0.3410 0.1393 0.9297
vn 0.3415 0.1392 0.9295
vn 0.3418 0.1391 0.9294
vn 0.3417 0.1392 0.9295
vn 0.3278 0.9441 0.0347
vn 0.3277 0.9441 0.0347
vn 0.4882 0.2715 -0.8294
vn 0.4882 0.2715 -0.8295
vn 0.4885 0.2718 -0.8292
vn 0.4883 0.2715 -0.8294
vn 0.4154 -0.9091 0.0311
vn 0.4154 -0.9091 0.0310
vn 0.3717 0.1274 0.9196
vn 0.3719 0.1274 0.9195
vn 0.3716 0.1275 0.9196
vn 0.3899 0.9204 0.0282
vn 0.3901 0.9203 0.0283
vn 0.3900 0.9204 0.0282
vn 0.3901 0.9204 0.0283
vn 0.4703 0.1652 -0.8669
vn 0.4702 0.1651 -0.8670
vn 0.4702 0.1650 -0.8670
vn 0.4949 -0.8685 0.0288
vn 0.3791 0.1760 0.9085
vn 0.3790 0.1760 0.9085
vn 0.3786 0.1761 0.9086
vn 0.3227 0.9463 0.0209
vn 0.3226 0.9463 0.0209
vn 0.3225 0.9463 0.0209
vn 0.4566 0.2160 -0.8630
vn 0.4567 0.2162 -0.8629
vn 0.4565 0.2159 -0.8632
vn 0.9422 0.3206 0.0978
vn 0.9422 0.3205 0.0978
vn 0.9421 0.3206 0.0979
vn 0.9022 0.4186 0.1039
vn 0.9469 0.3126 0.0756
vn 0.9469 0.3126 0.0757
vn 0.9094 0.4113 0.0618
vn 0.9094 0.4114 0.0618
vn 0.9417 0.3200 0.1038
vn 0.9018 0.4180 0.1100
vn 0.9018 0.4179 0.1100
vn 0.9472 0.3128 0.0700
vn 0.9473 0.3127 0.0700
vn 0.9097 0.4115 0.0565
vn 0.9450 0.3120 0.0984
vn 0.9450 0.3119 0.0984
vn 0.9060 0.4101 0.1044
vn 0.9061 0.4101 0.1044
vn 0.9443 0.3204 0.0754
vn 0.9442 0.3205 0.0755
vn 0.9443 0.3205 0.0754
vn 0.9063 0.4181 0.0616
vn 0.9063 0.4182 0.0616
vn 0.9445 0.3115 0.1043
vn 0.9055 0.4096 0.1105
vn 0.9055 0.4096 0.1104
vn 0.9446 0.3206 0.0698
vn 0.9066 0.4183 0.0563
vn -0.9921 -0.1256 0.0040
vn -0.9810 -0.1917 0.0284
vn -0.9951 -0.0983 0.0081
vn -0.8694 -0.4929 0.0353
vn -0.6873 -0.7235 0.0641
vn -0.9308 -0.3622 0.0491
vn -0.3292 -0.9425 0.0581
vn -0.6682 -0.7425 0.0467
vn -0.0392 -0.9979 0.0512
vn -0.0403 -0.9979 0.0512
vn 0.2569 -0.9657 0.0366
vn 0.6186 -0.7831 0.0647
vn 0.8632 -0.5016 0.0580
vn 0.5897 -0.8071 0.0311
vn 0.9550 -0.2921 0.0517
vn 0.9714 -0.2351 0.0347
vn 0.9883 -0.1527 0.0031
vn -0.2397 -0.9702 0.0343
vn -0.6096 -0.7896 0.0702
vn -0.5430 -0.8390 0.0360
vn -0.8437 -0.5320 0.0712
vn -0.9758 -0.2143 0.0445
vn -0.9523 -0.2984 0.0633
vn -0.9947 -0.1023 0.0064
vn -0.0121 -0.9991 0.0409
vn -0.0110 -0.9991 0.0409
vn 0.2275 -0.9728 0.0435
vn 0.6085 -0.7917 0.0539
vn 0.7319 -0.6804 0.0379
vn 0.4790 -0.8772 0.0341
vn 0.9458 -0.3230 0.0324
vn 0.9640 -0.2637 0.0328
vn 0.8777 -0.4762 0.0528
vn 0.9922 -0.1234 0.0158
vn 0.9845 -0.1753 0.0089
vn -0.0335 -0.9994 -0.0071
vn 0.0013 -1.0000 -0.0004
vn -0.9972 -0.0735 0.0119
vn 0.0011 -1.0000 0.0008
vn 0.0001 -1.0000 0.0008
vn 0.0001 -1.0000 0.0016
vn -0.0002 -1.0000 0.0013
vn -0.0021 -1.0000 0.0008
vn -0.0045 -1.0000 0.0048
vn 0.0034 -1.0000 0.0015
vn -0.0042 -1.0000 0.0058
vn -0.0162 -0.9999 0.0034
vn 0.9903 -0.1389 0.0057
vn -0.9690 -0.2441 0.0374
vn 0.0222 -0.9998 -0.0001
vn 0.0212 -0.9998 -0.0003
vn -0.0805 -0.9966 -0.0174
vn -0.0924 -0.9957 0.0006
vn -0.0925 -0.9957 0.0006
vn -0.0904 -0.9959 0.0018
vn -0.0879 -0.9961 0.0021
vn -0.0868 -0.9962 0.0028
vn -0.0924 -0.9957 0.0046
vn -0.1012 -0.9948 0.0091
vn -0.0018 -0.2666 -0.9638
vn 0.4025 -0.0387 -0.9146
vn 0.2185 -0.3708 -0.9026
vn -0.0157 0.8737 -0.4862
vn 0.1554 0.9462 0.2838
vn 0.2463 0.9404 0.2346
vn 0.0752 0.9025 -0.4241
vn -0.0250 -0.9948 -0.0983
vn 0.3736 -0.8765 -0.3037
vn 0.4331 -0.8704 -0.2343
vn 0.6612 0.4993 -0.5600
vn 0.8607 0.5064 -0.0518
vn 0.9685 -0.1658 -0.1859
vn 0.7949 -0.1437 -0.5894
vn -0.7223 -0.1044 0.6836
vn -0.8922 -0.0025 0.4517
vn -0.7646 0.0012 0.6445
vn -0.8080 -0.0613 0.5859
vn -0.0360 -0.9889 -0.1442
vn 0.5263 -0.8411 -0.1250
vn 0.5388 -0.8096 -0.2329
vn -0.0176 -0.9931 -0.1160
vn 0.9564 0.0230 0.2911
vn 0.8897 0.1202 0.4404
vn 0.6444 0.5291 0.5521
vn 0.3371 0.4884 0.8049
vn 0.3391 0.1567 0.9276
vn -0.9782 0.0046 0.2078
vn -0.9782 0.0045 0.2078
vn 0.7028 -0.4256 -0.5701
vn -0.0016 -0.9957 -0.0927
vn 0.7963 -0.0356 -0.6038
vn -0.0164 0.9973 0.0721
vn -0.0163 0.9973 0.0721
vn 0.8959 -0.4280 -0.1193
vn 0.6142 -0.5450 -0.5706
vn 0.0001 0.3870 -0.9221
vn 0.2740 0.4615 -0.8438
vn -0.0179 -0.8551 -0.5182
vn 0.1203 -0.8805 -0.4584
vn 0.2708 0.9208 -0.2806
vn 0.3678 0.9231 -0.1121
vn -0.9209 0.0001 0.3898
vn -0.8968 -0.0849 0.4343
vn -0.9263 -0.0002 0.3768
vn -0.9262 -0.0001 0.3770
vn -0.9265 -0.0001 0.3763
vn -0.9267 -0.0001 0.3759
vn -0.9309 -0.0000 0.3653
vn -0.9309 -0.0000 0.3652
vn -0.9308 -0.0002 0.3654
vn -0.9308 -0.0003 0.3655
vn -0.8968 -0.0849 0.4342
vn -0.9306 -0.0000 0.3659
vn -0.8081 -0.0613 0.5858
vn -0.9306 0.0001 0.3660
vn -0.9306 0.0001 0.3661
vn -0.9308 -0.0001 0.3654
vn -0.9308 0.0002 0.3656
vn -0.2125 -0.3645 0.9066
vn -0.2105 0.2400 0.9477
vn -0.2121 0.2693 0.9394
vn -0.2150 -0.3969 0.8923
vn -0.2838 0.7731 0.5673
vn -0.2979 0.8169 0.4940
vn -0.3869 0.9143 -0.1199
vn -0.5561 0.6277 -0.5448
vn -0.4848 0.4019 -0.7768
vn -0.4835 -0.4316 -0.7616
vn -0.4888 -0.3870 -0.7818
vn -0.3688 -0.9212 -0.1242
vn -0.3829 -0.8954 -0.2273
vn -0.2688 -0.8070 0.5258
vn -0.2780 -0.8434 0.4597
vn -0.9261 -0.0000 0.3774
vn -0.9260 -0.0003 0.3775
vn -0.9260 -0.0012 0.3775
vn -0.0018 -0.2666 0.9638
vn 0.2185 -0.3708 0.9026
vn 0.4025 -0.0388 0.9146
vn -0.0157 0.8737 0.4862
vn 0.0752 0.9025 0.4241
vn 0.2463 0.9404 -0.2346
vn 0.1554 0.9462 -0.2838
vn -0.0250 -0.9948 0.0983
vn 0.3736 -0.8765 0.3037
vn -0.0179 -0.8551 0.5182
vn 0.6612 0.4993 0.5600
vn 0.7949 -0.1437 0.5894
vn 0.9685 -0.1658 0.1859
vn 0.8607 0.5064 0.0518
vn -0.7646 0.0012 -0.6445
vn -0.8922 -0.0025 -0.4517
vn -0.7223 -0.1044 -0.6836
vn -0.8081 -0.0613 -0.5859
vn -0.0360 -0.9889 0.1442
vn -0.0176 -0.9931 0.1160
vn 0.5388 -0.8096 0.2329
vn 0.5263 -0.8411 0.1250
vn 0.8897 0.1202 -0.4404
vn 0.9564 0.0230 -0.2911
vn 0.6445 0.5291 -0.5521
vn 0.3391 0.1567 -0.9276
vn 0.3371 0.4884 -0.8049
vn -0.9782 0.0045 -0.2078
vn -0.0016 -0.9957 0.0927
vn 0.7028 -0.4256 0.5701
vn 0.7963 -0.0356 0.6038
vn -0.0164 0.9973 -0.0721
vn -0.0163 0.9973 -0.0721
vn 0.8959 -0.4279 0.1193
vn 0.4331 -0.8704 0.2343
vn 0.6142 -0.5450 0.5707
vn 0.0001 0.3870 0.9221
vn 0.2740 0.4615 0.8438
vn 0.1203 -0.8805 0.4584
vn 0.3678 0.9231 0.1121
vn 0.2708 0.9208 0.2806
vn -0.9209 0.0001 -0.3898
vn -0.8967 -0.0850 -0.4343
vn -0.9265 -0.0001 -0.3763
vn -0.9262 -0.0001 -0.3770
vn -0.9267 -0.0001 -0.3758
vn -0.9309 -0.0000 -0.3653
vn -0.9310 -0.0000 -0.3651
vn -0.9308 -0.0002 -0.3655
vn -0.9307 -0.0000 -0.3659
vn -0.8968 -0.0848 -0.4342
vn -0.9306 0.0001 -0.3660
vn -0.8082 -0.0613 -0.5858
vn -0.9306 0.0001 -0.3661
vn -0.9209 0.0001 -0.3897
vn -0.9308 0.0002 -0.3656
vn -0.9308 -0.0001 -0.3654
vn -0.2124 -0.3645 -0.9066
vn -0.2150 -0.3969 -0.8923
vn -0.2121 0.2693 -0.9394
vn -0.2105 0.2400 -0.9477
vn -0.2978 0.8169 -0.4940
vn -0.2837 0.7731 -0.5673
vn -0.5561 0.6277 0.5448
vn -0.3869 0.9143 0.1199
vn -0.4848 0.4019 0.7768
vn -0.4888 -0.3870 0.7818
vn -0.4835 -0.4316 0.7616
vn -0.3829 -0.8954 0.2273
vn -0.3688 -0.9212 0.1242
vn -0.2780 -0.8434 -0.4597
vn -0.2687 -0.8071 -0.5257
vn -0.9260 -0.0003 -0.3775
vn -0.9261 -0.0000 -0.3774
vn -0.9260 -0.0012 -0.3775
vn -0.7242 -0.6895 -0.0104
vn -0.7242 -0.6895 0.0150
vn -0.7242 -0.6895 0.0142
vn -0.7240 -0.6897 -0.0104
vn 0.7241 0.6896 0.0104
vn 0.3426 -0.9394 -0.0131
vn 0.4673 -0.8838 -0.0227
vn 0.3429 -0.9393 -0.0054
vn -0.0321 -0.0383 -0.9988
vn -0.0320 -0.0383 -0.9988
vn -0.0321 -0.0383 -0.9987
vn -0.9165 0.3916 0.0817
vn -0.8207 0.5713 -0.0055
vn -0.9134 0.3918 0.1106
vn 0.0320 0.0383 0.9988
vn 0.0320 0.0384 0.9988
vn -0.7194 -0.6839 0.1215
vn -0.7222 -0.6872 0.0791
vn -0.7220 -0.6870 0.0822
vn 0.7194 0.6839 -0.1215
vn 0.7193 0.6839 -0.1215
vn 0.3427 -0.9394 -0.0140
vn 0.5315 -0.8455 0.0511
vn 0.3425 -0.9394 -0.0174
vn -0.9212 0.3892 -0.0029
vn -0.8586 0.5118 0.0310
vn -0.9204 0.3902 0.0240
vn 0.7238 0.6888 -0.0396
vn 0.7224 0.6872 -0.0767
vn 0.7226 0.6874 -0.0725
vn 0.0320 0.0384 0.9987
vn 0.6880 -0.7173 0.1103
vn 0.6874 -0.7252 -0.0400
vn -0.0321 -0.0384 -0.9987
vn -0.8206 0.5715 -0.0055
vn -0.8585 0.5119 0.0310
vn -0.6873 0.7252 0.0400
vn -0.6899 0.7189 -0.0853
vn -0.7203 -0.6850 0.1093
vn -0.6899 0.7189 -0.0854
vn -0.6811 0.7004 -0.2133
vn 0.7203 0.6850 -0.1093
vn 0.6891 -0.7162 0.1105
vn 0.5316 -0.8454 0.0513
vn 0.6746 -0.6899 0.2627
vn -0.6236 -0.7374 -0.2594
vn -0.6345 -0.7465 -0.2004
vn -0.6360 -0.7469 -0.1943
vn 0.6235 0.7374 0.2598
vn 0.6358 0.7470 0.1945
vn 0.6348 0.7461 0.2009
vn 0.4245 -0.9025 0.0723
vn 0.4248 -0.9027 0.0689
vn 0.4241 -0.9016 0.0849
vn 0.4243 -0.9015 0.0849
vn 0.0442 -0.0295 -0.9986
vn 0.0441 -0.0295 -0.9986
vn -0.9439 0.3029 -0.1314
vn -0.8542 0.4875 -0.1807
vn -0.9467 0.3024 -0.1112
vn -0.9467 0.3023 -0.1112
vn -0.0443 0.0295 0.9986
vn -0.0442 0.0294 0.9986
vn -0.0443 0.0296 0.9986
vn -0.6528 -0.7531 -0.0821
vn -0.6500 -0.7537 -0.0973
vn -0.6501 -0.7537 -0.0968
vn 0.6529 0.7530 0.0819
vn 0.6530 0.7529 0.0820
vn 0.6529 0.7530 0.0820
vn 0.4266 -0.9033 0.0459
vn 0.5908 -0.7913 0.1572
vn 0.4253 -0.9034 0.0536
vn -0.9402 0.3018 -0.1576
vn -0.9268 0.2948 -0.2325
vn -0.9290 0.2957 -0.2226
vn -0.8930 0.4257 -0.1461
vn -0.6460 -0.7533 -0.1233
vn -0.6460 -0.7533 -0.1235
vn 0.6474 0.7539 0.1119
vn 0.6461 0.7601 0.0688
vn 0.6464 0.7594 0.0745
vn 0.4248 -0.9034 0.0587
vn 0.5394 -0.8383 0.0789
vn -0.1351 0.0392 0.9901
vn 0.7226 -0.6431 0.2534
vn 0.7446 -0.6574 0.1154
vn 0.2692 -0.2270 -0.9359
vn 0.2693 -0.2270 -0.9359
vn 0.2692 -0.2271 -0.9359
vn -0.8542 0.4876 -0.1807
vn -0.8929 0.4259 -0.1461
vn -0.7446 0.6574 -0.1154
vn -0.7286 0.6472 -0.2242
vn -0.6441 -0.7643 -0.0315
vn -0.7044 0.6294 -0.3282
vn -0.7044 0.6293 -0.3282
vn 0.6464 0.7594 0.0744
vn 0.6441 0.7643 0.0315
vn 0.7226 -0.6431 0.2536
vn 0.5909 -0.7913 0.1572
vn 0.6872 -0.6167 0.3839
vn 0.6872 -0.6168 0.3839
vn 0.6445 0.7526 0.1350
vn -0.9124 0.2885 -0.2903
vn -0.9124 0.2886 -0.2903
vn 0.3531 0.1795 0.9182
vn 0.3763 0.2045 0.9036
vn 0.3093 0.0966 0.9460
vn 0.2370 -0.0404 0.9707
vn 0.3829 0.2115 0.8992
vn 0.3829 0.2115 0.8993
vn 0.1677 -0.1163 0.9790
vn 0.1891 -0.1034 0.9765
vn 0.1351 -0.1357 0.9815
vn 0.6448 0.1712 0.7449
vn 0.0359 -0.1644 0.9857
vn 0.5593 0.4130 0.7188
vn 0.7128 -0.1870 0.6759
vn 0.0847 -0.3148 0.9454
vn 0.7438 -0.2159 0.6326
vn 0.0947 -0.4645 0.8805
vn 0.7783 -0.2314 0.5837
vn 0.7034 -0.4558 0.5453
vn 0.4791 -0.7342 0.4811
vn -0.6147 0.1355 0.7770
vn -0.5375 0.3668 0.7593
vn -0.6523 -0.1840 0.7353
vn -0.6355 -0.2221 0.7395
vn -0.6096 -0.2743 0.7437
vn -0.5080 -0.4946 0.7052
vn -0.3943 -0.6773 0.6211
vn 0.2621 -0.6473 0.7157
vn -0.1366 -0.8984 0.4173
vn 0.2711 -0.6059 0.7479
vn 0.1829 -0.7980 0.5743
vn -0.5129 -0.8351 0.1988
vn -0.5013 -0.8441 0.1902
vn -0.6184 -0.6272 0.4735
vn -0.6217 -0.6075 0.4944
vn -0.4222 -0.8837 0.2021
vn -0.5586 -0.2984 0.7739
vn -0.5666 -0.3085 0.7641
vn -0.4551 -0.1727 0.8736
vn -0.2208 -0.9080 0.3561
vn 0.0199 0.9998 0.0003
vn 0.0211 0.9998 -0.0000
vn 0.0221 0.9998 -0.0000
vn 0.3979 0.8721 0.2848
vn 0.0230 0.9997 0.0022
vn 0.0218 0.9998 -0.0000
vn 0.0199 0.9998 0.0002
vn -0.1316 0.9913 -0.0000
vn -0.1376 0.9905 -0.0000
vn -0.3152 0.9490 0.0021
vn -0.1971 0.9804 -0.0000
vn -0.1929 0.9812 0.0021
vn 0.0170 0.9999 -0.0000
vn 0.0216 0.9997 -0.0080
vn -0.1223 0.9925 0.0013
vn -0.1158 0.9933 -0.0000
vn -0.1209 0.9927 -0.0016
vn -0.2005 0.9797 -0.0012
vn -0.1163 0.9932 -0.0040
vn -0.0207 -0.9989 0.0432
vn -0.0483 -0.9988 -0.0000
vn -0.0311 -0.9995 -0.0000
vn -0.0331 -0.9977 0.0593
vn -0.0270 -0.9996 -0.0000
vn -0.0412 -0.9969 0.0664
vn -0.0149 -0.9975 0.0685
vn -0.0183 -0.9974 0.0702
vn 0.0076 -0.9981 0.0617
vn -0.0041 -0.9972 0.0748
vn -0.0416 -0.9989 0.0225
vn -0.0282 -0.9992 0.0267
vn 0.0524 -0.9611 0.2711
vn -0.0882 -0.9348 0.3441
vn -0.1204 -0.9144 0.3865
vn -0.0063 -0.9995 0.0317
vn -0.1031 -0.9947 -0.0000
vn 0.0259 0.9996 -0.0118
vn 0.0207 -0.9998 -0.0000
vn 0.0971 -0.9953 -0.0000
vn 0.2216 -0.9176 0.3299
vn 0.2102 -0.8158 0.5388
vn 0.4606 -0.7926 0.3996
vn 0.5327 -0.2225 0.8165
vn 0.2216 -0.9177 0.3299
vn -0.1742 -0.3550 0.9185
vn -0.2072 -0.2444 0.9473
vn -0.2313 -0.1543 0.9606
vn 0.3979 0.8721 0.2849
vn 0.2496 0.5810 0.7747
vn 0.5750 0.7285 0.3724
vn 0.4607 -0.7925 0.3995
vn 0.6085 -0.7399 0.2868
vn 0.9844 -0.0225 0.1745
vn 0.9609 -0.1483 0.2338
vn 0.9892 0.0716 0.1277
vn 0.6986 0.7134 0.0551
vn 0.3869 0.9221 0.0002
vn 0.3947 0.9186 0.0182
vn 0.3163 -0.9487 0.0017
vn 0.3163 -0.9486 0.0017
vn 0.3084 -0.9512 0.0006
vn 0.3531 0.1795 -0.9182
vn 0.2370 -0.0404 -0.9707
vn 0.3093 0.0966 -0.9460
vn 0.3763 0.2045 -0.9036
vn 0.3829 0.2115 -0.8992
vn 0.3829 0.2115 -0.8993
vn 0.1677 -0.1163 -0.9790
vn 0.1351 -0.1357 -0.9815
vn 0.1891 -0.1034 -0.9765
vn 0.6448 0.1712 -0.7449
vn 0.5593 0.4130 -0.7188
vn 0.0359 -0.1644 -0.9857
vn 0.7129 -0.1870 -0.6759
vn 0.0847 -0.3148 -0.9454
vn 0.7438 -0.2159 -0.6326
vn 0.0947 -0.4645 -0.8805
vn 0.7783 -0.2314 -0.5837
vn 0.7034 -0.4558 -0.5453
vn 0.4791 -0.7342 -0.4811
vn -0.5375 0.3668 -0.7593
vn -0.6147 0.1355 -0.7770
vn -0.6523 -0.1840 -0.7353
vn -0.6355 -0.2221 -0.7395
vn -0.6096 -0.2743 -0.7437
vn -0.5080 -0.4946 -0.7052
vn -0.3943 -0.6773 -0.6211
vn 0.2621 -0.6473 -0.7157
vn 0.2711 -0.6059 -0.7479
vn -0.1366 -0.8984 -0.4173
vn 0.1829 -0.7980 -0.5742
vn -0.6184 -0.6272 -0.4735
vn -0.5013 -0.8441 -0.1902
vn -0.5129 -0.8351 -0.1988
vn -0.6217 -0.6075 -0.4944
vn -0.4222 -0.8837 -0.2021
vn -0.5586 -0.2984 -0.7739
vn -0.4551 -0.1727 -0.8736
vn -0.5666 -0.3085 -0.7641
vn -0.2208 -0.9080 -0.3561
vn 0.0204 0.9998 -0.0001
vn 0.3979 0.8721 -0.2848
vn 0.0230 0.9997 -0.0022
vn 0.0199 0.9998 -0.0002
vn -0.3152 0.9490 -0.0021
vn -0.1929 0.9812 -0.0021
vn 0.0216 0.9997 0.0081
vn -0.1223 0.9925 -0.0013
vn -0.1210 0.9927 0.0016
vn -0.2005 0.9797 0.0013
vn -0.1163 0.9932 0.0040
vn -0.0207 -0.9989 -0.0432
vn -0.0331 -0.9977 -0.0593
vn -0.0412 -0.9969 -0.0664
vn -0.0149 -0.9975 -0.0685
vn -0.0183 -0.9974 -0.0702
vn 0.0076 -0.9981 -0.0617
vn -0.0041 -0.9972 -0.0748
vn -0.0416 -0.9989 -0.0225
vn -0.0282 -0.9992 -0.0267
vn 0.0524 -0.9611 -0.2711
vn -0.0882 -0.9348 -0.3441
vn -0.1204 -0.9144 -0.3865
vn -0.0063 -0.9995 -0.0317
vn 0.0259 0.9996 0.0118
vn 0.2215 -0.9177 -0.3299
vn 0.2102 -0.8158 -0.5388
vn 0.4606 -0.7926 -0.3996
vn -0.1742 -0.3550 -0.9185
vn 0.2215 -0.9176 -0.3300
vn 0.5327 -0.2225 -0.8165
vn -0.2072 -0.2444 -0.9473
vn -0.2313 -0.1543 -0.9606
vn 0.2496 0.5810 -0.7747
vn 0.5750 0.7285 -0.3724
vn 0.4607 -0.7925 -0.3995
vn 0.6085 -0.7399 -0.2868
vn 0.9609 -0.1483 -0.2338
vn 0.9844 -0.0225 -0.1745
vn 0.9892 0.0716 -0.1277
vn 0.6986 0.7134 -0.0551
vn 0.3869 0.9221 -0.0002
vn 0.3947 0.9187 -0.0182
vn 0.3163 -0.9487 -0.0017
vn 0.3163 -0.9486 -0.0017
vn 0.3084 -0.9512 -0.0006
vn 0.4293 0.3558 0.8301
vn 0.4717 0.6256 0.6214
vn 0.4687 0.5876 0.6596
vn 0.4709 0.8621 0.1874
vn 0.4711 0.8580 0.2048
vn 0.4709 0.8621 -0.1874
vn 0.4711 0.8580 -0.2048
vn 0.4717 0.6256 -0.6214
vn 0.4687 0.5876 -0.6596
vn 0.4293 0.3558 -0.8301
vn -0.9659 0.2588 -0.0000
vn 0.9659 -0.2588 -0.0000
vn -0.5736 0.8191 -0.0000
vn -0.5839 0.7970 0.1545
vn -0.4226 -0.9063 -0.0000
vn -0.4019 -0.8619 -0.3090
vn 0.9962 0.0872 -0.0000
vn 0.9859 0.0650 0.1545
vn -0.6139 0.7326 0.2939
vn -0.3419 -0.7332 -0.5878
vn 0.9558 0.0006 0.2939
vn -0.6607 0.6324 0.4045
vn -0.2484 -0.5327 -0.8090
vn 0.9091 -0.0997 0.4045
vn 0.9091 -0.0996 0.4045
vn -0.7196 0.5060 0.4755
vn -0.1306 -0.2801 -0.9511
vn 0.8502 -0.2259 0.4756
vn 0.8502 -0.2259 0.4755
vn -0.7491 0.4364 0.4984
vn -0.0661 -0.1418 -0.9877
vn 0.8158 -0.2933 0.4984
vn -0.7491 0.4364 -0.4984
vn -0.7196 0.5060 -0.4755
vn -0.0661 -0.1418 0.9877
vn -0.1306 -0.2801 0.9511
vn 0.8158 -0.2933 -0.4985
vn 0.8502 -0.2260 -0.4755
vn -0.6607 0.6324 -0.4045
vn -0.2484 -0.5327 0.8090
vn 0.9091 -0.0996 -0.4045
vn -0.6139 0.7326 -0.2939
vn -0.3419 -0.7332 0.5878
vn 0.9558 0.0006 -0.2939
vn -0.5839 0.7970 -0.1545
vn -0.4019 -0.8620 0.3090
vn -0.4019 -0.8619 0.3090
vn 0.9859 0.0650 -0.1545
vn 0.9848 0.1736 -0.0000
vn -0.9848 -0.1736 -0.0000
vn -0.9848 -0.1737 -0.0000
vn -0.0553 0.3137 0.9479
vn -0.1736 0.9848 -0.0000
vn -0.0553 0.3137 -0.9479
vn -0.1634 0.9269 0.3378
vn -0.1634 0.9269 0.3377
vn -0.1634 0.9269 -0.3378
vn -0.1634 0.9269 -0.3377
vn 0.9848 0.1737 -0.0000
vn -0.0766 0.4343 -0.8975
vn -0.1490 0.8449 -0.5137
vn -0.1737 0.9848 -0.0000
vn -0.0649 0.3678 -0.9277
vn -0.0649 0.3678 0.9276
vn -0.0649 0.3678 0.9277
vn -0.1619 0.9182 -0.3615
vn -0.1619 0.9182 0.3615
vn -0.0766 0.4343 0.8975
vn -0.1490 0.8449 0.5137
vn 1.0000 -0.0000 -0.0000
vn -1.0000 -0.0000 -0.0000
vn -0.0000 0.2069 0.9784
vn -0.0000 0.2069 -0.9784
vn 0.9998 -0.0190 -0.0000
vn -0.9756 0.2198 -0.0000
vn 0.5261 -0.8504 -0.0000
vn -0.0000 -0.9070 0.4212
vn -0.9163 -0.4004 -0.0000
vn -0.6794 -0.7338 -0.0000
vn -0.9924 -0.1230 -0.0000
vn 0.9924 -0.1230 -0.0000
vn 0.6794 -0.7338 -0.0000
vn 0.9163 -0.4004 -0.0000
vn -0.0000 -0.8533 0.5215
vn -0.9506 -0.3105 -0.0000
vn -0.8071 -0.5904 -0.0000
vn -0.9946 -0.1038 -0.0000
vn 0.9946 -0.1038 -0.0000
vn 0.8071 -0.5904 -0.0000
vn 0.9506 -0.3105 -0.0000
vn -0.0000 -0.9070 -0.4212
vn -0.0000 -0.8533 -0.5215
vn -0.1666 0.0932 0.9816
vn -0.1751 0.6545 0.7355
vn -0.1729 0.6897 0.7031
vn -0.1700 0.1458 0.9746
vn -0.1175 0.9703 0.2113
vn -0.1144 0.9751 0.1899
vn -0.1174 0.9704 0.2111
vn -0.0153 0.9189 -0.3942
vn -0.0180 0.9246 -0.3804
vn -0.1144 0.9751 0.1898
vn 0.0924 0.5197 -0.8493
vn 0.0856 0.5564 -0.8265
vn 0.1654 -0.0752 -0.9834
vn 0.1614 -0.0219 -0.9867
vn 0.1764 -0.6448 -0.7437
vn 0.1779 -0.6107 -0.7716
vn 0.1192 -0.9697 -0.2133
vn 0.1218 -0.9651 -0.2320
vn 0.0150 -0.9153 0.4026
vn 0.0127 -0.9101 0.4141
vn -0.0945 -0.5053 0.8578
vn -0.1006 -0.4706 0.8766
vn -0.9138 -0.3905 -0.1119
vn -0.9138 -0.3904 -0.1118
vn -0.9137 -0.3907 -0.1119
vn -0.9138 -0.3906 -0.1118
vn -0.9138 -0.3906 -0.1117
vn -0.9138 -0.3905 -0.1117
vn -0.9138 -0.3905 -0.1118
vn -0.9139 -0.3903 -0.1116
vn -0.9137 -0.3906 -0.1119
vn -0.9137 -0.3906 -0.1118
vn -0.9138 -0.3903 -0.1120
vn -0.9138 -0.3904 -0.1119
vn 0.1261 -0.1604 -0.9790
vn 0.1307 -0.6967 -0.7053
vn -0.9831 -0.0904 -0.1594
vn 0.0733 -0.9782 -0.1945
vn -0.0229 -0.9279 0.3721
vn -0.1274 -0.5655 0.8148
vn -0.2059 0.0037 0.9786
vn -0.2270 0.5923 0.7731
vn -0.1733 0.9573 0.2312
vn -0.0616 0.9021 -0.4271
vn -0.0616 0.9021 -0.4272
vn 0.0550 0.4541 -0.8893
vn -0.1666 0.0933 -0.9816
vn -0.1700 0.1458 -0.9746
vn -0.1729 0.6897 -0.7031
vn -0.1752 0.6546 -0.7354
vn -0.1144 0.9751 -0.1899
vn -0.1175 0.9703 -0.2114
vn -0.1174 0.9704 -0.2111
vn -0.1144 0.9751 -0.1898
vn -0.0180 0.9246 0.3804
vn -0.0152 0.9189 0.3942
vn 0.0856 0.5564 0.8265
vn 0.0924 0.5197 0.8493
vn 0.1614 -0.0221 0.9866
vn 0.1654 -0.0752 0.9833
vn 0.1779 -0.6106 0.7717
vn 0.1764 -0.6448 0.7437
vn 0.1218 -0.9651 0.2319
vn 0.1192 -0.9697 0.2132
vn 0.0127 -0.9102 -0.4141
vn 0.0149 -0.9153 -0.4025
vn -0.1006 -0.4708 -0.8765
vn -0.0945 -0.5053 -0.8578
vn -0.9138 -0.3905 0.1119
vn -0.9138 -0.3904 0.1118
vn -0.9137 -0.3907 0.1119
vn -0.9138 -0.3906 0.1117
vn -0.9138 -0.3906 0.1118
vn -0.9138 -0.3905 0.1117
vn -0.9138 -0.3905 0.1118
vn -0.9139 -0.3903 0.1116
vn -0.9138 -0.3903 0.1119
vn -0.9137 -0.3906 0.1119
vn -0.9138 -0.3903 0.1120
vn -0.9138 -0.3903 0.1121
vn -0.9138 -0.3904 0.1119
vn 0.1261 -0.1604 0.9790
vn -0.9831 -0.0903 0.1590
vn 0.1307 -0.6967 0.7053
vn 0.0733 -0.9782 0.1945
vn -0.0229 -0.9279 -0.3721
vn -0.1274 -0.5655 -0.8148
vn -0.2059 0.0036 -0.9786
vn -0.2270 0.5923 -0.7731
vn -0.1733 0.9573 -0.2312
vn -0.0601 0.9024 0.4268
vn -0.0616 0.9021 0.4272
vn 0.0550 0.4541 0.8893
vn 0.9910 0.0920 -0.0971
vn 0.9956 0.0940 -0.0000
vn 0.9910 0.0920 0.0971
vn 0.2658 0.5319 -0.8040
vn -0.0015 1.0000 -0.0000
vn -0.0012 1.0000 -0.0000
vn -0.0014 1.0000 -0.0000
vn 0.0123 0.0616 0.9980
vn 0.0123 0.0616 -0.9980
vn 0.0391 0.0641 -0.9972
vn -0.2889 -0.1668 -0.9427
vn -0.3336 -0.0000 -0.9427
vn -0.2889 0.1668 -0.9427
vn -0.1668 0.2889 -0.9427
vn -0.0000 0.3336 -0.9427
vn 0.1668 0.2889 -0.9427
vn 0.2889 0.1668 -0.9427
vn 0.3336 -0.0000 -0.9427
vn 0.2889 -0.1668 -0.9427
vn 0.1668 -0.2889 -0.9427
vn -0.0000 -0.3336 -0.9427
vn -0.1668 -0.2889 -0.9427
vn 0.3246 -0.0870 -0.9419
vn 0.2376 -0.2376 -0.9419
vn 0.0870 -0.3246 -0.9419
vn -0.0870 -0.3246 -0.9419
vn -0.2376 -0.2376 -0.9419
vn -0.3246 -0.0870 -0.9419
vn -0.3246 0.0870 -0.9419
vn -0.2376 0.2376 -0.9419
vn -0.0870 0.3246 -0.9419
vn 0.0870 0.3246 -0.9419
vn 0.2376 0.2376 -0.9419
vn 0.3246 0.0870 -0.9419
vn -0.0536 -0.0299 -0.9981
vn -0.0264 -0.0040 -0.9996
vn -0.0347 0.0043 -0.9994
vn -0.0527 0.0314 -0.9981
vn -0.0167 0.0209 -0.9996
vn -0.0136 0.0322 -0.9994
vn 0.0008 0.0613 -0.9981
vn 0.0097 0.0249 -0.9996
vn 0.0211 0.0279 -0.9994
vn 0.0535 0.0299 -0.9981
vn 0.0264 0.0040 -0.9996
vn 0.0347 -0.0043 -0.9994
vn 0.0527 -0.0314 -0.9981
vn 0.0167 -0.0209 -0.9996
vn 0.0136 -0.0322 -0.9994
vn -0.0008 -0.0613 -0.9981
vn -0.0097 -0.0249 -0.9996
vn -0.0211 -0.0279 -0.9994
vn -0.0136 -0.0322 -0.9994
vn -0.0167 -0.0209 -0.9996
vn -0.0527 -0.0314 -0.9981
vn -0.0347 -0.0043 -0.9994
vn -0.0264 0.0040 -0.9996
vn -0.0535 0.0300 -0.9981
vn -0.0214 0.0278 -0.9994
vn -0.0097 0.0249 -0.9996
vn -0.0009 0.0613 -0.9981
vn 0.0136 0.0322 -0.9994
vn 0.0167 0.0209 -0.9996
vn 0.0527 0.0314 -0.9981
vn 0.0347 0.0043 -0.9994
vn 0.0264 -0.0040 -0.9996
vn 0.0536 -0.0299 -0.9981
vn 0.0211 -0.0279 -0.9994
vn 0.0097 -0.0249 -0.9996
vn 0.0008 -0.0613 -0.9981
vn 0.4663 0.8488 -0.2494
vn -0.5019 -0.8282 -0.2494
vn -0.5019 0.8282 -0.2494
vn 0.4663 -0.8487 -0.2494
vn -0.9682 -0.0206 -0.2494
vn 0.9682 -0.0206 -0.2494
vn -0.4663 -0.8487 -0.2494
vn 0.5019 0.8282 -0.2494
vn 0.5019 -0.8282 -0.2494
vn -0.4663 0.8488 -0.2494
vn -0.9682 0.0206 -0.2494
vn 0.9682 0.0206 -0.2494
vn -0.5228 -0.0000 -0.8525
vn -0.4972 0.1615 -0.8525
vn -0.4229 0.3073 -0.8525
vn -0.3073 0.4229 -0.8525
vn -0.1616 0.4972 -0.8525
vn -0.0000 0.5227 -0.8525
vn 0.1616 0.4972 -0.8525
vn 0.3073 0.4229 -0.8525
vn 0.4229 0.3073 -0.8525
vn 0.4972 0.1615 -0.8525
vn 0.5228 -0.0000 -0.8525
vn 0.4972 -0.1615 -0.8525
vn 0.4229 -0.3073 -0.8525
vn 0.3073 -0.4229 -0.8525
vn 0.1615 -0.4972 -0.8525
vn -0.0000 -0.5228 -0.8525
vn -0.1615 -0.4972 -0.8525
vn -0.3073 -0.4229 -0.8525
vn -0.4229 -0.3073 -0.8525
vn -0.4972 -0.1615 -0.8525
vn 0.9560 -0.0000 -0.2932
vn 0.9093 -0.2954 -0.2932
vn 0.9092 -0.2954 -0.2932
vn 0.7735 -0.5619 -0.2932
vn 0.5619 -0.7735 -0.2932
vn 0.5620 -0.7734 -0.2932
vn 0.2954 -0.9092 -0.2932
vn -0.0000 -0.9560 -0.2932
vn -0.2954 -0.9092 -0.2932
vn -0.5619 -0.7735 -0.2932
vn -0.7735 -0.5619 -0.2932
vn -0.9092 -0.2954 -0.2932
vn -0.9560 -0.0000 -0.2932
vn -0.9092 0.2954 -0.2932
vn -0.7735 0.5619 -0.2932
vn -0.5619 0.7735 -0.2932
vn -0.2954 0.9092 -0.2932
vn -0.0000 0.9560 -0.2932
vn 0.2954 0.9092 -0.2932
vn 0.2954 0.9093 -0.2932
vn 0.5619 0.7735 -0.2932
vn 0.7735 0.5619 -0.2932
vn 0.7734 0.5619 -0.2932
vn 0.9092 0.2954 -0.2932
vn 0.5227 -0.0000 0.8525
vn 0.4972 0.1615 0.8525
vn 0.4229 0.3073 0.8525
vn 0.3073 0.4229 0.8525
vn 0.1615 0.4971 0.8525
vn -0.0000 0.5228 0.8525
vn -0.1615 0.4972 0.8525
vn -0.3073 0.4229 0.8525
vn -0.4229 0.3073 0.8525
vn -0.4972 0.1615 0.8525
vn -0.5228 -0.0000 0.8525
vn -0.4971 -0.1615 0.8525
vn -0.4229 -0.3073 0.8525
vn -0.3073 -0.4229 0.8525
vn -0.1615 -0.4971 0.8525
vn -0.0000 -0.5228 0.8525
vn 0.1615 -0.4971 0.8525
vn 0.3073 -0.4229 0.8525
vn 0.4229 -0.3073 0.8525
vn 0.4971 -0.1615 0.8525
vn -0.9922 -0.0000 0.1247
vn -0.9436 -0.3066 0.1247
vn -0.8027 -0.5832 0.1247
vn -0.5832 -0.8027 0.1247
vn -0.3066 -0.9436 0.1247
vn -0.0000 -0.9922 0.1247
vn 0.3066 -0.9436 0.1247
vn 0.5832 -0.8027 0.1247
vn 0.8027 -0.5832 0.1247
vn 0.9436 -0.3066 0.1247
vn 0.9922 -0.0000 0.1247
vn 0.9436 0.3066 0.1247
vn 0.8027 0.5832 0.1247
vn 0.5832 0.8027 0.1247
vn 0.3066 0.9436 0.1247
vn -0.0000 0.9922 0.1247
vn -0.3066 0.9436 0.1247
vn -0.5832 0.8027 0.1247
vn -0.8027 0.5832 0.1247
vn -0.9436 0.3066 0.1247
vn -0.6061 0.1969 -0.7706
vn -0.0711 0.0231 -0.9972
vn -0.0748 -0.0000 -0.9972
vn -0.6373 -0.0000 -0.7707
vn -0.5156 0.3746 -0.7706
vn -0.0605 0.0440 -0.9972
vn -0.3746 0.5156 -0.7706
vn -0.0440 0.0605 -0.9972
vn -0.1969 0.6061 -0.7706
vn -0.0231 0.0711 -0.9972
vn -0.0000 0.6373 -0.7707
vn -0.0000 0.0748 -0.9972
vn 0.1969 0.6061 -0.7706
vn 0.0231 0.0711 -0.9972
vn 0.3746 0.5156 -0.7706
vn 0.0440 0.0605 -0.9972
vn 0.5156 0.3746 -0.7706
vn 0.0605 0.0440 -0.9972
vn 0.6061 0.1969 -0.7706
vn 0.0711 0.0231 -0.9972
vn 0.6373 -0.0000 -0.7706
vn 0.0748 -0.0000 -0.9972
vn 0.6061 -0.1969 -0.7706
vn 0.0711 -0.0231 -0.9972
vn 0.5156 -0.3746 -0.7706
vn 0.0605 -0.0439 -0.9972
vn 0.3746 -0.5156 -0.7706
vn 0.0440 -0.0605 -0.9972
vn 0.1969 -0.6061 -0.7706
vn 0.0231 -0.0711 -0.9972
vn -0.0000 -0.6373 -0.7706
vn -0.0000 -0.0748 -0.9972
vn -0.1969 -0.6061 -0.7706
vn -0.0231 -0.0711 -0.9972
vn -0.3746 -0.5156 -0.7706
vn -0.0440 -0.0605 -0.9972
vn -0.5156 -0.3746 -0.7706
vn -0.0605 -0.0440 -0.9972
vn -0.6061 -0.1969 -0.7706
vn -0.0711 -0.0231 -0.9972
vn -0.9726 -0.0000 -0.2324
vn -0.9250 0.3006 -0.2323
vn -0.7869 0.5717 -0.2323
vn -0.5717 0.7869 -0.2323
vn -0.3005 0.9250 -0.2324
vn -0.0000 0.9726 -0.2324
vn 0.3006 0.9250 -0.2323
vn 0.5717 0.7869 -0.2323
vn 0.7869 0.5717 -0.2323
vn 0.9251 0.3005 -0.2323
vn 0.9726 -0.0000 -0.2323
vn 0.9250 -0.3006 -0.2323
vn 0.7869 -0.5717 -0.2323
vn 0.5717 -0.7869 -0.2323
vn 0.3005 -0.9250 -0.2323
vn -0.0000 -0.9726 -0.2323
vn -0.3006 -0.9250 -0.2323
vn -0.5717 -0.7869 -0.2323
vn -0.7869 -0.5717 -0.2323
vn -0.9250 -0.3005 -0.2323
vn 0.1054 -0.0343 -0.9938
vn 0.1109 -0.0000 -0.9938
vn 0.0897 -0.0652 -0.9938
vn 0.0652 -0.0897 -0.9938
vn 0.0343 -0.1054 -0.9938
vn -0.0000 -0.1109 -0.9938
vn -0.0343 -0.1054 -0.9938
vn -0.0652 -0.0897 -0.9938
vn -0.0897 -0.0652 -0.9938
vn -0.1054 -0.0343 -0.9938
vn -0.1109 -0.0000 -0.9938
vn -0.1054 0.0343 -0.9938
vn -0.0897 0.0652 -0.9938
vn -0.0652 0.0897 -0.9938
vn -0.0343 0.1054 -0.9938
vn -0.0000 0.1109 -0.9938
vn 0.0343 0.1054 -0.9938
vn 0.0652 0.0897 -0.9938
vn 0.0897 0.0652 -0.9938
vn 0.1054 0.0343 -0.9938
vn -0.9251 0.3006 -0.2321
vn -0.9727 -0.0000 -0.2323
vn -0.9727 -0.0000 0.2321
vn -0.9251 0.3005 0.2321
vn -0.7869 0.5717 -0.2321
vn -0.7869 0.5717 0.2321
vn -0.0000 0.9727 -0.2323
vn -0.3006 0.9250 -0.2323
vn -0.3006 0.9251 0.2321
vn -0.0000 0.9727 0.2323
vn 0.3006 0.9251 -0.2321
vn 0.3006 0.9251 0.2321
vn 0.5717 0.7869 -0.2321
vn 0.5717 0.7869 0.2321
vn 0.7869 0.5717 -0.2321
vn 0.7869 0.5717 0.2323
vn 0.9727 -0.0000 -0.2321
vn 0.9250 0.3006 -0.2323
vn 0.9251 0.3006 0.2321
vn 0.9727 -0.0000 0.2321
vn 0.9251 -0.3006 -0.2321
vn 0.9250 -0.3006 0.2323
vn 0.5717 -0.7869 -0.2321
vn 0.5718 -0.7869 0.2321
vn 0.3006 -0.9251 0.2321
vn 0.3006 -0.9250 -0.2323
vn -0.0000 -0.9727 -0.2323
vn -0.0000 -0.9727 0.2323
vn -0.3005 -0.9251 -0.2321
vn -0.3006 -0.9251 0.2321
vn -0.5718 -0.7869 -0.2321
vn -0.5717 -0.7869 0.2323
vn -0.7869 -0.5717 0.2321
vn -0.9251 -0.3006 -0.2321
vn -0.9250 -0.3006 0.2323
vn -0.0748 -0.0000 0.9972
vn -0.0711 0.0231 0.9972
vn -0.6061 0.1969 0.7706
vn -0.6373 -0.0000 0.7707
vn -0.0605 0.0440 0.9972
vn -0.5156 0.3746 0.7706
vn -0.0440 0.0605 0.9972
vn -0.3746 0.5156 0.7706
vn -0.0231 0.0711 0.9972
vn -0.1969 0.6061 0.7706
vn -0.0000 0.0748 0.9972
vn -0.0000 0.6373 0.7707
vn 0.0231 0.0711 0.9972
vn 0.1969 0.6061 0.7706
vn 0.0440 0.0605 0.9972
vn 0.3746 0.5156 0.7706
vn 0.0605 0.0439 0.9972
vn 0.5156 0.3746 0.7706
vn 0.0711 0.0231 0.9972
vn 0.6061 0.1969 0.7706
vn 0.0748 -0.0000 0.9972
vn 0.6373 -0.0000 0.7706
vn 0.0711 -0.0231 0.9972
vn 0.6061 -0.1969 0.7706
vn 0.0605 -0.0440 0.9972
vn 0.5156 -0.3746 0.7706
vn 0.0440 -0.0605 0.9972
vn 0.3746 -0.5156 0.7706
vn 0.0231 -0.0711 0.9972
vn 0.1969 -0.6061 0.7706
vn -0.0000 -0.0748 0.9972
vn -0.0000 -0.6373 0.7706
vn -0.0231 -0.0711 0.9972
vn -0.1969 -0.6061 0.7706
vn -0.0440 -0.0605 0.9972
vn -0.3746 -0.5156 0.7706
vn -0.0605 -0.0440 0.9972
vn -0.5156 -0.3746 0.7706
vn -0.0711 -0.0231 0.9972
vn -0.6061 -0.1969 0.7706
vn -0.9250 0.3006 0.2324
vn -0.9726 -0.0000 0.2324
vn -0.7869 0.5717 0.2323
vn -0.5717 0.7869 0.2323
vn -0.3006 0.9250 0.2323
vn -0.0000 0.9726 0.2324
vn 0.3006 0.9250 0.2323
vn 0.5717 0.7869 0.2323
vn 0.9250 0.3006 0.2323
vn 0.9726 -0.0000 0.2323
vn 0.7869 -0.5717 0.2323
vn 0.5717 -0.7869 0.2323
vn 0.3006 -0.9250 0.2323
vn -0.0000 -0.9726 0.2323
vn -0.3006 -0.9250 0.2323
vn -0.7869 -0.5717 0.2323
vn -0.9250 -0.3006 0.2324
vn 0.1109 -0.0000 0.9938
vn 0.1054 -0.0343 0.9938
vn 0.0897 -0.0652 0.9938
vn 0.0652 -0.0897 0.9938
vn 0.0343 -0.1054 0.9938
vn -0.0000 -0.1109 0.9938
vn -0.0343 -0.1054 0.9938
vn -0.0652 -0.0897 0.9938
vn -0.0897 -0.0652 0.9938
vn -0.1054 -0.0343 0.9938
vn -0.1109 -0.0000 0.9938
vn -0.1054 0.0343 0.9938
vn -0.0897 0.0652 0.9938
vn -0.0652 0.0897 0.9938
vn -0.0343 0.1054 0.9938
vn -0.0000 0.1109 0.9938
vn 0.0343 0.1054 0.9938
vn 0.0652 0.0897 0.9938
vn 0.0897 0.0652 0.9938
vn 0.1054 0.0343 0.9938
vn -0.5717 0.7869 -0.2321
vn 0.7869 -0.5717 0.2321
vn 0.7869 -0.5717 -0.2321
vn -0.0637 -0.0462 -0.9969
vn -0.0718 0.0321 -0.9969
vn -0.0081 0.0783 -0.9969
vn 0.0637 0.0461 -0.9969
vn 0.0637 0.0462 -0.9969
vn 0.0718 -0.0321 -0.9969
vn 0.0081 -0.0783 -0.9969
vn -0.0718 -0.0321 -0.9969
vn -0.0637 0.0461 -0.9969
vn -0.0637 0.0462 -0.9969
vn 0.0081 0.0783 -0.9969
vn 0.0718 0.0321 -0.9969
vn 0.0637 -0.0462 -0.9969
vn -0.0081 -0.0783 -0.9969
vn -0.4385 -0.2532 -0.8623
vn -0.4385 -0.2532 -0.8624
vn -0.4385 0.2532 -0.8624
vn -0.4385 0.2532 -0.8623
vn -0.0000 0.5063 -0.8623
vn -0.0000 0.5063 -0.8624
vn 0.4385 0.2531 -0.8624
vn 0.4385 0.2532 -0.8624
vn 0.4385 -0.2532 -0.8624
vn -0.0000 -0.5063 -0.8624
vn -0.5134 0.7523 -0.4129
vn 0.3948 0.8208 -0.4129
vn 0.3947 0.8208 -0.4129
vn 0.9082 0.0685 -0.4129
vn 0.5135 -0.7523 -0.4129
vn 0.5134 -0.7523 -0.4129
vn -0.3948 -0.8208 -0.4129
vn -0.9082 -0.0685 -0.4129
vn -0.8883 -0.0835 -0.4517
vn -0.8882 -0.0836 -0.4517
vn -0.8882 -0.0837 -0.4517
vn -0.5165 0.7275 -0.4517
vn -0.5165 0.7274 -0.4517
vn -0.5166 0.7274 -0.4517
vn 0.3718 0.8110 -0.4517
vn 0.3717 0.8110 -0.4517
vn 0.8883 0.0835 -0.4517
vn 0.8882 0.0836 -0.4517
vn 0.8882 0.0837 -0.4517
vn 0.5165 -0.7275 -0.4517
vn 0.5165 -0.7274 -0.4517
vn 0.5166 -0.7274 -0.4517
vn -0.3718 -0.8110 -0.4517
vn -0.3717 -0.8110 -0.4517
vn 0.3624 -0.8064 -0.4673
vn -0.5172 -0.7171 -0.4673
vn -0.5172 -0.7171 -0.4672
vn -0.5171 -0.7171 -0.4673
vn -0.8796 0.0893 -0.4673
vn -0.8796 0.0893 -0.4672
vn -0.3624 0.8064 -0.4673
vn -0.3625 0.8064 -0.4673
vn 0.5172 0.7171 -0.4673
vn 0.5171 0.7171 -0.4673
vn 0.8796 -0.0893 -0.4673
vn 0.0199 0.2398 -0.9706
vn 0.0058 0.1788 -0.9839
vn 0.0054 0.1786 -0.9839
vn -0.0005 0.2317 -0.9728
vn -0.0010 0.1823 -0.9832
vn 0.0390 0.4186 -0.9073
vn 0.0377 0.3390 -0.9400
vn -0.0072 0.3102 -0.9507
vn -0.0069 0.3838 -0.9234
vn 0.0040 0.4355 -0.9002
vn 0.0176 0.4491 -0.8933
vn -0.0038 0.4269 -0.9043
vn 0.0699 0.3506 -0.9339
vn -0.0148 0.4064 -0.9136
vn -0.0161 0.3124 -0.9498
vn -0.0195 0.3666 -0.9302
vn -0.0078 0.2212 -0.9752
vn -0.0126 0.2653 -0.9641
vn -0.0019 0.1835 -0.9830
vn 0.0817 0.4944 -0.8654
vn 0.0774 0.4161 -0.9060
vn 0.4746 0.8545 -0.2113
vn 0.5039 0.8256 -0.2538
vn 0.4686 0.8069 -0.3597
vn 0.4731 0.8080 -0.3512
vn 0.4995 0.7685 -0.3998
vn 0.5294 0.7923 -0.3032
vn 0.5442 0.8368 -0.0596
vn 0.5411 0.8409 -0.0000
vn 0.5545 0.8322 -0.0000
vn 0.5580 0.8274 -0.0642
vn 0.5626 0.8118 -0.1561
vn 0.5498 0.8236 -0.1396
vn 0.4374 0.8986 -0.0337
vn 0.4282 0.9037 -0.0000
vn 0.4692 0.8831 -0.0000
vn 0.4739 0.8797 -0.0394
vn 0.4837 0.8718 -0.0776
vn 0.4502 0.8904 -0.0666
vn 0.5347 0.7815 -0.3214
vn 0.4430 0.8845 -0.1466
vn 0.4947 0.7418 -0.4527
vn 0.4362 0.8610 -0.2616
vn 0.5194 0.8531 -0.0493
vn 0.5171 0.8559 -0.0000
vn 0.5258 0.8443 -0.1033
vn 0.4670 0.8206 -0.3296
vn 0.4872 0.7436 -0.4578
vn -0.9980 0.0628 -0.0008
vn -0.9964 0.0842 -0.0003
vn -0.9981 0.0613 -0.0002
vn -0.9980 0.0627 -0.0000
vn -0.9964 0.0842 -0.0000
vn -0.9944 0.1054 -0.0008
vn -0.9972 0.0752 0.0010
vn -0.9944 0.1057 -0.0000
vn -0.0051 0.3649 -0.9310
vn -0.0077 0.3172 -0.9483
vn -0.0073 0.3702 -0.9289
vn -0.0073 0.3700 -0.9290
vn -0.0044 0.3560 -0.9345
vn -0.0090 0.2547 -0.9670
vn -0.0058 0.2534 -0.9673
vn -0.0058 0.2535 -0.9673
vn -0.0091 0.2548 -0.9670
vn 0.0004 0.3181 -0.9481
vn -0.0063 0.2697 -0.9629
vn -0.9944 0.1056 -0.0003
vn -0.9982 0.0595 0.0012
vn 0.0199 0.2398 0.9706
vn -0.0005 0.2318 0.9728
vn 0.0054 0.1786 0.9839
vn 0.0058 0.1788 0.9839
vn -0.0010 0.1823 0.9832
vn 0.0390 0.4187 0.9073
vn -0.0069 0.3838 0.9234
vn -0.0072 0.3101 0.9507
vn 0.0377 0.3390 0.9400
vn 0.0176 0.4491 0.8933
vn 0.0040 0.4355 0.9002
vn -0.0038 0.4269 0.9043
vn 0.0699 0.3507 0.9339
vn -0.0190 0.3965 0.9178
vn -0.0195 0.3666 0.9302
vn -0.0161 0.3124 0.9498
vn -0.0126 0.2653 0.9641
vn -0.0077 0.2209 0.9753
vn -0.0019 0.1835 0.9830
vn 0.0817 0.4944 0.8654
vn 0.0774 0.4161 0.9060
vn 0.4747 0.8544 0.2113
vn 0.4731 0.8080 0.3511
vn 0.4686 0.8069 0.3597
vn 0.5039 0.8256 0.2538
vn 0.4995 0.7685 0.3998
vn 0.5294 0.7924 0.3031
vn 0.5442 0.8369 0.0596
vn 0.5580 0.8274 0.0642
vn 0.5498 0.8236 0.1396
vn 0.5626 0.8119 0.1560
vn 0.4374 0.8986 0.0337
vn 0.4739 0.8797 0.0394
vn 0.4502 0.8904 0.0667
vn 0.4837 0.8718 0.0776
vn 0.5347 0.7815 0.3214
vn 0.4430 0.8844 0.1466
vn 0.4947 0.7418 0.4527
vn 0.4362 0.8610 0.2616
vn 0.5196 0.8530 0.0493
vn 0.5258 0.8443 0.1033
vn 0.4670 0.8206 0.3296
vn 0.4872 0.7436 0.4578
vn -0.9980 0.0628 0.0008
vn -0.9981 0.0613 0.0002
vn -0.9964 0.0842 0.0003
vn -0.9972 0.0752 -0.0010
vn -0.9944 0.1054 0.0008
vn -0.0051 0.3649 0.9310
vn -0.0073 0.3700 0.9290
vn -0.0073 0.3702 0.9289
vn -0.0077 0.3172 0.9483
vn -0.0044 0.3560 0.9345
vn -0.0090 0.2547 0.9670
vn -0.0091 0.2548 0.9670
vn -0.0058 0.2535 0.9673
vn -0.0058 0.2534 0.9673
vn 0.0004 0.3181 0.9481
vn -0.0063 0.2698 0.9629
vn -0.9944 0.1056 0.0003
vn -0.9982 0.0595 -0.0012
vn -0.0190 0.3966 -0.9178
vn -0.0148 0.4064 0.9136
vn -0.9921 -0.0661 -0.1064
vn -0.9975 -0.0400 -0.0577
vn -0.9053 -0.0612 -0.4204
vn -0.9016 -0.1119 -0.4178
vn -0.9016 -0.1120 -0.4179
vn -0.9052 -0.0612 -0.4206
vn -0.4354 -0.0401 -0.8993
vn -0.4331 -0.0967 -0.8961
vn -0.1215 0.0006 -0.9926
vn -0.1606 -0.0423 -0.9861
vn -0.9973 0.0409 -0.0608
vn -0.9063 0.1072 -0.4089
vn -0.9053 -0.0611 -0.4205
vn -0.9975 -0.0401 -0.0577
vn -0.9052 -0.0611 -0.4206
vn -0.9062 0.1072 -0.4090
vn -0.4374 0.1468 -0.8872
vn -0.4354 -0.0401 -0.8994
vn -0.1020 0.1149 -0.9881
vn -0.9890 0.0955 -0.1126
vn -0.9033 0.2035 -0.3777
vn -0.9062 0.1073 -0.4090
vn -0.9032 0.2035 -0.3779
vn -0.4582 0.2838 -0.8423
vn -0.4374 0.1470 -0.8872
vn -0.1340 0.2067 -0.9692
vn -0.1011 0.1156 -0.9881
vn 0.8177 0.5413 -0.1959
vn 0.8380 0.5075 -0.2007
vn 0.7714 0.4574 -0.4424
vn 0.7389 0.4737 -0.4793
vn 0.8853 0.4141 -0.2118
vn 0.8104 0.3872 -0.4397
vn 0.9088 0.3570 -0.2160
vn 0.5112 0.2989 -0.8058
vn 0.4362 0.2827 -0.8543
vn 0.5362 0.2667 -0.8009
vn 0.8374 0.3448 -0.4242
vn 0.5796 0.2618 -0.7717
vn 0.3245 0.2027 -0.9239
vn 0.3088 0.2087 -0.9279
vn 0.4361 0.2826 -0.8544
vn 0.3591 0.1869 -0.9144
vn 0.5360 0.2667 -0.8010
vn 0.3675 0.1798 -0.9125
vn 0.9099 0.3546 -0.2151
vn 0.9158 -0.4016 -0.0000
vn 0.9157 -0.3480 -0.2008
vn 1.0000 0.0009 -0.0000
vn 0.9148 0.0032 0.4038
vn 0.9156 -0.1989 0.3494
vn 0.9149 0.0031 -0.4038
vn 0.9152 0.2014 -0.3490
vn 0.9151 0.3492 0.2017
vn 0.9152 0.2014 0.3490
vn 0.9157 -0.3480 0.2008
vn 0.9151 0.3492 -0.2017
vn 0.9151 0.4033 -0.0000
vn 0.9156 -0.1989 -0.3494
vn -0.9053 -0.0611 0.4204
vn -0.9975 -0.0400 0.0577
vn -0.9921 -0.0661 0.1064
vn -0.9016 -0.1119 0.4178
vn -0.4354 -0.0401 0.8993
vn -0.9052 -0.0612 0.4205
vn -0.9016 -0.1119 0.4179
vn -0.4331 -0.0967 0.8961
vn -0.1215 0.0006 0.9926
vn -0.1606 -0.0423 0.9861
vn -0.9062 0.1072 0.4090
vn -0.9973 0.0409 0.0608
vn -0.9052 -0.0611 0.4206
vn -0.4354 -0.0401 0.8994
vn -0.4374 0.1468 0.8872
vn -0.1020 0.1149 0.9881
vn -0.9063 0.1072 0.4089
vn -0.9033 0.2035 0.3777
vn -0.9890 0.0955 0.1126
vn -0.4374 0.1470 0.8872
vn -0.4582 0.2838 0.8423
vn -0.9032 0.2035 0.3778
vn -0.1340 0.2067 0.9692
vn -0.1011 0.1157 0.9881
vn 0.8177 0.5413 0.1959
vn 0.7389 0.4737 0.4793
vn 0.7714 0.4574 0.4424
vn 0.8380 0.5075 0.2007
vn 0.8104 0.3872 0.4397
vn 0.8853 0.4141 0.2118
vn 0.9088 0.3570 0.2160
vn 0.4363 0.2826 0.8543
vn 0.5112 0.2989 0.8058
vn 0.5361 0.2668 0.8009
vn 0.5796 0.2618 0.7717
vn 0.8374 0.3448 0.4242
vn 0.3245 0.2027 0.9239
vn 0.4361 0.2826 0.8544
vn 0.3088 0.2087 0.9279
vn 0.3591 0.1869 0.9144
vn 0.5360 0.2667 0.8010
vn 0.3674 0.1798 0.9125
vn 0.9099 0.3546 0.2151
vn 0.9148 0.0032 -0.4038
vn 0.9149 0.0031 0.4038
vn 0.9153 0.2014 -0.3490
vn -0.0535 0.0301 -0.9981
vn 0.4663 0.8487 -0.2494
vn 0.4663 -0.8487 -0.2495
vn -0.4663 -0.8487 -0.2495
vn -0.4663 0.8487 -0.2494
vn -0.1615 0.4972 -0.8525
vn 0.1615 0.4972 -0.8525
vn -0.4972 -0.1616 -0.8525
vn 0.5619 -0.7734 -0.2932
vn -0.2954 -0.9093 -0.2932
vn -0.0000 0.5227 0.8525
vn -0.4972 0.1616 0.8525
vn -0.4972 -0.1615 0.8525
vn -0.4229 -0.3072 0.8525
vn 0.4229 -0.3072 0.8525
vn -0.6061 0.1969 -0.7707
vn -0.6373 -0.0000 -0.7706
vn -0.0000 0.6373 -0.7706
vn 0.0605 -0.0440 -0.9972
vn -0.6061 -0.1969 -0.7707
vn -0.9726 -0.0000 -0.2323
vn -0.3005 0.9250 -0.2323
vn -0.0000 0.9726 -0.2323
vn 0.7869 0.5717 -0.2324
vn 0.9250 0.3005 -0.2324
vn -0.9250 -0.3005 -0.2324
vn 0.5717 -0.7869 0.2321
vn -0.6373 -0.0000 0.7706
vn -0.0000 0.6373 0.7706
vn 0.0605 0.0440 0.9972
vn 0.5156 0.3746 0.7707
vn -0.6061 -0.1969 0.7707
vn -0.9250 0.3006 0.2323
vn -0.9726 -0.0000 0.2323
vn -0.0000 0.9726 0.2323
vn 0.7869 0.5717 0.2324
vn 0.9250 0.3006 0.2324
vn -0.4385 0.2531 -0.8623
vn 0.4385 -0.2531 -0.8624
vn -0.0000 -0.5063 -0.8623
vn 0.5135 -0.7522 -0.4129
vn 0.3717 0.8111 -0.4517
vn 0.5165 -0.7274 -0.4518
vn -0.2889 -0.1668 0.9427
vn -0.3336 -0.0000 0.9427
vn -0.2889 0.1668 0.9427
vn -0.1668 0.2889 0.9427
vn -0.0000 0.3336 0.9427
vn 0.1668 0.2889 0.9427
vn 0.2889 0.1668 0.9427
vn 0.3336 -0.0000 0.9427
vn 0.2889 -0.1668 0.9427
vn 0.1668 -0.2889 0.9427
vn -0.0000 -0.3336 0.9427
vn -0.1668 -0.2889 0.9427
vn 0.3245 -0.0870 0.9419
vn 0.2376 -0.2376 0.9419
vn 0.0870 -0.3245 0.9419
vn -0.0870 -0.3245 0.9419
vn -0.2376 -0.2376 0.9419
vn -0.3245 -0.0870 0.9419
vn -0.3245 0.0870 0.9419
vn -0.2376 0.2376 0.9419
vn -0.0870 0.3245 0.9419
vn 0.0870 0.3245 0.9419
vn 0.2376 0.2376 0.9419
vn 0.3245 0.0870 0.9419
vn -0.0535 -0.0300 0.9981
vn -0.0347 0.0043 0.9994
vn -0.0264 -0.0040 0.9996
vn -0.0527 0.0314 0.9981
vn -0.0136 0.0322 0.9994
vn -0.0166 0.0209 0.9996
vn 0.0008 0.0613 0.9981
vn 0.0211 0.0279 0.9994
vn 0.0098 0.0248 0.9996
vn 0.0535 0.0299 0.9981
vn 0.0347 -0.0043 0.9994
vn 0.0264 0.0040 0.9996
vn 0.0527 -0.0314 0.9981
vn 0.0136 -0.0322 0.9994
vn 0.0166 -0.0209 0.9996
vn -0.0008 -0.0613 0.9981
vn -0.0211 -0.0279 0.9994
vn -0.0098 -0.0248 0.9996
vn -0.0136 -0.0322 0.9994
vn -0.0527 -0.0314 0.9981
vn -0.0166 -0.0209 0.9996
vn -0.0347 -0.0043 0.9994
vn -0.0535 0.0300 0.9981
vn -0.0264 0.0040 0.9996
vn -0.0211 0.0279 0.9994
vn -0.0009 0.0613 0.9981
vn -0.0098 0.0248 0.9996
vn 0.0136 0.0322 0.9994
vn 0.0527 0.0314 0.9981
vn 0.0166 0.0209 0.9996
vn 0.0347 0.0043 0.9994
vn 0.0535 -0.0300 0.9981
vn 0.0264 -0.0040 0.9996
vn 0.0211 -0.0279 0.9994
vn 0.0008 -0.0613 0.9981
vn 0.0098 -0.0248 0.9996
vn 0.4663 0.8488 0.2494
vn -0.5019 -0.8282 0.2494
vn -0.5019 0.8282 0.2494
vn 0.4663 -0.8487 0.2494
vn -0.9682 -0.0206 0.2494
vn 0.9682 -0.0206 0.2494
vn -0.4663 -0.8487 0.2494
vn 0.5019 0.8282 0.2494
vn 0.5019 -0.8282 0.2494
vn -0.4663 0.8488 0.2494
vn -0.9682 0.0206 0.2494
vn 0.9682 0.0206 0.2494
vn -0.5227 -0.0000 0.8525
vn -0.1616 0.4972 0.8525
vn 0.1616 0.4972 0.8525
vn 0.5228 -0.0000 0.8525
vn 0.4972 -0.1615 0.8525
vn 0.1615 -0.4972 0.8525
vn -0.1615 -0.4972 0.8525
vn 0.9560 -0.0000 0.2932
vn 0.9092 -0.2954 0.2932
vn 0.9093 -0.2954 0.2932
vn 0.7735 -0.5619 0.2932
vn 0.5620 -0.7734 0.2932
vn 0.5619 -0.7735 0.2932
vn 0.2954 -0.9092 0.2932
vn -0.0000 -0.9560 0.2932
vn -0.2954 -0.9092 0.2932
vn -0.5619 -0.7735 0.2932
vn -0.7735 -0.5619 0.2932
vn -0.9092 -0.2954 0.2932
vn -0.9560 -0.0000 0.2932
vn -0.9092 0.2954 0.2932
vn -0.7735 0.5619 0.2932
vn -0.5619 0.7735 0.2932
vn -0.2954 0.9092 0.2932
vn -0.0000 0.9560 0.2932
vn 0.2954 0.9092 0.2932
vn 0.5619 0.7735 0.2932
vn 0.7734 0.5619 0.2932
vn 0.7735 0.5619 0.2932
vn 0.9092 0.2954 0.2932
vn -0.0000 0.5228 -0.8525
vn 0.4972 -0.1616 -0.8525
vn -0.9922 -0.0000 -0.1247
vn -0.9436 -0.3066 -0.1247
vn -0.8027 -0.5832 -0.1247
vn -0.5832 -0.8027 -0.1247
vn -0.3066 -0.9436 -0.1247
vn -0.0000 -0.9922 -0.1247
vn 0.3066 -0.9436 -0.1247
vn 0.5832 -0.8027 -0.1247
vn 0.8027 -0.5832 -0.1247
vn 0.9436 -0.3066 -0.1247
vn 0.9922 -0.0000 -0.1247
vn 0.9436 0.3066 -0.1247
vn 0.8027 0.5832 -0.1247
vn 0.5832 0.8027 -0.1247
vn 0.3066 0.9436 -0.1247
vn -0.0000 0.9922 -0.1247
vn -0.3066 0.9436 -0.1247
vn -0.5832 0.8027 -0.1247
vn -0.8027 0.5832 -0.1247
vn -0.9436 0.3066 -0.1247
vn -0.9727 -0.0000 -0.2321
vn -0.9727 -0.0000 0.2323
vn -0.7869 0.5718 -0.2321
vn -0.3005 0.9251 -0.2321
vn -0.3005 0.9251 0.2323
vn 0.7869 0.5717 0.2321
vn 0.9251 0.3005 -0.2321
vn 0.9251 -0.3006 0.2321
vn 0.3006 -0.9251 -0.2321
vn -0.3006 -0.9251 -0.2321
vn -0.7869 -0.5717 -0.2321
vn -0.5717 -0.7869 0.2321
vn -0.9250 -0.3006 -0.2323
vn -0.9251 -0.3006 0.2321
vn -0.5717 0.7869 0.2321
vn -0.0637 -0.0462 0.9969
vn -0.0719 0.0321 0.9969
vn -0.0718 0.0321 0.9969
vn -0.0081 0.0783 0.9969
vn 0.0637 0.0461 0.9969
vn 0.0637 0.0462 0.9969
vn 0.0718 -0.0321 0.9969
vn 0.0081 -0.0783 0.9969
vn -0.0718 -0.0321 0.9969
vn -0.0637 0.0461 0.9969
vn -0.0637 0.0462 0.9969
vn 0.0081 0.0783 0.9969
vn 0.0718 0.0321 0.9969
vn 0.0637 -0.0462 0.9969
vn -0.0081 -0.0783 0.9969
vn -0.4385 -0.2532 0.8623
vn -0.4385 0.2532 0.8623
vn -0.0000 0.5063 0.8623
vn 0.4385 0.2532 0.8623
vn 0.4385 0.2531 0.8623
vn 0.4385 -0.2532 0.8623
vn -0.0000 -0.5063 0.8623
vn -0.5134 0.7523 0.4129
vn 0.3947 0.8208 0.4129
vn 0.3948 0.8208 0.4129
vn 0.9082 0.0685 0.4129
vn 0.5134 -0.7523 0.4129
vn 0.5135 -0.7523 0.4128
vn 0.5135 -0.7523 0.4129
vn -0.3948 -0.8208 0.4129
vn -0.9082 -0.0685 0.4129
vn -0.8882 -0.0836 0.4517
vn -0.8883 -0.0835 0.4517
vn -0.8882 -0.0837 0.4517
vn -0.5165 0.7274 0.4517
vn -0.5165 0.7275 0.4517
vn -0.5166 0.7274 0.4517
vn 0.3717 0.8110 0.4517
vn 0.3718 0.8110 0.4517
vn 0.8882 0.0836 0.4517
vn 0.8883 0.0835 0.4517
vn 0.5165 -0.7274 0.4517
vn 0.5165 -0.7275 0.4517
vn 0.5166 -0.7274 0.4517
vn -0.3717 -0.8110 0.4517
vn -0.3718 -0.8110 0.4517
vn -0.3717 -0.8110 0.4518
vn 0.3624 -0.8064 0.4673
vn 0.3625 -0.8064 0.4673
vn -0.5172 -0.7171 0.4673
vn -0.5171 -0.7171 0.4673
vn -0.8796 0.0893 0.4673
vn -0.8796 0.0893 0.4672
vn -0.3624 0.8064 0.4673
vn 0.5171 0.7171 0.4673
vn 0.5172 0.7171 0.4672
vn 0.5172 0.7171 0.4673
vn 0.8796 -0.0893 0.4673
vn -0.0097 -0.0248 0.9996
vn 0.4663 -0.8487 0.2495
vn 0.1615 0.4972 0.8525
vn -0.4972 -0.1616 0.8525
vn 0.5619 -0.7734 0.2932
vn -0.2954 -0.9093 0.2932
vn 0.2954 0.9093 0.2932
vn -0.4972 0.1616 -0.8525
vn -0.6061 0.1969 0.7707
vn -0.9250 0.3005 0.2323
vn -0.9251 0.3006 0.2321
vn -0.3006 0.9251 -0.2321
vn 0.5156 0.3746 -0.7707
vn -0.4385 0.2531 0.8623
vn 0.3717 0.8110 0.4518
vn -0.5172 -0.7170 0.4673
vt 0.128132 0.846798
vt 0.142212 0.838259
vt 0.142549 0.844775
vt 0.129200 0.852020
vt 0.151758 0.839832
vt 0.151716 0.828334
vt 0.159348 0.827710
vt 0.157613 0.837033
vt 0.163321 0.827628
vt 0.162720 0.834308
vt 0.162982 0.841514
vt 0.159185 0.844775
vt 0.159074 0.803718
vt 0.163321 0.803676
vt 0.152148 0.803823
vt 0.155639 0.774170
vt 0.159804 0.772295
vt 0.772729 0.813464
vt 0.793500 0.800838
vt 0.804289 0.806042
vt 0.616613 0.296925
vt 0.625629 0.288748
vt 0.643413 0.290116
vt 0.644596 0.299477
vt 0.607409 0.287470
vt 0.645182 0.309096
vt 0.615856 0.306016
vt 0.642136 0.319963
vt 0.614370 0.317515
vt 0.610920 0.342566
vt 0.635279 0.344057
vt 0.627729 0.372868
vt 0.604912 0.371671
vt 0.584104 0.286265
vt 0.584055 0.295071
vt 0.583508 0.304341
vt 0.582337 0.316059
vt 0.581910 0.697754
vt 0.590807 0.694741
vt 0.591206 0.708612
vt 0.581853 0.709152
vt 0.579093 0.341174
vt 0.544363 0.699982
vt 0.569733 0.699908
vt 0.569963 0.709422
vt 0.544671 0.709422
vt 0.573768 0.370120
vt 0.599656 0.690426
vt 0.599908 0.707709
vt 0.738642 0.746815
vt 0.737728 0.734519
vt 0.752338 0.737295
vt 0.750982 0.749700
vt 0.515416 0.697120
vt 0.515761 0.708743
vt 0.733594 0.801016
vt 0.736565 0.772087
vt 0.746554 0.774901
vt 0.741876 0.803685
vt 0.591139 0.667978
vt 0.592721 0.648369
vt 0.599913 0.646686
vt 0.599434 0.668085
vt 0.604989 0.621883
vt 0.605733 0.646451
vt 0.599101 0.622364
vt 0.590656 0.623558
vt 0.604005 0.588928
vt 0.585169 0.611567
vt 0.588373 0.584784
vt 0.593169 0.589451
vt 0.591671 0.615993
vt 0.583951 0.617527
vt 0.576766 0.613754
vt 0.577629 0.608226
vt 0.577669 0.585612
vt 0.555467 0.604194
vt 0.555358 0.585899
vt 0.555555 0.609150
vt 0.974488 0.865149
vt 0.978539 0.863150
vt 0.978823 0.870684
vt 0.974488 0.873553
vt 0.596930 0.822379
vt 0.593989 0.814341
vt 0.596607 0.814236
vt 0.596156 0.804473
vt 0.593374 0.804283
vt 0.853416 0.273565
vt 0.853605 0.263719
vt 0.860185 0.265650
vt 0.859420 0.277006
vt 0.853057 0.282579
vt 0.858584 0.287681
vt 0.593360 0.764605
vt 0.596363 0.764548
vt 0.862991 0.225003
vt 0.856351 0.223811
vt 0.596649 0.717912
vt 0.592909 0.712161
vt 0.866047 0.180832
vt 0.859527 0.177796
vt 0.596930 0.709422
vt 0.419380 0.962943
vt 0.426000 0.967708
vt 0.418585 0.969070
vt 0.034987 0.930740
vt 0.035499 0.926704
vt 0.037537 0.927820
vt 0.435326 0.852472
vt 0.438691 0.851128
vt 0.437815 0.875345
vt 0.435031 0.877979
vt 0.443977 0.851357
vt 0.443218 0.876235
vt 0.435850 0.820832
vt 0.439233 0.819890
vt 0.439357 0.806332
vt 0.438586 0.737535
vt 0.443678 0.737420
vt 0.444358 0.806238
vt 0.438597 0.727482
vt 0.434978 0.737808
vt 0.435018 0.727521
vt 0.593296 0.583583
vt 0.595423 0.581238
vt 0.603817 0.580728
vt 0.595508 0.575867
vt 0.603776 0.575376
vt 0.595674 0.571782
vt 0.603859 0.571330
vt 0.595958 0.565409
vt 0.604150 0.565040
vt 0.036342 0.909106
vt 0.037212 0.888860
vt 0.040120 0.890656
vt 0.040463 0.911499
vt 0.946203 0.288386
vt 0.946203 0.302846
vt 0.944048 0.299189
vt 0.944577 0.287238
vt 0.524996 0.466791
vt 0.516783 0.466703
vt 0.521290 0.431293
vt 0.529504 0.430821
vt 0.523654 0.492256
vt 0.515416 0.492251
vt 0.536669 0.466818
vt 0.541095 0.430110
vt 0.553382 0.429341
vt 0.549079 0.466806
vt 0.547841 0.492258
vt 0.535378 0.492258
vt 0.596061 0.466787
vt 0.598364 0.426518
vt 0.595341 0.492259
vt 0.634937 0.466766
vt 0.641644 0.423792
vt 0.633700 0.492258
vt 0.427679 0.548764
vt 0.448051 0.549166
vt 0.448050 0.577002
vt 0.427312 0.575878
vt 0.392351 0.573725
vt 0.393336 0.548079
vt 0.428033 0.502582
vt 0.448050 0.502582
vt 0.394289 0.502616
vt 0.927801 0.895045
vt 0.919639 0.894783
vt 0.919419 0.860738
vt 0.927573 0.860568
vt 0.919376 0.840960
vt 0.927531 0.841100
vt 0.427101 0.583091
vt 0.391791 0.580444
vt 0.448049 0.583761
vt 0.873807 0.292491
vt 0.873790 0.298032
vt 0.858007 0.293109
vt 0.873807 0.281411
vt 0.873791 0.269650
vt 0.873725 0.226846
vt 0.873650 0.183811
vt 0.381355 0.572725
vt 0.382543 0.547786
vt 0.383693 0.502641
vt 0.411440 0.433697
vt 0.384185 0.433818
vt 0.384185 0.423792
vt 0.411556 0.423817
vt 0.927945 0.906384
vt 0.919790 0.907248
vt 0.380680 0.579155
vt 0.578486 0.227462
vt 0.581637 0.224151
vt 0.593645 0.232013
vt 0.563722 0.225706
vt 0.561639 0.221013
vt 0.436108 0.879410
vt 0.434978 0.885406
vt 0.442660 0.882742
vt 0.126495 0.839409
vt 0.137617 0.832210
vt 0.140278 0.835175
vt 0.127357 0.843230
vt 0.131684 0.826640
vt 0.136463 0.819515
vt 0.143704 0.824128
vt 0.147589 0.826958
vt 0.959771 0.204168
vt 0.965185 0.203875
vt 0.965241 0.240023
vt 0.959704 0.237718
vt 0.148444 0.803120
vt 0.960045 0.173876
vt 0.965165 0.171162
vt 0.788134 0.799365
vt 0.769878 0.810995
vt 0.786735 0.789019
vt 0.778955 0.786617
vt 0.779377 0.777146
vt 0.786914 0.778033
vt 0.645532 0.321288
vt 0.792388 0.790615
vt 0.799710 0.787562
vt 0.783233 0.797307
vt 0.775617 0.793758
vt 0.642075 0.345400
vt 0.781756 0.755255
vt 0.775489 0.756517
vt 0.769878 0.729572
vt 0.774675 0.727290
vt 0.633478 0.373292
vt 0.514863 0.783871
vt 0.512532 0.792877
vt 0.510203 0.783960
vt 0.726188 0.735344
vt 0.718611 0.738955
vt 0.712498 0.732094
vt 0.719831 0.726367
vt 0.728123 0.746329
vt 0.731717 0.732148
vt 0.733684 0.746318
vt 0.721208 0.747928
vt 0.727298 0.770162
vt 0.721444 0.769636
vt 0.732361 0.771037
vt 0.725343 0.798561
vt 0.720532 0.797289
vt 0.729840 0.799856
vt 0.508589 0.830147
vt 0.514512 0.829159
vt 0.514512 0.859160
vt 0.508865 0.857989
vt 0.707474 0.714560
vt 0.710134 0.711067
vt 0.726914 0.718646
vt 0.723679 0.722620
vt 0.508605 0.802200
vt 0.514441 0.797734
vt 0.586244 0.627836
vt 0.588633 0.649992
vt 0.577944 0.625850
vt 0.570059 0.632831
vt 0.564931 0.628437
vt 0.571740 0.621495
vt 0.581534 0.621713
vt 0.574765 0.617611
vt 0.582013 0.632180
vt 0.573747 0.638870
vt 0.555485 0.616512
vt 0.555548 0.612577
vt 0.555330 0.624041
vt 0.279511 0.923611
vt 0.287039 0.922861
vt 0.284122 0.930928
vt 0.277683 0.930360
vt 0.275882 0.905291
vt 0.283047 0.902740
vt 0.820241 0.884811
vt 0.826406 0.889600
vt 0.812738 0.902563
vt 0.807963 0.896662
vt 0.822033 0.870723
vt 0.827797 0.872624
vt 0.828710 0.882061
vt 0.822519 0.878523
vt 0.816482 0.853400
vt 0.821051 0.852745
vt 0.807963 0.829105
vt 0.811712 0.826855
vt 0.946600 0.799504
vt 0.951428 0.793780
vt 0.956087 0.801700
vt 0.950653 0.805957
vt 0.951526 0.813757
vt 0.956885 0.811007
vt 0.952885 0.832345
vt 0.948601 0.832742
vt 0.946600 0.859290
vt 0.406266 0.904613
vt 0.410259 0.903717
vt 0.410259 0.928523
vt 0.829235 0.375545
vt 0.834906 0.380453
vt 0.821308 0.390887
vt 0.816824 0.384936
vt 0.838985 0.362537
vt 0.845508 0.366048
vt 0.840215 0.351346
vt 0.846620 0.352433
vt 0.847155 0.359166
vt 0.840532 0.356768
vt 0.832034 0.322682
vt 0.833025 0.335719
vt 0.827412 0.324596
vt 0.838866 0.346799
vt 0.842916 0.342545
vt 0.816824 0.301195
vt 0.820828 0.298032
vt 0.436313 0.884115
vt 0.438341 0.882830
vt 0.124706 0.831559
vt 0.278538 0.937387
vt 0.275882 0.932502
vt 0.560195 0.225327
vt 0.557587 0.220541
vt 0.435910 0.813585
vt 0.435973 0.805896
vt 0.557940 0.340260
vt 0.561137 0.315135
vt 0.568467 0.315455
vt 0.552701 0.369051
vt 0.569832 0.285511
vt 0.562879 0.285144
vt 0.569671 0.281537
vt 0.753401 0.289003
vt 0.745446 0.284131
vt 0.747039 0.281175
vt 0.753137 0.281564
vt 0.607039 0.284281
vt 0.625657 0.285772
vt 0.583969 0.282541
vt 0.033073 0.906981
vt 0.033669 0.886312
vt 0.030803 0.923847
vt 0.026990 0.934262
vt 0.641289 0.279896
vt 0.642751 0.286397
vt 0.637882 0.286783
vt 0.423038 0.972385
vt 0.425611 0.971985
vt 0.426000 0.976925
vt 0.425492 0.961721
vt 0.805060 0.795308
vt 0.810932 0.802722
vt 0.792761 0.777023
vt 0.789869 0.777801
vt 0.782546 0.755006
vt 0.775468 0.726901
vt 0.776304 0.726459
vt 0.783320 0.754707
vt 0.620918 0.923317
vt 0.620918 0.909460
vt 0.624905 0.908579
vt 0.624835 0.922888
vt 0.485038 0.819143
vt 0.481674 0.827895
vt 0.480919 0.812627
vt 0.486358 0.841513
vt 0.481743 0.841662
vt 0.486246 0.827680
vt 0.514304 0.695947
vt 0.515059 0.747259
vt 0.510399 0.747476
vt 0.509670 0.696241
vt 0.513944 0.660994
vt 0.509326 0.661306
vt 0.508589 0.797734
vt 0.986423 -0.000000
vt 0.986423 0.013768
vt 0.981986 0.012796
vt 0.811249 0.203408
vt 0.814895 0.216504
vt 0.811249 0.219346
vt 0.037584 0.879696
vt 0.032949 0.880795
vt 0.879527 0.970442
vt 0.882386 0.971309
vt 0.879527 0.983326
vt 0.808355 0.808870
vt 0.424985 0.958005
vt 0.508589 0.584425
vt 0.513193 0.583852
vt 0.739967 0.230834
vt 0.744690 0.228795
vt 0.746550 0.238170
vt 0.741388 0.237775
vt 0.750041 0.257922
vt 0.744606 0.257580
vt 0.752444 0.275150
vt 0.746580 0.274825
vt 0.562557 0.277741
vt 0.561800 0.271315
vt 0.566982 0.271559
vt 0.567661 0.278333
vt 0.559232 0.254116
vt 0.564463 0.254444
vt 0.555552 0.234410
vt 0.560636 0.234855
vt 0.553605 0.225066
vt 0.559011 0.228087
vt 0.737482 0.227691
vt 0.705292 0.225667
vt 0.701962 0.220226
vt 0.738318 0.222869
vt 0.944641 0.279980
vt 0.037342 0.874477
vt 0.030464 0.875540
vt 0.026990 0.865133
vt 0.435708 0.797266
vt 0.552701 0.219974
vt 0.743505 0.223037
vt 0.606377 0.667712
vt 0.607072 0.689085
vt 0.338180 0.799133
vt 0.338657 0.798821
vt 0.344449 0.813550
vt 0.343834 0.813405
vt 0.330406 0.786358
vt 0.330910 0.786130
vt 0.328549 0.783388
vt 0.329028 0.783123
vt 0.975928 0.422300
vt 0.976504 0.412773
vt 0.976308 0.435914
vt 0.975824 0.435950
vt 0.975712 0.473936
vt 0.976194 0.473840
vt 0.976231 0.504744
vt 0.975752 0.504787
vt 0.344624 0.827289
vt 0.345169 0.827891
vt 0.340740 0.853053
vt 0.340254 0.852527
vt 0.334830 0.871896
vt 0.334387 0.871403
vt 0.328739 0.882179
vt 0.328549 0.881285
vt 0.344858 0.820584
vt 0.345462 0.820682
vt 0.976504 0.524563
vt 0.975999 0.525343
vt 0.984757 0.234023
vt 0.985360 0.233682
vt 0.985747 0.240466
vt 0.985155 0.240497
vt 0.986159 0.257677
vt 0.985567 0.257682
vt 0.985676 0.277516
vt 0.985085 0.277485
vt 0.985215 0.284412
vt 0.984629 0.284231
vt 0.982843 0.231498
vt 0.983263 0.230922
vt 0.982843 0.287178
vt 0.983285 0.287648
vt 0.988562 0.123856
vt 0.989034 0.123675
vt 0.988952 0.139778
vt 0.988493 0.139531
vt 0.986870 0.103878
vt 0.987348 0.103721
vt 0.940107 0.597991
vt 0.939639 0.597594
vt 0.942564 0.571478
vt 0.943024 0.571896
vt 0.944341 0.557128
vt 0.944897 0.557273
vt 0.939377 0.610737
vt 0.938634 0.610496
vt 0.942423 0.524141
vt 0.941981 0.524653
vt 0.939751 0.492754
vt 0.940219 0.492549
vt 0.985742 0.145063
vt 0.022557 0.990070
vt 0.023029 0.995463
vt 0.022557 0.996135
vt 0.939245 0.486270
vt 0.939708 0.485997
vt 0.986185 0.094430
vt 0.986789 0.099212
vt 0.986362 0.099786
vt 0.985742 0.094799
vt 0.943825 0.548593
vt 0.944338 0.548960
vt 0.939084 0.478010
vt 0.938634 0.478451
vt 0.192905 0.612172
vt 0.193433 0.612064
vt 0.193293 0.642294
vt 0.192772 0.641021
vt 0.192772 0.602017
vt 0.193295 0.602266
vt 0.007698 0.994891
vt 0.007528 0.992697
vt 0.008073 0.993111
vt 0.008235 0.995594
vt 0.029998 0.994118
vt 0.029962 0.990284
vt 0.030529 0.990070
vt 0.030529 0.993778
vt 0.007688 0.990070
vt 0.008235 0.990205
vt 0.901047 0.422829
vt 0.900597 0.422818
vt 0.901305 0.397938
vt 0.901753 0.397950
vt 0.901592 0.352819
vt 0.900770 0.284002
vt 0.901223 0.284029
vt 0.902045 0.352846
vt 0.978037 0.292597
vt 0.978430 0.292605
vt 0.977807 0.317564
vt 0.977417 0.317478
vt 0.978171 0.247493
vt 0.978560 0.247446
vt 0.977271 0.168605
vt 0.977497 0.178629
vt 0.977108 0.178679
vt 0.976883 0.168651
vt 0.977277 0.324008
vt 0.976883 0.324230
vt 0.022078 0.996831
vt 0.021638 0.996586
vt 0.022078 0.990070
vt 0.020582 0.990136
vt 0.021148 0.990070
vt 0.021148 0.995459
vt 0.968846 0.817682
vt 0.969314 0.817703
vt 0.969245 0.854503
vt 0.968778 0.854517
vt 0.969981 0.766168
vt 0.970449 0.766177
vt 0.814498 0.726491
vt 0.814965 0.726459
vt 0.814965 0.803574
vt 0.814499 0.803997
vt 0.971266 0.815616
vt 0.971733 0.815572
vt 0.972966 0.829419
vt 0.972504 0.829497
vt 0.031652 0.990070
vt 0.031975 0.990917
vt 0.031652 0.996219
vt 0.027066 0.996256
vt 0.026671 0.995989
vt 0.027066 0.990070
vt 0.970698 0.861935
vt 0.971060 0.861488
vt 0.008725 0.996188
vt 0.008240 0.997682
vt 0.008235 0.990276
vt 0.008725 0.990070
vt 0.975144 0.799954
vt 0.975627 0.800004
vt 0.972707 0.804149
vt 0.972252 0.804051
vt 0.971060 0.809654
vt 0.971530 0.809684
vt 0.015341 0.997469
vt 0.014876 0.990174
vt 0.015341 0.990070
vt 0.974592 0.793608
vt 0.970599 0.731086
vt 0.971060 0.731514
vt 0.045774 0.990070
vt 0.045774 0.991252
vt 0.045223 0.990639
vt 0.031652 0.994062
vt 0.031149 0.993948
vt 0.484493 0.816210
vt 0.025791 0.990070
vt 0.026276 0.990245
vt 0.025791 0.995144
vt 0.486717 0.841469
vt 0.486600 0.827581
vt 0.486225 0.821650
vt 0.515416 0.747225
vt 0.514661 0.695900
vt 0.514301 0.660947
vt 0.515213 0.783919
vt 0.021637 0.996077
vt 0.021148 0.996180
vt 0.017596 0.990070
vt 0.018120 0.990381
vt 0.017596 0.996276
vt 0.028611 0.990070
vt 0.028611 0.994757
vt 0.028120 0.990159
vt 0.513549 0.583761
vt 0.911984 0.081742
vt 0.912571 0.081700
vt 0.913081 0.090994
vt 0.912494 0.091010
vt 0.907572 0.044891
vt 0.908154 0.044809
vt 0.911412 0.069943
vt 0.910827 0.070001
vt 0.913081 0.099928
vt 0.912504 0.099771
vt 0.902153 0.015703
vt 0.902813 0.016006
vt 0.286754 0.757936
vt 0.287335 0.757769
vt 0.287294 0.766717
vt 0.286703 0.766697
vt 0.286749 0.776007
vt 0.286159 0.775963
vt 0.285016 0.787701
vt 0.285604 0.787761
vt 0.282416 0.812887
vt 0.281831 0.812804
vt 0.277187 0.841679
vt 0.276526 0.841977
vt 0.912886 0.107355
vt 0.912295 0.107319
vt 0.905982 0.150495
vt 0.906562 0.150608
vt 0.904220 0.159968
vt 0.903629 0.159899
vt 0.909614 0.130835
vt 0.910200 0.130917
vt 0.911762 0.113690
vt 0.912351 0.113747
vt 0.285665 0.743994
vt 0.286252 0.743940
vt 0.287011 0.750366
vt 0.286421 0.750379
vt 0.283094 0.726815
vt 0.283678 0.726742
vt 0.279411 0.707131
vt 0.279990 0.707037
vt 0.277448 0.697731
vt 0.278040 0.697694
vt 0.276526 0.692412
vt 0.277134 0.692602
vt 0.902418 0.165730
vt 0.902153 0.165235
vt 0.978638 0.443490
vt 0.978048 0.443440
vt 0.977917 0.434141
vt 0.978510 0.434205
vt 0.978947 0.453076
vt 0.978336 0.453026
vt 0.978836 0.424316
vt 0.978292 0.424036
vt 0.979098 0.420243
vt 0.979668 0.420429
vt 0.979241 0.414447
vt 0.980003 0.414630
vt 0.978692 0.465319
vt 0.978155 0.465187
vt 0.978349 0.489452
vt 0.977813 0.489431
vt 0.980003 0.518067
vt 0.979433 0.517718
vt 0.978524 0.430503
vt 0.977937 0.430458
vt 0.926523 0.021592
vt 0.927028 0.021410
vt 0.928899 0.025644
vt 0.928233 0.025528
vt 0.922734 0.015703
vt 0.923676 0.016384
vt 0.930423 0.031683
vt 0.929836 0.031757
vt 0.930594 0.035477
vt 0.931188 0.035451
vt 0.932611 0.044801
vt 0.932014 0.044793
vt 0.933416 0.054180
vt 0.932873 0.054396
vt 0.934225 0.066779
vt 0.933630 0.066661
vt 0.931359 0.090840
vt 0.930774 0.090739
vt 0.923445 0.118849
vt 0.922734 0.119157
vt 0.562834 0.294092
vt 0.569894 0.293287
vt 0.569452 0.304031
vt 0.562286 0.303382
vt 0.582228 0.301542
vt 0.581366 0.304727
vt 0.575789 0.285826
vt 0.575621 0.281955
vt 0.580015 0.292016
vt 0.575855 0.291836
vt 0.572842 0.301136
vt 0.573140 0.296032
vt 0.575141 0.305528
vt 0.573286 0.304377
vt 0.579300 0.305708
vt 0.573888 0.292831
vt 0.582529 0.296438
vt 0.581969 0.293181
vt 0.976003 0.412571
vt 0.468015 0.212695
vt 0.473408 0.216881
vt 0.468015 0.218232
vt 0.878741 0.733708
vt 0.879620 0.735806
vt 0.870027 0.735020
vt 0.878134 0.738759
vt 0.874858 0.742684
vt 0.872271 0.744733
vt 0.870027 0.744294
vt 0.460498 0.218712
vt 0.457333 0.212695
vt 0.463259 0.212695
vt 0.906633 0.771874
vt 0.908809 0.771482
vt 0.906633 0.781140
vt 0.911373 0.773546
vt 0.914645 0.777476
vt 0.916151 0.780414
vt 0.915339 0.782467
vt 0.590454 0.677011
vt 0.752091 0.718384
vt 0.752338 0.727873
vt 0.735073 0.722227
vt 0.732091 0.711593
vt 0.028120 0.994808
vt 0.027633 0.992310
vt 0.028120 0.990070
vt 0.190608 0.918782
vt 0.193196 0.918347
vt 0.193196 0.949298
vt 0.704530 0.717758
vt 0.584752 0.651982
vt 0.967572 0.203692
vt 0.967961 0.242182
vt 0.967961 0.168605
vt 0.039450 0.990565
vt 0.039542 0.991716
vt 0.038973 0.992267
vt 0.038973 0.990070
vt 0.008719 0.997877
vt 0.953634 0.211641
vt 0.953621 0.168605
vt 0.959704 0.171005
vt 0.959311 0.214369
vt 0.953637 0.254445
vt 0.958893 0.259438
vt 0.953637 0.266205
vt 0.958777 0.271749
vt 0.953621 0.277286
vt 0.958652 0.283360
vt 0.938165 0.353452
vt 0.937645 0.347994
vt 0.946107 0.349446
vt 0.946107 0.358543
vt 0.507309 0.711183
vt 0.507855 0.711789
vt 0.507613 0.716212
vt 0.030904 0.995616
vt 0.030529 0.995061
vt 0.030904 0.990070
vt 0.671827 0.933364
vt 0.672203 0.933660
vt 0.668769 0.936595
vt 0.668207 0.936535
vt 0.670348 0.945037
vt 0.670840 0.944740
vt 0.507347 0.702950
vt 0.506847 0.703047
vt 0.506230 0.693293
vt 0.506723 0.693284
vt 0.674604 0.927510
vt 0.674135 0.927224
vt 0.674505 0.920901
vt 0.674971 0.921102
vt 0.505757 0.653370
vt 0.506242 0.653354
vt 0.674547 0.896832
vt 0.675010 0.896976
vt 0.505250 0.606736
vt 0.505704 0.607104
vt 0.672661 0.869372
vt 0.673121 0.869567
vt 0.505386 0.598243
vt 0.505895 0.599062
vt 0.508417 0.802391
vt 0.507855 0.802376
vt 0.507917 0.771236
vt 0.508482 0.771031
vt 0.508482 0.823913
vt 0.507919 0.823880
vt 0.675010 0.959441
vt 0.674547 0.959832
vt 0.505700 0.590959
vt 0.506159 0.591437
vt 0.507855 0.583761
vt 0.031149 0.998457
vt 0.030904 0.991245
vt 0.031149 0.990070
vt 0.787950 0.112269
vt 0.787393 0.112495
vt 0.787393 0.103103
vt 0.787936 0.102835
vt 0.957883 0.774485
vt 0.946600 0.772891
vt 0.946600 0.753818
vt 0.957722 0.754178
vt 0.957643 0.739722
vt 0.946659 0.731086
vt 0.956117 0.736918
vt 0.275936 0.841246
vt 0.276492 0.840896
vt 0.276440 0.846226
vt 0.275885 0.847170
vt 0.275899 0.833572
vt 0.276442 0.833328
vt 0.276484 0.837245
vt 0.275912 0.837539
vt 0.275885 0.825664
vt 0.276340 0.825277
vt 0.016622 0.998862
vt 0.016242 0.999002
vt 0.016242 0.990070
vt 0.821844 0.196947
vt 0.822136 0.209194
vt 0.913295 0.368102
vt 0.913082 0.307980
vt 0.919499 0.332343
vt 0.919990 0.368974
vt 0.919814 0.280893
vt 0.913263 0.229629
vt 0.919874 0.245812
vt 0.242977 0.979124
vt 0.237846 0.965394
vt 0.244564 0.965394
vt 0.551341 0.959435
vt 0.554668 0.971000
vt 0.542405 0.967990
vt 0.542405 0.953933
vt 0.606040 0.972308
vt 0.599615 0.958270
vt 0.608164 0.958717
vt 0.597648 0.949059
vt 0.608363 0.949059
vt 0.574946 0.966812
vt 0.577933 0.966802
vt 0.577691 0.974917
vt 0.574703 0.974927
vt 0.059800 0.976676
vt 0.063566 0.961962
vt 0.062855 0.976656
vt 0.575122 0.952590
vt 0.578109 0.952580
vt 0.578176 0.955490
vt 0.575188 0.955500
vt 0.024272 0.948144
vt 0.020505 0.962755
vt 0.021216 0.948132
vt 0.170736 0.687236
vt 0.167749 0.687222
vt 0.167822 0.684253
vt 0.170810 0.684267
vt 0.575188 0.958697
vt 0.578176 0.958687
vt 0.062855 0.947269
vt 0.064571 0.948997
vt 0.064571 0.961962
vt 0.021216 0.977394
vt 0.019500 0.975655
vt 0.019500 0.962744
vt 0.170810 0.681083
vt 0.167822 0.681070
vt 0.065397 0.975320
vt 0.064571 0.974928
vt 0.065397 0.961964
vt 0.018454 0.949521
vt 0.019500 0.949834
vt 0.018454 0.962820
vt 0.059800 0.947248
vt 0.059494 0.946327
vt 0.063133 0.946327
vt 0.063133 0.977599
vt 0.059494 0.977599
vt 0.024358 0.947314
vt 0.020719 0.947275
vt 0.024272 0.977448
vt 0.024358 0.978454
vt 0.020719 0.978415
vt 0.065397 0.948608
vt 0.018454 0.976120
vt 0.166853 0.684013
vt 0.166853 0.681600
vt 0.574222 0.958188
vt 0.574222 0.955766
vt 0.053212 0.817396
vt 0.053212 0.797539
vt 0.053979 0.798307
vt 0.054017 0.816181
vt 0.067080 0.943575
vt 0.067882 0.933189
vt 0.069114 0.933208
vt 0.068356 0.942878
vt 0.067080 0.917338
vt 0.068402 0.919336
vt 0.787450 0.595411
vt 0.787450 0.612776
vt 0.786245 0.612511
vt 0.786217 0.596792
vt 0.124469 0.963620
vt 0.124469 0.974272
vt 0.123225 0.973069
vt 0.123228 0.963649
vt 0.973772 0.094430
vt 0.973809 0.070392
vt 0.977677 0.069166
vt 0.977640 0.093973
vt 0.427794 0.875583
vt 0.427830 0.851397
vt 0.434520 0.853509
vt 0.434483 0.877547
vt 0.980052 0.469182
vt 0.983871 0.466681
vt 0.983871 0.517131
vt 0.980003 0.517328
vt 0.634008 0.808711
vt 0.640646 0.811522
vt 0.640646 0.859668
vt 0.633958 0.858555
vt 0.254358 0.985046
vt 0.257155 0.984720
vt 0.257155 0.988499
vt 0.255395 0.978090
vt 0.973772 0.017984
vt 0.977639 0.015703
vt 0.977646 0.037187
vt 0.973779 0.038405
vt 0.427794 0.797913
vt 0.434483 0.801101
vt 0.434490 0.821522
vt 0.427802 0.819393
vt 0.982716 0.678010
vt 0.985255 0.674350
vt 0.985255 0.684948
vt 0.263448 0.978338
vt 0.263448 0.988932
vt 0.260844 0.985275
vt 0.773735 0.982052
vt 0.769882 0.980762
vt 0.769878 0.971395
vt 0.773735 0.971742
vt 0.925746 0.917403
vt 0.919029 0.919477
vt 0.919031 0.910073
vt 0.925746 0.908037
vt 0.989881 0.181203
vt 0.989881 0.184984
vt 0.987272 0.184675
vt 0.988400 0.191666
vt 0.957395 0.549860
vt 0.945228 0.553918
vt 0.944897 0.546398
vt 0.957395 0.540484
vt 0.069433 0.923407
vt 0.080261 0.923135
vt 0.080247 0.948344
vt 0.069433 0.948882
vt 0.945293 0.568251
vt 0.957351 0.563970
vt 0.956486 0.602526
vt 0.074387 0.880210
vt 0.974607 0.720154
vt 0.979177 0.722880
vt 0.978644 0.730327
vt 0.974607 0.727429
vt 0.921912 0.269154
vt 0.922295 0.249703
vt 0.929553 0.250691
vt 0.929107 0.270207
vt 0.927131 0.300256
vt 0.919990 0.298885
vt 0.552612 0.210344
vt 0.552612 0.219489
vt 0.545646 0.218075
vt 0.468015 0.219948
vt 0.463259 0.219948
vt 0.463810 0.212695
vt 0.926580 0.304013
vt 0.808487 0.974258
vt 0.801250 0.974998
vt 0.802590 0.967553
vt 0.801250 0.959869
vt 0.974690 0.727898
vt 0.448046 0.433649
vt 0.093586 0.565372
vt 0.093850 0.559038
vt 0.104276 0.557654
vt 0.103850 0.565096
vt 0.094298 0.550083
vt 0.104922 0.547301
vt 0.126680 0.557225
vt 0.126375 0.564874
vt 0.116557 0.564971
vt 0.127283 0.545330
vt 0.093369 0.574235
vt 0.098745 0.572953
vt 0.296972 0.822556
vt 0.287412 0.825854
vt 0.287498 0.815784
vt 0.297100 0.814041
vt 0.291094 0.706494
vt 0.287412 0.703957
vt 0.287994 0.684077
vt 0.291724 0.684917
vt 0.166853 0.587964
vt 0.166720 0.619253
vt 0.163254 0.618413
vt 0.163326 0.592036
vt 0.081745 0.599142
vt 0.081875 0.573702
vt 0.091450 0.575181
vt 0.091162 0.601467
vt 0.093794 0.542197
vt 0.105394 0.538988
vt 0.288542 0.785345
vt 0.297848 0.795010
vt 0.288129 0.796229
vt 0.082494 0.546510
vt 0.082748 0.540848
vt 0.094187 0.537212
vt 0.137366 0.532366
vt 0.127851 0.534452
vt 0.128208 0.529603
vt 0.138223 0.526559
vt 0.297728 0.798525
vt 0.297460 0.804653
vt 0.287694 0.808131
vt 0.287412 0.846186
vt 0.287412 0.835156
vt 0.297103 0.836298
vt 0.328301 0.838296
vt 0.322352 0.831899
vt 0.328549 0.829356
vt 0.309647 0.844191
vt 0.289996 0.848280
vt 0.299528 0.838264
vt 0.313356 0.835025
vt 0.579596 0.750139
vt 0.580160 0.750166
vt 0.578794 0.775692
vt 0.578230 0.775692
vt 0.584034 0.714771
vt 0.584581 0.714965
vt 0.591967 0.709494
vt 0.592909 0.709422
vt 0.113688 0.532811
vt 0.298026 0.783123
vt 0.297917 0.791023
vt 0.125857 0.595272
vt 0.123881 0.601936
vt 0.116004 0.598181
vt 0.091894 0.560076
vt 0.091626 0.566443
vt 0.082000 0.564367
vt 0.092394 0.550961
vt 0.091072 0.626365
vt 0.091051 0.647270
vt 0.081745 0.643700
vt 0.339641 0.949240
vt 0.339641 0.968435
vt 0.334677 0.961256
vt 0.122321 0.860773
vt 0.123433 0.851968
vt 0.124195 0.859833
vt 0.122120 0.869900
vt 0.124041 0.868798
vt 0.123984 0.875138
vt 0.122061 0.876273
vt 0.124058 0.884003
vt 0.122172 0.885012
vt 0.891821 0.064477
vt 0.894246 0.064453
vt 0.893080 0.089334
vt 0.890548 0.089333
vt 0.894695 0.035856
vt 0.896860 0.035747
vt 0.124195 0.890658
vt 0.093053 0.600251
vt 0.103264 0.601943
vt 0.103239 0.607675
vt 0.106094 0.609255
vt 0.108481 0.648898
vt 0.108284 0.627778
vt 0.115854 0.628021
vt 0.115837 0.649220
vt 0.115916 0.611983
vt 0.108198 0.612530
vt 0.126146 0.574942
vt 0.116328 0.575265
vt 0.116211 0.583523
vt 0.126013 0.584243
vt 0.094976 0.576285
vt 0.094862 0.586176
vt 0.093219 0.586619
vt 0.093288 0.580891
vt 0.093567 0.580979
vt 0.900587 0.021634
vt 0.122744 0.911292
vt 0.112424 0.588490
vt 0.113856 0.583521
vt 0.108893 0.574196
vt 0.112561 0.578325
vt 0.103676 0.572319
vt 0.098512 0.590531
vt 0.103378 0.592947
vt 0.108644 0.591948
vt 0.123770 0.626663
vt 0.123717 0.649469
vt 0.693727 0.964603
vt 0.693727 0.969926
vt 0.685044 0.965780
vt 0.686011 0.962397
vt 0.208952 0.970610
vt 0.209345 0.965736
vt 0.214322 0.966944
vt 0.213589 0.970408
vt 0.937457 0.009879
vt 0.938648 0.004579
vt 0.946042 0.004822
vt 0.946042 0.008335
vt 0.212938 0.979752
vt 0.210337 0.975558
vt 0.214322 0.973863
vt 0.216386 0.976678
vt 0.693475 0.959206
vt 0.686976 0.959012
vt 0.863689 0.975070
vt 0.863921 0.969713
vt 0.868645 0.968467
vt 0.869628 0.971848
vt 0.693550 0.973768
vt 0.684335 0.968254
vt 0.939677 0.014758
vt 0.947527 0.011696
vt 0.692873 0.955133
vt 0.216386 0.964694
vt 0.942013 0.000000
vt 0.947527 0.001806
vt 0.863689 0.964480
vt 0.867830 0.965043
vt 0.372251 0.484046
vt 0.373416 0.459165
vt 0.378045 0.461162
vt 0.377170 0.484048
vt 0.376030 0.430459
vt 0.380291 0.434759
vt 0.798410 0.899777
vt 0.801062 0.911156
vt 0.796888 0.911156
vt 0.725611 0.969425
vt 0.728990 0.977498
vt 0.725611 0.982805
vt 0.177627 0.687069
vt 0.175464 0.685249
vt 0.177627 0.681070
vt 0.929255 0.854663
vt 0.927945 0.829573
vt 0.934842 0.829575
vt 0.935701 0.853991
vt 0.931722 0.875654
vt 0.931217 0.872047
vt 0.936986 0.870885
vt 0.937317 0.874056
vt 0.945473 0.448294
vt 0.944942 0.448625
vt 0.943641 0.440198
vt 0.944268 0.440080
vt 0.956377 0.399533
vt 0.951257 0.406814
vt 0.950750 0.406839
vt 0.947945 0.429632
vt 0.947242 0.429731
vt 0.950245 0.422747
vt 0.950866 0.422882
vt 0.951349 0.414798
vt 0.951942 0.414765
vt 0.951740 0.418880
vt 0.951092 0.418944
vt 0.596770 0.840580
vt 0.597349 0.847253
vt 0.596884 0.847410
vt 0.596248 0.840231
vt 0.597648 0.856773
vt 0.597189 0.856864
vt 0.596614 0.870936
vt 0.596248 0.870562
vt 0.956377 0.461413
vt 0.955897 0.462012
vt 0.953635 0.460685
vt 0.954030 0.460163
vt 0.128411 0.597402
vt 0.148118 0.593593
vt 0.145591 0.597776
vt 0.127961 0.602243
vt 0.443527 0.727392
vt 0.900597 0.273974
vt 0.901033 0.274001
vt 0.448046 0.423821
vt 0.703624 0.229044
vt 0.708745 0.255055
vt 0.700248 0.254490
vt 0.696418 0.224969
vt 0.607596 0.706791
vt 0.533706 0.598243
vt 0.533235 0.583376
vt 0.533784 0.602493
vt 0.533783 0.605418
vt 0.533743 0.610046
vt 0.533605 0.617639
vt 0.310005 0.906619
vt 0.311878 0.921375
vt 0.287412 0.917019
vt 0.287815 0.903349
vt 0.312357 0.925599
vt 0.312632 0.928511
vt 0.313030 0.933122
vt 0.287412 0.926020
vt 0.287488 0.933563
vt 0.313609 0.940694
vt 0.713698 0.282038
vt 0.701671 0.286275
vt 0.701731 0.279107
vt 0.471308 0.946039
vt 0.461370 0.949772
vt 0.459200 0.946701
vt 0.695506 0.219974
vt 0.471308 0.971264
vt 0.710984 0.278378
vt 0.757184 0.946213
vt 0.762805 0.964698
vt 0.757184 0.967859
vt 0.561840 0.969537
vt 0.573476 0.952580
vt 0.574222 0.969537
vt 0.753260 0.297936
vt 0.752622 0.307221
vt 0.701567 0.304393
vt 0.701828 0.295020
vt 0.751360 0.318964
vt 0.747920 0.344057
vt 0.698653 0.341450
vt 0.700815 0.316254
vt 0.742404 0.372792
vt 0.695506 0.370198
vt 0.485546 0.860551
vt 0.480919 0.860884
vt 0.975627 0.848317
vt 0.975168 0.848414
vt 0.485907 0.860478
vt 0.263847 0.977287
vt 0.267716 0.976060
vt 0.267663 0.985760
vt 0.263847 0.986280
vt 0.933869 0.157290
vt 0.940558 0.159390
vt 0.940558 0.168383
vt 0.933921 0.167553
vt 0.919990 0.168605
vt 0.913692 0.169141
vt 0.812034 0.742781
vt 0.812616 0.742861
vt 0.811892 0.752193
vt 0.811309 0.752128
vt 0.810932 0.764064
vt 0.811521 0.764104
vt 0.811754 0.789580
vt 0.811164 0.789565
vt 0.813191 0.734134
vt 0.813769 0.734230
vt 0.814498 0.818841
vt 0.813939 0.819004
vt 0.002035 0.995924
vt 0.001406 0.995547
vt 0.001309 0.990935
vt 0.001862 0.991104
vt 0.939273 0.783496
vt 0.939859 0.783574
vt 0.939448 0.784053
vt 0.938907 0.783830
vt 0.001700 0.990070
vt 0.002035 0.990558
vt 0.813965 0.726459
vt 0.814498 0.727029
vt 0.938524 0.867978
vt 0.939117 0.867950
vt 0.939859 0.875177
vt 0.938957 0.875133
vt 0.787393 0.090704
vt 0.787875 0.091256
vt 0.787393 0.102835
vt 0.937383 0.849896
vt 0.937975 0.849904
vt 0.938360 0.859251
vt 0.937766 0.859265
vt 0.937742 0.812725
vt 0.938333 0.812775
vt 0.937909 0.838037
vt 0.937317 0.838011
vt 0.002591 0.994703
vt 0.002035 0.994846
vt 0.002134 0.990423
vt 0.002776 0.990070
vt 0.046316 0.990282
vt 0.046316 0.990947
vt 0.045842 0.990599
vt 0.002776 0.995221
vt 0.002424 0.995693
vt 0.694729 0.403839
vt 0.695262 0.414811
vt 0.694729 0.415315
vt 0.980354 0.933506
vt 0.982970 0.926789
vt 0.982970 0.937248
vt 0.124693 0.911292
vt 0.124693 0.921846
vt 0.122061 0.914781
vt 0.196842 0.401726
vt 0.194305 0.401687
vt 0.195089 0.367560
vt 0.197636 0.367614
vt 0.198488 0.333759
vt 0.195942 0.333701
vt 0.196929 0.294577
vt 0.199475 0.294639
vt 0.198438 0.242354
vt 0.200980 0.242580
vt 0.199574 0.230418
vt 0.202090 0.230864
vt 0.201361 0.224177
vt 0.204459 0.224630
vt 0.204092 0.221519
vt 0.918070 0.028001
vt 0.922050 0.068264
vt 0.919535 0.068429
vt 0.915574 0.028385
vt 0.915550 0.015703
vt 0.913082 0.016238
vt 0.210658 0.219974
vt 0.211192 0.222476
vt 0.922734 0.092154
vt 0.920276 0.092154
vt 0.196547 0.428340
vt 0.224857 0.428327
vt 0.224843 0.429927
vt 0.193988 0.429916
vt 0.507855 0.584122
vt 0.508371 0.583761
vt 0.508450 0.615096
vt 0.507934 0.615096
vt 0.287336 0.430102
vt 0.508457 0.677578
vt 0.507941 0.677577
vt 0.503762 0.710139
vt 0.503348 0.713887
vt 0.493293 0.705147
vt 0.501639 0.716287
vt 0.493287 0.713002
vt 0.505202 0.688463
vt 0.493295 0.659082
vt 0.505250 0.659431
vt 0.183810 0.686876
vt 0.182227 0.685749
vt 0.182227 0.681070
vt 0.183865 0.681946
vt 0.975166 0.734236
vt 0.972834 0.734123
vt 0.971060 0.731771
vt 0.973245 0.731086
vt 0.191736 0.706401
vt 0.193316 0.706427
vt 0.193372 0.742889
vt 0.191732 0.742891
vt 0.191761 0.679030
vt 0.193407 0.679063
vt 0.192856 0.584150
vt 0.193409 0.584221
vt 0.193158 0.602017
vt 0.192994 0.659672
vt 0.974371 0.769067
vt 0.972167 0.768456
vt 0.973070 0.738687
vt 0.975275 0.739313
vt 0.971930 0.793608
vt 0.971060 0.793361
vt 0.044670 0.991758
vt 0.044268 0.991928
vt 0.044268 0.990070
vt 0.043548 0.990070
vt 0.043866 0.991656
vt 0.043344 0.991656
vt 0.445711 0.707754
vt 0.445870 0.658061
vt 0.450511 0.658284
vt 0.450352 0.708036
vt 0.497356 0.717884
vt 0.468695 0.725977
vt 0.467356 0.722885
vt 0.490306 0.716392
vt 0.444610 0.732412
vt 0.455173 0.725183
vt 0.450692 0.722436
vt 0.080724 0.825623
vt 0.081160 0.832694
vt 0.080022 0.832695
vt 0.079592 0.825890
vt 0.081578 0.852754
vt 0.080443 0.852755
vt 0.081122 0.870106
vt 0.079984 0.870103
vt 0.080689 0.876458
vt 0.079566 0.876205
vt 0.078698 0.879162
vt 0.077818 0.878549
vt 0.926907 0.963114
vt 0.925917 0.911168
vt 0.926963 0.911397
vt 0.927945 0.962770
vt 0.926993 0.907248
vt 0.927945 0.907901
vt 0.986707 0.015703
vt 0.988766 0.039045
vt 0.987630 0.039088
vt 0.985596 0.016020
vt 0.988429 0.065567
vt 0.987292 0.065336
vt 0.986512 0.069606
vt 0.985596 0.068931
vt 0.641545 0.761736
vt 0.641545 0.814524
vt 0.640912 0.814234
vt 0.640913 0.762011
vt 0.078703 0.822163
vt 0.077818 0.822876
vt 0.704525 0.754468
vt 0.704530 0.817025
vt 0.703629 0.817026
vt 0.703624 0.754474
vt 0.380543 0.629015
vt 0.380543 0.686936
vt 0.379697 0.686937
vt 0.379697 0.629016
vt 0.380543 0.696813
vt 0.379697 0.696607
vt 0.963954 0.918302
vt 0.962823 0.915247
vt 0.963899 0.914910
vt 0.964941 0.917726
vt 0.961832 0.892178
vt 0.962921 0.892078
vt 0.962424 0.880037
vt 0.963503 0.880293
vt 0.964047 0.875654
vt 0.964941 0.876407
vt 0.704507 0.736384
vt 0.703607 0.736720
vt 0.533160 0.575615
vt 0.555278 0.577993
vt 0.533258 0.569268
vt 0.555431 0.570740
vt 0.533629 0.560721
vt 0.555699 0.564786
vt 0.823667 0.136278
vt 0.845818 0.134750
vt 0.846101 0.168652
vt 0.823995 0.178441
vt 0.823638 0.115828
vt 0.845788 0.114300
vt 0.704948 0.219377
vt 0.704948 0.196947
vt 0.723367 0.215419
vt 0.097844 0.950202
vt 0.106461 0.955536
vt 0.104526 0.961766
vt 0.097844 0.969085
vt 0.926528 0.688923
vt 0.926856 0.731086
vt 0.916485 0.729305
vt 0.916181 0.690137
vt 0.916151 0.669687
vt 0.926499 0.668473
vt 0.787519 0.501836
vt 0.787490 0.481391
vt 0.824020 0.480272
vt 0.824063 0.500054
vt 0.824419 0.545268
vt 0.787951 0.546913
vt 0.787801 0.535726
vt 0.824285 0.534112
vt 0.846269 0.181161
vt 0.981231 0.737030
vt 0.981304 0.771076
vt 0.979334 0.770118
vt 0.979260 0.736058
vt 0.981399 0.783541
vt 0.979419 0.781274
vt 0.440997 0.980636
vt 0.444285 0.979470
vt 0.441940 0.981357
vt 0.905108 0.456836
vt 0.906814 0.456838
vt 0.904175 0.468897
vt 0.902153 0.470316
vt 0.910101 0.418008
vt 0.911779 0.418006
vt 0.910615 0.392686
vt 0.912287 0.392684
vt 0.981275 0.717252
vt 0.979303 0.716277
vt 0.440998 0.963589
vt 0.441000 0.941794
vt 0.444282 0.942965
vt 0.440997 0.974187
vt 0.602928 0.948769
vt 0.600551 0.946679
vt 0.601019 0.946247
vt 0.603112 0.948085
vt 0.599274 0.941774
vt 0.599849 0.941660
vt 0.598281 0.931085
vt 0.598897 0.931042
vt 0.597648 0.908781
vt 0.598291 0.909501
vt 0.605552 0.908579
vt 0.605617 0.909313
vt 0.612806 0.908619
vt 0.612881 0.909353
vt 0.618764 0.908795
vt 0.618598 0.909520
vt 0.612387 0.948874
vt 0.612477 0.948184
vt 0.618590 0.948362
vt 0.618764 0.949059
vt 0.608300 0.948771
vt 0.608372 0.948082
vt 0.641664 0.588592
vt 0.641655 0.556251
vt 0.704461 0.610379
vt 0.641644 0.487103
vt 0.679573 0.488291
vt 0.674173 0.524422
vt 0.641650 0.524170
vt 0.704422 0.474776
vt 0.641644 0.437848
vt 0.641676 0.427070
vt 0.704453 0.431444
vt 0.036736 0.798083
vt 0.042130 0.797539
vt 0.042130 0.859710
vt 0.704481 0.423792
vt 0.287412 0.730006
vt 0.349913 0.706494
vt 0.349383 0.767641
vt 0.287412 0.764655
vt 0.287694 0.776262
vt 0.288023 0.783123
vt 0.349696 0.775272
vt 0.287753 0.710425
vt 0.678914 0.555778
vt 0.641683 0.613467
vt 0.444476 0.705225
vt 0.443448 0.727392
vt 0.380681 0.723888
vt 0.406266 0.941591
vt 0.380680 0.932031
vt 0.380680 0.903717
vt 0.406266 0.911650
vt 0.233211 0.814177
vt 0.234417 0.776503
vt 0.272063 0.776502
vt 0.272071 0.814176
vt 0.232794 0.847670
vt 0.272071 0.847668
vt 0.852693 0.219185
vt 0.823638 0.212936
vt 0.823638 0.181161
vt 0.852693 0.188497
vt 0.419093 0.385149
vt 0.466690 0.423783
vt 0.380680 0.423792
vt 0.381157 0.385149
vt 0.848097 0.590940
vt 0.848765 0.522947
vt 0.873545 0.508826
vt 0.873545 0.608419
vt 0.972994 0.168605
vt 0.972994 0.236601
vt 0.967961 0.205157
vt 0.386279 0.226475
vt 0.394102 0.224228
vt 0.385401 0.234778
vt 0.419086 0.280804
vt 0.383484 0.280804
vt 0.466677 0.219974
vt 0.193839 0.401749
vt 0.194623 0.367618
vt 0.972916 0.619404
vt 0.972691 0.598135
vt 0.973427 0.597802
vt 0.972431 0.573557
vt 0.973167 0.573225
vt 0.972096 0.540589
vt 0.972833 0.540267
vt 0.972070 0.532387
vt 0.972806 0.532106
vt 0.972134 0.527035
vt 0.972869 0.526890
vt 0.972297 0.522991
vt 0.973022 0.523104
vt 0.972711 0.516709
vt 0.973427 0.516948
vt 0.486987 0.923034
vt 0.487721 0.923246
vt 0.487864 0.934557
vt 0.487131 0.934374
vt 0.486760 0.888558
vt 0.487494 0.888804
vt 0.486717 0.869090
vt 0.487456 0.869389
vt 0.786511 0.546425
vt 0.786804 0.581072
vt 0.786034 0.580944
vt 0.785741 0.546262
vt 0.787184 0.592677
vt 0.786403 0.592212
vt 0.968589 0.773700
vt 0.968046 0.780548
vt 0.967278 0.780606
vt 0.967806 0.773917
vt 0.968589 0.785942
vt 0.967844 0.786249
vt 0.987272 0.168852
vt 0.987239 0.179630
vt 0.986538 0.179457
vt 0.986570 0.168605
vt 0.987237 0.228885
vt 0.986536 0.228727
vt 0.987242 0.265952
vt 0.986541 0.265795
vt 0.987246 0.298033
vt 0.986543 0.297877
vt 0.987253 0.330374
vt 0.986549 0.330221
vt 0.987272 0.355249
vt 0.986567 0.355555
vt 0.975002 0.312366
vt 0.976030 0.290199
vt 0.976749 0.290470
vt 0.975713 0.313021
vt 0.976164 0.240510
vt 0.976883 0.240773
vt 0.973781 0.244685
vt 0.973934 0.295205
vt 0.973147 0.295031
vt 0.972994 0.244501
vt 0.975002 0.320395
vt 0.974207 0.319833
vt 0.193517 0.430459
vt 0.727187 0.214346
vt 0.724115 0.204230
vt 0.727108 0.203389
vt 0.810912 0.371091
vt 0.805798 0.371091
vt 0.811194 0.325620
vt 0.816308 0.325620
vt 0.811708 0.300298
vt 0.816824 0.300298
vt 0.790005 0.380645
vt 0.795509 0.325631
vt 0.797162 0.300309
vt 0.103768 0.946779
vt 0.008725 0.990074
vt 0.009183 0.990070
vt 0.009171 0.998123
vt 0.008725 0.998225
vt 0.000017 0.990070
vt 0.000555 0.990246
vt 0.000555 0.998350
vt 0.000000 0.998271
vt 0.036766 0.992129
vt 0.036055 0.992090
vt 0.036766 0.990070
vt 0.041245 0.990302
vt 0.041673 0.990070
vt 0.041673 0.992596
vt 0.039922 0.990070
vt 0.040301 0.990355
vt 0.039922 0.993163
vt 0.033820 0.993180
vt 0.033233 0.992565
vt 0.033820 0.990070
vt 0.577651 0.782387
vt 0.578065 0.782371
vt 0.578098 0.804758
vt 0.577651 0.804778
vt 0.640667 0.827007
vt 0.641062 0.816057
vt 0.641644 0.816376
vt 0.641296 0.826893
vt 0.934684 0.156987
vt 0.934225 0.157290
vt 0.939621 0.111818
vt 0.940045 0.111818
vt 0.940137 0.086497
vt 0.940558 0.086496
vt 0.641644 0.849330
vt 0.641099 0.849434
vt 0.049890 0.990070
vt 0.050194 0.990541
vt 0.049890 0.991257
vt 0.640839 0.850191
vt 0.577947 0.805493
vt 0.050651 0.990070
vt 0.050651 0.990723
vt 0.050194 0.990703
vt 0.049084 0.990070
vt 0.049530 0.990173
vt 0.049494 0.990729
vt 0.049084 0.990919
vt 0.048492 0.990825
vt 0.047942 0.990600
vt 0.047926 0.990091
vt 0.048492 0.990070
vt 0.441948 0.941094
vt 0.103290 0.946603
vt 0.349774 0.862692
vt 0.349022 0.861896
vt 0.348970 0.846707
vt 0.349476 0.846751
vt 0.348983 0.836256
vt 0.349505 0.836300
vt 0.349294 0.829773
vt 0.349774 0.830359
vt 0.016622 0.990699
vt 0.017044 0.990070
vt 0.017044 0.997970
vt 0.024730 0.999444
vt 0.024453 1.000000
vt 0.024453 0.990070
vt 0.188183 0.681070
vt 0.178197 0.680828
vt 0.177383 0.671147
vt 0.187471 0.672607
vt 0.635946 0.717540
vt 0.609510 0.715201
vt 0.640912 0.688735
vt 0.167194 0.590276
vt 0.177198 0.588815
vt 0.176870 0.622551
vt 0.166853 0.625350
vt 0.613838 0.644609
vt 0.640882 0.644608
vt 0.167328 0.666253
vt 0.167011 0.660656
vt 0.176969 0.663838
vt 0.166885 0.651266
vt 0.176837 0.655091
vt 0.532087 0.973775
vt 0.535583 0.963390
vt 0.539495 0.966490
vt 0.534609 0.975774
vt 0.700185 0.971125
vt 0.693727 0.973125
vt 0.693727 0.955133
vt 0.700185 0.955144
vt 0.176844 0.648116
vt 0.187058 0.665298
vt 0.186925 0.656551
vt 0.541644 0.955037
vt 0.532087 0.948016
vt 0.186934 0.650539
vt 0.380680 0.954934
vt 0.383292 0.946416
vt 0.390890 0.957116
vt 0.386623 0.961932
vt 0.379615 0.592432
vt 0.379585 0.634875
vt 0.368007 0.634876
vt 0.366727 0.603601
vt 0.375729 0.563258
vt 0.361874 0.563258
vt 0.947527 -0.000000
vt 0.957771 0.000679
vt 0.957777 0.013903
vt 0.947527 0.012749
vt 0.391338 0.942526
vt 0.398225 0.941591
vt 0.398225 0.954992
vt 0.384796 0.968807
vt 0.380817 0.968846
vt 0.632119 0.726432
vt 0.427283 0.983932
vt 0.427283 0.974781
vt 0.431165 0.975663
vt 0.431140 0.981133
vt 0.469390 0.971264
vt 0.469390 0.985259
vt 0.466004 0.983407
vt 0.466002 0.973204
vt 0.963065 0.972347
vt 0.963065 0.981472
vt 0.959529 0.978425
vt 0.959553 0.972957
vt 0.185818 0.983802
vt 0.185818 0.970151
vt 0.190534 0.971594
vt 0.190556 0.981593
vt 0.978026 0.353588
vt 0.978026 0.344172
vt 0.981825 0.345051
vt 0.981799 0.350843
vt 0.545497 0.971000
vt 0.545497 0.985691
vt 0.542405 0.983866
vt 0.542406 0.972963
vt 0.224473 0.978986
vt 0.224473 0.988316
vt 0.221001 0.985410
vt 0.221026 0.979659
vt 0.037004 0.982579
vt 0.037004 0.968235
vt 0.041751 0.969673
vt 0.041775 0.980363
vt 0.504237 0.983481
vt 0.504237 0.974143
vt 0.508016 0.974741
vt 0.508039 0.980403
vt 0.408469 0.972129
vt 0.408469 0.985882
vt 0.405054 0.983998
vt 0.405057 0.973951
vt 0.425802 0.976925
vt 0.425802 0.986111
vt 0.422217 0.983270
vt 0.422194 0.977697
vt 0.181082 0.983840
vt 0.181082 0.970151
vt 0.185818 0.971807
vt 0.185798 0.981816
vt 0.776761 0.981026
vt 0.776761 0.971396
vt 0.780443 0.972038
vt 0.780464 0.978031
vt 0.984918 0.720895
vt 0.984918 0.734775
vt 0.981798 0.732912
vt 0.981798 0.722737
vt 0.793439 0.973247
vt 0.793439 0.982613
vt 0.789894 0.979875
vt 0.789873 0.974042
vt 0.004775 0.984904
vt 0.004775 0.971088
vt 0.009549 0.972762
vt 0.009529 0.982896
vt 0.022152 0.987606
vt 0.022152 0.978454
vt 0.026040 0.979319
vt 0.026016 0.984792
vt 0.074798 0.974760
vt 0.074798 0.989103
vt 0.071411 0.987257
vt 0.071409 0.976704
vt 0.558195 0.976069
vt 0.558195 0.985194
vt 0.554668 0.982166
vt 0.554691 0.976694
vt 0.300046 0.981489
vt 0.300046 0.967491
vt 0.304762 0.968939
vt 0.304783 0.979287
vt 0.965756 0.118826
vt 0.965756 0.109410
vt 0.969561 0.110272
vt 0.969536 0.116067
vt 0.380603 0.971963
vt 0.380603 0.987002
vt 0.377509 0.985186
vt 0.377510 0.973933
vt 0.815433 0.973617
vt 0.815433 0.982947
vt 0.811971 0.980059
vt 0.811995 0.974304
vt 0.780759 0.970210
vt 0.780759 0.955519
vt 0.785506 0.956962
vt 0.785529 0.968002
vt 0.508039 0.983482
vt 0.508039 0.974143
vt 0.511813 0.974737
vt 0.511836 0.980400
vt 0.405054 0.972129
vt 0.405054 0.985945
vt 0.401640 0.984067
vt 0.401642 0.973956
vt 0.539320 0.975774
vt 0.539320 0.984960
vt 0.535726 0.982121
vt 0.535704 0.976547
vt 0.741494 0.978561
vt 0.741494 0.964809
vt 0.746230 0.966479
vt 0.746211 0.976551
vt 0.018454 0.988085
vt 0.018454 0.978454
vt 0.022131 0.979093
vt 0.022152 0.985086
vt 0.178755 0.975020
vt 0.178755 0.988964
vt 0.175635 0.987105
vt 0.175635 0.976866
vt 0.989169 0.069605
vt 0.989169 0.078972
vt 0.985617 0.076235
vt 0.985596 0.070401
vt 0.520152 0.979421
vt 0.520152 0.965541
vt 0.524926 0.967228
vt 0.524907 0.977428
vt 0.462613 0.971264
vt 0.462613 0.985259
vt 0.459203 0.983343
vt 0.459200 0.973123
vt 0.294488 0.978289
vt 0.294488 0.987458
vt 0.290916 0.984532
vt 0.290940 0.978998
vt 0.975659 0.590087
vt 0.975659 0.576436
vt 0.980370 0.577942
vt 0.980391 0.587956
vt 0.905234 0.979493
vt 0.905234 0.970250
vt 0.909089 0.971016
vt 0.909064 0.976580
vt 0.654666 0.969986
vt 0.654666 0.984677
vt 0.651548 0.982790
vt 0.651548 0.971872
vt 0.290916 0.978289
vt 0.290916 0.987641
vt 0.287412 0.984853
vt 0.287436 0.979055
vt 0.328478 0.981109
vt 0.328478 0.966765
vt 0.333224 0.968263
vt 0.333247 0.978968
vt 0.956610 0.919147
vt 0.956610 0.909626
vt 0.960383 0.910400
vt 0.960358 0.916291
vt 0.648429 0.969986
vt 0.648429 0.983738
vt 0.645037 0.981842
vt 0.645039 0.971795
vt 0.422194 0.976925
vt 0.422194 0.986126
vt 0.418607 0.983319
vt 0.418585 0.977721
vt 0.750967 0.978498
vt 0.750967 0.964809
vt 0.755707 0.966478
vt 0.755688 0.976487
vt 0.431165 0.984155
vt 0.431165 0.974781
vt 0.434930 0.975362
vt 0.434953 0.981062
vt 0.607795 0.972308
vt 0.607795 0.986188
vt 0.604697 0.984313
vt 0.604696 0.974137
vt 0.789873 0.973247
vt 0.789873 0.982628
vt 0.786326 0.979921
vt 0.786306 0.974062
vt 0.763628 0.977357
vt 0.763628 0.963541
vt 0.768403 0.965227
vt 0.768383 0.975362
vt 0.975275 0.793214
vt 0.975275 0.783541
vt 0.978944 0.784167
vt 0.978965 0.790203
vt 0.856557 0.967164
vt 0.856557 0.981506
vt 0.853146 0.979596
vt 0.853144 0.969027
vt 0.298050 0.978289
vt 0.298050 0.987459
vt 0.294488 0.984551
vt 0.294511 0.979013
vt 0.524926 0.979538
vt 0.524926 0.965541
vt 0.529638 0.967051
vt 0.529658 0.977413
vt 0.901374 0.979493
vt 0.901374 0.970250
vt 0.905234 0.970999
vt 0.905211 0.976566
vt 0.989542 0.000000
vt 0.989542 0.015039
vt 0.986423 0.013161
vt 0.986423 0.001893
vt 0.221001 0.978986
vt 0.221001 0.988339
vt 0.217506 0.985567
vt 0.217530 0.979767
vt 0.277075 0.980085
vt 0.277075 0.965394
vt 0.281822 0.966897
vt 0.281844 0.977950
vt 0.893984 0.383037
vt 0.893984 0.373516
vt 0.897763 0.374275
vt 0.897738 0.380167
vt 0.645036 0.969986
vt 0.645036 0.983802
vt 0.641644 0.981911
vt 0.641646 0.971800
vt 0.535704 0.975774
vt 0.535704 0.984975
vt 0.532109 0.982169
vt 0.532087 0.976571
vt 0.334677 0.982187
vt 0.334677 0.968435
vt 0.339418 0.970117
vt 0.339399 0.980190
vt 0.434953 0.984156
vt 0.434953 0.974781
vt 0.438713 0.975358
vt 0.438735 0.981058
vt 0.984897 0.734775
vt 0.984897 0.748720
vt 0.981799 0.746848
vt 0.981799 0.736608
vt 0.254358 0.978090
vt 0.254358 0.987471
vt 0.250804 0.984765
vt 0.250784 0.978906
vt 0.765028 0.796163
vt 0.765028 0.782283
vt 0.769803 0.783982
vt 0.769784 0.794182
vt 0.882386 0.980115
vt 0.882386 0.970443
vt 0.886050 0.971065
vt 0.886071 0.977102
vt 0.977855 0.158214
vt 0.983084 0.156746
vt 0.983084 0.165646
vt 0.977763 0.166906
vt 0.498405 0.969753
vt 0.503841 0.967950
vt 0.503841 0.977494
vt 0.498313 0.979082
vt 0.832579 0.968165
vt 0.838052 0.967164
vt 0.838052 0.975738
vt 0.832572 0.976750
vt 0.472069 0.970460
vt 0.477722 0.969055
vt 0.477722 0.977673
vt 0.472063 0.979087
vt 0.477812 0.970475
vt 0.483058 0.969055
vt 0.483058 0.978277
vt 0.477722 0.979489
vt 0.380771 0.970604
vt 0.386225 0.968846
vt 0.386225 0.978715
vt 0.380680 0.980257
vt 0.566270 0.970530
vt 0.571746 0.969537
vt 0.571746 0.978133
vt 0.566263 0.979137
vt 0.042429 0.974356
vt 0.048085 0.972959
vt 0.048085 0.981599
vt 0.042424 0.983005
vt 0.715576 0.976882
vt 0.710147 0.977955
vt 0.710239 0.969250
vt 0.715576 0.967968
vt 0.397791 0.978403
vt 0.392163 0.979797
vt 0.392255 0.970455
vt 0.397791 0.968846
vt 0.618022 0.218920
vt 0.612516 0.219928
vt 0.612523 0.211343
vt 0.618022 0.210344
vt 0.097643 0.980664
vt 0.091958 0.982077
vt 0.091963 0.973448
vt 0.097643 0.972045
vt 0.053527 0.982195
vt 0.048085 0.983218
vt 0.048175 0.974193
vt 0.053527 0.972959
vt 0.976778 0.330471
vt 0.971136 0.331819
vt 0.971226 0.322153
vt 0.976778 0.320590
vt 0.612516 0.218941
vt 0.607008 0.219942
vt 0.607015 0.211334
vt 0.612516 0.210344
vt 0.086780 0.980686
vt 0.081092 0.982090
vt 0.081097 0.973440
vt 0.086780 0.972045
vt 0.819645 0.011124
vt 0.823005 0.000000
vt 0.847596 0.001922
vt 0.848099 0.022970
vt 0.819455 0.054089
vt 0.817431 0.044394
vt 0.853561 0.056592
vt 0.124088 0.843756
vt 0.123652 0.851968
vt 0.081745 0.851912
vt 0.124706 0.813947
vt 0.081745 0.813934
vt 0.124669 0.786370
vt 0.081763 0.778857
vt 0.123794 0.772295
vt 0.124361 0.777945
vt 0.741494 0.841531
vt 0.741494 0.858780
vt 0.704530 0.869369
vt 0.709035 0.833631
vt 0.737552 0.817110
vt 0.487820 0.796197
vt 0.487382 0.806562
vt 0.444624 0.805137
vt 0.486668 0.812627
vt 0.036736 0.809099
vt 0.036736 0.827201
vt 0.004694 0.834253
vt -0.000000 0.797539
vt 0.031644 0.851479
vt 0.487866 0.770647
vt 0.444610 0.770655
vt 0.487229 0.745055
vt 0.444610 0.736119
vt 0.486044 0.732412
vt 0.486684 0.737360
vt 0.641644 0.833346
vt 0.642598 0.821543
vt 0.679684 0.816057
vt 0.672943 0.836371
vt 0.643874 0.817544
vt 0.646688 0.869372
vt 0.641688 0.845102
vt 0.669307 0.869372
vt 0.820194 0.056592
vt 0.192542 0.102335
vt 0.192711 0.108831
vt 0.160800 0.102335
vt 0.027363 0.865133
vt 0.002486 0.860843
vt 0.187899 0.123728
vt 0.187720 0.157790
vt 0.160800 0.157794
vt 0.187491 0.218279
vt 0.187566 0.296630
vt 0.160800 0.255923
vt 0.187978 0.356751
vt 0.160801 0.377395
vt 0.193517 0.369940
vt 0.734498 0.803685
vt 0.708378 0.807378
vt 0.193330 0.377395
vt 0.817523 0.030202
vt 0.444302 0.186988
vt 0.439891 0.208695
vt 0.398373 0.214582
vt 0.385507 0.179877
vt 0.381652 0.153476
vt 0.444018 0.153476
vt 0.688309 0.195720
vt 0.628492 0.190699
vt 0.640732 0.155736
vt 0.684679 0.161851
vt 0.687668 0.216764
vt 0.623569 0.216764
vt 0.662702 0.149763
vt 0.419774 0.218761
vt 0.191813 0.482523
vt 0.191688 0.492030
vt 0.183339 0.510980
vt 0.160799 0.482523
vt 0.175545 0.516133
vt 0.148834 0.522592
vt 0.096758 0.130065
vt 0.096759 0.377395
vt 0.096758 0.255923
vt 0.096748 -0.000000
vt 0.160791 0.000000
vt 0.096756 0.482523
vt 0.096755 0.526559
vt 0.645532 0.403839
vt 0.645532 0.375949
vt 0.658973 0.398233
vt 0.653366 0.403427
vt 0.645532 0.311906
vt 0.695506 0.311902
vt 0.693853 0.337224
vt 0.668577 0.394267
vt 0.688349 0.392238
vt 0.380680 0.655478
vt 0.444610 0.655536
vt 0.785917 0.526643
vt 0.786687 0.526842
vt 0.449635 0.943969
vt 0.444610 0.946039
vt 0.444647 0.930300
vt 0.450458 0.926898
vt 0.217565 0.692412
vt 0.215735 0.678537
vt 0.226648 0.691107
vt 0.444610 0.919380
vt 0.211367 0.689141
vt 0.208147 0.678014
vt 0.205895 0.686613
vt 0.204256 0.677384
vt 0.086780 0.979473
vt 0.091958 0.975090
vt 0.090818 0.983070
vt 0.200626 0.639960
vt 0.204778 0.640557
vt 0.211559 0.641496
vt 0.199337 0.590334
vt 0.203702 0.593317
vt 0.213249 0.603421
vt 0.284364 0.505985
vt 0.328201 0.504883
vt 0.326328 0.514144
vt 0.298227 0.514598
vt 0.269495 0.514939
vt 0.284112 0.496866
vt 0.329594 0.495322
vt 0.326333 0.484301
vt 0.283514 0.485289
vt 0.282673 0.460036
vt 0.320143 0.459825
vt 0.315703 0.430533
vt 0.280541 0.430534
vt 0.232923 0.514940
vt 0.233190 0.506161
vt 0.233278 0.496874
vt 0.233201 0.485095
vt 0.556909 0.188129
vt 0.557295 0.205630
vt 0.547931 0.205030
vt 0.547926 0.183631
vt 0.232751 0.459786
vt 0.594581 0.193049
vt 0.594553 0.207777
vt 0.569205 0.206303
vt 0.569153 0.191477
vt 0.231613 0.430480
vt 0.539224 0.204359
vt 0.538973 0.177687
vt 0.570095 0.172578
vt 0.558631 0.166242
vt 0.623569 0.192131
vt 0.623568 0.210280
vt 0.623502 0.179147
vt 0.594885 0.177663
vt 0.546774 0.141084
vt 0.538538 0.143012
vt 0.537442 0.110171
vt 0.544621 0.110831
vt 0.531642 0.110675
vt 0.531680 0.073057
vt 0.537556 0.072942
vt 0.545985 0.073157
vt 0.531725 0.022770
vt 0.551130 0.054814
vt 0.544770 0.062096
vt 0.542534 0.022215
vt 0.547203 0.015199
vt 0.552496 0.063207
vt 0.558577 0.049719
vt 0.559575 0.057444
vt 0.557920 0.016079
vt 0.580656 0.044350
vt 0.580267 0.017143
vt 0.580686 0.051193
vt 0.902153 0.165107
vt 0.902153 0.173536
vt 0.897349 0.170496
vt 0.897749 0.162963
vt 0.345461 0.887591
vt 0.345765 0.879447
vt 0.348381 0.879545
vt 0.346191 0.869683
vt 0.348970 0.869486
vt 0.880214 0.709234
vt 0.874212 0.712676
vt 0.873444 0.701321
vt 0.880022 0.699388
vt 0.880573 0.718248
vt 0.875048 0.723351
vt 0.345877 0.829759
vt 0.348876 0.829808
vt 0.870625 0.660675
vt 0.877265 0.659481
vt 0.194899 0.594984
vt 0.345461 0.783123
vt 0.867555 0.616504
vt 0.874072 0.613467
vt 0.794202 0.967736
vt 0.800413 0.963222
vt 0.798963 0.972375
vt 0.193517 0.586938
vt 0.972070 0.619404
vt 0.969710 0.616117
vt 0.971757 0.614910
vt 0.915810 0.738547
vt 0.916103 0.764054
vt 0.913321 0.761421
vt 0.912447 0.737204
vt 0.907918 0.762310
vt 0.907161 0.737432
vt 0.915285 0.706908
vt 0.911905 0.705965
vt 0.911781 0.692408
vt 0.906780 0.692313
vt 0.907455 0.623495
vt 0.912547 0.623610
vt 0.912534 0.613558
vt 0.916110 0.613597
vt 0.916151 0.623883
vt 0.540077 0.010664
vt 0.542260 0.013860
vt 0.531702 0.010974
vt 0.531639 0.004292
vt 0.539889 0.003979
vt 0.539692 0.000345
vt 0.531525 0.000671
vt 0.894041 0.507511
vt 0.889716 0.508027
vt 0.889716 0.499792
vt 0.894127 0.499276
vt 0.971713 0.595198
vt 0.967561 0.597768
vt 0.968734 0.574132
vt 0.971677 0.572228
vt 0.969563 0.561876
vt 0.971648 0.561712
vt 0.524996 0.517721
vt 0.529504 0.553690
vt 0.521290 0.553208
vt 0.516783 0.517799
vt 0.536669 0.517698
vt 0.549079 0.517710
vt 0.553382 0.555174
vt 0.541095 0.554404
vt 0.596061 0.517730
vt 0.598364 0.557997
vt 0.634937 0.517750
vt 0.641644 0.560721
vt 0.468423 0.548764
vt 0.468788 0.575878
vt 0.502764 0.548079
vt 0.503748 0.573725
vt 0.468068 0.502582
vt 0.501810 0.502616
vt 0.919419 0.822088
vt 0.919639 0.792753
vt 0.927801 0.792906
vt 0.927573 0.822538
vt 0.504306 0.580444
vt 0.468996 0.583091
vt 0.859827 0.728166
vt 0.875621 0.728780
vt 0.859841 0.733708
vt 0.859827 0.717086
vt 0.859840 0.705326
vt 0.859893 0.662521
vt 0.859954 0.619486
vt 0.513556 0.547786
vt 0.514743 0.572725
vt 0.512405 0.502641
vt 0.511903 0.423792
vt 0.511905 0.433818
vt 0.484651 0.433697
vt 0.484535 0.423817
vt 0.919790 0.783496
vt 0.927945 0.784637
vt 0.515416 0.579155
vt 0.967030 0.610427
vt 0.232200 0.572963
vt 0.255109 0.569236
vt 0.237891 0.576399
vt 0.209436 0.573941
vt 0.207260 0.578474
vt 0.186674 0.681070
vt 0.186674 0.687093
vt 0.185196 0.682035
vt 0.915026 0.765486
vt 0.908474 0.768817
vt 0.456864 0.941537
vt 0.453110 0.942728
vt 0.454053 0.926917
vt 0.457901 0.927749
vt 0.462005 0.917480
vt 0.469488 0.921756
vt 0.465602 0.930340
vt 0.457697 0.915480
vt 0.224920 0.644253
vt 0.229004 0.675786
vt 0.222802 0.676708
vt 0.218259 0.642787
vt 0.219517 0.678156
vt 0.215029 0.642114
vt 0.227580 0.615170
vt 0.221021 0.611491
vt 0.216992 0.608499
vt 0.226781 0.600835
vt 0.236471 0.593299
vt 0.240630 0.598850
vt 0.232397 0.605613
vt 0.330646 0.483186
vt 0.222804 0.595798
vt 0.222190 0.585025
vt 0.328622 0.458901
vt 0.259118 0.586491
vt 0.260789 0.591999
vt 0.287308 0.581369
vt 0.287412 0.586191
vt 0.322912 0.430459
vt 0.914508 0.599551
vt 0.919165 0.599641
vt 0.916839 0.608558
vt 0.690503 0.747584
vt 0.695380 0.736384
vt 0.703355 0.741361
vt 0.698425 0.750231
vt 0.690022 0.759406
vt 0.684613 0.760476
vt 0.684733 0.745382
vt 0.697052 0.760115
vt 0.693656 0.783296
vt 0.699392 0.782029
vt 0.688838 0.785168
vt 0.703355 0.808960
vt 0.698756 0.810906
vt 0.623510 0.173767
vt 0.595126 0.172036
vt 0.560885 0.114177
vt 0.563663 0.140563
vt 0.556144 0.140764
vt 0.552563 0.112301
vt 0.548697 0.111488
vt 0.551485 0.140883
vt 0.563026 0.087117
vt 0.554732 0.081924
vt 0.550460 0.077829
vt 0.558622 0.072270
vt 0.564709 0.065798
vt 0.571568 0.071799
vt 0.566550 0.078115
vt 0.554984 0.068138
vt 0.561641 0.061932
vt 0.580748 0.055135
vt 0.580858 0.059118
vt 0.581078 0.066061
vt 0.802025 0.713394
vt 0.809193 0.718522
vt 0.806051 0.725302
vt 0.796848 0.719370
vt 0.786710 0.689479
vt 0.779790 0.692536
vt 0.777921 0.664649
vt 0.769878 0.665065
vt 0.781640 0.647874
vt 0.777951 0.655701
vt 0.770192 0.654367
vt 0.774785 0.644753
vt 0.790143 0.630007
vt 0.794864 0.635109
vt 0.811798 0.613467
vt 0.815063 0.619649
vt 0.716212 0.087050
vt 0.720394 0.096537
vt 0.714267 0.101296
vt 0.708985 0.089462
vt 0.727095 0.101696
vt 0.722383 0.107733
vt 0.745474 0.106333
vt 0.743356 0.112674
vt 0.770317 0.106640
vt 0.770223 0.112858
vt 0.712418 0.062965
vt 0.704948 0.063239
vt 0.713049 0.038368
vt 0.705791 0.036107
vt 0.719251 0.025602
vt 0.715526 0.030729
vt 0.708879 0.026948
vt 0.713589 0.020398
vt 0.744175 0.007188
vt 0.746558 0.014003
vt 0.734940 0.018063
vt 0.723228 0.022526
vt 0.722813 0.014212
vt 0.770317 0.007522
vt 0.769209 0.000000
vt 0.916151 0.771481
vt 0.914818 0.770190
vt 0.912792 0.768905
vt 0.464609 0.939263
vt 0.812091 0.718810
vt 0.815063 0.726459
vt 0.201030 0.578733
vt 0.204004 0.574134
vt 0.915162 0.691971
vt 0.915225 0.699660
vt 0.199707 0.459605
vt 0.211538 0.484981
vt 0.200090 0.484921
vt 0.198653 0.430459
vt 0.210647 0.514954
vt 0.210396 0.518903
vt 0.199793 0.514961
vt 0.704688 0.084482
vt 0.704242 0.091869
vt 0.694763 0.091918
vt 0.692269 0.088890
vt 0.298250 0.517562
vt 0.268905 0.518094
vt 0.232713 0.518642
vt 0.278810 0.561191
vt 0.272035 0.561619
vt 0.295842 0.543628
vt 0.301821 0.543427
vt 0.311675 0.528029
vt 0.320019 0.527907
vt 0.317729 0.517175
vt 0.325435 0.517808
vt 0.323762 0.524188
vt 0.795159 0.961615
vt 0.797274 0.960006
vt 0.794202 0.955556
vt 0.193937 0.579042
vt 0.199882 0.580667
vt 0.203603 0.581609
vt 0.212865 0.583577
vt 0.234723 0.586263
vt 0.235336 0.589783
vt 0.258981 0.585453
vt 0.287294 0.580196
vt 0.258898 0.584463
vt 0.287310 0.579042
vt 0.250769 0.979343
vt 0.244564 0.979493
vt 0.250784 0.965677
vt 0.764946 0.921800
vt 0.769064 0.915284
vt 0.768307 0.930552
vt 0.763628 0.944170
vt 0.763739 0.930337
vt 0.768239 0.944319
vt 0.918969 0.563158
vt 0.914313 0.562940
vt 0.915069 0.511628
vt 0.919699 0.511922
vt 0.915429 0.476675
vt 0.920043 0.476987
vt 0.920781 0.613416
vt 0.815063 0.826855
vt 0.815364 0.819697
vt 0.828406 0.816875
vt 0.828710 0.823896
vt 0.267570 0.569203
vt 0.264324 0.565976
vt 0.916182 0.399533
vt 0.920781 0.400106
vt 0.691002 0.141365
vt 0.691694 0.134590
vt 0.699694 0.134483
vt 0.698855 0.143638
vt 0.693368 0.115177
vt 0.701805 0.115138
vt 0.694497 0.098195
vt 0.703611 0.098196
vt 0.199341 0.522314
vt 0.207304 0.521988
vt 0.206765 0.528682
vt 0.198684 0.528658
vt 0.204940 0.545531
vt 0.196810 0.545587
vt 0.202485 0.564735
vt 0.194623 0.564914
vt 0.201511 0.571344
vt 0.193750 0.574053
vt 0.687802 0.144332
vt 0.690299 0.149136
vt 0.633526 0.149763
vt 0.637563 0.144572
vt 0.972070 0.555710
vt 0.260718 0.573542
vt 0.915426 0.683342
vt 0.193517 0.579042
vt 0.698512 0.149251
vt 0.531529 0.176025
vt 0.531608 0.143229
vt 0.496342 0.758618
vt 0.489647 0.780108
vt 0.489051 0.780350
vt 0.495917 0.758178
vt 0.505636 0.737678
vt 0.505179 0.737361
vt 0.507854 0.732789
vt 0.507426 0.732412
vt 0.597431 0.880665
vt 0.597535 0.894316
vt 0.597052 0.894280
vt 0.596856 0.871139
vt 0.597129 0.963110
vt 0.597166 0.932205
vt 0.597648 0.932301
vt 0.597608 0.963153
vt 0.488834 0.798132
vt 0.494266 0.827599
vt 0.493839 0.828225
vt 0.488334 0.798897
vt 0.501131 0.848794
vt 0.500755 0.849349
vt 0.507854 0.858668
vt 0.507776 0.859602
vt 0.488449 0.789876
vt 0.487866 0.790053
vt 0.596856 0.982929
vt 0.597361 0.983709
vt 0.970706 0.245606
vt 0.970323 0.252130
vt 0.969726 0.252114
vt 0.970094 0.245288
vt 0.969924 0.269509
vt 0.969328 0.269521
vt 0.970387 0.289627
vt 0.969792 0.289675
vt 0.970826 0.296509
vt 0.970235 0.296710
vt 0.972720 0.242763
vt 0.972300 0.242182
vt 0.972720 0.299191
vt 0.972281 0.299662
vt 0.965741 0.918672
vt 0.965803 0.942522
vt 0.965341 0.942950
vt 0.965263 0.918496
vt 0.967429 0.888313
vt 0.966946 0.888164
vt 0.945134 0.851063
vt 0.942229 0.824972
vt 0.942690 0.824554
vt 0.945602 0.850666
vt 0.940362 0.810351
vt 0.940918 0.810206
vt 0.945857 0.863808
vt 0.946600 0.863567
vt 0.942830 0.777218
vt 0.945021 0.745625
vt 0.945489 0.745830
vt 0.943272 0.777730
vt 0.968566 0.950604
vt 0.967818 0.950129
vt 0.945529 0.739074
vt 0.945992 0.739346
vt 0.968119 0.873892
vt 0.968566 0.874377
vt 0.967941 0.882034
vt 0.967510 0.881239
vt 0.940922 0.802038
vt 0.941435 0.801671
vt 0.946150 0.731086
vt 0.946600 0.731526
vt 0.193326 0.536708
vt 0.193343 0.565503
vt 0.192789 0.566819
vt 0.192772 0.536646
vt 0.192864 0.526852
vt 0.193409 0.526559
vt 0.010145 0.994933
vt 0.009633 0.995630
vt 0.009781 0.993131
vt 0.010290 0.992735
vt 0.027608 0.994155
vt 0.027066 0.993858
vt 0.027633 0.990237
vt 0.009633 0.990187
vt 0.010147 0.990070
vt 0.974689 0.626862
vt 0.974072 0.601981
vt 0.974521 0.601971
vt 0.975139 0.626853
vt 0.974998 0.488063
vt 0.975452 0.488037
vt 0.974393 0.556851
vt 0.973939 0.556877
vt 0.957794 0.422594
vt 0.959439 0.446528
vt 0.958997 0.446514
vt 0.957338 0.422505
vt 0.957221 0.379403
vt 0.956761 0.379262
vt 0.960636 0.313710
vt 0.960176 0.313566
vt 0.960793 0.304013
vt 0.961212 0.304154
vt 0.961212 0.453077
vt 0.960695 0.452770
vt 0.975221 0.633613
vt 0.975659 0.633363
vt 0.380561 0.912671
vt 0.380629 0.949506
vt 0.380161 0.949492
vt 0.380092 0.912692
vt 0.379426 0.861157
vt 0.378958 0.861166
vt 0.596931 0.804223
vt 0.596930 0.727109
vt 0.597398 0.727141
vt 0.597398 0.804647
vt 0.959424 0.081693
vt 0.958185 0.095573
vt 0.957723 0.095495
vt 0.958956 0.081648
vt 0.026276 0.990070
vt 0.026276 0.996256
vt 0.034147 0.995573
vt 0.033820 0.990761
vt 0.034147 0.990070
vt 0.378710 0.956924
vt 0.378346 0.956477
vt 0.641087 0.759548
vt 0.640999 0.751893
vt 0.641484 0.751906
vt 0.641589 0.761228
vt 0.955546 0.066030
vt 0.958438 0.070128
vt 0.957982 0.070225
vt 0.955062 0.066080
vt 0.959630 0.075731
vt 0.959159 0.075760
vt 0.014410 0.997469
vt 0.014410 0.990070
vt 0.956098 0.059684
vt 0.378346 0.826503
vt 0.378808 0.826075
vt 0.044671 0.990070
vt 0.044671 0.991252
vt 0.022078 0.995997
vt 0.022557 0.996277
vt 0.025255 0.995147
vt 0.024730 0.990234
vt 0.025255 0.990070
vt 0.765491 0.918867
vt 0.787445 0.072388
vt 0.787393 0.059372
vt 0.787882 0.059543
vt 0.787933 0.072509
vt 0.787933 0.051934
vt 0.380407 0.705394
vt 0.379697 0.699494
vt 0.380407 0.696813
vt 0.640948 0.716698
vt 0.640936 0.667781
vt 0.641423 0.667888
vt 0.641435 0.716793
vt 0.640912 0.634423
vt 0.641399 0.634529
vt 0.018643 0.996276
vt 0.018643 0.990070
vt 0.023029 0.990070
vt 0.023507 0.995887
vt 0.023029 0.996027
vt 0.015763 0.990211
vt 0.016242 0.997234
vt 0.641101 0.560721
vt 0.641589 0.560870
vt 0.911769 0.250385
vt 0.912265 0.241223
vt 0.912856 0.241227
vt 0.912358 0.250414
vt 0.907453 0.286585
vt 0.910636 0.261943
vt 0.911224 0.261988
vt 0.908038 0.286653
vt 0.912274 0.232513
vt 0.912854 0.232345
vt 0.902153 0.315056
vt 0.902815 0.314750
vt 0.188705 0.591170
vt 0.188750 0.599909
vt 0.188219 0.599905
vt 0.188183 0.590980
vt 0.188990 0.609188
vt 0.188460 0.609208
vt 0.189444 0.620976
vt 0.190692 0.646242
vt 0.190163 0.646301
vt 0.188914 0.621012
vt 0.192772 0.675719
vt 0.192214 0.675393
vt 0.912668 0.224913
vt 0.912074 0.224961
vt 0.905925 0.181213
vt 0.903612 0.171658
vt 0.904207 0.171576
vt 0.906508 0.181086
vt 0.909473 0.201176
vt 0.910062 0.201081
vt 0.911560 0.218532
vt 0.912152 0.218462
vt 0.189351 0.577330
vt 0.188913 0.583652
vt 0.188383 0.583616
vt 0.188823 0.577253
vt 0.190641 0.560366
vt 0.190116 0.560270
vt 0.192162 0.540996
vt 0.191640 0.540879
vt 0.192726 0.531777
vt 0.192200 0.531715
vt 0.192772 0.526559
vt 0.192262 0.526722
vt 0.902153 0.166270
vt 0.902428 0.165730
vt 0.426358 0.880006
vt 0.426520 0.870563
vt 0.427114 0.870488
vt 0.426950 0.879943
vt 0.426028 0.889672
vt 0.426642 0.889602
vt 0.426246 0.860398
vt 0.425448 0.856314
vt 0.426017 0.856136
vt 0.426791 0.860108
vt 0.425197 0.850000
vt 0.425955 0.849847
vt 0.426809 0.901774
vt 0.426267 0.901939
vt 0.426677 0.925478
vt 0.427219 0.925421
vt 0.425197 0.952775
vt 0.425770 0.952410
vt 0.426523 0.866772
vt 0.427112 0.866717
vt 0.927714 0.405400
vt 0.926504 0.409297
vt 0.925869 0.409410
vt 0.927146 0.405221
vt 0.930294 0.400216
vt 0.931283 0.399533
vt 0.925095 0.415509
vt 0.924555 0.415431
vt 0.924350 0.419227
vt 0.922863 0.428545
vt 0.922325 0.428548
vt 0.923808 0.419196
vt 0.921364 0.437936
vt 0.921827 0.438159
vt 0.921224 0.450410
vt 0.920781 0.450516
vt 0.924266 0.474476
vt 0.923837 0.474565
vt 0.931283 0.502976
vt 0.930730 0.502656
vt 0.200062 0.506040
vt 0.200140 0.496734
vt 0.211378 0.496457
vt 0.211040 0.507207
vt 0.231001 0.499604
vt 0.230004 0.496377
vt 0.219946 0.514948
vt 0.219683 0.518794
vt 0.226772 0.508997
vt 0.220277 0.508961
vt 0.216347 0.499523
vt 0.216298 0.504636
vt 0.220443 0.495254
vt 0.217390 0.496309
vt 0.226937 0.495289
vt 0.217250 0.507868
vt 0.230953 0.504716
vt 0.229865 0.507937
vt 0.597357 0.870936
vt 0.912648 -0.000000
vt 0.910877 0.006659
vt 0.906154 0.000026
vt 0.903071 0.001115
vt 0.902013 0.004346
vt 0.902013 0.009458
vt 0.903041 0.012675
vt 0.906118 0.013735
vt 0.912612 0.013709
vt 0.915655 0.012625
vt 0.956610 0.916382
vt 0.947379 0.919379
vt 0.954348 0.913874
vt 0.950288 0.910863
vt 0.947379 0.909626
vt 0.915686 0.001065
vt 0.547731 0.155278
vt 0.562790 0.154622
vt 0.558144 0.157924
vt 0.571087 0.166263
vt 0.694553 0.813146
vt 0.025255 0.994893
vt 0.025791 0.992408
vt 0.454544 0.912494
vt 0.038495 0.990565
vt 0.038402 0.991717
vt 0.641120 0.761736
vt 0.965751 0.058739
vt 0.960077 0.061468
vt 0.959674 0.018104
vt 0.965756 0.015703
vt 0.965754 0.101543
vt 0.960504 0.106537
vt 0.965756 0.113304
vt 0.960623 0.118848
vt 0.894350 0.961547
vt 0.886695 0.965263
vt 0.888022 0.956395
vt 0.895516 0.952897
vt 0.895516 0.967347
vt 0.889402 0.974627
vt 0.019844 0.990070
vt 0.019844 0.995479
vt 0.019417 0.996002
vt 0.019327 0.990787
vt 0.956116 0.725200
vt 0.959564 0.729753
vt 0.959004 0.729837
vt 0.955742 0.725564
vt 0.152208 0.886075
vt 0.151664 0.885936
vt 0.151064 0.877529
vt 0.151558 0.877305
vt 0.971687 0.134892
vt 0.972187 0.134988
vt 0.971723 0.143126
vt 0.971177 0.143731
vt 0.972804 0.125235
vt 0.972311 0.125226
vt 0.953604 0.716908
vt 0.953531 0.707696
vt 0.953945 0.707701
vt 0.954033 0.716754
vt 0.973273 0.085312
vt 0.972788 0.085296
vt 0.955214 0.669751
vt 0.955628 0.669816
vt 0.973773 0.038678
vt 0.973319 0.039046
vt 0.959140 0.626142
vt 0.959564 0.626076
vt 0.973637 0.030184
vt 0.973127 0.031004
vt 0.704324 0.181010
vt 0.704077 0.149763
vt 0.704636 0.149919
vt 0.704869 0.180947
vt 0.704077 0.202464
vt 0.704622 0.202384
vt 0.151064 0.901152
vt 0.151604 0.901389
vt 0.973326 0.022901
vt 0.972867 0.023379
vt 0.971177 0.015703
vt 0.971737 0.016651
vt 0.788796 0.423094
vt 0.788806 0.413588
vt 0.789318 0.413881
vt 0.789318 0.423345
vt 0.957810 0.793780
vt 0.946683 0.790938
vt 0.797028 0.885360
vt 0.807366 0.875820
vt 0.807366 0.898477
vt 0.796888 0.899777
vt 0.923060 0.969751
vt 0.921439 0.979257
vt 0.921439 0.967486
vt 0.017596 0.996076
vt 0.017050 0.995539
vt 0.017044 0.990146
vt 0.597440 0.812971
vt 0.597455 0.816961
vt 0.596930 0.816654
vt 0.596943 0.812716
vt 0.597559 0.805044
vt 0.597146 0.804647
vt 0.009183 0.998276
vt 0.009633 0.998222
vt 0.597559 0.820705
vt 0.597049 0.820342
vt 0.817418 0.805764
vt 0.828026 0.802622
vt 0.816951 0.770765
vt 0.827008 0.745366
vt 0.816346 0.721914
vt 0.815923 0.688559
vt 0.826088 0.670882
vt 0.632895 0.400158
vt 0.633736 0.387258
vt 0.644277 0.386179
vt 0.631697 0.373292
vt 0.645360 0.373560
vt 0.097844 0.946603
vt 0.097550 0.960109
vt 0.085166 0.962297
vt 0.097844 0.969747
vt 0.081092 0.972045
vt 0.345583 0.915854
vt 0.345522 0.903160
vt 0.348503 0.903215
vt 0.348563 0.915908
vt 0.936884 0.500137
vt 0.933828 0.500117
vt 0.933116 0.485423
vt 0.574070 0.417807
vt 0.577009 0.417803
vt 0.577269 0.420760
vt 0.574329 0.420764
vt 0.968566 0.945124
vt 0.971622 0.945104
vt 0.972376 0.959726
vt 0.180589 0.681296
vt 0.180589 0.684290
vt 0.177627 0.684064
vt 0.345461 0.890466
vt 0.348442 0.890521
vt 0.932111 0.485423
vt 0.932111 0.472458
vt 0.933828 0.470730
vt 0.973381 0.959712
vt 0.973418 0.972623
vt 0.971707 0.974367
vt 0.345617 0.887591
vt 0.348598 0.887646
vt 0.641713 0.418495
vt 0.644682 0.418539
vt 0.644682 0.421737
vt 0.641713 0.421692
vt 0.349511 0.902939
vt 0.349570 0.915262
vt 0.974387 0.946485
vt 0.974426 0.959785
vt 0.973343 0.946801
vt 0.936884 0.470708
vt 0.933548 0.469788
vt 0.937188 0.469788
vt 0.937188 0.501060
vt 0.933548 0.501060
vt 0.576481 0.421829
vt 0.574025 0.421829
vt 0.968651 0.974429
vt 0.972206 0.975386
vt 0.968566 0.975435
vt 0.349452 0.890617
vt 0.974464 0.973085
vt 0.931283 0.498780
vt 0.932111 0.498389
vt 0.349570 0.888438
vt 0.972116 0.944246
vt 0.823111 0.215719
vt 0.822136 0.214819
vt 0.822143 0.197910
vt 0.823111 0.196947
vt 0.938576 0.495572
vt 0.937490 0.494746
vt 0.937188 0.485107
vt 0.938257 0.485223
vt 0.937472 0.471601
vt 0.938576 0.469788
vt 0.470834 0.912494
vt 0.471965 0.914162
vt 0.470726 0.931244
vt 0.469488 0.931343
vt 0.471965 0.941181
vt 0.470885 0.942580
vt 0.077818 0.784032
vt 0.081634 0.784551
vt 0.081655 0.821489
vt 0.077839 0.822163
vt 0.953621 0.289433
vt 0.946849 0.289955
vt 0.946829 0.253017
vt 0.953600 0.252257
vt 0.969313 0.704681
vt 0.969313 0.626076
vt 0.973075 0.628467
vt 0.973128 0.703614
vt 0.957632 0.554891
vt 0.957677 0.479745
vt 0.964403 0.478010
vt 0.964403 0.555710
vt 0.988766 0.031759
vt 0.989769 0.027554
vt 0.991293 0.031019
vt 0.991293 0.038098
vt 0.077835 0.733898
vt 0.077839 0.700389
vt 0.081655 0.702561
vt 0.081651 0.734414
vt 0.946846 0.202879
vt 0.946850 0.171027
vt 0.953616 0.202114
vt 0.982896 0.940812
vt 0.980354 0.947643
vt 0.980354 0.937248
vt 0.574007 0.976363
vt 0.571746 0.980127
vt 0.317441 0.905375
vt 0.317427 0.919404
vt 0.313609 0.918889
vt 0.313623 0.903349
vt 0.919851 0.368974
vt 0.919852 0.383099
vt 0.913082 0.383867
vt 0.913082 0.369838
vt 0.241397 0.979124
vt 0.244006 0.982544
vt 0.241397 0.982902
vt 0.242876 0.989267
vt 0.772236 0.517248
vt 0.771772 0.507881
vt 0.785742 0.513246
vt 0.785554 0.520774
vt 0.785133 0.574089
vt 0.784873 0.595411
vt 0.771772 0.590943
vt 0.772026 0.569837
vt 0.772284 0.531345
vt 0.785511 0.535098
vt 0.926695 0.170269
vt 0.927900 0.177502
vt 0.920828 0.176036
vt 0.922556 0.228689
vt 0.929753 0.229664
vt 0.928865 0.191369
vt 0.921720 0.190206
vt 0.928472 0.185202
vt 0.175635 0.975020
vt 0.177416 0.966790
vt 0.180815 0.970612
vt 0.175635 0.960928
vt 0.927099 0.170569
vt 0.359678 0.602066
vt 0.349886 0.602745
vt 0.348361 0.595382
vt 0.358477 0.595789
vt 0.356377 0.586928
vt 0.345837 0.585149
vt 0.326480 0.597044
vt 0.337500 0.603806
vt 0.327930 0.604626
vt 0.323640 0.585276
vt 0.360593 0.610872
vt 0.355402 0.610094
vt 0.819217 0.585088
vt 0.817289 0.576784
vt 0.827806 0.576474
vt 0.829859 0.586327
vt 0.291707 0.661451
vt 0.287975 0.662617
vt 0.287412 0.631440
vt 0.291281 0.635164
vt 0.968186 0.294798
vt 0.959704 0.297278
vt 0.960573 0.271094
vt 0.969328 0.269464
vt 0.355361 0.579042
vt 0.132229 0.886605
vt 0.140645 0.885587
vt 0.141247 0.897000
vt 0.818049 0.547156
vt 0.821706 0.557617
vt 0.811000 0.558483
vt 0.148878 0.895968
vt 0.151064 0.907005
vt 0.142119 0.908017
vt 0.142618 0.853570
vt 0.151064 0.852020
vt 0.148158 0.862270
vt 0.140837 0.863236
vt 0.825645 0.569064
vt 0.814207 0.567753
vt 0.812066 0.561876
vt 0.833009 0.606347
vt 0.821025 0.598668
vt 0.831300 0.595486
vt 0.790006 0.607000
vt 0.787490 0.598345
vt 0.794419 0.599550
vt 0.810220 0.608936
vt 0.804269 0.600756
vt 0.818835 0.601104
vt 0.830739 0.608936
vt 0.579596 0.801246
vt 0.580160 0.801219
vt 0.584034 0.836613
vt 0.584581 0.836419
vt 0.592909 0.841961
vt 0.591967 0.841889
vt 0.130459 0.864441
vt 0.045436 0.819011
vt 0.147647 0.876753
vt 0.809960 0.554611
vt 0.808091 0.546913
vt 0.330284 0.634857
vt 0.339961 0.636837
vt 0.332318 0.641315
vt 0.959704 0.255974
vt 0.969174 0.260135
vt 0.960414 0.262365
vt 0.967010 0.242182
vt 0.124706 0.899892
vt 0.133294 0.898870
vt 0.091153 0.666681
vt 0.091337 0.688206
vt 0.081916 0.683614
vt 0.984422 0.297501
vt 0.982547 0.296519
vt 0.982701 0.288569
vt 0.985303 0.306746
vt 0.985605 0.313169
vt 0.983586 0.311978
vt 0.983321 0.305593
vt 0.985207 0.321890
vt 0.983196 0.320823
vt 0.891821 0.114188
vt 0.894246 0.114215
vt 0.894695 0.142809
vt 0.896860 0.142921
vt 0.982547 0.327424
vt 0.361874 0.636766
vt 0.352568 0.645109
vt 0.352474 0.639397
vt 0.349818 0.646950
vt 0.347701 0.686696
vt 0.340552 0.687703
vt 0.340544 0.666568
vt 0.347905 0.665620
vt 0.340319 0.650585
vt 0.347815 0.650411
vt 0.329042 0.614628
vt 0.338630 0.614034
vt 0.329610 0.623883
vt 0.339109 0.622251
vt 0.359164 0.613063
vt 0.359646 0.622909
vt 0.360663 0.617610
vt 0.360921 0.617496
vt 0.361203 0.623198
vt 0.982674 0.347966
vt 0.900587 0.157033
vt 0.902153 0.162963
vt 0.343032 0.626847
vt 0.341430 0.622029
vt 0.345775 0.612276
vt 0.342448 0.616732
vt 0.350690 0.609920
vt 0.356403 0.627587
vt 0.351991 0.630444
vt 0.346841 0.629940
vt 0.332720 0.665954
vt 0.332865 0.688686
vt 0.957883 0.783161
vt 0.965602 0.780962
vt 0.966568 0.784346
vt 0.957883 0.788486
vt 0.208952 0.970888
vt 0.204329 0.970810
vt 0.203588 0.967208
vt 0.208532 0.965685
vt 0.953366 0.613047
vt 0.944897 0.610298
vt 0.945749 0.606867
vt 0.953366 0.607790
vt 0.204917 0.979716
vt 0.201500 0.976875
vt 0.203588 0.974241
vt 0.207562 0.975862
vt 0.958137 0.777766
vt 0.964637 0.777578
vt 0.392163 0.979435
vt 0.386225 0.976210
vt 0.387207 0.972830
vt 0.391930 0.974080
vt 0.967278 0.786826
vt 0.958062 0.792336
vt 0.888779 0.382921
vt 0.890406 0.373885
vt 0.893984 0.382481
vt 0.201500 0.964694
vt 0.958741 0.773700
vt 0.945122 0.603433
vt 0.951202 0.602526
vt 0.388023 0.969405
vt 0.392163 0.968846
vt 0.378045 0.506933
vt 0.373416 0.508927
vt 0.380291 0.533336
vt 0.376030 0.537633
vt 0.486141 0.874274
vt 0.480919 0.870823
vt 0.480919 0.861180
vt 0.486141 0.863890
vt 0.485687 0.860884
vt 0.929255 0.804482
vt 0.935701 0.805159
vt 0.931722 0.783496
vt 0.937317 0.785097
vt 0.936986 0.788265
vt 0.931217 0.787099
vt 0.955800 0.526769
vt 0.957005 0.518556
vt 0.957632 0.518673
vt 0.956331 0.527101
vt 0.944897 0.478010
vt 0.950524 0.485317
vt 0.950017 0.485291
vt 0.953328 0.508108
vt 0.950408 0.501358
vt 0.951028 0.501223
vt 0.954031 0.508207
vt 0.949924 0.493275
vt 0.950182 0.497421
vt 0.949533 0.497356
vt 0.949332 0.493242
vt 0.486999 0.942109
vt 0.486338 0.942071
vt 0.487140 0.935048
vt 0.486585 0.951928
vt 0.485926 0.951958
vt 0.487864 0.965826
vt 0.487321 0.966319
vt 0.944897 0.539885
vt 0.947242 0.538637
vt 0.947636 0.539159
vt 0.945377 0.540484
vt 0.310023 0.639210
vt 0.307353 0.635278
vt 0.327780 0.637219
vt 0.328290 0.642003
vt 0.907605 0.613467
vt 0.975222 0.478035
vt 0.975659 0.478010
vt 0.624068 0.115808
vt 0.637298 0.115716
vt 0.634460 0.141137
vt 0.623781 0.144775
vt 0.531525 0.203499
vt 0.602413 0.015969
vt 0.602377 0.038996
vt 0.602400 0.044862
vt 0.602448 0.048219
vt 0.602547 0.053053
vt 0.602751 0.060068
vt 0.705476 0.869369
vt 0.727377 0.871434
vt 0.728848 0.890887
vt 0.704769 0.892385
vt 0.704622 0.898249
vt 0.704572 0.901607
vt 0.729543 0.901263
vt 0.704530 0.906441
vt 0.730043 0.908219
vt 0.704530 0.913460
vt 0.642664 0.089225
vt 0.638925 0.092699
vt 0.623569 0.091494
vt 0.623985 0.084344
vt 0.623633 0.149651
vt 0.642139 0.418427
vt 0.631697 0.418495
vt 0.625250 0.066266
vt 0.704948 0.066266
vt 0.704906 0.075573
vt 0.624652 0.075638
vt 0.627380 0.029018
vt 0.704368 0.029137
vt 0.704851 0.054452
vt 0.625916 0.054364
vt 0.629871 -0.000000
vt 0.703200 -0.000000
vt 0.764441 0.963208
vt 0.769064 0.963541
vt 0.955062 0.114393
vt 0.955522 0.114491
vt 0.787421 0.090556
vt 0.787909 0.090704
vt 0.313682 0.934173
vt 0.317441 0.933469
vt 0.913111 0.397932
vt 0.919839 0.399273
vt 0.815063 0.615141
vt 0.825460 0.613467
vt 0.968211 0.642434
vt 0.968935 0.651741
vt 0.968351 0.651820
vt 0.967629 0.642527
vt 0.969313 0.663588
vt 0.969084 0.688855
vt 0.968493 0.688883
vt 0.968723 0.663642
vt 0.967057 0.633783
vt 0.966478 0.633891
vt 0.966312 0.718027
vt 0.965753 0.717885
vt 0.023507 0.994316
vt 0.023599 0.990879
vt 0.024175 0.990921
vt 0.024120 0.994251
vt 0.051159 0.990540
vt 0.051159 0.990070
vt 0.051606 0.990410
vt 0.051089 0.990601
vt 0.023507 0.990377
vt 0.023946 0.990070
vt 0.966286 0.626076
vt 0.965753 0.626660
vt 0.163812 0.779561
vt 0.163736 0.772398
vt 0.164652 0.772295
vt 0.164347 0.779558
vt 0.814970 0.803997
vt 0.814970 0.815627
vt 0.814498 0.804556
vt 0.163792 0.797682
vt 0.163744 0.788291
vt 0.164276 0.788273
vt 0.164322 0.797642
vt 0.164226 0.834989
vt 0.163946 0.809602
vt 0.164475 0.809545
vt 0.164755 0.834908
vt 0.163736 0.864109
vt 0.164233 0.863855
vt 0.000730 0.994922
vt 0.000555 0.990070
vt 0.001216 0.990384
vt 0.001309 0.995018
vt 0.047926 0.990070
vt 0.047926 0.990573
vt 0.047534 0.991012
vt 0.047447 0.990392
vt 0.000555 0.995468
vt 0.000946 0.995908
vt 0.578187 0.805493
vt 0.578187 0.816024
vt 0.577651 0.815721
vt 0.178755 0.978922
vt 0.180910 0.975020
vt 0.180910 0.985525
vt 0.541952 0.979216
vt 0.539320 0.986239
vt 0.377988 0.402254
vt 0.377388 0.368137
vt 0.379935 0.368098
vt 0.380524 0.402229
vt 0.376729 0.334277
vt 0.375964 0.295153
vt 0.378510 0.295106
vt 0.379274 0.334235
vt 0.374755 0.243086
vt 0.377298 0.242875
vt 0.373712 0.231363
vt 0.376230 0.230932
vt 0.371379 0.225116
vt 0.374479 0.224681
vt 0.371763 0.222007
vt 0.919535 0.115879
vt 0.922050 0.116044
vt 0.918070 0.156307
vt 0.915574 0.155923
vt 0.915550 0.168605
vt 0.913082 0.168071
vt 0.364657 0.222923
vt 0.365206 0.220424
vt 0.349828 0.430291
vt 0.349823 0.428690
vt 0.378131 0.428868
vt 0.380680 0.430459
vt 0.507855 0.771031
vt 0.507934 0.740059
vt 0.508450 0.740059
vt 0.275885 0.802033
vt 0.275885 0.776502
vt 0.276526 0.776967
vt 0.503762 0.608617
vt 0.493293 0.613016
vt 0.503348 0.604922
vt 0.493287 0.605161
vt 0.501639 0.602391
vt 0.505202 0.630465
vt 0.180645 0.686877
vt 0.180589 0.681948
vt 0.625495 0.219927
vt 0.623569 0.218035
vt 0.625495 0.216764
vt 0.694268 0.212617
vt 0.695302 0.215539
vt 0.694268 0.217559
vt 0.191736 0.779380
vt 0.193316 0.779352
vt 0.191761 0.806748
vt 0.193407 0.806714
vt 0.856905 0.902376
vt 0.856780 0.873408
vt 0.858833 0.873288
vt 0.858957 0.902269
vt 0.857749 0.926681
vt 0.858670 0.926628
vt 0.856859 0.868530
vt 0.858957 0.868936
vt 0.043866 0.991758
vt 0.042925 0.990070
vt 0.043344 0.991966
vt 0.042925 0.992107
vt 0.445711 0.608370
vt 0.450352 0.608531
vt 0.497356 0.600523
vt 0.490306 0.601598
vt 0.467356 0.593763
vt 0.468695 0.590722
vt 0.455173 0.591439
vt 0.444610 0.583761
vt 0.450692 0.594167
vt 0.816824 0.259918
vt 0.817809 0.259654
vt 0.821929 0.264749
vt 0.821109 0.265212
vt 0.834425 0.279698
vt 0.833607 0.280161
vt 0.845593 0.292537
vt 0.844776 0.293003
vt 0.849664 0.296993
vt 0.849012 0.297642
vt 0.853057 0.297330
vt 0.852915 0.298032
vt 0.789839 0.413588
vt 0.788796 0.413264
vt 0.788798 0.361882
vt 0.789839 0.361633
vt 0.981979 0.230922
vt 0.982843 0.231584
vt 0.980889 0.234783
vt 0.979768 0.234507
vt 0.979696 0.258048
vt 0.978560 0.258048
vt 0.980890 0.284681
vt 0.979760 0.284959
vt 0.982843 0.287894
vt 0.981967 0.288569
vt 0.852468 0.219974
vt 0.853057 0.220649
vt 0.817971 0.255852
vt 0.817002 0.255558
vt 0.704525 0.879582
vt 0.703624 0.879577
vt 0.379697 0.571094
vt 0.380543 0.571093
vt 0.379697 0.561424
vt 0.380543 0.561217
vt 0.372984 0.981643
vt 0.372127 0.981149
vt 0.374604 0.977655
vt 0.375670 0.977853
vt 0.376312 0.953714
vt 0.377399 0.953664
vt 0.375477 0.941703
vt 0.376543 0.941291
vt 0.372127 0.938478
vt 0.372763 0.937653
vt 0.704507 0.897667
vt 0.703607 0.897332
vt 0.580186 0.007031
vt 0.602331 0.006083
vt 0.579978 0.000593
vt 0.602171 -0.000000
vt 0.961005 0.726651
vt 0.959564 0.704206
vt 0.964967 0.704756
vt 0.964967 0.727040
vt 0.823667 0.096000
vt 0.823995 0.060822
vt 0.846101 0.066614
vt 0.845818 0.094472
vt 0.801467 0.957830
vt 0.801250 0.943028
vt 0.823370 0.959869
vt 0.589517 0.966615
vt 0.587582 0.960385
vt 0.596199 0.955051
vt 0.596199 0.973934
vt 0.926528 0.648645
vt 0.916181 0.649859
vt 0.916485 0.617180
vt 0.926856 0.613467
vt 0.787519 0.461559
vt 0.824063 0.461403
vt 0.787801 0.433680
vt 0.787951 0.425687
vt 0.824419 0.423792
vt 0.824285 0.432088
vt 0.846269 0.057681
vt 0.805385 0.813648
vt 0.806892 0.813464
vt 0.807834 0.853486
vt 0.806354 0.853671
vt 0.806977 0.865910
vt 0.805385 0.867546
vt 0.980354 0.874639
vt 0.981082 0.873892
vt 0.983426 0.875696
vt 0.905108 0.328536
vt 0.904175 0.316470
vt 0.906814 0.328530
vt 0.911779 0.367362
vt 0.910101 0.367364
vt 0.979428 0.697409
vt 0.981399 0.698380
vt 0.980357 0.891701
vt 0.983420 0.912233
vt 0.980361 0.913514
vt 0.980354 0.881094
vt 0.113378 0.923391
vt 0.113428 0.924075
vt 0.110629 0.926011
vt 0.110195 0.925593
vt 0.109413 0.930642
vt 0.108886 0.930544
vt 0.108612 0.941293
vt 0.108072 0.941267
vt 0.107717 0.962881
vt 0.107145 0.963620
vt 0.117088 0.962748
vt 0.117257 0.963476
vt 0.123536 0.962502
vt 0.123693 0.963229
vt 0.020582 0.990412
vt 0.020579 0.994209
vt 0.019844 0.994051
vt 0.018645 0.994784
vt 0.018643 0.990508
vt 0.019327 0.990070
vt 0.019327 0.994511
vt 0.123693 0.922942
vt 0.123552 0.923639
vt 0.119928 0.923857
vt 0.120061 0.923162
vt 0.704475 0.723209
vt 0.641644 0.736384
vt 0.704493 0.702558
vt 0.671974 0.681960
vt 0.666581 0.658783
vt 0.704522 0.658262
vt 0.704506 0.682009
vt 0.641686 0.621250
vt 0.704530 0.626516
vt 0.704482 0.618797
vt 0.641644 0.615650
vt 0.704345 0.613467
vt 0.515481 0.772193
vt 0.515416 0.710845
vt 0.578215 0.729062
vt 0.578230 0.763827
vt 0.578173 0.775480
vt 0.578105 0.782371
vt 0.515416 0.779856
vt 0.578133 0.709422
vt 0.667223 0.702011
vt 0.688309 0.212617
vt 0.688309 0.149763
vt 0.704077 0.211959
vt 0.444475 0.605857
vt 0.380680 0.587078
vt 0.443447 0.583761
vt 0.945575 0.365996
vt 0.945575 0.395936
vt 0.919990 0.388003
vt 0.919990 0.359688
vt 0.232380 0.814178
vt 0.193520 0.814176
vt 0.193517 0.776502
vt 0.231164 0.776505
vt 0.232794 0.847671
vt 0.193517 0.847668
vt 0.876210 0.391486
vt 0.876210 0.422175
vt 0.847155 0.414840
vt 0.847155 0.383066
vt 0.552700 0.423792
vt 0.514283 0.385149
vt 0.552219 0.385149
vt 0.081745 0.851968
vt 0.106478 0.862257
vt 0.107145 0.905778
vt 0.081745 0.915667
vt 0.980677 0.613786
vt 0.975659 0.633614
vt 0.547076 0.226475
vt 0.547955 0.234778
vt 0.539253 0.224228
vt 0.514276 0.280804
vt 0.549878 0.280804
vt 0.982524 0.693421
vt 0.981800 0.693285
vt 0.981877 0.660493
vt 0.982602 0.660625
vt 0.981909 0.627939
vt 0.982635 0.628071
vt 0.981947 0.590323
vt 0.982673 0.590453
vt 0.981990 0.540052
vt 0.982716 0.540166
vt 0.981968 0.528313
vt 0.982694 0.528370
vt 0.981906 0.521802
vt 0.982631 0.521688
vt 0.981798 0.518411
vt 0.982516 0.518067
vt 0.014410 0.990471
vt 0.014409 0.994739
vt 0.013670 0.994426
vt 0.013670 0.990070
vt 0.487864 0.812953
vt 0.487721 0.821202
vt 0.486987 0.820896
vt 0.487131 0.812627
vt 0.487494 0.850804
vt 0.486760 0.850528
vt 0.348970 0.783355
vt 0.349672 0.783123
vt 0.349718 0.817924
vt 0.349016 0.818120
vt 0.349674 0.829238
vt 0.348970 0.829773
vt 0.704077 0.202465
vt 0.704783 0.202700
vt 0.704896 0.209431
vt 0.704196 0.209355
vt 0.704775 0.215008
vt 0.704077 0.214686
vt 0.976504 0.353750
vt 0.976990 0.353588
vt 0.977770 0.365331
vt 0.977279 0.365414
vt 0.977813 0.417412
vt 0.977322 0.417478
vt 0.977702 0.456543
vt 0.977211 0.456609
vt 0.977604 0.490410
vt 0.977112 0.490475
vt 0.977440 0.524531
vt 0.976948 0.524593
vt 0.976987 0.551142
vt 0.976504 0.550721
vt 0.975002 0.168735
vt 0.975713 0.168605
vt 0.976749 0.191084
vt 0.976030 0.190831
vt 0.973147 0.193920
vt 0.973934 0.194114
vt 0.974207 0.168803
vt 0.975002 0.168605
vt 0.982521 0.720895
vt 0.981798 0.720298
vt 0.801436 0.936827
vt 0.812147 0.936827
vt 0.812002 0.941685
vt 0.810912 0.229505
vt 0.816308 0.274976
vt 0.811194 0.274976
vt 0.805798 0.229505
vt 0.795509 0.274988
vt 0.790005 0.219974
vt 0.590275 0.951628
vt 0.717024 0.415331
vt 0.717024 0.423566
vt 0.716436 0.423520
vt 0.716434 0.415384
vt 0.789332 0.421807
vt 0.789318 0.413624
vt 0.789888 0.413588
vt 0.789888 0.421673
vt 0.042100 0.990302
vt 0.034875 0.990070
vt 0.034875 0.992292
vt 0.034147 0.991988
vt 0.037308 0.991958
vt 0.036766 0.992715
vt 0.039542 0.990355
vt 0.275885 0.825224
vt 0.275885 0.802733
vt 0.276474 0.802798
vt 0.276391 0.825278
vt 0.081019 0.879552
vt 0.081578 0.879162
vt 0.081015 0.889859
vt 0.080427 0.889829
vt 0.934684 0.016005
vt 0.940045 0.061174
vt 0.939621 0.061175
vt 0.934225 0.015703
vt 0.080907 0.912028
vt 0.081481 0.912063
vt 0.049890 0.991113
vt 0.049530 0.990513
vt 0.081578 0.912768
vt 0.276159 0.802033
vt 0.048791 0.990070
vt 0.049084 0.990744
vt 0.048492 0.990744
vt 0.046893 0.990070
vt 0.046893 0.990873
vt 0.046347 0.990721
vt 0.046316 0.990189
vt 0.046894 0.990896
vt 0.046894 0.990070
vt 0.047447 0.990214
vt 0.047416 0.990758
vt 0.981095 0.914191
vt 0.590753 0.951452
vt 0.514512 0.832023
vt 0.514821 0.815483
vt 0.515331 0.815462
vt 0.515264 0.831201
vt 0.514789 0.804575
vt 0.515313 0.804542
vt 0.514512 0.798323
vt 0.514995 0.797734
vt 0.024175 0.999444
vt 0.015341 0.998198
vt 0.015763 0.990339
vt 0.621212 0.954958
vt 0.621423 0.941681
vt 0.631454 0.941041
vt 0.631213 0.956228
vt 0.635946 0.571677
vt 0.640912 0.600482
vt 0.609510 0.574017
vt 0.177523 0.555043
vt 0.167532 0.555165
vt 0.641326 0.939056
vt 0.631484 0.932097
vt 0.641349 0.932207
vt 0.631243 0.925944
vt 0.641079 0.925803
vt 0.961213 0.463365
vt 0.956460 0.464893
vt 0.956460 0.454062
vt 0.959525 0.453077
vt 0.641055 0.956154
vt 0.178061 0.528520
vt 0.177946 0.534205
vt 0.168007 0.535265
vt 0.621453 0.932738
vt 0.621212 0.926584
vt 0.959575 0.474722
vt 0.859827 0.745609
vt 0.859827 0.733708
vt 0.870027 0.744887
vt 0.188085 0.531515
vt 0.188183 0.526559
vt 0.866291 0.952749
vt 0.873890 0.942050
vt 0.876501 0.950568
vt 0.870559 0.957566
vt 0.379615 0.677318
vt 0.366727 0.666151
vt 0.375730 0.706493
vt 0.361875 0.706494
vt 0.961212 0.464901
vt 0.969166 0.466301
vt 0.969540 0.476868
vt 0.961212 0.475391
vt 0.865844 0.938160
vt 0.858957 0.950624
vt 0.858957 0.937223
vt 0.876365 0.964480
vt 0.872386 0.964441
vt 0.632119 0.562785
vt 0.798090 0.981239
vt 0.794227 0.978747
vt 0.794202 0.973449
vt 0.798090 0.972375
vt 0.466002 0.973207
vt 0.465999 0.983410
vt 0.462613 0.985260
vt 0.819220 0.973462
vt 0.822690 0.973767
vt 0.822714 0.979332
vt 0.819220 0.982750
vt 0.458823 0.981387
vt 0.454086 0.979176
vt 0.454107 0.969177
vt 0.458823 0.967736
vt 0.639738 0.983027
vt 0.635946 0.980585
vt 0.635920 0.975046
vt 0.639738 0.974024
vt 0.979694 0.848414
vt 0.982785 0.850381
vt 0.982786 0.861284
vt 0.979694 0.863105
vt 0.228297 0.978779
vt 0.231686 0.979190
vt 0.231710 0.985117
vt 0.228297 0.988395
vt 0.975831 0.862759
vt 0.971060 0.860541
vt 0.971084 0.849851
vt 0.975831 0.848414
vt 0.946453 0.979477
vt 0.942633 0.976699
vt 0.942656 0.971162
vt 0.946453 0.970344
vt 0.911239 0.967486
vt 0.914651 0.969311
vt 0.914654 0.979358
vt 0.911239 0.981238
vt 0.574222 0.974927
vt 0.577801 0.975407
vt 0.577778 0.981100
vt 0.574222 0.984309
vt 0.454086 0.981425
vt 0.449369 0.979398
vt 0.449350 0.969390
vt 0.454086 0.967736
vt 0.659297 0.982675
vt 0.655563 0.979986
vt 0.655584 0.974199
vt 0.659297 0.973374
vt 0.986852 0.153180
vt 0.989972 0.155026
vt 0.989972 0.165201
vt 0.986852 0.167061
vt 0.978965 0.783541
vt 0.982486 0.784095
vt 0.982466 0.790127
vt 0.978965 0.793227
vt 0.014322 0.984904
vt 0.009568 0.982895
vt 0.009549 0.972760
vt 0.014322 0.971088
vt 0.697620 0.981989
vt 0.693751 0.979480
vt 0.693727 0.974178
vt 0.697620 0.973125
vt 0.068019 0.974760
vt 0.071409 0.976707
vt 0.071407 0.987260
vt 0.068019 0.989103
vt 0.808487 0.973617
vt 0.811948 0.973934
vt 0.811971 0.979504
vt 0.808487 0.982906
vt 0.520152 0.979539
vt 0.515416 0.977334
vt 0.515436 0.966986
vt 0.635920 0.983027
vt 0.632122 0.980568
vt 0.632098 0.975027
vt 0.635920 0.974024
vt 0.985845 0.079391
vt 0.988938 0.081364
vt 0.988939 0.092617
vt 0.985845 0.094430
vt 0.815817 0.973462
vt 0.819197 0.973884
vt 0.819220 0.979814
vt 0.815817 0.983077
vt 0.981986 0.014691
vt 0.977216 0.012481
vt 0.977239 0.001442
vt 0.981986 -0.000000
vt 0.733857 0.981620
vt 0.730043 0.978841
vt 0.730066 0.973303
vt 0.733857 0.972486
vt 0.398225 0.972129
vt 0.401637 0.973959
vt 0.401640 0.984070
vt 0.398225 0.985945
vt 0.687925 0.973768
vt 0.691512 0.974252
vt 0.691490 0.979945
vt 0.687925 0.983150
vt 0.750967 0.978561
vt 0.746250 0.976548
vt 0.746230 0.966476
vt 0.666744 0.982676
vt 0.663015 0.979987
vt 0.663036 0.974198
vt 0.666744 0.973374
vt 0.934895 0.967596
vt 0.938015 0.969445
vt 0.938015 0.979685
vt 0.934895 0.981541
vt 0.578230 0.974728
vt 0.581759 0.975286
vt 0.581738 0.981318
vt 0.578230 0.984415
vt 0.138832 0.982957
vt 0.134077 0.980963
vt 0.134057 0.970763
vt 0.138832 0.969077
vt 0.074799 0.974760
vt 0.078211 0.976622
vt 0.078209 0.986842
vt 0.074799 0.988755
vt 0.895516 0.972599
vt 0.899034 0.973001
vt 0.899057 0.978644
vt 0.895516 0.981949
vt 0.863689 0.978132
vt 0.858957 0.975998
vt 0.858978 0.965984
vt 0.863689 0.964481
vt 0.591447 0.982930
vt 0.587606 0.980315
vt 0.587582 0.974899
vt 0.591447 0.973934
vt 0.651547 0.971876
vt 0.651548 0.982794
vt 0.648429 0.984677
vt 0.978823 0.863150
vt 0.982255 0.863650
vt 0.982279 0.869636
vt 0.978823 0.872807
vt 0.102614 0.983429
vt 0.097844 0.981286
vt 0.097868 0.970581
vt 0.102614 0.969085
vt 0.595244 0.983084
vt 0.591472 0.980521
vt 0.591447 0.974860
vt 0.595244 0.973934
vt 0.918046 0.967486
vt 0.921437 0.969298
vt 0.921439 0.979345
vt 0.918046 0.981238
vt 0.581758 0.974728
vt 0.585340 0.975236
vt 0.585317 0.980963
vt 0.581758 0.984141
vt 0.449350 0.981425
vt 0.444629 0.979411
vt 0.444610 0.969402
vt 0.449350 0.967736
vt 0.942633 0.979510
vt 0.938826 0.976716
vt 0.938849 0.971143
vt 0.942633 0.970344
vt 0.311088 0.975000
vt 0.314187 0.976833
vt 0.314187 0.987008
vt 0.311088 0.988880
vt 0.148456 0.978605
vt 0.151980 0.979183
vt 0.151959 0.985250
vt 0.148456 0.988320
vt 0.000019 0.982908
vt 0.000000 0.972772
vt 0.741450 0.981826
vt 0.737727 0.979121
vt 0.737748 0.973292
vt 0.741450 0.972486
vt 0.358361 0.563049
vt 0.361775 0.564916
vt 0.361772 0.575485
vt 0.358361 0.577392
vt 0.224765 0.978779
vt 0.228274 0.979195
vt 0.228297 0.984841
vt 0.224765 0.988130
vt 0.143563 0.983075
vt 0.138832 0.980948
vt 0.138852 0.970586
vt 0.143563 0.969078
vt 0.737727 0.981483
vt 0.733880 0.978851
vt 0.733857 0.973432
vt 0.737727 0.972486
vt 0.377509 0.956924
vt 0.380629 0.958821
vt 0.380629 0.970088
vt 0.377509 0.971963
vt 0.257398 0.978338
vt 0.260820 0.978850
vt 0.260844 0.984839
vt 0.257398 0.987995
vt 0.031758 0.982925
vt 0.026990 0.980789
vt 0.027012 0.969736
vt 0.031758 0.968235
vt 0.986355 0.229990
vt 0.982577 0.227410
vt 0.982553 0.221747
vt 0.986355 0.220839
vt 0.914654 0.967486
vt 0.918045 0.969302
vt 0.918047 0.979414
vt 0.914654 0.981302
vt 0.684335 0.973768
vt 0.687925 0.974280
vt 0.687903 0.980007
vt 0.684335 0.983181
vt 0.927945 0.976866
vt 0.923223 0.974867
vt 0.923204 0.964794
vt 0.927945 0.963114
vt 0.274557 0.985792
vt 0.270756 0.982996
vt 0.270778 0.977423
vt 0.274557 0.976625
vt 0.983989 0.493988
vt 0.987088 0.495825
vt 0.987088 0.506065
vt 0.983989 0.507933
vt 0.144925 0.978605
vt 0.148456 0.979186
vt 0.148436 0.985254
vt 0.144925 0.988320
vt 0.134057 0.982957
vt 0.129301 0.980976
vt 0.129282 0.970776
vt 0.134057 0.969078
vt 0.663015 0.982715
vt 0.659297 0.980009
vt 0.659318 0.974179
vt 0.663015 0.973374
vt 0.623488 0.211315
vt 0.623569 0.219952
vt 0.618064 0.219132
vt 0.618064 0.210280
vt 0.493603 0.969309
vt 0.493684 0.978595
vt 0.487866 0.977459
vt 0.487866 0.967950
vt 0.889695 0.499784
vt 0.889716 0.508337
vt 0.884048 0.507819
vt 0.884048 0.499276
vt 0.576537 0.211223
vt 0.576556 0.219821
vt 0.570590 0.218934
vt 0.570590 0.210344
vt 0.058963 0.973948
vt 0.059042 0.982914
vt 0.053527 0.982140
vt 0.974527 0.721469
vt 0.974607 0.731086
vt 0.968778 0.729993
vt 0.968778 0.720154
vt 0.888757 0.374009
vt 0.888779 0.382584
vt 0.883108 0.382082
vt 0.883108 0.373516
vt 0.570571 0.211207
vt 0.570590 0.219828
vt 0.564621 0.218956
vt 0.564621 0.210344
vt 0.606927 0.211185
vt 0.607008 0.219836
vt 0.601399 0.219211
vt 0.601399 0.210344
vt 0.875460 0.965638
vt 0.875540 0.974937
vt 0.869628 0.974002
vt 0.869628 0.964480
vt 0.884027 0.499779
vt 0.884048 0.508333
vt 0.878344 0.507820
vt 0.878344 0.499276
vt 0.564602 0.211219
vt 0.564621 0.219818
vt 0.558618 0.218935
vt 0.558618 0.210344
vt 0.710067 0.968762
vt 0.710147 0.977740
vt 0.704530 0.977162
vt 0.704530 0.967968
vt 0.974409 0.864264
vt 0.974488 0.873892
vt 0.968566 0.873002
vt 0.968566 0.863150
vt 0.883087 0.374003
vt 0.883108 0.382580
vt 0.877402 0.382082
vt 0.877402 0.373516
vt 0.558599 0.211203
vt 0.558618 0.219825
vt 0.552612 0.218957
vt 0.501944 0.200944
vt 0.530263 0.197973
vt 0.527384 0.218829
vt 0.503419 0.212989
vt 0.499020 0.156129
vt 0.530263 0.163910
vt 0.500398 0.166250
vt 0.642259 0.807846
vt 0.684613 0.816016
vt 0.642702 0.816057
vt 0.641644 0.778036
vt 0.684604 0.778039
vt 0.641695 0.750459
vt 0.684613 0.742961
vt 0.642596 0.736384
vt 0.642014 0.742034
vt 0.880166 0.144562
vt 0.880166 0.176449
vt 0.846269 0.177083
vt 0.864094 0.142715
vt 0.699547 0.389916
vt 0.728112 0.399053
vt 0.695506 0.415282
vt 0.597704 0.792281
vt 0.640912 0.801213
vt 0.598152 0.802647
vt 0.598881 0.808711
vt 0.858957 0.783496
vt 0.887944 0.786633
vt 0.888412 0.823643
vt 0.859927 0.802371
vt 0.859455 0.828067
vt 0.597648 0.766731
vt 0.640904 0.766732
vt 0.598284 0.741139
vt 0.640912 0.732195
vt 0.599480 0.728496
vt 0.598833 0.733445
vt 0.380680 0.895324
vt 0.410282 0.882314
vt 0.410282 0.903717
vt 0.349560 0.960785
vt 0.340140 0.924212
vt 0.349560 0.918311
vt 0.842627 0.421717
vt 0.846727 0.392323
vt 0.846727 0.423752
vt 0.381871 0.856972
vt 0.403338 0.849847
vt 0.380712 0.882928
vt 0.498433 0.153476
vt 0.000974 0.102335
vt 0.032715 0.102335
vt 0.000805 0.108831
vt 0.883180 0.849806
vt 0.858957 0.842701
vt 0.005617 0.123728
vt 0.032715 0.157794
vt 0.005795 0.157790
vt 0.006025 0.218279
vt 0.032715 0.255923
vt 0.005950 0.296630
vt 0.032716 0.377395
vt 0.005539 0.356751
vt -0.000000 0.369940
vt 0.701907 0.375830
vt 0.728112 0.372792
vt 0.000188 0.377395
vt 0.501057 0.180982
vt 0.736334 0.615039
vt 0.743452 0.706623
vt 0.708713 0.688577
vt 0.714606 0.623249
vt 0.769878 0.613467
vt 0.769878 0.711067
vt 0.710480 0.527633
vt 0.745593 0.512563
vt 0.750637 0.606438
vt 0.716621 0.596882
vt 0.771772 0.607859
vt 0.704481 0.561213
vt 0.704530 0.655338
vt 0.010172 0.510980
vt 0.001824 0.492030
vt 0.001700 0.482523
vt 0.032714 0.482523
vt 0.044677 0.522592
vt 0.017966 0.516133
vt 0.032706 -0.000000
vt 0.645532 0.219974
vt 0.653366 0.220384
vt 0.658973 0.225577
vt 0.645532 0.247864
vt 0.693853 0.286580
vt 0.668577 0.229542
vt 0.688349 0.231567
vt 0.786416 0.507881
vt 0.787184 0.508115
vt 0.498282 0.212695
vt 0.498282 0.219408
vt 0.496518 0.218055
vt 0.947499 0.949032
vt 0.948179 0.968509
vt 0.941572 0.968252
vt 0.941785 0.951502
vt 0.730465 0.960813
vt 0.739422 0.943236
vt 0.739409 0.961544
vt 0.059470 0.955022
vt 0.059494 0.972011
vt 0.046334 0.971805
vt 0.048785 0.954482
vt 0.958240 0.303326
vt 0.957204 0.303563
vt 0.957204 0.299439
vt 0.958760 0.302201
vt 0.730870 0.962147
vt 0.739126 0.963112
vt 0.738643 0.964735
vt 0.731145 0.963415
vt 0.597487 0.840067
vt 0.594307 0.835250
vt 0.597487 0.835484
vt 0.224765 0.966210
vt 0.232056 0.965394
vt 0.232056 0.978779
vt 0.263847 0.978338
vt 0.258083 0.965394
vt 0.557222 0.422868
vt 0.553131 0.422600
vt 0.552701 0.419019
vt 0.557222 0.417803
vt 0.740582 0.972486
vt 0.730043 0.968758
vt 0.483058 0.969825
vt 0.487583 0.969055
vt 0.487583 0.981032
vt 0.483131 0.977825
vt 0.957777 0.007538
vt 0.958071 -0.000000
vt 0.965880 -0.000000
vt 0.968663 0.012535
vt 0.596294 0.839527
vt 0.593843 0.836273
vt 0.691673 0.212617
vt 0.691673 0.217356
vt 0.690385 0.216599
vt 0.046852 0.953165
vt 0.045501 0.972411
vt 0.042742 0.971511
vt 0.045307 0.953800
vt 0.597056 0.822434
vt 0.947281 0.947064
vt 0.939502 0.950444
vt 0.731187 0.938627
vt 0.731237 0.937163
vt 0.739803 0.940893
vt 0.738731 0.941948
vt 0.939899 0.969944
vt 0.948097 0.970344
vt 0.348037 0.960785
vt 0.349544 0.975097
vt 0.348037 0.977091
vt 0.938826 0.968978
vt 0.938826 0.951719
vt 0.941101 0.952777
vt 0.493684 0.967950
vt 0.498313 0.978999
vt 0.493684 0.981261
vt 0.059494 0.953614
vt 0.048854 0.953063
vt 0.048197 0.946327
vt 0.958052 0.286049
vt 0.959413 0.303006
vt 0.042424 0.972959
vt 0.772330 0.597215
vt 0.773396 0.610627
vt 0.772442 0.609300
vt 0.771772 0.598239
vt 0.742285 0.961941
vt 0.741494 0.950060
vt 0.741832 0.950188
vt 0.742591 0.961695
vt 0.742424 0.948300
vt 0.742587 0.948761
vt 0.756567 0.946213
vt 0.756450 0.946718
vt 0.757184 0.947046
vt 0.756860 0.947272
vt 0.757184 0.963214
vt 0.756861 0.963014
vt 0.756051 0.964809
vt 0.755939 0.964311
vt 0.743586 0.963764
vt 0.743729 0.963290
vt 0.505250 0.729099
vt 0.505467 0.717569
vt 0.507215 0.717898
vt 0.507007 0.728978
vt 0.506339 0.716212
vt 0.507853 0.716922
vt 0.972931 0.143731
vt 0.972880 0.165524
vt 0.971177 0.165837
vt 0.971478 0.144347
vt 0.972931 0.166147
vt 0.972809 0.304013
vt 0.972809 0.319747
vt 0.971201 0.319525
vt 0.971136 0.304184
vt 0.900375 0.273867
vt 0.900375 0.272419
vt 0.902134 0.272637
vt 0.902147 0.273691
vt 0.900375 0.253263
vt 0.901901 0.253871
vt 0.506249 0.730785
vt 0.507853 0.730375
vt 0.786217 0.595411
vt 0.786217 0.610750
vt 0.785531 0.611686
vt 0.046988 0.951738
vt 0.740582 0.942189
vt 0.592909 0.835337
vt 0.595646 0.822379
vt 0.940506 0.967268
vt 0.957204 0.301907
vt 0.948358 0.302599
vt 0.946829 0.300612
vt 0.578910 0.953418
vt 0.584623 0.955887
vt 0.584836 0.972635
vt 0.578230 0.972892
vt 0.327872 0.870469
vt 0.318916 0.852889
vt 0.327151 0.848280
vt 0.778575 0.200550
vt 0.789375 0.199734
vt 0.791714 0.216994
vt 0.778459 0.217541
vt 0.639175 0.960822
vt 0.638633 0.956731
vt 0.639937 0.956825
vt 0.640456 0.957885
vt 0.327468 0.871803
vt 0.327193 0.873072
vt 0.319694 0.874390
vt 0.319211 0.872768
vt 0.602462 0.727109
vt 0.602786 0.722519
vt 0.605981 0.722565
vt 0.604161 0.709686
vt 0.596930 0.722802
vt 0.632098 0.960719
vt 0.633684 0.956228
vt 0.328294 0.878416
vt 0.317755 0.882142
vt 0.566263 0.970291
vt 0.566202 0.978294
vt 0.561840 0.981515
vt 0.937988 0.777921
vt 0.927102 0.782918
vt 0.929883 0.770383
vt 0.937692 0.770383
vt 0.692973 0.216171
vt 0.691673 0.216854
vt 0.606378 0.723696
vt 0.603708 0.726817
vt 0.794838 0.216613
vt 0.792428 0.217580
vt 0.791089 0.198370
vt 0.792428 0.198967
vt 0.579127 0.951452
vt 0.586905 0.954831
vt 0.319607 0.851601
vt 0.318534 0.850543
vt 0.957195 0.303563
vt 0.586509 0.974329
vt 0.578311 0.974728
vt 0.956834 0.875569
vt 0.955161 0.873581
vt 0.956834 0.859290
vt 0.585308 0.957162
vt 0.587582 0.956107
vt 0.587582 0.973363
vt 0.948495 0.289955
vt 0.956596 0.289955
vt 0.193420 0.678366
vt 0.192772 0.677507
vt 0.193420 0.659672
vt 0.641340 0.974024
vt 0.641340 0.956987
vt 0.795100 0.218053
vt 0.318929 0.871198
vt 0.807172 0.197226
vt 0.808619 0.198559
vt 0.795100 0.197845
vt 0.796049 0.196947
vt 0.013572 0.947510
vt 0.013372 0.947989
vt 0.001794 0.947773
vt 0.001616 0.947275
vt 0.000483 0.949022
vt -0.000000 0.948814
vt 0.000486 0.970012
vt -0.000000 0.970228
vt 0.001098 0.970584
vt 0.000921 0.971088
vt 0.016784 0.969319
vt 0.017031 0.969789
vt 0.017941 0.967831
vt 0.018454 0.967959
vt 0.015129 0.949572
vt 0.015580 0.949320
vt 0.939278 0.783310
vt 0.937988 0.783112
vt 0.938837 0.772017
vt 0.940169 0.771764
vt 0.937988 0.771024
vt 0.938999 0.770383
vt 0.666447 0.942413
vt 0.667900 0.943027
vt 0.668201 0.964519
vt 0.666498 0.964207
vt 0.666447 0.964829
vt 0.954607 0.462012
vt 0.956358 0.462135
vt 0.956366 0.477479
vt 0.954607 0.477750
vt 0.067169 0.968711
vt 0.065397 0.968535
vt 0.065410 0.967480
vt 0.067168 0.967261
vt 0.065642 0.948716
vt 0.067168 0.948108
vt 0.065661 0.947234
vt 0.067169 0.946327
vt 0.810404 0.217610
vt 0.795100 0.218610
vt 0.811249 0.216530
vt 0.778459 0.199145
vt 0.789214 0.198317
vt 0.790849 0.196947
vt 0.317755 0.851839
vt 0.607381 0.722872
vt 0.605576 0.709774
vt 0.585902 0.971650
vt 0.767254 0.782266
vt 0.769505 0.751547
vt 0.769734 0.751564
vt 0.767483 0.782283
vt 0.946624 0.390489
vt 0.945575 0.390491
vt 0.945575 0.359690
vt 0.946624 0.359688
vt 0.190805 0.847228
vt 0.192053 0.847254
vt 0.189802 0.877973
vt 0.188554 0.877947
vt 0.040301 0.991221
vt 0.040301 0.990950
vt 0.041245 0.990070
vt 0.041245 0.991201
vt 0.619662 0.938301
vt 0.620918 0.938595
vt 0.620020 0.962550
vt 0.618764 0.962256
vt 0.036055 0.990658
vt 0.036055 0.990982
vt 0.034876 0.991423
vt 0.034876 0.990070
vt 0.767254 0.711067
vt 0.767483 0.711084
vt 0.769803 0.744821
vt 0.769574 0.744804
vt 0.192296 0.878117
vt 0.193335 0.877973
vt 0.193335 0.911772
vt 0.192296 0.911917
vt 0.188554 0.806748
vt 0.189802 0.806774
vt 0.192122 0.840511
vt 0.190874 0.840485
vt 0.618764 0.908579
vt 0.620020 0.908873
vt 0.620817 0.933472
vt 0.619560 0.933178
vt 0.688309 0.219426
vt 0.688309 0.212683
vt 0.689356 0.212617
vt 0.689356 0.219360
vt 0.028612 0.990154
vt 0.029962 0.990070
vt 0.029962 0.991690
vt 0.028612 0.991774
vt 0.193335 0.840510
vt 0.193266 0.847253
vt 0.692973 0.216617
vt 0.692973 0.213234
vt 0.694268 0.216000
vt 0.187775 0.681090
vt 0.187775 0.687833
vt 0.186674 0.687813
vt 0.284546 0.847768
vt 0.285501 0.847671
vt 0.287401 0.898940
vt 0.284546 0.899230
vt 0.966808 0.793780
vt 0.968182 0.794192
vt 0.968182 0.839088
vt 0.966808 0.838676
vt 0.984788 0.518067
vt 0.985829 0.518199
vt 0.985829 0.569810
vt 0.982716 0.569415
vt 0.530263 0.153688
vt 0.531457 0.153476
vt 0.531457 0.204938
vt 0.530263 0.205150
vt 0.914286 0.409598
vt 0.912515 0.421931
vt 0.912287 0.421948
vt 0.914058 0.409624
vt 0.886961 0.849980
vt 0.888020 0.862321
vt 0.887001 0.862184
vt 0.885947 0.849806
vt 0.979835 0.365912
vt 0.978749 0.366042
vt 0.980524 0.353755
vt 0.981607 0.353588
vt 0.042100 0.991138
vt 0.042100 0.990884
vt 0.042925 0.991130
vt 0.025125 0.951869
vt 0.026291 0.952092
vt 0.025822 0.972693
vt 0.024657 0.972452
vt 0.038402 0.990582
vt 0.038402 0.990880
vt 0.037308 0.991312
vt 0.037308 0.990070
vt 0.914286 0.470290
vt 0.914058 0.470316
vt 0.912498 0.446441
vt 0.912727 0.446437
vt 0.704529 0.921685
vt 0.703502 0.921630
vt 0.703502 0.897708
vt 0.704530 0.897667
vt 0.981607 0.414280
vt 0.980524 0.414447
vt 0.978954 0.390477
vt 0.980047 0.390405
vt 0.025217 0.946416
vt 0.025216 0.930094
vt 0.026382 0.930328
vt 0.026382 0.946639
vt 0.912587 0.440256
vt 0.912358 0.440259
vt 0.690385 0.212620
vt 0.690385 0.218801
vt 0.689356 0.218799
vt 0.979906 0.384223
vt 0.978813 0.384296
vt 0.031975 0.990091
vt 0.033233 0.990070
vt 0.033233 0.991583
vt 0.031975 0.991603
vt 0.977954 0.390570
vt 0.977813 0.384388
vt 0.530263 0.209318
vt 0.530263 0.205441
vt 0.531491 0.205150
vt 0.531491 0.209027
vt 0.958363 0.119852
vt 0.957361 0.114491
vt 0.958627 0.114779
vt 0.959630 0.120140
vt 0.286424 0.938939
vt 0.287375 0.938834
vt 0.287375 0.986609
vt 0.284147 0.986022
vt 0.958637 0.165792
vt 0.957361 0.165438
vt 0.979612 0.793608
vt 0.980632 0.793748
vt 0.983061 0.841210
vt 0.979612 0.841684
vt 0.980677 0.590432
vt 0.981725 0.590087
vt 0.981744 0.635640
vt 0.980677 0.636050
vt 0.886973 0.880536
vt 0.885947 0.880456
vt 0.024657 0.918286
vt 0.025822 0.918527
vt 0.731904 0.893678
vt 0.737934 0.886832
vt 0.736160 0.914473
vt 0.730043 0.921289
vt 0.733598 0.878659
vt 0.741370 0.869368
vt 0.668384 0.415757
vt 0.682248 0.422803
vt 0.663886 0.422803
vt 0.741370 0.937163
vt 0.675958 0.403839
vt 0.941617 0.113723
vt 0.955062 0.111720
vt 0.940558 0.117311
vt 0.941146 0.107513
vt 0.952796 0.087070
vt 0.940558 0.091096
vt 0.952715 0.059684
vt 0.940865 0.072277
vt 0.941270 0.065896
vt 0.856236 0.940360
vt 0.856236 0.926681
vt 0.858957 0.939214
vt 0.639891 0.872332
vt 0.627187 0.873822
vt 0.625102 0.870936
vt 0.627119 0.879767
vt 0.640134 0.897856
vt 0.627016 0.896449
vt 0.641349 0.925803
vt 0.627280 0.915471
vt 0.627503 0.921843
vt 0.625102 0.924043
vt 0.898532 0.649796
vt 0.896627 0.637906
vt 0.899947 0.651249
vt 0.896530 0.648174
vt 0.898907 0.654786
vt 0.904543 0.653087
vt 0.906780 0.677116
vt 0.900862 0.679157
vt 0.904172 0.645809
vt 0.929753 0.303316
vt 0.940625 0.293735
vt 0.944049 0.303316
vt 0.930711 0.281878
vt 0.934853 0.279980
vt 0.904563 0.636333
vt 0.193532 0.105346
vt 0.287579 0.122758
vt 0.193517 0.140221
vt 0.207233 0.000044
vt 0.287530 0.000000
vt 0.287560 0.066287
vt 0.193667 0.079080
vt 0.287594 0.171099
vt 0.193634 0.171125
vt 0.200778 0.182546
vt 0.287611 0.201242
vt 0.219576 0.201260
vt 0.203464 0.066310
vt 0.194416 0.053685
vt 0.262442 0.218696
vt 0.287619 0.219974
vt 0.219999 0.211772
vt 0.198794 0.201266
vt 0.206138 0.206996
vt 0.401362 0.143692
vt 0.394265 0.076764
vt 0.422457 0.076733
vt 0.422543 0.153476
vt 0.457047 0.076695
vt 0.446449 0.152891
vt 0.452052 0.152756
vt 0.475700 0.151860
vt 0.527922 0.151580
vt 0.461459 0.142825
vt 0.382347 0.097726
vt 0.385091 0.133039
vt 0.892150 0.647603
vt 0.893709 0.632792
vt 0.906780 0.613467
vt 0.880572 0.647134
vt 0.381652 0.076779
vt 0.194579 0.002303
vt 0.485402 0.076665
vt 0.531525 0.076621
vt 0.531525 0.142969
vt 0.372021 0.964212
vt 0.372021 0.977895
vt 0.368413 0.966037
vt 0.933747 0.582100
vt 0.938634 0.610736
vt 0.925405 0.603288
vt 0.921644 0.580747
vt 0.920781 0.568979
vt 0.938634 0.558651
vt 0.679307 0.871790
vt 0.675010 0.885479
vt 0.675010 0.869372
vt 0.963948 0.972347
vt 0.966419 0.981639
vt 0.963065 0.981639
vt 0.190608 0.918347
vt 0.189176 0.945961
vt 0.181082 0.946940
vt 0.183426 0.922466
vt 0.618516 0.949059
vt 0.617467 0.972192
vt 0.190608 0.970151
vt 0.317420 0.975000
vt 0.317420 0.987854
vt 0.314187 0.986201
vt 0.901387 0.783496
vt 0.919377 0.783505
vt 0.919377 0.863802
vt 0.901375 0.846039
vt 0.913985 0.473985
vt 0.913985 0.499276
vt 0.901356 0.486464
vt 0.953530 0.721402
vt 0.941208 0.729837
vt 0.941208 0.663490
vt 0.953470 0.663481
vt 0.967514 0.962867
vt 0.959529 0.972347
vt 0.959529 0.957414
vt 0.941874 0.422527
vt 0.943641 0.448536
vt 0.937332 0.442159
vt 0.935692 0.416070
vt 0.940213 0.408372
vt 0.932304 0.399533
vt 0.943373 0.461642
vt 0.943641 0.469788
vt 0.931283 0.464283
vt 0.485596 0.931046
vt 0.486713 0.934403
vt 0.472063 0.929515
vt 0.486080 0.924616
vt 0.474430 0.903726
vt 0.486713 0.907555
vt 0.474668 0.874852
vt 0.486477 0.887905
vt 0.486102 0.881215
vt 0.985434 0.663033
vt 0.982716 0.661883
vt 0.985434 0.649354
vt 0.926856 0.667722
vt 0.941112 0.663481
vt 0.940147 0.666561
vt 0.940561 0.672620
vt 0.941208 0.689770
vt 0.927964 0.693886
vt 0.940997 0.709569
vt 0.926856 0.723132
vt 0.940620 0.716280
vt 0.888285 0.897402
vt 0.885946 0.882133
vt 0.888285 0.880536
vt 0.427235 0.967690
vt 0.426000 0.969867
vt 0.426000 0.958005
vt 0.890792 0.713874
vt 0.888790 0.715494
vt 0.890707 0.703605
vt 0.880573 0.742797
vt 0.882796 0.718776
vt 0.888431 0.720480
vt 0.886490 0.744843
vt 0.883166 0.711499
vt 0.068019 0.955284
vt 0.080261 0.948882
vt 0.080261 0.959130
vt 0.078208 0.974384
vt 0.072029 0.974760
vt 0.882776 0.702024
vt 0.381614 0.105295
vt 0.381652 0.140170
vt 0.367845 0.000000
vt 0.287549 0.000000
vt 0.381462 0.079029
vt 0.381554 0.171074
vt 0.374425 0.182499
vt 0.355646 0.201223
vt 0.371657 0.066264
vt 0.380696 0.053634
vt 0.312795 0.218682
vt 0.355232 0.211735
vt 0.376428 0.201217
vt 0.369088 0.206952
vt 0.401222 0.009826
vt 0.422382 0.000000
vt 0.446289 0.000533
vt 0.451893 0.000656
vt 0.475543 0.001502
vt 0.527766 0.001671
vt 0.461321 0.010567
vt 0.382304 0.055830
vt 0.384973 0.020512
vt 0.895170 0.713306
vt 0.893624 0.698495
vt 0.880573 0.679157
vt 0.906747 0.712848
vt 0.380500 0.002253
vt 0.531386 0.010274
vt 0.849539 0.967164
vt 0.853144 0.968983
vt 0.849539 0.980841
vt 0.896968 0.943715
vt 0.886695 0.952897
vt 0.892280 0.922762
vt 0.901024 0.920059
vt 0.901375 0.908025
vt 0.886695 0.899807
vt 0.102614 0.971106
vt 0.106967 0.969085
vt 0.106967 0.983310
vt 0.561436 0.984822
vt 0.558195 0.985678
vt 0.957632 0.555710
vt 0.964731 0.560617
vt 0.967030 0.586322
vt 0.958963 0.585130
vt 0.911239 0.946953
vt 0.911239 0.970250
vt 0.901375 0.968955
vt 0.957632 0.609374
vt 0.628106 0.972105
vt 0.631340 0.983309
vt 0.628106 0.984958
vt 0.596219 0.841961
vt 0.596232 0.904503
vt 0.578230 0.922259
vt 0.578230 0.841962
vt 0.163696 0.864497
vt 0.151064 0.877305
vt 0.152432 0.940136
vt 0.152492 0.882215
vt 0.164755 0.882232
vt 0.164755 0.948580
vt 0.193517 0.970152
vt 0.201500 0.979632
vt 0.691505 0.423580
vt 0.682248 0.423654
vt 0.682248 0.403939
vt 0.728962 0.417092
vt 0.728112 0.405435
vt 0.747941 0.407951
vt 0.749086 0.423668
vt 0.728112 0.391022
vt 0.747941 0.388518
vt 0.728962 0.379358
vt 0.749086 0.372792
vt 0.764776 0.801788
vt 0.755551 0.801093
vt 0.752338 0.782041
vt 0.764776 0.782978
vt 0.937587 0.619595
vt 0.926856 0.638474
vt 0.944220 0.632935
vt 0.944220 0.648390
vt 0.937587 0.660058
vt 0.926856 0.663481
vt 0.959862 0.955257
vt 0.952123 0.957414
vt 0.952123 0.938500
vt 0.952122 0.919587
vt 0.959862 0.924655
vt 0.964645 0.935011
vt 0.964645 0.946700
vt 0.906186 0.766830
vt 0.904050 0.766717
vt 0.904050 0.759504
vt 0.906186 0.758866
vt 0.825904 0.955906
vt 0.823371 0.956077
vt 0.823371 0.948859
vt 0.825904 0.948688
vt 0.151705 0.976865
vt 0.149531 0.978605
vt 0.146512 0.972332
vt 0.148971 0.971184
vt 0.903281 0.752958
vt 0.905337 0.751638
vt 0.824335 0.942285
vt 0.826868 0.942114
vt 0.144925 0.964809
vt 0.147534 0.964371
vt 0.901817 0.747720
vt 0.903721 0.745854
vt 0.826169 0.936998
vt 0.828702 0.936827
vt 0.144925 0.956773
vt 0.147534 0.957093
vt 0.966489 0.624884
vt 0.964416 0.623526
vt 0.964785 0.617291
vt 0.966896 0.617999
vt 0.080091 0.989296
vt 0.078211 0.989103
vt 0.079058 0.981860
vt 0.080937 0.982054
vt 0.146512 0.949010
vt 0.148971 0.950062
vt 0.964416 0.610226
vt 0.966489 0.610199
vt 0.078211 0.974760
vt 0.080091 0.974953
vt 0.149531 0.942280
vt 0.151705 0.943967
vt 0.898086 0.972599
vt 0.895516 0.971570
vt 0.897490 0.965139
vt 0.900266 0.965498
vt 0.966474 0.089246
vt 0.969131 0.089555
vt 0.968413 0.096801
vt 0.965756 0.096492
vt 0.964403 0.517008
vt 0.966612 0.515334
vt 0.970044 0.522254
vt 0.967510 0.523275
vt 0.897490 0.958990
vt 0.900266 0.958709
vt 0.968413 0.103643
vt 0.965756 0.103334
vt 0.971848 0.530080
vt 0.969144 0.530363
vt 0.895516 0.953727
vt 0.898086 0.952898
vt 0.969131 0.109410
vt 0.966474 0.109102
vt 0.971848 0.538046
vt 0.969144 0.537578
vt 0.903721 0.781850
vt 0.901817 0.780320
vt 0.903281 0.773889
vt 0.905337 0.774749
vt 0.828702 0.969453
vt 0.826169 0.969624
vt 0.824335 0.963232
vt 0.826868 0.963061
vt 0.970044 0.545372
vt 0.967510 0.544212
vt 0.966612 0.551340
vt 0.964403 0.549618
vt 0.602723 0.863428
vt 0.602723 0.818209
vt 0.633958 0.808711
vt 0.633958 0.870936
vt 0.753401 0.361633
vt 0.783849 0.365645
vt 0.783849 0.410100
vt 0.753401 0.422807
vt 0.961212 0.432667
vt 0.974946 0.431720
vt 0.974946 0.463954
vt 0.641644 0.969986
vt 0.641644 0.942415
vt 0.655563 0.942413
vt 0.655563 0.969983
vt 0.885632 0.937450
vt 0.885632 0.970442
vt 0.876501 0.970216
vt 0.876501 0.937223
vt 0.344504 0.578583
vt 0.344504 0.564361
vt 0.358361 0.577271
vt 0.344504 0.564355
vt 0.344504 0.578584
vt 0.330646 0.577278
vt 0.330646 0.563049
vt 0.597648 0.852132
vt 0.597648 0.829828
vt 0.788796 0.376202
vt 0.788796 0.398129
vt 0.790005 0.361633
vt 0.758517 0.350102
vt 0.758517 0.233510
vt 0.578101 0.868559
vt 0.578101 0.903504
vt 0.568968 0.902331
vt 0.568968 0.867386
vt 0.955161 0.873322
vt 0.946600 0.874669
vt 0.946600 0.860637
vt 0.955161 0.859290
vt 0.753401 0.343343
vt 0.753401 0.240595
vt 0.876516 0.015706
vt 0.890548 0.015703
vt 0.890548 0.142712
vt 0.876516 0.142715
vt 0.818651 0.180242
vt 0.818651 0.065620
vt 0.823638 0.071713
vt 0.823638 0.172725
vt 0.480919 0.874852
vt 0.449684 0.865659
vt 0.449684 0.823809
vt 0.072871 0.824704
vt 0.072871 0.865848
vt 0.042424 0.880211
vt 0.042424 0.819036
vt 0.316742 0.975000
vt 0.307631 0.974360
vt 0.307631 0.940694
vt 0.316742 0.941335
vt 0.704530 0.942451
vt 0.718449 0.942448
vt 0.718449 0.967965
vt 0.427283 0.942296
vt 0.440997 0.941093
vt 0.440997 0.973578
vt 0.875797 0.015254
vt 0.875797 0.001335
vt 0.888909 -0.000000
vt 0.888909 0.013919
vt 0.902013 0.001341
vt 0.902013 0.015260
vt 0.444610 0.855217
vt 0.444610 0.834574
vt 0.077818 0.834422
vt 0.077818 0.854716
vt 0.787957 0.057681
vt 0.787957 0.196947
vt 0.472063 0.935952
vt 0.485855 0.934403
vt 0.485855 0.967506
vt 0.472063 0.969055
vt 0.968663 0.014032
vt 0.968663 0.000000
vt 0.977216 0.001351
vt 0.977216 0.015382
vt 0.676028 0.955133
vt 0.684335 0.956799
vt 0.684335 0.975257
vt 0.676028 0.976444
vt 0.410282 0.978904
vt 0.410282 0.958005
vt 0.418585 0.959118
vt 0.418585 0.977218
vt 0.898201 0.610587
vt 0.898201 0.584310
vt 0.900794 0.584310
vt 0.900794 0.610587
vt 0.897763 0.382039
vt 0.897763 0.373645
vt 0.900224 0.373516
vt 0.900224 0.381910
vt 0.539594 0.943299
vt 0.539594 0.920539
vt 0.542176 0.920539
vt 0.542176 0.943299
vt 0.828532 0.969792
vt 0.828532 0.978265
vt 0.826965 0.978097
vt 0.826965 0.969624
vt 0.564529 0.422803
vt 0.564529 0.417909
vt 0.567178 0.417803
vt 0.567178 0.422697
vt 0.170810 0.681331
vt 0.173396 0.681070
vt 0.173396 0.687681
vt 0.170810 0.687942
vt 0.180221 0.684292
vt 0.180221 0.687561
vt 0.177627 0.687559
vt 0.177627 0.684291
vt 0.175464 0.683183
vt 0.174527 0.687992
vt 0.173396 0.687735
vt 0.004589 0.993339
vt 0.004589 0.990070
vt 0.005805 0.990070
vt 0.005805 0.993339
vt 0.184468 0.687824
vt 0.183865 0.682962
vt 0.185196 0.681070
vt 0.185196 0.687681
vt 0.409917 0.947447
vt 0.409917 0.966262
vt 0.650944 0.403839
vt 0.650944 0.422403
vt 0.645532 0.418519
vt 0.645532 0.407082
vt 0.663886 0.404604
vt 0.663886 0.423168
vt 0.323240 0.977215
vt 0.318006 0.979842
vt 0.318006 0.966765
vt 0.969541 0.477983
vt 0.969541 0.464901
vt 0.974782 0.467538
vt 0.349913 0.826075
vt 0.349913 0.766284
vt 0.380451 0.766284
vt 0.380451 0.826075
vt 0.730042 0.947619
vt 0.730041 0.964239
vt 0.718449 0.969425
vt 0.504237 0.950069
vt 0.487866 0.951037
vt 0.491009 0.943778
vt 0.501094 0.943182
vt 0.504237 0.966982
vt 0.831193 0.537081
vt 0.824419 0.540458
vt 0.831193 0.527867
vt 0.060908 0.713014
vt 0.054092 0.700389
vt 0.060908 0.703619
vt 0.191732 0.806748
vt 0.164755 0.806748
vt 0.191732 0.747477
vt 0.914313 0.556123
vt 0.901356 0.604121
vt 0.901356 0.556569
vt 0.888412 0.841465
vt 0.901374 0.783870
vt 0.901374 0.841839
vt 0.848097 0.480145
vt 0.831193 0.480728
vt 0.060908 0.761083
vt 0.077818 0.704107
vt 0.077818 0.761571
vt 0.968566 0.843354
vt 0.968566 0.873892
vt 0.956885 0.868025
vt 0.956885 0.849210
vt 0.596619 0.945641
vt 0.591196 0.951283
vt 0.591196 0.922259
vt 0.596619 0.927759
vt 0.578230 0.951452
vt 0.578230 0.922427
vt 0.323240 0.977213
vt 0.328478 0.979832
vt 0.037004 0.981307
vt 0.031758 0.970863
vt 0.380451 0.706494
vt 0.164010 0.948580
vt 0.164010 0.975557
vt 0.152432 0.970371
vt 0.152432 0.953751
vt 0.217506 0.959461
vt 0.210433 0.964474
vt 0.210433 0.938834
vt 0.217506 0.943664
vt 0.193517 0.964694
vt 0.193517 0.939054
vt 0.831193 0.424375
vt 0.831193 0.433589
vt 0.824419 0.427752
vt 0.060908 0.809152
vt 0.060908 0.818548
vt 0.054092 0.815318
vt 0.164755 0.747477
vt 0.164755 0.688206
vt 0.901356 0.499722
vt 0.914313 0.499276
vt 0.901374 0.899807
vt 0.888412 0.889955
vt 0.848097 0.423792
vt 0.077818 0.819036
vt 0.898786 0.584309
vt 0.896556 0.584283
vt 0.896556 0.505137
vt 0.898826 0.506012
vt 0.984730 0.649354
vt 0.982716 0.649182
vt 0.982719 0.569810
vt 0.984730 0.570510
vt 0.901793 0.253069
vt 0.899426 0.253077
vt 0.899426 0.173705
vt 0.901793 0.173697
vt 0.897609 0.253263
vt 0.897606 0.174419
vt 0.875797 0.056610
vt 0.873505 0.056106
vt 0.873465 0.000101
vt 0.875797 -0.000000
vt 0.871296 0.056647
vt 0.871216 0.001246
vt 0.967402 0.431660
vt 0.965371 0.431716
vt 0.965373 0.354175
vt 0.967402 0.353588
vt 0.963006 0.431720
vt 0.963009 0.354180
vt 0.961212 0.431672
vt 0.961212 0.353600
vt 0.901063 0.584100
vt 0.901143 0.506652
vt 0.695866 0.416890
vt 0.697706 0.415831
vt 0.697706 0.416314
vt 0.696093 0.417242
vt 0.699545 0.416266
vt 0.699318 0.416695
vt 0.700682 0.418029
vt 0.700315 0.418240
vt 0.700682 0.420446
vt 0.700315 0.420359
vt 0.699545 0.422595
vt 0.699318 0.422243
vt 0.697706 0.423654
vt 0.697706 0.423171
vt 0.695866 0.423219
vt 0.696093 0.422790
vt 0.694729 0.421456
vt 0.695096 0.421245
vt 0.694729 0.419039
vt 0.695096 0.419126
vt 0.751127 0.373867
vt 0.753060 0.372792
vt 0.753060 0.422713
vt 0.372925 0.826747
vt 0.374682 0.826162
vt 0.378346 0.899619
vt 0.376752 0.826075
vt 0.378346 0.826521
vt 0.975791 0.095035
vt 0.973772 0.167208
vt 0.977763 0.095845
vt 0.970304 0.874572
vt 0.968566 0.944246
vt 0.972378 0.874642
vt 0.040561 0.860399
vt 0.042130 0.930089
vt 0.749086 0.374029
vt 0.974212 0.412571
vt 0.974173 0.354553
vt 0.976504 0.353588
vt 0.976504 0.412228
vt 0.983992 0.415147
vt 0.986004 0.414447
vt 0.986004 0.493816
vt 0.765694 0.875624
vt 0.765694 0.796255
vt 0.768060 0.796264
vt 0.768060 0.875633
vt 0.769878 0.796979
vt 0.769875 0.875820
vt 0.967402 0.424960
vt 0.969790 0.354406
vt 0.969749 0.425012
vt 0.971923 0.354582
vt 0.971843 0.424420
vt 0.959564 0.704146
vt 0.961595 0.626663
vt 0.961598 0.704202
vt 0.963959 0.626667
vt 0.963962 0.704206
vt 0.965752 0.626086
vt 0.965752 0.704157
vt 0.972002 0.411907
vt 0.971924 0.354512
vt 0.705388 0.420777
vt 0.705098 0.420629
vt 0.705098 0.418417
vt 0.705388 0.418254
vt 0.704310 0.416646
vt 0.704489 0.416234
vt 0.703035 0.415993
vt 0.703035 0.415489
vt 0.701760 0.416707
vt 0.701580 0.416303
vt 0.700972 0.418515
vt 0.700682 0.418366
vt 0.700972 0.420726
vt 0.700682 0.420889
vt 0.701760 0.422497
vt 0.701581 0.422909
vt 0.703035 0.423150
vt 0.703035 0.423654
vt 0.704310 0.422437
vt 0.704489 0.422840
vt 0.979542 0.015916
vt 0.977677 0.081977
vt 0.977677 0.015703
vt 0.971177 0.016375
vt 0.965756 0.089246
vt 0.969418 0.015789
vt 0.967348 0.015703
vt 0.965756 0.016149
vt 0.982547 0.288569
vt 0.982547 0.344020
vt 0.980575 0.288598
vt 0.978560 0.289511
vt 0.275885 0.846851
vt 0.274145 0.777181
vt 0.272071 0.777250
vt 0.971165 0.098735
vt 0.969598 0.168422
vt 0.969598 0.098045
vt 0.981611 0.016700
vt 0.127013 0.625984
vt 0.126877 0.649445
vt 0.329747 0.688958
vt 0.329478 0.665581
vt 0.914313 0.612969
vt 0.901356 0.613416
vt 0.901356 0.509017
vt 0.040485 0.922827
vt 0.051606 0.990070
vt 0.051606 0.990326
vt 0.051606 0.991050
vt 0.287340 0.428496
vt 0.704439 0.573644
vt 0.625588 0.728496
vt 0.607596 0.728496
vt 0.800206 0.955556
vt 0.786306 0.936968
vt 0.800206 0.912948
vt 0.641726 0.649906
vt 0.607596 0.560721
vt 0.625588 0.560721
vt 0.888412 0.792974
vt 0.888412 0.783496
vt 0.848097 0.536498
vt 0.191732 0.688206
vt 0.888412 0.899433
vt 0.943838 0.884091
vt 0.947379 0.894680
vt 0.927944 0.898404
vt 0.947379 0.906057
vt 0.943838 0.915174
vt 0.937704 0.919587
vt 0.950322 0.015703
vt 0.956251 0.020009
vt 0.940558 0.036893
vt 0.959674 0.029053
vt 0.959674 0.040412
vt 0.956251 0.051043
vt 0.950322 0.058097
vt 0.943476 0.059684
vt 0.930622 0.875654
vt 0.937704 0.877127
vt 0.108626 0.968326
vt 0.111189 0.964972
vt 0.115185 0.973198
vt 0.114149 0.963620
vt 0.793054 0.973078
vt 0.790202 0.973247
vt 0.794202 0.964490
vt 0.787732 0.971045
vt 0.786306 0.967064
vt 0.786306 0.962369
vt 0.787732 0.958218
vt 0.790202 0.955725
vt 0.793054 0.955556
vt 0.108625 0.980253
vt 0.107145 0.977148
vt 0.107145 0.972782
vt 0.034437 0.941174
vt 0.029460 0.945298
vt 0.030463 0.941106
vt 0.035546 0.958487
vt 0.030886 0.953975
vt 0.033561 0.953180
vt 0.912287 0.409598
vt 0.912287 0.400967
vt 0.914145 0.404433
vt 0.972343 0.712609
vt 0.973210 0.706649
vt 0.975401 0.710224
vt 0.981756 0.080213
vt 0.985844 0.084705
vt 0.983169 0.085500
vt 0.943961 0.864069
vt 0.943326 0.872692
vt 0.941667 0.869289
vt 0.033561 0.949757
vt 0.030886 0.949279
vt 0.035546 0.944270
vt 0.030463 0.962198
vt 0.029460 0.958125
vt 0.034437 0.961713
vt 0.295535 0.973285
vt 0.297195 0.969684
vt 0.297829 0.978289
vt 0.983169 0.088922
vt 0.985844 0.089400
vt 0.981756 0.094430
vt 0.232056 0.971184
vt 0.234148 0.967430
vt 0.234971 0.973702
vt 0.552660 0.974288
vt 0.554505 0.971000
vt 0.554505 0.979648
vt 0.812978 0.826513
vt 0.810932 0.819004
vt 0.814880 0.819004
vt 0.280800 0.980085
vt 0.280800 0.987501
vt 0.277075 0.980167
vt 0.989001 0.153040
vt 0.985742 0.146847
vt 0.989001 0.145063
vt 0.201151 0.980684
vt 0.197334 0.987056
vt 0.197334 0.979632
vt 0.707451 0.423759
vt 0.705388 0.415489
vt 0.709098 0.415489
vt 0.717076 0.422985
vt 0.720739 0.415282
vt 0.720739 0.423752
vt 0.479341 0.212695
vt 0.481327 0.219844
vt 0.477367 0.219844
vt 0.934611 0.730911
vt 0.934611 0.723132
vt 0.938349 0.730684
vt 0.675660 0.976093
vt 0.675660 0.983518
vt 0.671935 0.983433
vt 0.485116 0.218586
vt 0.488905 0.212695
vt 0.488905 0.219766
vt 0.951361 0.159882
vt 0.951361 0.168443
vt 0.947770 0.160648
vt 0.944188 0.159882
vt 0.944188 0.168443
vt 0.940558 0.167672
vt 0.938436 0.529814
vt 0.937608 0.538465
vt 0.935981 0.538019
vt 0.936763 0.529843
vt 0.935207 0.546367
vt 0.933711 0.545488
vt 0.931466 0.552747
vt 0.930175 0.551518
vt 0.926752 0.556980
vt 0.925720 0.555519
vt 0.921526 0.558651
vt 0.920781 0.557098
vt 0.930513 0.168605
vt 0.935555 0.170247
vt 0.934518 0.171706
vt 0.929753 0.170155
vt 0.940103 0.174453
vt 0.938817 0.175682
vt 0.943712 0.180813
vt 0.942228 0.181693
vt 0.946030 0.188703
vt 0.944419 0.189150
vt 0.946829 0.197351
vt 0.945173 0.197324
vt 0.946030 0.205911
vt 0.944419 0.205414
vt 0.943712 0.213545
vt 0.942228 0.212629
vt 0.940103 0.219505
vt 0.938817 0.218262
vt 0.935555 0.223209
vt 0.934518 0.221762
vt 0.930513 0.224293
vt 0.929753 0.222787
vt 0.921526 0.502976
vt 0.926752 0.504030
vt 0.925720 0.505473
vt 0.920781 0.504478
vt 0.931466 0.507705
vt 0.930175 0.508947
vt 0.935207 0.513642
vt 0.933711 0.514559
vt 0.937608 0.521260
vt 0.935981 0.521759
vt 0.561840 0.930939
vt 0.562595 0.922848
vt 0.573275 0.923727
vt 0.572616 0.930792
vt 0.564785 0.915633
vt 0.575188 0.917426
vt 0.568197 0.910000
vt 0.578167 0.912507
vt 0.515121 0.943182
vt 0.515117 0.950528
vt 0.504238 0.951556
vt 0.504241 0.945141
vt 0.515115 0.958668
vt 0.504237 0.958664
vt 0.515117 0.966805
vt 0.504238 0.965770
vt 0.515121 0.974143
vt 0.504241 0.972178
vt 0.947146 0.159882
vt 0.943611 0.154270
vt 0.953899 0.152512
vt 0.956986 0.157412
vt 0.941341 0.147070
vt 0.951916 0.146224
vt 0.940558 0.138986
vt 0.951233 0.139164
vt 0.941341 0.130809
vt 0.951917 0.132024
vt 0.943611 0.123341
vt 0.953899 0.125502
vt 0.947146 0.117311
vt 0.956986 0.120236
vt 0.926573 0.015257
vt 0.926572 0.008289
vt 0.937456 0.006974
vt 0.937457 0.013059
vt 0.926573 0.000303
vt 0.937457 -0.000000
vt 0.953532 0.626076
vt 0.953531 0.617853
vt 0.964415 0.618587
vt 0.964416 0.625768
vt 0.953532 0.610199
vt 0.964416 0.611903
vt 0.568197 0.952580
vt 0.564785 0.946570
vt 0.575188 0.944442
vt 0.578167 0.949691
vt 0.562595 0.939112
vt 0.573275 0.937930
vt 0.956885 0.823614
vt 0.956885 0.814911
vt 0.958532 0.815111
vt 0.958532 0.823337
vt 0.958471 0.806507
vt 0.960031 0.807168
vt 0.961489 0.799226
vt 0.962883 0.800286
vt 0.965642 0.793780
vt 0.966808 0.795139
vt 0.254137 0.902714
vt 0.245857 0.902740
vt 0.246378 0.901238
vt 0.254203 0.901213
vt 0.237983 0.900070
vt 0.238936 0.898714
vt 0.231285 0.894967
vt 0.232605 0.893891
vt 0.226418 0.887929
vt 0.228006 0.887239
vt 0.223860 0.879645
vt 0.225588 0.879410
vt 0.223860 0.870927
vt 0.225588 0.871170
vt 0.226418 0.862628
vt 0.228006 0.863327
vt 0.231285 0.855560
vt 0.232605 0.856646
vt 0.237983 0.850415
vt 0.238936 0.851783
vt 0.245857 0.847697
vt 0.246378 0.849214
vt 0.254137 0.847671
vt 0.254203 0.849190
vt 0.191917 0.949298
vt 0.193268 0.957502
vt 0.191885 0.957825
vt 0.190608 0.950071
vt 0.191917 0.965814
vt 0.190608 0.965681
vt 0.965642 0.843354
vt 0.961489 0.838568
vt 0.962883 0.837470
vt 0.966808 0.841994
vt 0.958471 0.831766
vt 0.960031 0.831041
vt 0.337088 0.933956
vt 0.337870 0.942040
vt 0.318689 0.940168
vt 0.318006 0.933109
vt 0.340140 0.949240
vt 0.320672 0.946456
vt 0.873818 0.295877
vt 0.873812 0.290057
vt 0.900370 0.288092
vt 0.900375 0.293175
vt 0.873808 0.282719
vt 0.900367 0.281684
vt 0.873807 0.274581
vt 0.900366 0.274578
vt 0.873808 0.266442
vt 0.900367 0.267470
vt 0.873812 0.259096
vt 0.900370 0.261055
vt 0.873818 0.253263
vt 0.900375 0.255962
vt 0.510773 0.912756
vt 0.513180 0.919364
vt 0.489968 0.918526
vt 0.487866 0.912756
vt 0.514150 0.927153
vt 0.490816 0.925328
vt 0.513589 0.935360
vt 0.490326 0.932495
vt 0.511552 0.943182
vt 0.488547 0.939326
vt 0.284147 0.965389
vt 0.277810 0.965387
vt 0.276097 0.938834
vt 0.281630 0.938836
vt 0.270156 0.965387
vt 0.269413 0.938834
vt 0.261933 0.965389
vt 0.262232 0.938836
vt 0.307632 0.967249
vt 0.299646 0.967343
vt 0.300658 0.940776
vt 0.307632 0.940694
vt 0.292679 0.967426
vt 0.294574 0.940849
vt 0.287412 0.967491
vt 0.289974 0.940906
vt 0.340140 0.918311
vt 0.337870 0.925779
vt 0.318689 0.925968
vt 0.320672 0.919446
vt 0.854145 0.667657
vt 0.850509 0.666315
vt 0.851631 0.654588
vt 0.855409 0.654447
vt 0.850477 0.679724
vt 0.847253 0.677026
vt 0.844765 0.689466
vt 0.842182 0.685674
vt 0.837567 0.695929
vt 0.835793 0.691412
vt 0.829588 0.698481
vt 0.828710 0.693677
vt 0.855749 0.300539
vt 0.853989 0.305058
vt 0.847155 0.302833
vt 0.848050 0.298032
vt 0.862695 0.306962
vt 0.860154 0.310760
vt 0.868206 0.316673
vt 0.865047 0.319380
vt 0.871745 0.328721
vt 0.868188 0.330075
vt 0.872965 0.341927
vt 0.869271 0.341798
vt 0.871745 0.354998
vt 0.868188 0.353401
vt 0.868206 0.366655
vt 0.865047 0.363749
vt 0.862695 0.375756
vt 0.860154 0.371828
vt 0.855749 0.381411
vt 0.853989 0.376847
vt 0.848050 0.383066
vt 0.847155 0.378317
vt 0.837567 0.615075
vt 0.835793 0.619638
vt 0.828710 0.618210
vt 0.829588 0.613467
vt 0.844765 0.620687
vt 0.842182 0.624620
vt 0.850477 0.629753
vt 0.847253 0.632668
vt 0.854145 0.641386
vt 0.850509 0.642994
vt 0.859827 0.654482
vt 0.858502 0.668335
vt 0.854656 0.680988
vt 0.848666 0.691204
vt 0.975627 0.794973
vt 0.979606 0.793608
vt 0.979611 0.805413
vt 0.975631 0.806230
vt 0.979612 0.818943
vt 0.975632 0.819132
vt 0.979611 0.832874
vt 0.975631 0.832417
vt 0.979606 0.845842
vt 0.975627 0.844783
vt 0.866632 0.305235
vt 0.872412 0.315418
vt 0.876123 0.328053
vt 0.877402 0.341901
vt 0.876123 0.355608
vt 0.872412 0.367832
vt 0.866632 0.377376
vt 0.981790 0.569307
vt 0.977813 0.570522
vt 0.977820 0.558076
vt 0.981796 0.557439
vt 0.977822 0.544285
vt 0.981798 0.544288
vt 0.977820 0.530499
vt 0.981796 0.531141
vt 0.977813 0.518067
vt 0.981790 0.519285
vt 0.848666 0.619079
vt 0.854656 0.628587
vt 0.858502 0.640786
vt 0.885838 0.452046
vt 0.885040 0.460606
vt 0.878344 0.460311
vt 0.879426 0.448708
vt 0.888156 0.444412
vt 0.882568 0.438360
vt 0.891765 0.438452
vt 0.887460 0.430281
vt 0.896314 0.434748
vt 0.893626 0.425261
vt 0.901356 0.433664
vt 0.900460 0.423792
vt 0.760067 0.868233
vt 0.765293 0.869286
vt 0.764414 0.879152
vt 0.757332 0.877724
vt 0.755353 0.864557
vt 0.750942 0.872742
vt 0.751612 0.858620
vt 0.745871 0.864694
vt 0.749211 0.851002
vt 0.742615 0.854368
vt 0.748383 0.842449
vt 0.741494 0.842774
vt 0.749211 0.833797
vt 0.742615 0.831047
vt 0.751612 0.825895
vt 0.745871 0.820336
vt 0.755354 0.819515
vt 0.750942 0.811688
vt 0.760067 0.815282
vt 0.757332 0.805950
vt 0.765293 0.813611
vt 0.764414 0.803685
vt 0.896314 0.487710
vt 0.901356 0.489352
vt 0.900460 0.499276
vt 0.893626 0.497051
vt 0.891765 0.483504
vt 0.887460 0.491349
vt 0.888156 0.477144
vt 0.882568 0.482728
vt 0.885838 0.469254
vt 0.879426 0.472033
vt 0.003846 0.904881
vt 0.005171 0.891028
vt 0.026990 0.891780
vt 0.025665 0.905633
vt 0.000000 0.917534
vt 0.021819 0.918286
vt 0.828719 0.940432
vt 0.828719 0.926902
vt 0.856169 0.926906
vt 0.856169 0.940436
vt 0.597651 0.884875
vt 0.597648 0.870944
vt 0.625098 0.870936
vt 0.625102 0.884867
vt 0.597651 0.897843
vt 0.625102 0.897835
vt 0.597648 0.908579
vt 0.625098 0.908571
vt 0.516003 0.948016
vt 0.515416 0.934091
vt 0.537622 0.934091
vt 0.538209 0.948016
vt 0.726627 0.925975
vt 0.726627 0.939741
vt 0.704530 0.942448
vt 0.704530 0.928681
vt 0.345461 0.908415
vt 0.318011 0.908429
vt 0.318011 0.895983
vt 0.345461 0.895969
vt 0.345457 0.882179
vt 0.318006 0.882193
vt 0.377368 0.923867
vt 0.377363 0.937653
vt 0.349913 0.937639
vt 0.349918 0.923853
vt 0.377368 0.911434
vt 0.349918 0.911420
vt 0.349913 0.901559
vt 0.377363 0.901573
vt 0.003846 0.877331
vt 0.025665 0.878084
vt 0.201534 0.728668
vt 0.201534 0.740485
vt 0.196705 0.741237
vt 0.196705 0.727925
vt 0.205002 0.751713
vt 0.200612 0.753886
vt 0.211598 0.761253
vt 0.208043 0.764632
vt 0.220677 0.768171
vt 0.218271 0.772425
vt 0.231351 0.771790
vt 0.230294 0.776502
vt 0.242573 0.771755
vt 0.242937 0.776463
vt 0.253246 0.768070
vt 0.254961 0.772312
vt 0.262326 0.761096
vt 0.265188 0.764455
vt 0.268922 0.751515
vt 0.272619 0.753662
vt 0.272390 0.740266
vt 0.276526 0.740990
vt 0.272390 0.728449
vt 0.276526 0.727677
vt 0.268922 0.717220
vt 0.272619 0.715029
vt 0.262326 0.707681
vt 0.265188 0.704282
vt 0.253246 0.700763
vt 0.254960 0.696489
vt 0.242573 0.697144
vt 0.242937 0.692412
vt 0.231351 0.697179
vt 0.230294 0.692452
vt 0.220677 0.700864
vt 0.218271 0.696603
vt 0.211598 0.707838
vt 0.208043 0.704459
vt 0.205002 0.717419
vt 0.200612 0.715252
vt 0.193517 0.741531
vt 0.193517 0.727571
vt 0.197614 0.754795
vt 0.205406 0.766065
vt 0.980349 0.927492
vt 0.980353 0.938749
vt 0.976376 0.937931
vt 0.976371 0.926126
vt 0.980354 0.951651
vt 0.976377 0.951461
vt 0.980353 0.964936
vt 0.976376 0.965392
vt 0.980349 0.977302
vt 0.976371 0.978360
vt 0.767254 0.712971
vt 0.761625 0.723609
vt 0.757434 0.722222
vt 0.763337 0.711067
vt 0.758010 0.736158
vt 0.753644 0.735382
vt 0.756765 0.749390
vt 0.752338 0.749258
vt 0.758010 0.762010
vt 0.753644 0.762492
vt 0.761624 0.772782
vt 0.757434 0.773788
vt 0.767254 0.780653
vt 0.763337 0.782041
vt 0.973128 0.703466
vt 0.973136 0.691597
vt 0.977117 0.692236
vt 0.977108 0.704681
vt 0.973140 0.678446
vt 0.977121 0.678445
vt 0.973140 0.665300
vt 0.977121 0.664658
vt 0.973136 0.653444
vt 0.977117 0.652226
vt 0.973128 0.644040
vt 0.977108 0.642365
vt 0.197614 0.714282
vt 0.205406 0.702964
vt 0.210479 0.730179
vt 0.210479 0.738897
vt 0.213037 0.747181
vt 0.217904 0.754218
vt 0.224602 0.759322
vt 0.232476 0.761992
vt 0.240755 0.761966
vt 0.248629 0.759248
vt 0.255328 0.754102
vt 0.260194 0.747034
vt 0.262752 0.738735
vt 0.262752 0.730017
vt 0.260194 0.721734
vt 0.255328 0.714696
vt 0.248629 0.709592
vt 0.240755 0.706923
vt 0.232476 0.706948
vt 0.224602 0.709667
vt 0.217904 0.714812
vt 0.213037 0.721880
vt 0.828716 0.915097
vt 0.828710 0.906173
vt 0.856160 0.906177
vt 0.856166 0.915102
vt 0.517387 0.920539
vt 0.707089 0.916166
vt 0.729187 0.913460
vt 0.345457 0.918297
vt 0.318006 0.918311
vt 0.000000 0.865133
vt 0.021819 0.865885
vt 0.039466 0.936662
vt 0.038612 0.934262
vt 0.040577 0.962499
vt 0.041442 0.959998
vt 0.619192 0.976282
vt 0.618998 0.967723
vt 0.620918 0.962550
vt 0.620918 0.976252
vt 0.971733 0.718920
vt 0.974077 0.720109
vt 0.697865 0.984976
vt 0.697620 0.978350
vt 0.700162 0.973125
vt 0.700162 0.983879
vt 0.316743 0.940694
vt 0.317971 0.949135
vt 0.316743 0.954255
vt 0.410126 0.972129
vt 0.410126 0.986150
vt 0.408469 0.972573
vt 0.028662 0.964016
vt 0.026990 0.960619
vt 0.293729 0.971687
vt 0.294717 0.967491
vt 0.940847 0.875177
vt 0.939859 0.871100
vt 0.026990 0.943096
vt 0.028662 0.939501
vt 0.040577 0.939765
vt 0.041442 0.942164
vt 0.039466 0.965733
vt 0.038612 0.968235
vt 0.974464 0.944246
vt 0.976162 0.944494
vt 0.974464 0.958092
vt 0.515369 0.912756
vt 0.515369 0.926576
vt 0.514150 0.921230
vt 0.800506 0.983692
vt 0.798090 0.982648
vt 0.800761 0.977360
vt 0.235579 0.980308
vt 0.233355 0.981539
vt 0.975851 0.562997
vt 0.977570 0.562823
vt 0.977570 0.576436
vt 0.975659 0.571519
vt 0.806517 0.975044
vt 0.808265 0.983377
vt 0.804978 0.983280
vt 0.804978 0.974998
vt 0.347367 0.978476
vt 0.347367 0.986667
vt 0.343956 0.986712
vt 0.345770 0.978497
vt 0.978113 0.694910
vt 0.979240 0.703418
vt 0.977121 0.702752
vt 0.977121 0.694598
vt 0.214149 0.987921
vt 0.212345 0.979752
vt 0.215737 0.979845
vt 0.215737 0.987964
vt 0.410282 0.987255
vt 0.410282 0.979049
vt 0.413560 0.978904
vt 0.411816 0.987187
vt 0.559911 0.417803
vt 0.560876 0.422184
vt 0.557222 0.422184
vt 0.558201 0.417803
vt 0.300046 0.969505
vt 0.300046 0.978150
vt 0.969313 0.711080
vt 0.237846 0.972119
vt 0.946179 0.872534
vt 0.946179 0.863946
vt 0.879527 0.982899
vt 0.876501 0.972378
vt 0.987272 0.181203
vt 0.987272 0.168605
vt 0.989998 0.178422
vt 0.545497 0.983636
vt 0.549079 0.971536
vt 0.549006 0.983253
vt 0.922121 0.960654
vt 0.922121 0.946954
vt 0.925866 0.946980
vt 0.925903 0.959605
vt 0.307719 0.976878
vt 0.311088 0.986664
vt 0.307632 0.987542
vt 0.597720 0.972529
vt 0.601240 0.972308
vt 0.601240 0.984398
vt 0.597648 0.983757
vt 0.757184 0.981472
vt 0.760909 0.967968
vt 0.760951 0.980496
vt 0.580692 0.421608
vt 0.577269 0.421608
vt 0.578308 0.417855
vt 0.579439 0.417803
vt 0.631367 0.422642
vt 0.629201 0.420872
vt 0.631367 0.418085
vt 0.003683 0.994626
vt 0.003683 0.990070
vt 0.004589 0.990697
vt 0.590851 0.418085
vt 0.593963 0.418085
vt 0.592401 0.421614
vt 0.591217 0.421424
vt 0.570602 0.417803
vt 0.569635 0.421579
vt 0.568471 0.421621
vt 0.612204 0.421542
vt 0.609236 0.421612
vt 0.609236 0.418085
vt 0.007528 0.990070
vt 0.007528 0.994621
vt 0.006666 0.994011
vt 0.621104 0.418085
vt 0.624070 0.418085
vt 0.622418 0.421611
vt 0.621256 0.421420
vt 0.156026 0.976195
vt 0.159617 0.975557
vt 0.159617 0.987660
vt 0.156281 0.987525
vt 0.171802 0.976804
vt 0.174899 0.978573
vt 0.171802 0.989803
vt 0.270531 0.976060
vt 0.270531 0.988369
vt 0.267716 0.985519
vt 0.951900 0.960740
vt 0.948179 0.960766
vt 0.948179 0.947064
vt 0.952033 0.948247
vt 0.981611 0.079614
vt 0.981801 0.068158
vt 0.985160 0.068158
vt 0.985230 0.078951
vt 0.927944 0.979862
vt 0.927944 0.967596
vt 0.931119 0.969649
vt 0.931420 0.980591
vt 0.828710 0.980787
vt 0.828710 0.967164
vt 0.832572 0.968327
vt 0.832458 0.980694
vt 0.390997 0.796473
vt 0.380680 0.797913
vt 0.380731 0.779200
vt 0.390626 0.763842
vt 0.380680 0.756101
vt 0.424569 0.767936
vt 0.406668 0.783525
vt 0.407007 0.755493
vt 0.425743 0.744903
vt 0.434241 0.746747
vt 0.431016 0.761755
vt 0.434873 0.731805
vt 0.944220 0.639591
vt 0.953058 0.644078
vt 0.944220 0.657076
vt 0.434978 0.728304
vt 0.406715 0.734803
vt 0.425915 0.729482
vt 0.383474 0.739843
vt 0.389872 0.738631
vt 0.380695 0.741909
vt 0.945442 0.620118
vt 0.946766 0.613467
vt 0.949863 0.618430
vt 0.951173 0.623439
vt 0.074576 0.546055
vt 0.059954 0.542841
vt 0.064645 0.535983
vt 0.078995 0.539359
vt 0.038992 0.530382
vt 0.033710 0.537566
vt 0.023576 0.591340
vt 0.022291 0.615387
vt -0.000000 0.615379
vt 0.001285 0.590203
vt 0.008221 0.547761
vt 0.029635 0.550803
vt 0.077701 0.594458
vt 0.077030 0.615405
vt 0.068300 0.615403
vt 0.069585 0.593975
vt 0.072791 0.557851
vt 0.080354 0.559141
vt 0.013000 0.533902
vt 0.081706 0.547638
vt 0.026390 0.528337
vt 0.081745 0.543224
vt 0.052844 0.592977
vt 0.051559 0.615398
vt 0.057225 0.555182
vt 0.080334 0.540988
vt 0.018732 0.526559
vt 0.330646 0.546476
vt 0.348321 0.545425
vt 0.330980 0.560614
vt 0.330805 0.496729
vt 0.348322 0.496792
vt 0.369494 0.554386
vt 0.346779 0.560814
vt 0.372248 0.543570
vt 0.372251 0.497504
vt 0.805125 0.829984
vt 0.771094 0.842425
vt 0.769878 0.816219
vt 0.804749 0.823177
vt 0.771800 0.813464
vt 0.802998 0.820148
vt 0.804321 0.873490
vt 0.802554 0.875820
vt 0.771808 0.869134
vt 0.769878 0.865550
vt 0.805385 0.850047
vt 0.804788 0.867391
vt 0.372242 0.551261
vt 0.334952 0.563049
vt 0.043755 0.796475
vt 0.044154 0.745289
vt 0.054020 0.768139
vt 0.054055 0.797539
vt 0.054092 0.731999
vt 0.010317 0.760183
vt 0.009172 0.724826
vt 0.027829 0.735971
vt 0.028139 0.779541
vt 0.003909 0.753213
vt 0.000713 0.730932
vt 0.000100 0.708030
vt 0.028500 0.794103
vt 0.002575 0.700389
vt 0.009023 0.701441
vt 0.028148 0.704219
vt 0.044937 0.706327
vt 0.051318 0.707033
vt 0.054092 0.709911
vt 0.007028 0.762547
vt 0.010926 0.769835
vt 0.074576 0.684749
vt 0.078995 0.691444
vt 0.064645 0.694809
vt 0.059954 0.687953
vt 0.038992 0.700389
vt 0.033710 0.693206
vt 0.023576 0.639434
vt 0.001285 0.640555
vt 0.029635 0.679970
vt 0.008221 0.682994
vt 0.077701 0.636353
vt 0.069585 0.636831
vt 0.080354 0.671668
vt 0.072791 0.672954
vt 0.013000 0.696852
vt 0.081706 0.683170
vt 0.372251 0.541189
vt 0.380471 0.537633
vt 0.380543 0.550254
vt 0.081745 0.687583
vt 0.052844 0.637818
vt 0.057225 0.675612
vt 0.080334 0.689817
vt 0.124706 0.969078
vt 0.129282 0.975468
vt 0.124706 0.983580
vt 0.372251 0.561217
vt 0.330646 0.446980
vt 0.330980 0.432877
vt 0.348321 0.448158
vt 0.346779 0.432711
vt 0.369494 0.440463
vt 0.372248 0.451439
vt 0.453386 0.209435
vt 0.446871 0.208735
vt 0.447376 0.153476
vt 0.472518 0.156407
vt 0.444302 0.205928
vt 0.444302 0.156227
vt 0.495792 0.212695
vt 0.495258 0.158124
vt 0.498335 0.161480
vt 0.498433 0.210538
vt 0.472790 0.211203
vt 0.489763 0.212412
vt 0.372242 0.443749
vt 0.334952 0.430459
vt 0.432393 0.727391
vt -0.000000 0.702663
vt 0.976978 0.331819
vt 0.971136 0.353588
vt 0.971259 0.331928
vt 0.459200 0.946113
vt 0.457929 0.967736
vt 0.452569 0.967497
vt 0.451936 0.946039
vt 0.445115 0.967736
vt 0.444610 0.946192
vt 0.640840 0.870597
vt 0.634165 0.870299
vt 0.633958 0.859668
vt 0.640840 0.859999
vt 0.916469 0.770383
vt 0.927102 0.770383
vt 0.926908 0.775232
vt 0.916151 0.775739
vt 0.926917 0.782449
vt 0.916282 0.783196
vt 0.450853 0.212695
vt 0.450853 0.218810
vt 0.444302 0.219562
vt 0.444407 0.212882
vt 0.250834 0.966024
vt 0.257398 0.965394
vt 0.257339 0.969500
vt 0.250784 0.970877
vt 0.257398 0.974760
vt 0.251008 0.978090
vt 0.255583 0.976872
vt 0.939237 0.738158
vt 0.939952 0.745330
vt 0.925199 0.740984
vt 0.924484 0.733813
vt 0.940362 0.754780
vt 0.925609 0.750435
vt 0.939572 0.768487
vt 0.916866 0.738257
vt 0.916151 0.731086
vt 0.917277 0.747707
vt 0.924038 0.766538
vt 0.916151 0.764004
vt 0.880166 0.148657
vt 0.880418 0.142715
vt 0.888024 0.144817
vt 0.889056 0.151949
vt 0.880166 0.159109
vt 0.889885 0.161372
vt 0.880508 0.175049
vt 0.889483 0.177702
vt 0.936999 0.770383
vt 0.815514 0.973617
vt 0.812544 0.973379
vt 0.815817 0.966442
vt 0.815817 0.964878
vt 0.817253 0.961642
vt 0.823077 0.966649
vt 0.808487 0.968003
vt 0.808487 0.964489
vt 0.817253 0.971592
vt 0.815817 0.968410
vt 0.819740 0.959869
vt 0.822611 0.959925
vt 0.809972 0.961473
vt 0.812544 0.959869
vt 0.809972 0.971363
vt 0.819740 0.973462
vt 0.561569 0.976069
vt 0.554668 0.975734
vt 0.554668 0.953933
vt 0.558454 0.954220
vt 0.773505 0.197496
vt 0.778459 0.196947
vt 0.778459 0.218642
vt 0.772023 0.219114
vt 0.762801 0.197969
vt 0.762662 0.219575
vt 0.270756 0.965448
vt 0.270756 0.976060
vt 0.264276 0.975987
vt 0.263847 0.965394
vt 0.954278 0.462093
vt 0.954607 0.467065
vt 0.943838 0.466244
vt 0.943641 0.462012
vt 0.954607 0.477780
vt 0.943963 0.476881
vt 0.455464 0.219234
vt 0.451189 0.219137
vt 0.356482 0.964213
vt 0.356536 0.968449
vt 0.349975 0.968286
vt 0.349913 0.964656
vt 0.356301 0.979083
vt 0.349913 0.974790
vt 0.351726 0.977669
vt 0.877318 0.389239
vt 0.892282 0.385925
vt 0.891581 0.393459
vt 0.876617 0.396773
vt 0.891174 0.403306
vt 0.876210 0.406620
vt 0.876960 0.420694
vt 0.900597 0.383066
vt 0.899897 0.390600
vt 0.899489 0.400447
vt 0.900597 0.417331
vt 0.892709 0.419896
vt 0.973704 0.484255
vt 0.965021 0.488593
vt 0.965882 0.481076
vt 0.973310 0.478010
vt 0.973939 0.495161
vt 0.964403 0.498430
vt 0.973939 0.511704
vt 0.965149 0.515334
vt 0.879561 0.422829
vt 0.224300 0.965450
vt 0.224765 0.972174
vt 0.221429 0.965394
vt 0.889885 0.172084
vt 0.897215 0.170527
vt 0.891370 0.175448
vt 0.217506 0.970400
vt 0.217506 0.973935
vt 0.891370 0.165558
vt 0.889885 0.168574
vt 0.893942 0.177464
vt 0.896912 0.177702
vt 0.218942 0.977117
vt 0.221429 0.978986
vt 0.218942 0.967166
vt 0.893942 0.163954
vt 0.558299 0.918437
vt 0.561840 0.929026
vt 0.542405 0.932750
vt 0.561840 0.940404
vt 0.558299 0.949520
vt 0.552165 0.953933
vt 0.947409 0.304013
vt 0.953338 0.308319
vt 0.937645 0.325203
vt 0.956761 0.317363
vt 0.956761 0.328722
vt 0.953338 0.339353
vt 0.947409 0.346407
vt 0.940563 0.347994
vt 0.545083 0.910000
vt 0.552165 0.911473
vt 0.116665 0.968326
vt 0.119229 0.964972
vt 0.123225 0.973198
vt 0.122189 0.963620
vt 0.346888 0.978308
vt 0.344036 0.978476
vt 0.348037 0.969720
vt 0.341566 0.976275
vt 0.340140 0.972293
vt 0.340140 0.967598
vt 0.341566 0.963448
vt 0.344036 0.960954
vt 0.346888 0.960785
vt 0.116665 0.980253
vt 0.115185 0.977148
vt 0.115185 0.972782
vt 0.954826 0.882566
vt 0.949849 0.886689
vt 0.950852 0.882497
vt 0.955935 0.899878
vt 0.951275 0.895366
vt 0.953951 0.894572
vt 0.954988 0.168513
vt 0.954988 0.159882
vt 0.956846 0.163348
vt 0.359565 0.972141
vt 0.360433 0.966180
vt 0.362624 0.969755
vt 0.018411 0.975581
vt 0.015735 0.976375
vt 0.274858 0.965517
vt 0.274223 0.974140
vt 0.272563 0.970736
vt 0.953951 0.891149
vt 0.951275 0.890671
vt 0.955935 0.885661
vt 0.950852 0.903590
vt 0.949849 0.899517
vt 0.954826 0.903105
vt 0.289218 0.973285
vt 0.290878 0.969684
vt 0.291512 0.978289
vt 0.015735 0.979798
vt 0.018411 0.980276
vt 0.014322 0.985305
vt 0.362624 0.970003
vt 0.364715 0.966249
vt 0.365538 0.972521
vt 0.969131 0.092534
vt 0.970976 0.089246
vt 0.970976 0.097894
vt 0.429841 0.885056
vt 0.427794 0.877547
vt 0.431742 0.877547
vt 0.679754 0.976444
vt 0.679591 0.983858
vt 0.676029 0.976444
vt 0.356532 0.987061
vt 0.353273 0.980867
vt 0.356532 0.979083
vt 0.477367 0.212695
vt 0.475379 0.219852
vt 0.473408 0.212695
vt 0.711160 0.423759
vt 0.712807 0.415489
vt 0.720739 0.422985
vt 0.724401 0.415282
vt 0.724401 0.423752
vt 0.343956 0.978476
vt 0.343956 0.985896
vt 0.340140 0.984836
vt 0.368413 0.984867
vt 0.371863 0.977895
vt 0.371863 0.986322
vt 0.349913 0.979084
vt 0.353273 0.985705
vt 0.349913 0.987314
vt 0.481327 0.218586
vt 0.485116 0.212695
vt 0.485116 0.219766
vt 0.947771 0.160688
vt 0.944189 0.168464
vt 0.944189 0.159882
vt 0.726334 0.415282
vt 0.728112 0.423657
vt 0.724401 0.423657
vt 0.871216 0.026837
vt 0.870388 0.035489
vt 0.868761 0.035043
vt 0.869543 0.026867
vt 0.867987 0.043391
vt 0.866491 0.042512
vt 0.864246 0.049771
vt 0.862955 0.048542
vt 0.859532 0.054004
vt 0.858500 0.052542
vt 0.854306 0.055675
vt 0.853561 0.054122
vt 0.428043 0.885406
vt 0.433085 0.887048
vt 0.432048 0.888507
vt 0.427283 0.886956
vt 0.437633 0.891254
vt 0.436347 0.892483
vt 0.441243 0.897614
vt 0.439758 0.898494
vt 0.443560 0.905504
vt 0.441949 0.905951
vt 0.444359 0.914152
vt 0.442703 0.914125
vt 0.443560 0.922712
vt 0.441949 0.922215
vt 0.441242 0.930346
vt 0.439758 0.929430
vt 0.437633 0.936306
vt 0.436347 0.935063
vt 0.433085 0.940010
vt 0.432048 0.938563
vt 0.428043 0.941093
vt 0.427283 0.939588
vt 0.854306 -0.000000
vt 0.859532 0.001053
vt 0.858500 0.002497
vt 0.853561 0.001502
vt 0.864246 0.004729
vt 0.862955 0.005971
vt 0.867987 0.010666
vt 0.866491 0.011582
vt 0.870388 0.018284
vt 0.868761 0.018783
vt 0.164755 0.939286
vt 0.165509 0.931195
vt 0.176190 0.932074
vt 0.175531 0.939139
vt 0.167700 0.923981
vt 0.178103 0.925774
vt 0.171111 0.918347
vt 0.181082 0.920854
vt 0.666443 0.949758
vt 0.655564 0.950787
vt 0.655568 0.944372
vt 0.666442 0.957898
vt 0.655563 0.957895
vt 0.666443 0.966036
vt 0.655564 0.965001
vt 0.666447 0.973374
vt 0.655568 0.971409
vt 0.776466 0.955519
vt 0.772930 0.949907
vt 0.783218 0.948148
vt 0.786306 0.953049
vt 0.770660 0.942707
vt 0.781236 0.941861
vt 0.769878 0.934623
vt 0.780553 0.934801
vt 0.770660 0.926446
vt 0.781236 0.927661
vt 0.772930 0.918978
vt 0.783218 0.921139
vt 0.776466 0.912948
vt 0.786306 0.915873
vt 0.915687 0.015257
vt 0.915686 0.008289
vt 0.926571 0.006974
vt 0.926572 0.013059
vt 0.915687 0.000303
vt 0.926572 0.000000
vt 0.621213 0.972105
vt 0.621212 0.963882
vt 0.632097 0.964616
vt 0.632098 0.971797
vt 0.621213 0.956228
vt 0.632098 0.957932
vt 0.171111 0.960928
vt 0.167700 0.954917
vt 0.178103 0.952789
vt 0.181082 0.958038
vt 0.165509 0.947460
vt 0.176190 0.946277
vt 0.961212 0.333848
vt 0.961212 0.325144
vt 0.962859 0.325344
vt 0.962859 0.333570
vt 0.962799 0.316740
vt 0.964359 0.317401
vt 0.965816 0.309459
vt 0.967211 0.310520
vt 0.969969 0.304013
vt 0.971136 0.305373
vt 0.284480 0.902714
vt 0.276200 0.902740
vt 0.276721 0.901238
vt 0.284546 0.901213
vt 0.268326 0.900070
vt 0.269279 0.898714
vt 0.261628 0.894967
vt 0.262948 0.893891
vt 0.256762 0.887929
vt 0.258349 0.887239
vt 0.254203 0.879645
vt 0.255931 0.879410
vt 0.254203 0.870927
vt 0.255931 0.871170
vt 0.256762 0.862628
vt 0.258349 0.863326
vt 0.261628 0.855560
vt 0.262948 0.856646
vt 0.268326 0.850415
vt 0.269279 0.851783
vt 0.276200 0.847697
vt 0.276721 0.849214
vt 0.284480 0.847671
vt 0.284546 0.849190
vt 0.191917 0.965813
vt 0.193268 0.974017
vt 0.191885 0.974341
vt 0.190608 0.966587
vt 0.191917 0.982329
vt 0.190608 0.982197
vt 0.969969 0.353588
vt 0.965816 0.348801
vt 0.967211 0.347703
vt 0.971136 0.352227
vt 0.962799 0.341999
vt 0.964359 0.341275
vt 0.760575 0.930929
vt 0.761358 0.939013
vt 0.742177 0.937141
vt 0.741494 0.930082
vt 0.763628 0.946213
vt 0.744159 0.943429
vt 0.790016 0.423259
vt 0.790010 0.417439
vt 0.816568 0.415474
vt 0.816574 0.420557
vt 0.790007 0.410101
vt 0.816565 0.409066
vt 0.790005 0.401963
vt 0.816564 0.401960
vt 0.790007 0.393823
vt 0.816565 0.394852
vt 0.790010 0.386478
vt 0.816569 0.388437
vt 0.790016 0.380645
vt 0.816574 0.383343
vt 0.664551 0.911986
vt 0.666958 0.918595
vt 0.643746 0.917757
vt 0.641644 0.911986
vt 0.667928 0.926384
vt 0.644593 0.924559
vt 0.667367 0.934591
vt 0.644104 0.931726
vt 0.665330 0.942413
vt 0.642324 0.938557
vt 0.255597 0.965387
vt 0.253883 0.938834
vt 0.259417 0.938836
vt 0.247942 0.965387
vt 0.247199 0.938834
vt 0.239720 0.965389
vt 0.240019 0.938836
vt 0.144925 0.968835
vt 0.136940 0.968929
vt 0.137952 0.942362
vt 0.144925 0.942280
vt 0.129973 0.969012
vt 0.131868 0.942435
vt 0.127268 0.942492
vt 0.763628 0.915284
vt 0.761358 0.922753
vt 0.742177 0.922941
vt 0.744159 0.916419
vt 0.540851 0.836561
vt 0.537215 0.835219
vt 0.538337 0.823492
vt 0.542115 0.823351
vt 0.537183 0.848628
vt 0.533959 0.845930
vt 0.531471 0.858370
vt 0.528888 0.854578
vt 0.524273 0.864833
vt 0.522499 0.860316
vt 0.516294 0.867386
vt 0.515416 0.862581
vt 0.856691 0.426299
vt 0.854931 0.430818
vt 0.848097 0.428593
vt 0.848992 0.423792
vt 0.863636 0.432722
vt 0.861096 0.436520
vt 0.869148 0.442433
vt 0.865989 0.445140
vt 0.872687 0.454481
vt 0.869130 0.455835
vt 0.873906 0.467687
vt 0.870213 0.467558
vt 0.872687 0.480758
vt 0.869130 0.479161
vt 0.869148 0.492415
vt 0.865989 0.489508
vt 0.863636 0.501516
vt 0.861096 0.497588
vt 0.856691 0.507171
vt 0.854931 0.502607
vt 0.848992 0.508826
vt 0.848097 0.504077
vt 0.524273 0.783979
vt 0.522499 0.788542
vt 0.515416 0.787114
vt 0.516294 0.782371
vt 0.531471 0.789591
vt 0.528888 0.793524
vt 0.537183 0.798657
vt 0.533959 0.801572
vt 0.540851 0.810290
vt 0.537215 0.811898
vt 0.546533 0.823386
vt 0.545208 0.837239
vt 0.541362 0.849892
vt 0.535372 0.860108
vt 0.981756 0.095795
vt 0.985736 0.094430
vt 0.985740 0.106235
vt 0.981760 0.107052
vt 0.985742 0.119765
vt 0.981762 0.119954
vt 0.985740 0.133696
vt 0.981760 0.133239
vt 0.985736 0.146664
vt 0.981756 0.145605
vt 0.867574 0.430995
vt 0.873354 0.441178
vt 0.877065 0.453813
vt 0.878344 0.467661
vt 0.877065 0.481368
vt 0.873354 0.493592
vt 0.867574 0.503136
vt 0.985588 0.066943
vt 0.981611 0.068158
vt 0.981618 0.055713
vt 0.985594 0.055075
vt 0.981620 0.041922
vt 0.985596 0.041924
vt 0.981618 0.028136
vt 0.985594 0.028777
vt 0.981611 0.015703
vt 0.985588 0.016922
vt 0.535372 0.787984
vt 0.541362 0.797491
vt 0.545208 0.809690
vt 0.884896 0.326286
vt 0.884098 0.334846
vt 0.877402 0.334551
vt 0.878484 0.322948
vt 0.887214 0.318652
vt 0.881626 0.312600
vt 0.890823 0.312692
vt 0.886518 0.304521
vt 0.895372 0.308988
vt 0.892684 0.299501
vt 0.900414 0.307904
vt 0.899518 0.298032
vt 0.698258 0.880605
vt 0.703484 0.881659
vt 0.702605 0.891524
vt 0.695522 0.890096
vt 0.693544 0.876930
vt 0.689133 0.885115
vt 0.689803 0.870993
vt 0.684062 0.877067
vt 0.687402 0.863374
vt 0.680806 0.866740
vt 0.686574 0.854821
vt 0.679685 0.855146
vt 0.687402 0.846170
vt 0.680806 0.843420
vt 0.689803 0.838268
vt 0.684062 0.832708
vt 0.693544 0.831888
vt 0.689133 0.824060
vt 0.698258 0.827655
vt 0.695522 0.818323
vt 0.703484 0.825984
vt 0.702605 0.816057
vt 0.895372 0.361950
vt 0.900414 0.363592
vt 0.899518 0.373516
vt 0.892684 0.371291
vt 0.890823 0.357744
vt 0.886518 0.365589
vt 0.887214 0.351384
vt 0.881626 0.356968
vt 0.884896 0.343494
vt 0.878484 0.346273
vt 0.519262 0.907134
vt 0.520587 0.893281
vt 0.542406 0.894033
vt 0.541080 0.907886
vt 0.515416 0.919787
vt 0.537234 0.920539
vt 0.801259 0.936822
vt 0.801259 0.923292
vt 0.828710 0.923297
vt 0.828710 0.936827
vt 0.859830 0.759793
vt 0.859827 0.745862
vt 0.887277 0.745854
vt 0.887281 0.759785
vt 0.859830 0.772761
vt 0.887281 0.772753
vt 0.859827 0.783496
vt 0.887277 0.783489
vt 0.928531 0.947064
vt 0.927945 0.933139
vt 0.950151 0.933139
vt 0.950738 0.947064
vt 0.895642 0.596825
vt 0.895642 0.610591
vt 0.873545 0.613298
vt 0.873545 0.599531
vt 0.192210 0.908452
vt 0.164759 0.908466
vt 0.164759 0.896020
vt 0.192210 0.896006
vt 0.192205 0.882215
vt 0.164755 0.882229
vt 0.220972 0.925048
vt 0.220967 0.938834
vt 0.193517 0.938820
vt 0.193522 0.925034
vt 0.220972 0.912616
vt 0.193522 0.912601
vt 0.193517 0.902740
vt 0.220967 0.902754
vt 0.519262 0.879584
vt 0.541080 0.880337
vt 0.089762 0.724461
vt 0.089762 0.736279
vt 0.084934 0.737030
vt 0.084934 0.723718
vt 0.093230 0.747507
vt 0.088840 0.749679
vt 0.099827 0.757047
vt 0.096271 0.760426
vt 0.108906 0.763964
vt 0.106499 0.768219
vt 0.119579 0.767583
vt 0.118523 0.772295
vt 0.130802 0.767548
vt 0.131165 0.772256
vt 0.141475 0.763864
vt 0.143189 0.768105
vt 0.150554 0.756889
vt 0.153417 0.760249
vt 0.157151 0.747309
vt 0.160848 0.749456
vt 0.160619 0.736059
vt 0.164755 0.736783
vt 0.160619 0.724242
vt 0.164755 0.723471
vt 0.157151 0.713014
vt 0.160848 0.710822
vt 0.150554 0.703474
vt 0.153417 0.700075
vt 0.141475 0.696556
vt 0.143189 0.692282
vt 0.130802 0.692937
vt 0.131165 0.688206
vt 0.119579 0.692972
vt 0.118523 0.688245
vt 0.108906 0.696657
vt 0.106499 0.692396
vt 0.099826 0.703631
vt 0.096271 0.700252
vt 0.093230 0.713212
vt 0.088840 0.711045
vt 0.081745 0.737325
vt 0.081745 0.723365
vt 0.085842 0.750589
vt 0.093635 0.761858
vt 0.980349 0.875258
vt 0.980353 0.886515
vt 0.976376 0.885697
vt 0.976371 0.873892
vt 0.980354 0.899418
vt 0.976377 0.899227
vt 0.980353 0.912702
vt 0.976376 0.913158
vt 0.980349 0.925069
vt 0.425197 0.851751
vt 0.419568 0.862388
vt 0.415378 0.861002
vt 0.421281 0.849847
vt 0.415954 0.874937
vt 0.411588 0.874161
vt 0.414709 0.888169
vt 0.410282 0.888037
vt 0.415954 0.900789
vt 0.411588 0.901271
vt 0.419568 0.911562
vt 0.415378 0.912568
vt 0.425197 0.919432
vt 0.421281 0.920821
vt 0.977763 0.155531
vt 0.977771 0.143663
vt 0.981752 0.144301
vt 0.981743 0.156746
vt 0.977776 0.130512
vt 0.981756 0.130510
vt 0.977776 0.117365
vt 0.981756 0.116724
vt 0.977771 0.105509
vt 0.981752 0.104291
vt 0.977763 0.096105
vt 0.981743 0.094430
vt 0.085842 0.710075
vt 0.093635 0.698757
vt 0.098707 0.725972
vt 0.098707 0.734690
vt 0.101266 0.742974
vt 0.106132 0.750012
vt 0.112830 0.755115
vt 0.120704 0.757785
vt 0.128984 0.757759
vt 0.136858 0.755041
vt 0.143556 0.749896
vt 0.148422 0.742828
vt 0.150981 0.734528
vt 0.150981 0.725810
vt 0.148422 0.717527
vt 0.143556 0.710489
vt 0.136858 0.705386
vt 0.128984 0.702716
vt 0.120704 0.702742
vt 0.112830 0.705460
vt 0.106132 0.710605
vt 0.101266 0.717673
vt 0.801256 0.911487
vt 0.801250 0.902563
vt 0.828701 0.902568
vt 0.828707 0.911492
vt 0.929916 0.919587
vt 0.952123 0.919587
vt 0.876104 0.587016
vt 0.192205 0.918333
vt 0.164755 0.918347
vt 0.515416 0.867386
vt 0.537234 0.868138
vt 0.959855 0.878053
vt 0.959002 0.875654
vt 0.960967 0.903890
vt 0.961832 0.901390
vt 0.282038 0.979125
vt 0.281844 0.970566
vt 0.283764 0.965394
vt 0.283764 0.979096
vt 0.358955 0.978451
vt 0.361300 0.979641
vt 0.989010 0.027554
vt 0.988766 0.020928
vt 0.991307 0.015703
vt 0.991307 0.026458
vt 0.316743 0.954254
vt 0.317971 0.962695
vt 0.316743 0.967815
vt 0.858215 0.967164
vt 0.858215 0.981184
vt 0.856557 0.967607
vt 0.949052 0.905408
vt 0.947379 0.902010
vt 0.287412 0.971687
vt 0.288400 0.967492
vt 0.271744 0.976625
vt 0.270756 0.972548
vt 0.947379 0.884488
vt 0.949052 0.880892
vt 0.960967 0.881156
vt 0.961832 0.883555
vt 0.959855 0.907125
vt 0.959002 0.909626
vt 0.976162 0.958340
vt 0.974464 0.971938
vt 0.515369 0.940396
vt 0.514150 0.935050
vt 0.985132 0.674350
vt 0.982716 0.673306
vt 0.982716 0.663033
vt 0.985387 0.668018
vt 0.366146 0.979126
vt 0.363922 0.980357
vt 0.529851 0.965715
vt 0.531569 0.965541
vt 0.531569 0.979154
vt 0.529658 0.974237
vt 0.957389 0.973720
vt 0.959137 0.982053
vt 0.955851 0.981956
vt 0.955851 0.973674
vt 0.208728 0.979717
vt 0.208728 0.987907
vt 0.205317 0.987952
vt 0.207132 0.979738
vt 0.976650 0.554315
vt 0.977778 0.562823
vt 0.975659 0.562158
vt 0.975659 0.554004
vt 0.210757 0.987921
vt 0.208952 0.979752
vt 0.212345 0.979845
vt 0.212345 0.987964
vt 0.280800 0.988436
vt 0.280800 0.980230
vt 0.284078 0.980085
vt 0.282334 0.988368
vt 0.563565 0.417803
vt 0.564529 0.422184
vt 0.561855 0.417803
vt 0.293729 0.969505
vt 0.293729 0.978150
vt 0.356536 0.964213
vt 0.356536 0.970611
vt 0.368413 0.964213
vt 0.368413 0.970938
vt 0.277075 0.973982
vt 0.776761 0.983852
vt 0.773735 0.973331
vt 0.980354 0.926789
vt 0.980354 0.914191
vt 0.983081 0.924007
vt 0.718449 0.982061
vt 0.722031 0.969961
vt 0.721958 0.981679
vt 0.971923 0.426272
vt 0.971923 0.412571
vt 0.975668 0.412597
vt 0.975706 0.425222
vt 0.601327 0.974186
vt 0.604696 0.972308
vt 0.604696 0.983972
vt 0.601240 0.984850
vt 0.608435 0.972413
vt 0.611955 0.972192
vt 0.611955 0.984282
vt 0.608363 0.983642
vt 0.838052 0.980777
vt 0.841776 0.967273
vt 0.841818 0.979801
vt 0.584114 0.421608
vt 0.581731 0.417855
vt 0.582862 0.417803
vt 0.629201 0.422642
vt 0.627035 0.420872
vt 0.629201 0.418085
vt 0.002776 0.994626
vt 0.003683 0.990697
vt 0.597075 0.418085
vt 0.595513 0.421614
vt 0.594329 0.421424
vt 0.574025 0.417803
vt 0.573058 0.421579
vt 0.571895 0.421621
vt 0.615173 0.421611
vt 0.612204 0.421611
vt 0.612287 0.418085
vt 0.006666 0.990070
vt 0.006666 0.994621
vt 0.005805 0.994011
vt 0.624069 0.418085
vt 0.627035 0.418085
vt 0.625384 0.421611
vt 0.624222 0.421420
vt 0.159617 0.976195
vt 0.163209 0.975557
vt 0.163209 0.987660
vt 0.159873 0.987525
vt 0.807834 0.813464
vt 0.810931 0.815233
vt 0.807834 0.826463
vt 0.514651 0.974143
vt 0.514651 0.986452
vt 0.511836 0.983602
vt 0.951900 0.974442
vt 0.948179 0.974468
vt 0.952033 0.961949
vt 0.059494 0.989056
vt 0.059684 0.977599
vt 0.063043 0.977599
vt 0.063112 0.988392
vt 0.931420 0.979862
vt 0.931420 0.967596
vt 0.934594 0.969649
vt 0.934895 0.980591
vt 0.975831 0.862037
vt 0.979694 0.849578
vt 0.979579 0.861944
vt 0.595035 0.384181
vt 0.615818 0.395250
vt 0.592199 0.395272
vt 0.595035 0.406437
vt 0.602782 0.414684
vt 0.613366 0.417803
vt 0.623949 0.414959
vt 0.631697 0.406914
vt 0.727187 0.206145
vt 0.744925 0.196947
vt 0.735365 0.214266
vt 0.744925 0.218982
vt 0.631697 0.384659
vt 0.623949 0.376412
vt 0.613366 0.373292
vt 0.602782 0.376136
vt 0.334677 0.955655
vt 0.327379 0.957867
vt 0.332391 0.951588
vt 0.328492 0.949240
vt 0.324025 0.949240
vt 0.320187 0.951588
vt 0.318006 0.955655
vt 0.318067 0.960351
vt 0.320354 0.964417
vt 0.324253 0.966765
vt 0.328720 0.966765
vt 0.332558 0.964417
vt 0.538011 0.215071
vt 0.530263 0.218829
vt 0.534532 0.212110
vt 0.530263 0.210344
vt 0.391004 0.813407
vt 0.396892 0.813191
vt 0.398463 0.817346
vt 0.389268 0.830766
vt 0.392040 0.825389
vt 0.396230 0.826080
vt 0.402717 0.841213
vt 0.399712 0.836037
vt 0.402332 0.832574
vt 0.417902 0.834300
vt 0.412237 0.834489
vt 0.410666 0.830335
vt 0.419638 0.816941
vt 0.417090 0.822291
vt 0.412900 0.821600
vt 0.406189 0.806494
vt 0.409417 0.811643
vt 0.406798 0.815106
vt 0.392040 0.821965
vt 0.389268 0.816546
vt 0.396230 0.821384
vt 0.396892 0.834289
vt 0.391004 0.833950
vt 0.398463 0.830176
vt 0.409417 0.836164
vt 0.406189 0.841258
vt 0.406798 0.832632
vt 0.417090 0.825715
vt 0.419638 0.831161
vt 0.412900 0.826297
vt 0.412237 0.813391
vt 0.417902 0.813757
vt 0.410666 0.817504
vt 0.399712 0.811516
vt 0.402717 0.806449
vt 0.402332 0.815048
vt 0.928752 0.730639
vt 0.930803 0.723132
vt 0.801421 0.982411
vt 0.321470 0.987822
vt 0.321470 0.979842
vt 0.324726 0.981627
vt 0.193517 0.979632
vt 0.197334 0.980687
vt 0.193517 0.987061
vt 0.276961 0.984416
vt 0.274557 0.985186
vt 0.942300 0.477240
vt 0.938576 0.477907
vt 0.035575 0.981307
vt 0.035575 0.988728
vt 0.031758 0.987671
vt 0.118056 0.988032
vt 0.114320 0.987808
vt 0.118056 0.980253
vt 0.668384 0.976093
vt 0.671935 0.983515
vt 0.668207 0.983515
vt 0.492729 0.219699
vt 0.488905 0.218637
vt 0.492729 0.212695
vt 0.896549 0.507800
vt 0.894127 0.506758
vt 0.896549 0.499276
vt 0.975484 0.642365
vt 0.973128 0.633979
vt 0.976764 0.633979
vt 0.193517 0.870927
vt 0.195245 0.871171
vt 0.195245 0.879410
vt 0.193517 0.879645
vt 0.197663 0.887239
vt 0.196075 0.887929
vt 0.202262 0.893891
vt 0.200942 0.894967
vt 0.208593 0.898714
vt 0.207640 0.900070
vt 0.216035 0.901238
vt 0.215514 0.902740
vt 0.223860 0.901213
vt 0.223793 0.902714
vt 0.955594 0.347994
vt 0.956761 0.349353
vt 0.952835 0.354500
vt 0.951441 0.353440
vt 0.949983 0.361382
vt 0.948424 0.360721
vt 0.948484 0.369325
vt 0.946837 0.369125
vt 0.948484 0.377551
vt 0.946837 0.377828
vt 0.949983 0.385256
vt 0.948424 0.385980
vt 0.952835 0.391684
vt 0.951441 0.392782
vt 0.956761 0.396208
vt 0.955594 0.397568
vt 0.716885 0.984484
vt 0.715576 0.984351
vt 0.716852 0.976495
vt 0.718235 0.976172
vt 0.715576 0.968742
vt 0.716885 0.967968
vt 0.223793 0.847671
vt 0.223860 0.849190
vt 0.216035 0.849214
vt 0.215514 0.847697
vt 0.208593 0.851784
vt 0.207640 0.850415
vt 0.202262 0.856646
vt 0.200942 0.855560
vt 0.197663 0.863327
vt 0.196075 0.862628
vt 0.901817 0.759987
vt 0.891081 0.760292
vt 0.889771 0.753564
vt 0.900318 0.752283
vt 0.887281 0.747950
vt 0.897466 0.745854
vt 0.957894 0.731086
vt 0.968778 0.733784
vt 0.968773 0.738878
vt 0.957888 0.736919
vt 0.968770 0.745293
vt 0.957884 0.744264
vt 0.968769 0.752401
vt 0.957883 0.752404
vt 0.968770 0.759507
vt 0.957884 0.760542
vt 0.968773 0.765915
vt 0.957888 0.767880
vt 0.968778 0.770998
vt 0.957894 0.773700
vt 0.582600 0.211531
vt 0.588644 0.210344
vt 0.588644 0.217427
vt 0.582600 0.219641
vt 0.675613 0.976093
vt 0.668890 0.974651
vt 0.668207 0.967591
vt 0.674831 0.968009
vt 0.668890 0.960451
vt 0.675613 0.959832
vt 0.595022 0.219014
vt 0.588644 0.217500
vt 0.595022 0.210820
vt 0.938826 0.967596
vt 0.927946 0.964722
vt 0.927945 0.960122
vt 0.938824 0.962328
vt 0.927945 0.954038
vt 0.938824 0.955361
vt 0.927946 0.947064
vt 0.938826 0.947375
vt 0.175635 0.976804
vt 0.164755 0.976500
vt 0.164755 0.969319
vt 0.175634 0.968582
vt 0.164755 0.962635
vt 0.897466 0.783038
vt 0.887281 0.780421
vt 0.889771 0.774412
vt 0.900318 0.776156
vt 0.891081 0.767476
vt 0.901817 0.768214
vt 0.787393 0.080681
vt 0.785738 0.080653
vt 0.784983 0.072479
vt 0.786594 0.072032
vt 0.782792 0.065022
vt 0.784277 0.064142
vt 0.779381 0.059011
vt 0.780667 0.057782
vt 0.775082 0.055035
vt 0.776119 0.053576
vt 0.770317 0.053484
vt 0.771077 0.051934
vt 0.902120 0.919477
vt 0.901374 0.917924
vt 0.906313 0.916344
vt 0.907345 0.917806
vt 0.910768 0.912344
vt 0.912059 0.913573
vt 0.914304 0.906314
vt 0.915800 0.907193
vt 0.916574 0.898845
vt 0.918202 0.899291
vt 0.917356 0.890669
vt 0.919029 0.890640
vt 0.916574 0.882585
vt 0.918202 0.882086
vt 0.914304 0.875384
vt 0.915800 0.874468
vt 0.910768 0.869773
vt 0.912059 0.868531
vt 0.906313 0.866299
vt 0.907345 0.864855
vt 0.901374 0.865304
vt 0.902120 0.863802
vt 0.771077 0.107622
vt 0.770317 0.106116
vt 0.775082 0.105092
vt 0.776119 0.106538
vt 0.779381 0.101592
vt 0.780667 0.102835
vt 0.782792 0.095958
vt 0.784277 0.096874
vt 0.784983 0.088743
vt 0.786594 0.089241
vt 0.042424 0.902414
vt 0.065509 0.900816
vt 0.066861 0.907779
vt 0.043972 0.910387
vt 0.069433 0.913849
vt 0.046918 0.917338
vt 0.668207 0.911986
vt 0.641654 0.909284
vt 0.641648 0.904201
vt 0.668201 0.906166
vt 0.641645 0.897793
vt 0.668197 0.898828
vt 0.641644 0.890687
vt 0.668196 0.890690
vt 0.641645 0.883579
vt 0.668197 0.882550
vt 0.641648 0.877164
vt 0.668201 0.875205
vt 0.641654 0.872070
vt 0.668207 0.869372
vt 0.084037 0.915667
vt 0.107145 0.917093
vt 0.105233 0.923394
vt 0.081846 0.922881
vt 0.104574 0.930459
vt 0.081092 0.930972
vt 0.105233 0.937597
vt 0.081846 0.939146
vt 0.107145 0.944109
vt 0.084037 0.946603
vt 0.239720 0.938836
vt 0.237218 0.965394
vt 0.231685 0.965392
vt 0.233383 0.938834
vt 0.225001 0.965392
vt 0.225729 0.938834
vt 0.217820 0.965394
vt 0.217506 0.938836
vt 0.843662 0.966996
vt 0.843662 0.940436
vt 0.850636 0.940516
vt 0.851648 0.967087
vt 0.856720 0.940583
vt 0.858615 0.967164
vt 0.046918 0.880210
vt 0.069433 0.881426
vt 0.066861 0.886962
vt 0.043972 0.886549
vt 0.065509 0.893643
vt 0.042424 0.894200
vt 0.712964 0.149113
vt 0.712964 0.160930
vt 0.708136 0.161682
vt 0.708136 0.148370
vt 0.716432 0.172159
vt 0.712043 0.174331
vt 0.723029 0.181698
vt 0.719474 0.185077
vt 0.732108 0.188616
vt 0.729702 0.192871
vt 0.742781 0.192235
vt 0.741725 0.196947
vt 0.754004 0.192200
vt 0.754368 0.196908
vt 0.764677 0.188515
vt 0.766391 0.192757
vt 0.773757 0.181541
vt 0.776619 0.184900
vt 0.780353 0.171961
vt 0.784050 0.174108
vt 0.783821 0.160711
vt 0.787957 0.161435
vt 0.783821 0.148894
vt 0.787957 0.148123
vt 0.780353 0.137666
vt 0.784050 0.135474
vt 0.773757 0.128126
vt 0.776619 0.124727
vt 0.764677 0.121208
vt 0.766391 0.116934
vt 0.754004 0.117589
vt 0.754368 0.112858
vt 0.742781 0.117624
vt 0.741725 0.112897
vt 0.732108 0.121309
vt 0.729702 0.117048
vt 0.723029 0.128283
vt 0.719474 0.124904
vt 0.716432 0.137864
vt 0.712043 0.135697
vt 0.704948 0.161976
vt 0.704948 0.148017
vt 0.709044 0.175240
vt 0.716837 0.186510
vt 0.986530 0.169971
vt 0.986535 0.181228
vt 0.982557 0.180410
vt 0.982553 0.168605
vt 0.986536 0.194130
vt 0.982559 0.193940
vt 0.986535 0.207415
vt 0.982557 0.207871
vt 0.986530 0.219781
vt 0.982553 0.220839
vt 0.122061 0.853872
vt 0.116432 0.864509
vt 0.112241 0.863123
vt 0.118144 0.851968
vt 0.112817 0.877058
vt 0.108451 0.876283
vt 0.111572 0.890290
vt 0.107145 0.890158
vt 0.112817 0.902910
vt 0.108451 0.903392
vt 0.116432 0.913683
vt 0.112241 0.914689
vt 0.122061 0.921553
vt 0.118144 0.922942
vt 0.972378 0.934993
vt 0.972386 0.923125
vt 0.976367 0.923764
vt 0.976358 0.936209
vt 0.972391 0.909974
vt 0.976371 0.909973
vt 0.972391 0.896827
vt 0.976371 0.896186
vt 0.972386 0.884972
vt 0.976367 0.883754
vt 0.972378 0.875568
vt 0.976358 0.873892
vt 0.709044 0.134727
vt 0.716837 0.123409
vt 0.721910 0.150624
vt 0.721910 0.159342
vt 0.724468 0.167626
vt 0.729335 0.174664
vt 0.736033 0.179767
vt 0.743907 0.182437
vt 0.752186 0.182411
vt 0.760060 0.179693
vt 0.766758 0.174548
vt 0.771625 0.167480
vt 0.774183 0.159180
vt 0.774183 0.150462
vt 0.771625 0.142179
vt 0.766758 0.135141
vt 0.760060 0.130037
vt 0.752186 0.127368
vt 0.743907 0.127393
vt 0.736033 0.130112
vt 0.729335 0.135257
vt 0.724468 0.142325
vt 0.513531 0.900102
vt 0.491712 0.899350
vt 0.493037 0.885497
vt 0.514856 0.886249
vt 0.509685 0.912756
vt 0.487866 0.912004
vt 0.886416 0.937223
vt 0.858966 0.937219
vt 0.858966 0.923689
vt 0.886416 0.923693
vt 0.472063 0.888783
vt 0.444613 0.888791
vt 0.444610 0.874860
vt 0.472060 0.874852
vt 0.472063 0.901751
vt 0.444613 0.901759
vt 0.472060 0.912487
vt 0.444610 0.912494
vt 0.698822 0.955133
vt 0.676615 0.955133
vt 0.676028 0.941208
vt 0.698235 0.941208
vt 0.042424 0.932560
vt 0.064521 0.929854
vt 0.064521 0.943620
vt 0.042424 0.946327
vt 0.768949 0.892943
vt 0.768949 0.905388
vt 0.741499 0.905402
vt 0.741499 0.892957
vt 0.741494 0.879166
vt 0.768944 0.879152
vt 0.248432 0.925034
vt 0.275882 0.925048
vt 0.275877 0.938834
vt 0.248427 0.938820
vt 0.275877 0.902754
vt 0.275882 0.912615
vt 0.248432 0.912601
vt 0.248427 0.902740
vt 0.491712 0.871801
vt 0.513531 0.872553
vt 0.854145 0.752672
vt 0.850509 0.751330
vt 0.851630 0.739603
vt 0.855409 0.739462
vt 0.850477 0.764739
vt 0.847253 0.762041
vt 0.844765 0.774481
vt 0.842182 0.770689
vt 0.837567 0.780944
vt 0.835792 0.776426
vt 0.829588 0.783496
vt 0.828710 0.778692
vt 0.837304 0.786003
vt 0.835544 0.790523
vt 0.828710 0.788297
vt 0.829605 0.783496
vt 0.844249 0.792427
vt 0.841709 0.796224
vt 0.849761 0.802137
vt 0.846602 0.804845
vt 0.853300 0.814186
vt 0.849743 0.815540
vt 0.854519 0.827391
vt 0.850826 0.827263
vt 0.853300 0.840462
vt 0.849743 0.838866
vt 0.849761 0.852119
vt 0.846602 0.849213
vt 0.844250 0.861220
vt 0.841709 0.857292
vt 0.837304 0.866875
vt 0.835544 0.862312
vt 0.829605 0.868530
vt 0.828710 0.863781
vt 0.837567 0.700090
vt 0.835792 0.704653
vt 0.828710 0.703225
vt 0.844765 0.705702
vt 0.842182 0.709635
vt 0.850477 0.714768
vt 0.847253 0.717683
vt 0.854145 0.726401
vt 0.850509 0.728009
vt 0.859827 0.739497
vt 0.858502 0.753349
vt 0.854656 0.766003
vt 0.848666 0.776219
vt 0.980003 0.415812
vt 0.983983 0.414447
vt 0.983988 0.426252
vt 0.980008 0.427069
vt 0.983989 0.439782
vt 0.980009 0.439972
vt 0.983988 0.453713
vt 0.980008 0.453256
vt 0.983983 0.466681
vt 0.980003 0.465623
vt 0.848187 0.790699
vt 0.853967 0.800883
vt 0.857678 0.813517
vt 0.858957 0.827365
vt 0.857678 0.841072
vt 0.853967 0.853296
vt 0.848187 0.862840
vt 0.979252 0.782326
vt 0.975281 0.771096
vt 0.979258 0.770458
vt 0.975283 0.757305
vt 0.979260 0.757307
vt 0.975281 0.743518
vt 0.979258 0.744160
vt 0.975275 0.731086
vt 0.979252 0.732304
vt 0.848666 0.704094
vt 0.854656 0.713602
vt 0.858502 0.725800
vt 0.357408 0.854329
vt 0.356609 0.862889
vt 0.349913 0.862594
vt 0.350996 0.850991
vt 0.359725 0.846695
vt 0.354137 0.840643
vt 0.363335 0.840735
vt 0.359030 0.832564
vt 0.367883 0.837031
vt 0.365195 0.827544
vt 0.372925 0.835947
vt 0.372029 0.826075
vt 0.892381 0.242344
vt 0.897606 0.243397
vt 0.896728 0.253263
vt 0.889645 0.251835
vt 0.887667 0.238669
vt 0.883255 0.246854
vt 0.883926 0.232731
vt 0.878184 0.238806
vt 0.881524 0.225113
vt 0.874929 0.228479
vt 0.880696 0.216560
vt 0.873807 0.216885
vt 0.881524 0.207909
vt 0.874929 0.205159
vt 0.883926 0.200006
vt 0.878184 0.194447
vt 0.887667 0.193627
vt 0.883255 0.185799
vt 0.892381 0.189394
vt 0.889645 0.180062
vt 0.897606 0.187722
vt 0.896728 0.177796
vt 0.367883 0.889993
vt 0.372925 0.891635
vt 0.372029 0.901559
vt 0.365195 0.899334
vt 0.363335 0.885787
vt 0.359030 0.893632
vt 0.359725 0.879427
vt 0.354137 0.885011
vt 0.357408 0.871537
vt 0.350996 0.874316
vt 0.886413 0.911889
vt 0.858963 0.911884
vt 0.858957 0.902960
vt 0.886407 0.902964
vt 0.678000 0.927656
vt 0.700206 0.927656
vt 0.044983 0.920045
vt 0.768944 0.915270
vt 0.741494 0.915284
vt 0.487866 0.859602
vt 0.509685 0.860354
vt 0.383769 0.809074
vt 0.385112 0.806641
vt 0.382029 0.834960
vt 0.380680 0.832493
vt 0.402499 0.849766
vt 0.399806 0.849732
vt 0.424710 0.838685
vt 0.423362 0.841119
vt 0.426450 0.812799
vt 0.427794 0.815267
vt 0.405980 0.797993
vt 0.408669 0.798028
vt 0.382029 0.812221
vt 0.380680 0.814654
vt 0.383769 0.838152
vt 0.385112 0.840621
vt 0.405980 0.849811
vt 0.408669 0.849847
vt 0.426450 0.835538
vt 0.427794 0.833106
vt 0.424710 0.809607
vt 0.423362 0.807139
vt 0.402499 0.797948
vt 0.399806 0.797913
vt 0.110733 0.988596
vt 0.107145 0.988596
vt 0.107654 0.980253
vt 0.109333 0.980253
vt 0.716434 0.423759
vt 0.712807 0.423759
vt 0.714016 0.415331
vt 0.715714 0.415331
vt 0.683223 0.984102
vt 0.679754 0.984258
vt 0.681599 0.976517
vt 0.683223 0.976444
vt 0.121607 0.980253
vt 0.119887 0.988268
vt 0.118224 0.988268
vt 0.890158 0.974627
vt 0.893199 0.974775
vt 0.893199 0.983167
vt 0.891776 0.983098
vt 0.321470 0.987401
vt 0.318006 0.987146
vt 0.319627 0.979962
vt 0.188183 0.675719
vt 0.191613 0.676776
vt 0.191516 0.687725
vt 0.188183 0.685711
vt 0.549079 0.971538
vt 0.552659 0.971000
vt 0.552659 0.983635
vt 0.549153 0.983255
vt 0.975443 0.704681
vt 0.979169 0.704785
vt 0.979169 0.718406
vt 0.975401 0.717259
vt 0.615328 0.974067
vt 0.615415 0.984729
vt 0.611955 0.983855
vt 0.826893 0.969849
vt 0.826965 0.981079
vt 0.823370 0.981715
vt 0.823370 0.969624
vt 0.469531 0.971618
vt 0.472059 0.971264
vt 0.472059 0.984868
vt 0.469390 0.984144
vt 0.636284 0.419607
vt 0.638870 0.418495
vt 0.638870 0.421918
vt 0.636026 0.420744
vt 0.633861 0.418495
vt 0.636026 0.421280
vt 0.633861 0.423052
vt 0.012124 0.990070
vt 0.012124 0.993917
vt 0.011207 0.990861
vt 0.598623 0.418085
vt 0.600186 0.421611
vt 0.597075 0.421611
vt 0.597439 0.418275
vt 0.588308 0.421566
vt 0.587483 0.417803
vt 0.590851 0.417803
vt 0.589508 0.421614
vt 0.603385 0.421614
vt 0.603298 0.418085
vt 0.606267 0.418085
vt 0.012124 0.994626
vt 0.012897 0.994008
vt 0.616491 0.418085
vt 0.618139 0.421614
vt 0.615173 0.421614
vt 0.615329 0.418275
vt 0.156026 0.976191
vt 0.155772 0.987522
vt 0.152432 0.987661
vt 0.152432 0.975557
vt 0.628106 0.982442
vt 0.625018 0.984727
vt 0.624673 0.973084
vt 0.981869 0.769721
vt 0.981400 0.757238
vt 0.984399 0.756152
vt 0.984399 0.769846
vt 0.063171 0.977599
vt 0.066527 0.977599
vt 0.066729 0.989054
vt 0.063112 0.988391
vt 0.406266 0.930068
vt 0.409999 0.928523
vt 0.409999 0.940184
vt 0.406512 0.941030
vt 0.845679 0.968259
vt 0.849539 0.980424
vt 0.845799 0.980204
vt 0.555536 0.384182
vt 0.576320 0.395250
vt 0.552701 0.395272
vt 0.555536 0.406437
vt 0.563284 0.414684
vt 0.573868 0.417803
vt 0.584451 0.414959
vt 0.592199 0.406914
vt 0.744925 0.206145
vt 0.762662 0.196947
vt 0.753103 0.214266
vt 0.762662 0.218982
vt 0.592199 0.384659
vt 0.584451 0.376412
vt 0.573868 0.373292
vt 0.563284 0.376136
vt 0.532087 0.954430
vt 0.524788 0.956643
vt 0.529800 0.950364
vt 0.525901 0.948016
vt 0.521434 0.948016
vt 0.517596 0.950364
vt 0.515416 0.954430
vt 0.515477 0.959126
vt 0.517763 0.963193
vt 0.521662 0.965541
vt 0.526129 0.965541
vt 0.529967 0.963193
vt 0.545646 0.210344
vt 0.545646 0.218956
vt 0.541464 0.212183
vt 0.538011 0.215253
vt 0.780640 0.015494
vt 0.786529 0.015279
vt 0.788100 0.019433
vt 0.778904 0.032853
vt 0.781676 0.027476
vt 0.785867 0.028167
vt 0.792353 0.043300
vt 0.789349 0.038125
vt 0.791968 0.034662
vt 0.807538 0.036388
vt 0.801874 0.036576
vt 0.800303 0.032422
vt 0.809274 0.019028
vt 0.806726 0.024379
vt 0.802536 0.023688
vt 0.795826 0.008582
vt 0.799054 0.013730
vt 0.796435 0.017193
vt 0.781676 0.024053
vt 0.778904 0.018633
vt 0.785867 0.023471
vt 0.786529 0.036376
vt 0.780640 0.036038
vt 0.788100 0.032263
vt 0.799054 0.038251
vt 0.795826 0.043345
vt 0.796435 0.034720
vt 0.806726 0.027802
vt 0.809274 0.033249
vt 0.802536 0.028384
vt 0.801874 0.015478
vt 0.807538 0.015844
vt 0.800303 0.019592
vt 0.789349 0.013604
vt 0.792353 0.008536
vt 0.791968 0.017135
vt 0.934611 0.730914
vt 0.930803 0.724172
vt 0.952122 0.973674
vt 0.952293 0.981087
vt 0.081092 0.990070
vt 0.084348 0.983875
vt 0.953366 0.602526
vt 0.957183 0.603581
vt 0.953366 0.609955
vt 0.349771 0.986268
vt 0.347367 0.987038
vt 0.985236 0.414153
vt 0.981607 0.413085
vt 0.985236 0.405821
vt 0.201500 0.979716
vt 0.205317 0.986081
vt 0.201500 0.987137
vt 0.976121 0.943974
vt 0.972378 0.943974
vt 0.975655 0.936209
vt 0.248291 0.986828
vt 0.244564 0.986917
vt 0.496518 0.218585
vt 0.492729 0.219761
vt 0.067819 0.977235
vt 0.065397 0.976194
vt 0.067819 0.968711
vt 0.980264 0.633655
vt 0.980264 0.642365
vt 0.976764 0.641382
vt 0.287412 0.871536
vt 0.289140 0.871780
vt 0.289140 0.880019
vt 0.287412 0.880255
vt 0.291558 0.887848
vt 0.289970 0.888538
vt 0.296157 0.894500
vt 0.294837 0.895576
vt 0.302488 0.899324
vt 0.301535 0.900679
vt 0.309930 0.901847
vt 0.309409 0.903349
vt 0.317755 0.901823
vt 0.317688 0.903323
vt 0.968431 0.118848
vt 0.969598 0.120207
vt 0.965672 0.125354
vt 0.964278 0.124293
vt 0.962821 0.132236
vt 0.961261 0.131574
vt 0.961321 0.140178
vt 0.959674 0.139978
vt 0.961321 0.148405
vt 0.959674 0.148682
vt 0.962821 0.156109
vt 0.961261 0.156834
vt 0.965672 0.162538
vt 0.964278 0.163636
vt 0.969598 0.167061
vt 0.968431 0.168422
vt 0.306092 0.984007
vt 0.304783 0.983875
vt 0.306059 0.976019
vt 0.307442 0.975695
vt 0.304783 0.968265
vt 0.306092 0.967492
vt 0.317688 0.848280
vt 0.317755 0.849799
vt 0.309930 0.849823
vt 0.309409 0.848306
vt 0.302488 0.852393
vt 0.301535 0.851024
vt 0.296157 0.857255
vt 0.294837 0.856169
vt 0.291558 0.863936
vt 0.289970 0.863237
vt 0.424818 0.934954
vt 0.414082 0.935259
vt 0.412772 0.928531
vt 0.423319 0.927250
vt 0.410282 0.922917
vt 0.420467 0.920821
vt 0.922745 0.119157
vt 0.933629 0.121855
vt 0.933624 0.126949
vt 0.922739 0.124990
vt 0.933620 0.133364
vt 0.922735 0.132335
vt 0.933619 0.140472
vt 0.922734 0.140475
vt 0.933620 0.147578
vt 0.922735 0.148613
vt 0.933624 0.153986
vt 0.922739 0.155951
vt 0.933629 0.159069
vt 0.922745 0.161771
vt 0.576556 0.211531
vt 0.582600 0.210344
vt 0.582600 0.217427
vt 0.576556 0.219641
vt 0.959529 0.973674
vt 0.952806 0.972232
vt 0.952123 0.965172
vt 0.958747 0.965590
vt 0.952806 0.958032
vt 0.601399 0.219014
vt 0.595022 0.217499
vt 0.595022 0.210344
vt 0.601399 0.210820
vt 0.922121 0.967486
vt 0.911241 0.964612
vt 0.911239 0.960012
vt 0.922119 0.962218
vt 0.911239 0.953928
vt 0.922119 0.955251
vt 0.911241 0.946954
vt 0.922121 0.947265
vt 0.780759 0.971396
vt 0.769879 0.971091
vt 0.769878 0.963911
vt 0.780758 0.963173
vt 0.769879 0.957226
vt 0.420467 0.958005
vt 0.410282 0.955388
vt 0.412772 0.949379
vt 0.423319 0.951123
vt 0.414082 0.942443
vt 0.424818 0.943181
vt 0.946829 0.253039
vt 0.945173 0.253011
vt 0.944419 0.244837
vt 0.946030 0.244391
vt 0.942228 0.237380
vt 0.943713 0.236500
vt 0.938817 0.231370
vt 0.940103 0.230141
vt 0.934518 0.227394
vt 0.935555 0.225934
vt 0.929753 0.225842
vt 0.920735 0.359688
vt 0.919990 0.358135
vt 0.924928 0.356556
vt 0.925960 0.358017
vt 0.929384 0.352555
vt 0.930674 0.353784
vt 0.932919 0.346525
vt 0.934415 0.347404
vt 0.935189 0.339056
vt 0.936817 0.339502
vt 0.935972 0.330880
vt 0.937645 0.330851
vt 0.935189 0.322796
vt 0.936817 0.322297
vt 0.932919 0.315596
vt 0.934415 0.314679
vt 0.929384 0.309984
vt 0.930674 0.308742
vt 0.924928 0.306511
vt 0.925960 0.305067
vt 0.919990 0.305515
vt 0.920735 0.304013
vt 0.930513 0.279980
vt 0.929753 0.278474
vt 0.934518 0.277450
vt 0.935555 0.278896
vt 0.938817 0.273950
vt 0.940103 0.275193
vt 0.942228 0.268317
vt 0.943713 0.269233
vt 0.944419 0.261102
vt 0.946030 0.261599
vt 0.769878 0.898024
vt 0.792963 0.896426
vt 0.794315 0.903388
vt 0.771426 0.905997
vt 0.796888 0.909459
vt 0.774372 0.912948
vt 0.568968 0.910000
vt 0.542415 0.907297
vt 0.542410 0.902215
vt 0.568963 0.904179
vt 0.542407 0.895806
vt 0.568959 0.896841
vt 0.542405 0.888700
vt 0.568958 0.888704
vt 0.542407 0.881592
vt 0.568959 0.880564
vt 0.542410 0.875177
vt 0.568963 0.873218
vt 0.542415 0.870084
vt 0.819519 0.392323
vt 0.842627 0.393750
vt 0.840715 0.400050
vt 0.817328 0.399538
vt 0.840055 0.407115
vt 0.816574 0.407628
vt 0.840715 0.414253
vt 0.817328 0.415802
vt 0.842627 0.420765
vt 0.819519 0.423259
vt 0.372127 0.937655
vt 0.369625 0.964212
vt 0.364092 0.964211
vt 0.365790 0.937653
vt 0.357407 0.964211
vt 0.358136 0.937653
vt 0.350227 0.964212
vt 0.349913 0.937655
vt 0.828710 0.966996
vt 0.828710 0.940436
vt 0.835683 0.940516
vt 0.836695 0.967087
vt 0.841767 0.940583
vt 0.843662 0.967164
vt 0.774372 0.875820
vt 0.796888 0.877036
vt 0.794315 0.882572
vt 0.771426 0.882159
vt 0.792963 0.889253
vt 0.769878 0.889810
vt 0.712498 0.460048
vt 0.712498 0.471865
vt 0.707669 0.472616
vt 0.707669 0.459304
vt 0.715966 0.483093
vt 0.711576 0.485265
vt 0.722562 0.492633
vt 0.719007 0.496012
vt 0.731641 0.499551
vt 0.729235 0.503805
vt 0.742315 0.503169
vt 0.741259 0.507881
vt 0.753537 0.503134
vt 0.753901 0.507842
vt 0.764211 0.499450
vt 0.765925 0.503691
vt 0.773290 0.492476
vt 0.776152 0.495835
vt 0.779886 0.482895
vt 0.783584 0.485042
vt 0.783354 0.471645
vt 0.787490 0.472369
vt 0.783354 0.459828
vt 0.787490 0.459057
vt 0.779886 0.448600
vt 0.783583 0.446408
vt 0.773290 0.439060
vt 0.776152 0.435661
vt 0.764210 0.432142
vt 0.765925 0.427868
vt 0.753537 0.428524
vt 0.753901 0.423792
vt 0.742315 0.428558
vt 0.741258 0.423831
vt 0.731641 0.432243
vt 0.729235 0.427982
vt 0.722562 0.439217
vt 0.719007 0.435839
vt 0.715966 0.448798
vt 0.711576 0.446631
vt 0.704481 0.472911
vt 0.704481 0.458951
vt 0.708578 0.486175
vt 0.716370 0.497444
vt 0.985584 0.354953
vt 0.985588 0.366210
vt 0.981611 0.365392
vt 0.985590 0.379113
vt 0.981613 0.378923
vt 0.985588 0.392397
vt 0.981611 0.392853
vt 0.985584 0.404764
vt 0.981607 0.405821
vt 0.848097 0.542362
vt 0.842467 0.553000
vt 0.838277 0.551613
vt 0.844180 0.540458
vt 0.838853 0.565549
vt 0.834487 0.564773
vt 0.837608 0.578781
vt 0.833181 0.578649
vt 0.838853 0.591401
vt 0.834487 0.591882
vt 0.842467 0.602173
vt 0.838277 0.603179
vt 0.848097 0.610043
vt 0.844180 0.611432
vt 0.978560 0.229706
vt 0.978568 0.217838
vt 0.982549 0.218476
vt 0.982540 0.230922
vt 0.978572 0.204687
vt 0.982553 0.204685
vt 0.978572 0.191540
vt 0.982553 0.190899
vt 0.978568 0.179684
vt 0.982549 0.178467
vt 0.978560 0.170281
vt 0.982540 0.168605
vt 0.708578 0.445662
vt 0.716370 0.434344
vt 0.721443 0.461559
vt 0.721443 0.470277
vt 0.724001 0.478560
vt 0.728868 0.485598
vt 0.735566 0.490702
vt 0.743440 0.493371
vt 0.751719 0.493345
vt 0.759593 0.490627
vt 0.766292 0.485482
vt 0.771158 0.478414
vt 0.773717 0.470115
vt 0.773717 0.461397
vt 0.771158 0.453113
vt 0.766292 0.446075
vt 0.759593 0.440972
vt 0.751719 0.438302
vt 0.743440 0.438328
vt 0.735566 0.441046
vt 0.728868 0.446191
vt 0.724001 0.453259
vt 0.884621 0.890306
vt 0.862803 0.889554
vt 0.864128 0.875701
vt 0.885947 0.876453
vt 0.880775 0.902959
vt 0.858957 0.902207
vt 0.152165 0.942280
vt 0.124715 0.942276
vt 0.124715 0.928746
vt 0.152165 0.928750
vt 0.856163 0.882461
vt 0.828713 0.882469
vt 0.828710 0.868538
vt 0.856160 0.868530
vt 0.856163 0.895429
vt 0.828713 0.895437
vt 0.856160 0.906165
vt 0.828710 0.906172
vt 0.924168 0.946954
vt 0.901961 0.946954
vt 0.901374 0.933029
vt 0.923581 0.933029
vt -0.000000 0.933508
vt 0.022097 0.930802
vt 0.022097 0.944568
vt -0.000000 0.947275
vt 0.703484 0.905315
vt 0.703484 0.917761
vt 0.676033 0.917775
vt 0.676033 0.905329
vt 0.676028 0.891538
vt 0.703479 0.891524
vt 0.220977 0.925034
vt 0.248427 0.925048
vt 0.248422 0.938834
vt 0.220972 0.938820
vt 0.248422 0.902754
vt 0.248427 0.912616
vt 0.220977 0.912601
vt 0.220972 0.902740
vt 0.862803 0.862005
vt 0.884621 0.862757
vt 0.571969 0.836561
vt 0.568332 0.835219
vt 0.569454 0.823492
vt 0.573232 0.823351
vt 0.568301 0.848628
vt 0.565077 0.845930
vt 0.562589 0.858370
vt 0.560006 0.854578
vt 0.555391 0.864833
vt 0.553616 0.860316
vt 0.547412 0.867386
vt 0.546533 0.862581
vt 0.854863 0.060188
vt 0.853103 0.064707
vt 0.846269 0.062482
vt 0.847165 0.057681
vt 0.861809 0.066611
vt 0.859268 0.070409
vt 0.867320 0.076322
vt 0.864161 0.079030
vt 0.870859 0.088370
vt 0.867302 0.089725
vt 0.872079 0.101576
vt 0.868385 0.101447
vt 0.870859 0.114647
vt 0.867302 0.113050
vt 0.867320 0.126304
vt 0.864161 0.123398
vt 0.861809 0.135405
vt 0.859268 0.131477
vt 0.854863 0.141060
vt 0.853103 0.136497
vt 0.847165 0.142715
vt 0.846269 0.137966
vt 0.555391 0.783979
vt 0.553616 0.788542
vt 0.546533 0.787114
vt 0.547412 0.782371
vt 0.562589 0.789591
vt 0.560006 0.793524
vt 0.568301 0.798657
vt 0.565077 0.801572
vt 0.571969 0.810290
vt 0.568332 0.811898
vt 0.577651 0.823386
vt 0.576326 0.837239
vt 0.572480 0.849892
vt 0.566489 0.860108
vt 0.977121 0.643730
vt 0.981101 0.642365
vt 0.981105 0.654170
vt 0.977125 0.654987
vt 0.981107 0.667700
vt 0.977127 0.667889
vt 0.981105 0.681631
vt 0.977125 0.681174
vt 0.981101 0.694598
vt 0.977121 0.693540
vt 0.865746 0.064884
vt 0.871526 0.075068
vt 0.875237 0.087702
vt 0.876516 0.101550
vt 0.875237 0.115257
vt 0.871526 0.127481
vt 0.865746 0.137025
vt 0.704183 0.978896
vt 0.700206 0.980111
vt 0.700213 0.967666
vt 0.704189 0.967028
vt 0.700215 0.953875
vt 0.704191 0.953877
vt 0.700213 0.940089
vt 0.704189 0.940730
vt 0.704183 0.928875
vt 0.566489 0.787984
vt 0.572480 0.797491
vt 0.576326 0.809690
vt 0.881039 0.537079
vt 0.880241 0.545639
vt 0.873545 0.545344
vt 0.874627 0.533741
vt 0.883357 0.529445
vt 0.877769 0.523394
vt 0.886966 0.523485
vt 0.882661 0.515315
vt 0.891515 0.519782
vt 0.888827 0.510295
vt 0.896556 0.518698
vt 0.895661 0.508826
vt 0.183328 0.871296
vt 0.188554 0.872350
vt 0.187676 0.882215
vt 0.180593 0.880787
vt 0.178614 0.867621
vt 0.174203 0.875806
vt 0.174874 0.861684
vt 0.169132 0.867758
vt 0.172472 0.854065
vt 0.165876 0.857431
vt 0.171644 0.845512
vt 0.164755 0.845837
vt 0.172472 0.836861
vt 0.165876 0.834111
vt 0.174874 0.828959
vt 0.169132 0.823399
vt 0.178614 0.822579
vt 0.174203 0.814751
vt 0.183328 0.818346
vt 0.180593 0.809014
vt 0.188554 0.816674
vt 0.187676 0.806748
vt 0.891515 0.572744
vt 0.896556 0.574385
vt 0.895661 0.584310
vt 0.888827 0.582084
vt 0.886966 0.568537
vt 0.882661 0.576382
vt 0.883357 0.562178
vt 0.877769 0.567762
vt 0.881039 0.554288
vt 0.874627 0.557067
vt 0.152162 0.916946
vt 0.124712 0.916941
vt 0.124706 0.908017
vt 0.152156 0.908021
vt 0.903346 0.919477
vt 0.925552 0.919477
vt 0.002559 0.920993
vt 0.703479 0.927642
vt 0.676028 0.927656
vt 0.858957 0.849806
vt 0.880775 0.850558
vt 0.773405 0.011161
vt 0.774748 0.008728
vt 0.771665 0.037048
vt 0.770317 0.034580
vt 0.792135 0.051853
vt 0.789442 0.051819
vt 0.814346 0.040772
vt 0.812999 0.043206
vt 0.816087 0.014886
vt 0.817431 0.017354
vt 0.795616 0.000081
vt 0.798305 0.000115
vt 0.771665 0.014308
vt 0.770317 0.016741
vt 0.773405 0.040240
vt 0.774749 0.042708
vt 0.795616 0.051898
vt 0.798305 0.051934
vt 0.816087 0.037626
vt 0.817431 0.035193
vt 0.814346 0.011694
vt 0.812999 0.009226
vt 0.792135 0.000035
vt 0.789442 -0.000000
vt 0.114320 0.988596
vt 0.111241 0.980253
vt 0.112920 0.980253
vt 0.954988 0.168310
vt 0.951361 0.168310
vt 0.952570 0.159882
vt 0.954268 0.159882
vt 0.417030 0.986562
vt 0.413560 0.986718
vt 0.415406 0.978976
vt 0.417030 0.978904
vt 0.237846 0.979124
vt 0.239677 0.987139
vt 0.238015 0.987139
vt 0.124648 0.980400
vt 0.124648 0.988793
vt 0.123224 0.988724
vt 0.890158 0.982186
vt 0.886695 0.981931
vt 0.886695 0.974627
vt 0.888316 0.974746
vt 0.168371 0.976804
vt 0.171802 0.977862
vt 0.171704 0.988810
vt 0.168371 0.986797
vt 0.722031 0.969963
vt 0.725611 0.982060
vt 0.722105 0.981680
vt 0.983126 0.153180
vt 0.986852 0.153285
vt 0.986852 0.166906
vt 0.983084 0.165758
vt 0.624586 0.973979
vt 0.624673 0.984642
vt 0.621212 0.983768
vt 0.621212 0.972105
vt 0.784282 0.970434
vt 0.784353 0.981664
vt 0.780759 0.982301
vt 0.761091 0.968213
vt 0.763620 0.967859
vt 0.763620 0.981463
vt 0.760951 0.980738
vt 0.639128 0.419607
vt 0.641713 0.421918
vt 0.638870 0.420744
vt 0.633862 0.421280
vt 0.631697 0.423052
vt 0.011207 0.990070
vt 0.011207 0.993917
vt 0.010290 0.990861
vt 0.601734 0.418085
vt 0.603298 0.421611
vt 0.600551 0.418275
vt 0.584940 0.421566
vt 0.584114 0.417803
vt 0.586140 0.421614
vt 0.606354 0.421614
vt 0.012897 0.994626
vt 0.012897 0.990070
vt 0.013670 0.994008
vt 0.619457 0.418085
vt 0.621104 0.421614
vt 0.618295 0.418275
vt 0.981271 0.082611
vt 0.981017 0.093943
vt 0.977677 0.094081
vt 0.618848 0.972192
vt 0.618848 0.982530
vt 0.615760 0.984815
vt 0.615415 0.973172
vt 0.981869 0.783416
vt 0.981399 0.770932
vt 0.984399 0.769847
vt 0.984399 0.783541
vt 0.164814 0.976804
vt 0.168170 0.976804
vt 0.168371 0.988259
vt 0.164755 0.987596
vt 0.965045 0.720124
vt 0.968778 0.718579
vt 0.968778 0.730240
vt 0.965292 0.731086
vt 0.841818 0.968259
vt 0.845679 0.967164
vt 0.845679 0.980424
vt 0.841938 0.980204
s 1
usemtl color.002
f 1/1/1 2/2/2 3/3/3
f 3/3/3 4/4/4 1/1/1
f 5/5/5 3/3/3 2/2/2
f 2/2/2 6/6/6 5/5/5
f 6/6/6 7/7/7 8/8/8
f 8/8/8 5/5/5 6/6/6
f 8/8/8 7/7/7 9/9/9
f 9/9/9 10/10/10 8/8/8
f 11/11/11 12/12/12 8/8/8
f 8/8/8 10/10/10 11/11/11
f 9/9/9 7/7/7 13/13/13
f 13/13/13 14/14/14 9/9/9
f 6/6/6 15/15/15 13/13/13
f 13/13/13 7/7/7 6/6/6
f 14/14/14 13/13/13 16/16/16
f 16/16/16 17/17/17 14/14/14
f 15/18/15 18/19/18 16/20/16
f 16/16/16 13/13/13 15/15/15
f 19/21/19 20/22/20 21/23/21
f 21/23/21 22/24/22 19/21/19
f 20/22/20 19/21/19 23/25/23
f 19/21/19 22/24/22 24/26/24
f 24/26/24 25/27/25 19/21/19
f 26/28/26 27/29/27 25/27/25
f 25/27/25 24/26/24 26/28/26
f 28/30/28 27/29/27 26/28/26
f 26/28/26 29/31/29 28/30/28
f 30/32/30 31/33/31 28/30/28
f 28/30/28 29/31/29 30/32/30
f 32/34/32 23/25/23 19/21/19
f 19/21/19 33/35/33 32/34/32
f 34/36/34 33/35/33 19/21/19
f 19/21/19 25/27/25 34/36/34
f 34/36/34 25/27/25 27/29/27
f 27/29/27 35/37/35 34/36/34
f 36/38/36 37/39/37 38/40/38
f 38/40/38 39/41/39 36/38/36
f 40/42/40 35/37/35 27/29/27
f 27/29/27 28/30/28 40/42/40
f 41/43/41 42/44/42 43/45/43
f 43/45/43 44/46/44 41/43/41
f 31/33/31 45/47/45 40/42/40
f 40/42/40 28/30/28 31/33/31
f 37/39/37 46/48/46 47/49/47
f 47/49/47 38/40/38 37/39/37
f 42/44/42 36/38/36 39/41/39
f 39/41/39 43/45/43 42/44/42
f 48/50/48 49/51/49 36/52/36
f 36/52/36 42/53/42 48/50/48
f 50/54/50 41/43/41 44/46/44
f 44/46/44 51/55/51 50/54/50
f 52/56/52 53/57/53 41/58/41
f 41/58/41 50/59/50 52/56/52
f 54/60/54 55/61/55 56/62/56
f 56/62/56 57/63/57 54/60/54
f 58/64/58 59/65/59 56/62/56
f 56/62/56 60/66/60 58/64/58
f 55/61/55 61/67/61 60/66/60
f 60/66/60 56/62/56 55/61/55
f 58/64/58 60/66/60 62/68/62
f 63/69/63 64/70/64 65/71/65
f 65/71/65 66/72/66 63/69/63
f 63/69/63 66/72/66 61/67/61
f 61/67/61 67/73/67 63/69/63
f 63/69/63 67/73/67 68/74/68
f 68/74/68 69/75/69 63/69/63
f 63/69/63 69/75/69 70/76/70
f 70/76/70 64/70/64 63/69/63
f 70/76/70 69/75/69 71/77/71
f 71/77/71 72/78/72 70/76/70
f 69/75/69 68/74/68 73/79/73
f 73/79/73 71/77/71 69/75/69
f 74/80/74 75/81/75 76/82/76
f 76/82/76 77/83/77 74/80/74
f 11/84/11 10/85/10 78/86/78
f 79/87/79 78/86/78 10/85/10
f 10/85/10 9/88/9 79/87/79
f 80/89/80 81/90/81 82/91/82
f 82/91/82 83/92/83 80/89/80
f 75/93/75 80/89/80 83/92/83
f 83/92/83 76/94/76 75/93/75
f 79/87/79 9/88/9 14/95/14
f 14/95/14 84/96/84 79/87/79
f 85/97/85 82/91/82 81/90/81
f 81/90/81 86/98/86 85/97/85
f 87/99/87 84/96/84 14/95/14
f 14/95/14 17/100/17 87/99/87
f 88/101/88 85/97/85 86/98/86
f 86/98/86 89/102/89 88/101/88
f 90/103/90 87/99/87 17/100/17
f 17/104/17 91/105/91 90/106/90
f 92/107/92 93/108/93 94/109/94
f 95/110/95 96/111/96 97/112/97
f 97/112/97 98/113/98 95/110/95
f 97/112/97 96/111/96 99/114/99
f 99/114/99 100/115/100 97/112/97
f 101/116/101 102/117/102 96/111/96
f 96/111/96 95/110/95 101/116/101
f 103/118/103 104/119/104 105/120/105
f 105/120/105 106/121/106 103/118/103
f 99/114/99 96/111/96 102/117/102
f 102/117/102 106/121/106 99/114/99
f 107/122/107 104/119/104 108/123/108
f 108/123/108 109/124/109 107/122/107
f 62/68/62 110/125/110 111/126/111
f 111/126/111 112/127/112 62/68/62
f 113/128/113 114/129/114 112/127/112
f 112/127/112 111/126/111 113/128/113
f 114/129/114 113/128/113 115/130/115
f 115/130/115 116/131/116 114/129/114
f 117/132/117 118/133/118 116/131/116
f 116/131/116 115/130/115 117/132/117
f 119/134/119 120/135/120 121/136/121
f 121/136/121 122/137/122 119/134/119
f 123/138/123 121/139/121 120/140/120
f 120/140/120 124/141/124 123/138/123
f 125/142/125 126/143/126 127/144/127
f 127/144/127 128/145/128 125/142/125
f 129/146/129 130/147/130 126/143/126
f 126/143/126 125/142/125 129/146/129
f 131/148/131 132/149/132 133/150/133
f 133/150/133 134/151/134 131/148/131
f 131/148/131 134/151/134 135/152/135
f 135/152/135 136/153/136 131/148/131
f 131/148/131 136/153/136 129/146/129
f 129/146/129 125/142/125 131/148/131
f 131/148/131 125/142/125 128/145/128
f 128/145/128 132/149/132 131/148/131
f 137/154/137 134/151/134 133/150/133
f 133/150/133 138/155/138 137/154/137
f 134/151/134 137/154/137 139/156/139
f 139/156/139 135/152/135 134/151/134
f 140/157/140 137/154/137 138/155/138
f 138/155/138 141/158/141 140/157/140
f 142/159/142 139/156/139 137/154/137
f 137/154/137 140/157/140 142/159/142
f 143/160/143 144/161/144 145/162/145
f 145/162/145 146/163/146 143/160/143
f 143/160/143 146/163/146 147/164/147
f 147/164/147 148/165/148 143/160/143
f 149/166/149 150/167/150 144/161/144
f 144/161/144 143/160/143 149/166/149
f 149/166/149 143/160/143 148/165/148
f 148/165/148 151/168/151 149/166/149
f 152/169/152 153/170/153 154/171/154
f 154/171/154 155/172/155 152/169/152
f 156/173/156 157/174/157 155/172/155
f 155/172/155 154/171/154 156/173/156
f 146/163/146 158/175/158 159/176/159
f 159/176/159 147/164/147 146/163/146
f 145/162/145 160/177/160 158/175/158
f 158/175/158 146/163/146 145/162/145
f 161/178/161 162/179/162 77/180/77
f 77/180/77 76/94/76 161/178/161
f 163/181/163 83/92/83 82/91/82
f 82/91/82 164/182/164 163/181/163
f 76/94/76 83/92/83 163/181/163
f 163/181/163 161/178/161 76/94/76
f 82/91/82 85/97/85 165/183/165
f 165/183/165 164/182/164 82/91/82
f 85/97/85 88/101/88 166/184/166
f 166/184/166 165/183/165 85/97/85
f 148/165/148 147/164/147 167/185/167
f 167/185/167 168/186/168 148/165/148
f 169/187/169 151/168/151 148/165/148
f 148/165/148 168/186/168 169/187/169
f 170/188/170 171/189/171 172/190/172
f 172/190/172 173/191/173 170/188/170
f 174/192/174 175/193/175 153/170/153
f 153/170/153 152/169/152 174/192/174
f 147/164/147 159/176/159 176/194/176
f 176/194/176 167/185/167 147/164/147
f 119/134/119 94/109/94 93/108/93
f 177/195/177 178/196/178 179/197/179
f 180/198/180 181/199/181 178/196/178
f 178/196/178 177/195/177 180/198/180
f 98/113/98 182/200/182 183/201/183
f 97/112/97 182/200/182 98/113/98
f 182/200/182 97/112/97 100/115/100
f 100/115/100 184/202/184 182/200/182
f 185/203/185 186/204/186 187/205/187
f 187/205/187 188/206/188 185/203/185
f 186/204/186 189/207/189 190/208/190
f 190/208/190 191/209/191 186/204/186
f 192/210/192 187/205/187 186/204/186
f 186/204/186 191/209/191 192/210/192
f 193/211/193 194/212/194 191/213/191
f 191/213/191 190/214/190 193/211/193
f 192/210/192 195/215/195 15/15/15
f 15/15/15 6/6/6 192/210/192
f 196/216/196 197/217/197 194/212/194
f 194/212/194 193/211/193 196/216/196
f 198/218/198 18/19/18 15/18/15
f 15/18/15 195/219/195 198/218/198
f 199/220/199 200/221/200 201/222/201
f 201/222/201 202/223/202 199/220/199
f 203/224/203 26/28/26 24/26/24
f 204/225/204 205/226/205 18/19/18
f 18/19/18 198/218/198 204/225/204
f 199/220/199 197/227/197 196/228/196
f 196/228/196 200/221/200 199/220/199
f 29/31/29 26/28/26 203/224/203
f 203/224/203 206/229/206 29/31/29
f 207/230/207 202/223/202 201/222/201
f 201/222/201 208/231/208 207/230/207
f 207/230/207 208/231/208 209/232/209
f 209/232/209 210/233/210 207/230/207
f 29/31/29 206/229/206 211/234/211
f 211/234/211 30/32/30 29/31/29
f 212/235/212 213/236/213 214/237/214
f 215/238/215 216/239/216 217/240/217
f 217/240/217 218/241/218 215/238/215
f 219/242/219 215/238/215 220/243/220
f 220/243/220 221/244/221 219/242/219
f 215/238/215 219/242/219 222/245/222
f 222/245/222 216/239/216 215/238/215
f 223/246/223 224/247/224 222/245/222
f 222/245/222 219/242/219 223/246/223
f 221/244/221 225/248/225 223/246/223
f 223/246/223 219/242/219 221/244/221
f 223/246/223 226/249/226 227/250/227
f 227/250/227 224/247/224 223/246/223
f 228/251/228 225/248/225 53/57/53
f 53/57/53 52/56/52 228/251/228
f 229/252/229 230/253/230 218/254/218
f 218/254/218 217/255/217 229/252/229
f 231/256/231 55/257/55 54/258/54
f 54/258/54 232/259/232 231/256/231
f 233/260/233 234/261/234 230/253/230
f 230/253/230 229/252/229 233/260/233
f 235/262/235 61/67/61 55/61/55
f 55/61/55 231/263/231 235/262/235
f 236/264/236 237/265/237 238/266/238
f 238/266/238 239/267/239 236/264/236
f 240/268/240 236/264/236 239/267/239
f 239/267/239 241/269/241 240/268/240
f 235/262/235 234/270/234 236/264/236
f 236/264/236 240/268/240 235/262/235
f 236/264/236 234/270/234 233/271/233
f 233/271/233 237/265/237 236/264/236
f 239/267/239 242/272/242 243/273/243
f 243/273/243 241/269/241 239/267/239
f 238/266/238 244/274/244 242/272/242
f 242/272/242 239/267/239 238/266/238
f 245/275/245 246/276/246 247/277/247
f 247/277/247 248/278/248 245/275/245
f 249/279/249 250/280/250 246/276/246
f 246/276/246 245/275/245 249/279/249
f 251/281/251 252/282/252 250/283/250
f 250/283/250 249/284/249 251/281/251
f 253/285/253 254/286/254 255/287/255
f 255/287/255 256/288/256 253/285/253
f 251/281/251 256/288/256 255/287/255
f 255/287/255 252/282/252 251/281/251
f 253/285/253 257/289/257 258/290/258
f 258/290/258 254/286/254 253/285/253
f 258/290/258 257/289/257 259/291/259
f 259/291/259 260/292/259 258/290/258
f 261/293/260 262/294/261 263/295/262
f 263/295/262 264/296/263 261/293/260
f 265/297/264 264/296/263 263/295/262
f 263/295/262 266/298/265 265/297/264
f 265/297/264 266/298/265 267/299/266
f 267/299/266 268/300/267 265/297/264
f 268/300/267 267/299/266 269/301/268
f 269/302/268 270/303/269 268/304/267
f 271/305/270 272/306/271 262/307/261
f 262/307/261 261/308/260 271/305/270
f 273/309/272 274/310/273 272/306/271
f 272/306/271 271/305/270 273/309/272
f 275/311/274 276/312/275 277/313/276
f 277/313/276 278/314/277 275/311/274
f 273/309/272 278/314/277 277/313/276
f 277/313/276 274/310/273 273/309/272
f 279/315/278 280/316/279 281/317/280
f 276/312/275 275/311/274 282/318/281
f 282/318/281 283/319/282 276/312/275
f 284/320/283 285/321/283 279/315/278
f 279/315/278 281/317/280 284/320/283
f 182/200/182 286/322/284 183/201/183
f 182/200/182 184/202/184 287/323/285
f 182/200/182 287/323/285 286/322/284
f 288/324/286 189/207/189 186/204/186
f 186/204/186 185/203/185 288/324/286
f 247/277/247 289/325/287 290/326/288
f 290/326/288 248/278/248 247/277/247
f 102/117/102 103/118/103 106/121/106
f 181/199/181 180/198/180 291/327/289
f 291/327/289 292/328/290 181/199/181
f 103/118/103 293/329/291 294/330/292
f 295/331/293 296/332/294 297/333/295
f 40/42/40 45/47/45 298/334/296
f 298/334/296 295/331/293 40/42/40
f 299/335/297 300/336/298 301/337/299
f 302/338/300 303/339/301 304/340/302
f 304/340/302 305/341/303 302/338/300
f 23/25/23 306/342/304 307/343/305
f 307/343/305 20/22/20 23/25/23
f 306/342/304 23/25/23 32/34/32
f 32/34/32 308/344/306 306/342/304
f 120/135/120 119/134/119 309/345/307
f 309/345/307 310/346/308 120/135/120
f 119/134/119 93/108/93 311/347/309
f 311/347/309 309/345/307 119/134/119
f 312/348/310 311/347/309 92/107/92
f 92/349/92 313/350/311 312/351/310
f 93/108/93 92/107/92 311/347/309
f 314/352/312 90/106/90 91/105/91
f 91/105/91 315/353/313 314/352/312
f 314/352/312 315/353/313 316/354/314
f 91/105/91 17/104/17 317/355/315
f 16/20/16 18/19/18 318/356/316
f 318/356/316 319/357/317 16/20/16
f 318/356/316 18/19/18 205/226/205
f 320/358/318 205/226/205 204/225/204
f 204/225/204 321/359/319 320/358/318
f 321/359/319 202/223/202 207/230/207
f 207/230/207 322/360/320 321/359/319
f 323/361/321 324/362/322 325/363/323
f 325/363/323 322/360/320 323/361/321
f 326/364/324 327/365/324 328/366/324
f 328/366/324 329/367/324 326/364/324
f 330/368/325 331/369/326 332/370/327
f 333/371/328 334/372/329 331/369/326
f 331/369/326 335/373/330 333/371/328
f 330/368/325 335/373/330 331/369/326
f 336/374/331 337/375/332 338/376/333
f 338/376/333 339/377/334 336/374/331
f 340/378/335 336/374/331 339/377/334
f 339/377/334 341/379/336 340/378/335
f 337/375/332 212/235/212 214/237/214
f 214/237/214 338/376/333 337/375/332
f 214/237/214 213/236/213 342/380/337
f 343/381/338 344/382/339 345/383/340
f 345/384/340 346/385/341 343/386/338
f 124/387/124 120/135/120 310/346/308
f 310/346/308 347/388/342 124/387/124
f 312/351/310 21/23/21 20/22/20
f 20/389/20 307/390/305 312/391/310
f 17/392/17 16/20/16 319/357/317
f 319/393/317 317/355/315 17/104/17
f 341/379/336 348/394/343 349/395/344
f 349/395/344 340/378/335 341/379/336
f 350/396/345 351/397/346 352/398/347
f 352/398/347 353/399/348 350/396/345
f 353/399/348 352/398/347 354/400/349
f 354/400/349 355/401/350 353/399/348
f 355/401/350 354/400/349 356/402/351
f 356/402/351 357/403/352 355/401/350
f 357/403/352 356/402/351 305/341/303
f 305/341/303 304/340/302 357/403/352
f 358/404/353 359/405/354 360/406/355
f 360/406/355 361/407/356 358/404/353
f 360/406/355 359/405/354 362/408/357
f 362/408/357 363/409/358 360/406/355
f 363/409/358 362/408/357 364/410/359
f 364/410/359 365/411/360 363/409/358
f 364/410/359 366/412/361 367/413/362
f 367/413/362 365/411/360 364/410/359
f 368/414/363 369/415/364 108/416/108
f 108/416/108 370/417/365 368/414/363
f 123/138/123 124/141/124 371/418/366
f 371/419/366 179/420/179 178/421/178
f 124/387/124 347/388/342 179/420/179
f 179/420/179 371/419/366 124/387/124
f 21/23/21 312/351/310 313/350/311
f 358/404/353 361/407/356 300/336/298
f 103/118/103 294/330/292 370/422/365
f 102/117/102 101/116/101 293/329/291
f 293/329/291 103/118/103 102/117/102
f 368/414/363 351/397/346 350/396/345
f 361/407/356 301/337/299 300/336/298
f 292/328/290 291/327/289 366/412/361
f 366/412/361 372/423/367 292/328/290
f 351/397/346 368/414/363 370/417/365
f 370/417/365 294/424/292 351/397/346
f 367/413/362 366/412/361 291/327/289
f 373/425/368 374/426/369 46/48/46
f 46/48/46 57/63/57 373/425/368
f 375/427/370 376/428/371 377/429/372
f 377/429/372 378/430/373 375/427/370
f 379/431/374 380/432/375 376/428/371
f 376/428/371 375/427/370 379/431/374
f 381/433/376 382/434/377 380/432/375
f 380/432/375 379/431/374 381/433/376
f 383/435/378 384/436/379 385/437/380
f 385/437/380 386/438/381 383/435/378
f 387/439/382 388/440/383 389/441/384
f 389/441/384 390/442/385 387/439/382
f 388/440/383 387/439/382 386/438/381
f 386/438/381 385/437/380 388/440/383
f 391/443/386 392/444/387 393/445/388
f 393/445/388 394/446/389 391/443/386
f 394/446/389 393/445/388 395/447/390
f 395/447/390 396/448/391 394/446/389
f 396/448/391 395/447/390 397/449/392
f 397/449/392 398/450/393 396/448/391
f 399/451/394 400/452/395 392/444/387
f 392/444/387 391/443/386 399/451/394
f 398/453/393 397/454/392 390/442/385
f 390/442/385 389/441/384 398/453/393
f 401/455/396 402/456/397 403/457/398
f 403/457/398 404/458/399 401/455/396
f 404/458/399 403/457/398 405/459/400
f 405/459/400 406/460/401 404/458/399
f 406/460/401 405/459/400 407/461/402
f 407/461/402 408/462/403 406/460/401
f 408/462/403 407/461/402 409/463/404
f 409/463/404 410/464/405 408/462/403
f 378/430/373 377/429/372 400/452/395
f 400/452/395 399/451/394 378/430/373
f 384/465/379 411/466/406 402/456/397
f 402/456/397 401/455/396 384/465/379
f 381/467/376 410/464/405 409/463/404
f 409/463/404 382/468/377 381/467/376
f 412/469/407 413/470/408 414/471/409
f 414/471/409 415/472/410 412/469/407
f 416/473/411 417/474/412 413/470/408
f 413/470/408 412/469/407 416/473/411
f 418/475/413 419/476/414 420/477/415
f 420/477/415 421/478/416 418/475/413
f 421/478/416 420/477/415 422/479/417
f 422/479/417 423/480/418 421/478/416
f 424/481/419 425/482/420 419/476/414
f 419/476/414 418/475/413 424/481/419
f 426/483/421 427/484/422 428/485/423
f 428/485/423 429/486/424 426/483/421
f 430/487/425 415/472/410 414/471/409
f 414/488/409 431/489/425 430/490/425
f 429/486/424 428/485/423 432/491/426
f 432/491/426 433/492/427 429/486/424
f 434/493/428 435/494/429 436/495/430
f 436/495/430 437/496/428 434/493/428
f 422/479/417 438/497/431 439/498/432
f 439/498/432 423/480/418 422/479/417
f 427/484/422 426/483/421 439/498/432
f 439/498/432 438/497/431 427/484/422
f 436/495/430 435/494/429 417/474/412
f 417/474/412 416/473/411 436/495/430
f 440/499/433 433/492/427 432/491/426
f 432/491/426 441/500/434 440/499/433
f 442/501/435 443/502/436 444/503/437
f 444/503/437 445/504/438 442/501/435
f 443/502/436 442/501/435 446/505/439
f 446/505/439 447/506/439 443/502/436
f 448/507/440 449/508/441 450/509/442
f 450/509/442 451/510/440 448/507/440
f 452/511/443 453/512/444 454/513/445
f 454/513/445 455/514/443 452/511/443
f 449/508/441 454/515/445 453/516/444
f 453/516/444 450/509/442 449/508/441
f 456/517/446 457/518/447 458/519/448
f 458/519/448 459/520/449 456/517/446
f 460/521/450 461/522/451 462/523/452
f 462/523/452 463/524/453 460/521/450
f 459/520/449 458/519/448 460/521/450
f 460/521/450 463/524/453 459/520/449
f 464/525/454 465/526/455 466/527/456
f 466/527/456 467/528/457 464/525/454
f 468/529/458 469/530/459 465/526/455
f 465/526/455 464/525/454 468/529/458
f 470/531/460 471/532/461 472/533/462
f 472/533/462 473/534/460 470/531/460
f 467/528/457 466/527/456 474/535/463
f 474/535/463 475/536/463 467/528/457
f 476/537/464 477/538/465 457/539/447
f 457/540/447 456/541/446 476/542/464
f 478/543/466 479/544/467 480/545/468
f 480/545/468 481/546/469 478/543/466
f 482/547/470 483/548/470 479/544/467
f 479/544/467 478/543/466 482/547/470
f 484/549/471 485/550/471 486/551/472
f 486/551/472 487/552/473 484/549/471
f 488/553/474 489/554/475 490/555/476
f 490/555/476 491/556/477 488/553/474
f 492/557/478 493/558/479 494/559/480
f 494/560/480 495/561/481 492/562/478
f 496/563/482 481/546/469 480/545/468
f 480/545/468 497/564/482 496/563/482
f 498/565/483 213/566/213 212/567/212
f 212/567/212 499/568/484 498/565/483
f 500/569/485 501/570/486 502/571/487
f 502/571/487 503/572/488 500/569/485
f 504/573/489 503/572/488 502/571/487
f 502/571/487 505/574/490 504/573/489
f 506/575/491 507/576/491 508/577/491
f 501/570/486 500/569/485 509/578/492
f 483/548/470 482/547/470 510/579/493
f 510/579/493 511/580/493 483/548/470
f 512/581/494 493/582/479 492/583/478
f 513/584/495 514/585/495 515/557/495
f 516/586/496 330/368/325 332/370/327
f 332/587/327 517/588/497 516/589/496
f 518/590/498 333/371/328 335/373/330
f 335/373/330 519/591/499 518/590/498
f 330/368/325 520/592/500 519/591/499
f 519/591/499 335/373/330 330/368/325
f 521/593/501 337/375/332 336/374/331
f 336/374/331 522/594/502 521/593/501
f 522/594/502 336/374/331 340/378/335
f 340/378/335 523/595/503 522/594/502
f 499/596/484 212/235/212 337/375/332
f 337/375/332 521/593/501 499/596/484
f 524/597/504 342/598/337 213/541/213
f 213/599/213 525/600/505 524/601/504
f 526/602/506 527/603/506 528/604/506
f 340/378/335 349/395/344 529/605/507
f 529/605/507 523/595/503 340/378/335
f 530/606/508 531/607/509 532/608/510
f 532/608/510 533/609/511 530/606/508
f 534/610/512 535/611/513 536/612/514
f 536/612/514 537/613/515 534/610/512
f 533/609/511 532/608/510 538/614/516
f 538/614/516 539/615/517 533/609/511
f 537/613/515 536/612/514 531/607/509
f 531/607/509 530/606/508 537/613/515
f 540/616/518 541/617/518 535/611/513
f 535/611/513 534/610/512 540/616/518
f 542/618/519 543/619/520 544/620/521
f 544/620/521 545/621/521 542/618/519
f 545/621/521 544/620/521 546/622/522
f 546/622/522 547/623/523 545/621/521
f 548/624/524 549/625/525 550/626/526
f 550/626/526 551/627/526 548/624/524
f 551/627/526 550/626/526 552/628/527
f 552/628/527 553/629/527 551/627/526
f 547/623/523 546/622/522 549/625/525
f 549/625/525 548/624/524 547/623/523
f 554/630/528 555/631/529 539/615/517
f 539/615/517 538/614/516 554/630/528
f 556/632/530 557/633/531 558/634/532
f 558/634/532 559/635/533 556/632/530
f 560/636/534 561/637/535 557/633/531
f 557/633/531 556/632/530 560/636/534
f 562/638/536 563/639/537 561/637/535
f 561/637/535 560/636/534 562/638/536
f 555/631/529 554/630/528 563/639/537
f 563/639/537 562/638/536 555/631/529
f 564/640/538 565/641/539 566/642/540
f 566/642/540 567/643/541 564/640/538
f 568/644/542 569/645/543 565/641/539
f 565/641/539 564/640/538 568/644/542
f 570/646/544 571/647/545 569/645/543
f 569/645/543 568/644/542 570/646/544
f 572/648/546 573/649/547 571/647/545
f 571/647/545 570/646/544 572/648/546
f 566/642/540 543/619/520 542/618/519
f 542/618/519 567/643/541 566/642/540
f 574/650/548 575/651/549 573/649/547
f 573/649/547 572/648/546 574/650/548
f 559/635/533 558/634/532 576/652/550
f 576/652/550 577/653/550 559/635/533
f 578/654/551 579/655/552 580/656/553
f 580/656/553 581/657/554 578/654/551
f 582/658/555 583/659/556 579/655/552
f 579/655/552 578/654/551 582/658/555
f 584/660/557 585/661/558 586/662/559
f 586/662/559 587/663/560 584/660/557
f 587/663/560 586/662/559 425/664/420
f 425/664/420 424/665/419 587/663/560
f 583/659/556 582/658/555 588/666/561
f 588/666/561 589/667/562 583/659/556
f 590/668/563 591/669/564 589/667/562
f 589/667/562 588/666/561 590/668/563
f 592/670/565 593/671/566 591/669/564
f 591/669/564 590/668/563 592/670/565
f 594/672/567 595/673/568 585/661/558
f 585/661/558 584/660/557 594/672/567
f 596/674/569 597/675/570 598/676/571
f 598/676/571 599/677/572 596/674/569
f 597/675/570 596/674/569 600/678/573
f 600/678/573 601/679/574 597/675/570
f 598/676/571 602/680/575 603/681/576
f 603/681/576 599/677/572 598/676/571
f 604/682/577 605/683/578 606/684/579
f 606/684/579 607/685/580 604/682/577
f 608/686/581 609/687/582 607/685/580
f 607/685/580 606/684/579 608/686/581
f 609/687/582 608/686/581 610/688/583
f 610/688/583 611/689/584 609/687/582
f 611/689/584 610/688/583 612/690/585
f 612/690/585 613/691/586 611/689/584
f 613/691/586 612/690/585 614/692/587
f 614/692/587 615/693/587 613/691/586
f 603/681/576 602/680/575 605/683/578
f 605/683/578 604/682/577 603/681/576
f 581/657/554 580/656/553 595/673/568
f 595/673/568 594/672/567 581/657/554
f 616/694/588 617/695/589 618/696/590
f 618/696/590 619/697/591 616/694/588
f 618/696/590 297/333/295 296/332/294
f 296/332/294 619/697/591 618/696/590
f 617/695/589 616/694/588 300/336/298
f 300/336/298 299/335/297 617/695/589
f 620/698/592 34/36/34 621/699/593
f 622/700/594 623/701/595 308/344/306
f 308/344/306 32/34/32 622/700/594
f 624/702/596 625/703/597 622/700/594
f 622/700/594 32/34/32 624/702/596
f 626/704/598 618/696/590 617/695/589
f 617/695/589 627/705/599 626/704/598
f 628/706/600 297/333/295 618/696/590
f 618/696/590 629/707/601 628/706/600
f 295/331/293 297/333/295 35/37/35
f 35/37/35 40/42/40 295/331/293
f 35/37/35 297/333/295 628/706/600
f 628/706/600 630/708/602 35/37/35
f 34/36/34 35/37/35 630/708/602
f 630/708/602 621/699/593 34/36/34
f 626/704/598 629/707/601 618/696/590
f 617/695/589 631/709/603 627/705/599
f 632/710/604 633/711/605 33/35/33
f 620/698/592 632/710/604 33/35/33
f 33/35/33 34/36/34 620/698/592
f 622/700/594 625/703/597 631/709/603
f 631/709/603 299/335/297 622/700/594
f 623/701/595 622/700/594 299/335/297
f 299/335/297 301/337/299 623/701/595
f 383/435/378 411/712/406 384/436/379
f 32/34/32 33/35/33 633/711/605
f 32/34/32 633/711/605 624/702/596
f 631/709/603 617/695/589 299/335/297
f 634/713/606 635/714/607 636/715/608
f 635/716/607 637/717/609 636/718/608
f 637/717/609 638/719/610 636/718/608
f 638/719/610 639/720/611 636/718/608
f 639/720/611 640/721/612 636/718/608
f 640/721/612 641/722/613 636/718/608
f 641/723/613 642/724/614 636/725/608
f 642/726/614 643/727/615 636/728/608
f 643/727/615 644/729/616 636/728/608
f 644/729/616 645/730/617 636/728/608
f 645/730/617 646/731/618 636/728/608
f 646/731/618 634/732/606 636/728/608
f 647/733/619 57/63/57 46/48/46
f 46/734/46 37/735/37 647/736/619
f 49/51/49 647/736/619 37/735/37
f 37/735/37 36/52/36 49/51/49
f 215/238/215 218/241/218 232/259/232
f 232/259/232 220/243/220 215/238/215
f 57/737/57 647/736/619 54/258/54
f 647/736/619 220/243/220 232/259/232
f 232/259/232 54/258/54 647/736/619
f 221/244/221 220/243/220 49/51/49
f 49/51/49 48/50/48 221/244/221
f 225/248/225 221/244/221 48/50/48
f 48/50/48 53/57/53 225/248/225
f 225/248/225 228/251/228 226/249/226
f 226/249/226 223/246/223 225/248/225
f 504/573/489 505/574/490 489/554/475
f 489/554/475 488/553/474 504/573/489
f 520/738/500 330/739/325 516/740/496
f 220/243/220 647/736/619 49/51/49
f 230/741/230 231/742/231 232/743/232
f 232/259/232 218/241/218 230/744/230
f 234/270/234 235/262/235 231/263/231
f 231/263/231 230/745/230 234/270/234
f 67/73/67 240/268/240 241/269/241
f 241/269/241 68/74/68 67/73/67
f 61/67/61 235/262/235 240/268/240
f 240/268/240 67/73/67 61/67/61
f 243/273/243 73/79/73 68/74/68
f 68/74/68 241/269/241 243/273/243
f 60/66/60 61/67/61 66/72/66
f 2/2/2 1/1/1 188/206/188
f 188/206/188 187/205/187 2/2/2
f 187/205/187 192/210/192 6/6/6
f 6/6/6 2/2/2 187/205/187
f 195/746/195 192/747/192 191/213/191
f 191/213/191 194/212/194 195/746/195
f 197/217/197 198/748/198 195/746/195
f 195/746/195 194/212/194 197/217/197
f 199/220/199 204/225/204 198/218/198
f 198/218/198 197/227/197 199/220/199
f 202/223/202 321/359/319 204/225/204
f 204/225/204 199/220/199 202/223/202
f 321/359/319 322/360/320 325/363/323
f 325/363/323 320/358/318 321/359/319
f 210/233/210 323/361/321 322/360/320
f 322/360/320 207/230/207 210/233/210
f 648/749/620 649/750/621 650/751/620
f 650/751/620 651/752/621 648/749/620
f 498/565/483 525/753/505 213/566/213
f 652/754/622 653/755/623 654/756/624
f 654/756/624 655/757/625 652/754/622
f 656/758/626 652/754/622 655/757/625
f 655/757/625 657/759/627 656/758/626
f 658/760/628 656/758/626 657/759/627
f 657/759/627 659/761/629 658/760/628
f 660/762/630 658/760/628 659/761/629
f 659/761/629 661/763/631 660/762/630
f 662/764/632 660/765/630 661/766/631
f 661/766/631 663/767/633 662/764/632
f 664/768/634 665/769/635 666/770/636
f 666/771/636 667/772/636 664/773/634
f 668/774/637 669/775/638 670/776/639
f 670/776/639 671/777/640 668/774/637
f 672/778/641 671/777/640 670/776/639
f 670/776/639 673/779/642 672/778/641
f 674/780/643 665/769/635 664/768/634
f 664/768/634 675/781/644 674/780/643
f 676/782/645 677/783/646 674/780/643
f 674/780/643 675/781/644 676/782/645
f 678/784/647 679/785/648 680/786/649
f 680/786/649 681/787/650 678/784/647
f 669/775/638 668/774/637 679/785/648
f 679/785/648 678/784/647 669/775/638
f 682/788/651 683/789/652 677/783/646
f 677/783/646 676/782/645 682/788/651
f 681/787/650 680/786/649 684/790/653
f 684/790/653 685/791/654 681/787/650
f 686/792/655 687/793/656 683/789/652
f 683/789/652 682/788/651 686/792/655
f 685/791/654 684/790/653 688/794/657
f 688/794/657 689/795/657 685/791/654
f 690/796/658 691/797/659 687/793/656
f 687/793/656 686/792/655 690/796/658
f 692/798/660 693/799/661 694/800/662
f 694/800/662 695/801/662 692/798/660
f 696/802/663 697/803/664 693/799/661
f 693/799/661 692/798/660 696/802/663
f 698/804/665 699/805/665 672/778/641
f 672/778/641 673/779/642 698/804/665
f 700/806/666 701/807/667 691/797/659
f 691/797/659 690/796/658 700/806/666
f 702/808/668 701/807/667 700/806/666
f 700/809/666 703/810/668 702/811/668
f 704/812/669 705/813/670 706/814/670
f 706/814/670 707/815/670 704/812/669
f 708/816/671 709/817/672 710/818/673
f 710/818/673 711/819/674 708/816/671
f 712/820/675 711/819/674 710/818/673
f 710/818/673 713/821/676 712/820/675
f 714/822/677 712/820/675 713/821/676
f 715/823/678 716/824/679 717/825/680
f 717/825/680 718/826/681 715/823/678
f 719/827/682 720/828/683 721/829/684
f 721/829/684 722/830/685 719/827/682
f 723/831/686 724/832/686 720/828/683
f 720/828/683 719/827/682 723/831/686
f 725/833/687 726/834/687 727/835/687
f 722/830/685 721/829/684 716/824/679
f 716/824/679 715/823/678 722/830/685
f 345/384/340 728/836/688 729/837/689
f 729/837/689 346/385/341 345/384/340
f 728/838/688 730/839/690 731/840/691
f 731/840/691 729/841/689 728/838/688
f 731/840/691 730/839/690 732/842/692
f 730/839/690 733/843/693 734/844/694
f 734/844/694 732/842/692 730/839/690
f 735/845/695 736/846/696 737/847/697
f 737/848/697 736/849/696 738/850/698
f 738/850/698 739/851/699 737/848/697
f 283/319/282 282/318/281 280/316/279
f 280/316/279 279/315/278 283/319/282
f 110/125/110 65/71/65 64/70/64
f 740/852/700 741/853/701 742/854/702
f 741/853/701 743/855/703 744/856/703
f 744/856/703 742/854/702 741/853/701
f 66/72/66 65/71/65 62/68/62
f 62/68/62 60/66/60 66/72/66
f 745/857/704 746/858/705 747/859/706
f 747/859/706 748/860/707 745/857/704
f 749/861/708 750/862/709 751/863/710
f 752/864/711 753/865/712 754/866/713
f 754/866/713 755/867/714 752/864/711
f 756/868/715 757/869/716 758/870/717
f 759/871/718 760/872/719 761/873/720
f 761/873/720 762/874/721 759/871/718
f 763/875/722 764/876/723 746/858/705
f 746/858/705 745/857/704 763/875/722
f 750/862/709 765/877/724 766/878/725
f 766/878/725 767/879/726 750/862/709
f 757/869/716 768/880/727 769/881/728
f 769/881/728 770/882/729 757/869/716
f 763/875/722 755/867/714 754/866/713
f 754/866/713 764/876/723 763/875/722
f 747/883/706 762/874/721 761/873/720
f 761/873/720 748/884/707 747/883/706
f 748/885/707 771/886/730 767/879/726
f 767/879/726 745/887/704 748/885/707
f 764/888/723 772/889/731 770/882/729
f 770/882/729 746/890/705 764/888/723
f 773/891/732 752/892/711 755/893/714
f 755/893/714 765/877/724 773/891/732
f 751/863/710 761/894/720 760/895/719
f 760/895/719 749/861/708 751/863/710
f 753/896/712 756/868/715 758/870/717
f 758/870/717 754/897/713 753/896/712
f 774/898/733 759/899/718 762/900/721
f 762/900/721 768/880/727 774/898/733
f 745/887/704 767/879/726 766/878/725
f 766/878/725 763/901/722 745/887/704
f 746/890/705 770/882/729 769/881/728
f 769/881/728 747/902/706 746/890/705
f 761/873/720 751/903/710 771/904/730
f 771/904/730 748/884/707 761/873/720
f 763/875/722 766/905/725 765/906/724
f 765/906/724 755/867/714 763/875/722
f 747/902/706 769/881/728 768/880/727
f 768/880/727 762/900/721 747/902/706
f 754/897/713 758/870/717 772/889/731
f 772/889/731 764/888/723 754/897/713
f 767/879/726 771/886/730 751/863/710
f 751/863/710 750/862/709 767/879/726
f 757/869/716 774/898/733 768/880/727
f 770/882/729 772/889/731 758/870/717
f 758/870/717 757/869/716 770/882/729
f 750/862/709 773/891/732 765/877/724
f 775/907/734 776/908/734 777/909/734
f 777/909/734 778/910/734 775/907/734
f 779/911/735 780/912/736 781/913/737
f 781/913/737 782/914/738 779/911/735
f 780/912/736 783/915/739 784/916/739
f 784/916/739 781/913/737 780/912/736
f 785/917/740 786/918/741 787/919/742
f 787/919/742 788/920/740 785/917/740
f 786/921/741 789/922/743 790/923/743
f 790/923/743 787/924/742 786/921/741
f 791/925/744 792/926/745 793/927/746
f 793/927/746 794/928/747 791/925/744
f 795/929/748 796/930/749 797/931/750
f 797/931/750 798/932/748 795/929/748
f 799/933/751 800/934/751 801/935/751
f 801/935/751 802/936/751 799/933/751
f 803/937/752 804/938/752 805/939/752
f 805/939/752 806/940/752 803/937/752
f 807/941/753 808/942/754 809/943/755
f 810/944/756 808/942/754 807/941/753
f 811/945/757 812/946/758 813/947/759
f 813/947/759 814/948/759 811/945/757
f 815/949/760 816/950/761 817/951/762
f 817/951/762 818/952/762 815/949/760
f 814/948/759 813/947/759 793/927/746
f 793/927/746 792/926/745 814/948/759
f 818/952/762 817/951/762 797/931/750
f 797/931/750 796/930/749 818/952/762
f 819/953/763 820/954/763 821/955/763
f 822/956/764 823/957/764 824/958/764
f 825/959/765 826/960/766 827/961/767
f 827/961/767 828/962/767 825/959/765
f 829/963/768 830/964/769 831/965/770
f 831/965/770 832/966/771 829/963/768
f 833/967/772 834/968/773 835/969/774
f 835/969/774 834/968/773 836/970/775
f 837/971/776 838/972/777 839/973/778
f 839/973/778 840/974/779 837/971/776
f 841/975/780 842/976/781 843/977/782
f 843/977/782 844/978/783 841/975/780
f 845/979/784 846/980/785 842/981/781
f 842/976/781 841/975/780 845/982/784
f 845/979/784 838/972/777 837/971/776
f 837/971/776 846/980/785 845/979/784
f 847/983/786 848/984/787 849/985/788
f 849/985/788 850/986/789 847/983/786
f 851/987/790 852/988/791 853/989/791
f 853/989/791 854/990/792 851/987/790
f 851/987/790 854/990/792 855/991/793
f 855/991/793 856/992/794 851/987/790
f 848/993/787 856/994/794 857/995/795
f 857/996/795 849/997/788 848/998/787
f 856/992/794 855/991/793 857/999/795
f 858/1000/796 859/1001/797 860/1002/798
f 858/1000/796 860/1002/798 861/1003/799
f 850/986/789 849/985/788 862/1004/800
f 149/166/149 170/188/170 863/1005/801
f 863/1005/801 150/167/150 149/166/149
f 864/1006/802 865/1007/803 866/1008/804
f 866/1008/804 867/1009/805 864/1006/802
f 868/1010/806 869/1011/807 866/1008/804
f 866/1008/804 865/1007/803 868/1010/806
f 870/1012/808 871/1013/809 872/1014/810
f 872/1014/810 866/1008/804 870/1012/808
f 870/1012/808 866/1008/804 869/1011/807
f 869/1011/807 873/1015/811 870/1012/808
f 874/1016/812 864/1006/802 875/1017/813
f 876/1018/814 877/1019/815 878/1020/816
f 878/1020/816 879/1021/817 876/1018/814
f 880/1022/818 881/1023/819 882/1024/820
f 882/1024/820 883/1025/820 880/1022/818
f 884/1026/821 881/1027/819 880/1028/818
f 880/1028/818 885/1029/822 884/1026/821
f 886/1030/823 887/1031/824 888/1032/825
f 888/1032/825 889/1033/826 886/1030/823
f 890/1034/827 891/1035/828 869/1011/807
f 869/1011/807 868/1010/806 890/1034/827
f 892/1036/829 893/1037/830 894/1038/831
f 890/1034/827 895/1039/832 896/1040/833
f 896/1040/833 897/1041/834 890/1034/827
f 898/1042/835 899/1043/836 900/1044/837
f 900/1044/837 901/1045/838 898/1042/835
f 894/1038/831 902/1046/839 903/1047/840
f 903/1047/840 904/1048/841 894/1038/831
f 904/1048/841 903/1047/840 879/1021/817
f 879/1021/817 878/1020/816 904/1048/841
f 905/1049/842 906/1050/843 907/1051/844
f 902/1046/839 894/1038/831 893/1037/830
f 908/1052/845 909/1053/846 910/1054/847
f 911/1055/848 912/1056/849 913/1057/850
f 913/1057/850 914/1058/851 911/1055/848
f 915/1059/852 916/1060/853 917/1061/854
f 917/1061/854 918/1062/854 915/1059/852
f 919/1063/855 920/1064/856 916/1060/853
f 916/1060/853 915/1059/852 919/1063/855
f 919/1063/855 921/1065/857 922/1066/857
f 922/1066/857 920/1064/856 919/1063/855
f 891/1035/828 899/1043/836 873/1015/811
f 873/1015/811 869/1011/807 891/1035/828
f 923/1067/858 900/1044/837 899/1043/836
f 899/1043/836 891/1035/828 923/1067/858
f 892/1036/829 924/1068/859 925/1069/860
f 912/1056/849 905/1049/842 907/1051/844
f 907/1051/844 913/1057/850 912/1056/849
f 926/1070/861 927/1071/862 928/1072/863
f 929/1073/864 930/1074/865 931/1075/866
f 895/1039/832 932/1076/867 929/1073/864
f 929/1073/864 931/1075/866 895/1039/832
f 930/1074/865 888/1032/825 887/1031/824
f 887/1031/824 931/1075/866 930/1074/865
f 933/1077/868 934/1078/869 935/1079/870
f 889/1033/826 933/1077/868 935/1079/870
f 935/1079/870 886/1030/823 889/1033/826
f 890/1034/827 932/1076/867 895/1039/832
f 891/1035/828 890/1034/827 897/1041/834
f 897/1080/834 923/1081/858 891/1082/828
f 936/1083/871 937/1084/872 938/1085/873
f 939/1086/874 940/1087/875 941/1088/876
f 941/1088/876 942/1089/877 939/1086/874
f 936/1083/871 938/1085/873 940/1087/875
f 940/1087/875 939/1086/874 936/1083/871
f 942/1089/877 941/1088/876 943/1090/878
f 943/1090/878 944/1091/879 942/1089/877
f 945/1092/880 946/1093/881 947/1094/882
f 947/1094/882 948/1095/882 945/1092/880
f 949/1096/883 950/1097/884 946/1093/881
f 946/1093/881 945/1092/880 949/1096/883
f 944/1091/879 943/1090/878 951/1098/885
f 952/1099/886 953/1100/887 954/1101/888
f 953/1100/887 928/1072/863 955/1102/889
f 955/1102/889 954/1101/888 953/1100/887
f 956/1103/890 957/1104/891 958/1105/892
f 958/1105/892 959/1106/893 956/1103/890
f 960/1107/894 961/1108/895 955/1102/889
f 955/1102/889 928/1072/863 960/1107/894
f 957/1104/891 961/1108/895 960/1107/894
f 960/1107/894 958/1105/892 957/1104/891
f 962/1109/896 963/1110/897 872/1014/810
f 872/1014/810 871/1013/809 962/1109/896
f 926/1070/861 928/1072/863 964/1111/898
f 964/1111/898 965/1112/899 926/1070/861
f 966/1113/900 874/1016/812 875/1017/813
f 967/1114/901 968/1115/902 969/1116/903
f 969/1116/903 970/1117/903 967/1114/901
f 951/616/885 971/1118/904 949/1096/883
f 949/1119/883 944/1091/879 951/1098/885
f 972/1120/905 973/1121/906 964/1111/898
f 964/1111/898 928/1072/863 972/1120/905
f 963/1110/897 974/1122/907 872/1014/810
f 872/1014/810 867/1009/805 866/1008/804
f 975/1123/908 974/1122/907 963/1110/897
f 974/1122/907 976/1124/909 867/1009/805
f 867/1009/805 872/1014/810 974/1122/907
f 867/1009/805 976/1124/909 875/1017/813
f 875/1017/813 864/1006/802 867/1009/805
f 970/1117/903 969/1116/903 874/1016/812
f 874/1016/812 966/1113/900 970/1117/903
f 977/1125/910 952/1099/886 968/1115/902
f 968/1115/902 967/1114/901 977/1125/910
f 971/1118/904 950/1097/884 949/1096/883
f 977/1125/910 978/1126/911 953/1100/887
f 953/1100/887 952/1099/886 977/1125/910
f 928/1072/863 979/1127/912 972/1120/905
f 975/1123/908 963/1110/897 964/1111/898
f 964/1111/898 973/1121/906 975/1123/908
f 963/1110/897 962/1109/896 965/1112/899
f 965/1112/899 964/1111/898 963/1110/897
f 906/1050/843 877/1019/815 876/1018/814
f 876/1018/814 907/1051/844 906/1050/843
f 928/1072/863 953/1100/887 978/1126/911
f 978/1126/911 979/1127/912 928/1072/863
f 980/1128/913 958/1105/892 960/1107/894
f 960/1107/894 927/1071/862 980/1128/913
f 981/1129/914 959/1106/893 958/1105/892
f 958/1105/892 980/1128/913 981/1129/914
f 982/1130/915 983/1131/916 984/1132/917
f 984/1132/917 985/1133/918 982/1130/915
f 986/1134/919 987/1135/920 988/1136/921
f 988/1136/921 989/1137/922 986/1134/919
f 990/1138/923 991/1139/924 992/1140/925
f 992/1140/925 993/1141/926 990/1138/923
f 994/1142/927 995/1143/928 996/1144/929
f 996/1144/929 997/1145/930 994/1142/927
f 998/1146/931 982/1130/915 985/1133/918
f 985/1133/918 999/1147/932 998/1146/931
f 1000/1148/933 1001/1149/934 1002/1150/935
f 1002/1150/935 1003/1151/936 1000/1148/933
f 995/1143/928 986/1134/919 989/1137/922
f 989/1137/922 996/1144/929 995/1143/928
f 983/1131/916 1004/1152/937 1005/1153/938
f 1005/1153/938 984/1132/917 983/1131/916
f 1004/1154/937 990/1138/923 993/1141/926
f 993/1141/926 1005/1155/938 1004/1154/937
f 987/1156/920 998/1146/931 999/1147/932
f 999/1157/932 988/1136/921 987/1135/920
f 991/1139/924 1000/1158/933 1003/1159/936
f 1003/1159/936 992/1140/925 991/1139/924
f 1001/1149/934 994/1160/927 997/1161/930
f 997/1161/930 1002/1150/935 1001/1149/934
f 1006/1162/939 1007/1163/940 1008/1164/941
f 1008/1164/941 1009/1165/939 1006/1162/939
f 1007/1163/940 1010/1166/942 1011/1167/942
f 1011/1167/942 1008/1164/941 1007/1163/940
f 1012/1168/943 1013/1169/944 1014/1170/945
f 1014/1171/945 1015/1172/946 1012/1173/943
f 1013/1174/944 1016/1175/947 1014/1176/945
f 1017/1177/948 1018/1178/949 1019/1179/950
f 1019/1179/950 1020/1180/951 1017/1177/948
f 1021/1181/952 1022/1182/953 1023/1183/953
f 1023/1183/953 1024/1184/952 1021/1181/952
f 1022/1182/953 1017/1177/948 1020/1180/951
f 1020/1180/951 1023/1183/953 1022/1182/953
f 1025/1185/954 1026/1186/955 1027/1187/956
f 1027/1187/956 1028/1188/957 1025/1185/954
f 1029/1189/958 1030/1190/959 1031/1191/960
f 1032/1192/961 1033/1193/962 1034/1194/963
f 1034/1194/963 1035/1195/964 1032/1192/961
f 1028/1188/957 1027/1187/956 1033/1193/962
f 1033/1193/962 1032/1192/961 1028/1188/957
f 1036/1196/965 1037/1197/966 1038/1198/967
f 1038/1198/967 1039/1199/968 1036/1196/965
f 1034/1194/963 1039/1199/968 1038/1198/967
f 1038/1198/967 1035/1195/964 1034/1194/963
f 1040/1200/969 1041/1201/970 1042/1202/971
f 1042/1202/971 1043/1203/969 1040/1200/969
f 1042/1202/971 1041/1201/970 1044/1204/972
f 1044/1204/972 1045/1205/973 1042/1202/971
f 1045/1205/973 1044/1204/972 1046/1206/974
f 1046/1206/974 1047/1207/974 1045/1205/973
f 1036/1196/965 1031/1191/960 1030/1190/959
f 1030/1190/959 1037/1197/966 1036/1196/965
f 1048/1208/975 1049/1209/975 1050/1210/976
f 1050/1210/976 1051/1211/977 1048/1208/975
f 1051/1211/977 1050/1210/976 1026/1186/955
f 1026/1186/955 1025/1185/954 1051/1211/977
f 892/1036/829 925/1069/860 893/1037/830
f 908/1052/845 911/1055/848 914/1058/851
f 914/1058/851 909/1053/846 908/1052/845
f 1052/1212/978 1053/1213/979 1054/1214/980
f 1054/1214/980 1055/1215/981 1052/1212/978
f 1053/1213/979 884/1026/821 885/1029/822
f 885/1029/822 1054/1214/980 1053/1213/979
f 960/1107/894 928/1072/863 927/1071/862
f 107/122/107 1056/1216/982 105/120/105
f 105/120/105 104/119/104 107/122/107
f 104/119/104 103/118/103 370/422/365
f 370/422/365 108/123/108 104/119/104
f 170/188/170 149/166/149 151/168/151
f 151/168/151 169/187/169 171/189/171
f 171/189/171 170/188/170 151/168/151
f 461/522/451 1057/1217/983 1058/1218/983
f 1058/1218/983 462/523/452 461/522/451
f 469/530/459 468/529/458 472/533/462
f 472/533/462 471/532/461 469/530/459
f 173/191/173 1059/1219/984 863/1005/801
f 863/1005/801 170/188/170 173/191/173
f 1060/1220/985 1061/1221/986 1062/1222/987
f 1062/1222/987 1063/1223/988 1060/1220/985
f 57/63/57 56/62/56 59/65/59
f 59/65/59 373/425/368 57/63/57
f 1064/1224/989 47/49/47 46/48/46
f 46/48/46 374/426/369 1064/1224/989
f 41/58/41 53/57/53 48/50/48
f 48/50/48 42/53/42 41/58/41
f 72/78/72 71/77/71 1065/1225/990
f 1065/1225/990 1066/1226/991 72/78/72
f 71/77/71 73/79/73 1067/1227/992
f 1067/1227/992 1065/1225/990 71/77/71
f 73/79/73 243/273/243 1068/1228/993
f 1068/1228/993 1067/1227/992 73/79/73
f 243/273/243 242/272/242 1069/1229/994
f 1069/1229/994 1068/1228/993 243/273/243
f 242/272/242 244/274/244 1070/1230/995
f 1070/1230/995 1069/1229/994 242/272/242
f 1071/1231/996 1072/1232/997 1073/1233/998
f 1073/1233/998 1074/1234/999 1071/1231/996
f 1072/1232/997 1075/1235/1000 1073/1233/998
f 1075/1235/1000 1076/1236/1001 1073/1233/998
f 1076/1236/1001 1077/1237/1002 1078/1238/1003
f 1078/1238/1003 1073/1233/998 1076/1236/1001
f 1079/1239/1004 1078/1238/1003 1077/1237/1002
f 1077/1237/1002 1080/1240/1004 1079/1239/1004
f 1060/1220/985 1063/1223/988 369/415/364
f 1081/1241/1005 1082/1242/1006 1083/1243/1007
f 1083/1244/1007 1084/1245/1008 1081/1246/1005
f 1063/1223/988 109/1247/109 108/416/108
f 108/416/108 369/415/364 1063/1223/988
f 1084/1245/1008 1083/1244/1007 1062/1248/987
f 1062/1222/987 1061/1221/986 1084/1249/1008
f 735/1250/695 1085/1251/1009 1086/1252/1010
f 1086/1253/1010 736/1254/696 735/1255/695
f 1087/1256/1011 1088/1257/1012 1089/1258/1013
f 1089/1258/1013 1090/1259/1014 1087/1256/1011
f 1091/1260/1015 1092/1261/1016 1093/1262/1017
f 1093/1262/1017 1094/1263/1018 1091/1260/1015
f 302/338/300 1087/1256/1011 1090/1259/1014
f 1090/1259/1014 1082/1242/1006 302/338/300
f 1088/1257/1012 1091/1260/1015 1094/1263/1018
f 1094/1263/1018 1089/1258/1013 1088/1257/1012
f 1092/1261/1016 1095/1264/1019 1096/1265/1020
f 1096/1265/1020 1093/1262/1017 1092/1261/1016
f 334/372/329 333/371/328 1097/1266/1021
f 1097/1266/1021 1098/1267/1022 334/372/329
f 491/556/477 490/555/476 1099/1268/1023
f 1099/1268/1023 1100/1269/1023 491/556/477
f 333/371/328 518/590/498 1101/1270/1024
f 1101/1270/1024 1097/1266/1021 333/371/328
f 826/1271/766 825/1272/765 1102/1273/1025
f 1102/1273/1025 1103/1274/1025 826/1271/766
f 830/1275/769 829/1276/768 1104/1277/1026
f 1104/1277/1026 1105/1278/1027 830/1275/769
f 1106/1279/1028 734/844/694 733/843/693
f 733/843/693 1107/1280/1028 1106/1279/1028
f 1108/1281/1029 1109/1282/1030 1110/1283/1031
f 1110/1283/1031 1111/1284/1032 1108/1281/1029
f 1112/1285/1033 1113/1286/1034 1114/1287/1035
f 1114/1287/1035 1115/1288/1036 1112/1285/1033
f 1116/1289/1037 1117/1290/1038 1109/1282/1030
f 1109/1282/1030 1108/1281/1029 1116/1289/1037
f 1111/1284/1032 1110/1283/1031 1113/1286/1034
f 1113/1286/1034 1112/1285/1033 1111/1284/1032
f 1115/1288/1036 1114/1287/1035 1118/1291/1039
f 1118/1291/1039 1119/1292/1039 1115/1288/1036
f 1120/1293/1040 1121/1294/1040 1122/1295/1041
f 1122/1295/1041 1123/1296/1042 1120/1293/1040
f 1124/1297/1043 1125/1298/1043 1126/1299/1044
f 1126/1299/1044 1127/1300/1045 1124/1297/1043
f 1123/1296/1042 1122/1295/1041 1128/1301/1046
f 1128/1301/1046 1129/1302/1046 1123/1296/1042
f 1130/1303/1047 1131/1304/1048 1117/1290/1038
f 1117/1290/1038 1116/1289/1037 1130/1303/1047
f 1132/1305/1049 1133/1306/1050 1134/1307/1051
f 1134/1307/1051 1135/1308/1051 1132/1305/1049
f 1136/1309/1052 1137/1310/1052 1138/1311/1052
f 1139/1312/1053 1140/1313/1054 1141/1314/1055
f 1141/1314/1055 1142/1315/1056 1139/1312/1053
f 1143/1316/1057 1144/1317/1058 1145/1318/1059
f 1145/1318/1059 1146/1319/1060 1143/1316/1057
f 1142/1315/1056 1141/1314/1055 1133/1306/1050
f 1133/1306/1050 1132/1305/1049 1142/1315/1056
f 1146/1319/1060 1145/1318/1059 1140/1313/1054
f 1140/1313/1054 1139/1312/1053 1146/1319/1060
f 1127/1300/1045 1126/1299/1044 1144/1317/1058
f 1144/1317/1058 1143/1316/1057 1127/1300/1045
f 1147/1320/1061 1148/1321/1062 1149/1322/1063
f 1149/1322/1063 1150/1323/1063 1147/1320/1061
f 1151/581/1064 1152/1324/1065 1153/1325/1065
f 1153/1325/1065 1154/1326/1065 1151/581/1064
f 1155/1327/1066 1156/1328/1067 1148/1321/1062
f 1148/1321/1062 1147/1320/1061 1155/1327/1066
f 1157/1329/1068 1158/1330/1068 1159/1331/1068
f 303/339/301 302/338/300 1082/1242/1006
f 1082/1242/1006 1081/1241/1005 303/339/301
f 1160/1332/1069 1161/1333/1069 1162/1334/1069
f 1163/1335/1070 1164/1336/1070 1165/1337/1070
f 1166/1338/1071 1167/1339/1072 1168/1340/1073
f 1168/1340/1073 1169/1341/1074 1166/1338/1071
f 1170/1342/1075 1171/1343/1076 1172/1344/1077
f 1172/1344/1077 1173/1345/1078 1170/1342/1075
f 1173/1345/1078 1172/1344/1077 1174/1346/1079
f 1174/1346/1079 1175/1347/1080 1173/1345/1078
f 1174/1346/1079 1176/1348/1081 1177/1349/1082
f 1177/1349/1082 1175/1347/1080 1174/1346/1079
f 1176/1348/1081 1178/1350/1083 1179/1351/1084
f 1179/1351/1084 1177/1349/1082 1176/1348/1081
f 1178/1350/1083 1180/1352/1085 1179/1351/1084
f 1181/1353/1086 1182/1354/1087 1183/1355/1088
f 1183/1355/1088 1184/1356/1089 1181/1353/1086
f 1185/1357/1090 1181/1353/1086 1184/1356/1089
f 1184/1356/1089 1186/1358/1091 1185/1357/1090
f 1180/1352/1085 1187/1359/1092 1188/1360/1093
f 1188/1360/1093 1179/1351/1084 1180/1352/1085
f 1182/1354/1087 1189/1361/1094 1190/1362/1095
f 1190/1362/1095 1183/1355/1088 1182/1354/1087
f 1169/1341/1074 1168/1340/1073 1171/1343/1076
f 1171/1343/1076 1170/1342/1075 1169/1341/1074
f 1191/1363/1096 1192/1364/1097 1193/1365/1098
f 1193/1365/1098 1194/1366/1099 1191/1363/1096
f 1167/1339/1072 1166/1338/1071 1191/1363/1096
f 1191/1363/1096 1194/1366/1099 1167/1339/1072
f 1195/1367/1100 1196/1368/1101 1197/1369/1102
f 1197/1369/1102 1198/1370/1103 1195/1367/1100
f 1193/1365/1098 1192/1364/1097 1199/1371/1104
f 1198/1370/1103 1197/1369/1102 1200/1372/1105
f 1200/1372/1105 1201/1373/1105 1198/1370/1103
f 1202/1374/1106 1203/1375/1107 1204/1376/1108
f 1205/1377/1109 1206/1378/1110 1204/1376/1108
f 1204/1376/1108 1203/1375/1107 1205/1377/1109
f 1207/1379/1111 1204/1376/1108 1208/1380/1112
f 1208/1380/1112 1209/1381/1113 1207/1379/1111
f 1207/1379/1111 1202/1374/1106 1204/1376/1108
f 1210/1382/1114 1211/1383/1115 1212/1384/1116
f 1212/1384/1116 1213/1385/1117 1210/1382/1114
f 1214/1386/1118 1215/1387/1119 1211/1388/1115
f 1211/1388/1115 1210/1389/1114 1214/1386/1118
f 1216/1390/1120 1217/1391/1121 1218/1392/1122
f 1218/1392/1122 1219/1393/1122 1216/1390/1120
f 1220/1394/1123 1221/1395/1123 1217/1391/1121
f 1217/1391/1121 1216/1390/1120 1220/1394/1123
f 1222/1396/1124 1223/1397/1124 445/1398/438
f 445/504/438 444/503/437 1222/1399/1124
f 1224/1400/1125 1225/1401/1126 1226/1402/1127
f 1226/1402/1127 1227/1403/1128 1224/1400/1125
f 1228/1404/1129 1229/1405/1129 1225/1401/1126
f 1225/1401/1126 1224/1400/1125 1228/1404/1129
f 1227/1403/1128 1226/1402/1127 1215/1387/1119
f 1215/1387/1119 1214/1386/1118 1227/1403/1128
f 1230/1406/1130 1231/1407/1131 1232/1408/1132
f 1232/1409/1132 1233/1410/1133 1230/1411/1130
f 1234/1412/1134 1235/1413/1135 1236/1414/1136
f 1236/1414/1136 1237/1415/1134 1234/1412/1134
f 1238/1416/1137 1239/1417/1138 1240/1418/1139
f 1240/1418/1139 1241/1419/1140 1238/1416/1137
f 1239/1417/1138 1242/1420/1141 1243/1421/1142
f 1243/1421/1142 1240/1418/1139 1239/1417/1138
f 1242/1420/1141 1234/1412/1134 1237/1415/1134
f 1237/1415/1134 1244/1422/1143 1242/1420/1141
f 1242/1420/1141 1244/1422/1143 1243/1421/1142
f 1206/1378/1110 1205/1377/1109 1238/1416/1137
f 1238/1416/1137 1241/1419/1140 1206/1378/1110
f 1245/1423/1144 1246/1424/1145 1247/1425/1146
f 1247/1425/1146 1248/1426/1147 1245/1423/1144
f 1246/1424/1145 1249/1427/1148 1250/1428/1148
f 1250/1428/1148 1247/1425/1146 1246/1424/1145
f 1249/1427/1148 1251/1429/1149 1252/1430/1150
f 1252/1430/1150 1250/1428/1148 1249/1427/1148
f 1251/1429/1149 1253/1431/1151 1254/1432/1152
f 1254/1432/1152 1252/1430/1150 1251/1429/1149
f 1253/1431/1151 1255/1433/1153 1256/1434/1154
f 1256/1434/1154 1254/1432/1152 1253/1431/1151
f 1255/1435/1153 1257/1436/1155 1258/1437/1156
f 1258/1437/1156 1256/1438/1154 1255/1435/1153
f 1257/1436/1155 1259/1439/1157 1260/1440/1158
f 1260/1440/1158 1258/1437/1156 1257/1436/1155
f 1259/1441/1157 1261/1442/1159 1262/1443/1160
f 1262/1443/1160 1260/1444/1158 1259/1441/1157
f 1261/1442/1159 1263/1445/1161 1264/1446/1162
f 1264/1446/1162 1262/1443/1160 1261/1442/1159
f 1263/1445/1161 1265/1447/1163 1266/1448/1164
f 1266/1448/1164 1264/1446/1162 1263/1445/1161
f 1265/1449/1163 1267/1450/1165 1268/1451/1166
f 1268/1451/1166 1266/1452/1164 1265/1449/1163
f 1267/1453/1165 1245/1423/1144 1248/1426/1147
f 1248/1426/1147 1268/1454/1166 1267/1453/1165
f 1269/1455/1167 1270/1456/1168 1271/1457/1168
f 1271/1457/1168 1272/1458/1167 1269/1455/1167
f 1273/1459/1169 1274/1460/1170 1275/1461/1170
f 1275/1461/1170 1276/1462/1169 1273/1459/1169
f 1274/1460/1170 1277/1463/1171 1278/1464/1172
f 1278/1464/1172 1275/1461/1170 1274/1460/1170
f 1277/1465/1171 1279/1466/1173 1280/1467/1174
f 1280/1467/1174 1278/1468/1172 1277/1465/1171
f 1279/1466/1173 1281/1469/1175 1282/1470/1176
f 1282/1470/1176 1280/1467/1174 1279/1466/1173
f 1281/1469/1175 1283/1471/1177 1284/1472/1178
f 1284/1472/1178 1282/1470/1176 1281/1469/1175
f 1283/1471/1177 1285/1473/1179 1286/1474/1180
f 1286/1474/1180 1284/1472/1178 1283/1471/1177
f 1285/1475/1179 1269/1455/1167 1272/1458/1167
f 1272/1458/1167 1286/1476/1180 1285/1475/1179
f 72/78/72 1066/1226/991 1287/1477/1181
f 1287/1477/1181 1288/1478/1182 72/78/72
f 1288/1478/1182 1287/1477/1181 1289/1479/1183
f 1289/1479/1183 1290/1480/1184 1288/1478/1182
f 1289/1479/1183 1291/1481/1185 1292/1482/1185
f 1292/1482/1185 1290/1480/1184 1289/1479/1183
f 1293/1483/1186 1294/1484/1187 1295/1485/1188
f 1295/1485/1188 1296/1486/1189 1293/1483/1186
f 1294/1484/1187 1293/1483/1186 1297/1487/1190
f 1297/1487/1190 1298/1488/1190 1294/1484/1187
f 1299/1489/1191 1300/1490/1192 1301/1491/1193
f 1302/1492/1194 1303/1493/1194 1304/1494/1194
f 1304/1494/1194 1305/1495/1194 1302/1492/1194
f 1306/1496/1195 1307/1497/1196 1308/1498/1196
f 1308/1498/1196 1309/1499/1197 1306/1496/1195
f 1306/1496/1195 1309/1499/1197 1310/1500/1198
f 1310/1500/1198 1311/1501/1198 1306/1496/1195
f 1312/1502/1199 1313/1503/1200 1314/1504/1201
f 1314/1504/1201 1315/1505/1202 1312/1502/1199
f 1316/1506/1203 1317/1507/1203 1318/1508/1204
f 1318/1508/1204 1319/1509/1205 1316/1506/1203
f 1295/1485/1188 1320/1510/1206 1296/1486/1189
f 1318/1508/1204 1312/1502/1199 1315/1505/1202
f 1315/1505/1202 1319/1509/1205 1318/1508/1204
f 1321/1511/1207 1322/1512/1208 1323/1513/1209
f 1323/1513/1209 1324/1514/1210 1321/1511/1207
f 1322/1512/1208 1325/1515/1211 1326/1516/1212
f 1326/1516/1212 1323/1513/1209 1322/1512/1208
f 1327/1517/1213 1328/1518/1214 1329/1519/1215
f 1330/1520/1216 1331/1521/1217 1332/1522/1218
f 1332/1522/1218 1333/1523/1219 1330/1520/1216
f 1330/1520/1216 1334/1524/1220 1335/1525/1221
f 1335/1525/1221 1331/1521/1217 1330/1520/1216
f 1334/1524/1220 1336/1526/1222 1337/1527/1223
f 1337/1527/1223 1335/1525/1221 1334/1524/1220
f 1338/1528/1224 1321/1511/1207 1324/1514/1210
f 1324/1514/1210 1339/1529/1225 1338/1528/1224
f 62/68/62 65/71/65 110/125/110
f 1340/1530/1226 1341/1531/1227 1342/1532/1228
f 1342/1532/1228 1328/1518/1214 1340/1530/1226
f 1343/1533/1229 1340/1530/1226 1328/1518/1214
f 1344/1534/1230 1345/1535/1231 1346/1536/1232
f 1346/1536/1232 1347/1537/1233 1344/1534/1230
f 1345/1535/1231 1348/1538/1234 1349/1539/1235
f 1349/1539/1235 1346/1536/1232 1345/1535/1231
f 1348/1538/1234 1350/1540/1236 1351/1541/1237
f 1351/1541/1237 1349/1539/1235 1348/1538/1234
f 1350/1540/1236 1352/1542/1238 1353/1543/1239
f 1353/1543/1239 1351/1541/1237 1350/1540/1236
f 1352/1542/1238 1354/1544/1240 1355/1545/1241
f 1355/1545/1241 1353/1543/1239 1352/1542/1238
f 1354/1544/1240 1356/1546/1242 1357/1547/1243
f 1357/1547/1243 1355/1545/1241 1354/1544/1240
f 1356/1546/1242 1358/1548/1244 1359/1549/1244
f 1359/1549/1244 1357/1547/1243 1356/1546/1242
f 1360/1550/1245 1361/1551/1246 1362/1552/1247
f 1362/1552/1247 1363/1553/1247 1360/1550/1245
f 1360/1550/1245 1364/1554/1248 1365/1555/1249
f 1365/1555/1249 1361/1551/1246 1360/1550/1245
f 1364/1554/1248 1344/1534/1230 1347/1537/1233
f 1347/1537/1233 1365/1555/1249 1364/1554/1248
f 1366/1556/1250 1367/1557/1251 1368/1558/1252
f 1369/1559/1253 1370/1560/1254 1371/1561/1255
f 1371/1561/1255 1372/1562/1255 1369/1559/1253
f 1369/1559/1253 1373/1563/1256 1370/1560/1254
f 1374/1564/1257 1375/1565/1258 1376/1566/1259
f 1375/1567/1258 1377/1568/1260 1378/1569/1261
f 1378/1570/1261 1376/1566/1259 1375/1565/1258
f 1379/1571/1262 1380/1572/1263 1381/1573/1264
f 1381/1573/1264 1382/1574/1265 1379/1571/1262
f 1383/1575/1266 1382/1574/1265 1381/1573/1264
f 1384/1576/1267 1383/1575/1266 1381/1573/1264
f 1381/1573/1264 1385/1577/1267 1384/1576/1267
f 1379/1571/1262 1386/1578/1268 1380/1572/1263
f 1367/1557/1251 1372/1562/1255 1371/1561/1255
f 1371/1561/1255 1387/1579/1269 1367/1557/1251
f 1388/1580/1270 1366/1556/1250 1368/1558/1252
f 1389/1581/1271 1390/1582/1272 1391/1583/1273
f 1392/1584/1274 1393/1585/1275 1394/1586/1275
f 1394/1586/1275 1395/1587/1276 1392/1584/1274
f 1396/1588/1277 1392/1589/1274 1395/1590/1276
f 1395/1590/1276 1397/1591/1278 1396/1588/1277
f 1398/1592/1279 1396/1588/1277 1397/1591/1278
f 1397/1591/1278 1399/1593/1280 1398/1592/1279
f 1400/1594/1281 1398/1595/1279 1399/1596/1280
f 1399/1596/1280 1401/1597/1281 1400/1594/1281
f 1402/1598/1282 1403/1599/1283 1404/1600/1282
f 1404/1600/1282 1405/1601/1282 1402/1598/1282
f 1406/1602/1284 1407/1603/1284 1408/1604/1284
f 1408/1604/1284 1409/1605/1284 1406/1602/1284
f 1410/1606/1284 1411/1607/1284 1412/1608/1284
f 1413/1609/1282 1414/1610/1285 1415/1611/1282
f 1416/1612/1286 1417/1613/1287 1414/1610/1285
f 1414/1610/1285 1418/1614/1288 1416/1612/1286
f 1414/1610/1285 1417/1613/1287 1415/1611/1282
f 1416/1612/1286 1418/1614/1288 1403/1599/1283
f 1403/1599/1283 1402/1598/1282 1416/1612/1286
f 1419/1615/1289 1420/1616/1290 1168/1340/1073
f 1168/1340/1073 1167/1339/1072 1419/1615/1289
f 1420/1617/1290 1421/1618/1291 1171/1619/1076
f 1171/1343/1076 1168/1340/1073 1420/1616/1290
f 1421/1618/1291 1422/1620/1292 1172/1621/1077
f 1172/1621/1077 1171/1619/1076 1421/1618/1291
f 1422/1620/1292 1423/1622/1293 1174/1623/1079
f 1174/1623/1079 1172/1621/1077 1422/1620/1292
f 1423/1622/1293 1424/1624/1294 1176/1625/1081
f 1176/1625/1081 1174/1623/1079 1423/1622/1293
f 1424/1624/1294 1425/1626/1295 1178/1627/1083
f 1178/1627/1083 1176/1625/1081 1424/1624/1294
f 1425/1626/1295 1426/1628/1296 1180/1629/1085
f 1180/1629/1085 1178/1627/1083 1425/1626/1295
f 1427/1630/1297 1187/1631/1092 1180/1629/1085
f 1180/1629/1085 1426/1628/1296 1427/1630/1297
f 1428/1632/1298 1181/1633/1086 1185/1634/1090
f 1185/1634/1090 1429/1635/1299 1428/1632/1298
f 1428/1632/1298 1430/1636/1300 1182/1637/1087
f 1182/1637/1087 1181/1633/1086 1428/1632/1298
f 1430/1636/1300 1431/1638/1301 1189/1639/1094
f 1189/1639/1094 1182/1637/1087 1430/1636/1300
f 1432/1640/1302 1433/1641/1303 1434/1642/1304
f 1434/1642/1304 1435/1643/1305 1432/1640/1302
f 1436/1644/1306 1437/1645/1307 1434/1642/1304
f 1434/1642/1304 1433/1641/1303 1436/1644/1306
f 1436/1646/1308 1438/1647/1309 1439/1648/1310
f 1439/1648/1310 1440/1649/1311 1436/1646/1308
f 1438/1647/1309 1441/1650/1312 1442/1651/1313
f 1442/1651/1313 1439/1648/1310 1438/1647/1309
f 1441/1652/1312 1443/1653/1314 1444/1654/1315
f 1444/1654/1315 1442/1655/1313 1441/1652/1312
f 1443/1653/1314 1445/1656/1316 1446/1657/1316
f 1446/1657/1316 1444/1654/1315 1443/1653/1314
f 1445/1656/1316 1447/1658/1317 1448/1659/1317
f 1448/1659/1317 1446/1657/1316 1445/1656/1316
f 1447/1658/1317 1449/1660/1318 1450/1661/1318
f 1450/1661/1318 1448/1659/1317 1447/1658/1317
f 1449/1660/1318 1451/1662/1319 1452/1663/1319
f 1452/1663/1319 1450/1661/1318 1449/1660/1318
f 1451/1662/1319 1453/1664/1320 1454/1665/1321
f 1454/1665/1321 1452/1663/1319 1451/1662/1319
f 1455/1666/1322 1456/1667/1323 1457/1668/1324
f 1457/1668/1324 1458/1669/1322 1455/1666/1322
f 1459/1670/1325 1460/1671/1325 1457/1668/1324
f 1457/1668/1324 1456/1667/1323 1459/1670/1325
f 1461/1672/1326 1462/1673/1327 1463/1674/1328
f 1463/1674/1328 1464/1675/1326 1461/1672/1326
f 1462/1673/1327 1465/1676/1329 1466/1677/1329
f 1466/1677/1329 1463/1674/1328 1462/1673/1327
f 1467/1678/1330 1419/1615/1289 1167/1339/1072
f 1167/1339/1072 1194/1366/1099 1467/1678/1330
f 1468/1679/1331 1301/1491/1193 1469/1680/1332
f 1469/1680/1332 1470/1681/1331 1468/1679/1331
f 1471/1682/1194 1472/1683/1333 1473/1684/1334
f 1473/1684/1334 1474/1685/1194 1471/1682/1194
f 1474/1685/1194 1473/1684/1334 1475/1686/1335
f 1475/1686/1335 1476/1687/1194 1474/1685/1194
f 1473/1684/1334 1472/1683/1333 1477/1688/1336
f 1477/1688/1336 1478/1689/1337 1473/1684/1334
f 1475/1686/1335 1473/1684/1334 1478/1689/1337
f 1478/1689/1337 1479/1690/1338 1475/1686/1335
f 1300/1490/1192 1469/1680/1332 1301/1491/1193
f 1303/1493/1194 1302/1492/1194 1480/1691/1194
f 1481/1692/1339 1482/1693/1339 1483/1694/1340
f 1483/1694/1340 1484/1695/1341 1481/1692/1339
f 1485/1696/1342 1486/1697/1343 1487/1698/1344
f 1487/1698/1344 1488/1699/1344 1485/1696/1342
f 1489/1700/1345 1490/1701/1345 1491/1702/1346
f 1491/1703/1346 1492/1704/1347 1489/1705/1345
f 1493/1706/1348 1494/1707/1349 1495/1708/1350
f 1495/1709/1350 1496/1710/1350 1493/1711/1348
f 1497/1712/1351 1498/1713/1351 1499/1714/1352
f 1499/1714/1352 1500/1715/1353 1497/1712/1351
f 1501/1716/1354 1502/1717/1355 1503/1718/1355
f 1503/1718/1355 1504/1719/1356 1501/1716/1354
f 1505/1720/1357 1506/1721/1357 1507/1722/1358
f 1507/1722/1358 1508/1723/1359 1505/1720/1357
f 1508/1723/1359 1507/1722/1358 1509/1724/1360
f 1509/1724/1360 1510/1725/1360 1508/1723/1359
f 1511/1726/1361 1512/1727/1362 1501/1716/1354
f 1501/1716/1354 1504/1719/1356 1511/1726/1361
f 1513/1728/1363 1514/1729/1363 1515/1730/1363
f 1516/1731/1364 1512/1727/1362 1511/1726/1361
f 1500/1715/1353 1499/1714/1352 1517/1732/1365
f 1518/1733/1366 1519/1734/1366 1520/1735/1366
f 1521/1736/1367 1522/1737/1368 1494/1738/1349
f 1494/1738/1349 1493/1739/1348 1521/1736/1367
f 1492/1740/1347 1491/1741/1346 1523/1742/1343
f 1523/1742/1343 1524/1743/1342 1492/1740/1347
f 1341/1531/1227 1525/1744/1369 1342/1532/1228
f 1327/1517/1213 1343/1533/1229 1328/1518/1214
f 1302/1492/1194 1526/1745/1194 1480/1691/1194
f 1527/1746/1370 1528/1747/1371 1529/1748/1372
f 1529/1748/1372 1530/1749/1373 1527/1746/1370
f 1530/1749/1373 1529/1748/1372 1531/1750/1374
f 1531/1750/1374 1532/1751/1375 1530/1749/1373
f 1532/1751/1375 1531/1750/1374 1533/1752/1376
f 1533/1752/1376 1534/1753/1376 1532/1751/1375
f 1535/1754/1377 1536/1755/1377 1537/1756/1378
f 1537/1757/1378 1538/1758/1378 1535/1759/1377
f 1539/1760/1379 1540/1761/1380 1541/1762/1381
f 1541/1762/1381 1542/1763/1382 1539/1760/1379
f 1543/1764/1194 1544/1765/1194 1545/1766/1194
f 1546/1767/1383 1547/1768/1383 1548/1769/1384
f 1548/1769/1384 1549/1770/1385 1546/1767/1383
f 1550/1771/1194 1551/1772/1194 1545/1766/1194
f 1545/1766/1194 1544/1765/1194 1550/1771/1194
f 1552/1773/1386 1553/1774/1387 1554/1775/1388
f 1554/1775/1388 1541/1762/1381 1552/1773/1386
f 1553/1774/1387 1555/1776/1389 1556/1777/1390
f 1556/1777/1390 1554/1775/1388 1553/1774/1387
f 1557/1778/1391 1558/1779/1392 1559/1780/1393
f 1559/1780/1393 1560/1781/1391 1557/1778/1391
f 1540/1782/1380 1561/1783/1394 1552/1784/1386
f 1552/1784/1386 1541/1785/1381 1540/1782/1380
f 1556/1777/1390 1555/1776/1389 1562/1786/1395
f 1563/1787/1396 1542/1763/1382 1541/1762/1381
f 1541/1762/1381 1554/1775/1388 1563/1787/1396
f 1564/1788/1397 1563/1787/1396 1554/1775/1388
f 1554/1775/1388 1556/1777/1390 1564/1788/1397
f 1565/1789/1398 1559/1780/1393 1558/1779/1392
f 1558/1779/1392 1566/1790/1399 1565/1789/1398
f 1567/1791/1400 1564/1788/1397 1556/1777/1390
f 1556/1777/1390 1562/1786/1395 1567/1791/1400
f 1568/1792/1282 1569/1793/1282 1570/1794/1282
f 1570/1794/1282 1571/1795/1282 1568/1792/1282
f 1572/1796/1282 1573/1797/1282 1574/1798/1282
f 1574/1798/1282 1575/1799/1282 1572/1796/1282
f 1576/1800/1282 1572/1796/1282 1575/1799/1282
f 1575/1799/1282 1577/1801/1282 1576/1800/1282
f 1578/1802/1401 1579/1803/1402 1580/1804/1402
f 1580/1804/1402 1581/1805/1403 1578/1802/1401
f 1582/1806/1282 1583/1807/1282 1584/1808/1282
f 1584/1808/1282 1570/1794/1282 1582/1806/1282
f 1569/1793/1282 1582/1806/1282 1570/1794/1282
f 1571/1795/1282 1585/1809/1282 1586/1810/1282
f 1586/1810/1282 1568/1792/1282 1571/1795/1282
f 1543/1764/1194 1587/1811/1194 1544/1765/1194
f 1555/1776/1389 1549/1770/1385 1548/1769/1384
f 1548/1769/1384 1562/1786/1395 1555/1776/1389
f 1588/1812/1404 1589/1813/1405 1590/1814/1406
f 1590/1814/1406 1591/1815/1407 1588/1812/1404
f 1592/1816/1408 1593/1817/1408 1594/1818/1409
f 1594/1818/1409 1595/1819/1410 1592/1816/1408
f 1596/1820/1411 1597/1821/1412 1598/1822/1413
f 1598/1822/1413 1599/1823/1414 1596/1820/1411
f 1600/1824/1415 1601/1825/1416 1602/1826/1416
f 1602/1826/1416 1603/1827/1416 1600/1824/1415
f 1604/1828/1417 1605/1829/1418 1606/1830/1419
f 1606/1830/1419 1607/1831/1419 1604/1828/1417
f 1608/1832/1420 1609/1833/1421 1610/1834/1421
f 1610/1834/1421 1611/1835/1420 1608/1832/1420
f 1612/1836/1422 1613/1837/1423 1614/1838/1423
f 1614/1838/1423 1615/1839/1424 1612/1836/1422
f 1616/1840/1425 1617/1841/1426 1618/1842/1427
f 1618/1842/1427 1619/1843/1428 1616/1840/1425
f 1620/1844/1429 1621/1845/1429 1622/1846/1430
f 1622/1846/1430 1623/1847/1431 1620/1844/1429
f 1624/1848/1432 1625/1849/1433 1626/1850/1433
f 1626/1850/1433 1627/1851/1432 1624/1848/1432
f 1628/1852/1434 1629/1853/1435 1630/1854/1436
f 1630/1854/1436 1631/1855/1437 1628/1852/1434
f 1632/1856/1438 1633/1857/1438 1634/1858/1439
f 1634/1858/1439 1635/1859/1440 1632/1856/1438
f 1636/1860/1441 1637/1861/1442 1638/1862/1443
f 1638/1862/1443 1639/1863/1444 1636/1860/1441
f 1640/1864/1445 1641/1865/1446 1642/1866/1445
f 1642/1866/1445 1643/1867/1446 1640/1864/1445
f 1644/1868/1447 1645/1869/1448 1646/1870/1448
f 1646/1870/1448 1647/1871/1448 1644/1868/1447
f 1648/1872/1449 1649/1873/1450 1650/1874/1451
f 1650/1874/1451 1651/1875/1452 1648/1872/1449
f 1652/1876/1453 1653/1877/1453 1654/1878/1454
f 1654/1878/1454 1655/1879/1453 1652/1876/1453
f 1656/1880/1455 1657/1881/1456 1658/1882/1455
f 1658/1882/1455 1659/1883/1455 1656/1880/1455
f 1660/1884/1457 1661/1885/1458 1662/1886/1459
f 1662/1886/1459 1663/1887/1460 1660/1884/1457
f 1664/1888/1461 1665/1889/1462 1666/1890/1461
f 1666/1890/1461 1667/1891/1462 1664/1888/1461
f 1668/1892/1463 1669/1893/1464 1670/1894/1465
f 1670/1894/1465 1671/1895/1466 1668/1892/1463
f 1672/1896/1467 1673/1897/1468 1674/1898/1468
f 1674/1898/1468 1675/1899/1467 1672/1896/1467
f 1676/1900/1469 1677/1901/1470 1678/1902/1471
f 1678/1902/1471 1679/1903/1472 1676/1900/1469
f 1680/1904/1473 1681/1905/1474 1682/1906/1475
f 1682/1906/1475 1683/1907/1476 1680/1904/1473
f 1684/1908/1477 1685/1909/1478 1686/1910/1479
f 1686/1910/1479 1687/1911/1480 1684/1908/1477
f 1688/1912/1481 1689/1913/1481 1690/1914/1482
f 1690/1914/1482 1691/1915/1481 1688/1912/1481
f 1692/1916/1483 1693/1917/1484 1694/1918/1485
f 1694/1918/1485 1695/1919/1484 1692/1916/1483
f 1696/1920/1486 1697/1921/1487 1698/1922/1488
f 1698/1922/1488 1699/1923/1487 1696/1920/1486
f 1700/1924/1489 1701/1925/1490 1702/1926/1491
f 1702/1926/1491 1703/1927/1490 1700/1924/1489
f 1704/1928/1492 1705/1929/1492 1706/1930/1492
f 1706/1930/1492 1707/1931/1493 1704/1928/1492
f 1708/1932/1494 1709/1933/1495 1710/1934/1494
f 1710/1934/1494 1711/1935/1496 1708/1932/1494
f 1712/1936/1497 1713/1937/1498 1714/1938/1499
f 1714/1938/1499 1715/1939/1499 1712/1936/1497
f 1716/1940/1500 1717/1941/1501 1718/1942/1502
f 1718/1942/1502 1719/1943/1503 1716/1940/1500
f 1720/1944/1504 1721/1945/1505 1722/1946/1506
f 1722/1946/1506 1723/1947/1507 1720/1944/1504
f 1724/1948/1508 1725/1949/1509 1726/1950/1510
f 1726/1950/1510 1727/1951/1508 1724/1948/1508
f 1728/1952/1511 1729/1953/1512 1730/1954/1513
f 1730/1954/1513 1731/1955/1514 1728/1952/1511
f 1732/1956/1515 1733/1957/1515 1734/1958/1516
f 1734/1958/1516 1735/1959/1515 1732/1956/1515
f 1736/1960/1517 1737/1961/1518 1738/1962/1519
f 1738/1962/1519 1739/1963/1520 1736/1960/1517
f 1740/1964/1521 1741/1965/1522 1742/1966/1523
f 1742/1966/1523 1743/1967/1521 1740/1964/1521
f 1744/1968/1524 1745/1969/1525 1746/1970/1526
f 1746/1970/1526 1747/1971/1525 1744/1968/1524
f 1748/1972/1527 1749/1973/1528 1750/1974/1527
f 1750/1974/1527 1751/1975/1528 1748/1972/1527
f 1752/1976/1529 1753/1977/1530 1754/1978/1529
f 1754/1978/1529 1755/1979/1530 1752/1976/1529
f 1756/1980/1531 1757/1981/1532 1758/1982/1533
f 1758/1982/1533 1759/1983/1534 1756/1980/1531
f 1760/1984/1535 1761/1985/1536 1762/1986/1537
f 1762/1986/1537 1763/1987/1538 1760/1984/1535
f 1764/1988/1539 1765/1989/1540 1766/1990/1540
f 1766/1990/1540 1767/1991/1540 1764/1988/1539
f 1768/1992/1541 1769/1993/1542 1770/1994/1543
f 1770/1994/1543 1771/1995/1544 1768/1992/1541
f 1772/1996/1545 1773/1997/1546 1774/1998/1547
f 1774/1998/1547 1775/1999/1548 1772/1996/1545
f 1776/2000/1549 1777/2001/1550 1778/2002/1551
f 1778/2002/1551 1779/2003/1550 1776/2000/1549
f 1780/2004/1552 1781/2005/1553 1782/2006/1554
f 1782/2006/1554 1783/2007/1553 1780/2004/1552
f 1784/2008/1555 1785/2009/1556 1786/2010/1557
f 1786/2010/1557 1787/2011/1556 1784/2008/1555
f 1788/2012/1558 1789/2013/1559 1790/2014/1560
f 1790/2014/1560 1791/2015/1559 1788/2012/1558
f 1792/2016/1561 1793/2017/1562 1794/2018/1563
f 1794/2018/1563 1795/2019/1564 1792/2016/1561
f 1796/2020/1565 1797/2021/1566 1798/2022/1566
f 1798/2022/1566 1799/2023/1566 1796/2020/1565
f 1800/2024/1567 1801/2025/1568 1802/2026/1569
f 1802/2026/1569 1803/2027/1570 1800/2024/1567
f 1804/2028/1571 1805/2029/1572 1806/2030/1572
f 1806/2030/1572 1807/2031/1572 1804/2028/1571
f 1808/2032/1573 1809/2033/1574 1810/2034/1574
f 1810/2034/1574 1811/2035/1573 1808/2032/1573
f 1812/2036/1575 1813/2037/1575 1814/2038/1575
f 1814/2038/1575 1815/2039/1575 1812/2036/1575
f 1816/2040/1576 1817/2041/1577 1818/2042/1578
f 1818/2042/1578 1819/2043/1577 1816/2040/1576
f 1820/2044/1579 1821/2045/1580 1822/2046/1581
f 1822/2046/1581 1823/2047/1581 1820/2044/1579
f 1824/2048/1582 1825/2049/1583 1826/2050/1584
f 1826/2050/1584 1827/2051/1585 1824/2048/1582
f 1828/2052/1586 1829/2053/1587 1830/2054/1587
f 1830/2054/1587 1831/2055/1587 1828/2052/1586
f 1832/2056/1588 1833/2057/1589 1834/2058/1590
f 1834/2058/1590 1835/2059/1589 1832/2056/1588
f 1836/2060/1591 1837/2061/1592 1838/2062/1593
f 1838/2062/1593 1839/2063/1592 1836/2060/1591
f 1840/2064/1594 1841/2065/1595 1842/2066/1594
f 1842/2066/1594 1843/2067/1595 1840/2064/1594
f 1844/2068/1596 1845/2069/1597 1846/2070/1598
f 1846/2070/1598 1847/2071/1596 1844/2068/1596
f 1848/2072/1599 1849/2073/1599 1850/2074/1600
f 1850/2074/1600 1851/2075/1599 1848/2072/1599
f 1852/2076/1601 1853/2077/1602 1854/2078/1603
f 1854/2078/1603 1855/2079/1602 1852/2076/1601
f 1856/2080/1604 1857/2081/1604 1858/2082/1605
f 1858/2082/1605 1859/2083/1604 1856/2080/1604
f 1860/2084/1606 1861/2085/1606 1862/2086/1606
f 1862/2086/1606 1863/2087/1606 1860/2084/1606
f 1864/2088/1607 1865/2089/1608 1866/2090/1608
f 1866/2090/1608 1867/2091/1608 1864/2088/1607
f 1868/2092/1609 1869/2093/1609 1870/2094/1610
f 1870/2094/1610 1871/2095/1611 1868/2092/1609
f 1872/2096/1612 1873/2097/1613 1874/2098/1613
f 1874/2098/1613 1875/2099/1613 1872/2096/1612
f 1876/2100/1614 1877/2101/1615 1878/2102/1615
f 1878/2102/1615 1879/2103/1615 1876/2100/1614
f 1880/2104/1616 1881/2105/1616 1882/2106/1616
f 1882/2106/1616 1883/2107/1616 1880/2104/1616
f 1884/2108/1617 1885/2109/1617 1886/2110/1618
f 1886/2110/1618 1887/2111/1619 1884/2108/1617
f 1888/2112/1620 1889/2113/1621 1890/2114/1622
f 1890/2114/1622 1891/2115/1621 1888/2112/1620
f 1892/2116/1623 1893/2117/1623 1894/2118/1623
f 1894/2118/1623 1895/2119/1623 1892/2116/1623
f 1896/2120/1624 1897/2121/1625 1898/2122/1626
f 1898/2122/1626 1899/2123/1625 1896/2120/1624
f 1900/2124/1627 1901/2125/1627 1902/2126/1627
f 1902/2126/1627 1903/2127/1627 1900/2124/1627
f 1904/2128/1628 1905/2129/1629 1906/2130/1628
f 1906/2130/1628 1907/2131/1629 1904/2128/1628
f 1908/2132/1630 1909/2133/1631 1910/2134/1631
f 1910/2134/1631 1911/2135/1632 1908/2132/1630
f 1912/2136/1633 1913/2137/1634 1914/2138/1635
f 1915/2139/1636 1916/2140/1637 1914/2141/1635
f 1917/2142/1638 1915/2139/1636 1914/2141/1635
f 1914/2141/1635 1918/2143/1639 1917/2142/1638
f 1919/2144/1640 1917/2142/1638 1918/2143/1639
f 1918/2143/1639 1920/2145/1641 1919/2144/1640
f 1921/2146/1642 1922/2147/1643 1920/2145/1641
f 1922/2147/1643 1919/2144/1640 1920/2145/1641
f 1923/2148/1644 1921/2149/1642 1920/2150/1641
f 1920/2150/1641 1924/2151/1645 1923/2148/1644
f 1925/2152/1646 1923/2148/1644 1924/2151/1645
f 1926/2153/1647 1927/2154/1648 1928/2155/1649
f 1927/2154/1648 1929/2156/1650 1928/2155/1649
f 1929/2157/1650 1930/2158/1651 1931/2159/1652
f 1931/2159/1652 1928/2160/1649 1929/2157/1650
f 1930/2158/1651 1932/2161/1653 1931/2159/1652
f 1933/2162/1654 1926/2153/1647 1928/2155/1649
f 1928/2155/1649 1934/2163/1655 1933/2162/1654
f 1935/2164/1656 1933/2162/1654 1934/2163/1655
f 1934/2163/1655 1936/2165/1657 1935/2164/1656
f 1937/2166/1658 1938/2167/1659 1936/2165/1657
f 1938/2167/1659 1935/2164/1656 1936/2165/1657
f 1939/2168/1660 1940/2169/1661 1936/2170/1657
f 1936/2170/1657 1941/2171/1662 1939/2168/1660
f 1940/2169/1661 1937/2172/1658 1936/2170/1657
f 1942/2173/1663 1943/2174/1664 1941/2171/1662
f 1941/2171/1662 1944/2175/1663 1942/2173/1663
f 1916/2176/1637 1912/2136/1633 1914/2138/1635
f 1945/2177/1665 1946/2178/1666 1947/2179/1667
f 1932/2161/1653 1948/2180/1668 1949/2181/1668
f 1949/2181/1668 1931/2159/1652 1932/2161/1653
f 1946/2178/1666 1950/2182/1669 1947/2179/1667
f 1950/2182/1669 1951/2183/1670 1952/2184/1671
f 1952/2184/1671 1947/2179/1667 1950/2182/1669
f 1953/2185/1672 1954/2186/1673 1955/2187/1674
f 1954/2186/1673 1956/2188/1675 1957/2189/1676
f 1957/2189/1676 1955/2187/1674 1954/2186/1673
f 1956/2188/1675 1958/2190/1677 1957/2189/1676
f 1959/2191/1678 1925/2152/1646 1924/2151/1645
f 1924/2151/1645 1960/2192/1678 1959/2191/1678
f 1958/2190/1677 1961/2193/1679 1957/2189/1676
f 1913/2137/1634 1962/2194/1680 1911/2135/1632
f 1911/2135/1632 1914/2138/1635 1913/2137/1634
f 1962/2194/1680 1908/2132/1630 1911/2135/1632
f 1943/2174/1664 1939/2168/1660 1941/2171/1662
f 1963/2195/1681 1964/2196/1681 1965/2197/1681
f 1965/2197/1681 1966/2198/1681 1963/2195/1681
f 1966/2198/1681 1967/2199/1681 1968/2200/1681
f 1968/2200/1681 1963/2195/1681 1966/2198/1681
f 1969/2201/1681 1970/2202/1681 1971/2203/1681
f 1971/2203/1681 1972/2204/1681 1969/2201/1681
f 1970/2202/1681 1969/2201/1681 1973/2205/1681
f 1973/2205/1681 1974/2206/1681 1970/2202/1681
f 1972/2204/1681 1971/2203/1681 1975/2207/1681
f 1965/2197/1681 1964/2196/1681 1976/2208/1681
f 1977/2209/1682 1978/2210/1682 1979/2211/1682
f 1979/2211/1682 1980/2212/1683 1977/2209/1682
f 1979/2211/1682 1981/2213/1682 1982/2214/1684
f 1982/2214/1684 1980/2212/1683 1979/2211/1682
f 1947/2179/1667 1952/2184/1671 1983/2215/1685
f 1955/2187/1674 1957/2189/1676 1984/2216/1686
f 1984/2216/1686 1985/2217/1687 1955/2187/1674
f 1947/2179/1667 1983/2215/1685 1986/2218/1688
f 1986/2218/1688 1987/2219/1689 1947/2179/1667
f 1957/2189/1676 1980/2212/1683 1988/2220/1690
f 1988/2220/1690 1984/2216/1686 1957/2189/1676
f 1980/2212/1683 1982/2214/1684 1989/2221/1691
f 1989/2221/1691 1988/2220/1690 1980/2212/1683
f 1953/2185/1672 1955/2187/1674 1952/2184/1671
f 1952/2184/1671 1951/2183/1670 1953/2185/1672
f 1955/2187/1674 1985/2217/1687 1983/2215/1685
f 1983/2215/1685 1952/2184/1671 1955/2187/1674
f 1990/2222/1692 1991/2223/1693 1992/2224/1694
f 1992/2224/1694 1993/2225/1695 1990/2222/1692
f 1994/2226/1696 1995/2227/1697 1996/2228/1698
f 1996/2228/1698 1991/2223/1693 1994/2226/1696
f 1991/2223/1693 1996/2228/1698 1997/2229/1699
f 1997/2229/1699 1992/2224/1694 1991/2223/1693
f 1997/2229/1699 1996/2228/1698 1998/2230/1700
f 1389/1581/1271 1391/1583/1273 1999/2231/1701
f 1999/2231/1701 2000/2232/1701 1389/1581/1271
f 1432/1640/1302 1435/1643/1305 2001/2233/1702
f 2001/2233/1702 2002/2234/1702 1432/1640/1302
f 2003/2235/1703 2004/2236/1704 2005/2237/1705
f 2005/2237/1705 2006/2238/1706 2003/2235/1703
f 2007/2239/1707 2008/2240/1708 2006/2241/1706
f 2006/2238/1706 2005/2237/1705 2007/2242/1707
f 2008/2240/1708 2007/2239/1707 2009/2243/1709
f 2009/2243/1709 2010/2244/1710 2008/2240/1708
f 2009/2243/1709 2011/2245/1711 2012/2246/1712
f 2012/2246/1712 2010/2244/1710 2009/2243/1709
f 2013/2247/1713 2011/2131/1711 2009/2248/1709
f 2009/2248/1709 2014/2249/1714 2013/2247/1713
f 2012/2246/1712 2015/2250/1715 2016/2251/1716
f 2016/2251/1716 2010/2244/1710 2012/2246/1712
f 2008/2240/1708 2010/2244/1710 2016/2251/1716
f 2016/2251/1716 2017/2252/1717 2008/2240/1708
f 2015/2250/1715 2018/2253/1718 2019/2254/1719
f 2019/2254/1719 2016/2251/1716 2015/2250/1715
f 2017/2252/1717 2016/2251/1716 2019/2254/1719
f 2019/2254/1719 2020/2255/1720 2017/2252/1717
f 2021/2256/1721 2022/2257/1722 2023/2258/1723
f 2023/2258/1723 2024/2259/1724 2021/2256/1721
f 2024/2259/1724 2025/2260/1725 2021/2256/1721
f 2021/2256/1721 2026/2261/1726 2027/2262/1727
f 2027/2262/1727 2022/2257/1722 2021/2256/1721
f 2028/2263/1728 2027/2262/1727 2026/2261/1726
f 2026/2261/1726 2029/2264/1729 2028/2263/1728
f 2030/2265/1730 2031/2266/1731 2028/2263/1728
f 2028/2263/1728 2029/2264/1729 2030/2265/1730
f 2032/2267/1732 2031/2266/1731 2030/2265/1730
f 2030/2265/1730 2033/2268/1733 2032/2267/1732
f 2034/2269/1734 2035/2270/1735 2021/2256/1721
f 2021/2256/1721 2025/2260/1725 2034/2269/1734
f 2036/2271/1736 2026/2261/1726 2021/2256/1721
f 2021/2256/1721 2035/2270/1735 2036/2271/1736
f 2036/2271/1736 2037/2272/1737 2029/2264/1729
f 2029/2264/1729 2026/2261/1726 2036/2271/1736
f 2038/2273/1738 2039/2274/1739 2040/2275/1740
f 2040/2275/1740 2041/2276/1741 2038/2273/1738
f 2042/2277/1742 2030/2265/1730 2029/2264/1729
f 2029/2264/1729 2037/2272/1737 2042/2277/1742
f 2043/2278/1743 2044/2279/1744 2045/2280/1745
f 2045/2280/1745 2046/2281/1746 2043/2278/1743
f 2033/2268/1733 2030/2265/1730 2042/2277/1742
f 2042/2277/1742 2047/2282/1747 2033/2268/1733
f 2041/2276/1741 2040/2275/1740 2048/2283/1748
f 2048/2283/1748 2049/2284/1749 2041/2276/1741
f 2046/2281/1746 2045/2280/1745 2039/2274/1739
f 2039/2274/1739 2038/2273/1738 2046/2281/1746
f 2050/2285/1750 2046/2281/1746 2038/2273/1738
f 2038/2273/1738 2051/2286/1751 2050/2285/1750
f 2052/2287/1752 2053/2288/1753 2044/2279/1744
f 2044/2279/1744 2043/2278/1743 2052/2287/1752
f 2054/2289/1754 2052/2287/1752 2043/2278/1743
f 2043/2278/1743 2055/2290/1755 2054/2289/1754
f 2056/2291/1756 2057/2292/1757 2058/2293/1758
f 2058/2293/1758 2059/2294/1759 2056/2291/1756
f 2058/2293/1758 2060/2295/1760 2061/2296/1761
f 2061/2296/1761 2062/2297/1762 2058/2293/1758
f 2059/2294/1759 2058/2293/1758 2062/2297/1762
f 2062/2297/1762 2063/2298/1763 2059/2294/1759
f 2061/2296/1761 2064/2299/1764 2062/2297/1762
f 2065/2300/1765 2066/2301/1766 2067/2302/1767
f 2067/2302/1767 2068/2303/1768 2065/2300/1765
f 2065/2300/1765 2069/2304/1769 2063/2298/1763
f 2063/2298/1763 2066/2301/1766 2065/2300/1765
f 2065/2300/1765 2070/2305/1770 2071/2306/1771
f 2071/2306/1771 2069/2304/1769 2065/2300/1765
f 2065/2300/1765 2068/2303/1768 2072/2307/1772
f 2072/2307/1772 2070/2305/1770 2065/2300/1765
f 2073/2308/1773 2070/2305/1770 2072/2307/1772
f 2072/2307/1772 2074/2309/1774 2073/2308/1773
f 2070/2305/1770 2073/2308/1773 2075/2310/1775
f 2075/2310/1775 2071/2306/1771 2070/2305/1770
f 2076/2311/1776 2077/2312/1777 2078/2313/1778
f 2078/2313/1778 2079/2314/1779 2076/2311/1776
f 2013/2315/1713 2080/2316/1780 2011/2317/1711
f 2081/2318/1781 2012/2319/1712 2011/2317/1711
f 2011/2317/1711 2080/2316/1780 2081/2318/1781
f 2082/2320/1782 2083/2321/1783 2084/2322/1784
f 2084/2322/1784 2085/2323/1785 2082/2320/1782
f 2079/2324/1779 2078/2325/1778 2083/2321/1783
f 2083/2321/1783 2082/2320/1782 2079/2324/1779
f 2081/2318/1781 2086/2326/1786 2015/2327/1715
f 2015/2327/1715 2012/2319/1712 2081/2318/1781
f 2087/2328/1787 2088/2329/1788 2085/2323/1785
f 2085/2323/1785 2084/2322/1784 2087/2328/1787
f 2089/2330/1789 2018/2253/1718 2015/2250/1715
f 2015/2327/1715 2086/2326/1786 2089/2331/1789
f 2090/2332/1790 2091/2333/1791 2088/2329/1788
f 2088/2329/1788 2087/2328/1787 2090/2332/1790
f 2092/2334/1792 2093/2335/1793 2018/2336/1718
f 2018/2253/1718 2089/2330/1789 2092/2337/1792
f 2094/2338/1794 2095/2339/1795 2096/2340/1796
f 2097/2341/1797 2098/2342/1798 2099/2343/1799
f 2099/2343/1799 2100/2344/1800 2097/2341/1797
f 2099/2343/1799 2101/2345/1801 2102/2346/1802
f 2102/2346/1802 2100/2344/1800 2099/2343/1799
f 2103/2347/1803 2097/2341/1797 2100/2344/1800
f 2100/2344/1800 2104/2348/1804 2103/2347/1803
f 2105/2349/1805 2106/2350/1806 2107/2351/1807
f 2107/2351/1807 2108/2352/1808 2105/2349/1805
f 2102/2346/1802 2106/2350/1806 2104/2348/1804
f 2104/2348/1804 2100/2344/1800 2102/2346/1802
f 2109/2353/1809 2110/2354/1810 2111/2355/1811
f 2111/2355/1811 2108/2352/1808 2109/2353/1809
f 2112/2356/1812 2113/2357/1813 2064/2299/1764
f 2064/2299/1764 2114/2358/1814 2112/2356/1812
f 2114/2358/1814 2115/2359/1815 2116/2360/1816
f 2116/2360/1816 2112/2356/1812 2114/2358/1814
f 2117/2361/1817 2116/2360/1816 2115/2359/1815
f 2115/2359/1815 2118/2362/1818 2117/2361/1817
f 2118/2363/1818 2119/2364/1819 2120/2365/1820
f 2120/2365/1820 2117/2366/1817 2118/2363/1818
f 2121/2367/1821 2122/2368/1822 2123/2369/1823
f 2123/2369/1823 2124/2370/1824 2121/2367/1821
f 2125/2371/1825 2126/2372/1826 2124/2370/1824
f 2124/2370/1824 2123/2369/1823 2125/2371/1825
f 2127/2373/1827 2128/2374/1828 2129/2375/1829
f 2129/2375/1829 2130/2376/1830 2127/2373/1827
f 129/146/129 2127/2373/1827 2130/2376/1830
f 2130/2376/1830 130/147/130 129/146/129
f 2131/2377/1831 2132/2378/1832 2133/2379/1833
f 2133/2379/1833 2134/2380/1834 2131/2377/1831
f 2131/2377/1831 136/153/136 135/152/135
f 135/152/135 2132/2378/1832 2131/2377/1831
f 2131/2377/1831 2127/2373/1827 129/146/129
f 129/146/129 136/153/136 2131/2377/1831
f 2131/2377/1831 2134/2380/1834 2128/2374/1828
f 2128/2374/1828 2127/2373/1827 2131/2377/1831
f 2135/2381/1835 2136/2382/1836 2133/2379/1833
f 2133/2379/1833 2132/2378/1832 2135/2381/1835
f 2132/2378/1832 135/152/135 139/156/139
f 139/156/139 2135/2381/1835 2132/2378/1832
f 2137/2383/1837 2138/2384/1838 2136/2382/1836
f 2136/2382/1836 2135/2381/1835 2137/2383/1837
f 142/159/142 2137/2383/1837 2135/2381/1835
f 2135/2381/1835 139/156/139 142/159/142
f 2139/2385/1839 2140/2386/1840 145/162/145
f 145/162/145 144/161/144 2139/2385/1839
f 2139/2385/1839 2141/2387/1841 2142/2388/1842
f 2142/2388/1842 2140/2386/1840 2139/2385/1839
f 2143/2389/1843 2139/2385/1839 144/161/144
f 144/161/144 150/167/150 2143/2389/1843
f 2143/2389/1843 2144/2390/1844 2141/2387/1841
f 2141/2387/1841 2139/2385/1839 2143/2389/1843
f 2145/2391/1845 2146/2392/1846 2147/2393/1847
f 2147/2393/1847 2148/2394/1848 2145/2391/1845
f 2148/2394/1848 157/174/157 156/173/156
f 156/173/156 2145/2391/1845 2148/2394/1848
f 2140/2386/1840 2142/2388/1842 2149/2395/1849
f 2149/2395/1849 2150/2396/1850 2140/2386/1840
f 145/162/145 2140/2386/1840 2150/2396/1850
f 2150/2396/1850 160/177/160 145/162/145
f 2151/2397/1851 2078/2325/1778 2077/2398/1777
f 2077/2398/1777 2152/2399/1852 2151/2397/1851
f 2153/2400/1853 2154/2401/1854 2084/2322/1784
f 2084/2322/1784 2083/2321/1783 2153/2400/1853
f 2078/2325/1778 2151/2397/1851 2153/2400/1853
f 2153/2400/1853 2083/2321/1783 2078/2325/1778
f 2084/2322/1784 2154/2401/1854 2155/2402/1855
f 2155/2402/1855 2087/2328/1787 2084/2322/1784
f 2087/2328/1787 2155/2402/1855 2156/2403/1856
f 2156/2403/1856 2090/2332/1790 2087/2328/1787
f 2141/2387/1841 2157/2404/1857 2158/2405/1858
f 2158/2405/1858 2142/2388/1842 2141/2387/1841
f 2159/2406/1859 2157/2404/1857 2141/2387/1841
f 2141/2387/1841 2144/2390/1844 2159/2406/1859
f 2160/2407/1860 2161/2408/1861 2162/2409/1862
f 2162/2409/1862 2163/2410/1863 2160/2407/1860
f 2146/2392/1846 2164/2411/1864 2165/2412/1865
f 2165/2412/1865 2147/2393/1847 2146/2392/1846
f 2142/2388/1842 2158/2405/1858 2166/2413/1866
f 2166/2413/1866 2149/2395/1849 2142/2388/1842
f 2121/2367/1821 2167/2414/1867 2122/2368/1822
f 2168/2415/1868 2169/2416/1869 2170/2417/1870
f 2171/2418/1871 2168/2415/1868 2170/2417/1870
f 2170/2417/1870 2172/2419/1872 2171/2418/1871
f 2098/2420/1798 2173/2421/1873 2174/2422/1874
f 2099/2343/1799 2098/2342/1798 2174/2423/1874
f 2174/2423/1874 2175/2424/1875 2101/2345/1801
f 2101/2345/1801 2099/2343/1799 2174/2423/1874
f 2176/2425/1876 2177/2426/1877 2178/2427/1878
f 2178/2427/1878 2179/2428/1879 2176/2425/1876
f 2179/2428/1879 2180/2429/1880 2181/2430/1881
f 2181/2430/1881 2182/2431/1882 2179/2428/1879
f 2183/2432/1883 2180/2429/1880 2179/2428/1879
f 2179/2428/1879 2178/2427/1878 2183/2432/1883
f 2184/2433/1884 2181/2434/1881 2180/2435/1880
f 2180/2435/1880 2185/2436/1885 2184/2433/1884
f 2183/2437/1883 2008/2240/1708 2017/2252/1717
f 2017/2252/1717 2186/2438/1886 2183/2437/1883
f 2187/2439/1887 2184/2433/1884 2185/2436/1885
f 2185/2436/1885 2188/2440/1888 2187/2439/1887
f 2189/2441/1889 2186/2438/1886 2017/2252/1717
f 2017/2252/1717 2020/2255/1720 2189/2441/1889
f 2190/2442/1890 2191/2443/1891 2192/2444/1892
f 2192/2444/1892 2193/2445/1893 2190/2442/1890
f 2194/2446/1894 2027/2262/1727 2028/2263/1728
f 2195/2447/1895 2189/2441/1889 2020/2255/1720
f 2020/2255/1720 2196/2448/1896 2195/2447/1895
f 2190/2442/1890 2193/2445/1893 2187/2439/1887
f 2187/2439/1887 2188/2440/1888 2190/2442/1890
f 2031/2266/1731 2197/2449/1897 2194/2446/1894
f 2194/2446/1894 2028/2263/1728 2031/2266/1731
f 2198/2450/1898 2199/2451/1899 2192/2444/1892
f 2192/2444/1892 2191/2443/1891 2198/2450/1898
f 2198/2450/1898 2200/2452/1900 2201/2453/1901
f 2201/2453/1901 2199/2451/1899 2198/2450/1898
f 2031/2266/1731 2032/2267/1732 2202/2454/1902
f 2202/2454/1902 2197/2449/1897 2031/2266/1731
f 2203/2455/1903 2204/2456/1904 2205/2457/1905
f 2206/2458/1906 2207/2459/1907 2208/2460/1908
f 2208/2460/1908 2209/2461/1909 2206/2458/1906
f 2210/2462/1910 2211/2463/1911 2212/2464/1912
f 2212/2464/1912 2206/2458/1906 2210/2462/1910
f 2206/2458/1906 2209/2461/1909 2213/2465/1913
f 2213/2465/1913 2210/2462/1910 2206/2458/1906
f 2214/2466/1914 2210/2462/1910 2213/2465/1913
f 2213/2465/1913 2215/2467/1915 2214/2466/1914
f 2211/2463/1911 2210/2462/1910 2214/2466/1914
f 2214/2466/1914 2216/2468/1916 2211/2463/1911
f 2214/2466/1914 2215/2467/1915 2217/2469/1917
f 2217/2469/1917 2218/2470/1918 2214/2466/1914
f 2219/2471/1919 2054/2289/1754 2055/2290/1755
f 2055/2290/1755 2216/2472/1916 2219/2471/1919
f 2220/2473/1920 2208/2474/1908 2207/2475/1907
f 2207/2475/1907 2221/2476/1921 2220/2473/1920
f 2222/2477/1922 2223/2478/1923 2056/2291/1756
f 2056/2291/1756 2059/2294/1759 2222/2477/1922
f 2224/2479/1924 2220/2473/1920 2221/2476/1921
f 2221/2476/1921 2225/2480/1925 2224/2479/1924
f 2226/2481/1926 2222/2477/1922 2059/2294/1759
f 2059/2294/1759 2063/2298/1763 2226/2481/1926
f 2227/2482/1927 2228/2483/1928 2229/2484/1929
f 2229/2484/1929 2230/2485/1930 2227/2482/1927
f 2231/2486/1931 2232/2487/1932 2228/2483/1928
f 2228/2483/1928 2227/2482/1927 2231/2486/1931
f 2226/2481/1926 2231/2486/1931 2227/2482/1927
f 2227/2482/1927 2225/2480/1925 2226/2481/1926
f 2227/2482/1927 2230/2485/1930 2224/2479/1924
f 2224/2479/1924 2225/2480/1925 2227/2482/1927
f 2228/2483/1928 2232/2487/1932 2233/2488/1933
f 2233/2488/1933 2234/2489/1934 2228/2483/1928
f 2234/2489/1934 2235/2490/1935 2229/2484/1929
f 2229/2484/1929 2228/2483/1928 2234/2489/1934
f 2236/2491/1936 2237/2492/1937 2238/2493/1938
f 2238/2493/1938 2239/2494/1939 2236/2491/1936
f 2240/2495/1940 2236/2491/1936 2239/2494/1939
f 2239/2494/1939 2241/2496/1941 2240/2495/1940
f 2242/2497/1942 2240/2495/1940 2241/2496/1941
f 2241/2496/1941 2243/2498/1943 2242/2497/1942
f 2244/2499/1944 2245/2500/1945 2246/2501/1946
f 2246/2501/1946 2247/2502/1947 2244/2499/1944
f 2242/2497/1942 2243/2498/1943 2246/2501/1946
f 2246/2501/1946 2245/2500/1945 2242/2497/1942
f 2244/2499/1944 2247/2502/1947 2248/2503/1948
f 2248/2503/1948 2249/2504/1949 2244/2499/1944
f 2248/2503/1948 2250/2505/1950 2251/2506/1950
f 2251/2506/1950 2249/2504/1949 2248/2503/1948
f 2252/2507/1951 2253/2508/1952 2254/2509/1953
f 2254/2509/1953 2255/2510/1954 2252/2507/1951
f 2256/2511/1955 2257/2512/1956 2254/2509/1953
f 2254/2509/1953 2253/2508/1952 2256/2511/1955
f 2256/2511/1955 2258/2513/1957 2259/2514/1958
f 2259/2514/1958 2257/2512/1956 2256/2511/1955
f 2258/2513/1957 2260/2515/1959 2261/2516/1959
f 2261/2516/1959 2259/2514/1958 2258/2513/1957
f 2262/2517/1960 2252/2507/1951 2255/2510/1954
f 2255/2510/1954 2263/2518/1961 2262/2517/1960
f 2264/2519/1962 2262/2517/1960 2263/2518/1961
f 2263/2518/1961 2265/2520/1963 2264/2519/1962
f 2266/2521/1964 2267/2522/1965 2268/2523/1966
f 2268/2523/1966 2269/2524/1967 2266/2521/1964
f 2264/2519/1962 2265/2520/1963 2268/2523/1966
f 2268/2523/1966 2267/2522/1965 2264/2519/1962
f 2270/2525/1968 2271/2526/1969 2272/2527/1970
f 2273/2528/1971 2266/2521/1964 2269/2524/1967
f 2269/2524/1967 2274/2529/1972 2273/2528/1971
f 2275/2530/1973 2271/2526/1969 2270/2525/1968
f 2270/2525/1968 2276/2531/1973 2275/2530/1973
f 2174/2423/1874 2173/2532/1873 2277/2533/1974
f 2174/2423/1874 2278/2534/1975 2175/2424/1875
f 2174/2423/1874 2277/2533/1974 2278/2534/1975
f 2279/2535/1976 2176/2425/1876 2179/2428/1879
f 2179/2428/1879 2182/2431/1882 2279/2535/1976
f 2238/2493/1938 2237/2492/1937 2280/2536/1977
f 2280/2536/1977 2281/2537/1977 2238/2493/1938
f 2104/2348/1804 2106/2350/1806 2105/2349/1805
f 2172/2419/1872 2282/2538/1978 2283/2539/1979
f 2283/2539/1979 2171/2418/1871 2172/2419/1872
f 2105/2349/1805 2284/2540/1980 2285/2541/1981
f 2286/2542/1982 2287/2543/1983 2288/2544/1984
f 2042/2277/1742 2286/2542/1982 2289/2545/1985
f 2289/2545/1985 2047/2282/1747 2042/2277/1742
f 2290/2546/1986 2291/2547/1987 2292/2548/1988
f 2293/2549/1989 2294/2550/1990 2295/2551/1991
f 2295/2551/1991 2296/2552/1992 2293/2549/1989
f 2297/2553/1993 2298/2554/1994 2025/2260/1725
f 2025/2260/1725 2024/2259/1724 2297/2553/1993
f 2298/2554/1994 2299/2555/1995 2034/2269/1734
f 2034/2269/1734 2025/2260/1725 2298/2554/1994
f 2124/2556/1824 2300/2557/1996 2301/2558/1997
f 2301/2558/1997 2121/2559/1821 2124/2556/1824
f 2121/2559/1821 2301/2558/1997 2302/2560/1998
f 2302/2560/1998 2096/2561/1796 2121/2559/1821
f 2303/2562/1999 2304/2563/2000 2094/2564/1794
f 2094/2564/1794 2302/2560/1998 2303/2562/1999
f 2096/2561/1796 2302/2560/1998 2094/2564/1794
f 2305/2565/2001 2306/2566/2002 2093/2335/1793
f 2093/2335/1793 2092/2334/1792 2305/2565/2001
f 2305/2565/2001 2307/2567/2003 2306/2566/2002
f 2093/2568/1793 2308/2569/2004 2018/2253/1718
f 2019/2254/1719 2309/2570/2005 2310/2571/2006
f 2310/2571/2006 2020/2255/1720 2019/2254/1719
f 2310/2571/2006 2196/2448/1896 2020/2255/1720
f 2311/2572/2007 2312/2573/2008 2195/2447/1895
f 2195/2447/1895 2196/2448/1896 2311/2572/2007
f 2312/2573/2008 2313/2574/2009 2198/2450/1898
f 2198/2450/1898 2191/2443/1891 2312/2573/2008
f 2314/2575/2010 2313/2574/2009 2315/2576/2011
f 2315/2576/2011 2316/2577/2012 2314/2575/2010
f 2317/2578/2013 2318/2579/2013 2319/847/2013
f 2319/847/2013 2320/2580/2013 2317/2578/2013
f 2321/2581/2014 2322/2582/2015 2323/2583/2016
f 2324/2584/2017 2325/2585/2018 2323/2583/2016
f 2323/2583/2016 2326/2586/2019 2324/2584/2017
f 2321/2581/2014 2323/2583/2016 2325/2585/2018
f 2327/2587/2020 2328/2588/2021 2329/2589/2022
f 2329/2589/2022 2330/2590/2023 2327/2587/2020
f 2330/2590/2023 2329/2589/2022 2331/2591/2024
f 2331/2591/2024 2332/2592/2025 2330/2590/2023
f 2204/2456/1904 2203/2455/1903 2328/2588/2021
f 2328/2588/2021 2327/2587/2020 2204/2456/1904
f 2204/2456/1904 2333/2593/2026 2205/2457/1905
f 2334/2594/2027 2335/2595/2028 2336/2596/2029
f 2336/2596/2029 2337/2597/2027 2334/2594/2027
f 2126/2598/1826 2338/2599/2030 2300/2557/1996
f 2300/2557/1996 2124/2556/1824 2126/2598/1826
f 2303/2562/1999 2297/2553/1993 2024/2259/1724
f 2024/2259/1724 2023/2258/1723 2303/2562/1999
f 2018/2253/1718 2308/2569/2004 2309/2570/2005
f 2309/2570/2005 2019/2254/1719 2018/2253/1718
f 2339/2600/2031 2340/2601/2032 2332/2592/2025
f 2332/2592/2025 2331/2591/2024 2339/2600/2031
f 2341/2602/2033 2342/2603/2034 2343/2604/2035
f 2343/2604/2035 2344/2605/2036 2341/2602/2033
f 2342/2603/2034 2345/2606/2037 2346/2607/2038
f 2346/2607/2038 2343/2604/2035 2342/2603/2034
f 2345/2606/2037 2347/2608/2039 2348/2609/2040
f 2348/2609/2040 2346/2607/2038 2345/2606/2037
f 2347/2608/2039 2295/2551/1991 2294/2550/1990
f 2294/2550/1990 2348/2609/2040 2347/2608/2039
f 2349/2610/2041 2350/2611/2042 2351/2612/2043
f 2351/2612/2043 2352/2613/2044 2349/2610/2041
f 2351/2612/2043 2353/2614/2045 2354/2615/2046
f 2354/2615/2046 2352/2613/2044 2351/2612/2043
f 2353/2614/2045 2355/2616/2047 2356/2617/2048
f 2356/2617/2048 2354/2615/2046 2353/2614/2045
f 2356/2617/2048 2355/2616/2047 2357/2618/2049
f 2357/2618/2049 2358/2619/2050 2356/2617/2048
f 2359/2620/2051 2360/2621/2052 2111/2622/1811
f 2111/2622/1811 2361/2623/2053 2359/2620/2051
f 2125/2371/1825 2362/2624/2054 2126/2372/1826
f 2362/2625/2054 2170/2417/1870 2169/2416/1869
f 2126/2598/1826 2362/2625/2054 2169/2416/1869
f 2169/2416/1869 2338/2599/2030 2126/2598/1826
f 2023/2258/1723 2304/2563/2000 2303/2562/1999
f 2349/2610/2041 2292/2548/1988 2350/2611/2042
f 2105/2349/1805 2360/2626/2052 2284/2540/1980
f 2104/2348/1804 2105/2349/1805 2285/2541/1981
f 2285/2541/1981 2103/2347/1803 2104/2348/1804
f 2359/2620/2051 2341/2602/2033 2344/2605/2036
f 2350/2611/2042 2292/2548/1988 2291/2547/1987
f 2282/2538/1978 2363/2627/2055 2358/2619/2050
f 2358/2619/2050 2283/2539/1979 2282/2538/1978
f 2344/2605/2036 2284/2628/1980 2360/2621/2052
f 2360/2621/2052 2359/2620/2051 2344/2605/2036
f 2357/2618/2049 2283/2539/1979 2358/2619/2050
f 2049/2284/1749 2364/2629/2056 2365/2630/2057
f 2365/2630/2057 2057/2292/1757 2049/2284/1749
f 2366/2631/2058 2367/2632/2059 2368/2633/2060
f 2368/2633/2060 2369/2634/2061 2366/2631/2058
f 2370/2635/2062 2366/2631/2058 2369/2634/2061
f 2369/2634/2061 2371/2636/2063 2370/2635/2062
f 2372/2637/2064 2370/2635/2062 2371/2636/2063
f 2371/2636/2063 2373/2638/2065 2372/2637/2064
f 2374/2639/2066 2375/2640/2067 2376/2641/2068
f 2376/2641/2068 2377/2642/2069 2374/2639/2066
f 2378/2643/2070 2379/2644/2071 2380/2645/2072
f 2380/2645/2072 2381/2646/2073 2378/2643/2070
f 2379/2644/2071 2376/2641/2068 2375/2640/2067
f 2375/2640/2067 2380/2645/2072 2379/2644/2071
f 2382/2647/2074 2383/2648/2075 2384/2649/2076
f 2384/2649/2076 2385/2650/2077 2382/2647/2074
f 2383/2648/2075 2386/2651/2078 2387/2652/2079
f 2387/2652/2079 2384/2649/2076 2383/2648/2075
f 2386/2651/2078 2388/2653/2080 2389/2654/2081
f 2389/2654/2081 2387/2652/2079 2386/2651/2078
f 2390/2655/2082 2382/2647/2074 2385/2650/2077
f 2385/2650/2077 2391/2656/2083 2390/2655/2082
f 2388/2657/2080 2378/2643/2070 2381/2646/2073
f 2381/2646/2073 2389/2658/2081 2388/2657/2080
f 2392/2659/2084 2393/2660/2085 2394/2661/2086
f 2394/2661/2086 2395/2662/2087 2392/2659/2084
f 2393/2660/2085 2396/2663/2088 2397/2664/2089
f 2397/2664/2089 2394/2661/2086 2393/2660/2085
f 2396/2663/2088 2398/2665/2090 2399/2666/2091
f 2399/2666/2091 2397/2664/2089 2396/2663/2088
f 2398/2665/2090 2400/2667/2092 2401/2668/2093
f 2401/2668/2093 2399/2666/2091 2398/2665/2090
f 2367/2632/2059 2390/2655/2082 2391/2656/2083
f 2391/2656/2083 2368/2633/2060 2367/2632/2059
f 2377/2669/2069 2392/2659/2084 2395/2662/2087
f 2395/2662/2087 2402/2670/2094 2377/2669/2069
f 2372/2671/2064 2373/2672/2065 2401/2668/2093
f 2401/2668/2093 2400/2667/2092 2372/2671/2064
f 2403/2673/2095 2404/2674/2096 2405/2675/2097
f 2405/2675/2097 2406/2676/2098 2403/2673/2095
f 2407/2677/2099 2403/2673/2095 2406/2676/2098
f 2406/2676/2098 2408/2678/2100 2407/2677/2099
f 2409/2679/2101 2410/2680/2102 2411/2681/2103
f 2411/2681/2103 2412/2682/2104 2409/2679/2101
f 2410/2680/2102 2413/2683/2105 2414/2684/2106
f 2414/2684/2106 2411/2681/2103 2410/2680/2102
f 2415/2685/2107 2409/2679/2101 2412/2682/2104
f 2412/2682/2104 2416/2686/2108 2415/2685/2107
f 2417/2687/2109 2418/2688/2110 2419/2689/2111
f 2419/2689/2111 2420/2690/2112 2417/2687/2109
f 2421/2691/2113 2422/2692/2113 2405/2675/2097
f 2405/2675/2097 2404/2674/2096 2421/2691/2113
f 2418/2688/2110 2423/2693/2114 2424/2694/2115
f 2424/2694/2115 2419/2689/2111 2418/2688/2110
f 2425/2695/2116 2426/2696/2117 2427/2697/2118
f 2427/2697/2118 2428/2698/2119 2425/2695/2116
f 2414/2684/2106 2413/2683/2105 2429/2699/2120
f 2429/2699/2120 2430/2700/2121 2414/2684/2106
f 2420/2690/2112 2430/2700/2121 2429/2699/2120
f 2429/2699/2120 2417/2687/2109 2420/2690/2112
f 2427/2697/2118 2407/2677/2099 2408/2678/2100
f 2408/2678/2100 2428/2698/2119 2427/2697/2118
f 2431/2701/2122 2432/2702/2123 2424/2694/2115
f 2424/2694/2115 2423/2693/2114 2431/2701/2122
f 2433/2703/2124 2434/2704/2125 2435/2705/2126
f 2435/2705/2126 2436/2706/2127 2433/2703/2124
f 2436/2706/2127 2437/2707/2128 2438/2708/2128
f 2438/2708/2128 2433/2703/2124 2436/2706/2127
f 2439/2709/2129 2440/2710/2129 2441/2711/2130
f 2441/2711/2130 2442/2712/2131 2439/2709/2129
f 2443/2713/2132 2444/2714/2132 2445/562/2133
f 2445/562/2133 2446/2715/2134 2443/2713/2132
f 2442/2712/2131 2441/2711/2130 2446/2716/2134
f 2446/2716/2134 2445/2717/2133 2442/2712/2131
f 2447/2718/2135 2448/2719/2136 2449/2720/2137
f 2449/2720/2137 2450/2721/2138 2447/2718/2135
f 2451/2722/2139 2452/2723/2139 2453/2724/2140
f 2453/2724/2140 2454/2725/2141 2451/2722/2139
f 2448/2719/2136 2454/2725/2141 2453/2724/2140
f 2453/2724/2140 2449/2720/2137 2448/2719/2136
f 2455/2726/2142 2456/2727/2143 2457/2728/2144
f 2457/2728/2144 2458/2729/2145 2455/2726/2142
f 2459/2730/2146 2455/2726/2142 2458/2729/2145
f 2458/2729/2145 2460/2731/2147 2459/2730/2146
f 2461/2732/2148 2462/2733/2149 2463/2734/2150
f 2463/2734/2150 2464/2735/2150 2461/2732/2148
f 2456/2727/2143 2465/2736/2151 2466/2737/2151
f 2466/2737/2151 2457/2728/2144 2456/2727/2143
f 2467/2738/2152 2447/2718/2135 2450/2721/2138
f 2450/2721/2138 2468/2739/2153 2467/2738/2152
f 2469/2740/2154 2470/2741/2155 2471/2742/2156
f 2471/2742/2156 2472/2743/2157 2469/2740/2154
f 2473/2744/2158 2469/2740/2154 2472/2743/2157
f 2472/2743/2157 2474/2745/2158 2473/2744/2158
f 2475/2746/2159 2476/2747/2159 2477/2748/2160
f 2477/2748/2160 2478/2749/2160 2475/2746/2159
f 2479/2750/2161 2480/2751/2162 2481/2752/2163
f 2481/2752/2163 2482/2753/2164 2479/2750/2161
f 2483/2754/2165 2484/561/2166 2485/2755/2166
f 2485/2756/2166 2486/2757/2167 2483/2758/2165
f 2487/2759/2168 2488/2760/2169 2471/2742/2156
f 2471/2742/2156 2470/2741/2155 2487/2759/2168
f 2489/2761/2170 2490/2762/2171 2203/2763/1903
f 2203/2763/1903 2205/2764/1905 2489/2761/2170
f 2491/2765/2172 2492/2766/2173 2493/2767/2174
f 2493/2767/2174 2494/2768/2175 2491/2765/2172
f 2495/2769/2176 2496/2770/2177 2493/2767/2174
f 2493/2767/2174 2492/2766/2173 2495/2769/2176
f 2497/2771/2178 2498/2772/2178 2499/576/2178
f 2494/2768/2175 2500/2773/2179 2491/2765/2172
f 2474/2745/2158 2501/2774/2180 2502/2775/2180
f 2502/2775/2180 2473/2744/2158 2474/2745/2158
f 2503/2776/2181 2483/583/2165 2486/2777/2167
f 2504/2778/2182 2505/488/2182 2506/2779/2182
f 2507/2780/2183 2508/2781/2184 2322/2782/2015
f 2322/2582/2015 2321/2581/2014 2507/2783/2183
f 2509/2784/2185 2510/2785/2186 2325/2786/2018
f 2325/2786/2018 2324/2787/2017 2509/2784/2185
f 2321/2788/2014 2325/2786/2018 2510/2785/2186
f 2510/2789/2186 2511/2790/2187 2321/2791/2014
f 2512/2792/2188 2513/2793/2189 2329/2794/2022
f 2329/2794/2022 2328/2795/2021 2512/2792/2188
f 2513/2793/2189 2514/2796/2190 2331/2797/2024
f 2331/2797/2024 2329/2794/2022 2513/2793/2189
f 2490/2762/2171 2512/2792/2188 2328/2795/2021
f 2328/2795/2021 2203/2763/1903 2490/2762/2171
f 2515/2798/2191 2516/600/2192 2205/2799/1905
f 2205/2800/1905 2333/2801/2026 2515/2802/2191
f 2517/2803/2193 2518/835/2193 2519/2804/2193
f 2520/2805/2194 2339/2806/2031 2331/2797/2024
f 2331/2797/2024 2514/2796/2190 2520/2805/2194
f 2521/2807/2195 2522/2808/2196 2523/2809/2197
f 2523/2809/2197 2524/2810/2195 2521/2807/2195
f 2525/2811/2198 2526/2812/2199 2527/2813/2200
f 2527/2813/2200 2528/2814/2201 2525/2811/2198
f 2522/2808/2196 2529/2815/2202 2530/2816/2203
f 2530/2816/2203 2523/2809/2197 2522/2808/2196
f 2526/2812/2199 2521/2807/2195 2524/2810/2195
f 2524/2810/2195 2527/2813/2200 2526/2812/2199
f 2531/2817/2204 2525/2811/2198 2528/2814/2201
f 2528/2814/2201 2532/2818/2204 2531/2817/2204
f 2533/2819/2205 2534/2820/2206 2535/2821/2206
f 2535/2821/2206 2536/2822/2207 2533/2819/2205
f 2534/2820/2206 2537/2823/2208 2538/2824/2208
f 2538/2824/2208 2535/2821/2206 2534/2820/2206
f 2539/2825/2209 2540/2826/2210 2541/2827/2210
f 2541/2827/2210 2542/2828/2211 2539/2825/2209
f 2540/2826/2210 2543/2829/2212 2544/2830/2212
f 2544/2830/2212 2541/2827/2210 2540/2826/2210
f 2537/2823/2208 2539/2825/2209 2542/2828/2211
f 2542/2828/2211 2538/2824/2208 2537/2823/2208
f 2545/2831/2213 2530/2816/2203 2529/2815/2202
f 2529/2815/2202 2546/2832/2214 2545/2831/2213
f 2547/2833/2215 2548/2834/2216 2549/2835/2217
f 2549/2835/2217 2550/2836/2218 2547/2833/2215
f 2551/2837/2219 2547/2833/2215 2550/2836/2218
f 2550/2836/2218 2552/2838/2220 2551/2837/2219
f 2553/2839/2221 2551/2837/2219 2552/2838/2220
f 2552/2838/2220 2554/2840/2222 2553/2839/2221
f 2546/2832/2214 2553/2839/2221 2554/2840/2222
f 2554/2840/2222 2545/2831/2213 2546/2832/2214
f 2555/2841/2223 2556/2842/2224 2557/2843/2225
f 2557/2843/2225 2558/2844/2226 2555/2841/2223
f 2559/2845/2227 2555/2841/2223 2558/2844/2226
f 2558/2844/2226 2560/2846/2228 2559/2845/2227
f 2561/2847/2229 2559/2845/2227 2560/2846/2228
f 2560/2846/2228 2562/2848/2230 2561/2847/2229
f 2563/2849/2231 2561/2847/2229 2562/2848/2230
f 2562/2848/2230 2564/2850/2232 2563/2849/2231
f 2557/2843/2225 2556/2842/2224 2533/2819/2205
f 2533/2819/2205 2536/2822/2207 2557/2843/2225
f 2565/2851/2233 2563/2849/2231 2564/2850/2232
f 2564/2850/2232 2566/2852/2234 2565/2851/2233
f 2548/2834/2216 2567/2853/2235 2568/2854/2236
f 2568/2854/2236 2549/2835/2217 2548/2834/2216
f 2569/2855/2237 2570/2856/2238 2571/2857/2239
f 2571/2857/2239 2572/2858/2240 2569/2855/2237
f 2573/2859/2241 2569/2855/2237 2572/2858/2240
f 2572/2858/2240 2574/2860/2242 2573/2859/2241
f 2575/2861/2243 2576/2862/2244 2577/2863/2245
f 2577/2863/2245 2578/2864/2246 2575/2861/2243
f 2576/2862/2244 2415/2865/2107 2416/2866/2108
f 2416/2866/2108 2577/2863/2245 2576/2862/2244
f 2574/2860/2242 2579/2867/2247 2580/2868/2248
f 2580/2868/2248 2573/2859/2241 2574/2860/2242
f 2581/2869/2249 2580/2868/2248 2579/2867/2247
f 2579/2867/2247 2582/2870/2250 2581/2869/2249
f 2583/2871/2251 2581/2869/2249 2582/2870/2250
f 2582/2870/2250 2584/2872/2252 2583/2871/2251
f 2585/2873/2253 2575/2861/2243 2578/2864/2246
f 2578/2864/2246 2586/2874/2254 2585/2873/2253
f 2587/2875/2255 2588/2876/2256 2589/2877/2257
f 2589/2877/2257 2590/2878/2258 2587/2875/2255
f 2590/2878/2258 2591/2879/2259 2592/2880/2260
f 2592/2880/2260 2587/2875/2255 2590/2878/2258
f 2589/2877/2257 2588/2876/2256 2593/2881/2261
f 2593/2881/2261 2594/2882/2262 2589/2877/2257
f 2595/2883/2263 2596/2884/2264 2597/2885/2265
f 2597/2885/2265 2598/2886/2266 2595/2883/2263
f 2599/2887/2267 2597/2885/2265 2596/2884/2264
f 2596/2884/2264 2600/2888/2268 2599/2887/2267
f 2600/2888/2268 2601/2889/2269 2602/2890/2270
f 2602/2890/2270 2599/2887/2267 2600/2888/2268
f 2601/2889/2269 2603/2891/2271 2604/2892/2272
f 2604/2892/2272 2602/2890/2270 2601/2889/2269
f 2603/2891/2271 2605/2893/2273 2606/2894/2273
f 2606/2894/2273 2604/2892/2272 2603/2891/2271
f 2593/2881/2261 2595/2883/2263 2598/2886/2266
f 2598/2886/2266 2594/2882/2262 2593/2881/2261
f 2570/2856/2238 2585/2873/2253 2586/2874/2254
f 2586/2874/2254 2571/2857/2239 2570/2856/2238
f 2607/2895/2274 2608/2896/2275 2609/2897/2276
f 2609/2897/2276 2610/2898/2277 2607/2895/2274
f 2609/2897/2276 2608/2896/2275 2288/2544/1984
f 2288/2544/1984 2287/2543/1983 2609/2897/2276
f 2610/2898/2277 2290/2546/1986 2292/2548/1988
f 2292/2548/1988 2607/2895/2274 2610/2898/2277
f 2611/2899/2278 2612/2900/2279 2036/2271/1736
f 2613/2901/2280 2034/2269/1734 2299/2555/1995
f 2299/2555/1995 2614/2902/2281 2613/2901/2280
f 2615/2903/2282 2034/2269/1734 2613/2901/2280
f 2613/2901/2280 2616/2904/2283 2615/2903/2282
f 2617/2905/2284 2618/2906/2285 2610/2898/2277
f 2610/2898/2277 2609/2897/2276 2617/2905/2284
f 2619/2907/2286 2620/2908/2287 2609/2897/2276
f 2609/2897/2276 2287/2543/1983 2619/2907/2286
f 2286/2542/1982 2042/2277/1742 2037/2272/1737
f 2037/2272/1737 2287/2543/1983 2286/2542/1982
f 2037/2272/1737 2621/2909/2288 2619/2907/2286
f 2619/2907/2286 2287/2543/1983 2037/2272/1737
f 2036/2271/1736 2612/2900/2279 2621/2909/2288
f 2621/2909/2288 2037/2272/1737 2036/2271/1736
f 2617/2905/2284 2609/2897/2276 2620/2908/2287
f 2610/2898/2277 2618/2906/2285 2622/2910/2289
f 2623/2911/2290 2035/2270/1735 2624/2912/2291
f 2611/2899/2278 2036/2271/1736 2035/2270/1735
f 2035/2270/1735 2623/2911/2290 2611/2899/2278
f 2613/2901/2280 2290/2546/1986 2622/2910/2289
f 2622/2910/2289 2616/2904/2283 2613/2901/2280
f 2614/2902/2281 2291/2547/1987 2290/2546/1986
f 2290/2546/1986 2613/2901/2280 2614/2902/2281
f 2374/2639/2066 2377/2642/2069 2402/2913/2094
f 2034/2269/1734 2624/2912/2291 2035/2270/1735
f 2034/2269/1734 2615/2903/2282 2624/2912/2291
f 2622/2910/2289 2290/2546/1986 2610/2898/2277
f 2625/2914/2292 2626/2915/2293 2627/2916/2294
f 2627/2916/2294 2626/2915/2293 2628/2917/2295
f 2628/2917/2295 2626/2915/2293 2629/2918/2296
f 2629/2918/2296 2626/2915/2293 2630/2919/2297
f 2630/2919/2297 2626/2915/2293 2631/2920/2298
f 2631/2920/2298 2626/2915/2293 2632/2921/2299
f 2632/2921/2299 2626/2915/2293 2633/2922/2300
f 2633/2922/2300 2626/2915/2293 2634/2923/2301
f 2634/2924/2301 2626/2925/2293 2635/2926/2302
f 2635/2926/2302 2626/2925/2293 2636/2927/2303
f 2636/2927/2303 2626/2925/2293 2637/2928/2304
f 2637/2929/2304 2626/2915/2293 2625/2914/2292
f 2638/2930/2305 2041/2276/1741 2049/2284/1749
f 2049/2284/1749 2057/2292/1757 2638/2930/2305
f 2051/2286/1751 2038/2273/1738 2041/2276/1741
f 2041/2276/1741 2638/2930/2305 2051/2286/1751
f 2206/2931/1906 2212/2932/1912 2223/2478/1923
f 2223/2478/1923 2207/2475/1907 2206/2931/1906
f 2057/2292/1757 2056/2291/1756 2638/2930/2305
f 2223/2478/1923 2212/2932/1912 2638/2930/2305
f 2638/2930/2305 2056/2291/1756 2223/2478/1923
f 2211/2933/1911 2050/2285/1750 2051/2286/1751
f 2051/2286/1751 2212/2932/1912 2211/2933/1911
f 2216/2472/1916 2055/2290/1755 2050/2285/1750
f 2050/2285/1750 2211/2933/1911 2216/2472/1916
f 2216/2468/1916 2214/2466/1914 2218/2470/1918
f 2218/2470/1918 2219/2934/1919 2216/2468/1916
f 2495/2769/2176 2479/2750/2161 2482/2753/2164
f 2482/2753/2164 2496/2770/2177 2495/2769/2176
f 2511/2935/2187 2507/2782/2183 2321/2936/2014
f 2212/2932/1912 2051/2286/1751 2638/2930/2305
f 2221/2476/1921 2207/2475/1907 2223/2478/1923
f 2223/2478/1923 2222/2477/1922 2221/2476/1921
f 2225/2480/1925 2221/2476/1921 2222/2477/1922
f 2222/2477/1922 2226/2481/1926 2225/2480/1925
f 2069/2304/1769 2071/2306/1771 2232/2487/1932
f 2232/2487/1932 2231/2486/1931 2069/2304/1769
f 2063/2298/1763 2069/2304/1769 2231/2486/1931
f 2231/2486/1931 2226/2481/1926 2063/2298/1763
f 2071/2306/1771 2075/2310/1775 2233/2488/1933
f 2233/2488/1933 2232/2487/1932 2071/2306/1771
f 2062/2297/1762 2066/2301/1766 2063/2298/1763
f 2006/2238/1706 2178/2427/1878 2177/2426/1877
f 2177/2426/1877 2003/2235/1703 2006/2238/1706
f 2178/2427/1878 2006/2238/1706 2008/2937/1708
f 2008/2937/1708 2183/2432/1883 2178/2427/1878
f 2186/2438/1886 2185/2436/1885 2180/2435/1880
f 2180/2435/1880 2183/2437/1883 2186/2438/1886
f 2188/2440/1888 2185/2436/1885 2186/2438/1886
f 2186/2438/1886 2189/2441/1889 2188/2440/1888
f 2190/2442/1890 2188/2440/1888 2189/2441/1889
f 2189/2441/1889 2195/2447/1895 2190/2442/1890
f 2191/2443/1891 2190/2442/1890 2195/2447/1895
f 2195/2447/1895 2312/2573/2008 2191/2443/1891
f 2312/2573/2008 2311/2572/2007 2315/2576/2011
f 2315/2576/2011 2313/2574/2009 2312/2573/2008
f 2200/2452/1900 2198/2450/1898 2313/2574/2009
f 2313/2574/2009 2314/2575/2010 2200/2452/1900
f 2639/2938/2306 2640/752/2306 2641/751/2306
f 2641/751/2306 2642/2939/2306 2639/2938/2306
f 2489/2761/2170 2205/2764/1905 2516/2940/2192
f 2643/2941/2307 2644/2942/2308 2645/2943/2309
f 2645/2943/2309 2646/2944/2310 2643/2941/2307
f 2647/2945/2311 2648/2946/2312 2644/2942/2308
f 2644/2942/2308 2643/2941/2307 2647/2945/2311
f 2649/2947/2313 2650/2948/2314 2648/2946/2312
f 2648/2946/2312 2647/2945/2311 2649/2947/2313
f 2651/2949/2315 2652/2950/2316 2650/2951/2314
f 2650/2951/2314 2649/2952/2313 2651/2949/2315
f 2653/2953/2317 2654/2954/2317 2652/2950/2316
f 2652/2950/2316 2651/2949/2315 2653/2953/2317
f 2655/2955/2318 2656/2956/2319 2657/2957/2319
f 2657/2957/2319 2658/2958/2320 2655/2955/2318
f 2659/2959/2321 2660/2960/2322 2661/2961/2323
f 2661/2961/2323 2662/2962/2324 2659/2959/2321
f 2663/2963/2325 2664/2964/2326 2661/2965/2323
f 2661/2965/2323 2660/2966/2322 2663/2963/2325
f 2665/2967/2327 2666/2968/2328 2655/2969/2318
f 2655/2969/2318 2658/2970/2320 2665/2967/2327
f 2667/2971/2329 2666/2968/2328 2665/2967/2327
f 2665/2967/2327 2668/2972/2330 2667/2971/2329
f 2669/2973/2331 2670/2974/2332 2671/2975/2333
f 2671/2975/2333 2672/2976/2334 2669/2973/2331
f 2662/2962/2324 2669/2973/2331 2672/2976/2334
f 2672/2976/2334 2659/2959/2321 2662/2962/2324
f 2673/2977/2335 2667/2971/2329 2668/2972/2330
f 2668/2972/2330 2674/2978/2336 2673/2977/2335
f 2670/2974/2332 2675/2979/2337 2676/2980/2338
f 2676/2980/2338 2671/2975/2333 2670/2974/2332
f 2677/2981/2339 2673/2977/2335 2674/2978/2336
f 2674/2978/2336 2678/2982/2340 2677/2981/2339
f 2675/2979/2337 2679/2983/2341 2680/2984/2341
f 2680/2984/2341 2676/2980/2338 2675/2979/2337
f 2681/2985/2342 2677/2981/2339 2678/2982/2340
f 2678/2982/2340 2682/2986/2343 2681/2985/2342
f 2683/2987/2344 2684/2988/2345 2685/2989/2345
f 2685/2989/2345 2686/2990/2346 2683/2987/2344
f 696/2991/663 2683/2987/2344 2686/2990/2346
f 2686/2990/2346 697/2992/664 696/2991/663
f 2687/2993/2347 2664/2964/2326 2663/2963/2325
f 2663/2963/2325 2688/2994/2347 2687/2993/2347
f 2689/2995/2348 2681/2985/2342 2682/2986/2343
f 2682/2986/2343 2690/2996/2349 2689/2995/2348
f 2691/2997/2350 2692/2998/2350 2689/2995/2348
f 2689/2995/2348 2690/2996/2349 2691/2997/2350
f 2693/2999/2351 2694/3000/2352 2695/3001/2351
f 2695/3001/2351 2696/3002/2351 2693/2999/2351
f 708/816/671 2697/3003/2353 2698/3004/2354
f 2698/3004/2354 709/817/672 708/816/671
f 2699/3005/2355 2700/3006/2356 2698/3007/2354
f 2698/3007/2354 2697/3008/2353 2699/3005/2355
f 2701/3009/2357 2700/3010/2356 2699/3011/2355
f 2702/599/2358 2703/3012/2359 2704/3013/2359
f 2704/3013/2359 2705/3014/2360 2702/599/2358
f 2706/3015/2361 2707/3016/2362 2708/3017/2363
f 2708/3017/2363 2709/3018/2364 2706/3015/2361
f 2710/3019/2365 2706/3015/2361 2709/3018/2364
f 2709/3018/2364 2711/3020/2365 2710/3019/2365
f 2712/3021/2366 2713/1693/2366 2714/3022/2366
f 2707/3016/2362 2702/3023/2358 2705/3024/2360
f 2705/3024/2360 2708/3017/2363 2707/3016/2362
f 2715/3025/2367 2716/3026/2368 2336/2596/2029
f 2336/2596/2029 2335/2595/2028 2715/3025/2367
f 2717/3027/2369 2718/3028/2370 2716/3026/2368
f 2716/3026/2368 2715/3025/2367 2717/3027/2369
f 2717/3027/2369 2719/3029/2371 2718/3028/2370
f 2720/3030/2372 2721/3031/2373 2718/3028/2370
f 2718/3028/2370 2719/3029/2371 2720/3030/2372
f 2722/3032/2374 2723/3033/2375 2724/3034/2376
f 2723/3033/2375 2725/3035/2377 2726/3036/2378
f 2726/3036/2378 2724/3034/2376 2723/3033/2375
f 2272/2527/1970 2273/2528/1971 2274/2529/1972
f 2274/2529/1972 2270/2525/1968 2272/2527/1970
f 2113/2357/1813 2068/2303/1768 2067/2302/1767
f 2727/3037/2379 2728/3038/2380 2729/3039/2381
f 2730/3040/2382 2731/3041/2382 2729/3039/2381
f 2729/3039/2381 2728/3038/2380 2730/3040/2382
f 2064/2299/1764 2067/2302/1767 2066/2301/1766
f 2066/2301/1766 2062/2297/1762 2064/2299/1764
f 2732/3042/2383 2733/3043/2384 2734/3044/2385
f 2734/3044/2385 2735/3045/2386 2732/3042/2383
f 2736/3046/2387 2737/3047/2388 2738/3048/2389
f 2739/3049/2390 2740/3050/2391 2741/3051/2392
f 2741/3051/2392 2742/3052/2393 2739/3049/2390
f 2743/3053/2394 2744/3054/2395 2745/3055/2396
f 2746/3056/2397 2747/3057/2398 2748/3058/2399
f 2748/3058/2399 2749/1176/2400 2746/3056/2397
f 2733/3043/2384 2750/3059/2401 2751/3060/2402
f 2751/3060/2402 2734/3044/2385 2733/3043/2384
f 2738/3048/2389 2752/3061/2403 2753/3062/2404
f 2753/3062/2404 2754/3063/2405 2738/3048/2389
f 2745/3055/2396 2755/3064/2406 2756/3065/2407
f 2756/3065/2407 2757/3066/2408 2745/3055/2396
f 2751/3060/2402 2750/3059/2401 2741/3067/2392
f 2741/3067/2392 2740/3068/2391 2751/3060/2402
f 2732/3069/2383 2735/3070/2386 2748/3071/2399
f 2748/3071/2399 2747/3072/2398 2732/3069/2383
f 2735/3045/2386 2734/3044/2385 2752/3073/2403
f 2752/3073/2403 2758/3074/2409 2735/3045/2386
f 2750/3075/2401 2733/3076/2384 2755/3064/2406
f 2755/3064/2406 2759/3077/2410 2750/3075/2401
f 2760/3078/2411 2754/3063/2405 2740/3079/2391
f 2740/3079/2391 2739/3080/2390 2760/3078/2411
f 2737/3047/2388 2736/3046/2387 2749/3081/2400
f 2749/3081/2400 2748/3082/2399 2737/3047/2388
f 2742/3052/2393 2741/3051/2392 2744/3083/2395
f 2744/3083/2395 2743/3084/2394 2742/3052/2393
f 2761/3085/2412 2757/3066/2408 2747/3086/2398
f 2747/3086/2398 2746/3087/2397 2761/3085/2412
f 2734/3044/2385 2751/3060/2402 2753/3088/2404
f 2753/3088/2404 2752/3073/2403 2734/3044/2385
f 2733/3076/2384 2732/3089/2383 2756/3065/2407
f 2756/3065/2407 2755/3064/2406 2733/3076/2384
f 2748/3082/2399 2735/3090/2386 2758/3091/2409
f 2758/3091/2409 2737/3047/2388 2748/3082/2399
f 2751/3060/2402 2740/3068/2391 2754/3092/2405
f 2754/3092/2405 2753/3088/2404 2751/3060/2402
f 2732/3089/2383 2747/3086/2398 2757/3066/2408
f 2757/3066/2408 2756/3065/2407 2732/3089/2383
f 2741/3093/2392 2750/3075/2401 2759/3077/2410
f 2759/3077/2410 2744/3054/2395 2741/3093/2392
f 2737/3047/2388 2758/3091/2409 2752/3061/2403
f 2752/3061/2403 2738/3048/2389 2737/3047/2388
f 2745/3055/2396 2757/3066/2408 2761/3085/2412
f 2744/3054/2395 2759/3077/2410 2755/3064/2406
f 2755/3064/2406 2745/3055/2396 2744/3054/2395
f 2738/3048/2389 2754/3063/2405 2760/3078/2411
f 2762/3094/2413 2763/3095/2413 2764/3096/2413
f 2764/3096/2413 2765/3097/2413 2762/3094/2413
f 2766/3098/2414 2767/3099/2415 2768/3100/2416
f 2768/3100/2416 2769/3101/2417 2766/3098/2414
f 2769/3101/2417 2768/3100/2416 2770/3102/2418
f 2770/3102/2418 2771/3103/2419 2769/3101/2417
f 2772/3104/2420 2773/3105/2420 2774/3106/2421
f 2774/3106/2421 2775/3107/2422 2772/3104/2420
f 2775/3107/2422 2774/3106/2421 2776/3108/2423
f 2776/3108/2423 2777/3109/2424 2775/3107/2422
f 2778/3110/2425 2779/3111/2426 2780/3112/2427
f 2780/3112/2427 2781/3113/2428 2778/3110/2425
f 2782/3114/2429 2783/3115/2430 2784/3116/2431
f 2784/3116/2431 2785/3117/2432 2782/3114/2429
f 2786/3118/2433 2787/3119/2433 2788/3120/2433
f 2788/3120/2433 2789/3121/2433 2786/3118/2433
f 2790/3122/2434 2791/3123/2434 2792/3124/2434
f 2792/3124/2434 2793/3125/2434 2790/3122/2434
f 2794/3126/2435 2795/3127/2436 2796/3128/2437
f 2797/3129/2438 2794/3126/2435 2796/3128/2437
f 2798/3130/2439 2799/3131/2440 2800/3132/2441
f 2800/3132/2441 2801/3133/2442 2798/3130/2439
f 2802/3134/2443 2803/3135/2444 2804/755/2445
f 2804/755/2445 2805/3136/2446 2802/3134/2443
f 2778/3110/2425 2798/3130/2439 2801/3133/2442
f 2801/3133/2442 2779/3111/2426 2778/3110/2425
f 2784/3116/2431 2802/3134/2443 2805/3136/2446
f 2805/3136/2446 2785/3117/2432 2784/3116/2431
f 2806/3137/2447 2807/3138/2447 2808/3139/2447
f 2809/2093/2448 2810/3140/2448 2811/3141/2448
f 2812/3142/2449 2813/3143/2450 2814/3144/2451
f 2814/3144/2451 2815/3145/2449 2812/3142/2449
f 2816/3146/2452 2817/3147/2453 2818/3148/2454
f 2818/3148/2454 2819/3149/2455 2816/3146/2452
f 2820/3150/2456 2821/3151/2457 2822/3152/2458
f 2821/3151/2457 2823/3153/2459 2822/3152/2458
f 2824/3154/2460 2825/3155/2461 2826/3156/2461
f 2826/3156/2461 2827/3157/2462 2824/3154/2460
f 2828/3158/2463 844/3159/783 843/3160/782
f 843/3160/782 2829/3161/2464 2828/3158/2463
f 2829/3161/2464 2830/3162/2465 2831/3163/2466
f 2831/3163/2466 2828/3158/2463 2829/3161/2464
f 2831/3163/2466 2830/3162/2465 2824/3154/2460
f 2824/3154/2460 2827/3157/2462 2831/3163/2466
f 2832/1279/2467 2833/3164/2468 2834/3165/2469
f 2834/3165/2469 2835/3166/2470 2832/1279/2467
f 2836/3167/2471 2837/3168/2472 853/989/791
f 853/989/791 852/988/791 2836/3167/2471
f 2838/3169/2473 2837/3168/2472 2836/3167/2471
f 2836/3167/2471 2839/3170/2474 2838/3169/2473
f 2835/3166/2470 2834/3165/2469 2840/3171/2475
f 2840/3171/2475 2839/3170/2474 2835/3166/2470
f 2839/3170/2474 2840/3171/2475 2838/3169/2473
f 2841/3172/2476 2842/3173/2477 2843/3174/2478
f 2841/3172/2476 2844/3175/2479 2842/3173/2477
f 2833/3164/2468 2845/3176/2480 2834/3165/2469
f 863/1005/801 2162/2409/1862 2143/2389/1843
f 2143/2389/1843 150/167/150 863/1005/801
f 2846/3177/2481 2847/3178/2482 2848/3179/2483
f 2848/3179/2483 2849/3180/2484 2846/3177/2481
f 2850/3181/2485 2849/3180/2484 2848/3179/2483
f 2848/3179/2483 2851/3182/2486 2850/3181/2485
f 2852/3183/2487 2848/3179/2483 2853/3184/2488
f 2853/3184/2488 2854/3185/2489 2852/3183/2487
f 2852/3183/2487 2855/3186/2490 2851/3182/2486
f 2851/3182/2486 2848/3179/2483 2852/3183/2487
f 2856/3187/2491 2857/3188/2492 2846/3177/2481
f 2858/3189/2493 2859/3190/2494 2860/3191/2495
f 2860/3191/2495 2861/3192/2496 2858/3189/2493
f 2862/3193/2497 883/1025/820 882/1024/820
f 882/1024/820 2863/3194/2498 2862/3193/2497
f 2862/3193/2497 2863/3194/2498 2864/3195/2499
f 2864/3195/2499 2865/3196/2500 2862/3193/2497
f 2866/3197/2501 2867/3198/2502 2868/3199/2503
f 2868/3199/2503 2869/3200/2504 2866/3197/2501
f 2870/3201/2505 2850/3181/2485 2851/3182/2486
f 2851/3202/2486 2871/3203/2506 2870/3204/2505
f 2872/3205/2507 2873/3206/2508 2874/3207/2509
f 2870/3204/2505 2875/3208/2510 2876/3209/2511
f 2876/3209/2511 2877/3210/2512 2870/3204/2505
f 2878/3211/2513 2879/3212/2514 2880/3213/2515
f 2880/3213/2515 2881/3214/2516 2878/3211/2513
f 2873/3206/2508 2882/3215/2517 2883/3216/2518
f 2883/3216/2518 2884/3217/2519 2873/3206/2508
f 2882/3215/2517 2860/3191/2495 2859/3190/2494
f 2859/3190/2494 2883/3216/2518 2882/3215/2517
f 2885/3218/2520 2886/3219/2521 2887/3220/2522
f 2884/3217/2519 2874/3207/2509 2873/3206/2508
f 2888/3221/2523 2889/3222/2524 2890/3223/2525
f 2891/3224/2526 2892/3225/2527 2893/3226/2528
f 2893/3226/2528 2894/3227/2529 2891/3224/2526
f 2895/3228/2530 918/1062/854 917/1061/854
f 917/1061/854 2896/3229/2531 2895/3228/2530
f 2897/3230/2532 2895/3228/2530 2896/3229/2531
f 2896/3229/2531 2898/3231/2533 2897/3230/2532
f 2897/3230/2532 2898/3231/2533 2899/3232/2534
f 2899/3232/2534 2900/3233/2534 2897/3230/2532
f 2871/3203/2506 2851/3202/2486 2855/3234/2490
f 2855/1568/2490 2881/908/2516 2871/3235/2506
f 2901/3236/2535 2871/3203/2506 2881/3214/2516
f 2881/3214/2516 2880/3213/2515 2901/3236/2535
f 2872/3205/2507 2902/3237/2536 2903/3238/2537
f 2894/3227/2529 2893/3226/2528 2886/3219/2521
f 2886/3219/2521 2885/3218/2520 2894/3227/2529
f 2904/3239/2538 2905/3240/2539 2906/3241/2540
f 2907/3242/2541 2908/3243/2542 2909/3244/2543
f 2877/3245/2512 2908/3243/2542 2907/3242/2541
f 2907/3246/2541 2910/3247/2544 2877/3210/2512
f 2909/3244/2543 2908/3243/2542 2869/3200/2504
f 2869/3200/2504 2868/3199/2503 2909/3244/2543
f 2911/3248/2545 935/1079/870 934/1078/869
f 2867/3249/2502 2866/3250/2501 935/1079/870
f 935/1079/870 2911/3248/2545 2867/3249/2502
f 2870/3204/2505 2877/3210/2512 2910/3247/2544
f 2871/3203/2506 2901/3236/2535 2875/3208/2510
f 2875/3208/2510 2870/3204/2505 2871/3203/2506
f 2912/3251/2546 2913/3252/2547 2914/3253/2548
f 2915/3254/2549 2916/3255/2550 2917/3256/2551
f 2917/3256/2551 2918/3257/2552 2915/3254/2549
f 2912/3251/2546 2915/3254/2549 2918/3257/2552
f 2918/3257/2552 2913/3252/2547 2912/3251/2546
f 2916/3255/2550 2919/3258/2553 2920/3259/2554
f 2920/3259/2554 2917/3256/2551 2916/3255/2550
f 2921/3260/2555 948/1095/882 947/1094/882
f 947/1094/882 2922/3261/2556 2921/3260/2555
f 2923/3262/2557 2921/3260/2555 2922/3261/2556
f 2922/3261/2556 2924/3263/2558 2923/3262/2557
f 2919/3258/2553 2925/3264/2559 2920/3259/2554
f 2926/3265/2560 2927/3266/2561 2928/3267/2562
f 2928/3267/2562 2927/3266/2561 2929/3268/2563
f 2929/3268/2563 2905/3240/2539 2928/3267/2562
f 956/3269/890 959/3270/893 2930/3271/2564
f 2930/3271/2564 2931/3272/2565 956/3269/890
f 2932/3273/2566 2905/3240/2539 2929/3268/2563
f 2929/3268/2563 2933/3274/2567 2932/3273/2566
f 2931/3272/2565 2930/3271/2564 2932/3273/2566
f 2932/3273/2566 2933/3274/2567 2931/3272/2565
f 2934/3275/2568 2854/3185/2489 2853/3184/2488
f 2853/3184/2488 2935/3276/2569 2934/3275/2568
f 2904/3239/2538 2936/3277/2570 2937/3278/2571
f 2937/3278/2571 2905/3240/2539 2904/3239/2538
f 2938/3279/2572 2857/3188/2492 2856/3187/2491
f 2939/3280/2573 2940/3281/2574 2941/3282/2574
f 2941/3282/2574 2942/3283/2575 2939/3280/2573
f 2925/3264/2559 2919/3258/2553 2923/3284/2557
f 2923/3262/2557 2943/3285/2576 2925/3286/2559
f 2944/3287/2577 2905/3240/2539 2937/3278/2571
f 2937/3278/2571 2945/3288/2578 2944/3287/2577
f 2935/3276/2569 2853/3184/2488 2946/3289/2579
f 2853/3184/2488 2848/3179/2483 2847/3178/2482
f 2947/3290/2580 2935/3276/2569 2946/3289/2579
f 2946/3289/2579 2853/3184/2488 2847/3178/2482
f 2847/3178/2482 2948/3291/2581 2946/3289/2579
f 2847/3178/2482 2846/3177/2481 2857/3188/2492
f 2857/3188/2492 2948/3291/2581 2847/3178/2482
f 2940/3281/2574 2938/3279/2572 2856/3187/2491
f 2856/3187/2491 2941/3282/2574 2940/3281/2574
f 2949/3292/2582 2939/3280/2573 2942/3283/2575
f 2942/3283/2575 2926/3265/2560 2949/3292/2582
f 2943/3285/2576 2923/3262/2557 2924/3263/2558
f 2949/3292/2582 2926/3265/2560 2928/3267/2562
f 2928/3267/2562 2950/3293/2583 2949/3292/2582
f 2905/3240/2539 2944/3287/2577 2951/3294/2584
f 2947/3290/2580 2945/3288/2578 2937/3278/2571
f 2937/3278/2571 2935/3276/2569 2947/3290/2580
f 2935/3276/2569 2937/3278/2571 2936/3277/2570
f 2936/3277/2570 2934/3275/2568 2935/3276/2569
f 2887/3220/2522 2886/3219/2521 2858/3189/2493
f 2858/3189/2493 2861/3192/2496 2887/3220/2522
f 2905/3240/2539 2951/3294/2584 2950/3293/2583
f 2950/3293/2583 2928/3267/2562 2905/3240/2539
f 2932/3273/2566 2930/3271/2564 2952/3295/2585
f 2952/3295/2585 2906/3241/2540 2932/3273/2566
f 2930/3271/2564 959/3270/893 981/3296/914
f 981/3296/914 2952/3295/2585 2930/3271/2564
f 2953/3297/2586 2954/3298/2587 2955/3299/2588
f 2955/3299/2588 2956/3300/2589 2953/3297/2586
f 2957/3301/2590 2958/3302/2591 2959/3303/2592
f 2959/3303/2592 2960/3304/2593 2957/3301/2590
f 2961/3305/2594 2962/3306/2595 2963/3307/2596
f 2963/3307/2596 2964/3308/2597 2961/3305/2594
f 2965/3309/2598 2966/3310/2599 2967/3311/2600
f 2967/3311/2600 2968/3312/2601 2965/3309/2598
f 2969/3313/2602 2970/3314/2603 2954/3298/2587
f 2954/3298/2587 2953/3297/2586 2969/3313/2602
f 2971/3315/2604 2972/3316/2605 2973/3317/2606
f 2973/3317/2606 2974/3318/2607 2971/3315/2604
f 2968/3312/2601 2967/3311/2600 2958/3302/2591
f 2958/3302/2591 2957/3301/2590 2968/3312/2601
f 2956/3300/2589 2955/3299/2588 2975/3319/2608
f 2975/3319/2608 2976/3320/2609 2956/3300/2589
f 2976/3321/2609 2975/3322/2608 2962/2033/2595
f 2962/2033/2595 2961/3323/2594 2976/3321/2609
f 2960/3304/2593 2959/3303/2592 2970/3324/2603
f 2970/3314/2603 2969/3313/2602 2960/3325/2593
f 2964/3308/2597 2963/3307/2596 2972/3326/2605
f 2972/3326/2605 2971/3327/2604 2964/3308/2597
f 2974/3318/2607 2973/3317/2606 2966/3328/2599
f 2966/3328/2599 2965/3329/2598 2974/3318/2607
f 1006/1162/939 1009/1165/939 2977/3330/2610
f 2977/3330/2610 2978/3331/2611 1006/1162/939
f 2978/3331/2611 2977/3330/2610 2979/3332/2612
f 2979/3332/2612 2980/3333/2612 2978/3331/2611
f 2981/3334/2613 2982/3335/2614 2983/3336/2615
f 2983/3336/2615 2984/3337/2616 2981/3334/2613
f 2984/3337/2616 2983/3336/2615 2985/3338/2617
f 2986/3339/2618 2987/3340/2619 1019/1179/950
f 1019/1179/950 1018/1178/949 2986/3339/2618
f 2988/3341/2620 2989/3342/2620 2990/3343/2621
f 2990/3343/2621 2991/3344/2621 2988/3341/2620
f 2991/3344/2621 2990/3343/2621 2987/3340/2619
f 2987/3340/2619 2986/3339/2618 2991/3344/2621
f 2992/3345/2622 2993/3346/2623 2994/3347/2624
f 2994/3347/2624 2995/3348/2625 2992/3345/2622
f 2996/3349/2626 2997/3350/2627 2998/3351/2628
f 2999/3352/2629 3000/3353/2630 3001/3354/2631
f 3001/3354/2631 3002/3355/2632 2999/3352/2629
f 2993/3346/2623 2999/3352/2629 3002/3355/2632
f 3002/3355/2632 2994/3347/2624 2993/3346/2623
f 3003/3356/2633 3004/3357/2634 3005/3358/2635
f 3005/3358/2635 3006/3359/2636 3003/3356/2633
f 3001/3354/2631 3000/3353/2630 3005/3358/2635
f 3005/3358/2635 3004/3357/2634 3001/3354/2631
f 3007/3360/2637 3008/3361/2638 3009/3362/2639
f 3009/3362/2639 3010/1634/2639 3007/3360/2637
f 3007/3360/2637 3011/3363/2640 3012/3364/2641
f 3012/3364/2641 3008/3361/2638 3007/3360/2637
f 3011/3363/2640 3013/3365/2642 3014/3366/2642
f 3014/3366/2642 3012/3364/2641 3011/3363/2640
f 3003/3356/2633 3006/3359/2636 2998/3351/2628
f 2998/3351/2628 2997/3350/2627 3003/3356/2633
f 3015/3367/2643 3016/3368/2644 3017/3369/2645
f 3017/3369/2645 3018/3370/2643 3015/3367/2643
f 3016/3368/2644 2992/3345/2622 2995/3348/2625
f 2995/3348/2625 3017/3369/2645 3016/3368/2644
f 2872/3205/2507 2874/3207/2509 2902/3237/2536
f 2888/3221/2523 2890/3223/2525 2892/3225/2527
f 2892/3225/2527 2891/3224/2526 2888/3221/2523
f 3019/3371/2646 3020/3372/2647 3021/3373/2648
f 3021/3373/2648 3022/3374/2649 3019/3371/2646
f 2865/3196/2500 2864/3195/2499 3020/3372/2647
f 3020/3372/2647 3019/3371/2646 2865/3196/2500
f 2905/3240/2539 2932/3273/2566 2906/3241/2540
f 2107/2351/1807 3023/3375/2650 2109/2353/1809
f 2109/2353/1809 2108/2352/1808 2107/2351/1807
f 2108/2352/1808 2111/2355/1811 2360/2626/2052
f 2360/2626/2052 2105/2349/1805 2108/2352/1808
f 2162/2409/1862 2144/2390/1844 2143/2389/1843
f 2161/2408/1861 2159/2406/1859 2144/2390/1844
f 2144/2390/1844 2162/2409/1862 2161/2408/1861
f 2452/2723/2139 2451/2722/2139 3024/3376/2651
f 3024/3376/2651 3025/3377/2651 2452/2723/2139
f 2461/2732/2148 2459/2730/2146 2460/2731/2147
f 2460/2731/2147 2462/2733/2149 2461/2732/2148
f 863/1005/801 1059/1219/984 2163/2410/1863
f 2163/2410/1863 2162/2409/1862 863/1005/801
f 3026/3378/2652 3027/3379/2653 3028/3380/2654
f 3028/3380/2654 3029/3381/2655 3026/3378/2652
f 2057/2292/1757 2365/2630/2057 2060/2295/1760
f 2060/2295/1760 2058/2293/1758 2057/2292/1757
f 2049/2284/1749 2048/2283/1748 3030/3382/2656
f 3030/3382/2656 2364/2629/2056 2049/2284/1749
f 2043/2278/1743 2046/2281/1746 2050/2285/1750
f 2050/2285/1750 2055/2290/1755 2043/2278/1743
f 2074/2309/1774 3031/3383/2657 3032/3384/2658
f 3032/3384/2658 2073/2308/1773 2074/2309/1774
f 2073/2308/1773 3032/3384/2658 3033/3385/2659
f 3033/3385/2659 2075/2310/1775 2073/2308/1773
f 2075/2310/1775 3033/3385/2659 3034/3386/2660
f 3034/3386/2660 2233/2488/1933 2075/2310/1775
f 2233/2488/1933 3034/3386/2660 3035/3387/2661
f 3035/3387/2661 2234/2489/1934 2233/2488/1933
f 2234/2489/1934 3035/3387/2661 3036/3388/2662
f 3036/3388/2662 2235/2490/1935 2234/2489/1934
f 3037/3389/2663 3038/3390/2664 3039/3391/2665
f 3039/3391/2665 3040/3392/2666 3037/3389/2663
f 3040/3392/2666 3039/3391/2665 3041/3393/2667
f 3041/3393/2667 3039/3391/2665 3042/3394/2668
f 3042/3394/2668 3039/3391/2665 3043/3395/2669
f 3043/3395/2669 3044/3396/2670 3042/3394/2668
f 3044/3396/2670 3043/3395/2669 3045/3397/2671
f 3045/3397/2671 3046/3398/2671 3044/3396/2670
f 3028/3380/2654 2361/2623/2053 3029/3381/2655
f 3047/3399/2672 3048/3400/2673 3049/3401/2674
f 3049/3401/2674 3050/3402/2675 3047/3399/2672
f 3029/3381/2655 2361/2623/2053 2111/2622/1811
f 2111/2622/1811 2110/3403/1810 3029/3381/2655
f 3026/3378/2652 3049/3401/2674 3048/3400/2673
f 3048/3400/2673 3027/3379/2653 3026/3378/2652
f 2722/3032/2374 2724/3034/2376 3051/3404/2676
f 3051/3404/2676 3052/3405/2677 2722/3032/2374
f 3053/3406/2678 3054/3407/2679 3055/3408/2680
f 3055/3408/2680 3056/3409/2681 3053/3406/2678
f 3057/3410/2682 3058/3411/2683 3059/3412/2684
f 3059/3412/2684 3060/3413/2685 3057/3410/2682
f 3056/3409/2681 3055/3408/2680 2293/2549/1989
f 2293/2549/1989 3050/3402/2675 3056/3409/2681
f 3060/3413/2685 3059/3412/2684 3054/3407/2679
f 3054/3407/2679 3053/3406/2678 3060/3413/2685
f 3061/3414/2686 3062/3415/2687 3058/3411/2683
f 3058/3411/2683 3057/3410/2682 3061/3414/2686
f 3063/3416/2688 2324/2584/2017 2326/2586/2019
f 2326/2586/2019 3064/3417/2689 3063/3416/2688
f 3065/3418/2690 2481/2752/2163 2480/2751/2162
f 2480/2751/2162 3066/3419/2691 3065/3418/2690
f 3067/3420/2692 2509/2784/2185 2324/2787/2017
f 2324/2787/2017 3063/3421/2688 3067/3420/2692
f 3068/3422/2693 2814/3144/2451 2813/3143/2450
f 2813/3143/2450 3069/3423/2693 3068/3422/2693
f 3070/3424/2694 2818/3148/2454 2817/3147/2453
f 2817/3147/2453 3071/3425/2694 3070/3424/2694
f 3072/3426/2695 3073/3427/2695 2721/3031/2373
f 2721/3031/2373 2720/3030/2372 3072/3426/2695
f 3074/3428/2696 3075/3429/2697 3076/3430/2698
f 3076/3430/2698 3077/3431/2699 3074/3428/2696
f 3078/3432/2700 3079/3433/2701 3080/3434/2702
f 3080/3434/2702 3081/3435/2703 3078/3432/2700
f 3082/3436/2704 3074/3428/2696 3077/3431/2699
f 3077/3431/2699 3083/3437/2705 3082/3436/2704
f 3075/3429/2697 3078/3432/2700 3081/3435/2703
f 3081/3435/2703 3076/3430/2698 3075/3429/2697
f 3079/3433/2701 3084/3438/2706 3085/3439/2706
f 3085/3439/2706 3080/3434/2702 3079/3433/2701
f 3086/3440/2707 3087/3441/2708 3088/3442/2709
f 3088/3442/2709 3089/3443/2707 3086/3440/2707
f 3090/3444/2710 3091/3445/2711 3092/3446/2712
f 3092/1733/2712 3093/3445/2710 3090/3447/2710
f 3087/3441/2708 3094/3448/2713 3095/3449/2713
f 3095/3449/2713 3088/3442/2709 3087/3441/2708
f 3096/3450/2714 3082/3436/2704 3083/3437/2705
f 3083/3437/2705 3097/3451/2715 3096/3450/2714
f 3098/3452/2716 3099/3453/2717 3100/3454/2717
f 3100/3454/2717 3101/3455/2718 3098/3452/2716
f 3102/3456/2719 3103/3457/2719 3104/3458/2719
f 3105/3459/2720 3106/3460/2721 3107/3461/2722
f 3107/3461/2722 3108/3462/2723 3105/3459/2720
f 3109/3463/2724 3110/3464/2725 3111/3465/2726
f 3111/3465/2726 3112/3466/2727 3109/3463/2724
f 3106/3460/2721 3098/3452/2716 3101/3455/2718
f 3101/3455/2718 3107/3461/2722 3106/3460/2721
f 3110/3464/2725 3105/3459/2720 3108/3462/2723
f 3108/3462/2723 3111/3465/2726 3110/3464/2725
f 3091/3467/2711 3109/3463/2724 3112/3466/2727
f 3112/3466/2727 3092/3468/2712 3091/3467/2711
f 3113/3469/2728 3114/3470/2729 3115/3471/2729
f 3115/3471/2729 3116/3472/2730 3113/3469/2728
f 3117/3473/2731 3118/3474/2732 3119/3475/2731
f 3119/3475/2731 3120/3476/2731 3117/3473/2731
f 3121/3477/2733 3113/3469/2728 3116/3472/2730
f 3116/3472/2730 3122/3478/2734 3121/3477/2733
f 3123/3479/2735 3124/3480/2735 3125/3481/2735
f 3050/3402/2675 2293/2549/1989 2296/2552/1992
f 2296/2552/1992 3047/3399/2672 3050/3402/2675
f 3126/3482/2736 3127/3483/2736 3128/3484/2736
f 3129/1916/2737 3130/3485/2737 3131/3486/2737
f 3132/3487/2738 3133/3488/2739 3134/3489/2740
f 3134/3489/2740 3135/3490/2741 3132/3487/2738
f 3136/3491/2742 3137/3492/2743 3138/3493/2744
f 3138/3493/2744 3139/3494/2745 3136/3491/2742
f 3137/3492/2743 3140/3495/2746 3141/3496/2747
f 3141/3496/2747 3138/3493/2744 3137/3492/2743
f 3142/3497/2748 3143/3498/2749 3141/3496/2747
f 3141/3496/2747 3140/3495/2746 3142/3497/2748
f 3144/3499/2750 3145/3500/2751 3143/3498/2749
f 3143/3498/2749 3142/3497/2748 3144/3499/2750
f 3145/3500/2751 3144/3499/2750 3146/3501/2752
f 3147/3502/2753 3148/3503/2754 3149/3504/2755
f 3149/3504/2755 3150/3505/2756 3147/3502/2753
f 3151/3506/2757 3152/3507/2758 3150/3505/2756
f 3150/3505/2756 3149/3504/2755 3151/3506/2757
f 3153/3508/2759 3154/3509/2760 3146/3501/2752
f 3146/3501/2752 3144/3499/2750 3153/3508/2759
f 1190/1362/1095 1189/1361/1094 3148/3503/2754
f 3148/3503/2754 3147/3502/2753 1190/1362/1095
f 3133/3488/2739 3136/3491/2742 3139/3494/2745
f 3139/3494/2745 3134/3489/2740 3133/3488/2739
f 3155/3510/2761 3156/3511/2762 3157/3512/2763
f 3157/3512/2763 3158/3513/2764 3155/3510/2761
f 3157/3512/2763 3132/3487/2738 3135/3490/2741
f 3135/3490/2741 3158/3513/2764 3157/3512/2763
f 3159/3514/2765 3160/3515/2766 3161/3516/2767
f 3161/3517/2767 3162/3518/2768 3159/3519/2765
f 3155/3510/2761 1199/1371/1104 3156/3511/2762
f 3160/3515/2766 1201/1373/1105 1200/1372/1105
f 1200/1372/1105 3161/3516/2767 3160/3515/2766
f 3163/3520/2769 3164/3521/2770 3165/3522/2771
f 3164/3521/2770 3166/3523/2772 3167/3524/2773
f 3167/3524/2773 3165/3522/2771 3164/3521/2770
f 1208/1380/1112 3164/3521/2770 3168/3525/2774
f 3168/3525/2774 1209/1381/1113 1208/1380/1112
f 3168/3525/2774 3164/3521/2770 3163/3520/2769
f 3169/3526/2775 3170/3527/2776 3171/1384/2777
f 3171/1384/2777 3172/1383/2778 3169/3526/2775
f 3173/3528/2779 3169/3529/2775 3172/3530/2778
f 3172/3531/2778 3174/3532/2780 3173/3533/2779
f 3175/3534/2781 1219/1393/1122 1218/1392/1122
f 1218/1392/1122 3176/3535/2782 3175/3534/2781
f 3177/3536/2783 3175/3534/2781 3176/3535/2782
f 3176/3535/2782 3178/3537/2783 3177/3536/2783
f 1222/1396/1124 2435/2705/2126 2434/2704/2125
f 2434/2704/2125 1223/1397/1124 1222/1396/1124
f 3179/3538/2784 3180/3539/2785 3181/3540/2786
f 3181/3540/2786 3182/3541/2787 3179/3538/2784
f 3183/3542/2788 3179/3538/2784 3182/3541/2787
f 3182/3541/2787 3184/3543/2789 3183/3542/2788
f 3180/3539/2785 3173/3544/2779 3174/3545/2780
f 3174/3545/2780 3181/3540/2786 3180/3539/2785
f 3185/3546/2790 3186/1408/2791 3187/1407/2792
f 3186/3547/2791 3185/3548/2790 3188/3549/2793
f 3189/3550/2794 3190/3551/2794 1236/1414/1136
f 1236/1414/1136 1235/1413/1135 3189/3550/2794
f 3191/3552/2795 3192/3553/2796 3193/3554/2797
f 3193/3554/2797 3194/3555/2798 3191/3552/2795
f 3194/3555/2798 3193/3554/2797 3195/3556/2799
f 3195/3556/2799 3196/3557/2800 3194/3555/2798
f 3196/3557/2800 3197/3558/2801 3190/3551/2794
f 3190/3551/2794 3189/3550/2794 3196/3557/2800
f 3196/3557/2800 3195/3556/2799 3197/3558/2801
f 3166/3523/2772 3192/3553/2796 3191/3552/2795
f 3191/3552/2795 3167/3524/2773 3166/3523/2772
f 3198/3559/2802 3199/3560/2803 3200/3561/2804
f 3200/3561/2804 3201/3562/2805 3198/3559/2802
f 3201/3562/2805 3200/3561/2804 3202/3563/2806
f 3202/3563/2806 3203/3564/2806 3201/3562/2805
f 3203/3564/2806 3202/3563/2806 3204/3565/2807
f 3204/3565/2807 3205/3566/2808 3203/3564/2806
f 3205/3566/2808 3204/3565/2807 3206/3567/2809
f 3206/3567/2809 3207/3568/2810 3205/3566/2808
f 3207/3568/2810 3206/3567/2809 3208/3569/2811
f 3208/3569/2811 3209/3570/2812 3207/3568/2810
f 3209/3571/2812 3208/3572/2811 3210/3573/2813
f 3210/3573/2813 3211/3574/2814 3209/3571/2812
f 3211/3575/2814 3210/3576/2813 3212/3577/2815
f 3212/3577/2815 3213/3578/2816 3211/3575/2814
f 3213/3578/2816 3212/3577/2815 3214/3579/2817
f 3214/3579/2817 3215/3580/2818 3213/3578/2816
f 3215/3580/2818 3214/3579/2817 3216/3581/2819
f 3216/3581/2819 3217/3582/2820 3215/3580/2818
f 3217/3582/2820 3216/3581/2819 3218/3583/2821
f 3218/3583/2821 3219/3584/2822 3217/3582/2820
f 3219/3585/2822 3218/3586/2821 3220/3587/2823
f 3220/3587/2823 3221/3588/2824 3219/3585/2822
f 3221/3588/2824 3220/3587/2823 3199/3560/2803
f 3199/3560/2803 3198/3559/2802 3221/3588/2824
f 3222/3589/2825 3223/3590/2825 1271/1457/1168
f 1271/1457/1168 1270/1456/1168 3222/3589/2825
f 1273/1459/1169 1276/1462/1169 3224/3591/2826
f 3224/3591/2826 3225/3592/2826 1273/1459/1169
f 3225/3592/2826 3224/3591/2826 3226/3593/2827
f 3226/3593/2827 3227/3594/2828 3225/3592/2826
f 3227/3595/2828 3226/3596/2827 3228/3597/2829
f 3228/3597/2829 3229/3598/2830 3227/3595/2828
f 3229/3598/2830 3228/3597/2829 3230/3599/2831
f 3230/3599/2831 3231/3600/2832 3229/3598/2830
f 3231/3600/2832 3230/3599/2831 3232/3601/2833
f 3232/3601/2833 3233/3602/2834 3231/3600/2832
f 3233/3602/2834 3232/3601/2833 3234/3603/2835
f 3234/3603/2835 3235/3604/2836 3233/3602/2834
f 3235/3605/2836 3234/3606/2835 3223/3590/2825
f 3223/3590/2825 3222/3589/2825 3235/3605/2836
f 2074/2309/1774 3236/3607/2837 3237/3608/2838
f 3237/3608/2838 3031/3383/2657 2074/2309/1774
f 3236/3607/2837 3238/3609/2839 3239/3610/2840
f 3239/3610/2840 3237/3608/2838 3236/3607/2837
f 3240/3611/2841 3241/3612/2841 3239/3613/2840
f 3239/3613/2840 3238/3614/2839 3240/3611/2841
f 3242/3615/2842 3243/3616/2843 3244/3617/2844
f 3244/3617/2844 3245/3618/2845 3242/3615/2842
f 3245/3618/2845 1298/1488/1190 1297/1487/1190
f 1297/1487/1190 3242/3615/2842 3245/3618/2845
f 3246/3619/2846 3247/3620/2847 3248/3621/2848
f 3249/3622/1194 3250/3623/1194 3251/3624/1194
f 3251/3624/1194 3252/3625/1194 3249/3622/1194
f 3253/3626/2849 3254/3627/2850 3255/3628/2851
f 3255/3628/2851 3256/3629/2851 3253/3626/2849
f 1310/1500/1198 3254/3627/2850 3253/3626/2849
f 3253/3626/2849 1311/1501/1198 1310/1500/1198
f 3257/3630/2852 3258/3631/2853 1314/1504/1201
f 1314/1504/1201 1313/1503/1200 3257/3630/2852
f 3259/3632/2854 3260/3633/2855 3261/3634/2855
f 3261/3634/2855 3262/3635/2856 3259/3632/2854
f 3244/3617/2844 3243/3616/2843 3263/3636/2857
f 3259/3632/2854 3262/3635/2856 3258/3631/2853
f 3258/3631/2853 3257/3630/2852 3259/3632/2854
f 3264/3637/2858 3265/3638/2859 3266/3639/2860
f 3266/3639/2860 3267/3640/2861 3264/3637/2858
f 3267/3640/2861 3266/3639/2860 3268/3641/2862
f 3268/3641/2862 3269/3642/2863 3267/3640/2861
f 3270/3643/2864 3271/3644/2865 3272/3645/2866
f 3273/3646/2867 3274/2817/2868 3275/3647/2869
f 3275/3647/2869 3276/3648/2870 3273/3646/2867
f 3273/3646/2867 3276/3648/2870 3277/3649/2871
f 3277/3649/2871 3278/3650/2872 3273/3646/2867
f 3278/3650/2872 3277/3649/2871 1337/1527/1223
f 1337/1527/1223 1336/1526/1222 3278/3650/2872
f 1338/1528/1224 1339/1529/1225 3265/3651/2859
f 3265/3651/2859 3264/3652/2858 1338/1528/1224
f 2064/2299/1764 2113/2357/1813 2067/2302/1767
f 3279/3653/2873 3272/3645/2866 3280/3654/2874
f 3280/3654/2874 3281/3655/2875 3279/3653/2873
f 3282/3656/2876 3272/3645/2866 3279/3653/2873
f 3283/3657/2877 3284/3658/2878 3285/3659/2879
f 3285/3659/2879 3286/3660/2880 3283/3657/2877
f 3286/3660/2880 3285/3659/2879 3287/3661/2881
f 3287/3661/2881 3288/3662/2882 3286/3660/2880
f 3288/3662/2882 3287/3661/2881 3289/3663/2883
f 3289/3663/2883 3290/3664/2884 3288/3662/2882
f 3290/3664/2884 3289/3663/2883 3291/3665/2885
f 3291/3665/2885 3292/3666/2886 3290/3664/2884
f 3292/3666/2886 3291/3665/2885 3293/3667/2887
f 3293/3667/2887 3294/3668/2888 3292/3666/2886
f 3294/3668/2888 3293/3667/2887 3295/3669/2889
f 3295/3669/2889 3296/3670/2890 3294/3668/2888
f 3296/2955/2890 3295/3671/2889 3297/3672/2891
f 3297/3672/2891 3298/3673/2891 3296/2955/2890
f 3299/3674/2892 3300/3675/2893 3301/3676/2894
f 3301/3676/2894 3302/3677/2895 3299/3674/2892
f 3301/3678/2894 3300/3679/2893 3303/3680/2896
f 3303/3680/2896 3304/3681/2897 3301/3678/2894
f 3304/3681/2897 3303/3680/2896 3284/3658/2878
f 3284/3658/2878 3283/3657/2877 3304/3681/2897
f 3305/3682/2898 3306/3683/2899 3307/3684/2900
f 3308/3685/2901 3309/3686/2902 3310/3687/2903
f 3310/3687/2903 3311/3688/2901 3308/3685/2901
f 3310/3687/2903 3312/3689/2904 3313/3690/2905
f 3313/3690/2905 3312/3689/2904 3314/3691/2906
f 3314/3691/2906 3312/3689/2904 3315/3692/2907
f 3315/3692/2907 3316/3693/2908 3314/3691/2906
f 3317/3694/2909 1380/3695/1263 3318/3696/2910
f 3318/3696/2910 3319/3697/2911 3317/3694/2909
f 3320/3698/2912 3317/3694/2909 3319/3697/2911
f 3321/3699/2913 3322/3700/2913 3317/3694/2909
f 3317/3694/2909 3320/3698/2912 3321/3699/2913
f 3318/3696/2910 1380/3695/1263 1386/3701/1268
f 3307/3684/2900 3323/3702/2914 3308/3685/2901
f 3308/3685/2901 3311/3688/2901 3307/3684/2900
f 3324/3703/2915 3306/3704/2899 3305/3705/2898
f 3325/3706/2916 3326/3707/2917 3327/3708/2918
f 3328/3709/1274 3329/3710/1276 3330/3711/1275
f 3330/3711/1275 3331/3712/1275 3328/3709/1274
f 3332/3713/1277 3333/3714/1278 3329/3715/1276
f 3329/3715/1276 3328/3716/1274 3332/3713/1277
f 3334/3717/1279 3335/3718/1280 3333/3714/1278
f 3333/3714/1278 3332/3713/1277 3334/3717/1279
f 3336/3719/1281 3337/3720/1281 3335/3721/1280
f 3335/3721/1280 3334/3722/1279 3336/3719/1281
f 3338/3723/1282 1403/1599/1283 3339/3724/1282
f 3339/3724/1282 3340/3725/1282 3338/3723/1282
f 3341/3726/1681 3342/3727/1681 3343/3728/1681
f 3343/3728/1681 3344/3729/1681 3341/3726/1681
f 3345/1948/1681 3346/3730/1681 3347/3731/1681
f 3348/3732/1282 3349/3733/1282 3350/3734/2919
f 3351/3735/2920 1418/1614/1288 3350/3734/2919
f 3350/3734/2919 3352/3736/2921 3351/3735/2920
f 3350/3734/2919 3349/3733/1282 3352/3736/2921
f 3351/3735/2920 3339/3724/1282 1403/1599/1283
f 1403/1599/1283 1418/1614/1288 3351/3735/2920
f 3353/3737/2922 3135/3738/2741 3134/3739/2740
f 3134/3739/2740 3354/3740/2923 3353/3737/2922
f 3354/3740/2923 3134/3739/2740 3139/3741/2745
f 3139/3741/2745 3355/3742/2924 3354/3740/2923
f 3355/3742/2924 3139/3741/2745 3138/3743/2744
f 3138/3743/2744 3356/3744/2925 3355/3742/2924
f 3356/3744/2925 3138/3743/2744 3141/3745/2747
f 3141/3745/2747 3357/3746/2926 3356/3744/2925
f 3357/3746/2926 3141/3745/2747 3143/3747/2749
f 3143/3747/2749 3358/3748/2927 3357/3746/2926
f 3358/3748/2927 3143/3747/2749 3145/3749/2751
f 3145/3749/2751 3359/3750/2928 3358/3748/2927
f 3359/3750/2928 3145/3749/2751 3146/3751/2752
f 3146/3751/2752 3360/3752/2929 3359/3750/2928
f 3146/3753/2752 3154/3754/2760 3361/3755/2930
f 3361/3755/2930 3360/3756/2929 3146/3753/2752
f 3151/3757/2757 3149/3758/2755 3362/3759/2931
f 3362/3759/2931 3363/3760/2932 3151/3757/2757
f 3362/3759/2931 3149/3758/2755 3148/3761/2754
f 3148/3761/2754 3364/3762/2933 3362/3759/2931
f 3364/3762/2933 3148/3761/2754 1189/1639/1094
f 1189/1639/1094 1431/1638/1301 3364/3762/2933
f 3365/3763/2934 3366/3764/2935 3367/3765/2936
f 3367/3765/2936 3368/3766/2937 3365/3763/2934
f 3367/3765/2936 3369/3767/2938 3370/3768/2939
f 3370/3768/2939 3368/3766/2937 3367/3765/2936
f 3370/3769/2940 3371/3770/2941 3372/3771/2942
f 3372/3771/2942 3373/3772/2943 3370/3769/2940
f 3373/3772/2943 3372/3771/2942 3374/3773/2944
f 3374/3773/2944 3375/3774/2945 3373/3772/2943
f 3375/3775/2945 3374/3776/2944 3376/3777/2946
f 3376/3777/2946 3377/3778/2947 3375/3775/2945
f 3377/3778/2947 3376/3777/2946 3378/3779/2948
f 3378/3779/2948 3379/3780/2948 3377/3778/2947
f 3379/3780/2948 3378/3779/2948 3380/3781/2949
f 3380/3781/2949 3381/3782/2949 3379/3780/2948
f 3381/3782/2949 3380/3781/2949 3382/3783/2950
f 3382/3783/2950 3383/3784/2950 3381/3782/2949
f 3383/3784/2950 3382/3783/2950 3384/3785/2951
f 3384/3785/2951 3385/3786/2951 3383/3784/2950
f 3385/3786/2951 3384/3785/2951 3386/3787/2952
f 3386/3787/2952 3387/3788/2953 3385/3786/2951
f 3388/3789/2954 3389/3790/2954 3390/3791/2955
f 3390/3791/2955 3391/3792/2955 3388/3789/2954
f 3390/3791/2955 1460/1671/1325 1459/1670/1325
f 1459/1670/1325 3391/3792/2955 3390/3791/2955
f 1461/1672/1326 1464/1675/1326 3392/3793/2956
f 3392/3793/2956 3393/3794/2957 1461/1672/1326
f 3393/3794/2957 3392/3793/2956 3394/3795/2958
f 3394/3795/2958 3395/3796/2959 3393/3794/2957
f 3396/3797/2960 3158/3798/2764 3135/3738/2741
f 3135/3738/2741 3353/3737/2922 3396/3797/2960
f 3397/3799/2961 3398/3800/2961 3399/3801/2962
f 3399/3801/2962 3247/3620/2847 3397/3799/2961
f 3400/3802/1194 3401/3803/1194 3402/3804/2963
f 3402/3804/2963 3403/3805/2964 3400/3802/1194
f 3401/3803/1194 1476/1687/1194 1475/1686/1335
f 1475/1686/1335 3402/3804/2963 3401/3803/1194
f 3402/3804/2963 3404/3806/2965 3405/3807/2966
f 3405/3807/2966 3403/3805/2964 3402/3804/2963
f 1475/1686/1335 1479/1690/1338 3404/3806/2965
f 3404/3806/2965 3402/3804/2963 1475/1686/1335
f 3248/3621/2848 3247/3620/2847 3399/3801/2962
f 3250/3623/1194 3406/3808/1194 3251/3624/1194
f 3407/3809/2967 3408/3810/2968 3409/3811/2969
f 3409/3811/2969 3410/3812/2967 3407/3809/2967
f 3411/3813/2970 3412/3814/2971 3413/3815/2971
f 3413/3815/2971 3414/3816/2972 3411/3813/2970
f 3415/1705/2973 3416/1704/2974 3417/3817/2975
f 3417/3818/2975 3418/3819/2976 3415/3820/2973
f 3419/1702/2977 3420/3821/2978 3421/3822/2978
f 3421/1708/2978 3422/3823/2979 3419/1706/2977
f 3423/3824/2980 3424/3825/2981 3425/3826/2982
f 3425/3826/2982 3426/3827/2980 3423/3824/2980
f 3427/3828/2983 3428/3829/2983 3429/3830/2984
f 3429/3830/2984 3430/3831/2985 3427/3828/2983
f 3431/3832/2986 3432/3833/2987 3433/3834/2988
f 3433/3834/2988 3434/3835/2986 3431/3832/2986
f 3432/3833/2987 1510/1725/1360 1509/1724/1360
f 1509/1724/1360 3433/3834/2988 3432/3833/2987
f 3435/3836/2989 3430/3831/2985 3429/3830/2984
f 3429/3830/2984 3436/3837/2990 3435/3836/2989
f 3437/1728/2991 3438/3838/2991 3439/3839/2991
f 3440/3840/2992 3435/3836/2989 3436/3837/2990
f 3424/3825/2981 3441/3841/2993 3425/3826/2982
f 3442/3842/2994 3443/3843/2994 3444/3844/2994
f 3445/3845/2995 3419/3846/2977 3422/3847/2979
f 3422/3847/2979 3446/3848/2996 3445/3845/2995
f 3416/3849/2974 3447/3850/2970 3448/3851/2997
f 3448/3851/2997 3417/3852/2975 3416/3849/2974
f 3281/3655/2875 3280/3654/2874 3449/3853/2998
f 3270/3643/2864 3272/3645/2866 3282/3656/2876
f 3251/3624/1194 3406/3808/1194 3450/3854/1194
f 3451/3855/2999 3452/3856/3000 3453/3857/3001
f 3453/3857/3001 3454/3858/3002 3451/3855/2999
f 3452/3856/3000 3455/3859/3003 3456/3860/3004
f 3456/3860/3004 3453/3857/3001 3452/3856/3000
f 3455/3859/3003 3457/3861/3005 3458/3862/3005
f 3458/3862/3005 3456/3860/3004 3455/3859/3003
f 3459/1759/3006 3460/1758/3006 3461/3863/3007
f 3461/3864/3007 3462/577/3008 3459/3865/3006
f 3463/3866/3009 3464/3867/3010 3465/3868/3011
f 3465/3868/3011 3466/3869/3012 3463/3866/3009
f 3467/3870/1194 3468/3871/1194 3469/3872/1194
f 3470/3873/3013 1547/1768/1383 1546/1767/1383
f 1546/1767/1383 3471/3874/3014 3470/3873/3013
f 3468/3871/1194 1551/1772/1194 1550/1771/1194
f 1550/1771/1194 3469/3872/1194 3468/3871/1194
f 3472/3875/3015 3465/3868/3011 3473/3876/3016
f 3473/3876/3016 3474/3877/3017 3472/3875/3015
f 3474/3877/3017 3473/3876/3016 3475/3878/3018
f 3475/3878/3018 3476/3879/3019 3474/3877/3017
f 3477/3880/3020 3478/3881/3021 3479/3882/1391
f 3479/3882/1391 3480/3883/1391 3477/3880/3020
f 3466/3869/3012 3465/3868/3011 3472/3875/3015
f 3472/3875/3015 3481/3884/3022 3466/3869/3012
f 3475/3885/3018 3482/3886/3023 3476/3887/3019
f 3465/3868/3011 3464/3867/3010 3483/3888/3024
f 3483/3888/3024 3473/3876/3016 3465/3868/3011
f 3473/3876/3016 3483/3888/3024 3484/3889/3025
f 3484/3889/3025 3475/3878/3018 3473/3876/3016
f 3478/3881/3021 3477/3880/3020 3485/3890/3026
f 3485/3891/3026 3486/3892/3026 3478/3893/3021
f 3487/3894/3027 3482/3886/3023 3475/3885/3018
f 3475/3885/3018 3484/3895/3025 3487/3894/3027
f 3488/3896/1282 3489/3897/1282 3490/3898/1282
f 3490/3898/1282 3491/3899/1282 3488/3896/1282
f 3492/3900/1282 3493/3901/1282 1574/1798/1282
f 1574/1798/1282 1573/1797/1282 3492/3900/1282
f 3494/3902/1282 3495/3903/1282 3493/3901/1282
f 3493/3901/1282 3492/3900/1282 3494/3902/1282
f 3496/3904/3028 3497/3905/3029 3498/3906/3030
f 3498/3906/3030 3499/3907/3031 3496/3904/3028
f 3500/3908/1282 3488/3896/1282 3501/3909/1282
f 3501/3909/1282 3502/3910/1282 3500/3908/1282
f 3489/3897/1282 3488/3896/1282 3500/3908/1282
f 3491/3899/1282 3490/3898/1282 3503/3911/1282
f 3503/3911/1282 3504/3912/1282 3491/3899/1282
f 3467/3870/1194 3469/3872/1194 3505/3913/1194
f 3476/3887/3019 3482/3886/3023 3470/3873/3013
f 3470/3873/3013 3471/3874/3014 3476/3887/3019
f 3506/3914/3032 3507/3915/3033 3508/3916/3034
f 3508/3916/3034 3509/3917/3035 3506/3914/3032
f 3510/1940/3036 3511/3918/3037 3512/3919/3036
f 3512/3919/3036 3513/3920/3037 3510/1940/3036
f 3514/3921/3038 3515/3922/3039 3516/3923/3040
f 3516/3923/3040 3517/3924/3041 3514/3921/3038
f 3518/3925/3042 3519/3926/3043 3520/3927/3044
f 3520/3927/3044 3521/3928/3045 3518/3925/3042
f 3522/3929/3046 3523/3930/3047 3524/3931/3048
f 3524/3931/3048 3525/3932/3049 3522/3929/3046
f 3526/3933/3050 3527/3934/3050 3528/3935/3051
f 3528/3935/3051 3529/3936/3051 3526/3933/3050
f 3530/3937/3052 3531/3938/3052 3532/3939/3053
f 3532/3939/3053 3533/3940/3054 3530/3937/3052
f 3534/3941/3055 3535/3942/3056 3536/3943/3057
f 3536/3943/3057 3537/3944/3058 3534/3941/3055
f 3538/3945/3059 3539/3946/3060 3540/3947/3061
f 3540/3947/3061 3541/3948/3062 3538/3945/3059
f 3542/3949/3063 3543/3950/3063 3544/3951/3064
f 3544/3951/3064 3545/3952/3063 3542/3949/3063
f 3546/3953/3065 3547/3954/3066 3548/3955/3067
f 3548/3955/3067 3549/3956/3065 3546/3953/3065
f 3550/3957/3068 3551/3958/3069 3552/3959/3069
f 3552/3959/3069 3553/3960/3070 3550/3957/3068
f 3554/3961/3071 3555/3962/3072 3556/3963/3073
f 3556/3963/3073 3557/3964/3074 3554/3961/3071
f 3558/3965/3075 3559/3966/3076 3560/3967/3076
f 3560/3967/3076 3561/3968/3077 3558/3965/3075
f 3562/3969/3078 3563/3970/3079 3564/3971/3080
f 3564/3971/3080 3565/3972/3078 3562/3969/3078
f 3566/3973/3081 3567/3974/3081 3568/3975/3082
f 3568/3975/3082 3569/3976/3083 3566/3973/3081
f 3570/3977/3084 3571/3978/3085 3572/3979/3086
f 3572/3979/3086 3573/3980/3085 3570/3977/3084
f 3574/3981/3087 3575/3982/3088 3576/3983/3089
f 3576/3983/3089 3577/3984/3089 3574/3981/3087
f 3578/3985/3090 3579/3986/3091 3580/3987/3092
f 3580/3987/3092 3581/3988/3093 3578/3985/3090
f 3582/3989/3094 3583/3990/3094 3584/3991/3094
f 3584/3991/3094 3585/1937/3095 3582/3989/3094
f 3586/3992/3096 3587/3993/3096 3588/3994/3097
f 3588/3994/3097 3589/3995/3096 3586/3992/3096
f 3590/3996/3098 3591/3997/3098 3592/3998/3099
f 3592/3998/3099 3593/3999/3098 3590/3996/3098
f 3594/4000/3100 3595/4001/3100 3596/4002/3101
f 3596/4002/3101 3597/4003/3102 3594/4000/3100
f 3598/4004/3103 3599/4005/3103 3600/4006/3104
f 3600/4006/3104 3601/4007/3105 3598/4004/3103
f 3602/4008/3106 3603/4009/3107 3604/4010/3108
f 3604/4010/3108 3605/4011/3109 3602/4008/3106
f 3606/4012/3110 3607/4013/3111 3608/4014/3110
f 3608/4014/3110 3609/4015/3110 3606/4012/3110
f 3610/4016/3112 3611/4017/3113 3612/4018/3114
f 3612/4018/3114 3613/4019/3115 3610/4016/3112
f 3614/4020/3116 3615/4021/3117 3616/4022/3118
f 3616/4022/3118 3617/1981/3119 3614/4020/3116
f 3618/4023/3120 3619/4024/3121 3620/4025/3122
f 3620/4025/3122 3621/4026/3123 3618/4023/3120
f 3622/4027/3124 3623/4028/3124 3624/4029/3124
f 3624/4029/3124 3625/4030/3124 3622/4027/3124
f 3626/4031/3125 3627/4032/3126 3628/4033/3127
f 3628/4033/3127 3629/4034/3128 3626/4031/3125
f 3630/4035/3129 3631/4036/3130 3632/4037/3131
f 3632/4037/3131 3633/4038/3129 3630/4035/3129
f 3634/4039/3132 3635/4040/3133 3636/4041/3134
f 3636/4041/3134 3637/4042/3133 3634/4039/3132
f 3638/4043/3135 3639/4044/3135 3640/4045/3136
f 3640/4045/3136 3641/4046/3135 3638/4043/3135
f 3642/4047/3137 3643/4048/3138 3644/4049/3138
f 3644/4049/3138 3645/4050/3139 3642/4047/3137
f 3646/4051/3140 3647/4052/3141 3648/4053/3142
f 3648/4053/3142 3649/4054/3141 3646/4051/3140
f 3650/1972/3143 3651/4055/3144 3652/4056/3144
f 3652/4056/3144 3653/4057/3144 3650/1972/3143
f 3654/4058/3145 3655/4059/3146 3656/4060/3147
f 3656/4060/3147 3657/4061/3148 3654/4058/3145
f 3658/4062/3149 3659/4063/3150 3660/4064/3151
f 3660/4064/3151 3661/4065/3152 3658/4062/3149
f 3662/4066/3153 3663/4067/3154 3664/4068/3155
f 3664/4068/3155 3665/4069/3154 3662/4066/3153
f 3666/4070/3156 3667/4071/3156 3668/4072/3156
f 3668/4072/3156 3669/4073/3156 3666/4070/3156
f 3670/4074/3157 3671/4075/3157 3672/4076/3158
f 3672/4076/3158 3673/4077/3159 3670/4074/3157
f 3674/4078/3160 3675/4079/3160 3676/4080/3161
f 3676/4080/3161 3677/4081/3161 3674/4078/3160
f 3678/4082/3162 3679/4083/3163 3680/4084/3164
f 3680/4084/3164 3681/4085/3164 3678/4082/3162
f 3682/4086/3165 3683/4087/3166 3684/4088/3166
f 3684/4088/3166 3685/4089/3167 3682/4086/3165
f 3686/4090/3168 3687/4091/3169 3688/4092/3170
f 3688/4092/3170 3689/4093/3169 3686/4090/3168
f 3690/1872/3171 3691/4094/3172 3692/4095/3173
f 3692/4095/3173 3693/1873/3172 3690/1872/3171
f 3694/4096/3174 3695/4097/3175 3696/4098/3176
f 3696/4098/3176 3697/4099/3176 3694/4096/3174
f 3698/4100/3177 3699/4101/3178 3700/4102/3178
f 3700/4102/3178 3701/4103/3179 3698/4100/3177
f 3702/4104/3180 3703/4105/3181 3704/4106/3182
f 3704/4106/3182 3705/4107/3181 3702/4104/3180
f 3706/4108/3183 3707/4109/3184 3708/4110/3185
f 3708/4110/3185 3709/4111/3185 3706/4108/3183
f 3710/4112/3186 3711/4113/3187 3712/4114/3188
f 3712/4114/3188 3713/4115/3189 3710/4112/3186
f 3714/4116/3190 3715/4117/3191 3716/4118/3192
f 3716/4118/3192 3717/4119/3193 3714/4116/3190
f 3718/4120/3194 3719/4121/3195 3720/4122/3196
f 3720/4122/3196 3721/4123/3197 3718/4120/3194
f 3722/4124/3198 3723/4125/3198 3724/4126/3198
f 3724/4126/3198 3725/4127/3199 3722/4124/3198
f 3726/4128/3200 3727/4129/3201 3728/4130/3202
f 3728/4130/3202 3729/4131/3203 3726/4128/3200
f 3730/4132/3204 3731/4133/3204 3732/4134/3205
f 3732/4134/3205 3733/4135/3205 3730/4132/3204
f 3734/4136/3206 3735/4137/3207 3736/4138/3208
f 3736/4138/3208 3737/4139/3206 3734/4136/3206
f 3738/4140/3209 3739/4141/3210 3740/4142/3211
f 3740/4142/3211 3741/4143/3212 3738/4140/3209
f 3742/4144/3213 3743/4145/3214 3744/4146/3213
f 3744/4146/3213 3745/4147/3215 3742/4144/3213
f 3746/4148/3216 3747/4149/3216 3748/4150/3216
f 3748/4150/3216 3749/4151/3216 3746/4148/3216
f 3750/4152/3217 3751/4153/3218 3752/4154/3219
f 3752/4154/3219 3753/4155/3219 3750/4152/3217
f 3754/4156/3220 3755/4157/3221 3756/4158/3221
f 3756/4158/3221 3757/4159/3222 3754/4156/3220
f 3758/4160/3223 3759/4161/3224 3760/4162/3225
f 3760/4162/3225 3761/4163/3224 3758/4160/3223
f 3762/4164/3226 3763/4165/3226 3764/4166/3227
f 3764/4166/3227 3765/4167/3228 3762/4164/3226
f 3766/4168/3229 3767/4169/3229 3768/4170/3229
f 3768/4170/3229 3769/4171/3229 3766/4168/3229
f 3770/4172/3230 3771/4173/3231 3772/4174/3231
f 3772/4174/3231 3773/4175/3231 3770/4172/3230
f 3774/4176/3232 3775/4177/3233 3776/4178/3232
f 3776/4178/3232 3777/4179/3233 3774/4176/3232
f 3778/4180/3234 3779/4181/3234 3780/4182/3234
f 3780/4182/3234 3781/2119/3234 3778/4180/3234
f 3782/4183/3235 3783/4184/3236 3784/4185/3236
f 3784/4185/3236 3785/4186/3235 3782/4183/3235
f 3786/4187/3237 3787/4188/3237 3788/4189/3237
f 3788/4189/3237 3789/4190/3238 3786/4187/3237
f 3790/4191/3239 3791/4192/3239 3792/4193/3239
f 3792/4193/3239 3793/4194/3239 3790/4191/3239
f 3794/4195/3240 3795/4196/3240 3796/4197/3241
f 3796/4197/3241 3797/4198/3240 3794/4195/3240
f 3798/4199/3242 3799/4200/3242 3800/4201/3243
f 3800/4201/3243 3801/4202/3242 3798/4199/3242
f 3802/4203/3244 3803/4204/3245 3804/4205/3245
f 3804/4205/3245 3805/4206/3246 3802/4203/3244
f 3806/4207/3247 3807/4208/3248 3808/4209/3248
f 3808/4209/3248 3809/4210/3248 3806/4207/3247
f 3810/4211/3249 3811/4212/3249 3812/4213/3249
f 3812/4213/3249 3813/4214/3249 3810/4211/3249
f 3814/4215/3250 3815/4216/3250 3816/4217/3251
f 3816/4217/3251 3817/4218/3250 3814/4215/3250
f 3818/4219/3252 3819/4220/3252 3820/4221/3252
f 3820/4221/3252 3821/4222/3252 3818/4219/3252
f 3822/4223/3253 3823/4224/3253 3824/4225/3253
f 3824/4225/3253 3825/993/3253 3822/4223/3253
f 3826/4226/3254 3827/4227/3255 3828/4228/3256
f 3828/4228/3256 3829/4229/3256 3826/4226/3254
f 3830/4230/3257 3831/4231/3258 3832/4232/3259
f 3833/4233/3260 3831/4234/3258 3834/4235/3261
f 3835/4236/3262 3836/4237/3263 3831/4234/3258
f 3831/4234/3258 3833/4233/3260 3835/4236/3262
f 3837/4238/3264 3838/4239/3265 3836/4237/3263
f 3836/4237/3263 3835/4236/3262 3837/4238/3264
f 3839/4240/3266 3838/4239/3265 3840/4241/3267
f 3840/4241/3267 3838/4239/3265 3837/4238/3264
f 3841/4242/3268 3842/4243/3269 3838/4244/3265
f 3838/4244/3265 3839/4245/3266 3841/4242/3268
f 3843/4246/3270 3842/4247/3269 3841/4248/3268
f 3844/4249/3271 3845/4250/3272 3846/4251/3273
f 3846/4251/3273 3845/4250/3272 3847/4252/3274
f 3847/4253/3274 3845/4254/3272 3848/4255/3275
f 3848/4255/3275 3849/4256/3276 3847/4253/3274
f 3849/4256/3276 3848/4255/3275 3850/4257/3277
f 3851/4258/3278 3852/4259/3279 3845/4250/3272
f 3845/4250/3272 3844/4249/3271 3851/4258/3278
f 3853/4260/3280 3854/4261/3281 3852/4259/3279
f 3852/4259/3279 3851/4258/3278 3853/4260/3280
f 3855/4262/3282 3854/4261/3281 3856/4263/3283
f 3856/4263/3283 3854/4261/3281 3853/4260/3280
f 3857/4264/3284 3858/4265/3285 3854/4266/3281
f 3854/4267/3281 3859/4268/3286 3857/4269/3284
f 3859/4270/3286 3854/4271/3281 3855/4272/3282
f 3860/4273/3287 3861/4274/3287 3858/4265/3285
f 3858/4265/3285 3862/4275/3288 3860/4273/3287
f 3834/4276/3261 3831/4231/3258 3830/4230/3257
f 3863/4277/1665 3864/4278/3289 3865/4279/3290
f 3850/4257/3277 3848/4255/3275 3866/4280/3291
f 3866/4280/3291 3867/4281/3291 3850/4257/3277
f 3865/4279/3290 3864/4278/3289 3868/4282/3292
f 3868/4282/3292 3864/4278/3289 3869/4283/3293
f 3869/4283/3293 3870/4284/3294 3868/4282/3292
f 3871/4285/3295 3872/4286/3296 3873/4287/3297
f 3873/4287/3297 3872/4286/3296 3874/4288/3298
f 3874/4288/3298 3875/4289/3299 3873/4287/3297
f 3875/4289/3299 3874/4288/3298 3876/4290/3300
f 3877/4291/3301 3878/4292/3301 3842/4247/3269
f 3842/4247/3269 3843/4246/3270 3877/4291/3301
f 3876/4290/3300 3874/4288/3298 3879/4293/1679
f 3832/4232/3259 3831/4231/3258 3827/4227/3255
f 3827/4227/3255 3880/4294/3302 3832/4232/3259
f 3880/4294/3302 3827/4227/3255 3826/4226/3254
f 3862/4275/3288 3858/4265/3285 3857/4264/3284
f 3881/4295/1284 3882/4296/1284 3883/4297/1284
f 3883/4297/1284 3884/4298/1284 3881/4295/1284
f 3882/4296/1284 3881/4295/1284 3885/4299/1284
f 3885/4299/1284 3886/4300/1284 3882/4296/1284
f 3887/4301/1284 3888/4302/1284 3889/4303/1284
f 3889/4303/1284 3890/4304/1284 3887/4301/1284
f 3891/4305/1284 3889/4303/1284 3888/4302/1284
f 3888/4302/1284 3892/3155/1284 3891/4305/1284
f 3890/4304/1284 3893/4306/1284 3887/4301/1284
f 3883/4297/1284 3894/4307/1284 3884/4298/1284
f 3895/4308/1682 3896/4309/1682 3897/4310/1682
f 3897/4310/1682 3898/4311/3303 3895/4308/1682
f 3899/4312/3304 3900/4313/1682 3895/4308/1682
f 3895/4308/1682 3898/4311/3303 3899/4312/3304
f 3864/4278/3289 1983/2215/1685 3869/4283/3293
f 3872/4286/3296 1985/2217/1687 1984/2216/1686
f 1984/2216/1686 3874/4288/3298 3872/4286/3296
f 1986/2218/1688 1983/2215/1685 3864/4278/3289
f 3864/4278/3289 3901/4314/3305 1986/2218/1688
f 3874/4288/3298 1984/2216/1686 1988/2220/1690
f 1988/2220/1690 3898/4311/3303 3874/4288/3298
f 3898/4311/3303 1988/2220/1690 1989/2221/1691
f 1989/2221/1691 3899/4312/3304 3898/4311/3303
f 3869/4283/3293 3872/4286/3296 3871/4285/3295
f 3871/4285/3295 3870/4284/3294 3869/4283/3293
f 1983/2215/1685 1985/2217/1687 3872/4286/3296
f 3872/4286/3296 3869/4283/3293 1983/2215/1685
f 3902/4315/3306 3903/4316/3307 3904/4317/3308
f 3904/4317/3308 3905/4318/3309 3902/4315/3306
f 3906/4319/3310 1995/2227/1697 1994/2226/1696
f 1994/2226/1696 3905/4318/3309 3906/4319/3310
f 3905/4318/3309 3904/4317/3308 3907/4320/3311
f 3907/4320/3311 3906/4319/3310 3905/4318/3309
f 3907/4320/3311 3908/4321/3312 3906/4319/3310
f 1999/2231/1701 3326/3707/2917 3325/3706/2916
f 3325/3706/2916 2000/2232/1701 1999/2231/1701
f 2001/2233/1702 3366/4322/2935 3365/4323/2934
f 3365/4323/2934 2002/2234/1702 2001/2233/1702
f 3909/4324/3313 3910/4325/3314 3911/4326/3315
f 3912/4327/3316 3913/4328/3317 3914/4329/3318
f 3914/4329/3318 3915/4330/3319 3912/4327/3316
f 3916/4331/3320 3917/4332/3321 3918/4333/3322
f 3919/4334/3323 3920/4335/3324 3921/4336/3325
f 3921/4336/3325 3922/4337/3326 3919/4334/3323
f 3923/4338/3327 3924/4339/3328 3925/4340/3329
f 3925/4340/3329 3926/4341/3330 3923/4338/3327
f 3927/4342/3331 3928/4343/3332 3929/4344/3333
f 3929/4344/3333 3930/4345/3334 3927/4342/3331
f 3929/4346/3333 3931/4347/3335 3932/4348/3336
f 3933/4349/3337 3934/4350/3338 3935/4351/3339
f 3935/4352/3339 3932/4120/3336 3933/4353/3337
f 3925/4354/3329 3924/4355/3328 3936/4356/3340
f 3936/4356/3340 3937/4357/3341 3925/4354/3329
f 3930/4345/3334 3929/4344/3333 3938/4358/3342
f 3938/4358/3342 3939/4359/3343 3930/4345/3334
f 3929/4360/3333 3932/4361/3336 3940/4362/3344
f 3940/4362/3344 3938/4363/3342 3929/4360/3333
f 3941/4364/3345 3942/4365/3345 3943/4366/3345
f 3943/4366/3345 3944/4367/3346 3941/4364/3345
f 3928/4368/3332 3945/4369/3347 3931/4347/3335
f 3931/4370/3335 3929/4371/3333 3928/4372/3332
f 3946/4373/3348 3945/4374/3347 3918/4375/3322
f 3918/4375/3322 3917/4376/3321 3946/4373/3348
f 3931/4347/3335 3933/4377/3337 3932/4348/3336
f 3947/4378/3349 3912/4327/3316 3915/4330/3319
f 3915/4330/3319 3948/4379/3350 3947/4378/3349
f 3949/4380/3351 3909/4381/3313 3911/4382/3315
f 3911/4382/3315 3950/4383/3352 3949/4380/3351
f 3933/4384/3337 3914/4329/3318 3913/4328/3317
f 3913/4328/3317 3934/4385/3338 3933/4384/3337
f 3951/4386/3353 3952/4387/3354 3920/4388/3324
f 3920/4389/3324 3919/4390/3323 3951/4391/3353
f 3909/4392/3313 3947/4393/3349 3948/4394/3350
f 3948/4395/3350 3910/4396/3314 3909/4397/3313
f 3922/4337/3326 3921/4336/3325 3945/4374/3347
f 3945/4374/3347 3946/4373/3348 3922/4337/3326
f 3925/4340/3329 3953/4398/3355 3926/4341/3330
f 3954/4399/3356 3923/4338/3327 3926/4341/3330
f 3918/4375/3322 3945/4374/3347 3928/4400/3332
f 3927/4342/3331 3916/4331/3320 3918/4333/3322
f 3918/4333/3322 3928/4343/3332 3927/4342/3331
f 3955/4401/3357 3956/4402/3358 3957/4403/3359
f 3957/4403/3359 3958/4404/3360 3955/4401/3357
f 3959/4405/3361 3960/4406/3362 3961/4407/3362
f 3961/4407/3362 3962/4408/3361 3959/4405/3361
f 3960/4406/3362 3963/4409/3363 3964/4410/3364
f 3964/4410/3364 3961/4407/3362 3960/4406/3362
f 3963/4409/3363 3965/4411/3365 3966/4412/3366
f 3966/4412/3366 3964/4410/3364 3963/4409/3363
f 3965/4411/3365 3967/4413/3367 3968/4414/3368
f 3968/4414/3368 3966/4412/3366 3965/4411/3365
f 3967/4413/3367 3969/4415/3355 3970/4416/3369
f 3970/4416/3369 3968/4414/3368 3967/4413/3367
f 3969/4415/3355 3971/4417/3368 3972/4418/3368
f 3972/4418/3368 3970/4416/3369 3969/4415/3355
f 3971/4417/3368 3973/4419/3370 3974/4420/3371
f 3974/4420/3371 3972/4418/3368 3971/4417/3368
f 3973/4419/3370 3959/4405/3361 3962/4408/3361
f 3962/4408/3361 3974/4420/3371 3973/4419/3370
f 3975/4421/3372 3976/4422/3373 3977/4423/3374
f 3977/4423/3374 3978/4424/3375 3975/4421/3372
f 3976/4422/3373 3979/4425/3376 3980/4426/3377
f 3980/4426/3377 3977/4423/3374 3976/4422/3373
f 3979/4427/3376 3981/4428/3378 3982/4429/3379
f 3982/4429/3379 3980/4430/3377 3979/4427/3376
f 3981/4428/3378 3983/4431/3380 3982/4429/3379
f 3983/4432/3380 3984/4433/3381 3985/4434/3382
f 3985/4434/3382 3982/4435/3379 3983/4432/3380
f 3984/4436/3381 3986/4437/3383 3987/4438/3384
f 3987/4438/3384 3985/4439/3382 3984/4436/3381
f 3986/4437/3383 3988/4440/3385 3989/4441/3386
f 3989/4441/3386 3987/4438/3384 3986/4437/3383
f 3988/4442/3385 3975/4421/3372 3978/4424/3375
f 3978/4424/3375 3989/4443/3386 3988/4442/3385
f 3990/4444/3387 3991/4445/3388 3956/4402/3358
f 3956/4402/3358 3955/4401/3357 3990/4444/3387
f 3991/4445/3388 3992/4446/3389 3956/4402/3358
f 3948/4395/3350 3919/4334/3323 3922/4337/3326
f 3922/4337/3326 3910/4396/3314 3948/4395/3350
f 3946/4373/3348 3911/4447/3315 3910/4396/3314
f 3910/4396/3314 3922/4337/3326 3946/4373/3348
f 3915/4330/3319 3951/4391/3353 3919/4390/3323
f 3919/4390/3323 3948/4379/3350 3915/4330/3319
f 3911/4382/3315 3946/4448/3348 3917/4332/3321
f 3917/4332/3321 3950/4383/3352 3911/4382/3315
f 3921/4449/3325 3931/4347/3335 3945/4369/3347
f 3931/4347/3335 3921/4449/3325 3920/4450/3324
f 3920/4450/3324 3933/4377/3337 3931/4347/3335
f 3933/4384/3337 3920/4389/3324 3952/4451/3354
f 3952/4451/3354 3914/4329/3318 3933/4384/3337
f 3952/4451/3354 3951/4391/3353 3915/4330/3319
f 3915/4330/3319 3914/4329/3318 3952/4451/3354
f 3993/4452/3390 3994/4453/3391 3995/4454/3392
f 3996/4455/3393 3997/4456/3394 3998/4457/3395
f 3998/4457/3395 3999/4458/3396 3996/4455/3393
f 4000/4459/3397 4001/4460/3398 4002/4461/3399
f 4003/4462/3400 4004/4463/3401 4005/4464/3402
f 4005/4464/3402 4006/4465/3403 4003/4462/3400
f 4007/4466/3404 4008/4467/3405 4009/4468/3406
f 4009/4468/3406 4010/4469/3407 4007/4466/3404
f 4011/4470/3408 4012/4471/3409 4013/4472/3410
f 4013/4472/3410 4014/4473/3411 4011/4470/3408
f 4013/4474/3410 4015/4475/3412 4016/4476/3413
f 4017/4477/3414 4015/4475/3412 4018/4478/3415
f 4018/4478/3415 4019/103/3416 4017/4477/3414
f 4007/4466/3404 4020/4479/3417 4021/4480/3417
f 4021/4480/3417 4008/4467/3405 4007/4466/3404
f 4012/4471/3409 4022/4481/3418 4023/4482/3419
f 4023/4482/3419 4013/4472/3410 4012/4471/3409
f 4013/4483/3410 4023/4484/3419 4024/4485/3420
f 4024/4485/3420 4015/1253/3412 4013/4483/3410
f 4025/4486/3421 4026/4487/3422 4027/4488/3421
f 4027/4488/3421 4028/4489/3421 4025/4486/3421
f 4014/4490/3411 4013/4491/3410 4016/4370/3413
f 4016/4476/3413 4029/4492/3423 4014/4493/3411
f 4030/4494/3424 4029/4495/3423 4031/4496/3425
f 4031/4496/3425 4001/4497/3398 4030/4494/3424
f 4016/4476/3413 4015/4475/3412 4017/4477/3414
f 4032/4498/3426 4033/4499/3427 3997/4456/3394
f 3997/4456/3394 3996/4455/3393 4032/4498/3426
f 4002/4461/3399 4034/4500/3428 3994/4501/3391
f 3994/4453/3391 3993/4452/3390 4002/4502/3399
f 4017/4503/3414 4019/4504/3416 3999/4458/3396
f 3999/4458/3396 3998/4457/3395 4017/4503/3414
f 4006/4505/3403 4035/4506/3429 4036/4507/3430
f 4036/4508/3430 4003/4509/3400 4006/4510/3403
f 3993/4452/3390 3995/4454/3392 4033/4511/3427
f 4033/4511/3427 4032/4512/3426 3993/4452/3390
f 4029/4513/3423 4005/4514/3402 4004/4515/3401
f 4004/4463/3401 4031/4496/3425 4029/4495/3423
f 4007/4466/3404 4010/4469/3407 4037/4516/3431
f 4038/4517/3432 4010/4469/3407 4009/4468/3406
f 4030/4494/3424 4014/4518/3411 4029/4495/3423
f 4011/4470/3408 4014/4473/3411 4030/4519/3424
f 4030/4519/3424 4000/4459/3397 4011/4470/3408
f 4039/4520/3433 4040/4521/3434 4041/4522/3434
f 4041/4522/3434 4042/4523/3435 4039/4520/3433
f 4043/4524/3436 4044/4525/3436 4045/4526/3437
f 4045/4526/3437 4046/4527/3437 4043/4524/3436
f 4046/4527/3437 4045/4526/3437 4047/4528/3438
f 4047/4528/3438 4048/4529/3438 4046/4527/3437
f 4048/4529/3438 4047/4528/3438 4049/4530/3439
f 4049/4530/3439 4050/4531/3440 4048/4529/3438
f 4050/4531/3440 4049/4530/3439 4051/4532/3441
f 4051/4532/3441 4052/4533/3442 4050/4531/3440
f 4052/4533/3442 4051/4532/3441 4053/4534/3443
f 4053/4534/3443 4054/4535/3444 4052/4533/3442
f 4054/4535/3444 4053/4534/3443 4055/4536/3441
f 4055/4536/3441 4056/4537/3441 4054/4535/3444
f 4056/4537/3441 4055/4536/3441 4057/4538/3445
f 4057/4538/3445 4058/4539/3446 4056/4537/3441
f 4058/4539/3446 4057/4538/3445 4044/4525/3436
f 4044/4525/3436 4043/4524/3436 4058/4539/3446
f 4059/4540/3447 4060/4541/3448 4061/4542/3449
f 4061/4542/3449 4062/4543/3450 4059/4540/3447
f 4062/4543/3450 4061/4542/3449 4063/4544/3451
f 4063/4544/3451 4064/4545/3452 4062/4543/3450
f 4064/4546/3452 4063/4547/3451 4065/4548/3453
f 4065/4548/3453 4066/4549/3454 4064/4546/3452
f 4066/4549/3454 4065/4548/3453 4067/4550/3455
f 4067/4551/3455 4065/4552/3453 4068/4553/3456
f 4068/4553/3456 4069/4554/3457 4067/4551/3455
f 4069/4555/3457 4068/4556/3456 4070/4557/3458
f 4070/4557/3458 4071/4558/3459 4069/4555/3457
f 4071/4558/3459 4070/4557/3458 4072/4559/3460
f 4072/4559/3460 4073/4560/3461 4071/4558/3459
f 4073/4560/3461 4072/4559/3460 4060/4561/3448
f 4060/4561/3448 4059/4562/3447 4073/4560/3461
f 4040/4521/3434 4074/4563/3462 4075/4564/3463
f 4075/4564/3463 4041/4522/3434 4040/4521/3434
f 4074/4563/3462 4040/4521/3434 4076/4565/3464
f 4033/4566/3427 3995/4567/3392 4004/4463/3401
f 4004/4463/3401 4003/4462/3400 4033/4566/3427
f 4031/4496/3425 4004/4463/3401 3995/4567/3392
f 3995/4567/3392 3994/4568/3391 4031/4496/3425
f 3997/4456/3394 4033/4499/3427 4003/4509/3400
f 4003/4509/3400 4036/4508/3430 3997/4456/3394
f 3994/4501/3391 4034/4500/3428 4001/4460/3398
f 4001/4460/3398 4031/4569/3425 3994/4501/3391
f 4005/4570/3402 4029/4492/3423 4016/4476/3413
f 4016/4476/3413 4017/4477/3414 4006/4571/3403
f 4006/4571/3403 4005/4570/3402 4016/4476/3413
f 4017/4503/3414 3998/4457/3395 4035/4572/3429
f 4035/4572/3429 4006/4510/3403 4017/4503/3414
f 3997/4456/3394 4036/4508/3430 4035/4572/3429
f 4035/4572/3429 3998/4457/3395 3997/4456/3394
f 4077/4573/3465 4078/4574/3466 4079/4575/3467
f 4079/4575/3467 4080/4576/3468 4077/4573/3465
f 4081/4577/3469 4082/4578/3469 4083/4579/3469
f 4083/4579/3469 4084/4580/3469 4081/4577/3469
f 4085/4581/3470 4086/4582/3471 4087/4583/3472
f 4087/4583/3472 4088/4584/3472 4085/4581/3470
f 4089/4585/3473 4090/4586/3474 4091/4587/3473
f 4091/4587/3473 4092/4588/3475 4089/4585/3473
f 4093/4589/3476 4094/4590/3477 4095/4591/3478
f 4095/4591/3478 4096/4592/3478 4093/4589/3476
f 4097/4593/3479 4098/4594/3479 4099/4595/3479
f 4099/4595/3479 4100/4596/3480 4097/4593/3479
f 4101/4597/3481 4102/4598/3481 4103/4599/3482
f 4103/4599/3482 4104/4600/3483 4101/4597/3481
f 4105/4601/3484 4106/4602/3484 4107/4603/3485
f 4107/4603/3485 4108/4604/3485 4105/4601/3484
f 4109/4605/3486 4110/4606/3486 4111/4607/3487
f 4111/4607/3487 4112/4608/3488 4109/4605/3486
f 4113/4609/3489 4114/4610/3489 4115/4611/3490
f 4115/4611/3490 4116/4612/3491 4113/4609/3489
f 4078/4574/3466 4104/4600/3483 4103/4599/3482
f 4103/4599/3482 4079/4575/3467 4078/4574/3466
f 4117/4613/3492 4118/4614/3493 4119/4615/3494
f 4119/4615/3494 4120/4616/3492 4117/4613/3492
f 4085/4581/3470 4112/4608/3488 4111/4607/3487
f 4111/4607/3487 4086/4582/3471 4085/4581/3470
f 4093/4589/3476 4116/4612/3491 4115/4611/3490
f 4115/4611/3490 4094/4590/3477 4093/4589/3476
f 4121/4617/3479 4122/4618/3495 4123/4619/3479
f 4123/4619/3479 4124/4620/3479 4121/4617/3479
f 4086/4582/3471 4111/4607/3487 4125/4621/3496
f 4125/4621/3496 4126/4622/3497 4086/4582/3471
f 4127/4623/3498 4128/4624/3498 4129/3531/3498
f 4129/3531/3498 4130/4625/3498 4127/4623/3498
f 4131/4626/3499 4132/4627/3500 4133/4628/3501
f 4133/4628/3501 4134/2420/3502 4131/4626/3499
f 4135/4629/3503 4136/4630/3503 4137/4631/3503
f 4137/4631/3503 4138/4632/3503 4135/4629/3503
f 4139/4633/3499 4140/4634/3504 4141/4635/3505
f 4141/4635/3505 4142/4636/3505 4139/4633/3499
f 4143/4637/3494 4144/4638/3493 4145/4639/3506
f 4145/4639/3506 4146/4640/3506 4143/4637/3494
f 4147/4641/3507 4148/4642/3508 4149/4643/3509
f 4149/4643/3509 4150/4644/3509 4147/4641/3507
f 4151/4645/3510 4152/4646/3511 4153/4647/3512
f 4153/4647/3512 4154/4648/3510 4151/4645/3510
f 4155/4649/3513 4156/4650/3514 4157/4651/3515
f 4157/4651/3515 4158/4652/3513 4155/4649/3513
f 4159/4653/3516 4160/4654/3517 4161/4655/3518
f 4161/4655/3518 4162/4656/3519 4159/4653/3516
f 4163/4657/3520 4164/4658/3521 4165/3547/3520
f 4165/3547/3520 4166/4659/3520 4163/4657/3520
f 4167/4660/3522 4168/4661/3523 4169/4662/3524
f 4169/4662/3524 4170/4663/3525 4167/4660/3522
f 4171/4664/3526 4172/4665/3527 4173/4666/3526
f 4173/4666/3526 4174/4667/3528 4171/4664/3526
f 4175/4668/3529 4176/4669/3529 4177/4670/3530
f 4177/4670/3530 4178/4671/3531 4175/4668/3529
f 4179/4672/3532 4180/4673/3533 4181/4674/3532
f 4181/4674/3532 4182/4675/3534 4179/4672/3532
f 4183/4676/3535 4184/4677/3535 4185/4678/3536
f 4185/4678/3536 4186/4679/3537 4183/4676/3535
f 4187/4680/3538 4188/4681/3539 4189/4682/3540
f 4189/4682/3540 4190/4683/3541 4187/4680/3538
f 4191/4684/3542 4178/4671/3531 4177/4670/3530
f 4177/4670/3530 4192/4685/3543 4191/4684/3542
f 4193/4686/3544 4194/4687/3545 4195/4688/3546
f 4195/4688/3546 4196/4615/3544 4193/4686/3544
f 4197/4689/3547 4186/4679/3537 4185/4678/3536
f 4185/4678/3536 4198/4690/3548 4197/4689/3547
f 4167/4660/3522 4187/4680/3538 4190/4683/3541
f 4190/4683/3541 4168/4661/3523 4167/4660/3522
f 4199/4691/3549 4200/4692/3549 4201/4693/3549
f 4201/4693/3549 4202/4694/3549 4199/4691/3549
f 4198/4690/3548 4185/4678/3536 4203/4695/3550
f 4203/4695/3550 4204/4696/3551 4198/4690/3548
f 4205/4697/3552 4206/4698/3553 4207/4699/3553
f 4207/4699/3553 4208/4700/3554 4205/4697/3552
f 4209/4701/3555 4210/4702/3556 4211/4703/3557
f 4211/4703/3557 4212/4704/3558 4209/4701/3555
f 4213/4705/3559 4214/4706/3559 4215/4707/3559
f 4215/4707/3559 4216/4708/3559 4213/4705/3559
f 4209/4701/3555 4212/4704/3558 4217/4709/3560
f 4217/4709/3560 4218/4710/3561 4209/4701/3555
f 4219/4711/3562 4220/4712/3545 4221/4713/3563
f 4221/4713/3563 4222/4714/3563 4219/4711/3562
f 4223/4715/3564 4224/4716/3565 4225/4717/3566
f 4225/4717/3566 4226/4718/3567 4223/4715/3564
f 4191/4684/3542 4192/4685/3543 4153/4647/3512
f 4153/4647/3512 4152/4646/3511 4191/4684/3542
f 4227/4719/3568 4228/4720/3568 4157/4651/3515
f 4157/4651/3515 4156/4650/3514 4227/4719/3568
f 4197/4689/3547 4198/4690/3548 4160/4654/3517
f 4160/4654/3517 4159/4653/3516 4197/4689/3547
f 4188/4681/3539 4229/4721/3569 4230/4722/3570
f 4230/4722/3570 4189/4682/3540 4188/4681/3539
f 4231/4723/3571 4232/4724/3572 4233/4725/3573
f 4233/4725/3573 4234/4726/3574 4231/4723/3571
f 4235/4727/3575 4236/4728/3576 4232/4724/3572
f 4232/4724/3572 4231/4723/3571 4235/4727/3575
f 4237/4729/3577 4238/4730/3578 4239/4731/3579
f 4234/4726/3574 4233/4725/3573 4238/4732/3578
f 4238/4730/3578 4237/4729/3577 4234/4733/3574
f 4240/4734/3580 4241/4735/3581 4242/4736/3582
f 4243/4737/3583 4241/4735/3581 4240/4734/3580
f 4244/4738/3584 4241/4735/3581 4243/4737/3583
f 4243/4737/3583 4245/4739/3585 4244/4738/3584
f 4246/4740/3586 4244/4738/3584 4245/4739/3585
f 4245/4739/3585 4247/4741/3587 4246/4740/3586
f 4248/4742/3588 4246/4740/3586 4247/4741/3587
f 4249/4743/3589 4246/4744/3586 4248/4745/3588
f 4241/4746/3581 4250/4747/3590 4251/4748/3591
f 4241/4746/3581 4252/4749/3592 4250/4747/3590
f 4241/4746/3581 4244/4750/3584 4253/4751/3593
f 4253/4751/3593 4252/4749/3592 4241/4746/3581
f 4244/4750/3584 4246/4752/3586 4254/4753/3594
f 4254/4753/3594 4253/4751/3593 4244/4750/3584
f 4246/4752/3586 4255/4754/3595 4254/4753/3594
f 4246/4752/3586 4256/4755/3596 4255/4754/3595
f 4257/4756/3597 4258/4757/3598 4259/4758/3599
f 4260/4759/3600 4258/4757/3598 4257/4756/3597
f 4261/4760/3601 4262/4761/3602 4263/4762/3603
f 4263/4762/3603 4264/4763/3604 4261/4760/3601
f 4258/4757/3598 4265/4764/3605 4262/4761/3602
f 4262/4761/3602 4261/4760/3601 4258/4757/3598
f 4266/4765/3606 4267/4766/3607 4268/4767/3608
f 4264/4768/3604 4263/4769/3603 4267/4766/3607
f 4267/4766/3607 4266/4765/3606 4264/4768/3604
f 4258/4757/3598 4269/4770/3609 4265/4764/3605
f 4270/4771/3610 4271/4772/3611 4272/4773/3612
f 4273/4774/3613 4274/4775/3614 4275/4776/3615
f 4276/4777/3616 4275/4776/3615 4271/4772/3611
f 4271/4772/3611 4270/4771/3610 4276/4777/3616
f 4272/4773/3612 4271/4772/3611 4277/4778/3617
f 4277/4778/3617 4278/4779/3618 4272/4773/3612
f 4279/4780/3619 4277/4778/3617 4280/4781/3620
f 4280/4781/3620 4281/4782/3621 4279/4780/3619
f 4282/4783/3622 4275/4776/3615 4276/4777/3616
f 4283/4784/3623 4275/4776/3615 4282/4783/3622
f 4278/4779/3618 4277/4778/3617 4279/4780/3619
f 4284/4785/3624 4280/4781/3620 4285/4786/3625
f 4286/4787/3626 4281/4782/3621 4280/4781/3620
f 4280/4781/3620 4284/4785/3624 4286/4787/3626
f 4279/4780/3619 4281/4782/3621 4287/4788/3627
f 4281/4782/3621 4286/4787/3626 4288/4789/3628
f 4288/4789/3628 4287/4788/3627 4281/4782/3621
f 4289/4790/3629 4290/4791/3630 4291/4792/3631
f 4291/4792/3631 4292/4793/3632 4289/4790/3629
f 4291/4792/3631 4293/4794/3633 4294/4795/3634
f 4294/4795/3634 4292/4793/3632 4291/4792/3631
f 4294/4795/3634 4293/4794/3633 4295/4796/3635
f 4296/4797/3636 4293/4794/3633 4297/4798/3637
f 4298/4799/3638 4293/4794/3633 4296/4797/3636
f 4295/4796/3635 4293/4794/3633 4298/4799/3638
f 4299/4800/3639 4290/4791/3630 4289/4790/3629
f 4289/4790/3629 4300/4801/3640 4299/4800/3639
f 4301/4802/3641 4302/4803/3642 4258/4757/3598
f 4258/4757/3598 4260/4759/3600 4301/4802/3641
f 4302/4803/3642 4269/4770/3609 4258/4757/3598
f 4302/4803/3642 4303/4804/3643 4269/4770/3609
f 4304/4805/3644 4302/4803/3642 4301/4802/3641
f 4290/4791/3630 4299/4800/3639 4305/4806/3645
f 4283/4784/3623 4306/4807/3646 4273/4774/3613
f 4273/4774/3613 4275/4776/3615 4283/4784/3623
f 4307/4808/3647 4308/4809/3648 4309/4810/3649
f 4310/4811/3650 4311/4812/3651 4312/4813/3650
f 4313/4814/3652 4309/4815/3653 4314/4816/3654
f 4314/4816/3654 4315/4817/3655 4313/4814/3652
f 4316/4818/3656 4273/4819/3657 4313/4814/3652
f 4313/4814/3652 4315/4817/3655 4316/4818/3656
f 4317/4820/3658 4318/4821/3659 4319/4822/3658
f 4311/4823/3660 4320/4824/3661 4321/4825/3661
f 4309/4826/3653 4313/4827/3652 4322/4828/3662
f 4322/4828/3662 4323/4829/3663 4309/4826/3653
f 4273/856/3657 4324/4830/3664 4322/4831/3662
f 4322/4828/3662 4313/4827/3652 4273/4832/3657
f 4318/4833/3659 4325/4834/3665 4326/4835/3665
f 4327/4836/3666 4328/4837/3666 4329/4838/3666
f 4329/4838/3666 4330/4839/3666 4327/4836/3666
f 4331/4840/3667 4332/4841/3667 4333/4842/3667
f 4334/4843/3668 4335/4844/3668 4336/4845/3669
f 4336/4845/3669 4337/4846/3668 4334/4843/3668
f 4338/4847/3670 4339/4848/3670 4340/4849/3670
f 4341/4850/3671 4342/4851/3672 4343/4852/3673
f 4343/4852/3673 4344/4853/3674 4341/4850/3671
f 4345/4854/3675 4341/4850/3671 4344/4853/3674
f 4344/4853/3674 4346/4855/3676 4345/4854/3675
f 4347/4856/3677 4348/4857/3678 4349/4858/3679
f 4342/4851/3672 4347/4856/3677 4349/4858/3679
f 4349/4858/3679 4343/4852/3673 4342/4851/3672
f 4350/4859/3680 4351/4860/3681 4352/4861/3682
f 4353/4862/3683 4350/4859/3680 4352/4861/3682
f 4353/4862/3683 4352/4861/3682 4354/4863/3684
f 4354/4863/3684 4355/4864/3685 4353/4862/3683
f 4355/4864/3685 4354/4863/3684 4356/4865/3686
f 4356/4865/3686 4357/4866/3687 4355/4864/3685
f 4358/4867/3688 4357/4866/3687 4356/4865/3686
f 4359/4868/3689 4358/4869/3688 4356/4870/3686
f 4352/4871/3682 4360/4872/3690 4361/4873/3691
f 4352/4871/3682 4361/4873/3691 4362/4874/3692
f 4352/4871/3682 4362/4874/3692 4363/4875/3693
f 4363/4875/3693 4354/4876/3684 4352/4871/3682
f 4354/4876/3684 4363/4875/3693 4364/4877/3694
f 4364/4877/3694 4356/4878/3686 4354/4876/3684
f 4356/4878/3686 4364/4877/3694 4365/4879/3695
f 4356/4880/3686 4365/4881/3695 4366/4882/3696
f 4367/4883/3697 4368/4884/3698 4369/4885/3699
f 4370/4886/3700 4367/4887/3697 4369/4888/3699
f 4371/4889/3701 4372/4890/3702 4373/4891/3703
f 4373/4891/3703 4374/4892/3704 4371/4889/3701
f 4372/4890/3702 4375/4893/3705 4369/4888/3699
f 4369/4888/3699 4373/4891/3703 4372/4890/3702
f 4376/4894/3706 4377/4895/3707 4378/4896/3708
f 4378/4896/3708 4371/4897/3701 4374/4898/3704
f 4374/4898/3704 4376/4894/3706 4378/4896/3708
f 4369/4888/3699 4375/4893/3705 4379/4899/3709
f 4380/4900/3710 4381/4901/3612 4271/4772/3611
f 4382/4902/3711 4275/4776/3615 4383/4903/3712
f 4384/4904/3713 4380/4900/3710 4271/4772/3611
f 4271/4772/3611 4275/4776/3615 4384/4904/3713
f 4381/4901/3612 4385/4905/3618 4277/4778/3617
f 4277/4778/3617 4271/4772/3611 4381/4901/3612
f 4386/4906/3714 4387/4907/3715 4280/4781/3620
f 4280/4781/3620 4277/4778/3617 4386/4906/3714
f 4388/4908/3622 4384/4904/3713 4275/4776/3615
f 4389/4909/3716 4388/4908/3622 4275/4776/3615
f 4385/4905/3618 4386/4906/3714 4277/4778/3617
f 4390/4910/3717 4285/4786/3625 4280/4781/3620
f 4391/4911/3718 4390/4910/3717 4280/4781/3620
f 4280/4781/3620 4387/4907/3715 4391/4911/3718
f 4386/4906/3714 4392/4912/3719 4387/4907/3715
f 4387/4907/3715 4392/4912/3719 4393/4913/3720
f 4393/4913/3720 4391/4911/3718 4387/4907/3715
f 4291/4792/3631 4290/4791/3630 4394/4914/3721
f 4394/4914/3721 4395/4915/3722 4291/4792/3631
f 4396/4916/3723 4293/4794/3633 4291/4792/3631
f 4291/4792/3631 4395/4915/3722 4396/4916/3723
f 4396/4916/3723 4397/4917/3724 4293/4794/3633
f 4398/4918/3725 4399/4919/3726 4293/4794/3633
f 4400/4920/3727 4398/4918/3725 4293/4794/3633
f 4397/4917/3724 4400/4920/3727 4293/4794/3633
f 4401/4921/3728 4402/4922/3729 4394/4914/3721
f 4394/4914/3721 4290/4791/3630 4401/4921/3728
f 4403/4923/3730 4370/4886/3700 4369/4888/3699
f 4369/4888/3699 4404/4924/3731 4403/4923/3730
f 4404/4924/3731 4369/4888/3699 4379/4899/3709
f 4404/4924/3731 4379/4899/3709 4405/4925/3732
f 4406/4926/3733 4403/4923/3730 4404/4924/3731
f 4290/4791/3630 4305/4806/3645 4401/4921/3728
f 4382/4902/3711 4407/4927/3734 4389/4909/3716
f 4389/4909/3716 4275/4776/3615 4382/4902/3711
f 4307/4808/3647 4408/4928/3735 4308/4809/3648
f 4409/4929/3736 4410/4930/3736 4411/4931/3737
f 4412/4932/3738 4408/4933/3739 4413/4934/3740
f 4413/4934/3740 4414/4935/3741 4412/4932/3738
f 4415/4936/3742 4414/4935/3741 4413/4934/3740
f 4413/4934/3740 4382/4937/3711 4415/4936/3742
f 4416/4938/3743 4417/4939/3743 4418/4940/3744
f 4411/1884/3745 4419/4941/3746 4420/4942/3746
f 4408/4943/3739 4421/4944/3747 4422/4945/3748
f 4422/4945/3748 4413/4946/3740 4408/4943/3739
f 4422/4947/3748 4423/4948/3749 4382/4949/3711
f 4382/4950/3711 4413/4946/3740 4422/4945/3748
f 4418/4951/3744 4424/4952/3750 4425/4953/3750
f 4426/4954/3751 4427/4955/3751 4428/4956/3751
f 4428/4956/3751 4429/4957/3751 4426/4954/3751
f 4430/3212/3752 4431/4958/3752 4432/4959/3752
f 4433/4960/3753 4434/4961/3753 4435/4962/3754
f 4435/4962/3754 4436/4963/3753 4433/4960/3753
f 4437/4964/3755 4438/3324/3755 4439/4965/3755
f 4440/4966/3756 4441/4967/3757 4442/4968/3758
f 4442/4968/3758 4443/1329/3756 4440/4966/3756
f 4441/4969/3757 4444/4970/3759 4445/4971/3760
f 4445/4971/3760 4442/4972/3758 4441/4969/3757
f 4444/4970/3759 4446/4973/3761 4447/4974/3762
f 4447/4974/3762 4445/4971/3760 4444/4970/3759
f 4446/4973/3761 4448/4975/3763 4449/4976/3764
f 4449/4976/3764 4447/4974/3762 4446/4973/3761
f 4448/4977/3763 4450/4978/3765 4451/4979/3765
f 4451/4979/3765 4449/4980/3764 4448/4977/3763
f 4452/3629/3766 4453/4981/3766 4454/4982/3766
f 4453/4981/3766 4455/4983/3766 4454/4982/3766
f 4455/4983/3766 4456/4984/3766 4454/4982/3766
f 4456/4984/3766 4457/4985/3766 4454/4982/3766
f 4457/4985/3766 4458/4986/3766 4454/4982/3766
f 4459/4987/3767 4460/4988/3767 4461/4989/3767
f 4462/4990/3767 4463/4991/3767 4461/4989/3767
f 4463/4991/3767 4464/4992/3767 4461/4989/3767
f 4464/4992/3767 4465/4993/3767 4461/4989/3767
f 4465/4993/3767 4459/4987/3767 4461/4989/3767
f 4466/4994/3768 4467/4995/3768 4468/4996/3769
f 4468/4996/3769 4469/4997/3769 4466/4994/3768
f 4470/4998/3770 4471/4999/3770 4472/5000/3771
f 4472/5000/3771 4473/5001/3771 4470/4998/3770
f 4474/5002/3772 4475/5003/3772 4476/5004/3773
f 4476/5004/3773 4477/5005/3773 4474/5002/3772
f 4469/4997/3769 4468/4996/3769 4478/5006/3774
f 4478/5006/3774 4479/5007/3774 4469/4997/3769
f 4473/5001/3771 4472/5000/3771 4480/5008/3775
f 4480/5008/3775 4481/5009/3775 4473/5001/3771
f 4477/5005/3773 4476/5004/3773 4482/5010/3776
f 4482/5010/3776 4483/5011/3776 4477/5005/3773
f 4479/5007/3774 4478/5006/3774 4484/5012/3777
f 4484/5012/3777 4485/5013/3777 4479/5007/3774
f 4481/5009/3775 4480/5008/3775 4486/5014/3778
f 4486/5014/3778 4487/5015/3778 4481/5009/3775
f 4483/5011/3776 4482/5010/3776 4488/5016/3779
f 4488/5016/3779 4489/5017/3780 4483/5011/3776
f 4485/5018/3777 4484/5019/3777 4490/5020/3781
f 4490/5020/3781 4491/5021/3781 4485/5018/3777
f 4487/5022/3778 4486/5023/3778 4492/5024/3782
f 4492/5024/3782 4493/5025/3782 4487/5022/3778
f 4489/5017/3780 4488/5016/3779 4494/5026/3783
f 4494/5026/3783 4495/5027/3784 4489/5017/3780
f 4491/5021/3781 4490/5020/3781 4496/5028/3785
f 4496/5028/3785 4497/5029/3785 4491/5021/3781
f 4493/5025/3782 4492/5024/3782 4498/5030/3786
f 4498/5030/3786 4499/5031/3786 4493/5025/3782
f 4495/5027/3784 4494/5026/3783 4500/5032/3787
f 4500/5032/3787 4501/5033/3787 4495/5027/3784
f 4502/5034/3788 4503/5035/3788 4504/5036/3789
f 4504/5036/3789 4505/5037/3789 4502/5034/3788
f 4506/5038/3790 4507/5039/3790 4508/5040/3791
f 4508/5040/3791 4509/5041/3791 4506/5038/3790
f 4510/5042/3792 4511/5043/3792 4512/5044/3793
f 4512/5044/3793 4513/5045/3793 4510/5042/3792
f 4505/5037/3789 4504/5036/3789 4514/5046/3794
f 4514/5046/3794 4515/5047/3794 4505/5037/3789
f 4509/5041/3791 4508/5040/3791 4516/5048/3795
f 4516/5048/3795 4517/5049/3795 4509/5041/3791
f 4513/5045/3793 4512/5044/3793 4518/5050/3796
f 4518/5050/3796 4519/5051/3796 4513/5045/3793
f 4515/5047/3794 4514/5046/3794 4520/5052/3797
f 4520/5052/3797 4521/5053/3797 4515/5047/3794
f 4517/5049/3795 4516/5048/3795 4522/5054/3798
f 4522/5054/3798 4523/5055/3798 4517/5049/3795
f 4519/5051/3796 4518/5050/3796 4524/5056/3799
f 4524/5056/3799 4525/5057/3799 4519/5051/3796
f 4521/5058/3797 4520/5059/3797 4526/5060/3800
f 4526/5060/3800 4527/5061/3800 4521/5058/3797
f 4523/5062/3798 4522/5063/3798 4528/5064/3801
f 4528/5064/3801 4529/5065/3802 4523/5062/3798
f 4525/5057/3799 4524/5056/3799 4530/5066/3803
f 4530/5066/3803 4531/5067/3803 4525/5057/3799
f 4527/5061/3800 4526/5060/3800 4467/4995/3768
f 4467/4995/3768 4466/4994/3768 4527/5061/3800
f 4529/5065/3802 4528/5064/3801 4471/4999/3770
f 4471/4999/3770 4470/4998/3770 4529/5065/3802
f 4531/5067/3803 4530/5066/3803 4475/5068/3772
f 4475/5068/3772 4474/5069/3772 4531/5067/3803
f 4532/5070/3804 4533/5071/3804 4534/5072/3804
f 4534/5072/3804 4535/5073/3804 4532/5070/3804
f 4536/5074/3805 4537/5075/3806 4538/5076/3805
f 4538/5076/3805 4539/5077/3805 4536/5074/3805
f 4540/3904/3807 4541/5078/3807 4542/5079/3807
f 4542/5079/3807 4543/5080/3807 4540/3904/3807
f 4544/5081/3808 4545/5082/3808 4546/5083/3808
f 4546/5083/3808 4547/5084/3808 4544/5081/3808
f 4548/5085/3809 4549/5086/3809 4550/5087/3809
f 4550/5087/3809 4551/5088/3809 4548/5085/3809
f 4552/5089/3810 4553/5090/3811 4554/4100/3810
f 4554/4100/3810 4555/5091/3810 4552/5089/3810
f 4556/5092/3812 4557/5093/3813 4558/5094/3812
f 4558/5094/3812 4559/5095/3812 4556/5092/3812
f 4560/5096/3804 4561/5097/3804 4533/5071/3804
f 4533/5071/3804 4532/5070/3804 4560/5096/3804
f 4562/5098/3805 4563/5099/3805 4538/5076/3805
f 4538/5076/3805 4537/5075/3806 4562/5098/3805
f 4564/5100/3804 4565/5101/3814 4566/5102/3804
f 4566/5102/3804 4567/3807/3804 4564/5100/3804
f 4568/5103/3815 4569/5104/3815 4570/5105/3815
f 4570/5105/3815 4571/5106/3815 4568/5103/3815
f 4572/5107/3816 4573/5108/3816 4574/5109/3816
f 4574/5109/3816 4575/5110/3816 4572/5107/3816
f 4576/5111/3814 4577/5112/3804 4566/5102/3804
f 4566/5102/3804 4565/5101/3814 4576/5111/3814
f 4578/5113/3817 4579/5114/3817 4580/5115/3817
f 4580/5115/3817 4581/5116/3817 4578/5113/3817
f 4582/5117/3805 4583/5118/3805 4584/5119/3805
f 4584/5119/3805 4585/5120/3805 4582/5117/3805
f 4586/5121/3804 4587/5122/3804 4588/5123/3804
f 4588/5123/3804 4589/370/3804 4586/5121/3804
f 4590/5124/3805 4591/5125/3805 4592/5126/3805
f 4592/5126/3805 4593/5127/3805 4590/5124/3805
f 4594/5128/3818 4595/5129/3818 4596/5130/3818
f 4596/5130/3818 4597/5131/3818 4594/5128/3818
f 4598/5132/3808 4599/5133/3808 4600/5134/3808
f 4600/5134/3808 4601/4214/3808 4598/5132/3808
f 4602/5135/3819 4603/5136/3819 4604/5137/3820
f 4604/5137/3820 4605/1813/3820 4602/5135/3819
f 4606/5138/3821 4607/5139/3821 4608/5140/3821
f 4608/5140/3821 4609/5141/3821 4606/5138/3821
f 4610/5141/3822 4611/5140/3822 4612/5142/3822
f 4612/5142/3822 4613/5143/3822 4610/5141/3822
f 4587/5122/3804 4614/5144/3804 4615/5145/3804
f 4615/5145/3804 4588/5123/3804 4587/5122/3804
f 4590/5124/3805 4616/5146/3805 4617/5147/3805
f 4617/5147/3805 4591/5125/3805 4590/5124/3805
f 4618/5148/3806 4583/5118/3805 4582/5117/3805
f 4582/5117/3805 4619/5149/3806 4618/5148/3806
f 4620/5150/3823 4621/5151/3823 4622/5152/3823
f 4622/5152/3823 4623/5153/3823 4620/5150/3823
f 4624/5154/3824 4625/5155/3824 4626/5156/3824
f 4626/5156/3824 4627/5157/3824 4624/5154/3824
f 4628/5158/3825 4629/5159/3825 4630/5160/3825
f 4630/5160/3825 4631/5161/3825 4628/5158/3825
f 4632/5162/3826 4633/5163/3826 4634/5164/3826
f 4634/5164/3826 4635/5165/3826 4632/5162/3826
f 4636/5166/1194 4637/5167/1194 4638/5168/1194
f 4638/5168/1194 4639/5169/1194 4636/5166/1194
f 4640/5170/3827 4641/5171/3827 4642/5172/3827
f 4642/5172/3827 4643/5173/3827 4640/5170/3827
f 4644/5174/1282 4645/5175/1282 4646/5176/1282
f 4646/5176/1282 4647/5177/1282 4644/5174/1282
f 4648/5178/3828 4649/5179/3828 4650/5180/3828
f 4650/5180/3828 4651/5181/3828 4648/5178/3828
f 4652/5182/3829 4653/5183/3829 4654/5184/3829
f 4654/5184/3829 4655/5185/3829 4652/5182/3829
f 4656/5186/3830 4657/5187/3830 4658/5188/3830
f 4658/5188/3830 4659/5189/3830 4656/5186/3830
f 4660/5190/3831 4661/5191/3831 4662/5192/3831
f 4662/5192/3831 4663/5193/3831 4660/5190/3831
f 4664/5194/1284 4665/5195/1284 4666/5196/1284
f 4666/5196/1284 4667/5187/1284 4664/5194/1284
f 4668/5197/1282 4669/5198/1282 4670/5199/1282
f 4670/5199/1282 4671/5200/1282 4668/5197/1282
f 4672/5201/1681 4673/5202/1681 4674/5203/1681
f 4674/5203/1681 4675/5204/1681 4672/5201/1681
f 4676/1807/3832 4677/5205/3832 4678/5206/3832
f 4678/5206/3832 4679/4012/3832 4676/1807/3832
f 4680/5207/1681 4681/5208/1681 4682/5209/1681
f 4682/5209/1681 4683/5210/1681 4680/5207/1681
f 4684/5211/1681 4685/5212/1681 4681/5208/1681
f 4681/5208/1681 4680/5207/1681 4684/5211/1681
f 4686/5213/3833 4687/5214/3834 4688/5215/3835
f 4689/5216/3836 4690/5217/3837 4691/5218/3838
f 4692/5219/1194 4693/5220/1194 4694/5221/1194
f 4694/5221/1194 4695/5222/1194 4692/5219/1194
f 4696/5133/3839 4697/5223/3839 4698/5224/3839
f 4698/5224/3839 4699/5225/3839 4696/5133/3839
f 4700/5226/1681 4701/5227/1681 4702/5228/1681
f 4702/5228/1681 4703/5229/1681 4700/5226/1681
f 4700/5226/1681 4704/5230/1681 4701/5227/1681
f 4705/5231/3840 4706/5232/3841 4707/5233/3842
f 4708/5234/3843 4709/5235/3844 4710/5236/3845
f 4711/5237/1194 4712/5238/1194 4713/5239/1194
f 4714/5240/3826 4688/5241/3835 4715/5242/3826
f 4716/5243/3825 4717/5244/3825 4718/5245/3825
f 4719/5246/3826 4707/5233/3842 4720/5247/3826
f 4721/5248/3825 4722/5249/3825 4723/5250/3825
f 4724/5251/3846 4725/5252/3846 4726/5253/3846
f 4726/5253/3846 4727/5254/3846 4724/5251/3846
f 4728/5255/1284 4729/5256/1284 4730/5257/1284
f 4730/5257/1284 4731/5258/1284 4728/5255/1284
f 4729/5256/1284 4732/5259/1284 4733/5260/1284
f 4733/5260/1284 4730/5257/1284 4729/5256/1284
f 4734/5261/3833 4735/1965/3835 4736/5262/3834
f 4737/5263/3836 4738/5264/3838 4739/1841/3837
f 4694/5221/1194 4693/5220/1194 4740/1572/1194
f 4740/1572/1194 4741/5265/1194 4694/5221/1194
f 4742/5266/3847 4743/5267/3847 4744/5268/3847
f 4744/5268/3847 4745/5269/3847 4742/5266/3847
f 4746/5270/1284 4747/5271/1284 4748/5272/1284
f 4748/5272/1284 4749/5273/1284 4746/5270/1284
f 4747/5271/1284 4750/5274/1284 4751/5275/1284
f 4752/5276/3840 4753/5277/3842 4754/5278/3841
f 4755/5279/3843 4756/5280/3845 4757/5281/3844
f 4713/5239/1194 4758/5282/1194 4759/5283/1194
f 4714/5240/3826 4734/5284/3833 4760/5285/3826
f 4716/5243/3825 4761/5286/3825 4737/5287/3836
f 4719/5246/3826 4752/5276/3840 4762/5288/3826
f 4721/5248/3825 4763/5289/3825 4755/5279/3843
f 4764/5290/3848 4765/5291/3849 4766/5292/3850
f 4766/5292/3850 4767/5293/3851 4764/5290/3848
f 4765/5294/3849 4768/5295/3852 4769/5296/3853
f 4769/5296/3853 4766/5297/3850 4765/5294/3849
f 4770/5298/3854 4771/5299/3855 4772/5300/3856
f 4772/5300/3856 4773/5301/3857 4770/5298/3854
f 4771/5299/3855 4774/5302/3858 4775/5303/3859
f 4775/5303/3859 4772/5300/3856 4771/5299/3855
f 4774/5304/3858 4776/5305/3860 4777/5306/3861
f 4777/5306/3861 4775/5307/3859 4774/5304/3858
f 4776/5305/3860 4778/5308/3862 4779/5309/3863
f 4779/5309/3863 4777/5306/3861 4776/5305/3860
f 4778/5310/3862 4780/5311/3864 4781/5312/3865
f 4781/5312/3865 4779/5313/3863 4778/5310/3862
f 4780/5311/3864 4782/5314/3866 4783/5315/3867
f 4783/5315/3867 4781/5312/3865 4780/5311/3864
f 4782/5314/3866 4784/5316/3868 4785/5317/3869
f 4785/5317/3869 4783/5315/3867 4782/5314/3866
f 4784/5318/3868 4764/5290/3848 4767/5293/3851
f 4767/5293/3851 4785/5319/3869 4784/5318/3868
f 4786/5320/3870 4787/5321/3871 4788/5322/3871
f 4788/5322/3871 4789/5323/3870 4786/5320/3870
f 4787/5321/3871 4790/5324/3872 4791/5325/3872
f 4791/5325/3872 4788/5322/3871 4787/5321/3871
f 4790/5324/3872 4792/5326/3873 4793/5327/3874
f 4793/5327/3874 4791/5325/3872 4790/5324/3872
f 4792/5326/3873 4794/5328/3875 4795/5329/3875
f 4795/5329/3875 4793/5327/3874 4792/5326/3873
f 4794/5328/3875 4796/5330/3876 4797/5331/3876
f 4797/5331/3876 4795/5329/3875 4794/5328/3875
f 4796/5330/3876 4798/5332/3877 4799/5333/3877
f 4799/5333/3877 4797/5331/3876 4796/5330/3876
f 4798/5332/3877 4800/5334/3876 4801/5335/3876
f 4801/5335/3876 4799/5333/3877 4798/5332/3877
f 4800/5334/3876 4802/5336/3878 4803/5337/3879
f 4803/5337/3879 4801/5335/3876 4800/5334/3876
f 4804/5336/3880 4805/5338/3881 4806/5339/3881
f 4806/5339/3881 4807/5337/3876 4804/5336/3880
f 4805/5338/3881 4786/5320/3870 4789/5323/3870
f 4789/5323/3870 4806/5339/3881 4805/5338/3881
f 4808/5340/3882 4809/5341/3883 4810/5342/3884
f 4809/5343/3883 4811/5344/3885 4810/5345/3884
f 4811/5344/3885 4812/5346/3886 4810/5345/3884
f 4812/5346/3886 4813/5347/3887 4810/5345/3884
f 4813/925/3887 4814/5348/3888 4810/5349/3884
f 4814/5348/3888 4815/5350/3889 4810/5349/3884
f 4815/5252/3889 4816/5351/3890 4810/5352/3884
f 4816/5351/3890 4817/5353/3891 4810/5352/3884
f 4818/5354/3892 4819/1569/3893 4810/5355/3884
f 4819/5356/3893 4808/5340/3882 4810/5342/3884
f 4820/5357/3894 4821/5358/3895 4822/5359/3896
f 4822/5359/3896 4823/5360/3897 4820/5357/3894
f 4823/4148/3897 4822/5361/3896 4824/5362/3898
f 4824/5362/3898 4825/5363/3899 4823/4148/3897
f 4826/5364/3900 4827/5365/3901 4828/5366/3902
f 4828/5366/3902 4829/5367/3903 4826/5364/3900
f 4829/5367/3903 4828/5366/3902 4830/5368/3904
f 4830/5368/3904 4831/5369/3905 4829/5367/3903
f 4831/5370/3905 4830/5313/3904 4832/5371/3906
f 4832/5371/3906 4833/5372/3907 4831/5370/3905
f 4833/5372/3907 4832/5371/3906 4834/5373/3908
f 4834/5373/3908 4835/5374/3909 4833/5372/3907
f 4835/5375/3909 4834/2984/3908 4836/5376/3910
f 4836/5376/3910 4837/5377/3911 4835/5375/3909
f 4837/5377/3911 4836/5376/3910 4838/5378/3912
f 4838/5378/3912 4839/5379/3913 4837/5377/3911
f 4839/5379/3913 4838/5378/3912 4840/5380/3914
f 4840/5380/3914 4841/5381/3915 4839/5379/3913
f 4841/5382/3915 4840/5383/3914 4821/5358/3895
f 4821/5358/3895 4820/5357/3894 4841/5382/3915
f 4842/5384/3916 4843/5385/3916 4844/5386/3917
f 4844/5386/3917 4845/5387/3917 4842/5384/3916
f 4845/5387/3917 4844/5386/3917 4846/5388/3918
f 4846/5388/3918 4847/5389/3918 4845/5387/3917
f 4847/5389/3918 4846/5388/3918 4848/5390/3919
f 4848/5390/3919 4849/5391/3920 4847/5389/3918
f 4849/5391/3920 4848/5390/3919 4850/5392/3921
f 4850/5392/3921 4851/5393/3921 4849/5391/3920
f 4851/5393/3921 4850/5392/3921 4852/5394/3922
f 4852/5394/3922 4853/5395/3922 4851/5393/3921
f 4853/5395/3922 4852/5394/3922 4854/5396/3923
f 4854/5396/3923 4855/5397/3923 4853/5395/3922
f 4855/5397/3923 4854/5396/3923 4856/5398/3922
f 4856/5398/3922 4857/5399/3922 4855/5397/3923
f 4857/5399/3922 4856/5398/3922 4858/5400/3924
f 4858/5400/3924 4859/5401/3925 4857/5399/3922
f 4860/5401/3926 4861/5400/3927 4862/5402/3928
f 4862/5402/3928 4863/5403/3928 4860/5401/3926
f 4863/5403/3928 4862/5402/3928 4843/5385/3916
f 4843/5385/3916 4842/5384/3916 4863/5403/3928
f 4864/5404/3929 4865/5405/3930 4866/5406/3931
f 4866/5407/3931 4865/5408/3930 4867/5409/3932
f 4867/5409/3932 4865/5408/3930 4868/5410/3933
f 4868/5410/3933 4865/5408/3930 4869/5411/3934
f 4869/5412/3934 4865/5413/3930 4870/5414/3935
f 4870/5414/3935 4865/5413/3930 4871/5415/3936
f 4871/3518/3936 4865/5416/3930 4872/5417/3937
f 4872/5417/3937 4865/5416/3930 4873/5418/3938
f 4874/5419/3939 4865/5420/3930 4875/5421/3940
f 4875/5422/3940 4865/5405/3930 4864/5404/3929
f 926/1070/861 1052/1212/978 1055/1215/981
f 1055/1215/981 927/1071/862 926/1070/861
f 927/1071/862 1055/1215/981 4876/5423/3941
f 4876/5423/3941 980/1128/913 927/1071/862
f 980/1128/913 4876/5423/3941 4877/5424/3942
f 4877/5424/3942 981/1129/914 980/1128/913
f 4877/5425/3942 4878/5426/3943 2952/3295/2585
f 2952/3295/2585 981/3296/914 4877/5425/3942
f 4878/5426/3943 3022/3374/2649 2906/3241/2540
f 2906/3241/2540 2952/3295/2585 4878/5426/3943
f 3022/3374/2649 3021/3373/2648 2904/3239/2538
f 2904/3239/2538 2906/3241/2540 3022/3374/2649
f 4714/5240/3826 4879/5427/3826 4686/5428/3833
f 4714/5240/3826 4686/5428/3833 4688/5241/3835
f 4714/5240/3826 4715/5242/3826 4735/5429/3835
f 4714/5240/3826 4735/5429/3835 4734/5284/3833
f 119/134/119 122/137/122 4880/5430/3944
f 119/134/119 4880/5430/3944 94/109/94
f 4881/5431/3945 4882/5432/1284 1199/5433/3946
f 1192/1364/1097 4881/5434/3947 1199/1371/1104
f 1387/1579/1269 4883/5435/3948 1368/1558/1252
f 1367/1557/1251 1387/1579/1269 1368/1558/1252
f 1369/1559/1253 1374/1564/1257 1376/1566/1259
f 1369/1559/1253 1376/1566/1259 1373/1563/1256
f 4884/5436/1194 4885/5437/1194 1544/1765/1194
f 1587/1811/1194 4884/5436/1194 1544/1765/1194
f 2121/2367/1821 2096/2340/1796 2095/2339/1795
f 2121/2367/1821 2095/2339/1795 2167/2414/1867
f 1199/1371/1104 4881/5434/3947 3156/3511/2762
f 3306/5438/2899 4886/5439/3949 3323/5440/2914
f 3306/3683/2899 3323/3702/2914 3307/3684/2900
f 3310/3687/2903 3309/3686/2902 4887/5441/3950
f 3310/3687/2903 4887/5441/3950 3312/3689/2904
f 3469/3872/1194 4888/5442/1194 4889/5443/1194
f 3469/3872/1194 4889/5443/1194 3505/3913/1194
f 3949/4380/3351 3950/4383/3352 3917/4332/3321
f 3916/4331/3320 3949/4380/3351 3917/4332/3321
f 4000/4459/3397 4030/4519/3424 4001/4460/3398
f 4001/4460/3398 4034/4500/3428 4002/4461/3399
f 4307/4808/3647 4309/4810/3649 4297/4798/3637
f 4293/4794/3633 4307/4808/3647 4297/4798/3637
f 4399/4919/3726 4408/4928/3735 4307/4808/3647
f 4399/4919/3726 4307/4808/3647 4293/4794/3633
f 4704/5230/1681 4890/4171/1681 4701/5227/1681
f 4712/5238/1194 4758/5282/1194 4713/5239/1194
f 4689/5444/3836 4691/5445/3838 4717/5244/3825
f 4716/5243/3825 4689/5444/3836 4717/5244/3825
f 4719/5246/3826 4891/5446/3826 4705/5231/3840
f 4719/5246/3826 4705/5231/3840 4707/5233/3842
f 4708/5234/3843 4710/5236/3845 4722/5249/3825
f 4721/5248/3825 4708/5234/3843 4722/5249/3825
f 4751/5275/1284 4748/5272/1284 4747/5271/1284
f 4759/5283/1194 4892/5447/1194 4713/5239/1194
f 4716/5243/3825 4718/5245/3825 4761/5286/3825
f 4761/5286/3825 4738/5448/3838 4737/5287/3836
f 4719/5246/3826 4720/5247/3826 4753/5277/3842
f 4719/5246/3826 4753/5277/3842 4752/5276/3840
f 4721/5248/3825 4723/5250/3825 4763/5289/3825
f 4763/5289/3825 4756/5280/3845 4755/5279/3843
f 4893/5449/3951 4894/5450/3952 4895/5451/1681
f 4894/5450/3952 4896/5452/3953 4895/5451/1681
f 4896/5452/3953 4897/5453/3954 4895/5451/1681
f 4897/5453/3954 4898/5454/3955 4895/5451/1681
f 4898/5455/3955 4899/5456/3956 4895/5457/1681
f 4899/5456/3956 4900/5458/3957 4895/5457/1681
f 4900/5458/3957 4901/5459/3958 4895/5457/1681
f 4901/5459/3958 4902/5460/3959 4895/5457/1681
f 4902/5460/3959 4903/5461/3960 4895/5457/1681
f 4903/5461/3960 4904/5462/3961 4895/5457/1681
f 4904/5463/3961 4905/5464/3962 4895/5451/1681
f 4905/5464/3962 4893/5449/3951 4895/5451/1681
f 4906/5465/3963 4907/5466/3964 4908/5467/1681
f 4907/5466/3964 4909/5468/3965 4908/5467/1681
f 4909/5469/3965 4910/5470/3966 4908/5471/1681
f 4910/5470/3966 4911/5472/3967 4908/5471/1681
f 4911/5472/3967 4912/5473/3968 4908/5471/1681
f 4912/5473/3968 4913/5474/3969 4908/5471/1681
f 4913/5474/3969 4914/5475/3970 4908/5471/1681
f 4914/5475/3970 4915/5476/3971 4908/5471/1681
f 4915/5476/3971 4916/5477/3972 4908/5471/1681
f 4916/5478/3972 4917/5479/3973 4908/5467/1681
f 4917/5479/3973 4918/5480/3974 4908/5467/1681
f 4918/5480/3974 4906/5465/3963 4908/5467/1681
f 4919/5481/3975 4920/5482/3976 4921/5483/3977
f 4922/5484/3978 4923/5485/3979 4924/5486/3980
f 4925/5487/3981 4926/5488/3982 4927/5489/3983
f 4928/5490/3984 4929/5491/3985 4930/5492/3986
f 4931/5493/3987 4932/5494/3988 4933/5495/3989
f 4934/5496/3990 4935/5497/3991 4936/5498/3992
f 4937/5499/3993 4938/5500/3994 4939/5501/3995
f 4940/5502/3996 4941/5503/3997 4942/5504/3998
f 4943/5505/3999 4944/5506/4000 4945/5507/4001
f 4946/5508/4002 4947/5509/4003 4948/5510/4004
f 4949/5511/4005 4950/5512/4006 4951/5513/4007
f 4952/5514/4008 4953/5515/4009 4954/5516/4010
f 4955/5517/4011 4956/5518/4011 4957/5519/4011
f 4958/5520/4012 4959/5521/4012 4960/5522/4012
f 4961/5523/4013 4962/5524/4013 4963/5525/4013
f 4964/5526/4014 4965/5527/4014 4966/5528/4014
f 4967/5529/4015 4968/5530/4015 4969/5531/4015
f 4970/5532/4016 4971/5533/4016 4972/5534/4016
f 4973/5535/4017 4974/5536/4017 4975/5537/4017
f 4976/5538/4018 4977/5539/4018 4978/5540/4018
f 4979/5541/4019 4980/5542/4019 4981/5543/4019
f 4982/5544/4020 4983/5545/4020 4984/5546/4020
f 4985/5547/4021 4986/5548/4021 4987/5549/4021
f 4988/5550/4022 4989/5551/4022 4990/5552/4022
f 4991/5553/4023 4992/5554/4024 4993/5555/4024
f 4991/5553/4023 4993/5555/4024 4994/5556/4023
f 4992/5554/4024 4995/5557/4025 4996/5558/4025
f 4992/5554/4024 4996/5558/4025 4993/5555/4024
f 4995/5557/4025 4997/5559/4026 4998/5560/4026
f 4995/5557/4025 4998/5560/4026 4996/5558/4025
f 4997/5559/4026 4999/5561/4027 5000/5562/4027
f 4997/5559/4026 5000/5562/4027 4998/5560/4026
f 4999/5561/4027 5001/5563/4028 5002/5564/4028
f 4999/5561/4027 5002/5564/4028 5000/5562/4027
f 5001/5565/4028 5003/5566/4029 5004/5567/4029
f 5001/5565/4028 5004/5567/4029 5002/5568/4028
f 5003/5566/4029 5005/5569/4030 5006/5570/4030
f 5003/5566/4029 5006/5570/4030 5004/5567/4029
f 5005/5569/4030 5007/5571/4031 5008/5572/4031
f 5005/5569/4030 5008/5572/4031 5006/5570/4030
f 5007/5571/4031 5009/5573/4032 5010/5574/4032
f 5007/5571/4031 5010/5574/4032 5008/5572/4031
f 5009/5573/4032 5011/5575/4033 5012/5576/4033
f 5009/5573/4032 5012/5576/4033 5010/5574/4032
f 5011/5575/4033 5013/5577/4034 5014/5578/4034
f 5011/5575/4033 5014/5578/4034 5012/5576/4033
f 5013/5577/4034 5015/5579/4035 5016/5580/4035
f 5013/5577/4034 5016/5580/4035 5014/5578/4034
f 5015/5579/4035 5017/5581/4036 5018/5582/4036
f 5015/5579/4035 5018/5582/4036 5016/5580/4035
f 5017/5581/4036 5019/5583/4037 5020/5584/4037
f 5017/5581/4036 5020/5584/4037 5018/5582/4036
f 5019/5583/4037 5021/5585/4038 5022/5586/4038
f 5019/5583/4037 5022/5586/4038 5020/5584/4037
f 5023/5587/4038 5024/5588/4039 5025/5589/4039
f 5023/5587/4038 5025/5589/4039 5026/5590/4038
f 5024/5588/4039 5027/5591/4040 5028/5592/4040
f 5024/5588/4039 5028/5592/4040 5025/5589/4039
f 5027/5591/4040 5029/5593/4041 5030/5594/4041
f 5027/5591/4040 5030/5594/4041 5028/5592/4040
f 5029/5593/4041 5031/5595/4042 5032/5596/4042
f 5029/5593/4041 5032/5596/4042 5030/5594/4041
f 5031/5595/4042 4991/5553/4023 4994/5556/4023
f 5031/5595/4042 4994/5556/4023 5032/5596/4042
f 5033/5597/4043 5034/5598/4044 5035/5599/4045
f 5033/5597/4043 5035/5599/4045 5036/5600/4043
f 5034/5598/4044 5037/5601/4046 5038/5602/4046
f 5034/5598/4044 5038/5602/4046 5035/5599/4045
f 5037/5601/4046 5039/5603/4047 5040/5604/4048
f 5037/5601/4046 5040/5604/4048 5038/5602/4046
f 5039/5605/4047 5041/5606/4049 5042/5607/4049
f 5039/5605/4047 5042/5607/4049 5040/5608/4048
f 5041/5606/4049 5043/5609/4050 5044/5610/4050
f 5041/5606/4049 5044/5610/4050 5042/5607/4049
f 5043/5609/4050 5045/5611/4051 5046/5612/4051
f 5043/5609/4050 5046/5612/4051 5044/5610/4050
f 5045/5611/4051 5047/5613/4052 5048/5614/4052
f 5045/5611/4051 5048/5614/4052 5046/5612/4051
f 5047/5615/4052 5049/5616/4053 5050/5617/4053
f 5047/5615/4052 5050/5617/4053 5048/5618/4052
f 5049/5616/4053 5051/5619/4054 5052/5620/4054
f 5049/5616/4053 5052/5620/4054 5050/5617/4053
f 5051/5619/4054 5053/5621/4055 5054/5622/4055
f 5051/5619/4054 5054/5622/4055 5052/5620/4054
f 5053/5621/4055 5055/5623/4056 5056/5624/4056
f 5053/5621/4055 5056/5624/4056 5054/5622/4055
f 5055/5623/4056 5057/5625/4057 5058/5626/4057
f 5055/5623/4056 5058/5626/4057 5056/5624/4056
f 5057/5625/4057 5059/5627/4058 5060/5628/4058
f 5057/5625/4057 5060/5628/4058 5058/5626/4057
f 5059/5629/4058 5061/5630/4059 5062/5631/4059
f 5059/5629/4058 5062/5631/4059 5060/5632/4058
f 5061/5630/4059 5063/5633/4060 5064/5634/4060
f 5061/5630/4059 5064/5634/4060 5062/5631/4059
f 5065/5635/4060 5066/5636/4061 5067/5637/4062
f 5065/5635/4060 5067/5637/4062 5068/5638/4060
f 5066/5636/4061 5069/5639/4063 5070/5640/4063
f 5066/5636/4061 5070/5640/4063 5067/5637/4062
f 5069/5641/4063 5071/5642/4064 5072/5643/4065
f 5069/5641/4063 5072/5643/4065 5070/5644/4063
f 5071/5642/4064 5073/5645/4066 5074/5646/4066
f 5071/5642/4064 5074/5646/4066 5072/5643/4065
f 5073/5645/4066 5033/5597/4043 5036/5600/4043
f 5073/5645/4066 5036/5600/4043 5074/5646/4066
f 5075/5647/4067 5076/5648/4068 5077/5649/4068
f 5075/5647/4067 5077/5649/4068 5078/5650/4067
f 5076/5648/4068 5079/5651/4069 5080/5652/4069
f 5076/5648/4068 5080/5652/4069 5077/5649/4068
f 5079/5651/4069 5081/5653/4070 5082/5654/4070
f 5079/5651/4069 5082/5654/4070 5080/5652/4069
f 5081/5653/4070 5083/5655/4071 5084/5656/4071
f 5081/5653/4070 5084/5656/4071 5082/5654/4070
f 5083/5657/4071 5085/5658/4072 5086/5659/4072
f 5083/5657/4071 5086/5659/4072 5084/5660/4071
f 5085/5658/4072 5087/5661/4073 5088/5662/4073
f 5085/5658/4072 5088/5662/4073 5086/5659/4072
f 5087/5661/4073 5089/5663/4074 5090/5664/4074
f 5087/5661/4073 5090/5664/4074 5088/5662/4073
f 5089/5663/4074 5091/5665/4075 5092/5666/4075
f 5089/5663/4074 5092/5666/4075 5090/5664/4074
f 5091/5665/4075 5093/5667/4076 5094/5668/4076
f 5091/5665/4075 5094/5668/4076 5092/5666/4075
f 5093/5667/4076 5095/5669/4077 5096/5670/4077
f 5093/5667/4076 5096/5670/4077 5094/5668/4076
f 5095/5669/4077 5097/5671/4078 5098/5672/4078
f 5095/5669/4077 5098/5672/4078 5096/5670/4077
f 5097/5671/4078 5099/5673/4079 5100/5674/4079
f 5097/5671/4078 5100/5674/4079 5098/5672/4078
f 5099/5673/4079 5101/5675/4080 5102/5676/4080
f 5099/5673/4079 5102/5676/4080 5100/5674/4079
f 5101/5675/4080 5103/5677/4081 5104/5678/4081
f 5101/5675/4080 5104/5678/4081 5102/5676/4080
f 5103/5677/4081 5105/5679/4082 5106/5680/4082
f 5103/5677/4081 5106/5680/4082 5104/5678/4081
f 5107/5681/4082 5108/5682/4083 5109/5683/4083
f 5107/5681/4082 5109/5683/4083 5110/5684/4082
f 5108/5682/4083 5111/5685/4084 5112/5686/4084
f 5108/5682/4083 5112/5686/4084 5109/5683/4083
f 5111/5687/4084 5113/5688/4085 5114/5689/4085
f 5111/5687/4084 5114/5689/4085 5112/5690/4084
f 5113/5688/4085 5115/5691/4086 5116/5692/4086
f 5113/5688/4085 5116/5692/4086 5114/5689/4085
f 5115/5691/4086 5075/5647/4067 5078/5650/4067
f 5115/5691/4086 5078/5650/4067 5116/5692/4086
f 5117/5693/4087 5118/5694/4088 5119/5695/4088
f 5117/5693/4087 5119/5695/4088 5120/5696/4087
f 5118/5694/4088 5121/5697/4089 5122/5698/4089
f 5118/5694/4088 5122/5698/4089 5119/5695/4088
f 5121/5699/4089 5123/5700/4090 5124/5701/4090
f 5121/5699/4089 5124/5701/4090 5122/5702/4089
f 5123/5700/4090 5125/5703/4091 5126/5704/4091
f 5123/5700/4090 5126/5704/4091 5124/5701/4090
f 5125/5703/4091 5127/5705/4092 5128/5706/4092
f 5125/5703/4091 5128/5706/4092 5126/5704/4091
f 5127/5705/4092 5129/5707/4093 5130/5708/4093
f 5127/5705/4092 5130/5708/4093 5128/5706/4092
f 5129/5707/4093 5131/5709/4094 5132/5710/4094
f 5129/5707/4093 5132/5710/4094 5130/5708/4093
f 5131/5709/4094 5133/5711/4095 5134/5712/4095
f 5131/5709/4094 5134/5712/4095 5132/5710/4094
f 5133/5713/4095 5135/5714/4096 5136/5715/4096
f 5133/5713/4095 5136/5715/4096 5134/5716/4095
f 5135/5714/4096 5137/5717/4097 5138/5718/4097
f 5135/5714/4096 5138/5718/4097 5136/5715/4096
f 5137/5717/4097 5139/5719/4098 5140/5720/4098
f 5137/5717/4097 5140/5720/4098 5138/5718/4097
f 5139/5719/4098 5141/5721/4099 5142/5722/4099
f 5139/5719/4098 5142/5722/4099 5140/5720/4098
f 5141/5723/4099 5143/5724/4100 5144/5725/4100
f 5141/5723/4099 5144/5725/4100 5142/5726/4099
f 5143/5724/4100 5145/5727/4101 5146/5728/4101
f 5143/5724/4100 5146/5728/4101 5144/5725/4100
f 5145/5727/4101 5147/5729/4102 5148/5730/4102
f 5145/5727/4101 5148/5730/4102 5146/5728/4101
f 5149/5731/4102 5150/5732/4103 5151/5733/4103
f 5149/5731/4102 5151/5733/4103 5152/5734/4102
f 5150/5732/4103 5153/5735/4104 5154/5736/4104
f 5150/5732/4103 5154/5736/4104 5151/5733/4103
f 5153/5735/4104 5155/5737/4105 5156/5738/4105
f 5153/5735/4104 5156/5738/4105 5154/5736/4104
f 5155/5739/4105 5157/5740/4106 5158/5741/4106
f 5155/5739/4105 5158/5741/4106 5156/5742/4105
f 5157/5740/4106 5117/5693/4087 5120/5696/4087
f 5157/5740/4106 5120/5696/4087 5158/5741/4106
f 5159/5743/4107 5160/5744/4108 5161/5745/4109
f 5159/5743/4107 5161/5745/4109 5162/5746/4110
f 5163/5747/4111 5164/5748/4112 5160/5744/4108
f 5163/5747/4111 5160/5744/4108 5159/5743/4107
f 5165/5749/4113 5166/5750/4114 5164/5748/4112
f 5165/5749/4113 5164/5748/4112 5163/5747/4111
f 5167/5751/4115 5168/5752/4116 5166/5750/4114
f 5167/5751/4115 5166/5750/4114 5165/5749/4113
f 5169/5753/4117 5170/5754/4118 5168/5752/4116
f 5169/5753/4117 5168/5752/4116 5167/5751/4115
f 5171/5755/4119 5172/5756/4120 5170/5757/4118
f 5171/5755/4119 5170/5757/4118 5169/5758/4117
f 5173/5759/4121 5174/5760/4122 5172/5756/4120
f 5173/5759/4121 5172/5756/4120 5171/5755/4119
f 5175/5761/4123 5176/5762/4124 5174/5760/4122
f 5175/5761/4123 5174/5760/4122 5173/5759/4121
f 5177/5763/4125 5178/5764/4126 5176/5762/4124
f 5177/5763/4125 5176/5762/4124 5175/5761/4123
f 5179/5765/4127 5180/5766/4128 5178/5764/4126
f 5179/5765/4127 5178/5764/4126 5177/5763/4125
f 5181/5767/4129 5182/5768/4130 5180/5766/4128
f 5181/5767/4129 5180/5766/4128 5179/5765/4127
f 5183/5769/4131 5184/5770/4132 5182/5768/4130
f 5183/5769/4131 5182/5768/4130 5181/5767/4129
f 5185/5771/4133 5186/5772/4134 5184/5770/4132
f 5185/5771/4133 5184/5770/4132 5183/5769/4131
f 5187/5773/4135 5188/5774/4136 5186/5772/4134
f 5187/5773/4135 5186/5772/4134 5185/5771/4133
f 5189/5775/4137 5190/5776/4138 5188/5774/4136
f 5189/5775/4137 5188/5774/4136 5187/5773/4135
f 5191/5777/4139 5192/5778/4140 5190/5779/4138
f 5191/5777/4139 5190/5779/4138 5189/5780/4137
f 5193/5781/4141 5194/5782/4142 5192/5778/4140
f 5193/5781/4141 5192/5778/4140 5191/5777/4139
f 5195/5783/4143 5196/5784/4144 5194/5782/4142
f 5195/5783/4143 5194/5782/4142 5193/5781/4141
f 5197/5785/4145 5198/5786/4146 5196/5784/4144
f 5197/5785/4145 5196/5784/4144 5195/5783/4143
f 5162/5746/4110 5161/5745/4109 5198/5786/4146
f 5162/5746/4110 5198/5786/4146 5197/5785/4145
f 5162/5746/4110 5199/5787/4147 5200/5788/4148
f 5162/5746/4110 5200/5788/4148 5159/5743/4107
f 5159/5743/4107 5200/5788/4148 5201/5789/4149
f 5159/5743/4107 5201/5789/4149 5163/5747/4111
f 5163/5747/4111 5201/5789/4149 5202/5790/4150
f 5163/5747/4111 5202/5790/4150 5165/5749/4113
f 5165/5791/4113 5202/5792/4150 5203/5793/4151
f 5165/5791/4113 5203/5793/4151 5167/5794/4115
f 5167/5794/4115 5203/5793/4151 5204/5795/4152
f 5167/5794/4115 5204/5795/4152 5169/5796/4117
f 5169/5796/4117 5204/5795/4152 5205/5797/4153
f 5169/5796/4117 5205/5797/4153 5171/5798/4119
f 5171/5798/4119 5205/5797/4153 5206/5799/4154
f 5171/5798/4119 5206/5799/4154 5173/5800/4121
f 5173/5759/4121 5206/5801/4154 5207/5802/4155
f 5173/5759/4121 5207/5802/4155 5175/5761/4123
f 5175/5761/4123 5207/5802/4155 5208/5803/4156
f 5175/5761/4123 5208/5803/4156 5177/5763/4125
f 5177/5763/4125 5208/5803/4156 5209/5804/4157
f 5177/5763/4125 5209/5804/4157 5179/5765/4127
f 5179/5765/4127 5209/5804/4157 5210/5805/4158
f 5179/5765/4127 5210/5805/4158 5181/5767/4129
f 5181/5767/4129 5210/5805/4158 5211/5806/4159
f 5181/5767/4129 5211/5806/4159 5183/5769/4131
f 5183/5769/4131 5211/5806/4159 5212/5807/4160
f 5183/5769/4131 5212/5807/4160 5185/5771/4133
f 5185/5808/4133 5212/5809/4160 5213/5810/4161
f 5185/5808/4133 5213/5810/4161 5187/5811/4135
f 5187/5811/4135 5213/5810/4161 5214/5812/4162
f 5187/5811/4135 5214/5812/4162 5189/5813/4137
f 5189/5813/4137 5214/5812/4162 5215/5814/4163
f 5189/5813/4137 5215/5814/4163 5191/5815/4139
f 5191/5815/4139 5215/5814/4163 5216/5816/4164
f 5191/5815/4139 5216/5816/4164 5193/5817/4141
f 5193/5781/4141 5216/5818/4164 5217/5819/4165
f 5193/5781/4141 5217/5819/4165 5195/5783/4143
f 5195/5783/4143 5217/5819/4165 5218/5820/4166
f 5195/5783/4143 5218/5820/4166 5197/5785/4145
f 5197/5785/4145 5218/5820/4166 5199/5787/4147
f 5197/5785/4145 5199/5787/4147 5162/5746/4110
f 5219/5821/4167 5220/5822/4168 5161/5823/4109
f 5219/5821/4167 5161/5823/4109 5160/5824/4108
f 5221/5825/4169 5219/5821/4167 5160/5824/4108
f 5221/5825/4169 5160/5824/4108 5164/5826/4112
f 5222/5827/4170 5221/5825/4169 5164/5826/4112
f 5222/5827/4170 5164/5826/4112 5166/5828/4114
f 5223/5829/4171 5222/5827/4170 5166/5828/4114
f 5223/5829/4171 5166/5828/4114 5168/5830/4116
f 5224/5831/4172 5223/5829/4171 5168/5830/4116
f 5224/5831/4172 5168/5830/4116 5170/5832/4118
f 5225/5833/4173 5224/5834/4172 5170/5835/4118
f 5225/5833/4173 5170/5835/4118 5172/5836/4120
f 5226/5837/4174 5225/5833/4173 5172/5836/4120
f 5226/5837/4174 5172/5836/4120 5174/5838/4122
f 5227/5839/4175 5226/5837/4174 5174/5838/4122
f 5227/5839/4175 5174/5838/4122 5176/5840/4124
f 5228/5841/4176 5227/5839/4175 5176/5840/4124
f 5228/5841/4176 5176/5840/4124 5178/5842/4126
f 5229/5843/4177 5228/5841/4176 5178/5842/4126
f 5229/5843/4177 5178/5842/4126 5180/5844/4128
f 5230/5845/4178 5229/5843/4177 5180/5844/4128
f 5230/5845/4178 5180/5844/4128 5182/5846/4130
f 5231/5847/4179 5230/5845/4178 5182/5846/4130
f 5231/5847/4179 5182/5846/4130 5184/5848/4132
f 5232/5849/4180 5231/5847/4179 5184/5848/4132
f 5232/5849/4180 5184/5848/4132 5186/5850/4134
f 5233/5851/4181 5232/5849/4180 5186/5850/4134
f 5233/5851/4181 5186/5850/4134 5188/5852/4136
f 5234/5853/4182 5233/5851/4181 5188/5852/4136
f 5234/5853/4182 5188/5852/4136 5190/5854/4138
f 5235/5855/4183 5234/5856/4182 5190/5857/4138
f 5235/5855/4183 5190/5857/4138 5192/5858/4140
f 5236/5859/4184 5235/5855/4183 5192/5858/4140
f 5236/5859/4184 5192/5858/4140 5194/5860/4142
f 5237/5861/4185 5236/5859/4184 5194/5860/4142
f 5237/5861/4185 5194/5860/4142 5196/5862/4144
f 5238/5863/4186 5237/5861/4185 5196/5862/4144
f 5238/5863/4186 5196/5862/4144 5198/5864/4146
f 5220/5822/4168 5238/5863/4186 5198/5864/4146
f 5220/5822/4168 5198/5864/4146 5161/5823/4109
f 5239/5865/4187 5240/5866/4188 5241/5867/4189
f 5239/5865/4187 5241/5867/4189 5242/5868/4190
f 5243/5869/4191 5239/5865/4187 5242/5868/4190
f 5243/5869/4191 5242/5868/4190 5244/5870/4192
f 5245/5871/4193 5246/5872/4194 5247/5873/4195
f 5245/5871/4193 5247/5873/4195 5248/5874/4196
f 5249/5875/4197 5250/5876/4193 5251/5877/4196
f 5249/5875/4197 5251/5877/4196 5252/5878/4198
f 5253/5879/4199 5249/5875/4197 5252/5878/4198
f 5253/5879/4199 5252/5878/4198 5254/5880/4200
f 5255/5881/4201 5253/5879/4199 5254/5880/4200
f 5255/5881/4201 5254/5880/4200 5256/5882/4202
f 5257/5883/4203 5258/5884/4204 5259/5885/4205
f 5257/5883/4203 5259/5885/4205 5260/5886/4206
f 5261/5887/4207 5257/5888/4203 5260/5889/4206
f 5261/5887/4207 5260/5889/4206 5262/5890/4208
f 5263/5891/4209 5264/5892/4210 5265/5893/4211
f 5263/5891/4209 5265/5893/4211 5266/5894/4212
f 5267/5895/4213 5266/5894/4212 5265/5893/4211
f 5267/5895/4213 5265/5893/4211 5268/5896/4214
f 5269/5897/4215 5270/5898/4213 5271/5899/4214
f 5269/5897/4215 5271/5899/4214 5272/5900/4216
f 5273/5901/4217 5274/5902/4218 5275/5903/4219
f 5273/5901/4217 5275/5903/4219 5276/5904/4165
f 5277/5905/4220 5278/5906/4221 5241/5867/4189
f 5277/5905/4220 5241/5867/4189 5240/5866/4188
f 5279/5907/4222 5280/5908/4223 5281/5909/4224
f 5279/5907/4222 5281/5909/4224 5282/5910/4225
f 5280/5908/4223 5283/5911/4226 5284/5912/4227
f 5280/5908/4223 5284/5912/4227 5281/5909/4224
f 5283/5911/4226 5285/5913/4228 5286/5914/4229
f 5283/5911/4226 5286/5914/4229 5284/5912/4227
f 5285/5913/4228 5287/5915/4230 5288/5916/4231
f 5285/5913/4228 5288/5916/4231 5286/5914/4229
f 5287/5915/4230 5289/5917/4232 5290/5918/4233
f 5287/5915/4230 5290/5918/4233 5288/5916/4231
f 5289/5917/4232 5291/5919/4234 5292/5920/4235
f 5289/5917/4232 5292/5920/4235 5290/5918/4233
f 5291/5919/4234 5293/5921/4236 5294/5922/4237
f 5291/5919/4234 5294/5922/4237 5292/5920/4235
f 5293/5921/4236 5295/5923/4238 5296/5924/4239
f 5293/5921/4236 5296/5924/4239 5294/5922/4237
f 5295/5923/4238 5297/5925/4240 5298/5926/4241
f 5295/5923/4238 5298/5926/4241 5296/5924/4239
f 5297/5925/4240 5299/5927/4242 5300/5928/4243
f 5297/5925/4240 5300/5928/4243 5298/5926/4241
f 5299/5927/4242 5301/5929/4244 5302/5930/4245
f 5299/5927/4242 5302/5930/4245 5300/5928/4243
f 5301/5929/4244 5303/5931/4246 5304/5932/4247
f 5301/5929/4244 5304/5932/4247 5302/5930/4245
f 5303/5931/4246 5305/5933/4248 5306/5934/4249
f 5303/5931/4246 5306/5934/4249 5304/5932/4247
f 5305/5933/4248 5307/5935/4250 5308/5936/4251
f 5305/5933/4248 5308/5936/4251 5306/5934/4249
f 5307/5935/4250 5309/5937/4252 5310/5938/4253
f 5307/5935/4250 5310/5938/4253 5308/5936/4251
f 5309/5937/4252 5311/5939/4254 5312/5940/4255
f 5309/5937/4252 5312/5940/4255 5310/5938/4253
f 5311/5939/4254 5313/5941/4256 5314/5942/4257
f 5311/5939/4254 5314/5942/4257 5312/5940/4255
f 5313/5941/4256 5315/5943/4258 5316/5944/4259
f 5313/5941/4256 5316/5944/4259 5314/5942/4257
f 5315/5943/4258 5317/5945/4260 5318/5946/4261
f 5315/5943/4258 5318/5946/4261 5316/5944/4259
f 5317/5945/4260 5279/5907/4222 5282/5910/4225
f 5317/5945/4260 5282/5910/4225 5318/5946/4261
f 5282/5910/4225 5281/5909/4224 5319/5947/4262
f 5282/5910/4225 5319/5947/4262 5320/5948/4263
f 5281/5909/4224 5284/5912/4227 5321/5949/4264
f 5281/5909/4224 5321/5949/4264 5319/5947/4262
f 5284/5912/4227 5286/5914/4229 5322/5950/4265
f 5284/5912/4227 5322/5950/4265 5321/5949/4264
f 5286/5951/4229 5288/5952/4231 5323/5953/4266
f 5286/5951/4229 5323/5953/4266 5322/5954/4265
f 5288/5952/4231 5290/5955/4233 5324/5956/4267
f 5288/5952/4231 5324/5956/4267 5323/5953/4266
f 5290/5955/4233 5292/5957/4235 5325/5958/4268
f 5290/5955/4233 5325/5958/4268 5324/5956/4267
f 5292/5957/4235 5294/5959/4237 5326/5960/4269
f 5292/5957/4235 5326/5960/4269 5325/5958/4268
f 5294/5961/4237 5296/5962/4239 5327/5963/4202
f 5294/5961/4237 5327/5963/4202 5326/5964/4269
f 5296/5962/4239 5298/5965/4241 5328/5966/4270
f 5296/5962/4239 5328/5966/4270 5327/5963/4202
f 5298/5965/4241 5300/5967/4243 5329/5968/4271
f 5298/5965/4241 5329/5968/4271 5328/5966/4270
f 5300/5967/4243 5302/5969/4245 5330/5970/4208
f 5300/5967/4243 5330/5970/4208 5329/5968/4271
f 5302/5969/4245 5304/5971/4247 5331/5972/4272
f 5302/5969/4245 5331/5972/4272 5330/5970/4208
f 5304/5971/4247 5306/5973/4249 5332/5974/4273
f 5304/5971/4247 5332/5974/4273 5331/5972/4272
f 5306/5975/4249 5308/5976/4251 5333/5977/4274
f 5306/5975/4249 5333/5977/4274 5332/5978/4273
f 5308/5976/4251 5310/5979/4253 5334/5980/4275
f 5308/5976/4251 5334/5980/4275 5333/5977/4274
f 5310/5979/4253 5312/5981/4255 5335/5982/4276
f 5310/5979/4253 5335/5982/4276 5334/5980/4275
f 5312/5981/4255 5314/5983/4257 5336/5984/4218
f 5312/5981/4255 5336/5984/4218 5335/5982/4276
f 5314/5983/4257 5316/5985/4259 5337/5986/4277
f 5314/5983/4257 5337/5986/4277 5336/5984/4218
f 5316/5944/4259 5318/5946/4261 5338/5987/4278
f 5316/5944/4259 5338/5987/4278 5337/5988/4277
f 5318/5946/4261 5282/5910/4225 5320/5948/4263
f 5318/5946/4261 5320/5948/4263 5338/5987/4278
f 5279/5907/4222 5339/5989/4279 5340/5990/4280
f 5279/5907/4222 5340/5990/4280 5280/5908/4223
f 5280/5908/4223 5340/5990/4280 5341/5991/4281
f 5280/5908/4223 5341/5991/4281 5283/5911/4226
f 5283/5911/4226 5341/5991/4281 5342/5992/4282
f 5283/5911/4226 5342/5992/4282 5285/5913/4228
f 5285/5913/4228 5342/5992/4282 5343/5993/4283
f 5285/5913/4228 5343/5993/4283 5287/5915/4230
f 5287/5915/4230 5343/5993/4283 5344/5994/4284
f 5287/5915/4230 5344/5994/4284 5289/5917/4232
f 5289/5917/4232 5344/5994/4284 5345/5995/4285
f 5289/5917/4232 5345/5995/4285 5291/5919/4234
f 5291/5919/4234 5345/5995/4285 5346/5996/4286
f 5291/5919/4234 5346/5996/4286 5293/5921/4236
f 5293/5921/4236 5346/5996/4286 5347/5997/4287
f 5293/5921/4236 5347/5997/4287 5295/5923/4238
f 5295/5923/4238 5347/5997/4287 5348/5998/4288
f 5295/5923/4238 5348/5998/4288 5297/5925/4240
f 5297/5925/4240 5348/5998/4288 5349/5999/4289
f 5297/5925/4240 5349/5999/4289 5299/5927/4242
f 5299/5927/4242 5349/5999/4289 5350/6000/4290
f 5299/5927/4242 5350/6000/4290 5301/5929/4244
f 5301/5929/4244 5350/6000/4290 5351/6001/4291
f 5301/5929/4244 5351/6001/4291 5303/5931/4246
f 5303/5931/4246 5351/6001/4291 5352/6002/4292
f 5303/5931/4246 5352/6002/4292 5305/5933/4248
f 5305/5933/4248 5352/6002/4292 5353/6003/4293
f 5305/5933/4248 5353/6003/4293 5307/5935/4250
f 5307/5935/4250 5353/6003/4293 5354/6004/4294
f 5307/5935/4250 5354/6004/4294 5309/5937/4252
f 5309/5937/4252 5354/6004/4294 5355/6005/4295
f 5309/5937/4252 5355/6005/4295 5311/5939/4254
f 5311/5939/4254 5355/6005/4295 5356/6006/4296
f 5311/5939/4254 5356/6006/4296 5313/5941/4256
f 5313/5941/4256 5356/6006/4296 5357/6007/4297
f 5313/5941/4256 5357/6007/4297 5315/5943/4258
f 5315/5943/4258 5357/6007/4297 5358/6008/4298
f 5315/5943/4258 5358/6008/4298 5317/5945/4260
f 5317/5945/4260 5358/6008/4298 5339/5989/4279
f 5317/5945/4260 5339/5989/4279 5279/5907/4222
f 5359/6009/4299 5243/6010/4191 5244/6011/4192
f 5359/6009/4299 5244/6011/4192 5360/6012/4265
f 5359/6009/4299 5360/6012/4265 5247/5873/4195
f 5359/6009/4299 5247/5873/4195 5246/5872/4194
f 5255/6013/4201 5256/5175/4202 5259/5885/4205
f 5255/6013/4201 5259/5885/4205 5258/5884/4204
f 5261/5887/4207 5262/5890/4208 5361/6014/4300
f 5261/5887/4207 5361/6014/4300 5362/6015/4301
f 5362/6016/4301 5361/6017/4300 5264/5892/4210
f 5362/6016/4301 5264/5892/4210 5263/5891/4209
f 5273/5901/4217 5269/5897/4215 5272/5900/4216
f 5273/5901/4217 5272/5900/4216 5274/5902/4218
f 5277/5905/4220 5276/6018/4165 5275/6019/4219
f 5277/5905/4220 5275/6019/4219 5278/5906/4221
f 5363/6020/4302 4919/5481/3975 4921/5483/3977
f 5363/6020/4302 4921/5483/3977 5364/6021/4302
f 5365/6022/4303 4922/5484/3978 4924/5486/3980
f 5365/6022/4303 4924/5486/3980 5366/6023/4303
f 5367/6024/4304 4925/6025/3981 4927/6026/3983
f 5367/6024/4304 4927/6026/3983 5368/6027/4304
f 5369/6028/4305 4928/5490/3984 4930/5492/3986
f 5369/6028/4305 4930/5492/3986 5370/6029/4306
f 5371/6030/4307 4931/6031/3987 4933/6032/3989
f 5371/6030/4307 4933/6032/3989 5372/6033/4307
f 5373/6034/4308 4934/6035/3990 4936/6036/3992
f 5373/6037/4308 4936/6038/3992 5374/6039/4308
f 4924/5486/3980 4923/5485/3979 4938/5500/3994
f 4924/5486/3980 4938/5500/3994 4937/5499/3993
f 4927/6040/3983 4926/6041/3982 4941/5503/3997
f 4927/6040/3983 4941/5503/3997 4940/5502/3996
f 4930/6042/3986 4929/6043/3985 4944/5506/4000
f 4930/6042/3986 4944/5506/4000 4943/5505/3999
f 4933/5495/3989 4932/5494/3988 4947/5509/4003
f 4933/5495/3989 4947/5509/4003 4946/5508/4002
f 4936/5498/3992 4935/5497/3991 4950/6044/4006
f 4936/5498/3992 4950/6044/4006 4949/6045/4005
f 4921/5483/3977 4920/5482/3976 4953/6046/4009
f 4921/5483/3977 4953/6046/4009 4952/6047/4008
f 5375/6048/4309 5376/6049/4309 4937/5499/3993
f 5375/6048/4309 4937/5499/3993 4939/5501/3995
f 5377/6050/4310 5378/6051/4311 4940/5502/3996
f 5377/6050/4310 4940/5502/3996 4942/5504/3998
f 5379/6052/4312 5380/6053/4312 4943/6054/3999
f 5379/6055/4312 4943/6056/3999 4945/6057/4001
f 5381/6058/4313 5382/6059/4313 4946/3917/4002
f 5381/6058/4313 4946/3917/4002 4948/6060/4004
f 5383/6061/4314 5384/6062/4314 4949/5511/4005
f 5383/6061/4314 4949/5511/4005 4951/5513/4007
f 5385/6063/4315 5386/6064/4315 4952/6065/4008
f 5385/6063/4315 4952/6065/4008 4954/6066/4010
f 5387/6067/4316 5388/6068/4317 5389/6069/4317
f 5387/6067/4316 5389/6069/4317 5390/6070/4316
f 5391/6071/4318 5392/6072/4319 5393/6073/4319
f 5391/6071/4318 5393/6073/4319 5394/6074/4318
f 5395/6075/4320 5396/6076/4321 5397/6077/4321
f 5395/6075/4320 5397/6077/4321 5398/6078/4320
f 5399/6079/4322 5400/6080/4323 5401/6081/4323
f 5399/6079/4322 5401/6081/4323 5402/6082/4322
f 5403/6083/4324 5404/6084/4324 5405/6085/4324
f 5403/6083/4324 5405/6085/4324 5406/6086/4324
f 5407/6087/4325 5408/6088/4325 5409/6089/4325
f 5407/6087/4325 5409/6089/4325 5410/6090/4325
f 4938/5500/3994 4920/5482/3976 4919/5481/3975
f 4938/5500/3994 4919/5481/3975 4939/5501/3995
f 4941/5503/3997 4923/5485/3979 4922/5484/3978
f 4941/5503/3997 4922/5484/3978 4942/5504/3998
f 4944/5506/4000 4926/6091/3982 4925/6092/3981
f 4944/5506/4000 4925/6092/3981 4945/5507/4001
f 4947/3118/4003 4929/5491/3985 4928/5490/3984
f 4947/3118/4003 4928/5490/3984 4948/6093/4004
f 4950/5512/4006 4932/846/3988 4931/6094/3987
f 4950/5512/4006 4931/6094/3987 4951/5513/4007
f 4953/6095/4009 4935/5497/3991 4934/5496/3990
f 4953/6095/4009 4934/5496/3990 4954/6096/4010
f 5411/6097/4326 5412/6098/4326 5413/389/4326
f 5411/6099/4326 5413/6100/4326 5414/6101/4326
f 5415/6102/4327 5416/1832/4327 5417/6103/4328
f 5415/6102/4327 5417/6103/4328 5418/6104/4328
f 5419/6105/4329 5420/6106/4329 5421/6107/4329
f 5419/6105/4329 5421/6107/4329 5422/6108/4329
f 5423/6109/4330 5424/4086/4331 5425/6110/4330
f 5423/6109/4330 5425/6110/4330 5426/6111/4330
f 5427/6112/4332 5428/6113/4332 5429/6114/4332
f 5427/6112/4332 5429/6114/4332 5430/6115/4332
f 5431/6116/4333 5432/1252/4333 5433/6117/4333
f 5431/6116/4333 5433/6117/4333 5434/6118/4333
f 5435/6119/4334 5436/6120/4334 5437/6121/4335
f 5435/6119/4334 5437/6121/4335 5438/6122/4336
f 5439/6123/4337 5440/6124/4337 5441/6125/4338
f 5439/6126/4337 5441/6127/4338 5442/6128/4339
f 5443/6129/4340 5444/6130/4340 5445/6131/4341
f 5443/6129/4340 5445/6131/4341 5446/6132/4341
f 5447/5184/4342 5448/6133/4342 5449/6134/4343
f 5447/5184/4342 5449/6134/4343 5450/6135/4344
f 5451/6136/4345 5452/6137/4345 5453/6138/4346
f 5451/6139/4345 5453/6140/4346 5454/6141/4347
f 5455/6142/4348 5456/6143/4348 5457/6144/4349
f 5455/6142/4348 5457/6144/4349 5458/6145/4349
f 5459/6146/4350 5460/6147/4350 5461/6148/4350
f 5459/6146/4350 5461/6148/4350 5462/6149/4350
f 5463/6150/4351 5464/6151/4352 5465/6152/4351
f 5463/6153/4351 5465/6154/4351 5466/6155/4353
f 5467/6156/4354 5468/6157/4355 5469/6158/4354
f 5467/6156/4354 5469/6158/4354 5470/6159/4354
f 5471/6160/4356 5472/6161/4357 5473/6162/4356
f 5471/6160/4356 5473/6162/4356 5474/6163/4356
f 5475/6164/4358 5476/6165/4359 5477/6166/4359
f 5475/6164/4358 5477/6166/4359 5478/6167/4358
f 5479/6168/4360 5480/6169/4360 5481/6170/4360
f 5479/6168/4360 5481/6170/4360 5482/6171/4360
f 5483/6172/4361 5484/6173/4362 5485/6174/4363
f 5485/6174/4363 5486/6175/4364 5483/6172/4361
f 5485/6174/4363 5487/6176/4365 5486/6175/4364
f 5488/6177/4366 5489/6178/4367 5490/6179/4368
f 5490/6179/4368 5491/6180/4369 5488/6177/4366
f 5491/6180/4369 5492/6181/4370 5493/6182/4371
f 5493/6182/4371 5488/6177/4366 5491/6180/4369
f 5494/6183/4372 5492/6181/4370 5491/6180/4369
f 5489/6178/4367 5483/6172/4361 5486/6175/4364
f 5486/6175/4364 5490/6179/4368 5489/6178/4367
f 5489/6184/4367 5495/6185/4373 5483/6186/4361
f 5491/6180/4369 5496/6187/4374 5494/6183/4372
f 5490/6179/4368 5497/6188/4375 5498/6189/4376
f 5498/6189/4376 5491/6180/4369 5490/6179/4368
f 5486/6175/4364 5499/6190/4377 5500/6191/4378
f 5486/6175/4364 5500/6191/4378 5497/6188/4375
f 5497/6188/4375 5490/6179/4368 5486/6175/4364
f 5486/6175/4364 5487/6176/4365 5501/6192/4379
f 5501/6192/4379 5499/6190/4377 5486/6175/4364
f 5488/6193/4366 5493/6194/4371 5502/6195/4380
f 5488/6193/4366 5503/6196/4381 5495/6185/4373
f 5495/6185/4373 5489/6184/4367 5488/6193/4366
f 5488/6193/4366 5502/6195/4380 5503/6196/4381
f 5504/6197/4382 5505/6198/4383 5506/6199/4384
f 5506/6199/4384 5507/6200/4385 5504/6197/4382
f 5508/6201/4386 5506/6199/4384 5505/6198/4383
f 5505/6198/4383 5509/6202/4387 5508/6201/4386
f 5510/6203/4388 5511/6204/4389 5512/6205/4390
f 5512/6205/4390 5513/6206/4391 5510/6203/4388
f 5510/6203/4388 5513/6206/4391 5514/6207/4392
f 5514/6207/4392 5515/6208/4393 5510/6203/4388
f 5516/6209/4394 5517/6210/4395 5518/6211/4396
f 5518/6211/4396 5519/6212/4397 5516/6209/4394
f 5516/6209/4394 5519/6212/4397 5520/6213/4398
f 5520/6213/4398 5521/6214/4399 5516/6209/4394
f 5515/6208/4393 5514/6207/4392 5522/6215/4400
f 5522/6215/4400 5509/6202/4387 5515/6208/4393
f 5523/6216/4401 5521/6214/4399 5520/6213/4398
f 5520/6213/4398 5504/6197/4382 5523/6216/4401
f 5509/6202/4387 5524/6217/4402 5508/6201/4386
f 5504/6197/4382 5525/6218/4403 5523/6216/4401
f 5526/6219/4404 5519/6212/4397 5518/6211/4396
f 5518/6211/4396 5527/6220/4405 5526/6219/4404
f 5526/6219/4404 5527/6220/4405 5511/6204/4389
f 5511/6204/4389 5510/6203/4388 5526/6219/4404
f 5526/6219/4404 5510/6203/4388 5515/6208/4393
f 5515/6208/4393 5528/6221/4406 5526/6219/4404
f 5526/6219/4404 5528/6221/4406 5520/6213/4398
f 5520/6213/4398 5519/6212/4397 5526/6219/4404
f 5528/6221/4406 5515/6208/4393 5509/6202/4387
f 5509/6202/4387 5505/6198/4383 5528/6221/4406
f 5528/6221/4406 5505/6198/4383 5504/6197/4382
f 5504/6197/4382 5520/6213/4398 5528/6221/4406
f 5504/6197/4382 5507/6200/4385 5529/6222/4407
f 5504/6197/4382 5529/6222/4407 5525/6218/4403
f 5522/6215/4400 5530/6223/4408 5524/6217/4402
f 5524/6217/4402 5509/6202/4387 5522/6215/4400
f 5531/6224/4409 5532/6225/4410 5533/6226/4411
f 5532/6225/4410 5531/6224/4409 5534/6227/4412
f 5534/6227/4412 5535/6228/4413 5532/6225/4410
f 5532/6225/4410 5536/6229/4414 5537/6230/4415
f 5538/6231/4416 5532/6225/4410 5535/6228/4413
f 5535/6228/4413 5539/6232/4416 5538/6231/4416
f 5540/6233/4417 5541/6234/4418 5542/6235/4419
f 5542/6235/4419 5543/6236/4420 5540/6233/4417
f 5544/6237/4421 5545/6238/4421 5543/6236/4420
f 5543/6236/4420 5542/6235/4419 5544/6237/4421
f 5546/6239/4422 5547/6240/4423 5548/6241/4424
f 5548/6241/4424 5549/6242/4425 5546/6239/4422
f 5550/6243/4426 5551/6244/4427 5541/6234/4418
f 5551/6244/4427 5546/6239/4422 5549/6242/4425
f 5549/6242/4425 5541/6234/4418 5551/6244/4427
f 5540/6233/4417 5550/6243/4426 5541/6234/4418
f 5532/6225/4410 5538/6231/4416 5552/6245/4428
f 5532/6225/4410 5553/6246/4429 5533/6226/4411
f 5532/6225/4410 5552/6245/4428 5536/6229/4414
f 5532/6225/4410 5537/6230/4415 5553/6246/4429
f 5554/6247/4430 5555/6248/4431 5556/6249/4432
f 5556/6249/4432 5557/6250/4433 5554/6247/4430
f 5556/6249/4432 5555/6248/4431 5558/6251/4434
f 5559/6252/4435 5560/6253/4436 5561/6254/4437
f 5561/6254/4437 5562/6255/4438 5559/6252/4435
f 5560/6253/4436 5559/6252/4435 5563/6256/4439
f 5563/6256/4439 5564/6257/4440 5560/6253/4436
f 5565/6258/4441 5560/6253/4436 5564/6257/4440
f 5562/6255/4438 5561/6254/4437 5555/6248/4431
f 5555/6248/4431 5554/6247/4430 5562/6255/4438
f 5562/6255/4438 5554/6247/4430 5566/6259/4442
f 5560/6253/4436 5567/6260/4443 5568/6261/4444
f 5561/6254/4437 5560/6253/4436 5568/6261/4444
f 5568/6261/4444 5569/6262/4445 5561/6254/4437
f 5555/6248/4431 5570/6263/4446 5571/6264/4447
f 5555/6248/4431 5561/6254/4437 5569/6262/4445
f 5569/6262/4445 5570/6263/4446 5555/6248/4431
f 5555/6248/4431 5571/6264/4447 5572/6265/4448
f 5572/6265/4448 5558/6251/4434 5555/6248/4431
f 5559/6252/4435 5573/6266/4449 5563/6256/4439
f 5559/6252/4435 5562/6255/4438 5566/6259/4442
f 5566/6259/4442 5574/6267/4450 5559/6252/4435
f 5559/6252/4435 5574/6267/4450 5573/6266/4449
f 5575/6268/4451 5576/6269/4452 5577/6270/4453
f 5577/6270/4453 5578/6271/4454 5575/6268/4451
f 5579/6272/4455 5580/6273/4456 5578/6271/4454
f 5578/6271/4454 5577/6270/4453 5579/6272/4455
f 5581/6274/4457 5582/6275/4458 5512/6205/4390
f 5512/6205/4390 5511/6204/4389 5581/6274/4457
f 5581/6274/4457 5583/6276/4459 5584/6277/4460
f 5584/6277/4460 5582/6275/4458 5581/6274/4457
f 5518/6211/4396 5517/6210/4395 5585/6278/4461
f 5585/6278/4461 5586/6279/4462 5518/6211/4396
f 5585/6278/4461 5587/6280/4463 5588/6281/4464
f 5588/6281/4464 5586/6279/4462 5585/6278/4461
f 5583/6276/4459 5580/6273/4456 5589/6282/4465
f 5589/6282/4465 5584/6277/4460 5583/6276/4459
f 5590/6283/4466 5575/6268/4451 5588/6281/4464
f 5588/6281/4464 5587/6280/4463 5590/6283/4466
f 5580/6284/4456 5579/6285/4455 5591/6286/4467
f 5575/6268/4451 5590/6283/4466 5592/6287/4468
f 5593/6288/4469 5527/6220/4405 5518/6211/4396
f 5518/6211/4396 5586/6279/4462 5593/6288/4469
f 5593/6288/4469 5581/6274/4457 5511/6204/4389
f 5511/6204/4389 5527/6220/4405 5593/6288/4469
f 5593/6288/4469 5594/6289/4470 5583/6276/4459
f 5583/6276/4459 5581/6274/4457 5593/6288/4469
f 5593/6288/4469 5586/6279/4462 5588/6281/4464
f 5588/6281/4464 5594/6289/4470 5593/6288/4469
f 5594/6289/4470 5578/6271/4454 5580/6273/4456
f 5580/6273/4456 5583/6276/4459 5594/6289/4470
f 5594/6289/4470 5588/6281/4464 5575/6268/4451
f 5575/6268/4451 5578/6271/4454 5594/6289/4470
f 5575/6268/4451 5595/6290/4471 5576/6269/4452
f 5575/6268/4451 5592/6287/4468 5595/6290/4471
f 5591/6291/4467 5596/6292/4472 5589/6293/4465
f 5589/6294/4465 5580/6284/4456 5591/6286/4467
f 5597/6295/4473 5598/6296/4474 5599/6297/4475
f 5599/6297/4475 5535/6228/4413 5534/6227/4412
f 5534/6227/4412 5597/6295/4473 5599/6297/4475
f 5599/6297/4475 5600/6298/4476 5601/6299/4477
f 5602/6300/4416 5539/6232/4416 5535/6228/4413
f 5535/6228/4413 5599/6297/4475 5602/6300/4416
f 5603/6301/4478 5604/6302/4479 5605/6303/4480
f 5605/6303/4480 5606/6304/4481 5603/6301/4478
f 5604/6302/4479 5607/6305/4482 5608/6306/4482
f 5608/6306/4482 5605/6303/4480 5604/6302/4479
f 5609/6307/4483 5610/6308/4484 5611/6309/4485
f 5611/6309/4485 5612/6310/4486 5609/6307/4483
f 5613/6311/4487 5606/6304/4481 5614/6312/4488
f 5614/6312/4488 5606/6304/4481 5610/6308/4484
f 5610/6308/4484 5609/6307/4483 5614/6312/4488
f 5603/6301/4478 5606/6304/4481 5613/6311/4487
f 5599/6297/4475 5615/6313/4489 5602/6300/4416
f 5599/6297/4475 5598/6296/4474 5616/6314/4490
f 5599/6297/4475 5601/6299/4477 5615/6313/4489
f 5599/6297/4475 5616/6314/4490 5600/6298/4476
f 5491/6180/4369 5498/6189/4376 5617/6315/4491
f 5491/6180/4369 5617/6315/4491 5496/6187/4374
f 5560/6253/4436 5565/6258/4441 5618/6316/4492
f 5560/6253/4436 5618/6316/4492 5567/6260/4443
f 5619/6317/4493 5620/1828/4494 5621/6318/4495
f 5621/6318/4495 5622/6319/4496 5619/6317/4493
f 5623/6320/4497 5624/6321/4498 5625/6322/4499
f 5625/6322/4499 5626/6323/4500 5623/6320/4497
f 5626/6323/4500 5625/6322/4499 5627/6324/4501
f 5627/6324/4501 5628/6325/4502 5626/6323/4500
f 5629/6326/4503 5630/6327/4504 5631/6328/4505
f 5631/6328/4505 5632/6329/4506 5629/6326/4503
f 5633/6330/4507 5634/6331/4508 5635/6332/4509
f 5635/6332/4509 5636/6333/4510 5633/6330/4507
f 5636/6333/4510 5635/6332/4509 5637/6334/4511
f 5637/6334/4511 5638/6335/4501 5636/6333/4510
f 5639/6336/4512 5640/6337/4513 5641/6338/4504
f 5641/6338/4504 5642/6339/4503 5639/6336/4512
f 5643/6340/4514 5644/6341/4515 5645/6342/4516
f 5645/6342/4516 5646/6343/4517 5643/6340/4514
f 5646/6343/4517 5645/6342/4516 5647/6344/4518
f 5647/6344/4518 5648/6345/4511 5646/6343/4517
f 5649/6346/4519 5648/6345/4511 5647/6344/4518
f 5650/6347/4520 5651/6348/4521 5652/6349/4522
f 5652/6349/4522 5653/6350/4523 5650/6347/4520
f 5651/6348/4521 5654/6351/4524 5655/6352/4525
f 5655/6352/4525 5652/6349/4522 5651/6348/4521
f 5654/6351/4524 5656/6353/4526 5655/6352/4525
f 5653/6350/4523 5652/6349/4522 5657/6354/4527
f 5657/6354/4527 5658/6355/4528 5653/6350/4523
f 5652/6349/4522 5655/6352/4525 5659/6356/4529
f 5659/6356/4529 5657/6354/4527 5652/6349/4522
f 5655/6352/4525 5660/6357/4530 5661/6358/4531
f 5661/6358/4531 5659/6356/4529 5655/6352/4525
f 5662/6359/4532 5663/6360/4533 5664/6361/4534
f 5664/6361/4534 5665/6362/4527 5662/6359/4532
f 5666/6363/4535 5662/6359/4532 5665/6362/4527
f 5665/6362/4527 5667/6364/4536 5666/6363/4535
f 5668/6365/4537 5666/6363/4535 5667/6364/4536
f 5667/6364/4536 5669/6366/4531 5668/6365/4537
f 5670/6367/4538 5660/6357/4530 5656/6353/4526
f 5656/6353/4526 5660/6357/4530 5655/6352/4525
f 5671/6368/4539 5672/6369/4540 5673/6370/4541
f 5674/6371/4542 5675/6372/4543 5673/6373/4541
f 5676/6374/4544 5677/6375/4545 5673/6370/4541
f 5678/6376/4546 5679/6377/4547 5673/6373/4541
f 5680/6378/4548 5671/6379/4539 5673/6373/4541
f 5681/6380/4549 5682/6381/4550 5673/6370/4541
f 5679/6377/4547 5674/6371/4542 5673/6373/4541
f 5672/6369/4540 5683/6382/4551 5673/6370/4541
f 5683/6382/4551 5676/6374/4544 5673/6370/4541
f 5675/6372/4543 5680/6378/4548 5673/6373/4541
f 5677/6375/4545 5681/6380/4549 5673/6370/4541
f 5682/6383/4550 5678/6376/4546 5673/6373/4541
f 5684/6384/4552 5685/6385/4553 5686/6386/4554
f 5686/6386/4554 5687/6387/4555 5684/6384/4552
f 5688/6388/4556 5689/6389/4557 5690/6390/4558
f 5690/6390/4558 5691/6391/4559 5688/6388/4556
f 5692/6392/4560 5688/6388/4556 5691/6391/4559
f 5691/6391/4559 5693/6393/4561 5692/6392/4560
f 5694/6394/4552 5695/6395/4562 5696/6396/4563
f 5696/6396/4563 5697/6397/4553 5694/6394/4552
f 5698/6398/4564 5699/6399/4565 5700/6400/4566
f 5700/6400/4566 5701/6401/4562 5698/6398/4564
f 5699/6399/4565 5702/6402/4560 5703/6403/4567
f 5703/6403/4567 5700/6400/4566 5699/6399/4565
f 5704/724/4568 5705/6404/4569 5706/6405/4570
f 5706/6405/4570 5707/6336/4563 5704/724/4568
f 5708/6406/4562 5709/6407/4571 5710/6408/4572
f 5710/6408/4572 5711/6409/4573 5708/6406/4562
f 5709/6407/4571 5712/6410/4567 5713/6411/4574
f 5713/6411/4574 5710/6408/4572 5709/6407/4571
f 5714/6412/4575 5713/6411/4574 5712/6410/4567
f 5715/6413/4576 5716/6414/4577 5717/6415/4578
f 5717/6415/4578 5718/6416/4579 5715/6413/4576
f 5718/6416/4579 5717/6415/4578 5719/6417/4580
f 5719/6417/4580 5720/6418/4581 5718/6416/4579
f 5720/6418/4581 5719/6417/4580 5721/6419/4582
f 5716/6414/4577 5722/6420/4583 5723/6421/4584
f 5723/6421/4584 5717/6415/4578 5716/6414/4577
f 5717/6415/4578 5723/6421/4584 5724/6422/4585
f 5724/6422/4585 5719/6417/4580 5717/6415/4578
f 5719/6417/4580 5724/6422/4585 5725/6423/4586
f 5725/6423/4586 5726/6424/4587 5719/6417/4580
f 5727/6425/4588 5728/6426/4584 5729/6427/4589
f 5729/6427/4589 5730/6428/4590 5727/6425/4588
f 5731/6429/4591 5732/6430/4592 5728/6426/4584
f 5728/6426/4584 5727/6425/4588 5731/6429/4591
f 5733/6431/4593 5734/6432/4586 5732/6430/4592
f 5732/6430/4592 5731/6429/4591 5733/6431/4593
f 5735/6433/4594 5721/6419/4582 5726/6424/4587
f 5721/6419/4582 5719/6417/4580 5726/6424/4587
f 5736/6434/4539 5737/6435/4541 5738/6436/4548
f 5739/6437/4595 5737/6438/4541 5740/6439/4551
f 5741/6440/4596 5737/6435/4541 5742/6441/4547
f 5743/6442/4549 5737/6438/4541 5744/6443/4597
f 5745/6444/4540 5737/6438/4541 5736/6445/4539
f 5746/6446/4546 5737/6435/4541 5747/6447/4550
f 5744/6443/4597 5737/6438/4541 5739/6437/4595
f 5738/6436/4548 5737/6435/4541 5748/6448/4543
f 5748/6448/4543 5737/6435/4541 5741/6440/4596
f 5740/6439/4551 5737/6438/4541 5745/6444/4540
f 5742/6441/4547 5737/6435/4541 5746/6446/4546
f 5747/6449/4550 5737/6438/4541 5743/6442/4549
f 5749/6450/3951 5750/6451/3952 5751/6452/1681
f 5750/6451/3952 5752/6453/3953 5751/6452/1681
f 5752/6453/3953 5753/6454/3954 5751/6452/1681
f 5753/6454/3954 5754/6455/3955 5751/6452/1681
f 5754/6456/3955 5755/6457/3956 5751/6458/1681
f 5755/6457/3956 5756/6459/3957 5751/6458/1681
f 5756/6459/3957 5757/6460/3958 5751/6458/1681
f 5757/6460/3958 5758/6461/3959 5751/6458/1681
f 5758/6461/3959 5759/6462/3960 5751/6458/1681
f 5759/6462/3960 5760/6463/3961 5751/6458/1681
f 5760/6464/3961 5761/6465/3962 5751/6452/1681
f 5761/6465/3962 5749/6450/3951 5751/6452/1681
f 5762/6466/3963 5763/6467/3964 5764/6468/1681
f 5763/6467/3964 5765/6469/3965 5764/6468/1681
f 5765/6470/3965 5766/6471/3966 5764/6472/1681
f 5766/6471/3966 5767/6473/3967 5764/6472/1681
f 5767/6473/3967 5768/6474/3968 5764/6472/1681
f 5768/6474/3968 5769/6475/3969 5764/6472/1681
f 5769/6475/3969 5770/6476/3970 5764/6472/1681
f 5770/6476/3970 5771/6477/3971 5764/6472/1681
f 5771/6477/3971 5772/6478/3972 5764/6472/1681
f 5772/6479/3972 5773/6480/3973 5764/6468/1681
f 5773/6480/3973 5774/6481/3974 5764/6468/1681
f 5774/6481/3974 5762/6466/3963 5764/6468/1681
f 5775/6482/3975 5776/6483/3976 5777/6484/3977
f 5778/6485/3978 5779/6486/3979 5780/6487/3980
f 5781/6488/3981 5782/6489/3982 5783/6490/3983
f 5784/6491/3984 5785/6492/3985 5786/6493/3986
f 5787/3976/3987 5788/6494/3988 5789/6495/3989
f 5790/6496/3990 5791/6497/3991 5792/6498/3992
f 5793/6499/3993 5794/6500/3994 5795/6501/3995
f 5796/6502/3996 5797/6503/3997 5798/6504/4598
f 5799/6505/3999 5800/6506/4000 5801/6507/4001
f 5802/6508/4002 5803/6509/4003 5804/6510/4004
f 5805/6511/4005 5806/6512/4006 5807/6513/4007
f 5808/6514/4008 5809/6515/4009 5810/6516/4010
f 5811/6517/4599 5812/6518/4599 5813/6519/4599
f 5814/6520/4012 5815/6521/4012 5816/6522/4012
f 5817/6523/4013 5818/6524/4013 5819/6525/4013
f 5820/6526/4600 5821/6527/4600 5822/6528/4600
f 5823/6529/4015 5824/5531/4015 5825/6530/4015
f 5826/6531/4016 5827/6532/4016 5828/6533/4016
f 5829/6534/4601 5830/6535/4601 5831/6536/4601
f 5832/6537/4018 5833/6538/4018 5834/6539/4018
f 5835/6540/4019 5836/6541/4019 5837/6542/4019
f 5838/6543/4602 5839/6544/4602 5840/6545/4602
f 5841/6546/4021 5842/6547/4021 5843/6548/4021
f 5844/6549/4022 5845/6550/4022 5846/6551/4022
f 5847/6552/4023 5848/6553/4024 5849/6554/4024
f 5847/6552/4023 5849/6554/4024 5850/6555/4023
f 5848/6553/4024 5851/6556/4025 5852/6557/4025
f 5848/6553/4024 5852/6557/4025 5849/6554/4024
f 5851/6556/4025 5853/6558/4026 5854/6559/4026
f 5851/6556/4025 5854/6559/4026 5852/6557/4025
f 5853/6558/4026 5855/6560/4027 5856/6561/4603
f 5853/6558/4026 5856/6561/4603 5854/6559/4026
f 5855/6560/4027 5857/6562/4028 5858/6563/4028
f 5855/6560/4027 5858/6563/4028 5856/6561/4603
f 5857/6564/4028 5859/6565/4604 5860/6566/4604
f 5857/6564/4028 5860/6566/4604 5858/6567/4028
f 5859/6565/4604 5861/6568/4030 5862/6569/4030
f 5859/6565/4604 5862/6569/4030 5860/6566/4604
f 5861/6568/4030 5863/6570/4031 5864/6571/4031
f 5861/6568/4030 5864/6571/4031 5862/6569/4030
f 5863/6570/4031 5865/6572/4032 5866/6573/4032
f 5863/6570/4031 5866/6573/4032 5864/6571/4031
f 5865/6572/4032 5867/6574/4033 5868/6575/4033
f 5865/6572/4032 5868/6575/4033 5866/6573/4032
f 5867/6574/4033 5869/6576/4034 5870/6577/4034
f 5867/6574/4033 5870/6577/4034 5868/6575/4033
f 5869/6576/4034 5871/6578/4035 5872/6579/4035
f 5869/6576/4034 5872/6579/4035 5870/6577/4034
f 5871/6578/4035 5873/6580/4036 5874/6581/4036
f 5871/6578/4035 5874/6581/4036 5872/6579/4035
f 5873/6580/4036 5875/6582/4037 5876/6583/4037
f 5873/6580/4036 5876/6583/4037 5874/6581/4036
f 5875/6582/4037 5877/6584/4038 5878/6585/4038
f 5875/6582/4037 5878/6585/4038 5876/6583/4037
f 5879/6586/4038 5880/6587/4039 5881/6588/4039
f 5879/6586/4038 5881/6588/4039 5882/6589/4038
f 5880/6587/4039 5883/6590/4040 5884/6591/4040
f 5880/6587/4039 5884/6591/4040 5881/6588/4039
f 5883/6590/4040 5885/6592/4041 5886/6593/4041
f 5883/6590/4040 5886/6593/4041 5884/6591/4040
f 5885/6592/4041 5887/6594/4605 5888/6595/4042
f 5885/6592/4041 5888/6595/4042 5886/6593/4041
f 5887/6594/4605 5847/6552/4023 5850/6555/4023
f 5887/6594/4605 5850/6555/4023 5888/6595/4042
f 5889/6596/4043 5890/6597/4045 5891/6598/4044
f 5889/6596/4043 5891/6598/4044 5892/6599/4043
f 5890/6597/4045 5893/6600/4046 5894/6601/4046
f 5890/6597/4045 5894/6601/4046 5891/6598/4044
f 5893/6600/4046 5895/6602/4047 5896/6603/4606
f 5893/6600/4046 5896/6603/4606 5894/6601/4046
f 5895/4546/4047 5897/6604/4049 5898/6605/4049
f 5895/4546/4047 5898/6605/4049 5896/6606/4606
f 5897/6604/4049 5899/6607/4050 5900/6608/4050
f 5897/6604/4049 5900/6608/4050 5898/6605/4049
f 5899/6607/4050 5901/6609/4607 5902/6610/4607
f 5899/6607/4050 5902/6610/4607 5900/6608/4050
f 5901/6609/4607 5903/6611/4052 5904/6612/4052
f 5901/6609/4607 5904/6612/4052 5902/6610/4607
f 5903/6613/4052 5905/6614/4053 5906/6615/4053
f 5903/6613/4052 5906/6615/4053 5904/6616/4052
f 5905/6614/4053 5907/6617/4054 5908/6618/4054
f 5905/6614/4053 5908/6618/4054 5906/6615/4053
f 5907/6617/4054 5909/6619/4055 5910/6620/4055
f 5907/6617/4054 5910/6620/4055 5908/6618/4054
f 5909/6619/4055 5911/6621/4056 5912/6622/4056
f 5909/6619/4055 5912/6622/4056 5910/6620/4055
f 5911/6621/4056 5913/6623/4057 5914/6624/4057
f 5911/6621/4056 5914/6624/4057 5912/6622/4056
f 5913/6623/4057 5915/6625/4058 5916/6626/4058
f 5913/6623/4057 5916/6626/4058 5914/6624/4057
f 5915/6627/4058 5917/6628/4059 5918/6629/4059
f 5915/6627/4058 5918/6629/4059 5916/6630/4058
f 5917/6628/4059 5919/6631/4060 5920/6632/4060
f 5917/6628/4059 5920/6632/4060 5918/6629/4059
f 5921/6633/4060 5922/6634/4061 5923/6635/4062
f 5921/6633/4060 5923/6635/4062 5924/6636/4060
f 5922/6634/4061 5925/6637/4063 5926/6638/4063
f 5922/6634/4061 5926/6638/4063 5923/6635/4062
f 5925/6639/4063 5927/6640/4064 5928/6641/4064
f 5925/6639/4063 5928/6641/4064 5926/6642/4063
f 5927/6640/4064 5929/6643/4066 5930/6644/4066
f 5927/6640/4064 5930/6644/4066 5928/6641/4064
f 5929/6643/4066 5889/6596/4043 5892/6599/4043
f 5929/6643/4066 5892/6599/4043 5930/6644/4066
f 5931/6645/4067 5932/6646/4068 5933/6647/4068
f 5931/6645/4067 5933/6647/4068 5934/6648/4067
f 5932/6646/4068 5935/6649/4069 5936/6650/4069
f 5932/6646/4068 5936/6650/4069 5933/6647/4068
f 5935/6649/4069 5937/6651/4070 5938/6652/4070
f 5935/6649/4069 5938/6652/4070 5936/6650/4069
f 5937/6651/4070 5939/6653/4071 5940/6654/4071
f 5937/6651/4070 5940/6654/4071 5938/6652/4070
f 5939/6655/4071 5941/6656/4608 5942/6657/4608
f 5939/6655/4071 5942/6657/4608 5940/6658/4071
f 5941/6656/4608 5943/6659/4073 5944/6660/4073
f 5941/6656/4608 5944/6660/4073 5942/6657/4608
f 5943/6659/4073 5945/6661/4074 5946/6662/4074
f 5943/6659/4073 5946/6662/4074 5944/6660/4073
f 5945/6661/4074 5947/6663/4075 5948/6664/4075
f 5945/6661/4074 5948/6664/4075 5946/6662/4074
f 5947/6663/4075 5949/6665/4609 5950/6666/4076
f 5947/6663/4075 5950/6666/4076 5948/6664/4075
f 5949/6665/4609 5951/6667/4077 5952/6668/4077
f 5949/6665/4609 5952/6668/4077 5950/6666/4076
f 5951/6667/4077 5953/6669/4610 5954/6670/4610
f 5951/6667/4077 5954/6670/4610 5952/6668/4077
f 5953/6669/4610 5955/6671/4611 5956/6672/4611
f 5953/6669/4610 5956/6672/4611 5954/6670/4610
f 5955/6671/4611 5957/6673/4080 5958/6674/4080
f 5955/6671/4611 5958/6674/4080 5956/6672/4611
f 5957/6673/4080 5959/6675/4081 5960/6676/4081
f 5957/6673/4080 5960/6676/4081 5958/6674/4080
f 5959/6675/4081 5961/6677/4082 5962/6678/4082
f 5959/6675/4081 5962/6678/4082 5960/6676/4081
f 5963/6679/4082 5964/6680/4083 5965/6681/4083
f 5963/6679/4082 5965/6681/4083 5966/6682/4082
f 5964/6680/4083 5967/6683/4084 5968/6684/4084
f 5964/6680/4083 5968/6684/4084 5965/6681/4083
f 5967/6685/4084 5969/6686/4612 5970/6687/4612
f 5967/6685/4084 5970/6687/4612 5968/6688/4084
f 5969/6686/4612 5971/6689/4086 5972/6690/4086
f 5969/6686/4612 5972/6690/4086 5970/6687/4612
f 5971/6689/4086 5931/6645/4067 5934/6648/4067
f 5971/6689/4086 5934/6648/4067 5972/6690/4086
f 5973/6691/4087 5974/6692/4088 5975/6693/4088
f 5973/6691/4087 5975/6693/4088 5976/6694/4087
f 5974/6692/4088 5977/6695/4089 5978/6696/4089
f 5974/6692/4088 5978/6696/4089 5975/6693/4088
f 5977/6697/4089 5979/6698/4090 5980/6699/4090
f 5977/6697/4089 5980/6699/4090 5978/6700/4089
f 5979/6698/4090 5981/6701/4091 5982/6702/4091
f 5979/6698/4090 5982/6702/4091 5980/6699/4090
f 5981/6701/4091 5983/6703/4092 5984/6704/4092
f 5981/6701/4091 5984/6704/4092 5982/6702/4091
f 5983/6703/4092 5985/6705/4093 5986/6706/4093
f 5983/6703/4092 5986/6706/4093 5984/6704/4092
f 5985/6705/4093 5987/6707/4094 5988/6708/4094
f 5985/6705/4093 5988/6708/4094 5986/6706/4093
f 5987/6707/4094 5989/6709/4095 5990/6710/4095
f 5987/6707/4094 5990/6710/4095 5988/6708/4094
f 5989/6711/4095 5991/6712/4096 5992/6713/4096
f 5989/6711/4095 5992/6713/4096 5990/6714/4095
f 5991/6712/4096 5993/6715/4097 5994/6716/4097
f 5991/6712/4096 5994/6716/4097 5992/6713/4096
f 5993/6715/4097 5995/6717/4098 5996/6718/4098
f 5993/6715/4097 5996/6718/4098 5994/6716/4097
f 5995/6717/4098 5997/6719/4099 5998/6720/4099
f 5995/6717/4098 5998/6720/4099 5996/6718/4098
f 5997/5729/4099 5999/6721/4100 6000/6722/4100
f 5997/5729/4099 6000/6722/4100 5998/6723/4099
f 5999/6721/4100 6001/6724/4101 6002/6725/4101
f 5999/6721/4100 6002/6725/4101 6000/6722/4100
f 6001/6724/4101 6003/6726/4102 6004/6727/4102
f 6001/6724/4101 6004/6727/4102 6002/6725/4101
f 6005/6728/4102 6006/6729/4103 6007/6730/4103
f 6005/6728/4102 6007/6730/4103 6008/6731/4102
f 6006/6729/4103 6009/6732/4104 6010/6733/4104
f 6006/6729/4103 6010/6733/4104 6007/6730/4103
f 6009/6732/4104 6011/6291/4105 6012/6734/4105
f 6009/6732/4104 6012/6734/4105 6010/6733/4104
f 6011/6735/4105 6013/6736/4106 6014/6737/4106
f 6011/6735/4105 6014/6737/4106 6012/6738/4105
f 6013/6736/4106 5973/6691/4087 5976/6694/4087
f 6013/6736/4106 5976/6694/4087 6014/6737/4106
f 6015/6739/4613 6016/6740/4108 6017/6741/4109
f 6015/6739/4613 6017/6741/4109 6018/6742/4614
f 6019/6743/4111 6020/6744/4112 6016/6740/4108
f 6019/6743/4111 6016/6740/4108 6015/6739/4613
f 6021/6745/4113 6022/6746/4114 6020/6744/4112
f 6021/6745/4113 6020/6744/4112 6019/6743/4111
f 6023/6747/4115 6024/6748/4116 6022/6746/4114
f 6023/6747/4115 6022/6746/4114 6021/6745/4113
f 6025/6749/4615 6026/6750/4118 6024/6748/4116
f 6025/6749/4615 6024/6748/4116 6023/6747/4115
f 6027/6751/4119 6028/6752/4120 6026/6753/4118
f 6027/6751/4119 6026/6753/4118 6025/6754/4615
f 6029/6755/4121 6030/6756/4122 6028/6752/4120
f 6029/6755/4121 6028/6752/4120 6027/6751/4119
f 6031/6757/4123 6032/6758/4124 6030/6756/4122
f 6031/6757/4123 6030/6756/4122 6029/6755/4121
f 6033/6759/4125 6034/6760/4126 6032/6758/4124
f 6033/6759/4125 6032/6758/4124 6031/6757/4123
f 6035/6761/4127 6036/6762/4128 6034/6760/4126
f 6035/6761/4127 6034/6760/4126 6033/6759/4125
f 6037/6763/4129 6038/6764/4130 6036/6762/4128
f 6037/6763/4129 6036/6762/4128 6035/6761/4127
f 6039/6765/4131 6040/6766/4616 6038/6764/4130
f 6039/6765/4131 6038/6764/4130 6037/6763/4129
f 6041/6767/4133 6042/6768/4134 6040/6766/4616
f 6041/6767/4133 6040/6766/4616 6039/6765/4131
f 6043/6769/4135 6044/6770/4136 6042/6768/4134
f 6043/6769/4135 6042/6768/4134 6041/6767/4133
f 6045/6771/4137 6046/6772/4138 6044/6770/4136
f 6045/6771/4137 6044/6770/4136 6043/6769/4135
f 6047/6773/4139 6048/6774/4140 6046/6775/4138
f 6047/6773/4139 6046/6775/4138 6045/6776/4137
f 6049/6777/4141 6050/6778/4142 6048/6774/4140
f 6049/6777/4141 6048/6774/4140 6047/6773/4139
f 6051/6779/4143 6052/6780/4144 6050/6778/4142
f 6051/6779/4143 6050/6778/4142 6049/6777/4141
f 6053/6781/4617 6054/6782/4146 6052/6780/4144
f 6053/6781/4617 6052/6780/4144 6051/6779/4143
f 6018/6742/4614 6017/6741/4109 6054/6782/4146
f 6018/6742/4614 6054/6782/4146 6053/6781/4617
f 6018/6742/4614 6055/6783/4618 6056/6784/4148
f 6018/6742/4614 6056/6784/4148 6015/6739/4613
f 6015/6739/4613 6056/6784/4148 6057/6785/4149
f 6015/6739/4613 6057/6785/4149 6019/6743/4111
f 6019/6743/4111 6057/6785/4149 6058/6786/4150
f 6019/6743/4111 6058/6786/4150 6021/6745/4113
f 6021/6787/4113 6058/6788/4150 6059/6789/4619
f 6021/6787/4113 6059/6789/4619 6023/6790/4115
f 6023/6790/4115 6059/6789/4619 6060/6791/4620
f 6023/6790/4115 6060/6791/4620 6025/6792/4615
f 6025/6792/4615 6060/6791/4620 6061/6793/4153
f 6025/6792/4615 6061/6793/4153 6027/6794/4119
f 6027/6794/4119 6061/6793/4153 6062/6795/4154
f 6027/6794/4119 6062/6795/4154 6029/6796/4121
f 6029/6755/4121 6062/6797/4154 6063/6798/4621
f 6029/6755/4121 6063/6798/4621 6031/6757/4123
f 6031/6757/4123 6063/6798/4621 6064/6799/4622
f 6031/6757/4123 6064/6799/4622 6033/6759/4125
f 6033/6759/4125 6064/6799/4622 6065/6800/4157
f 6033/6759/4125 6065/6800/4157 6035/6761/4127
f 6035/6761/4127 6065/6800/4157 6066/6801/4158
f 6035/6761/4127 6066/6801/4158 6037/6763/4129
f 6037/6763/4129 6066/6801/4158 6067/6802/4159
f 6037/6763/4129 6067/6802/4159 6039/6765/4131
f 6039/6765/4131 6067/6802/4159 6068/6803/4160
f 6039/6765/4131 6068/6803/4160 6041/6767/4133
f 6041/6804/4133 6068/6805/4160 6069/6806/4161
f 6041/6804/4133 6069/6806/4161 6043/6807/4135
f 6043/6807/4135 6069/6806/4161 6070/6808/4162
f 6043/6807/4135 6070/6808/4162 6045/6809/4137
f 6045/6809/4137 6070/6808/4162 6071/6810/4163
f 6045/6809/4137 6071/6810/4163 6047/6811/4139
f 6047/6811/4139 6071/6810/4163 6072/6812/4164
f 6047/6811/4139 6072/6812/4164 6049/6813/4141
f 6049/6777/4141 6072/6814/4164 6073/6815/4165
f 6049/6777/4141 6073/6815/4165 6051/6779/4143
f 6051/6779/4143 6073/6815/4165 6074/6816/4623
f 6051/6779/4143 6074/6816/4623 6053/6781/4617
f 6053/6781/4617 6074/6816/4623 6055/6783/4618
f 6053/6781/4617 6055/6783/4618 6018/6742/4614
f 6075/6817/4167 6076/6818/4168 6017/6819/4109
f 6075/6817/4167 6017/6819/4109 6016/6820/4108
f 6077/6821/4169 6075/6817/4167 6016/6820/4108
f 6077/6821/4169 6016/6820/4108 6020/6822/4112
f 6078/6823/4170 6077/6821/4169 6020/6822/4112
f 6078/6823/4170 6020/6822/4112 6022/6824/4114
f 6079/6825/4171 6078/6823/4170 6022/6824/4114
f 6079/6825/4171 6022/6824/4114 6024/6826/4116
f 6080/6827/4172 6079/6825/4171 6024/6826/4116
f 6080/6827/4172 6024/6826/4116 6026/6828/4118
f 6081/6829/4173 6080/6830/4172 6026/6831/4118
f 6081/6829/4173 6026/6831/4118 6028/6832/4120
f 6082/6833/4174 6081/6829/4173 6028/6832/4120
f 6082/6833/4174 6028/6832/4120 6030/6834/4122
f 6083/6835/4175 6082/6833/4174 6030/6834/4122
f 6083/6835/4175 6030/6834/4122 6032/6836/4124
f 6084/6837/4176 6083/6835/4175 6032/6836/4124
f 6084/6837/4176 6032/6836/4124 6034/6838/4126
f 6085/6839/4177 6084/6837/4176 6034/6838/4126
f 6085/6839/4177 6034/6838/4126 6036/6840/4128
f 6086/6841/4178 6085/6839/4177 6036/6840/4128
f 6086/6841/4178 6036/6840/4128 6038/6842/4130
f 6087/6843/4179 6086/6841/4178 6038/6842/4130
f 6087/6843/4179 6038/6842/4130 6040/6844/4616
f 6088/6845/4180 6087/6843/4179 6040/6844/4616
f 6088/6845/4180 6040/6844/4616 6042/6846/4134
f 6089/6847/4181 6088/6845/4180 6042/6846/4134
f 6089/6847/4181 6042/6846/4134 6044/6848/4136
f 6090/6849/4182 6089/6847/4181 6044/6848/4136
f 6090/6849/4182 6044/6848/4136 6046/6850/4138
f 6091/6851/4183 6090/6852/4182 6046/6853/4138
f 6091/6851/4183 6046/6853/4138 6048/6854/4140
f 6092/6855/4184 6091/6851/4183 6048/6854/4140
f 6092/6855/4184 6048/6854/4140 6050/6856/4142
f 6093/6857/4185 6092/6855/4184 6050/6856/4142
f 6093/6857/4185 6050/6856/4142 6052/6858/4144
f 6094/6859/4186 6093/6857/4185 6052/6858/4144
f 6094/6859/4186 6052/6858/4144 6054/6860/4146
f 6076/6818/4168 6094/6859/4186 6054/6860/4146
f 6076/6818/4168 6054/6860/4146 6017/6819/4109
f 6095/6861/4187 6096/6862/4188 6097/6863/4189
f 6095/6861/4187 6097/6863/4189 6098/6864/4190
f 6099/6865/4191 6095/6861/4187 6098/6864/4190
f 6099/6865/4191 6098/6864/4190 6100/6866/4192
f 6101/6867/4193 6102/6868/4194 6103/6869/4195
f 6101/6867/4193 6103/6869/4195 6104/6870/4196
f 6105/6871/4197 6106/6872/4193 6107/6873/4196
f 6105/6871/4197 6107/6873/4196 6108/6874/4198
f 6109/6875/4199 6105/6871/4197 6108/6874/4198
f 6109/6875/4199 6108/6874/4198 6110/6876/4200
f 6111/6877/4201 6109/6875/4199 6110/6876/4200
f 6111/6877/4201 6110/6876/4200 6112/6878/4202
f 6113/6879/4203 6114/6880/4204 6115/6881/4205
f 6113/6879/4203 6115/6881/4205 6116/6882/4206
f 6117/6883/4207 6113/6884/4203 6116/6885/4206
f 6117/6883/4207 6116/6885/4206 6118/6886/4208
f 6119/6887/4209 6120/6888/4624 6121/6889/4211
f 6119/6887/4209 6121/6889/4211 6122/6890/4212
f 6123/6891/4213 6122/6890/4212 6121/6889/4211
f 6123/6891/4213 6121/6889/4211 6124/6892/4214
f 6125/6893/4215 6126/6894/4213 6127/6895/4214
f 6125/6893/4215 6127/6895/4214 6128/6896/4216
f 6129/6897/4217 6130/6898/4218 6131/6899/4219
f 6129/6897/4217 6131/6899/4219 6132/6900/4165
f 6133/6901/4220 6134/6902/4221 6097/6863/4189
f 6133/6901/4220 6097/6863/4189 6096/6862/4188
f 6135/6903/4222 6136/6904/4223 6137/6905/4224
f 6135/6903/4222 6137/6905/4224 6138/6906/4625
f 6136/6904/4223 6139/6907/4226 6140/6908/4227
f 6136/6904/4223 6140/6908/4227 6137/6905/4224
f 6139/6907/4226 6141/6909/4228 6142/6910/4229
f 6139/6907/4226 6142/6910/4229 6140/6908/4227
f 6141/6909/4228 6143/6911/4230 6144/6912/4231
f 6141/6909/4228 6144/6912/4231 6142/6910/4229
f 6143/6911/4230 6145/6913/4232 6146/6914/4626
f 6143/6911/4230 6146/6914/4626 6144/6912/4231
f 6145/6913/4232 6147/6915/4234 6148/6916/4235
f 6145/6913/4232 6148/6916/4235 6146/6914/4626
f 6147/6915/4234 6149/6917/4236 6150/6918/4237
f 6147/6915/4234 6150/6918/4237 6148/6916/4235
f 6149/6917/4236 6151/6919/4627 6152/6920/4628
f 6149/6917/4236 6152/6920/4628 6150/6918/4237
f 6151/6919/4627 6153/6921/4240 6154/6922/4241
f 6151/6919/4627 6154/6922/4241 6152/6920/4628
f 6153/6921/4240 6155/6923/4242 6156/6924/4243
f 6153/6921/4240 6156/6924/4243 6154/6922/4241
f 6155/6923/4242 6157/6925/4244 6158/6926/4245
f 6155/6923/4242 6158/6926/4245 6156/6924/4243
f 6157/6925/4244 6159/6927/4246 6160/6928/4247
f 6157/6925/4244 6160/6928/4247 6158/6926/4245
f 6159/6927/4246 6161/6929/4248 6162/6930/4249
f 6159/6927/4246 6162/6930/4249 6160/6928/4247
f 6161/6929/4248 6163/6931/4250 6164/6932/4251
f 6161/6929/4248 6164/6932/4251 6162/6930/4249
f 6163/6931/4250 6165/6933/4252 6166/6934/4253
f 6163/6931/4250 6166/6934/4253 6164/6932/4251
f 6165/6933/4252 6167/6935/4254 6168/6936/4255
f 6165/6933/4252 6168/6936/4255 6166/6934/4253
f 6167/6935/4254 6169/6937/4256 6170/6938/4257
f 6167/6935/4254 6170/6938/4257 6168/6936/4255
f 6169/6937/4256 6171/6939/4258 6172/6940/4259
f 6169/6937/4256 6172/6940/4259 6170/6938/4257
f 6171/6939/4258 6173/6941/4260 6174/6942/4629
f 6171/6939/4258 6174/6942/4629 6172/6940/4259
f 6173/6941/4260 6135/6903/4222 6138/6906/4625
f 6173/6941/4260 6138/6906/4625 6174/6942/4629
f 6138/6906/4625 6137/6905/4224 6175/6943/4630
f 6138/6906/4625 6175/6943/4630 6176/6944/4631
f 6137/6905/4224 6140/6908/4227 6177/6945/4264
f 6137/6905/4224 6177/6945/4264 6175/6943/4630
f 6140/6908/4227 6142/6910/4229 6178/6946/4265
f 6140/6908/4227 6178/6946/4265 6177/6945/4264
f 6142/6947/4229 6144/6948/4231 6179/6949/4266
f 6142/6947/4229 6179/6949/4266 6178/6950/4265
f 6144/6948/4231 6146/6951/4626 6180/6952/4632
f 6144/6948/4231 6180/6952/4632 6179/6949/4266
f 6146/6951/4626 6148/6953/4235 6181/6954/4268
f 6146/6951/4626 6181/6954/4268 6180/6952/4632
f 6148/6953/4235 6150/6955/4237 6182/5954/4269
f 6148/6953/4235 6182/5954/4269 6181/6954/4268
f 6150/6956/4237 6152/6957/4628 6183/6958/4633
f 6150/6956/4237 6183/6958/4633 6182/6959/4269
f 6152/6957/4628 6154/6960/4241 6184/6961/4634
f 6152/6957/4628 6184/6961/4634 6183/6958/4633
f 6154/6960/4241 6156/6962/4243 6185/6963/4271
f 6154/6960/4241 6185/6963/4271 6184/6961/4634
f 6156/6962/4243 6158/6964/4245 6186/6965/4208
f 6156/6962/4243 6186/6965/4208 6185/6963/4271
f 6158/6964/4245 6160/6966/4247 6187/6967/4272
f 6158/6964/4245 6187/6967/4272 6186/6965/4208
f 6160/6966/4247 6162/6968/4249 6188/6969/4273
f 6160/6966/4247 6188/6969/4273 6187/6967/4272
f 6162/6970/4249 6164/6971/4251 6189/6972/4274
f 6162/6970/4249 6189/6972/4274 6188/6973/4273
f 6164/6971/4251 6166/6974/4253 6190/6975/4275
f 6164/6971/4251 6190/6975/4275 6189/6972/4274
f 6166/6974/4253 6168/6976/4255 6191/6977/4276
f 6166/6974/4253 6191/6977/4276 6190/6975/4275
f 6168/6976/4255 6170/6978/4257 6192/6979/4218
f 6168/6976/4255 6192/6979/4218 6191/6977/4276
f 6170/6978/4257 6172/6980/4259 6193/6981/4277
f 6170/6978/4257 6193/6981/4277 6192/6979/4218
f 6172/6940/4259 6174/6942/4629 6194/6982/4278
f 6172/6940/4259 6194/6982/4278 6193/6983/4277
f 6174/6942/4629 6138/6906/4625 6176/6944/4631
f 6174/6942/4629 6176/6944/4631 6194/6982/4278
f 6135/6903/4222 6195/6984/4279 6196/6985/4280
f 6135/6903/4222 6196/6985/4280 6136/6904/4223
f 6136/6904/4223 6196/6985/4280 6197/6986/4281
f 6136/6904/4223 6197/6986/4281 6139/6907/4226
f 6139/6907/4226 6197/6986/4281 6198/6987/4282
f 6139/6907/4226 6198/6987/4282 6141/6909/4228
f 6141/6909/4228 6198/6987/4282 6199/6988/4283
f 6141/6909/4228 6199/6988/4283 6143/6911/4230
f 6143/6911/4230 6199/6988/4283 6200/6989/4284
f 6143/6911/4230 6200/6989/4284 6145/6913/4232
f 6145/6913/4232 6200/6989/4284 6201/6990/4285
f 6145/6913/4232 6201/6990/4285 6147/6915/4234
f 6147/6915/4234 6201/6990/4285 6202/6991/4286
f 6147/6915/4234 6202/6991/4286 6149/6917/4236
f 6149/6917/4236 6202/6991/4286 6203/6992/4287
f 6149/6917/4236 6203/6992/4287 6151/6919/4627
f 6151/6919/4627 6203/6992/4287 6204/6993/4288
f 6151/6919/4627 6204/6993/4288 6153/6921/4240
f 6153/6921/4240 6204/6993/4288 6205/6994/4289
f 6153/6921/4240 6205/6994/4289 6155/6923/4242
f 6155/6923/4242 6205/6994/4289 6206/6995/4290
f 6155/6923/4242 6206/6995/4290 6157/6925/4244
f 6157/6925/4244 6206/6995/4290 6207/6996/4291
f 6157/6925/4244 6207/6996/4291 6159/6927/4246
f 6159/6927/4246 6207/6996/4291 6208/6997/4292
f 6159/6927/4246 6208/6997/4292 6161/6929/4248
f 6161/6929/4248 6208/6997/4292 6209/6998/4293
f 6161/6929/4248 6209/6998/4293 6163/6931/4250
f 6163/6931/4250 6209/6998/4293 6210/6999/4294
f 6163/6931/4250 6210/6999/4294 6165/6933/4252
f 6165/6933/4252 6210/6999/4294 6211/7000/4295
f 6165/6933/4252 6211/7000/4295 6167/6935/4254
f 6167/6935/4254 6211/7000/4295 6212/7001/4296
f 6167/6935/4254 6212/7001/4296 6169/6937/4256
f 6169/6937/4256 6212/7001/4296 6213/7002/4297
f 6169/6937/4256 6213/7002/4297 6171/6939/4258
f 6171/6939/4258 6213/7002/4297 6214/7003/4298
f 6171/6939/4258 6214/7003/4298 6173/6941/4260
f 6173/6941/4260 6214/7003/4298 6195/6984/4279
f 6173/6941/4260 6195/6984/4279 6135/6903/4222
f 6215/7004/4299 6099/7005/4191 6100/7006/4192
f 6215/7004/4299 6100/7006/4192 6216/7007/4265
f 6215/7004/4299 6216/7007/4265 6103/6869/4195
f 6215/7004/4299 6103/6869/4195 6102/6868/4194
f 6111/7008/4201 6112/7009/4202 6115/6881/4205
f 6111/7008/4201 6115/6881/4205 6114/6880/4204
f 6117/6883/4207 6118/6886/4208 6217/7010/4300
f 6117/6883/4207 6217/7010/4300 6218/5167/4301
f 6218/7011/4301 6217/7012/4300 6120/6888/4624
f 6218/7011/4301 6120/6888/4624 6119/6887/4209
f 6129/6897/4217 6125/6893/4215 6128/6896/4216
f 6129/6897/4217 6128/6896/4216 6130/6898/4218
f 6133/6901/4220 6132/7013/4165 6131/7014/4219
f 6133/6901/4220 6131/7014/4219 6134/6902/4221
f 6219/7015/4302 5775/6482/3975 5777/6484/3977
f 6219/7015/4302 5777/6484/3977 6220/7016/4302
f 6221/7017/4303 5778/6485/3978 5780/6487/3980
f 6221/7017/4303 5780/6487/3980 6222/7018/4303
f 6223/7019/4304 5781/7020/3981 5783/7021/3983
f 6223/7019/4304 5783/7021/3983 6224/7022/4304
f 6225/7023/4305 5784/6491/3984 5786/6493/3986
f 6225/7023/4305 5786/6493/3986 6226/7024/4306
f 6227/7025/4307 5787/7026/3987 5789/7027/3989
f 6227/7025/4307 5789/7027/3989 6228/7028/4307
f 6229/7029/4308 5790/7030/3990 5792/7031/3992
f 6229/7032/4308 5792/7033/3992 6230/7034/4308
f 5780/6487/3980 5779/6486/3979 5794/6500/3994
f 5780/6487/3980 5794/6500/3994 5793/6499/3993
f 5783/7035/3983 5782/7036/3982 5797/6503/3997
f 5783/7035/3983 5797/6503/3997 5796/6502/3996
f 5786/7037/3986 5785/7038/3985 5800/6506/4000
f 5786/7037/3986 5800/6506/4000 5799/6505/3999
f 5789/6495/3989 5788/6494/3988 5803/6509/4003
f 5789/6495/3989 5803/6509/4003 5802/6508/4002
f 5792/6498/3992 5791/6497/3991 5806/7039/4006
f 5792/6498/3992 5806/7039/4006 5805/7040/4005
f 5777/6484/3977 5776/6483/3976 5809/7041/4009
f 5777/6484/3977 5809/7041/4009 5808/7042/4008
f 6231/7043/4309 6232/7044/4309 5793/6499/3993
f 6231/7043/4309 5793/6499/3993 5795/6501/3995
f 6233/7045/4310 6234/7046/4311 5796/6502/3996
f 6233/7045/4310 5796/6502/3996 5798/6504/4598
f 6235/6054/4312 6236/7047/4312 5799/7048/3999
f 6235/6056/4312 5799/7049/3999 5801/7050/4001
f 6237/7051/4313 6238/7052/4313 5802/7053/4002
f 6237/7051/4313 5802/7053/4002 5804/7054/4004
f 6239/7055/4314 6240/7056/4314 5805/6511/4005
f 6239/7055/4314 5805/6511/4005 5807/6513/4007
f 6241/7057/4315 6242/7058/4315 5808/7059/4008
f 6241/7057/4315 5808/7059/4008 5810/7060/4010
f 6243/7061/4317 6244/7062/4317 6245/7063/4317
f 6243/7061/4317 6245/7063/4317 6246/7064/4317
f 6247/7065/4635 6248/7066/4318 6249/7067/4318
f 6247/7065/4635 6249/7067/4318 6250/7068/4635
f 6251/7069/4321 6252/7070/4321 6253/7071/4321
f 6251/7069/4321 6253/7071/4321 6254/7072/4321
f 6255/7073/4322 6256/7074/4323 6257/7075/4323
f 6255/7073/4322 6257/7075/4323 6258/7076/4322
f 6259/7077/4324 6260/7078/4324 6261/7079/4324
f 6259/7077/4324 6261/7079/4324 6262/7080/4636
f 6263/7081/4325 6264/7082/4637 6265/6088/4637
f 6263/7081/4325 6265/6088/4637 6266/7083/4325
f 5794/6500/3994 5776/6483/3976 5775/6482/3975
f 5794/6500/3994 5775/6482/3975 5795/6501/3995
f 5797/6503/3997 5779/6486/3979 5778/6485/3978
f 5797/6503/3997 5778/6485/3978 5798/6504/4598
f 5800/6506/4000 5782/7084/3982 5781/7085/3981
f 5800/6506/4000 5781/7085/3981 5801/6507/4001
f 5803/7086/4003 5785/6492/3985 5784/6491/3984
f 5803/7086/4003 5784/6491/3984 5804/7087/4004
f 5806/6512/4006 5788/7088/3988 5787/7089/3987
f 5806/6512/4006 5787/7089/3987 5807/6513/4007
f 5809/7090/4009 5791/6497/3991 5790/6496/3990
f 5809/7090/4009 5790/6496/3990 5810/2029/4010
f 6267/7091/4326 6268/7092/4326 6269/1861/4326
f 6267/7093/4326 6269/7094/4326 6270/7095/4326
f 6271/7096/4327 6272/5225/4327 6273/7097/4328
f 6271/7096/4327 6273/7097/4328 6274/7098/4328
f 6275/7099/4329 6276/7100/4329 6277/7101/4329
f 6275/7099/4329 6277/7101/4329 6278/7102/4329
f 6279/7103/4330 6280/7104/4331 6281/7105/4638
f 6279/7103/4330 6281/7105/4638 6282/7106/4330
f 6283/7107/4332 6284/7108/4332 6285/7109/4332
f 6283/7107/4332 6285/7109/4332 6286/7110/4332
f 6287/7111/4333 6288/2077/4333 6289/7112/4333
f 6287/7111/4333 6289/7112/4333 6290/7113/4333
f 6291/7114/4334 6292/6119/4334 6293/7115/4335
f 6291/7114/4334 6293/7115/4335 6294/7116/4336
f 6295/7117/4337 6296/7118/4337 6297/7119/4338
f 6295/7120/4337 6297/1323/4338 6298/7121/4338
f 6299/6130/4340 6300/7122/4340 6301/7123/4341
f 6299/6130/4340 6301/7123/4341 6302/7124/4639
f 6303/6133/4342 6304/7125/4342 6305/7126/4343
f 6303/6133/4342 6305/7126/4343 6306/7127/4343
f 6307/7128/4345 6308/7129/4345 6309/7130/4346
f 6307/7131/4345 6309/7132/4346 6310/7133/4640
f 6311/7134/4348 6312/7135/4348 6313/7136/4349
f 6311/7134/4348 6313/7136/4349 6314/7137/4349
f 6315/7138/4350 6316/7139/4350 6317/7140/4350
f 6315/7138/4350 6317/7140/4350 6318/7141/4350
f 6319/7142/4351 6320/7143/4352 6321/7144/4351
f 6319/7145/4351 6321/7146/4351 6322/7147/4353
f 6323/7148/4354 6324/7149/4355 6325/6157/4354
f 6323/7148/4354 6325/6157/4354 6326/7150/4354
f 6327/7151/4356 6328/7152/4357 6329/7153/4356
f 6327/7151/4356 6329/7153/4356 6330/7154/4356
f 6331/7155/4358 6332/7156/4359 6333/7157/4359
f 6331/7155/4358 6333/7157/4359 6334/7158/4358
f 6335/7159/4360 6336/3944/4360 6337/7160/4360
f 6335/7159/4360 6337/7160/4360 6338/7161/4360
f 6339/7162/4641 6340/7163/1284 6341/7164/4642
f 6341/7164/4642 6340/7163/1284 6342/7165/4643
f 6342/7165/4643 6340/7163/1284 6343/7166/4644
f 6343/7166/4644 6340/7163/1284 6344/7167/4645
f 6344/7167/4645 6340/7163/1284 6345/7168/4646
f 6345/7168/4646 6340/7163/1284 6346/7169/4647
f 6346/7170/4647 6340/7171/1284 6347/7172/4648
f 6347/7172/4648 6340/7171/1284 6348/7173/4649
f 6348/7174/4649 6340/7163/1284 6349/7175/4650
f 6349/7175/4650 6340/7163/1284 6350/7176/4651
f 6350/7176/4651 6340/7163/1284 6351/7177/4652
f 6351/7177/4652 6340/7163/1284 6339/7162/4641
f 6352/7178/4653 6353/7179/1284 6354/7180/4654
f 6354/7180/4654 6353/7179/1284 6355/7181/4655
f 6355/7181/4655 6353/7179/1284 6356/7182/4656
f 6356/7182/4656 6353/7179/1284 6357/7183/4657
f 6357/7183/4657 6353/7179/1284 6358/7184/4658
f 6358/7184/4658 6353/7179/1284 6359/7185/4659
f 6359/7185/4659 6353/7179/1284 6360/7186/4660
f 6360/7186/4660 6353/7179/1284 6361/7187/4661
f 6361/7187/4661 6353/7179/1284 6362/7188/4662
f 6362/7188/4662 6353/7179/1284 6363/7189/4663
f 6363/7190/4663 6353/7191/1284 6364/7192/4664
f 6364/7192/4664 6353/7191/1284 6352/7193/4653
f 6365/7194/4665 6366/7195/4666 6367/7196/4667
f 6368/7197/4668 6369/7198/4669 6370/7199/4670
f 6371/7200/4671 6372/7201/4672 6373/7202/4673
f 6374/7203/4674 6375/7204/4675 6376/7205/4676
f 6377/7206/4677 6378/7207/4678 6379/7208/4679
f 6380/7209/4680 6381/7210/4681 6382/7211/4682
f 6383/7212/4683 6384/7213/4684 6385/7214/4685
f 6386/7215/4686 6387/7216/4687 6388/7217/4688
f 6389/7218/4689 6390/7219/4690 6391/7220/4691
f 6392/7221/4692 6393/7222/4693 6394/7223/4694
f 6395/7224/4695 6396/7225/4696 6397/7226/4697
f 6398/7227/4698 6399/7228/4699 6400/7229/4700
f 6401/7230/4701 6402/4878/4701 6403/7231/4701
f 6404/1001/4702 6405/6070/4702 6406/7232/4702
f 6407/7233/4703 6408/7234/4703 6409/7235/4703
f 6410/7236/4704 6411/7237/4704 6412/7238/4704
f 6413/4147/4705 6414/7239/4705 6415/7240/4705
f 6416/7241/4706 6417/7242/4706 6418/3103/4706
f 6419/7243/4707 6420/7244/4707 6421/7245/4707
f 6422/7246/4708 6423/7247/4708 6424/7248/4708
f 6425/7249/4709 6426/7250/4709 6427/7251/4709
f 6428/7252/4710 6429/7253/4710 6430/7254/4710
f 6431/7255/4711 6432/7256/4711 6433/7257/4711
f 6434/7258/4712 6435/7259/4712 6436/7260/4712
f 6437/7261/4077 6438/7262/4713 6439/7263/4076
f 6437/7261/4077 6439/7263/4076 6440/7264/4076
f 6440/7264/4076 6439/7263/4076 6441/7265/4075
f 6440/7264/4076 6441/7265/4075 6442/7266/4075
f 6442/7266/4075 6441/7265/4075 6443/7267/4074
f 6442/7266/4075 6443/7267/4074 6444/7268/4074
f 6444/7268/4074 6443/7267/4074 6445/7269/4073
f 6444/7268/4074 6445/7269/4073 6446/7270/4714
f 6446/7270/4714 6445/7269/4073 6447/7271/4608
f 6446/7270/4714 6447/7271/4608 6448/7272/4608
f 6448/7272/4608 6447/7271/4608 6449/7273/4715
f 6448/7272/4608 6449/7273/4715 6450/7274/4715
f 6450/7275/4715 6449/7276/4715 6451/7277/4070
f 6450/7275/4715 6451/7277/4070 6452/7278/4070
f 6452/7278/4070 6451/7277/4070 6453/7279/4069
f 6452/7278/4070 6453/7279/4069 6454/7280/4069
f 6454/7280/4069 6453/7279/4069 6455/7281/4068
f 6454/7280/4069 6455/7281/4068 6456/7282/4068
f 6456/7282/4068 6455/7281/4068 6457/7283/4716
f 6456/7282/4068 6457/7283/4716 6458/7284/4716
f 6458/7284/4716 6457/7283/4716 6459/7285/4717
f 6458/7284/4716 6459/7285/4717 6460/7286/4717
f 6460/7286/4717 6459/7285/4717 6461/7287/4085
f 6460/7286/4717 6461/7287/4085 6462/7288/4085
f 6462/7288/4085 6461/7287/4085 6463/7289/4084
f 6462/7288/4085 6463/7289/4084 6464/7290/4084
f 6464/7291/4084 6463/7292/4084 6465/7293/4718
f 6464/7291/4084 6465/7293/4718 6466/7294/4718
f 6466/7294/4718 6465/7293/4718 6467/7295/4082
f 6466/7294/4718 6467/7295/4082 6468/7296/4082
f 6469/7297/4082 6470/7298/4082 6471/7299/4719
f 6469/7297/4082 6471/7299/4719 6472/7300/4719
f 6472/7300/4719 6471/7299/4719 6473/7301/4080
f 6472/7300/4719 6473/7301/4080 6474/7302/4080
f 6474/7302/4080 6473/7301/4080 6475/7303/4079
f 6474/7302/4080 6475/7303/4079 6476/7304/4079
f 6476/7304/4079 6475/7303/4079 6477/7305/4610
f 6476/7304/4079 6477/7305/4610 6478/7306/4610
f 6478/7306/4610 6477/7305/4610 6438/7262/4713
f 6478/7306/4610 6438/7262/4713 6437/7261/4077
f 6479/7307/4720 6480/7308/4720 6481/7309/4721
f 6479/7307/4720 6481/7309/4721 6482/7310/4722
f 6482/7310/4722 6481/7309/4721 6483/7311/4723
f 6482/7310/4722 6483/7311/4723 6484/7312/4723
f 6484/7313/4723 6483/7314/4723 6485/7315/4724
f 6484/7313/4723 6485/7315/4724 6486/7316/4725
f 6486/7316/4725 6485/7315/4724 6487/7317/4726
f 6486/7316/4725 6487/7317/4726 6488/7318/4726
f 6488/7318/4726 6487/7317/4726 6489/7319/4727
f 6488/7318/4726 6489/7319/4727 6490/7320/4727
f 6490/7320/4727 6489/7319/4727 6491/7321/4728
f 6490/7320/4727 6491/7321/4728 6492/7322/4728
f 6492/7322/4728 6491/7321/4728 6493/7323/4729
f 6492/7322/4728 6493/7323/4729 6494/7324/4729
f 6494/7324/4729 6493/7323/4729 6495/7325/4730
f 6494/7324/4729 6495/7325/4730 6496/7326/4730
f 6496/7327/4730 6495/7328/4730 6497/7329/4731
f 6496/7327/4730 6497/7329/4731 6498/7330/4731
f 6498/7331/4731 6497/7332/4731 6499/7333/4732
f 6498/7331/4731 6499/7333/4732 6500/7334/4732
f 6500/7334/4732 6499/7333/4732 6501/7335/4733
f 6500/7334/4732 6501/7335/4733 6502/7336/4733
f 6502/7337/4733 6501/7338/4733 6503/7328/4734
f 6502/7337/4733 6503/7328/4734 6504/7339/4734
f 6504/7340/4734 6503/7341/4734 6505/7342/4735
f 6504/7340/4734 6505/7342/4735 6506/7343/4735
f 6506/7343/4735 6505/7342/4735 6507/7344/4736
f 6506/7343/4735 6507/7344/4736 6508/7345/4736
f 6508/7345/4736 6507/7344/4736 6509/7346/4737
f 6508/7345/4736 6509/7346/4737 6510/7347/4737
f 6511/7348/4737 6512/7349/4737 6513/7350/4738
f 6511/7348/4737 6513/7350/4738 6514/7351/4738
f 6514/7351/4738 6513/7350/4738 6515/7352/4739
f 6514/7351/4738 6515/7352/4739 6516/3175/4739
f 6516/7353/4739 6515/7354/4739 6517/7355/4740
f 6516/7353/4739 6517/7355/4740 6518/7356/4741
f 6518/7356/4741 6517/7355/4740 6519/7357/4742
f 6518/7356/4741 6519/7357/4742 6520/7358/4742
f 6520/7358/4742 6519/7357/4742 6480/7308/4720
f 6520/7358/4742 6480/7308/4720 6479/7307/4720
f 6521/7359/4033 6522/7360/4033 6523/7361/4032
f 6521/7359/4033 6523/7361/4032 6524/7362/4032
f 6524/7362/4032 6523/7361/4032 6525/7363/4031
f 6524/7362/4032 6525/7363/4031 6526/7364/4031
f 6526/7364/4031 6525/7363/4031 6527/7365/4030
f 6526/7364/4031 6527/7365/4030 6528/7366/4030
f 6528/7366/4030 6527/7365/4030 6529/7367/4029
f 6528/7366/4030 6529/7367/4029 6530/7368/4604
f 6530/7368/4604 6529/7367/4029 6531/7369/4743
f 6530/7368/4604 6531/7369/4743 6532/7370/4743
f 6532/7371/4743 6531/7372/4743 6533/7373/4603
f 6532/7371/4743 6533/7373/4603 6534/7374/4603
f 6534/7374/4603 6533/7373/4603 6535/7375/4026
f 6534/7374/4603 6535/7375/4026 6536/7376/4026
f 6536/7376/4026 6535/7375/4026 6537/7377/4025
f 6536/7376/4026 6537/7377/4025 6538/7378/4025
f 6538/7378/4025 6537/7377/4025 6539/7379/4024
f 6538/7378/4025 6539/7379/4024 6540/7380/4024
f 6540/7380/4024 6539/7379/4024 6541/7381/4023
f 6540/7380/4024 6541/7381/4023 6542/7382/4023
f 6542/7382/4023 6541/7381/4023 6543/7383/4042
f 6542/7382/4023 6543/7383/4042 6544/7384/4042
f 6544/7384/4042 6543/7383/4042 6545/7385/4041
f 6544/7384/4042 6545/7385/4041 6546/7386/4041
f 6546/7386/4041 6545/7385/4041 6547/7387/4040
f 6546/7386/4041 6547/7387/4040 6548/7388/4040
f 6548/7388/4040 6547/7387/4040 6549/7389/4039
f 6548/7388/4040 6549/7389/4039 6550/7390/4039
f 6550/7390/4039 6549/7389/4039 6551/7391/4038
f 6550/7390/4039 6551/7391/4038 6552/7392/4038
f 6553/7393/4038 6554/7394/4038 6555/7395/4037
f 6553/7393/4038 6555/7395/4037 6556/7396/4037
f 6556/7396/4037 6555/7395/4037 6557/7397/4036
f 6556/7396/4037 6557/7397/4036 6558/7398/4036
f 6558/7398/4036 6557/7397/4036 6559/7399/4035
f 6558/7398/4036 6559/7399/4035 6560/7400/4035
f 6560/7400/4035 6559/7399/4035 6561/7401/4744
f 6560/7400/4035 6561/7401/4744 6562/7402/4034
f 6562/7402/4034 6561/7401/4744 6522/7360/4033
f 6562/7402/4034 6522/7360/4033 6521/7359/4033
f 6563/7403/4745 6564/7404/4745 6565/7405/4746
f 6563/7403/4745 6565/7405/4746 6566/7406/4746
f 6566/7406/4746 6565/7405/4746 6567/7407/4747
f 6566/7406/4746 6567/7407/4747 6568/7408/4747
f 6568/7409/4747 6567/7410/4747 6569/7411/4748
f 6568/7409/4747 6569/7411/4748 6570/7412/4748
f 6570/7412/4748 6569/7411/4748 6571/7413/4749
f 6570/7412/4748 6571/7413/4749 6572/7414/4749
f 6572/7414/4749 6571/7413/4749 6573/7415/4750
f 6572/7414/4749 6573/7415/4750 6574/7416/4750
f 6574/7416/4750 6573/7415/4750 6575/7417/4751
f 6574/7416/4750 6575/7417/4751 6576/7418/4751
f 6576/7418/4751 6575/7417/4751 6577/7419/4752
f 6576/7418/4751 6577/7419/4752 6578/7420/4752
f 6578/7420/4752 6577/7419/4752 6579/7421/4753
f 6578/7420/4752 6579/7421/4753 6580/7422/4753
f 6580/7423/4753 6579/7424/4753 6581/7425/4754
f 6580/7423/4753 6581/7425/4754 6582/7426/4754
f 6582/7426/4754 6581/7425/4754 6583/7427/4755
f 6582/7426/4754 6583/7427/4755 6584/7428/4755
f 6584/7428/4755 6583/7427/4755 6585/7429/4756
f 6584/7428/4755 6585/7429/4756 6586/7430/4756
f 6586/7430/4756 6585/7429/4756 6587/7431/4757
f 6586/7430/4756 6587/7431/4757 6588/7432/4757
f 6588/7433/4757 6587/7434/4757 6589/7435/4758
f 6588/7433/4757 6589/7435/4758 6590/7436/4758
f 6590/7436/4758 6589/7435/4758 6591/7437/4759
f 6590/7436/4758 6591/7437/4759 6592/7438/4759
f 6592/7438/4759 6591/7437/4759 6593/7439/4760
f 6592/7438/4759 6593/7439/4760 6594/7440/4760
f 6595/7441/4760 6596/7442/4760 6597/7443/4761
f 6595/7441/4760 6597/7443/4761 6598/7444/4761
f 6598/7444/4761 6597/7443/4761 6599/7445/4762
f 6598/7444/4761 6599/7445/4762 6600/7446/4762
f 6600/7447/4762 6599/7448/4762 6601/7449/4763
f 6600/7447/4762 6601/7449/4763 6602/7450/4763
f 6602/7450/4763 6601/7449/4763 6603/7451/4764
f 6602/7450/4763 6603/7451/4764 6604/7452/4764
f 6604/7452/4764 6603/7451/4764 6564/7404/4745
f 6604/7452/4764 6564/7404/4745 6563/7403/4745
f 6605/7453/4222 6606/7454/4223 6607/7455/4224
f 6605/7453/4222 6607/7455/4224 6608/7456/4225
f 6606/7454/4223 6609/7457/4226 6610/7458/4227
f 6606/7454/4223 6610/7458/4227 6607/7455/4224
f 6609/7457/4226 6611/7459/4228 6612/7460/4229
f 6609/7457/4226 6612/7460/4229 6610/7458/4227
f 6611/7459/4228 6613/7461/4230 6614/7462/4231
f 6611/7459/4228 6614/7462/4231 6612/7460/4229
f 6613/7461/4230 6615/7463/4232 6616/7464/4233
f 6613/7461/4230 6616/7464/4233 6614/7462/4231
f 6615/7463/4232 6617/7465/4234 6618/7466/4235
f 6615/7463/4232 6618/7466/4235 6616/7464/4233
f 6617/7465/4234 6619/7467/4236 6620/7468/4237
f 6617/7465/4234 6620/7468/4237 6618/7466/4235
f 6619/7467/4236 6621/7469/4238 6622/7470/4239
f 6619/7467/4236 6622/7470/4239 6620/7468/4237
f 6621/7469/4238 6623/7471/4240 6624/7472/4241
f 6621/7469/4238 6624/7472/4241 6622/7470/4239
f 6623/7471/4240 6625/7473/4242 6626/7474/4243
f 6623/7471/4240 6626/7474/4243 6624/7472/4241
f 6625/7473/4242 6627/7475/4244 6628/7476/4245
f 6625/7473/4242 6628/7476/4245 6626/7474/4243
f 6627/7475/4244 6629/7477/4246 6630/7478/4247
f 6627/7475/4244 6630/7478/4247 6628/7476/4245
f 6629/7477/4246 6631/7479/4248 6632/7480/4249
f 6629/7477/4246 6632/7480/4249 6630/7478/4247
f 6631/7479/4248 6633/7481/4250 6634/7482/4251
f 6631/7479/4248 6634/7482/4251 6632/7480/4249
f 6633/7481/4250 6635/7483/4252 6636/7484/4253
f 6633/7481/4250 6636/7484/4253 6634/7482/4251
f 6635/7483/4252 6637/7485/4254 6638/7486/4255
f 6635/7483/4252 6638/7486/4255 6636/7484/4253
f 6637/7485/4254 6639/7487/4256 6640/7488/4257
f 6637/7485/4254 6640/7488/4257 6638/7486/4255
f 6639/7487/4256 6641/7489/4258 6642/7490/4259
f 6639/7487/4256 6642/7490/4259 6640/7488/4257
f 6641/7489/4258 6643/7491/4260 6644/7492/4261
f 6641/7489/4258 6644/7492/4261 6642/7490/4259
f 6643/7491/4260 6605/7453/4222 6608/7456/4225
f 6643/7491/4260 6608/7456/4225 6644/7492/4261
f 6608/7456/4225 6607/7455/4224 6645/7493/4630
f 6608/7456/4225 6645/7493/4630 6646/7494/4263
f 6607/7455/4224 6610/7458/4227 6647/7495/4264
f 6607/7455/4224 6647/7495/4264 6645/7493/4630
f 6610/7458/4227 6612/7460/4229 6648/7496/4265
f 6610/7458/4227 6648/7496/4265 6647/7495/4264
f 6612/7497/4229 6614/7498/4231 6649/7499/4266
f 6612/7497/4229 6649/7499/4266 6648/7500/4265
f 6614/7498/4231 6616/7501/4233 6650/7502/4267
f 6614/7498/4231 6650/7502/4267 6649/7499/4266
f 6616/7501/4233 6618/7503/4235 6651/7504/4268
f 6616/7501/4233 6651/7504/4268 6650/7502/4267
f 6618/7503/4235 6620/7505/4237 6652/7506/4269
f 6618/7503/4235 6652/7506/4269 6651/7504/4268
f 6620/7507/4237 6622/7508/4239 6653/7509/4202
f 6620/7507/4237 6653/7509/4202 6652/7510/4269
f 6622/7508/4239 6624/7511/4241 6654/7512/4270
f 6622/7508/4239 6654/7512/4270 6653/7509/4202
f 6624/7511/4241 6626/7513/4243 6655/7514/4271
f 6624/7511/4241 6655/7514/4271 6654/7512/4270
f 6626/7513/4243 6628/7515/4245 6656/7516/4208
f 6626/7513/4243 6656/7516/4208 6655/7514/4271
f 6628/7515/4245 6630/7517/4247 6657/7518/4272
f 6628/7515/4245 6657/7518/4272 6656/7516/4208
f 6630/7517/4247 6632/7519/4249 6658/7520/4273
f 6630/7517/4247 6658/7520/4273 6657/7518/4272
f 6632/7521/4249 6634/7522/4251 6659/7523/4274
f 6632/7521/4249 6659/7523/4274 6658/7524/4273
f 6634/7522/4251 6636/7525/4253 6660/7526/4275
f 6634/7522/4251 6660/7526/4275 6659/7523/4274
f 6636/7525/4253 6638/7527/4255 6661/7528/4276
f 6636/7525/4253 6661/7528/4276 6660/7526/4275
f 6638/7527/4255 6640/7529/4257 6662/7530/4218
f 6638/7527/4255 6662/7530/4218 6661/7528/4276
f 6640/7529/4257 6642/7531/4259 6663/7532/4277
f 6640/7529/4257 6663/7532/4277 6662/7530/4218
f 6642/7490/4259 6644/7492/4261 6664/7533/4278
f 6642/7490/4259 6664/7533/4278 6663/7534/4277
f 6644/7492/4261 6608/7456/4225 6646/7494/4263
f 6644/7492/4261 6646/7494/4263 6664/7533/4278
f 6605/7453/4222 6665/7535/4279 6666/7536/4280
f 6605/7453/4222 6666/7536/4280 6606/7454/4223
f 6606/7454/4223 6666/7536/4280 6667/7537/4281
f 6606/7454/4223 6667/7537/4281 6609/7457/4226
f 6609/7457/4226 6667/7537/4281 6668/7538/4282
f 6609/7457/4226 6668/7538/4282 6611/7459/4228
f 6611/7459/4228 6668/7538/4282 6669/7539/4283
f 6611/7459/4228 6669/7539/4283 6613/7461/4230
f 6613/7461/4230 6669/7539/4283 6670/7540/4284
f 6613/7461/4230 6670/7540/4284 6615/7463/4232
f 6615/7463/4232 6670/7540/4284 6671/7541/4285
f 6615/7463/4232 6671/7541/4285 6617/7465/4234
f 6617/7465/4234 6671/7541/4285 6672/7542/4286
f 6617/7465/4234 6672/7542/4286 6619/7467/4236
f 6619/7467/4236 6672/7542/4286 6673/7543/4287
f 6619/7467/4236 6673/7543/4287 6621/7469/4238
f 6621/7469/4238 6673/7543/4287 6674/7544/4288
f 6621/7469/4238 6674/7544/4288 6623/7471/4240
f 6623/7471/4240 6674/7544/4288 6675/7545/4289
f 6623/7471/4240 6675/7545/4289 6625/7473/4242
f 6625/7473/4242 6675/7545/4289 6676/7546/4290
f 6625/7473/4242 6676/7546/4290 6627/7475/4244
f 6627/7475/4244 6676/7546/4290 6677/7547/4291
f 6627/7475/4244 6677/7547/4291 6629/7477/4246
f 6629/7477/4246 6677/7547/4291 6678/7548/4292
f 6629/7477/4246 6678/7548/4292 6631/7479/4248
f 6631/7479/4248 6678/7548/4292 6679/7549/4293
f 6631/7479/4248 6679/7549/4293 6633/7481/4250
f 6633/7481/4250 6679/7549/4293 6680/7550/4294
f 6633/7481/4250 6680/7550/4294 6635/7483/4252
f 6635/7483/4252 6680/7550/4294 6681/7551/4295
f 6635/7483/4252 6681/7551/4295 6637/7485/4254
f 6637/7485/4254 6681/7551/4295 6682/7552/4296
f 6637/7485/4254 6682/7552/4296 6639/7487/4256
f 6639/7487/4256 6682/7552/4296 6683/7553/4297
f 6639/7487/4256 6683/7553/4297 6641/7489/4258
f 6641/7489/4258 6683/7553/4297 6684/7554/4298
f 6641/7489/4258 6684/7554/4298 6643/7491/4260
f 6643/7491/4260 6684/7554/4298 6665/7535/4279
f 6643/7491/4260 6665/7535/4279 6605/7453/4222
f 6685/7555/4190 6686/7556/4187 6687/7557/4765
f 6685/7555/4190 6687/7557/4765 6688/7558/4766
f 6689/7559/4192 6690/7560/4767 6686/7556/4187
f 6689/7559/4192 6686/7556/4187 6685/7555/4190
f 6691/7561/4196 6692/7562/4193 6693/7563/4768
f 6691/7561/4196 6693/7563/4768 6694/7564/4769
f 6695/7565/4198 6696/7566/4197 6697/7567/4193
f 6695/7565/4198 6697/7567/4193 6698/7568/4196
f 6699/7569/4200 6700/7570/4199 6696/7566/4197
f 6699/7569/4200 6696/7566/4197 6695/7565/4198
f 6701/7571/4770 6702/7572/4155 6700/7570/4199
f 6701/7571/4770 6700/7570/4199 6699/7569/4200
f 6703/7573/4206 6704/7574/4203 6705/7575/4771
f 6703/7573/4206 6705/7575/4771 6706/7576/4270
f 6707/7577/4772 6708/7578/4158 6704/7579/4203
f 6707/7577/4772 6704/7579/4203 6703/7580/4206
f 6709/7581/4773 6710/7582/4209 6711/7583/4624
f 6709/7581/4773 6711/7583/4624 6712/7584/4274
f 6713/7585/4214 6714/7586/4213 6709/7581/4773
f 6713/7585/4214 6709/7581/4773 6712/7584/4274
f 6715/7587/4216 6716/7588/4774 6717/7589/4213
f 6715/7587/4216 6717/7589/4213 6718/7590/4214
f 6719/7591/4775 6720/7592/4164 6721/7593/4776
f 6719/7591/4775 6721/7593/4776 6722/7594/4277
f 6687/7557/4765 6723/7595/4777 6724/7596/4778
f 6687/7557/4765 6724/7596/4778 6688/7558/4766
f 6725/7597/4107 6726/7598/4108 6727/7599/4109
f 6725/7597/4107 6727/7599/4109 6728/7600/4110
f 6729/7601/4111 6730/7602/4112 6726/7598/4108
f 6729/7601/4111 6726/7598/4108 6725/7597/4107
f 6731/7603/4113 6732/7604/4114 6730/7602/4112
f 6731/7603/4113 6730/7602/4112 6729/7601/4111
f 6733/7605/4115 6734/7606/4116 6732/7604/4114
f 6733/7605/4115 6732/7604/4114 6731/7603/4113
f 6735/7607/4117 6736/7608/4118 6734/7606/4116
f 6735/7607/4117 6734/7606/4116 6733/7605/4115
f 6737/7609/4119 6738/7610/4120 6736/7611/4118
f 6737/7609/4119 6736/7611/4118 6735/7612/4117
f 6739/7613/4121 6740/7614/4122 6738/7610/4120
f 6739/7613/4121 6738/7610/4120 6737/7609/4119
f 6741/7615/4123 6742/7616/4124 6740/7614/4122
f 6741/7615/4123 6740/7614/4122 6739/7613/4121
f 6743/7617/4125 6744/7618/4126 6742/7616/4124
f 6743/7617/4125 6742/7616/4124 6741/7615/4123
f 6745/7619/4127 6746/7620/4128 6744/7618/4126
f 6745/7619/4127 6744/7618/4126 6743/7617/4125
f 6747/7621/4129 6748/7622/4130 6746/7620/4128
f 6747/7621/4129 6746/7620/4128 6745/7619/4127
f 6749/7623/4131 6750/7624/4616 6748/7622/4130
f 6749/7623/4131 6748/7622/4130 6747/7621/4129
f 6751/7625/4133 6752/7626/4134 6750/7624/4616
f 6751/7625/4133 6750/7624/4616 6749/7623/4131
f 6753/7627/4135 6754/7628/4136 6752/7626/4134
f 6753/7627/4135 6752/7626/4134 6751/7625/4133
f 6755/7629/4137 6756/7630/4138 6754/7628/4136
f 6755/7629/4137 6754/7628/4136 6753/7627/4135
f 6757/7631/4139 6758/7632/4140 6756/7633/4138
f 6757/7631/4139 6756/7633/4138 6755/5753/4137
f 6759/7634/4141 6760/7635/4142 6758/7632/4140
f 6759/7634/4141 6758/7632/4140 6757/7631/4139
f 6761/7636/4143 6762/7637/4144 6760/7635/4142
f 6761/7636/4143 6760/7635/4142 6759/7634/4141
f 6763/7638/4145 6764/7639/4146 6762/7637/4144
f 6763/7638/4145 6762/7637/4144 6761/7636/4143
f 6728/7600/4110 6727/7599/4109 6764/7639/4146
f 6728/7600/4110 6764/7639/4146 6763/7638/4145
f 6728/7600/4110 6765/7640/4147 6766/7641/4148
f 6728/7600/4110 6766/7641/4148 6725/7597/4107
f 6725/7597/4107 6766/7641/4148 6767/7642/4149
f 6725/7597/4107 6767/7642/4149 6729/7601/4111
f 6729/7601/4111 6767/7642/4149 6768/7643/4150
f 6729/7601/4111 6768/7643/4150 6731/7603/4113
f 6731/7644/4113 6768/7645/4150 6769/7646/4151
f 6731/7644/4113 6769/7646/4151 6733/7647/4115
f 6733/7647/4115 6769/7646/4151 6770/7648/4152
f 6733/7647/4115 6770/7648/4152 6735/7649/4117
f 6735/7649/4117 6770/7648/4152 6771/7650/4153
f 6735/7649/4117 6771/7650/4153 6737/7651/4119
f 6737/7651/4119 6771/7650/4153 6772/7652/4154
f 6737/7651/4119 6772/7652/4154 6739/7653/4121
f 6739/7613/4121 6772/7654/4154 6773/7655/4155
f 6739/7613/4121 6773/7655/4155 6741/7615/4123
f 6741/7615/4123 6773/7655/4155 6774/7656/4156
f 6741/7615/4123 6774/7656/4156 6743/7617/4125
f 6743/7617/4125 6774/7656/4156 6775/7657/4157
f 6743/7617/4125 6775/7657/4157 6745/7619/4127
f 6745/7619/4127 6775/7657/4157 6776/7658/4158
f 6745/7619/4127 6776/7658/4158 6747/7621/4129
f 6747/7621/4129 6776/7658/4158 6777/7659/4159
f 6747/7621/4129 6777/7659/4159 6749/7623/4131
f 6749/7623/4131 6777/7659/4159 6778/7660/4160
f 6749/7623/4131 6778/7660/4160 6751/7625/4133
f 6751/7661/4133 6778/2001/4160 6779/7662/4161
f 6751/7661/4133 6779/7662/4161 6753/7663/4135
f 6753/7663/4135 6779/7662/4161 6780/7664/4162
f 6753/7663/4135 6780/7664/4162 6755/7665/4137
f 6755/7665/4137 6780/7664/4162 6781/7666/4163
f 6755/7665/4137 6781/7666/4163 6757/7667/4139
f 6757/7667/4139 6781/7666/4163 6782/7668/4164
f 6757/7667/4139 6782/7668/4164 6759/7669/4141
f 6759/7634/4141 6782/7670/4164 6783/7671/4165
f 6759/7634/4141 6783/7671/4165 6761/7636/4143
f 6761/7636/4143 6783/7671/4165 6784/7672/4166
f 6761/7636/4143 6784/7672/4166 6763/7638/4145
f 6763/7638/4145 6784/7672/4166 6765/7640/4147
f 6763/7638/4145 6765/7640/4147 6728/7600/4110
f 6785/7673/4167 6786/7674/4168 6727/7675/4109
f 6785/7673/4167 6727/7675/4109 6726/7676/4108
f 6787/7677/4169 6785/7673/4167 6726/7676/4108
f 6787/7677/4169 6726/7676/4108 6730/7678/4112
f 6788/7679/4170 6787/7677/4169 6730/7678/4112
f 6788/7679/4170 6730/7678/4112 6732/7680/4114
f 6789/7681/4171 6788/7679/4170 6732/7680/4114
f 6789/7681/4171 6732/7680/4114 6734/7682/4116
f 6790/7683/4172 6789/7681/4171 6734/7682/4116
f 6790/7683/4172 6734/7682/4116 6736/7684/4118
f 6791/7685/4173 6790/7686/4172 6736/7687/4118
f 6791/7685/4173 6736/7687/4118 6738/7688/4120
f 6792/7689/4174 6791/7685/4173 6738/7688/4120
f 6792/7689/4174 6738/7688/4120 6740/7690/4122
f 6793/7691/4175 6792/7689/4174 6740/7690/4122
f 6793/7691/4175 6740/7690/4122 6742/7692/4124
f 6794/7693/4176 6793/7691/4175 6742/7692/4124
f 6794/7693/4176 6742/7692/4124 6744/7694/4126
f 6795/7695/4177 6794/7693/4176 6744/7694/4126
f 6795/7695/4177 6744/7694/4126 6746/7696/4128
f 6796/7697/4178 6795/7695/4177 6746/7696/4128
f 6796/7697/4178 6746/7696/4128 6748/7698/4130
f 6797/7699/4179 6796/7697/4178 6748/7698/4130
f 6797/7699/4179 6748/7698/4130 6750/7700/4616
f 6798/7701/4180 6797/7699/4179 6750/7700/4616
f 6798/7701/4180 6750/7700/4616 6752/7702/4134
f 6799/7703/4181 6798/7701/4180 6752/7702/4134
f 6799/7703/4181 6752/7702/4134 6754/7704/4136
f 6800/7705/4182 6799/7703/4181 6754/7704/4136
f 6800/7705/4182 6754/7704/4136 6756/7706/4138
f 6801/7707/4183 6800/7708/4182 6756/7709/4138
f 6801/7707/4183 6756/7709/4138 6758/7710/4140
f 6802/7711/4184 6801/7707/4183 6758/7710/4140
f 6802/7711/4184 6758/7710/4140 6760/7712/4142
f 6803/7713/4185 6802/7711/4184 6760/7712/4142
f 6803/7713/4185 6760/7712/4142 6762/7714/4144
f 6804/7715/4186 6803/7713/4185 6762/7714/4144
f 6804/7715/4186 6762/7714/4144 6764/7716/4146
f 6786/7674/4168 6804/7715/4186 6764/7716/4146
f 6786/7674/4168 6764/7716/4146 6727/7675/4109
f 6805/7717/4779 6806/7718/4150 6690/7719/4767
f 6805/7717/4779 6690/7719/4767 6689/7720/4192
f 6693/7563/4768 6806/7718/4150 6805/7717/4779
f 6693/7563/4768 6805/7717/4779 6694/7564/4769
f 6705/7575/4771 6702/7721/4155 6701/7722/4770
f 6705/7575/4771 6701/7722/4770 6706/7576/4270
f 6807/915/4301 6708/7578/4158 6707/7577/4772
f 6807/915/4301 6707/7577/4772 6808/7723/4300
f 6710/7582/4209 6807/7724/4301 6808/7725/4300
f 6710/7582/4209 6808/7725/4300 6711/7583/4624
f 6721/7593/4776 6720/7592/4164 6716/7588/4774
f 6721/7593/4776 6716/7588/4774 6715/7587/4216
f 6724/7596/4778 6723/7595/4777 6719/7726/4775
f 6724/7596/4778 6719/7726/4775 6722/7727/4277
f 6366/7195/4666 6365/7194/4665 6809/7728/4780
f 6366/7195/4666 6809/7728/4780 6810/7729/4780
f 6369/7198/4669 6368/7197/4668 6811/7730/4781
f 6369/7198/4669 6811/7730/4781 6812/7731/4782
f 6372/7201/4672 6371/7200/4671 6813/7732/4783
f 6372/7201/4672 6813/7732/4783 6814/7733/4783
f 6375/7204/4675 6374/7203/4674 6815/7734/4784
f 6375/7204/4675 6815/7734/4784 6816/7735/4785
f 6378/7207/4678 6377/7206/4677 6817/7736/4786
f 6378/7207/4678 6817/7736/4786 6818/7737/4786
f 6381/7210/4681 6380/7209/4680 6819/7738/4787
f 6381/7210/4681 6819/7738/4787 6820/7739/4787
f 6369/7198/4669 6383/7212/4683 6385/7214/4685
f 6369/7198/4669 6385/7214/4685 6370/7199/4670
f 6372/7201/4672 6386/7215/4686 6388/7217/4688
f 6372/7201/4672 6388/7217/4688 6373/7202/4673
f 6375/7204/4675 6389/7218/4689 6391/7220/4691
f 6375/7204/4675 6391/7220/4691 6376/7205/4676
f 6378/7207/4678 6392/7221/4692 6394/7223/4694
f 6378/7207/4678 6394/7223/4694 6379/7208/4679
f 6381/7210/4681 6395/7224/4695 6397/7226/4697
f 6381/7210/4681 6397/7226/4697 6382/7211/4682
f 6366/7195/4666 6398/7227/4698 6400/7229/4700
f 6366/7195/4666 6400/7229/4700 6367/7196/4667
f 6821/7740/4788 6384/7213/4684 6383/7212/4683
f 6821/7740/4788 6383/7212/4683 6822/7741/4788
f 6823/7742/4789 6387/7216/4687 6386/7215/4686
f 6823/7742/4789 6386/7215/4686 6824/7743/4790
f 6825/7744/4791 6390/7219/4690 6389/7218/4689
f 6825/7744/4791 6389/7218/4689 6826/7745/4791
f 6827/7746/4792 6393/7222/4693 6392/7221/4692
f 6827/7746/4792 6392/7221/4692 6828/7747/4792
f 6829/7748/4793 6396/7225/4696 6395/7224/4695
f 6829/7748/4793 6395/7224/4695 6830/7749/4793
f 6831/7750/4794 6399/7228/4699 6398/7227/4698
f 6831/7750/4794 6398/7227/4698 6832/7751/4794
f 6833/7752/4795 6834/7753/4795 6835/7754/4795
f 6833/7752/4795 6835/7754/4795 6836/7755/4795
f 6837/7756/4796 6838/7757/4796 6839/7758/4796
f 6837/7756/4796 6839/7758/4796 6840/7759/4796
f 6841/7760/4797 6842/7761/4797 6843/7762/4797
f 6841/7760/4797 6843/7762/4797 6844/7763/4797
f 6845/7248/4798 6846/7764/4798 6847/7765/4798
f 6845/7248/4798 6847/7765/4798 6848/7766/4799
f 6849/7767/4800 6850/7768/4800 6851/7769/4800
f 6849/7767/4800 6851/7769/4800 6852/7770/4800
f 6853/7771/4801 6854/7772/4801 6855/5214/4801
f 6853/7771/4801 6855/5214/4801 6856/7773/4801
f 6365/7194/4665 6367/7196/4667 6385/7214/4685
f 6365/7194/4665 6385/7214/4685 6384/7213/4684
f 6368/7197/4668 6370/7199/4670 6388/7217/4688
f 6368/7197/4668 6388/7217/4688 6387/7216/4687
f 6371/7200/4671 6373/7202/4673 6391/7220/4691
f 6371/7200/4671 6391/7220/4691 6390/7219/4690
f 6374/7203/4674 6376/7205/4676 6394/7223/4694
f 6374/7203/4674 6394/7223/4694 6393/7222/4693
f 6377/7206/4677 6379/7208/4679 6397/7226/4697
f 6377/7206/4677 6397/7226/4697 6396/7225/4696
f 6380/7209/4680 6382/7211/4682 6400/7229/4700
f 6380/7209/4680 6400/7229/4700 6399/7228/4699
f 6857/7774/4802 6858/7775/4802 6859/7776/4802
f 6857/7774/4802 6859/7776/4802 6860/7777/4802
f 6861/7778/4803 6862/7779/4804 6863/7780/4804
f 6861/7778/4803 6863/7780/4804 6864/7781/4803
f 6865/7782/4805 6866/7783/4805 6867/7784/4805
f 6865/7782/4805 6867/7784/4805 6868/7785/4805
f 6869/7786/4806 6870/7787/4807 6871/7788/4808
f 6869/7786/4806 6871/7788/4808 6872/7108/4806
f 6873/7789/4809 6874/7790/4809 6875/7791/4809
f 6873/7789/4809 6875/7791/4809 6876/7792/4809
f 6877/7793/4810 6878/7794/4810 6879/7795/4810
f 6877/7793/4810 6879/7795/4810 6880/7796/4810
f 6881/7797/4811 6882/7798/4812 6883/7799/4812
f 6881/7797/4811 6883/7799/4812 6884/7800/4813
f 6885/7801/4814 6886/7802/4815 6887/7803/4815
f 6885/7804/4814 6887/7805/4815 6888/7806/4816
f 6889/7807/4817 6890/7808/4818 6891/7809/4818
f 6889/7807/4817 6891/7809/4818 6892/7810/4817
f 6893/7811/4819 6894/7812/4820 6895/7813/4820
f 6893/7811/4819 6895/7813/4820 6896/7814/4819
f 6897/7815/4821 6898/7816/4822 6899/7817/4822
f 6897/7818/4821 6899/7804/4822 6900/7819/4823
f 6901/7820/4824 6902/7821/4825 6903/7822/4825
f 6901/7820/4824 6903/7822/4825 6904/7823/4826
f 6905/7824/4827 6906/7825/4827 6907/7826/4827
f 6905/7824/4827 6907/7826/4827 6908/7827/4828
f 6909/4951/4829 6910/7828/4829 6911/7829/4830
f 6909/4951/4829 6911/7829/4830 6912/7830/4830
f 6913/7831/4831 6914/7832/4831 6915/7833/4831
f 6913/7831/4831 6915/7833/4831 6916/7834/4832
f 6917/7835/4833 6918/7836/4833 6919/7837/4833
f 6917/7835/4833 6919/7837/4833 6920/7838/4833
f 6921/7839/4834 6922/7840/4834 6923/7841/4835
f 6921/7839/4834 6923/7841/4835 6924/7842/4836
f 6925/7843/4837 6926/4929/4837 6927/7844/4837
f 6925/7843/4837 6927/7844/4837 6928/7845/4837
f 6929/7846/4641 6930/7847/1284 6931/7848/4642
f 6931/7848/4642 6930/7847/1284 6932/7849/4643
f 6932/7849/4643 6930/7847/1284 6933/7850/4644
f 6933/7850/4644 6930/7847/1284 6934/7851/4645
f 6934/7851/4645 6930/7847/1284 6935/7852/4646
f 6935/7852/4646 6930/7847/1284 6936/7853/4647
f 6936/7854/4647 6930/7855/1284 6937/7856/4648
f 6937/7856/4648 6930/7855/1284 6938/7857/4649
f 6938/7858/4649 6930/7847/1284 6939/7859/4650
f 6939/7859/4650 6930/7847/1284 6940/7860/4651
f 6940/7860/4651 6930/7847/1284 6941/7861/4652
f 6941/7861/4652 6930/7847/1284 6929/7846/4641
f 6942/7862/4653 6943/7863/1284 6944/7864/4654
f 6944/7864/4654 6943/7863/1284 6945/7865/4655
f 6945/7865/4655 6943/7863/1284 6946/7866/4656
f 6946/7866/4656 6943/7863/1284 6947/7867/4657
f 6947/7867/4657 6943/7863/1284 6948/7868/4658
f 6948/7868/4658 6943/7863/1284 6949/7869/4659
f 6949/7869/4659 6943/7863/1284 6950/7870/4660
f 6950/7870/4660 6943/7863/1284 6951/7871/4661
f 6951/7871/4661 6943/7863/1284 6952/7872/4662
f 6952/7872/4662 6943/7863/1284 6953/7873/4663
f 6953/7874/4663 6943/7875/1284 6954/7876/4664
f 6954/7876/4664 6943/7875/1284 6942/7877/4653
f 6955/7878/4665 6956/7879/4666 6957/7880/4667
f 6958/7881/4668 6959/7882/4669 6960/7883/4670
f 6961/7884/4671 6962/7885/4672 6963/7886/4673
f 6964/7887/4674 6965/7888/4675 6966/7889/4676
f 6967/7890/4677 6968/7891/4678 6969/7892/4679
f 6970/7893/4680 6971/7894/4681 6972/7895/4838
f 6973/7896/4683 6974/7897/4684 6975/7898/4685
f 6976/7899/4686 6977/7900/4687 6978/7901/4688
f 6979/7902/4689 6980/7903/4690 6981/7904/4691
f 6982/7905/4692 6983/7906/4693 6984/7907/4694
f 6985/7908/4695 6986/7909/4696 6987/7910/4697
f 6988/7911/4698 6989/7912/4699 6990/7913/4700
f 6991/7914/4701 6992/7915/4701 6993/5539/4701
f 6994/7916/4702 6995/7064/4702 6996/7917/4702
f 6997/7918/4703 6998/2129/4703 6999/7919/4703
f 7000/7920/4839 7001/7921/4839 7002/7922/4839
f 7003/6071/4705 7004/7923/4705 7005/7924/4705
f 7006/7925/4706 7007/7926/4706 7008/7927/4706
f 7009/7928/4707 7010/7929/4707 7011/7930/4707
f 7012/7931/4708 7013/7932/4708 7014/7933/4708
f 7015/2579/4709 7016/7934/4709 7017/7935/4709
f 7018/7936/4710 7019/7937/4710 7020/7254/4710
f 7021/7938/4711 7022/7939/4711 7023/7940/4711
f 7024/7941/4712 7025/7942/4712 7026/7943/4712
f 7027/7944/4077 7028/7945/4077 7029/7946/4076
f 7027/7944/4077 7029/7946/4076 7030/7947/4076
f 7030/7947/4076 7029/7946/4076 7031/7948/4075
f 7030/7947/4076 7031/7948/4075 7032/7949/4075
f 7032/7949/4075 7031/7948/4075 7033/7950/4074
f 7032/7949/4075 7033/7950/4074 7034/7951/4074
f 7034/7951/4074 7033/7950/4074 7035/7952/4073
f 7034/7951/4074 7035/7952/4073 7036/7953/4714
f 7036/7953/4714 7035/7952/4073 7037/7954/4608
f 7036/7953/4714 7037/7954/4608 7038/7955/4608
f 7038/7955/4608 7037/7954/4608 7039/7956/4840
f 7038/7955/4608 7039/7956/4840 7040/7957/4840
f 7040/7958/4840 7039/7959/4840 7041/7960/4070
f 7040/7958/4840 7041/7960/4070 7042/7961/4070
f 7042/7961/4070 7041/7960/4070 7043/7962/4069
f 7042/7961/4070 7043/7962/4069 7044/7963/4069
f 7044/7963/4069 7043/7962/4069 7045/7964/4068
f 7044/7963/4069 7045/7964/4068 7046/7965/4068
f 7046/7965/4068 7045/7964/4068 7047/7966/4716
f 7046/7965/4068 7047/7966/4716 7048/7967/4716
f 7048/7967/4716 7047/7966/4716 7049/7968/4717
f 7048/7967/4716 7049/7968/4717 7050/7969/4717
f 7050/7969/4717 7049/7968/4717 7051/7970/4085
f 7050/7969/4717 7051/7970/4085 7052/7971/4085
f 7052/7971/4085 7051/7970/4085 7053/7972/4084
f 7052/7971/4085 7053/7972/4084 7054/7973/4084
f 7054/7974/4084 7053/7975/4084 7055/7976/4718
f 7054/7974/4084 7055/7976/4718 7056/7977/4718
f 7056/7977/4718 7055/7976/4718 7057/7978/4082
f 7056/7977/4718 7057/7978/4082 7058/7979/4082
f 7059/7980/4082 7060/7981/4082 7061/7982/4719
f 7059/7980/4082 7061/7982/4719 7062/7983/4719
f 7062/7983/4719 7061/7982/4719 7063/7984/4080
f 7062/7983/4719 7063/7984/4080 7064/7985/4080
f 7064/7985/4080 7063/7984/4080 7065/7986/4079
f 7064/7985/4080 7065/7986/4079 7066/7987/4079
f 7066/7987/4079 7065/7986/4079 7067/7988/4610
f 7066/7987/4079 7067/7988/4610 7068/7989/4841
f 7068/7989/4841 7067/7988/4610 7028/7945/4077
f 7068/7989/4841 7028/7945/4077 7027/7944/4077
f 7069/7990/4720 7070/7991/4720 7071/7992/4722
f 7069/7990/4720 7071/7992/4722 7072/7993/4721
f 7072/7993/4721 7071/7992/4722 7073/7994/4723
f 7072/7993/4721 7073/7994/4723 7074/7995/4723
f 7074/7996/4723 7073/7997/4723 7075/7998/4842
f 7074/7996/4723 7075/7998/4842 7076/7999/4725
f 7076/7999/4725 7075/7998/4842 7077/8000/4726
f 7076/7999/4725 7077/8000/4726 7078/8001/4726
f 7078/8001/4726 7077/8000/4726 7079/8002/4727
f 7078/8001/4726 7079/8002/4727 7080/8003/4727
f 7080/8003/4727 7079/8002/4727 7081/8004/4843
f 7080/8003/4727 7081/8004/4843 7082/8005/4728
f 7082/8005/4728 7081/8004/4843 7083/8006/4729
f 7082/8005/4728 7083/8006/4729 7084/8007/4729
f 7084/8007/4729 7083/8006/4729 7085/8008/4730
f 7084/8007/4729 7085/8008/4730 7086/8009/4730
f 7086/8010/4730 7085/8011/4730 7087/8012/4731
f 7086/8010/4730 7087/8012/4731 7088/8013/4731
f 7088/8014/4731 7087/8015/4731 7089/8016/4732
f 7088/8014/4731 7089/8016/4732 7090/8017/4732
f 7090/8017/4732 7089/8016/4732 7091/8018/4733
f 7090/8017/4732 7091/8018/4733 7092/4849/4733
f 7092/8019/4733 7091/8020/4733 7093/8021/4734
f 7092/8019/4733 7093/8021/4734 7094/8022/4734
f 7094/8023/4734 7093/8024/4734 7095/8025/4735
f 7094/8023/4734 7095/8025/4735 7096/8026/4735
f 7096/8026/4735 7095/8025/4735 7097/8027/4736
f 7096/8026/4735 7097/8027/4736 7098/8028/4736
f 7098/8028/4736 7097/8027/4736 7099/8029/4737
f 7098/8028/4736 7099/8029/4737 7100/8030/4737
f 7101/8031/4737 7102/8032/4737 7103/8033/4844
f 7101/8031/4737 7103/8033/4844 7104/8034/4738
f 7104/8034/4738 7103/8033/4844 7105/8035/4739
f 7104/8034/4738 7105/8035/4739 7106/1905/4739
f 7106/8036/4739 7105/8037/4739 7107/8038/4741
f 7106/8036/4739 7107/8038/4741 7108/8039/4741
f 7108/8039/4741 7107/8038/4741 7109/8040/4742
f 7108/8039/4741 7109/8040/4742 7110/8041/4742
f 7110/8041/4742 7109/8040/4742 7070/7991/4720
f 7110/8041/4742 7070/7991/4720 7069/7990/4720
f 7111/8042/4033 7112/8043/4033 7113/8044/4032
f 7111/8042/4033 7113/8044/4032 7114/8045/4032
f 7114/8045/4032 7113/8044/4032 7115/8046/4031
f 7114/8045/4032 7115/8046/4031 7116/8047/4031
f 7116/8047/4031 7115/8046/4031 7117/8048/4030
f 7116/8047/4031 7117/8048/4030 7118/8049/4030
f 7118/8049/4030 7117/8048/4030 7119/8050/4604
f 7118/8049/4030 7119/8050/4604 7120/8051/4604
f 7120/8051/4604 7119/8050/4604 7121/8052/4743
f 7120/8051/4604 7121/8052/4743 7122/5585/4028
f 7122/8053/4028 7121/8054/4743 7123/8055/4603
f 7122/8053/4028 7123/8055/4603 7124/8056/4603
f 7124/8056/4603 7123/8055/4603 7125/8057/4026
f 7124/8056/4603 7125/8057/4026 7126/8058/4026
f 7126/8058/4026 7125/8057/4026 7127/8059/4025
f 7126/8058/4026 7127/8059/4025 7128/8060/4025
f 7128/8060/4025 7127/8059/4025 7129/8061/4024
f 7128/8060/4025 7129/8061/4024 7130/8062/4845
f 7130/8062/4845 7129/8061/4024 7131/8063/4023
f 7130/8062/4845 7131/8063/4023 7132/8064/4023
f 7132/8064/4023 7131/8063/4023 7133/8065/4605
f 7132/8064/4023 7133/8065/4605 7134/8066/4605
f 7134/8066/4605 7133/8065/4605 7135/8067/4041
f 7134/8066/4605 7135/8067/4041 7136/8068/4041
f 7136/8068/4041 7135/8067/4041 7137/8069/4040
f 7136/8068/4041 7137/8069/4040 7138/8070/4040
f 7138/8070/4040 7137/8069/4040 7139/8071/4039
f 7138/8070/4040 7139/8071/4039 7140/8072/4039
f 7140/8072/4039 7139/8071/4039 7141/8073/4038
f 7140/8072/4039 7141/8073/4038 7142/8074/4038
f 7143/8075/4038 7144/8076/4038 7145/8077/4037
f 7143/8075/4038 7145/8077/4037 7146/8078/4037
f 7146/8078/4037 7145/8077/4037 7147/8079/4036
f 7146/8078/4037 7147/8079/4036 7148/8080/4036
f 7148/8080/4036 7147/8079/4036 7149/8081/4035
f 7148/8080/4036 7149/8081/4035 7150/8082/4035
f 7150/8082/4035 7149/8081/4035 7151/8083/4034
f 7150/8082/4035 7151/8083/4034 7152/8084/4034
f 7152/8084/4034 7151/8083/4034 7112/8043/4033
f 7152/8084/4034 7112/8043/4033 7111/8042/4033
f 7153/8085/4745 7154/8086/4745 7155/8087/4746
f 7153/8085/4745 7155/8087/4746 7156/8088/4746
f 7156/8088/4746 7155/8087/4746 7157/8089/4747
f 7156/8088/4746 7157/8089/4747 7158/8090/4747
f 7158/8091/4747 7157/8092/4747 7159/8093/4748
f 7158/8091/4747 7159/8093/4748 7160/8094/4748
f 7160/8094/4748 7159/8093/4748 7161/8095/4749
f 7160/8094/4748 7161/8095/4749 7162/8096/4749
f 7162/8096/4749 7161/8095/4749 7163/8097/4750
f 7162/8096/4749 7163/8097/4750 7164/8098/4750
f 7164/8098/4750 7163/8097/4750 7165/8099/4751
f 7164/8098/4750 7165/8099/4751 7166/8100/4751
f 7166/8100/4751 7165/8099/4751 7167/8101/4752
f 7166/8100/4751 7167/8101/4752 7168/8102/4752
f 7168/8102/4752 7167/8101/4752 7169/8103/4753
f 7168/8102/4752 7169/8103/4753 7170/5106/4753
f 7170/8104/4753 7169/8105/4753 7171/8106/4754
f 7170/8104/4753 7171/8106/4754 7172/8107/4754
f 7172/8107/4754 7171/8106/4754 7173/8108/4755
f 7172/8107/4754 7173/8108/4755 7174/8109/4755
f 7174/8109/4755 7173/8108/4755 7175/8110/4756
f 7174/8109/4755 7175/8110/4756 7176/8111/4756
f 7176/8111/4756 7175/8110/4756 7177/8112/4757
f 7176/8111/4756 7177/8112/4757 7178/8113/4757
f 7178/8114/4757 7177/8115/4757 7179/8116/4758
f 7178/8114/4757 7179/8116/4758 7180/8117/4758
f 7180/8117/4758 7179/8116/4758 7181/8118/4759
f 7180/8117/4758 7181/8118/4759 7182/8119/4759
f 7182/8119/4759 7181/8118/4759 7183/8120/4760
f 7182/8119/4759 7183/8120/4760 7184/8121/4760
f 7185/8122/4760 7186/8123/4760 7187/8124/4761
f 7185/8122/4760 7187/8124/4761 7188/8125/4761
f 7188/8125/4761 7187/8124/4761 7189/8126/4762
f 7188/8125/4761 7189/8126/4762 7190/8127/4762
f 7190/8128/4762 7189/8129/4762 7191/8130/4763
f 7190/8128/4762 7191/8130/4763 7192/8131/4763
f 7192/8131/4763 7191/8130/4763 7193/8132/4764
f 7192/8131/4763 7193/8132/4764 7194/8133/4764
f 7194/8133/4764 7193/8132/4764 7154/8086/4745
f 7194/8133/4764 7154/8086/4745 7153/8085/4745
f 7195/8134/4222 7196/8135/4223 7197/8136/4846
f 7195/8134/4222 7197/8136/4846 7198/8137/4625
f 7196/8135/4223 7199/8138/4226 7200/8139/4227
f 7196/8135/4223 7200/8139/4227 7197/8136/4846
f 7199/8138/4226 7201/8140/4228 7202/8141/4229
f 7199/8138/4226 7202/8141/4229 7200/8139/4227
f 7201/8140/4228 7203/8142/4230 7204/8143/4231
f 7201/8140/4228 7204/8143/4231 7202/8141/4229
f 7203/8142/4230 7205/8144/4232 7206/8145/4626
f 7203/8142/4230 7206/8145/4626 7204/8143/4231
f 7205/8144/4232 7207/8146/4234 7208/8147/4235
f 7205/8144/4232 7208/8147/4235 7206/8145/4626
f 7207/8146/4234 7209/8148/4236 7210/8149/4237
f 7207/8146/4234 7210/8149/4237 7208/8147/4235
f 7209/8148/4236 7211/8150/4627 7212/8151/4628
f 7209/8148/4236 7212/8151/4628 7210/8149/4237
f 7211/8150/4627 7213/8152/4240 7214/8153/4241
f 7211/8150/4627 7214/8153/4241 7212/8151/4628
f 7213/8152/4240 7215/8154/4242 7216/8155/4243
f 7213/8152/4240 7216/8155/4243 7214/8153/4241
f 7215/8154/4242 7217/8156/4244 7218/8157/4245
f 7215/8154/4242 7218/8157/4245 7216/8155/4243
f 7217/8156/4244 7219/8158/4246 7220/8159/4247
f 7217/8156/4244 7220/8159/4247 7218/8157/4245
f 7219/8158/4246 7221/8160/4248 7222/8161/4249
f 7219/8158/4246 7222/8161/4249 7220/8159/4247
f 7221/8160/4248 7223/8162/4250 7224/8163/4251
f 7221/8160/4248 7224/8163/4251 7222/8161/4249
f 7223/8162/4250 7225/8164/4252 7226/8165/4253
f 7223/8162/4250 7226/8165/4253 7224/8163/4251
f 7225/8164/4252 7227/8166/4254 7228/8167/4255
f 7225/8164/4252 7228/8167/4255 7226/8165/4253
f 7227/8166/4254 7229/8168/4256 7230/8169/4257
f 7227/8166/4254 7230/8169/4257 7228/8167/4255
f 7229/8168/4256 7231/8170/4258 7232/8171/4259
f 7229/8168/4256 7232/8171/4259 7230/8169/4257
f 7231/8170/4258 7233/8172/4260 7234/8173/4629
f 7231/8170/4258 7234/8173/4629 7232/8171/4259
f 7233/8172/4260 7195/8134/4222 7198/8137/4625
f 7233/8172/4260 7198/8137/4625 7234/8173/4629
f 7198/8137/4625 7197/8136/4846 7235/8174/4847
f 7198/8137/4625 7235/8174/4847 7236/8175/4631
f 7197/8136/4846 7200/8139/4227 7237/8176/4264
f 7197/8136/4846 7237/8176/4264 7235/8174/4847
f 7200/8139/4227 7202/8141/4229 7238/8177/4265
f 7200/8139/4227 7238/8177/4265 7237/8176/4264
f 7202/8178/4229 7204/8179/4231 7239/8180/4266
f 7202/8178/4229 7239/8180/4266 7238/4656/4265
f 7204/8179/4231 7206/8181/4626 7240/8182/4632
f 7204/8179/4231 7240/8182/4632 7239/8180/4266
f 7206/8181/4626 7208/8183/4235 7241/8184/4268
f 7206/8181/4626 7241/8184/4268 7240/8182/4632
f 7208/8183/4235 7210/8185/4237 7242/8186/4269
f 7208/8183/4235 7242/8186/4269 7241/8184/4268
f 7210/8187/4237 7212/8188/4628 7243/8189/4633
f 7210/8187/4237 7243/8189/4633 7242/8190/4269
f 7212/8188/4628 7214/8191/4241 7244/8192/4634
f 7212/8188/4628 7244/8192/4634 7243/8189/4633
f 7214/8191/4241 7216/8193/4243 7245/8194/4271
f 7214/8191/4241 7245/8194/4271 7244/8192/4634
f 7216/8193/4243 7218/8195/4245 7246/8196/4208
f 7216/8193/4243 7246/8196/4208 7245/8194/4271
f 7218/8195/4245 7220/8197/4247 7247/8198/4272
f 7218/8195/4245 7247/8198/4272 7246/8196/4208
f 7220/8197/4247 7222/8199/4249 7248/8200/4273
f 7220/8197/4247 7248/8200/4273 7247/8198/4272
f 7222/8201/4249 7224/8202/4251 7249/8203/4274
f 7222/8201/4249 7249/8203/4274 7248/8204/4273
f 7224/8202/4251 7226/8205/4253 7250/8206/4275
f 7224/8202/4251 7250/8206/4275 7249/8203/4274
f 7226/8205/4253 7228/8207/4255 7251/8208/4276
f 7226/8205/4253 7251/8208/4276 7250/8206/4275
f 7228/8207/4255 7230/8209/4257 7252/8210/4218
f 7228/8207/4255 7252/8210/4218 7251/8208/4276
f 7230/8209/4257 7232/8211/4259 7253/8212/4277
f 7230/8209/4257 7253/8212/4277 7252/8210/4218
f 7232/8171/4259 7234/8173/4629 7254/8213/4278
f 7232/8171/4259 7254/8213/4278 7253/8214/4277
f 7234/8173/4629 7198/8137/4625 7236/8175/4631
f 7234/8173/4629 7236/8175/4631 7254/8213/4278
f 7195/8134/4222 7255/8215/4279 7256/8216/4280
f 7195/8134/4222 7256/8216/4280 7196/8135/4223
f 7196/8135/4223 7256/8216/4280 7257/8217/4281
f 7196/8135/4223 7257/8217/4281 7199/8138/4226
f 7199/8138/4226 7257/8217/4281 7258/8218/4282
f 7199/8138/4226 7258/8218/4282 7201/8140/4228
f 7201/8140/4228 7258/8218/4282 7259/8219/4283
f 7201/8140/4228 7259/8219/4283 7203/8142/4230
f 7203/8142/4230 7259/8219/4283 7260/8220/4284
f 7203/8142/4230 7260/8220/4284 7205/8144/4232
f 7205/8144/4232 7260/8220/4284 7261/8221/4285
f 7205/8144/4232 7261/8221/4285 7207/8146/4234
f 7207/8146/4234 7261/8221/4285 7262/8222/4286
f 7207/8146/4234 7262/8222/4286 7209/8148/4236
f 7209/8148/4236 7262/8222/4286 7263/8223/4287
f 7209/8148/4236 7263/8223/4287 7211/8150/4627
f 7211/8150/4627 7263/8223/4287 7264/8224/4288
f 7211/8150/4627 7264/8224/4288 7213/8152/4240
f 7213/8152/4240 7264/8224/4288 7265/8225/4289
f 7213/8152/4240 7265/8225/4289 7215/8154/4242
f 7215/8154/4242 7265/8225/4289 7266/8226/4290
f 7215/8154/4242 7266/8226/4290 7217/8156/4244
f 7217/8156/4244 7266/8226/4290 7267/8227/4291
f 7217/8156/4244 7267/8227/4291 7219/8158/4246
f 7219/8158/4246 7267/8227/4291 7268/8228/4292
f 7219/8158/4246 7268/8228/4292 7221/8160/4248
f 7221/8160/4248 7268/8228/4292 7269/8229/4293
f 7221/8160/4248 7269/8229/4293 7223/8162/4250
f 7223/8162/4250 7269/8229/4293 7270/8230/4294
f 7223/8162/4250 7270/8230/4294 7225/8164/4252
f 7225/8164/4252 7270/8230/4294 7271/8231/4295
f 7225/8164/4252 7271/8231/4295 7227/8166/4254
f 7227/8166/4254 7271/8231/4295 7272/8232/4296
f 7227/8166/4254 7272/8232/4296 7229/8168/4256
f 7229/8168/4256 7272/8232/4296 7273/8233/4297
f 7229/8168/4256 7273/8233/4297 7231/8170/4258
f 7231/8170/4258 7273/8233/4297 7274/8234/4298
f 7231/8170/4258 7274/8234/4298 7233/8172/4260
f 7233/8172/4260 7274/8234/4298 7255/8215/4279
f 7233/8172/4260 7255/8215/4279 7195/8134/4222
f 7275/8235/4848 7276/8236/4187 7277/8237/4765
f 7275/8235/4848 7277/8237/4765 7278/8238/4766
f 7279/8239/4192 7280/8240/4191 7276/8236/4187
f 7279/8239/4192 7276/8236/4187 7275/8235/4848
f 7281/8241/4196 7282/8242/4193 7283/8243/4849
f 7281/8241/4196 7283/8243/4849 7284/8244/4769
f 7285/8245/4198 7286/8246/4197 7287/8247/4193
f 7285/8245/4198 7287/8247/4193 7288/8248/4196
f 7289/8249/4200 7290/8250/4199 7286/8246/4197
f 7289/8249/4200 7286/8246/4197 7285/8245/4198
f 7291/8251/4770 7292/8252/4155 7290/8250/4199
f 7291/8251/4770 7290/8250/4199 7289/8249/4200
f 7293/8253/4206 7294/8254/4203 7295/8255/4771
f 7293/8253/4206 7295/8255/4771 7296/8256/4270
f 7297/8257/4772 7298/8258/4158 7294/8259/4203
f 7297/8257/4772 7294/8259/4203 7293/8260/4206
f 7299/8261/4773 7300/8262/4209 7301/8263/4624
f 7299/8261/4773 7301/8263/4624 7302/8264/4274
f 7303/8265/4214 7304/8266/4213 7299/8261/4773
f 7303/8265/4214 7299/8261/4773 7302/8264/4274
f 7305/8267/4216 7306/8268/4774 7307/8269/4213
f 7305/8267/4216 7307/8269/4213 7308/8270/4214
f 7309/8271/4775 7310/8272/4164 7311/8273/4776
f 7309/8271/4775 7311/8273/4776 7312/8274/4277
f 7277/8237/4765 7313/8275/4777 7314/8276/4778
f 7277/8237/4765 7314/8276/4778 7278/8238/4766
f 7315/8277/4107 7316/8278/4108 7317/8279/4109
f 7315/8277/4107 7317/8279/4109 7318/8280/4614
f 7319/8281/4111 7320/8282/4112 7316/8278/4108
f 7319/8281/4111 7316/8278/4108 7315/8277/4107
f 7321/8283/4113 7322/8284/4114 7320/8282/4112
f 7321/8283/4113 7320/8282/4112 7319/8281/4111
f 7323/8285/4115 7324/8286/4116 7322/8284/4114
f 7323/8285/4115 7322/8284/4114 7321/8283/4113
f 7325/8287/4615 7326/8288/4118 7324/8286/4116
f 7325/8287/4615 7324/8286/4116 7323/8285/4115
f 7327/8289/4119 7328/8290/4120 7326/8291/4118
f 7327/8289/4119 7326/8291/4118 7325/8292/4615
f 7329/8293/4121 7330/8294/4122 7328/8290/4120
f 7329/8293/4121 7328/8290/4120 7327/8289/4119
f 7331/8295/4850 7332/8296/4124 7330/8294/4122
f 7331/8295/4850 7330/8294/4122 7329/8293/4121
f 7333/8297/4125 7334/8298/4126 7332/8296/4124
f 7333/8297/4125 7332/8296/4124 7331/8295/4850
f 7335/8299/4127 7336/8300/4128 7334/8298/4126
f 7335/8299/4127 7334/8298/4126 7333/8297/4125
f 7337/8301/4129 7338/8302/4130 7336/8300/4128
f 7337/8301/4129 7336/8300/4128 7335/8299/4127
f 7339/8303/4131 7340/8304/4616 7338/8302/4130
f 7339/8303/4131 7338/8302/4130 7337/8301/4129
f 7341/8305/4133 7342/8306/4134 7340/8304/4616
f 7341/8305/4133 7340/8304/4616 7339/8303/4131
f 7343/8307/4135 7344/8308/4136 7342/8306/4134
f 7343/8307/4135 7342/8306/4134 7341/8305/4133
f 7345/8309/4137 7346/8310/4138 7344/8308/4136
f 7345/8309/4137 7344/8308/4136 7343/8307/4135
f 7347/8311/4139 7348/8312/4140 7346/8313/4138
f 7347/8311/4139 7346/8313/4138 7345/8314/4137
f 7349/8315/4141 7350/8316/4142 7348/8312/4140
f 7349/8315/4141 7348/8312/4140 7347/8311/4139
f 7351/8317/4143 7352/8318/4144 7350/8316/4142
f 7351/8317/4143 7350/8316/4142 7349/8315/4141
f 7353/8319/4617 7354/8320/4146 7352/8318/4144
f 7353/8319/4617 7352/8318/4144 7351/8317/4143
f 7318/8280/4614 7317/8279/4109 7354/8320/4146
f 7318/8280/4614 7354/8320/4146 7353/8319/4617
f 7318/8280/4614 7355/8321/4618 7356/8322/4148
f 7318/8280/4614 7356/8322/4148 7315/8277/4107
f 7315/8277/4107 7356/8322/4148 7357/8323/4149
f 7315/8277/4107 7357/8323/4149 7319/8281/4111
f 7319/8281/4111 7357/8323/4149 7358/8324/4150
f 7319/8281/4111 7358/8324/4150 7321/8283/4113
f 7321/8325/4113 7358/8326/4150 7359/8327/4619
f 7321/8325/4113 7359/8327/4619 7323/8328/4115
f 7323/8328/4115 7359/8327/4619 7360/8329/4620
f 7323/8328/4115 7360/8329/4620 7325/8330/4615
f 7325/8330/4615 7360/8329/4620 7361/8331/4153
f 7325/8330/4615 7361/8331/4153 7327/8332/4119
f 7327/8332/4119 7361/8331/4153 7362/8333/4154
f 7327/8332/4119 7362/8333/4154 7329/8334/4121
f 7329/8293/4121 7362/8335/4154 7363/8336/4621
f 7329/8293/4121 7363/8336/4621 7331/8295/4850
f 7331/8295/4850 7363/8336/4621 7364/8337/4622
f 7331/8295/4850 7364/8337/4622 7333/8297/4125
f 7333/8297/4125 7364/8337/4622 7365/8338/4157
f 7333/8297/4125 7365/8338/4157 7335/8299/4127
f 7335/8299/4127 7365/8338/4157 7366/8339/4158
f 7335/8299/4127 7366/8339/4158 7337/8301/4129
f 7337/8301/4129 7366/8339/4158 7367/8340/4159
f 7337/8301/4129 7367/8340/4159 7339/8303/4131
f 7339/8303/4131 7367/8340/4159 7368/8341/4160
f 7339/8303/4131 7368/8341/4160 7341/8305/4133
f 7341/8342/4133 7368/8343/4160 7369/8344/4161
f 7341/8342/4133 7369/8344/4161 7343/8345/4135
f 7343/8345/4135 7369/8344/4161 7370/8346/4162
f 7343/8345/4135 7370/8346/4162 7345/8347/4137
f 7345/8347/4137 7370/8346/4162 7371/8348/4163
f 7345/8347/4137 7371/8348/4163 7347/8349/4139
f 7347/8349/4139 7371/8348/4163 7372/7722/4164
f 7347/8349/4139 7372/7722/4164 7349/8350/4141
f 7349/8315/4141 7372/8351/4164 7373/8352/4165
f 7349/8315/4141 7373/8352/4165 7351/8317/4143
f 7351/8317/4143 7373/8352/4165 7374/8353/4623
f 7351/8317/4143 7374/8353/4623 7353/8319/4617
f 7353/8319/4617 7374/8353/4623 7355/8321/4618
f 7353/8319/4617 7355/8321/4618 7318/8280/4614
f 7375/8354/4167 7376/8355/4168 7317/8356/4109
f 7375/8354/4167 7317/8356/4109 7316/8357/4108
f 7377/8358/4169 7375/8354/4167 7316/8357/4108
f 7377/8358/4169 7316/8357/4108 7320/8359/4112
f 7378/8360/4170 7377/8358/4169 7320/8359/4112
f 7378/8360/4170 7320/8359/4112 7322/8361/4114
f 7379/8362/4171 7378/8360/4170 7322/8361/4114
f 7379/8362/4171 7322/8361/4114 7324/8363/4116
f 7380/8364/4172 7379/8362/4171 7324/8363/4116
f 7380/8364/4172 7324/8363/4116 7326/8365/4118
f 7381/8366/4173 7380/8367/4172 7326/8368/4118
f 7381/8366/4173 7326/8368/4118 7328/8369/4120
f 7382/8370/4174 7381/8366/4173 7328/8369/4120
f 7382/8370/4174 7328/8369/4120 7330/8371/4122
f 7383/8372/4175 7382/8370/4174 7330/8371/4122
f 7383/8372/4175 7330/8371/4122 7332/8373/4124
f 7384/8374/4176 7383/8372/4175 7332/8373/4124
f 7384/8374/4176 7332/8373/4124 7334/8375/4126
f 7385/8376/4177 7384/8374/4176 7334/8375/4126
f 7385/8376/4177 7334/8375/4126 7336/8377/4128
f 7386/8378/4178 7385/8376/4177 7336/8377/4128
f 7386/8378/4178 7336/8377/4128 7338/8379/4130
f 7387/8380/4179 7386/8378/4178 7338/8379/4130
f 7387/8380/4179 7338/8379/4130 7340/8381/4616
f 7388/8382/4180 7387/8380/4179 7340/8381/4616
f 7388/8382/4180 7340/8381/4616 7342/8383/4134
f 7389/8384/4181 7388/8382/4180 7342/8383/4134
f 7389/8384/4181 7342/8383/4134 7344/8385/4136
f 7390/8386/4182 7389/8384/4181 7344/8385/4136
f 7390/8386/4182 7344/8385/4136 7346/8387/4138
f 7391/8388/4183 7390/8389/4182 7346/8390/4138
f 7391/8388/4183 7346/8390/4138 7348/8391/4140
f 7392/8392/4184 7391/8388/4183 7348/8391/4140
f 7392/8392/4184 7348/8391/4140 7350/8393/4142
f 7393/8394/4185 7392/8392/4184 7350/8393/4142
f 7393/8394/4185 7350/8393/4142 7352/8395/4144
f 7394/8396/4186 7393/8394/4185 7352/8395/4144
f 7394/8396/4186 7352/8395/4144 7354/8397/4146
f 7376/8355/4168 7394/8396/4186 7354/8397/4146
f 7376/8355/4168 7354/8397/4146 7317/8356/4109
f 7395/8398/4779 7396/8399/4150 7280/8400/4191
f 7395/8398/4779 7280/8400/4191 7279/8401/4192
f 7283/8243/4849 7396/8399/4150 7395/8398/4779
f 7283/8243/4849 7395/8398/4779 7284/8244/4769
f 7295/8255/4771 7292/8402/4155 7291/8403/4770
f 7295/8255/4771 7291/8403/4770 7296/8256/4270
f 7397/4721/4301 7298/8258/4158 7297/8257/4772
f 7397/4721/4301 7297/8257/4772 7398/8404/4300
f 7300/8262/4209 7397/8405/4301 7398/8406/4300
f 7300/8262/4209 7398/8406/4300 7301/8263/4624
f 7311/8273/4776 7310/8272/4164 7306/8268/4774
f 7311/8273/4776 7306/8268/4774 7305/8267/4216
f 7314/8276/4778 7313/8275/4777 7309/8407/4775
f 7314/8276/4778 7309/8407/4775 7312/8408/4277
f 6956/7879/4666 6955/7878/4665 7399/8409/4780
f 6956/7879/4666 7399/8409/4780 7400/8410/4780
f 6959/7882/4669 6958/7881/4668 7401/8411/4781
f 6959/7882/4669 7401/8411/4781 7402/8412/4782
f 6962/7885/4672 6961/7884/4671 7403/8413/4783
f 6962/7885/4672 7403/8413/4783 7404/8414/4783
f 6965/7888/4675 6964/7887/4674 7405/8415/4784
f 6965/7888/4675 7405/8415/4784 7406/8416/4785
f 6968/7891/4678 6967/7890/4677 7407/8417/4786
f 6968/7891/4678 7407/8417/4786 7408/8418/4786
f 6971/7894/4681 6970/7893/4680 7409/8419/4787
f 6971/7894/4681 7409/8419/4787 7410/8420/4787
f 6959/7882/4669 6973/7896/4683 6975/7898/4685
f 6959/7882/4669 6975/7898/4685 6960/7883/4670
f 6962/7885/4672 6976/7899/4686 6978/7901/4688
f 6962/7885/4672 6978/7901/4688 6963/7886/4673
f 6965/7888/4675 6979/7902/4689 6981/7904/4691
f 6965/7888/4675 6981/7904/4691 6966/7889/4676
f 6968/7891/4678 6982/7905/4692 6984/7907/4694
f 6968/7891/4678 6984/7907/4694 6969/7892/4679
f 6971/7894/4681 6985/7908/4695 6987/7910/4697
f 6971/7894/4681 6987/7910/4697 6972/7895/4838
f 6956/7879/4666 6988/7911/4698 6990/7913/4700
f 6956/7879/4666 6990/7913/4700 6957/7880/4667
f 7411/8421/4788 6974/7897/4684 6973/7896/4683
f 7411/8421/4788 6973/7896/4683 7412/8422/4788
f 7413/8423/4789 6977/7900/4687 6976/7899/4686
f 7413/8423/4789 6976/7899/4686 7414/8424/4790
f 7415/8425/4791 6980/7903/4690 6979/7902/4689
f 7415/8425/4791 6979/7902/4689 7416/8426/4791
f 7417/8427/4792 6983/7906/4693 6982/7905/4692
f 7417/8427/4792 6982/7905/4692 7418/8428/4792
f 7419/8429/4793 6986/7909/4696 6985/7908/4695
f 7419/8429/4793 6985/7908/4695 7420/8430/4793
f 7421/8431/4794 6989/7912/4699 6988/7911/4698
f 7421/8431/4794 6988/7911/4698 7422/8432/4794
f 7423/8433/4795 7424/7752/4795 7425/8434/4795
f 7423/8433/4795 7425/8434/4795 7426/8435/4795
f 7427/8436/4796 7428/8437/4796 7429/8438/4796
f 7427/8436/4796 7429/8438/4796 7430/8439/4851
f 7431/8440/4797 7432/8441/4797 7433/8442/4797
f 7431/8440/4797 7433/8442/4797 7434/8443/4797
f 7435/8444/4798 7436/3150/4798 7437/8445/4799
f 7435/8444/4798 7437/8445/4799 7438/8446/4799
f 7439/7764/4800 7440/8447/4800 7441/8448/4800
f 7439/7764/4800 7441/8448/4800 7442/8449/4800
f 7443/8450/4801 7444/8451/4801 7445/8452/4801
f 7443/8450/4801 7445/8452/4801 7446/8453/4801
f 6955/7878/4665 6957/7880/4667 6975/7898/4685
f 6955/7878/4665 6975/7898/4685 6974/7897/4684
f 6958/7881/4668 6960/7883/4670 6978/7901/4688
f 6958/7881/4668 6978/7901/4688 6977/7900/4687
f 6961/7884/4671 6963/7886/4673 6981/7904/4691
f 6961/7884/4671 6981/7904/4691 6980/7903/4690
f 6964/7887/4674 6966/7889/4676 6984/7907/4694
f 6964/7887/4674 6984/7907/4694 6983/7906/4693
f 6967/7890/4677 6969/7892/4679 6987/7910/4697
f 6967/7890/4677 6987/7910/4697 6986/7909/4696
f 6970/7893/4680 6972/7895/4838 6990/7913/4700
f 6970/7893/4680 6990/7913/4700 6989/7912/4699
f 7447/8454/4802 7448/8455/4802 7449/8456/4802
f 7447/8454/4802 7449/8456/4802 7450/8457/4802
f 7451/8458/4803 7452/1171/4804 7453/8459/4804
f 7451/8458/4803 7453/8459/4804 7454/8460/4803
f 7455/8461/4805 7456/8462/4805 7457/8463/4805
f 7455/8461/4805 7457/8463/4805 7458/8464/4805
f 7459/8465/4806 7460/8466/4808 7461/8467/4808
f 7459/8465/4806 7461/8467/4808 7462/8468/4806
f 7463/8469/4809 7464/8470/4809 7465/8471/4809
f 7463/8469/4809 7465/8471/4809 7466/1904/4809
f 7467/8472/4810 7468/8473/4810 7469/8474/4810
f 7467/8472/4810 7469/8474/4810 7470/8475/4810
f 7471/8476/4811 7472/3069/4812 7473/8477/4812
f 7471/8476/4811 7473/8477/4812 7474/8478/4813
f 7475/3405/4814 7476/8479/4815 7477/8480/4815
f 7475/8481/4814 7477/8482/4815 7478/8483/4816
f 7479/8484/4817 7480/8485/4818 7481/7808/4818
f 7479/8484/4817 7481/7808/4818 7482/8486/4852
f 7483/8487/4819 7484/8488/4820 7485/7812/4820
f 7483/8487/4819 7485/7812/4820 7486/8489/4819
f 7487/8490/4821 7488/7817/4822 7489/6138/4822
f 7487/8491/4821 7489/8492/4822 7490/8493/4823
f 7491/8494/4824 7492/8495/4825 7493/7821/4825
f 7491/8494/4824 7493/7821/4825 7494/8496/4824
f 7495/8497/4827 7496/8498/4827 7497/8499/4827
f 7495/8497/4827 7497/8499/4827 7498/5405/4828
f 7499/8500/4829 7500/8501/4853 7501/8502/4830
f 7499/8500/4829 7501/8502/4830 7502/8503/4830
f 7503/8504/4831 7504/8505/4831 7505/8506/4831
f 7503/8504/4831 7505/8506/4831 7506/8507/4831
f 7507/8508/4833 7508/8509/4833 7509/8510/4833
f 7507/8508/4833 7509/8510/4833 7510/8511/4833
f 7511/8512/4834 7512/8513/4834 7513/8514/4836
f 7511/8512/4834 7513/8514/4836 7514/8515/4836
f 7515/8516/4837 7516/8517/4837 7517/8518/4837
f 7515/8516/4837 7517/8518/4837 7518/8519/4837
