# Blender 5.1.1
# www.blender.org
mtllib car4.mtl
o bake
v -1.464961 1.020098 0.735786
v -1.253625 1.030543 0.740675
v -1.248225 1.071766 0.727610
v -1.496088 1.054729 0.721885
v -1.251712 1.023692 0.741818
v -1.458948 1.013493 0.737168
v -1.416613 0.967547 0.738485
v -1.219607 0.976848 0.742670
v -1.021621 0.971878 0.746757
v -0.983112 1.036911 0.747302
v -0.980825 1.044012 0.746386
v -0.979222 1.091160 0.733391
v -0.870359 0.926932 0.749576
v -0.733012 1.049220 0.751548
v -0.921544 0.952903 0.748668
v -0.432891 0.611328 0.755079
v -0.085824 0.611328 0.757955
v -0.050289 0.922702 0.758083
v -0.432891 0.920401 0.755166
v -0.432889 1.067421 0.755984
v -0.046181 1.072515 0.757266
v 0.608776 1.163447 0.752875
v 0.502290 1.081936 0.754551
v 1.167929 1.081937 0.747003
v 1.464937 1.163447 0.739238
v 1.479260 1.559654 0.691208
v 1.440462 1.559654 0.707186
v 1.514932 1.321052 0.728044
v 1.555312 1.321052 0.711768
v 1.375186 1.481535 0.717354
v 1.424317 1.321052 0.731474
v 1.507838 1.321052 0.729499
v 1.434081 1.557814 0.708804
v 1.555132 1.081936 0.737832
v 1.346589 1.607080 0.689009
v 0.621003 1.607081 0.699460
v 0.611399 1.559653 0.721149
v 1.357314 1.559654 0.710346
v 0.502736 1.159084 0.753720
v -0.201612 1.563044 0.722469
v -0.181679 1.607080 0.702372
v -0.228111 1.597731 0.706470
v -1.541051 1.016055 0.732839
v -1.543977 1.054660 0.679145
v -1.585195 1.015169 0.679243
v -1.594712 1.015169 0.525266
v -1.544932 1.067119 0.415718
v -1.601728 1.015169 0.409280
v -1.245951 1.098811 0.685318
v -1.491474 1.078249 0.679779
v -0.978729 1.123395 0.690915
v -0.979362 1.132854 0.423268
v -1.246577 1.110102 0.420910
v -0.728914 1.149077 0.695254
v -0.728813 1.111089 0.737879
v -0.591425 1.122598 0.740068
v -0.567870 1.166802 0.697733
v -0.487802 1.175614 0.698966
v -0.488442 1.179829 0.428136
v -0.558322 1.172961 0.427240
v -0.560459 1.167618 0.697847
v 1.649127 1.163313 0.303698
v 1.626334 1.163319 0.626547
v 1.625796 1.081934 0.669345
v 1.653326 1.081934 0.304005
v -0.459911 1.219403 0.712895
v -0.400048 1.321052 0.745938
v -0.256761 1.559653 0.723956
v -0.267177 1.542495 0.678391
v 1.599364 1.163369 0.719284
v 1.610181 1.204091 0.666814
v 1.577190 1.321052 0.661417
v 0.620337 1.622889 0.648180
v 0.084942 1.622889 0.651258
v 0.080509 1.607080 0.702603
v 0.619502 1.630985 0.295154
v 0.084104 1.630985 0.297290
v 1.349895 1.622889 0.638071
v 1.373338 1.630985 0.289348
v 1.609861 0.681060 0.721004
v 1.632157 0.681060 0.625162
v 1.632264 0.922702 0.670357
v 1.609861 0.922702 0.721004
v 1.656140 0.709585 0.454722
v 1.659930 0.709585 0.304483
v 1.659930 0.922702 0.304482
v 1.651600 0.922702 0.495720
v -0.487667 1.170731 0.755971
v 1.460127 1.594784 0.675115
v 1.504680 1.559654 0.599323
v 1.472077 1.607081 0.637130
v 1.513231 1.519422 0.644855
v -0.172691 1.622889 0.651097
v -0.173528 1.630985 0.297530
v 0.067825 1.562885 0.722905
v 0.382412 1.562886 0.721326
v 1.428536 1.605902 0.686120
v 1.421585 1.607081 0.687366
v -0.228599 1.598427 0.653597
v -0.229438 1.606523 0.298798
v 1.561996 1.081936 0.736425
v 1.603453 1.081935 0.719958
v 1.558022 1.163412 0.735719
v 1.551114 1.163416 0.737137
v 1.447915 0.907397 0.741678
v 1.564966 0.922702 0.738802
v 1.450481 0.967725 0.741574
v 1.402714 0.924596 0.742788
v 1.424492 1.622889 0.636486
v 1.431419 1.621685 0.636465
v 1.495438 1.615177 0.288747
v 1.454678 1.629784 0.288478
v 1.447757 1.630986 0.288497
v -1.642601 1.015169 0.383775
v -1.581549 1.084269 0.390566
v -1.582484 1.084192 0.013388
v -1.643752 1.015169 0.013533
v -0.980335 1.156982 0.011964
v -1.247543 1.137678 0.012596
v -1.246637 1.137256 0.395366
v -0.979423 1.156982 0.397722
v -1.530995 1.109966 0.393057
v -1.531895 1.110007 0.013268
v -1.492079 1.090119 0.418553
v -0.489429 1.185781 0.010802
v -0.553545 1.183801 0.010954
v -0.729613 1.172700 0.399497
v -0.730532 1.178335 0.011373
v -0.729553 1.156133 0.425045
v 0.083423 1.632944 0.009447
v 0.618823 1.632945 0.008181
v 1.378363 1.632945 0.006384
v 1.665881 0.709585 0.005704
v 1.665881 0.922702 0.005704
v 1.524175 1.559654 0.290806
v -0.174208 1.632944 0.010057
v -0.230121 1.608482 0.010189
v 1.578683 0.681060 0.733368
v 1.564966 0.922702 0.738802
v 1.578683 0.681060 0.733368
v 0.838636 0.959717 0.753394
v 0.502272 0.922702 0.756155
v 0.839968 0.877519 0.753484
v 0.890784 0.913320 0.752918
v 1.143772 0.932590 0.748608
v 1.146394 0.979079 0.748393
v -1.387577 0.874441 0.881553
v -1.217949 0.880465 0.881152
v -1.218500 0.937897 0.881153
v -1.405820 0.929572 0.881597
v -1.047227 0.876774 0.880748
v -1.030609 0.934803 0.880709
v -0.967763 0.863780 0.880560
v -0.938527 0.919176 0.880491
v -0.933928 0.846135 0.880480
v -0.894360 0.897244 0.880387
v -0.702319 0.494719 0.879932
v -0.642434 0.560939 0.879791
v -1.496590 0.909657 0.881811
v -1.463757 0.858291 0.881734
v -1.493213 0.837078 0.881803
v -1.539400 0.883884 0.881913
v -1.621807 0.663948 0.882107
v -1.548223 0.663948 0.881933
v -0.123024 0.494953 0.878562
v -0.124522 0.560939 0.878565
v 0.635616 0.560939 0.876767
v 0.676719 0.494953 0.876670
v 0.901435 0.813964 0.876138
v 0.865648 0.850639 0.876223
v 0.931141 0.832211 0.876068
v 0.908118 0.881069 0.876123
v 1.145711 0.895529 0.875561
v 1.146809 0.846761 0.875558
v 1.361639 0.842530 0.875050
v 1.386478 0.890581 0.874991
v 1.390507 0.830033 0.874981
v 1.424040 0.876943 0.874902
v 1.479270 0.681060 0.874772
v 1.540420 0.681060 0.874627
v -1.219607 0.976848 0.742670
v -1.218752 0.955811 0.866036
v -1.025849 0.952067 0.865580
v -1.021621 0.971878 0.746757
v -1.416613 0.967547 0.738485
v -1.411270 0.946607 0.866485
v -0.921544 0.952903 0.748668
v -0.930242 0.935052 0.865355
v -0.883283 0.911400 0.865256
v -0.870359 0.926932 0.749576
v -0.641610 0.578643 0.864685
v -0.632974 0.604368 0.753406
v -1.513327 0.943612 0.736497
v -1.505745 0.924766 0.866677
v -1.564794 0.901025 0.735809
v -1.551144 0.896639 0.866743
v -1.638535 0.663948 0.866870
v -1.650514 0.663948 0.735427
v 0.634056 0.578660 0.861667
v 0.625572 0.603642 0.755887
v 0.368220 0.604059 0.756604
v -0.641610 0.578643 0.864685
v -0.120400 0.578554 0.864074
v -0.086636 0.604219 0.757952
v -0.439987 0.604205 0.755019
v 0.853096 0.863572 0.861149
v 0.839968 0.877519 0.753484
v 0.625572 0.603642 0.755887
v 0.634056 0.578660 0.861667
v 0.890784 0.913320 0.752918
v 0.900256 0.897197 0.861026
v 1.145177 0.913449 0.860446
v 1.143772 0.932590 0.748608
v 1.394572 0.906537 0.859853
v 1.402714 0.924596 0.742788
v 1.434655 0.891459 0.859775
v 1.447915 0.907397 0.741678
v 1.578683 0.681060 0.733368
v 1.558214 0.681060 0.859452
v -0.632974 0.604368 0.753406
v -0.440000 0.920358 0.755112
v -0.487667 1.170731 0.755971
v -0.487802 1.175614 0.698966
v -0.487700 1.131286 0.741720
v -0.207349 1.559653 0.724011
v -0.256761 1.559653 0.723956
v -0.400048 1.321052 0.745938
v -0.341451 1.321052 0.746086
v -0.440062 1.067197 0.755954
v -0.487667 1.064854 0.755710
v -0.728782 1.056450 0.750790
v -0.623693 1.061625 0.752593
v -0.487667 1.064854 0.755710
v -0.233545 1.593846 0.708281
v -0.233629 1.593922 0.654061
v -0.234469 1.602018 0.299027
v -0.257762 1.559653 0.300757
v -0.256920 1.559653 0.656541
v -0.233545 1.593846 0.708281
v -0.235153 1.603977 0.010201
v -0.258449 1.559653 0.010256
v 1.558969 1.074828 0.737786
v 1.603738 1.074829 0.720005
v 1.558969 1.074828 0.737786
v 1.653620 1.074830 0.304026
v 1.642502 1.074830 0.520838
v 1.626084 1.074830 0.669390
v 1.164295 1.074828 0.747150
v 0.502290 1.074827 0.754623
v 0.365163 0.611328 0.756615
v 0.254844 0.922702 0.757020
v -0.487667 1.170731 0.755971
v -0.419442 1.160441 0.756100
v -0.394365 1.212164 0.752889
v 0.501983 1.562885 0.720522
v 0.435684 1.115324 0.754625
v 0.435685 1.077693 0.754923
v 0.495181 1.078333 0.754634
v 0.495179 1.159897 0.753811
v -0.043881 1.159897 0.756808
v -0.327598 1.159897 0.756273
v -0.143419 1.562886 0.722622
v 1.439463 1.177040 0.739059
v 0.608221 1.177559 0.752091
v 1.456656 1.185713 0.738198
v 0.502231 1.480269 0.729554
v 0.502266 1.321052 0.744703
v 0.579097 1.321052 0.744247
v 0.579061 1.480269 0.729040
v 0.587594 1.186054 0.751751
v 0.579112 1.206518 0.750665
v 0.421312 1.480268 0.730096
v 0.421348 1.321052 0.745184
v 0.495157 1.321052 0.744746
v 0.495121 1.480269 0.729602
v -0.141924 1.509206 0.728809
v -0.140712 1.556114 0.724433
v -0.200948 1.556181 0.724344
v -0.166896 1.502434 0.729407
v -0.327792 1.178154 0.755122
v -0.039167 1.177943 0.755739
v 0.392430 1.177717 0.753453
v 0.251857 1.159897 0.755229
v 0.412884 1.186185 0.752833
v 0.421363 1.206634 0.751619
v 0.587537 1.500725 0.727037
v 0.494378 1.556715 0.722334
v 0.412827 1.500725 0.728207
v 1.337779 1.509206 0.715567
v 1.361041 1.501534 0.715774
v 0.607991 1.509206 0.726102
v 1.459930 1.204690 0.737074
v 0.392369 1.509206 0.727537
v 0.395330 1.556115 0.723055
v 0.065879 1.556115 0.724728
v 0.052376 1.509206 0.729225
v -0.412198 1.159897 0.756113
v -0.342392 1.186560 0.754565
v -0.342562 1.203405 0.753503
v -0.385778 1.213569 0.752781
v -0.333427 1.321052 0.746114
v -0.276500 1.321052 0.746311
v -0.185027 1.483976 0.731105
v 0.608221 1.177559 0.752091
v 1.439463 1.177040 0.739059
v 1.438375 1.180434 0.731127
v 0.608879 1.180953 0.744131
v 1.452925 1.187774 0.730400
v 1.438375 1.180434 0.731127
v 1.456656 1.185713 0.738198
v 1.455697 1.203839 0.729449
v 1.459930 1.204690 0.737074
v 1.420362 1.319296 0.723915
v 1.424317 1.321052 0.731474
v 1.371418 1.479172 0.709870
v 1.375186 1.481535 0.717354
v 1.358403 1.497572 0.708418
v 1.361041 1.501534 0.715774
v 1.337009 1.504628 0.708228
v 1.337779 1.509206 0.715567
v 0.608661 1.504629 0.718744
v 0.607991 1.509206 0.726102
v 0.587537 1.500725 0.727037
v 0.590469 1.497086 0.719576
v 0.582926 1.478880 0.721358
v 0.579061 1.480269 0.729040
v 0.582962 1.320452 0.736489
v 0.579097 1.321052 0.744247
v 0.582977 1.206712 0.742862
v 0.579112 1.206518 0.750665
v 0.587594 1.186054 0.751751
v 0.590520 1.188514 0.743828
v -0.164813 1.498275 0.722021
v -0.141404 1.504623 0.721460
v -0.141924 1.509206 0.728809
v -0.166896 1.502434 0.729407
v -0.181812 1.480969 0.723612
v -0.185027 1.483976 0.731105
v -0.273026 1.318502 0.738741
v -0.276500 1.321052 0.746311
v -0.338568 1.201779 0.745845
v -0.342562 1.203405 0.753503
v -0.338432 1.188275 0.746701
v -0.342392 1.186560 0.754565
v -0.327792 1.178154 0.755122
v -0.326734 1.181540 0.747148
v -0.039180 1.181330 0.747770
v -0.039167 1.177943 0.755739
v 0.391619 1.181105 0.745498
v 0.392430 1.177717 0.753453
v 0.409808 1.188635 0.744946
v 0.412884 1.186185 0.752833
v 0.417350 1.206824 0.743866
v 0.421363 1.206634 0.751619
v 0.417335 1.320449 0.737476
v 0.421348 1.321052 0.745184
v 0.417300 1.478877 0.722463
v 0.421312 1.480268 0.730096
v 0.409749 1.497080 0.720781
v 0.412827 1.500725 0.728207
v 0.391557 1.504622 0.720186
v 0.392369 1.509206 0.727537
v 0.052362 1.504622 0.721871
v 0.052376 1.509206 0.729225
v 0.625572 0.603642 0.755887
v 0.368220 0.604059 0.756604
v -0.439987 0.604205 0.755019
v -0.632974 0.604368 0.753406
v -0.432891 0.920401 0.755166
v -0.436421 0.920386 0.751584
v -0.436417 0.607774 0.751496
v -0.432891 0.611328 0.755079
v -0.432891 0.611328 0.755079
v -0.436417 0.607774 0.751496
v -0.086222 0.607774 0.754398
v -0.085824 0.611328 0.757955
v -0.432889 1.067421 0.755984
v -0.436428 1.067383 0.752418
v 0.498713 1.078348 0.751059
v 0.502290 1.081936 0.754551
v 0.502736 1.159084 0.753720
v 0.498710 1.159781 0.750235
v -0.201612 1.563044 0.722469
v -0.228111 1.597731 0.706470
v -0.229505 1.594246 0.703143
v -0.203143 1.558737 0.720582
v 0.067825 1.562885 0.722905
v 0.066889 1.558733 0.720955
v 0.395530 1.558733 0.719284
v 0.382412 1.562886 0.721326
v -0.228599 1.598427 0.653597
v -0.229438 1.606523 0.298798
v -0.230324 1.602450 0.298866
v -0.229484 1.594354 0.653737
v -0.230121 1.608482 0.010189
v -0.231007 1.604409 0.010191
v -0.341451 1.321052 0.746086
v -0.337434 1.320773 0.742556
v -0.203143 1.558737 0.720582
v -0.207349 1.559653 0.724011
v -0.440000 0.920358 0.755112
v -0.436421 0.920386 0.751584
v -0.436428 1.067383 0.752418
v -0.440062 1.067197 0.755954
v -0.086636 0.604219 0.757952
v -0.086222 0.607774 0.754398
v -0.436417 0.607774 0.751496
v -0.439987 0.604205 0.755019
v 0.502272 0.922702 0.756155
v 0.502290 1.074827 0.754623
v 0.498713 1.078348 0.751059
v 0.498700 0.922686 0.752614
v -0.229505 1.594246 0.703143
v -0.233545 1.593846 0.708281
v -0.207349 1.559653 0.724011
v -0.203143 1.558737 0.720582
v -0.230324 1.602450 0.298866
v -0.234469 1.602018 0.299027
v -0.233629 1.593922 0.654061
v -0.229484 1.594354 0.653737
v -0.231007 1.604409 0.010191
v -0.235153 1.603977 0.010201
v 0.495163 0.922702 0.756182
v 0.498700 0.922686 0.752614
v 0.498713 1.078348 0.751059
v 0.495181 1.078333 0.754634
v 0.366843 0.607774 0.753053
v 0.365163 0.611328 0.756615
v 0.365163 0.611328 0.756615
v 0.366843 0.607774 0.753053
v -0.419442 1.160441 0.756100
v -0.415840 1.159792 0.752553
v -0.389327 1.214182 0.749174
v -0.394365 1.212164 0.752889
v 0.495179 1.159897 0.753811
v 0.498710 1.159781 0.750235
v -0.140616 1.558734 0.720669
v -0.143419 1.562886 0.722622
v 0.502231 1.480269 0.729554
v 0.498653 1.479932 0.726039
v 0.498690 1.320784 0.741180
v 0.502266 1.321052 0.744703
v 0.495157 1.321052 0.744746
v 0.498690 1.320784 0.741180
v 0.498653 1.479932 0.726039
v 0.495121 1.480269 0.729602
v -0.140712 1.556114 0.724433
v -0.140616 1.558734 0.720669
v -0.203143 1.558737 0.720582
v -0.200948 1.556181 0.724344
v 0.501983 1.562885 0.720522
v 0.498635 1.559022 0.718528
v 0.498635 1.559022 0.718528
v 0.494378 1.556715 0.722334
v 0.395330 1.556115 0.723055
v 0.395530 1.558733 0.719284
v 0.066889 1.558733 0.720955
v 0.065879 1.556115 0.724728
v 0.494378 1.556715 0.722334
v 0.498635 1.559022 0.718528
v 0.498635 1.559022 0.718528
v 0.501983 1.562885 0.720522
v -0.412198 1.159897 0.756113
v -0.415840 1.159792 0.752553
v -0.385778 1.213569 0.752781
v -0.389327 1.214182 0.749174
v -0.333427 1.321052 0.746114
v -0.337434 1.320773 0.742556
v 0.366843 0.607774 0.753053
v 0.368220 0.604059 0.756604
v 0.368220 0.604059 0.756604
v 0.366843 0.607774 0.753053
v -0.439987 0.604205 0.755019
v -0.436417 0.607774 0.751496
v -0.229505 1.594246 0.703143
v -0.228111 1.597731 0.706470
v -0.233545 1.593846 0.708281
v -0.229505 1.594246 0.703143
v 0.502290 1.081936 0.754551
v 0.498713 1.078348 0.751059
v 1.166049 1.078343 0.743523
v 1.167929 1.081937 0.747003
v 1.558115 1.078329 0.734281
v 1.555132 1.081936 0.737832
v 1.603453 1.081935 0.719958
v 1.601131 1.078266 0.717422
v 1.622509 1.078237 0.668445
v 1.625796 1.081934 0.669345
v 1.649928 1.078235 0.303785
v 1.653326 1.081934 0.304005
v 1.638416 1.078236 0.524381
v 1.561996 1.081936 0.736425
v 1.558115 1.078329 0.734281
v 1.653620 1.074830 0.304026
v 1.659543 1.074830 0.005719
v 1.655842 1.078235 0.005728
v 1.649928 1.078235 0.303785
v 1.603738 1.074829 0.720005
v 1.601131 1.078266 0.717422
v 1.558115 1.078329 0.734281
v 1.558969 1.074828 0.737786
v 1.638416 1.078236 0.524381
v 1.622509 1.078237 0.668445
v 1.626084 1.074830 0.669390
v 1.641710 1.074830 0.528007
v 1.164295 1.074828 0.747150
v 1.166049 1.078343 0.743523
v 0.498713 1.078348 0.751059
v 0.502290 1.074827 0.754623
v 1.558969 1.074828 0.737786
v 1.558115 1.078329 0.734281
v -1.411270 0.946607 0.866485
v -1.405820 0.929572 0.881597
v -1.218500 0.937897 0.881153
v -1.218752 0.955811 0.866036
v -1.030609 0.934803 0.880709
v -1.025849 0.952067 0.865580
v -0.938527 0.919176 0.880491
v -0.930242 0.935052 0.865355
v -0.894360 0.897244 0.880387
v -0.883283 0.911400 0.865256
v -0.642434 0.560939 0.879791
v -0.641610 0.578643 0.864685
v -1.551144 0.896639 0.866743
v -1.539400 0.883884 0.881913
v -1.496590 0.909657 0.881811
v -1.505745 0.924766 0.866677
v -0.124522 0.560939 0.878565
v -0.120400 0.578554 0.864074
v 0.634056 0.578660 0.861667
v 0.635616 0.560939 0.876767
v 0.865648 0.850639 0.876223
v 0.853096 0.863572 0.861149
v 0.908118 0.881069 0.876123
v 0.900256 0.897197 0.861026
v 1.145177 0.913449 0.860446
v 1.145711 0.895529 0.875561
v 1.386478 0.890581 0.874991
v 1.394572 0.906537 0.859853
v 1.424040 0.876943 0.874902
v 1.434655 0.891459 0.859775
v 1.540420 0.681060 0.874627
v 1.558214 0.681060 0.859452
v -1.638535 0.663948 0.866870
v -1.621807 0.663948 0.882107
v -1.650514 0.663948 0.735427
v -1.564794 0.901025 0.735809
v -1.635101 0.900017 0.681051
v -1.696276 0.663948 0.680617
v -1.660618 0.812485 0.650891
v -1.696276 0.663948 0.680617
v -1.635101 0.900017 0.681051
v -1.648025 0.858676 0.651063
v -1.712391 0.780249 0.317250
v -1.669953 0.901898 0.334819
v -1.672726 0.895871 0.221095
v -0.729553 1.156133 0.425045
v -0.565598 1.172246 0.427147
v -0.729613 1.172700 0.399497
v -1.601728 1.015169 0.409280
v -1.544932 1.067119 0.415718
v -1.581549 1.084269 0.390566
v -1.642601 1.015169 0.383775
v -1.246637 1.137256 0.395366
v -1.246577 1.110102 0.420910
v -0.979362 1.132854 0.423268
v -0.979423 1.156982 0.397722
v -1.530995 1.109966 0.393057
v -1.492079 1.090119 0.418553
v -1.741050 0.778778 0.348359
v -1.700911 0.778778 0.373754
v -1.677361 0.840483 0.382649
v -1.589332 1.009446 0.679303
v -1.542599 1.009416 0.735288
v -1.513327 0.943612 0.736497
v -1.626416 0.963674 0.401255
v -1.646667 1.009115 0.382972
v -1.698923 0.901025 0.365992
v -1.654254 0.901025 0.391377
v -1.633061 0.977689 0.337345
v -1.637105 0.969323 0.345426
v -1.588792 1.015169 0.618742
v -1.602901 0.980575 0.650230
v -1.636732 0.900102 0.651217
v -1.589332 1.009446 0.679303
v -0.469798 1.206965 0.425825
v -0.470869 1.211649 0.010758
v -0.489429 1.185781 0.010802
v -0.488442 1.179829 0.428136
v -0.470042 1.202415 0.694809
v -0.487802 1.175614 0.698966
v -0.258079 1.533001 0.675206
v -0.447200 1.215972 0.709004
v -0.459911 1.219403 0.712895
v -0.267177 1.542495 0.678391
v -0.257762 1.559653 0.300757
v -0.248657 1.550160 0.300736
v -0.247823 1.550160 0.653356
v -0.256920 1.559653 0.656541
v -0.258449 1.559653 0.010256
v -0.249344 1.550160 0.010234
v -0.457332 1.198975 0.690910
v -0.457149 1.203340 0.425760
v -0.469798 1.206965 0.425825
v -0.470042 1.202415 0.694809
v -0.447200 1.215972 0.709004
v -0.457332 1.198975 0.690910
v -0.470042 1.202415 0.694809
v -0.459911 1.219403 0.712895
v 1.650807 0.922702 0.502886
v 1.641710 1.074830 0.528007
v 1.655379 0.700846 0.461592
v 1.659930 0.616117 0.304483
v 1.659930 0.701045 0.304483
v 1.654437 0.616117 0.540583
v 1.638416 1.078236 0.524381
v 1.642502 1.074830 0.520838
v 1.652275 0.706030 0.457326
v 1.656140 0.709585 0.454722
v 1.651600 0.922702 0.495720
v 1.647671 0.922629 0.498912
v 1.642502 1.074830 0.520838
v 1.638416 1.078236 0.524381
v 1.656383 0.706030 0.304251
v 1.659930 0.709585 0.304483
v 1.656140 0.709585 0.454722
v 1.652275 0.706030 0.457326
v 1.650807 0.922702 0.502886
v 1.647671 0.922629 0.498912
v 1.638416 1.078236 0.524381
v 1.641710 1.074830 0.528007
v 1.655379 0.700846 0.461592
v 1.652275 0.706030 0.457326
v 1.659930 0.701045 0.304483
v 1.656383 0.706030 0.304251
v 1.665881 0.701045 0.005704
v 1.662325 0.706030 0.005712
v 1.597485 1.203922 0.661896
v 1.565530 1.317228 0.656679
v 1.577190 1.321052 0.661417
v 1.610181 1.204091 0.666814
v 1.636006 1.163103 0.302845
v 1.613640 1.163144 0.621626
v 1.626334 1.163319 0.626547
v 1.649127 1.163313 0.303698
v 1.655030 1.163312 0.005729
v 1.641876 1.163095 0.005761
v 1.494120 1.552403 0.594907
v 1.513249 1.552350 0.290142
v 1.524175 1.559654 0.290806
v 1.504680 1.559654 0.599323
v 1.502668 1.512179 0.640432
v 1.513231 1.519422 0.644855
v 1.440462 1.559654 0.707186
v 1.436396 1.558552 0.705261
v 1.510830 1.320608 0.725956
v 1.514932 1.321052 0.728044
v 1.507838 1.321052 0.729499
v 1.510830 1.320608 0.725956
v 1.436396 1.558552 0.705261
v 1.434081 1.557814 0.708804
v 1.428536 1.605902 0.686120
v 1.424446 1.604432 0.685035
v 1.424446 1.604432 0.685035
v 1.421585 1.607081 0.687366
v 1.558022 1.163412 0.735719
v 1.553961 1.163200 0.733574
v 1.558115 1.078329 0.734281
v 1.561996 1.081936 0.736425
v 1.555132 1.081936 0.737832
v 1.558115 1.078329 0.734281
v 1.553961 1.163200 0.733574
v 1.551114 1.163416 0.737137
v 1.427423 1.619447 0.635800
v 1.424492 1.622889 0.636486
v 1.431419 1.621685 0.636465
v 1.427423 1.619447 0.635800
v 1.424446 1.604432 0.685035
v 1.428536 1.605902 0.686120
v 1.454678 1.629784 0.288478
v 1.450716 1.627484 0.288419
v 1.450716 1.627484 0.288419
v 1.447757 1.630986 0.288497
v 1.459656 1.631746 0.006192
v 1.455701 1.629442 0.006201
v -0.617083 1.054926 0.753474
v 1.659930 0.616117 0.304483
v 1.654437 0.616117 0.540583
v 1.505186 0.616117 0.526638
v 1.491325 0.616117 0.006117
v 1.665881 0.616117 0.005704
v 1.609861 0.681060 0.721004
v 1.578683 0.681060 0.733368
v 1.478446 0.681060 0.526701
v 1.632157 0.681060 0.625162
v 1.478446 0.681060 0.526701
v 1.505186 0.616117 0.526638
v 1.654437 0.616117 0.540583
v 1.632157 0.681060 0.625162
v 1.540420 0.681060 0.874627
v 1.479270 0.681060 0.874772
v 1.558214 0.681060 0.859452
v 1.146809 0.846761 0.875558
v 0.931141 0.832211 0.876068
v 0.900611 0.813964 0.528068
v 0.657396 0.435525 0.528643
v 0.901435 0.813964 0.876138
v 0.676719 0.494953 0.876670
v 1.389684 0.830033 0.526911
v 1.361639 0.842530 0.875050
v 1.390507 0.830033 0.874981
v 1.478446 0.681060 0.526701
v 1.479270 0.681060 0.874772
v 0.900611 0.813964 0.528068
v 0.657396 0.435525 0.528643
v 1.478446 0.681060 0.526701
v 1.389684 0.830033 0.526911
v 1.505186 0.616117 0.526638
v 1.427551 0.471185 0.526821
v -1.735931 0.691237 0.055846
v -1.714386 0.775641 0.045105
v -1.733309 0.701594 0.045150
v -1.770448 0.663948 0.327973
v -1.730309 0.663948 0.353369
v -1.562695 0.904511 0.435975
v -1.562679 0.940350 0.442943
v -1.626416 0.963674 0.401255
v -1.654254 0.901025 0.391377
v -1.677361 0.840483 0.382649
v -1.700911 0.778778 0.373754
v -1.562678 0.868733 0.443252
v -1.648025 0.858676 0.651063
v -1.562253 0.905317 0.623119
v -1.562269 0.869478 0.616151
v -1.562318 0.971365 0.595427
v -1.562270 0.941095 0.615842
v -1.602901 0.980575 0.650230
v -1.588498 1.010859 0.614863
v -1.588498 1.010859 0.614863
v -1.562473 0.811341 0.529950
v -1.673706 0.778778 0.616046
v -1.594066 1.010859 0.530135
v -1.562475 0.998486 0.529144
v -1.562390 0.991518 0.564983
v -1.562388 0.818619 0.565728
v -1.660618 0.812485 0.650891
v -1.562317 0.839033 0.595998
v -1.602051 1.010858 0.407056
v -1.562560 0.991209 0.493366
v -1.602051 1.010858 0.407056
v -1.562631 0.970794 0.463096
v -1.562558 0.818310 0.494111
v -1.562630 0.838463 0.463666
v -1.636732 0.900102 0.651217
v -1.722961 0.683370 0.377094
v -1.703866 0.759350 0.390604
v -1.700911 0.778778 0.373754
v -1.730309 0.663948 0.353369
v -1.696524 0.683406 0.630936
v -1.699157 0.663948 0.650835
v -1.682509 0.737230 0.630877
v -1.679344 0.759328 0.608176
v -1.673706 0.778778 0.616046
v -1.690832 0.690629 0.399822
v -1.676519 0.748250 0.409859
v -1.703866 0.759350 0.390604
v -1.722961 0.683370 0.377094
v -1.668576 0.690030 0.615489
v -1.690832 0.690629 0.399822
v -1.722961 0.683370 0.377094
v -1.696524 0.683406 0.630936
v -1.657848 0.730924 0.615191
v -1.668576 0.690030 0.615489
v -1.696524 0.683406 0.630936
v -1.682509 0.737230 0.630877
v -1.655428 0.747580 0.598137
v -1.679344 0.759328 0.608176
v -1.676519 0.748250 0.409859
v -1.703866 0.759350 0.390604
v -0.583400 1.123270 0.740195
v -0.487700 1.131286 0.741720
v -0.565598 1.172246 0.427147
v -0.560651 1.183581 0.010971
v -0.617083 1.054926 0.753474
v -0.487667 1.064854 0.755710
v -1.464961 1.020098 0.735786
v -1.461974 1.016286 0.733570
v -1.253963 1.026580 0.738246
v -1.253625 1.030543 0.740675
v -1.251712 1.023692 0.741818
v -1.253963 1.026580 0.738246
v -1.461974 1.016286 0.733570
v -1.458948 1.013493 0.737168
v -0.983112 1.036911 0.747302
v -0.980845 1.040093 0.743812
v -0.980845 1.040093 0.743812
v -0.980825 1.044012 0.746386
v -1.541051 1.016055 0.732839
v -1.585195 1.015169 0.679243
v -1.585158 1.010859 0.678025
v -1.541671 1.011728 0.732173
v -1.601728 1.015169 0.409280
v -1.602051 1.010858 0.407056
v -1.594066 1.010859 0.530135
v -1.594712 1.015169 0.525266
v -0.591425 1.122598 0.740068
v -0.587208 1.121206 0.737032
v -0.563813 1.163947 0.696424
v -0.567870 1.166802 0.697733
v -0.558322 1.172961 0.427240
v -0.561603 1.169223 0.426155
v -0.563813 1.163947 0.696424
v -0.560459 1.167618 0.697847
v -1.643752 1.015169 0.013533
v -1.643114 1.010336 0.013531
v -1.642523 1.010808 0.381788
v -1.642601 1.015169 0.383775
v -0.553545 1.183801 0.010954
v -0.556988 1.180137 0.010962
v -0.733012 1.049220 0.751548
v -0.728695 1.052566 0.748080
v -0.623693 1.061625 0.752593
v -0.621387 1.057684 0.749929
v -0.728695 1.052566 0.748080
v -0.728782 1.056450 0.750790
v -1.642601 1.015169 0.383775
v -1.642523 1.010808 0.381788
v -1.602051 1.010858 0.407056
v -1.601728 1.015169 0.409280
v -1.542599 1.009416 0.735288
v -1.541671 1.011728 0.732173
v -1.585158 1.010859 0.678025
v -1.589332 1.009446 0.679303
v -1.643114 1.010336 0.013531
v -1.647105 1.009059 0.198257
v -1.642523 1.010808 0.381788
v -1.588498 1.010859 0.614863
v -1.588792 1.015169 0.618742
v -0.617083 1.054926 0.753474
v -0.621387 1.057684 0.749929
v -1.541051 1.016055 0.732839
v -1.541671 1.011728 0.732173
v -1.589332 1.009446 0.679303
v -1.585158 1.010859 0.678025
v -1.588498 1.010859 0.614863
v -1.602051 1.010858 0.407056
v -1.646667 1.009115 0.382972
v -0.587208 1.121206 0.737032
v -0.583400 1.123270 0.740195
v -0.567870 1.166802 0.697733
v -0.563813 1.163947 0.696424
v -0.561603 1.169223 0.426155
v -0.565598 1.172246 0.427147
v -0.621387 1.057684 0.749929
v -0.617083 1.054926 0.753474
v -0.123024 0.494953 0.878562
v -0.123847 0.435525 0.530491
v 0.657396 0.435525 0.528643
v 0.676719 0.494953 0.876670
v -0.702319 0.494719 0.879932
v -0.703142 0.435292 0.531862
v 0.657396 0.435525 0.528643
v -0.123847 0.435525 0.530491
v -0.125079 0.435525 0.009940
v 0.656164 0.435525 0.008092
v -0.703142 0.435292 0.531862
v -0.704373 0.435292 0.011311
v 0.310845 1.041127 0.746661
v 0.431095 1.077607 0.745726
v 0.305775 1.076609 0.746332
v 0.303915 1.110692 0.746072
v 0.431094 1.110692 0.745465
v 0.435687 0.973425 0.755960
v 0.495163 0.922702 0.756182
v 0.299157 1.115324 0.755278
v 0.365396 0.980785 0.756221
v 0.252916 1.075729 0.755812
v 0.301291 1.076249 0.755576
v 0.328598 1.002863 0.756177
v 0.306518 1.039661 0.755916
v 0.331867 1.006091 0.746909
v 0.366827 0.985115 0.746952
v 0.365396 0.980785 0.756221
v 0.435687 0.973425 0.755960
v 0.431097 0.978386 0.746713
v 0.366827 0.985115 0.746952
v 0.435687 0.973425 0.755960
v 0.435685 1.077693 0.754923
v 0.431095 1.077607 0.745726
v 0.431097 0.978386 0.746713
v 0.435684 1.115324 0.754625
v 0.431094 1.110692 0.745465
v 0.435684 1.115324 0.754625
v 0.299157 1.115324 0.755278
v 0.303915 1.110692 0.746072
v 0.431094 1.110692 0.745465
v 0.299157 1.115324 0.755278
v 0.301291 1.076249 0.755576
v 0.305775 1.076609 0.746332
v 0.303915 1.110692 0.746072
v 0.306518 1.039661 0.755916
v 0.310845 1.041127 0.746661
v 0.328598 1.002863 0.756177
v 0.331867 1.006091 0.746909
v -1.387577 0.874441 0.881553
v -1.463757 0.858291 0.881734
v -1.479308 0.847685 0.533698
v -1.493213 0.837078 0.881803
v -1.548223 0.663948 0.881933
v -1.545989 0.663948 0.535512
v -1.479308 0.847685 0.533698
v -1.217949 0.880465 0.881152
v -0.967763 0.863780 0.880560
v -1.047227 0.876774 0.880748
v -0.951669 0.854958 0.532450
v -0.933928 0.846135 0.880480
v -0.702319 0.494719 0.879932
v -0.703142 0.435292 0.531862
v -1.493213 0.837078 0.881803
v -1.699157 0.663948 0.650835
v -1.730309 0.663948 0.353369
v -1.582669 0.663948 0.274243
v -1.545989 0.663948 0.535512
v -1.770448 0.663948 0.327973
v -1.770819 0.663948 0.170904
v -1.614699 0.663948 0.013464
v -1.650514 0.663948 0.735427
v -1.696276 0.663948 0.680617
v -1.548223 0.663948 0.881933
v -1.638535 0.663948 0.866870
v -1.621807 0.663948 0.882107
v -0.951669 0.854958 0.532450
v -1.479308 0.847685 0.533698
v -1.545989 0.663948 0.535512
v -0.703142 0.435292 0.531862
v -1.545989 0.663948 0.535512
v -1.582669 0.663948 0.274243
v -1.596923 0.435507 0.013422
v -1.528213 0.435507 0.535470
v -1.614699 0.663948 0.013464
v -1.528213 0.435507 0.535470
v -1.596923 0.435507 0.013422
v -1.528213 0.435507 0.535470
v -1.672304 0.897890 0.045006
v -1.713457 0.777966 0.149683
v -1.638416 0.967978 0.044926
v -1.633502 0.977637 0.154431
v -1.633736 0.977607 0.055607
v -1.732419 0.702652 0.303468
v -1.735553 0.691237 0.214989
v -1.735383 0.691239 0.289484
v -1.698923 0.901025 0.365992
v -1.646667 1.009115 0.382972
v -1.662885 0.975731 0.357801
v -1.697927 0.903545 0.346452
v -1.647105 1.009059 0.198257
v -1.655601 0.991308 0.234179
v -1.655346 0.991342 0.342724
v -1.770819 0.663948 0.170904
v -1.770448 0.663948 0.327973
v -1.765644 0.683059 0.293817
v -1.765842 0.683059 0.209925
v -1.741050 0.778778 0.348359
v -1.740244 0.781671 0.328859
v -1.761299 0.699792 0.314320
v -1.699756 0.901025 0.013665
v -1.741841 0.778778 0.013765
v -1.741795 0.778778 0.033491
v -1.699710 0.901025 0.033391
v -1.771191 0.663948 0.013834
v -1.761918 0.700044 0.033538
v -1.766019 0.683059 0.135264
v -1.766218 0.683059 0.051080
v -1.761565 0.699984 0.193891
v -1.761640 0.699979 0.154292
v -1.741829 0.777318 0.200731
v -1.699818 0.899756 0.209508
v -1.698861 0.902294 0.170149
v -1.741063 0.780237 0.161393
v -1.663243 0.975552 0.215419
v -1.663367 0.975555 0.175867
v -1.647542 1.009002 0.013542
v -1.656039 0.991254 0.050819
v -1.655783 0.991288 0.159564
v -1.663712 0.975466 0.033306
v -1.647542 1.009002 0.013542
v -1.771191 0.663948 0.013834
v -1.697927 0.903545 0.346452
v -1.662885 0.975731 0.357801
v -1.637105 0.969323 0.345426
v -1.669953 0.901898 0.334819
v -1.662885 0.975731 0.357801
v -1.655346 0.991342 0.342724
v -1.633061 0.977689 0.337345
v -1.637105 0.969323 0.345426
v -1.655346 0.991342 0.342724
v -1.655601 0.991308 0.234179
v -1.633300 0.977662 0.238725
v -1.633061 0.977689 0.337345
v -1.663243 0.975552 0.215419
v -1.638204 0.967548 0.226683
v -1.699818 0.899756 0.209508
v -1.672726 0.895871 0.221095
v -1.741829 0.777318 0.200731
v -1.714672 0.773317 0.212312
v -1.761565 0.699984 0.193891
v -1.733129 0.700830 0.205901
v -1.765842 0.683059 0.209925
v -1.735553 0.691237 0.214989
v -1.765644 0.683059 0.293817
v -1.735383 0.691239 0.289484
v -1.761299 0.699792 0.314320
v -1.732419 0.702652 0.303468
v -1.740244 0.781671 0.328859
v -1.712391 0.780249 0.317250
v -1.699710 0.901025 0.033391
v -1.741795 0.778778 0.033491
v -1.714386 0.775641 0.045105
v -1.672304 0.897890 0.045006
v -1.761918 0.700044 0.033538
v -1.733309 0.701594 0.045150
v -1.766218 0.683059 0.051080
v -1.735931 0.691237 0.055846
v -1.766019 0.683059 0.135264
v -1.735756 0.691238 0.130647
v -1.761640 0.699979 0.154292
v -1.732917 0.702204 0.142980
v -1.741063 0.780237 0.161393
v -1.713457 0.777966 0.149683
v -1.698861 0.902294 0.170149
v -1.671196 0.899908 0.158433
v -1.663367 0.975555 0.175867
v -1.637859 0.968600 0.163796
v -1.663367 0.975555 0.175867
v -1.655783 0.991288 0.159564
v -1.633502 0.977637 0.154431
v -1.637859 0.968600 0.163796
v -1.655783 0.991288 0.159564
v -1.656039 0.991254 0.050819
v -1.633736 0.977607 0.055607
v -1.633502 0.977637 0.154431
v -1.663712 0.975466 0.033306
v -1.638416 0.967978 0.044926
v -0.343035 1.090013 0.830916
v -0.277308 1.090013 0.830761
v -0.277308 1.130387 0.830760
v -0.343035 1.130387 0.830916
v -0.376314 1.054155 0.747533
v -0.270846 1.054155 0.747284
v -0.277308 1.090013 0.830761
v -0.343035 1.090013 0.830916
v -0.270846 1.054155 0.747284
v -0.270846 1.130387 0.747283
v -0.277308 1.130387 0.830760
v -0.277308 1.090013 0.830761
v -0.270846 1.130387 0.747283
v -0.376314 1.130387 0.747533
v -0.343035 1.130387 0.830916
v -0.277308 1.130387 0.830760
v -0.376314 1.130387 0.747533
v -0.376314 1.054155 0.747533
v -0.343035 1.090013 0.830916
v -0.343035 1.130387 0.830916
v -0.506824 0.679189 0.757123
v -0.365176 0.679189 0.756788
v -0.435940 0.689116 0.782324
v -0.365176 0.679189 0.756788
v -0.365176 0.737104 0.756788
v -0.435940 0.727177 0.782324
v -0.435940 0.689116 0.782324
v -0.365176 0.737104 0.756788
v -0.506824 0.737104 0.757123
v -0.435940 0.727177 0.782324
v -0.506824 0.737104 0.757123
v -0.506824 0.679189 0.757123
v -0.435940 0.689116 0.782324
v -0.435940 0.727177 0.782324
v -0.506829 0.951461 0.755001
v -0.365181 0.951461 0.754666
v -0.435945 0.961388 0.780203
v -0.365181 0.951461 0.754666
v -0.365181 1.009376 0.754666
v -0.435945 0.999449 0.780203
v -0.435945 0.961388 0.780203
v -0.365181 1.009376 0.754666
v -0.506829 1.009376 0.755001
v -0.435945 0.999449 0.780203
v -0.506829 1.009376 0.755001
v -0.506829 0.951461 0.755001
v -0.435945 0.961388 0.780203
v -0.435945 0.999449 0.780203
v -1.584542 0.517493 0.896509
v -1.558325 0.639768 0.896447
v -1.695317 0.639768 0.896771
v -1.695317 0.517493 0.896771
v -1.637206 0.416633 0.303868
v -1.628453 0.465338 0.423749
v -1.804055 0.465338 0.424164
v -1.812808 0.416633 0.304284
v -1.627195 0.517493 0.423746
v -1.631046 0.517493 0.303854
v -1.603727 0.660255 0.303789
v -1.594974 0.660255 0.423669
v -1.615481 0.465338 0.594167
v -1.700297 0.465338 0.830238
v -1.791082 0.465338 0.594583
v -1.813495 0.416633 0.013935
v -1.637893 0.416633 0.013519
v -1.560032 0.660255 0.876085
v -1.614223 0.517493 0.594164
v -1.582001 0.660255 0.594088
v -1.631733 0.517493 0.013505
v -1.637206 0.416633 0.303868
v -1.637893 0.416633 0.013519
v -1.743042 0.517493 0.864213
v -1.743042 0.639768 0.864213
v -1.843237 0.639768 0.594706
v -1.843237 0.517493 0.594706
v -1.588965 0.465338 0.844670
v -1.584542 0.517493 0.896509
v -1.679277 0.465338 0.844579
v -1.843237 0.517493 0.594706
v -1.791082 0.465338 0.594583
v -1.700297 0.465338 0.830238
v -1.743042 0.517493 0.864213
v -1.856209 0.517493 0.424287
v -1.804055 0.465338 0.424164
v -1.812808 0.416633 0.304284
v -1.864963 0.468788 0.304407
v -1.865649 0.468788 0.014058
v -1.813495 0.416633 0.013935
v -1.695317 0.517493 0.896771
v -1.689016 0.660255 0.876270
v -1.695317 0.639768 0.896771
v -1.558325 0.639768 0.896447
v -1.743042 0.639768 0.864213
v -1.726252 0.660255 0.850867
v -1.822750 0.660255 0.594658
v -1.843237 0.639768 0.594706
v -1.628453 0.465338 0.423749
v -1.584542 0.517493 0.896509
v -1.588965 0.465338 0.844670
v -1.604414 0.660255 0.013440
v -1.615481 0.465338 0.594167
v -1.832981 0.660255 0.460252
v -1.853468 0.639768 0.460300
v -1.865649 0.572022 0.014058
v -1.865649 0.468788 0.014058
v -1.864963 0.468788 0.304407
v -1.864963 0.572022 0.304407
v -1.856209 0.517493 0.424287
v -1.855681 0.572022 0.431226
v -1.764203 0.660255 0.013818
v -1.763516 0.660255 0.304167
v -1.603727 0.660255 0.303789
v -1.604414 0.660255 0.013440
v -1.763216 0.660255 0.431007
v -1.594974 0.660255 0.423669
v -1.764203 0.601102 0.013818
v -1.793282 0.572022 0.013887
v -1.792295 0.572022 0.431076
v -1.763216 0.601102 0.431007
v -1.853468 0.601102 0.460300
v -1.792226 0.601102 0.460156
v -1.792295 0.572022 0.431076
v -1.855681 0.572022 0.431226
v -1.763216 0.660255 0.431007
v -1.763216 0.601102 0.431007
v -1.792226 0.660255 0.460156
v -1.689016 0.660255 0.876270
v -1.582001 0.660255 0.594088
v -1.726252 0.660255 0.850867
v -1.853468 0.601102 0.460300
v -1.822750 0.660255 0.594658
v -1.792226 0.660255 0.460156
v -1.864963 0.572022 0.304407
v -1.865649 0.572022 0.014058
v -1.853468 0.639768 0.460300
v -1.763516 0.660255 0.304167
v -1.764203 0.660255 0.013818
v -1.853468 0.639768 0.460300
v -1.855681 0.572022 0.431226
v -1.763216 0.660255 0.431007
v 1.607660 0.462519 0.844570
v 1.646093 0.509135 0.882812
v 1.543580 0.509135 0.883054
v 1.550024 0.462519 0.844706
v 1.704289 0.483882 0.546566
v 1.549319 0.483882 0.546933
v 1.535873 0.483882 0.294124
v 1.717911 0.483882 0.293694
v 1.764527 0.597967 0.293583
v 1.750905 0.597968 0.546456
v 1.764527 0.586149 0.293583
v 1.493206 0.610561 0.294225
v 1.506652 0.610561 0.547034
v 1.738312 0.610561 0.546486
v 1.751934 0.610561 0.293613
v 1.549319 0.483882 0.546933
v 1.542785 0.530498 0.546948
v 1.529339 0.530498 0.294140
v 1.535873 0.483882 0.294124
v 1.700698 0.462519 0.624364
v 1.664720 0.462519 0.798789
v 1.607660 0.462519 0.844570
v 1.549503 0.462519 0.624722
v 1.703077 0.648685 0.837015
v 1.703077 0.509135 0.837015
v 1.747314 0.509135 0.624254
v 1.747314 0.648685 0.624254
v 1.487554 0.661278 0.624868
v 1.693806 0.661279 0.828491
v 1.734721 0.661279 0.624283
v 1.550024 0.462519 0.844706
v 1.543580 0.509135 0.883054
v 1.543502 0.509135 0.849811
v 1.750905 0.530498 0.546456
v 1.506652 0.610561 0.547034
v 1.487554 0.661278 0.624868
v 1.734721 0.661279 0.624283
v 1.738312 0.610561 0.546486
v 1.549503 0.462519 0.624722
v 1.542969 0.509135 0.624737
v 1.717911 0.483882 0.293694
v 1.764554 0.530498 0.304708
v 1.750905 0.530498 0.546456
v 1.704289 0.483882 0.546566
v 1.700698 0.462519 0.624364
v 1.747314 0.509135 0.624254
v 1.703077 0.509135 0.837015
v 1.664720 0.462519 0.798789
v 1.646093 0.648685 0.882812
v 1.492475 0.649446 0.883175
v 1.543580 0.509135 0.883054
v 1.646093 0.509135 0.882812
v 1.506652 0.610561 0.547034
v 1.493206 0.610561 0.294225
v 1.529339 0.530498 0.294140
v 1.542785 0.530498 0.546948
v 1.543580 0.509135 0.883054
v 1.492475 0.649446 0.883175
v 1.488135 0.661278 0.870592
v 1.543502 0.509135 0.849811
v 1.542969 0.509135 0.624737
v 1.487554 0.661278 0.624868
v 1.550024 0.462519 0.844706
v 1.488135 0.661278 0.870592
v 1.641647 0.661279 0.870229
v 1.764554 0.530498 0.304708
v 1.717230 0.483882 0.005582
v 1.725798 0.567715 0.005562
v 1.726438 0.567715 0.275917
v 1.717911 0.483882 0.293694
v 1.726438 0.567715 0.275917
v 1.725798 0.567715 0.005562
v 1.763846 0.586825 0.005472
v 1.764527 0.586149 0.293583
v 1.726438 0.567715 0.275917
v 1.764527 0.586149 0.293583
v 1.764554 0.530498 0.304708
v 1.717911 0.483882 0.293694
v 1.646093 0.648685 0.882812
v 1.641647 0.661279 0.870229
v 1.488135 0.661278 0.870592
v 1.492475 0.649446 0.883175
v 1.764527 0.597967 0.293583
v 1.751934 0.610561 0.293613
v 1.738312 0.610561 0.546486
v 1.750905 0.597968 0.546456
v 1.747314 0.648685 0.624254
v 1.734721 0.661279 0.624283
v 1.693806 0.661279 0.828491
v 1.703077 0.648685 0.837015
v -1.775280 0.940075 0.302860
v -1.770585 0.948405 0.276322
v -1.745594 0.938054 0.276860
v -1.750593 0.929185 0.305117
v -1.787103 0.962441 0.314148
v -1.780929 0.973394 0.279249
v -1.779137 0.983180 0.332369
v -1.770567 0.998384 0.283927
v -1.756048 0.990143 0.346849
v -1.745568 1.008735 0.287615
v -1.731361 0.979253 0.349106
v -1.720577 0.998384 0.288153
v -1.719538 0.956887 0.337818
v -1.710233 0.973394 0.285226
v -1.727504 0.936148 0.319597
v -1.720595 0.948405 0.280548
v -1.750593 0.929185 0.305117
v -1.745594 0.938054 0.276860
v -1.787313 0.918949 0.317161
v -1.763406 0.906689 0.320345
v -1.802928 0.934658 0.332955
v -1.801103 0.944616 0.358475
v -1.782908 0.942988 0.378771
v -1.759001 0.930729 0.381955
v -1.743386 0.915019 0.366161
v -1.745211 0.905062 0.340642
v -1.763406 0.906689 0.320345
v -1.885848 0.746683 0.354299
v -1.861408 0.735320 0.357133
v -1.903631 0.758402 0.371065
v -1.904340 0.763612 0.397608
v -1.887559 0.759261 0.418381
v -1.863120 0.747898 0.421216
v -1.845337 0.736179 0.404450
v -1.844628 0.730969 0.377907
v -1.861408 0.735320 0.357133
v -1.908075 0.692142 0.362679
v -1.881740 0.685430 0.364798
v -1.927813 0.699064 0.380181
v -1.929391 0.702142 0.407052
v -1.911884 0.699572 0.427552
v -1.885549 0.692860 0.429671
v -1.865812 0.685938 0.412169
v -1.864234 0.682860 0.385298
v -1.881740 0.685430 0.364798
v -1.915673 0.633210 0.365543
v -1.888689 0.631524 0.367418
v -1.936079 0.634948 0.383297
v -1.937954 0.635721 0.410281
v -1.920200 0.635076 0.430687
v -1.893216 0.633390 0.432562
v -1.872810 0.631651 0.414808
v -1.870935 0.630878 0.387824
v -1.888689 0.631524 0.367418
v -1.915752 0.501453 0.365570
v -1.888765 0.506825 0.367381
v -1.936116 0.497391 0.383373
v -1.937927 0.497018 0.410360
v -1.920125 0.500552 0.430724
v -1.893137 0.505924 0.432535
v -1.872773 0.509986 0.414732
v -1.870962 0.510360 0.387745
v -1.888765 0.506825 0.367381
v -1.898226 0.459178 0.365528
v -1.877572 0.479827 0.367354
v -1.913800 0.443562 0.383320
v -1.915171 0.442127 0.410306
v -1.901536 0.455714 0.430680
v -1.880882 0.476363 0.432506
v -1.865307 0.491979 0.414715
v -1.863937 0.493414 0.387728
v -1.877572 0.479827 0.367354
v -1.855951 0.441650 0.365428
v -1.850574 0.468633 0.367291
v -1.859972 0.421244 0.383192
v -1.860281 0.419369 0.410177
v -1.856698 0.437124 0.430574
v -1.851321 0.464107 0.432436
v -1.847301 0.484513 0.414672
v -1.846991 0.486388 0.387688
v -1.850574 0.468633 0.367291
v -1.445331 0.441638 0.364457
v -1.445325 0.468621 0.366332
v -1.445289 0.421232 0.382211
v -1.445225 0.419357 0.409195
v -1.445177 0.437111 0.429601
v -1.445172 0.464095 0.431475
v -1.445213 0.484501 0.413721
v -1.445277 0.486375 0.386738
v -1.445325 0.468621 0.366332
v -1.874872 0.780578 0.014080
v -1.899804 0.770250 0.014139
v -1.896573 0.767904 0.387796
v -1.873988 0.777259 0.387742
v -1.910131 0.745318 0.014163
v -1.905929 0.745318 0.387818
v -1.899804 0.720385 0.014139
v -1.896573 0.722732 0.387796
v -1.874872 0.710058 0.014080
v -1.873988 0.713377 0.387742
v -1.849939 0.720385 0.014021
v -1.851402 0.722732 0.387689
v -1.849939 0.720385 0.014021
v -1.839612 0.745318 0.013996
v -1.842047 0.745318 0.387667
v -1.851402 0.722732 0.387689
v -1.849939 0.770250 0.014021
v -1.851402 0.767904 0.387689
v 1.815624 1.378394 0.096277
v 1.815409 1.388694 0.005350
v 1.790459 1.403004 0.005409
v 1.790682 1.392514 0.099631
v 1.815608 1.350154 0.089687
v 1.815409 1.359885 0.005350
v 1.765510 1.388694 0.005468
v 1.765725 1.378394 0.096395
v 1.815822 1.348498 0.179829
v 1.790887 1.361517 0.186260
v 1.815791 1.322459 0.167087
v 1.790827 1.309440 0.160775
v 1.790651 1.336034 0.086451
v 1.765893 1.322459 0.167205
v 1.765709 1.350154 0.089805
v 1.765923 1.348498 0.179947
v 1.765709 1.350154 0.089805
v 1.765893 1.322459 0.167205
v 1.815996 1.301609 0.253539
v 1.791068 1.312914 0.262665
v 1.815953 1.279000 0.235406
v 1.790982 1.267695 0.226398
v 1.766054 1.279000 0.235524
v 1.766097 1.301609 0.253657
v 1.766054 1.279000 0.235524
v 1.816141 1.240124 0.315024
v 1.791218 1.249191 0.326388
v 1.816088 1.221991 0.292415
v 1.791111 1.212924 0.281170
v 1.766189 1.221991 0.292533
v 1.766243 1.240124 0.315142
v 1.766189 1.221991 0.292533
v 1.816252 1.166414 0.361913
v 1.791333 1.172785 0.374991
v 1.816191 1.153672 0.335874
v 1.791210 1.147300 0.322914
v 1.766291 1.153672 0.335992
v 1.766353 1.166414 0.362031
v 1.766291 1.153672 0.335992
v 1.816323 1.082862 0.391809
v 1.791407 1.086157 0.405988
v 1.816256 1.076271 0.363569
v 1.791273 1.072976 0.349508
v 1.766357 1.076271 0.363687
v 1.766424 1.082862 0.391927
v 1.766357 1.076271 0.363687
v 1.816348 0.992760 0.402204
v 1.791432 0.993586 0.416668
v 1.816279 0.991108 0.373395
v 1.791296 0.990283 0.359049
v 1.766380 0.991108 0.373513
v 1.766448 0.992760 0.402322
v 1.766380 0.991108 0.373513
v 1.816183 0.489803 0.402315
v 1.791105 0.500067 0.416499
v 1.816441 0.489685 0.373507
v 1.791622 0.499830 0.358883
v 1.766544 0.510093 0.373067
v 1.766286 0.510212 0.401875
v 1.766544 0.510093 0.373067
v 1.754813 0.427333 0.402413
v 1.744099 0.452219 0.416573
v 1.754889 0.427028 0.373605
v 1.744251 0.451609 0.358957
v 1.733537 0.476494 0.373118
v 1.733461 0.476800 0.401926
v 1.733537 0.476494 0.373118
v 1.518431 0.422457 0.402928
v 1.535715 0.447919 0.417029
v 1.518157 0.422147 0.374121
v 1.535169 0.447299 0.359415
v 1.552453 0.472761 0.373516
v 1.552726 0.473071 0.402323
v 1.552453 0.472761 0.373516
v 1.453205 0.596207 0.403072
v 1.476736 0.605029 0.417160
v 1.452856 0.596100 0.374265
v 1.476037 0.604814 0.359546
v 1.499568 0.613636 0.373634
v 1.499917 0.613743 0.402441
v 1.499568 0.613636 0.373634
v 1.815711 0.697372 0.304062
v 1.815919 0.697372 0.392297
v 1.790970 0.682967 0.392356
v 1.790774 0.682967 0.309844
v 1.815683 0.726181 0.292616
v 1.815919 0.726181 0.392297
v 1.790720 0.740586 0.286952
v 1.790970 0.740586 0.392356
v 1.765785 0.726181 0.292734
v 1.769044 0.726181 0.392407
v 1.765812 0.697372 0.304180
v 1.769044 0.697372 0.392407
v 1.769044 0.697372 0.392407
v 1.765812 0.697372 0.304180
v 1.815411 0.577881 0.177422
v 1.790475 0.563477 0.183205
v 1.815384 0.606691 0.165976
v 1.790421 0.621095 0.160312
v 1.765485 0.606691 0.166094
v 1.765512 0.577881 0.177541
v 1.765512 0.577881 0.177541
v 1.790054 0.563477 0.005410
v 1.815004 0.577881 0.005351
v 1.815004 0.606691 0.005351
v 1.790054 0.621095 0.005410
v 1.765105 0.606691 0.005469
v 1.765105 0.577881 0.005469
v 1.765105 0.577881 0.005469
v 0.409504 1.099606 0.775288
v 0.404136 1.108730 0.733251
v 0.393827 1.090873 0.733275
v 0.404450 1.090873 0.770259
v 0.419611 1.099606 0.785348
v 0.424756 1.108730 0.733202
v 0.424664 1.090873 0.790377
v 0.435065 1.090873 0.733178
v 0.419611 1.082141 0.785348
v 0.424756 1.073017 0.733202
v 0.409504 1.082141 0.775288
v 0.404136 1.073017 0.733251
v 0.404450 1.090873 0.770259
v 0.393827 1.090873 0.733275
v 0.320701 1.100193 0.776692
v 0.323305 1.092201 0.770538
v 0.321160 1.098866 0.786686
v 0.324222 1.089546 0.790527
v 0.326825 1.081553 0.784374
v 0.326366 1.082881 0.774379
v 0.323305 1.092201 0.770538
v 0.303069 1.087254 0.776734
v 0.307783 1.080810 0.770575
v 0.303878 1.086184 0.786727
v 0.309401 1.078670 0.790562
v 0.314115 1.072226 0.784404
v 0.313306 1.073296 0.774410
v 0.307783 1.080810 0.770575
v 0.303878 1.086184 0.786727
v 0.303069 1.087254 0.776734
v 0.307783 1.080810 0.770575
v 0.314115 1.072226 0.784404
v 0.309401 1.078670 0.790562
v 0.313306 1.073296 0.774410
v 0.431097 0.978386 0.746713
v 1.659247 1.081934 0.005719
v 1.655030 1.163312 0.005729
v 1.529303 1.559654 0.006027
v 1.500445 1.617136 0.006095
v 1.459656 1.631746 0.006192
v 1.452754 1.632945 0.006208
v 1.659543 1.074830 0.005719
v 1.655842 1.078235 0.005728
v 1.659247 1.081934 0.005719
v -0.458308 1.207796 0.010729
v -0.470869 1.211649 0.010758
v 1.665881 0.616117 0.005704
v 1.665881 0.701045 0.005704
v 1.662325 0.706030 0.005712
v 1.665881 0.709585 0.005704
v 1.518362 1.552346 0.006053
v 1.529303 1.559654 0.006027
v 1.455701 1.629442 0.006201
v 1.452754 1.632945 0.006208
v 1.491325 0.616117 0.006117
v 1.505186 0.616117 0.526638
v 1.427551 0.471185 0.526821
v 1.413691 0.471185 0.006300
v 1.413691 0.471185 0.006300
v 1.427551 0.471185 0.526821
v -0.556988 1.180137 0.010962
v -0.560651 1.183581 0.010971
v 1.717911 0.483882 0.293694
v 1.535873 0.483882 0.294124
v 1.535192 0.483882 0.006013
v 1.717230 0.483882 0.005582
v 1.763846 0.586825 0.005472
v 1.763846 0.597967 0.005472
v 1.751252 0.610561 0.005502
v 1.492524 0.610561 0.006114
v 1.492524 0.610561 0.006114
v 1.528658 0.530498 0.006028
v 1.528658 0.530498 0.006028
v 1.535192 0.483882 0.006013
v 1.763846 0.597967 0.005472
v 1.751252 0.610561 0.005502
v -1.771206 0.948405 0.013835
v -1.746216 0.938054 0.013775
v -1.781556 0.973394 0.013859
v -1.771206 0.998384 0.013835
v -1.746216 1.008735 0.013775
v -1.721227 0.998384 0.013716
v -1.710876 0.973394 0.013692
v -1.721227 0.948405 0.013716
v -1.746216 0.938054 0.013775
v 1.790459 1.345384 0.005409
v 1.765510 1.359885 0.005468
v 1.765510 1.359885 0.005468
v -1.468380 1.020097 -0.709557
v -1.499441 1.054729 -0.695510
v -1.251608 1.071766 -0.702407
v -1.257070 1.030543 -0.715446
v -1.255162 1.023692 -0.716598
v -1.223062 0.976848 -0.717602
v -1.420046 0.967547 -0.712485
v -1.462374 1.013493 -0.710968
v -1.025097 0.971877 -0.722626
v -0.986591 1.036911 -0.723353
v -0.984300 1.044012 -0.722448
v -0.982635 1.091160 -0.709461
v -0.873850 0.926932 -0.726161
v -0.925030 0.952902 -0.725011
v -0.736513 1.049220 -0.728782
v -0.436413 0.611328 -0.733733
v -0.436413 0.920401 -0.733820
v -0.053830 0.922702 -0.738548
v -0.089364 0.611328 -0.738251
v -0.436415 1.067421 -0.734638
v -0.049718 1.072515 -0.737750
v 0.605253 1.163447 -0.736458
v 1.461469 1.163447 -0.726871
v 1.164427 1.081937 -0.733232
v 0.498760 1.081936 -0.737630
v 1.476019 1.559654 -0.678910
v 1.551973 1.321052 -0.699829
v 1.511516 1.321052 -0.715914
v 1.437146 1.559654 -0.694704
v 1.371823 1.481535 -0.704563
v 1.430757 1.557814 -0.696292
v 1.504416 1.321052 -0.717335
v 1.420886 1.321052 -0.718915
v 1.551669 1.081936 -0.725892
v 1.343359 1.607080 -0.676083
v 1.353984 1.559654 -0.697471
v 0.608026 1.559653 -0.704745
v 0.617732 1.607081 -0.683101
v 0.499210 1.159084 -0.736801
v -0.204983 1.563044 -0.702219
v -0.231405 1.597731 -0.686094
v -0.184954 1.607080 -0.682216
v -1.544455 1.016055 -0.706251
v -1.588346 1.015169 -0.652446
v -1.547127 1.054659 -0.652544
v -1.597133 1.015169 -0.498426
v -1.603601 1.015169 -0.382408
v -1.546836 1.067119 -0.389115
v -1.249134 1.098811 -0.660127
v -1.494628 1.078249 -0.653426
v -0.981941 1.123395 -0.666987
v -1.248508 1.110102 -0.395718
v -0.981308 1.132854 -0.399341
v -0.732149 1.149077 -0.672509
v -0.732250 1.111089 -0.715133
v -0.594874 1.122598 -0.717972
v -0.571119 1.166802 -0.675750
v -0.491057 1.175614 -0.677361
v -0.563709 1.167618 -0.675899
v -0.560291 1.172961 -0.405305
v -0.490417 1.179829 -0.406531
v 1.647717 1.163313 -0.292208
v 1.651915 1.081934 -0.292535
v 1.622656 1.081934 -0.657741
v 1.623397 1.163319 -0.614945
v -0.463233 1.219403 -0.691422
v -0.270338 1.542495 -0.657830
v -0.260138 1.559653 -0.703445
v -0.403527 1.321052 -0.724748
v 1.595988 1.163369 -0.707554
v 1.574088 1.321052 -0.649583
v 1.607054 1.204091 -0.655135
v 0.617309 1.622889 -0.631819
v 0.077230 1.607080 -0.683687
v 0.081905 1.622889 -0.632363
v 0.082743 1.630985 -0.278395
v 0.618144 1.630985 -0.278793
v 1.346907 1.622889 -0.625161
v 1.372000 1.630985 -0.276554
v 1.606477 0.681060 -0.709323
v 1.606477 0.922702 -0.709323
v 1.629120 0.922702 -0.658783
v 1.629227 0.681060 -0.613588
v 1.654016 0.709585 -0.443263
v 1.649282 0.922702 -0.484240
v 1.658516 0.922702 -0.293043
v 1.658516 0.709585 -0.293044
v -0.491192 1.170731 -0.734367
v 1.456962 1.594784 -0.662726
v 1.469092 1.607081 -0.624799
v 1.501873 1.559654 -0.587146
v 1.510209 1.519422 -0.632718
v -0.175724 1.622889 -0.630984
v -0.174888 1.630985 -0.277417
v 0.379040 1.562886 -0.703838
v 0.064450 1.562885 -0.703928
v 1.425320 1.605902 -0.673582
v 1.418362 1.607081 -0.674795
v -0.231643 1.598427 -0.633219
v -0.230804 1.606523 -0.278420
v 1.558540 1.081936 -0.724518
v 1.554569 1.163412 -0.723793
v 1.600075 1.081935 -0.708247
v 1.547655 1.163416 -0.725179
v 1.444436 0.907397 -0.729231
v 1.399230 0.924595 -0.730127
v 1.447002 0.967725 -0.729139
v 1.561498 0.922702 -0.726909
v 1.421511 1.622889 -0.623929
v 1.428438 1.621685 -0.623941
v 1.453342 1.629784 -0.276068
v 1.494101 1.615177 -0.276530
v 1.446422 1.630986 -0.276054
v -1.644352 1.015169 -0.356711
v -1.583333 1.084269 -0.363790
v -0.981248 1.156982 -0.373795
v -1.248448 1.137256 -0.370174
v -1.532791 1.109966 -0.366520
v -1.493997 1.090119 -0.392200
v -0.731450 1.172700 -0.376752
v -0.731510 1.156133 -0.402300
v 1.522828 1.559654 -0.278725
v 1.575241 0.681060 -0.721539
v 1.575241 0.681060 -0.721539
v 1.561498 0.922702 -0.726909
v 0.835108 0.959717 -0.738064
v 0.887257 0.913320 -0.737835
v 0.836439 0.877519 -0.738161
v 0.498734 0.922702 -0.739234
v 1.142887 0.979079 -0.734520
v 1.140263 0.932590 -0.734722
v -1.391687 0.874441 -0.855690
v -1.409930 0.929572 -0.855646
v -1.222610 0.937897 -0.856090
v -1.222059 0.880465 -0.856091
v -1.034719 0.934803 -0.856534
v -1.051337 0.876774 -0.856495
v -0.942637 0.919176 -0.856752
v -0.971872 0.863780 -0.856683
v -0.898470 0.897244 -0.856856
v -0.938037 0.846135 -0.856763
v -0.646544 0.560939 -0.857452
v -0.706428 0.494719 -0.857311
v -1.467867 0.858291 -0.855509
v -1.500700 0.909657 -0.855432
v -1.497323 0.837078 -0.855440
v -1.543510 0.883884 -0.855330
v -1.552333 0.663948 -0.855310
v -1.625916 0.663948 -0.855136
v -0.127133 0.494952 -0.858681
v -0.128632 0.560939 -0.858677
v 0.631506 0.560939 -0.860476
v 0.672609 0.494953 -0.860573
v 0.897325 0.813963 -0.861104
v 0.861539 0.850639 -0.861020
v 0.904008 0.881069 -0.861120
v 0.927031 0.832211 -0.861175
v 1.141602 0.895529 -0.861682
v 1.142699 0.846760 -0.861685
v 1.382368 0.890581 -0.862252
v 1.357529 0.842530 -0.862193
v 1.419930 0.876943 -0.862341
v 1.386398 0.830033 -0.862261
v 1.475160 0.681060 -0.862471
v 1.536310 0.681060 -0.862616
v -1.223062 0.976848 -0.717602
v -1.025097 0.971877 -0.722626
v -1.029887 0.952067 -0.841428
v -1.222790 0.955811 -0.840971
v -1.415308 0.946607 -0.840510
v -1.420046 0.967547 -0.712485
v -0.925030 0.952902 -0.725011
v -0.873850 0.926932 -0.726161
v -0.887322 0.911400 -0.841779
v -0.934280 0.935052 -0.841655
v -0.636486 0.604368 -0.731114
v -0.645648 0.578643 -0.842350
v -1.516748 0.943612 -0.710039
v -1.509783 0.924766 -0.840254
v -1.555182 0.896639 -0.840105
v -1.568212 0.901025 -0.709108
v -1.642573 0.663948 -0.839819
v -1.653929 0.663948 -0.708321
v 0.630018 0.578660 -0.845368
v 0.364682 0.604059 -0.739048
v 0.622034 0.603642 -0.739549
v -0.645648 0.578643 -0.842350
v -0.443509 0.604205 -0.733640
v -0.090175 0.604219 -0.738244
v -0.124441 0.578553 -0.844206
v 0.849058 0.863572 -0.845886
v 0.630018 0.578660 -0.845368
v 0.622034 0.603642 -0.739549
v 0.836439 0.877519 -0.738161
v 0.887257 0.913320 -0.737835
v 1.140263 0.932590 -0.734722
v 1.141138 0.913449 -0.846565
v 0.896218 0.897196 -0.845986
v 1.399230 0.924595 -0.730127
v 1.390534 0.906537 -0.847152
v 1.444436 0.907397 -0.729231
v 1.430616 0.891458 -0.847264
v 1.575241 0.681060 -0.721539
v 1.554176 0.681060 -0.847526
v -0.443522 0.920358 -0.733732
v -0.636486 0.604368 -0.731114
v -0.491192 1.170731 -0.734367
v -0.491159 1.131286 -0.720115
v -0.491057 1.175614 -0.677361
v -0.210726 1.559653 -0.703733
v -0.344932 1.321052 -0.725173
v -0.403527 1.321052 -0.724748
v -0.260138 1.559653 -0.703445
v -0.443588 1.067197 -0.734574
v -0.491192 1.064854 -0.734106
v -0.627201 1.061625 -0.730345
v -0.732281 1.056450 -0.728045
v -0.491192 1.064854 -0.734106
v -0.236848 1.593846 -0.687879
v -0.236676 1.593922 -0.633659
v -0.259978 1.559653 -0.636029
v -0.259136 1.559653 -0.280245
v -0.235836 1.602018 -0.278625
v -0.236848 1.593846 -0.687879
v 1.555507 1.074828 -0.725865
v 1.600360 1.074829 -0.708295
v 1.555507 1.074828 -0.725865
v 1.652209 1.074830 -0.292558
v 1.640065 1.074830 -0.509315
v 1.622944 1.074830 -0.657787
v 1.160792 1.074828 -0.733361
v 0.498759 1.074827 -0.737702
v 0.251305 0.922702 -0.738928
v 0.361625 0.611328 -0.739045
v -0.491192 1.170731 -0.734367
v -0.397877 1.212164 -0.731726
v -0.422969 1.160441 -0.734818
v 0.498615 1.562885 -0.703600
v 0.432155 1.115324 -0.737389
v 0.491652 1.159897 -0.736856
v 0.491650 1.078333 -0.737679
v 0.432154 1.077693 -0.737687
v -0.331126 1.159897 -0.735426
v -0.047416 1.159897 -0.737303
v -0.146791 1.562886 -0.702646
v 0.604702 1.177559 -0.735672
v 1.435995 1.177040 -0.726572
v 1.453193 1.185713 -0.725792
v 0.498819 1.480269 -0.712633
v 0.575651 1.480269 -0.712482
v 0.575615 1.321052 -0.727690
v 0.498783 1.321052 -0.727782
v 0.584076 1.186054 -0.735234
v 0.575600 1.206518 -0.734107
v 0.417899 1.480268 -0.712793
v 0.491710 1.480269 -0.712647
v 0.491674 1.321052 -0.727791
v 0.417863 1.321052 -0.727880
v -0.145325 1.509206 -0.708841
v -0.170300 1.502434 -0.709320
v -0.204327 1.556181 -0.704096
v -0.144092 1.556114 -0.704470
v -0.331315 1.178154 -0.734274
v -0.042697 1.177943 -0.736256
v 0.388906 1.177717 -0.736012
v 0.409363 1.186185 -0.735489
v 0.248326 1.159897 -0.737123
v 0.417848 1.206634 -0.734315
v 0.584136 1.500725 -0.710519
v 0.409422 1.500725 -0.710863
v 0.491001 1.556715 -0.705376
v 1.357685 1.501534 -0.702916
v 1.334424 1.509206 -0.702599
v 0.604595 1.509206 -0.709681
v 1.456472 1.204690 -0.724684
v 0.388968 1.509206 -0.710097
v 0.048971 1.509206 -0.710175
v 0.062495 1.556115 -0.705743
v 0.391950 1.556115 -0.705628
v -0.415725 1.159897 -0.734866
v -0.345912 1.186560 -0.733648
v -0.346078 1.203405 -0.732585
v -0.389289 1.213569 -0.731659
v -0.336908 1.321052 -0.725239
v -0.279983 1.321052 -0.725705
v -0.188438 1.483976 -0.710932
v 0.604702 1.177559 -0.735672
v 0.605398 1.180953 -0.727715
v 1.434945 1.180434 -0.718635
v 1.435995 1.177040 -0.726572
v 1.449499 1.187774 -0.717977
v 1.453193 1.185713 -0.725792
v 1.434945 1.180434 -0.718635
v 1.452275 1.203839 -0.717039
v 1.456472 1.204690 -0.724684
v 1.416967 1.319296 -0.711337
v 1.420886 1.321052 -0.718915
v 1.368089 1.479172 -0.697061
v 1.371823 1.481535 -0.704563
v 1.355082 1.497572 -0.695548
v 1.357685 1.501534 -0.702916
v 1.333689 1.504628 -0.695257
v 1.334424 1.509206 -0.702599
v 0.605300 1.504629 -0.702326
v 0.604595 1.509206 -0.709681
v 0.587104 1.497086 -0.703072
v 0.584136 1.500725 -0.710519
v 0.579552 1.478880 -0.704818
v 0.575651 1.480269 -0.712482
v 0.579516 1.320452 -0.719950
v 0.575615 1.321052 -0.727690
v 0.579501 1.206712 -0.726323
v 0.575600 1.206518 -0.734107
v 0.587040 1.188514 -0.727324
v 0.584076 1.186054 -0.735234
v -0.168181 1.498275 -0.701945
v -0.170300 1.502434 -0.709320
v -0.145325 1.509206 -0.708841
v -0.144771 1.504623 -0.701494
v -0.185187 1.480969 -0.703455
v -0.188438 1.483976 -0.710932
v -0.276473 1.318502 -0.718152
v -0.279983 1.321052 -0.725705
v -0.342048 1.201779 -0.724946
v -0.346078 1.203405 -0.732585
v -0.341915 1.188275 -0.725803
v -0.345912 1.186560 -0.733648
v -0.331315 1.178154 -0.734274
v -0.330220 1.181540 -0.726305
v -0.042671 1.181330 -0.728287
v -0.042697 1.177943 -0.736256
v 0.388133 1.181105 -0.728054
v 0.388906 1.177717 -0.736012
v 0.406325 1.188635 -0.727587
v 0.409363 1.186185 -0.735489
v 0.413872 1.206824 -0.726544
v 0.417848 1.206634 -0.734315
v 0.413887 1.320449 -0.720154
v 0.417863 1.321052 -0.727880
v 0.413923 1.478877 -0.705140
v 0.417899 1.480268 -0.712793
v 0.406380 1.497080 -0.703422
v 0.409422 1.500725 -0.710863
v 0.388191 1.504622 -0.702741
v 0.388968 1.509206 -0.710097
v 0.048992 1.504622 -0.702822
v 0.048971 1.509206 -0.710175
v 0.622034 0.603642 -0.739549
v 0.364682 0.604059 -0.739048
v -0.443509 0.604205 -0.733640
v -0.636486 0.604368 -0.731114
v -0.436413 0.920401 -0.733820
v -0.436413 0.611328 -0.733733
v -0.439922 0.607774 -0.730134
v -0.439926 0.920386 -0.730222
v -0.436413 0.611328 -0.733733
v -0.089364 0.611328 -0.738251
v -0.089744 0.607774 -0.734693
v -0.439922 0.607774 -0.730134
v -0.436415 1.067421 -0.734638
v -0.439937 1.067383 -0.731055
v 0.495200 1.078348 -0.734122
v 0.495200 1.159781 -0.733297
v 0.499210 1.159084 -0.736801
v 0.498760 1.081936 -0.737630
v -0.204983 1.563044 -0.702219
v -0.206504 1.558737 -0.700324
v -0.232784 1.594246 -0.682760
v -0.231405 1.597731 -0.686094
v 0.064450 1.562885 -0.703928
v 0.379040 1.562886 -0.703838
v 0.392168 1.558733 -0.701858
v 0.063523 1.558733 -0.701975
v -0.231643 1.598427 -0.633219
v -0.232529 1.594354 -0.633355
v -0.231690 1.602450 -0.278484
v -0.230804 1.606523 -0.278420
v -0.344932 1.321052 -0.725173
v -0.210726 1.559653 -0.703733
v -0.206504 1.558737 -0.700324
v -0.340898 1.320773 -0.721662
v -0.443522 0.920358 -0.733732
v -0.443588 1.067197 -0.734574
v -0.439937 1.067383 -0.731055
v -0.439926 0.920386 -0.730222
v -0.090175 0.604219 -0.738244
v -0.443509 0.604205 -0.733640
v -0.439922 0.607774 -0.730134
v -0.089744 0.607774 -0.734693
v 0.498734 0.922702 -0.739234
v 0.495180 0.922686 -0.735676
v 0.495200 1.078348 -0.734122
v 0.498759 1.074827 -0.737702
v -0.232784 1.594246 -0.682760
v -0.206504 1.558737 -0.700324
v -0.210726 1.559653 -0.703733
v -0.236848 1.593846 -0.687879
v -0.231690 1.602450 -0.278484
v -0.232529 1.594354 -0.633355
v -0.236676 1.593922 -0.633659
v -0.235836 1.602018 -0.278625
v 0.491625 0.922702 -0.739227
v 0.491650 1.078333 -0.737679
v 0.495200 1.078348 -0.734122
v 0.495180 0.922686 -0.735676
v 0.361625 0.611328 -0.739045
v 0.363322 0.607774 -0.735491
v 0.361625 0.611328 -0.739045
v 0.363322 0.607774 -0.735491
v -0.422969 1.160441 -0.734818
v -0.397877 1.212164 -0.731726
v -0.392821 1.214182 -0.728035
v -0.419350 1.159792 -0.731289
v 0.491652 1.159897 -0.736856
v 0.495200 1.159781 -0.733297
v -0.143978 1.558734 -0.700707
v -0.146791 1.562886 -0.702646
v 0.498819 1.480269 -0.712633
v 0.498783 1.321052 -0.727782
v 0.495223 1.320784 -0.724242
v 0.495258 1.479932 -0.709102
v 0.491674 1.321052 -0.727791
v 0.491710 1.480269 -0.712647
v 0.495258 1.479932 -0.709102
v 0.495223 1.320784 -0.724242
v -0.144092 1.556114 -0.704470
v -0.204327 1.556181 -0.704096
v -0.206504 1.558737 -0.700324
v -0.143978 1.558734 -0.700707
v 0.498615 1.562885 -0.703600
v 0.495275 1.559022 -0.701590
v 0.491001 1.556715 -0.705376
v 0.495275 1.559022 -0.701590
v 0.391950 1.556115 -0.705628
v 0.062495 1.556115 -0.705743
v 0.063523 1.558733 -0.701975
v 0.392168 1.558733 -0.701858
v 0.491001 1.556715 -0.705376
v 0.495275 1.559022 -0.701590
v 0.498615 1.562885 -0.703600
v 0.495275 1.559022 -0.701590
v -0.415725 1.159897 -0.734866
v -0.419350 1.159792 -0.731289
v -0.389289 1.213569 -0.731659
v -0.392821 1.214182 -0.728035
v -0.336908 1.321052 -0.725239
v -0.340898 1.320773 -0.721662
v 0.364682 0.604059 -0.739048
v 0.363322 0.607774 -0.735491
v 0.364682 0.604059 -0.739048
v 0.363322 0.607774 -0.735491
v -0.443509 0.604205 -0.733640
v -0.439922 0.607774 -0.730134
v -0.231405 1.597731 -0.686094
v -0.232784 1.594246 -0.682760
v -0.236848 1.593846 -0.687879
v -0.232784 1.594246 -0.682760
v 0.498760 1.081936 -0.737630
v 1.164427 1.081937 -0.733232
v 1.162564 1.078343 -0.729742
v 0.495200 1.078348 -0.734122
v 1.551669 1.081936 -0.725892
v 1.554669 1.078329 -0.722355
v 1.600075 1.081935 -0.708247
v 1.622656 1.081934 -0.657741
v 1.619374 1.078237 -0.656824
v 1.597765 1.078266 -0.705700
v 1.648518 1.078235 -0.292299
v 1.635962 1.078236 -0.512837
v 1.651915 1.081934 -0.292535
v 1.554669 1.078329 -0.722355
v 1.558540 1.081936 -0.724518
v 1.652209 1.074830 -0.292558
v 1.648518 1.078235 -0.292299
v 1.600360 1.074829 -0.708295
v 1.555507 1.074828 -0.725865
v 1.554669 1.078329 -0.722355
v 1.597765 1.078266 -0.705700
v 1.635962 1.078236 -0.512837
v 1.639239 1.074830 -0.516479
v 1.622944 1.074830 -0.657787
v 1.619374 1.078237 -0.656824
v 1.160792 1.074828 -0.733361
v 0.498759 1.074827 -0.737702
v 0.495200 1.078348 -0.734122
v 1.162564 1.078343 -0.729742
v 1.555507 1.074828 -0.725865
v 1.554669 1.078329 -0.722355
v -1.415308 0.946607 -0.840510
v -1.222790 0.955811 -0.840971
v -1.222610 0.937897 -0.856090
v -1.409930 0.929572 -0.855646
v -1.029887 0.952067 -0.841428
v -1.034719 0.934803 -0.856534
v -0.934280 0.935052 -0.841655
v -0.942637 0.919176 -0.856752
v -0.887322 0.911400 -0.841779
v -0.898470 0.897244 -0.856856
v -0.645648 0.578643 -0.842350
v -0.646544 0.560939 -0.857452
v -1.555182 0.896639 -0.840105
v -1.509783 0.924766 -0.840254
v -1.500700 0.909657 -0.855432
v -1.543510 0.883884 -0.855330
v -0.124441 0.578553 -0.844206
v -0.128632 0.560939 -0.858677
v 0.630018 0.578660 -0.845368
v 0.849058 0.863572 -0.845886
v 0.861539 0.850639 -0.861020
v 0.631506 0.560939 -0.860476
v 0.896218 0.897196 -0.845986
v 0.904008 0.881069 -0.861120
v 1.141138 0.913449 -0.846565
v 1.390534 0.906537 -0.847152
v 1.382368 0.890581 -0.862252
v 1.141602 0.895529 -0.861682
v 1.430616 0.891458 -0.847264
v 1.419930 0.876943 -0.862341
v 1.554176 0.681060 -0.847526
v 1.536310 0.681060 -0.862616
v -1.625916 0.663948 -0.855136
v -1.642573 0.663948 -0.839819
v -1.653929 0.663948 -0.708321
v -1.699432 0.663948 -0.653295
v -1.638260 0.900016 -0.654019
v -1.568212 0.901025 -0.709108
v -1.663633 0.812485 -0.623738
v -1.651042 0.858676 -0.623970
v -1.638260 0.900016 -0.654019
v -1.699432 0.663948 -0.653295
v -1.713827 0.780249 -0.289856
v -1.715611 0.773317 -0.184908
v -1.673708 0.895871 -0.193890
v -0.731510 1.156133 -0.402300
v -0.731450 1.172700 -0.376752
v -0.567567 1.172246 -0.405177
v -1.603601 1.015169 -0.382408
v -1.644352 1.015169 -0.356711
v -1.583333 1.084269 -0.363790
v -1.546836 1.067119 -0.389115
v -1.248448 1.137256 -0.370174
v -0.981248 1.156982 -0.373795
v -0.981308 1.132854 -0.399341
v -1.248508 1.110102 -0.395718
v -1.493997 1.090119 -0.392200
v -1.532791 1.109966 -0.366520
v -1.742633 0.778778 -0.320829
v -1.679107 0.840483 -0.355420
v -1.702615 0.778778 -0.346413
v -1.592483 1.009446 -0.652487
v -1.546015 1.009416 -0.708692
v -1.516748 0.943612 -0.710039
v -1.628250 0.963674 -0.374266
v -1.656042 0.901025 -0.364257
v -1.700590 0.901025 -0.338661
v -1.648415 1.009115 -0.355888
v -1.639212 0.967548 -0.199641
v -1.671472 0.901898 -0.307626
v -1.591656 1.015169 -0.591929
v -1.605914 0.980575 -0.623350
v -1.592483 1.009446 -0.652487
v -1.639749 0.900102 -0.624177
v -0.471761 1.206965 -0.404309
v -0.490417 1.179829 -0.406531
v -0.473279 1.202415 -0.673288
v -0.491057 1.175614 -0.677361
v -0.261225 1.533001 -0.654689
v -0.270338 1.542495 -0.657830
v -0.463233 1.219403 -0.691422
v -0.450504 1.215972 -0.687592
v -0.259136 1.559653 -0.280245
v -0.259978 1.559653 -0.636029
v -0.250865 1.550160 -0.632888
v -0.250031 1.550160 -0.280267
v -0.460550 1.198975 -0.669450
v -0.473279 1.202415 -0.673288
v -0.471761 1.206965 -0.404309
v -0.459112 1.203340 -0.404303
v -0.450504 1.215972 -0.687592
v -0.463233 1.219403 -0.691422
v -0.473279 1.202415 -0.673288
v -0.460550 1.198975 -0.669450
v 1.639239 1.074830 -0.516479
v 1.648455 0.922702 -0.491402
v 1.653222 0.700846 -0.450130
v 1.658516 0.616117 -0.293044
v 1.651907 0.616117 -0.529115
v 1.658516 0.701045 -0.293044
v 1.635962 1.078236 -0.512837
v 1.640065 1.074830 -0.509315
v 1.650139 0.706030 -0.445849
v 1.645338 0.922629 -0.487413
v 1.649282 0.922702 -0.484240
v 1.654016 0.709585 -0.443263
v 1.640065 1.074830 -0.509315
v 1.635962 1.078236 -0.512837
v 1.654970 0.706030 -0.292796
v 1.650139 0.706030 -0.445849
v 1.654016 0.709585 -0.443263
v 1.658516 0.709585 -0.293044
v 1.648455 0.922702 -0.491402
v 1.639239 1.074830 -0.516479
v 1.635962 1.078236 -0.512837
v 1.645338 0.922629 -0.487413
v 1.650139 0.706030 -0.445849
v 1.653222 0.700846 -0.450130
v 1.658516 0.701045 -0.293044
v 1.654970 0.706030 -0.292796
v 1.594382 1.203922 -0.650158
v 1.607054 1.204091 -0.655135
v 1.574088 1.321052 -0.649583
v 1.562451 1.317228 -0.644790
v 1.634600 1.163103 -0.291293
v 1.647717 1.163313 -0.292208
v 1.623397 1.163319 -0.614945
v 1.610726 1.163144 -0.609964
v 1.491334 1.552403 -0.582680
v 1.501873 1.559654 -0.587146
v 1.522828 1.559654 -0.278725
v 1.511905 1.552350 -0.278009
v 1.510209 1.519422 -0.632718
v 1.499666 1.512179 -0.628246
v 1.437146 1.559654 -0.694704
v 1.511516 1.321052 -0.715914
v 1.507424 1.320608 -0.713807
v 1.433089 1.558552 -0.692760
v 1.504416 1.321052 -0.717335
v 1.430757 1.557814 -0.696292
v 1.433089 1.558552 -0.692760
v 1.507424 1.320608 -0.713807
v 1.425320 1.605902 -0.673582
v 1.421235 1.604432 -0.672478
v 1.418362 1.607081 -0.674795
v 1.421235 1.604432 -0.672478
v 1.554569 1.163412 -0.723793
v 1.558540 1.081936 -0.724518
v 1.554669 1.078329 -0.722355
v 1.550519 1.163200 -0.721629
v 1.551669 1.081936 -0.725892
v 1.547655 1.163416 -0.725179
v 1.550519 1.163200 -0.721629
v 1.554669 1.078329 -0.722355
v 1.421511 1.622889 -0.623929
v 1.424445 1.619447 -0.623257
v 1.428438 1.621685 -0.623941
v 1.425320 1.605902 -0.673582
v 1.421235 1.604432 -0.672478
v 1.424445 1.619447 -0.623257
v 1.453342 1.629784 -0.276068
v 1.449381 1.627484 -0.275990
v 1.446422 1.630986 -0.276054
v 1.449381 1.627484 -0.275990
v -0.620595 1.054925 -0.731257
v 1.658516 0.616117 -0.293044
v 1.502723 0.616117 -0.514464
v 1.651907 0.616117 -0.529115
v 1.606477 0.681060 -0.709323
v 1.629227 0.681060 -0.613588
v 1.475983 0.681060 -0.514401
v 1.575241 0.681060 -0.721539
v 1.475983 0.681060 -0.514401
v 1.629227 0.681060 -0.613588
v 1.651907 0.616117 -0.529115
v 1.502723 0.616117 -0.514464
v 1.536310 0.681060 -0.862616
v 1.554176 0.681060 -0.847526
v 1.475160 0.681060 -0.862471
v 1.142699 0.846760 -0.861685
v 0.898148 0.813963 -0.513034
v 0.927031 0.832211 -0.861175
v 0.654933 0.435525 -0.512458
v 0.672609 0.494953 -0.860573
v 0.897325 0.813963 -0.861104
v 1.357529 0.842530 -0.862193
v 1.387221 0.830033 -0.514191
v 1.386398 0.830033 -0.862261
v 1.475160 0.681060 -0.862471
v 1.475983 0.681060 -0.514401
v 0.898148 0.813963 -0.513034
v 1.387221 0.830033 -0.514191
v 1.475983 0.681060 -0.514401
v 0.654933 0.435525 -0.512458
v 1.502723 0.616117 -0.514464
v 1.425088 0.471184 -0.514280
v -1.733529 0.702204 -0.115490
v -1.714535 0.775641 -0.017705
v -1.714101 0.777966 -0.122286
v -1.731916 0.663948 -0.325889
v -1.771934 0.663948 -0.300304
v -1.564695 0.904511 -0.409287
v -1.656042 0.901025 -0.364257
v -1.628250 0.963674 -0.374266
v -1.564711 0.940350 -0.416256
v -1.679107 0.840483 -0.355420
v -1.564712 0.868733 -0.416564
v -1.702615 0.778778 -0.346413
v -1.651042 0.858676 -0.623970
v -1.565121 0.869478 -0.589463
v -1.565138 0.905317 -0.596432
v -1.565072 0.971365 -0.568740
v -1.591344 1.010858 -0.588051
v -1.605914 0.980575 -0.623350
v -1.565120 0.941095 -0.589155
v -1.591344 1.010858 -0.588051
v -1.564917 0.811341 -0.503263
v -1.676556 0.778778 -0.588831
v -1.596511 1.010858 -0.503298
v -1.565000 0.991518 -0.538295
v -1.564915 0.998486 -0.502456
v -1.565002 0.818618 -0.539041
v -1.565073 0.839033 -0.569310
v -1.663633 0.812485 -0.623738
v -1.564831 0.991209 -0.466678
v -1.603913 1.010858 -0.380183
v -1.603913 1.010858 -0.380183
v -1.564759 0.970794 -0.436409
v -1.564832 0.818310 -0.467424
v -1.564760 0.838463 -0.436979
v -1.639749 0.900102 -0.624177
v -1.724680 0.683370 -0.349649
v -1.731916 0.663948 -0.325889
v -1.702615 0.778778 -0.346413
v -1.705650 0.759350 -0.363249
v -1.699445 0.683406 -0.603613
v -1.702171 0.663948 -0.623499
v -1.685429 0.737230 -0.603620
v -1.682157 0.759327 -0.580935
v -1.676556 0.778778 -0.588831
v -1.692659 0.690629 -0.372529
v -1.724680 0.683370 -0.349649
v -1.705650 0.759350 -0.363249
v -1.678394 0.748250 -0.382633
v -1.671423 0.690030 -0.588299
v -1.699445 0.683406 -0.603613
v -1.724680 0.683370 -0.349649
v -1.692659 0.690629 -0.372529
v -1.660694 0.730924 -0.588052
v -1.685429 0.737230 -0.603620
v -1.699445 0.683406 -0.603613
v -1.671423 0.690030 -0.588299
v -1.658194 0.747580 -0.571010
v -1.682157 0.759327 -0.580935
v -1.678394 0.748250 -0.382633
v -1.705650 0.759350 -0.363249
v -0.491159 1.131286 -0.720115
v -0.586850 1.123270 -0.718138
v -0.567567 1.172246 -0.405177
v -0.491192 1.064854 -0.734106
v -0.620595 1.054925 -0.731257
v -1.468380 1.020097 -0.709557
v -1.257070 1.030543 -0.715446
v -1.257396 1.026579 -0.713016
v -1.465382 1.016286 -0.707356
v -1.255162 1.023692 -0.716598
v -1.462374 1.013493 -0.710968
v -1.465382 1.016286 -0.707356
v -1.257396 1.026579 -0.713016
v -0.986591 1.036911 -0.723353
v -0.984307 1.040093 -0.719874
v -0.984300 1.044012 -0.722448
v -0.984307 1.040093 -0.719874
v -1.544455 1.016055 -0.706251
v -1.545072 1.011728 -0.705582
v -1.588303 1.010858 -0.651229
v -1.588346 1.015169 -0.652446
v -1.603601 1.015169 -0.382408
v -1.597133 1.015169 -0.498426
v -1.596511 1.010858 -0.503298
v -1.603913 1.010858 -0.380183
v -0.594874 1.122598 -0.717972
v -0.571119 1.166802 -0.675750
v -0.567056 1.163947 -0.674460
v -0.590642 1.121206 -0.714956
v -0.560291 1.172961 -0.405305
v -0.563709 1.167618 -0.675899
v -0.567056 1.163947 -0.674460
v -0.563568 1.169223 -0.404204
v -1.644352 1.015169 -0.356711
v -1.644265 1.010808 -0.354724
v -0.736513 1.049220 -0.728782
v -0.732181 1.052566 -0.725335
v -0.624882 1.057684 -0.727691
v -0.627201 1.061625 -0.730345
v -0.732181 1.052566 -0.725335
v -0.732281 1.056450 -0.728045
v -1.644352 1.015169 -0.356711
v -1.603601 1.015169 -0.382408
v -1.603913 1.010858 -0.380183
v -1.644265 1.010808 -0.354724
v -1.546015 1.009416 -0.708692
v -1.592483 1.009446 -0.652487
v -1.588303 1.010858 -0.651229
v -1.545072 1.011728 -0.705582
v -1.644265 1.010808 -0.354724
v -1.647979 1.009059 -0.171173
v -1.591344 1.010858 -0.588051
v -1.591656 1.015169 -0.591929
v -0.620595 1.054925 -0.731257
v -0.624882 1.057684 -0.727691
v -1.545072 1.011728 -0.705582
v -1.544455 1.016055 -0.706251
v -1.592483 1.009446 -0.652487
v -1.591344 1.010858 -0.588051
v -1.588303 1.010858 -0.651229
v -1.603913 1.010858 -0.380183
v -1.648415 1.009115 -0.355888
v -0.586850 1.123270 -0.718138
v -0.590642 1.121206 -0.714956
v -0.571119 1.166802 -0.675750
v -0.567567 1.172246 -0.405177
v -0.563568 1.169223 -0.404204
v -0.567056 1.163947 -0.674460
v -0.620595 1.054925 -0.731257
v -0.624882 1.057684 -0.727691
v -0.127133 0.494952 -0.858681
v 0.672609 0.494953 -0.860573
v 0.654933 0.435525 -0.512458
v -0.126310 0.435525 -0.510610
v -0.706428 0.494719 -0.857311
v -0.705605 0.435292 -0.509240
v 0.654933 0.435525 -0.512458
v -0.126310 0.435525 -0.510610
v -0.705605 0.435292 -0.509240
v 0.307355 1.041127 -0.728834
v 0.302287 1.076609 -0.728481
v 0.427607 1.077607 -0.728468
v 0.300427 1.110692 -0.728213
v 0.427608 1.110692 -0.728207
v 0.491625 0.922702 -0.739227
v 0.432152 0.973425 -0.738724
v 0.295626 1.115324 -0.737395
v 0.361859 0.980784 -0.738653
v 0.249383 1.075729 -0.737711
v 0.297758 1.076249 -0.737704
v 0.325062 1.002863 -0.738434
v 0.302984 1.039661 -0.738068
v 0.363334 0.985115 -0.729390
v 0.328375 1.006091 -0.729182
v 0.361859 0.980784 -0.738653
v 0.363334 0.985115 -0.729390
v 0.427605 0.978386 -0.729456
v 0.432152 0.973425 -0.738724
v 0.432152 0.973425 -0.738724
v 0.427605 0.978386 -0.729456
v 0.427607 1.077607 -0.728468
v 0.432154 1.077693 -0.737687
v 0.427608 1.110692 -0.728207
v 0.432155 1.115324 -0.737389
v 0.432155 1.115324 -0.737389
v 0.427608 1.110692 -0.728207
v 0.300427 1.110692 -0.728213
v 0.295626 1.115324 -0.737395
v 0.295626 1.115324 -0.737395
v 0.300427 1.110692 -0.728213
v 0.302287 1.076609 -0.728481
v 0.297758 1.076249 -0.737704
v 0.307355 1.041127 -0.728834
v 0.302984 1.039661 -0.738068
v 0.328375 1.006091 -0.729182
v 0.325062 1.002863 -0.738434
v -1.391687 0.874441 -0.855690
v -1.481771 0.847685 -0.507404
v -1.467867 0.858291 -0.855509
v -1.497323 0.837078 -0.855440
v -1.481771 0.847685 -0.507404
v -1.548460 0.663948 -0.508903
v -1.552333 0.663948 -0.855310
v -1.222059 0.880465 -0.856091
v -0.971872 0.863780 -0.856683
v -0.954132 0.854958 -0.508652
v -1.051337 0.876774 -0.856495
v -0.938037 0.846135 -0.856763
v -0.706428 0.494719 -0.857311
v -0.705605 0.435292 -0.509240
v -1.497323 0.837078 -0.855440
v -1.702171 0.663948 -0.623499
v -1.548460 0.663948 -0.508903
v -1.583904 0.663948 -0.247463
v -1.731916 0.663948 -0.325889
v -1.771934 0.663948 -0.300304
v -1.771562 0.663948 -0.143235
v -1.699432 0.663948 -0.653295
v -1.653929 0.663948 -0.708321
v -1.552333 0.663948 -0.855310
v -1.642573 0.663948 -0.839819
v -1.625916 0.663948 -0.855136
v -0.954132 0.854958 -0.508652
v -0.705605 0.435292 -0.509240
v -1.548460 0.663948 -0.508903
v -1.481771 0.847685 -0.507404
v -1.548460 0.663948 -0.508903
v -1.530684 0.435507 -0.508945
v -1.583904 0.663948 -0.247463
v -1.530684 0.435507 -0.508945
v -1.530684 0.435507 -0.508945
v -1.672453 0.897890 -0.017804
v -1.671881 0.899908 -0.131236
v -1.638564 0.967978 -0.017885
v -1.733790 0.702652 -0.275980
v -1.700590 0.901025 -0.338661
v -1.699501 0.903545 -0.319126
v -1.664514 0.975731 -0.330640
v -1.648415 1.009115 -0.355888
v -1.656903 0.991342 -0.315600
v -1.656645 0.991308 -0.207054
v -1.647979 1.009059 -0.171173
v -1.771562 0.663948 -0.143235
v -1.766770 0.683059 -0.182279
v -1.766969 0.683059 -0.266172
v -1.771934 0.663948 -0.300304
v -1.762721 0.699792 -0.286694
v -1.741735 0.781671 -0.301333
v -1.742633 0.778778 -0.320829
v -1.699803 0.901025 -0.006060
v -1.741888 0.778778 -0.005961
v -1.762012 0.700044 -0.005913
v -1.766394 0.683059 -0.023434
v -1.766594 0.683059 -0.107618
v -1.762304 0.699979 -0.126667
v -1.762417 0.699984 -0.166265
v -1.742714 0.777318 -0.173199
v -1.741761 0.780237 -0.133865
v -1.699601 0.902294 -0.142821
v -1.700745 0.899756 -0.182175
v -1.664135 0.975555 -0.148706
v -1.664198 0.975552 -0.188259
v -1.656474 0.991288 -0.132439
v -1.656215 0.991254 -0.023695
v -1.663806 0.975466 -0.006146
v -1.699501 0.903545 -0.319126
v -1.671472 0.901898 -0.307626
v -1.638675 0.969323 -0.318388
v -1.664514 0.975731 -0.330640
v -1.664514 0.975731 -0.330640
v -1.638675 0.969323 -0.318388
v -1.634593 0.977689 -0.310326
v -1.656903 0.991342 -0.315600
v -1.656903 0.991342 -0.315600
v -1.634593 0.977689 -0.310326
v -1.634366 0.977662 -0.211706
v -1.656645 0.991308 -0.207054
v -1.639212 0.967548 -0.199641
v -1.664198 0.975552 -0.188259
v -1.673708 0.895871 -0.193890
v -1.700745 0.899756 -0.182175
v -1.715611 0.773317 -0.184908
v -1.742714 0.777318 -0.173199
v -1.734039 0.700830 -0.178410
v -1.762417 0.699984 -0.166265
v -1.736505 0.691237 -0.187486
v -1.766770 0.683059 -0.182279
v -1.736687 0.691239 -0.261981
v -1.766969 0.683059 -0.266172
v -1.733790 0.702652 -0.275980
v -1.762721 0.699792 -0.286694
v -1.713827 0.780249 -0.289856
v -1.741735 0.781671 -0.301333
v -1.699803 0.901025 -0.006060
v -1.672453 0.897890 -0.017804
v -1.714535 0.775641 -0.017705
v -1.741888 0.778778 -0.005961
v -1.733458 0.701594 -0.017660
v -1.762012 0.700044 -0.005913
v -1.736130 0.691237 -0.028344
v -1.766394 0.683059 -0.023434
v -1.736309 0.691238 -0.103144
v -1.766594 0.683059 -0.107618
v -1.733529 0.702204 -0.115490
v -1.762304 0.699979 -0.126667
v -1.714101 0.777966 -0.122286
v -1.741761 0.780237 -0.133865
v -1.671881 0.899908 -0.131236
v -1.699601 0.902294 -0.142821
v -1.638570 0.968600 -0.136756
v -1.664135 0.975555 -0.148706
v -1.664135 0.975555 -0.148706
v -1.638570 0.968600 -0.136756
v -1.634169 0.977637 -0.127412
v -1.656474 0.991288 -0.132439
v -1.656474 0.991288 -0.132439
v -1.634169 0.977637 -0.127412
v -1.633935 0.977607 -0.028588
v -1.656215 0.991254 -0.023695
v -1.638564 0.967978 -0.017885
v -1.663806 0.975466 -0.006146
v -0.346917 1.090013 -0.809995
v -0.346917 1.130387 -0.809995
v -0.281190 1.130387 -0.810150
v -0.281190 1.090013 -0.810150
v -0.379801 1.054155 -0.726455
v -0.346917 1.090013 -0.809995
v -0.281190 1.090013 -0.810150
v -0.274333 1.054155 -0.726705
v -0.274333 1.054155 -0.726705
v -0.281190 1.090013 -0.810150
v -0.281190 1.130387 -0.810150
v -0.274333 1.130387 -0.726705
v -0.274333 1.130387 -0.726705
v -0.281190 1.130387 -0.810150
v -0.346917 1.130387 -0.809995
v -0.379801 1.130387 -0.726455
v -0.379801 1.130387 -0.726455
v -0.346917 1.130387 -0.809995
v -0.346917 1.090013 -0.809995
v -0.379801 1.054155 -0.726455
v -0.510355 0.679189 -0.735427
v -0.439591 0.689116 -0.760964
v -0.368707 0.679189 -0.735762
v -0.368707 0.679189 -0.735762
v -0.439591 0.689116 -0.760964
v -0.439591 0.727177 -0.760964
v -0.368707 0.737104 -0.735762
v -0.368707 0.737104 -0.735762
v -0.439591 0.727177 -0.760964
v -0.510355 0.737104 -0.735427
v -0.510355 0.737104 -0.735427
v -0.439591 0.727177 -0.760964
v -0.439591 0.689116 -0.760964
v -0.510355 0.679189 -0.735427
v -0.510350 0.951461 -0.733306
v -0.439586 0.961388 -0.758842
v -0.368702 0.951461 -0.733641
v -0.368702 0.951461 -0.733641
v -0.439586 0.961388 -0.758842
v -0.439586 0.999449 -0.758842
v -0.368702 1.009376 -0.733641
v -0.368702 1.009376 -0.733641
v -0.439586 0.999449 -0.758842
v -0.510350 1.009376 -0.733306
v -0.510350 1.009376 -0.733306
v -0.439586 0.999449 -0.758842
v -0.439586 0.961388 -0.758842
v -0.510350 0.951461 -0.733306
v -1.588720 0.517493 -0.869713
v -1.699495 0.517493 -0.869451
v -1.699495 0.639768 -0.869451
v -1.562503 0.639768 -0.869775
v -1.638580 0.416633 -0.276830
v -1.814182 0.416633 -0.276414
v -1.805996 0.465338 -0.396335
v -1.630394 0.465338 -0.396750
v -1.629136 0.517493 -0.396753
v -1.596915 0.660255 -0.396830
v -1.605101 0.660255 -0.276909
v -1.632420 0.517493 -0.276844
v -1.618228 0.465338 -0.567229
v -1.683208 0.465338 -0.817335
v -1.592898 0.465338 -0.817854
v -1.564114 0.660255 -0.849405
v -1.588720 0.517493 -0.869713
v -1.562503 0.639768 -0.869775
v -1.638580 0.416633 -0.276830
v -1.747066 0.517493 -0.836667
v -1.845984 0.517493 -0.566690
v -1.845984 0.639768 -0.566690
v -1.747066 0.639768 -0.836667
v -1.592898 0.465338 -0.817854
v -1.683208 0.465338 -0.817335
v -1.588720 0.517493 -0.869713
v -1.845984 0.517493 -0.566690
v -1.747066 0.517493 -0.836667
v -1.704161 0.465338 -0.802895
v -1.793830 0.465338 -0.566813
v -1.805996 0.465338 -0.396335
v -1.858150 0.517493 -0.396212
v -1.814182 0.416633 -0.276414
v -1.866336 0.468788 -0.276291
v -1.699495 0.517493 -0.869451
v -1.793830 0.465338 -0.566813
v -1.616970 0.517493 -0.567232
v -1.584749 0.660255 -0.567308
v -1.693097 0.660255 -0.848980
v -1.564114 0.660255 -0.849405
v -1.562503 0.639768 -0.869775
v -1.747066 0.639768 -0.836667
v -1.845984 0.639768 -0.566690
v -1.825498 0.660255 -0.566738
v -1.730212 0.660255 -0.823402
v -1.699495 0.639768 -0.869451
v -1.630394 0.465338 -0.396750
v -1.618228 0.465338 -0.567229
v -1.592898 0.465338 -0.817854
v -1.835093 0.660255 -0.432286
v -1.855579 0.639768 -0.432237
v -1.866336 0.572022 -0.276291
v -1.866336 0.468788 -0.276291
v -1.857655 0.572022 -0.403153
v -1.858150 0.517493 -0.396212
v -1.605101 0.660255 -0.276909
v -1.764889 0.660255 -0.276531
v -1.765190 0.660255 -0.403371
v -1.596915 0.660255 -0.396830
v -1.765190 0.601102 -0.403371
v -1.794269 0.572022 -0.403303
v -1.855579 0.601102 -0.432237
v -1.857655 0.572022 -0.403153
v -1.794269 0.572022 -0.403303
v -1.794338 0.601102 -0.432382
v -1.765190 0.660255 -0.403371
v -1.794338 0.660255 -0.432382
v -1.765190 0.601102 -0.403371
v -1.584749 0.660255 -0.567308
v -1.730212 0.660255 -0.823402
v -1.825498 0.660255 -0.566738
v -1.855579 0.601102 -0.432237
v -1.835093 0.660255 -0.432286
v -1.794338 0.660255 -0.432382
v -1.866336 0.572022 -0.276291
v -1.764889 0.660255 -0.276531
v -1.855579 0.639768 -0.432237
v -1.857655 0.572022 -0.403153
v -1.765190 0.660255 -0.403371
v 1.603692 0.462519 -0.832877
v 1.546055 0.462519 -0.832741
v 1.539431 0.509135 -0.871058
v 1.641944 0.509135 -0.871301
v 1.701730 0.483882 -0.535335
v 1.716548 0.483882 -0.282529
v 1.534510 0.483882 -0.282098
v 1.546760 0.483882 -0.534968
v 1.763164 0.597967 -0.282639
v 1.763164 0.586149 -0.282639
v 1.748346 0.597967 -0.535445
v 1.491843 0.610561 -0.281998
v 1.750571 0.610561 -0.282610
v 1.735753 0.610561 -0.535415
v 1.504093 0.610561 -0.534867
v 1.546760 0.483882 -0.534968
v 1.534510 0.483882 -0.282098
v 1.527976 0.530498 -0.282083
v 1.540226 0.530498 -0.534952
v 1.697770 0.462519 -0.613114
v 1.546576 0.462519 -0.612756
v 1.603692 0.462519 -0.832877
v 1.660968 0.462519 -0.787367
v 1.699144 0.648685 -0.825774
v 1.744386 0.648685 -0.613224
v 1.744386 0.509135 -0.613224
v 1.699144 0.509135 -0.825774
v 1.484627 0.661278 -0.612610
v 1.731793 0.661278 -0.613195
v 1.689913 0.661278 -0.817207
v 1.546055 0.462519 -0.832741
v 1.539509 0.509135 -0.837815
v 1.539431 0.509135 -0.871058
v 1.748346 0.530498 -0.535445
v 1.504093 0.610561 -0.534867
v 1.735753 0.610561 -0.535415
v 1.731793 0.661278 -0.613195
v 1.484627 0.661278 -0.612610
v 1.546576 0.462519 -0.612756
v 1.540042 0.509135 -0.612741
v 1.716548 0.483882 -0.282529
v 1.701730 0.483882 -0.535335
v 1.748346 0.530498 -0.535445
v 1.763138 0.530498 -0.293764
v 1.697770 0.462519 -0.613114
v 1.660968 0.462519 -0.787367
v 1.699144 0.509135 -0.825774
v 1.744386 0.509135 -0.613224
v 1.641944 0.648685 -0.871301
v 1.641944 0.509135 -0.871301
v 1.539431 0.509135 -0.871058
v 1.488325 0.649445 -0.870937
v 1.504093 0.610561 -0.534867
v 1.540226 0.530498 -0.534952
v 1.527976 0.530498 -0.282083
v 1.491843 0.610561 -0.281998
v 1.539431 0.509135 -0.871058
v 1.539509 0.509135 -0.837815
v 1.484045 0.661278 -0.858334
v 1.488325 0.649445 -0.870937
v 1.540042 0.509135 -0.612741
v 1.484627 0.661278 -0.612610
v 1.546055 0.462519 -0.832741
v 1.484045 0.661278 -0.858334
v 1.637557 0.661278 -0.858697
v 1.763138 0.530498 -0.293764
v 1.716548 0.483882 -0.282529
v 1.725158 0.567715 -0.264793
v 1.725158 0.567715 -0.264793
v 1.763164 0.586149 -0.282639
v 1.725158 0.567715 -0.264793
v 1.716548 0.483882 -0.282529
v 1.763138 0.530498 -0.293764
v 1.763164 0.586149 -0.282639
v 1.641944 0.648685 -0.871301
v 1.488325 0.649445 -0.870937
v 1.484045 0.661278 -0.858334
v 1.637557 0.661278 -0.858697
v 1.763164 0.597967 -0.282639
v 1.748346 0.597967 -0.535445
v 1.735753 0.610561 -0.535415
v 1.750571 0.610561 -0.282610
v 1.744386 0.648685 -0.613224
v 1.699144 0.648685 -0.825774
v 1.689913 0.661278 -0.817207
v 1.731793 0.661278 -0.613195
v -1.776647 0.940075 -0.275168
v -1.751971 0.929185 -0.277542
v -1.746838 0.938054 -0.249309
v -1.771827 0.948405 -0.248653
v -1.788523 0.962441 -0.286400
v -1.782184 0.973394 -0.251531
v -1.780644 0.983180 -0.304659
v -1.771845 0.998384 -0.256258
v -1.757624 0.990143 -0.319248
v -1.746864 1.008735 -0.260065
v -1.732948 0.979253 -0.321622
v -1.721876 0.998384 -0.260721
v -1.721071 0.956887 -0.310390
v -1.711518 0.973394 -0.257842
v -1.728951 0.936148 -0.292132
v -1.721858 0.948405 -0.253116
v -1.751971 0.929185 -0.277542
v -1.746838 0.938054 -0.249309
v -1.788748 0.918949 -0.289413
v -1.764857 0.906689 -0.292710
v -1.804437 0.934658 -0.305132
v -1.802733 0.944616 -0.330660
v -1.784634 0.942988 -0.351043
v -1.760743 0.930729 -0.354340
v -1.745054 0.915019 -0.338620
v -1.746758 0.905062 -0.313092
v -1.764857 0.906689 -0.292710
v -1.887457 0.746683 -0.326084
v -1.863031 0.735320 -0.329034
v -1.905319 0.758402 -0.342765
v -1.906154 0.763612 -0.369305
v -1.889472 0.759261 -0.390157
v -1.865046 0.747898 -0.393107
v -1.847184 0.736179 -0.376426
v -1.846350 0.730969 -0.349886
v -1.863031 0.735320 -0.329034
v -1.909724 0.692142 -0.334358
v -1.883399 0.685430 -0.336602
v -1.929544 0.699064 -0.351767
v -1.931249 0.702142 -0.378631
v -1.913840 0.699572 -0.399213
v -1.887515 0.692860 -0.401457
v -1.867695 0.685938 -0.384048
v -1.865990 0.682860 -0.357184
v -1.883399 0.685430 -0.336602
v -1.917335 0.633210 -0.337187
v -1.890361 0.631524 -0.339189
v -1.937825 0.634948 -0.354844
v -1.939828 0.635721 -0.381818
v -1.922170 0.635076 -0.402308
v -1.895196 0.633390 -0.404311
v -1.874706 0.631651 -0.386653
v -1.872704 0.630878 -0.359679
v -1.890361 0.631524 -0.339189
v -1.917415 0.501453 -0.337213
v -1.890436 0.506825 -0.339152
v -1.937863 0.497391 -0.354919
v -1.939801 0.497018 -0.381898
v -1.922095 0.500552 -0.402346
v -1.895116 0.505924 -0.404284
v -1.874669 0.509986 -0.386578
v -1.872730 0.510359 -0.359600
v -1.890436 0.506825 -0.339152
v -1.899888 0.459178 -0.337254
v -1.879243 0.479827 -0.339178
v -1.915546 0.443562 -0.354972
v -1.917045 0.442127 -0.381952
v -1.903506 0.455714 -0.402390
v -1.882861 0.476363 -0.404313
v -1.867203 0.491979 -0.386596
v -1.865705 0.493413 -0.359616
v -1.879243 0.479827 -0.339178
v -1.857614 0.441650 -0.337354
v -1.852246 0.468633 -0.339242
v -1.861718 0.421244 -0.355099
v -1.862156 0.419369 -0.382082
v -1.858669 0.437124 -0.402496
v -1.853301 0.464107 -0.404383
v -1.849196 0.484513 -0.386639
v -1.848759 0.486388 -0.359656
v -1.852246 0.468633 -0.339242
v -1.446993 0.441638 -0.338326
v -1.446997 0.468621 -0.340201
v -1.447036 0.421232 -0.356080
v -1.447100 0.419357 -0.383063
v -1.447148 0.437111 -0.403469
v -1.447151 0.464095 -0.405344
v -1.447109 0.484500 -0.387590
v -1.447045 0.486375 -0.360606
v -1.446997 0.468621 -0.340201
v -1.875756 0.777259 -0.359583
v -1.898341 0.767904 -0.359529
v -1.907696 0.745318 -0.359507
v -1.898341 0.722732 -0.359529
v -1.875756 0.713377 -0.359583
v -1.853170 0.722732 -0.359636
v -1.853170 0.722732 -0.359636
v -1.843814 0.745318 -0.359658
v -1.853170 0.767904 -0.359636
v 1.815194 1.378394 -0.085577
v 1.790236 1.392514 -0.088813
v 1.815209 1.350154 -0.078987
v 1.765295 1.378394 -0.085459
v 1.814996 1.348498 -0.169129
v 1.790031 1.361517 -0.175442
v 1.815026 1.322459 -0.156387
v 1.790092 1.309440 -0.149957
v 1.790267 1.336034 -0.075633
v 1.765127 1.322459 -0.156269
v 1.765310 1.350154 -0.078869
v 1.765097 1.348498 -0.169011
v 1.765127 1.322459 -0.156269
v 1.765310 1.350154 -0.078869
v 1.814822 1.301609 -0.242839
v 1.789850 1.312914 -0.251847
v 1.814865 1.279000 -0.224706
v 1.789936 1.267695 -0.215580
v 1.764966 1.279000 -0.224588
v 1.764923 1.301609 -0.242721
v 1.764966 1.279000 -0.224588
v 1.814676 1.240124 -0.304324
v 1.789700 1.249191 -0.315570
v 1.814730 1.221991 -0.281715
v 1.789807 1.212924 -0.270351
v 1.764831 1.221991 -0.281597
v 1.764777 1.240124 -0.304206
v 1.764831 1.221991 -0.281597
v 1.814565 1.166414 -0.351213
v 1.789585 1.172785 -0.364173
v 1.814627 1.153672 -0.325174
v 1.789708 1.147300 -0.312096
v 1.764728 1.153672 -0.325056
v 1.764666 1.166414 -0.351095
v 1.764728 1.153672 -0.325056
v 1.814494 1.082862 -0.381109
v 1.789511 1.086157 -0.395170
v 1.814561 1.076271 -0.352869
v 1.789645 1.072976 -0.338690
v 1.764662 1.076271 -0.352751
v 1.764595 1.082862 -0.380991
v 1.764662 1.076271 -0.352751
v 1.814470 0.992760 -0.391504
v 1.789486 0.993586 -0.405850
v 1.814538 0.991108 -0.362694
v 1.789623 0.990283 -0.348231
v 1.764639 0.991108 -0.362576
v 1.764571 0.992760 -0.391386
v 1.764639 0.991108 -0.362576
v 1.814305 0.489803 -0.391614
v 1.789160 0.500067 -0.405680
v 1.814699 0.489685 -0.362808
v 1.789949 0.499830 -0.348066
v 1.764805 0.510093 -0.362132
v 1.764410 0.510212 -0.390938
v 1.764805 0.510093 -0.362132
v 1.752935 0.427333 -0.391421
v 1.742154 0.452219 -0.405531
v 1.753147 0.427028 -0.362614
v 1.742579 0.451609 -0.347917
v 1.731798 0.476494 -0.362026
v 1.731586 0.476800 -0.390833
v 1.731798 0.476494 -0.362026
v 1.516553 0.422457 -0.390818
v 1.533770 0.447919 -0.405001
v 1.516416 0.422147 -0.362010
v 1.533497 0.447299 -0.347385
v 1.550714 0.472761 -0.361568
v 1.550851 0.473071 -0.390376
v 1.550714 0.472761 -0.361568
v 1.451327 0.596207 -0.390654
v 1.474791 0.605029 -0.404853
v 1.451115 0.596100 -0.361846
v 1.474365 0.604814 -0.347236
v 1.497829 0.613636 -0.361435
v 1.498042 0.613743 -0.390243
v 1.497829 0.613636 -0.361435
v 1.814297 0.697372 -0.293359
v 1.789334 0.682967 -0.299023
v 1.789139 0.682967 -0.381536
v 1.814089 0.697372 -0.381595
v 1.814324 0.726181 -0.281913
v 1.814089 0.726181 -0.381595
v 1.789388 0.740586 -0.276131
v 1.789139 0.740586 -0.381536
v 1.764426 0.726181 -0.281795
v 1.767213 0.726181 -0.381484
v 1.764398 0.697372 -0.293241
v 1.767213 0.697372 -0.381484
v 1.764398 0.697372 -0.293241
v 1.767213 0.697372 -0.381484
v 1.814597 0.577881 -0.166720
v 1.789634 0.563477 -0.172385
v 1.814624 0.606691 -0.155274
v 1.789688 0.621095 -0.149492
v 1.764725 0.606691 -0.155156
v 1.764698 0.577881 -0.166602
v 1.764698 0.577881 -0.166602
v 0.405877 1.099606 -0.757928
v 0.400847 1.090873 -0.752874
v 0.390399 1.090873 -0.715841
v 0.400708 1.108730 -0.715866
v 0.415936 1.099606 -0.768035
v 0.421327 1.108730 -0.715915
v 0.420966 1.090873 -0.773089
v 0.431637 1.090873 -0.715939
v 0.415936 1.082141 -0.768035
v 0.421328 1.073017 -0.715915
v 0.405877 1.082141 -0.757928
v 0.400708 1.073017 -0.715866
v 0.400847 1.090873 -0.752874
v 0.390399 1.090873 -0.715841
v 0.317068 1.100193 -0.758911
v 0.319701 1.092201 -0.752770
v 0.317480 1.098866 -0.768908
v 0.320523 1.089546 -0.772763
v 0.323156 1.081553 -0.766622
v 0.322745 1.082881 -0.756626
v 0.319701 1.092201 -0.752770
v 0.299436 1.087254 -0.758870
v 0.304179 1.080810 -0.752734
v 0.300198 1.086184 -0.768867
v 0.305703 1.078670 -0.772728
v 0.310446 1.072226 -0.766592
v 0.309685 1.073296 -0.756595
v 0.304179 1.080810 -0.752734
v 0.300198 1.086184 -0.768867
v 0.304179 1.080810 -0.752734
v 0.299436 1.087254 -0.758870
v 0.305703 1.078670 -0.772728
v 0.310446 1.072226 -0.766592
v 0.309685 1.073296 -0.756595
v 0.427605 0.978386 -0.729456
v 1.425088 0.471184 -0.514280
v 1.502723 0.616117 -0.514464
v 1.425088 0.471184 -0.514280
v 1.716548 0.483882 -0.282529
v 1.534510 0.483882 -0.282098
v 1.607879 0.976544 0.539424
v 1.607903 1.014075 0.549481
v 1.661529 1.007737 0.560331
v 1.661510 0.976544 0.551973
v 1.607968 1.041550 0.576955
v 1.661583 1.030572 0.583166
v 1.608057 1.051606 0.614486
v 1.661657 1.038930 0.614360
v 1.608145 1.041550 0.652017
v 1.661731 1.030572 0.645553
v 1.608210 1.014075 0.679492
v 1.661785 1.007737 0.668388
v 1.608234 0.976544 0.689548
v 1.661805 0.976544 0.676746
v 1.608210 0.939013 0.679492
v 1.661785 0.945350 0.668388
v 1.608145 0.911538 0.652017
v 1.661731 0.922515 0.645553
v 1.608057 0.901481 0.614486
v 1.661657 0.914157 0.614360
v 1.608057 0.901481 0.614486
v 1.607968 0.911538 0.576955
v 1.661583 0.922515 0.583166
v 1.661657 0.914157 0.614360
v 1.607903 0.939012 0.549481
v 1.661529 0.945350 0.560331
v 1.668312 1.003950 0.566874
v 1.668294 0.976544 0.559530
v 1.668359 1.024013 0.586937
v 1.668424 1.031357 0.614344
v 1.668489 1.024013 0.641750
v 1.668536 1.003950 0.661813
v 1.668554 0.976544 0.669157
v 1.668536 0.949137 0.661813
v 1.668489 0.929074 0.641750
v 1.668424 0.921730 0.614344
v 1.668359 0.929074 0.586937
v 1.668424 0.921730 0.614344
v 1.668312 0.949137 0.566874
v 1.607879 0.819925 0.539424
v 1.607903 0.857456 0.549481
v 1.661529 0.851118 0.560331
v 1.661510 0.819925 0.551973
v 1.607968 0.884931 0.576955
v 1.661583 0.873954 0.583166
v 1.608057 0.894987 0.614486
v 1.661657 0.882312 0.614360
v 1.608145 0.884931 0.652017
v 1.661731 0.873954 0.645553
v 1.608210 0.857456 0.679492
v 1.661785 0.851118 0.668388
v 1.608234 0.819925 0.689548
v 1.661805 0.819925 0.676746
v 1.608210 0.782394 0.679492
v 1.661785 0.788732 0.668388
v 1.608145 0.754919 0.652017
v 1.661731 0.765896 0.645553
v 1.608057 0.744863 0.614486
v 1.661657 0.757538 0.614360
v 1.608057 0.744863 0.614486
v 1.607968 0.754919 0.576955
v 1.661583 0.765896 0.583166
v 1.661657 0.757538 0.614360
v 1.607903 0.782394 0.549481
v 1.661529 0.788732 0.560331
v 1.668312 0.847332 0.566874
v 1.668294 0.819925 0.559530
v 1.668359 0.867395 0.586937
v 1.668424 0.874738 0.614344
v 1.668489 0.867395 0.641750
v 1.668536 0.847332 0.661813
v 1.668554 0.819925 0.669157
v 1.668536 0.792518 0.661813
v 1.668489 0.772455 0.641750
v 1.668424 0.765112 0.614344
v 1.668359 0.772455 0.586937
v 1.668424 0.765112 0.614344
v 1.668312 0.792518 0.566874
v 1.605355 0.976544 -0.527736
v 1.658925 0.976544 -0.540539
v 1.658906 1.007737 -0.548897
v 1.605331 1.014075 -0.537793
v 1.658852 1.030572 -0.571732
v 1.605266 1.041549 -0.565267
v 1.658778 1.038930 -0.602925
v 1.605177 1.051606 -0.602798
v 1.658704 1.030572 -0.634119
v 1.605088 1.041549 -0.640330
v 1.658650 1.007737 -0.656954
v 1.605023 1.014075 -0.667804
v 1.658630 0.976544 -0.665312
v 1.605000 0.976544 -0.677861
v 1.658650 0.945350 -0.656954
v 1.605023 0.939012 -0.667804
v 1.658704 0.922515 -0.634119
v 1.605088 0.911538 -0.640330
v 1.658778 0.914157 -0.602925
v 1.605177 0.901481 -0.602799
v 1.605177 0.901481 -0.602799
v 1.658778 0.914157 -0.602925
v 1.658852 0.922515 -0.571732
v 1.605266 0.911538 -0.565267
v 1.658906 0.945350 -0.548897
v 1.605331 0.939012 -0.537793
v 1.665674 0.976544 -0.548128
v 1.665657 1.003950 -0.555472
v 1.665609 1.024013 -0.575535
v 1.665544 1.031357 -0.602941
v 1.665480 1.024013 -0.630348
v 1.665432 1.003950 -0.650411
v 1.665415 0.976544 -0.657754
v 1.665432 0.949137 -0.650411
v 1.665480 0.929074 -0.630348
v 1.665544 0.921730 -0.602941
v 1.665544 0.921730 -0.602941
v 1.665609 0.929074 -0.575535
v 1.665657 0.949137 -0.555472
v 1.605355 0.819925 -0.527736
v 1.658925 0.819925 -0.540539
v 1.658906 0.851118 -0.548897
v 1.605331 0.857456 -0.537793
v 1.658852 0.873954 -0.571732
v 1.605266 0.884931 -0.565267
v 1.658778 0.882312 -0.602925
v 1.605177 0.894987 -0.602798
v 1.658704 0.873954 -0.634119
v 1.605088 0.884931 -0.640330
v 1.658650 0.851118 -0.656954
v 1.605024 0.857456 -0.667804
v 1.658630 0.819925 -0.665312
v 1.605000 0.819925 -0.677861
v 1.658650 0.788731 -0.656954
v 1.605024 0.782394 -0.667804
v 1.658704 0.765896 -0.634119
v 1.605088 0.754919 -0.640330
v 1.658778 0.757538 -0.602925
v 1.605177 0.744862 -0.602799
v 1.605177 0.744862 -0.602799
v 1.658778 0.757538 -0.602925
v 1.658852 0.765896 -0.571732
v 1.605266 0.754919 -0.565267
v 1.658906 0.788731 -0.548897
v 1.605331 0.782394 -0.537793
v 1.665674 0.819925 -0.548128
v 1.665657 0.847332 -0.555472
v 1.665609 0.867395 -0.575535
v 1.665544 0.874738 -0.602941
v 1.665480 0.867395 -0.630348
v 1.665432 0.847332 -0.650411
v 1.665415 0.819925 -0.657754
v 1.665432 0.792518 -0.650411
v 1.665480 0.772455 -0.630348
v 1.665544 0.765112 -0.602941
v 1.665544 0.765112 -0.602941
v 1.665609 0.772455 -0.575535
v 1.665657 0.792518 -0.555472
v -0.378404 1.114081 0.239556
v -0.396039 1.180230 0.277117
v -0.232249 1.248846 0.221373
v -0.208471 1.159658 0.170729
v -0.406761 1.221112 0.375369
v -0.246705 1.303968 0.353846
v -0.406474 1.221112 0.496784
v -0.246318 1.303968 0.517549
v -0.395287 1.180230 0.594984
v -0.231235 1.248846 0.649953
v -0.377474 1.114081 0.632461
v -0.207218 1.159658 0.700483
v -0.208471 1.159658 0.170729
v -0.232249 1.248846 0.221373
v -0.207844 1.159658 0.435606
v -0.246705 1.303968 0.353846
v -0.246318 1.303968 0.517549
v -0.231235 1.248846 0.649953
v -0.207218 1.159658 0.700483
v -0.396039 1.180230 0.277117
v -0.378404 1.114081 0.239556
v -0.377939 1.114081 0.436009
v -0.377474 1.114081 0.632461
v -0.395287 1.180230 0.594984
v -0.406474 1.221112 0.496784
v -0.406761 1.221112 0.375369
v -0.169916 1.320625 0.436730
v -0.150575 1.307082 0.436684
v -0.146657 1.298373 0.375999
v -0.165590 1.311009 0.369725
v -0.150575 1.307082 0.436684
v -0.171974 1.297103 0.436735
v -0.168056 1.288394 0.376050
v -0.146657 1.298373 0.375999
v -0.171974 1.297103 0.436735
v -0.169916 1.320625 0.436730
v -0.165590 1.311009 0.369725
v -0.168056 1.288394 0.376050
v -0.134999 1.273096 0.321236
v -0.152719 1.283100 0.309258
v -0.156399 1.263117 0.321286
v -0.134999 1.273096 0.321236
v -0.152719 1.283100 0.309258
v -0.156399 1.263117 0.321286
v -0.116744 1.233727 0.277753
v -0.132563 1.239631 0.261248
v -0.138144 1.223748 0.277804
v -0.116744 1.233727 0.277753
v -0.132563 1.239631 0.261248
v -0.138144 1.223748 0.277804
v -0.093678 1.184119 0.249809
v -0.107094 1.184857 0.230393
v -0.115077 1.174141 0.249860
v -0.093678 1.184119 0.249809
v -0.107094 1.184857 0.230393
v -0.115077 1.174141 0.249860
v -0.068058 1.129129 0.240139
v -0.078806 1.124139 0.219716
v -0.089458 1.119150 0.240189
v -0.068058 1.129129 0.240139
v -0.078806 1.124139 0.219716
v -0.089458 1.119150 0.240189
v -0.077781 1.124139 0.653311
v -0.067130 1.129129 0.632837
v -0.092795 1.184120 0.623288
v -0.106119 1.184857 0.642767
v -0.067130 1.129129 0.632837
v -0.088529 1.119150 0.632888
v -0.114194 1.174141 0.623339
v -0.092795 1.184120 0.623288
v -0.088529 1.119150 0.632888
v -0.077781 1.124139 0.653311
v -0.106119 1.184857 0.642767
v -0.114194 1.174141 0.623339
v -0.115993 1.233727 0.595453
v -0.131733 1.239631 0.612034
v -0.137393 1.223749 0.595504
v -0.115993 1.233727 0.595453
v -0.131733 1.239631 0.612034
v -0.137393 1.223749 0.595504
v -0.134454 1.273096 0.552058
v -0.152116 1.283100 0.564119
v -0.155853 1.263117 0.552109
v -0.134454 1.273096 0.552058
v -0.152116 1.283100 0.564119
v -0.155853 1.263117 0.552109
v -0.146370 1.298373 0.497350
v -0.165273 1.311009 0.503713
v -0.167769 1.288394 0.497400
v -0.146370 1.298373 0.497350
v -0.165273 1.311009 0.503713
v -0.167769 1.288394 0.497400
v 0.454589 1.355790 0.625497
v 0.453589 1.355790 0.202454
v 0.407643 1.096286 0.123009
v 0.409020 1.096286 0.705159
v 0.527337 1.075180 0.122726
v 0.573283 1.334684 0.202171
v 0.574283 1.334684 0.625214
v 0.528714 1.075180 0.704876
v 0.407643 1.096286 0.123009
v 0.453589 1.355790 0.202454
v 0.573283 1.334684 0.202171
v 0.527337 1.075180 0.122726
v 0.461276 1.397951 0.309625
v 0.461770 1.397951 0.518291
v 0.581464 1.376845 0.518008
v 0.580971 1.376845 0.309342
v 0.454589 1.355790 0.625497
v 0.409020 1.096286 0.705159
v 0.528714 1.075180 0.704876
v 0.574283 1.334684 0.625214
v 0.453589 1.355790 0.202454
v 0.461276 1.397951 0.309625
v 0.580971 1.376845 0.309342
v 0.573283 1.334684 0.202171
v 0.461770 1.397951 0.518291
v 0.454589 1.355790 0.625497
v 0.574283 1.334684 0.625214
v 0.581464 1.376845 0.518008
v 0.461770 1.397951 0.518291
v 0.461276 1.397951 0.309625
v 0.580971 1.376845 0.309342
v 0.581464 1.376845 0.518008
v 1.165584 1.058293 0.697575
v 1.211423 1.319901 0.575248
v 1.208733 1.319901 -0.561685
v 1.162316 1.058293 -0.683793
v 1.211423 1.319901 0.575248
v 1.165584 1.058293 0.697575
v 1.286248 1.037017 0.697289
v 1.332087 1.298624 0.574962
v 1.218758 1.362404 0.507728
v 1.211423 1.319901 0.575248
v 1.332087 1.298624 0.574962
v 1.339422 1.341127 0.507443
v 1.218758 1.362404 0.507728
v 1.216388 1.362404 -0.494200
v 1.218758 1.362404 0.507728
v 1.339422 1.341127 0.507443
v 1.337052 1.341127 -0.494486
v 1.216388 1.362404 -0.494200
v 1.332087 1.298624 0.574962
v 1.329398 1.298625 -0.561970
v 1.337052 1.341127 -0.494486
v 1.339422 1.341127 0.507443
v 0.451708 1.355790 -0.592598
v 0.405725 1.096286 -0.687797
v 0.407102 1.096286 -0.105648
v 0.452634 1.355790 -0.201064
v 0.526796 1.075180 -0.105931
v 0.525419 1.075180 -0.688081
v 0.571402 1.334684 -0.592881
v 0.572328 1.334684 -0.201347
v 0.407102 1.096286 -0.105648
v 0.526796 1.075180 -0.105931
v 0.572328 1.334684 -0.201347
v 0.452634 1.355790 -0.201064
v 0.459833 1.397951 -0.300287
v 0.579527 1.376845 -0.300570
v 0.579070 1.376845 -0.493693
v 0.459377 1.397951 -0.493410
v 0.451708 1.355790 -0.592598
v 0.571402 1.334684 -0.592881
v 0.525419 1.075180 -0.688081
v 0.405725 1.096286 -0.687797
v 0.452634 1.355790 -0.201064
v 0.572328 1.334684 -0.201347
v 0.579527 1.376845 -0.300570
v 0.459833 1.397951 -0.300287
v 0.459377 1.397951 -0.493410
v 0.579070 1.376845 -0.493693
v 0.571402 1.334684 -0.592881
v 0.451708 1.355790 -0.592598
v 0.459377 1.397951 -0.493410
v 0.459833 1.397951 -0.300287
v 0.579527 1.376845 -0.300570
v 0.579070 1.376845 -0.493693
v 1.282980 1.037017 -0.684079
v 1.286248 1.037017 0.697289
v 1.208733 1.319901 -0.561685
v 1.329398 1.298625 -0.561970
v 1.282980 1.037017 -0.684079
v 1.162316 1.058293 -0.683793
v 1.216388 1.362404 -0.494200
v 1.337052 1.341127 -0.494486
v 1.329398 1.298625 -0.561970
v 1.208733 1.319901 -0.561685
v -0.214046 1.446582 0.121346
v -0.214082 1.516642 0.106529
v -0.214535 1.516642 -0.085195
v -0.214570 1.446582 -0.100012
v -0.192205 1.446582 0.121294
v -0.192728 1.446582 -0.100064
v -0.192693 1.516642 -0.085247
v -0.192240 1.516642 0.106477
v -0.214046 1.446582 0.121346
v -0.214570 1.446582 -0.100012
v -0.192728 1.446582 -0.100064
v -0.192205 1.446582 0.121294
v -0.214570 1.446582 -0.100012
v -0.214535 1.516642 -0.085195
v -0.192693 1.516642 -0.085247
v -0.192728 1.446582 -0.100064
v -0.214535 1.516642 -0.085195
v -0.214082 1.516642 0.106529
v -0.192240 1.516642 0.106477
v -0.192693 1.516642 -0.085247
v -0.214082 1.516642 0.106529
v -0.214046 1.446582 0.121346
v -0.192205 1.446582 0.121294
v -0.192240 1.516642 0.106477
v -0.225305 1.515887 0.024460
v -0.226090 1.557172 0.024462
v -0.226155 1.557172 -0.003073
v -0.225371 1.515887 -0.003075
v -0.203463 1.502375 0.024409
v -0.203529 1.502375 -0.003126
v -0.215873 1.557172 -0.003097
v -0.215808 1.557172 0.024438
v -0.225305 1.515887 0.024460
v -0.225371 1.515887 -0.003075
v -0.203529 1.502375 -0.003126
v -0.203463 1.502375 0.024409
v -0.225371 1.515887 -0.003075
v -0.226155 1.557172 -0.003073
v -0.215873 1.557172 -0.003097
v -0.203529 1.502375 -0.003126
v -0.226155 1.557172 -0.003073
v -0.226090 1.557172 0.024462
v -0.215808 1.557172 0.024438
v -0.215873 1.557172 -0.003097
v -0.226090 1.557172 0.024462
v -0.225305 1.515887 0.024460
v -0.203463 1.502375 0.024409
v -0.215808 1.557172 0.024438
v -0.206902 1.210913 0.990150
v -0.299087 1.224525 0.987861
v -0.285610 1.207457 0.990043
v -0.216933 1.327323 0.964768
v -0.277568 1.341407 0.811615
v -0.328004 1.340125 0.835439
v -0.269691 1.328457 0.964515
v -0.211442 1.196477 0.978657
v -0.290536 1.194635 0.970651
v -0.271605 1.186331 0.826652
v -0.292162 1.314579 0.972596
v -0.350536 1.326570 0.838877
v -0.370495 1.216671 0.843023
v -0.308747 1.225170 0.980092
v -0.288676 1.181534 0.786926
v -0.356618 1.181534 0.801885
v -0.354815 1.205133 0.806084
v -0.295975 1.207580 0.982641
v -0.364717 1.209756 0.841380
v -0.345278 1.186352 0.844240
v -0.368974 1.212922 0.829590
v -0.210628 1.311404 0.980726
v -0.282571 1.313565 0.980246
v -0.280876 1.195314 0.978286
v -0.345473 1.327430 0.827845
v -0.283099 1.328439 0.797657
v -0.279335 1.329402 0.956895
v -0.332946 1.339177 0.846588
v -0.226008 1.205189 0.976375
v -0.231476 1.318665 0.962970
v -0.226748 1.307130 0.974533
v -0.223267 1.213614 0.983083
v -0.210628 1.311404 0.980726
v -0.206902 1.210913 0.990150
v -0.208546 1.212139 0.985988
v -0.212116 1.309463 0.976960
v -0.211442 1.196477 0.978657
v -0.212228 1.200433 0.976667
v -0.271605 1.186331 0.826652
v -0.279690 1.189075 0.806224
v -0.271605 1.186331 0.826652
v -0.288676 1.181534 0.786926
v -0.279690 1.189075 0.806224
v -0.288676 1.181534 0.786926
v -0.283099 1.328439 0.797657
v -0.281526 1.326615 0.801625
v -0.281682 1.193919 0.801194
v -0.277568 1.341407 0.811615
v -0.277029 1.337161 0.812976
v -0.216933 1.327323 0.964768
v -0.217633 1.323391 0.962998
v -0.212116 1.309463 0.976960
v -0.208546 1.212139 0.985988
v -0.223267 1.213614 0.983083
v -0.226748 1.307130 0.974533
v -0.212228 1.200433 0.976667
v -0.226008 1.205189 0.976375
v -0.279690 1.189075 0.806224
v -0.294610 1.195086 0.809080
v -0.281682 1.193919 0.801194
v -0.281526 1.326615 0.801625
v -0.294863 1.324422 0.808501
v -0.277029 1.337161 0.812976
v -0.291482 1.332056 0.816716
v -0.217633 1.323391 0.962998
v -0.231476 1.318665 0.962970
v -0.294610 1.195086 0.809080
v -0.294863 1.324422 0.808501
v -0.291482 1.332056 0.816716
v -0.281682 1.193919 0.801194
v -0.356618 1.181534 0.801885
v -0.288676 1.181534 0.786926
v -0.279448 1.113489 0.784258
v -0.342246 1.113489 0.796373
v -0.288676 1.181534 0.786926
v -0.271605 1.186331 0.826652
v -0.279553 1.113489 0.809464
v -0.279448 1.113489 0.784258
v -0.271605 1.186331 0.826652
v -0.345278 1.186352 0.844240
v -0.334802 1.113489 0.823835
v -0.279553 1.113489 0.809464
v -0.345278 1.186352 0.844240
v -0.356618 1.181534 0.801885
v -0.342246 1.113489 0.796373
v -0.334802 1.113489 0.823835
v -0.211539 1.210913 -0.969871
v -0.290246 1.207457 -0.969391
v -0.303711 1.224525 -0.967146
v -0.221449 1.327323 -0.944442
v -0.274206 1.328457 -0.943940
v -0.331908 1.340125 -0.814589
v -0.281360 1.341407 -0.791004
v -0.295079 1.194635 -0.949977
v -0.275467 1.186331 -0.806069
v -0.349223 1.186352 -0.823308
v -0.296715 1.314579 -0.951913
v -0.313335 1.225170 -0.959331
v -0.374433 1.216671 -0.821972
v -0.354456 1.326570 -0.817920
v -0.292350 1.181534 -0.766263
v -0.358580 1.205133 -0.785108
v -0.360363 1.181534 -0.780900
v -0.300575 1.207580 -0.961941
v -0.368648 1.209756 -0.820357
v -0.372849 1.212922 -0.808546
v -0.215220 1.311404 -0.960429
v -0.287160 1.313565 -0.959609
v -0.216024 1.196477 -0.958356
v -0.285456 1.195314 -0.957657
v -0.349341 1.327430 -0.806913
v -0.286824 1.328439 -0.777020
v -0.283813 1.329402 -0.936274
v -0.336902 1.339177 -0.825714
v -0.230579 1.205189 -0.956006
v -0.227870 1.213614 -0.962726
v -0.231310 1.307130 -0.954160
v -0.235984 1.318665 -0.942575
v -0.215220 1.311404 -0.960429
v -0.216690 1.309463 -0.956657
v -0.213163 1.212139 -0.965701
v -0.211539 1.210913 -0.969871
v -0.216801 1.200433 -0.956363
v -0.216024 1.196477 -0.958356
v -0.283455 1.189075 -0.785603
v -0.275467 1.186331 -0.806069
v -0.275467 1.186331 -0.806069
v -0.283455 1.189075 -0.785603
v -0.292350 1.181534 -0.766263
v -0.292350 1.181534 -0.766263
v -0.285424 1.193919 -0.780564
v -0.285270 1.326615 -0.780996
v -0.286824 1.328439 -0.777020
v -0.280827 1.337161 -0.792367
v -0.281360 1.341407 -0.791004
v -0.222141 1.323391 -0.942668
v -0.221449 1.327323 -0.944442
v -0.216690 1.309463 -0.956657
v -0.231310 1.307130 -0.954160
v -0.227870 1.213614 -0.962726
v -0.213163 1.212139 -0.965701
v -0.230579 1.205189 -0.956006
v -0.216801 1.200433 -0.956363
v -0.298389 1.195086 -0.788388
v -0.283455 1.189075 -0.785603
v -0.285424 1.193919 -0.780564
v -0.298640 1.324422 -0.787808
v -0.285270 1.326615 -0.780996
v -0.295297 1.332056 -0.796039
v -0.280827 1.337161 -0.792367
v -0.235984 1.318665 -0.942575
v -0.222141 1.323391 -0.942668
v -0.298389 1.195086 -0.788388
v -0.298640 1.324422 -0.787808
v -0.295297 1.332056 -0.796039
v -0.285424 1.193919 -0.780564
v -0.360363 1.181534 -0.780900
v -0.345964 1.113489 -0.775456
v -0.283110 1.113489 -0.763638
v -0.292350 1.181534 -0.766263
v -0.292350 1.181534 -0.766263
v -0.283110 1.113489 -0.763638
v -0.283334 1.113489 -0.788844
v -0.275467 1.186331 -0.806069
v -0.275467 1.186331 -0.806069
v -0.283334 1.113489 -0.788844
v -0.338651 1.113489 -0.802953
v -0.349223 1.186352 -0.823308
v -0.349223 1.186352 -0.823308
v -0.338651 1.113489 -0.802953
v -0.345964 1.113489 -0.775456
v -0.360363 1.181534 -0.780900
v -0.423707 1.268447 0.032613
v -0.422940 1.268833 0.207035
v -0.424011 1.266859 0.206931
v -0.424778 1.266473 0.032509
v -0.432913 1.267650 0.206562
v -0.428446 1.275882 0.206996
v -0.429213 1.275495 0.032573
v -0.433680 1.267264 0.032140
v -0.424011 1.266859 0.206931
v -0.432913 1.267650 0.206562
v -0.433680 1.267264 0.032140
v -0.424778 1.266473 0.032509
v -0.425350 1.263765 0.428511
v -0.424280 1.265738 0.428614
v -0.429786 1.272787 0.428575
v -0.434252 1.264555 0.428141
v -0.424344 1.269569 0.252395
v -0.429850 1.276618 0.252355
v -0.429786 1.272787 0.428575
v -0.424280 1.265738 0.428614
v -0.423707 1.268447 0.032613
v -0.424778 1.266473 0.032509
v -0.433680 1.267264 0.032140
v -0.429213 1.275495 0.032573
v -0.424280 1.265738 0.428614
v -0.425350 1.263765 0.428511
v -0.425415 1.267595 0.252291
v -0.424344 1.269569 0.252395
v -0.434252 1.264555 0.428141
v -0.429786 1.272787 0.428575
v -0.429850 1.276618 0.252355
v -0.434317 1.268386 0.251922
v -0.425350 1.263765 0.428511
v -0.434252 1.264555 0.428141
v -0.434317 1.268386 0.251922
v -0.425415 1.267595 0.252291
v -0.423707 1.268447 0.032613
v -0.429213 1.275495 0.032573
v -0.428446 1.275882 0.206996
v -0.422940 1.268833 0.207035
v -0.442787 1.273022 0.206282
v -0.444191 1.273758 0.251641
v -0.439725 1.281990 0.252075
v -0.438321 1.281254 0.206715
v -0.428446 1.275882 0.206996
v -0.432913 1.267650 0.206562
v -0.442787 1.273022 0.206282
v -0.438321 1.281254 0.206715
v -0.444191 1.273758 0.251641
v -0.442787 1.273022 0.206282
v -0.491279 1.172642 0.593973
v -0.477919 1.197263 0.595269
v -0.487794 1.202636 0.594989
v -0.501153 1.178015 0.593693
v -0.429850 1.276618 0.252355
v -0.428446 1.275882 0.206996
v -0.438321 1.281254 0.206715
v -0.439725 1.281990 0.252075
v -0.434317 1.268386 0.251922
v -0.429850 1.276618 0.252355
v -0.477919 1.197263 0.595269
v -0.491279 1.172642 0.593973
v -0.429850 1.276618 0.252355
v -0.439725 1.281990 0.252075
v -0.487794 1.202636 0.594989
v -0.477919 1.197263 0.595269
v -0.439725 1.281990 0.252075
v -0.444191 1.273758 0.251641
v -0.501153 1.178015 0.593693
v -0.487794 1.202636 0.594989
v -0.444191 1.273758 0.251641
v -0.434317 1.268386 0.251922
v -0.491279 1.172642 0.593973
v -0.501153 1.178015 0.593693
v -0.425225 1.268447 -0.608906
v -0.424458 1.268833 -0.434484
v -0.425528 1.266859 -0.434588
v -0.426296 1.266473 -0.609010
v -0.434431 1.267650 -0.434957
v -0.429964 1.275882 -0.434523
v -0.430731 1.275495 -0.608946
v -0.435198 1.267264 -0.609380
v -0.425528 1.266859 -0.434588
v -0.434431 1.267650 -0.434957
v -0.435198 1.267264 -0.609380
v -0.426296 1.266473 -0.609010
v -0.426868 1.263765 -0.213009
v -0.425797 1.265738 -0.212905
v -0.431303 1.272787 -0.212944
v -0.435770 1.264555 -0.213378
v -0.425862 1.269569 -0.389124
v -0.431368 1.276618 -0.389164
v -0.431303 1.272787 -0.212944
v -0.425797 1.265738 -0.212905
v -0.425225 1.268447 -0.608906
v -0.426296 1.266473 -0.609010
v -0.435198 1.267264 -0.609380
v -0.430731 1.275495 -0.608946
v -0.425797 1.265738 -0.212905
v -0.426868 1.263765 -0.213009
v -0.426932 1.267595 -0.389228
v -0.425862 1.269569 -0.389124
v -0.435770 1.264555 -0.213378
v -0.431303 1.272787 -0.212944
v -0.431368 1.276618 -0.389164
v -0.435834 1.268386 -0.389597
v -0.426868 1.263765 -0.213009
v -0.435770 1.264555 -0.213378
v -0.435834 1.268386 -0.389597
v -0.426932 1.267595 -0.389228
v -0.425225 1.268447 -0.608906
v -0.430731 1.275495 -0.608946
v -0.429964 1.275882 -0.434523
v -0.424458 1.268833 -0.434484
v -0.444305 1.273022 -0.435237
v -0.445709 1.273758 -0.389878
v -0.441242 1.281990 -0.389444
v -0.439838 1.281254 -0.434804
v -0.429964 1.275882 -0.434523
v -0.434431 1.267650 -0.434957
v -0.444305 1.273022 -0.435237
v -0.439838 1.281254 -0.434804
v -0.445709 1.273758 -0.389878
v -0.444305 1.273022 -0.435237
v -0.492796 1.172642 -0.047546
v -0.479437 1.197263 -0.046250
v -0.489312 1.202636 -0.046530
v -0.502670 1.178015 -0.047826
v -0.431368 1.276618 -0.389164
v -0.429964 1.275882 -0.434523
v -0.439838 1.281254 -0.434804
v -0.441242 1.281990 -0.389444
v -0.435834 1.268386 -0.389597
v -0.431368 1.276618 -0.389164
v -0.479437 1.197263 -0.046250
v -0.492796 1.172642 -0.047546
v -0.431368 1.276618 -0.389164
v -0.441242 1.281990 -0.389444
v -0.489312 1.202636 -0.046530
v -0.479437 1.197263 -0.046250
v -0.441242 1.281990 -0.389444
v -0.445709 1.273758 -0.389878
v -0.502670 1.178015 -0.047826
v -0.489312 1.202636 -0.046530
v -0.445709 1.273758 -0.389878
v -0.435834 1.268386 -0.389597
v -0.492796 1.172642 -0.047546
v -0.502670 1.178015 -0.047826
v 1.113838 0.477846 0.414919
v 1.114029 0.496241 0.422742
v 1.784465 0.439100 0.470064
v 1.777044 0.420982 0.461767
v 1.113300 0.506545 0.439855
v 1.788206 0.449233 0.487471
v 1.113300 0.506545 0.439855
v 1.111930 0.504822 0.459723
v 1.786836 0.447511 0.507339
v 1.788206 0.449233 0.487471
v 1.110443 0.491732 0.474757
v 1.780880 0.434591 0.522079
v 1.109405 0.472273 0.479214
v 1.772611 0.415409 0.526062
v 1.109215 0.453879 0.471391
v 1.765190 0.397292 0.517765
v 1.109943 0.443574 0.454278
v 1.761449 0.387158 0.500357
v 1.111314 0.445297 0.434410
v 1.762819 0.388881 0.480489
v 1.112800 0.458387 0.419376
v 1.768776 0.401800 0.465749
v 1.777044 0.420982 0.461767
v 1.784465 0.439100 0.470064
v 1.783276 0.436522 0.473006
v 1.776770 0.420639 0.465732
v 1.788206 0.449233 0.487471
v 1.786555 0.445405 0.488265
v 1.786836 0.447511 0.507339
v 1.785355 0.443895 0.505683
v 1.780880 0.434591 0.522079
v 1.780133 0.432569 0.518605
v 1.772611 0.415409 0.526062
v 1.772884 0.415753 0.522096
v 1.765190 0.397292 0.517765
v 1.766378 0.399870 0.514823
v 1.761449 0.387158 0.500357
v 1.763099 0.390987 0.499563
v 1.762819 0.388881 0.480489
v 1.764300 0.392496 0.482145
v 1.762819 0.388881 0.480489
v 1.768776 0.401800 0.465749
v 1.769522 0.403822 0.469223
v 1.764300 0.392496 0.482145
v 1.776770 0.420639 0.465732
v 1.783276 0.436522 0.473006
v 1.168153 0.472896 0.450776
v 1.786555 0.445405 0.488265
v 1.785355 0.443895 0.505683
v 1.780133 0.432569 0.518605
v 1.772884 0.415753 0.522096
v 1.766378 0.399870 0.514823
v 1.763099 0.390987 0.499563
v 1.764300 0.392496 0.482145
v 1.764300 0.392496 0.482145
v 1.769522 0.403822 0.469223
v -1.268120 0.254900 0.672450
v -1.317754 0.312428 0.564687
v -1.060503 0.312428 0.564079
v -1.109627 0.254900 0.672075
v -1.060248 0.312428 0.671959
v -1.317499 0.312428 0.672567
v -1.268120 0.254900 0.672450
v -1.109627 0.254900 0.672075
v -1.060248 0.449995 0.671959
v -1.317499 0.449995 0.672567
v -1.060248 0.312428 0.671959
v -1.109627 0.254900 0.672075
v -1.060503 0.312428 0.564079
v -1.317754 0.312428 0.564687
v -1.268120 0.254900 0.672450
v -1.317499 0.312428 0.672567
v -1.317754 0.312428 0.564687
v -1.319060 0.312428 0.012765
v -1.061809 0.312428 0.012156
v -1.060503 0.312428 0.564079
v 1.063447 0.273068 0.651742
v 1.019577 0.332709 0.546449
v 1.246831 0.332709 0.545911
v 1.203459 0.273068 0.651411
v 1.247080 0.332709 0.651308
v 1.019826 0.332709 0.651846
v 1.063447 0.273068 0.651742
v 1.203459 0.273068 0.651411
v 1.247080 0.475331 0.651308
v 1.019826 0.475331 0.651846
v 1.247080 0.332709 0.651308
v 1.203459 0.273068 0.651411
v 1.246831 0.332709 0.545911
v 1.019577 0.332709 0.546449
v 1.063447 0.273068 0.651742
v 1.019826 0.332709 0.651846
v 1.019577 0.332709 0.546449
v 1.018301 0.332709 0.007236
v 1.245555 0.332709 0.006698
v 1.246831 0.332709 0.545911
v -1.061809 0.449995 0.012156
v -1.060248 0.449995 0.671959
v -1.061809 0.312428 0.012156
v -1.319060 0.312428 0.012765
v -1.317499 0.449995 0.672567
v -1.319060 0.449995 0.012765
v 1.245555 0.475331 0.006698
v 1.247080 0.475331 0.651308
v 1.245555 0.332709 0.006698
v 1.018301 0.332709 0.007236
v 1.019826 0.475331 0.651846
v 1.018301 0.475331 0.007236
v -1.271241 0.254900 -0.647154
v -1.112749 0.254900 -0.647529
v -1.063114 0.312428 -0.539766
v -1.320366 0.312428 -0.539157
v -1.063369 0.312427 -0.647646
v -1.112749 0.254900 -0.647529
v -1.271241 0.254900 -0.647154
v -1.320621 0.312428 -0.647037
v -1.063370 0.449995 -0.647646
v -1.320621 0.449994 -0.647037
v -1.063369 0.312427 -0.647646
v -1.063114 0.312428 -0.539766
v -1.112749 0.254900 -0.647529
v -1.320366 0.312428 -0.539157
v -1.320621 0.312428 -0.647037
v -1.271241 0.254900 -0.647154
v -1.320366 0.312428 -0.539157
v -1.063114 0.312428 -0.539766
v 1.060398 0.273068 -0.637477
v 1.200409 0.273068 -0.637809
v 1.244280 0.332709 -0.532515
v 1.017025 0.332709 -0.531978
v 1.244030 0.332709 -0.637911
v 1.200409 0.273068 -0.637809
v 1.060398 0.273068 -0.637477
v 1.016776 0.332709 -0.637374
v 1.244030 0.475331 -0.637911
v 1.016776 0.475331 -0.637374
v 1.244030 0.332709 -0.637911
v 1.244280 0.332709 -0.532515
v 1.200409 0.273068 -0.637809
v 1.017025 0.332709 -0.531978
v 1.016776 0.332709 -0.637374
v 1.060398 0.273068 -0.637477
v 1.017025 0.332709 -0.531978
v 1.244280 0.332709 -0.532515
v -1.063370 0.449995 -0.647646
v -1.320621 0.449994 -0.647037
v 1.244030 0.475331 -0.637911
v 1.016776 0.475331 -0.637374
v 1.951006 0.991934 0.372911
v 1.950963 1.105616 0.354906
v 1.713748 1.105616 0.355467
v 1.713791 0.991934 0.373472
v 1.950840 1.208169 0.302652
v 1.713625 1.208169 0.303214
v 1.950647 1.289556 0.221266
v 1.713432 1.289556 0.221827
v 1.950405 1.341810 0.118712
v 1.713190 1.341810 0.119274
v 1.950136 1.359815 0.005031
v 1.712921 1.359815 0.005592
v 1.949867 1.341810 -0.108650
v 1.712652 1.341810 -0.108089
v 1.949624 1.289556 -0.211203
v 1.712409 1.289556 -0.210642
v 1.949432 1.208169 -0.292590
v 1.712217 1.208169 -0.292029
v 1.949308 1.105616 -0.344843
v 1.712093 1.105616 -0.344282
v 1.949265 0.991934 -0.362849
v 1.712051 0.991934 -0.362287
v 1.949308 0.878253 -0.344843
v 1.712093 0.878253 -0.344282
v 1.949432 0.775699 -0.292590
v 1.712217 0.775699 -0.292028
v 1.949625 0.694312 -0.211203
v 1.712409 0.694312 -0.210642
v 1.949867 0.642059 -0.108650
v 1.712652 0.642059 -0.108088
v 1.950136 0.624053 0.005032
v 1.712921 0.624053 0.005593
v 1.950136 0.624053 0.005032
v 1.950405 0.642059 0.118713
v 1.713190 0.642059 0.119274
v 1.712921 0.624053 0.005593
v 1.950648 0.694313 0.221266
v 1.713432 0.694313 0.221827
v 1.950840 0.775700 0.302653
v 1.713625 0.775700 0.303214
v 1.950964 0.878253 0.354906
v 1.713749 0.878253 0.355467
v 2.001256 0.901054 0.310234
v 2.000534 0.901054 0.004912
v 2.000534 0.991934 0.004912
v 2.001290 0.991934 0.324628
v 1.999812 0.901053 -0.300409
v 1.999778 0.991934 -0.314804
v 1.999812 1.082815 -0.300409
v 2.000534 1.082815 0.004912
v 2.001256 1.082815 0.310234
v 1.672623 0.991934 0.332499
v 1.672585 1.092924 0.316504
v 1.671850 0.991934 0.005690
v 1.672476 1.184028 0.270084
v 1.672305 1.256329 0.197783
v 1.672089 1.302749 0.106679
v 1.671850 1.318744 0.005690
v 1.671611 1.302749 -0.095300
v 1.671396 1.256329 -0.186404
v 1.671225 1.184028 -0.258705
v 1.671115 1.092924 -0.305124
v 1.671077 0.991934 -0.321120
v 1.671115 0.890944 -0.305124
v 1.671225 0.799840 -0.258704
v 1.671396 0.727539 -0.186404
v 1.671612 0.681119 -0.095300
v 1.671850 0.665124 0.005690
v 1.672089 0.681120 0.106680
v 1.672305 0.727540 0.197784
v 1.672476 0.799841 0.270084
v 1.672585 0.890945 0.316504
v 1.987380 1.094337 0.320107
v 1.950963 1.105616 0.354906
v 1.951006 0.991934 0.372911
v 1.987419 0.991934 0.336326
v 1.987269 1.186716 0.273038
v 1.950840 1.208169 0.302652
v 1.987095 1.260028 0.199726
v 1.950647 1.289556 0.221266
v 1.986877 1.307097 0.107347
v 1.950405 1.341810 0.118712
v 1.986635 1.323316 0.004945
v 1.950136 1.359815 0.005031
v 1.986392 1.307097 -0.097457
v 1.949867 1.341810 -0.108650
v 1.986174 1.260028 -0.189836
v 1.949624 1.289556 -0.211203
v 1.986001 1.186716 -0.263148
v 1.949432 1.208169 -0.292590
v 1.985889 1.094337 -0.310217
v 1.949308 1.105616 -0.344843
v 1.985851 0.991934 -0.326436
v 1.949265 0.991934 -0.362849
v 1.985889 0.889532 -0.310217
v 1.949308 0.878253 -0.344843
v 1.986001 0.797153 -0.263148
v 1.949432 0.775699 -0.292590
v 1.986174 0.723841 -0.189836
v 1.949625 0.694312 -0.211203
v 1.986392 0.676771 -0.097457
v 1.949867 0.642059 -0.108650
v 1.986635 0.660552 0.004945
v 1.950136 0.624053 0.005032
v 1.986877 0.676772 0.107348
v 1.950405 0.642059 0.118713
v 1.987095 0.723841 0.199726
v 1.950648 0.694313 0.221266
v 1.987269 0.797153 0.273038
v 1.950840 0.775700 0.302653
v 1.987380 0.889532 0.320107
v 1.950964 0.878253 0.354906
v 1.672623 0.991934 0.332499
v 1.713791 0.991934 0.373472
v 1.713748 1.105616 0.355467
v 1.672585 1.092924 0.316504
v 1.713625 1.208169 0.303214
v 1.672476 1.184028 0.270084
v 1.713432 1.289556 0.221827
v 1.672305 1.256329 0.197783
v 1.713190 1.341810 0.119274
v 1.672089 1.302749 0.106679
v 1.712921 1.359815 0.005592
v 1.671850 1.318744 0.005690
v 1.712652 1.341810 -0.108089
v 1.671611 1.302749 -0.095300
v 1.712409 1.289556 -0.210642
v 1.671396 1.256329 -0.186404
v 1.712217 1.208169 -0.292029
v 1.671225 1.184028 -0.258705
v 1.712093 1.105616 -0.344282
v 1.671115 1.092924 -0.305124
v 1.712051 0.991934 -0.362287
v 1.671077 0.991934 -0.321120
v 1.712093 0.878253 -0.344282
v 1.671115 0.890944 -0.305124
v 1.712217 0.775699 -0.292028
v 1.671225 0.799840 -0.258704
v 1.712409 0.694312 -0.210642
v 1.671396 0.727539 -0.186404
v 1.712652 0.642059 -0.108088
v 1.671612 0.681119 -0.095300
v 1.712921 0.624053 0.005593
v 1.671850 0.665124 0.005690
v 1.713190 0.642059 0.119274
v 1.672089 0.681120 0.106680
v 1.713432 0.694313 0.221827
v 1.672305 0.727540 0.197784
v 1.713625 0.775700 0.303214
v 1.672476 0.799841 0.270084
v 1.713749 0.878253 0.355467
v 1.672585 0.890945 0.316504
v 1.985889 1.094337 -0.310217
v 1.986001 1.186716 -0.263148
v 1.986635 1.094337 0.004945
v 1.986174 1.260028 -0.189836
v 1.986392 1.307097 -0.097457
v 1.986635 1.323316 0.004945
v 1.986877 1.307097 0.107347
v 1.987095 1.260028 0.199726
v 1.987269 1.186716 0.273038
v 1.987380 1.094337 0.320107
v 1.987380 0.889532 0.320107
v 1.987269 0.797153 0.273038
v 1.986635 0.889532 0.004945
v 1.987095 0.723841 0.199726
v 1.986877 0.676772 0.107348
v 1.986635 0.660552 0.004945
v 1.986392 0.676771 -0.097457
v 1.986174 0.723841 -0.189836
v 1.986001 0.797153 -0.263148
v 1.985889 0.889532 -0.310217
v 1.987380 1.094337 0.320107
v 1.987419 0.991934 0.336326
v 2.001290 0.991934 0.324628
v 2.001256 1.082815 0.310234
v 1.987380 0.889532 0.320107
v 2.001256 0.901054 0.310234
v 1.987380 0.889532 0.320107
v 1.986635 0.889532 0.004945
v 2.000534 0.901054 0.004912
v 2.001256 0.901054 0.310234
v 1.985889 0.889532 -0.310217
v 1.999812 0.901053 -0.300409
v 1.985889 0.889532 -0.310217
v 1.985851 0.991934 -0.326436
v 1.999778 0.991934 -0.314804
v 1.999812 0.901053 -0.300409
v 1.985889 1.094337 -0.310217
v 1.999812 1.082815 -0.300409
v 1.985889 1.094337 -0.310217
v 1.986635 1.094337 0.004945
v 2.000534 1.082815 0.004912
v 1.999812 1.082815 -0.300409
v 1.987380 1.094337 0.320107
v 2.001256 1.082815 0.310234
v 0.409808 1.188635 0.744946
v 0.499978 1.149720 0.653531
v 0.391619 1.181105 0.745498
v 0.417350 1.206824 0.743866
v 0.417335 1.320449 0.737476
v 0.499934 1.320451 0.646325
v 0.417300 1.478877 0.722463
v 0.499896 1.550187 0.629860
v 0.409749 1.497080 0.720781
v 0.391557 1.504622 0.720186
v 0.590520 1.188514 0.743828
v 0.608879 1.180953 0.744131
v 0.582977 1.206712 0.742862
v 0.582962 1.320452 0.736489
v 0.582926 1.478880 0.721358
v 0.590469 1.497086 0.719576
v 0.608661 1.504629 0.718744
v 1.502668 1.512179 0.640432
v 1.362320 1.552403 0.595219
v 1.494120 1.552403 0.594907
v 1.502668 1.512179 0.640432
v 1.565530 1.317228 0.656679
v 1.442773 1.318262 0.628232
v 1.362320 1.552403 0.595219
v 1.597485 1.203922 0.661896
v 1.485013 1.152192 0.640750
v 1.613640 1.163144 0.621626
v 1.485013 1.152192 0.640750
v 1.597485 1.203922 0.661896
v 1.371418 1.479172 0.709870
v 1.358403 1.497572 0.708418
v 1.442773 1.318262 0.628232
v 1.420362 1.319296 0.723915
v 1.485013 1.152192 0.640750
v 1.455697 1.203839 0.729449
v 1.452925 1.187774 0.730400
v 1.452925 1.187774 0.730400
v 1.485013 1.152192 0.640750
v 1.438375 1.180434 0.731127
v 1.438375 1.180434 0.731127
v 1.337009 1.504628 0.708228
v -0.181812 1.480969 0.723612
v -0.171699 1.539077 0.664937
v -0.164813 1.498275 0.722021
v -0.273026 1.318502 0.738741
v -0.373217 1.167278 0.690019
v -0.338568 1.201779 0.745845
v -0.338432 1.188275 0.746701
v -0.171699 1.539077 0.664937
v -0.258079 1.533001 0.675206
v -0.247823 1.550160 0.653356
v -0.258079 1.533001 0.675206
v -0.171699 1.539077 0.664937
v -0.373217 1.167278 0.690019
v -0.447200 1.215972 0.709004
v -0.447200 1.215972 0.709004
v -0.373217 1.167278 0.690019
v -0.457332 1.198975 0.690910
v -0.326734 1.181540 0.747148
v -0.039180 1.181330 0.747770
v -0.039349 1.158077 0.676376
v -0.141404 1.504623 0.721460
v 0.041736 1.550160 0.652671
v 0.052362 1.504622 0.721871
v -0.248657 1.550160 0.300736
v 0.041736 1.550160 0.652671
v -0.249344 1.550160 0.010234
v 0.040215 1.550160 0.009549
v 1.513249 1.552350 0.290142
v 1.386561 1.552346 0.006365
v 1.518362 1.552346 0.006053
v 0.040215 1.550160 0.009549
v 1.481672 1.143967 0.006140
v 0.228763 1.152393 0.009103
v -0.358091 1.165509 0.010492
v -0.457149 1.203340 0.425760
v -0.458308 1.207796 0.010729
v -0.457332 1.198975 0.690910
v 1.636006 1.163103 0.302845
v 1.613640 1.163144 0.621626
v 1.641876 1.163095 0.005761
v 0.406325 1.188635 -0.727587
v 0.388133 1.181105 -0.728054
v 0.496926 1.149720 -0.636600
v 0.413872 1.206824 -0.726544
v 0.496916 1.320451 -0.629394
v 0.413887 1.320449 -0.720154
v 0.496956 1.550187 -0.612929
v 0.413923 1.478877 -0.705140
v 0.406380 1.497080 -0.703422
v 0.388191 1.504622 -0.702741
v 0.605398 1.180953 -0.727715
v 0.587040 1.188514 -0.727324
v 0.579501 1.206712 -0.726323
v 0.579516 1.320452 -0.719950
v 0.579552 1.478880 -0.704818
v 0.587104 1.497086 -0.703072
v 0.605300 1.504629 -0.702326
v 1.499666 1.512179 -0.628246
v 1.491334 1.552403 -0.582680
v 1.359535 1.552403 -0.582369
v 1.499666 1.512179 -0.628246
v 1.359535 1.552403 -0.582369
v 1.439830 1.318262 -0.615763
v 1.562451 1.317228 -0.644790
v 1.482010 1.152192 -0.628480
v 1.594382 1.203922 -0.650158
v 1.610726 1.163144 -0.609964
v 1.594382 1.203922 -0.650158
v 1.482010 1.152192 -0.628480
v 1.355082 1.497572 -0.695548
v 1.368089 1.479172 -0.697061
v 1.416967 1.319296 -0.711337
v 1.439830 1.318262 -0.615763
v 1.452275 1.203839 -0.717039
v 1.482010 1.152192 -0.628480
v 1.449499 1.187774 -0.717977
v 1.449499 1.187774 -0.717977
v 1.434945 1.180434 -0.718635
v 1.482010 1.152192 -0.628480
v 1.434945 1.180434 -0.718635
v 1.333689 1.504628 -0.695257
v -0.185187 1.480969 -0.703455
v -0.168181 1.498275 -0.701945
v -0.174798 1.539077 -0.644828
v -0.276473 1.318502 -0.718152
v -0.376432 1.167278 -0.668957
v -0.342048 1.201779 -0.724946
v -0.341915 1.188275 -0.725803
v -0.174798 1.539077 -0.644828
v -0.250865 1.550160 -0.632888
v -0.261225 1.533001 -0.654689
v -0.261225 1.533001 -0.654689
v -0.450504 1.215972 -0.687592
v -0.376432 1.167278 -0.668957
v -0.174798 1.539077 -0.644828
v -0.450504 1.215972 -0.687592
v -0.460550 1.198975 -0.669450
v -0.376432 1.167278 -0.668957
v -0.330220 1.181540 -0.726305
v -0.042671 1.181330 -0.728287
v -0.042503 1.158077 -0.656894
v -0.144771 1.504623 -0.701494
v 0.048992 1.504622 -0.702822
v 0.038693 1.550160 -0.633573
v -0.250031 1.550160 -0.280267
v 0.038693 1.550160 -0.633573
v 1.511905 1.552350 -0.278009
v -0.459112 1.203340 -0.404303
v -0.460550 1.198975 -0.669450
v 1.634600 1.163103 -0.291293
v 1.610726 1.163144 -0.609964
v -1.714672 0.773317 0.212312
v -1.633300 0.977662 0.238725
v -1.638204 0.967548 0.226683
v -1.735756 0.691238 0.130647
v -1.732917 0.702204 0.142980
v -1.671196 0.899908 0.158433
v -1.637859 0.968600 0.163796
v -1.733129 0.700830 0.205901
v -1.588965 0.465338 0.844670
v -1.679277 0.465338 0.844579
v -1.558325 0.639768 0.896447
v -1.560032 0.660255 0.876085
v -1.560032 0.660255 0.876085
v -1.832981 0.660255 0.460252
v -1.832981 0.660255 0.460252
v -1.634366 0.977662 -0.211706
v -1.634593 0.977689 -0.310326
v -1.638675 0.969323 -0.318388
v -1.736309 0.691238 -0.103144
v -1.736130 0.691237 -0.028344
v -1.733458 0.701594 -0.017660
v -1.633935 0.977607 -0.028588
v -1.634169 0.977637 -0.127412
v -1.638570 0.968600 -0.136756
v -1.736687 0.691239 -0.261981
v -1.736505 0.691237 -0.187486
v -1.734039 0.700830 -0.178410
v -1.704161 0.465338 -0.802895
v -1.564114 0.660255 -0.849405
v -1.693097 0.660255 -0.848980
v -1.835093 0.660255 -0.432286
v -1.855579 0.639768 -0.432237
v -0.965684 0.420934 0.888801
v -0.976614 0.489945 0.888827
v -0.988250 0.486158 0.896368
v -0.977919 0.420934 0.896343
v -1.008335 0.552200 0.888902
v -1.018230 0.544998 0.896439
v -1.057741 0.601606 0.889019
v -1.064925 0.591694 0.896549
v -1.119997 0.633327 0.889166
v -1.123765 0.621674 0.896688
v -1.189007 0.644258 0.889329
v -1.188989 0.632005 0.896843
v -1.258018 0.633327 0.889492
v -1.254214 0.621674 0.896997
v -1.320273 0.601606 0.889640
v -1.313053 0.591694 0.897136
v -1.369679 0.552200 0.889757
v -1.359749 0.544998 0.897247
v -1.401400 0.489944 0.889832
v -1.389729 0.486158 0.897318
v -1.412330 0.420934 0.889857
v -1.400060 0.420934 0.897342
v -1.401400 0.351923 0.889832
v -1.389729 0.355709 0.897318
v -1.369679 0.289667 0.889757
v -1.359749 0.296869 0.897247
v -1.320273 0.240261 0.889640
v -1.313053 0.250174 0.897136
v -1.258018 0.208540 0.889492
v -1.254214 0.220193 0.896997
v -1.189007 0.197610 0.889329
v -1.188989 0.209863 0.896843
v -1.189007 0.197610 0.889329
v -1.119996 0.208540 0.889166
v -1.123765 0.220193 0.896688
v -1.188989 0.209863 0.896843
v -1.057741 0.240261 0.889019
v -1.064925 0.250174 0.896549
v -1.008335 0.289668 0.888902
v -1.018230 0.296870 0.896439
v -0.976614 0.351923 0.888827
v -0.988249 0.355709 0.896368
v -0.977919 0.420934 0.896343
v -0.988250 0.486158 0.896368
v -1.013896 0.477892 0.809216
v -1.004875 0.420934 0.809195
v -1.018230 0.544998 0.896439
v -1.040077 0.529275 0.809278
v -1.064925 0.591694 0.896549
v -1.080855 0.570053 0.809375
v -1.123765 0.621674 0.896688
v -1.132238 0.596234 0.809496
v -1.188989 0.632005 0.896843
v -1.189196 0.605255 0.809631
v -1.254214 0.621674 0.896997
v -1.246154 0.596234 0.809766
v -1.313053 0.591694 0.897136
v -1.297537 0.570053 0.809887
v -1.359749 0.544998 0.897247
v -1.338315 0.529275 0.809984
v -1.389729 0.486158 0.897318
v -1.364495 0.477892 0.810046
v -1.400060 0.420934 0.897342
v -1.373517 0.420934 0.810067
v -1.389729 0.355709 0.897318
v -1.364495 0.363975 0.810046
v -1.359749 0.296869 0.897247
v -1.338314 0.312592 0.809984
v -1.313053 0.250174 0.897136
v -1.297537 0.271814 0.809887
v -1.254214 0.220193 0.896997
v -1.246154 0.245634 0.809766
v -1.188989 0.209863 0.896843
v -1.189196 0.236612 0.809631
v -1.188989 0.209863 0.896843
v -1.123765 0.220193 0.896688
v -1.132237 0.245634 0.809496
v -1.189196 0.236612 0.809631
v -1.064925 0.250174 0.896549
v -1.080855 0.271815 0.809375
v -1.018230 0.296870 0.896439
v -1.040077 0.312593 0.809278
v -0.988249 0.355709 0.896368
v -1.013896 0.363976 0.809216
v -1.413004 0.420934 0.604853
v -1.402074 0.489945 0.604827
v -1.390439 0.486158 0.597286
v -1.400769 0.420934 0.597310
v -1.370353 0.552200 0.604752
v -1.360459 0.544998 0.597215
v -1.320947 0.601606 0.604635
v -1.313763 0.591694 0.597105
v -1.258692 0.633327 0.604488
v -1.254923 0.621674 0.596965
v -1.189681 0.644258 0.604325
v -1.189699 0.632005 0.596811
v -1.120671 0.633327 0.604161
v -1.124475 0.621674 0.596657
v -1.058415 0.601606 0.604014
v -1.065635 0.591694 0.596517
v -1.009009 0.552200 0.603897
v -1.018939 0.544998 0.596407
v -0.977288 0.489944 0.603822
v -0.988959 0.486158 0.596336
v -0.966358 0.420934 0.603796
v -0.978629 0.420934 0.596312
v -0.977288 0.351923 0.603822
v -0.988959 0.355709 0.596336
v -1.009009 0.289667 0.603897
v -1.018940 0.296869 0.596407
v -1.058416 0.240261 0.604014
v -1.065635 0.250174 0.596517
v -1.120671 0.208540 0.604161
v -1.124475 0.220193 0.596657
v -1.189682 0.197610 0.604325
v -1.189699 0.209863 0.596811
v -1.189682 0.197610 0.604325
v -1.258692 0.208540 0.604488
v -1.254924 0.220193 0.596965
v -1.189699 0.209863 0.596811
v -1.320948 0.240261 0.604635
v -1.313763 0.250174 0.597105
v -1.370354 0.289668 0.604752
v -1.360459 0.296869 0.597215
v -1.402074 0.351923 0.604827
v -1.390439 0.355709 0.597286
v -1.400769 0.420934 0.597310
v -1.390439 0.486158 0.597286
v -1.364495 0.477892 0.810046
v -1.373517 0.420934 0.810067
v -1.360459 0.544998 0.597215
v -1.338315 0.529275 0.809984
v -1.313763 0.591694 0.597105
v -1.297537 0.570053 0.809887
v -1.254923 0.621674 0.596965
v -1.246154 0.596234 0.809766
v -1.189699 0.632005 0.596811
v -1.189196 0.605255 0.809631
v -1.124475 0.621674 0.596657
v -1.132238 0.596234 0.809496
v -1.065635 0.591694 0.596517
v -1.080855 0.570053 0.809375
v -1.018939 0.544998 0.596407
v -1.040077 0.529275 0.809278
v -0.988959 0.486158 0.596336
v -1.013896 0.477892 0.809216
v -0.978629 0.420934 0.596312
v -1.004875 0.420934 0.809195
v -0.988959 0.355709 0.596336
v -1.013896 0.363976 0.809216
v -1.018940 0.296869 0.596407
v -1.040077 0.312593 0.809278
v -1.065635 0.250174 0.596517
v -1.080855 0.271815 0.809375
v -1.124475 0.220193 0.596657
v -1.132237 0.245634 0.809496
v -1.189699 0.209863 0.596811
v -1.189196 0.236612 0.809631
v -1.189699 0.209863 0.596811
v -1.254924 0.220193 0.596965
v -1.246154 0.245634 0.809766
v -1.189196 0.236612 0.809631
v -1.313763 0.250174 0.597105
v -1.297537 0.271814 0.809887
v -1.360459 0.296869 0.597215
v -1.338314 0.312592 0.809984
v -1.390439 0.355709 0.597286
v -1.364495 0.363975 0.810046
v -0.864687 0.526312 0.888562
v -0.901090 0.514477 0.897503
v -0.886274 0.420934 0.897468
v -0.847997 0.420934 0.888522
v -0.913124 0.621375 0.888677
v -0.944087 0.598864 0.897605
v -0.988566 0.696818 0.888855
v -1.011056 0.665834 0.897764
v -1.083629 0.745255 0.889080
v -1.095443 0.708831 0.897963
v -1.189007 0.761945 0.889329
v -1.188986 0.723647 0.898184
v -1.294385 0.745255 0.889578
v -1.282530 0.708831 0.898406
v -1.389448 0.696818 0.889803
v -1.366916 0.665834 0.898605
v -1.464891 0.621375 0.889982
v -1.433886 0.598864 0.898764
v -1.513328 0.526312 0.890096
v -1.476883 0.514477 0.898866
v -1.530018 0.420934 0.890136
v -1.491699 0.420934 0.898901
v -1.513327 0.315555 0.890096
v -1.476883 0.327390 0.898866
v -1.464890 0.220492 0.889982
v -1.433886 0.243003 0.898764
v -1.389448 0.145049 0.889803
v -1.366916 0.176033 0.898605
v -1.294385 0.096612 0.889578
v -1.282529 0.133036 0.898406
v -1.189007 0.079922 0.889329
v -1.188986 0.118220 0.898184
v -1.083629 0.096613 0.889080
v -1.095443 0.133036 0.897963
v -0.988566 0.145050 0.888855
v -1.011056 0.176034 0.897763
v -0.913124 0.220493 0.888676
v -0.944087 0.243004 0.897605
v -0.864687 0.315556 0.888562
v -0.901090 0.327391 0.897503
v -0.831482 0.420934 0.856598
v -0.848984 0.531439 0.856639
v -0.899778 0.631127 0.856760
v -0.978890 0.710240 0.856947
v -1.078578 0.761033 0.857183
v -1.189083 0.778536 0.857444
v -1.299587 0.761033 0.857705
v -1.399275 0.710240 0.857941
v -1.478388 0.631127 0.858128
v -1.529181 0.531439 0.858249
v -1.546683 0.420934 0.858290
v -1.529181 0.310428 0.858249
v -1.478387 0.210740 0.858128
v -1.399275 0.131628 0.857941
v -1.299587 0.080834 0.857705
v -1.189082 0.063332 0.857444
v -1.078578 0.080834 0.857183
v -0.978890 0.131628 0.856947
v -0.899777 0.210741 0.856760
v -0.848984 0.310429 0.856639
v -0.976614 0.489945 0.888827
v -0.965684 0.420934 0.888801
v -1.008335 0.552200 0.888902
v -1.057741 0.601606 0.889019
v -1.119997 0.633327 0.889166
v -1.189007 0.644258 0.889329
v -1.258018 0.633327 0.889492
v -1.320273 0.601606 0.889640
v -1.369679 0.552200 0.889757
v -1.401400 0.489944 0.889832
v -1.412330 0.420934 0.889857
v -1.401400 0.351923 0.889832
v -1.369679 0.289667 0.889757
v -1.320273 0.240261 0.889640
v -1.258018 0.208540 0.889492
v -1.189007 0.197610 0.889329
v -1.119996 0.208540 0.889166
v -1.057741 0.240261 0.889019
v -1.008335 0.289668 0.888902
v -0.976614 0.351923 0.888827
v -0.848984 0.531439 0.856639
v -0.831482 0.420934 0.856598
v -0.832002 0.420934 0.636606
v -0.849505 0.531439 0.636647
v -0.899778 0.631127 0.856760
v -0.900298 0.631127 0.636768
v -1.189083 0.778536 0.857444
v -1.078578 0.761033 0.857183
v -1.079098 0.761033 0.637191
v -1.189603 0.778536 0.637452
v -1.299587 0.761033 0.857705
v -1.189083 0.778536 0.857444
v -1.189603 0.778536 0.637452
v -1.300108 0.761033 0.637713
v -1.399275 0.710240 0.857941
v -1.399796 0.710240 0.637949
v -1.478388 0.631127 0.858128
v -1.478908 0.631127 0.638136
v -1.546683 0.420934 0.858290
v -1.529181 0.531439 0.858249
v -1.529702 0.531439 0.638257
v -1.547204 0.420933 0.638298
v -1.529181 0.310428 0.858249
v -1.529702 0.310428 0.638257
v -1.399275 0.131628 0.857941
v -1.399795 0.131628 0.637949
v -1.300108 0.080834 0.637713
v -1.299587 0.080834 0.857705
v -1.189082 0.063332 0.857444
v -1.189603 0.063332 0.637452
v -1.078578 0.080834 0.857183
v -1.189082 0.063332 0.857444
v -1.189603 0.063332 0.637452
v -1.079098 0.080834 0.637191
v -0.978890 0.131628 0.856947
v -0.979410 0.131628 0.636955
v -0.900298 0.210741 0.636768
v -0.899777 0.210741 0.856760
v -0.848984 0.310429 0.856639
v -0.849504 0.310429 0.636647
v -0.865358 0.526312 0.604800
v -0.848668 0.420934 0.604760
v -0.886987 0.420934 0.595996
v -0.901803 0.514477 0.596031
v -0.913795 0.621375 0.604914
v -0.944800 0.598864 0.596132
v -0.989238 0.696818 0.605093
v -1.011770 0.665834 0.596291
v -1.084301 0.745255 0.605318
v -1.096156 0.708831 0.596490
v -1.189679 0.761945 0.605567
v -1.189699 0.723647 0.596712
v -1.295057 0.745255 0.605816
v -1.283243 0.708831 0.596933
v -1.390120 0.696818 0.606041
v -1.367629 0.665834 0.597133
v -1.465562 0.621375 0.606220
v -1.434599 0.598864 0.597291
v -1.513999 0.526312 0.606334
v -1.477596 0.514477 0.597393
v -1.530689 0.420934 0.606374
v -1.492412 0.420934 0.597428
v -1.513999 0.315555 0.606334
v -1.477596 0.327390 0.597393
v -1.465562 0.220492 0.606220
v -1.434599 0.243003 0.597291
v -1.390119 0.145049 0.606041
v -1.367629 0.176033 0.597133
v -1.295056 0.096612 0.605816
v -1.283242 0.133036 0.596933
v -1.189678 0.079922 0.605567
v -1.189699 0.118220 0.596712
v -1.084300 0.096613 0.605318
v -1.096156 0.133036 0.596490
v -0.989237 0.145050 0.605093
v -1.011769 0.176034 0.596291
v -0.913795 0.220493 0.604914
v -0.944800 0.243004 0.596132
v -0.865358 0.315556 0.604800
v -0.901803 0.327391 0.596031
v -0.849505 0.531439 0.636647
v -0.832002 0.420934 0.636606
v -0.900298 0.631127 0.636768
v -0.979411 0.710240 0.636955
v -1.079098 0.761033 0.637191
v -1.189603 0.778536 0.637452
v -1.300108 0.761033 0.637713
v -1.399796 0.710240 0.637949
v -1.478908 0.631127 0.638136
v -1.529702 0.531439 0.638257
v -1.547204 0.420933 0.638298
v -1.529702 0.310428 0.638257
v -1.478908 0.210740 0.638136
v -1.399795 0.131628 0.637949
v -1.300108 0.080834 0.637713
v -1.189603 0.063332 0.637452
v -1.079098 0.080834 0.637191
v -0.979410 0.131628 0.636955
v -0.900298 0.210741 0.636768
v -0.849504 0.310429 0.636647
v -0.977286 0.489945 0.605065
v -0.966355 0.420934 0.605039
v -1.009006 0.552200 0.605140
v -1.058413 0.601606 0.605256
v -1.120668 0.633327 0.605404
v -1.189679 0.644258 0.605567
v -1.258689 0.633327 0.605730
v -1.320945 0.601606 0.605878
v -1.370351 0.552200 0.605994
v -1.402071 0.489944 0.606070
v -1.413002 0.420934 0.606095
v -1.402071 0.351923 0.606069
v -1.370351 0.289667 0.605994
v -1.320944 0.240261 0.605878
v -1.258689 0.208540 0.605730
v -1.189678 0.197610 0.605567
v -1.120668 0.208540 0.605404
v -1.058412 0.240261 0.605256
v -1.009006 0.289668 0.605140
v -0.977285 0.351923 0.605065
v -0.978890 0.710240 0.856947
v -0.979411 0.710240 0.636955
v -1.478908 0.210740 0.638136
v -1.478387 0.210740 0.858128
v -1.034681 0.331684 0.779344
v -1.010767 0.420934 0.779288
v -1.189117 0.420934 0.842867
v -1.034682 0.510184 0.779344
v -1.100017 0.575519 0.779499
v -1.189267 0.599434 0.779710
v -1.278516 0.575519 0.779921
v -1.343852 0.510184 0.780075
v -1.367766 0.420934 0.780132
v -1.343852 0.331684 0.780075
v -1.278516 0.266348 0.779921
v -1.189267 0.242434 0.779710
v -1.100017 0.266348 0.779499
v -1.216196 0.634114 0.891539
v -1.226539 0.493202 0.861620
v -1.151607 0.493202 0.861442
v -1.161808 0.634114 0.891410
v -1.400151 0.460947 0.891974
v -1.269381 0.407634 0.861721
v -1.246226 0.478898 0.861666
v -1.383345 0.512673 0.891934
v -1.292306 0.232483 0.891719
v -1.201240 0.340446 0.861560
v -1.261861 0.384490 0.861703
v -1.336306 0.264451 0.891823
v -1.041698 0.264451 0.891126
v -1.116285 0.384490 0.861359
v -1.176906 0.340446 0.861502
v -1.085699 0.232483 0.891230
v -0.994660 0.512673 0.891015
v -1.131920 0.478898 0.861396
v -1.108765 0.407634 0.861341
v -0.977853 0.460947 0.890975
v -1.171439 0.475206 0.861489
v -1.142907 0.454476 0.861422
v -1.132008 0.420934 0.861396
v -1.142907 0.387392 0.861422
v -1.171439 0.366662 0.861489
v -1.206707 0.366662 0.861573
v -1.235239 0.387392 0.861640
v -1.246138 0.420934 0.861666
v -1.235239 0.454476 0.861640
v -1.206707 0.475206 0.861573
v -1.235239 0.454476 0.861640
v -1.246138 0.420934 0.861666
v -1.237326 0.420934 0.847197
v -1.228117 0.449276 0.847175
v -1.235239 0.387392 0.861640
v -1.228117 0.392591 0.847175
v -1.206707 0.366662 0.861573
v -1.204008 0.375075 0.847118
v -1.171439 0.366662 0.861489
v -1.174207 0.375075 0.847048
v -1.142907 0.387392 0.861422
v -1.150097 0.392591 0.846991
v -1.132008 0.420934 0.861396
v -1.140888 0.420934 0.846969
v -1.142907 0.454476 0.861422
v -1.150097 0.449276 0.846991
v -1.171439 0.475206 0.861489
v -1.174207 0.466793 0.847048
v -1.206707 0.475206 0.861573
v -1.204008 0.466793 0.847118
v -1.228117 0.449276 0.847175
v -1.237326 0.420934 0.847197
v -1.189107 0.420934 0.847083
v -1.228117 0.392591 0.847175
v -1.204008 0.375075 0.847118
v -1.174207 0.375075 0.847048
v -1.150097 0.392591 0.846991
v -1.140888 0.420934 0.846969
v -1.150097 0.449276 0.846991
v -1.174207 0.466793 0.847048
v -1.204008 0.466793 0.847118
v -1.161808 0.634114 0.891410
v -1.151607 0.493202 0.861442
v -1.142012 0.500480 0.822588
v -1.150840 0.637773 0.852625
v -1.383345 0.512673 0.891934
v -1.246226 0.478898 0.861666
v -1.250247 0.490360 0.822844
v -1.383498 0.524323 0.853176
v -1.261861 0.384490 0.861703
v -1.274069 0.384295 0.822900
v -1.347496 0.267993 0.853090
v -1.336306 0.264451 0.891823
v -1.085699 0.232483 0.891230
v -1.176906 0.340446 0.861502
v -1.180556 0.328863 0.822679
v -1.092588 0.223022 0.852487
v -1.108765 0.407634 0.861341
v -1.098941 0.400670 0.822486
v -0.971047 0.451559 0.852200
v -0.977853 0.460947 0.890975
v -1.226539 0.493202 0.861620
v -1.216196 0.634114 0.891539
v -1.227348 0.637773 0.852806
v -1.236318 0.500480 0.822811
v -1.407140 0.451559 0.853232
v -1.279389 0.400670 0.822913
v -1.269381 0.407634 0.861721
v -1.400151 0.460947 0.891974
v -1.285600 0.223022 0.852944
v -1.197773 0.328863 0.822720
v -1.201240 0.340446 0.861560
v -1.292306 0.232483 0.891719
v -1.116285 0.384490 0.861359
v -1.041698 0.264451 0.891126
v -1.030691 0.267993 0.852341
v -1.104261 0.384295 0.822499
v -1.131920 0.478898 0.861396
v -0.994660 0.512673 0.891015
v -0.994690 0.524323 0.852256
v -1.128083 0.490360 0.822555
v -1.128083 0.490360 0.822555
v -1.142012 0.500480 0.822588
v -1.151607 0.493202 0.861442
v -1.131920 0.478898 0.861396
v -1.108765 0.407634 0.861341
v -1.116285 0.384490 0.861359
v -1.104261 0.384295 0.822499
v -1.098941 0.400670 0.822486
v -1.201240 0.340446 0.861560
v -1.197773 0.328863 0.822720
v -1.180556 0.328863 0.822679
v -1.176906 0.340446 0.861502
v -1.261861 0.384490 0.861703
v -1.269381 0.407634 0.861721
v -1.279389 0.400670 0.822913
v -1.274069 0.384295 0.822900
v -1.226539 0.493202 0.861620
v -1.236318 0.500480 0.822811
v -1.250247 0.490360 0.822844
v -1.246226 0.478898 0.861666
v 1.613639 1.163144 0.621624
v 1.636006 1.163103 0.302843
v 1.591575 1.317275 0.299486
v 1.568808 1.317234 0.611712
v 1.494119 1.552403 0.594905
v 1.513249 1.552350 0.290140
v -0.457333 1.198975 0.690909
v -0.447200 1.215972 0.709003
v -0.258080 1.533001 0.675204
v -0.247823 1.550160 0.653355
v -0.248657 1.550160 0.300734
v -0.249345 1.550160 0.010233
v -0.458309 1.207796 0.010727
v -0.457149 1.203340 0.425758
v 1.502667 1.512179 0.640431
v 1.565529 1.317228 0.656678
v 1.597485 1.203922 0.661894
v 1.641875 1.163095 0.005759
v 1.597240 1.317268 0.005864
v 1.518362 1.552346 0.006051
v 1.610726 1.163144 -0.609966
v 1.565942 1.317234 -0.599842
v 1.590186 1.317275 -0.287727
v 1.634600 1.163103 -0.291295
v 1.491333 1.552403 -0.582682
v 1.511905 1.552350 -0.278011
v -0.460551 1.198975 -0.669452
v -0.250866 1.550160 -0.632889
v -0.261226 1.533001 -0.654691
v -0.450504 1.215972 -0.687594
v -0.250032 1.550160 -0.280269
v -0.459113 1.203340 -0.404305
v 1.499666 1.512179 -0.628247
v 1.562450 1.317228 -0.644792
v 1.594381 1.203922 -0.650160
v 1.455696 1.203839 0.729448
v 1.394581 1.319332 0.724306
v 1.438374 1.180434 0.731125
v 1.452925 1.187774 0.730398
v 1.371417 1.479172 0.709868
v 1.420361 1.319296 0.723913
v 0.582976 1.206712 0.742860
v 0.606864 1.320454 0.736321
v 0.582961 1.320452 0.736487
v -0.141405 1.504623 0.721458
v -0.248119 1.318681 0.738811
v -0.001801 1.320448 0.739526
v 0.052361 1.504622 0.721869
v -0.039180 1.181330 0.747768
v -0.326735 1.181540 0.747146
v 0.608661 1.504629 0.718742
v 0.590469 1.497086 0.719574
v 0.417350 1.206824 0.743864
v 0.391475 1.320449 0.737601
v 0.391619 1.181105 0.745496
v 0.409807 1.188635 0.744944
v 0.417299 1.478877 0.722461
v 0.409748 1.497080 0.720779
v 0.391556 1.504622 0.720184
v -0.164813 1.498275 0.722019
v -0.181812 1.480969 0.723610
v -0.338569 1.201779 0.745843
v -0.338433 1.188275 0.746699
v 1.337008 1.504628 0.708227
v 0.608879 1.180953 0.744130
v 1.358403 1.497572 0.708416
v 0.590519 1.188514 0.743826
v 0.582925 1.478880 0.721356
v 0.417335 1.320449 0.737475
v -0.273027 1.318502 0.738739
v 1.434945 1.180434 -0.718637
v 1.391184 1.319332 -0.711610
v 1.452274 1.203839 -0.717041
v 1.449499 1.187774 -0.717978
v 1.368089 1.479172 -0.697063
v 1.416966 1.319296 -0.711339
v 0.579501 1.206712 -0.726324
v 0.579516 1.320452 -0.719952
v 0.603419 1.320454 -0.719899
v -0.144771 1.504623 -0.701496
v 0.048991 1.504622 -0.702823
v -0.005254 1.320448 -0.720224
v -0.251566 1.318681 -0.718344
v -0.042672 1.181330 -0.728289
v -0.330220 1.181540 -0.726307
v 0.605299 1.504629 -0.702328
v 0.587103 1.497086 -0.703074
v 0.413871 1.206824 -0.726545
v 0.406324 1.188635 -0.727589
v 0.388133 1.181105 -0.728055
v 0.388026 1.320449 -0.720160
v 0.413922 1.478877 -0.705142
v 0.388190 1.504622 -0.702743
v 0.406379 1.497080 -0.703424
v -0.168182 1.498275 -0.701946
v -0.185188 1.480969 -0.703456
v -0.342048 1.201779 -0.724947
v -0.341916 1.188275 -0.725805
v 1.333688 1.504628 -0.695259
v 0.605397 1.180953 -0.727717
v 1.355082 1.497572 -0.695549
v 0.587039 1.188514 -0.727326
v 0.579551 1.478880 -0.704820
v 0.413887 1.320449 -0.720156
v -0.276473 1.318502 -0.718154
v -1.657848 0.730924 0.615189
v -1.690833 0.690629 0.399820
v -1.668576 0.690030 0.615488
v -1.562319 0.971365 0.595425
v -1.562391 0.991518 0.564981
v -1.543605 0.905228 0.529562
v -1.562476 0.998486 0.529142
v -1.562560 0.991209 0.493364
v -1.562632 0.970794 0.463094
v -1.562679 0.940350 0.442941
v -1.562696 0.904511 0.435973
v -1.562679 0.868733 0.443250
v -1.562630 0.838463 0.463665
v -1.562558 0.818310 0.494109
v -1.562474 0.811341 0.529948
v -1.562389 0.818619 0.565726
v -1.562317 0.839033 0.595996
v -1.562270 0.869478 0.616149
v -1.562253 0.905317 0.623117
v -1.562270 0.941095 0.615840
v -1.676520 0.748250 0.409857
v -1.655428 0.747580 0.598136
v 1.668294 0.976544 0.559528
v 1.668311 1.003950 0.566872
v 1.668423 0.976544 0.614342
v 1.668359 1.024013 0.586935
v 1.668423 1.031357 0.614342
v 1.668488 1.024013 0.641748
v 1.668536 1.003950 0.661811
v 1.668553 0.976544 0.669155
v 1.668536 0.949137 0.661811
v 1.668488 0.929074 0.641748
v 1.668423 0.921730 0.614342
v 1.668359 0.929074 0.586935
v 1.668311 0.949137 0.566872
v 1.668294 0.819925 0.559528
v 1.668311 0.847332 0.566872
v 1.668423 0.819925 0.614342
v 1.668359 0.867395 0.586935
v 1.668423 0.874738 0.614342
v 1.668488 0.867395 0.641748
v 1.668536 0.847332 0.661811
v 1.668553 0.819925 0.669155
v 1.668553 0.819925 0.669155
v 1.668536 0.792518 0.661811
v 1.668423 0.819925 0.614342
v 1.668488 0.772455 0.641748
v 1.668423 0.765112 0.614342
v 1.668359 0.772455 0.586935
v 1.668311 0.792518 0.566872
v 1.668294 0.819925 0.559528
v -1.660695 0.730924 -0.588054
v -1.671424 0.690030 -0.588301
v -1.692660 0.690629 -0.372531
v -1.565073 0.971365 -0.568742
v -1.546047 0.905228 -0.502968
v -1.565001 0.991518 -0.538297
v -1.564916 0.998486 -0.502458
v -1.564831 0.991209 -0.466680
v -1.564760 0.970794 -0.436411
v -1.564712 0.940350 -0.416258
v -1.564695 0.904511 -0.409289
v -1.564713 0.868733 -0.416566
v -1.564761 0.838463 -0.436981
v -1.564833 0.818310 -0.467425
v -1.564918 0.811341 -0.503265
v -1.565002 0.818618 -0.539042
v -1.565074 0.839033 -0.569312
v -1.565122 0.869478 -0.589465
v -1.565138 0.905317 -0.596434
v -1.565121 0.941095 -0.589157
v -1.678395 0.748250 -0.382635
v -1.658194 0.747580 -0.571011
v 1.665673 0.976544 -0.548130
v 1.665544 0.976544 -0.602943
v 1.665656 1.003950 -0.555473
v 1.665609 1.024013 -0.575536
v 1.665544 1.031357 -0.602943
v 1.665479 1.024013 -0.630350
v 1.665431 1.003950 -0.650413
v 1.665414 0.976544 -0.657756
v 1.665431 0.949137 -0.650413
v 1.665479 0.929074 -0.630350
v 1.665544 0.921730 -0.602943
v 1.665609 0.929074 -0.575536
v 1.665656 0.949137 -0.555473
v 1.665673 0.819925 -0.548130
v 1.665544 0.819925 -0.602943
v 1.665656 0.847332 -0.555473
v 1.665609 0.867395 -0.575536
v 1.665544 0.874738 -0.602943
v 1.665479 0.867395 -0.630350
v 1.665431 0.847332 -0.650413
v 1.665414 0.819925 -0.657756
v 1.665414 0.819925 -0.657756
v 1.665544 0.819925 -0.602943
v 1.665431 0.792518 -0.650413
v 1.665479 0.772455 -0.630350
v 1.665544 0.765112 -0.602943
v 1.665609 0.772455 -0.575536
v 1.665656 0.792518 -0.555473
v 1.665673 0.819925 -0.548130
v 1.355048 0.420934 0.883310
v 1.344118 0.489945 0.883336
v 1.332483 0.486158 0.890877
v 1.342813 0.420934 0.890853
v 1.312397 0.552200 0.883411
v 1.302502 0.544998 0.890948
v 1.262991 0.601607 0.883528
v 1.255807 0.591694 0.891059
v 1.200736 0.633327 0.883675
v 1.196967 0.621674 0.891198
v 1.131725 0.644258 0.883839
v 1.131743 0.632005 0.891352
v 1.062714 0.633327 0.884002
v 1.066518 0.621674 0.891507
v 1.000459 0.601607 0.884149
v 1.007679 0.591694 0.891646
v 0.951053 0.552200 0.884266
v 0.960983 0.544998 0.891756
v 0.919332 0.489945 0.884341
v 0.931003 0.486158 0.891827
v 0.908402 0.420934 0.884367
v 0.920672 0.420934 0.891852
v 0.919332 0.351923 0.884341
v 0.931003 0.355709 0.891827
v 0.951053 0.289667 0.884266
v 0.960983 0.296869 0.891756
v 1.000459 0.240261 0.884149
v 1.007679 0.250174 0.891646
v 1.062715 0.208540 0.884002
v 1.066519 0.220193 0.891506
v 1.131725 0.197610 0.883839
v 1.131743 0.209863 0.891352
v 1.131725 0.197610 0.883839
v 1.200736 0.208540 0.883675
v 1.196967 0.220193 0.891198
v 1.131743 0.209863 0.891352
v 1.262991 0.240261 0.883528
v 1.255807 0.250174 0.891059
v 1.312397 0.289668 0.883411
v 1.302503 0.296870 0.890948
v 1.344118 0.351923 0.883336
v 1.332483 0.355709 0.890877
v 1.342813 0.420934 0.890853
v 1.332483 0.486158 0.890877
v 1.306836 0.477892 0.803726
v 1.315857 0.420934 0.803704
v 1.302502 0.544998 0.890948
v 1.280655 0.529275 0.803788
v 1.255807 0.591694 0.891059
v 1.239878 0.570053 0.803884
v 1.196967 0.621674 0.891198
v 1.188495 0.596234 0.804006
v 1.131743 0.632005 0.891352
v 1.131536 0.605255 0.804140
v 1.066518 0.621674 0.891507
v 1.074578 0.596234 0.804275
v 1.007679 0.591694 0.891646
v 1.023195 0.570053 0.804397
v 0.960983 0.544998 0.891756
v 0.982418 0.529275 0.804493
v 0.931003 0.486158 0.891827
v 0.956237 0.477892 0.804555
v 0.920672 0.420934 0.891852
v 0.947215 0.420934 0.804576
v 0.931003 0.355709 0.891827
v 0.956237 0.363975 0.804555
v 0.960983 0.296869 0.891756
v 0.982418 0.312592 0.804493
v 1.007679 0.250174 0.891646
v 1.023195 0.271815 0.804397
v 1.066519 0.220193 0.891506
v 1.074578 0.245634 0.804275
v 1.131743 0.209863 0.891352
v 1.131537 0.236612 0.804140
v 1.131743 0.209863 0.891352
v 1.196967 0.220193 0.891198
v 1.188495 0.245634 0.804006
v 1.131537 0.236612 0.804140
v 1.255807 0.250174 0.891059
v 1.239878 0.271815 0.803884
v 1.302503 0.296870 0.890948
v 1.280655 0.312593 0.803788
v 1.332483 0.355709 0.890877
v 1.306836 0.363976 0.803726
v 0.907728 0.420934 0.599362
v 0.918658 0.489945 0.599337
v 0.930293 0.486158 0.591795
v 0.919963 0.420934 0.591820
v 0.950379 0.552200 0.599262
v 0.960273 0.544998 0.591725
v 0.999785 0.601607 0.599145
v 1.006969 0.591694 0.591614
v 1.062040 0.633327 0.598997
v 1.065809 0.621674 0.591475
v 1.131051 0.644258 0.598834
v 1.131033 0.632005 0.591321
v 1.200062 0.633327 0.598671
v 1.196257 0.621674 0.591166
v 1.262317 0.601607 0.598524
v 1.255097 0.591694 0.591027
v 1.311723 0.552200 0.598407
v 1.301793 0.544998 0.590917
v 1.343444 0.489945 0.598332
v 1.331773 0.486158 0.590846
v 1.354374 0.420934 0.598306
v 1.342104 0.420934 0.590821
v 1.343444 0.351923 0.598332
v 1.331773 0.355709 0.590846
v 1.311723 0.289667 0.598407
v 1.301793 0.296869 0.590917
v 1.262317 0.240261 0.598524
v 1.255097 0.250174 0.591027
v 1.200061 0.208540 0.598671
v 1.196257 0.220193 0.591166
v 1.131051 0.197610 0.598834
v 1.131033 0.209863 0.591321
v 1.131051 0.197610 0.598834
v 1.062040 0.208540 0.598997
v 1.065809 0.220193 0.591475
v 1.131033 0.209863 0.591321
v 0.999785 0.240261 0.599145
v 1.006969 0.250174 0.591614
v 0.950379 0.289668 0.599262
v 0.960273 0.296869 0.591725
v 0.918658 0.351923 0.599337
v 0.930293 0.355709 0.591796
v 0.919963 0.420934 0.591820
v 0.930293 0.486158 0.591795
v 0.956237 0.477892 0.804555
v 0.947215 0.420934 0.804576
v 0.960273 0.544998 0.591725
v 0.982418 0.529275 0.804493
v 1.006969 0.591694 0.591614
v 1.023195 0.570053 0.804397
v 1.065809 0.621674 0.591475
v 1.074578 0.596234 0.804275
v 1.131033 0.632005 0.591321
v 1.131536 0.605255 0.804140
v 1.196257 0.621674 0.591166
v 1.188495 0.596234 0.804006
v 1.255097 0.591694 0.591027
v 1.239878 0.570053 0.803884
v 1.301793 0.544998 0.590917
v 1.280655 0.529275 0.803788
v 1.331773 0.486158 0.590846
v 1.306836 0.477892 0.803726
v 1.342104 0.420934 0.590821
v 1.315857 0.420934 0.803704
v 1.331773 0.355709 0.590846
v 1.306836 0.363976 0.803726
v 1.301793 0.296869 0.590917
v 1.280655 0.312593 0.803788
v 1.255097 0.250174 0.591027
v 1.239878 0.271815 0.803884
v 1.196257 0.220193 0.591166
v 1.188495 0.245634 0.804006
v 1.131033 0.209863 0.591321
v 1.131537 0.236612 0.804140
v 1.131033 0.209863 0.591321
v 1.065809 0.220193 0.591475
v 1.074578 0.245634 0.804275
v 1.131537 0.236612 0.804140
v 1.006969 0.250174 0.591614
v 1.023195 0.271815 0.804397
v 0.960273 0.296869 0.591725
v 0.982418 0.312592 0.804493
v 0.930293 0.355709 0.591796
v 0.956237 0.363975 0.804555
v 1.456045 0.526312 0.883071
v 1.419642 0.514477 0.892013
v 1.434458 0.420934 0.891978
v 1.472735 0.420934 0.883032
v 1.407608 0.621375 0.883186
v 1.376645 0.598864 0.892115
v 1.332166 0.696818 0.883364
v 1.309676 0.665834 0.892273
v 1.237103 0.745255 0.883589
v 1.225289 0.708831 0.892473
v 1.131725 0.761945 0.883839
v 1.131746 0.723647 0.892694
v 1.026347 0.745255 0.884088
v 1.038203 0.708831 0.892915
v 0.931284 0.696818 0.884313
v 0.953816 0.665834 0.893115
v 0.855842 0.621375 0.884491
v 0.886846 0.598864 0.893273
v 0.807405 0.526312 0.884606
v 0.843849 0.514477 0.893375
v 0.790714 0.420934 0.884645
v 0.829034 0.420934 0.893410
v 0.807405 0.315555 0.884606
v 0.843849 0.327390 0.893375
v 0.855842 0.220492 0.884491
v 0.886847 0.243003 0.893273
v 0.931284 0.145049 0.884313
v 0.953816 0.176033 0.893115
v 1.026347 0.096612 0.884088
v 1.038203 0.133036 0.892915
v 1.131725 0.079922 0.883839
v 1.131746 0.118221 0.892694
v 1.237103 0.096613 0.883589
v 1.225289 0.133036 0.892473
v 1.332166 0.145050 0.883364
v 1.309676 0.176034 0.892273
v 1.407609 0.220493 0.883186
v 1.376645 0.243004 0.892115
v 1.456045 0.315556 0.883071
v 1.419642 0.327391 0.892013
v 1.489250 0.420934 0.851108
v 1.471748 0.531439 0.851149
v 1.420954 0.631127 0.851269
v 1.341842 0.710240 0.851456
v 1.242154 0.761033 0.851692
v 1.131649 0.778536 0.851954
v 1.021145 0.761033 0.852215
v 0.921457 0.710240 0.852451
v 0.842344 0.631127 0.852638
v 0.791551 0.531439 0.852758
v 0.774049 0.420934 0.852800
v 0.791551 0.310429 0.852758
v 0.842345 0.210740 0.852638
v 0.921457 0.131628 0.852451
v 1.021145 0.080834 0.852215
v 1.131650 0.063332 0.851954
v 1.242155 0.080834 0.851692
v 1.341842 0.131628 0.851456
v 1.420955 0.210741 0.851269
v 1.471748 0.310429 0.851149
v 1.344118 0.489945 0.883336
v 1.355048 0.420934 0.883310
v 1.312397 0.552200 0.883411
v 1.262991 0.601607 0.883528
v 1.200736 0.633327 0.883675
v 1.131725 0.644258 0.883839
v 1.062714 0.633327 0.884002
v 1.000459 0.601607 0.884149
v 0.951053 0.552200 0.884266
v 0.919332 0.489945 0.884341
v 0.908402 0.420934 0.884367
v 0.919332 0.351923 0.884341
v 0.951053 0.289667 0.884266
v 1.000459 0.240261 0.884149
v 1.062715 0.208540 0.884002
v 1.131725 0.197610 0.883839
v 1.200736 0.208540 0.883675
v 1.262991 0.240261 0.883528
v 1.312397 0.289668 0.883411
v 1.344118 0.351923 0.883336
v 1.471748 0.531439 0.851149
v 1.489250 0.420934 0.851108
v 1.488730 0.420934 0.631116
v 1.471228 0.531439 0.631157
v 1.420954 0.631127 0.851269
v 1.420434 0.631127 0.631277
v 1.131649 0.778536 0.851954
v 1.242154 0.761033 0.851692
v 1.241634 0.761033 0.631700
v 1.131129 0.778536 0.631962
v 1.021145 0.761033 0.852215
v 1.131649 0.778536 0.851954
v 1.131129 0.778536 0.631962
v 1.020624 0.761033 0.632223
v 0.921457 0.710240 0.852451
v 0.920937 0.710240 0.632459
v 0.842344 0.631127 0.852638
v 0.841824 0.631127 0.632646
v 0.774049 0.420934 0.852800
v 0.791551 0.531439 0.852758
v 0.791031 0.531439 0.632766
v 0.773528 0.420934 0.632808
v 0.791551 0.310429 0.852758
v 0.791031 0.310429 0.632766
v 0.921457 0.131628 0.852451
v 0.920937 0.131628 0.632459
v 1.020625 0.080834 0.632223
v 1.021145 0.080834 0.852215
v 1.131650 0.063332 0.851954
v 1.131130 0.063332 0.631962
v 1.242155 0.080834 0.851692
v 1.131650 0.063332 0.851954
v 1.131130 0.063332 0.631962
v 1.241634 0.080834 0.631700
v 1.341842 0.131628 0.851456
v 1.341322 0.131628 0.631464
v 1.420434 0.210741 0.631277
v 1.420955 0.210741 0.851269
v 1.471748 0.310429 0.851149
v 1.471228 0.310429 0.631157
v 1.455374 0.526312 0.599309
v 1.472064 0.420934 0.599270
v 1.433745 0.420934 0.590505
v 1.418929 0.514477 0.590540
v 1.406937 0.621375 0.599424
v 1.375932 0.598864 0.590642
v 1.331494 0.696818 0.599602
v 1.308963 0.665834 0.590800
v 1.236432 0.745255 0.599827
v 1.224576 0.708831 0.591000
v 1.131054 0.761945 0.600077
v 1.131033 0.723647 0.591221
v 1.025676 0.745255 0.600326
v 1.037489 0.708831 0.591442
v 0.930613 0.696818 0.600551
v 0.953103 0.665834 0.591642
v 0.855170 0.621375 0.600729
v 0.886133 0.598864 0.591801
v 0.806733 0.526312 0.600844
v 0.843136 0.514477 0.591902
v 0.790043 0.420934 0.600883
v 0.828320 0.420934 0.591937
v 0.806733 0.315555 0.600844
v 0.843136 0.327390 0.591902
v 0.855170 0.220492 0.600729
v 0.886133 0.243003 0.591801
v 0.930613 0.145049 0.600551
v 0.953103 0.176033 0.591642
v 1.025676 0.096612 0.600326
v 1.037490 0.133036 0.591442
v 1.131054 0.079922 0.600077
v 1.131033 0.118220 0.591221
v 1.236432 0.096613 0.599827
v 1.224576 0.133036 0.591000
v 1.331495 0.145050 0.599602
v 1.308963 0.176034 0.590800
v 1.406937 0.220493 0.599424
v 1.375932 0.243004 0.590642
v 1.455374 0.315556 0.599309
v 1.418929 0.327391 0.590540
v 1.471228 0.531439 0.631157
v 1.488730 0.420934 0.631116
v 1.420434 0.631127 0.631277
v 1.341321 0.710240 0.631464
v 1.241634 0.761033 0.631700
v 1.131129 0.778536 0.631962
v 1.020624 0.761033 0.632223
v 0.920937 0.710240 0.632459
v 0.841824 0.631127 0.632646
v 0.791031 0.531439 0.632766
v 0.773528 0.420934 0.632808
v 0.791031 0.310429 0.632766
v 0.841824 0.210740 0.632646
v 0.920937 0.131628 0.632459
v 1.020625 0.080834 0.632223
v 1.131130 0.063332 0.631962
v 1.241634 0.080834 0.631700
v 1.341322 0.131628 0.631464
v 1.420434 0.210741 0.631277
v 1.471228 0.310429 0.631157
v 1.343447 0.489945 0.599574
v 1.354377 0.420934 0.599548
v 1.311726 0.552200 0.599649
v 1.262320 0.601607 0.599766
v 1.200064 0.633327 0.599913
v 1.131054 0.644258 0.600077
v 1.062043 0.633327 0.600240
v 0.999787 0.601607 0.600387
v 0.950381 0.552200 0.600504
v 0.918661 0.489945 0.600579
v 0.907730 0.420934 0.600605
v 0.918661 0.351923 0.600579
v 0.950381 0.289667 0.600504
v 0.999788 0.240261 0.600387
v 1.062043 0.208540 0.600240
v 1.131054 0.197610 0.600077
v 1.200065 0.208540 0.599913
v 1.262320 0.240261 0.599766
v 1.311726 0.289668 0.599649
v 1.343447 0.351923 0.599574
v 1.341842 0.710240 0.851456
v 1.341321 0.710240 0.631464
v 0.841824 0.210740 0.632646
v 0.842345 0.210740 0.852638
v 1.286051 0.331684 0.773854
v 1.309965 0.420934 0.773797
v 1.131615 0.420934 0.837377
v 1.286051 0.510184 0.773854
v 1.220715 0.575519 0.774008
v 1.131465 0.599434 0.774219
v 1.042216 0.575519 0.774431
v 0.976880 0.510184 0.774585
v 0.952966 0.420934 0.774642
v 0.976880 0.331684 0.774585
v 1.042216 0.266348 0.774431
v 1.131466 0.242434 0.774219
v 1.220715 0.266348 0.774008
v 1.104536 0.634114 0.886048
v 1.094193 0.493202 0.856129
v 1.169125 0.493202 0.855952
v 1.158924 0.634114 0.885920
v 0.920581 0.460947 0.886484
v 1.051351 0.407634 0.856230
v 1.074506 0.478898 0.856176
v 0.937388 0.512673 0.886444
v 1.028426 0.232483 0.886229
v 1.119492 0.340446 0.856069
v 1.058871 0.384490 0.856213
v 0.984426 0.264452 0.886333
v 1.279034 0.264451 0.885636
v 1.204447 0.384490 0.855868
v 1.143827 0.340446 0.856012
v 1.235034 0.232483 0.885740
v 1.326072 0.512673 0.885524
v 1.188812 0.478898 0.855905
v 1.211967 0.407634 0.855851
v 1.342879 0.460947 0.885485
v 1.149293 0.475206 0.855999
v 1.177825 0.454476 0.855931
v 1.188724 0.420934 0.855905
v 1.177825 0.387392 0.855931
v 1.149293 0.366662 0.855999
v 1.114025 0.366662 0.856082
v 1.085493 0.387392 0.856150
v 1.074595 0.420934 0.856175
v 1.085493 0.454476 0.856150
v 1.114025 0.475206 0.856082
v 1.085493 0.454476 0.856150
v 1.074595 0.420934 0.856175
v 1.083406 0.420934 0.841707
v 1.092615 0.449276 0.841685
v 1.085493 0.387392 0.856150
v 1.092615 0.392591 0.841685
v 1.114025 0.366662 0.856082
v 1.116724 0.375075 0.841628
v 1.149293 0.366662 0.855999
v 1.146525 0.375075 0.841557
v 1.177825 0.387392 0.855931
v 1.170635 0.392591 0.841500
v 1.188724 0.420934 0.855905
v 1.179844 0.420934 0.841478
v 1.177825 0.454476 0.855931
v 1.170635 0.449276 0.841500
v 1.149293 0.475206 0.855999
v 1.146525 0.466793 0.841557
v 1.114025 0.475206 0.856082
v 1.116724 0.466793 0.841628
v 1.092615 0.449276 0.841685
v 1.083406 0.420934 0.841707
v 1.131625 0.420934 0.841592
v 1.092615 0.392591 0.841685
v 1.116724 0.375075 0.841628
v 1.146525 0.375075 0.841557
v 1.170635 0.392591 0.841500
v 1.179844 0.420934 0.841478
v 1.170635 0.449276 0.841500
v 1.146525 0.466793 0.841557
v 1.116724 0.466793 0.841628
v 1.158924 0.634114 0.885920
v 1.169125 0.493202 0.855952
v 1.178720 0.500480 0.817097
v 1.169892 0.637773 0.847135
v 0.937388 0.512673 0.886444
v 1.074506 0.478898 0.856176
v 1.070485 0.490360 0.817353
v 0.937234 0.524323 0.847685
v 1.058871 0.384490 0.856213
v 1.046663 0.384295 0.817410
v 0.973236 0.267993 0.847600
v 0.984426 0.264452 0.886333
v 1.235034 0.232483 0.885740
v 1.143827 0.340446 0.856012
v 1.140176 0.328863 0.817189
v 1.228144 0.223022 0.846997
v 1.211967 0.407634 0.855851
v 1.221791 0.400670 0.816995
v 1.349685 0.451559 0.846709
v 1.342879 0.460947 0.885485
v 1.094193 0.493202 0.856129
v 1.104536 0.634114 0.886048
v 1.093384 0.637773 0.847316
v 1.084414 0.500480 0.817320
v 0.913592 0.451559 0.847741
v 1.041343 0.400670 0.817422
v 1.051351 0.407634 0.856230
v 0.920581 0.460947 0.886484
v 1.035132 0.223022 0.847454
v 1.122959 0.328863 0.817229
v 1.119492 0.340446 0.856069
v 1.028426 0.232483 0.886229
v 1.204447 0.384490 0.855868
v 1.279034 0.264451 0.885636
v 1.290041 0.267993 0.846851
v 1.216471 0.384295 0.817008
v 1.188812 0.478898 0.855905
v 1.326072 0.512673 0.885524
v 1.326042 0.524323 0.846765
v 1.192649 0.490360 0.817064
v 1.192649 0.490360 0.817064
v 1.178720 0.500480 0.817097
v 1.169125 0.493202 0.855952
v 1.188812 0.478898 0.855905
v 1.211967 0.407634 0.855851
v 1.204447 0.384490 0.855868
v 1.216471 0.384295 0.817008
v 1.221791 0.400670 0.816995
v 1.119492 0.340446 0.856069
v 1.122959 0.328863 0.817229
v 1.140176 0.328863 0.817189
v 1.143827 0.340446 0.856012
v 1.058871 0.384490 0.856213
v 1.051351 0.407634 0.856230
v 1.041343 0.400670 0.817422
v 1.046663 0.384295 0.817410
v 1.094193 0.493202 0.856129
v 1.084414 0.500480 0.817320
v 1.070485 0.490360 0.817353
v 1.074506 0.478898 0.856176
v -0.969833 0.420934 -0.864936
v -0.982103 0.420934 -0.872420
v -0.992434 0.486158 -0.872396
v -0.980763 0.489945 -0.864910
v -1.022414 0.544998 -0.872325
v -1.012484 0.552200 -0.864835
v -1.069110 0.591694 -0.872215
v -1.061890 0.601606 -0.864718
v -1.127949 0.621674 -0.872075
v -1.124145 0.633327 -0.864571
v -1.193174 0.632005 -0.871921
v -1.193156 0.644257 -0.864408
v -1.258398 0.621674 -0.871767
v -1.262167 0.633327 -0.864244
v -1.317238 0.591694 -0.871628
v -1.324422 0.601606 -0.864097
v -1.363933 0.544998 -0.871517
v -1.373828 0.552200 -0.863980
v -1.393914 0.486158 -0.871446
v -1.405549 0.489945 -0.863905
v -1.404244 0.420934 -0.871422
v -1.416479 0.420934 -0.863879
v -1.393914 0.355709 -0.871446
v -1.405549 0.351923 -0.863905
v -1.363933 0.296869 -0.871517
v -1.373828 0.289667 -0.863980
v -1.317238 0.250174 -0.871628
v -1.324422 0.240261 -0.864097
v -1.258398 0.220193 -0.871767
v -1.262167 0.208540 -0.864244
v -1.193174 0.209863 -0.871921
v -1.193156 0.197610 -0.864408
v -1.193156 0.197610 -0.864408
v -1.193174 0.209863 -0.871921
v -1.127949 0.220193 -0.872075
v -1.124145 0.208540 -0.864571
v -1.069110 0.250174 -0.872215
v -1.061890 0.240261 -0.864718
v -1.022414 0.296869 -0.872325
v -1.012484 0.289667 -0.864835
v -0.992434 0.355709 -0.872396
v -0.980763 0.351923 -0.864910
v -0.982103 0.420934 -0.872420
v -1.008647 0.420934 -0.785145
v -1.017668 0.477892 -0.785124
v -0.992434 0.486158 -0.872396
v -1.043849 0.529275 -0.785062
v -1.022414 0.544998 -0.872325
v -1.084626 0.570053 -0.784966
v -1.069110 0.591694 -0.872215
v -1.136009 0.596234 -0.784844
v -1.127949 0.621674 -0.872075
v -1.192968 0.605255 -0.784709
v -1.193174 0.632005 -0.871921
v -1.249926 0.596234 -0.784575
v -1.258398 0.621674 -0.871767
v -1.301309 0.570053 -0.784453
v -1.317238 0.591694 -0.871628
v -1.342086 0.529275 -0.784356
v -1.363933 0.544998 -0.871517
v -1.368267 0.477892 -0.784295
v -1.393914 0.486158 -0.871446
v -1.377288 0.420934 -0.784273
v -1.404244 0.420934 -0.871422
v -1.368267 0.363975 -0.784295
v -1.393914 0.355709 -0.871446
v -1.342086 0.312592 -0.784356
v -1.363933 0.296869 -0.871517
v -1.301308 0.271815 -0.784453
v -1.317238 0.250174 -0.871628
v -1.249925 0.245634 -0.784575
v -1.258398 0.220193 -0.871767
v -1.192967 0.236612 -0.784709
v -1.193174 0.209863 -0.871921
v -1.193174 0.209863 -0.871921
v -1.192967 0.236612 -0.784709
v -1.136009 0.245634 -0.784844
v -1.127949 0.220193 -0.872075
v -1.084626 0.271815 -0.784966
v -1.069110 0.250174 -0.872215
v -1.043849 0.312593 -0.785062
v -1.022414 0.296869 -0.872325
v -1.017668 0.363976 -0.785124
v -0.992434 0.355709 -0.872396
v -1.415805 0.420934 -0.578875
v -1.403534 0.420934 -0.571390
v -1.393204 0.486158 -0.571415
v -1.404875 0.489945 -0.578901
v -1.363224 0.544998 -0.571486
v -1.373154 0.552200 -0.578976
v -1.316528 0.591694 -0.571596
v -1.323748 0.601606 -0.579093
v -1.257688 0.621674 -0.571735
v -1.261492 0.633327 -0.579240
v -1.192464 0.632005 -0.571889
v -1.192482 0.644257 -0.579403
v -1.127240 0.621674 -0.572044
v -1.123471 0.633327 -0.579566
v -1.068400 0.591694 -0.572183
v -1.061216 0.601606 -0.579714
v -1.021704 0.544998 -0.572293
v -1.011809 0.552200 -0.579830
v -0.991724 0.486158 -0.572364
v -0.980089 0.489945 -0.579905
v -0.981393 0.420934 -0.572389
v -0.969158 0.420934 -0.579931
v -0.991724 0.355709 -0.572364
v -0.980089 0.351923 -0.579905
v -1.021704 0.296869 -0.572293
v -1.011810 0.289667 -0.579830
v -1.068400 0.250174 -0.572183
v -1.061216 0.240261 -0.579714
v -1.127240 0.220193 -0.572044
v -1.123471 0.208540 -0.579566
v -1.192464 0.209863 -0.571890
v -1.192482 0.197610 -0.579403
v -1.192482 0.197610 -0.579403
v -1.192464 0.209863 -0.571890
v -1.257689 0.220193 -0.571735
v -1.261492 0.208540 -0.579240
v -1.316528 0.250174 -0.571596
v -1.323748 0.240261 -0.579093
v -1.363224 0.296870 -0.571486
v -1.373154 0.289668 -0.578976
v -1.393204 0.355709 -0.571415
v -1.404875 0.351923 -0.578901
v -1.403534 0.420934 -0.571390
v -1.377288 0.420934 -0.784273
v -1.368267 0.477892 -0.784295
v -1.393204 0.486158 -0.571415
v -1.342086 0.529275 -0.784356
v -1.363224 0.544998 -0.571486
v -1.301309 0.570053 -0.784453
v -1.316528 0.591694 -0.571596
v -1.249926 0.596234 -0.784575
v -1.257688 0.621674 -0.571735
v -1.192968 0.605255 -0.784709
v -1.192464 0.632005 -0.571889
v -1.136009 0.596234 -0.784844
v -1.127240 0.621674 -0.572044
v -1.084626 0.570053 -0.784966
v -1.068400 0.591694 -0.572183
v -1.043849 0.529275 -0.785062
v -1.021704 0.544998 -0.572293
v -1.017668 0.477892 -0.785124
v -0.991724 0.486158 -0.572364
v -1.008647 0.420934 -0.785145
v -0.981393 0.420934 -0.572389
v -1.017668 0.363976 -0.785124
v -0.991724 0.355709 -0.572364
v -1.043849 0.312593 -0.785062
v -1.021704 0.296869 -0.572293
v -1.084626 0.271815 -0.784966
v -1.068400 0.250174 -0.572183
v -1.136009 0.245634 -0.784844
v -1.127240 0.220193 -0.572044
v -1.192967 0.236612 -0.784709
v -1.192464 0.209863 -0.571890
v -1.192464 0.209863 -0.571890
v -1.192967 0.236612 -0.784709
v -1.249925 0.245634 -0.784575
v -1.257689 0.220193 -0.571735
v -1.301308 0.271815 -0.784453
v -1.316528 0.250174 -0.571596
v -1.342086 0.312592 -0.784356
v -1.363224 0.296870 -0.571486
v -1.368267 0.363975 -0.784295
v -1.393204 0.355709 -0.571415
v -0.868836 0.526312 -0.865175
v -0.852146 0.420934 -0.865214
v -0.890465 0.420934 -0.873979
v -0.905280 0.514477 -0.873944
v -0.917273 0.621375 -0.865060
v -0.948278 0.598864 -0.873842
v -0.992715 0.696818 -0.864882
v -1.015247 0.665834 -0.873684
v -1.087778 0.745255 -0.864657
v -1.099634 0.708831 -0.873484
v -1.193156 0.761945 -0.864408
v -1.193177 0.723647 -0.873263
v -1.298534 0.745255 -0.864158
v -1.286720 0.708831 -0.873042
v -1.393597 0.696818 -0.863933
v -1.371107 0.665834 -0.872842
v -1.469039 0.621375 -0.863755
v -1.438076 0.598864 -0.872684
v -1.517476 0.526312 -0.863640
v -1.481074 0.514477 -0.872582
v -1.534167 0.420934 -0.863601
v -1.495889 0.420934 -0.872547
v -1.517476 0.315555 -0.863640
v -1.481073 0.327390 -0.872582
v -1.469039 0.220492 -0.863755
v -1.438076 0.243003 -0.872684
v -1.393597 0.145049 -0.863933
v -1.371107 0.176033 -0.872842
v -1.298534 0.096612 -0.864158
v -1.286720 0.133036 -0.873042
v -1.193156 0.079922 -0.864408
v -1.193177 0.118220 -0.873263
v -1.087778 0.096613 -0.864657
v -1.099633 0.133036 -0.873484
v -0.992715 0.145050 -0.864882
v -1.015247 0.176034 -0.873684
v -0.917273 0.220493 -0.865060
v -0.948277 0.243004 -0.873842
v -0.868836 0.315556 -0.865175
v -0.905280 0.327391 -0.873944
v -0.852982 0.531439 -0.833327
v -0.835480 0.420934 -0.833368
v -0.903776 0.631127 -0.833207
v -0.982888 0.710240 -0.833020
v -1.082576 0.761033 -0.832784
v -1.193081 0.778536 -0.832523
v -1.303585 0.761033 -0.832261
v -1.403273 0.710240 -0.832025
v -1.482386 0.631127 -0.831838
v -1.533179 0.531439 -0.831718
v -1.550681 0.420934 -0.831677
v -1.533179 0.310429 -0.831718
v -1.482386 0.210740 -0.831838
v -1.403273 0.131628 -0.832025
v -1.303585 0.080834 -0.832261
v -1.193080 0.063332 -0.832522
v -1.082576 0.080834 -0.832784
v -0.982888 0.131628 -0.833020
v -0.903775 0.210741 -0.833207
v -0.852982 0.310429 -0.833327
v -0.980763 0.489945 -0.864910
v -0.969833 0.420934 -0.864936
v -1.012484 0.552200 -0.864835
v -1.061890 0.601606 -0.864718
v -1.124145 0.633327 -0.864571
v -1.193156 0.644257 -0.864408
v -1.262167 0.633327 -0.864244
v -1.324422 0.601606 -0.864097
v -1.373828 0.552200 -0.863980
v -1.405549 0.489945 -0.863905
v -1.416479 0.420934 -0.863879
v -1.405549 0.351923 -0.863905
v -1.373828 0.289667 -0.863980
v -1.324422 0.240261 -0.864097
v -1.262167 0.208540 -0.864244
v -1.193156 0.197610 -0.864408
v -1.124145 0.208540 -0.864571
v -1.061890 0.240261 -0.864718
v -1.012484 0.289668 -0.864835
v -0.980763 0.351923 -0.864910
v -0.852982 0.531439 -0.833327
v -0.852462 0.531439 -0.613335
v -0.834959 0.420934 -0.613376
v -0.835480 0.420934 -0.833368
v -0.903776 0.631127 -0.833207
v -0.903255 0.631127 -0.613215
v -1.193081 0.778536 -0.832523
v -1.192560 0.778536 -0.612531
v -1.082055 0.761033 -0.612792
v -1.082576 0.761033 -0.832784
v -1.303585 0.761033 -0.832261
v -1.303065 0.761033 -0.612269
v -1.192560 0.778536 -0.612531
v -1.193081 0.778536 -0.832523
v -1.403273 0.710240 -0.832025
v -1.402753 0.710240 -0.612033
v -1.482386 0.631127 -0.831838
v -1.481865 0.631127 -0.611846
v -1.550681 0.420934 -0.831677
v -1.550161 0.420934 -0.611685
v -1.532659 0.531439 -0.611726
v -1.533179 0.531439 -0.831718
v -1.533179 0.310429 -0.831718
v -1.532659 0.310429 -0.611726
v -1.403273 0.131628 -0.832025
v -1.303585 0.080834 -0.832261
v -1.303065 0.080834 -0.612269
v -1.402753 0.131628 -0.612033
v -1.193080 0.063332 -0.832522
v -1.192560 0.063332 -0.612530
v -1.082576 0.080834 -0.832784
v -1.082055 0.080834 -0.612792
v -1.192560 0.063332 -0.612530
v -1.193080 0.063332 -0.832522
v -0.982888 0.131628 -0.833020
v -0.903775 0.210741 -0.833207
v -0.903255 0.210741 -0.613215
v -0.982367 0.131628 -0.613028
v -0.852982 0.310429 -0.833327
v -0.852462 0.310429 -0.613335
v -0.868164 0.526312 -0.581413
v -0.904567 0.514477 -0.572471
v -0.889752 0.420934 -0.572506
v -0.851474 0.420934 -0.581452
v -0.916601 0.621375 -0.581298
v -0.947564 0.598864 -0.572369
v -0.992044 0.696818 -0.581120
v -1.014534 0.665834 -0.572211
v -1.087107 0.745255 -0.580895
v -1.098921 0.708831 -0.572011
v -1.192485 0.761945 -0.580645
v -1.192464 0.723647 -0.571790
v -1.297863 0.745255 -0.580396
v -1.286007 0.708831 -0.571569
v -1.392926 0.696818 -0.580171
v -1.370394 0.665834 -0.571369
v -1.468368 0.621375 -0.579993
v -1.437363 0.598864 -0.571211
v -1.516805 0.526312 -0.579878
v -1.480360 0.514477 -0.571109
v -1.533495 0.420934 -0.579839
v -1.495176 0.420934 -0.571074
v -1.516805 0.315555 -0.579878
v -1.480360 0.327390 -0.571109
v -1.468368 0.220492 -0.579993
v -1.437363 0.243003 -0.571211
v -1.392926 0.145049 -0.580171
v -1.370394 0.176033 -0.571369
v -1.297863 0.096612 -0.580396
v -1.286007 0.133036 -0.571569
v -1.192484 0.079922 -0.580645
v -1.192464 0.118220 -0.571790
v -1.087106 0.096613 -0.580895
v -1.098920 0.133036 -0.572011
v -0.992043 0.145050 -0.581120
v -1.014534 0.176034 -0.572211
v -0.916601 0.220493 -0.581298
v -0.947564 0.243004 -0.572369
v -0.868164 0.315556 -0.581413
v -0.904567 0.327391 -0.572471
v -0.834959 0.420934 -0.613376
v -0.852462 0.531439 -0.613335
v -0.903255 0.631127 -0.613215
v -0.982368 0.710240 -0.613028
v -1.082055 0.761033 -0.612792
v -1.192560 0.778536 -0.612531
v -1.303065 0.761033 -0.612269
v -1.402753 0.710240 -0.612033
v -1.481865 0.631127 -0.611846
v -1.532659 0.531439 -0.611726
v -1.550161 0.420934 -0.611685
v -1.532659 0.310429 -0.611726
v -1.481865 0.210740 -0.611846
v -1.402753 0.131628 -0.612033
v -1.303065 0.080834 -0.612269
v -1.192560 0.063332 -0.612530
v -1.082055 0.080834 -0.612792
v -0.982367 0.131628 -0.613028
v -0.903255 0.210741 -0.613215
v -0.852462 0.310429 -0.613335
v -0.980092 0.489945 -0.581148
v -0.969162 0.420934 -0.581174
v -1.011813 0.552200 -0.581073
v -1.061219 0.601606 -0.580956
v -1.123474 0.633327 -0.580809
v -1.192485 0.644257 -0.580645
v -1.261495 0.633327 -0.580482
v -1.323751 0.601606 -0.580335
v -1.373157 0.552200 -0.580218
v -1.404878 0.489945 -0.580143
v -1.415808 0.420934 -0.580117
v -1.404878 0.351923 -0.580143
v -1.373157 0.289667 -0.580218
v -1.323751 0.240261 -0.580335
v -1.261495 0.208540 -0.580482
v -1.192485 0.197610 -0.580645
v -1.123474 0.208540 -0.580809
v -1.061219 0.240261 -0.580956
v -1.011812 0.289668 -0.581073
v -0.980092 0.351923 -0.581148
v -0.982888 0.710240 -0.833020
v -0.982368 0.710240 -0.613028
v -1.482386 0.210740 -0.831838
v -1.481865 0.210740 -0.611846
v -1.038312 0.331684 -0.755154
v -1.193046 0.420934 -0.817946
v -1.014397 0.420934 -0.755211
v -1.038312 0.510184 -0.755154
v -1.103647 0.575519 -0.754999
v -1.192897 0.599434 -0.754788
v -1.282147 0.575519 -0.754577
v -1.347482 0.510184 -0.754423
v -1.371396 0.420934 -0.754366
v -1.347482 0.331684 -0.754423
v -1.282146 0.266348 -0.754577
v -1.192897 0.242434 -0.754788
v -1.103647 0.266348 -0.754999
v -1.220355 0.634114 -0.866489
v -1.165967 0.634114 -0.866617
v -1.155625 0.493202 -0.836698
v -1.230556 0.493202 -0.836521
v -1.404310 0.460947 -0.866054
v -1.387504 0.512673 -0.866093
v -1.250243 0.478898 -0.836474
v -1.273398 0.407634 -0.836419
v -1.296465 0.232483 -0.866309
v -1.340465 0.264452 -0.866205
v -1.265878 0.384490 -0.836437
v -1.205258 0.340446 -0.836581
v -1.045857 0.264451 -0.866901
v -1.089858 0.232483 -0.866797
v -1.180923 0.340446 -0.836638
v -1.120302 0.384490 -0.836782
v -0.998819 0.512673 -0.867013
v -0.982012 0.460947 -0.867052
v -1.112782 0.407634 -0.836799
v -1.135937 0.478898 -0.836744
v -1.146924 0.454476 -0.836718
v -1.175456 0.475206 -0.836651
v -1.146924 0.387392 -0.836718
v -1.136026 0.420934 -0.836744
v -1.210724 0.366662 -0.836568
v -1.175456 0.366662 -0.836651
v -1.250155 0.420934 -0.836474
v -1.239257 0.387392 -0.836500
v -1.210724 0.475206 -0.836568
v -1.239257 0.454476 -0.836500
v -1.239257 0.454476 -0.836500
v -1.232066 0.449276 -0.822069
v -1.241275 0.420934 -0.822047
v -1.250155 0.420934 -0.836474
v -1.232066 0.392591 -0.822069
v -1.239257 0.387392 -0.836500
v -1.207957 0.375075 -0.822126
v -1.210724 0.366662 -0.836568
v -1.178156 0.375075 -0.822196
v -1.175456 0.366662 -0.836651
v -1.154046 0.392591 -0.822254
v -1.146924 0.387392 -0.836718
v -1.144837 0.420934 -0.822275
v -1.136026 0.420934 -0.836744
v -1.154046 0.449276 -0.822254
v -1.146924 0.454476 -0.836718
v -1.178156 0.466793 -0.822196
v -1.175456 0.475206 -0.836651
v -1.207957 0.466793 -0.822126
v -1.210724 0.475206 -0.836568
v -1.232066 0.449276 -0.822069
v -1.193056 0.420934 -0.822161
v -1.241275 0.420934 -0.822047
v -1.232066 0.392591 -0.822069
v -1.207957 0.375075 -0.822126
v -1.178156 0.375075 -0.822196
v -1.154046 0.392591 -0.822254
v -1.144837 0.420934 -0.822275
v -1.154046 0.449276 -0.822254
v -1.178156 0.466793 -0.822196
v -1.207957 0.466793 -0.822126
v -1.165967 0.634114 -0.866617
v -1.154815 0.637773 -0.827885
v -1.145845 0.500480 -0.797889
v -1.155625 0.493202 -0.836698
v -1.387504 0.512673 -0.866093
v -1.387474 0.524323 -0.827334
v -1.254080 0.490360 -0.797633
v -1.250243 0.478898 -0.836474
v -1.265878 0.384490 -0.836437
v -1.340465 0.264452 -0.866205
v -1.351472 0.267993 -0.827419
v -1.277902 0.384295 -0.797577
v -1.089858 0.232483 -0.866797
v -1.096563 0.223022 -0.828022
v -1.184390 0.328863 -0.797798
v -1.180923 0.340446 -0.836638
v -1.112782 0.407634 -0.836799
v -0.982012 0.460947 -0.867052
v -0.975023 0.451559 -0.828310
v -1.102774 0.400670 -0.797991
v -1.230556 0.493202 -0.836521
v -1.240152 0.500480 -0.797666
v -1.231324 0.637773 -0.827704
v -1.220355 0.634114 -0.866489
v -1.411116 0.451559 -0.827278
v -1.404310 0.460947 -0.866054
v -1.273398 0.407634 -0.836419
v -1.283223 0.400670 -0.797564
v -1.289575 0.223022 -0.827566
v -1.296465 0.232483 -0.866309
v -1.205258 0.340446 -0.836581
v -1.201607 0.328863 -0.797757
v -1.120302 0.384490 -0.836782
v -1.108095 0.384295 -0.797979
v -1.034667 0.267993 -0.828169
v -1.045857 0.264451 -0.866901
v -1.135937 0.478898 -0.836744
v -1.131917 0.490360 -0.797922
v -0.998665 0.524323 -0.828254
v -0.998819 0.512673 -0.867013
v -1.131917 0.490360 -0.797922
v -1.135937 0.478898 -0.836744
v -1.155625 0.493202 -0.836698
v -1.145845 0.500480 -0.797889
v -1.112782 0.407634 -0.836799
v -1.102774 0.400670 -0.797991
v -1.108095 0.384295 -0.797979
v -1.120302 0.384490 -0.836782
v -1.205258 0.340446 -0.836581
v -1.180923 0.340446 -0.836638
v -1.184390 0.328863 -0.797798
v -1.201607 0.328863 -0.797757
v -1.265878 0.384490 -0.836437
v -1.277902 0.384295 -0.797577
v -1.283223 0.400670 -0.797564
v -1.273398 0.407634 -0.836419
v -1.230556 0.493202 -0.836521
v -1.250243 0.478898 -0.836474
v -1.254080 0.490360 -0.797633
v -1.240152 0.500480 -0.797666
v 1.350900 0.420934 -0.870422
v 1.338630 0.420934 -0.877907
v 1.328299 0.486158 -0.877883
v 1.339970 0.489945 -0.870397
v 1.298319 0.544998 -0.877812
v 1.308249 0.552200 -0.870322
v 1.251623 0.591694 -0.877701
v 1.258843 0.601606 -0.870205
v 1.192784 0.621674 -0.877562
v 1.196588 0.633327 -0.870057
v 1.127559 0.632005 -0.877408
v 1.127577 0.644258 -0.869894
v 1.062335 0.621674 -0.877254
v 1.058566 0.633327 -0.869731
v 1.003495 0.591694 -0.877114
v 0.996311 0.601606 -0.869584
v 0.956800 0.544998 -0.877004
v 0.946905 0.552200 -0.869467
v 0.926819 0.486158 -0.876933
v 0.915184 0.489945 -0.869392
v 0.916489 0.420934 -0.876909
v 0.904254 0.420934 -0.869366
v 0.926819 0.355709 -0.876933
v 0.915184 0.351923 -0.869392
v 0.956800 0.296869 -0.877004
v 0.946905 0.289667 -0.869467
v 1.003495 0.250174 -0.877114
v 0.996311 0.240261 -0.869584
v 1.062335 0.220193 -0.877253
v 1.058567 0.208540 -0.869731
v 1.127559 0.209863 -0.877408
v 1.127577 0.197610 -0.869894
v 1.127577 0.197610 -0.869894
v 1.127559 0.209863 -0.877408
v 1.192784 0.220193 -0.877562
v 1.196588 0.208540 -0.870057
v 1.251624 0.250174 -0.877701
v 1.258843 0.240261 -0.870205
v 1.298319 0.296869 -0.877812
v 1.308249 0.289667 -0.870322
v 1.328299 0.355709 -0.877883
v 1.339970 0.351923 -0.870397
v 1.338630 0.420934 -0.877907
v 1.312086 0.420934 -0.790632
v 1.303065 0.477892 -0.790610
v 1.328299 0.486158 -0.877883
v 1.276884 0.529275 -0.790549
v 1.298319 0.544998 -0.877812
v 1.236107 0.570053 -0.790452
v 1.251623 0.591694 -0.877701
v 1.184724 0.596234 -0.790331
v 1.192784 0.621674 -0.877562
v 1.127765 0.605255 -0.790196
v 1.127559 0.632005 -0.877408
v 1.070807 0.596234 -0.790061
v 1.062335 0.621674 -0.877254
v 1.019424 0.570053 -0.789940
v 1.003495 0.591694 -0.877114
v 0.978647 0.529275 -0.789843
v 0.956800 0.544998 -0.877004
v 0.952466 0.477892 -0.789781
v 0.926819 0.486158 -0.876933
v 0.943445 0.420934 -0.789760
v 0.916489 0.420934 -0.876909
v 0.952466 0.363975 -0.789781
v 0.926819 0.355709 -0.876933
v 0.978647 0.312592 -0.789843
v 0.956800 0.296869 -0.877004
v 1.019425 0.271815 -0.789940
v 1.003495 0.250174 -0.877114
v 1.070808 0.245634 -0.790061
v 1.062335 0.220193 -0.877253
v 1.127766 0.236612 -0.790196
v 1.127559 0.209863 -0.877408
v 1.127559 0.209863 -0.877408
v 1.127766 0.236612 -0.790196
v 1.184724 0.245634 -0.790331
v 1.192784 0.220193 -0.877562
v 1.236107 0.271815 -0.790452
v 1.251624 0.250174 -0.877701
v 1.276885 0.312593 -0.790549
v 1.298319 0.296869 -0.877812
v 1.303065 0.363976 -0.790610
v 1.328299 0.355709 -0.877883
v 0.904928 0.420934 -0.584361
v 0.917199 0.420934 -0.576877
v 0.927529 0.486158 -0.576901
v 0.915858 0.489945 -0.584387
v 0.957509 0.544998 -0.576972
v 0.947579 0.552200 -0.584462
v 1.004205 0.591694 -0.577083
v 0.996985 0.601607 -0.584579
v 1.063045 0.621674 -0.577222
v 1.059241 0.633327 -0.584726
v 1.128269 0.632005 -0.577376
v 1.128251 0.644258 -0.584890
v 1.193493 0.621674 -0.577530
v 1.197262 0.633327 -0.585053
v 1.252333 0.591694 -0.577670
v 1.259517 0.601607 -0.585200
v 1.299029 0.544998 -0.577780
v 1.308924 0.552200 -0.585317
v 1.329009 0.486158 -0.577851
v 1.340644 0.489945 -0.585392
v 1.339340 0.420934 -0.577875
v 1.351575 0.420934 -0.585418
v 1.329009 0.355709 -0.577851
v 1.340644 0.351923 -0.585392
v 1.299029 0.296869 -0.577780
v 1.308923 0.289667 -0.585317
v 1.252333 0.250174 -0.577670
v 1.259517 0.240261 -0.585200
v 1.193493 0.220193 -0.577530
v 1.197262 0.208540 -0.585053
v 1.128269 0.209863 -0.577376
v 1.128251 0.197610 -0.584890
v 1.128251 0.197610 -0.584890
v 1.128269 0.209863 -0.577376
v 1.063045 0.220193 -0.577222
v 1.059241 0.208540 -0.584726
v 1.004205 0.250174 -0.577083
v 0.996985 0.240261 -0.584579
v 0.957509 0.296870 -0.576972
v 0.947579 0.289668 -0.584462
v 0.927529 0.355709 -0.576901
v 0.915858 0.351923 -0.584387
v 0.917199 0.420934 -0.576877
v 0.943445 0.420934 -0.789760
v 0.952466 0.477892 -0.789781
v 0.927529 0.486158 -0.576901
v 0.978647 0.529275 -0.789843
v 0.957509 0.544998 -0.576972
v 1.019424 0.570053 -0.789940
v 1.004205 0.591694 -0.577083
v 1.070807 0.596234 -0.790061
v 1.063045 0.621674 -0.577222
v 1.127765 0.605255 -0.790196
v 1.128269 0.632005 -0.577376
v 1.184724 0.596234 -0.790331
v 1.193493 0.621674 -0.577530
v 1.236107 0.570053 -0.790452
v 1.252333 0.591694 -0.577670
v 1.276884 0.529275 -0.790549
v 1.299029 0.544998 -0.577780
v 1.303065 0.477892 -0.790610
v 1.329009 0.486158 -0.577851
v 1.312086 0.420934 -0.790632
v 1.339340 0.420934 -0.577875
v 1.303065 0.363976 -0.790610
v 1.329009 0.355709 -0.577851
v 1.276885 0.312593 -0.790549
v 1.299029 0.296869 -0.577780
v 1.236107 0.271815 -0.790452
v 1.252333 0.250174 -0.577670
v 1.184724 0.245634 -0.790331
v 1.193493 0.220193 -0.577530
v 1.127766 0.236612 -0.790196
v 1.128269 0.209863 -0.577376
v 1.128269 0.209863 -0.577376
v 1.127766 0.236612 -0.790196
v 1.070808 0.245634 -0.790061
v 1.063045 0.220193 -0.577222
v 1.019425 0.271815 -0.789940
v 1.004205 0.250174 -0.577083
v 0.978647 0.312592 -0.789843
v 0.957509 0.296870 -0.576972
v 0.952466 0.363975 -0.789781
v 0.927529 0.355709 -0.576901
v 1.451897 0.526312 -0.870661
v 1.468588 0.420934 -0.870701
v 1.430268 0.420934 -0.879466
v 1.415453 0.514477 -0.879431
v 1.403460 0.621375 -0.870547
v 1.372455 0.598864 -0.879329
v 1.328018 0.696818 -0.870368
v 1.305486 0.665834 -0.879170
v 1.232955 0.745255 -0.870143
v 1.221099 0.708831 -0.878971
v 1.127577 0.761945 -0.869894
v 1.127556 0.723647 -0.878750
v 1.022199 0.745255 -0.869645
v 1.034013 0.708831 -0.878528
v 0.927136 0.696818 -0.869420
v 0.949626 0.665834 -0.878329
v 0.851694 0.621375 -0.869242
v 0.882657 0.598864 -0.878170
v 0.803257 0.526312 -0.869127
v 0.839659 0.514477 -0.878069
v 0.786566 0.420934 -0.869088
v 0.824844 0.420934 -0.878033
v 0.803257 0.315555 -0.869127
v 0.839660 0.327390 -0.878069
v 0.851694 0.220492 -0.869242
v 0.882657 0.243003 -0.878170
v 0.927136 0.145049 -0.869420
v 0.949626 0.176033 -0.878329
v 1.022199 0.096612 -0.869645
v 1.034013 0.133036 -0.878528
v 1.127577 0.079922 -0.869894
v 1.127556 0.118220 -0.878749
v 1.232955 0.096613 -0.870143
v 1.221100 0.133036 -0.878971
v 1.328018 0.145050 -0.870368
v 1.305486 0.176034 -0.879170
v 1.403461 0.220493 -0.870547
v 1.372456 0.243004 -0.879329
v 1.451897 0.315556 -0.870661
v 1.415453 0.327391 -0.879431
v 1.467751 0.531439 -0.838814
v 1.485253 0.420934 -0.838855
v 1.416957 0.631127 -0.838693
v 1.337845 0.710240 -0.838506
v 1.238157 0.761033 -0.838271
v 1.127652 0.778536 -0.838009
v 1.017148 0.761033 -0.837748
v 0.917460 0.710240 -0.837512
v 0.838347 0.631127 -0.837325
v 0.787554 0.531439 -0.837205
v 0.770052 0.420934 -0.837163
v 0.787554 0.310429 -0.837205
v 0.838348 0.210740 -0.837325
v 0.917460 0.131628 -0.837512
v 1.017148 0.080834 -0.837748
v 1.127653 0.063332 -0.838009
v 1.238158 0.080834 -0.838270
v 1.337845 0.131628 -0.838506
v 1.416958 0.210741 -0.838693
v 1.467751 0.310429 -0.838814
v 1.339970 0.489945 -0.870397
v 1.350900 0.420934 -0.870422
v 1.308249 0.552200 -0.870322
v 1.258843 0.601606 -0.870205
v 1.196588 0.633327 -0.870057
v 1.127577 0.644258 -0.869894
v 1.058566 0.633327 -0.869731
v 0.996311 0.601606 -0.869584
v 0.946905 0.552200 -0.869467
v 0.915184 0.489945 -0.869392
v 0.904254 0.420934 -0.869366
v 0.915184 0.351923 -0.869392
v 0.946905 0.289667 -0.869467
v 0.996311 0.240261 -0.869584
v 1.058567 0.208540 -0.869731
v 1.127577 0.197610 -0.869894
v 1.196588 0.208540 -0.870057
v 1.258843 0.240261 -0.870205
v 1.308249 0.289668 -0.870322
v 1.339970 0.351923 -0.870397
v 1.467751 0.531439 -0.838814
v 1.468271 0.531439 -0.618822
v 1.485774 0.420934 -0.618863
v 1.485253 0.420934 -0.838855
v 1.416957 0.631127 -0.838693
v 1.417478 0.631127 -0.618702
v 1.127652 0.778536 -0.838009
v 1.128173 0.778536 -0.618017
v 1.238678 0.761033 -0.618279
v 1.238157 0.761033 -0.838271
v 1.017148 0.761033 -0.837748
v 1.017668 0.761033 -0.617756
v 1.128173 0.778536 -0.618017
v 1.127652 0.778536 -0.838009
v 0.917460 0.710240 -0.837512
v 0.917980 0.710240 -0.617520
v 0.838347 0.631127 -0.837325
v 0.838868 0.631127 -0.617333
v 0.770052 0.420934 -0.837163
v 0.770572 0.420934 -0.617171
v 0.788074 0.531439 -0.617213
v 0.787554 0.531439 -0.837205
v 0.787554 0.310429 -0.837205
v 0.788074 0.310429 -0.617213
v 0.917460 0.131628 -0.837512
v 1.017148 0.080834 -0.837748
v 1.017668 0.080834 -0.617756
v 0.917981 0.131628 -0.617520
v 1.127653 0.063332 -0.838009
v 1.128173 0.063332 -0.618017
v 1.238158 0.080834 -0.838270
v 1.238678 0.080834 -0.618279
v 1.128173 0.063332 -0.618017
v 1.127653 0.063332 -0.838009
v 1.337845 0.131628 -0.838506
v 1.416958 0.210741 -0.838693
v 1.417478 0.210741 -0.618701
v 1.338366 0.131628 -0.618514
v 1.467751 0.310429 -0.838814
v 1.468271 0.310429 -0.618822
v 1.452569 0.526312 -0.586899
v 1.416166 0.514477 -0.577958
v 1.430982 0.420934 -0.577993
v 1.469259 0.420934 -0.586939
v 1.404132 0.621375 -0.586785
v 1.373169 0.598864 -0.577856
v 1.328689 0.696818 -0.586606
v 1.306199 0.665834 -0.577698
v 1.233626 0.745255 -0.586381
v 1.221812 0.708831 -0.577498
v 1.128248 0.761945 -0.586132
v 1.128269 0.723647 -0.577277
v 1.022870 0.745255 -0.585883
v 1.034726 0.708831 -0.577055
v 0.927807 0.696818 -0.585658
v 0.950339 0.665834 -0.576856
v 0.852365 0.621375 -0.585479
v 0.883370 0.598864 -0.576697
v 0.803928 0.526312 -0.585365
v 0.840373 0.514477 -0.576596
v 0.787238 0.420934 -0.585325
v 0.825557 0.420934 -0.576561
v 0.803928 0.315555 -0.585365
v 0.840373 0.327390 -0.576596
v 0.852365 0.220492 -0.585479
v 0.883370 0.243003 -0.576697
v 0.927807 0.145049 -0.585658
v 0.950340 0.176033 -0.576856
v 1.022871 0.096612 -0.585883
v 1.034726 0.133036 -0.577055
v 1.128249 0.079922 -0.586132
v 1.128270 0.118220 -0.577277
v 1.233627 0.096613 -0.586381
v 1.221813 0.133036 -0.577498
v 1.328690 0.145050 -0.586606
v 1.306199 0.176034 -0.577698
v 1.404132 0.220493 -0.586785
v 1.373169 0.243004 -0.577856
v 1.452569 0.315556 -0.586899
v 1.416166 0.327391 -0.577958
v 1.485774 0.420934 -0.618863
v 1.468271 0.531439 -0.618822
v 1.417478 0.631127 -0.618702
v 1.338365 0.710240 -0.618514
v 1.238678 0.761033 -0.618279
v 1.128173 0.778536 -0.618017
v 1.017668 0.761033 -0.617756
v 0.917980 0.710240 -0.617520
v 0.838868 0.631127 -0.617333
v 0.788074 0.531439 -0.617213
v 0.770572 0.420934 -0.617171
v 0.788074 0.310429 -0.617213
v 0.838868 0.210740 -0.617333
v 0.917981 0.131628 -0.617520
v 1.017668 0.080834 -0.617756
v 1.128173 0.063332 -0.618017
v 1.238678 0.080834 -0.618279
v 1.338366 0.131628 -0.618514
v 1.417478 0.210741 -0.618701
v 1.468271 0.310429 -0.618822
v 1.340641 0.489945 -0.586635
v 1.351571 0.420934 -0.586660
v 1.308920 0.552200 -0.586559
v 1.259514 0.601606 -0.586443
v 1.197259 0.633327 -0.586295
v 1.128248 0.644258 -0.586132
v 1.059238 0.633327 -0.585969
v 0.996982 0.601607 -0.585822
v 0.947576 0.552200 -0.585705
v 0.915855 0.489945 -0.585630
v 0.904925 0.420934 -0.585604
v 0.915855 0.351923 -0.585630
v 0.947576 0.289667 -0.585705
v 0.996982 0.240261 -0.585822
v 1.059238 0.208540 -0.585969
v 1.128248 0.197610 -0.586132
v 1.197259 0.208540 -0.586295
v 1.259514 0.240261 -0.586443
v 1.308921 0.289668 -0.586559
v 1.340641 0.351923 -0.586635
v 1.337845 0.710240 -0.838506
v 1.338365 0.710240 -0.618514
v 0.838348 0.210740 -0.837325
v 0.838868 0.210740 -0.617333
v 1.282421 0.331684 -0.760641
v 1.127687 0.420934 -0.823433
v 1.306336 0.420934 -0.760697
v 1.282421 0.510184 -0.760641
v 1.217086 0.575519 -0.760486
v 1.127836 0.599434 -0.760275
v 1.038586 0.575519 -0.760064
v 0.973251 0.510184 -0.759909
v 0.949337 0.420934 -0.759853
v 0.973251 0.331684 -0.759909
v 1.038587 0.266348 -0.760064
v 1.127836 0.242434 -0.760275
v 1.217086 0.266348 -0.760486
v 1.100378 0.634114 -0.871975
v 1.154766 0.634114 -0.872104
v 1.165109 0.493202 -0.842185
v 1.090177 0.493202 -0.842007
v 0.916423 0.460947 -0.871540
v 0.933230 0.512673 -0.871580
v 1.070490 0.478898 -0.841961
v 1.047335 0.407634 -0.841906
v 1.024268 0.232483 -0.871795
v 0.980268 0.264451 -0.871691
v 1.054855 0.384490 -0.841924
v 1.115475 0.340446 -0.842067
v 1.274876 0.264451 -0.872388
v 1.230876 0.232483 -0.872284
v 1.139810 0.340446 -0.842125
v 1.200431 0.384490 -0.842268
v 1.321914 0.512673 -0.872499
v 1.338721 0.460947 -0.872539
v 1.207951 0.407634 -0.842286
v 1.184796 0.478898 -0.842231
v 1.173809 0.454476 -0.842205
v 1.145277 0.475206 -0.842138
v 1.173809 0.387392 -0.842205
v 1.184707 0.420934 -0.842231
v 1.110009 0.366662 -0.842054
v 1.145277 0.366662 -0.842138
v 1.070578 0.420934 -0.841961
v 1.081476 0.387392 -0.841987
v 1.110009 0.475206 -0.842054
v 1.081476 0.454476 -0.841987
v 1.081476 0.454476 -0.841987
v 1.088667 0.449276 -0.827556
v 1.079458 0.420934 -0.827534
v 1.070578 0.420934 -0.841961
v 1.088667 0.392591 -0.827556
v 1.081476 0.387392 -0.841987
v 1.112776 0.375075 -0.827613
v 1.110009 0.366662 -0.842054
v 1.142577 0.375075 -0.827683
v 1.145277 0.366662 -0.842138
v 1.166687 0.392591 -0.827740
v 1.173809 0.387392 -0.842205
v 1.175896 0.420934 -0.827762
v 1.184707 0.420934 -0.842231
v 1.166687 0.449276 -0.827740
v 1.173809 0.454476 -0.842205
v 1.142577 0.466793 -0.827683
v 1.145277 0.475206 -0.842138
v 1.112776 0.466793 -0.827613
v 1.110009 0.475206 -0.842054
v 1.088667 0.449276 -0.827556
v 1.127677 0.420934 -0.827648
v 1.079458 0.420934 -0.827534
v 1.088667 0.392591 -0.827556
v 1.112776 0.375075 -0.827613
v 1.142577 0.375075 -0.827683
v 1.166687 0.392591 -0.827740
v 1.175896 0.420934 -0.827762
v 1.166687 0.449276 -0.827740
v 1.142577 0.466793 -0.827683
v 1.112776 0.466793 -0.827613
v 1.154766 0.634114 -0.872104
v 1.165918 0.637773 -0.833371
v 1.174888 0.500480 -0.803376
v 1.165109 0.493202 -0.842185
v 0.933230 0.512673 -0.871580
v 0.933259 0.524323 -0.832821
v 1.066653 0.490360 -0.803120
v 1.070490 0.478898 -0.841961
v 1.054855 0.384490 -0.841924
v 0.980268 0.264451 -0.871691
v 0.969261 0.267993 -0.832906
v 1.042831 0.384295 -0.803064
v 1.230876 0.232483 -0.872284
v 1.224170 0.223022 -0.833509
v 1.136343 0.328863 -0.803285
v 1.139810 0.340446 -0.842125
v 1.207951 0.407634 -0.842286
v 1.338721 0.460947 -0.872539
v 1.345710 0.451559 -0.833797
v 1.217959 0.400670 -0.803478
v 1.090177 0.493202 -0.842007
v 1.080581 0.500480 -0.803153
v 1.089409 0.637773 -0.833190
v 1.100378 0.634114 -0.871975
v 0.909617 0.451559 -0.832765
v 0.916423 0.460947 -0.871540
v 1.047335 0.407634 -0.841906
v 1.037510 0.400670 -0.803051
v 1.031158 0.223022 -0.833053
v 1.024268 0.232483 -0.871795
v 1.115475 0.340446 -0.842067
v 1.119126 0.328863 -0.803244
v 1.200431 0.384490 -0.842268
v 1.212638 0.384295 -0.803465
v 1.286066 0.267993 -0.833655
v 1.274876 0.264451 -0.872388
v 1.184796 0.478898 -0.842231
v 1.188817 0.490360 -0.803409
v 1.322068 0.524323 -0.833741
v 1.321914 0.512673 -0.872499
v 1.188817 0.490360 -0.803409
v 1.184796 0.478898 -0.842231
v 1.165109 0.493202 -0.842185
v 1.174888 0.500480 -0.803376
v 1.207951 0.407634 -0.842286
v 1.217959 0.400670 -0.803478
v 1.212638 0.384295 -0.803465
v 1.200431 0.384490 -0.842268
v 1.115475 0.340446 -0.842067
v 1.139810 0.340446 -0.842125
v 1.136343 0.328863 -0.803285
v 1.119126 0.328863 -0.803244
v 1.054855 0.384490 -0.841924
v 1.042831 0.384295 -0.803064
v 1.037510 0.400670 -0.803051
v 1.047335 0.407634 -0.841906
v 1.090177 0.493202 -0.842007
v 1.070490 0.478898 -0.841961
v 1.066653 0.490360 -0.803120
v 1.080581 0.500480 -0.803153
vn -0.0449 0.3245 0.9448
vn -0.0396 0.3058 0.9513
vn -0.0623 0.6064 0.7927
vn -0.2060 0.6534 0.7284
vn -0.0216 0.0051 0.9998
vn -0.0226 0.0076 0.9997
vn -0.0223 0.0065 0.9997
vn -0.0211 0.0045 0.9998
vn -0.0196 0.0036 0.9998
vn -0.0184 0.0036 0.9998
vn -0.0354 0.2672 0.9630
vn -0.0610 0.5589 0.8270
vn -0.0150 0.0012 0.9999
vn -0.0144 -0.0020 0.9999
vn -0.0173 0.0031 0.9998
vn -0.0079 0.0001 1.0000
vn -0.0031 -0.0001 1.0000
vn -0.0012 0.0020 1.0000
vn -0.0067 0.0001 1.0000
vn -0.0041 0.0004 1.0000
vn 0.0003 0.0039 1.0000
vn 0.0117 0.0368 0.9993
vn 0.0102 0.0161 0.9998
vn 0.0147 0.0222 0.9996
vn 0.0228 0.0324 0.9992
vn 0.6591 0.3965 0.6390
vn 0.3794 0.3684 0.8487
vn 0.3689 0.1744 0.9130
vn 0.6723 0.2461 0.6982
vn 0.0229 0.0945 0.9953
vn 0.0236 0.0787 0.9966
vn 0.0236 0.0713 0.9972
vn 0.0235 0.2271 0.9736
vn 0.0240 0.0094 0.9997
vn 0.0127 0.7489 0.6626
vn 0.0072 0.7503 0.6611
vn 0.0084 0.2580 0.9661
vn 0.0193 0.2580 0.9659
vn 0.0066 0.0326 0.9994
vn -0.0024 0.4161 0.9093
vn -0.1051 0.7904 0.6035
vn -0.1968 0.8172 0.5417
vn -0.4147 0.6421 0.6447
vn -0.5463 0.7944 0.2656
vn -0.6736 0.7036 0.2264
vn -0.6826 0.7298 0.0390
vn -0.5536 0.8317 0.0424
vn -0.6769 0.7349 0.0409
vn -0.0850 0.9496 0.3017
vn -0.2487 0.9284 0.2761
vn -0.0911 0.9377 0.3352
vn -0.0933 0.9950 0.0349
vn -0.0858 0.9954 0.0416
vn -0.0970 0.9260 0.3648
vn -0.0597 0.5155 0.8548
vn -0.0675 0.5797 0.8120
vn -0.1010 0.9420 0.3199
vn -0.0983 0.9173 0.3859
vn -0.0852 0.9962 0.0185
vn -0.0850 0.9962 0.0185
vn -0.0963 0.8951 0.4354
vn 0.9978 0.0467 0.0463
vn 0.9801 0.0727 0.1847
vn 0.9677 0.0847 0.2374
vn 0.9978 0.0467 0.0464
vn -0.8575 0.5142 0.0174
vn -0.8590 0.5119 -0.0053
vn -0.8442 0.5360 -0.0021
vn -0.8477 0.5304 -0.0027
vn 0.7227 0.1304 0.6788
vn 0.9199 0.1954 0.3401
vn 0.8787 0.2880 0.3808
vn 0.0016 0.9870 0.1606
vn 0.0004 0.9871 0.1604
vn 0.0016 0.7516 0.6596
vn 0.0001 0.9999 0.0149
vn -0.0000 0.9999 0.0148
vn 0.0029 0.9868 0.1619
vn 0.0001 0.9999 0.0151
vn 0.7351 -0.0153 0.6778
vn 0.9812 0.0111 0.1929
vn 0.9710 0.0096 0.2390
vn 0.7165 0.0090 0.6976
vn 0.9993 0.0072 0.0354
vn 0.9996 0.0036 0.0277
vn 0.9992 0.0238 0.0307
vn 0.9987 0.0292 0.0422
vn -0.8542 0.5194 0.0233
vn 0.5636 0.6511 0.5084
vn 0.8648 0.4790 0.1502
vn 0.6407 0.7380 0.2119
vn 0.8717 0.3718 0.3192
vn -0.1707 0.9777 0.1225
vn -0.2044 0.9788 0.0150
vn 0.0013 0.4166 0.9091
vn 0.0054 0.4197 0.9077
vn 0.3837 0.7236 0.5737
vn 0.0171 0.7356 0.6772
vn -0.3517 0.9331 0.0750
vn -0.4005 0.9162 0.0147
vn 0.3691 0.0262 0.9290
vn 0.7264 0.0740 0.6833
vn 0.3690 0.0911 0.9249
vn 0.0243 0.0300 0.9993
vn 0.0254 -0.0060 0.9997
vn 0.1996 0.0018 0.9799
vn 0.0245 0.0061 0.9997
vn 0.0233 0.0024 0.9997
vn 0.0033 0.9880 0.1546
vn 0.3516 0.9161 0.1929
vn 0.6536 0.7560 0.0364
vn 0.3371 0.9410 0.0288
vn 0.0002 0.9999 0.0148
vn -0.7486 0.6630 0.0020
vn -0.6063 0.7952 0.0015
vn -0.6120 0.7909 0.0014
vn -0.7487 0.6629 0.0018
vn -0.0734 0.9973 0.0002
vn -0.0845 0.9964 0.0002
vn -0.0845 0.9964 0.0008
vn -0.0735 0.9973 0.0041
vn -0.2762 0.9611 0.0011
vn -0.2799 0.9600 0.0007
vn -0.2496 0.9673 0.0444
vn -0.0660 0.9978 0.0002
vn -0.0661 0.9978 0.0002
vn -0.0435 0.9989 0.0146
vn -0.0451 0.9990 0.0001
vn -0.1008 0.9945 0.0268
vn -0.0000 1.0000 -0.0000
vn 1.0000 -0.0000 -0.0024
vn 0.9998 0.0208 -0.0024
vn 0.8791 0.4749 0.0403
vn -0.2046 0.9789 0.0005
vn -0.4008 0.9162 0.0009
vn 0.2957 -0.0047 0.9553
vn 0.2958 -0.0047 0.9552
vn 0.0111 0.0102 0.9999
vn 0.0066 0.0050 1.0000
vn 0.0076 0.0013 1.0000
vn 0.0134 0.0042 0.9999
vn 0.0192 0.0047 0.9998
vn 0.0183 0.0100 0.9998
vn 0.0024 -0.0000 1.0000
vn -0.0145 0.9860 0.1663
vn -0.0139 0.9860 0.1663
vn 0.0980 0.9812 0.1663
vn 0.0990 0.9811 0.1662
vn -0.1427 0.9762 0.1632
vn -0.1395 0.9767 0.1633
vn 0.3140 0.9344 0.1682
vn 0.3115 0.9353 0.1680
vn 0.6357 0.7508 0.1792
vn 0.6341 0.7522 0.1791
vn 0.7935 0.5810 0.1810
vn -0.4169 0.8978 0.1419
vn -0.7978 0.5923 0.1124
vn -0.7892 0.6036 0.1130
vn -0.9339 0.3441 0.0969
vn -0.9339 0.3441 0.0970
vn 0.0019 0.9730 0.2307
vn 0.0022 0.9733 0.2297
vn 0.0009 0.9723 0.2337
vn -0.0009 0.9739 0.2270
vn -0.0000 0.9727 0.2320
vn 0.0002 0.9725 0.2327
vn -0.0006 0.9733 0.2296
vn -0.6796 0.7107 0.1820
vn -0.6787 0.7115 0.1819
vn -0.7755 0.6025 0.1884
vn -0.3336 0.9268 0.1727
vn -0.3260 0.9295 0.1725
vn -0.0187 0.9867 0.1615
vn -0.0185 0.9867 0.1614
vn 0.1896 0.9678 0.1653
vn 0.1999 0.9657 0.1655
vn 0.6392 0.7507 0.1672
vn 0.6437 0.7468 0.1671
vn 0.8556 0.4953 0.1505
vn -0.0108 0.0012 0.9999
vn -0.0120 -0.0026 0.9999
vn -1.0000 -0.0000 0.0024
vn -0.0012 0.2506 0.9681
vn -0.0016 0.2011 0.9796
vn 0.0006 0.0734 0.9973
vn -0.0006 0.0828 0.9966
vn -0.0040 -0.0035 1.0000
vn -0.0152 0.0497 0.9986
vn -0.0322 0.2354 0.9714
vn -0.0314 0.2231 0.9743
vn -0.0010 0.4173 0.9088
vn -0.8445 0.5355 0.0051
vn -0.8683 0.4961 0.0058
vn -0.8676 0.4973 0.0059
vn -0.8439 0.5365 0.0043
vn -0.8269 0.5624 0.0021
vn -0.8808 0.4734 0.0021
vn 0.1961 0.0150 0.9805
vn 0.6890 0.0324 0.7241
vn 0.9985 0.0441 0.0337
vn 0.9978 0.0467 0.0475
vn 0.9647 0.0407 0.2602
vn 0.0185 0.0141 0.9997
vn 0.0082 0.0119 0.9999
vn 0.0033 -0.0003 1.0000
vn 0.0037 0.0037 1.0000
vn 0.0003 0.0271 0.9996
vn 0.0024 0.0318 0.9995
vn 0.0031 0.0626 0.9980
vn 0.0044 0.3199 0.9474
vn 0.0056 0.0092 0.9999
vn 0.0052 0.0096 0.9999
vn 0.0058 0.0326 0.9995
vn 0.0013 0.0322 0.9995
vn -0.0024 0.0318 0.9995
vn -0.0011 0.4164 0.9092
vn 0.0175 0.0509 0.9985
vn 0.0101 0.0527 0.9986
vn 0.0235 0.0552 0.9982
vn 0.0051 0.1008 0.9949
vn 0.0059 0.0752 0.9972
vn 0.0059 0.0753 0.9971
vn 0.0050 0.1011 0.9949
vn 0.0057 0.0552 0.9985
vn 0.0053 0.0557 0.9984
vn 0.0065 0.0946 0.9955
vn 0.0060 0.0753 0.9971
vn 0.0062 0.0945 0.9955
vn -0.0016 0.0934 0.9956
vn -0.0016 0.0937 0.9956
vn -0.0016 0.0932 0.9956
vn -0.0014 0.0929 0.9957
vn -0.0019 0.0622 0.9981
vn 0.0023 0.0591 0.9982
vn 0.0059 0.0544 0.9985
vn 0.0054 0.0323 0.9995
vn 0.0061 0.0554 0.9984
vn 0.0060 0.0564 0.9984
vn 0.0009 0.1029 0.9947
vn 0.0067 0.0947 0.9955
vn 0.0064 0.0946 0.9955
vn 0.0179 0.0958 0.9952
vn 0.0223 0.0944 0.9953
vn 0.0052 0.0988 0.9951
vn 0.0240 0.0552 0.9982
vn 0.0059 0.0947 0.9955
vn 0.0059 0.0948 0.9955
vn 0.0022 0.0945 0.9955
vn 0.0010 0.0945 0.9955
vn -0.0019 0.0235 0.9997
vn -0.0019 0.0629 0.9980
vn -0.0024 0.0629 0.9980
vn -0.0022 0.0629 0.9980
vn -0.0028 0.0736 0.9973
vn -0.0025 0.0834 0.9965
vn -0.0019 0.0935 0.9956
vn 0.1783 0.8998 0.3983
vn -0.1989 0.8908 0.4085
vn -0.1981 0.8910 0.4084
vn 0.1786 0.8997 0.3983
vn -0.6884 0.5488 0.4743
vn -0.1981 0.8910 0.4085
vn -0.1990 0.8908 0.4085
vn -0.6923 0.5434 0.4748
vn -0.8728 -0.0261 0.4875
vn -0.8724 -0.0313 0.4879
vn -0.8412 -0.2241 0.4922
vn -0.8412 -0.2240 0.4922
vn -0.7896 -0.3465 0.5064
vn -0.7905 -0.3446 0.5064
vn -0.5152 -0.6638 0.5422
vn -0.5167 -0.6626 0.5421
vn -0.1323 -0.8347 0.5346
vn -0.1326 -0.8347 0.5346
vn 0.1807 -0.8277 0.5313
vn 0.1801 -0.8278 0.5314
vn 0.6275 -0.5736 0.5264
vn 0.6262 -0.5750 0.5266
vn 0.8759 -0.1310 0.4644
vn 0.8765 -0.1280 0.4641
vn 0.8956 0.0337 0.4436
vn 0.8956 0.0338 0.4436
vn 0.8759 0.2005 0.4388
vn 0.8766 0.1968 0.4391
vn 0.6268 0.6481 0.4326
vn 0.6247 0.6502 0.4325
vn 0.4481 -0.7190 0.5313
vn 0.1175 -0.8389 0.5315
vn 0.1173 -0.8389 0.5315
vn 0.4492 -0.7184 0.5312
vn 0.7129 -0.4897 0.5020
vn 0.7136 -0.4885 0.5022
vn 0.7757 -0.3978 0.4900
vn 0.7757 -0.3978 0.4899
vn 0.8542 -0.1863 0.4854
vn 0.8533 -0.1903 0.4854
vn 0.7432 0.4696 0.4766
vn 0.7459 0.4648 0.4770
vn 0.2291 0.8847 0.4060
vn 0.0012 0.9203 0.3912
vn -0.1717 0.9001 0.4003
vn -0.1717 0.8999 0.4008
vn -0.6176 0.6500 0.4428
vn -0.6208 0.6468 0.4430
vn -0.8679 0.2012 0.4541
vn -0.8687 0.1973 0.4544
vn -0.8876 0.0345 0.4593
vn -0.8678 -0.1298 0.4797
vn -0.8683 -0.1268 0.4795
vn -0.6177 -0.5739 0.5376
vn -0.6201 -0.5715 0.5375
vn -0.1717 -0.8273 0.5348
vn -0.1716 -0.8274 0.5348
vn 0.0008 -0.8487 0.5289
vn 0.0057 0.0014 1.0000
vn 0.0058 0.0014 1.0000
vn -0.0084 -0.0003 1.0000
vn -0.0011 0.9743 0.2252
vn -0.7118 -0.0021 0.7024
vn -0.7126 -0.0002 0.7016
vn -0.0059 -0.7070 0.7072
vn -0.0021 -0.7072 0.7070
vn -0.0017 -0.7072 0.7070
vn -0.7062 0.0798 0.7035
vn -0.7069 0.0710 0.7037
vn -0.6780 0.0096 0.7350
vn -0.6772 0.0234 0.7354
vn -0.6770 0.0263 0.7355
vn -0.3824 -0.3297 0.8632
vn -0.6983 -0.1982 0.6879
vn -0.6983 -0.1981 0.6879
vn -0.3742 -0.3322 0.8658
vn 0.0020 -0.4268 0.9043
vn 0.0013 -0.4264 0.9045
vn 0.0066 -0.4415 0.8973
vn 0.0049 -0.4294 0.9031
vn -0.9686 0.2484 0.0069
vn -0.9771 0.2125 0.0054
vn -0.9771 0.2125 0.0055
vn -0.9681 0.2506 0.0069
vn -0.9772 0.2124 0.0023
vn 0.6202 -0.2646 0.7385
vn 0.6126 -0.2658 0.7443
vn 0.5994 -0.2678 0.7543
vn 0.7011 -0.0020 0.7131
vn 0.7010 -0.0021 0.7132
vn 0.6945 -0.0840 0.7146
vn 0.6954 -0.0733 0.7148
vn -0.0020 0.7029 0.7113
vn -0.0016 0.7025 0.7117
vn -0.0059 0.7063 0.7079
vn -0.0059 0.7064 0.7078
vn -0.7112 0.1392 0.6890
vn -0.7032 0.0072 0.7110
vn -0.7113 0.1652 0.6832
vn 0.5605 0.6604 0.4996
vn 0.5605 0.6604 0.4997
vn -0.1030 0.9946 0.0148
vn -0.1030 0.9946 0.0151
vn -0.1010 0.9948 0.0119
vn -0.1012 0.9948 0.0129
vn -0.1036 0.9946 0.0002
vn -0.1032 0.9947 0.0002
vn 0.7114 -0.1556 0.6854
vn 0.7126 -0.1289 0.6897
vn 0.7112 0.0070 0.7029
vn 0.7110 0.0070 0.7031
vn 0.0021 -0.7074 0.7068
vn 0.6970 -0.2905 0.6555
vn 0.6970 -0.2905 0.6556
vn 0.6683 -0.2063 0.7147
vn 0.6648 -0.2160 0.7151
vn 0.6362 -0.2643 0.7248
vn 0.6412 -0.2671 0.7194
vn 0.7117 0.0233 0.7021
vn -0.0016 -0.4216 0.9068
vn -0.0020 -0.4175 0.9087
vn -0.6762 0.0719 0.7332
vn -0.6761 0.0719 0.7333
vn -0.6895 0.0537 0.7223
vn 0.7114 0.0532 0.7008
vn 0.6938 0.0699 0.7168
vn -0.0006 0.8225 0.5687
vn -0.3610 0.6534 0.6653
vn -0.3245 0.6775 0.6600
vn -0.6486 0.0764 0.7573
vn 0.6756 0.0730 0.7336
vn 0.0016 0.8296 0.5583
vn 0.0016 0.8302 0.5575
vn 0.0013 0.8214 0.5704
vn 0.0008 0.8214 0.5703
vn 0.0003 0.8384 0.5451
vn 0.0068 -0.4432 0.8964
vn -0.6718 0.2730 0.6886
vn -0.6796 0.2419 0.6925
vn -0.6405 0.3550 0.6810
vn -0.6415 0.3556 0.6797
vn -0.6306 0.3905 0.6708
vn -0.6326 0.3764 0.6769
vn -0.7038 0.2963 0.6457
vn 0.0022 0.6990 0.7151
vn 0.7021 -0.0002 0.7120
vn 0.7025 -0.0002 0.7117
vn -0.9581 0.2862 0.0066
vn -0.9582 0.2862 0.0066
vn -0.0998 0.9950 0.0018
vn 0.0081 -0.6997 0.7144
vn 0.0115 -0.6988 0.7153
vn 0.0135 -0.6983 0.7157
vn 0.0169 -0.6972 0.7167
vn 0.0169 -0.6972 0.7166
vn 0.4960 -0.6967 0.5183
vn 0.5008 -0.6966 0.5138
vn 0.7150 -0.6722 0.1921
vn 0.7189 -0.6678 0.1932
vn 0.9174 -0.3957 0.0426
vn 0.9201 -0.3892 0.0432
vn 0.9955 -0.0677 0.0667
vn 0.2708 -0.6735 0.6878
vn 0.2708 -0.6734 0.6878
vn 0.6719 0.7402 0.0241
vn 0.6770 0.7359 -0.0016
vn 0.6773 0.7357 -0.0016
vn 0.6721 0.7401 0.0238
vn 0.4677 0.7398 0.4837
vn 0.4634 0.7397 0.4880
vn 0.1373 0.7149 0.6856
vn 0.1417 0.7148 0.6848
vn 0.6767 0.7325 0.0748
vn 0.6603 0.7296 0.1781
vn 0.6603 0.7297 0.1778
vn 0.0113 0.7142 0.6999
vn 0.0132 0.7134 0.7007
vn 0.0079 0.7157 0.6983
vn 0.1373 0.7149 0.6857
vn -0.0909 0.6478 0.7564
vn -0.0810 0.6485 0.7569
vn -0.0074 0.6512 0.7588
vn 0.0596 0.6491 0.7584
vn 0.0682 0.6486 0.7581
vn 0.1969 0.6175 0.7615
vn 0.2111 0.6121 0.7620
vn 0.4473 0.5118 0.7335
vn 0.4422 0.5144 0.7348
vn 0.2355 0.5899 0.7723
vn 0.3575 0.5472 0.7568
vn -0.4985 0.4269 0.7545
vn -0.5195 0.4057 0.7520
vn -0.2368 0.6090 0.7570
vn -0.2521 0.6029 0.7570
vn 0.0017 0.6421 0.7667
vn 0.0018 0.6421 0.7667
vn -0.3321 0.5501 0.7662
vn -0.2293 0.5869 0.7765
vn -0.4689 0.4854 0.7379
vn -0.4693 0.4852 0.7378
vn -0.2031 0.6055 0.7695
vn -0.2213 0.5985 0.7700
vn -0.0113 0.6610 0.7503
vn -0.0110 0.6610 0.7503
vn 0.1101 0.6450 0.7562
vn 0.1389 0.6379 0.7575
vn 0.4264 0.4904 0.7601
vn 0.4147 0.4988 0.7611
vn 0.5940 0.3498 0.7244
vn 0.5940 0.3497 0.7245
vn -0.6540 0.2458 0.7155
vn -0.6725 0.2076 0.7104
vn -0.5772 0.1834 0.7958
vn -0.8676 0.2873 0.4059
vn -0.8803 0.2450 0.4064
vn -0.9637 0.2507 0.0915
vn -0.8803 0.2450 0.4063
vn -0.8676 0.2873 0.4058
vn -0.9640 0.2538 0.0789
vn -0.9560 0.2933 0.0032
vn -0.9209 0.3898 0.0029
vn -0.9264 0.3766 0.0011
vn -0.0770 0.8083 0.5837
vn -0.0891 0.8356 0.5421
vn -0.0768 0.8080 0.5842
vn -0.4555 0.3542 0.8167
vn -0.3479 0.4640 0.8147
vn -0.3988 0.4144 0.8181
vn -0.0656 0.7056 0.7056
vn -0.0659 0.7057 0.7055
vn -0.0638 0.7423 0.6670
vn -0.0639 0.7446 0.6645
vn -0.2316 0.5731 0.7861
vn -0.1324 0.6595 0.7399
vn -0.5300 0.0202 0.8477
vn -0.5341 0.0445 0.8442
vn -0.5103 0.0604 0.8579
vn -0.8472 0.3315 0.4151
vn -0.3331 0.1083 0.9366
vn -0.0218 0.0086 0.9997
vn -0.4956 0.1134 0.8611
vn -0.4893 0.1210 0.8637
vn -0.5059 0.0732 0.8595
vn -0.5056 0.0852 0.8586
vn -0.8992 0.4375 0.0022
vn -0.8992 0.4376 0.0031
vn -0.6857 0.7268 0.0392
vn -0.9148 0.4029 0.0285
vn -0.9444 0.3249 0.0512
vn -0.8230 0.5679 0.0095
vn -0.8183 0.5748 0.0019
vn -0.8236 0.5671 0.0095
vn -0.8394 0.5432 0.0215
vn -0.8390 0.5436 0.0211
vn -0.4806 -0.1702 -0.8603
vn -0.2748 0.0616 -0.9595
vn -0.2748 0.0615 -0.9595
vn -0.5113 -0.2088 -0.8337
vn -0.7217 -0.6922 0.0017
vn -0.7360 -0.6004 -0.3127
vn -0.7305 -0.5780 -0.3638
vn 0.2707 0.9625 0.0163
vn 0.2776 0.9606 0.0130
vn 0.2775 0.9606 0.0130
vn 0.2708 0.9625 0.0163
vn -0.0109 0.7318 -0.6814
vn -0.0110 0.7319 -0.6813
vn 0.9930 0.0107 0.1179
vn 0.9931 0.0411 0.1099
vn 0.9967 0.0197 0.0788
vn 0.9997 0.0031 0.0227
vn 0.9997 0.0032 0.0227
vn 0.9893 0.0921 0.1127
vn 0.6666 0.7446 0.0345
vn 0.6306 -0.1335 0.7645
vn 0.6250 -0.1142 0.7722
vn 0.6240 -0.1108 0.7736
vn 0.6180 -0.0915 0.7808
vn 0.7013 -0.7127 0.0161
vn 0.7010 -0.7129 0.0161
vn 0.6951 -0.7187 0.0181
vn 0.8048 0.1346 -0.5780
vn 0.8081 0.1326 -0.5740
vn 0.7859 0.1457 -0.6010
vn 0.8884 0.3661 -0.2770
vn 0.8883 0.3607 -0.2842
vn 0.8232 0.5673 0.0200
vn 0.8230 0.5678 0.0198
vn 0.8141 0.5807 -0.0019
vn 0.8143 0.5804 -0.0019
vn 0.3271 0.3959 -0.8581
vn 0.3621 0.0492 -0.9309
vn 0.3621 0.0492 -0.9308
vn 0.3159 0.4558 -0.8321
vn -0.0156 0.9999 -0.0007
vn 0.1089 0.9425 -0.3158
vn 0.1351 0.9142 -0.3821
vn -0.0159 0.9999 -0.0007
vn -0.0165 0.9999 -0.0000
vn 0.6184 -0.7394 -0.2662
vn 0.5551 -0.8315 0.0224
vn 0.5547 -0.8317 0.0226
vn 0.6236 -0.7108 -0.3254
vn 0.5119 -0.2417 -0.8244
vn 0.5323 -0.2898 -0.7954
vn -0.4275 0.1021 0.8982
vn -0.4259 0.1269 0.8958
vn -0.4413 -0.0673 0.8948
vn -0.4440 -0.0702 0.8933
vn 0.7612 0.2668 0.5912
vn 0.7612 0.2596 0.5942
vn 0.7536 0.3627 0.5482
vn 0.7558 0.3446 0.5568
vn -0.4093 0.2827 0.8675
vn 0.7633 0.5182 0.3858
vn 0.7639 0.5262 0.3736
vn -0.4624 -0.0459 0.8855
vn -0.4613 -0.0504 0.8858
vn -0.4694 -0.0154 0.8828
vn 0.7841 0.0437 0.6191
vn 0.7773 0.1336 0.6147
vn 0.7755 0.1489 0.6136
vn 0.7650 0.6273 0.1460
vn 0.7648 0.6258 0.1532
vn -0.4747 0.8725 0.1161
vn -0.4750 0.8725 0.1145
vn -0.4471 0.8612 0.2417
vn -0.4987 0.8668 -0.0078
vn -0.4985 0.8668 -0.0080
vn 0.7647 0.6430 0.0415
vn 0.7648 0.6429 0.0425
vn -0.5027 0.8645 0.0012
vn -0.5028 0.8644 0.0012
vn -0.0190 0.0478 0.9987
vn -0.0000 -1.0000 -0.0000
vn -0.0849 -0.1848 0.9791
vn -0.1372 -0.2956 0.9454
vn -0.2793 -0.5960 0.7528
vn 0.0323 -0.9979 0.0557
vn 0.2901 -0.9567 0.0247
vn 0.4993 -0.8654 0.0420
vn 0.8302 -0.5570 0.0235
vn 0.6927 -0.7211 0.0114
vn -0.4969 -0.8671 0.0337
vn -0.1829 -0.9826 0.0327
vn -0.6601 -0.7511 0.0016
vn -0.8591 -0.5119 0.0020
vn -0.0848 -0.1847 0.9791
vn -0.9688 0.2476 0.0023
vn -0.9581 0.2864 0.0019
vn -0.9689 0.2476 0.0023
vn -0.5346 -0.0131 0.8450
vn -0.4764 0.0422 0.8782
vn -0.6430 -0.0681 0.7628
vn -0.4948 0.0635 0.8667
vn -0.4729 0.0591 0.8792
vn -0.4732 0.0688 0.8782
vn -0.5116 0.6546 0.5566
vn -0.5396 0.2389 0.8073
vn -0.3793 0.1146 -0.9182
vn -0.4539 0.0906 -0.8864
vn -0.4514 0.2912 -0.8435
vn -0.8265 -0.3606 -0.4322
vn -0.7496 -0.2064 -0.6288
vn -0.6675 -0.1351 -0.7322
vn -0.7848 -0.4877 -0.3825
vn -0.9041 0.4273 -0.0023
vn -0.3442 0.9389 0.0002
vn -0.4061 0.8698 -0.2802
vn -0.4865 -0.8735 0.0198
vn -0.4865 -0.8735 0.0196
vn -0.6314 -0.7680 -0.1068
vn -0.4435 0.8356 -0.3241
vn -0.4845 0.5397 -0.6885
vn -0.5062 0.6162 -0.6033
vn -0.7317 -0.2413 0.6375
vn -0.5949 -0.7935 0.1285
vn -0.4746 0.1382 0.8693
vn -0.8645 -0.3602 0.3506
vn -0.4764 0.8357 0.2732
vn -0.6059 0.5740 0.5508
vn -0.3577 0.1153 -0.9267
vn -0.9671 0.2327 0.1029
vn -0.9666 0.2329 0.1067
vn -0.9638 0.2439 0.1079
vn -0.9638 0.2470 0.1006
vn -0.9617 0.2486 0.1153
vn -0.9637 0.2420 0.1125
vn -0.9632 0.2434 0.1141
vn -0.5766 0.0002 0.8170
vn -0.5767 0.0002 0.8170
vn -0.5768 0.0002 0.8169
vn -0.2279 0.9734 0.0248
vn -0.5631 -0.2680 -0.7817
vn -0.5056 0.1289 -0.8531
vn -0.5590 -0.1912 -0.8068
vn -0.5094 -0.8135 -0.2805
vn -0.5228 -0.7766 -0.3516
vn -0.4134 -0.9094 0.0449
vn -0.0507 0.3973 0.9163
vn -0.0586 0.4830 0.8737
vn -0.0624 0.9978 0.0219
vn -0.0623 0.9978 0.0219
vn -0.0161 0.9999 -0.0000
vn -0.0152 0.0498 0.9986
vn -0.0033 -0.3952 0.9186
vn 0.0013 -0.4556 0.8902
vn 0.0072 -0.5228 0.8524
vn 0.0075 -0.5247 0.8512
vn -0.0512 0.7597 0.6482
vn -0.0516 0.7614 0.6462
vn -0.0534 0.7794 0.6242
vn -0.0527 0.7711 0.6345
vn -0.0498 0.7551 0.6537
vn -0.0491 0.7532 0.6560
vn 0.0112 -0.5480 0.8364
vn 0.0114 -0.5491 0.8357
vn -0.7723 -0.0851 0.6295
vn -0.9093 -0.0833 0.4078
vn -0.9463 -0.0810 0.3131
vn -0.9979 -0.0181 0.0626
vn -0.9946 -0.0819 0.0637
vn -0.9973 -0.0372 0.0630
vn 0.5987 0.0522 0.7992
vn 0.5979 0.1804 0.7810
vn 0.5754 0.3801 0.7242
vn -0.7437 0.6684 0.0080
vn -0.7431 0.6691 0.0083
vn -0.7308 0.6635 0.1603
vn -0.7352 0.6652 0.1307
vn -0.9969 -0.0781 0.0024
vn -0.7408 0.6717 0.0018
vn -0.0481 0.7515 0.6580
vn -0.0478 0.7528 0.6566
vn 0.3143 -0.3812 0.8694
vn 0.3223 -0.3754 0.8690
vn 0.0133 -0.5620 0.8270
vn 0.0133 -0.5621 0.8270
vn -0.4919 -0.3692 0.7885
vn -0.4919 -0.3691 0.7885
vn -0.4920 -0.3690 0.7886
vn -0.2066 0.8491 0.4861
vn -0.2312 0.8560 0.4624
vn -0.3520 0.9210 0.1668
vn -0.3499 0.9235 0.1572
vn -0.2890 0.9573 0.0007
vn -0.3330 0.9429 -0.0007
vn -0.3131 0.9231 0.2234
vn -0.9938 -0.0929 0.0618
vn -0.9952 -0.0793 0.0581
vn -0.3816 0.5744 0.7242
vn -0.2771 0.6434 0.7136
vn -0.0077 -0.3357 0.9419
vn -0.3499 0.9235 0.1571
vn -0.3520 0.9210 0.1667
vn -0.3158 0.9487 0.0167
vn -0.2483 0.8841 0.3959
vn -0.3350 0.9291 0.1563
vn -0.6333 0.5316 0.5624
vn -0.6690 0.5848 0.4588
vn 0.5934 0.8046 0.0209
vn 0.5935 0.8046 0.0209
vn 0.6239 0.7811 0.0248
vn 0.6174 0.7863 0.0239
vn -0.2772 0.6433 0.7137
vn -0.3816 0.5743 0.7243
vn 0.0004 -0.9857 0.1683
vn 0.0008 -0.9857 0.1683
vn 0.0005 -0.9857 0.1683
vn 0.0234 -0.9997 -0.0003
vn 0.0003 -1.0000 -0.0000
vn 0.0235 -0.9997 -0.0001
vn 0.0004 -1.0000 -0.0000
vn 0.0048 0.0099 0.9999
vn 0.0048 0.0089 0.9999
vn 0.0048 0.0079 1.0000
vn 0.0041 0.0089 1.0000
vn 0.0039 0.0053 1.0000
vn 0.0053 0.0081 1.0000
vn 0.0036 0.0076 1.0000
vn 0.0047 0.0076 1.0000
vn 0.0044 0.0078 1.0000
vn 0.0028 0.0080 1.0000
vn 0.0034 0.0086 1.0000
vn 0.2848 0.8509 0.4415
vn 0.0954 0.8961 0.4334
vn 0.2849 0.8508 0.4415
vn -0.8948 0.0044 0.4465
vn -0.8948 0.0041 0.4465
vn -0.8948 0.0035 0.4465
vn -0.8948 0.0035 0.4466
vn -0.8948 0.0039 0.4465
vn 0.0022 -0.8928 0.4504
vn 0.8977 0.0524 0.4376
vn 0.8945 0.0918 0.4375
vn 0.8945 0.0919 0.4375
vn 0.8977 0.0523 0.4376
vn 0.8439 0.3033 0.4426
vn 0.8439 0.3032 0.4426
vn 0.6323 0.6347 0.4442
vn 0.6324 0.6346 0.4442
vn 0.1076 -0.9930 0.0480
vn 0.3985 -0.9171 0.0101
vn 0.0820 -0.9944 0.0667
vn 0.9464 -0.3226 0.0171
vn 0.0100 -0.9974 0.0709
vn -0.3107 -0.9505 0.0097
vn -0.0794 -0.9960 0.0406
vn -0.4923 -0.8676 0.0701
vn -0.6856 -0.7272 0.0332
vn -0.8473 -0.5276 0.0610
vn -0.8473 -0.5277 0.0610
vn 0.5844 -0.8115 -0.0014
vn 0.0042 0.0031 1.0000
vn 0.0041 0.0033 1.0000
vn 0.0042 0.0019 1.0000
vn 0.0042 0.0025 1.0000
vn -0.9876 -0.0834 0.1329
vn -0.9881 -0.0820 0.1303
vn -0.9968 -0.0805 0.0024
vn -0.9876 -0.0835 0.1329
vn -0.9970 -0.0776 0.0024
vn -0.0002 -1.0000 -0.0000
vn -0.0003 -1.0000 -0.0000
vn 0.0044 0.0002 1.0000
vn -0.9246 0.3809 0.0018
vn -0.9570 0.2901 0.0026
vn -0.9001 0.4356 0.0016
vn -0.8998 0.4364 0.0021
vn -0.9003 0.4353 0.0020
vn -0.9687 0.2482 0.0033
vn -0.9691 0.2467 0.0023
vn -0.9686 0.2488 0.0022
vn -0.9243 0.3815 0.0040
vn -0.9002 0.4354 0.0032
vn -0.9002 0.4354 0.0047
vn -0.9244 0.3815 0.0040
vn -0.9004 0.4351 0.0022
vn -0.9005 0.4349 0.0019
vn -0.9002 0.4355 0.0018
vn -0.9687 0.2481 0.0017
vn -0.9688 0.2478 0.0024
vn -0.9577 0.2879 0.0006
vn -0.9577 0.2878 0.0006
vn -0.9686 0.2484 0.0005
vn -0.9245 0.3811 0.0022
vn -0.9580 0.2868 0.0023
vn -0.9688 0.2479 0.0025
vn -0.9689 0.2475 0.0013
vn -0.9688 0.2477 0.0018
vn -0.9580 0.2869 0.0016
vn -0.9246 0.3809 0.0032
vn -0.9246 0.3810 0.0028
vn -0.9580 0.2869 0.0012
vn -0.9005 0.4349 0.0031
vn -0.9004 0.4352 0.0029
vn -0.9003 0.4352 0.0020
vn -0.9004 0.4350 0.0023
vn -0.9003 0.4353 0.0021
vn -0.9003 0.4353 0.0022
vn -0.9688 0.2476 0.0022
vn -0.9689 0.2475 0.0023
vn -0.9689 0.2476 0.0016
vn -0.9688 0.2477 0.0023
vn -0.9688 0.2478 0.0017
vn -0.9688 0.2480 0.0025
vn -0.9001 0.4357 0.0018
vn -0.2883 0.9575 0.0007
vn -0.3548 0.2772 -0.8929
vn -0.3487 0.3086 -0.8849
vn -0.3488 0.3087 -0.8849
vn -0.3537 0.2863 -0.8905
vn -0.4736 -0.4828 -0.7367
vn -0.4736 -0.4827 -0.7367
vn -0.5221 -0.8529 0.0015
vn -0.5373 -0.7487 0.3883
vn -0.5405 -0.7718 0.3348
vn -0.4499 -0.1756 0.8756
vn -0.4696 -0.3012 0.8299
vn -0.3812 0.0842 0.9206
vn -0.3805 0.0915 0.9202
vn -0.3873 0.0392 0.9211
vn -0.3865 0.0441 0.9213
vn -0.3650 0.4111 0.8353
vn -0.3720 0.3611 0.8551
vn -0.2976 0.8925 0.3389
vn -0.2988 0.8842 0.3590
vn -0.2881 0.9130 -0.2889
vn -0.2889 0.9078 -0.3039
vn -0.3397 0.5573 -0.7576
vn -0.3448 0.5221 -0.7801
vn -0.3609 0.2536 -0.8975
vn -0.3607 0.2539 -0.8975
vn -0.3712 0.1499 0.9164
vn -0.3768 0.1118 0.9195
vn -0.3764 0.1151 0.9193
vn -0.3700 0.1578 0.9155
vn -0.3550 0.4617 0.8129
vn -0.3612 0.4166 0.8343
vn -0.2937 0.8997 0.3229
vn -0.2947 0.8926 0.3412
vn -0.2916 0.9066 -0.3052
vn -0.2925 0.9005 -0.3218
vn -0.3490 0.5107 -0.7857
vn -0.3544 0.4705 -0.8081
vn -0.3709 0.1837 -0.9103
vn -0.3708 0.1856 -0.9100
vn -0.3651 0.2145 -0.9059
vn -0.3638 0.2231 -0.9044
vn -0.3599 0.2448 -0.9003
vn -0.3596 0.2446 -0.9005
vn -0.4776 -0.5107 -0.7150
vn -0.4776 -0.5106 -0.7150
vn -0.5222 -0.8528 0.0015
vn -0.5388 -0.7380 0.4063
vn -0.5425 -0.7644 0.3483
vn -0.4435 -0.1202 0.8882
vn -0.4651 -0.2563 0.8474
vn -0.9689 0.2475 0.0016
vn -0.9687 0.2482 0.0018
vn 0.0009 -0.9188 0.3947
vn 0.9970 -0.0000 0.0772
vn -0.9288 -0.0000 0.3707
vn 0.0009 -0.9312 0.3644
vn 0.3394 -0.0000 0.9406
vn 0.0009 0.9312 0.3644
vn -0.3350 -0.0000 0.9422
vn -0.2938 -0.0000 0.9559
vn 0.0005 -0.9807 0.1956
vn 0.0004 -0.9831 0.1833
vn 0.0005 -0.9797 0.2002
vn 0.0004 -0.9822 0.1877
vn 0.9904 -0.1243 -0.0612
vn 0.9918 -0.1256 -0.0247
vn 0.9802 -0.1960 -0.0269
vn 0.9753 -0.2119 -0.0629
vn 0.9698 -0.1957 -0.1454
vn 0.9894 -0.1183 -0.0844
vn 0.9727 -0.2196 -0.0749
vn 0.9922 -0.1247 -0.0023
vn 0.9983 -0.0556 -0.0197
vn 0.9981 -0.0610 -0.0024
vn -0.7875 -0.0000 0.6163
vn -0.9768 -0.0000 0.2143
vn -0.0007 -0.7049 0.7093
vn 0.0003 -0.7059 0.7083
vn -0.2035 -0.7227 0.6606
vn -0.6946 -0.7048 0.1446
vn -0.6913 -0.7037 0.1641
vn -0.5484 -0.7178 0.4291
vn -0.5477 -0.7178 0.4298
vn -0.6952 -0.6956 0.1812
vn -0.6932 -0.6936 0.1959
vn -0.6988 -0.6991 0.1513
vn -0.6961 -0.6965 0.1742
vn -0.7071 -0.7071 0.0017
vn -0.2029 -0.7231 0.6602
vn -0.2030 0.7230 0.6604
vn -0.2029 0.7231 0.6602
vn 0.0011 0.7053 0.7089
vn -0.5483 0.7180 0.4288
vn -0.5492 0.7180 0.4277
vn -0.6917 0.7036 0.1626
vn -0.6948 0.7047 0.1435
vn 0.9976 -0.0376 -0.0574
vn 0.9869 -0.1193 -0.1085
vn 0.9951 0.0095 -0.0983
vn 0.9822 -0.1880 -0.0023
vn 0.9956 -0.0240 -0.0905
vn -0.7060 0.7061 0.0537
vn -0.9995 -0.0000 0.0327
vn -0.9993 0.0001 0.0376
vn -0.9972 0.0001 0.0741
vn -0.9972 0.0001 0.0748
vn -0.9239 0.3827 0.0022
vn -0.3827 0.9239 0.0009
vn -0.0022 0.3889 -0.9213
vn -0.3437 0.3416 -0.8748
vn -0.2435 0.6861 -0.6855
vn -0.0017 0.7071 -0.7071
vn -0.7088 -0.0000 -0.7054
vn -0.6877 0.2418 -0.6845
vn -0.3849 -0.0000 -0.9230
vn -0.9971 -0.0000 0.0759
vn -0.0024 -0.0000 -1.0000
vn 0.1745 -0.7064 0.6859
vn 0.2635 -0.7321 0.6281
vn 0.0018 -0.6351 0.7724
vn -0.0003 -0.9916 -0.1292
vn -0.0003 -0.9913 -0.1315
vn 0.9997 -0.0000 0.0257
vn 0.9988 0.0021 0.0498
vn 0.9994 0.0017 0.0346
vn -0.9903 -0.1388 0.0049
vn -0.9902 -0.1388 0.0126
vn -0.9899 -0.1388 0.0274
vn -0.9899 -0.1388 0.0275
vn -0.0003 -0.9894 -0.1449
vn -0.0003 -0.9910 -0.1336
vn 0.8528 -0.0000 0.5222
vn 0.9912 -0.0000 0.1326
vn 0.9897 -0.0000 0.1430
vn -0.9903 -0.1388 0.0023
vn 0.9987 0.0024 0.0502
vn -0.0013 0.8377 -0.5462
vn -0.9902 -0.1388 -0.0150
vn -0.9902 -0.1388 -0.0182
vn 0.7042 -0.7089 0.0388
vn 0.7048 -0.7075 -0.0518
vn 0.7043 -0.7066 -0.0685
vn 0.7076 -0.7065 0.0113
vn 0.7074 -0.7064 -0.0249
vn 0.5516 -0.7517 0.3616
vn 0.5854 -0.7452 0.3194
vn 0.3327 -0.0000 0.9430
vn 0.3332 -0.0000 0.9429
vn -0.9226 -0.3857 -0.0049
vn -0.9112 -0.4113 0.0251
vn -0.9112 -0.4112 0.0254
vn -0.9219 -0.3874 -0.0014
vn -0.9396 -0.3422 0.0022
vn -0.9353 -0.3534 -0.0188
vn -0.9361 -0.3515 -0.0153
vn 0.9985 0.0052 0.0549
vn 0.9948 -0.1017 -0.0024
vn 0.4427 -0.8967 -0.0021
vn 0.4427 -0.8967 -0.0010
vn 0.4527 -0.2073 -0.8672
vn 0.2301 0.7315 0.6419
vn 0.2297 0.7315 0.6420
vn 0.0034 0.7182 0.6959
vn 0.7070 0.7070 0.0179
vn 0.7070 0.7070 0.0184
vn 0.6908 0.6913 -0.2116
vn 0.6995 0.6998 -0.1448
vn 0.7057 0.6865 -0.1752
vn 0.7191 0.6912 -0.0720
vn 0.6117 0.7114 0.3459
vn 0.5868 0.7139 0.3821
vn -0.6256 -0.4883 -0.6084
vn -0.7107 -0.6841 -0.1642
vn 0.0330 -0.9885 -0.1476
vn 0.1617 -0.8306 -0.5328
vn -0.9490 0.1770 -0.2610
vn -0.9959 0.0482 -0.0769
vn -0.6969 0.6859 0.2093
vn -0.6826 0.7288 0.0532
vn -0.0786 0.8235 0.5618
vn 0.0093 0.9885 0.1512
vn 0.5905 0.5202 0.6171
vn 0.6947 0.7001 0.1652
vn 0.9380 -0.0591 0.3416
vn 0.9958 0.0240 0.0878
vn 0.7882 -0.6049 -0.1134
vn 0.7388 -0.6727 -0.0399
vn 0.1618 -0.8306 -0.5328
vn -0.4106 -0.1533 -0.8988
vn 0.2998 -0.5165 -0.8021
vn -0.8525 0.3019 -0.4269
vn -0.7758 0.5640 0.2829
vn -0.2642 0.5047 0.8219
vn 0.3928 0.1659 0.9045
vn 0.8326 -0.2648 0.4865
vn 0.8077 -0.5508 -0.2101
vn -0.3346 -0.0101 -0.9423
vn 0.3594 -0.3345 -0.8712
vn -0.8271 0.3170 -0.4642
vn -0.8431 0.4608 0.2774
vn -0.3780 0.3416 0.8605
vn 0.3066 0.0254 0.9515
vn 0.8180 -0.3087 0.4854
vn 0.8435 -0.4607 -0.2762
vn -0.3493 -0.0010 -0.9370
vn 0.3966 -0.1931 -0.8974
vn -0.8798 0.1880 -0.4366
vn -0.9130 0.2702 0.3055
vn -0.4364 0.2016 0.8769
vn 0.2890 0.0189 0.9572
vn 0.8590 -0.1782 0.4799
vn 0.9138 -0.2702 -0.3031
vn 0.3967 -0.1932 -0.8974
vn -0.3340 -0.0014 -0.9426
vn 0.4326 -0.0495 -0.9002
vn -0.8988 0.0471 -0.4359
vn -0.9457 0.0683 0.3177
vn -0.4534 0.0505 0.8899
vn 0.3024 0.0036 0.9532
vn 0.8877 -0.0460 0.4582
vn 0.9461 -0.0684 -0.3166
vn 0.4327 -0.0495 -0.9002
vn -0.3499 -0.0693 -0.9342
vn 0.3917 0.0783 -0.9167
vn -0.8852 -0.1760 -0.4306
vn -0.9326 -0.1858 0.3096
vn -0.4662 -0.0931 0.8798
vn 0.2666 0.0527 0.9624
vn 0.8659 0.1722 0.4696
vn 0.9226 0.1838 -0.3392
vn 0.3918 0.0783 -0.9167
vn -0.2702 -0.2680 -0.9248
vn 0.2420 0.2442 -0.9391
vn -0.6395 -0.6385 -0.4282
vn -0.6724 -0.6731 0.3078
vn -0.3477 -0.3497 0.8699
vn 0.1548 0.1525 0.9761
vn 0.6091 0.6078 0.5095
vn 0.6563 0.6571 -0.3708
vn 0.2420 0.2442 -0.9390
vn -0.0715 -0.3482 -0.9347
vn 0.0762 0.3934 -0.9162
vn -0.1771 -0.8843 -0.4320
vn -0.1851 -0.9331 0.3083
vn -0.0912 -0.4683 0.8789
vn 0.0550 0.2648 0.9627
vn 0.1733 0.8650 0.4708
vn 0.1830 0.9233 -0.3378
vn 0.0761 0.3935 -0.9162
vn -0.0023 -0.3177 -0.9482
vn -0.0021 0.4458 -0.8951
vn -0.0011 -0.8951 -0.4458
vn 0.0007 -0.9482 0.3177
vn 0.0021 -0.4458 0.8951
vn 0.0023 0.3177 0.9482
vn 0.0011 0.8951 0.4458
vn -0.0007 0.9482 -0.3177
vn -0.7071 0.7071 0.0017
vn -0.7071 0.7071 0.0106
vn -0.0000 1.0000 0.0089
vn -0.9999 -0.0000 0.0112
vn -0.7071 -0.7071 0.0106
vn -0.0000 -1.0000 0.0089
vn 0.7071 -0.7071 -0.0017
vn 0.7071 -0.7071 0.0072
vn 1.0000 -0.0000 0.0065
vn 0.7071 0.7071 -0.0017
vn 0.7071 0.7071 0.0072
vn 0.8511 0.5120 0.1164
vn 0.8505 0.5260 -0.0020
vn 0.0008 0.9742 0.2257
vn 0.8821 -0.4582 -0.1090
vn 0.8825 -0.4704 -0.0021
vn -0.8504 0.5261 0.0020
vn -0.8503 0.5123 0.1207
vn 0.8520 0.4711 0.2285
vn 0.0010 0.8982 0.4395
vn 0.8815 -0.4234 -0.2093
vn -0.0010 -0.8982 -0.4395
vn -0.0005 -0.9738 -0.2272
vn -0.8824 -0.4233 -0.2051
vn -0.8827 -0.4582 -0.1049
vn -0.8509 0.4711 0.2325
vn -0.8826 -0.4582 -0.1049
vn 0.8524 0.4088 0.3259
vn 0.0015 0.7801 0.6257
vn 0.8810 -0.3681 -0.2973
vn -0.0015 -0.7801 -0.6257
vn -0.8824 -0.3681 -0.2932
vn -0.8509 0.4088 0.3299
vn 0.8526 0.3279 0.4068
vn 0.0018 0.6257 0.7801
vn 0.8808 -0.2952 -0.3702
vn -0.0018 -0.6257 -0.7801
vn -0.8825 -0.2952 -0.3660
vn -0.8507 0.3279 0.4108
vn 0.8525 0.2305 0.4691
vn 0.0021 0.4395 0.8982
vn 0.8810 -0.2072 -0.4254
vn -0.0021 -0.4395 -0.8982
vn -0.8830 -0.2071 -0.4213
vn -0.8503 0.2305 0.4731
vn 0.8523 0.1193 0.5093
vn 0.0023 0.2272 0.9738
vn 0.8813 -0.1069 -0.4603
vn -0.0023 -0.2272 -0.9738
vn -0.8835 -0.1069 -0.4561
vn -0.8498 0.1193 0.5133
vn 0.8581 0.0294 0.5126
vn -0.0003 0.0572 0.9984
vn 0.8743 -0.0278 -0.4845
vn 0.0003 -0.0572 -0.9984
vn -0.8739 -0.0278 -0.4852
vn -0.8585 0.0294 0.5120
vn -0.8740 -0.0278 -0.4852
vn 0.8169 -0.3334 0.4706
vn 0.1016 -0.0400 0.9940
vn 0.8210 -0.3365 -0.4613
vn 0.1113 -0.0471 -0.9927
vn -0.7517 0.3066 -0.5840
vn -0.7592 0.3114 0.5715
vn -0.7517 0.3065 -0.5839
vn 0.3497 -0.8081 0.4740
vn 0.0434 -0.0962 0.9944
vn 0.3515 -0.8165 -0.4580
vn 0.0474 -0.1144 -0.9923
vn -0.3219 0.7432 -0.5866
vn -0.3252 0.7560 0.5680
vn -0.4940 -0.7306 0.4714
vn -0.0841 -0.1274 0.9883
vn -0.5011 -0.7381 -0.4519
vn -0.0985 -0.1422 -0.9849
vn 0.4201 0.6221 -0.6607
vn 0.4324 0.6360 0.6391
vn -0.8046 -0.3025 0.5109
vn 0.0121 0.0037 0.9999
vn -0.8168 -0.3062 -0.4890
vn -0.0121 -0.0037 -0.9999
vn 0.8046 0.3025 -0.5109
vn 0.8168 0.3062 0.4890
vn 0.8047 0.3025 -0.5109
vn 0.9224 -0.3596 0.1407
vn 0.8660 -0.5000 -0.0021
vn -0.0142 -0.9999 0.0054
vn -0.0067 -0.9277 0.3733
vn 0.8245 0.5252 -0.2106
vn 0.8660 0.5000 -0.0020
vn -0.0080 0.9296 -0.3686
vn -0.0133 0.9999 0.0045
vn -0.8322 0.5184 -0.1967
vn -0.8685 0.4950 0.0247
vn -0.9236 -0.3491 0.1580
vn -0.8718 -0.4892 0.0257
vn -0.8718 -0.4893 0.0257
vn -0.9237 -0.3491 0.1580
vn 0.8255 -0.5252 0.2067
vn 0.0009 -0.9293 0.3692
vn 0.9217 0.3596 -0.1451
vn -0.0009 0.9293 -0.3692
vn -0.9224 0.3596 -0.1407
vn -0.8245 -0.5252 0.2106
vn 0.8660 -0.5000 -0.0020
vn -0.8660 0.5000 0.0020
vn -0.8660 -0.5000 0.0020
vn -0.8660 -0.5000 0.0021
vn -0.2018 0.9794 -0.0048
vn -0.5256 0.8169 0.2373
vn -0.9670 -0.0000 0.2547
vn -0.8252 0.0484 -0.5627
vn 0.3690 0.7793 0.5065
vn 0.4520 0.8683 0.2046
vn 0.6602 -0.0374 0.7501
vn 0.9818 -0.0000 0.1899
vn 0.3634 -0.8138 0.4536
vn 0.4519 -0.8683 0.2046
vn -0.2053 -0.9765 -0.0654
vn -0.5256 -0.8170 0.2373
vn -0.8253 0.0484 -0.5627
vn -0.2915 0.8753 -0.3860
vn -0.0710 0.1798 -0.9811
vn -0.2540 0.7961 0.5493
vn 0.0121 0.0012 0.9999
vn 0.2817 -0.8422 0.4597
vn 0.2292 -0.7242 -0.6504
vn -0.5478 0.7452 -0.3803
vn -0.0802 0.1062 -0.9911
vn -0.4675 0.6390 0.6108
vn 0.0802 -0.1061 0.9911
vn 0.5478 -0.7452 0.3803
vn 0.4675 -0.6390 -0.6108
vn -0.0802 0.1061 -0.9911
vn -0.8062 -0.5916 0.0019
vn 0.9987 0.0517 -0.0024
vn 0.9987 0.0518 -0.0024
vn 0.8908 0.4543 -0.0021
vn 0.6624 0.7491 -0.0016
vn 0.3372 0.9414 -0.0008
vn 0.9991 0.0416 -0.0024
vn 0.7357 -0.6773 -0.0017
vn 0.7359 -0.6771 -0.0017
vn 0.2844 0.9587 -0.0007
vn 0.7072 -0.7070 -0.0017
vn 0.7070 -0.7072 -0.0017
vn 0.5554 -0.8315 -0.0013
vn 0.5555 -0.8315 -0.0013
vn 0.7647 0.6444 -0.0018
vn 0.7646 0.6445 -0.0018
vn 0.8815 -0.4722 -0.0021
vn 0.8812 -0.4721 -0.0235
vn 0.0465 -0.9989 -0.0001
vn 0.0464 -0.9989 -0.0010
vn 0.6473 0.7622 -0.0015
vn -0.9115 -0.4114 0.0022
vn -0.8825 -0.4704 0.0021
vn -0.0494 0.3245 -0.9446
vn -0.2094 0.6534 -0.7275
vn -0.0661 0.6064 -0.7924
vn -0.0440 0.3058 -0.9511
vn -0.0264 0.0051 -0.9996
vn -0.0258 0.0045 -0.9997
vn -0.0271 0.0065 -0.9996
vn -0.0273 0.0076 -0.9996
vn -0.0241 0.0038 -0.9997
vn -0.0231 0.0036 -0.9997
vn -0.0400 0.2671 -0.9628
vn -0.0648 0.5589 -0.8267
vn -0.0197 0.0012 -0.9998
vn -0.0220 0.0031 -0.9998
vn -0.0191 -0.0020 -0.9998
vn -0.0126 0.0001 -0.9999
vn -0.0114 0.0001 -0.9999
vn -0.0060 0.0020 -1.0000
vn -0.0078 -0.0001 -1.0000
vn -0.0088 0.0004 -1.0000
vn -0.0045 0.0039 -1.0000
vn 0.0070 0.0368 -0.9993
vn 0.0181 0.0324 -0.9993
vn 0.0100 0.0222 -0.9997
vn 0.0055 0.0161 -0.9999
vn 0.6561 0.3965 -0.6422
vn 0.6690 0.2461 -0.7013
vn 0.3646 0.1744 -0.9147
vn 0.3754 0.3684 -0.8505
vn 0.0182 0.0945 -0.9954
vn 0.0189 0.2271 -0.9737
vn 0.0189 0.0713 -0.9973
vn 0.0189 0.0787 -0.9967
vn 0.0193 0.0094 -0.9998
vn 0.0095 0.7489 -0.6626
vn 0.0147 0.2580 -0.9660
vn 0.0039 0.2580 -0.9661
vn 0.0041 0.7503 -0.6611
vn 0.0018 0.0326 -0.9995
vn -0.0067 0.4161 -0.9093
vn -0.1994 0.8172 -0.5408
vn -0.1079 0.7904 -0.6030
vn -0.4178 0.6421 -0.6428
vn -0.6746 0.7036 -0.2232
vn -0.5475 0.7944 -0.2630
vn -0.6828 0.7297 -0.0358
vn -0.6771 0.7349 -0.0377
vn -0.5538 0.8317 -0.0398
vn -0.0864 0.9496 -0.3013
vn -0.2500 0.9284 -0.2749
vn -0.0927 0.9377 -0.3348
vn -0.0860 0.9954 -0.0412
vn -0.0934 0.9950 -0.0345
vn -0.0987 0.9260 -0.3643
vn -0.0637 0.5155 -0.8545
vn -0.0713 0.5797 -0.8117
vn -0.1026 0.9420 -0.3194
vn -0.1001 0.9173 -0.3854
vn -0.0984 0.8951 -0.4350
vn -0.0851 0.9962 -0.0181
vn -0.0852 0.9962 -0.0181
vn 0.9976 0.0467 -0.0510
vn 0.9976 0.0467 -0.0511
vn 0.9666 0.0847 -0.2420
vn 0.9792 0.0727 -0.1893
vn -0.8576 0.5142 -0.0133
vn -0.8477 0.5304 0.0067
vn -0.8442 0.5360 0.0061
vn -0.8590 0.5119 0.0094
vn 0.7195 0.1304 -0.6822
vn 0.8769 0.2880 -0.3849
vn 0.9182 0.1954 -0.3444
vn 0.0009 0.9870 -0.1606
vn -0.0015 0.7516 -0.6596
vn -0.0003 0.9871 -0.1604
vn -0.0000 0.9999 -0.0148
vn -0.0000 0.9999 -0.0149
vn 0.0021 0.9868 -0.1619
vn 0.0001 0.9999 -0.0151
vn 0.7319 -0.0153 -0.6812
vn 0.7131 0.0090 -0.7010
vn 0.9698 0.0096 -0.2436
vn 0.9802 0.0111 -0.1976
vn 0.9992 0.0072 -0.0402
vn 0.9985 0.0292 -0.0470
vn 0.9991 0.0238 -0.0354
vn 0.9995 0.0036 -0.0324
vn -0.8543 0.5194 -0.0193
vn 0.5612 0.6511 -0.5111
vn 0.6397 0.7380 -0.2149
vn 0.8641 0.4790 -0.1543
vn 0.8702 0.3718 -0.3233
vn -0.1713 0.9777 -0.1216
vn -0.2044 0.9788 -0.0140
vn 0.0010 0.4200 -0.9075
vn -0.0030 0.4166 -0.9091
vn 0.3810 0.7236 -0.5755
vn 0.0139 0.7356 -0.6773
vn -0.3520 0.9331 -0.0733
vn -0.4006 0.9162 -0.0128
vn 0.3647 0.0262 -0.9308
vn 0.3647 0.0911 -0.9267
vn 0.7231 0.0740 -0.6867
vn 0.0196 0.0300 -0.9994
vn 0.0207 -0.0060 -0.9998
vn 0.0185 0.0024 -0.9998
vn 0.0197 0.0061 -0.9998
vn 0.1949 0.0018 -0.9808
vn 0.0025 0.9880 -0.1546
vn 0.3507 0.9161 -0.1945
vn 0.3369 0.9410 -0.0304
vn 0.6534 0.7560 -0.0395
vn 0.0001 0.9999 -0.0148
vn -0.7486 0.6630 0.0015
vn -0.6063 0.7952 0.0014
vn -0.0735 0.9973 -0.0037
vn -0.0845 0.9964 -0.0004
vn -0.2762 0.9611 0.0002
vn -0.2499 0.9673 -0.0432
vn -0.0436 0.9989 -0.0144
vn -0.1009 0.9945 -0.0263
vn 0.8789 0.4749 -0.0444
vn 0.2912 -0.0047 -0.9567
vn 0.2913 -0.0047 -0.9566
vn 0.1950 0.0018 -0.9808
vn 0.0063 0.0101 -0.9999
vn 0.0087 0.0042 -1.0000
vn 0.0029 0.0013 -1.0000
vn 0.0018 0.0050 -1.0000
vn 0.0136 0.0100 -0.9999
vn 0.0145 0.0046 -0.9999
vn -0.0153 0.9860 -0.1661
vn 0.0981 0.9811 -0.1667
vn 0.0972 0.9812 -0.1668
vn -0.0147 0.9860 -0.1662
vn -0.1402 0.9767 -0.1626
vn -0.1434 0.9762 -0.1625
vn 0.3129 0.9346 -0.1693
vn 0.6332 0.7522 -0.1821
vn 0.6349 0.7508 -0.1822
vn 0.3107 0.9353 -0.1694
vn 0.7927 0.5810 -0.1848
vn 0.7927 0.5810 -0.1847
vn -0.4176 0.8978 -0.1399
vn -0.7897 0.6036 -0.1093
vn -0.7983 0.5923 -0.1087
vn -0.9344 0.3441 -0.0926
vn 0.0008 0.9730 -0.2307
vn -0.0002 0.9723 -0.2336
vn 0.0011 0.9733 -0.2297
vn -0.0019 0.9739 -0.2270
vn -0.0017 0.9733 -0.2296
vn -0.0009 0.9725 -0.2327
vn -0.0011 0.9727 -0.2319
vn -0.6804 0.7107 -0.1787
vn -0.7764 0.6025 -0.1848
vn -0.7764 0.6025 -0.1847
vn -0.6796 0.7115 -0.1787
vn -0.3344 0.9267 -0.1712
vn -0.0193 0.9867 -0.1614
vn -0.0194 0.9867 -0.1614
vn -0.3268 0.9295 -0.1711
vn 0.1991 0.9657 -0.1664
vn 0.1888 0.9678 -0.1662
vn 0.6429 0.7468 -0.1701
vn 0.6384 0.7507 -0.1703
vn 0.8549 0.4953 -0.1546
vn -0.0167 -0.0026 -0.9999
vn -0.0155 0.0012 -0.9999
vn -0.0058 0.2506 -0.9681
vn -0.0053 0.0828 -0.9966
vn -0.0041 0.0734 -0.9973
vn -0.0061 0.2010 -0.9796
vn -0.0088 -0.0035 -1.0000
vn -0.0199 0.0497 -0.9986
vn -0.0360 0.2231 -0.9741
vn -0.0368 0.2354 -0.9712
vn -0.0053 0.4173 -0.9088
vn -0.8445 0.5355 -0.0011
vn -0.8439 0.5365 -0.0003
vn -0.8676 0.4973 -0.0018
vn -0.8683 0.4961 -0.0016
vn -0.8269 0.5624 0.0018
vn 0.1914 0.0150 -0.9814
vn 0.6855 0.0324 -0.7273
vn 0.1915 0.0150 -0.9814
vn 0.9983 0.0441 -0.0384
vn 0.9975 0.0467 -0.0523
vn 0.9635 0.0407 -0.2647
vn 0.0138 0.0141 -0.9998
vn 0.0035 0.0119 -0.9999
vn -0.0011 0.0037 -1.0000
vn -0.0014 -0.0003 -1.0000
vn -0.0045 0.0271 -0.9996
vn -0.0017 0.0626 -0.9980
vn -0.0023 0.0318 -0.9995
vn -0.0001 0.3200 -0.9474
vn 0.0008 0.0092 -1.0000
vn 0.0011 0.0326 -0.9995
vn 0.0005 0.0096 -1.0000
vn 0.0004 0.0096 -1.0000
vn -0.0071 0.0318 -0.9995
vn -0.0034 0.0322 -0.9995
vn -0.0054 0.4164 -0.9092
vn 0.0054 0.0527 -0.9986
vn 0.0128 0.0509 -0.9986
vn 0.0188 0.0552 -0.9983
vn 0.0004 0.1008 -0.9949
vn 0.0003 0.1011 -0.9949
vn 0.0012 0.0753 -0.9972
vn 0.0012 0.0752 -0.9972
vn 0.0010 0.0552 -0.9985
vn 0.0006 0.0557 -0.9984
vn 0.0018 0.0946 -0.9955
vn 0.0015 0.0945 -0.9955
vn 0.0013 0.0753 -0.9972
vn -0.0063 0.0934 -0.9956
vn -0.0061 0.0929 -0.9957
vn -0.0065 0.0932 -0.9956
vn -0.0063 0.0937 -0.9956
vn -0.0067 0.0622 -0.9980
vn -0.0025 0.0591 -0.9982
vn 0.0013 0.0548 -0.9985
vn 0.0014 0.0554 -0.9985
vn 0.0007 0.0323 -0.9995
vn 0.0013 0.0564 -0.9984
vn -0.0038 0.1029 -0.9947
vn 0.0020 0.0947 -0.9955
vn 0.0017 0.0946 -0.9955
vn 0.0175 0.0944 -0.9954
vn 0.0131 0.0961 -0.9953
vn 0.0004 0.0988 -0.9951
vn 0.0193 0.0552 -0.9983
vn 0.0012 0.0947 -0.9955
vn -0.0037 0.0943 -0.9955
vn -0.0025 0.0945 -0.9955
vn 0.0012 0.0948 -0.9955
vn -0.0066 0.0235 -0.9997
vn -0.0066 0.0629 -0.9980
vn -0.0068 0.0629 -0.9980
vn -0.0075 0.0736 -0.9973
vn -0.0072 0.0834 -0.9965
vn -0.0067 0.0935 -0.9956
vn 0.1764 0.8998 -0.3991
vn 0.1767 0.8997 -0.3991
vn -0.2000 0.8910 -0.4075
vn -0.2008 0.8908 -0.4075
vn -0.6906 0.5488 -0.4711
vn -0.6945 0.5434 -0.4715
vn -0.2009 0.8908 -0.4075
vn -0.2001 0.8910 -0.4075
vn -0.8750 -0.0261 -0.4833
vn -0.8747 -0.0313 -0.4837
vn -0.8435 -0.2241 -0.4882
vn -0.8435 -0.2240 -0.4882
vn -0.7919 -0.3465 -0.5028
vn -0.7928 -0.3446 -0.5027
vn -0.5177 -0.6638 -0.5397
vn -0.5193 -0.6626 -0.5397
vn -0.1349 -0.8347 -0.5339
vn -0.1351 -0.8347 -0.5340
vn 0.1782 -0.8277 -0.5322
vn 0.1776 -0.8278 -0.5322
vn 0.6237 -0.5750 -0.5295
vn 0.6250 -0.5736 -0.5294
vn 0.8737 -0.1310 -0.4685
vn 0.8743 -0.1280 -0.4683
vn 0.8935 0.0337 -0.4478
vn 0.8935 0.0338 -0.4478
vn 0.8738 0.2005 -0.4429
vn 0.8746 0.1968 -0.4432
vn 0.6226 0.6502 -0.4354
vn 0.6247 0.6481 -0.4356
vn 0.4455 -0.7190 -0.5334
vn 0.4467 -0.7184 -0.5333
vn 0.1148 -0.8389 -0.5320
vn 0.1150 -0.8389 -0.5320
vn 0.7103 -0.4896 -0.5057
vn 0.7112 -0.4885 -0.5056
vn 0.7734 -0.3978 -0.4937
vn 0.7734 -0.3978 -0.4936
vn 0.8521 -0.1863 -0.4892
vn 0.8510 -0.1903 -0.4895
vn 0.7409 0.4696 -0.4801
vn 0.7437 0.4648 -0.4805
vn 0.2272 0.8847 -0.4071
vn 0.2271 0.8847 -0.4071
vn -0.0007 0.9203 -0.3912
vn -0.1736 0.9001 -0.3996
vn -0.1736 0.8999 -0.4000
vn -0.6197 0.6500 -0.4398
vn -0.6228 0.6468 -0.4401
vn -0.8701 0.2012 -0.4500
vn -0.8708 0.1973 -0.4503
vn -0.8898 0.0345 -0.4551
vn -0.8700 -0.1298 -0.4756
vn -0.8706 -0.1268 -0.4754
vn -0.6203 -0.5739 -0.5347
vn -0.6226 -0.5715 -0.5345
vn -0.1743 -0.8273 -0.5340
vn -0.1742 -0.8274 -0.5340
vn -0.0018 -0.8487 -0.5289
vn 0.0010 0.0014 -1.0000
vn 0.0011 0.0014 -1.0000
vn -0.0131 -0.0003 -0.9999
vn -0.0021 0.9743 -0.2251
vn -0.7150 -0.0021 -0.6991
vn -0.7159 -0.0002 -0.6982
vn -0.7151 -0.0021 -0.6990
vn -0.0092 -0.7070 -0.7072
vn -0.0050 -0.7072 -0.7070
vn -0.0054 -0.7072 -0.7070
vn -0.7095 0.0798 -0.7002
vn -0.7102 0.0710 -0.7004
vn -0.6815 0.0096 -0.7318
vn -0.6805 0.0263 -0.7323
vn -0.6807 0.0234 -0.7322
vn -0.6815 0.0096 -0.7317
vn -0.3865 -0.3297 -0.8614
vn -0.3783 -0.3322 -0.8640
vn -0.7015 -0.1981 -0.6846
vn -0.7015 -0.1982 -0.6846
vn -0.0022 -0.4268 -0.9043
vn 0.0006 -0.4294 -0.9031
vn 0.0024 -0.4415 -0.8973
vn -0.0030 -0.4265 -0.9045
vn -0.9687 0.2484 -0.0023
vn -0.9681 0.2506 -0.0023
vn -0.9772 0.2125 -0.0009
vn -0.9772 0.2125 -0.0008
vn 0.6167 -0.2646 -0.7414
vn 0.5958 -0.2678 -0.7572
vn 0.6091 -0.2658 -0.7472
vn 0.6976 -0.0020 -0.7165
vn 0.6920 -0.0733 -0.7181
vn 0.6911 -0.0840 -0.7179
vn 0.6976 -0.0021 -0.7165
vn -0.0054 0.7029 -0.7113
vn -0.0092 0.7063 -0.7079
vn -0.0092 0.7064 -0.7078
vn -0.0050 0.7025 -0.7117
vn -0.7145 0.1392 -0.6857
vn -0.7145 0.1652 -0.6798
vn -0.7065 0.0072 -0.7076
vn -0.7065 0.0072 -0.7077
vn 0.5582 0.6604 -0.5023
vn 0.5581 0.6604 -0.5023
vn -0.1031 0.9946 -0.0143
vn -0.1012 0.9948 -0.0124
vn -0.1011 0.9948 -0.0114
vn -0.1027 0.9946 -0.0147
vn 0.7081 -0.1556 -0.6887
vn 0.7076 0.0070 -0.7066
vn 0.7079 0.0070 -0.7063
vn 0.7093 -0.1289 -0.6930
vn -0.0012 -0.7074 -0.7068
vn 0.6939 -0.2905 -0.6588
vn 0.6939 -0.2905 -0.6589
vn 0.6650 -0.2063 -0.7178
vn 0.6378 -0.2671 -0.7224
vn 0.6327 -0.2643 -0.7279
vn 0.6615 -0.2161 -0.7182
vn 0.7084 0.0233 -0.7055
vn 0.7080 0.0233 -0.7058
vn -0.0059 -0.4216 -0.9068
vn -0.0063 -0.4175 -0.9087
vn -0.6796 0.0719 -0.7300
vn -0.6929 0.0537 -0.7190
vn -0.6796 0.0719 -0.7301
vn 0.7080 0.0532 -0.7042
vn 0.6904 0.0699 -0.7201
vn 0.6904 0.0699 -0.7200
vn -0.0033 0.8225 -0.5687
vn -0.3276 0.6775 -0.6585
vn -0.3642 0.6534 -0.6636
vn -0.6522 0.0764 -0.7542
vn 0.6721 0.0730 -0.7368
vn 0.6722 0.0730 -0.7368
vn -0.0010 0.8296 -0.5583
vn -0.0019 0.8214 -0.5703
vn -0.0014 0.8214 -0.5704
vn -0.0011 0.8302 -0.5575
vn -0.0023 0.8384 -0.5451
vn 0.0026 -0.4431 -0.8965
vn -0.6751 0.2730 -0.6854
vn -0.6829 0.2419 -0.6893
vn -0.6437 0.3550 -0.6780
vn -0.6447 0.3556 -0.6767
vn -0.6337 0.3905 -0.6678
vn -0.6358 0.3764 -0.6739
vn -0.7069 0.2963 -0.6423
vn -0.7068 0.2963 -0.6423
vn -0.0011 0.6990 -0.7151
vn 0.6991 -0.0002 -0.7150
vn 0.6988 -0.0002 -0.7154
vn -0.9582 0.2862 -0.0021
vn -0.0998 0.9950 -0.0014
vn -0.0999 0.9950 -0.0014
vn 0.0047 -0.6997 -0.7144
vn 0.0101 -0.6983 -0.7157
vn 0.0081 -0.6988 -0.7153
vn 0.0135 -0.6972 -0.7167
vn 0.4935 -0.6967 -0.5206
vn 0.7180 -0.6678 -0.1966
vn 0.7141 -0.6722 -0.1955
vn 0.4983 -0.6966 -0.5162
vn 0.9172 -0.3957 -0.0470
vn 0.9951 -0.0677 -0.0714
vn 0.9199 -0.3892 -0.0475
vn 0.2676 -0.6734 -0.6891
vn 0.2676 -0.6735 -0.6891
vn 0.6718 0.7402 -0.0273
vn 0.6719 0.7401 -0.0270
vn 0.4654 0.7398 -0.4859
vn 0.1385 0.7148 -0.6855
vn 0.1340 0.7149 -0.6863
vn 0.4611 0.7397 -0.4902
vn 0.6764 0.7324 -0.0780
vn 0.6595 0.7297 -0.1809
vn 0.6594 0.7296 -0.1812
vn 0.0080 0.7142 -0.6999
vn 0.0046 0.7157 -0.6984
vn 0.0099 0.7134 -0.7007
vn 0.1384 0.7148 -0.6855
vn -0.0945 0.6478 -0.7559
vn -0.0110 0.6512 -0.7588
vn -0.0846 0.6485 -0.7565
vn 0.0645 0.6485 -0.7584
vn 0.0560 0.6491 -0.7587
vn 0.2075 0.6122 -0.7630
vn 0.1933 0.6174 -0.7625
vn 0.4387 0.5144 -0.7369
vn 0.4438 0.5118 -0.7356
vn 0.3539 0.5472 -0.7585
vn 0.2319 0.5899 -0.7734
vn -0.5020 0.4269 -0.7521
vn -0.2556 0.6029 -0.7558
vn -0.2404 0.6090 -0.7558
vn -0.5231 0.4057 -0.7496
vn -0.0018 0.6421 -0.7667
vn -0.0019 0.6421 -0.7667
vn -0.3357 0.5501 -0.7646
vn -0.4728 0.4852 -0.7356
vn -0.4723 0.4854 -0.7357
vn -0.2330 0.5869 -0.7754
vn -0.2249 0.5985 -0.7689
vn -0.2068 0.6055 -0.7685
vn -0.0148 0.6610 -0.7503
vn 0.1353 0.6379 -0.7582
vn 0.1065 0.6450 -0.7567
vn -0.0146 0.6610 -0.7502
vn 0.4111 0.4988 -0.7630
vn 0.4228 0.4905 -0.7620
vn 0.5906 0.3498 -0.7272
vn -0.6573 0.2458 -0.7124
vn -0.6758 0.2075 -0.7073
vn -0.8822 0.2450 -0.4022
vn -0.8695 0.2873 -0.4018
vn -0.5809 0.1834 -0.7930
vn -0.9641 0.2507 -0.0870
vn -0.9644 0.2538 -0.0743
vn -0.8695 0.2873 -0.4017
vn -0.9560 0.2933 0.0014
vn -0.9593 0.2825 0.0031
vn -0.9264 0.3766 0.0033
vn -0.0797 0.8083 -0.5833
vn -0.0796 0.8080 -0.5838
vn -0.0916 0.8356 -0.5416
vn -0.4594 0.3542 -0.8146
vn -0.4594 0.3542 -0.8145
vn -0.4027 0.4145 -0.8161
vn -0.3517 0.4640 -0.8130
vn -0.0690 0.7056 -0.7053
vn -0.0671 0.7446 -0.6642
vn -0.0670 0.7423 -0.6667
vn -0.0692 0.7057 -0.7052
vn -0.1359 0.6595 -0.7393
vn -0.2353 0.5731 -0.7850
vn -0.5340 0.0202 -0.8452
vn -0.5143 0.0604 -0.8555
vn -0.5381 0.0445 -0.8417
vn -0.8492 0.3315 -0.4111
vn -0.3375 0.1083 -0.9351
vn -0.0265 0.0086 -0.9996
vn -0.4997 0.1134 -0.8587
vn -0.5096 0.0852 -0.8562
vn -0.5099 0.0732 -0.8571
vn -0.4934 0.1210 -0.8614
vn -0.9004 0.4351 0.0037
vn -0.9209 0.3898 0.0015
vn -0.6859 0.7268 -0.0360
vn -0.9149 0.4029 -0.0242
vn -0.9446 0.3249 -0.0467
vn -0.8233 0.5676 -0.0056
vn -0.8236 0.5672 -0.0057
vn -0.8395 0.5432 -0.0175
vn -0.8391 0.5436 -0.0172
vn -0.4764 -0.1702 0.8626
vn -0.5072 -0.2089 0.8361
vn -0.2703 0.0615 0.9608
vn -0.2702 0.0615 0.9608
vn -0.7287 -0.5780 0.3672
vn -0.7345 -0.6004 0.3162
vn 0.2707 0.9625 -0.0176
vn 0.2706 0.9625 -0.0176
vn 0.2775 0.9606 -0.0144
vn -0.0078 0.7319 0.6813
vn -0.0076 0.7318 0.6814
vn 0.9926 0.0411 -0.1146
vn 0.9924 0.0107 -0.1226
vn 0.9963 0.0197 -0.0835
vn 0.9996 0.0031 -0.0275
vn 0.9888 0.0921 -0.1174
vn 0.9996 0.0032 -0.0275
vn 0.6665 0.7446 -0.0376
vn 0.6270 -0.1335 -0.7675
vn 0.6203 -0.1108 -0.7765
vn 0.6214 -0.1142 -0.7752
vn 0.6143 -0.0915 -0.7837
vn 0.7012 -0.7127 -0.0194
vn 0.6950 -0.7187 -0.0214
vn 0.7010 -0.7129 -0.0194
vn 0.8076 0.1346 0.5742
vn 0.7887 0.1457 0.5973
vn 0.8108 0.1326 0.5701
vn 0.8897 0.3607 0.2800
vn 0.8897 0.3661 0.2728
vn 0.8231 0.5673 -0.0238
vn 0.8229 0.5678 -0.0237
vn 0.3311 0.3959 0.8565
vn 0.3201 0.4559 0.8305
vn 0.3665 0.0492 0.9291
vn 0.3660 0.0491 0.9293
vn -0.0159 0.9999 0.0008
vn -0.0156 0.9999 0.0008
vn 0.1369 0.9142 0.3815
vn 0.1106 0.9425 0.3153
vn 0.6197 -0.7394 0.2632
vn 0.6254 -0.7106 0.3224
vn 0.5550 -0.8315 -0.0253
vn 0.5550 -0.8315 -0.0250
vn 0.5363 -0.2897 0.7928
vn 0.5155 -0.2418 0.8221
vn -0.4317 0.1021 -0.8962
vn -0.4483 -0.0702 -0.8911
vn -0.4456 -0.0673 -0.8927
vn -0.4301 0.1269 -0.8938
vn 0.7584 0.2668 -0.5948
vn 0.7532 0.3446 -0.5603
vn 0.7510 0.3627 -0.5518
vn 0.7584 0.2596 -0.5978
vn -0.4134 0.2827 -0.8656
vn -0.4134 0.2827 -0.8655
vn 0.7621 0.5262 -0.3772
vn 0.7615 0.5182 -0.3894
vn -0.4665 -0.0459 -0.8833
vn -0.4736 -0.0154 -0.8806
vn -0.4655 -0.0504 -0.8836
vn 0.7812 0.0437 -0.6228
vn 0.7726 0.1489 -0.6172
vn 0.7744 0.1336 -0.6184
vn 0.7640 0.6259 -0.1568
vn 0.7643 0.6273 -0.1496
vn -0.4752 0.8725 -0.1139
vn -0.4483 0.8611 -0.2399
vn -0.4483 0.8612 -0.2396
vn -0.4755 0.8725 -0.1123
vn -0.4986 0.8668 0.0102
vn -0.4985 0.8668 0.0104
vn 0.7645 0.6429 -0.0462
vn 0.7645 0.6430 -0.0452
vn -0.0237 0.0478 -0.9986
vn -0.0895 -0.1848 -0.9787
vn -0.2829 -0.5960 -0.7515
vn -0.1417 -0.2956 -0.9447
vn 0.0320 -0.9979 -0.0558
vn 0.4991 -0.8654 -0.0443
vn 0.2900 -0.9567 -0.0261
vn 0.8301 -0.5570 -0.0275
vn 0.8301 -0.5570 -0.0274
vn 0.6927 -0.7211 -0.0147
vn -0.1831 -0.9826 -0.0318
vn -0.4971 -0.8671 -0.0313
vn -0.0895 -0.1847 -0.9787
vn -0.9687 0.2481 0.0020
vn -0.9581 0.2864 0.0026
vn -0.9570 0.2901 0.0019
vn -0.5386 -0.0131 -0.8425
vn -0.4806 0.0422 -0.8759
vn -0.4770 0.0591 -0.8769
vn -0.4989 0.0634 -0.8643
vn -0.6466 -0.0681 -0.7598
vn -0.4774 0.0688 -0.8760
vn -0.5435 0.2389 -0.8047
vn -0.5142 0.6546 -0.5542
vn -0.3749 0.1146 0.9200
vn -0.4474 0.2912 0.8456
vn -0.4497 0.0906 0.8886
vn -0.8245 -0.3606 0.4361
vn -0.7829 -0.4877 0.3862
vn -0.6641 -0.1351 0.7354
vn -0.7467 -0.2064 0.6324
vn -0.9041 0.4273 0.0066
vn -0.3442 0.9389 0.0014
vn -0.4048 0.8698 0.2821
vn -0.4866 -0.8735 -0.0175
vn -0.6309 -0.7680 0.1098
vn -0.4866 -0.8735 -0.0173
vn -0.4420 0.8356 0.3262
vn -0.5034 0.6162 0.6057
vn -0.4812 0.5397 0.6908
vn -0.5955 -0.7935 -0.1257
vn -0.7347 -0.2413 -0.6340
vn -0.4787 0.1382 -0.8670
vn -0.8661 -0.3602 -0.3465
vn -0.4777 0.8357 -0.2709
vn -0.6085 0.5740 -0.5479
vn -0.3533 0.1153 0.9284
vn -0.9676 0.2327 -0.0983
vn -0.9671 0.2329 -0.1022
vn -0.9671 0.2329 -0.1021
vn -0.9643 0.2439 -0.1033
vn -0.9643 0.2468 -0.0961
vn -0.9623 0.2486 -0.1107
vn -0.9643 0.2419 -0.1079
vn -0.9637 0.2434 -0.1095
vn -0.5806 0.0002 -0.8142
vn -0.2280 0.9734 -0.0237
vn -0.2281 0.9734 -0.0237
vn -0.5593 -0.2681 0.7844
vn -0.5552 -0.1912 0.8094
vn -0.5015 0.1288 0.8555
vn -0.5015 0.1289 0.8555
vn -0.5081 -0.8135 0.2829
vn -0.5211 -0.7765 0.3541
vn -0.4136 -0.9095 -0.0430
vn -0.4136 -0.9094 -0.0430
vn -0.0627 0.4829 -0.8734
vn -0.0550 0.3973 -0.9160
vn -0.0625 0.9978 -0.0216
vn -0.0624 0.9978 -0.0216
vn -0.0199 0.0498 -0.9986
vn -0.0077 -0.3952 -0.9186
vn 0.0035 -0.5248 -0.8512
vn 0.0032 -0.5228 -0.8525
vn -0.0029 -0.4556 -0.8902
vn -0.0543 0.7597 -0.6480
vn -0.0557 0.7711 -0.6343
vn -0.0563 0.7794 -0.6240
vn -0.0547 0.7614 -0.6460
vn -0.0529 0.7551 -0.6534
vn -0.0522 0.7532 -0.6557
vn 0.0074 -0.5491 -0.8357
vn 0.0072 -0.5479 -0.8365
vn -0.7753 -0.0851 -0.6259
vn -0.9477 -0.0810 -0.3086
vn -0.9112 -0.0833 -0.4035
vn -0.9982 -0.0181 -0.0579
vn -0.9976 -0.0372 -0.0582
vn -0.9949 -0.0819 -0.0590
vn 0.5949 0.0522 -0.8021
vn 0.5720 0.3801 -0.7269
vn 0.5942 0.1804 -0.7838
vn -0.7438 0.6684 -0.0045
vn -0.7358 0.6652 -0.1273
vn -0.7316 0.6635 -0.1568
vn -0.7432 0.6691 -0.0048
vn -0.9969 -0.0781 0.0023
vn -0.0512 0.7515 -0.6578
vn -0.0509 0.7528 -0.6563
vn 0.3182 -0.3754 -0.8706
vn 0.3102 -0.3812 -0.8709
vn 0.0094 -0.5620 -0.8271
vn 0.0094 -0.5621 -0.8270
vn -0.4957 -0.3690 -0.7862
vn -0.4957 -0.3691 -0.7862
vn -0.4957 -0.3689 -0.7862
vn -0.2088 0.8491 -0.4851
vn -0.3506 0.9235 -0.1555
vn -0.3528 0.9210 -0.1651
vn -0.2334 0.8560 -0.4613
vn -0.3141 0.9231 -0.2219
vn -0.3330 0.9429 0.0022
vn -0.9940 -0.0929 -0.0571
vn -0.9954 -0.0793 -0.0533
vn -0.3850 0.5743 -0.7224
vn -0.2805 0.6434 -0.7123
vn -0.0122 -0.3357 -0.9419
vn -0.3159 0.9487 -0.0152
vn -0.2501 0.8841 -0.3947
vn -0.3358 0.9291 -0.1547
vn -0.6711 0.5848 -0.4556
vn -0.6360 0.5316 -0.5594
vn 0.5933 0.8046 -0.0237
vn 0.6173 0.7863 -0.0269
vn 0.6238 0.7811 -0.0277
vn 0.5934 0.8046 -0.0237
vn -0.3850 0.5743 -0.7225
vn -0.2806 0.6433 -0.7123
vn -0.0004 -0.9857 -0.1683
vn -0.0000 -0.9857 -0.1683
vn 0.0234 -0.9997 0.0002
vn -0.0000 0.0099 -1.0000
vn -0.0000 0.0089 -1.0000
vn -0.0000 0.0079 -1.0000
vn -0.0008 0.0053 -1.0000
vn -0.0006 0.0089 -1.0000
vn 0.0007 0.0081 -1.0000
vn -0.0011 0.0076 -1.0000
vn -0.0001 0.0072 -1.0000
vn -0.0003 0.0078 -1.0000
vn -0.0020 0.0080 -1.0000
vn -0.0013 0.0086 -1.0000
vn -0.0000 0.0100 -1.0000
vn 0.2827 0.8509 -0.4428
vn 0.2828 0.8508 -0.4428
vn 0.0934 0.8961 -0.4339
vn -0.8969 0.0044 -0.4423
vn -0.8969 0.0039 -0.4423
vn -0.8969 0.0035 -0.4423
vn -0.0000 -0.8928 -0.4504
vn 0.8956 0.0524 -0.4418
vn 0.8924 0.0919 -0.4418
vn 0.8924 0.0918 -0.4418
vn 0.8418 0.3032 -0.4466
vn 0.8418 0.3033 -0.4466
vn 0.6303 0.6346 -0.4472
vn 0.6302 0.6347 -0.4472
vn 0.1074 -0.9930 -0.0485
vn 0.0817 -0.9944 -0.0671
vn 0.3984 -0.9171 -0.0120
vn 0.9463 -0.3226 -0.0215
vn 0.9463 -0.3226 -0.0216
vn 0.0097 -0.9974 -0.0710
vn -0.3107 -0.9505 -0.0083
vn -0.4926 -0.8676 -0.0677
vn -0.0796 -0.9960 -0.0402
vn -0.6857 -0.7272 -0.0299
vn -0.8476 -0.5276 -0.0570
vn -0.8475 -0.5277 -0.0569
vn -0.0006 0.0031 -1.0000
vn -0.0006 0.0025 -1.0000
vn -0.0005 0.0019 -1.0000
vn -0.0006 0.0033 -1.0000
vn -0.9882 -0.0834 -0.1282
vn -0.9882 -0.0835 -0.1282
vn -0.9887 -0.0820 -0.1256
vn 0.0002 -1.0000 -0.0000
vn -0.0004 0.0002 -1.0000
vn -0.9246 0.3809 0.0026
vn -0.9228 0.3854 0.0019
vn -0.9001 0.4356 0.0027
vn -0.9687 0.2482 0.0012
vn -0.9244 0.3815 0.0004
vn -0.9003 0.4354 -0.0004
vn -0.9002 0.4354 0.0011
vn -0.9002 0.4355 0.0024
vn -0.9005 0.4349 0.0023
vn -0.9688 0.2479 0.0021
vn -0.9688 0.2478 0.0022
vn -0.9687 0.2481 0.0028
vn -0.9686 0.2484 0.0041
vn -0.9577 0.2878 0.0039
vn -0.9577 0.2879 0.0038
vn -0.9688 0.2476 0.0025
vn -0.9688 0.2477 0.0028
vn -0.9580 0.2869 0.0031
vn -0.9580 0.2869 0.0033
vn -0.9246 0.3810 0.0016
vn -0.9246 0.3810 0.0011
vn -0.9004 0.4352 0.0010
vn -0.9005 0.4348 0.0012
vn -0.9003 0.4353 0.0023
vn -0.9003 0.4352 0.0023
vn -0.9005 0.4349 0.0011
vn -0.9688 0.2476 0.0024
vn -0.9689 0.2476 0.0030
vn -0.9689 0.2475 0.0022
vn -0.9689 0.2476 0.0024
vn -0.9688 0.2478 0.0029
vn -0.9003 0.4353 0.0011
vn -0.9001 0.4357 0.0025
vn -0.3511 0.2775 0.8943
vn -0.3493 0.2860 0.8923
vn -0.3444 0.3085 0.8867
vn -0.3447 0.3088 0.8865
vn -0.4701 -0.4827 0.7389
vn -0.4701 -0.4828 0.7389
vn -0.5221 -0.8529 0.0010
vn -0.5421 -0.7718 -0.3323
vn -0.5391 -0.7487 -0.3857
vn -0.4735 -0.3012 -0.8277
vn -0.4541 -0.1756 -0.8735
vn -0.3849 0.0915 -0.9184
vn -0.3854 0.0842 -0.9189
vn -0.3908 0.0441 -0.9194
vn -0.3918 0.0393 -0.9192
vn -0.3760 0.3611 -0.8533
vn -0.3694 0.4110 -0.8334
vn -0.3005 0.8842 -0.3575
vn -0.2992 0.8925 -0.3375
vn -0.2875 0.9078 0.3053
vn -0.2868 0.9130 0.2903
vn -0.3411 0.5221 0.7817
vn -0.3361 0.5573 0.7592
vn -0.3565 0.2539 0.8992
vn -0.3567 0.2536 0.8992
vn -0.3755 0.1499 -0.9146
vn -0.3743 0.1578 -0.9138
vn -0.3807 0.1151 -0.9175
vn -0.3812 0.1118 -0.9177
vn -0.3651 0.4166 -0.8325
vn -0.3588 0.4617 -0.8112
vn -0.2963 0.8926 -0.3398
vn -0.2953 0.8997 -0.3215
vn -0.2909 0.9005 0.3232
vn -0.2901 0.9066 0.3066
vn -0.3508 0.4707 0.8096
vn -0.3452 0.5107 0.7874
vn -0.3665 0.1856 0.9117
vn -0.3666 0.1837 0.9121
vn -0.3596 0.2231 0.9061
vn -0.3608 0.2145 0.9076
vn -0.3554 0.2446 0.9022
vn -0.3555 0.2448 0.9020
vn -0.4742 -0.5106 0.7172
vn -0.4742 -0.5107 0.7172
vn -0.5222 -0.8528 0.0010
vn -0.5442 -0.7644 -0.3457
vn -0.5407 -0.7380 -0.4037
vn -0.4691 -0.2563 -0.8451
vn -0.4477 -0.1202 -0.8861
vn -0.9004 0.4351 0.0014
vn -0.9004 0.4351 0.0020
vn -0.9689 0.2475 0.0029
vn -0.9688 0.2479 0.0029
vn -0.0009 -0.9188 -0.3947
vn 0.9966 -0.0000 -0.0819
vn -0.9305 -0.0000 -0.3663
vn -0.0009 -0.9312 -0.3644
vn 0.3350 -0.0000 -0.9422
vn -0.0009 0.9312 -0.3644
vn -0.3394 -0.0000 -0.9406
vn -0.2983 -0.0000 -0.9545
vn -0.0005 -0.9807 -0.1956
vn -0.0004 -0.9822 -0.1877
vn -0.0005 -0.9797 -0.2002
vn -0.0004 -0.9831 -0.1833
vn 0.9906 -0.1243 0.0565
vn 0.9756 -0.2118 0.0582
vn 0.9803 -0.1960 0.0223
vn 0.9919 -0.1256 0.0200
vn 0.9705 -0.1957 0.1408
vn 0.9874 -0.1193 0.1038
vn 0.9396 -0.2013 0.2768
vn 0.9983 -0.0556 0.0149
vn -0.7904 -0.0000 -0.6126
vn -0.9778 -0.0000 -0.2097
vn -0.0041 -0.7049 -0.7093
vn -0.2066 -0.7227 -0.6596
vn -0.0030 -0.7059 -0.7083
vn -0.6952 -0.7048 -0.1413
vn -0.5497 -0.7178 -0.4272
vn -0.5504 -0.7178 -0.4265
vn -0.6921 -0.7037 -0.1608
vn -0.6941 -0.6936 -0.1926
vn -0.6960 -0.6956 -0.1779
vn -0.6995 -0.6991 -0.1480
vn -0.6969 -0.6965 -0.1709
vn -0.2060 -0.7231 -0.6593
vn 0.9898 -0.1183 0.0797
vn 0.9731 -0.2196 0.0703
vn -0.2061 0.7230 -0.6594
vn -0.0023 0.7050 -0.7092
vn -0.0022 0.7053 -0.7089
vn -0.5503 0.7180 -0.4262
vn -0.6956 0.7047 -0.1402
vn -0.6925 0.7036 -0.1594
vn -0.5512 0.7180 -0.4251
vn -0.2060 0.7231 -0.6593
vn 0.9979 -0.0376 0.0527
vn 0.9960 -0.0240 0.0858
vn 0.9956 0.0095 0.0936
vn -0.7063 0.7061 -0.0504
vn -0.9995 0.0001 -0.0329
vn -0.9996 -0.0000 -0.0280
vn -0.9975 0.0001 -0.0701
vn -0.9976 0.0001 -0.0694
vn 0.0022 0.3889 0.9213
vn 0.0017 0.7071 0.7071
vn -0.2402 0.6861 0.6867
vn -0.3395 0.3416 0.8764
vn -0.7054 -0.0000 0.7088
vn -0.3805 -0.0000 0.9248
vn -0.6845 0.2418 0.6877
vn -0.9975 -0.0000 -0.0712
vn 0.1713 -0.7064 -0.6867
vn -0.0018 -0.6351 -0.7724
vn 0.2606 -0.7324 -0.6291
vn 0.0003 -0.9916 0.1292
vn 0.0003 -0.9913 0.1315
vn 0.9995 -0.0000 -0.0305
vn 0.9992 0.0017 -0.0393
vn 0.9985 0.0021 -0.0545
vn -0.9903 -0.1388 -0.0002
vn -0.9901 -0.1388 -0.0229
vn -0.9901 -0.1388 -0.0227
vn -0.9903 -0.1388 -0.0079
vn 0.0003 -0.9894 0.1449
vn 0.0003 -0.9910 0.1336
vn 0.8504 -0.0000 -0.5262
vn 0.9890 -0.0000 -0.1477
vn 0.9905 -0.0000 -0.1373
vn 0.9985 0.0024 -0.0549
vn 0.0013 0.8377 0.5462
vn -0.9901 -0.1388 0.0196
vn -0.9901 -0.1388 0.0229
vn 0.7040 -0.7089 -0.0422
vn 0.7046 -0.7066 0.0652
vn 0.7051 -0.7075 0.0485
vn 0.7076 -0.7064 -0.0146
vn 0.5839 -0.7451 -0.3222
vn 0.5498 -0.7517 -0.3642
vn 0.7075 -0.7064 0.0215
vn 0.3282 -0.0000 -0.9446
vn 0.3287 -0.0000 -0.9444
vn -0.9226 -0.3857 0.0092
vn -0.9219 -0.3874 0.0057
vn -0.9113 -0.4112 -0.0211
vn -0.9113 -0.4113 -0.0208
vn -0.9352 -0.3534 0.0233
vn -0.9360 -0.3515 0.0197
vn 0.9982 0.0052 -0.0596
vn 0.4427 -0.8967 -0.0000
vn 0.4568 -0.2073 0.8651
vn 0.2270 0.7315 -0.6429
vn 0.0001 0.7182 -0.6959
vn 0.2266 0.7315 -0.6431
vn 0.7069 0.7070 -0.0213
vn 0.7002 0.6998 0.1414
vn 0.6918 0.6913 0.2084
vn 0.7069 0.7070 -0.0218
vn 0.7065 0.6865 0.1718
vn 0.5850 0.7139 -0.3849
vn 0.6101 0.7114 -0.3488
vn 0.7194 0.6912 0.0686
vn -0.6227 -0.4883 0.6114
vn 0.1643 -0.8306 0.5321
vn 0.0337 -0.9885 0.1475
vn -0.7099 -0.6841 0.1675
vn -0.9477 0.1770 0.2655
vn -0.9955 0.0482 0.0816
vn -0.6979 0.6859 -0.2060
vn -0.6829 0.7288 -0.0499
vn -0.0813 0.8235 -0.5614
vn 0.0086 0.9885 -0.1512
vn 0.5876 0.5202 -0.6198
vn 0.6939 0.7001 -0.1685
vn 0.9364 -0.0591 -0.3461
vn 0.9954 0.0240 -0.0925
vn 0.7887 -0.6049 0.1097
vn 0.7390 -0.6727 0.0364
vn 0.1643 -0.8306 0.5320
vn -0.4064 -0.1533 0.9008
vn 0.3036 -0.5165 0.8007
vn -0.8504 0.3019 0.4308
vn -0.7771 0.5640 -0.2793
vn -0.2681 0.5047 -0.8206
vn 0.3885 0.1659 -0.9064
vn 0.8302 -0.2648 -0.4905
vn 0.8087 -0.5508 0.2063
vn -0.3301 -0.0102 0.9439
vn 0.3635 -0.3345 0.8695
vn -0.8249 0.3170 0.4681
vn -0.8444 0.4608 -0.2734
vn -0.3821 0.3416 -0.8586
vn 0.3021 0.0255 -0.9530
vn 0.8157 -0.3087 -0.4892
vn 0.8448 -0.4607 0.2722
vn -0.3448 -0.0010 0.9387
vn 0.4009 -0.1932 0.8955
vn -0.8777 0.1880 0.4408
vn -0.9145 0.2702 -0.3012
vn -0.4406 0.2016 -0.8748
vn 0.2844 0.0189 -0.9585
vn 0.8568 -0.1782 -0.4840
vn 0.9153 -0.2702 0.2988
vn -0.3295 -0.0014 0.9441
vn 0.4369 -0.0496 0.8982
vn -0.8966 0.0471 0.4403
vn -0.9473 0.0683 -0.3129
vn -0.4573 0.0506 -0.8879
vn 0.2979 0.0036 -0.9546
vn 0.8855 -0.0460 -0.4624
vn 0.9476 -0.0684 0.3121
vn 0.4369 -0.0496 0.8981
vn -0.3454 -0.0694 0.9359
vn 0.3961 0.0783 0.9149
vn -0.8831 -0.1760 0.4350
vn -0.9340 -0.1858 -0.3052
vn -0.4708 -0.0932 -0.8773
vn 0.2622 0.0528 -0.9636
vn 0.8637 0.1722 -0.4736
vn 0.9242 0.1838 0.3347
vn 0.3961 0.0783 0.9148
vn -0.2658 -0.2680 0.9260
vn 0.2464 0.2442 0.9379
vn -0.6375 -0.6385 0.4312
vn -0.6739 -0.6731 -0.3047
vn -0.3518 -0.3497 -0.8683
vn 0.1501 0.1525 -0.9768
vn 0.6066 0.6078 -0.5124
vn 0.6580 0.6571 0.3677
vn -0.0671 -0.3482 0.9350
vn 0.0805 0.3934 0.9158
vn -0.1750 -0.8843 0.4328
vn -0.1865 -0.9331 -0.3074
vn -0.0953 -0.4683 -0.8784
vn 0.0505 0.2648 -0.9630
vn 0.1711 0.8650 -0.4716
vn 0.1846 0.9233 0.3369
vn 0.0805 0.3935 0.9158
vn 0.0022 -0.3177 0.9482
vn 0.0021 0.4458 0.8951
vn 0.0010 -0.8951 0.4458
vn -0.0008 -0.9482 -0.3177
vn -0.0021 -0.4458 -0.8951
vn -0.0022 0.3177 -0.9482
vn -0.0010 0.8951 -0.4458
vn 0.0008 0.9482 0.3177
vn -0.0000 1.0000 -0.0089
vn -0.7071 0.7071 -0.0072
vn -1.0000 -0.0000 -0.0065
vn -0.7071 -0.7071 -0.0072
vn -0.0000 -1.0000 -0.0089
vn 0.7070 -0.7071 -0.0105
vn 0.7071 -0.7071 -0.0105
vn 0.9999 -0.0000 -0.0112
vn 0.7071 0.7071 -0.0106
vn 0.8505 0.5120 -0.1205
vn -0.0003 0.9742 -0.2257
vn 0.8826 -0.4582 0.1048
vn -0.8508 0.5124 -0.1166
vn 0.8509 0.4711 -0.2325
vn -0.0010 0.8982 -0.4395
vn 0.8824 -0.4234 0.2051
vn 0.0010 -0.8982 0.4395
vn 0.0005 -0.9738 0.2272
vn -0.8815 -0.4234 0.2092
vn -0.8821 -0.4582 0.1090
vn -0.8520 0.4711 -0.2285
vn 0.8509 0.4088 -0.3299
vn -0.0015 0.7801 -0.6257
vn 0.8824 -0.3681 0.2932
vn 0.0015 -0.7801 0.6257
vn -0.8810 -0.3681 0.2973
vn -0.8524 0.4088 -0.3259
vn 0.8507 0.3279 -0.4108
vn -0.0018 0.6257 -0.7801
vn 0.8825 -0.2952 0.3660
vn 0.0018 -0.6257 0.7801
vn -0.8808 -0.2952 0.3702
vn -0.8526 0.3279 -0.4068
vn -0.8808 -0.2953 0.3702
vn 0.8503 0.2305 -0.4731
vn -0.0021 0.4395 -0.8982
vn 0.8830 -0.2072 0.4213
vn 0.0021 -0.4395 0.8982
vn -0.8810 -0.2072 0.4254
vn -0.8525 0.2305 -0.4691
vn 0.8498 0.1193 -0.5133
vn -0.0023 0.2272 -0.9738
vn 0.8835 -0.1069 0.4561
vn 0.0023 -0.2272 0.9738
vn -0.8813 -0.1069 0.4603
vn -0.8523 0.1193 -0.5093
vn -0.8813 -0.1070 0.4603
vn 0.8557 0.0294 -0.5167
vn -0.0051 0.0572 -0.9983
vn 0.8766 -0.0278 0.4805
vn 0.0051 -0.0572 0.9983
vn -0.8716 -0.0278 0.4894
vn -0.8609 0.0294 -0.5080
vn -0.8716 -0.0278 0.4893
vn 0.8147 -0.3334 -0.4745
vn 0.0969 -0.0400 -0.9945
vn 0.8231 -0.3365 0.4574
vn 0.1160 -0.0471 0.9921
vn -0.7489 0.3065 0.5875
vn -0.7619 0.3114 -0.5679
vn 0.3474 -0.8081 -0.4756
vn 0.0387 -0.0962 -0.9946
vn 0.3537 -0.8165 0.4563
vn 0.0521 -0.1144 0.9921
vn -0.3191 0.7432 0.5881
vn -0.3279 0.7560 -0.5665
vn -0.4962 -0.7306 -0.4691
vn -0.0888 -0.1274 -0.9879
vn -0.4989 -0.7381 0.4542
vn -0.0938 -0.1422 0.9854
vn 0.4232 0.6221 0.6587
vn 0.4294 0.6360 -0.6412
vn -0.8071 -0.3025 -0.5071
vn 0.0074 0.0037 -1.0000
vn -0.8145 -0.3062 0.4929
vn -0.0074 -0.0037 1.0000
vn 0.8071 0.3025 0.5071
vn 0.8144 0.3062 -0.4929
vn 0.9218 -0.3596 -0.1451
vn -0.0085 -0.9277 -0.3733
vn -0.0142 -0.9999 -0.0054
vn 0.8255 0.5252 0.2067
vn -0.0063 0.9296 0.3686
vn -0.0134 0.9999 -0.0045
vn -0.8313 0.5184 0.2007
vn -0.8686 0.4950 -0.0206
vn -0.9244 -0.3491 -0.1537
vn -0.8719 -0.4892 -0.0216
vn -0.8719 -0.4893 -0.0216
vn 0.8245 -0.5252 -0.2106
vn -0.0009 -0.9293 -0.3692
vn 0.9224 0.3596 0.1407
vn 0.0009 0.9293 0.3692
vn -0.9218 0.3596 0.1451
vn -0.8255 -0.5252 -0.2067
vn -0.2018 0.9794 0.0057
vn -0.8226 0.0484 0.5666
vn -0.9682 -0.0000 -0.2501
vn -0.5267 0.8169 -0.2348
vn 0.3666 0.7793 -0.5083
vn 0.4510 0.8683 -0.2068
vn 0.6567 -0.0374 -0.7532
vn 0.9809 -0.0000 -0.1945
vn 0.3613 -0.8138 -0.4553
vn 0.4510 -0.8683 -0.2068
vn -0.2050 -0.9765 0.0664
vn -0.5267 -0.8170 -0.2349
vn -0.8226 0.0485 0.5666
vn -0.2896 0.8753 0.3873
vn -0.0663 0.1798 0.9815
vn -0.2566 0.7961 -0.5481
vn 0.0074 0.0012 -1.0000
vn 0.2797 -0.8422 -0.4610
vn 0.2323 -0.7242 0.6493
vn -0.5460 0.7452 0.3829
vn -0.0755 0.1062 0.9915
vn -0.4704 0.6390 -0.6086
vn 0.0755 -0.1062 -0.9915
vn 0.5460 -0.7452 -0.3829
vn 0.4704 -0.6390 0.6085
vn -0.0755 0.1061 0.9915
vn 0.8813 -0.4721 0.0193
vn 0.0465 -0.9989 0.0006
vn 0.2278 -0.0000 -0.9737
vn 0.2281 0.4866 -0.8433
vn 0.4890 0.4356 -0.7557
vn 0.4888 -0.0000 -0.8724
vn 0.2290 0.8428 -0.4871
vn 0.4898 0.7545 -0.4368
vn 0.2301 0.9732 -0.0005
vn 0.4908 0.8713 -0.0012
vn 0.2313 0.8428 0.4860
vn 0.4919 0.7545 0.4345
vn 0.2321 0.4866 0.8422
vn 0.4926 0.4356 0.7534
vn 0.2324 -0.0000 0.9726
vn 0.4929 -0.0000 0.8701
vn 0.2321 -0.4866 0.8422
vn 0.4926 -0.4356 0.7534
vn 0.2313 -0.8428 0.4860
vn 0.4919 -0.7545 0.4345
vn 0.2301 -0.9732 -0.0005
vn 0.4909 -0.8712 -0.0011
vn 0.2301 -0.9732 -0.0006
vn 0.2290 -0.8428 -0.4871
vn 0.4898 -0.7545 -0.4368
vn 0.4908 -0.8713 -0.0012
vn 0.2281 -0.4866 -0.8433
vn 0.4890 -0.4356 -0.7557
vn 0.7443 0.3331 -0.5788
vn 0.7441 -0.0000 -0.6680
vn 0.7449 0.5770 -0.3349
vn 0.7457 0.6663 -0.0018
vn 0.7465 0.5770 0.3314
vn 0.7471 0.3331 0.5752
vn 0.7473 -0.0000 0.6645
vn 0.7471 -0.3331 0.5753
vn 0.7465 -0.5770 0.3314
vn 0.7457 -0.6663 -0.0017
vn 0.7449 -0.5770 -0.3349
vn 0.7457 -0.6663 -0.0018
vn 0.7443 -0.3331 -0.5788
vn 0.4908 -0.8712 -0.0011
vn 0.4908 0.8712 -0.0012
vn 0.4891 -0.4356 -0.7557
vn 0.7471 -0.3331 0.5752
vn 0.4891 0.4356 -0.7557
vn 0.7444 0.3331 -0.5788
vn 0.7444 -0.3331 -0.5788
vn -0.4312 0.3558 -0.8291
vn -0.4732 0.6256 -0.6203
vn -0.4703 0.5876 -0.6585
vn -0.4713 0.8621 -0.1863
vn -0.4715 0.8580 -0.2037
vn -0.4704 0.8621 0.1885
vn -0.4706 0.8580 0.2059
vn -0.4702 0.6256 0.6225
vn -0.4671 0.5876 0.6607
vn -0.4273 0.3558 0.8311
vn 0.9659 0.2588 -0.0023
vn -0.9659 -0.2588 0.0023
vn 0.5736 0.8192 -0.0014
vn 0.5835 0.7970 -0.1559
vn 0.4226 -0.9063 -0.0010
vn 0.4027 -0.8619 0.3081
vn -0.9962 0.0872 0.0024
vn -0.9862 0.0650 -0.1522
vn 0.6132 0.7326 -0.2953
vn 0.3433 -0.7332 0.5870
vn -0.9565 0.0006 -0.2916
vn 0.6597 0.6324 -0.4061
vn 0.2503 -0.5327 0.8084
vn -0.9100 -0.0996 -0.4024
vn 0.7185 0.5060 -0.4772
vn 0.1328 -0.2801 0.9507
vn -0.8513 -0.2260 -0.4735
vn 0.7479 0.4364 -0.5002
vn 0.0684 -0.1418 0.9875
vn -0.8170 -0.2933 -0.4965
vn 0.7503 0.4364 0.4967
vn 0.7207 0.5060 0.4738
vn 0.0638 -0.1418 -0.9878
vn 0.1284 -0.2801 -0.9514
vn 0.1283 -0.2801 -0.9514
vn -0.8146 -0.2933 0.5004
vn -0.8491 -0.2260 0.4775
vn 0.6616 0.6324 0.4029
vn 0.2465 -0.5327 -0.8096
vn -0.9081 -0.0996 0.4067
vn 0.6146 0.7326 0.2924
vn 0.3405 -0.7332 -0.5886
vn -0.9551 0.0006 0.2961
vn -0.9551 0.0006 0.2962
vn 0.5843 0.7970 0.1531
vn 0.4012 -0.8620 -0.3100
vn 0.4012 -0.8619 -0.3100
vn -0.9855 0.0650 0.1568
vn -0.9848 0.1736 0.0023
vn 0.9848 -0.1736 -0.0023
vn 0.0479 0.2846 -0.9574
vn 0.1736 0.9848 -0.0004
vn 0.0525 0.2846 0.9572
vn 0.1604 0.9146 -0.3713
vn 0.1621 0.9146 0.3705
vn 0.9848 -0.1737 -0.0023
vn 0.0747 0.4116 0.9083
vn 0.1476 0.8297 0.5383
vn -0.9848 0.1737 0.0023
vn 0.0613 0.3350 0.9402
vn 0.0568 0.3350 -0.9405
vn 0.1604 0.9042 0.3958
vn 0.1585 0.9042 -0.3966
vn 0.0704 0.4116 -0.9086
vn 0.1450 0.8297 -0.5390
vn -0.0023 0.2069 -0.9784
vn 0.0023 0.2069 0.9784
vn -0.9998 -0.0190 0.0024
vn 0.9755 0.2198 -0.0023
vn -0.5261 -0.8504 0.0012
vn 0.0041 -0.2666 0.9638
vn -0.4004 -0.0387 0.9155
vn -0.2163 -0.3708 0.9031
vn 0.0168 0.8737 0.4861
vn -0.1561 0.9462 -0.2834
vn -0.2468 0.9404 -0.2340
vn -0.0742 0.9025 0.4243
vn 0.0191 -0.8551 0.5182
vn -0.3723 -0.8768 0.3042
vn 0.0149 -0.9981 0.0595
vn -0.6598 0.4993 0.5615
vn -0.8616 0.5061 0.0383
vn -0.9705 -0.1901 0.1482
vn -0.7936 -0.1431 0.5914
vn -0.3095 0.1432 -0.9401
vn -0.6983 -0.0552 -0.7137
vn -0.5874 0.1667 -0.7919
vn -0.6129 -0.5451 0.5721
vn -0.7631 -0.5888 0.2665
vn -0.5773 -0.7758 0.2546
vn -0.9637 -0.1727 -0.2034
vn 0.0021 0.3870 0.9221
vn -0.2721 0.4615 0.8444
vn -0.1192 -0.8805 0.4587
vn -0.6390 0.5189 -0.5678
vn -0.3378 0.4717 -0.8145
vn -0.2702 0.9208 0.2812
vn -0.3676 0.9231 0.1129
vn 0.9254 -0.0001 -0.3791
vn 0.9253 -0.0001 -0.3792
vn 0.9257 -0.0001 -0.3783
vn 0.9256 -0.0001 -0.3784
vn 0.9299 -0.0001 -0.3678
vn 0.9301 -0.0000 -0.3673
vn 0.9300 -0.0000 -0.3675
vn 0.9301 -0.0000 -0.3674
vn 0.9299 -0.0002 -0.3678
vn 0.9300 -0.0001 -0.3676
vn 0.9294 -0.0093 -0.3690
vn 0.9173 -0.0958 -0.3866
vn 0.9101 -0.0324 -0.4131
vn 0.9173 -0.0959 -0.3866
vn 0.9173 -0.0009 -0.3981
vn 0.9182 -0.0008 -0.3961
vn 0.9088 -0.0215 -0.4167
vn 0.9298 0.0003 -0.3680
vn 0.9297 -0.0000 -0.3683
vn 0.9298 0.0003 -0.3681
vn 0.9299 0.0001 -0.3678
vn 0.9298 -0.0000 -0.3681
vn 0.2104 -0.3646 -0.9071
vn 0.2082 0.2400 -0.9482
vn 0.2098 0.2693 -0.9399
vn 0.2130 -0.3969 -0.8928
vn 0.2824 0.7731 -0.5680
vn 0.2967 0.8169 -0.4947
vn 0.3872 0.9143 0.1190
vn 0.5574 0.6277 0.5435
vn 0.4866 0.4019 0.7757
vn 0.4853 -0.4316 0.7604
vn 0.4907 -0.3870 0.7807
vn 0.3691 -0.9212 0.1233
vn 0.3835 -0.8954 0.2264
vn 0.2675 -0.8071 -0.5264
vn 0.2769 -0.8434 -0.4604
vn 0.9251 0.0001 -0.3796
vn 0.9251 -0.0003 -0.3796
vn 0.9253 -0.0001 -0.3793
vn 0.9253 -0.0000 -0.3791
vn 0.9252 -0.0002 -0.3794
vn 0.9251 -0.0012 -0.3797
vn -0.2028 0.0235 -0.9789
vn -0.2027 0.0237 -0.9789
vn -0.2027 0.0237 -0.9790
vn 0.9657 0.0448 -0.2556
vn 0.9657 0.0448 -0.2557
vn 0.2333 -0.2389 0.9426
vn 0.2336 -0.2391 0.9425
vn -0.9393 -0.2148 0.2675
vn -0.0005 -0.2666 -0.9638
vn -0.2206 -0.3708 -0.9021
vn -0.4047 -0.0387 -0.9136
vn 0.0145 0.8737 -0.4862
vn -0.0762 0.9025 -0.4239
vn -0.2457 0.9404 0.2352
vn -0.1547 0.9462 0.2842
vn -0.3738 -0.8768 -0.3025
vn 0.0146 -0.9981 -0.0596
vn -0.5785 -0.7758 -0.2519
vn -0.6625 0.4993 -0.5584
vn -0.7964 -0.1431 -0.5876
vn -0.9712 -0.1901 -0.1437
vn -0.8618 0.5061 -0.0342
vn -0.3050 0.1432 0.9415
vn -0.5837 0.1667 0.7947
vn -0.6949 -0.0552 0.7170
vn -0.6156 -0.5450 -0.5692
vn -0.7643 -0.5888 -0.2629
vn -0.9628 -0.1727 0.2079
vn -0.0023 0.3870 -0.9221
vn -0.2761 0.4615 -0.8431
vn 0.0167 -0.8551 -0.5183
vn -0.1214 -0.8805 -0.4582
vn -0.6363 0.5189 0.5708
vn -0.3340 0.4717 0.8161
vn -0.2715 0.9208 -0.2799
vn -0.3681 0.9231 -0.1112
vn 0.9271 -0.0001 0.3748
vn 0.9275 -0.0001 0.3737
vn 0.9275 -0.0001 0.3739
vn 0.9317 -0.0000 0.3631
vn 0.9318 -0.0000 0.3629
vn 0.9316 -0.0002 0.3634
vn 0.9317 -0.0001 0.3633
vn 0.9318 -0.0000 0.3630
vn 0.9317 -0.0001 0.3632
vn 0.9191 -0.0958 0.3822
vn 0.9311 -0.0093 0.3646
vn 0.9191 -0.0959 0.3822
vn 0.9120 -0.0324 0.4088
vn 0.9108 -0.0215 0.4124
vn 0.9201 -0.0008 0.3918
vn 0.9192 -0.0009 0.3938
vn 0.9315 -0.0000 0.3638
vn 0.9316 0.0001 0.3634
vn 0.9315 0.0003 0.3637
vn 0.9318 -0.0000 0.3631
vn 0.9318 -0.0001 0.3631
vn 0.2148 -0.3646 0.9061
vn 0.2172 -0.3969 0.8918
vn 0.2142 0.2693 0.9389
vn 0.2127 0.2400 0.9472
vn 0.2990 0.8169 0.4933
vn 0.2851 0.7731 0.5666
vn 0.5548 0.6277 -0.5461
vn 0.3866 0.9143 -0.1209
vn 0.4829 0.4019 -0.7780
vn 0.4870 -0.3870 -0.7830
vn 0.4817 -0.4316 -0.7627
vn 0.3824 -0.8954 -0.2282
vn 0.3685 -0.9212 -0.1250
vn 0.2791 -0.8434 0.4591
vn 0.2700 -0.8071 0.5251
vn 0.9270 -0.0002 0.3750
vn 0.9271 -0.0001 0.3747
vn 0.9269 -0.0003 0.3753
vn 0.9269 0.0001 0.3753
vn 0.9269 -0.0012 0.3753
vn -0.1982 0.0235 0.9799
vn -0.1981 0.0237 0.9799
vn -0.1980 0.0237 0.9799
vn 0.9669 0.0448 0.2511
vn 0.9669 0.0448 0.2510
vn 0.2291 -0.2391 -0.9436
vn -0.9405 -0.2148 -0.2631
vn 0.8791 -0.4767 -0.0028
vn 0.8785 -0.4775 0.0166
vn 0.8785 -0.4775 0.0155
vn -0.8790 0.4768 0.0028
vn -0.0888 -0.9960 0.0081
vn -0.2210 -0.9753 0.0052
vn -0.0885 -0.9961 0.0026
vn -0.0440 -0.0287 0.9986
vn 0.7880 0.6155 0.0137
vn 0.6430 0.7622 0.0749
vn 0.7880 0.6156 0.0131
vn 0.0440 0.0287 -0.9986
vn 0.8791 -0.4765 -0.0107
vn 0.8786 -0.4774 0.0127
vn 0.8786 -0.4774 0.0116
vn -0.8791 0.4764 0.0107
vn -0.8792 0.4764 0.0107
vn -0.0875 -0.9959 -0.0216
vn -0.2856 -0.9548 -0.0825
vn -0.0882 -0.9961 -0.0044
vn 0.7881 0.6156 -0.0048
vn 0.6987 0.7154 0.0035
vn 0.7881 0.6156 0.0047
vn -0.8776 0.4780 -0.0349
vn -0.8782 0.4777 -0.0231
vn -0.8782 0.4778 -0.0245
vn -0.4672 -0.8702 -0.1567
vn -0.4779 -0.8784 -0.0005
vn 0.6429 0.7622 0.0750
vn 0.4779 0.8784 0.0005
vn 0.4709 0.8723 0.1317
vn 0.6429 0.7623 0.0749
vn 0.4709 0.8723 0.1318
vn 0.4556 0.8511 0.2608
vn -0.8786 0.4774 -0.0127
vn -0.4686 -0.8694 -0.1569
vn -0.2856 -0.9548 -0.0826
vn -0.4477 -0.8390 -0.3094
vn 0.8785 -0.4774 0.0155
vn 0.7880 0.6156 0.0137
vn -0.0874 -0.9959 -0.0216
vn 0.4708 0.8723 0.1317
vn -0.4477 -0.8389 -0.3094
vn 0.0780 0.0933 -0.9926
vn 0.1086 0.6545 -0.7482
vn 0.1093 0.6897 -0.7158
vn 0.0820 0.1457 -0.9859
vn 0.0981 0.9703 -0.2210
vn 0.0970 0.9751 -0.1994
vn 0.0981 0.9704 -0.2209
vn 0.0505 0.9190 0.3911
vn 0.0520 0.9246 0.3773
vn 0.0970 0.9751 -0.1993
vn -0.0160 0.5197 0.8542
vn -0.0113 0.5564 0.8308
vn -0.0768 -0.0753 0.9942
vn -0.0724 -0.0221 0.9971
vn -0.1091 -0.6448 0.7565
vn -0.1081 -0.6106 0.7845
vn -0.0997 -0.9697 0.2231
vn -0.1006 -0.9651 0.2419
vn -0.0509 -0.9152 -0.3997
vn -0.0497 -0.9102 -0.4113
vn 0.0174 -0.5052 -0.8628
vn 0.0217 -0.4707 -0.8820
vn 0.9201 -0.3905 0.0297
vn 0.9201 -0.3905 0.0296
vn 0.9201 -0.3906 0.0297
vn 0.9201 -0.3906 0.0296
vn 0.9201 -0.3905 0.0295
vn 0.9201 -0.3905 0.0294
vn 0.9202 -0.3903 0.0293
vn 0.9202 -0.3904 0.0295
vn 0.9202 -0.3903 0.0295
vn 0.9203 -0.3902 0.0294
vn 0.9202 -0.3904 0.0297
vn 0.9202 -0.3904 0.0296
vn -0.0380 -0.1604 0.9863
vn -0.0670 -0.6967 0.7142
vn 0.9934 -0.0905 0.0698
vn -0.0556 -0.9782 0.2003
vn -0.0104 -0.9279 -0.3726
vn 0.0539 -0.5655 -0.8230
vn 0.1175 0.0036 -0.9931
vn 0.1569 0.5923 -0.7903
vn 0.1520 0.9573 -0.2458
vn 0.0996 0.9021 0.4198
vn 0.0996 0.9021 0.4199
vn 0.0248 0.4541 0.8906
vn -0.0011 -0.8824 -0.4705
vn 0.9378 -0.3473 -0.0022
vn 0.7588 -0.6513 -0.0018
vn 0.9939 -0.1100 -0.0024
vn -0.9939 -0.1100 0.0024
vn -0.7588 -0.6513 0.0018
vn -0.9378 -0.3473 0.0022
vn -0.0012 -0.8703 -0.4925
vn 0.9506 -0.3105 -0.0022
vn 0.8071 -0.5904 -0.0019
vn 0.9951 -0.0988 -0.0024
vn -0.9951 -0.0988 0.0024
vn -0.8071 -0.5904 0.0019
vn -0.9506 -0.3105 0.0022
vn 0.0011 -0.8824 0.4705
vn 0.0012 -0.8703 0.4925
vn 0.0022 0.3090 0.9511
vn 0.0019 0.5878 0.8090
vn 0.0014 0.8090 0.5878
vn 0.0007 0.9511 0.3090
vn -0.0007 0.9511 -0.3090
vn -0.0014 0.8090 -0.5878
vn -0.0019 0.5878 -0.8090
vn -0.0022 0.3090 -0.9511
vn -0.0022 -0.3090 -0.9511
vn -0.0019 -0.5878 -0.8090
vn -0.0014 -0.8090 -0.5878
vn -0.0007 -0.9511 -0.3090
vn 0.0007 -0.9511 0.3090
vn 0.0014 -0.8090 0.5878
vn 0.0019 -0.5878 0.8090
vn 0.0022 -0.3090 0.9511
vn 0.7087 0.2185 0.6708
vn 0.7088 -0.0000 0.7054
vn 0.7085 0.4156 0.5704
vn 0.7081 0.5721 0.4140
vn 0.7076 0.6725 0.2168
vn 0.7066 0.6725 -0.2202
vn 0.7061 0.5721 -0.4173
vn 0.7057 0.4156 -0.5737
vn 0.7055 0.2185 -0.6742
vn 0.7054 -0.0000 -0.7088
vn 0.7055 -0.2185 -0.6742
vn 0.7058 -0.4156 -0.5737
vn 0.7061 -0.5721 -0.4173
vn 0.7066 -0.6725 -0.2202
vn 0.7076 -0.6725 0.2168
vn 0.7081 -0.5721 0.4140
vn 0.7081 -0.5721 0.4139
vn 0.7085 -0.4156 0.5704
vn 0.7087 -0.2185 0.6708
vn -0.7055 0.2185 0.6742
vn -0.7058 0.4156 0.5737
vn -0.7061 0.5721 0.4173
vn -0.7066 0.6725 0.2202
vn -0.7076 0.6725 -0.2168
vn -0.7081 0.5721 -0.4140
vn -0.7085 0.4156 -0.5704
vn -0.7087 0.2185 -0.6708
vn -0.7087 -0.2185 -0.6708
vn -0.7085 -0.4156 -0.5704
vn -0.7081 -0.5721 -0.4139
vn -0.7081 -0.5721 -0.4140
vn -0.7076 -0.6725 -0.2168
vn -0.7066 -0.6725 0.2202
vn -0.7061 -0.5721 0.4173
vn -0.7058 -0.4156 0.5737
vn -0.7055 -0.2185 0.6742
vn 0.6400 0.1204 0.7589
vn 0.6447 -0.0000 0.7645
vn 0.6400 -0.1204 0.7589
vn 0.6382 -0.7699 -0.0015
vn 0.6364 -0.1204 -0.7619
vn 0.6410 -0.0000 -0.7675
vn 0.6364 0.1204 -0.7619
vn 0.6382 0.7699 -0.0015
vn -0.4762 0.5354 -0.6976
vn 0.0023 0.8914 -0.4533
vn -0.0878 0.9084 -0.4088
vn -0.7087 0.0773 -0.7013
vn -0.7382 -0.0432 -0.6732
vn -0.0041 -0.0650 -0.9979
vn -0.6825 -0.1512 -0.7151
vn -0.0043 -0.8949 -0.4462
vn -0.4237 -0.5337 -0.7319
vn -0.0904 -0.8243 -0.5589
vn 0.4685 0.5379 -0.7008
vn 0.0819 0.9109 -0.4045
vn 0.7029 0.0779 -0.7070
vn 0.7327 -0.0434 -0.6792
vn 0.6760 -0.1518 -0.7211
vn 0.4156 -0.5345 -0.7359
vn 0.0702 -0.8624 -0.5013
vn -0.0016 -0.7495 -0.6620
vn -0.1839 -0.9619 -0.2021
vn -0.0009 -0.9324 -0.3615
vn 0.2664 -0.0217 -0.9636
vn 0.2313 -0.0128 -0.9728
vn 0.2428 -0.0157 -0.9699
vn 0.2077 -0.0069 -0.9782
vn -0.1652 0.6591 -0.7337
vn -0.8887 -0.4056 -0.2138
vn -0.5853 -0.7216 -0.3698
vn -0.9372 -0.2995 -0.1788
vn -0.9372 -0.2993 -0.1789
vn -0.3195 0.9350 -0.1542
vn -0.9561 -0.1286 -0.2631
vn -0.9146 0.1352 -0.3810
vn -0.4180 0.7831 -0.4604
vn -0.0054 0.9506 -0.3105
vn -0.3195 0.9349 -0.1542
vn -0.1350 -0.8952 -0.4247
vn 0.7754 -0.5241 -0.3521
vn 0.3725 -0.7735 -0.5129
vn 0.4295 -0.7094 -0.5589
vn 0.8332 -0.4783 -0.2776
vn 0.4116 0.8962 -0.1659
vn 0.8785 -0.3408 -0.3346
vn 0.7110 0.3941 -0.5823
vn -0.0035 -0.7338 -0.6793
vn -0.0191 -0.7820 -0.6230
vn -0.0100 -0.9298 -0.3680
vn -0.1755 0.0154 -0.9844
vn 0.2334 0.6401 -0.7320
vn 0.1534 0.9129 -0.3783
vn 0.0044 0.9539 -0.3002
vn 0.0128 0.9882 -0.1526
vn 0.0835 -0.8243 -0.5600
vn -0.0025 -0.9322 -0.3619
vn -0.0050 -0.8545 -0.5195
vn -0.0001 -0.9995 -0.0319
vn -0.0001 -1.0000 0.0001
vn 0.0010 -1.0000 -0.0000
vn -0.0543 0.9985 0.0001
vn 0.0139 0.9999 -0.0000
vn 0.2041 0.9789 -0.0005
vn 0.3797 0.9251 0.0080
vn 0.3828 0.9238 -0.0009
vn 0.3527 0.9356 0.0156
vn -0.0993 0.9950 -0.0092
vn -0.0955 0.9954 -0.0105
vn -0.1186 0.9929 0.0003
vn -0.4729 0.5354 0.6998
vn -0.0859 0.9084 0.4092
vn 0.0045 0.8914 0.4533
vn -0.7054 0.0773 0.7046
vn 0.0006 -0.0650 0.9979
vn -0.7350 -0.0432 0.6767
vn -0.0022 -0.8949 0.4462
vn -0.6791 -0.1512 0.7183
vn -0.4203 -0.5337 0.7339
vn -0.0878 -0.8243 0.5593
vn 0.0838 0.9109 0.4041
vn 0.4718 0.5379 0.6986
vn 0.7062 0.0779 0.7037
vn 0.7359 -0.0434 0.6757
vn 0.6794 -0.1518 0.7179
vn 0.4191 -0.5345 0.7340
vn 0.0726 -0.8624 0.5010
vn 0.0016 -0.7495 0.6620
vn 0.0009 -0.9324 0.3615
vn -0.1829 -0.9619 0.2030
vn 0.2710 -0.0217 0.9623
vn 0.2474 -0.0157 0.9688
vn 0.2359 -0.0128 0.9717
vn 0.2124 -0.0069 0.9772
vn 0.2123 -0.0069 0.9772
vn -0.1617 0.6591 0.7345
vn -0.5836 -0.7216 0.3725
vn -0.8876 -0.4057 0.2180
vn -0.9364 -0.2993 0.1833
vn -0.9363 -0.2995 0.1833
vn -0.9549 -0.1286 0.2677
vn -0.3188 0.9349 0.1558
vn -0.9128 0.1352 0.3854
vn -0.4158 0.7831 0.4624
vn -0.0040 0.9506 0.3105
vn -0.3188 0.9349 0.1557
vn -0.1330 -0.8952 0.4253
vn 0.7771 -0.5241 0.3484
vn 0.4321 -0.7094 0.5568
vn 0.3748 -0.7735 0.5111
vn 0.8345 -0.4783 0.2737
vn 0.4123 0.8962 0.1640
vn 0.8801 -0.3408 0.3305
vn 0.7138 0.3941 0.5790
vn -0.0003 -0.7338 0.6793
vn -0.0083 -0.9298 0.3681
vn -0.0161 -0.7820 0.6231
vn -0.1708 0.0154 0.9852
vn -0.1709 0.0154 0.9852
vn 0.2369 0.6401 0.7309
vn 0.1552 0.9129 0.3775
vn 0.0058 0.9539 0.3001
vn 0.0135 0.9882 0.1526
vn 0.0861 -0.8243 0.5596
vn -0.0025 -0.8545 0.5195
vn -0.0008 -0.9322 0.3619
vn 0.0001 -0.9995 0.0319
vn -0.0001 -1.0000 -0.0001
vn 0.3796 0.9251 -0.0098
vn 0.3526 0.9356 -0.0173
vn -0.0992 0.9950 0.0097
vn -0.0955 0.9954 0.0110
vn -0.9593 0.2825 0.0015
vn -0.9008 0.4342 0.0021
vn -0.9004 0.4351 0.0006
vn -0.9687 0.2482 0.0023
vn -0.9687 0.2481 0.0026
vn -0.9228 0.3854 0.0025
vn -0.8997 0.4364 0.0026
vn -0.9691 0.2466 0.0018
vn 0.9383 -0.2013 -0.2812
vn 0.0010 0.7050 0.7092
vn -0.9008 0.4342 0.0022
vn -0.8992 0.4375 0.0021
vn -0.8992 0.4376 0.0012
vn -0.8998 0.4364 0.0022
vn -0.8997 0.4364 0.0017
vn -0.9686 0.2488 0.0024
vn -0.9691 0.2466 0.0028
vn 0.5248 -0.0000 0.8512
vn 0.4992 0.1615 0.8513
vn 0.4249 0.3073 0.8515
vn 0.3093 0.4229 0.8518
vn 0.1636 0.4972 0.8521
vn 0.0020 0.5228 0.8525
vn -0.1595 0.4972 0.8529
vn -0.3053 0.4229 0.8532
vn -0.4209 0.3073 0.8535
vn -0.4952 0.1615 0.8537
vn -0.5207 -0.0000 0.8537
vn -0.4952 -0.1615 0.8537
vn -0.4209 -0.3073 0.8535
vn -0.3053 -0.4229 0.8532
vn -0.1595 -0.4972 0.8529
vn 0.0020 -0.5228 0.8525
vn 0.1636 -0.4972 0.8521
vn 0.3093 -0.4229 0.8518
vn 0.4249 -0.3073 0.8515
vn 0.4992 -0.1615 0.8513
vn -0.9553 -0.0000 0.2955
vn -0.9086 -0.2954 0.2954
vn -0.7728 -0.5619 0.2951
vn -0.5613 -0.7735 0.2946
vn -0.2947 -0.9092 0.2939
vn 0.0007 -0.9560 0.2932
vn 0.2961 -0.9092 0.2925
vn 0.5626 -0.7735 0.2919
vn 0.7741 -0.5619 0.2914
vn 0.9099 -0.2954 0.2911
vn 0.9567 -0.0000 0.2910
vn 0.9099 0.2954 0.2911
vn 0.7741 0.5619 0.2914
vn 0.5626 0.7735 0.2919
vn 0.2961 0.9092 0.2925
vn 0.0007 0.9560 0.2932
vn -0.2947 0.9092 0.2939
vn -0.5613 0.7735 0.2946
vn -0.5612 0.7735 0.2946
vn -0.7728 0.5619 0.2951
vn -0.9086 0.2954 0.2954
vn -0.5248 -0.0000 -0.8512
vn -0.4992 0.1615 -0.8513
vn -0.4249 0.3073 -0.8515
vn -0.3093 0.4229 -0.8518
vn -0.1636 0.4972 -0.8521
vn -0.0020 0.5228 -0.8525
vn 0.1595 0.4972 -0.8529
vn 0.3053 0.4229 -0.8532
vn 0.4209 0.3073 -0.8535
vn 0.4952 0.1615 -0.8537
vn 0.5207 -0.0000 -0.8537
vn 0.4952 -0.1615 -0.8537
vn 0.4209 -0.3073 -0.8535
vn 0.3053 -0.4229 -0.8532
vn 0.1595 -0.4972 -0.8529
vn -0.0020 -0.5228 -0.8525
vn -0.1636 -0.4972 -0.8521
vn -0.3093 -0.4229 -0.8518
vn -0.4249 -0.3073 -0.8515
vn -0.4992 -0.1615 -0.8513
vn 0.9919 -0.0000 -0.1271
vn 0.9433 -0.3066 -0.1269
vn 0.8024 -0.5832 -0.1266
vn 0.5829 -0.8027 -0.1261
vn 0.3063 -0.9436 -0.1254
vn -0.0003 -0.9922 -0.1247
vn -0.3069 -0.9436 -0.1240
vn -0.5835 -0.8027 -0.1233
vn -0.8030 -0.5832 -0.1228
vn -0.9439 -0.3066 -0.1225
vn -0.9925 -0.0000 -0.1224
vn -0.9439 0.3066 -0.1225
vn -0.8030 0.5832 -0.1228
vn -0.5835 0.8027 -0.1233
vn -0.3069 0.9436 -0.1240
vn -0.0003 0.9922 -0.1247
vn 0.3063 0.9436 -0.1254
vn 0.5829 0.8027 -0.1261
vn 0.8024 0.5832 -0.1266
vn 0.9433 0.3066 -0.1269
vn 0.6079 0.1969 0.7692
vn 0.0735 0.0231 0.9970
vn 0.0771 -0.0000 0.9970
vn 0.6391 -0.0000 0.7691
vn 0.5174 0.3746 0.7694
vn 0.0629 0.0440 0.9971
vn 0.3764 0.5156 0.7698
vn 0.0463 0.0605 0.9971
vn 0.1987 0.6061 0.7702
vn 0.0255 0.0711 0.9971
vn 0.0018 0.6373 0.7706
vn 0.0024 0.0748 0.9972
vn -0.1951 0.6061 0.7711
vn -0.0207 0.0711 0.9973
vn -0.3728 0.5156 0.7715
vn -0.0416 0.0605 0.9973
vn -0.5137 0.3746 0.7719
vn -0.0581 0.0440 0.9973
vn -0.6042 0.1969 0.7721
vn -0.0688 0.0231 0.9974
vn -0.6354 -0.0000 0.7722
vn -0.0724 -0.0000 0.9974
vn -0.6042 -0.1969 0.7721
vn -0.0688 -0.0231 0.9974
vn -0.5137 -0.3746 0.7719
vn -0.0581 -0.0440 0.9973
vn -0.3728 -0.5156 0.7715
vn -0.0416 -0.0605 0.9973
vn -0.1951 -0.6061 0.7711
vn -0.0207 -0.0711 0.9973
vn 0.0018 -0.6373 0.7706
vn 0.0024 -0.0748 0.9972
vn 0.1987 -0.6061 0.7702
vn 0.0255 -0.0711 0.9971
vn 0.3764 -0.5156 0.7698
vn 0.0463 -0.0605 0.9971
vn 0.5174 -0.3746 0.7694
vn 0.0629 -0.0440 0.9971
vn 0.6079 -0.1969 0.7692
vn 0.0735 -0.0231 0.9970
vn 0.9732 -0.0000 0.2300
vn 0.9256 0.3006 0.2302
vn 0.7874 0.5717 0.2305
vn 0.5722 0.7869 0.2310
vn 0.3011 0.9250 0.2316
vn 0.0005 0.9726 0.2323
vn -0.3000 0.9250 0.2331
vn -0.5712 0.7869 0.2337
vn -0.7863 0.5717 0.2342
vn -0.9245 0.3005 0.2345
vn -0.9721 -0.0000 0.2346
vn -0.9245 -0.3006 0.2345
vn -0.7863 -0.5717 0.2342
vn -0.5711 -0.7869 0.2337
vn -0.3000 -0.9250 0.2330
vn 0.0006 -0.9726 0.2323
vn 0.3011 -0.9250 0.2316
vn 0.5723 -0.7869 0.2310
vn 0.7874 -0.5717 0.2305
vn 0.9256 -0.3005 0.2302
vn -0.1031 -0.0343 0.9941
vn -0.1085 -0.0000 0.9941
vn -0.0873 -0.0652 0.9940
vn -0.0628 -0.0897 0.9940
vn -0.0319 -0.1054 0.9939
vn 0.0024 -0.1109 0.9938
vn 0.0366 -0.1054 0.9938
vn 0.0675 -0.0897 0.9937
vn 0.0920 -0.0652 0.9936
vn 0.1078 -0.0343 0.9936
vn 0.1132 -0.0000 0.9936
vn 0.1078 0.0343 0.9936
vn 0.0920 0.0652 0.9936
vn 0.0675 0.0897 0.9937
vn 0.0366 0.1054 0.9938
vn 0.0024 0.1109 0.9938
vn -0.0319 0.1054 0.9939
vn -0.0628 0.0897 0.9940
vn -0.0873 0.0652 0.9940
vn -0.1031 0.0343 0.9941
vn 0.9256 0.3005 0.2301
vn 0.9721 -0.0000 -0.2345
vn 0.9245 0.3005 -0.2344
vn 0.7874 0.5717 0.2304
vn 0.7863 0.5717 -0.2341
vn 0.0006 0.9727 0.2323
vn 0.3011 0.9251 0.2315
vn 0.3000 0.9251 -0.2330
vn -0.0005 0.9727 -0.2323
vn -0.3000 0.9251 0.2330
vn 0.0005 0.9727 0.2323
vn -0.0006 0.9727 -0.2323
vn -0.3011 0.9250 -0.2315
vn -0.5712 0.7869 0.2336
vn -0.5723 0.7869 -0.2309
vn -0.7864 0.5717 0.2341
vn -0.7874 0.5717 -0.2304
vn -0.9721 -0.0000 0.2345
vn -0.9245 0.3006 0.2344
vn -0.9256 0.3006 -0.2301
vn -0.9732 -0.0000 -0.2299
vn -0.9245 -0.3006 0.2344
vn -0.9256 -0.3006 -0.2301
vn -0.5712 -0.7869 0.2336
vn -0.5723 -0.7869 -0.2309
vn -0.3011 -0.9251 -0.2315
vn 0.0005 -0.9727 0.2323
vn -0.0006 -0.9727 -0.2323
vn 0.3012 -0.9250 0.2315
vn 0.0006 -0.9727 0.2323
vn -0.0005 -0.9727 -0.2323
vn 0.3000 -0.9251 -0.2330
vn 0.5723 -0.7869 0.2309
vn 0.5712 -0.7869 -0.2336
vn 0.7864 -0.5717 -0.2341
vn 0.7874 -0.5717 0.2304
vn 0.9256 -0.3006 0.2301
vn 0.9245 -0.3006 -0.2344
vn 0.6042 0.1969 -0.7721
vn 0.6354 -0.0000 -0.7722
vn 0.0724 -0.0000 -0.9974
vn 0.0688 0.0231 -0.9974
vn 0.5137 0.3746 -0.7719
vn 0.0581 0.0440 -0.9973
vn 0.3727 0.5156 -0.7715
vn 0.0416 0.0605 -0.9973
vn 0.1951 0.6061 -0.7711
vn 0.0207 0.0711 -0.9973
vn -0.0018 0.6373 -0.7706
vn -0.0024 0.0748 -0.9972
vn -0.1987 0.6061 -0.7702
vn -0.0255 0.0711 -0.9971
vn -0.3764 0.5156 -0.7698
vn -0.0463 0.0605 -0.9971
vn -0.5174 0.3746 -0.7694
vn -0.0629 0.0440 -0.9971
vn -0.6079 0.1969 -0.7692
vn -0.0735 0.0231 -0.9970
vn -0.6391 -0.0000 -0.7691
vn -0.0771 -0.0000 -0.9970
vn -0.6079 -0.1969 -0.7692
vn -0.0735 -0.0231 -0.9970
vn -0.5174 -0.3746 -0.7694
vn -0.0629 -0.0440 -0.9971
vn -0.3764 -0.5156 -0.7698
vn -0.0463 -0.0605 -0.9971
vn -0.1987 -0.6061 -0.7702
vn -0.0255 -0.0711 -0.9971
vn -0.0018 -0.6373 -0.7706
vn -0.0024 -0.0748 -0.9972
vn 0.1951 -0.6061 -0.7711
vn 0.0207 -0.0711 -0.9973
vn 0.3728 -0.5156 -0.7715
vn 0.0416 -0.0605 -0.9973
vn 0.5137 -0.3746 -0.7719
vn 0.0581 -0.0440 -0.9973
vn 0.6042 -0.1969 -0.7721
vn 0.0688 -0.0231 -0.9974
vn 0.9245 0.3006 -0.2345
vn 0.9721 -0.0000 -0.2346
vn 0.7863 0.5717 -0.2342
vn 0.5712 0.7869 -0.2337
vn 0.3000 0.9250 -0.2331
vn -0.0005 0.9726 -0.2323
vn -0.3011 0.9250 -0.2316
vn -0.5722 0.7869 -0.2310
vn -0.7874 0.5717 -0.2305
vn -0.9256 0.3006 -0.2302
vn -0.9732 -0.0000 -0.2300
vn -0.9256 -0.3006 -0.2302
vn -0.7874 -0.5717 -0.2305
vn -0.5723 -0.7869 -0.2310
vn -0.3011 -0.9250 -0.2316
vn -0.0006 -0.9726 -0.2323
vn 0.3000 -0.9250 -0.2331
vn 0.5711 -0.7869 -0.2337
vn 0.7863 -0.5717 -0.2342
vn 0.9245 -0.3006 -0.2345
vn -0.1078 -0.0343 -0.9936
vn -0.1132 -0.0000 -0.9936
vn -0.0920 -0.0652 -0.9936
vn -0.0675 -0.0897 -0.9937
vn -0.0366 -0.1054 -0.9938
vn -0.0024 -0.1109 -0.9938
vn 0.0319 -0.1054 -0.9939
vn 0.0628 -0.0897 -0.9940
vn 0.0873 -0.0652 -0.9940
vn 0.1031 -0.0343 -0.9941
vn 0.1085 -0.0000 -0.9941
vn 0.1031 0.0343 -0.9941
vn 0.0873 0.0652 -0.9940
vn 0.0628 0.0897 -0.9940
vn 0.0319 0.1054 -0.9939
vn -0.0024 0.1109 -0.9938
vn -0.0366 0.1054 -0.9938
vn -0.0675 0.0897 -0.9937
vn -0.0920 0.0652 -0.9936
vn -0.1078 0.0343 -0.9936
vn 0.5723 0.7869 0.2309
vn 0.5712 0.7869 -0.2336
vn -0.7875 -0.5717 -0.2304
vn -0.7863 -0.5718 0.2341
vn 0.2911 -0.1668 0.9420
vn 0.3358 -0.0000 0.9419
vn 0.2911 0.1668 0.9420
vn 0.1690 0.2889 0.9423
vn 0.0022 0.3336 0.9427
vn -0.1646 0.2889 0.9431
vn -0.2866 0.1668 0.9434
vn -0.3313 -0.0000 0.9435
vn -0.2866 -0.1668 0.9434
vn -0.1645 -0.2889 0.9431
vn 0.0022 -0.3336 0.9427
vn 0.1690 -0.2889 0.9423
vn 0.0023 -0.2079 0.9782
vn 0.0024 -0.0781 0.9969
vn 0.2000 -0.0642 0.9777
vn 0.0766 -0.0241 0.9968
vn 0.1245 0.1682 0.9779
vn 0.0483 0.0632 0.9968
vn -0.1199 0.1682 0.9784
vn -0.0435 0.0632 0.9971
vn -0.1954 -0.0642 0.9786
vn -0.0719 -0.0241 0.9971
vn 0.6912 -0.5013 0.5205
vn 0.8541 -0.0000 0.5201
vn 0.6912 0.5013 0.5205
vn 0.2648 0.8111 0.5215
vn -0.2623 0.8111 0.5228
vn -0.6887 0.5013 0.5238
vn -0.8516 -0.0000 0.5242
vn -0.6887 -0.5013 0.5238
vn -0.2623 -0.8111 0.5228
vn 0.2648 -0.8111 0.5215
vn 0.9662 0.0106 0.2574
vn 0.2890 0.9216 0.2590
vn -0.7868 0.5590 0.2616
vn -0.7744 -0.5761 0.2615
vn 0.3091 -0.9151 0.2590
vn -0.9650 0.0106 0.2620
vn -0.3078 -0.9151 0.2605
vn -0.3078 -0.9151 0.2604
vn 0.7756 -0.5761 0.2579
vn 0.7880 0.5590 0.2578
vn 0.7880 0.5590 0.2579
vn -0.2877 0.9216 0.2604
vn 0.5639 0.7753 0.2845
vn 0.9121 -0.2961 0.2837
vn 0.0007 -0.9583 0.2858
vn -0.9107 -0.2961 0.2880
vn -0.5626 0.7753 0.2872
vn 0.9572 0.2799 0.0740
vn 0.9593 0.2790 0.0437
vn 0.9541 0.2966 0.0423
vn 0.9525 0.2953 0.0749
vn 0.9478 0.3112 0.0702
vn 0.9483 0.3148 0.0406
vn -0.8580 0.5137 0.0027
vn -0.8588 0.5123 -0.0006
vn -0.8588 0.5123 -0.0004
vn -0.8579 0.5138 0.0030
vn -0.8559 0.5171 0.0051
vn -0.8549 0.5188 0.0020
vn -0.8564 0.5162 0.0050
vn 0.9474 0.3093 0.0824
vn 0.9522 0.2940 0.0834
vn 0.9564 0.2794 0.0844
vn 0.9606 0.2778 -0.0023
vn 0.9546 0.2978 -0.0023
vn 0.9483 0.3175 -0.0022
vn 0.9568 0.2799 -0.0785
vn 0.9521 0.2953 -0.0794
vn 0.9539 0.2966 -0.0468
vn 0.9591 0.2791 -0.0483
vn 0.9474 0.3112 -0.0746
vn 0.9481 0.3148 -0.0451
vn -0.8580 0.5137 0.0013
vn -0.8579 0.5138 0.0010
vn -0.8588 0.5123 0.0049
vn -0.8588 0.5123 0.0044
vn -0.8559 0.5171 -0.0010
vn -0.8564 0.5162 -0.0009
vn 0.9470 0.3093 -0.0869
vn 0.9517 0.2940 -0.0879
vn 0.9560 0.2794 -0.0889
vn 0.0210 0.0554 0.9982
vn 0.0156 0.0732 0.9972
vn 0.0187 0.0551 0.9983
vn 0.0216 0.0556 0.9982
vn 0.0211 0.0931 0.9954
vn 0.0153 0.0686 0.9975
vn 0.0067 0.0559 0.9984
vn 0.0109 0.0749 0.9971
vn 0.0069 0.0755 0.9971
vn -0.0026 0.0950 0.9955
vn -0.0031 0.0783 0.9969
vn 0.0010 0.0768 0.9970
vn 0.0020 0.0949 0.9955
vn 0.0005 0.0594 0.9982
vn -0.0029 0.0619 0.9981
vn 0.0111 0.0940 0.9955
vn 0.0061 0.0950 0.9955
vn 0.0066 0.0565 0.9984
vn 0.0051 0.0756 0.9971
vn 0.0058 0.0567 0.9984
vn 0.0068 0.0566 0.9984
vn 0.0061 0.0942 0.9955
vn 0.0061 0.0941 0.9955
vn 0.0055 0.0942 0.9955
vn -0.0018 0.0939 0.9956
vn -0.0021 0.0941 0.9956
vn -0.0028 0.0626 0.9980
vn -0.0030 0.0625 0.9980
vn 0.0170 0.0931 0.9955
vn 0.0118 0.0554 0.9984
vn 0.0214 0.0932 0.9954
vn 0.0066 0.0559 0.9984
vn 0.0065 0.0950 0.9955
vn 0.0049 0.0753 0.9972
vn -0.0034 0.0734 0.9973
vn 0.0140 0.0551 -0.9984
vn 0.0109 0.0732 -0.9973
vn 0.0163 0.0554 -0.9983
vn 0.0167 0.0557 -0.9983
vn 0.0164 0.0931 -0.9955
vn 0.0106 0.0686 -0.9976
vn 0.0020 0.0559 -0.9984
vn 0.0022 0.0755 -0.9971
vn 0.0062 0.0750 -0.9972
vn -0.0073 0.0950 -0.9955
vn -0.0027 0.0949 -0.9955
vn -0.0037 0.0768 -0.9970
vn -0.0078 0.0783 -0.9969
vn -0.0042 0.0594 -0.9982
vn -0.0076 0.0619 -0.9981
vn 0.0064 0.0940 -0.9956
vn 0.0014 0.0950 -0.9955
vn 0.0019 0.0565 -0.9984
vn 0.0019 0.0567 -0.9984
vn 0.0011 0.0567 -0.9984
vn 0.0004 0.0756 -0.9971
vn 0.0014 0.0942 -0.9955
vn 0.0008 0.0942 -0.9955
vn 0.0014 0.0942 -0.9956
vn -0.0065 0.0939 -0.9956
vn -0.0068 0.0940 -0.9955
vn -0.0076 0.0626 -0.9980
vn -0.0078 0.0625 -0.9980
vn 0.0124 0.0929 -0.9956
vn 0.0070 0.0555 -0.9984
vn 0.0167 0.0931 -0.9955
vn 0.0020 0.0560 -0.9984
vn 0.0018 0.0950 -0.9955
vn 0.0002 0.0753 -0.9972
vn -0.0081 0.0734 -0.9973
vn -0.9646 0.2427 0.1031
vn -0.9670 0.2316 0.1062
vn -0.9622 0.2532 0.1000
vn -0.9805 -0.1407 -0.1373
vn -0.9803 -0.1835 -0.0728
vn -1.0000 -0.0007 0.0022
vn -0.9801 -0.1983 0.0032
vn -0.9800 -0.1828 0.0790
vn -0.9799 -0.1394 0.1430
vn -0.9798 -0.0748 0.1854
vn -0.9798 0.0009 0.1999
vn -0.9799 0.0763 0.1843
vn -0.9800 0.1400 0.1411
vn -0.9802 0.1824 0.0769
vn -0.9804 0.1970 0.0015
vn -0.9806 0.1818 -0.0739
vn -0.9807 0.1390 -0.1378
vn -0.9807 0.0749 -0.1805
vn -0.9807 -0.0008 -0.1955
vn -0.9806 -0.0765 -0.1803
vn -0.9677 0.2281 0.1072
vn -0.9651 0.2427 -0.0985
vn -0.9627 0.2532 -0.0955
vn -0.9675 0.2316 -0.1017
vn -0.9798 -0.1407 0.1419
vn -1.0000 -0.0007 0.0025
vn -0.9800 -0.1835 0.0774
vn -0.9801 -0.1983 0.0014
vn -0.9803 -0.1828 -0.0744
vn -0.9805 -0.1394 -0.1384
vn -0.9807 -0.0748 -0.1808
vn -0.9808 0.0009 -0.1952
vn -0.9808 0.0763 -0.1796
vn -0.9807 0.1400 -0.1364
vn -0.9806 0.1824 -0.0723
vn -0.9804 0.1970 0.0032
vn -0.9802 0.1818 0.0785
vn -0.9800 0.1390 0.1424
vn -0.9799 0.0749 0.1851
vn -0.9798 -0.0008 0.2001
vn -0.9798 -0.0765 0.1850
vn -0.9682 0.2281 -0.1027
vn -0.3052 0.4229 0.8532
vn -0.3000 -0.9250 0.2331
vn 0.9256 -0.3005 0.2301
vn 0.9256 0.3006 0.2301
vn 0.9245 0.3006 -0.2344
vn 0.3000 0.9250 -0.2330
vn -0.3011 0.9251 -0.2315
vn 0.3000 -0.9250 -0.2330
vn -0.7874 -0.5717 -0.2304
vn -0.7863 -0.5717 0.2341
vn -0.3093 -0.4229 -0.8517
vn 0.3052 -0.4229 -0.8532
vn -0.9567 -0.0000 -0.2910
vn -0.9099 -0.2954 -0.2911
vn -0.7741 -0.5619 -0.2914
vn -0.5626 -0.7735 -0.2919
vn -0.2961 -0.9092 -0.2925
vn -0.0007 -0.9560 -0.2932
vn 0.2947 -0.9092 -0.2939
vn 0.5612 -0.7735 -0.2946
vn 0.5613 -0.7735 -0.2946
vn 0.7728 -0.5619 -0.2951
vn 0.9086 -0.2954 -0.2954
vn 0.9553 -0.0000 -0.2955
vn 0.9086 0.2954 -0.2954
vn 0.7728 0.5619 -0.2951
vn 0.5613 0.7735 -0.2946
vn 0.2947 0.9092 -0.2939
vn -0.0007 0.9560 -0.2932
vn -0.2961 0.9092 -0.2925
vn -0.5626 0.7735 -0.2919
vn -0.7741 0.5619 -0.2914
vn -0.9099 0.2954 -0.2911
vn 0.3093 -0.4229 0.8517
vn 0.9925 -0.0000 0.1224
vn 0.9439 -0.3066 0.1225
vn 0.8030 -0.5832 0.1228
vn 0.5835 -0.8027 0.1233
vn 0.3069 -0.9436 0.1240
vn 0.0003 -0.9922 0.1247
vn -0.3063 -0.9436 0.1254
vn -0.5829 -0.8027 0.1261
vn -0.8024 -0.5832 0.1266
vn -0.9433 -0.3066 0.1269
vn -0.9919 -0.0000 0.1271
vn -0.9433 0.3066 0.1269
vn -0.8024 0.5832 0.1266
vn -0.5829 0.8027 0.1261
vn -0.3063 0.9436 0.1254
vn 0.0003 0.9922 0.1247
vn 0.3069 0.9436 0.1240
vn 0.5835 0.8027 0.1233
vn 0.8030 0.5832 0.1228
vn 0.9439 0.3066 0.1225
vn 0.3728 0.5156 -0.7715
vn 0.9732 -0.0000 0.2299
vn -0.7863 0.5717 0.2341
vn -0.9245 0.3005 0.2344
vn -0.3011 -0.9250 -0.2315
vn -0.3000 -0.9251 0.2330
vn 0.3011 -0.9251 0.2315
vn -0.6043 0.1969 0.7721
vn -0.3727 -0.5156 0.7715
vn 0.2866 -0.1668 -0.9434
vn 0.3313 -0.0000 -0.9435
vn 0.2866 0.1668 -0.9434
vn 0.1645 0.2889 -0.9431
vn -0.0022 0.3336 -0.9427
vn -0.1690 0.2889 -0.9423
vn -0.2911 0.1668 -0.9420
vn -0.3358 -0.0000 -0.9419
vn -0.2911 -0.1668 -0.9420
vn -0.1690 -0.2889 -0.9423
vn -0.0022 -0.3336 -0.9427
vn 0.1645 -0.2889 -0.9431
vn -0.0023 -0.2079 -0.9782
vn -0.0024 -0.0781 -0.9969
vn 0.1954 -0.0642 -0.9786
vn 0.0719 -0.0241 -0.9971
vn 0.1199 0.1682 -0.9784
vn 0.0435 0.0632 -0.9971
vn -0.1245 0.1682 -0.9779
vn -0.0482 0.0632 -0.9968
vn -0.0483 0.0632 -0.9968
vn -0.2000 -0.0642 -0.9777
vn -0.0766 -0.0241 -0.9968
vn 0.6887 -0.5013 -0.5238
vn 0.8516 -0.0000 -0.5242
vn 0.6887 0.5013 -0.5238
vn 0.2623 0.8111 -0.5228
vn -0.2648 0.8111 -0.5215
vn -0.6912 0.5013 -0.5205
vn -0.8541 -0.0000 -0.5201
vn -0.6912 -0.5013 -0.5205
vn -0.2648 -0.8111 -0.5215
vn 0.2623 -0.8111 -0.5228
vn 0.9650 0.0106 -0.2620
vn 0.2877 0.9216 -0.2604
vn -0.7880 0.5590 -0.2578
vn -0.7880 0.5590 -0.2579
vn -0.7756 -0.5761 -0.2579
vn 0.3078 -0.9151 -0.2604
vn 0.3078 -0.9151 -0.2605
vn -0.9662 0.0106 -0.2574
vn -0.3091 -0.9151 -0.2590
vn 0.7744 -0.5761 -0.2616
vn 0.7744 -0.5761 -0.2615
vn 0.7868 0.5590 -0.2616
vn -0.2890 0.9216 -0.2590
vn 0.5626 0.7753 -0.2872
vn 0.9107 -0.2961 -0.2880
vn -0.0007 -0.9583 -0.2858
vn -0.9121 -0.2961 -0.2837
vn -0.9120 -0.2961 -0.2837
vn -0.5639 0.7753 -0.2845
vn -0.3093 0.4229 -0.8517
vn 0.6043 0.1969 -0.7721
vn 0.3010 0.9251 0.2315
vn -0.5722 0.7869 -0.2309
vn 0.7863 -0.5717 -0.2341
vt 0.609157 0.951200
vt 0.608506 0.925719
vt 0.613436 0.924710
vt 0.613625 0.954637
vt 0.335051 0.106947
vt 0.327966 0.130916
vt 0.323792 0.124652
vt 0.330482 0.101856
vt 0.335529 0.078539
vt 0.344234 0.075882
vt 0.607665 0.892829
vt 0.613341 0.892223
vt 0.334571 0.059555
vt 0.352787 0.046958
vt 0.336154 0.066285
vt 0.297813 0.455729
vt 0.339617 0.455721
vt 0.343904 0.493218
vt 0.297820 0.492949
vt 0.297824 0.510653
vt 0.344401 0.511261
vt 0.009817 0.478016
vt -0.000000 0.490843
vt 0.000003 0.410679
vt 0.009829 0.374912
vt 0.973188 0.370001
vt 0.968666 0.371119
vt 0.970264 0.341015
vt 0.974971 0.339850
vt 0.048183 0.385730
vt 0.028826 0.379805
vt 0.028828 0.369748
vt 0.057385 0.378641
vt 0.000014 0.364053
vt 0.063361 0.389195
vt 0.063354 0.476576
vt 0.057597 0.477715
vt 0.057605 0.387886
vt 0.009292 0.490787
vt 0.058019 0.575633
vt 0.063363 0.573249
vt 0.062230 0.578838
vt 0.541313 0.796041
vt 0.545947 0.802491
vt 0.540753 0.802559
vt 0.540751 0.821117
vt 0.547607 0.834212
vt 0.540751 0.835096
vt 0.811271 0.676655
vt 0.811692 0.706242
vt 0.806622 0.706766
vt 0.806182 0.676899
vt 0.805755 0.644485
vt 0.810863 0.644454
vt 0.843095 0.644799
vt 0.843112 0.676995
vt 0.810589 0.614349
vt 0.805465 0.614312
vt 0.805339 0.597757
vt 0.810451 0.594942
vt 0.944045 0.310496
vt 0.944043 0.277878
vt 0.952463 0.277748
vt 0.952800 0.310339
vt 0.675610 0.049669
vt 0.675677 0.011056
vt 0.685479 0.005902
vt 0.685396 0.049583
vt 0.069510 0.369208
vt 0.082364 0.365157
vt 0.112571 0.367634
vt 0.110399 0.373134
vt 0.675750 0.000129
vt 0.670815 0.006355
vt 0.656827 0.007292
vt 0.656891 0.001418
vt 0.304586 0.353459
vt 0.304368 0.417945
vt 0.298189 0.418501
vt 0.298414 0.353401
vt 0.347104 0.353455
vt 0.346999 0.417941
vt 0.299467 0.266007
vt 0.305597 0.265586
vt 0.347590 0.262659
vt 0.457109 0.455721
vt 0.457044 0.467059
vt 0.427948 0.461672
vt 0.428013 0.455766
vt 0.792621 0.133306
vt 0.792609 0.151330
vt 0.766947 0.151370
vt 0.766973 0.128455
vt 0.063363 0.364053
vt 0.624206 0.006643
vt 0.628381 0.004548
vt 0.628307 0.015385
vt 0.622691 0.011114
vt 0.633126 0.009836
vt 0.304460 0.448975
vt 0.298291 0.450080
vt 0.347043 0.448971
vt 0.063358 0.541671
vt 0.057993 0.543182
vt 0.057991 0.505294
vt 0.971995 0.374706
vt 0.968643 0.376918
vt 0.063363 0.380164
vt 0.304181 0.455721
vt 0.297813 0.455678
vt 0.346913 0.455717
vt 0.968643 0.311693
vt 0.973476 0.310497
vt 0.975422 0.320122
vt 0.970604 0.321320
vt 0.009828 0.364534
vt 0.274058 0.473233
vt 0.275903 0.459137
vt 0.281323 0.472921
vt 0.276129 0.478676
vt 0.299643 0.256973
vt 0.305767 0.256601
vt 0.952532 0.468289
vt 0.952901 0.474265
vt 0.949098 0.472945
vt 0.947642 0.468377
vt 0.944725 0.426425
vt 0.949627 0.426385
vt 0.347671 0.253696
vt 0.793061 0.796077
vt 0.802025 0.795183
vt 0.802016 0.840611
vt 0.793058 0.840670
vt 0.620210 0.303574
vt 0.620211 0.335767
vt 0.574108 0.335762
vt 0.573747 0.303568
vt 0.574470 0.370023
vt 0.620214 0.370029
vt 0.843150 0.706575
vt 0.944040 0.227614
vt 0.951764 0.227613
vt 0.573462 0.273474
vt 0.620208 0.273476
vt 0.843131 0.614699
vt 0.381668 0.417940
vt 0.381668 0.353454
vt 0.381669 0.261973
vt 0.792589 0.187187
vt 0.766928 0.187227
vt 0.628248 0.052303
vt 0.621646 0.052793
vt 0.381667 0.448970
vt 0.381674 0.455716
vt 0.246814 0.457502
vt 0.988688 0.618206
vt 0.983300 0.618380
vt 0.983798 0.589250
vt 0.987541 0.589128
vt 0.280355 0.546602
vt 0.275903 0.587114
vt 0.270456 0.546446
vt 0.274767 0.540324
vt 0.277088 0.509857
vt 0.282687 0.509539
vt 0.509772 0.606016
vt 0.510866 0.585603
vt 0.517780 0.585792
vt 0.516370 0.608332
vt 0.510792 0.565036
vt 0.517815 0.563160
vt 0.509400 0.555439
vt 0.516134 0.552038
vt 0.507349 0.551327
vt 0.513589 0.546672
vt 0.465540 0.522681
vt 0.473643 0.515612
vt 0.513775 0.619219
vt 0.507662 0.615155
vt 0.505043 0.618656
vt 0.510579 0.624319
vt 0.483918 0.633769
vt 0.484078 0.624908
vt 0.466826 0.452923
vt 0.474768 0.453245
vt 0.476420 0.361710
vt 0.468564 0.356618
vt 0.507464 0.330245
vt 0.511802 0.334633
vt 0.509725 0.326707
vt 0.515558 0.329584
vt 0.517815 0.301005
vt 0.511946 0.300768
vt 0.511903 0.274889
vt 0.517743 0.272001
vt 0.510461 0.271386
vt 0.516182 0.267449
vt 0.492717 0.260376
vt 0.492849 0.253013
vt 0.968426 0.352544
vt 0.953576 0.352227
vt 0.953982 0.328999
vt 0.968295 0.328696
vt 0.968574 0.376282
vt 0.953174 0.375416
vt 0.968252 0.316650
vt 0.954188 0.317494
vt 0.954291 0.311850
vt 0.968242 0.310496
vt 0.344328 0.925371
vt 0.344328 0.964786
vt 0.331191 0.961010
vt 0.330639 0.922783
vt 0.968643 0.387944
vt 0.952984 0.386804
vt 0.968643 0.394165
vt 0.952901 0.392285
vt 0.952901 0.473515
vt 0.952957 0.444638
vt 0.968747 0.444335
vt 0.968747 0.473719
vt 0.903265 0.356059
vt 0.916001 0.357054
vt 0.915950 0.388050
vt 0.903082 0.509705
vt 0.903082 0.446929
vt 0.915852 0.442835
vt 0.916255 0.485393
vt 0.312130 0.942329
vt 0.325124 0.940872
vt 0.324900 0.976098
vt 0.312130 0.978931
vt 0.400058 0.957277
vt 0.387021 0.956396
vt 0.386517 0.926893
vt 0.399983 0.926793
vt 0.400117 0.963415
vt 0.387125 0.962091
vt 0.386011 0.896863
vt 0.400084 0.895601
vt 0.385931 0.892043
vt 0.400117 0.890164
vt 0.570088 0.978080
vt 0.570088 0.951205
vt 0.584168 0.953216
vt 0.585074 0.978196
vt 0.303576 0.022592
vt 0.346043 0.008996
vt 0.802427 0.966188
vt 0.808262 0.962522
vt 0.806116 0.969609
vt 0.427532 -0.000000
vt 0.426125 0.005783
vt 0.394086 0.015733
vt 0.395754 0.008875
vt 0.363223 0.013180
vt 0.361594 0.018685
vt 0.613479 0.861964
vt 0.606889 0.862442
vt 0.606565 0.849772
vt 0.613625 0.845358
vt 0.808262 0.977466
vt 0.430816 0.004060
vt 0.116940 0.376024
vt 0.117911 0.418785
vt 0.112571 0.418604
vt 0.112571 0.375753
vt 0.116930 0.369493
vt 0.118146 0.453571
vt 0.112571 0.453591
vt 0.294226 0.459853
vt 0.988673 0.636543
vt 0.983300 0.636717
vt 0.748648 0.151504
vt 0.748681 0.125539
vt 0.409648 0.461866
vt 0.409713 0.455964
vt 0.294219 0.507380
vt 0.294226 0.587106
vt 0.393933 0.455721
vt 0.380653 0.493218
vt 0.373983 0.021696
vt 0.374721 0.013419
vt 0.381493 0.011960
vt 0.057990 0.490893
vt 0.402436 0.516419
vt 0.402435 0.511887
vt 0.409601 0.511964
vt 0.409602 0.521788
vt 0.344680 0.521785
vt 0.310508 0.521788
vt 0.057998 0.568624
vt 0.011467 0.377979
vt 0.011519 0.478083
vt 0.012513 0.375909
vt 0.048022 0.490858
vt 0.028816 0.490846
vt 0.028816 0.481593
vt 0.048021 0.481605
vt 0.012543 0.480568
vt 0.015010 0.481589
vt 0.400691 0.560419
vt 0.400705 0.541214
vt 0.409595 0.541214
vt 0.409580 0.560420
vt 0.332854 0.563910
vt 0.332997 0.569568
vt 0.325742 0.569577
vt 0.329846 0.563094
vt 0.310484 0.523989
vt 0.345247 0.523961
vt 0.397227 0.523936
vt 0.380297 0.521787
vt 0.399690 0.524956
vt 0.400710 0.527421
vt 0.050489 0.480586
vt 0.409486 0.569641
vt 0.399668 0.562887
vt 0.051519 0.390236
vt 0.050595 0.387434
vt 0.051512 0.478123
vt 0.014801 0.375515
vt 0.397203 0.563910
vt 0.397557 0.569568
vt 0.357879 0.569566
vt 0.356256 0.563908
vt 0.300318 0.521789
vt 0.308725 0.525003
vt 0.308704 0.527034
vt 0.303499 0.528259
vt 0.309800 0.541217
vt 0.316657 0.541216
vt 0.327664 0.560867
vt 0.462317 0.924735
vt 0.462385 0.824606
vt 0.463341 0.824721
vt 0.463273 0.924640
vt 0.308989 0.250760
vt 0.308989 0.252518
vt 0.308029 0.252435
vt 0.308029 0.250358
vt 0.843562 0.961634
vt 0.843601 0.963594
vt 0.842676 0.963873
vt 0.842629 0.961557
vt 0.843243 0.948163
vt 0.842310 0.947981
vt 0.843567 0.929451
vt 0.842639 0.929197
vt 0.843601 0.927379
vt 0.842676 0.926946
vt 0.723589 0.840626
vt 0.723648 0.838039
vt 0.724539 0.837741
vt 0.724476 0.840553
vt 0.723579 0.928354
vt 0.724465 0.928454
vt 0.724539 0.930906
vt 0.723645 0.930535
vt 0.076087 0.954024
vt 0.076109 0.951804
vt 0.077013 0.951446
vt 0.076989 0.953940
vt 0.076401 0.973187
vt 0.077304 0.973198
vt 0.076087 0.986901
vt 0.076988 0.987008
vt 0.076995 0.989456
vt 0.076093 0.989078
vt 0.463341 0.926847
vt 0.462393 0.927215
vt 0.650124 0.866463
vt 0.650065 0.863653
vt 0.650952 0.863725
vt 0.651015 0.866722
vt 0.281053 0.952860
vt 0.281087 0.950726
vt 0.281977 0.950269
vt 0.281941 0.952545
vt 0.281316 0.972716
vt 0.282209 0.972457
vt 0.281053 0.986962
vt 0.281948 0.986816
vt 0.281090 0.988591
vt 0.281993 0.988848
vt 0.668585 0.897157
vt 0.669544 0.897026
vt 0.669599 0.898431
vt 0.668654 0.898911
vt 0.669388 0.862392
vt 0.668429 0.862395
vt 0.669540 0.810505
vt 0.668582 0.810411
vt 0.669599 0.808310
vt 0.668649 0.807943
vt 0.621174 0.249808
vt 0.621232 0.252076
vt 0.620302 0.252411
vt 0.620236 0.249861
vt 0.620872 0.236162
vt 0.619932 0.236120
vt 0.621185 0.217077
vt 0.620246 0.216939
vt 0.621232 0.214967
vt 0.620300 0.214569
vt 0.650065 0.799466
vt 0.650140 0.797264
vt 0.651036 0.796901
vt 0.650953 0.799377
vt 0.650171 0.840317
vt 0.651058 0.840324
vt 0.237476 0.572279
vt 0.237533 0.603274
vt 0.309049 -0.000000
vt 0.916477 0.508637
vt 0.395047 0.769336
vt 0.395483 0.769377
vt 0.395407 0.806869
vt 0.394972 0.806403
vt 0.297348 0.553823
vt 0.296916 0.554243
vt 0.297184 0.512067
vt 0.297613 0.512023
vt 0.394990 0.751703
vt 0.395424 0.751747
vt 0.465036 0.819898
vt 0.465470 0.820322
vt 0.465529 0.829615
vt 0.465041 0.829706
vt 0.636204 0.252938
vt 0.636204 0.248600
vt 0.636759 0.248804
vt 0.982885 0.123775
vt 0.978714 0.120402
vt 0.979237 0.120238
vt 0.980620 0.087816
vt 0.980119 0.087909
vt 0.981834 0.048366
vt 0.982261 0.049964
vt 0.668942 0.646592
vt 0.669913 0.689325
vt 0.669414 0.689317
vt 0.668443 0.646576
vt 0.670148 0.724085
vt 0.669649 0.724085
vt 0.925811 0.448477
vt 0.925338 0.448388
vt 0.916477 0.416664
vt 0.916990 0.416684
vt 0.925847 0.498187
vt 0.925434 0.498075
vt 0.929645 0.480883
vt 0.930060 0.481015
vt 0.096129 0.893824
vt 0.096564 0.893777
vt 0.096561 0.935958
vt 0.096124 0.936385
vt 0.294226 0.755110
vt 0.294226 0.736787
vt 0.294660 0.736356
vt 0.294660 0.755105
vt 0.636204 0.252388
vt 0.635420 0.252452
vt 0.635580 0.248794
vt 0.636204 0.248600
vt 0.125245 0.482904
vt 0.125744 0.482922
vt 0.125748 0.525682
vt 0.125249 0.525644
vt 0.125244 0.448135
vt 0.125743 0.448135
vt 0.835160 0.206891
vt 0.834741 0.206828
vt 0.837274 0.188251
vt 0.837691 0.188317
vt 0.296916 0.457502
vt 0.297347 0.457709
vt 0.038643 0.887706
vt 0.038240 0.888139
vt 0.038240 0.849827
vt 0.845607 0.246162
vt 0.930319 0.469518
vt 0.929884 0.469484
vt 0.928345 0.462356
vt 0.928872 0.462743
vt 0.839019 0.178583
vt 0.838600 0.178533
vt 0.979039 0.112878
vt 0.979520 0.113235
vt 0.465470 0.868344
vt 0.465036 0.868311
vt 0.465042 0.849114
vt 0.465476 0.849139
vt 0.841654 0.159336
vt 0.841232 0.159304
vt 0.843844 0.140285
vt 0.844266 0.140309
vt 0.295185 0.815120
vt 0.295638 0.815106
vt 0.295670 0.822636
vt 0.295217 0.822375
vt 0.294660 0.736356
vt 0.295046 0.736833
vt 0.294660 0.746365
vt 0.467465 0.250968
vt 0.467033 0.250917
vt 0.467465 0.240960
vt 0.845141 0.130834
vt 0.845607 0.131186
vt 0.295162 0.750557
vt 0.295616 0.750530
vt 0.295530 0.790113
vt 0.295077 0.790237
vt 0.295214 0.738627
vt 0.295670 0.738112
vt 0.982407 0.035962
vt 0.982885 0.035577
vt 0.394972 0.740382
vt 0.395406 0.740436
vt 0.211931 0.822301
vt 0.212349 0.822434
vt 0.212051 0.829720
vt 0.395353 0.733653
vt 0.212525 0.807905
vt 0.212940 0.808159
vt 0.669666 0.460978
vt 0.670097 0.460659
vt 0.670097 0.490793
vt 0.211931 0.775377
vt 0.569162 0.891142
vt 0.569593 0.891185
vt 0.569593 0.930416
vt 0.569162 0.930846
vt 0.096124 0.839042
vt 0.096579 0.839211
vt 0.916787 0.535167
vt 0.916477 0.534641
vt 0.668429 0.640626
vt 0.668862 0.640223
vt 0.125753 0.532212
vt 0.125265 0.531595
vt 0.462317 0.904561
vt 0.461890 0.904981
vt 0.461890 0.824606
vt 0.202341 0.853597
vt 0.202766 0.853368
vt 0.202766 0.933531
vt 0.941660 0.972206
vt 0.941234 0.972417
vt 0.941234 0.925185
vt 0.547752 0.790822
vt 0.548176 0.791182
vt 0.547752 0.837807
vt 0.125281 0.659921
vt 0.125731 0.660242
vt 0.125699 0.665955
vt 0.125244 0.665823
vt 0.465273 0.499456
vt 0.464818 0.499403
vt 0.464900 0.455721
vt 0.845973 0.219084
vt 0.845607 0.201561
vt 0.845973 0.174958
vt 0.294660 0.746365
vt 0.295046 0.751723
vt 0.294660 0.752086
vt 0.401846 0.716723
vt 0.401435 0.711574
vt 0.401846 0.711256
vt 0.295024 0.555892
vt 0.294226 0.519965
vt 0.294670 0.519965
vt 0.295467 0.555863
vt 0.026842 0.990617
vt 0.027245 0.990439
vt 0.031358 0.994186
vt 0.031113 0.994544
vt 0.031358 0.967118
vt 0.026948 0.984009
vt 0.026507 0.983961
vt 0.030834 0.967384
vt 0.125244 0.579758
vt 0.125677 0.579540
vt 0.125776 0.659921
vt 0.125342 0.659498
vt 0.915813 0.509705
vt 0.916241 0.509815
vt 0.915813 0.557025
vt 0.125776 0.532212
vt 0.829301 0.222440
vt 0.827298 0.221560
vt 0.830622 0.199223
vt 0.832794 0.199491
vt 0.832584 0.176675
vt 0.834741 0.176336
vt 0.831856 0.165451
vt 0.833890 0.164671
vt 0.829777 0.159888
vt 0.831640 0.158753
vt 0.792621 0.125539
vt 0.401904 0.931398
vt 0.400292 0.929109
vt 0.401904 0.889727
vt 0.821579 0.238578
vt 0.820167 0.236996
vt 0.823786 0.232187
vt 0.825512 0.233488
vt 0.296391 0.736270
vt 0.294228 0.736356
vt 0.294227 0.673979
vt 0.296378 0.673495
vt 0.465176 0.924065
vt 0.463341 0.926163
vt 0.463341 0.888864
vt 0.643338 0.829810
vt 0.645085 0.831151
vt 0.613888 0.861156
vt 0.646417 0.824322
vt 0.648484 0.825059
vt 0.647181 0.795525
vt 0.644996 0.795689
vt 0.641211 0.766933
vt 0.643046 0.765762
vt 0.639080 0.762618
vt 0.640710 0.761164
vt 0.614091 0.751288
vt 0.613888 0.749168
vt 0.792621 0.246162
vt 0.792798 0.244142
vt 0.294226 0.582429
vt 0.296391 0.582630
vt 0.980180 0.261690
vt 0.980180 0.231330
vt 0.988187 0.234234
vt 0.482788 0.957741
vt 0.489396 0.985970
vt 0.482788 0.986970
vt 0.898869 0.118457
vt 0.895252 0.136654
vt 0.895252 0.107663
vt 0.898858 0.112778
vt 0.829676 0.951626
vt 0.828713 0.936442
vt 0.842310 0.938275
vt 0.988255 0.199370
vt 0.988187 0.179614
vt 0.991327 0.199399
vt 0.921218 0.976755
vt 0.922521 0.967581
vt 0.926767 0.970051
vt 0.924047 0.980812
vt 0.996428 0.342547
vt 0.993114 0.342799
vt 0.993114 0.310496
vt 0.988187 0.229470
vt 0.991257 0.229495
vt 0.991238 0.261690
vt 0.996058 0.376952
vt 0.748526 0.252927
vt 0.745930 0.247973
vt 0.748526 0.218507
vt 0.993984 0.067513
vt 0.989413 0.065869
vt 0.989331 0.057930
vt 0.987487 0.219963
vt 0.745930 0.252927
vt 0.739693 0.241241
vt 0.745930 0.238469
vt 0.318242 0.135292
vt 0.325111 0.140592
vt 0.311794 0.140105
vt 0.988722 0.041916
vt 0.992944 0.037608
vt 0.994332 0.051975
vt 0.989250 0.050141
vt 0.829119 0.926946
vt 0.828070 0.927914
vt 0.540754 0.809851
vt 0.898967 0.097658
vt 0.898847 0.107684
vt 0.895464 0.094032
vt 0.067916 0.403794
vt 0.068477 0.453785
vt 0.065168 0.453802
vt 0.064454 0.403538
vt 0.067361 0.371398
vt 0.063949 0.370919
vt 0.038325 0.689490
vt 0.038471 0.734000
vt 0.036922 0.734448
vt 0.036773 0.689087
vt 0.297502 0.625281
vt 0.296391 0.625284
vt 0.296391 0.582813
vt 0.297502 0.582429
vt 0.297502 0.660270
vt 0.296391 0.660273
vt 0.463441 0.888398
vt 0.463341 0.856463
vt 0.464863 0.856468
vt 0.464971 0.888864
vt 0.633073 0.248600
vt 0.633073 0.251106
vt 0.631509 0.251446
vt 0.631510 0.248941
vt 0.036919 0.686645
vt 0.038471 0.687048
vt 0.427893 0.481647
vt 0.409602 0.478730
vt 0.454593 0.486531
vt 0.464781 0.505359
vt 0.454555 0.505375
vt 0.464798 0.477030
vt 0.296916 0.582429
vt 0.296425 0.582003
vt 0.125731 0.683139
vt 0.774266 0.413191
vt 0.774744 0.413607
vt 0.775155 0.439188
vt 0.774684 0.439190
vt 0.774740 0.457483
vt 0.774266 0.457903
vt 0.465493 0.730047
vt 0.465055 0.729991
vt 0.465067 0.711967
vt 0.120091 0.541393
vt 0.119639 0.541717
vt 0.119639 0.523274
vt 0.767320 0.002917
vt 0.767338 0.003420
vt 0.748629 0.000463
vt 0.749029 0.000000
vt 0.794021 0.007801
vt 0.793405 0.008339
vt 0.793982 0.026644
vt 0.793392 0.026702
vt 0.793963 0.062501
vt 0.793373 0.062530
vt 0.038240 0.850226
vt 0.037923 0.864369
vt 0.036477 0.864426
vt 0.036804 0.849827
vt 0.120522 0.479433
vt 0.123306 0.517821
vt 0.121779 0.518418
vt 0.118942 0.479539
vt 0.118146 0.443652
vt 0.119730 0.443652
vt 0.967212 0.000537
vt 0.964821 0.037239
vt 0.963516 0.037153
vt 0.965952 0.000000
vt 0.038240 0.888942
vt 0.036799 0.889430
vt 0.125244 0.522678
vt 0.123716 0.523274
vt 0.835827 0.123357
vt 0.835827 0.130705
vt 0.834742 0.130834
vt 0.834742 0.123484
vt 0.685543 -0.000000
vt 0.342082 0.787067
vt 0.341574 0.787063
vt 0.343205 0.757038
vt 0.343698 0.756963
vt 0.607488 0.377563
vt 0.607533 0.377964
vt 0.579097 0.381097
vt 0.579193 0.380690
vt 0.342056 0.792866
vt 0.341534 0.792818
vt 0.573607 0.383633
vt 0.573297 0.383376
vt 0.344050 0.737269
vt 0.343569 0.737369
vt 0.341534 0.727339
vt 0.342095 0.727640
vt 0.636143 0.376134
vt 0.636568 0.376536
vt 0.626361 0.376671
vt 0.626343 0.376266
vt 0.571790 0.389528
vt 0.571384 0.389470
vt 0.124382 0.681067
vt 0.124864 0.680985
vt 0.125244 0.686910
vt 0.124751 0.687042
vt 0.121477 0.639162
vt 0.121956 0.639154
vt 0.570753 0.431087
vt 0.570340 0.431103
vt 0.120796 0.605165
vt 0.121274 0.605164
vt 0.356752 0.033550
vt 0.868821 0.763991
vt 0.870183 0.735579
vt 0.888111 0.737702
vt 0.888235 0.800417
vt 0.867217 0.799948
vt 0.080184 0.918309
vt 0.083942 0.916829
vt 0.095955 0.941749
vt 0.077471 0.929846
vt 0.398371 0.986029
vt 0.392154 0.980295
vt 0.398371 0.963415
vt 0.932869 0.534696
vt 0.943449 0.534696
vt 0.936870 0.555674
vt 0.088590 0.899826
vt 0.095955 0.899826
vt 0.086443 0.901649
vt 0.297811 0.885963
vt 0.297805 0.911916
vt 0.255876 0.915466
vt 0.883115 0.715231
vt 0.883115 0.668924
vt 0.924918 0.667275
vt 0.924767 0.706374
vt 0.297799 0.915466
vt 0.255883 0.856589
vt 0.297810 0.860084
vt 0.297806 0.856589
vt 0.795416 0.915976
vt 0.795416 0.957897
vt 0.778535 0.957787
vt 0.778535 0.915866
vt 0.167698 0.809145
vt 0.123528 0.840522
vt 0.148492 0.740369
vt 0.166907 0.750215
vt 0.140530 0.737515
vt 0.123528 0.747665
vt 0.090463 0.977272
vt 0.091770 0.966914
vt 0.091753 0.976005
vt 0.992514 0.081676
vt 0.987943 0.080032
vt 0.811721 0.712577
vt 0.805267 0.712189
vt 0.620220 0.376134
vt 0.574791 0.376124
vt 0.921218 0.960762
vt 0.925889 0.963278
vt 0.843444 0.712955
vt 0.609360 0.960377
vt 0.945096 0.958358
vt 0.946629 0.954339
vt 0.954868 0.954400
vt 0.955311 0.962629
vt 0.955311 0.970419
vt 0.955311 0.978359
vt 0.943539 0.962391
vt 0.707697 0.973431
vt 0.716387 0.965310
vt 0.717571 0.969479
vt 0.819089 0.980022
vt 0.820018 0.984308
vt 0.814101 0.984308
vt 0.814283 0.978620
vt 0.903225 0.093881
vt 0.384240 0.944855
vt 0.369755 0.965421
vt 0.369755 0.936055
vt 0.930869 0.970989
vt 0.927046 0.970864
vt 0.927305 0.966558
vt 0.930861 0.960762
vt 0.383773 0.940569
vt 0.370868 0.931698
vt 0.383384 0.936939
vt 0.707697 0.979197
vt 0.715311 0.961157
vt 0.709086 0.957837
vt 0.819871 0.975698
vt 0.930869 0.985844
vt 0.926767 0.975167
vt 0.954155 0.948052
vt 0.987943 0.035577
vt 0.944255 0.041337
vt 0.940226 0.043061
vt 0.937159 0.035577
vt 0.937159 0.046202
vt 0.718683 0.973030
vt 0.384715 0.949143
vt 0.385125 0.952782
vt 0.942195 0.965826
vt 0.707697 0.968259
vt 0.931853 0.134755
vt 0.930244 0.125424
vt 0.932280 0.123069
vt 0.934709 0.137176
vt 0.901247 0.134345
vt 0.898843 0.136699
vt 0.901266 0.127735
vt 0.904008 0.125059
vt 0.903064 0.122660
vt 0.465540 0.987504
vt 0.465559 0.980372
vt 0.469107 0.979851
vt 0.469107 0.989261
vt 0.982255 0.901462
vt 0.982280 0.927576
vt 0.978711 0.930702
vt 0.978711 0.899963
vt 0.603707 0.981350
vt 0.603627 0.986441
vt 0.600436 0.988009
vt 0.600526 0.981311
vt 0.603642 0.979346
vt 0.600436 0.978653
vt 0.462317 0.950914
vt 0.462331 0.928095
vt 0.465346 0.927215
vt 0.465346 0.953586
vt 0.911537 0.724031
vt 0.906331 0.727163
vt 0.906412 0.715595
vt 0.911828 0.715231
vt 0.843041 0.594942
vt 0.570088 0.253727
vt 0.620209 0.253013
vt 0.898405 0.731826
vt 0.898405 0.716191
vt 0.963975 0.254614
vt 0.963471 0.254330
vt 0.960835 0.229381
vt 0.961295 0.229266
vt 0.960057 0.550610
vt 0.960465 0.550911
vt 0.959163 0.575942
vt 0.958759 0.575548
vt 0.961805 0.518293
vt 0.962244 0.518050
vt 0.957375 0.196624
vt 0.957835 0.196548
vt 0.344339 0.792866
vt 0.343873 0.799391
vt 0.343359 0.799547
vt 0.343815 0.792957
vt 0.344339 0.831924
vt 0.343824 0.832202
vt 0.343616 0.817369
vt 0.344138 0.817947
vt 0.959991 0.148753
vt 0.959754 0.148279
vt 0.964497 0.144726
vt 0.964909 0.145155
vt 0.881751 0.596404
vt 0.881266 0.596539
vt 0.880602 0.563991
vt 0.881079 0.563816
vt 0.557899 0.185184
vt 0.557327 0.185183
vt 0.557380 0.140830
vt 0.557902 0.140592
vt 0.883115 0.646535
vt 0.882637 0.646538
vt 0.963536 0.488209
vt 0.963991 0.487720
vt 0.953306 0.153716
vt 0.952800 0.153516
vt 0.954182 0.166382
vt 0.954639 0.166319
vt 0.120784 0.687463
vt 0.120263 0.687450
vt 0.120269 0.682553
vt 0.120784 0.682517
vt 0.958235 0.585614
vt 0.958617 0.585529
vt 0.964730 0.591238
vt 0.964540 0.591729
vt 0.969564 0.521674
vt 0.970098 0.543922
vt 0.969598 0.566029
vt 0.343474 0.807158
vt 0.343979 0.806682
vt 0.964344 0.474265
vt 0.964730 0.474812
vt 0.964909 0.263746
vt 0.964407 0.263900
vt 0.802093 0.471347
vt 0.801591 0.471187
vt 0.802093 0.463585
vt 0.964730 0.569083
vt 0.970098 0.566170
vt 0.875215 0.559128
vt 0.875505 0.558742
vt 0.989739 0.559593
vt 0.989251 0.559436
vt 0.988906 0.526885
vt 0.989386 0.527005
vt 0.867217 0.557615
vt 0.297534 0.581468
vt 0.296916 0.581543
vt 0.296916 0.572347
vt 0.386347 0.665959
vt 0.344405 0.665872
vt 0.344405 0.571782
vt 0.386347 0.569641
vt 0.386347 0.735726
vt 0.344405 0.735639
vt 0.125603 0.092701
vt 0.125600 0.186790
vt 0.062902 0.186790
vt 0.062905 0.092701
vt 0.125597 0.256558
vt 0.062900 0.256558
vt 0.881786 0.134211
vt 0.867303 0.129816
vt 0.882396 0.129938
vt 0.882620 0.125833
vt 0.867303 0.125831
vt 0.402434 0.499328
vt 0.409597 0.493219
vt 0.385993 0.516419
vt 0.393969 0.500214
vt 0.380423 0.511649
vt 0.386249 0.511712
vt 0.389537 0.502873
vt 0.386879 0.507305
vt 0.879254 0.138431
vt 0.875044 0.140957
vt 0.988712 0.285824
vt 0.988723 0.277361
vt 0.989837 0.277909
vt 0.989827 0.285646
vt 0.842310 0.980892
vt 0.842317 0.968386
vt 0.843431 0.968436
vt 0.843425 0.980336
vt 0.842310 0.963873
vt 0.843425 0.964468
vt 0.982301 0.864386
vt 0.982301 0.880829
vt 0.981193 0.880244
vt 0.981193 0.864927
vt 0.989881 0.263900
vt 0.989814 0.268599
vt 0.988741 0.268513
vt 0.988800 0.264415
vt 0.989784 0.272990
vt 0.988712 0.272772
vt 0.989881 0.277361
vt 0.988805 0.276934
vt 0.988723 0.290245
vt 0.989837 0.289847
vt 0.844358 0.872745
vt 0.844353 0.881895
vt 0.802427 0.883656
vt 0.739943 0.413191
vt 0.760952 0.413318
vt 0.761477 0.454927
vt 0.739159 0.454927
vt 0.844359 0.852324
vt 0.844353 0.822168
vt 0.844357 0.831758
vt 0.802427 0.820121
vt 0.844347 0.818067
vt 0.888235 0.852057
vt 0.888262 0.812481
vt 0.930196 0.811339
vt 0.930196 0.858913
vt 0.844347 0.885412
vt 0.793727 0.280891
vt 0.797394 0.316727
vt 0.779591 0.326215
vt 0.775248 0.294736
vt 0.802221 0.319798
vt 0.802221 0.338716
vt 0.783374 0.357633
vt 0.787893 0.270688
vt 0.793389 0.277303
vt 0.775615 0.253013
vt 0.786488 0.254853
vt 0.784478 0.253013
vt 0.452436 0.754020
vt 0.451546 0.817568
vt 0.429414 0.825597
vt 0.401904 0.724085
vt 0.895252 0.000042
vt 0.894852 0.031558
vt 0.867303 0.062967
vt 0.868052 -0.000000
vt 0.894503 0.063009
vt 0.125794 0.355926
vt 0.062897 0.364053
vt 0.401904 0.823454
vt 0.091788 0.951786
vt 0.079175 0.966586
vt 0.091788 0.943004
vt 0.078598 0.941749
vt 0.090500 0.941793
vt 0.830596 0.961258
vt 0.841111 0.963498
vt 0.832167 0.962788
vt 0.242333 0.767652
vt 0.255876 0.765547
vt 0.251693 0.768597
vt 0.242647 0.770004
vt 0.255869 0.787794
vt 0.253645 0.783477
vt 0.253649 0.770404
vt 0.213107 0.791222
vt 0.213107 0.772304
vt 0.215454 0.776414
vt 0.215454 0.786518
vt 0.227205 0.769821
vt 0.227561 0.772168
vt 0.217508 0.773940
vt 0.242333 0.810086
vt 0.227205 0.810119
vt 0.227205 0.807743
vt 0.242333 0.807710
vt 0.213107 0.810139
vt 0.217539 0.807757
vt 0.215454 0.795510
vt 0.215454 0.805649
vt 0.217531 0.788444
vt 0.217531 0.793214
vt 0.227025 0.787602
vt 0.242175 0.786500
vt 0.242491 0.791239
vt 0.227385 0.792339
vt 0.251671 0.785746
vt 0.251671 0.790509
vt 0.255863 0.810041
vt 0.253639 0.805561
vt 0.253643 0.792464
vt 0.251661 0.807679
vt 0.970098 0.521674
vt 0.802221 0.357634
vt 0.989229 0.009885
vt 0.990279 0.000287
vt 0.993555 -0.000000
vt 0.992561 0.008970
vt 0.408177 0.626949
vt 0.406073 0.626950
vt 0.406207 0.623770
vt 0.407335 0.623770
vt 0.795722 0.957897
vt 0.795722 0.970971
vt 0.793017 0.970421
vt 0.793016 0.958543
vt 0.985977 0.105247
vt 0.986225 0.107313
vt 0.983044 0.107211
vt 0.982885 0.105884
vt 0.987267 0.117387
vt 0.984022 0.116734
vt 0.987016 0.132959
vt 0.983758 0.132317
vt 0.986089 0.142514
vt 0.982885 0.141271
vt 0.319692 0.993436
vt 0.319155 0.991513
vt 0.322802 0.990874
vt 0.323107 0.991964
vt 0.319104 0.981409
vt 0.322757 0.981902
vt 0.319618 0.978931
vt 0.323107 0.980212
vt 0.990303 0.035575
vt 0.989358 0.025425
vt 0.992667 0.024489
vt 0.993555 0.034111
vt 0.990678 0.956049
vt 0.990443 0.971618
vt 0.987192 0.970870
vt 0.987428 0.955301
vt 0.989500 0.981359
vt 0.986305 0.980031
vt 0.614704 0.990601
vt 0.614170 0.988495
vt 0.617819 0.987904
vt 0.618145 0.989188
vt 0.614153 0.978355
vt 0.617804 0.978894
vt 0.614679 0.976057
vt 0.618145 0.977405
vt 0.992901 0.177927
vt 0.991981 0.167985
vt 0.995292 0.167141
vt 0.996157 0.176528
vt 0.991833 0.152430
vt 0.995156 0.151597
vt 0.992894 0.142688
vt 0.996157 0.142460
vt 0.406073 0.626948
vt 0.403953 0.626948
vt 0.404078 0.623770
vt 0.405296 0.623770
vt 0.754027 0.750978
vt 0.754027 0.764075
vt 0.751322 0.763497
vt 0.751321 0.751594
vt 0.989397 0.944070
vt 0.989647 0.946144
vt 0.986458 0.945975
vt 0.986305 0.944711
vt 0.957796 0.043494
vt 0.957796 0.035577
vt 0.962658 0.035577
vt 0.962658 0.043493
vt 0.202341 0.853368
vt 0.202341 0.840666
vt 0.212405 0.841521
vt 0.212405 0.849436
vt 0.882007 0.354710
vt 0.872828 0.354710
vt 0.872862 0.344731
vt 0.877724 0.344731
vt 0.976930 0.296085
vt 0.976930 0.308787
vt 0.966877 0.304803
vt 0.966877 0.296887
vt 0.557747 0.251182
vt 0.548610 0.251507
vt 0.552908 0.241260
vt 0.557747 0.241088
vt 0.035880 0.984178
vt 0.035880 0.967118
vt 0.038939 0.975663
vt 0.747426 0.975400
vt 0.754401 0.975400
vt 0.753151 0.983900
vt 0.748567 0.983900
vt 0.426069 0.976185
vt 0.426069 0.993245
vt 0.423016 0.984720
vt 0.319104 0.987491
vt 0.312130 0.987491
vt 0.313274 0.978931
vt 0.317857 0.978931
vt 0.986400 0.582961
vt 0.986400 0.565902
vt 0.989459 0.574446
vt 0.167698 0.980613
vt 0.174673 0.980613
vt 0.173423 0.989113
vt 0.168839 0.989113
vt 0.989689 0.805524
vt 0.989689 0.822585
vt 0.986636 0.814060
vt 0.856221 0.982497
vt 0.849246 0.982497
vt 0.850390 0.973937
vt 0.854974 0.973937
vt 0.039171 0.966613
vt 0.053906 0.963498
vt 0.053856 0.979997
vt 0.039130 0.979955
vt 0.784118 0.660107
vt 0.783170 0.645651
vt 0.804319 0.645651
vt 0.805267 0.660108
vt 0.736456 0.057339
vt 0.736466 0.071778
vt 0.719197 0.071592
vt 0.719173 0.057115
vt 0.781657 0.625121
vt 0.791939 0.596712
vt 0.802805 0.625122
vt 0.805267 0.695079
vt 0.784118 0.695078
vt 0.719075 0.002465
vt 0.736420 0.036755
vt 0.719136 0.036530
vt 0.736466 0.106676
vt 0.748629 0.071807
vt 0.748629 0.106705
vt 0.555423 0.633142
vt 0.570088 0.633155
vt 0.568983 0.665749
vt 0.554318 0.665737
vt 0.053906 0.985774
vt 0.039181 0.985732
vt 0.685984 0.006262
vt 0.685544 -0.000000
vt 0.696861 0.006299
vt 0.716613 0.036425
vt 0.710255 0.036441
vt 0.699388 0.008032
vt 0.704623 0.003936
vt 0.718127 0.056955
vt 0.711768 0.056971
vt 0.712716 0.071428
vt 0.719075 0.071411
vt 0.719075 0.106382
vt 0.712716 0.106399
vt 0.698885 0.000000
vt 0.038987 0.905189
vt 0.036477 0.905929
vt 0.036477 0.889430
vt 0.514114 0.871242
vt 0.516796 0.872762
vt 0.516503 0.903767
vt 0.513820 0.903854
vt 0.852687 0.551410
vt 0.852687 0.556839
vt 0.850219 0.557615
vt 0.850219 0.550656
vt 0.742740 0.057339
vt 0.736336 0.000181
vt 0.742628 0.006437
vt 0.719197 0.106490
vt 0.742703 0.036755
vt 0.516796 0.919966
vt 0.514113 0.920053
vt 0.560624 0.735704
vt 0.548243 0.735694
vt 0.548243 0.700724
vt 0.560624 0.700734
vt 0.554178 0.686279
vt 0.560724 0.685448
vt 0.730747 0.356926
vt 0.730747 0.391896
vt 0.711502 0.391896
vt 0.711502 0.356925
vt 0.730747 0.407174
vt 0.710482 0.406338
vt 0.456247 0.774331
vt 0.452436 0.774359
vt 0.452436 0.724113
vt 0.456247 0.724085
vt 0.450482 0.252024
vt 0.450473 0.244660
vt 0.454050 0.244456
vt 0.454060 0.252078
vt 0.443421 0.240960
vt 0.450544 0.240960
vt 0.443350 0.244660
vt 0.621232 0.248897
vt 0.624706 0.248600
vt 0.624706 0.252411
vt 0.721937 0.460824
vt 0.708968 0.426867
vt 0.726415 0.457754
vt 0.564235 0.681946
vt 0.737965 0.426867
vt 0.734250 0.410676
vt 0.557327 0.225811
vt 0.548610 0.241088
vt 0.548610 0.190840
vt 0.557327 0.190840
vt 0.445826 0.252024
vt 0.463341 0.739367
vt 0.463341 0.774337
vt 0.568873 0.681950
vt 0.556245 0.241088
vt 0.463341 0.724091
vt 0.430981 0.981416
vt 0.436515 0.976752
vt 0.436515 0.989098
vt 0.430981 0.988358
vt 0.745714 0.921330
vt 0.727051 0.921330
vt 0.725502 0.890877
vt 0.747426 0.890877
vt 0.657261 0.732859
vt 0.657302 0.702581
vt 0.658684 0.732857
vt 0.867303 0.099856
vt 0.865756 0.130309
vt 0.837854 0.130309
vt 0.836141 0.099856
vt 0.911293 0.185197
vt 0.916811 0.185208
vt 0.916668 0.215674
vt 0.911150 0.215662
vt 0.745292 0.930692
vt 0.740910 0.951690
vt 0.734025 0.957188
vt 0.727083 0.930692
vt 0.651336 0.668060
vt 0.668139 0.668034
vt 0.668009 0.693244
vt 0.651206 0.693271
vt 0.497088 0.251496
vt 0.472504 0.226712
vt 0.497088 0.221726
vt 0.908731 0.149331
vt 0.914249 0.144726
vt 0.914249 0.148729
vt 0.665426 0.702568
vt 0.669602 0.974052
vt 0.660220 0.976350
vt 0.660220 0.946580
vt 0.669602 0.946150
vt 0.908731 0.175826
vt 0.914249 0.175837
vt 0.908138 0.339444
vt 0.902291 0.338136
vt 0.900418 0.309255
vt 0.906177 0.309229
vt 0.908138 0.299755
vt 0.902379 0.299781
vt 0.900841 0.274617
vt 0.906876 0.279122
vt 0.508181 0.955442
vt 0.508276 0.973944
vt 0.491378 0.967794
vt 0.491376 0.955447
vt 0.857780 0.185255
vt 0.857637 0.215721
vt 0.848436 0.215674
vt 0.848579 0.185208
vt 0.846017 0.144726
vt 0.862277 0.144794
vt 0.863649 0.146317
vt 0.846017 0.148729
vt 0.846017 0.175837
vt 0.863649 0.175912
vt 0.491470 0.948625
vt 0.508276 0.948620
vt 0.948653 0.854923
vt 0.948653 0.863727
vt 0.942195 0.864386
vt 0.942202 0.855576
vt 0.727084 0.957188
vt 0.467492 0.251496
vt 0.467492 0.233006
vt 0.665385 0.731510
vt 0.166148 0.928285
vt 0.156029 0.928234
vt 0.156029 0.895739
vt 0.166148 0.893656
vt 0.063214 0.580983
vt 0.063214 0.613545
vt 0.058660 0.613539
vt 0.058659 0.578838
vt 0.282383 0.981231
vt 0.286545 0.978465
vt 0.287229 0.985103
vt 0.282383 0.991346
vt 0.118146 0.523274
vt 0.119639 0.523943
vt 0.118146 0.542372
vt 0.324998 0.939033
vt 0.323530 0.938401
vt 0.324998 0.919958
vt 0.208991 0.601810
vt 0.207481 0.601857
vt 0.204766 0.571477
vt 0.206276 0.571430
vt 0.643172 0.954413
vt 0.644632 0.954802
vt 0.643172 0.979844
vt 0.955311 0.949161
vt 0.956795 0.948052
vt 0.956795 0.973263
vt 0.608379 0.985889
vt 0.607086 0.985163
vt 0.607086 0.974034
vt 0.608379 0.974761
vt 0.746264 0.828611
vt 0.747757 0.828835
vt 0.747774 0.836881
vt 0.746264 0.837416
vt 0.962716 0.043996
vt 0.962155 0.047188
vt 0.959130 0.047120
vt 0.959727 0.043721
vt 0.462997 0.154521
vt 0.464380 0.158717
vt 0.461498 0.159053
vt 0.460446 0.155863
vt 0.465572 0.152318
vt 0.467492 0.158142
vt 0.338876 0.918959
vt 0.337588 0.911832
vt 0.340603 0.911378
vt 0.341656 0.917206
vt 0.335908 0.919235
vt 0.334583 0.911901
vt 0.406898 0.635830
vt 0.404883 0.642078
vt 0.401904 0.641815
vt 0.404239 0.634574
vt 0.409418 0.638080
vt 0.407922 0.642720
vt 0.970655 0.739852
vt 0.970058 0.743251
vt 0.967064 0.742796
vt 0.967889 0.738099
vt 0.674763 0.838739
vt 0.672090 0.839985
vt 0.670336 0.837277
vt 0.673182 0.835950
vt 0.675370 0.841446
vt 0.671855 0.843085
vt 0.460702 0.149200
vt 0.459489 0.152275
vt 0.342143 0.922783
vt 0.344328 0.920334
vt 0.082638 0.840594
vt 0.088454 0.844061
vt 0.086537 0.846690
vt 0.080885 0.843320
vt 0.412009 0.632609
vt 0.410162 0.630840
vt 0.413213 0.635689
vt 0.972169 0.738028
vt 0.969981 0.735579
vt 0.696229 0.828111
vt 0.694534 0.825375
vt 0.697322 0.830565
vt 0.437847 0.144609
vt 0.437231 0.147804
vt 0.437511 0.142084
vt 0.460709 0.146731
vt 0.060750 0.827720
vt 0.058887 0.830384
vt 0.061903 0.825464
vt 0.083324 0.838051
vt 0.434463 0.631981
vt 0.433838 0.628798
vt 0.433988 0.634614
vt 0.413069 0.638275
vt 0.702108 0.824134
vt 0.699911 0.821738
vt 0.703718 0.826239
vt 0.430197 0.143500
vt 0.429846 0.146733
vt 0.430082 0.141007
vt 0.055092 0.823314
vt 0.052751 0.825606
vt 0.056737 0.821442
vt 0.440313 0.631242
vt 0.439947 0.628026
vt 0.440054 0.633848
vt 0.706778 0.818719
vt 0.704184 0.816785
vt 0.708799 0.820347
vt 0.422136 0.143116
vt 0.422065 0.146363
vt 0.422255 0.140634
vt 0.050707 0.817570
vt 0.047995 0.819376
vt 0.052735 0.816199
vt 0.446591 0.630983
vt 0.446504 0.627756
vt 0.446565 0.633579
vt 0.715490 0.805460
vt 0.712429 0.804235
vt 0.717891 0.806501
vt 0.405501 0.143092
vt 0.405567 0.146340
vt 0.406122 0.140616
vt 0.043032 0.804276
vt 0.039895 0.805346
vt 0.045405 0.803512
vt 0.461103 0.630970
vt 0.461153 0.627742
vt 0.461580 0.633561
vt 0.716520 0.800049
vt 0.713086 0.800780
vt 0.719201 0.799613
vt 0.399171 0.143063
vt 0.399359 0.146311
vt 0.400951 0.140592
vt 0.042528 0.800455
vt 0.039130 0.799551
vt 0.045098 0.801185
vt 0.463123 0.630912
vt 0.463300 0.627680
vt 0.464798 0.633468
vt 0.713424 0.795502
vt 0.711109 0.797876
vt 0.715260 0.793822
vt 0.913015 0.965227
vt 0.913022 0.971872
vt 0.909772 0.971701
vt 0.909766 0.965185
vt 0.915479 0.964828
vt 0.915484 0.970256
vt 0.044872 0.797396
vt 0.042685 0.794911
vt 0.046526 0.799321
vt 0.983938 0.579281
vt 0.983936 0.581318
vt 0.980686 0.581492
vt 0.980688 0.579327
vt 0.986400 0.579715
vt 0.986398 0.582961
vt 0.672111 0.768467
vt 0.670336 0.771195
vt 0.673537 0.766519
vt 0.913021 0.915240
vt 0.909771 0.915242
vt 0.915484 0.915267
vt 0.087224 0.772919
vt 0.085597 0.770110
vt 0.088454 0.775089
vt 0.983936 0.530897
vt 0.980686 0.530898
vt 0.986398 0.530905
vt 0.960954 0.909391
vt 0.957946 0.909393
vt 0.958227 0.864389
vt 0.960952 0.864386
vt 0.967064 0.780585
vt 0.963959 0.780597
vt 0.963959 0.735589
vt 0.966771 0.735579
vt 0.961083 0.780585
vt 0.961354 0.735579
vt 0.964909 0.189733
vt 0.967927 0.189730
vt 0.967923 0.234737
vt 0.965189 0.234740
vt 0.970914 0.189733
vt 0.970629 0.234740
vt 0.973216 0.044966
vt 0.970184 0.044885
vt 0.970263 0.000000
vt 0.973010 0.000073
vt 0.967212 0.044966
vt 0.967571 0.000073
vt 0.963952 0.909393
vt 0.963668 0.864389
vt 0.747899 0.816165
vt 0.747894 0.805216
vt 0.750892 0.805220
vt 0.750897 0.816566
vt 0.618093 0.552062
vt 0.629024 0.553302
vt 0.628237 0.556703
vt 0.618099 0.555531
vt 0.753904 0.805216
vt 0.753909 0.816165
vt 0.747913 0.826221
vt 0.750912 0.826991
vt 0.637545 0.560037
vt 0.639072 0.556902
vt 0.974049 0.160560
vt 0.974088 0.169504
vt 0.971105 0.169102
vt 0.971063 0.159789
vt 0.977073 0.159789
vt 0.977114 0.169103
vt 0.330395 0.145412
vt 0.340461 0.141827
vt 0.341251 0.145214
vt 0.331927 0.148535
vt 0.753923 0.826221
vt 0.747936 0.835086
vt 0.750936 0.836181
vt 0.645765 0.565270
vt 0.647940 0.562548
vt 0.973987 0.152670
vt 0.970999 0.151574
vt 0.977008 0.151574
vt 0.321512 0.151036
vt 0.323694 0.153747
vt 0.753946 0.835086
vt 0.297926 0.736213
vt 0.298001 0.728680
vt 0.300995 0.727339
vt 0.300918 0.735146
vt 0.652628 0.572135
vt 0.655342 0.569951
vt 0.973905 0.146090
vt 0.970914 0.144726
vt 0.840017 0.259731
vt 0.840375 0.253013
vt 0.843447 0.254375
vt 0.843103 0.260829
vt 0.314101 0.158410
vt 0.316822 0.160585
vt 0.304011 0.728683
vt 0.303936 0.736216
vt 0.297868 0.745188
vt 0.300857 0.744449
vt 0.657864 0.580361
vt 0.660991 0.578827
vt 0.842859 0.268624
vt 0.846017 0.259686
vt 0.845763 0.267801
vt 0.839763 0.267846
vt 0.308446 0.167250
vt 0.311581 0.168778
vt 0.303877 0.745191
vt 0.297829 0.755312
vt 0.300817 0.754946
vt 0.661207 0.589681
vt 0.664600 0.588887
vt 0.842728 0.277505
vt 0.845626 0.277050
vt 0.839626 0.277095
vt 0.304837 0.177271
vt 0.308238 0.178061
vt 0.303839 0.755315
vt 0.297813 0.766184
vt 0.300801 0.766116
vt 0.662404 0.599935
vt 0.665866 0.599736
vt 0.842723 0.287438
vt 0.845621 0.287279
vt 0.839621 0.287324
vt 0.303576 0.188077
vt 0.307046 0.188275
vt 0.303823 0.766187
vt 0.297813 0.826754
vt 0.300821 0.825549
vt 0.662513 0.660311
vt 0.665973 0.660298
vt 0.843132 0.346496
vt 0.846017 0.347657
vt 0.840006 0.345246
vt 0.303583 0.245951
vt 0.307052 0.245962
vt 0.303824 0.824298
vt 0.305202 0.834280
vt 0.306481 0.831313
vt 0.662039 0.668034
vt 0.665500 0.667997
vt 0.837473 0.352345
vt 0.838664 0.355258
vt 0.836063 0.349322
vt 0.303618 0.250323
vt 0.307087 0.250358
vt 0.307776 0.828323
vt 0.333672 0.834881
vt 0.331578 0.831844
vt 0.905784 0.985775
vt 0.905784 0.957272
vt 0.909253 0.957288
vt 0.909253 0.985750
vt 0.812337 0.353053
vt 0.810204 0.356059
vt 0.814293 0.349935
vt 0.340691 0.986573
vt 0.340691 0.964803
vt 0.344161 0.964786
vt 0.344161 0.986599
vt 0.329544 0.828783
vt 0.341534 0.813961
vt 0.338688 0.812927
vt 0.976912 0.961841
vt 0.976912 0.981978
vt 0.973442 0.981954
vt 0.973442 0.961840
vt 0.805109 0.334139
vt 0.802221 0.335172
vt 0.807828 0.333020
vt 0.992617 0.371357
vt 0.992617 0.388148
vt 0.989153 0.388096
vt 0.989153 0.371280
vt 0.335909 0.811846
vt 0.395895 0.734712
vt 0.395895 0.724085
vt 0.398878 0.724090
vt 0.398878 0.734028
vt 0.443831 0.837583
vt 0.443831 0.825602
vt 0.447299 0.825596
vt 0.447299 0.836202
vt 0.616704 0.948433
vt 0.616704 0.961128
vt 0.613706 0.961124
vt 0.613706 0.949118
vt 0.619716 0.949118
vt 0.619352 0.961124
vt 0.111086 0.851152
vt 0.111120 0.840522
vt 0.114575 0.840525
vt 0.114541 0.852534
vt 0.401540 0.724085
vt 0.401904 0.734712
vt 0.395717 0.750003
vt 0.398700 0.749319
vt 0.458218 0.852781
vt 0.461687 0.851400
vt 0.616762 0.933149
vt 0.613764 0.933834
vt 0.669813 0.976350
vt 0.669813 0.991096
vt 0.666674 0.992633
vt 0.666674 0.977887
vt 0.096755 0.866393
vt 0.100210 0.867774
vt 0.401727 0.750003
vt 0.398700 0.770733
vt 0.395717 0.770728
vt 0.461687 0.872082
vt 0.458218 0.872087
vt 0.613764 0.914488
vt 0.616762 0.914491
vt 0.619774 0.914488
vt 0.619774 0.933834
vt 0.100210 0.887120
vt 0.096755 0.887117
vt 0.401727 0.770728
vt 0.797171 0.246162
vt 0.798186 0.251238
vt 0.795930 0.251238
vt 0.796065 0.246770
vt 0.968643 0.377628
vt 0.974912 0.376918
vt 0.974940 0.379401
vt 0.969871 0.378828
vt 0.518209 0.831138
vt 0.518168 0.837927
vt 0.516047 0.838008
vt 0.517171 0.831783
vt 0.519274 0.831783
vt 0.520348 0.838008
vt 0.145013 0.970702
vt 0.139953 0.971381
vt 0.139924 0.968898
vt 0.146213 0.969473
vt 0.400858 0.717854
vt 0.401735 0.722238
vt 0.399756 0.722675
vt 0.399756 0.717476
vt 0.668139 0.916505
vt 0.669320 0.905884
vt 0.670320 0.906563
vt 0.669149 0.916251
vt 0.968643 0.389487
vt 0.969847 0.389525
vt 0.241009 0.993791
vt 0.240039 0.981731
vt 0.241154 0.982242
vt 0.242170 0.994055
vt 0.240035 0.993573
vt 0.239060 0.982439
vt 0.144996 0.980716
vt 0.146199 0.980648
vt 0.745240 0.982141
vt 0.746297 0.972439
vt 0.747383 0.971968
vt 0.746378 0.981906
vt 0.669469 0.918777
vt 0.670320 0.918252
vt 0.968670 0.391574
vt 0.969874 0.391655
vt 0.239872 0.995690
vt 0.240843 0.996271
vt 0.239060 0.995202
vt 0.145011 0.982275
vt 0.146213 0.982165
vt 0.746434 0.984127
vt 0.747383 0.983577
vt 0.303576 0.252229
vt 0.303576 0.251018
vt 0.304366 0.250358
vt 0.305155 0.252120
vt 0.304366 0.252779
vt 0.305155 0.250909
vt 0.867303 0.141767
vt 0.685377 0.085381
vt 0.675591 0.085429
vt 0.628231 0.086484
vt 0.621394 0.086719
vt 0.944041 0.392384
vt 0.948946 0.392387
vt 0.381669 0.253013
vt 0.748629 0.187304
vt 0.465254 0.535226
vt 0.464798 0.535201
vt 0.463360 0.806476
vt 0.464871 0.806477
vt 0.464762 0.541216
vt 0.454535 0.541232
vt 0.465474 0.765875
vt 0.465036 0.765848
vt 0.964124 0.071454
vt 0.962817 0.071452
vt 0.570501 0.464962
vt 0.570088 0.464986
vt 0.891055 0.207390
vt 0.891018 0.144726
vt 0.908694 0.145304
vt 0.908731 0.207968
vt 0.062920 0.001521
vt 0.125617 0.000000
vt 0.988226 0.476882
vt 0.988666 0.476883
vt 0.844359 0.871960
vt 0.866283 0.871961
vt 0.866283 0.906662
vt 0.844359 0.906662
vt 0.658603 0.767486
vt 0.657261 0.767488
vt 0.836141 0.065154
vt 0.867303 0.065155
vt 0.857637 0.250421
vt 0.848436 0.250374
vt 0.916668 0.250374
vt 0.911150 0.250362
vt 0.210135 0.636493
vt 0.208625 0.636539
vt 0.962155 0.078803
vt 0.959130 0.078807
vt 0.464380 0.190681
vt 0.461498 0.190667
vt 0.467492 0.190672
vt 0.337588 0.878850
vt 0.340603 0.878847
vt 0.334583 0.878847
vt 0.401904 0.674800
vt 0.404883 0.674715
vt 0.407922 0.674791
vt 0.967064 0.774934
vt 0.970058 0.774938
vt 0.974102 0.179262
vt 0.971119 0.179257
vt 0.977129 0.179257
vt 0.351410 0.144047
vt 0.351413 0.140592
vt 0.199749 0.946384
vt 0.195269 0.949892
vt 0.195459 0.919975
vt 0.200401 0.920913
vt 0.526435 0.106802
vt 0.531010 0.101721
vt 0.537675 0.124513
vt 0.533495 0.130767
vt 0.525987 0.078413
vt 0.517283 0.075744
vt 0.201242 0.888038
vt 0.195554 0.887501
vt 0.526966 0.059446
vt 0.525375 0.066167
vt 0.508762 0.046831
vt 0.237476 0.457512
vt 0.237428 0.494729
vt 0.191397 0.494996
vt 0.195720 0.457502
vt 0.237399 0.512431
vt 0.190886 0.513038
vt 0.611577 0.113690
vt 0.611562 0.010823
vt 0.621390 0.046502
vt 0.621394 0.126498
vt 0.966125 0.923922
vt 0.964360 0.893739
vt 0.968967 0.894883
vt 0.970549 0.925020
vt 0.573200 0.021709
vt 0.563993 0.014671
vt 0.592559 0.005703
vt 0.592562 0.015733
vt 0.621376 0.000000
vt 0.558007 0.025317
vt 0.563774 0.023892
vt 0.563784 0.113520
vt 0.558016 0.112503
vt 0.612102 0.126437
vt 0.563359 0.211280
vt 0.559140 0.214569
vt 0.558004 0.209011
vt 0.508838 0.987546
vt 0.508278 0.981122
vt 0.513472 0.981110
vt 0.508276 0.962584
vt 0.515132 0.949392
vt 0.834378 0.437772
vt 0.839482 0.438016
vt 0.839049 0.467883
vt 0.833967 0.467358
vt 0.834773 0.405571
vt 0.839898 0.405602
vt 0.802531 0.438112
vt 0.802536 0.405916
vt 0.835034 0.375466
vt 0.840178 0.375429
vt 0.840299 0.358874
vt 0.835164 0.356059
vt 0.944045 0.144726
vt 0.952800 0.144879
vt 0.952463 0.177473
vt 0.944043 0.177347
vt 0.675610 0.121293
vt 0.685396 0.121283
vt 0.685479 0.165407
vt 0.675677 0.160273
vt 0.069510 0.538343
vt 0.110399 0.534068
vt 0.112571 0.539549
vt 0.082364 0.542286
vt 0.675750 0.171624
vt 0.656891 0.171081
vt 0.656827 0.164864
vt 0.670815 0.165243
vt 0.458755 0.353459
vt 0.464936 0.353401
vt 0.465160 0.418501
vt 0.458973 0.417945
vt 0.416337 0.417941
vt 0.416233 0.353455
vt 0.463884 0.266007
vt 0.457746 0.265586
vt 0.415749 0.262659
vt 0.457109 0.627635
vt 0.428013 0.627680
vt 0.427948 0.621424
vt 0.457044 0.615946
vt 0.792621 0.241236
vt 0.766973 0.246239
vt 0.766947 0.223187
vt 0.792609 0.223147
vt 0.063363 0.543548
vt 0.624206 0.167441
vt 0.622691 0.162787
vt 0.628307 0.157989
vt 0.628381 0.169225
vt 0.633127 0.163390
vt 0.465057 0.450079
vt 0.458880 0.448975
vt 0.416292 0.448971
vt 0.558011 0.177480
vt 0.563390 0.141056
vt 0.563386 0.178876
vt 0.967386 0.928659
vt 0.970664 0.930858
vt 0.558004 0.016310
vt 0.465540 0.455678
vt 0.459171 0.455721
vt 0.416435 0.455717
vt 0.970664 0.865562
vt 0.968669 0.875181
vt 0.963952 0.874004
vt 0.965933 0.864386
vt 0.611562 0.000474
vt 0.083530 0.559176
vt 0.081460 0.564601
vt 0.076266 0.558856
vt 0.081685 0.545116
vt 0.463708 0.256973
vt 0.457577 0.256601
vt 0.952532 0.316480
vt 0.947642 0.316385
vt 0.949098 0.311810
vt 0.952901 0.310496
vt 0.949627 0.358389
vt 0.944725 0.358341
vt 0.415668 0.253696
vt 0.793061 0.885261
vt 0.802025 0.886038
vt 0.666672 0.303579
vt 0.666313 0.335772
vt 0.665957 0.370034
vt 0.802503 0.467692
vt 0.666957 0.273484
vt 0.802489 0.375816
vt 0.628248 0.120755
vt 0.621646 0.120734
vt 0.110768 0.543549
vt 0.250574 0.971549
vt 0.251729 0.942474
vt 0.255394 0.942583
vt 0.255851 0.971705
vt 0.077235 0.632356
vt 0.082823 0.626097
vt 0.087133 0.632211
vt 0.081686 0.672795
vt 0.074904 0.595377
vt 0.080502 0.595699
vt 0.525858 0.605409
vt 0.519260 0.607714
vt 0.517851 0.585211
vt 0.524765 0.585028
vt 0.517815 0.562616
vt 0.524838 0.564497
vt 0.519497 0.551515
vt 0.526230 0.554917
vt 0.522041 0.546160
vt 0.528281 0.550814
vt 0.561985 0.515193
vt 0.570088 0.522259
vt 0.527968 0.614535
vt 0.521855 0.618586
vt 0.530586 0.618033
vt 0.525051 0.623680
vt 0.551551 0.624296
vt 0.551710 0.633142
vt 0.568801 0.452616
vt 0.560860 0.452930
vt 0.559208 0.361546
vt 0.567063 0.356471
vt 0.528166 0.330101
vt 0.523829 0.334477
vt 0.520073 0.329433
vt 0.525905 0.326566
vt 0.517815 0.300899
vt 0.523685 0.300668
vt 0.517888 0.271944
vt 0.523727 0.274832
vt 0.519448 0.267400
vt 0.525169 0.271337
vt 0.542912 0.260364
vt 0.542780 0.253013
vt 0.942522 0.906433
vt 0.942741 0.882586
vt 0.957063 0.882939
vt 0.957384 0.906169
vt 0.957708 0.929359
vt 0.942294 0.930170
vt 0.942837 0.870539
vt 0.942883 0.864386
vt 0.956837 0.865790
vt 0.956908 0.871433
vt 0.952800 0.265115
vt 0.966877 0.263900
vt 0.966375 0.302074
vt 0.952800 0.304530
vt 0.942195 0.941832
vt 0.957868 0.940747
vt 0.957946 0.946229
vt 0.942195 0.948052
vt 0.183520 0.980483
vt 0.167698 0.980613
vt 0.167698 0.951229
vt 0.183457 0.951605
vt 0.399572 0.569641
vt 0.386874 0.601632
vt 0.386824 0.570636
vt 0.399756 0.723287
vt 0.386569 0.698975
vt 0.386972 0.656417
vt 0.399756 0.660511
vt 0.974030 0.827200
vt 0.974030 0.863802
vt 0.961316 0.860825
vt 0.961083 0.825597
vt 0.944083 0.541378
vt 0.944154 0.510894
vt 0.957629 0.510997
vt 0.957128 0.540500
vt 0.957040 0.546196
vt 0.944041 0.547517
vt 0.944064 0.479702
vt 0.958146 0.480967
vt 0.944041 0.474265
vt 0.958235 0.476147
vt 0.980180 0.261690
vt 0.964909 0.260601
vt 0.965780 0.235619
vt 0.980180 0.234740
vt 0.515549 0.008924
vt 0.558004 0.022571
vt 0.814101 0.966180
vt 0.810409 0.969602
vt 0.808262 0.962522
vt 0.434092 0.000000
vt 0.465843 0.008780
vt 0.467503 0.015630
vt 0.435491 0.005775
vt 0.498362 0.013070
vt 0.499985 0.018569
vt 0.195415 0.857261
vt 0.195269 0.840666
vt 0.202341 0.845009
vt 0.202016 0.857670
vt 0.808262 0.977456
vt 0.430816 0.004139
vt 0.116940 0.531116
vt 0.112571 0.531430
vt 0.112571 0.488579
vt 0.117911 0.488357
vt 0.116930 0.537647
vt 0.063363 0.545815
vt 0.250589 0.989884
vt 0.255851 0.990040
vt 0.748648 0.223208
vt 0.748681 0.249355
vt 0.409648 0.621382
vt 0.409713 0.627634
vt 0.063371 0.593214
vt 0.063363 0.672774
vt 0.154710 0.494996
vt 0.141495 0.457502
vt 0.487591 0.021555
vt 0.480095 0.011842
vt 0.486863 0.013290
vt 0.563391 0.126682
vt 0.132950 0.518196
vt 0.125794 0.523565
vt 0.125801 0.513741
vt 0.132953 0.513664
vt 0.224721 0.523565
vt 0.190599 0.523561
vt 0.563380 0.204281
vt 0.609875 0.113759
vt 0.609924 0.013885
vt 0.608878 0.011822
vt 0.573363 0.126605
vt 0.573363 0.117369
vt 0.592575 0.117290
vt 0.592575 0.126526
vt 0.608851 0.116241
vt 0.606384 0.117265
vt 0.134787 0.562205
vt 0.125914 0.562206
vt 0.125832 0.542994
vt 0.134706 0.542993
vt 0.202524 0.565697
vt 0.205524 0.564881
vt 0.209644 0.571366
vt 0.202400 0.571357
vt 0.224749 0.525766
vt 0.190036 0.525737
vt 0.138150 0.525712
vt 0.135693 0.526733
vt 0.155045 0.523563
vt 0.134678 0.529199
vt 0.570895 0.116360
vt 0.135817 0.564673
vt 0.126041 0.571430
vt 0.570787 0.023417
vt 0.569862 0.026215
vt 0.569872 0.113905
vt 0.606590 0.011433
vt 0.138280 0.565697
vt 0.179155 0.565695
vt 0.177554 0.571355
vt 0.137947 0.571357
vt 0.234896 0.523566
vt 0.226507 0.526780
vt 0.226532 0.528811
vt 0.231733 0.530037
vt 0.225465 0.542997
vt 0.218618 0.542996
vt 0.207695 0.562654
vt 0.987604 0.542867
vt 0.986646 0.542771
vt 0.986574 0.442852
vt 0.987532 0.442737
vt 0.307068 0.250758
vt 0.308029 0.250358
vt 0.308029 0.252436
vt 0.307068 0.252516
vt 0.166170 0.970204
vt 0.167094 0.970120
vt 0.167067 0.972436
vt 0.166148 0.972165
vt 0.166490 0.956739
vt 0.167413 0.956549
vt 0.166165 0.938038
vt 0.167084 0.937777
vt 0.166148 0.935970
vt 0.167065 0.935529
vt 0.725491 0.840626
vt 0.724608 0.840553
vt 0.724539 0.837740
vt 0.725429 0.838039
vt 0.725502 0.928354
vt 0.724619 0.928454
vt 0.725432 0.930535
vt 0.724539 0.930906
vt 0.409344 0.572227
vt 0.408382 0.572145
vt 0.408491 0.569641
vt 0.409440 0.569999
vt 0.409022 0.591384
vt 0.408059 0.591397
vt 0.409330 0.605096
vt 0.408368 0.605205
vt 0.409440 0.607264
vt 0.408493 0.607642
vt 0.987524 0.545346
vt 0.986574 0.544978
vt 0.902888 0.516513
vt 0.902000 0.516772
vt 0.902067 0.513774
vt 0.902951 0.513703
vt 0.685336 0.174205
vt 0.684377 0.173957
vt 0.684460 0.171659
vt 0.685414 0.172050
vt 0.685072 0.194184
vt 0.684109 0.193992
vt 0.685333 0.208487
vt 0.684367 0.208409
vt 0.685414 0.210114
vt 0.684469 0.210438
vt 0.212951 0.773623
vt 0.212878 0.775377
vt 0.211931 0.774897
vt 0.211990 0.773491
vt 0.212147 0.738858
vt 0.213107 0.738860
vt 0.211995 0.686970
vt 0.212954 0.686877
vt 0.211931 0.684776
vt 0.212883 0.684409
vt 0.835994 0.546626
vt 0.836924 0.546677
vt 0.836876 0.549227
vt 0.835952 0.548895
vt 0.836296 0.532981
vt 0.837227 0.532936
vt 0.835983 0.513898
vt 0.836913 0.513759
vt 0.835952 0.511790
vt 0.836878 0.511390
vt 0.902951 0.449515
vt 0.902067 0.449427
vt 0.901977 0.446950
vt 0.902871 0.447313
vt 0.902845 0.490367
vt 0.901961 0.490374
vt 0.120110 0.658029
vt 0.120051 0.688972
vt 0.552558 0.000000
vt 0.386347 0.722219
vt 0.935155 0.497946
vt 0.943946 0.534110
vt 0.943609 0.534624
vt 0.934718 0.498046
vt 0.465064 0.711547
vt 0.464798 0.669747
vt 0.465226 0.669791
vt 0.465493 0.711967
vt 0.930979 0.480744
vt 0.930541 0.480847
vt 0.211818 0.678335
vt 0.211786 0.688143
vt 0.211278 0.688049
vt 0.211363 0.678757
vt 0.669626 0.636582
vt 0.670148 0.636757
vt 0.665972 0.640223
vt 0.636759 0.248813
vt 0.637309 0.248600
vt 0.637309 0.252909
vt 0.668241 0.604207
vt 0.666598 0.566422
vt 0.667024 0.564839
vt 0.668741 0.604312
vt 0.668942 0.801576
vt 0.668443 0.801593
vt 0.669414 0.758853
vt 0.669913 0.758845
vt 0.122765 0.803194
vt 0.123025 0.770252
vt 0.123497 0.770110
vt 0.123180 0.802995
vt 0.296246 0.786656
vt 0.295771 0.768982
vt 0.296223 0.768940
vt 0.296697 0.786634
vt 0.670052 0.862633
vt 0.670056 0.905146
vt 0.669617 0.904740
vt 0.669615 0.862607
vt 0.330639 0.940722
vt 0.330200 0.940837
vt 0.325145 0.922783
vt 0.325699 0.923078
vt 0.634635 0.252398
vt 0.634635 0.248600
vt 0.635259 0.248792
vt 0.635420 0.252459
vt 0.125245 0.413365
vt 0.125249 0.370621
vt 0.125748 0.370583
vt 0.125744 0.413347
vt 0.668542 0.452884
vt 0.667891 0.434155
vt 0.668346 0.434123
vt 0.668997 0.452856
vt 0.465065 0.615433
vt 0.465493 0.615226
vt 0.669207 0.490759
vt 0.669666 0.491162
vt 0.295670 0.757694
vt 0.296112 0.751384
vt 0.296591 0.751117
vt 0.296125 0.757753
vt 0.667551 0.424339
vt 0.668007 0.424323
vt 0.669822 0.629244
vt 0.669342 0.629588
vt 0.211349 0.726788
vt 0.211319 0.707576
vt 0.211772 0.707554
vt 0.211803 0.726758
vt 0.667772 0.404907
vt 0.668734 0.385676
vt 0.669190 0.385687
vt 0.668228 0.404909
vt 0.670152 0.453142
vt 0.670120 0.460397
vt 0.669666 0.460659
vt 0.669698 0.453128
vt 0.211400 0.736760
vt 0.211818 0.736301
vt 0.668151 0.667841
vt 0.667676 0.658628
vt 0.668151 0.658322
vt 0.669666 0.376134
vt 0.670175 0.388580
vt 0.670261 0.428260
vt 0.669806 0.428136
vt 0.669721 0.388553
vt 0.670123 0.376649
vt 0.669666 0.376134
vt 0.665972 0.552062
vt 0.666450 0.552459
vt 0.930767 0.469333
vt 0.930319 0.469446
vt 0.932303 0.462296
vt 0.931845 0.462322
vt 0.935313 0.448219
vt 0.934828 0.448362
vt 0.123497 0.817753
vt 0.297502 0.738112
vt 0.943946 0.416904
vt 0.943590 0.416664
vt 0.114404 0.933732
vt 0.114404 0.973436
vt 0.113979 0.973004
vt 0.325145 0.981645
vt 0.670056 0.807943
vt 0.669599 0.808132
vt 0.297061 0.824715
vt 0.297502 0.824267
vt 0.668862 0.807943
vt 0.668429 0.807543
vt 0.125753 0.364053
vt 0.125265 0.364670
vt 0.987604 0.522734
vt 0.987604 0.442737
vt 0.988028 0.442987
vt 0.570088 0.891142
vt 0.570088 0.971518
vt 0.569663 0.971097
vt 0.844023 0.973783
vt 0.843601 0.927283
vt 0.844023 0.926946
vt 0.942083 0.925185
vt 0.942083 0.972417
vt 0.941660 0.972206
vt 0.120300 0.674755
vt 0.120263 0.668503
vt 0.120718 0.668420
vt 0.120750 0.674469
vt 0.845607 0.130834
vt 0.845973 0.157437
vt 0.845607 0.174958
vt 0.464900 0.615226
vt 0.464818 0.571102
vt 0.465273 0.571100
vt 0.760809 0.454927
vt 0.761216 0.455261
vt 0.760809 0.460304
vt 0.295044 0.757807
vt 0.294660 0.757444
vt 0.295044 0.752086
vt 0.295024 0.484037
vt 0.295467 0.484068
vt 0.986239 0.466237
vt 0.981968 0.470164
vt 0.981722 0.469805
vt 0.985835 0.466058
vt 0.981722 0.442737
vt 0.982247 0.443005
vt 0.986574 0.459582
vt 0.986133 0.459628
vt 0.120796 0.570820
vt 0.120699 0.650559
vt 0.120263 0.650983
vt 0.120361 0.570602
vt 0.120263 0.523274
vt 0.398016 0.883452
vt 0.397586 0.836368
vt 0.398016 0.836238
vt 0.799460 0.096793
vt 0.795967 0.073882
vt 0.798139 0.073526
vt 0.801462 0.095827
vt 0.794021 0.050765
vt 0.796177 0.051017
vt 0.794872 0.039122
vt 0.796905 0.039812
vt 0.797122 0.033215
vt 0.798984 0.034261
vt 0.341534 0.792866
vt 0.343359 0.832239
vt 0.341534 0.834367
vt 0.836141 0.000000
vt 0.807182 0.112909
vt 0.803250 0.107824
vt 0.804975 0.106438
vt 0.808594 0.111241
vt 0.684312 0.516899
vt 0.692455 0.454756
vt 0.694544 0.455434
vt 0.686465 0.517181
vt 0.704210 0.364809
vt 0.673615 0.334200
vt 0.675407 0.332812
vt 0.706402 0.364807
vt 0.670336 0.328047
vt 0.672437 0.327269
vt 0.672217 0.298591
vt 0.676932 0.268966
vt 0.678763 0.270087
vt 0.674417 0.298714
vt 0.679358 0.264425
vt 0.680977 0.265824
vt 0.706402 0.253013
vt 0.706177 0.255038
vt 0.835963 0.118396
vt 0.836141 0.120503
vt 0.138340 0.990933
vt 0.131828 0.989958
vt 0.138340 0.961707
vt 0.399756 0.583911
vt 0.408059 0.580925
vt 0.408059 0.611289
vt 0.437680 0.917529
vt 0.437690 0.911850
vt 0.441291 0.906746
vt 0.441291 0.935737
vt 0.109399 0.958400
vt 0.096859 0.960188
vt 0.096769 0.944990
vt 0.123191 0.707792
vt 0.120110 0.707819
vt 0.123259 0.688035
vt 0.921218 0.976788
vt 0.918306 0.980959
vt 0.915591 0.970175
vt 0.919921 0.967591
vt 0.120192 0.770110
vt 0.120176 0.737915
vt 0.123259 0.737891
vt 0.983519 0.893358
vt 0.986305 0.925507
vt 0.982969 0.925688
vt 0.060608 0.648241
vt 0.063214 0.677706
vt 0.060608 0.682661
vt 0.986305 0.959897
vt 0.222153 0.975620
vt 0.226926 0.965951
vt 0.226848 0.973906
vt 0.934971 0.960762
vt 0.941133 0.963459
vt 0.934971 0.975185
vt 0.400443 0.569641
vt 0.543215 0.135155
vt 0.549658 0.139973
vt 0.536340 0.140442
vt 0.227529 0.949903
vt 0.227002 0.958147
vt 0.221798 0.960055
vt 0.223182 0.945651
vt 0.096755 0.935986
vt 0.110372 0.943226
vt 0.508279 0.973838
vt 0.437552 0.896730
vt 0.441043 0.893114
vt 0.437699 0.906756
vt 0.067916 0.503775
vt 0.064454 0.504065
vt 0.067361 0.536171
vt 0.063949 0.536683
vt 0.648530 0.799705
vt 0.650065 0.799286
vt 0.650018 0.844560
vt 0.648484 0.844130
vt 0.297502 0.695259
vt 0.297502 0.738112
vt 0.296391 0.737734
vt 0.296391 0.695262
vt 0.463441 0.724550
vt 0.464971 0.724085
vt 0.464863 0.756483
vt 0.463341 0.756487
vt 0.633073 0.248600
vt 0.634634 0.248945
vt 0.634635 0.251442
vt 0.633073 0.251098
vt 0.648484 0.797320
vt 0.650019 0.796901
vt 0.409602 0.604269
vt 0.427893 0.601153
vt 0.454593 0.596113
vt 0.464781 0.577177
vt 0.464798 0.605599
vt 0.454555 0.577193
vt 0.296916 0.457502
vt 0.296425 0.457927
vt 0.120750 0.650983
vt 0.867167 0.871960
vt 0.866734 0.897931
vt 0.866283 0.897936
vt 0.866709 0.872383
vt 0.866711 0.916206
vt 0.867167 0.916619
vt 0.401887 0.692812
vt 0.401887 0.711256
vt 0.401435 0.710929
vt 0.465067 0.819898
vt 0.465055 0.801809
vt 0.465493 0.801807
vt 0.767320 0.122422
vt 0.749029 0.125539
vt 0.748629 0.125128
vt 0.767338 0.121968
vt 0.793405 0.116894
vt 0.794021 0.117382
vt 0.793982 0.098462
vt 0.793392 0.098462
vt 0.514242 0.831555
vt 0.515706 0.831138
vt 0.516047 0.845755
vt 0.514573 0.845715
vt 0.120522 0.407872
vt 0.118942 0.407766
vt 0.121779 0.368887
vt 0.123306 0.369483
vt 0.967212 0.142371
vt 0.965952 0.142903
vt 0.963516 0.105750
vt 0.964821 0.105669
vt 0.515711 0.870811
vt 0.514242 0.870340
vt 0.123716 0.364053
vt 0.125244 0.364648
vt 0.295062 0.765547
vt 0.294087 0.765284
vt 0.294087 0.758045
vt 0.295063 0.758309
vt 0.685543 0.171659
vt 0.753238 0.745140
vt 0.751634 0.715004
vt 0.752137 0.715084
vt 0.753756 0.745142
vt 0.607488 0.551461
vt 0.579193 0.549571
vt 0.579097 0.549128
vt 0.607533 0.551012
vt 0.753356 0.750978
vt 0.753883 0.750934
vt 0.573297 0.547097
vt 0.573607 0.546795
vt 0.751321 0.695303
vt 0.753310 0.685682
vt 0.753883 0.685387
vt 0.751813 0.695409
vt 0.636143 0.552062
vt 0.626343 0.552024
vt 0.626361 0.551574
vt 0.636568 0.551612
vt 0.571384 0.540962
vt 0.571790 0.540857
vt 0.124382 0.529258
vt 0.124751 0.523274
vt 0.125244 0.523405
vt 0.124864 0.529338
vt 0.121477 0.571166
vt 0.121956 0.571174
vt 0.570340 0.498957
vt 0.570753 0.498925
vt 0.504811 0.033430
vt 0.867217 0.835942
vt 0.885317 0.863065
vt 0.867312 0.864386
vt 0.446543 0.942057
vt 0.443831 0.930520
vt 0.462315 0.918617
vt 0.450302 0.943537
vt 0.156028 0.984898
vt 0.156028 0.962913
vt 0.166089 0.966056
vt 0.385931 0.963415
vt 0.392154 0.980350
vt 0.385931 0.986069
vt 0.454950 0.960540
vt 0.452803 0.958718
vt 0.462315 0.960540
vt 0.883123 0.586995
vt 0.925038 0.616493
vt 0.883121 0.612947
vt 0.937206 0.093881
vt 0.895252 0.088321
vt 0.895403 0.049222
vt 0.937206 0.047574
vt 0.883115 0.616498
vt 0.883119 0.561115
vt 0.925038 0.557615
vt 0.883115 0.557620
vt 0.909766 0.957271
vt 0.892885 0.957161
vt 0.892885 0.915240
vt 0.909766 0.915350
vt 0.167698 0.809285
vt 0.168489 0.750449
vt 0.186902 0.740642
vt 0.211862 0.840666
vt 0.194862 0.737802
vt 0.211862 0.747957
vt 0.309661 0.975008
vt 0.297868 0.965989
vt 0.310464 0.965707
vt 0.228296 0.988091
vt 0.223601 0.989806
vt 0.833951 0.473694
vt 0.840425 0.473305
vt 0.665649 0.376134
vt 0.916462 0.963394
vt 0.921218 0.960762
vt 0.802221 0.474072
vt 0.199545 0.955565
vt 0.978209 0.404368
vt 0.967788 0.408775
vt 0.968233 0.400526
vt 0.976692 0.400347
vt 0.967788 0.416580
vt 0.979830 0.408381
vt 0.967788 0.424535
vt 0.892868 0.966709
vt 0.883178 0.962793
vt 0.884324 0.958617
vt 0.403502 0.615344
vt 0.407952 0.612987
vt 0.409362 0.618520
vt 0.403502 0.619727
vt 0.433281 0.892941
vt 0.140810 0.948349
vt 0.155297 0.939532
vt 0.155297 0.968898
vt 0.930869 0.970989
vt 0.930878 0.960762
vt 0.934433 0.966546
vt 0.934692 0.970857
vt 0.141277 0.944067
vt 0.141665 0.940447
vt 0.154182 0.935193
vt 0.892868 0.972475
vt 0.401820 0.623770
vt 0.401820 0.611289
vt 0.934971 0.975155
vt 0.930869 0.985844
vt 0.968938 0.394165
vt 0.228296 0.943549
vt 0.944255 0.041251
vt 0.951360 0.035577
vt 0.948288 0.042975
vt 0.951360 0.046115
vt 0.882180 0.966365
vt 0.140335 0.952641
vt 0.139924 0.956290
vt 0.981308 0.411774
vt 0.891484 0.951117
vt 0.892868 0.961538
vt 0.404756 0.933730
vt 0.401904 0.936144
vt 0.404334 0.922044
vt 0.406366 0.924405
vt 0.435308 0.933410
vt 0.437707 0.935771
vt 0.435289 0.926800
vt 0.432552 0.924116
vt 0.433495 0.921720
vt 0.988787 0.391332
vt 0.985109 0.393143
vt 0.985109 0.383718
vt 0.988766 0.384190
vt 0.979218 0.618001
vt 0.982762 0.616498
vt 0.982762 0.647237
vt 0.979193 0.644115
vt 0.247061 0.984468
vt 0.250155 0.984371
vt 0.250340 0.991067
vt 0.247211 0.989557
vt 0.247196 0.982477
vt 0.250340 0.981731
vt 0.990972 0.175053
vt 0.987943 0.177732
vt 0.987943 0.151361
vt 0.990958 0.152234
vt 0.951813 0.727032
vt 0.951522 0.718238
vt 0.956978 0.718360
vt 0.957060 0.729920
vt 0.802571 0.356059
vt 0.670336 0.253738
vt 0.964998 0.718884
vt 0.964998 0.734509
vt 0.943352 0.845098
vt 0.946049 0.819761
vt 0.946505 0.819891
vt 0.943853 0.844828
vt 0.959261 0.811924
vt 0.960560 0.836861
vt 0.960154 0.837256
vt 0.958851 0.812225
vt 0.957513 0.779607
vt 0.957072 0.779364
vt 0.949530 0.787060
vt 0.949986 0.787152
vt 0.958076 0.592051
vt 0.957552 0.591960
vt 0.957095 0.585462
vt 0.957608 0.585620
vt 0.958076 0.553121
vt 0.957874 0.567083
vt 0.957353 0.567659
vt 0.957561 0.552842
vt 0.947385 0.739362
vt 0.942410 0.735999
vt 0.942820 0.735579
vt 0.947617 0.738905
vt 0.881751 0.696676
vt 0.881079 0.729269
vt 0.880602 0.729100
vt 0.881266 0.696547
vt 0.557902 0.229776
vt 0.557380 0.229536
vt 0.955782 0.749523
vt 0.955325 0.749034
vt 0.954586 0.744075
vt 0.954084 0.744259
vt 0.953197 0.756933
vt 0.952743 0.756854
vt 0.548063 0.252473
vt 0.548069 0.247385
vt 0.548583 0.247434
vt 0.548583 0.252471
vt 0.961084 0.846927
vt 0.954777 0.853041
vt 0.954586 0.852551
vt 0.960700 0.846843
vt 0.969598 0.477320
vt 0.970098 0.499426
vt 0.957210 0.577858
vt 0.957714 0.578336
vt 0.954974 0.735579
vt 0.954586 0.736127
vt 0.942911 0.854391
vt 0.942410 0.854232
vt 0.120263 0.682517
vt 0.120263 0.674755
vt 0.120765 0.682356
vt 0.964730 0.474265
vt 0.970098 0.477178
vt 0.875505 0.734383
vt 0.875215 0.734005
vt 0.989739 0.394165
vt 0.989386 0.426756
vt 0.988906 0.426873
vt 0.989251 0.394320
vt 0.557962 0.229776
vt 0.557962 0.238945
vt 0.557327 0.238871
vt 0.867217 0.735579
vt 0.125794 0.667748
vt 0.125794 0.571430
vt 0.167698 0.573569
vt 0.167698 0.667658
vt 0.125794 0.737515
vt 0.167698 0.737425
vt 0.000208 0.092701
vt 0.000205 0.186790
vt 0.000203 0.256558
vt 0.883948 0.723621
vt 0.883338 0.719348
vt 0.898405 0.719216
vt 0.883115 0.715243
vt 0.898405 0.715231
vt 0.125816 0.494996
vt 0.132962 0.501105
vt 0.149364 0.518195
vt 0.141412 0.501991
vt 0.154927 0.513426
vt 0.149111 0.513489
vt 0.145834 0.504650
vt 0.148486 0.509082
vt 0.890678 0.730362
vt 0.886475 0.727839
vt 0.311980 0.984817
vt 0.310863 0.984641
vt 0.310846 0.976903
vt 0.311962 0.976354
vt 0.903073 0.533791
vt 0.901968 0.533237
vt 0.901961 0.521337
vt 0.903066 0.521285
vt 0.901967 0.517369
vt 0.903073 0.516772
vt 0.981193 0.880829
vt 0.982298 0.881370
vt 0.982298 0.896687
vt 0.981193 0.897272
vt 0.090532 0.977272
vt 0.091670 0.977828
vt 0.091617 0.981926
vt 0.090471 0.981970
vt 0.091578 0.986183
vt 0.090431 0.986361
vt 0.091670 0.990342
vt 0.090528 0.990729
vt 0.311963 0.989238
vt 0.310846 0.988842
vt 0.401916 0.880274
vt 0.443831 0.891180
vt 0.401911 0.889425
vt 0.637879 0.551035
vt 0.636568 0.509087
vt 0.658885 0.509776
vt 0.658885 0.551436
vt 0.401917 0.859854
vt 0.401910 0.829698
vt 0.443830 0.827644
vt 0.401915 0.839287
vt 0.401904 0.825596
vt 0.937132 0.040175
vt 0.895252 0.047574
vt 0.895252 -0.000000
vt 0.937159 0.000599
vt 0.401904 0.892941
vt 0.793727 0.434377
vt 0.775248 0.420530
vt 0.779591 0.389051
vt 0.797394 0.398540
vt 0.802221 0.395470
vt 0.802221 0.376552
vt 0.793389 0.437965
vt 0.787893 0.444579
vt 0.775615 0.462253
vt 0.786488 0.460414
vt 0.784478 0.462254
vt 0.344405 0.765556
vt 0.394933 0.735726
vt 0.367426 0.837030
vt 0.345295 0.829000
vt 0.895252 0.125831
vt 0.868052 0.125789
vt 0.894852 0.094392
vt -0.000000 0.355926
vt 0.394933 0.834921
vt 0.297840 0.950861
vt 0.311501 0.950613
vt 0.297813 0.942079
vt 0.108457 0.968025
vt 0.242333 0.852520
vt 0.242647 0.850166
vt 0.251693 0.851513
vt 0.255876 0.854535
vt 0.253649 0.849693
vt 0.253645 0.836619
vt 0.255869 0.832288
vt 0.213107 0.829057
vt 0.215454 0.833754
vt 0.215454 0.843858
vt 0.213107 0.847974
vt 0.217508 0.846326
vt 0.227561 0.848069
vt 0.227205 0.850418
vt 0.242333 0.812462
vt 0.227205 0.812495
vt 0.217539 0.812509
vt 0.215454 0.814623
vt 0.215454 0.824762
vt 0.217531 0.827052
vt 0.217531 0.831822
vt 0.227025 0.832638
vt 0.227385 0.827899
vt 0.242491 0.828933
vt 0.242175 0.833674
vt 0.251671 0.829601
vt 0.251671 0.834364
vt 0.253643 0.827633
vt 0.253639 0.814536
vt 0.251661 0.812431
vt 0.565980 0.969936
vt 0.562715 0.969013
vt 0.561722 0.960022
vt 0.564931 0.960314
vt 0.629440 0.251749
vt 0.630132 0.248601
vt 0.631241 0.248600
vt 0.631509 0.251749
vt 0.443553 0.974863
vt 0.440847 0.974226
vt 0.440848 0.962348
vt 0.443553 0.961789
vt 0.616817 0.214569
vt 0.619933 0.215183
vt 0.619713 0.216529
vt 0.616474 0.216665
vt 0.618755 0.226066
vt 0.615453 0.226753
vt 0.619050 0.241663
vt 0.615736 0.242339
vt 0.619933 0.250623
vt 0.616673 0.251900
vt 0.236862 0.994052
vt 0.233447 0.992580
vt 0.233752 0.991485
vt 0.237400 0.992120
vt 0.233798 0.982513
vt 0.237450 0.982016
vt 0.233447 0.980829
vt 0.236937 0.979547
vt 0.564907 0.995662
vt 0.561722 0.994190
vt 0.562600 0.984556
vt 0.565842 0.985499
vt 0.835952 0.486079
vt 0.839262 0.485309
vt 0.839524 0.500879
vt 0.836214 0.501649
vt 0.840425 0.510040
vt 0.837172 0.511390
vt 0.971894 0.666678
vt 0.968453 0.665266
vt 0.968780 0.663976
vt 0.972429 0.664563
vt 0.968795 0.654967
vt 0.972446 0.654423
vt 0.968453 0.653483
vt 0.971919 0.652134
vt 0.439779 0.997280
vt 0.436586 0.995885
vt 0.437447 0.986493
vt 0.440695 0.987332
vt 0.437587 0.970937
vt 0.440847 0.971766
vt 0.436586 0.961789
vt 0.439786 0.962012
vt 0.627356 0.251748
vt 0.627976 0.248600
vt 0.629173 0.248600
vt 0.629440 0.251748
vt 0.091159 0.845526
vt 0.088454 0.844918
vt 0.088454 0.833015
vt 0.091159 0.832428
vt 0.837310 0.474072
vt 0.840425 0.474700
vt 0.840214 0.475981
vt 0.836964 0.476172
vt 0.068975 0.991330
vt 0.064113 0.991324
vt 0.064113 0.983421
vt 0.068975 0.983427
vt 0.292424 0.978465
vt 0.282383 0.974535
vt 0.282383 0.966619
vt 0.292424 0.965763
vt 0.872828 0.344731
vt 0.868514 0.354814
vt 0.863652 0.354814
vt 0.863649 0.344731
vt 0.330639 0.964786
vt 0.340691 0.965588
vt 0.340691 0.973505
vt 0.330639 0.977489
vt 0.395483 0.723629
vt 0.395483 0.733653
vt 0.390645 0.733471
vt 0.386347 0.723287
vt 0.569585 0.992850
vt 0.566533 0.984335
vt 0.569585 0.975791
vt 0.194352 0.981208
vt 0.193234 0.989545
vt 0.188651 0.989545
vt 0.187378 0.981208
vt 0.993555 0.000000
vt 0.996613 0.008535
vt 0.993555 0.017061
vt 0.736664 0.837304
vt 0.737915 0.828611
vt 0.742498 0.828611
vt 0.743638 0.837304
vt 0.992707 0.731903
vt 0.989655 0.723388
vt 0.992707 0.714844
vt 0.201326 0.981207
vt 0.200208 0.989545
vt 0.195625 0.989545
vt 0.194352 0.981207
vt 0.982969 0.959897
vt 0.986027 0.968432
vt 0.982969 0.976958
vt 0.948653 0.863616
vt 0.949904 0.854922
vt 0.954487 0.854922
vt 0.955627 0.863616
vt 0.685072 0.960951
vt 0.685123 0.974271
vt 0.670399 0.974308
vt 0.670336 0.957836
vt 0.784118 0.730049
vt 0.805267 0.730050
vt 0.804319 0.744476
vt 0.783170 0.744475
vt 0.736456 0.155957
vt 0.719173 0.155732
vt 0.719197 0.141387
vt 0.736466 0.141574
vt 0.781657 0.765004
vt 0.789411 0.795147
vt 0.778535 0.795183
vt 0.719075 0.209855
vt 0.736336 0.212467
vt 0.721537 0.212286
vt 0.748629 0.141603
vt 0.555423 0.837996
vt 0.554318 0.805615
vt 0.568983 0.805627
vt 0.570088 0.838008
vt 0.670336 0.980267
vt 0.685060 0.980229
vt 0.685984 0.206503
vt 0.696861 0.206466
vt 0.685543 0.212731
vt 0.716613 0.176308
vt 0.704623 0.208797
vt 0.699388 0.204733
vt 0.710255 0.176325
vt 0.711768 0.155795
vt 0.718127 0.155779
vt 0.712716 0.141369
vt 0.719075 0.141353
vt 0.698885 0.212732
vt 0.802805 0.765005
vt 0.736420 0.176345
vt 0.719136 0.176121
vt 0.667551 0.507012
vt 0.667551 0.491502
vt 0.670071 0.491162
vt 0.111296 0.982308
vt 0.111000 0.949910
vt 0.113684 0.949957
vt 0.113979 0.980756
vt 0.847741 0.551416
vt 0.850219 0.557615
vt 0.847741 0.556845
vt 0.742740 0.155957
vt 0.742703 0.176345
vt 0.742628 0.206259
vt 0.113979 0.933779
vt 0.111295 0.933732
vt 0.560624 0.770674
vt 0.548243 0.770663
vt 0.560724 0.785941
vt 0.554178 0.785100
vt 0.711502 0.321954
vt 0.730747 0.321955
vt 0.730747 0.306677
vt 0.710482 0.307513
vt 0.456247 0.824577
vt 0.452436 0.824606
vt 0.457623 0.251872
vt 0.454060 0.252096
vt 0.454061 0.244462
vt 0.457624 0.244496
vt 0.464687 0.240960
vt 0.464748 0.244496
vt 0.457564 0.240960
vt 0.545254 0.247734
vt 0.541723 0.251196
vt 0.541723 0.247385
vt 0.708968 0.286984
vt 0.726415 0.256097
vt 0.737965 0.286984
vt 0.564235 0.789443
vt 0.739159 0.303175
vt 0.734250 0.303175
vt 0.557327 0.155869
vt 0.548610 0.140592
vt 0.463341 0.809307
vt 0.568873 0.789447
vt 0.556245 0.140592
vt 0.463341 0.824583
vt 0.898398 0.977485
vt 0.898398 0.984415
vt 0.892885 0.984925
vt 0.892885 0.972598
vt 0.957416 0.083445
vt 0.959130 0.113898
vt 0.937206 0.113898
vt 0.938752 0.083445
vt 0.657261 0.802117
vt 0.658684 0.802115
vt 0.657302 0.832617
vt 0.867303 0.030453
vt 0.836141 0.030453
vt 0.837854 -0.000000
vt 0.865756 0.000000
vt 0.911293 0.315501
vt 0.911150 0.285063
vt 0.916668 0.285074
vt 0.916811 0.315512
vt 0.956993 0.074069
vt 0.938784 0.074069
vt 0.945724 0.047574
vt 0.952610 0.053071
vt 0.651336 0.867914
vt 0.651206 0.842005
vt 0.668009 0.841979
vt 0.668139 0.867887
vt 0.521672 0.226712
vt 0.908731 0.351362
vt 0.914249 0.351987
vt 0.914249 0.355991
vt 0.665426 0.832604
vt 0.016916 0.982502
vt 0.016916 0.954600
vt 0.026272 0.955030
vt 0.026272 0.984799
vt 0.908731 0.324867
vt 0.914249 0.324879
vt 0.778365 0.890877
vt 0.776403 0.921314
vt 0.770691 0.920582
vt 0.772565 0.891480
vt 0.778365 0.930838
vt 0.777076 0.952037
vt 0.771081 0.955967
vt 0.772653 0.930107
vt 0.000112 0.961144
vt 0.016916 0.961185
vt 0.016902 0.973511
vt -0.000000 0.979615
vt 0.857780 0.315559
vt 0.848579 0.315512
vt 0.848436 0.285074
vt 0.857637 0.285121
vt 0.846017 0.355991
vt 0.846017 0.351987
vt 0.863649 0.354548
vt 0.862277 0.356059
vt 0.846017 0.324879
vt 0.863649 0.324953
vt -0.000000 0.954600
vt 0.016804 0.954640
vt 0.951360 0.035577
vt 0.957788 0.036248
vt 0.957795 0.045059
vt 0.951360 0.044382
vt 0.938783 0.047574
vt 0.526684 0.251495
vt 0.526684 0.233006
vt 0.665385 0.803441
vt 0.166148 0.962913
vt 0.156029 0.960728
vt 0.063214 0.646108
vt 0.058659 0.648241
vt 0.411717 0.979837
vt 0.411717 0.989950
vt 0.406733 0.983760
vt 0.407415 0.977116
vt 0.648484 0.844561
vt 0.649958 0.863004
vt 0.648484 0.863637
vt 0.239060 0.981731
vt 0.245893 0.964585
vt 0.247561 0.964585
vt 0.211278 0.671175
vt 0.210570 0.701668
vt 0.209060 0.701715
vt 0.209768 0.671222
vt 0.401777 0.931398
vt 0.401777 0.957307
vt 0.400292 0.956347
vt 0.204766 0.735815
vt 0.208939 0.711080
vt 0.210449 0.711033
vt 0.548186 0.705573
vt 0.548186 0.714378
vt 0.546671 0.713839
vt 0.546688 0.705794
vt 0.962716 0.113616
vt 0.959727 0.113898
vt 0.959130 0.110494
vt 0.962155 0.110419
vt 0.462997 0.226851
vt 0.460446 0.225480
vt 0.461498 0.222281
vt 0.464380 0.222644
vt 0.465572 0.229042
vt 0.467492 0.223202
vt 0.338876 0.838731
vt 0.341656 0.840480
vt 0.340603 0.846316
vt 0.337588 0.845867
vt 0.335908 0.838449
vt 0.334583 0.845792
vt 0.406898 0.713740
vt 0.404239 0.715190
vt 0.401904 0.707785
vt 0.404883 0.707351
vt 0.409418 0.711605
vt 0.407922 0.706862
vt 0.970655 0.810030
vt 0.967889 0.811778
vt 0.967064 0.807073
vt 0.970058 0.806625
vt 0.509874 0.868586
vt 0.511458 0.865773
vt 0.514242 0.867140
vt 0.512488 0.869870
vt 0.459489 0.229126
vt 0.457778 0.227210
vt 0.460702 0.232199
vt 0.342143 0.834881
vt 0.344328 0.837332
vt 0.627064 0.242247
vt 0.628819 0.244986
vt 0.623308 0.248446
vt 0.621394 0.245807
vt 0.412009 0.717318
vt 0.410162 0.719337
vt 0.413213 0.714262
vt 0.972169 0.811867
vt 0.969981 0.814318
vt 0.488516 0.857944
vt 0.490214 0.855185
vt 0.487510 0.860346
vt 0.509350 0.871242
vt 0.437847 0.236976
vt 0.437231 0.233778
vt 0.437511 0.239464
vt 0.460709 0.234629
vt 0.648806 0.229310
vt 0.650669 0.231986
vt 0.647745 0.227110
vt 0.626466 0.239758
vt 0.434463 0.719456
vt 0.433838 0.722653
vt 0.433988 0.717086
vt 0.413069 0.711959
vt 0.482655 0.853969
vt 0.484853 0.851549
vt 0.481133 0.856022
vt 0.430197 0.238127
vt 0.429846 0.234889
vt 0.430082 0.240582
vt 0.654440 0.224895
vt 0.656780 0.227198
vt 0.652888 0.223080
vt 0.440313 0.720483
vt 0.439947 0.723725
vt 0.440054 0.718150
vt 0.477971 0.848567
vt 0.480568 0.846607
vt 0.476037 0.850144
vt 0.422136 0.238516
vt 0.422065 0.235265
vt 0.422255 0.240960
vt 0.658834 0.219158
vt 0.661545 0.220976
vt 0.656898 0.217843
vt 0.446591 0.720827
vt 0.446504 0.724085
vt 0.446565 0.718507
vt 0.469197 0.835347
vt 0.472263 0.834095
vt 0.466881 0.836339
vt 0.405501 0.238512
vt 0.405567 0.235260
vt 0.406122 0.240951
vt 0.666563 0.205897
vt 0.669702 0.206981
vt 0.664280 0.205188
vt 0.461103 0.720795
vt 0.461153 0.724053
vt 0.461580 0.718480
vt 0.468143 0.829937
vt 0.471591 0.830641
vt 0.465540 0.829451
vt 0.399171 0.238482
vt 0.399359 0.235231
vt 0.670492 0.201194
vt 0.672825 0.200721
vt 0.671858 0.207805
vt 0.667084 0.202081
vt 0.664597 0.202864
vt 0.463123 0.720737
vt 0.463300 0.723991
vt 0.401820 0.623770
vt 0.403953 0.624704
vt 0.403953 0.626913
vt 0.401820 0.627290
vt 0.471222 0.825365
vt 0.473557 0.827721
vt 0.469459 0.823630
vt 0.983139 0.524252
vt 0.986389 0.524211
vt 0.986395 0.530726
vt 0.983145 0.530897
vt 0.980686 0.523853
vt 0.980692 0.529280
vt 0.664756 0.199019
vt 0.666961 0.196549
vt 0.663179 0.200998
vt 0.979420 0.979242
vt 0.982670 0.979287
vt 0.982669 0.981453
vt 0.979418 0.981279
vt 0.976967 0.979676
vt 0.976964 0.982922
vt 0.512446 0.798047
vt 0.514242 0.800760
vt 0.511091 0.796041
vt 0.983145 0.474265
vt 0.986395 0.474268
vt 0.980693 0.474291
vt 0.622548 0.174454
vt 0.624195 0.171659
vt 0.621394 0.176679
vt 0.979417 0.930858
vt 0.982668 0.930858
vt 0.976964 0.930867
vt 0.960953 0.954397
vt 0.958228 0.954400
vt 0.966846 0.825587
vt 0.964033 0.825597
vt 0.961428 0.825587
vt 0.965186 0.144729
vt 0.967920 0.144726
vt 0.970626 0.144729
vt 0.972870 0.089895
vt 0.970124 0.089822
vt 0.967431 0.089895
vt 0.963669 0.954400
vt 0.747899 0.794262
vt 0.750897 0.793869
vt 0.607964 0.556703
vt 0.607167 0.553302
vt 0.753909 0.794262
vt 0.747913 0.784190
vt 0.750912 0.783426
vt 0.598666 0.560037
vt 0.597130 0.556902
vt 0.974049 0.197986
vt 0.971063 0.198749
vt 0.971105 0.189418
vt 0.974088 0.189026
vt 0.977073 0.198750
vt 0.977114 0.189418
vt 0.372423 0.145413
vt 0.370886 0.148535
vt 0.361567 0.145214
vt 0.362363 0.141827
vt 0.753923 0.784190
vt 0.747936 0.775300
vt 0.750936 0.774211
vt 0.590463 0.565270
vt 0.588279 0.562548
vt 0.973987 0.205903
vt 0.970999 0.206992
vt 0.977008 0.206992
vt 0.381296 0.151036
vt 0.379110 0.153748
vt 0.753946 0.775300
vt 0.747966 0.767879
vt 0.750967 0.766519
vt 0.583622 0.572135
vt 0.580901 0.569951
vt 0.973905 0.212518
vt 0.970914 0.213876
vt 0.976924 0.213877
vt 0.388695 0.158410
vt 0.385970 0.160585
vt 0.832311 0.495140
vt 0.829232 0.496207
vt 0.828798 0.488643
vt 0.831861 0.487301
vt 0.835564 0.505196
vt 0.832655 0.504467
vt 0.835232 0.496198
vt 0.578411 0.580361
vt 0.575279 0.578827
vt 0.573121 0.758102
vt 0.570132 0.757305
vt 0.570088 0.749168
vt 0.573078 0.750287
vt 0.576142 0.757311
vt 0.576097 0.749174
vt 0.394335 0.167250
vt 0.391198 0.168778
vt 0.829564 0.505205
vt 0.835777 0.515335
vt 0.832876 0.514980
vt 0.575097 0.589681
vt 0.571701 0.588887
vt 0.573144 0.766997
vt 0.570156 0.766568
vt 0.576166 0.766574
vt 0.397927 0.177271
vt 0.394526 0.178061
vt 0.829777 0.515344
vt 0.835853 0.526212
vt 0.832954 0.526155
vt 0.573932 0.599935
vt 0.570469 0.599736
vt 0.573147 0.776936
vt 0.570159 0.776803
vt 0.576169 0.776809
vt 0.399171 0.188077
vt 0.395701 0.188275
vt 0.829853 0.526221
vt 0.835853 0.586776
vt 0.832932 0.585582
vt 0.574014 0.660311
vt 0.570549 0.660298
vt 0.573056 0.835999
vt 0.570088 0.837188
vt 0.576098 0.834737
vt 0.399069 0.245951
vt 0.395599 0.245962
vt 0.829849 0.584327
vt 0.828476 0.594310
vt 0.827282 0.591352
vt 0.573551 0.668034
vt 0.570088 0.667997
vt 0.578757 0.841813
vt 0.577494 0.844741
vt 0.580070 0.838787
vt 0.399098 0.250323
vt 0.395628 0.250358
vt 0.825903 0.588356
vt 0.800053 0.594942
vt 0.802226 0.591910
vt 0.401840 0.991919
vt 0.398371 0.991894
vt 0.398371 0.963432
vt 0.401840 0.963415
vt 0.603938 0.842358
vt 0.606005 0.845358
vt 0.601879 0.839260
vt 0.385717 0.987208
vt 0.382248 0.987233
vt 0.382248 0.965421
vt 0.385717 0.965438
vt 0.804171 0.588839
vt 0.792204 0.574032
vt 0.795128 0.573002
vt 0.152496 0.968929
vt 0.155966 0.968898
vt 0.155966 0.989013
vt 0.152496 0.989067
vt 0.611076 0.823396
vt 0.613888 0.824418
vt 0.608263 0.822301
vt 0.504304 0.973944
vt 0.507763 0.974047
vt 0.507763 0.990863
vt 0.504304 0.990735
vt 0.797816 0.571910
vt 0.395895 0.806668
vt 0.398878 0.807362
vt 0.398878 0.817300
vt 0.395895 0.817296
vt 0.443831 0.906636
vt 0.447299 0.908007
vt 0.447299 0.918612
vt 0.443831 0.918617
vt 0.616704 0.880613
vt 0.613706 0.879920
vt 0.613706 0.867914
vt 0.616704 0.867917
vt 0.619716 0.879920
vt 0.619352 0.867914
vt 0.111086 0.923106
vt 0.114541 0.921730
vt 0.114575 0.933732
vt 0.111120 0.933729
vt 0.401904 0.806668
vt 0.401540 0.817296
vt 0.395717 0.791453
vt 0.398700 0.792147
vt 0.458218 0.891393
vt 0.461687 0.892763
vt 0.616762 0.895834
vt 0.613764 0.895141
vt 0.619774 0.895141
vt 0.096755 0.907841
vt 0.100210 0.906466
vt 0.401727 0.791453
vt 0.800394 0.251325
vt 0.799192 0.250956
vt 0.798186 0.246624
vt 0.800394 0.246162
vt 0.971300 0.718948
vt 0.970072 0.720148
vt 0.964998 0.720721
vt 0.965026 0.718238
vt 0.845836 0.557615
vt 0.844780 0.557087
vt 0.843444 0.550825
vt 0.845560 0.550666
vt 0.846881 0.557009
vt 0.847741 0.550666
vt 0.147414 0.970705
vt 0.146213 0.969477
vt 0.152496 0.968898
vt 0.152469 0.971382
vt 0.801268 0.246528
vt 0.802368 0.246162
vt 0.802368 0.251352
vt 0.800394 0.250889
vt 0.609260 0.971760
vt 0.608257 0.971540
vt 0.607086 0.961836
vt 0.608080 0.961128
vt 0.971300 0.730807
vt 0.970095 0.730845
vt 0.057559 0.995461
vt 0.056395 0.995746
vt 0.057408 0.983959
vt 0.058528 0.983421
vt 0.058526 0.995280
vt 0.059502 0.984158
vt 0.147437 0.980719
vt 0.146233 0.980651
vt 0.595686 0.982331
vt 0.594543 0.982071
vt 0.593538 0.972110
vt 0.594630 0.972613
vt 0.607930 0.974034
vt 0.607086 0.973542
vt 0.971280 0.732894
vt 0.970074 0.732975
vt 0.058696 0.997359
vt 0.057721 0.997959
vt 0.059502 0.996908
vt 0.147416 0.982278
vt 0.146213 0.982168
vt 0.594492 0.984318
vt 0.593538 0.983744
vt 0.305835 0.250358
vt 0.305432 0.252357
vt 0.305155 0.251358
vt 0.306791 0.250358
vt 0.307068 0.251358
vt 0.306388 0.252357
vt 0.898405 0.731166
vt 0.908694 0.270436
vt 0.891018 0.269858
vt 0.000222 0.000000
vt 0.844359 0.941363
vt 0.866283 0.941364
vt 0.802103 0.969860
vt 0.802103 0.974406
vt 0.795747 0.973581
vt 0.795747 0.969803
vt 0.802244 0.977789
vt 0.795864 0.976393
vt 0.760855 0.975399
vt 0.760850 0.979922
vt 0.754401 0.979919
vt 0.754405 0.976160
vt 0.760855 0.984440
vt 0.754405 0.983674
vt 0.497840 0.986349
vt 0.497864 0.982983
vt 0.504304 0.982227
vt 0.504285 0.985025
vt 0.497864 0.978442
vt 0.504304 0.978453
vt 0.497840 0.973944
vt 0.504285 0.974714
vt 0.097568 0.840287
vt 0.097598 0.836969
vt 0.104034 0.836188
vt 0.104010 0.838946
vt 0.097598 0.832445
vt 0.104034 0.832428
vt 0.146183 0.982300
vt 0.146183 0.986817
vt 0.139747 0.986029
vt 0.139747 0.982275
vt 0.146213 0.990118
vt 0.139772 0.988772
vt 0.802244 0.965369
vt 0.795864 0.966070
vt 0.725211 0.243780
vt 0.727152 0.240412
vt 0.727851 0.241052
vt 0.726146 0.244011
vt 0.730512 0.238469
vt 0.730804 0.239345
vt 0.734392 0.238471
vt 0.734213 0.239347
vt 0.737753 0.240417
vt 0.737166 0.241057
vt 0.739693 0.243786
vt 0.738870 0.244017
vt 0.739693 0.247676
vt 0.738870 0.247434
vt 0.737753 0.251043
vt 0.737166 0.250393
vt 0.734392 0.252987
vt 0.734213 0.252100
vt 0.730512 0.252985
vt 0.730804 0.252099
vt 0.727152 0.251039
vt 0.727851 0.250389
vt 0.725211 0.247670
vt 0.726146 0.247429
vt 0.083827 0.981763
vt 0.083827 0.986310
vt 0.077471 0.985485
vt 0.077471 0.981706
vt 0.083967 0.989692
vt 0.077588 0.988296
vt 0.666674 0.976350
vt 0.666669 0.980873
vt 0.660220 0.980870
vt 0.660224 0.977110
vt 0.666674 0.985391
vt 0.660224 0.984624
vt 0.083967 0.989678
vt 0.083991 0.986311
vt 0.090431 0.985555
vt 0.090412 0.988353
vt 0.083991 0.981771
vt 0.090431 0.981781
vt 0.083967 0.977272
vt 0.090412 0.978042
vt 0.820018 0.983557
vt 0.820048 0.980239
vt 0.826485 0.979458
vt 0.826460 0.982216
vt 0.820048 0.975715
vt 0.826485 0.975698
vt 0.941408 0.975210
vt 0.941408 0.979728
vt 0.934971 0.978939
vt 0.934971 0.975185
vt 0.941438 0.983028
vt 0.934996 0.981682
vt 0.083967 0.977272
vt 0.077588 0.977973
vt 0.915806 0.801689
vt 0.917746 0.798322
vt 0.918446 0.798962
vt 0.916741 0.801921
vt 0.921107 0.796378
vt 0.921398 0.797254
vt 0.924987 0.796380
vt 0.924808 0.797256
vt 0.928348 0.798326
vt 0.927760 0.798966
vt 0.930288 0.801696
vt 0.929465 0.801926
vt 0.930288 0.805585
vt 0.929465 0.805344
vt 0.928348 0.808953
vt 0.927760 0.808302
vt 0.924987 0.810896
vt 0.924808 0.810010
vt 0.921107 0.810894
vt 0.921398 0.810008
vt 0.917746 0.808948
vt 0.918446 0.808298
vt 0.915806 0.805579
vt 0.916741 0.805338
vt 0.491399 0.978442
vt 0.497840 0.978453
vt 0.497840 0.982227
vt 0.491399 0.982983
vt 0.497821 0.985025
vt 0.491376 0.986349
vt 0.181127 0.989654
vt 0.174677 0.988888
vt 0.174673 0.985133
vt 0.181122 0.985136
vt 0.174677 0.981373
vt 0.181127 0.980613
vt 0.606932 0.978653
vt 0.600553 0.977257
vt 0.600436 0.974446
vt 0.606792 0.975271
vt 0.600436 0.970667
vt 0.606792 0.970725
vt 0.600553 0.966934
vt 0.606932 0.966233
vt 0.576554 0.986039
vt 0.570112 0.984693
vt 0.570088 0.981950
vt 0.576524 0.982739
vt 0.570088 0.978196
vt 0.576524 0.978221
vt 0.104064 0.832445
vt 0.110501 0.832428
vt 0.110501 0.836188
vt 0.104064 0.836969
vt 0.110476 0.838945
vt 0.104034 0.840287
vt 0.491376 0.973944
vt 0.497821 0.974714
vt 0.945960 0.661281
vt 0.945137 0.661039
vt 0.945137 0.657622
vt 0.945960 0.657392
vt 0.943432 0.654662
vt 0.944019 0.654022
vt 0.940479 0.652952
vt 0.940659 0.652076
vt 0.937070 0.652950
vt 0.936778 0.652074
vt 0.934117 0.654658
vt 0.933418 0.654018
vt 0.932413 0.657616
vt 0.931478 0.657385
vt 0.932413 0.661034
vt 0.931478 0.661275
vt 0.934117 0.663994
vt 0.933418 0.664644
vt 0.937070 0.665704
vt 0.936778 0.666590
vt 0.940479 0.665706
vt 0.940659 0.666592
vt 0.943432 0.663998
vt 0.944019 0.664649
vt 0.297837 0.980853
vt 0.304278 0.980864
vt 0.304278 0.984638
vt 0.297837 0.985394
vt 0.304258 0.987435
vt 0.297813 0.988760
vt 0.973518 0.825597
vt 0.967068 0.824831
vt 0.967064 0.821076
vt 0.973513 0.821079
vt 0.967068 0.817316
vt 0.973518 0.816556
vt 0.768678 0.955519
vt 0.762299 0.954123
vt 0.762182 0.951311
vt 0.768538 0.952136
vt 0.762182 0.947533
vt 0.768538 0.947590
vt 0.762299 0.943800
vt 0.768678 0.943099
vt 0.583020 0.986039
vt 0.576579 0.984693
vt 0.576554 0.981950
vt 0.582991 0.982738
vt 0.576554 0.978196
vt 0.582991 0.978221
vt 0.943479 0.547832
vt 0.949915 0.547815
vt 0.949915 0.551575
vt 0.943479 0.552356
vt 0.949890 0.554332
vt 0.943449 0.555674
vt 0.297813 0.976354
vt 0.304258 0.977125
vt 0.793016 0.967104
vt 0.792193 0.966862
vt 0.792194 0.963445
vt 0.793016 0.963214
vt 0.790489 0.960485
vt 0.791076 0.959845
vt 0.787536 0.958775
vt 0.787716 0.957899
vt 0.784127 0.958773
vt 0.783835 0.957897
vt 0.781174 0.960481
vt 0.780475 0.959840
vt 0.779470 0.963439
vt 0.778535 0.963208
vt 0.779470 0.966857
vt 0.778535 0.967098
vt 0.781174 0.969817
vt 0.780475 0.970467
vt 0.784127 0.971527
vt 0.783835 0.972413
vt 0.787536 0.971528
vt 0.787716 0.972415
vt 0.790489 0.969821
vt 0.791076 0.970472
vt 0.695614 0.979422
vt 0.687206 0.979422
vt 0.685123 0.957837
vt 0.696460 0.957837
vt 0.076171 0.906475
vt 0.077471 0.918317
vt 0.058147 0.915792
vt 0.056395 0.899826
vt 0.077471 0.932941
vt 0.058147 0.935509
vt 0.076171 0.944761
vt 0.056395 0.951446
vt 0.705008 0.979086
vt 0.696675 0.979086
vt 0.707697 0.957837
vt 0.056395 0.963498
vt 0.045725 0.957621
vt 0.056395 0.931662
vt 0.039130 0.941828
vt 0.039130 0.922153
vt 0.045725 0.906109
vt 0.056395 0.899826
vt 0.034244 0.962625
vt 0.026507 0.967118
vt 0.026507 0.943458
vt 0.026507 0.919797
vt 0.034244 0.924341
vt 0.039025 0.936187
vt 0.039025 0.950810
vt 0.842260 0.573838
vt 0.839937 0.573835
vt 0.839452 0.566524
vt 0.841725 0.565767
vt 0.033318 0.981008
vt 0.035880 0.981011
vt 0.035378 0.988322
vt 0.032815 0.988319
vt 0.767847 0.917105
vt 0.770691 0.917105
vt 0.769587 0.925169
vt 0.766848 0.924408
vt 0.838045 0.559925
vt 0.840171 0.558480
vt 0.033921 0.994923
vt 0.031358 0.994920
vt 0.766385 0.932431
vt 0.763947 0.930985
vt 0.835853 0.554683
vt 0.837751 0.552692
vt 0.398016 0.836238
vt 0.395172 0.836236
vt 0.395168 0.831109
vt 0.398012 0.831111
vt 0.761396 0.938181
vt 0.759429 0.936193
vt 0.112274 0.982338
vt 0.114488 0.982308
vt 0.113335 0.988908
vt 0.111000 0.989625
vt 0.395168 0.824584
vt 0.398012 0.824586
vt 0.755111 0.941857
vt 0.753736 0.939523
vt 0.114488 0.995422
vt 0.112274 0.996817
vt 0.395172 0.817300
vt 0.398016 0.817303
vt 0.748143 0.943099
vt 0.747426 0.940647
vt 0.147461 0.982278
vt 0.149439 0.983736
vt 0.148309 0.990328
vt 0.146213 0.989556
vt 0.802025 0.795254
vt 0.804866 0.795183
vt 0.804980 0.802432
vt 0.802140 0.802502
vt 0.747426 0.893350
vt 0.748143 0.890877
vt 0.755111 0.892191
vt 0.753736 0.894541
vt 0.149439 0.997121
vt 0.147461 0.997057
vt 0.804980 0.808871
vt 0.802140 0.808942
vt 0.761396 0.895933
vt 0.759429 0.897930
vt 0.837751 0.594942
vt 0.835853 0.592948
vt 0.838045 0.587726
vt 0.840171 0.589177
vt 0.804866 0.813871
vt 0.802025 0.813941
vt 0.766385 0.901735
vt 0.763947 0.903185
vt 0.839452 0.581140
vt 0.841725 0.581905
vt 0.031358 0.967118
vt 0.033921 0.967122
vt 0.035378 0.973706
vt 0.032815 0.973703
vt 0.769587 0.909031
vt 0.766848 0.909792
vt 0.329444 0.844439
vt 0.329444 0.895391
vt 0.297813 0.904995
vt 0.297813 0.834881
vt 0.606565 0.915328
vt 0.575186 0.905458
vt 0.575186 0.854612
vt 0.606565 0.845358
vt 0.645611 0.977999
vt 0.645611 0.946150
vt 0.660220 0.946409
vt 0.660220 0.978258
vt 0.778365 0.955973
vt 0.778365 0.981106
vt 0.763959 0.981100
vt 0.763959 0.955967
vt 0.270514 0.950269
vt 0.270514 0.982151
vt 0.255876 0.982204
vt 0.255876 0.950322
vt 0.924750 0.730548
vt 0.911828 0.729637
vt 0.924750 0.716142
vt 0.905783 0.971677
vt 0.892884 0.972598
vt 0.892885 0.958192
vt 0.905783 0.957271
vt 0.334583 0.857345
vt 0.334583 0.882477
vt 0.570088 0.892525
vt 0.570088 0.867445
vt 0.167698 0.571430
vt 0.199585 0.586127
vt 0.199585 0.723059
vt 0.167698 0.737802
vt 0.762182 0.943099
vt 0.762182 0.975317
vt 0.747426 0.975399
vt 0.747426 0.943181
vt 0.377873 0.979944
vt 0.369755 0.980870
vt 0.369755 0.966347
vt 0.377873 0.965421
vt 0.204766 0.594253
vt 0.204766 0.714925
vt 0.793058 0.915866
vt 0.778535 0.915860
vt 0.778535 0.795183
vt 0.793058 0.795189
vt 0.005139 0.593217
vt 0.005139 0.729867
vt -0.000000 0.721704
vt 0.000000 0.601280
vt 0.895279 0.333229
vt 0.863648 0.344731
vt 0.863648 0.274617
vt 0.895279 0.286072
vt 0.036477 0.849827
vt 0.036477 0.919797
vt 0.005098 0.908034
vt 0.005098 0.860974
vt 0.071032 0.983357
vt 0.056395 0.983421
vt 0.056395 0.951510
vt 0.071032 0.951446
vt 0.531370 0.982460
vt 0.516964 0.982455
vt 0.516964 0.959194
vt 0.531370 0.959200
vt 0.981486 0.264212
vt 0.981486 0.296085
vt 0.966877 0.295773
vt 0.401904 0.977116
vt 0.401904 0.962710
vt 0.413842 0.961789
vt 0.413842 0.976195
vt 0.882620 0.140237
vt 0.882620 0.125831
vt 0.894580 0.126742
vt 0.894580 0.141148
vt 0.900418 0.321277
vt 0.900418 0.298017
vt 0.000000 0.872848
vt 0.000000 0.896060
vt 0.036773 0.744867
vt 0.036773 0.578838
vt 0.844359 0.941364
vt 0.859084 0.941766
vt 0.859084 0.973937
vt 0.844359 0.973535
vt 0.900418 0.353967
vt 0.900418 0.339444
vt 0.908560 0.340364
vt 0.908560 0.354887
vt 0.359368 0.958212
vt 0.367770 0.960004
vt 0.367770 0.983095
vt 0.359368 0.984872
vt 0.643172 0.954413
vt 0.643172 0.981019
vt 0.634737 0.979251
vt 0.634737 0.956207
vt 0.237403 0.571430
vt 0.237403 0.598092
vt 0.234773 0.598092
vt 0.234773 0.571430
vt 0.746264 0.828639
vt 0.746264 0.837115
vt 0.743638 0.837086
vt 0.743638 0.828611
vt 0.297520 0.833497
vt 0.297520 0.856589
vt 0.294889 0.856589
vt 0.294889 0.833497
vt 0.294889 0.833497
vt 0.294889 0.825028
vt 0.297519 0.825024
vt 0.297519 0.833492
vt 0.526684 0.252331
vt 0.526684 0.247389
vt 0.530000 0.247385
vt 0.530000 0.252328
vt 0.795930 0.252779
vt 0.792621 0.252726
vt 0.792621 0.246162
vt 0.795930 0.246216
vt 0.627356 0.248600
vt 0.627356 0.251917
vt 0.624706 0.251921
vt 0.624706 0.248605
vt 0.854893 0.552744
vt 0.853894 0.557615
vt 0.852687 0.557345
vt 0.852687 0.550583
vt 0.409415 0.623770
vt 0.409415 0.627087
vt 0.408177 0.627087
vt 0.408177 0.623770
vt 0.037774 0.741484
vt 0.036773 0.736613
vt 0.038982 0.734448
vt 0.038982 0.741212
vt 0.426086 0.963495
vt 0.415010 0.965323
vt 0.416600 0.963237
vt 0.540695 0.961254
vt 0.540755 0.981087
vt 0.534049 0.980675
vt 0.534805 0.963637
vt 0.542177 0.960022
vt 0.550832 0.964111
vt 0.542880 0.979697
vt 0.480194 0.957741
vt 0.482505 0.973780
vt 0.469117 0.974559
vt 0.469252 0.957881
vt 0.976061 0.442263
vt 0.967788 0.442511
vt 0.967878 0.439654
vt 0.467262 0.957741
vt 0.468373 0.974819
vt 0.465758 0.974691
vt 0.465911 0.959311
vt 0.468838 0.976207
vt 0.468330 0.979079
vt 0.465540 0.979850
vt 0.058659 0.648241
vt 0.060313 0.649531
vt 0.058659 0.655668
vt 0.532656 0.962459
vt 0.540682 0.959194
vt 0.425500 0.961790
vt 0.417136 0.961790
vt 0.532430 0.982310
vt 0.540755 0.982901
vt 0.762182 0.955519
vt 0.763809 0.968791
vt 0.762182 0.969874
vt 0.531370 0.981302
vt 0.531925 0.963743
vt 0.534067 0.964920
vt 0.425832 0.975622
vt 0.417172 0.976027
vt 0.297642 0.554243
vt 0.297642 0.572347
vt 0.296916 0.572240
vt 0.902473 0.535371
vt 0.888743 0.536111
vt 0.890212 0.534779
vt 0.901510 0.534476
vt 0.208028 0.943696
vt 0.220174 0.943548
vt 0.219988 0.944048
vt 0.208225 0.944179
vt 0.221798 0.945107
vt 0.221305 0.945312
vt 0.221592 0.963909
vt 0.221071 0.966395
vt 0.763152 0.511471
vt 0.763152 0.516422
vt 0.762529 0.513932
vt 0.221798 0.968856
vt 0.204269 0.966046
vt 0.204525 0.965576
vt 0.220443 0.966965
vt 0.202844 0.964199
vt 0.203366 0.964074
vt 0.205968 0.945499
vt 0.206423 0.945757
vt 0.745240 0.970306
vt 0.745357 0.958606
vt 0.747097 0.958845
vt 0.746992 0.970088
vt 0.745790 0.957188
vt 0.747419 0.957825
vt 0.794854 0.886038
vt 0.794853 0.908121
vt 0.793058 0.908460
vt 0.793326 0.886680
vt 0.794854 0.908771
vt 0.367770 0.974191
vt 0.367770 0.958212
vt 0.369370 0.958493
vt 0.369320 0.974069
vt 0.593538 0.972110
vt 0.593554 0.970643
vt 0.595331 0.970864
vt 0.595333 0.971932
vt 0.593538 0.951205
vt 0.595080 0.951821
vt 0.745733 0.971968
vt 0.747419 0.971465
vt 0.902473 0.556076
vt 0.886930 0.555108
vt 0.886073 0.554034
vt 0.416013 0.976185
vt 0.413842 0.965437
vt 0.415346 0.963288
vt 0.551072 0.961714
vt 0.551951 0.962971
vt 0.550043 0.962856
vt 0.482788 0.975081
vt 0.532998 0.979649
vt 0.761877 0.514476
vt 0.890203 0.354164
vt 0.882007 0.353007
vt 0.882007 0.344731
vt 0.889570 0.345794
vt 0.242170 0.982498
vt 0.247061 0.981731
vt 0.245197 0.990582
vt 0.242170 0.990668
vt 0.727938 0.828611
vt 0.727938 0.837468
vt 0.719201 0.836260
vt 0.719205 0.829618
vt 0.955627 0.854922
vt 0.960671 0.856029
vt 0.960671 0.864056
vt 0.957371 0.863711
vt 0.968348 0.424845
vt 0.976061 0.424535
vt 0.846017 0.132026
vt 0.855489 0.131768
vt 0.857087 0.133856
vt 0.792295 0.465653
vt 0.798181 0.468045
vt 0.798911 0.485089
vt 0.792204 0.485493
vt 0.553068 0.964111
vt 0.561022 0.979690
vt 0.551951 0.980658
vt 0.129262 0.983691
vt 0.118317 0.983580
vt 0.118154 0.967032
vt 0.131545 0.967776
vt 0.970914 0.234465
vt 0.979009 0.231883
vt 0.979114 0.234740
vt 0.116330 0.983691
vt 0.114980 0.982109
vt 0.114801 0.966843
vt 0.117411 0.966759
vt 0.117874 0.965380
vt 0.114575 0.961707
vt 0.117365 0.962477
vt 0.792313 0.463585
vt 0.800334 0.466863
vt 0.896892 0.144684
vt 0.895252 0.138552
vt 0.896892 0.137176
vt 0.846671 0.130328
vt 0.855024 0.130328
vt 0.800530 0.486720
vt 0.792204 0.487301
vt 0.798917 0.469329
vt 0.801063 0.468148
vt 0.801591 0.485714
vt 0.718683 0.957836
vt 0.720312 0.958885
vt 0.718683 0.972040
vt 0.854961 0.144564
vt 0.846312 0.144158
vt 0.668400 0.658211
vt 0.667676 0.658322
vt 0.667676 0.640223
vt 0.932869 0.554815
vt 0.931906 0.555674
vt 0.920614 0.555502
vt 0.919145 0.554252
vt 0.956822 0.616498
vt 0.957020 0.616036
vt 0.968774 0.616025
vt 0.968960 0.616498
vt 0.970091 0.614807
vt 0.970584 0.614996
vt 0.969858 0.594763
vt 0.970378 0.597120
vt 0.771930 0.464840
vt 0.771306 0.462508
vt 0.771930 0.460149
vt 0.970586 0.592435
vt 0.969230 0.594228
vt 0.953322 0.595733
vt 0.953067 0.595290
vt 0.952164 0.597176
vt 0.951642 0.597063
vt 0.955219 0.614557
vt 0.954764 0.614807
vt 0.056164 0.976614
vt 0.054394 0.976410
vt 0.054274 0.965159
vt 0.056033 0.964906
vt 0.053906 0.964147
vt 0.055537 0.963498
vt 0.942161 0.326540
vt 0.943688 0.327184
vt 0.943957 0.348960
vt 0.942163 0.348618
vt 0.942161 0.349270
vt 0.490953 0.973719
vt 0.489451 0.973603
vt 0.489396 0.958027
vt 0.490953 0.957741
vt 0.516928 0.969526
vt 0.515132 0.969346
vt 0.515137 0.968283
vt 0.516915 0.968065
vt 0.515385 0.949233
vt 0.516928 0.948620
vt 0.055598 0.978290
vt 0.053906 0.977799
vt 0.932869 0.535167
vt 0.917334 0.536244
vt 0.916477 0.537272
vt 0.858299 0.133974
vt 0.856163 0.144726
vt 0.856784 0.131824
vt 0.552830 0.961722
vt 0.553856 0.962856
vt 0.551951 0.962979
vt 0.131828 0.966465
vt 0.799963 0.484064
vt 0.770655 0.462001
vt 0.890203 0.354141
vt 0.890820 0.345776
vt 0.898329 0.344731
vt 0.898329 0.353006
vt 0.064113 0.984276
vt 0.064113 0.992452
vt 0.061086 0.992303
vt 0.059502 0.983421
vt 0.727938 0.828610
vt 0.736659 0.829736
vt 0.736664 0.836284
vt 0.727938 0.837352
vt 0.976314 0.723812
vt 0.974582 0.732613
vt 0.971300 0.732975
vt 0.971300 0.724945
vt 0.978463 0.217079
vt 0.970914 0.216740
vt 0.908453 0.322203
vt 0.908260 0.301236
vt 0.908501 0.301255
vt 0.908694 0.322222
vt 0.540755 0.959254
vt 0.541792 0.959194
vt 0.541792 0.980202
vt 0.540755 0.980262
vt 0.650893 0.770213
vt 0.649820 0.770175
vt 0.649604 0.749168
vt 0.650678 0.749206
vt 0.308989 0.252412
vt 0.308989 0.252142
vt 0.309977 0.251713
vt 0.309977 0.252840
vt 0.935542 0.115062
vt 0.934709 0.115118
vt 0.935025 0.093938
vt 0.935857 0.093881
vt 0.311949 0.252146
vt 0.311949 0.252416
vt 0.310965 0.252840
vt 0.310965 0.251713
vt 0.908453 0.274617
vt 0.908694 0.274636
vt 0.908379 0.295817
vt 0.908138 0.295798
vt 0.547208 0.221761
vt 0.548246 0.221726
vt 0.548246 0.242955
vt 0.547208 0.242990
vt 0.650893 0.796901
vt 0.649820 0.796863
vt 0.649681 0.775640
vt 0.650755 0.775678
vt 0.935857 0.141467
vt 0.935025 0.141523
vt 0.934831 0.120557
vt 0.935664 0.120501
vt 0.802368 0.251695
vt 0.802368 0.246233
vt 0.803404 0.246162
vt 0.803404 0.251624
vt 0.310116 0.250364
vt 0.311244 0.250358
vt 0.311244 0.251707
vt 0.310116 0.251713
vt 0.648484 0.775615
vt 0.648622 0.770150
vt 0.547209 0.246362
vt 0.547209 0.242990
vt 0.548563 0.242990
vt 0.548563 0.246361
vt 0.211818 0.683801
vt 0.211818 0.678335
vt 0.213006 0.678340
vt 0.213006 0.683806
vt 0.996628 0.487109
vt 0.995639 0.487303
vt 0.993670 0.445379
vt 0.996628 0.444797
vt 0.842260 0.552692
vt 0.843440 0.552826
vt 0.843440 0.594516
vt 0.842260 0.594382
vt 0.185532 0.951229
vt 0.186543 0.951467
vt 0.186543 0.994344
vt 0.183520 0.993632
vt 0.441291 0.893102
vt 0.442478 0.892941
vt 0.442478 0.934652
vt 0.441291 0.934814
vt 0.038786 0.734231
vt 0.038593 0.713265
vt 0.038834 0.713284
vt 0.039027 0.734250
vt 0.138340 0.961767
vt 0.139377 0.961707
vt 0.139377 0.982715
vt 0.138340 0.982775
vt 0.125668 0.709080
vt 0.124595 0.709042
vt 0.124379 0.688035
vt 0.125453 0.688073
vt 0.309977 0.252412
vt 0.309977 0.252142
vt 0.310965 0.252840
vt 0.936690 0.115062
vt 0.935857 0.115118
vt 0.936172 0.093938
vt 0.937005 0.093881
vt 0.312228 0.250791
vt 0.312228 0.251062
vt 0.311244 0.251485
vt 0.311244 0.250358
vt 0.038786 0.686645
vt 0.039027 0.686665
vt 0.038712 0.707845
vt 0.038471 0.707826
vt 0.194205 0.916460
vt 0.195243 0.916425
vt 0.195243 0.937654
vt 0.194205 0.937689
vt 0.125668 0.735768
vt 0.124595 0.735730
vt 0.124457 0.714507
vt 0.125530 0.714545
vt 0.937005 0.141467
vt 0.936172 0.141523
vt 0.935979 0.120557
vt 0.936812 0.120501
vt 0.803404 0.251695
vt 0.803404 0.246234
vt 0.804440 0.246162
vt 0.804440 0.251624
vt 0.308989 0.250364
vt 0.310116 0.250358
vt 0.310116 0.251707
vt 0.308989 0.251713
vt 0.123259 0.714482
vt 0.123397 0.709017
vt 0.408059 0.611015
vt 0.408059 0.607643
vt 0.409413 0.607642
vt 0.409413 0.611014
vt 0.759622 0.460393
vt 0.759622 0.454927
vt 0.760809 0.454931
vt 0.760809 0.460397
vt 0.999115 0.177733
vt 0.998126 0.177927
vt 0.996157 0.136002
vt 0.999115 0.135421
vt 0.442478 0.892941
vt 0.443658 0.893075
vt 0.443658 0.934765
vt 0.442478 0.934631
vt 0.568545 0.932675
vt 0.569556 0.932913
vt 0.569556 0.975791
vt 0.566533 0.975078
vt 0.166148 0.893817
vt 0.167334 0.893656
vt 0.167334 0.935368
vt 0.166148 0.935529
vt 0.974394 0.815892
vt 0.972169 0.816110
vt 0.972169 0.735579
vt 0.974435 0.736226
vt 0.401820 0.692812
vt 0.399756 0.692750
vt 0.399758 0.611289
vt 0.401820 0.611891
vt 0.981029 0.735523
vt 0.978631 0.735521
vt 0.978631 0.654060
vt 0.981029 0.654062
vt 0.976815 0.735579
vt 0.976812 0.654657
vt 0.980051 0.391587
vt 0.977697 0.391505
vt 0.977656 0.311286
vt 0.980051 0.310497
vt 0.975504 0.391346
vt 0.975422 0.311998
vt 0.802025 0.965320
vt 0.799959 0.965363
vt 0.799961 0.886620
vt 0.802025 0.886038
vt 0.797561 0.965369
vt 0.797563 0.886626
vt 0.795747 0.965336
vt 0.795747 0.886054
vt 0.976731 0.815856
vt 0.976812 0.737055
vt 0.111877 0.839549
vt 0.110501 0.837532
vt 0.110945 0.837391
vt 0.112152 0.839160
vt 0.110501 0.835080
vt 0.110945 0.835242
vt 0.111877 0.833131
vt 0.112152 0.833533
vt 0.114104 0.832428
vt 0.114104 0.832917
vt 0.116331 0.833241
vt 0.116056 0.833630
vt 0.117707 0.835258
vt 0.117262 0.835398
vt 0.117707 0.837709
vt 0.117262 0.837547
vt 0.116331 0.839659
vt 0.116056 0.839256
vt 0.114104 0.840361
vt 0.114104 0.839872
vt 0.983110 0.654736
vt 0.985051 0.654060
vt 0.985051 0.728297
vt 0.973216 0.000671
vt 0.975004 0.000089
vt 0.978714 0.074651
vt 0.977104 0.000000
vt 0.978714 0.000438
vt 0.985109 0.310496
vt 0.987178 0.311265
vt 0.985109 0.383719
vt 0.989153 0.311872
vt 0.398016 0.817300
vt 0.399803 0.817893
vt 0.398016 0.889727
vt 0.401904 0.817971
vt 0.546671 0.633729
vt 0.548243 0.633142
vt 0.548243 0.705573
vt 0.981029 0.655483
vt 0.981722 0.467686
vt 0.968747 0.473719
vt 0.968747 0.442737
vt 0.981722 0.448598
vt 0.218206 0.571433
vt 0.218206 0.602416
vt 0.211278 0.596470
vt 0.211278 0.577382
vt 0.234773 0.571430
vt 0.234773 0.602413
vt 0.856989 0.356059
vt 0.864059 0.356433
vt 0.856989 0.369026
vt 0.850710 0.726007
vt 0.844359 0.712955
vt 0.850710 0.713014
vt 0.667551 0.376135
vt 0.667551 0.442611
vt 0.636568 0.442610
vt 0.636568 0.376134
vt 0.738178 0.979215
vt 0.725502 0.984558
vt 0.725502 0.957188
vt 0.738178 0.962353
vt 0.652793 0.918780
vt 0.652793 0.946150
vt 0.645611 0.940897
vt 0.645611 0.924035
vt 0.669968 0.918777
vt 0.669968 0.946147
vt 0.771227 0.682458
vt 0.778535 0.682787
vt 0.771227 0.695126
vt 0.850112 0.570361
vt 0.843444 0.557615
vt 0.850112 0.557668
vt 0.891018 0.144727
vt 0.891018 0.209672
vt 0.863648 0.209671
vt 0.863648 0.144726
vt 0.840425 0.435388
vt 0.840425 0.356085
vt 0.856989 0.435362
vt 0.850710 0.792480
vt 0.867209 0.713027
vt 0.867209 0.792494
vt 0.754054 0.759962
vt 0.754054 0.682485
vt 0.771227 0.759935
vt 0.850112 0.635304
vt 0.867217 0.557682
vt 0.867217 0.635318
vt 0.963952 0.955808
vt 0.963952 0.936720
vt 0.976964 0.930858
vt 0.976964 0.961840
vt 0.053338 0.655713
vt 0.060265 0.661660
vt 0.060265 0.680717
vt 0.053338 0.686645
vt 0.036773 0.655693
vt 0.036773 0.686624
vt 0.856989 0.514665
vt 0.856989 0.501699
vt 0.864059 0.515039
vt 0.850710 0.858954
vt 0.850710 0.871947
vt 0.844359 0.871888
vt 0.667551 0.509087
vt 0.636568 0.509086
vt 0.970586 0.611156
vt 0.970586 0.594294
vt 0.983300 0.589128
vt 0.983300 0.616498
vt 0.559351 0.932697
vt 0.566533 0.937951
vt 0.566533 0.954786
vt 0.559351 0.960022
vt 0.542177 0.932675
vt 0.542177 0.960000
vt 0.771227 0.837412
vt 0.771227 0.824744
vt 0.778535 0.837741
vt 0.850112 0.700247
vt 0.850112 0.712941
vt 0.843444 0.712888
vt 0.891018 0.274617
vt 0.863648 0.274616
vt 0.840425 0.514691
vt 0.867209 0.871960
vt 0.754054 0.837438
vt 0.867217 0.712955
vt 0.747894 0.792413
vt 0.747894 0.806141
vt 0.719324 0.806180
vt 0.719324 0.792452
vt 0.747851 0.818600
vt 0.719282 0.818639
vt 0.747771 0.828571
vt 0.719201 0.828611
vt 0.763633 0.517181
vt 0.763607 0.504843
vt 0.792178 0.504843
vt 0.792204 0.517181
vt 0.763599 0.491155
vt 0.792170 0.491156
vt 0.763607 0.477458
vt 0.792178 0.477459
vt 0.763633 0.465093
vt 0.792204 0.465093
vt 0.089185 0.832202
vt 0.088706 0.822184
vt 0.117228 0.822410
vt 0.117707 0.832428
vt 0.088454 0.809696
vt 0.116976 0.809922
vt 0.088454 0.795959
vt 0.116976 0.796185
vt 0.088706 0.782319
vt 0.117228 0.782545
vt 0.089185 0.770110
vt 0.117707 0.770336
vt 0.586884 0.250368
vt 0.586782 0.240591
vt 0.615351 0.240647
vt 0.615453 0.250424
vt 0.586729 0.228255
vt 0.615298 0.228312
vt 0.586729 0.214569
vt 0.615298 0.214625
vt 0.586729 0.214569
vt 0.586729 0.228267
vt 0.558160 0.228321
vt 0.558160 0.214623
vt 0.586675 0.240635
vt 0.558106 0.240690
vt 0.586573 0.250464
vt 0.558004 0.250519
vt 0.747771 0.766519
vt 0.747851 0.778760
vt 0.719282 0.778800
vt 0.719201 0.766559
vt 0.058659 0.580551
vt 0.058659 0.617248
vt 0.047716 0.617265
vt 0.047716 0.578838
vt 0.058659 0.653945
vt 0.047716 0.655693
vt 0.036773 0.653980
vt 0.036773 0.617282
vt 0.036773 0.580585
vt 0.747361 0.594942
vt 0.735699 0.591142
vt 0.753492 0.556062
vt 0.725778 0.583909
vt 0.718570 0.573950
vt 0.714781 0.562239
vt 0.714781 0.549924
vt 0.718570 0.538210
vt 0.725778 0.528243
vt 0.735699 0.520999
vt 0.747361 0.517188
vt 0.759624 0.517181
vt 0.771286 0.520981
vt 0.781207 0.528214
vt 0.788414 0.538174
vt 0.792204 0.549884
vt 0.792204 0.562199
vt 0.788414 0.573914
vt 0.781207 0.583880
vt 0.771286 0.591124
vt 0.759624 0.594936
vt 0.377893 0.966706
vt 0.382248 0.965421
vt 0.382226 0.979149
vt 0.377873 0.979072
vt 0.863141 0.955104
vt 0.859084 0.954550
vt 0.863359 0.941364
vt 0.866992 0.943225
vt 0.863141 0.967586
vt 0.859084 0.968408
vt 0.866992 0.979450
vt 0.863359 0.981579
vt 0.292424 0.979451
vt 0.296802 0.979460
vt 0.296811 0.993148
vt 0.292432 0.991780
vt 0.292432 0.967113
vt 0.296811 0.965763
vt 0.728350 0.677990
vt 0.727939 0.682458
vt 0.714781 0.678200
vt 0.716497 0.674154
vt 0.740813 0.677967
vt 0.741775 0.682433
vt 0.752666 0.674089
vt 0.754934 0.678127
vt 0.762748 0.666734
vt 0.766127 0.669962
vt 0.770074 0.656622
vt 0.774259 0.658736
vt 0.773925 0.644743
vt 0.778535 0.645549
vt 0.773925 0.632261
vt 0.778535 0.631692
vt 0.770074 0.620397
vt 0.774259 0.618521
vt 0.762748 0.610311
vt 0.766127 0.607325
vt 0.752666 0.602993
vt 0.754934 0.599200
vt 0.740813 0.599157
vt 0.741775 0.594942
vt 0.728350 0.599180
vt 0.727939 0.594967
vt 0.716497 0.603058
vt 0.714781 0.599273
vt 0.382248 0.992801
vt 0.377893 0.991370
vt 0.901961 0.529618
vt 0.900734 0.534476
vt 0.887606 0.530199
vt 0.890299 0.525818
vt 0.876438 0.522057
vt 0.880378 0.518585
vt 0.868325 0.510846
vt 0.873171 0.508625
vt 0.864059 0.497664
vt 0.869381 0.496915
vt 0.864059 0.483801
vt 0.869381 0.484600
vt 0.868325 0.470614
vt 0.873171 0.472885
vt 0.876438 0.459395
vt 0.880378 0.462919
vt 0.887606 0.451241
vt 0.890299 0.455675
vt 0.900734 0.446950
vt 0.901961 0.451863
vt 0.951642 0.554323
vt 0.956841 0.552842
vt 0.957095 0.566577
vt 0.951867 0.566524
vt 0.957095 0.580219
vt 0.951867 0.578644
vt 0.956841 0.592435
vt 0.951642 0.589495
vt 0.976930 0.297168
vt 0.981449 0.296085
vt 0.981449 0.309924
vt 0.976930 0.309462
vt 0.076087 0.988258
vt 0.071086 0.991166
vt 0.071032 0.978830
vt 0.076040 0.977299
vt 0.071032 0.965144
vt 0.076040 0.965141
vt 0.071086 0.951446
vt 0.076087 0.952972
vt 0.982415 0.861933
vt 0.978307 0.863802
vt 0.974030 0.850633
vt 0.978616 0.850235
vt 0.974030 0.836805
vt 0.978616 0.837951
vt 0.978307 0.823673
vt 0.982415 0.826284
vt 0.985046 0.392295
vt 0.980051 0.393897
vt 0.980051 0.380244
vt 0.985046 0.380167
vt 0.915806 0.811339
vt 0.904683 0.805699
vt 0.915806 0.773459
vt 0.895855 0.796901
vt 0.890188 0.785807
vt 0.888235 0.773502
vt 0.890188 0.761191
vt 0.895855 0.750079
vt 0.904683 0.741254
vt 0.915806 0.735579
vt 0.167698 0.840666
vt 0.178821 0.846306
vt 0.167698 0.878546
vt 0.187649 0.855103
vt 0.193316 0.866198
vt 0.195269 0.878503
vt 0.193316 0.890814
vt 0.187649 0.901926
vt 0.178821 0.910751
vt 0.167698 0.916426
vt 0.401435 0.692812
vt 0.401416 0.705178
vt 0.399756 0.705153
vt 0.399773 0.694179
vt 0.401435 0.717476
vt 0.399773 0.716068
vt 0.548176 0.714903
vt 0.548176 0.752863
vt 0.546519 0.752859
vt 0.546519 0.716085
vt 0.548176 0.790822
vt 0.546519 0.789633
vt 0.665972 0.664885
vt 0.666086 0.652597
vt 0.667676 0.652564
vt 0.667575 0.663470
vt 0.667575 0.641583
vt 0.212947 0.602416
vt 0.212947 0.640376
vt 0.211278 0.640373
vt 0.211278 0.603598
vt 0.212947 0.678335
vt 0.211278 0.677147
vt 0.126005 0.148592
vt 0.136999 0.137725
vt 0.125945 0.150787
vt 0.864899 0.143081
vt 0.864899 0.130329
vt 0.867227 0.142622
vt 0.967251 0.132739
vt 0.967212 0.119089
vt 0.978003 0.117519
vt 0.978350 0.138011
vt 0.593538 0.980621
vt 0.586704 0.962852
vt 0.978350 0.089895
vt 0.585074 0.961142
vt 0.297729 0.389216
vt 0.286952 0.376165
vt 0.297813 0.387015
vt 0.126088 0.126826
vt 0.126048 0.124619
vt 0.464748 0.252686
vt 0.464748 0.240960
vt 0.467033 0.241570
vt 0.941999 0.853247
vt 0.930196 0.859647
vt 0.930542 0.839073
vt 0.942041 0.839529
vt 0.941349 0.820376
vt 0.249805 0.977083
vt 0.247561 0.965358
vt 0.249805 0.964584
vt 0.297730 0.363069
vt 0.297813 0.365249
vt 0.289019 0.255350
vt 0.283473 0.272276
vt 0.283541 0.256403
vt 0.953294 0.435075
vt 0.952901 0.410503
vt 0.966828 0.414714
vt 0.967788 0.444335
vt 0.953173 0.396359
vt 0.967788 0.394165
vt 0.978704 0.074766
vt 0.973216 0.089430
vt 0.973216 0.074651
vt 0.915813 0.509705
vt 0.903139 0.520001
vt 0.903082 0.517930
vt 0.915027 0.537191
vt 0.903634 0.538710
vt 0.915813 0.556688
vt 0.904543 0.552153
vt 0.904669 0.554110
vt 0.940802 0.807748
vt 0.942324 0.796378
vt 0.942324 0.808628
vt 0.127379 0.024709
vt 0.138259 0.019079
vt 0.297049 0.275344
vt 0.297086 0.272757
vt 0.988237 0.271147
vt 0.981486 0.263900
vt 0.988248 0.269013
vt 0.988712 0.290999
vt 0.981486 0.309275
vt 0.988601 0.305247
vt 0.988655 0.306875
vt 0.764851 0.254223
vt 0.775248 0.253013
vt 0.774032 0.255636
vt 0.953440 0.672916
vt 0.962278 0.667275
vt 0.962278 0.718238
vt 0.951522 0.717384
vt 0.440847 0.985395
vt 0.443191 0.974863
vt 0.443191 0.985674
vt 0.125950 0.237308
vt 0.132848 0.242897
vt 0.126006 0.238713
vt 0.125794 0.202674
vt 0.134399 0.202685
vt 0.297455 0.453403
vt 0.290633 0.457058
vt 0.289331 0.431360
vt 0.297660 0.430068
vt 0.297502 0.456213
vt 0.774032 0.298107
vt 0.739159 0.255635
vt 0.774032 0.333096
vt 0.739159 0.333095
vt 0.246850 0.253856
vt 0.212570 0.268886
vt 0.212638 0.253013
vt 0.211871 0.431029
vt 0.214697 0.019305
vt 0.214693 0.170206
vt 0.214689 0.240882
vt 0.164691 0.252913
vt 0.214678 0.252932
vt 0.132756 0.253013
vt 0.178911 0.000792
vt 0.140523 0.003576
vt 0.214692 0.000000
vt 0.303363 0.148592
vt 0.303426 0.150787
vt 0.292388 0.137725
vt 0.038792 0.918241
vt 0.036477 0.917730
vt 0.038792 0.905929
vt 0.968414 0.659329
vt 0.957136 0.664608
vt 0.957483 0.644118
vt 0.968454 0.645681
vt 0.957136 0.616498
vt 0.967774 0.626608
vt 0.835901 0.486542
vt 0.833639 0.487246
vt 0.833639 0.474124
vt 0.126348 0.388484
vt 0.126278 0.386282
vt 0.137266 0.375525
vt 0.303324 0.124619
vt 0.303280 0.126826
vt 0.795325 0.983097
vt 0.793016 0.971506
vt 0.795325 0.970971
vt 0.962320 0.709065
vt 0.962278 0.695349
vt 0.972490 0.695003
vt 0.972836 0.715574
vt 0.970664 0.899963
vt 0.977115 0.917884
vt 0.970664 0.929118
vt 0.972836 0.667275
vt 0.978711 0.919637
vt 0.126465 0.364517
vt 0.126572 0.362338
vt 0.136215 0.254698
vt 0.141709 0.255797
vt 0.141641 0.271670
vt 0.297096 0.956301
vt 0.282383 0.965763
vt 0.283377 0.936048
vt 0.297457 0.931677
vt 0.282383 0.915466
vt 0.297143 0.917516
vt 0.981493 0.807013
vt 0.986636 0.808599
vt 0.981493 0.822585
vt 0.761477 0.413191
vt 0.774266 0.421323
vt 0.774192 0.423390
vt 0.773696 0.442087
vt 0.762244 0.440646
vt 0.772787 0.455526
vt 0.761477 0.460134
vt 0.772678 0.457484
vt 0.167668 0.983789
vt 0.166148 0.984672
vt 0.166148 0.972436
vt 0.301995 0.024709
vt 0.291130 0.019079
vt 0.128009 0.274622
vt 0.127989 0.272035
vt 0.125794 0.457502
vt 0.125995 0.455481
vt 0.132881 0.456384
vt 0.981308 0.421827
vt 0.981829 0.401854
vt 0.988226 0.394165
vt 0.988226 0.439735
vt 0.981384 0.436133
vt 0.981444 0.437761
vt 0.764851 0.411976
vt 0.774032 0.410556
vt 0.775248 0.413191
vt 0.604569 0.920929
vt 0.606426 0.965315
vt 0.595755 0.966233
vt 0.595755 0.915328
vt 0.056278 0.988735
vt 0.053906 0.989117
vt 0.053906 0.978290
vt 0.303419 0.237307
vt 0.303360 0.238713
vt 0.296529 0.242897
vt 0.303576 0.202674
vt 0.294984 0.202685
vt 0.126070 0.452671
vt 0.126065 0.429335
vt 0.134412 0.430698
vt 0.774032 0.368085
vt 0.739159 0.410555
vt 0.178420 0.253563
vt 0.264667 0.252913
vt 0.296604 0.253013
vt 0.250472 0.000792
vt 0.288861 0.003576
vt 0.842209 0.953478
vt 0.840959 0.927889
vt 0.842310 0.929267
vt 0.081454 0.977242
vt 0.079970 0.975891
vt 0.078126 0.951489
vt 0.077471 0.942878
vt 0.842293 0.962411
vt 0.778535 0.594942
vt 0.789411 0.594979
vt 0.721537 0.000000
vt 0.038987 0.889654
vt 0.706402 0.460838
vt 0.739159 0.410676
vt 0.443356 0.249561
vt 0.098105 0.934615
vt 0.109950 0.933732
vt 0.111000 0.934705
vt 0.308177 0.976354
vt 0.299168 0.976352
vt 0.297879 0.975080
vt 0.299097 0.940873
vt 0.311000 0.940873
vt 0.312130 0.942005
vt 0.106882 0.969547
vt 0.097935 0.970212
vt 0.096755 0.969119
vt 0.791939 0.793414
vt 0.670071 0.507634
vt 0.706402 0.253013
vt 0.721937 0.253027
vt 0.464747 0.249405
vt 0.462279 0.251872
vt 0.551951 0.980662
vt 0.720755 0.463439
vt 0.728757 0.460838
vt 0.728970 0.462295
vt 0.721407 0.464753
vt 0.737171 0.460838
vt 0.736922 0.462295
vt 0.745173 0.463438
vt 0.744485 0.464753
vt 0.751980 0.468385
vt 0.750919 0.469428
vt 0.756926 0.475193
vt 0.755593 0.475862
vt 0.759526 0.483197
vt 0.758050 0.483427
vt 0.759526 0.491612
vt 0.758050 0.491381
vt 0.756926 0.499616
vt 0.755593 0.498945
vt 0.751980 0.506424
vt 0.750919 0.505380
vt 0.745173 0.511371
vt 0.744485 0.510055
vt 0.737171 0.513972
vt 0.736922 0.512513
vt 0.728757 0.513972
vt 0.728970 0.512514
vt 0.720755 0.511372
vt 0.721407 0.510056
vt 0.713948 0.506425
vt 0.714973 0.505381
vt 0.709002 0.499617
vt 0.710299 0.498946
vt 0.706402 0.491613
vt 0.707842 0.491382
vt 0.706402 0.483198
vt 0.707842 0.483428
vt 0.709002 0.475194
vt 0.710299 0.475863
vt 0.713948 0.468386
vt 0.714973 0.469428
vt 0.970098 0.488697
vt 0.970120 0.480989
vt 0.980650 0.482269
vt 0.980631 0.489000
vt 0.970162 0.474265
vt 0.980686 0.476397
vt 0.987639 0.144726
vt 0.987651 0.150419
vt 0.977140 0.152276
vt 0.977129 0.147305
vt 0.987658 0.157550
vt 0.977145 0.158504
vt 0.987658 0.165421
vt 0.977145 0.165377
vt 0.987651 0.173260
vt 0.977140 0.172223
vt 0.987639 0.180302
vt 0.977129 0.178373
vt 0.979193 0.616498
vt 0.978888 0.622258
vt 0.968594 0.624178
vt 0.968860 0.619148
vt 0.978727 0.629432
vt 0.968453 0.630442
vt 0.978727 0.637316
vt 0.968453 0.637327
vt 0.978888 0.645138
vt 0.968594 0.644158
vt 0.979193 0.652134
vt 0.968860 0.650267
vt 0.443831 0.981090
vt 0.443837 0.975488
vt 0.454333 0.973572
vt 0.454328 0.978464
vt 0.443837 0.968416
vt 0.454333 0.967396
vt 0.443831 0.960565
vt 0.454328 0.960540
vt 0.426086 0.976752
vt 0.426089 0.968891
vt 0.436586 0.969881
vt 0.436583 0.976746
vt 0.426086 0.961789
vt 0.436583 0.963680
vt 0.970162 0.510142
vt 0.970120 0.504023
vt 0.980650 0.502384
vt 0.980686 0.507727
vt 0.970098 0.496634
vt 0.980631 0.495931
vt 0.672932 0.881853
vt 0.670336 0.873849
vt 0.671847 0.873612
vt 0.674300 0.881178
vt 0.670336 0.865433
vt 0.671847 0.865659
vt 0.672932 0.857431
vt 0.674300 0.858095
vt 0.677869 0.850625
vt 0.678966 0.851663
vt 0.684664 0.845682
vt 0.685389 0.846990
vt 0.692653 0.843085
vt 0.692939 0.844536
vt 0.701052 0.843088
vt 0.700878 0.844539
vt 0.709041 0.845692
vt 0.708428 0.847001
vt 0.715836 0.850642
vt 0.714850 0.851678
vt 0.720773 0.857452
vt 0.719517 0.858115
vt 0.723369 0.865457
vt 0.721970 0.865681
vt 0.723369 0.873872
vt 0.721970 0.873634
vt 0.720773 0.881874
vt 0.719517 0.881198
vt 0.715836 0.888680
vt 0.714850 0.887630
vt 0.709041 0.893624
vt 0.708428 0.892302
vt 0.701052 0.896221
vt 0.700878 0.894757
vt 0.692653 0.896217
vt 0.692939 0.894753
vt 0.684664 0.893613
vt 0.685389 0.892292
vt 0.677869 0.888664
vt 0.678966 0.887614
vt 0.699018 0.233628
vt 0.699018 0.225744
vt 0.724804 0.226442
vt 0.724804 0.233327
vt 0.699179 0.218570
vt 0.724945 0.220178
vt 0.699484 0.212810
vt 0.725211 0.215147
vt 0.802427 0.962522
vt 0.802439 0.955480
vt 0.828065 0.954457
vt 0.828054 0.960606
vt 0.802446 0.947640
vt 0.828070 0.947610
vt 0.802446 0.939770
vt 0.828070 0.940737
vt 0.802439 0.932639
vt 0.828065 0.934510
vt 0.802427 0.926946
vt 0.828054 0.929538
vt 0.595755 0.915328
vt 0.595713 0.922052
vt 0.570107 0.923311
vt 0.570143 0.917439
vt 0.595691 0.929760
vt 0.570088 0.930042
vt 0.595691 0.937697
vt 0.570088 0.936973
vt 0.595713 0.945087
vt 0.570107 0.943426
vt 0.595755 0.951205
vt 0.570143 0.948769
vt 0.187378 0.955567
vt 0.194480 0.955565
vt 0.195445 0.981205
vt 0.189244 0.981207
vt 0.202341 0.955567
vt 0.202310 0.981207
vt 0.422429 0.961783
vt 0.414578 0.961789
vt 0.415557 0.936149
vt 0.422413 0.936144
vt 0.407506 0.961789
vt 0.409381 0.936149
vt 0.401904 0.961783
vt 0.404490 0.936144
vt 0.699484 0.248446
vt 0.699179 0.241450
vt 0.724945 0.240158
vt 0.725211 0.246267
vt 0.501628 0.140592
vt 0.502328 0.145147
vt 0.491481 0.148672
vt 0.489409 0.144563
vt 0.514476 0.140592
vt 0.513733 0.145147
vt 0.526695 0.144563
vt 0.524580 0.148672
vt 0.537089 0.152116
vt 0.533806 0.155377
vt 0.544640 0.162512
vt 0.540510 0.164605
vt 0.548610 0.174734
vt 0.544034 0.175454
vt 0.548610 0.187584
vt 0.544034 0.186862
vt 0.544640 0.199806
vt 0.540509 0.197710
vt 0.537088 0.210202
vt 0.533805 0.206939
vt 0.526693 0.217755
vt 0.524579 0.213644
vt 0.514474 0.221726
vt 0.513732 0.217169
vt 0.501626 0.221726
vt 0.502327 0.217169
vt 0.489407 0.217755
vt 0.491480 0.213644
vt 0.479013 0.210202
vt 0.482253 0.206939
vt 0.471462 0.199806
vt 0.475550 0.197710
vt 0.467492 0.187584
vt 0.472026 0.186862
vt 0.467492 0.174734
vt 0.472026 0.175454
vt 0.471462 0.162512
vt 0.475550 0.164605
vt 0.479014 0.152116
vt 0.482254 0.155377
vt 0.999494 0.204780
vt 0.995791 0.204726
vt 0.995654 0.191470
vt 0.999364 0.192139
vt 0.995258 0.179613
vt 0.998986 0.180832
vt 0.986330 0.885570
vt 0.990168 0.883948
vt 0.990150 0.893438
vt 0.986314 0.894620
vt 0.990141 0.905420
vt 0.986305 0.906046
vt 0.990141 0.918721
vt 0.986305 0.918730
vt 0.990150 0.932039
vt 0.986314 0.931431
vt 0.990168 0.944070
vt 0.986330 0.942904
vt 0.985051 0.655559
vt 0.988904 0.654060
vt 0.988975 0.664426
vt 0.985119 0.665444
vt 0.989012 0.676946
vt 0.985154 0.677383
vt 0.989012 0.690393
vt 0.985154 0.690207
vt 0.988975 0.703452
vt 0.985119 0.702660
vt 0.988904 0.714844
vt 0.985051 0.713523
vt 0.986305 0.891756
vt 0.982462 0.893358
vt 0.982436 0.883712
vt 0.986281 0.882558
vt 0.982420 0.871631
vt 0.986266 0.871037
vt 0.982415 0.858296
vt 0.986260 0.858321
vt 0.982420 0.845014
vt 0.986266 0.845654
vt 0.982436 0.833083
vt 0.986281 0.834277
vt 0.982462 0.823673
vt 0.986305 0.825304
vt 0.998986 0.229102
vt 0.995258 0.230232
vt 0.995654 0.218082
vt 0.999364 0.217516
vt 0.503845 0.154592
vt 0.495842 0.157193
vt 0.512259 0.154592
vt 0.520261 0.157192
vt 0.527067 0.162139
vt 0.532013 0.168947
vt 0.534613 0.176951
vt 0.534613 0.185367
vt 0.532013 0.193370
vt 0.527067 0.200179
vt 0.520260 0.205125
vt 0.512258 0.207726
vt 0.503844 0.207726
vt 0.495842 0.205125
vt 0.489035 0.200179
vt 0.484089 0.193370
vt 0.481489 0.185367
vt 0.481490 0.176951
vt 0.484090 0.168947
vt 0.489035 0.162139
vt 0.943769 0.217183
vt 0.944041 0.230436
vt 0.917600 0.230665
vt 0.917328 0.217412
vt 0.943251 0.205330
vt 0.916811 0.205560
vt 0.255886 0.950269
vt 0.255876 0.936968
vt 0.282373 0.936939
vt 0.282383 0.950240
vt 0.357723 0.958208
vt 0.344405 0.958212
vt 0.344405 0.931715
vt 0.357723 0.931711
vt 0.369755 0.958194
vt 0.369755 0.931698
vt 0.915877 0.745945
vt 0.942302 0.735595
vt 0.942373 0.745961
vt 0.915914 0.771912
vt 0.915914 0.758465
vt 0.942410 0.758480
vt 0.942410 0.771928
vt 0.915877 0.784971
vt 0.942373 0.784987
vt 0.864047 0.540490
vt 0.837550 0.540455
vt 0.837550 0.528374
vt 0.864047 0.528409
vt 0.864059 0.515074
vt 0.837562 0.515039
vt 0.682267 0.931334
vt 0.695549 0.931340
vt 0.695549 0.957836
vt 0.682267 0.957830
vt 0.943251 0.265706
vt 0.916811 0.265935
vt 0.917328 0.256175
vt 0.943769 0.255946
vt 0.944041 0.243793
vt 0.917600 0.244022
vt 0.282584 0.695948
vt 0.290123 0.706348
vt 0.286087 0.708432
vt 0.279395 0.699201
vt 0.272208 0.688391
vt 0.270184 0.692492
vt 0.260010 0.684415
vt 0.259356 0.688963
vt 0.247184 0.684409
vt 0.247970 0.688958
vt 0.234986 0.688374
vt 0.237142 0.692478
vt 0.224610 0.695923
vt 0.227931 0.699179
vt 0.217071 0.706316
vt 0.221239 0.708404
vt 0.213107 0.718535
vt 0.217720 0.719251
vt 0.213107 0.731385
vt 0.217720 0.730658
vt 0.217071 0.743608
vt 0.221239 0.741508
vt 0.224610 0.754007
vt 0.227931 0.750740
vt 0.234986 0.761565
vt 0.237142 0.757448
vt 0.247184 0.765541
vt 0.247970 0.760978
vt 0.260010 0.765547
vt 0.259356 0.760983
vt 0.272208 0.761581
vt 0.270184 0.757463
vt 0.282584 0.754033
vt 0.279395 0.750762
vt 0.290123 0.743640
vt 0.286087 0.741537
vt 0.294087 0.731421
vt 0.289605 0.730690
vt 0.294087 0.718571
vt 0.289605 0.719283
vt 0.118803 0.804562
vt 0.118673 0.791922
vt 0.122628 0.791265
vt 0.122765 0.804520
vt 0.118295 0.780615
vt 0.122232 0.779408
vt 0.117707 0.771748
vt 0.121615 0.770110
vt 0.994034 0.824854
vt 0.994021 0.836280
vt 0.990177 0.835655
vt 0.990190 0.823673
vt 0.994017 0.848964
vt 0.990172 0.848956
vt 0.994021 0.861664
vt 0.990177 0.862274
vt 0.994034 0.873137
vt 0.990190 0.874305
vt 0.993567 0.395668
vt 0.993634 0.405554
vt 0.989810 0.404531
vt 0.989739 0.394165
vt 0.993670 0.417493
vt 0.989847 0.417051
vt 0.993670 0.430316
vt 0.989847 0.430498
vt 0.993634 0.442769
vt 0.989810 0.443557
vt 0.993567 0.453632
vt 0.989739 0.454949
vt 0.989770 0.513620
vt 0.989750 0.504422
vt 0.993585 0.505578
vt 0.993606 0.515223
vt 0.989739 0.492901
vt 0.993574 0.493496
vt 0.989739 0.480185
vt 0.993574 0.480162
vt 0.989750 0.467518
vt 0.993585 0.466879
vt 0.989770 0.456142
vt 0.993606 0.454949
vt 0.117707 0.838187
vt 0.118295 0.828885
vt 0.122232 0.830026
vt 0.121615 0.839780
vt 0.118673 0.817299
vt 0.122628 0.817877
vt 0.272580 0.705967
vt 0.277518 0.712777
vt 0.265785 0.701017
vt 0.257797 0.698413
vt 0.249397 0.698410
vt 0.241409 0.701007
vt 0.234613 0.705950
vt 0.229676 0.712756
vt 0.227081 0.720759
vt 0.227081 0.729174
vt 0.229676 0.737179
vt 0.234614 0.743989
vt 0.241409 0.748938
vt 0.249397 0.751542
vt 0.257797 0.751546
vt 0.265785 0.748949
vt 0.272581 0.744006
vt 0.277518 0.737200
vt 0.280113 0.729197
vt 0.280113 0.720782
vt 0.255876 0.924986
vt 0.255886 0.915496
vt 0.282373 0.924957
vt 0.942302 0.796378
vt 0.915806 0.796363
vt 0.864059 0.550136
vt 0.837562 0.550101
vt 0.670336 0.931317
vt 0.670336 0.957814
vt 0.349969 0.895730
vt 0.359605 0.890165
vt 0.365021 0.910893
vt 0.370732 0.890164
vt 0.380368 0.895727
vt 0.385931 0.905364
vt 0.385931 0.916493
vt 0.380368 0.926131
vt 0.370731 0.931697
vt 0.359605 0.931698
vt 0.349969 0.926134
vt 0.344405 0.916497
vt 0.344405 0.905368
vt 0.894734 0.915240
vt 0.888299 0.899554
vt 0.896882 0.896766
vt 0.900964 0.913217
vt 0.867217 0.902251
vt 0.880206 0.891348
vt 0.885511 0.898648
vt 0.871068 0.907550
vt 0.871068 0.872073
vt 0.885511 0.881117
vt 0.880206 0.888417
vt 0.867217 0.877371
vt 0.900964 0.866410
vt 0.896882 0.883001
vt 0.888299 0.880212
vt 0.894734 0.864386
vt 0.915591 0.893089
vt 0.898605 0.894395
vt 0.898605 0.885372
vt 0.915591 0.886540
vt 0.893940 0.895443
vt 0.896437 0.892007
vt 0.896437 0.887760
vt 0.893940 0.884324
vt 0.889901 0.883011
vt 0.885861 0.884323
vt 0.883364 0.887759
vt 0.883364 0.892006
vt 0.885861 0.895442
vt 0.889901 0.896755
vt 0.182880 0.980613
vt 0.182795 0.984683
vt 0.181127 0.984655
vt 0.181199 0.981216
vt 0.182880 0.988690
vt 0.181199 0.988041
vt 0.718683 0.983161
vt 0.718688 0.979734
vt 0.720426 0.979401
vt 0.720422 0.982296
vt 0.718688 0.975486
vt 0.720426 0.975811
vt 0.718683 0.972040
vt 0.720422 0.972899
vt 0.411728 0.985162
vt 0.411717 0.981018
vt 0.413466 0.981115
vt 0.413476 0.984616
vt 0.411728 0.977116
vt 0.413476 0.977818
vt 0.900070 0.344731
vt 0.900077 0.348198
vt 0.898334 0.348515
vt 0.898329 0.345585
vt 0.900077 0.352445
vt 0.898334 0.352104
vt 0.900070 0.355851
vt 0.898329 0.354981
vt 0.419152 0.251465
vt 0.415739 0.252575
vt 0.415739 0.246767
vt 0.412325 0.251466
vt 0.410216 0.248563
vt 0.410216 0.244973
vt 0.412325 0.242069
vt 0.415739 0.240960
vt 0.419152 0.242068
vt 0.421261 0.244972
vt 0.421261 0.248561
vt 0.981493 0.805250
vt 0.981493 0.822543
vt 0.976812 0.822585
vt 0.976919 0.805710
vt 0.106093 0.987653
vt 0.106093 0.970755
vt 0.110759 0.970212
vt 0.110651 0.986657
vt 0.413842 0.977093
vt 0.418445 0.976185
vt 0.418332 0.991369
vt 0.413842 0.992722
vt 0.287229 0.990993
vt 0.287229 0.978492
vt 0.292122 0.978465
vt 0.292052 0.990759
vt 0.793007 0.988507
vt 0.788176 0.988387
vt 0.788265 0.972644
vt 0.793007 0.972415
vt 0.963952 0.979231
vt 0.963952 0.961840
vt 0.968597 0.962501
vt 0.968697 0.979454
vt 0.304367 0.992355
vt 0.304278 0.976465
vt 0.309103 0.976354
vt 0.309103 0.992601
vt 0.401904 0.990770
vt 0.401904 0.977443
vt 0.406733 0.977116
vt 0.406642 0.990695
vt 0.891208 0.973819
vt 0.891077 0.988664
vt 0.886837 0.986893
vt 0.886837 0.972475
vt 0.828070 0.980429
vt 0.828070 0.963498
vt 0.832631 0.964481
vt 0.832739 0.980959
vt 0.759526 0.511471
vt 0.761189 0.511644
vt 0.761877 0.516414
vt 0.759526 0.516169
vt 0.741967 0.454927
vt 0.744776 0.454974
vt 0.744776 0.459547
vt 0.742789 0.459513
vt 0.532931 0.252066
vt 0.533377 0.247385
vt 0.535450 0.247385
vt 0.535862 0.252066
vt 0.745736 0.212890
vt 0.748427 0.212810
vt 0.747640 0.217526
vt 0.745736 0.217582
vt 0.754888 0.454927
vt 0.754196 0.459694
vt 0.752522 0.459865
vt 0.752522 0.455167
vt 0.344405 0.574342
vt 0.344343 0.612470
vt 0.325908 0.613262
vt 0.325981 0.575925
vt 0.297881 0.578592
vt 0.297830 0.615062
vt 0.670336 0.519373
vt 0.672487 0.517181
vt 0.712609 0.521027
vt 0.714781 0.523646
vt 0.714781 0.566115
vt 0.714781 0.601103
vt 0.671401 0.601294
vt 0.670869 0.551307
vt 0.302699 0.573044
vt 0.325992 0.570547
vt 0.339542 0.569641
vt 0.344325 0.648124
vt 0.325890 0.648501
vt 0.297813 0.649160
vt 0.344405 0.722369
vt 0.325981 0.721544
vt 0.325908 0.683840
vt 0.344343 0.683881
vt 0.297881 0.720128
vt 0.297830 0.683349
vt 0.670336 0.683214
vt 0.714781 0.678561
vt 0.712609 0.681199
vt 0.672487 0.685387
vt 0.714781 0.636091
vt 0.670869 0.651279
vt 0.302699 0.725529
vt 0.325992 0.726974
vt 0.339542 0.727339
vt 0.808088 0.712955
vt 0.822009 0.720315
vt 0.805267 0.715041
vt 0.806152 0.713289
vt 0.841289 0.723111
vt 0.822005 0.717211
vt 0.808433 0.818054
vt 0.822143 0.815178
vt 0.822143 0.818057
vt 0.294859 0.832875
vt 0.272425 0.845705
vt 0.272649 0.816038
vt 0.294868 0.809537
vt 0.255876 0.820527
vt 0.255888 0.855161
vt 0.844359 0.814969
vt 0.843450 0.817159
vt 0.258978 0.765547
vt 0.272673 0.768673
vt 0.255876 0.768644
vt 0.256785 0.766454
vt 0.291785 0.765582
vt 0.293980 0.766494
vt 0.294889 0.768686
vt 0.294092 0.835693
vt 0.292004 0.837739
vt 0.258327 0.856589
vt 0.256699 0.856571
vt 0.844359 0.727255
vt 0.805327 0.814934
vt 0.843508 0.724679
vt 0.806239 0.817146
vt 0.841254 0.818067
vt 0.272675 0.765559
vt 0.272402 0.848705
vt 0.039102 0.746943
vt 0.022357 0.752230
vt 0.036280 0.744867
vt 0.038217 0.745197
vt 0.003071 0.755083
vt 0.022361 0.749133
vt 0.035936 0.849726
vt 0.022223 0.849750
vt 0.022224 0.846877
vt 0.864088 0.423375
vt 0.864080 0.400070
vt 0.886306 0.406483
vt 0.886529 0.436109
vt 0.903082 0.410936
vt 0.903069 0.445520
vt 0.000000 0.846745
vt 0.000910 0.848929
vt 0.899979 0.356059
vt 0.902173 0.356961
vt 0.903082 0.359145
vt 0.886282 0.359202
vt 0.867164 0.356183
vt 0.864059 0.359292
vt 0.864968 0.357101
vt 0.864855 0.426187
vt 0.866944 0.428222
vt 0.900629 0.446950
vt 0.902257 0.446929
vt -0.000000 0.759228
vt 0.039042 0.846608
vt 0.000851 0.756655
vt 0.038130 0.848816
vt 0.003106 0.849827
vt 0.886280 0.356093
vt 0.886552 0.439105
vt 0.961914 0.954400
vt 0.956890 0.980412
vt 0.956890 0.954407
vt 0.230236 0.959798
vt 0.228560 0.955737
vt 0.239319 0.953510
vt 0.228560 0.951340
vt 0.230236 0.947276
vt 0.233332 0.944164
vt 0.237377 0.942478
vt 0.241756 0.942474
vt 0.245802 0.944154
vt 0.248898 0.947261
vt 0.250574 0.951322
vt 0.250574 0.955719
vt 0.248898 0.959783
vt 0.245802 0.962895
vt 0.241756 0.964581
vt 0.237377 0.964585
vt 0.233332 0.962905
vt 0.963951 0.979144
vt 0.963952 0.956439
vt 0.801591 0.479212
vt 0.803296 0.476253
vt 0.807953 0.480923
vt 0.806248 0.474545
vt 0.809658 0.474547
vt 0.812610 0.476257
vt 0.814315 0.479217
vt 0.814315 0.482634
vt 0.812610 0.485593
vt 0.809658 0.487301
vt 0.806248 0.487299
vt 0.803296 0.485589
vt 0.801591 0.482629
vt 0.864899 0.143505
vt 0.861599 0.142627
vt 0.864899 0.136917
vt 0.859183 0.140220
vt 0.858299 0.136927
vt 0.859183 0.133631
vt 0.861599 0.131216
vt 0.864899 0.130328
vt 0.814101 0.962522
vt 0.817401 0.963400
vt 0.814101 0.969110
vt 0.819817 0.965807
vt 0.820701 0.969100
vt 0.819817 0.972396
vt 0.817401 0.974811
vt 0.814101 0.975699
vt 0.743202 0.983139
vt 0.738178 0.983146
vt 0.738178 0.957188
vt 0.868831 0.536166
vt 0.874821 0.545495
vt 0.865735 0.539279
vt 0.864059 0.543343
vt 0.864059 0.547740
vt 0.865735 0.551801
vt 0.868831 0.554908
vt 0.872877 0.556587
vt 0.877255 0.556583
vt 0.881301 0.554896
vt 0.884397 0.551784
vt 0.886073 0.547720
vt 0.886073 0.543323
vt 0.884397 0.539262
vt 0.881301 0.536155
vt 0.877255 0.534476
vt 0.872877 0.534480
vt 0.745239 0.958437
vt 0.745240 0.981098
vt 0.827039 0.482635
vt 0.820677 0.480923
vt 0.827039 0.479217
vt 0.825334 0.476257
vt 0.822382 0.474547
vt 0.818972 0.474545
vt 0.816020 0.476253
vt 0.814315 0.479212
vt 0.814315 0.482629
vt 0.816020 0.485589
vt 0.818972 0.487299
vt 0.822382 0.487301
vt 0.825334 0.485593
vt 0.833639 0.474124
vt 0.833639 0.480712
vt 0.830339 0.475012
vt 0.827923 0.477427
vt 0.827039 0.480723
vt 0.827923 0.484015
vt 0.830339 0.486423
vt 0.833639 0.487301
vt 0.820701 0.975698
vt 0.820701 0.969110
vt 0.824001 0.974811
vt 0.826417 0.972396
vt 0.827301 0.969100
vt 0.826417 0.965807
vt 0.824001 0.963400
vt 0.820701 0.962522
vt 0.531317 0.840609
vt 0.539319 0.838008
vt 0.539532 0.839465
vt 0.531969 0.841923
vt 0.547733 0.838008
vt 0.547484 0.839465
vt 0.555735 0.840609
vt 0.555047 0.841923
vt 0.562542 0.845555
vt 0.561481 0.846598
vt 0.567487 0.852363
vt 0.566155 0.853033
vt 0.570088 0.860367
vt 0.568612 0.860597
vt 0.570088 0.868782
vt 0.568612 0.868551
vt 0.567488 0.876786
vt 0.566155 0.876116
vt 0.562542 0.883595
vt 0.561481 0.882550
vt 0.555735 0.888541
vt 0.555047 0.887226
vt 0.547733 0.891142
vt 0.547484 0.889684
vt 0.539319 0.891142
vt 0.539532 0.889684
vt 0.531317 0.888542
vt 0.531969 0.887226
vt 0.524510 0.883595
vt 0.525535 0.882551
vt 0.519564 0.876787
vt 0.520861 0.876116
vt 0.516964 0.868783
vt 0.518404 0.868552
vt 0.516964 0.860368
vt 0.518404 0.860598
vt 0.519564 0.852364
vt 0.520861 0.853033
vt 0.524510 0.845556
vt 0.525535 0.846598
vt 0.970098 0.524574
vt 0.970120 0.516866
vt 0.980650 0.518146
vt 0.980631 0.524877
vt 0.970162 0.510142
vt 0.980686 0.512274
vt 0.981174 0.864386
vt 0.981187 0.870079
vt 0.970675 0.871937
vt 0.970664 0.866965
vt 0.981193 0.877210
vt 0.970681 0.878164
vt 0.981193 0.885081
vt 0.970681 0.885037
vt 0.981187 0.892921
vt 0.970675 0.891883
vt 0.981174 0.899963
vt 0.970664 0.898033
vt 0.569162 0.891142
vt 0.568857 0.896903
vt 0.558562 0.898823
vt 0.558829 0.893792
vt 0.568696 0.904076
vt 0.558422 0.905087
vt 0.568696 0.911960
vt 0.558422 0.911972
vt 0.568857 0.919783
vt 0.558562 0.918803
vt 0.569162 0.926778
vt 0.558829 0.924912
vt 0.454333 0.981090
vt 0.454339 0.975488
vt 0.464835 0.973572
vt 0.464830 0.978464
vt 0.454339 0.968416
vt 0.464835 0.967396
vt 0.454333 0.960565
vt 0.464830 0.960540
vt 0.228560 0.979547
vt 0.228563 0.971686
vt 0.239060 0.972676
vt 0.239057 0.979541
vt 0.228560 0.964584
vt 0.239057 0.966475
vt 0.970162 0.546019
vt 0.970120 0.539901
vt 0.980650 0.538261
vt 0.980686 0.543604
vt 0.970098 0.532511
vt 0.980631 0.531808
vt 0.041726 0.885459
vt 0.039130 0.877454
vt 0.040641 0.877217
vt 0.043094 0.884783
vt 0.039130 0.869039
vt 0.040641 0.869264
vt 0.041726 0.861036
vt 0.043094 0.861700
vt 0.046663 0.854230
vt 0.047761 0.855268
vt 0.053459 0.849287
vt 0.054183 0.850596
vt 0.061447 0.846690
vt 0.061733 0.848141
vt 0.069846 0.846693
vt 0.069672 0.848145
vt 0.077835 0.849297
vt 0.077222 0.850606
vt 0.084630 0.854247
vt 0.083645 0.855283
vt 0.089567 0.861057
vt 0.088311 0.861720
vt 0.092163 0.869062
vt 0.090764 0.869286
vt 0.092163 0.877477
vt 0.090764 0.877239
vt 0.089567 0.885480
vt 0.088311 0.884803
vt 0.084630 0.892286
vt 0.083645 0.891235
vt 0.077835 0.897229
vt 0.077222 0.895907
vt 0.069846 0.899826
vt 0.069672 0.898362
vt 0.061447 0.899822
vt 0.061733 0.898358
vt 0.053459 0.897218
vt 0.054183 0.895897
vt 0.046663 0.892269
vt 0.047761 0.891219
vt 0.672825 0.233628
vt 0.672825 0.225744
vt 0.698611 0.226442
vt 0.698611 0.233327
vt 0.672986 0.218570
vt 0.698752 0.220178
vt 0.673291 0.212810
vt 0.699018 0.215147
vt 0.915591 0.960762
vt 0.915604 0.953720
vt 0.941229 0.952697
vt 0.941218 0.958846
vt 0.915610 0.945880
vt 0.941234 0.945850
vt 0.915610 0.938010
vt 0.941234 0.938977
vt 0.915604 0.930879
vt 0.941229 0.932750
vt 0.915591 0.925186
vt 0.941218 0.927778
vt 0.892843 0.921964
vt 0.867236 0.923223
vt 0.867273 0.917351
vt 0.892821 0.929672
vt 0.867217 0.929954
vt 0.892821 0.937609
vt 0.867217 0.936885
vt 0.892843 0.944998
vt 0.867236 0.943338
vt 0.892885 0.951117
vt 0.867273 0.948681
vt 0.867217 0.951120
vt 0.874319 0.951117
vt 0.875284 0.976757
vt 0.869083 0.976760
vt 0.882180 0.951120
vt 0.882149 0.976760
vt 0.442953 0.961783
vt 0.435103 0.961789
vt 0.436082 0.936149
vt 0.442938 0.936143
vt 0.428030 0.961789
vt 0.429906 0.936149
vt 0.422429 0.961783
vt 0.425014 0.936143
vt 0.673291 0.248446
vt 0.672986 0.241450
vt 0.698752 0.240158
vt 0.699018 0.246267
vt 0.499675 0.633769
vt 0.500375 0.638324
vt 0.489528 0.641849
vt 0.487456 0.637740
vt 0.512523 0.633769
vt 0.511780 0.638324
vt 0.524742 0.637740
vt 0.522627 0.641849
vt 0.535136 0.645293
vt 0.531854 0.648554
vt 0.542688 0.655689
vt 0.538557 0.657782
vt 0.546658 0.667910
vt 0.542082 0.668631
vt 0.546658 0.680761
vt 0.542082 0.680038
vt 0.542688 0.692982
vt 0.538557 0.690887
vt 0.535136 0.703378
vt 0.531854 0.700116
vt 0.524742 0.710932
vt 0.522627 0.706821
vt 0.512523 0.714903
vt 0.511780 0.710346
vt 0.499675 0.714903
vt 0.500375 0.710346
vt 0.487456 0.710933
vt 0.489528 0.706822
vt 0.477062 0.703379
vt 0.480301 0.700117
vt 0.469510 0.692983
vt 0.473598 0.690888
vt 0.465540 0.680762
vt 0.470073 0.680039
vt 0.465540 0.667911
vt 0.470073 0.668632
vt 0.469510 0.655690
vt 0.473598 0.657783
vt 0.477062 0.645294
vt 0.480301 0.648554
vt 1.000000 0.106842
vt 0.996297 0.106788
vt 0.996161 0.093533
vt 0.999870 0.094201
vt 0.995764 0.081676
vt 0.999492 0.082894
vt 0.989764 0.516846
vt 0.993602 0.515224
vt 0.993584 0.524714
vt 0.989748 0.525896
vt 0.993575 0.536696
vt 0.989739 0.537322
vt 0.993575 0.549997
vt 0.989739 0.550006
vt 0.993584 0.563315
vt 0.989748 0.562706
vt 0.993602 0.575346
vt 0.989764 0.574180
vt 0.989153 0.311996
vt 0.993006 0.310497
vt 0.993077 0.320863
vt 0.989221 0.321881
vt 0.993114 0.333382
vt 0.989256 0.333820
vt 0.993114 0.346830
vt 0.989256 0.346643
vt 0.993077 0.359888
vt 0.989221 0.359096
vt 0.993006 0.371280
vt 0.989153 0.369960
vt 0.976812 0.722143
vt 0.972969 0.723745
vt 0.972944 0.714100
vt 0.976788 0.712945
vt 0.972927 0.702018
vt 0.976773 0.701424
vt 0.972922 0.688683
vt 0.976767 0.688708
vt 0.972927 0.675401
vt 0.976773 0.676041
vt 0.972944 0.663470
vt 0.976788 0.664665
vt 0.972969 0.654060
vt 0.976812 0.655691
vt 0.999492 0.131165
vt 0.995764 0.132294
vt 0.996161 0.120144
vt 0.999870 0.119578
vt 0.501892 0.647769
vt 0.493890 0.650370
vt 0.510306 0.647769
vt 0.518308 0.650369
vt 0.525115 0.655316
vt 0.530060 0.662124
vt 0.532660 0.670128
vt 0.532660 0.678543
vt 0.530060 0.686547
vt 0.525115 0.693356
vt 0.518308 0.698302
vt 0.510306 0.700903
vt 0.501892 0.700903
vt 0.493890 0.698303
vt 0.487083 0.693356
vt 0.482137 0.686548
vt 0.479537 0.678544
vt 0.479537 0.670129
vt 0.482137 0.662125
vt 0.487083 0.655317
vt 0.943769 0.277787
vt 0.944041 0.291041
vt 0.917600 0.291270
vt 0.917328 0.278017
vt 0.943251 0.265935
vt 0.916811 0.266164
vt 0.167708 0.951229
vt 0.167698 0.937928
vt 0.194195 0.937898
vt 0.194205 0.951199
vt 0.930129 0.353050
vt 0.916811 0.353054
vt 0.916811 0.326558
vt 0.930129 0.326553
vt 0.942160 0.353037
vt 0.942160 0.326540
vt 0.915662 0.874752
vt 0.915591 0.864386
vt 0.942087 0.864402
vt 0.942158 0.874768
vt 0.915699 0.900719
vt 0.915699 0.887272
vt 0.942195 0.887287
vt 0.942195 0.900735
vt 0.915662 0.913778
vt 0.942158 0.913794
vt 0.540739 0.821492
vt 0.514242 0.821458
vt 0.514242 0.809376
vt 0.540739 0.809411
vt 0.540751 0.796076
vt 0.514254 0.796041
vt 0.707480 0.931334
vt 0.720762 0.931340
vt 0.720762 0.957836
vt 0.707480 0.957830
vt 0.943251 0.326311
vt 0.916811 0.326540
vt 0.917328 0.316780
vt 0.943769 0.316551
vt 0.944041 0.304398
vt 0.917600 0.304627
vt 0.108608 0.700512
vt 0.116147 0.710911
vt 0.112110 0.712996
vt 0.105418 0.703764
vt 0.098231 0.692954
vt 0.096207 0.697055
vt 0.086033 0.688978
vt 0.085379 0.693526
vt 0.073207 0.688972
vt 0.073993 0.693521
vt 0.061009 0.692938
vt 0.063165 0.697041
vt 0.050633 0.700486
vt 0.053954 0.703742
vt 0.043094 0.710879
vt 0.047262 0.712967
vt 0.039130 0.723098
vt 0.043744 0.723814
vt 0.039130 0.735948
vt 0.043744 0.735221
vt 0.043094 0.748171
vt 0.047262 0.746071
vt 0.050633 0.758571
vt 0.053954 0.755303
vt 0.061009 0.766128
vt 0.063165 0.762012
vt 0.073207 0.770104
vt 0.073993 0.765541
vt 0.086033 0.770110
vt 0.085379 0.765546
vt 0.098231 0.766145
vt 0.096207 0.762026
vt 0.108608 0.758596
vt 0.105418 0.755325
vt 0.116147 0.748203
vt 0.112110 0.746100
vt 0.120110 0.735984
vt 0.115629 0.735253
vt 0.120110 0.723134
vt 0.115629 0.723846
vt 0.977909 0.770031
vt 0.977778 0.757391
vt 0.981734 0.756734
vt 0.981870 0.769989
vt 0.977401 0.746084
vt 0.981338 0.744877
vt 0.976812 0.737217
vt 0.980721 0.735579
vt 0.763387 0.462019
vt 0.763375 0.473445
vt 0.759530 0.472820
vt 0.759543 0.460838
vt 0.763370 0.486129
vt 0.759526 0.486121
vt 0.763375 0.498829
vt 0.759530 0.499439
vt 0.763387 0.510303
vt 0.759543 0.511471
vt 0.995155 0.241901
vt 0.995223 0.251787
vt 0.991399 0.250764
vt 0.991328 0.240397
vt 0.995258 0.263725
vt 0.991436 0.263283
vt 0.995258 0.276549
vt 0.991436 0.276731
vt 0.995223 0.289002
vt 0.991399 0.289789
vt 0.995155 0.299865
vt 0.991328 0.301181
vt 0.720793 0.989989
vt 0.720773 0.980790
vt 0.724609 0.981946
vt 0.724630 0.991592
vt 0.720762 0.969270
vt 0.724598 0.969865
vt 0.720762 0.956553
vt 0.724598 0.956530
vt 0.720773 0.943887
vt 0.724609 0.943248
vt 0.720793 0.932510
vt 0.724630 0.931317
vt 0.976812 0.803656
vt 0.977401 0.794354
vt 0.981338 0.795496
vt 0.980721 0.805250
vt 0.977778 0.782768
vt 0.981734 0.783346
vt 0.098604 0.710530
vt 0.103541 0.717340
vt 0.091808 0.705581
vt 0.083820 0.702977
vt 0.075420 0.702973
vt 0.067432 0.705570
vt 0.060637 0.710513
vt 0.055700 0.717319
vt 0.053104 0.725322
vt 0.053104 0.733737
vt 0.055700 0.741742
vt 0.060637 0.748552
vt 0.067432 0.753501
vt 0.075420 0.756105
vt 0.083820 0.756109
vt 0.091808 0.753512
vt 0.098604 0.748569
vt 0.103541 0.741763
vt 0.106136 0.733760
vt 0.106136 0.725345
vt 0.167698 0.925946
vt 0.167708 0.916455
vt 0.194205 0.916426
vt 0.194195 0.925916
vt 0.942087 0.925185
vt 0.915591 0.925170
vt 0.540751 0.831138
vt 0.514254 0.831103
vt 0.695549 0.931317
vt 0.695549 0.957814
vt 0.807990 0.890978
vt 0.817626 0.885413
vt 0.823043 0.906141
vt 0.828753 0.885412
vt 0.838389 0.890975
vt 0.843952 0.900612
vt 0.843952 0.911741
vt 0.838389 0.921379
vt 0.828753 0.926944
vt 0.817626 0.926946
vt 0.807990 0.921382
vt 0.802427 0.911745
vt 0.802427 0.900616
vt 0.668139 0.880904
vt 0.655209 0.891872
vt 0.649905 0.884571
vt 0.664289 0.875604
vt 0.664289 0.911088
vt 0.649905 0.902104
vt 0.655209 0.894803
vt 0.668139 0.905789
vt 0.634398 0.916752
vt 0.638537 0.900221
vt 0.647118 0.903010
vt 0.640627 0.918777
vt 0.619774 0.890069
vt 0.636814 0.888824
vt 0.636814 0.897849
vt 0.619774 0.896620
vt 0.640627 0.867914
vt 0.647118 0.883665
vt 0.638537 0.886453
vt 0.634398 0.869938
vt 0.649556 0.887777
vt 0.645517 0.886464
vt 0.641478 0.887777
vt 0.638981 0.891213
vt 0.638981 0.895461
vt 0.641478 0.898898
vt 0.645517 0.900210
vt 0.649556 0.898898
vt 0.652052 0.895461
vt 0.652052 0.891214
vt 0.324859 0.978931
vt 0.324775 0.983001
vt 0.323107 0.982973
vt 0.323179 0.979534
vt 0.324859 0.987008
vt 0.323179 0.986359
vt 0.309103 0.987475
vt 0.309108 0.984049
vt 0.310846 0.983715
vt 0.310842 0.986611
vt 0.309108 0.979801
vt 0.310846 0.980126
vt 0.309103 0.976354
vt 0.310842 0.977214
vt 0.856233 0.981982
vt 0.856221 0.977839
vt 0.857971 0.977935
vt 0.857981 0.981437
vt 0.856233 0.973937
vt 0.857981 0.974638
vt 0.770420 0.943099
vt 0.770427 0.946566
vt 0.768684 0.946883
vt 0.768678 0.943953
vt 0.770427 0.950813
vt 0.768684 0.950472
vt 0.770420 0.954219
vt 0.768678 0.953349
vt 0.408106 0.251465
vt 0.404693 0.252575
vt 0.404693 0.246767
vt 0.401280 0.251466
vt 0.399171 0.248563
vt 0.399171 0.244973
vt 0.401280 0.242069
vt 0.404693 0.240960
vt 0.408106 0.242068
vt 0.410216 0.244972
vt 0.410216 0.248561
vt 0.600436 0.966233
vt 0.600436 0.983527
vt 0.595755 0.983569
vt 0.595862 0.966694
vt 0.101428 0.987653
vt 0.101428 0.970755
vt 0.106093 0.970212
vt 0.105985 0.986657
vt 0.985051 0.715752
vt 0.989655 0.714844
vt 0.989542 0.730028
vt 0.985051 0.731381
vt 0.609260 0.988584
vt 0.609260 0.976083
vt 0.614153 0.976057
vt 0.614083 0.988351
vt 0.004830 0.995707
vt 0.000000 0.995587
vt 0.000089 0.979844
vt 0.004830 0.979615
vt 0.968697 0.979231
vt 0.968697 0.961840
vt 0.973341 0.962501
vt 0.973442 0.979454
vt 0.983389 0.652717
vt 0.983300 0.636827
vt 0.988125 0.636717
vt 0.988125 0.652963
vt 0.898397 0.986252
vt 0.898397 0.972925
vt 0.903226 0.972598
vt 0.903135 0.986177
vt 0.982885 0.125119
vt 0.982755 0.139964
vt 0.978514 0.138193
vt 0.978514 0.123775
vt 0.832739 0.980429
vt 0.832739 0.963498
vt 0.837299 0.964481
vt 0.837407 0.980959
vt 0.763599 0.460149
vt 0.765262 0.460323
vt 0.765950 0.465093
vt 0.763599 0.464848
vt 0.739159 0.454927
vt 0.741967 0.454974
vt 0.741967 0.459547
vt 0.739980 0.459513
vt 0.530000 0.252066
vt 0.530446 0.247385
vt 0.532519 0.247385
vt 0.532931 0.252066
vt 0.234773 0.598172
vt 0.237464 0.598092
vt 0.236677 0.602808
vt 0.234773 0.602864
vt 0.752523 0.454927
vt 0.751830 0.459694
vt 0.750157 0.459865
vt 0.750157 0.455167
vt 0.775939 0.852108
vt 0.774683 0.852771
vt 0.770016 0.846334
vt 0.771002 0.845298
vt 0.763594 0.841656
vt 0.764207 0.840348
vt 0.756044 0.839195
vt 0.756218 0.837744
vt 0.748105 0.839192
vt 0.747819 0.837741
vt 0.740555 0.841646
vt 0.739830 0.840338
vt 0.734132 0.846318
vt 0.733035 0.845281
vt 0.729466 0.852751
vt 0.728098 0.852087
vt 0.727013 0.860314
vt 0.725502 0.860089
vt 0.727013 0.868268
vt 0.725502 0.868505
vt 0.729466 0.875833
vt 0.728098 0.876509
vt 0.734132 0.882270
vt 0.733035 0.883320
vt 0.740555 0.886948
vt 0.739830 0.888269
vt 0.748105 0.889409
vt 0.747819 0.890873
vt 0.756044 0.889413
vt 0.756218 0.890877
vt 0.763594 0.886958
vt 0.764207 0.888280
vt 0.770016 0.882286
vt 0.771002 0.883336
vt 0.774683 0.875853
vt 0.775939 0.876530
vt 0.777136 0.868290
vt 0.778535 0.868528
vt 0.777136 0.860336
vt 0.778535 0.860113
vt 0.280989 0.964701
vt 0.270514 0.964992
vt 0.270533 0.958261
vt 0.281011 0.956993
vt 0.270570 0.952389
vt 0.281053 0.950269
vt 0.978714 -0.000000
vt 0.989213 0.002587
vt 0.989223 0.007559
vt 0.978727 0.005693
vt 0.989229 0.013786
vt 0.978733 0.012824
vt 0.989229 0.020659
vt 0.978733 0.020695
vt 0.989223 0.027506
vt 0.978727 0.028535
vt 0.989213 0.033655
vt 0.978714 0.035577
vt 0.673504 0.171659
vt 0.684109 0.174236
vt 0.683791 0.179263
vt 0.673140 0.177416
vt 0.683587 0.185526
vt 0.672906 0.184587
vt 0.683516 0.192410
vt 0.672825 0.192471
vt 0.683587 0.199242
vt 0.672906 0.200295
vt 0.683791 0.205354
vt 0.673140 0.207293
vt 0.684109 0.210146
vt 0.673504 0.212781
vt 0.940799 0.811307
vt 0.930288 0.809410
vt 0.930290 0.803234
vt 0.940802 0.804235
vt 0.930288 0.796378
vt 0.940799 0.796384
vt 0.956471 0.667037
vt 0.945959 0.667016
vt 0.945962 0.660152
vt 0.956474 0.659176
vt 0.945960 0.653950
vt 0.956471 0.652074
vt 0.281053 0.986147
vt 0.270570 0.983719
vt 0.270533 0.978376
vt 0.281011 0.980028
vt 0.270514 0.971923
vt 0.280989 0.972638
vt 0.383176 0.887563
vt 0.382488 0.886247
vt 0.388922 0.881572
vt 0.389983 0.882616
vt 0.393596 0.875137
vt 0.394928 0.875808
vt 0.396053 0.867572
vt 0.397528 0.867804
vt 0.396053 0.859618
vt 0.397528 0.859388
vt 0.393596 0.852054
vt 0.394928 0.851385
vt 0.388922 0.845619
vt 0.389983 0.844576
vt 0.382488 0.840944
vt 0.383176 0.839630
vt 0.374925 0.838486
vt 0.375174 0.837030
vt 0.366973 0.838487
vt 0.366760 0.837030
vt 0.359410 0.840945
vt 0.358758 0.839631
vt 0.352976 0.845620
vt 0.351951 0.844577
vt 0.348302 0.852055
vt 0.347005 0.851386
vt 0.345844 0.859619
vt 0.344405 0.859389
vt 0.345844 0.867573
vt 0.344405 0.867805
vt 0.348302 0.875138
vt 0.347005 0.875809
vt 0.352976 0.881572
vt 0.351951 0.882617
vt 0.359410 0.886248
vt 0.358758 0.887563
vt 0.366973 0.888705
vt 0.366760 0.890164
vt 0.374925 0.888705
vt 0.375174 0.890163
vt 0.490910 0.942923
vt 0.465540 0.943065
vt 0.465540 0.936181
vt 0.490910 0.935039
vt 0.465680 0.929916
vt 0.491071 0.927866
vt 0.465946 0.924886
vt 0.491376 0.922105
vt 0.962798 0.035577
vt 0.937159 0.033641
vt 0.937170 0.027492
vt 0.962811 0.028535
vt 0.937176 0.020645
vt 0.962817 0.020695
vt 0.937176 0.013772
vt 0.962817 0.012824
vt 0.937170 0.007545
vt 0.962811 0.005693
vt 0.937159 0.002573
vt 0.962798 -0.000000
vt 0.202908 0.907671
vt 0.228560 0.909812
vt 0.228524 0.915684
vt 0.202866 0.914395
vt 0.228504 0.922415
vt 0.202844 0.922103
vt 0.228504 0.929346
vt 0.202844 0.930040
vt 0.228524 0.935799
vt 0.202866 0.937430
vt 0.228560 0.941142
vt 0.202908 0.943548
vt 0.619774 0.980043
vt 0.621670 0.954417
vt 0.627872 0.954413
vt 0.626876 0.980039
vt 0.634737 0.954414
vt 0.634737 0.980040
vt 0.526684 0.247352
vt 0.526684 0.221726
vt 0.533540 0.221732
vt 0.534535 0.247359
vt 0.539716 0.221742
vt 0.541607 0.247370
vt 0.544607 0.221755
vt 0.547208 0.247385
vt 0.491376 0.957741
vt 0.465946 0.956006
vt 0.465680 0.949897
vt 0.491071 0.950746
vt 0.739804 0.696911
vt 0.747347 0.707307
vt 0.743312 0.709394
vt 0.736615 0.700165
vt 0.729424 0.689358
vt 0.727401 0.693460
vt 0.717224 0.685387
vt 0.716572 0.689935
vt 0.704398 0.685387
vt 0.705186 0.689935
vt 0.692202 0.689358
vt 0.694360 0.693460
vt 0.681829 0.696911
vt 0.685151 0.700165
vt 0.674294 0.707307
vt 0.678463 0.709394
vt 0.670336 0.719528
vt 0.674950 0.720242
vt 0.670342 0.732378
vt 0.674955 0.731649
vt 0.674311 0.744599
vt 0.678478 0.742498
vt 0.681854 0.754995
vt 0.685174 0.751726
vt 0.692234 0.762549
vt 0.694388 0.758431
vt 0.704434 0.766519
vt 0.705218 0.761956
vt 0.717260 0.766519
vt 0.716603 0.761956
vt 0.729456 0.762549
vt 0.727430 0.758431
vt 0.739829 0.754995
vt 0.736638 0.751726
vt 0.747363 0.744599
vt 0.743326 0.742498
vt 0.751321 0.732378
vt 0.746840 0.731649
vt 0.751316 0.719528
vt 0.746835 0.720242
vt 0.983981 0.070029
vt 0.983851 0.057388
vt 0.987807 0.056732
vt 0.987943 0.069987
vt 0.983473 0.046081
vt 0.987410 0.044875
vt 0.982885 0.037215
vt 0.986793 0.035577
vt 0.997532 0.395346
vt 0.997519 0.406772
vt 0.993674 0.406147
vt 0.993688 0.394165
vt 0.997515 0.419456
vt 0.993670 0.419448
vt 0.997519 0.432156
vt 0.993674 0.432766
vt 0.997532 0.443629
vt 0.993688 0.444797
vt 0.995155 0.181117
vt 0.995223 0.191003
vt 0.991398 0.189980
vt 0.991328 0.179614
vt 0.995258 0.202941
vt 0.991436 0.202499
vt 0.995258 0.215765
vt 0.991436 0.215947
vt 0.995223 0.228218
vt 0.991398 0.229006
vt 0.995155 0.239081
vt 0.991328 0.240397
vt 0.986336 0.882344
vt 0.986316 0.873146
vt 0.990151 0.874302
vt 0.990172 0.883948
vt 0.986305 0.861625
vt 0.990140 0.862221
vt 0.986305 0.848909
vt 0.990140 0.848886
vt 0.986316 0.836243
vt 0.990151 0.835603
vt 0.986336 0.824866
vt 0.990172 0.823673
vt 0.982885 0.103653
vt 0.983473 0.094352
vt 0.987410 0.095493
vt 0.986793 0.105247
vt 0.983851 0.082765
vt 0.987807 0.083343
vt 0.729804 0.706934
vt 0.734744 0.713742
vt 0.723006 0.701988
vt 0.715017 0.699387
vt 0.706617 0.699387
vt 0.698630 0.701987
vt 0.691837 0.706934
vt 0.686903 0.713742
vt 0.684311 0.721746
vt 0.684314 0.730161
vt 0.686914 0.738164
vt 0.691854 0.744973
vt 0.698651 0.749919
vt 0.706641 0.752519
vt 0.715040 0.752519
vt 0.723028 0.749919
vt 0.729821 0.744973
vt 0.734755 0.738164
vt 0.737347 0.730161
vt 0.737343 0.721746
vt 0.916994 0.368141
vt 0.943434 0.367912
vt 0.943706 0.381165
vt 0.917266 0.381394
vt 0.916477 0.356288
vt 0.942917 0.356059
vt 0.255067 0.942445
vt 0.228570 0.942474
vt 0.228560 0.929173
vt 0.255057 0.929143
vt 0.127893 0.935206
vt 0.127893 0.961703
vt 0.114575 0.961707
vt 0.114575 0.935210
vt 0.139924 0.935193
vt 0.139924 0.961690
vt 0.951485 0.677657
vt 0.924989 0.677641
vt 0.924918 0.667275
vt 0.951414 0.667290
vt 0.951522 0.703623
vt 0.925026 0.703608
vt 0.925026 0.690161
vt 0.951522 0.690176
vt 0.951485 0.716682
vt 0.924989 0.716667
vt 0.670336 0.921637
vt 0.670336 0.909556
vt 0.696833 0.909590
vt 0.696833 0.921672
vt 0.670349 0.896221
vt 0.696845 0.896255
vt 0.949136 0.140412
vt 0.949136 0.113915
vt 0.962419 0.113921
vt 0.962419 0.140418
vt 0.916477 0.416664
vt 0.916994 0.406904
vt 0.943434 0.406675
vt 0.942917 0.416435
vt 0.917266 0.394751
vt 0.943706 0.394522
vt 0.247243 0.603275
vt 0.247943 0.607830
vt 0.237096 0.611355
vt 0.235023 0.607246
vt 0.260090 0.603274
vt 0.259348 0.607830
vt 0.272309 0.607245
vt 0.270195 0.611354
vt 0.282704 0.614798
vt 0.279421 0.618059
vt 0.290255 0.625194
vt 0.286125 0.627288
vt 0.294226 0.637416
vt 0.289649 0.638137
vt 0.294226 0.650266
vt 0.289649 0.649544
vt 0.290255 0.662488
vt 0.286125 0.660393
vt 0.282704 0.672884
vt 0.279421 0.669621
vt 0.272309 0.680438
vt 0.270194 0.676327
vt 0.260090 0.684409
vt 0.259348 0.679852
vt 0.247242 0.684409
vt 0.247943 0.679852
vt 0.235023 0.680438
vt 0.237096 0.676327
vt 0.224629 0.672885
vt 0.227869 0.669622
vt 0.217077 0.662489
vt 0.221165 0.660394
vt 0.213107 0.650267
vt 0.217641 0.649545
vt 0.213107 0.637417
vt 0.217641 0.638138
vt 0.217078 0.625196
vt 0.221166 0.627289
vt 0.224629 0.614799
vt 0.227869 0.618060
vt 0.096023 0.966915
vt 0.092320 0.966862
vt 0.092184 0.953606
vt 0.095893 0.954275
vt 0.091788 0.941749
vt 0.095515 0.942968
vt 0.994357 0.023175
vt 0.998195 0.021553
vt 0.998177 0.031043
vt 0.994341 0.032225
vt 0.998168 0.043025
vt 0.994332 0.043652
vt 0.998168 0.056326
vt 0.994332 0.056336
vt 0.998177 0.069644
vt 0.994341 0.069036
vt 0.998195 0.081676
vt 0.994357 0.080509
vt 0.985761 0.737078
vt 0.989613 0.735579
vt 0.989684 0.745945
vt 0.985828 0.746964
vt 0.989722 0.758465
vt 0.985864 0.758902
vt 0.989722 0.771912
vt 0.985864 0.771726
vt 0.989684 0.784971
vt 0.985828 0.784179
vt 0.989613 0.796363
vt 0.985761 0.795042
vt 0.991834 0.149759
vt 0.987990 0.151361
vt 0.987965 0.141715
vt 0.991810 0.140561
vt 0.987949 0.129634
vt 0.991794 0.129040
vt 0.987943 0.116299
vt 0.991789 0.116324
vt 0.987949 0.103016
vt 0.991794 0.103657
vt 0.987965 0.091086
vt 0.991810 0.092280
vt 0.987990 0.081676
vt 0.991834 0.083306
vt 0.095515 0.991238
vt 0.091788 0.992368
vt 0.092184 0.980218
vt 0.095893 0.979652
vt 0.249460 0.617275
vt 0.241457 0.619875
vt 0.257873 0.617275
vt 0.265876 0.619875
vt 0.272683 0.624822
vt 0.277628 0.631630
vt 0.280228 0.639633
vt 0.280228 0.648049
vt 0.277628 0.656053
vt 0.272682 0.662861
vt 0.265875 0.667808
vt 0.257873 0.670408
vt 0.249459 0.670409
vt 0.241457 0.667808
vt 0.234650 0.662862
vt 0.229705 0.656053
vt 0.227105 0.648050
vt 0.227105 0.639634
vt 0.229705 0.631631
vt 0.234650 0.624822
vt 0.255057 0.917161
vt 0.228560 0.917191
vt 0.228570 0.907701
vt 0.255067 0.907671
vt 0.951414 0.728074
vt 0.924918 0.728059
vt 0.670349 0.931283
vt 0.696845 0.931317
vt 0.937206 0.140395
vt 0.156028 0.919981
vt 0.135772 0.914469
vt 0.156028 0.908853
vt 0.150475 0.899217
vt 0.140855 0.893656
vt 0.129748 0.893660
vt 0.120128 0.899228
vt 0.114575 0.908868
vt 0.114575 0.919996
vt 0.120128 0.929632
vt 0.129748 0.935193
vt 0.140855 0.935189
vt 0.150475 0.929621
vt 0.480138 0.873267
vt 0.486356 0.871242
vt 0.492541 0.886990
vt 0.483974 0.889781
vt 0.465540 0.899952
vt 0.465540 0.893402
vt 0.482255 0.892152
vt 0.482255 0.901177
vt 0.486356 0.922105
vt 0.480138 0.920082
vt 0.483974 0.903548
vt 0.492541 0.906336
vt 0.513820 0.909111
vt 0.509977 0.914412
vt 0.495323 0.905429
vt 0.500618 0.898127
vt 0.509977 0.878928
vt 0.513820 0.884227
vt 0.500618 0.895196
vt 0.495323 0.887896
vt 0.494975 0.891102
vt 0.490942 0.889790
vt 0.497467 0.898786
vt 0.497467 0.894538
vt 0.490942 0.903536
vt 0.494974 0.902223
vt 0.484418 0.898788
vt 0.486910 0.902224
vt 0.486910 0.891104
vt 0.484418 0.894540
vt 0.903311 0.972598
vt 0.905103 0.973207
vt 0.905032 0.976646
vt 0.903226 0.976669
vt 0.905103 0.980032
vt 0.903311 0.980676
vt 0.516874 0.980647
vt 0.515132 0.979783
vt 0.515137 0.976887
vt 0.516879 0.977221
vt 0.515137 0.973298
vt 0.516879 0.972973
vt 0.515132 0.970386
vt 0.516874 0.969526
vt 0.151182 0.990323
vt 0.149449 0.989780
vt 0.149439 0.986279
vt 0.151170 0.986179
vt 0.149449 0.982982
vt 0.151182 0.982278
vt 0.367770 0.974191
vt 0.369509 0.975045
vt 0.369514 0.977975
vt 0.367777 0.977658
vt 0.369514 0.981564
vt 0.367777 0.981906
vt 0.369509 0.984442
vt 0.367770 0.985312
vt 0.423370 0.251444
vt 0.426783 0.246758
vt 0.426783 0.252555
vt 0.430196 0.251452
vt 0.432305 0.248556
vt 0.432305 0.244973
vt 0.430196 0.242071
vt 0.426783 0.240960
vt 0.423370 0.242063
vt 0.421261 0.244959
vt 0.421261 0.248542
vt 0.964730 0.569083
vt 0.969466 0.569636
vt 0.969556 0.586551
vt 0.964730 0.586421
vt 0.101428 0.987646
vt 0.096863 0.986653
vt 0.096755 0.970212
vt 0.101428 0.970751
vt 0.423016 0.977125
vt 0.423016 0.992786
vt 0.418561 0.991401
vt 0.418445 0.976185
vt 0.233447 0.991985
vt 0.228634 0.991836
vt 0.228560 0.979603
vt 0.233447 0.979547
vt 0.004830 0.995699
vt 0.004830 0.979615
vt 0.009567 0.979833
vt 0.009656 0.995568
vt 0.207567 0.986248
vt 0.202844 0.986468
vt 0.202947 0.969513
vt 0.207567 0.968856
vt 0.788086 0.988419
vt 0.783355 0.988654
vt 0.783355 0.972415
vt 0.788176 0.972536
vt 0.430915 0.990435
vt 0.426086 0.990820
vt 0.426086 0.976880
vt 0.430981 0.976752
vt 0.330639 0.978481
vt 0.335296 0.977489
vt 0.335187 0.991605
vt 0.330639 0.993031
vt 0.216965 0.985783
vt 0.212290 0.986310
vt 0.212397 0.969836
vt 0.216965 0.968856
vt 0.768303 0.460149
vt 0.768303 0.464854
vt 0.765950 0.465091
vt 0.766638 0.460317
vt 0.545254 0.252146
vt 0.545972 0.247385
vt 0.547960 0.247385
vt 0.548063 0.252146
vt 0.538792 0.247385
vt 0.541723 0.247385
vt 0.541312 0.252059
vt 0.539238 0.252059
vt 0.744776 0.459593
vt 0.744776 0.454927
vt 0.746679 0.454998
vt 0.747466 0.459695
vt 0.754888 0.454927
vt 0.757255 0.455159
vt 0.757255 0.459863
vt 0.755581 0.459698
vt 0.253281 0.868902
vt 0.252024 0.869565
vt 0.247358 0.863129
vt 0.248344 0.862092
vt 0.240935 0.858451
vt 0.241548 0.857143
vt 0.233385 0.855990
vt 0.233560 0.854539
vt 0.225447 0.855986
vt 0.225160 0.854535
vt 0.217896 0.858441
vt 0.217172 0.857132
vt 0.211474 0.863113
vt 0.210377 0.862075
vt 0.206808 0.869546
vt 0.205439 0.868881
vt 0.204355 0.877109
vt 0.202844 0.876884
vt 0.204355 0.885063
vt 0.202844 0.885299
vt 0.206808 0.892628
vt 0.205439 0.893304
vt 0.211474 0.899065
vt 0.210377 0.900114
vt 0.217896 0.903742
vt 0.217172 0.905064
vt 0.225447 0.906204
vt 0.225160 0.907668
vt 0.233385 0.906207
vt 0.233560 0.907671
vt 0.240935 0.903753
vt 0.241548 0.905074
vt 0.247358 0.899080
vt 0.248344 0.900131
vt 0.252024 0.892648
vt 0.253281 0.893325
vt 0.254477 0.885085
vt 0.255876 0.885322
vt 0.254477 0.877131
vt 0.255876 0.876907
vt 0.980574 0.560451
vt 0.970098 0.560742
vt 0.970118 0.554011
vt 0.980596 0.552743
vt 0.970154 0.548139
vt 0.980638 0.546019
vt 0.977129 0.180302
vt 0.987627 0.182889
vt 0.987638 0.187861
vt 0.977141 0.185996
vt 0.987643 0.194088
vt 0.977148 0.193126
vt 0.987643 0.200961
vt 0.977148 0.200997
vt 0.987638 0.207808
vt 0.977141 0.208837
vt 0.987627 0.213957
vt 0.977129 0.215879
vt 0.659564 0.509087
vt 0.670168 0.511664
vt 0.669850 0.516691
vt 0.659199 0.514844
vt 0.669646 0.522954
vt 0.658966 0.522016
vt 0.669576 0.529838
vt 0.658885 0.529899
vt 0.669646 0.536671
vt 0.658966 0.537723
vt 0.669850 0.542782
vt 0.659199 0.544721
vt 0.670168 0.547575
vt 0.659564 0.550209
vt 0.619771 0.976057
vt 0.609260 0.974160
vt 0.609263 0.967984
vt 0.619774 0.968984
vt 0.609260 0.961128
vt 0.619771 0.961133
vt 0.334041 0.919958
vt 0.323530 0.919937
vt 0.323532 0.913073
vt 0.334044 0.912097
vt 0.323530 0.906871
vt 0.334041 0.904995
vt 0.980638 0.581896
vt 0.970154 0.579469
vt 0.970118 0.574126
vt 0.980596 0.575778
vt 0.970098 0.567673
vt 0.980574 0.568388
vt 0.153345 0.891055
vt 0.152658 0.889739
vt 0.159091 0.885064
vt 0.160152 0.886108
vt 0.163765 0.878629
vt 0.165098 0.879300
vt 0.166223 0.871065
vt 0.167698 0.871296
vt 0.166223 0.863111
vt 0.167698 0.862881
vt 0.163765 0.855546
vt 0.165098 0.854877
vt 0.159091 0.849112
vt 0.160152 0.848069
vt 0.152658 0.844437
vt 0.153345 0.843122
vt 0.145094 0.841979
vt 0.145343 0.840522
vt 0.137142 0.841979
vt 0.136929 0.840522
vt 0.129579 0.844437
vt 0.128927 0.843123
vt 0.123146 0.849112
vt 0.122120 0.848069
vt 0.118471 0.855547
vt 0.117175 0.854878
vt 0.116014 0.863112
vt 0.114575 0.862882
vt 0.116014 0.871066
vt 0.114575 0.871297
vt 0.118471 0.878630
vt 0.117175 0.879301
vt 0.123146 0.885065
vt 0.122120 0.886109
vt 0.129579 0.889740
vt 0.128927 0.891056
vt 0.137142 0.892198
vt 0.136929 0.893656
vt 0.145094 0.892197
vt 0.145343 0.893656
vt 0.645145 0.939595
vt 0.619774 0.939737
vt 0.619774 0.932853
vt 0.645145 0.931711
vt 0.619914 0.926588
vt 0.645305 0.924538
vt 0.620181 0.921558
vt 0.645611 0.918777
vt 0.957117 0.652074
vt 0.931478 0.650139
vt 0.931489 0.643989
vt 0.957129 0.645033
vt 0.931494 0.637143
vt 0.957136 0.637193
vt 0.931494 0.630270
vt 0.957136 0.629322
vt 0.931489 0.624043
vt 0.957129 0.622191
vt 0.931478 0.619071
vt 0.957117 0.616498
vt 0.297877 0.904995
vt 0.323530 0.907136
vt 0.323493 0.913008
vt 0.297835 0.911719
vt 0.323474 0.919739
vt 0.297813 0.919427
vt 0.323474 0.926670
vt 0.297813 0.927364
vt 0.323493 0.933123
vt 0.297835 0.934754
vt 0.323530 0.938466
vt 0.297877 0.940872
vt 0.344405 0.983842
vt 0.346301 0.958216
vt 0.352503 0.958212
vt 0.351507 0.983838
vt 0.359368 0.958213
vt 0.359368 0.983839
vt 0.725211 0.238436
vt 0.725211 0.212810
vt 0.732067 0.212816
vt 0.733062 0.238442
vt 0.738243 0.212826
vt 0.740134 0.238454
vt 0.743135 0.212839
vt 0.745736 0.238469
vt 0.645611 0.954413
vt 0.620181 0.952678
vt 0.619914 0.946568
vt 0.645305 0.947417
vt 0.535017 0.726443
vt 0.542556 0.736842
vt 0.538519 0.738927
vt 0.531827 0.729696
vt 0.524641 0.718885
vt 0.522616 0.722987
vt 0.512442 0.714909
vt 0.511788 0.719457
vt 0.499616 0.714903
vt 0.500403 0.719452
vt 0.487418 0.718869
vt 0.489574 0.722972
vt 0.477042 0.726418
vt 0.480363 0.729673
vt 0.469503 0.736810
vt 0.473671 0.738899
vt 0.465540 0.749030
vt 0.470153 0.749746
vt 0.465540 0.761880
vt 0.470153 0.761153
vt 0.469503 0.774103
vt 0.473671 0.772003
vt 0.477042 0.784502
vt 0.480363 0.781234
vt 0.487418 0.792060
vt 0.489574 0.787943
vt 0.499616 0.796036
vt 0.500403 0.791473
vt 0.512442 0.796041
vt 0.511788 0.791478
vt 0.524640 0.792076
vt 0.522616 0.787958
vt 0.535017 0.784527
vt 0.531827 0.781257
vt 0.542556 0.774135
vt 0.538519 0.772031
vt 0.546519 0.761915
vt 0.542038 0.761184
vt 0.546519 0.749065
vt 0.542038 0.749777
vt 0.981148 0.344949
vt 0.981017 0.332308
vt 0.984973 0.331651
vt 0.985109 0.344907
vt 0.980640 0.321001
vt 0.984577 0.319794
vt 0.980051 0.312135
vt 0.983959 0.310497
vt 0.999120 0.231413
vt 0.999107 0.242839
vt 0.995263 0.242214
vt 0.995276 0.230232
vt 0.999103 0.255523
vt 0.995258 0.255515
vt 0.999107 0.268223
vt 0.995263 0.268833
vt 0.999120 0.279697
vt 0.995276 0.280865
vt 0.995661 0.083179
vt 0.995729 0.093065
vt 0.991905 0.092042
vt 0.991834 0.081676
vt 0.995764 0.105003
vt 0.991942 0.104562
vt 0.995764 0.117827
vt 0.991942 0.118009
vt 0.995729 0.130280
vt 0.991905 0.131068
vt 0.995661 0.141143
vt 0.991834 0.142460
vt 0.988719 0.647800
vt 0.988699 0.638602
vt 0.992534 0.639758
vt 0.992556 0.649403
vt 0.988688 0.627081
vt 0.992523 0.627676
vt 0.988688 0.614365
vt 0.992523 0.614341
vt 0.988699 0.601698
vt 0.992534 0.601059
vt 0.988719 0.590321
vt 0.992556 0.589128
vt 0.980051 0.378573
vt 0.980640 0.369271
vt 0.984577 0.370413
vt 0.983959 0.380167
vt 0.981017 0.357685
vt 0.984973 0.358263
vt 0.525013 0.736462
vt 0.529950 0.743272
vt 0.518218 0.731512
vt 0.510229 0.728908
vt 0.501830 0.728904
vt 0.493841 0.731501
vt 0.487046 0.736445
vt 0.482109 0.743251
vt 0.479513 0.751253
vt 0.479513 0.759668
vt 0.482109 0.767673
vt 0.487046 0.774483
vt 0.493841 0.779433
vt 0.501830 0.782037
vt 0.510229 0.782041
vt 0.518218 0.779444
vt 0.525013 0.774500
vt 0.529950 0.767694
vt 0.532546 0.759692
vt 0.532546 0.751276
vt 0.917328 0.156807
vt 0.943769 0.156578
vt 0.944041 0.169831
vt 0.917600 0.170060
vt 0.916811 0.144955
vt 0.943251 0.144726
vt 0.026507 0.954570
vt 0.000010 0.954600
vt 0.000000 0.941299
vt 0.026497 0.941269
vt 0.504694 0.922118
vt 0.504694 0.948615
vt 0.491376 0.948620
vt 0.491376 0.922123
vt 0.516725 0.922105
vt 0.516725 0.948602
vt 0.951605 0.566080
vt 0.925109 0.566065
vt 0.925038 0.555698
vt 0.951534 0.555714
vt 0.951642 0.592047
vt 0.925146 0.592032
vt 0.925146 0.578584
vt 0.951642 0.578600
vt 0.951605 0.605106
vt 0.925109 0.605090
vt 0.696845 0.921637
vt 0.696845 0.909556
vt 0.723342 0.909590
vt 0.723342 0.921672
vt 0.696857 0.896221
vt 0.723354 0.896255
vt 0.528895 0.959188
vt 0.528895 0.932691
vt 0.542177 0.932697
vt 0.542177 0.959194
vt 0.916811 0.205330
vt 0.917328 0.195571
vt 0.943769 0.195342
vt 0.943251 0.205101
vt 0.917600 0.183417
vt 0.944041 0.183188
vt 0.604224 0.668034
vt 0.604924 0.672589
vt 0.594077 0.676114
vt 0.592004 0.672005
vt 0.617071 0.668034
vt 0.616329 0.672589
vt 0.629290 0.672005
vt 0.627175 0.676114
vt 0.639684 0.679558
vt 0.636402 0.682819
vt 0.647236 0.689954
vt 0.643106 0.692047
vt 0.651206 0.702176
vt 0.646630 0.702896
vt 0.651206 0.715026
vt 0.646630 0.714303
vt 0.647236 0.727247
vt 0.643105 0.725152
vt 0.639684 0.737644
vt 0.636401 0.734381
vt 0.629289 0.745197
vt 0.627174 0.741086
vt 0.617070 0.749168
vt 0.616327 0.744611
vt 0.604222 0.749168
vt 0.604923 0.744611
vt 0.592003 0.745197
vt 0.594076 0.741086
vt 0.581609 0.737644
vt 0.584849 0.734381
vt 0.574058 0.727247
vt 0.578146 0.725152
vt 0.570088 0.715026
vt 0.574621 0.714303
vt 0.570088 0.702175
vt 0.574622 0.702896
vt 0.574058 0.689954
vt 0.578146 0.692047
vt 0.581610 0.679558
vt 0.584850 0.682819
vt 0.993957 0.760745
vt 0.990254 0.760692
vt 0.990118 0.747436
vt 0.993827 0.748105
vt 0.989722 0.735579
vt 0.993449 0.736798
vt 0.989037 0.655683
vt 0.992875 0.654060
vt 0.992857 0.663550
vt 0.989021 0.664732
vt 0.992848 0.675532
vt 0.989012 0.676159
vt 0.992848 0.688833
vt 0.989012 0.688843
vt 0.992857 0.702151
vt 0.989021 0.701543
vt 0.992875 0.714183
vt 0.989037 0.713016
vt 0.092163 0.840541
vt 0.096016 0.839042
vt 0.096087 0.849408
vt 0.092231 0.850427
vt 0.096124 0.861928
vt 0.092266 0.862365
vt 0.096124 0.875375
vt 0.092266 0.875189
vt 0.096087 0.888434
vt 0.092231 0.887642
vt 0.096016 0.899826
vt 0.092163 0.898505
vt 0.985761 0.803662
vt 0.981917 0.805264
vt 0.981892 0.795619
vt 0.985737 0.794464
vt 0.981876 0.783537
vt 0.985721 0.782943
vt 0.981870 0.770203
vt 0.985716 0.770227
vt 0.981876 0.756920
vt 0.985721 0.757561
vt 0.981892 0.744990
vt 0.985737 0.746184
vt 0.981917 0.735579
vt 0.985761 0.737210
vt 0.993449 0.785068
vt 0.989722 0.786198
vt 0.990118 0.774048
vt 0.993827 0.773482
vt 0.606440 0.682034
vt 0.598438 0.684634
vt 0.614854 0.682034
vt 0.622856 0.684634
vt 0.629663 0.689581
vt 0.634609 0.696389
vt 0.637209 0.704393
vt 0.637208 0.712809
vt 0.634608 0.720812
vt 0.629663 0.727621
vt 0.622855 0.732567
vt 0.614853 0.735168
vt 0.606439 0.735168
vt 0.598437 0.732567
vt 0.591630 0.727621
vt 0.586685 0.720812
vt 0.584085 0.712809
vt 0.584085 0.704393
vt 0.586685 0.696389
vt 0.591631 0.689581
vt 0.026497 0.929287
vt 0.000000 0.929317
vt 0.000010 0.919827
vt 0.026507 0.919797
vt 0.951534 0.616498
vt 0.925038 0.616482
vt 0.696858 0.931283
vt 0.723354 0.931317
vt 0.516964 0.959172
vt 0.516964 0.932675
vt 0.558418 0.917473
vt 0.538164 0.911954
vt 0.558422 0.906344
vt 0.552872 0.896706
vt 0.543255 0.891142
vt 0.532147 0.891142
vt 0.522526 0.896706
vt 0.516968 0.906344
vt 0.516964 0.917473
vt 0.522514 0.927111
vt 0.532132 0.932675
vt 0.543239 0.932675
vt 0.552861 0.927111
vt 0.883115 0.645130
vt 0.883115 0.638590
vt 0.900005 0.637587
vt 0.900005 0.646596
vt 0.903967 0.667275
vt 0.897739 0.665246
vt 0.901727 0.648966
vt 0.910308 0.651761
vt 0.931478 0.654342
vt 0.927628 0.659628
vt 0.913095 0.650860
vt 0.918399 0.643578
vt 0.927628 0.624204
vt 0.931478 0.629500
vt 0.918399 0.640652
vt 0.913095 0.633356
vt 0.897739 0.618511
vt 0.903967 0.616498
vt 0.910308 0.632448
vt 0.901727 0.635222
vt 0.904668 0.636546
vt 0.902172 0.639974
vt 0.912746 0.636557
vt 0.908707 0.635241
vt 0.915242 0.644231
vt 0.915242 0.639990
vt 0.908707 0.648964
vt 0.912746 0.647659
vt 0.902172 0.644214
vt 0.904668 0.647648
vt 0.014567 0.979615
vt 0.016359 0.980223
vt 0.016287 0.983663
vt 0.014482 0.983685
vt 0.016359 0.987049
vt 0.014567 0.987693
vt 0.763924 0.980994
vt 0.762182 0.980130
vt 0.762187 0.977235
vt 0.763929 0.977568
vt 0.762187 0.973645
vt 0.763929 0.973320
vt 0.762182 0.970733
vt 0.763924 0.969874
vt 0.584763 0.986241
vt 0.583030 0.985699
vt 0.583020 0.982197
vt 0.584751 0.982098
vt 0.583030 0.978900
vt 0.584763 0.978196
vt 0.489396 0.973719
vt 0.491134 0.974573
vt 0.491140 0.977503
vt 0.489402 0.977186
vt 0.491140 0.981092
vt 0.489402 0.981434
vt 0.491134 0.983969
vt 0.489396 0.984839
vt 0.434415 0.251444
vt 0.437828 0.246758
vt 0.437828 0.252555
vt 0.441241 0.251452
vt 0.443350 0.248556
vt 0.443350 0.244973
vt 0.441241 0.242071
vt 0.437828 0.240960
vt 0.434415 0.242063
vt 0.432305 0.244959
vt 0.432305 0.248542
vt 0.976062 0.424535
vt 0.980797 0.425087
vt 0.980887 0.442003
vt 0.976062 0.441873
vt 0.842080 0.980932
vt 0.837515 0.979939
vt 0.837407 0.963498
vt 0.842080 0.964038
vt 0.914337 0.972813
vt 0.914337 0.988473
vt 0.909881 0.987088
vt 0.909766 0.971872
vt 0.849246 0.986375
vt 0.844433 0.986226
vt 0.844359 0.973993
vt 0.849246 0.973937
vt 0.009656 0.995699
vt 0.009656 0.979615
vt 0.014392 0.979833
vt 0.014482 0.995568
vt 0.212290 0.986248
vt 0.207567 0.986468
vt 0.207670 0.969513
vt 0.212290 0.968856
vt 0.783265 0.988419
vt 0.778534 0.988654
vt 0.778534 0.972415
vt 0.783355 0.972536
vt 0.340125 0.991172
vt 0.335296 0.991557
vt 0.335296 0.977617
vt 0.340191 0.977489
vt 0.882180 0.973467
vt 0.886837 0.972475
vt 0.886728 0.986591
vt 0.882180 0.988017
vt 0.221640 0.985783
vt 0.216965 0.986310
vt 0.217072 0.969836
vt 0.221640 0.968856
vt 0.770655 0.460149
vt 0.770655 0.464854
vt 0.768303 0.465091
vt 0.768991 0.460317
vt 0.060405 0.687422
vt 0.061123 0.682661
vt 0.063110 0.682661
vt 0.063214 0.687422
vt 0.535862 0.247385
vt 0.538381 0.252059
vt 0.536308 0.252059
vt 0.747466 0.459593
vt 0.747466 0.454927
vt 0.749370 0.454998
vt 0.750157 0.459695
vt 0.757255 0.454927
vt 0.759622 0.455160
vt 0.759622 0.459863
vt 0.757947 0.459698
s 1
usemtl color
f 1/1/1 2/2/2 3/3/3
f 3/3/3 4/4/4 1/1/1
f 5/5/5 6/6/6 7/7/7
f 7/7/7 8/8/8 5/5/5
f 9/9/9 10/10/10 5/5/5
f 5/5/5 8/8/8 9/9/9
f 11/11/11 12/12/12 3/3/3
f 3/3/3 2/2/2 11/11/11
f 13/13/13 14/14/14 15/15/15
f 16/16/16 17/17/17 18/18/18
f 18/18/18 19/19/19 16/16/16
f 20/20/20 19/19/19 18/18/18
f 18/18/18 21/21/21 20/20/20
f 22/22/22 23/23/23 24/24/24
f 24/24/24 25/25/25 22/22/22
f 26/26/26 27/27/27 28/28/28
f 28/28/28 29/29/29 26/26/26
f 30/30/30 31/31/31 32/32/32
f 32/32/32 33/33/33 30/30/30
f 34/34/34 25/25/25 24/24/24
f 35/35/35 36/36/36 37/37/37
f 37/37/37 38/38/38 35/35/35
f 22/22/22 39/39/39 23/23/23
f 40/40/40 41/41/41 42/42/42
f 43/43/43 44/44/44 45/45/45
f 46/46/46 47/47/47 48/48/48
f 49/49/49 50/50/50 4/51/4
f 4/51/4 3/52/3 49/49/49
f 49/49/49 3/52/3 12/53/12
f 12/53/12 51/54/51 49/49/49
f 51/54/51 52/55/52 53/56/53
f 53/56/53 49/49/49 51/54/51
f 54/57/54 51/54/51 12/53/12
f 12/53/12 55/58/55 54/57/54
f 56/59/56 57/60/57 54/57/54
f 54/57/54 55/58/55 56/59/56
f 58/61/58 59/62/59 60/63/60
f 60/63/60 61/64/61 58/61/58
f 62/65/62 63/66/63 64/67/64
f 64/67/64 65/68/65 62/65/62
f 66/69/66 67/70/67 68/71/68
f 68/71/68 69/72/69 66/69/66
f 70/73/70 71/74/71 72/75/72
f 72/75/72 29/76/29 70/73/70
f 73/77/73 74/78/74 75/79/75
f 75/79/75 36/80/36 73/77/73
f 74/78/74 73/77/73 76/81/76
f 76/81/76 77/82/77 74/78/74
f 35/83/35 78/84/78 73/77/73
f 73/77/73 36/80/36 35/83/35
f 76/81/76 73/77/73 78/84/78
f 78/84/78 79/85/79 76/81/76
f 80/86/80 81/87/81 82/88/82
f 82/88/82 83/89/83 80/86/80
f 84/90/84 85/91/85 86/92/86
f 86/92/86 87/93/87 84/90/84
f 67/70/67 66/69/66 88/94/88
f 89/95/89 26/96/26 90/97/90
f 90/97/90 91/98/91 89/95/89
f 26/96/26 29/76/29 72/75/72
f 72/75/72 92/99/92 26/96/26
f 74/78/74 93/100/93 41/101/41
f 41/101/41 75/79/75 74/78/74
f 93/100/93 74/78/74 77/82/77
f 77/82/77 94/102/94 93/100/93
f 75/103/75 95/104/95 96/105/96
f 89/106/89 97/107/97 27/27/27
f 27/27/27 26/26/26 89/106/89
f 38/38/38 33/33/33 98/108/98
f 98/108/98 35/35/35 38/38/38
f 93/100/93 99/109/99 42/110/42
f 42/110/42 41/101/41 93/100/93
f 100/111/100 99/109/99 93/100/93
f 93/100/93 94/102/94 100/111/100
f 101/112/101 102/113/102 70/114/70
f 70/114/70 103/115/103 101/112/101
f 104/116/104 25/25/25 34/34/34
f 105/117/105 106/118/106 107/119/107
f 107/119/107 108/120/108 105/117/105
f 29/29/29 28/28/28 103/115/103
f 103/115/103 70/114/70 29/29/29
f 98/121/98 109/122/109 78/84/78
f 78/84/78 35/83/35 98/121/98
f 110/123/110 97/124/97 89/125/89
f 89/125/89 91/126/91 110/123/110
f 91/126/91 111/127/111 112/128/112
f 112/128/112 110/123/110 91/126/91
f 109/122/109 113/129/113 79/85/79
f 79/85/79 78/84/78 109/122/109
f 114/130/114 115/131/115 116/132/116
f 116/132/116 117/133/117 114/130/114
f 118/134/118 119/135/119 120/136/120
f 120/136/120 121/137/121 118/134/118
f 122/138/122 120/136/120 119/135/119
f 119/135/119 123/139/123 122/138/122
f 53/56/53 124/140/124 50/50/50
f 50/50/50 49/49/49 53/56/53
f 60/63/60 59/62/59 125/141/125
f 125/141/125 126/142/126 60/63/60
f 121/137/121 127/143/127 128/144/128
f 128/144/128 118/134/118 121/137/121
f 129/145/129 52/55/52 51/54/51
f 51/54/51 54/57/54 129/145/129
f 130/146/130 77/82/77 76/81/76
f 76/81/76 131/147/130 130/146/130
f 131/147/130 76/81/76 79/85/79
f 79/85/79 132/148/130 131/147/130
f 133/149/131 134/150/132 86/92/86
f 86/92/86 85/91/85 133/149/131
f 135/151/133 111/152/111 91/98/91
f 91/98/91 90/97/90 135/151/133
f 94/102/94 77/82/77 130/146/130
f 130/146/130 136/153/134 94/102/94
f 137/154/135 100/111/100 94/102/94
f 94/102/94 136/153/134 137/154/135
f 138/155/136 106/118/106 105/117/105
f 83/156/83 139/157/106 140/158/137
f 140/158/137 80/159/80 83/156/83
f 141/160/138 142/161/139 143/162/140
f 143/162/140 144/163/141 141/160/138
f 141/160/138 144/163/141 145/164/142
f 145/164/142 146/165/143 141/160/138
f 145/164/142 108/120/108 107/119/107
f 107/119/107 146/165/143 145/164/142
s 0
f 147/166/144 148/167/144 149/168/144
f 149/168/144 150/169/144 147/166/144
f 149/168/144 148/167/144 151/170/144
f 151/170/144 152/171/144 149/168/144
f 152/171/144 151/170/144 153/172/144
f 153/172/144 154/173/144 152/171/144
f 154/173/144 153/172/144 155/174/144
f 155/174/144 156/175/144 154/173/144
f 155/174/144 157/176/144 158/177/144
f 158/177/144 156/175/144 155/174/144
f 150/169/144 159/178/144 160/179/144
f 160/179/144 147/166/144 150/169/144
f 161/180/144 160/179/144 159/178/144
f 159/178/144 162/181/144 161/180/144
f 161/180/144 162/181/144 163/182/144
f 163/182/144 164/183/144 161/180/144
f 165/184/144 166/185/144 158/177/144
f 158/177/144 157/176/144 165/184/144
f 167/186/144 166/185/144 165/184/144
f 165/184/144 168/187/144 167/186/144
f 169/188/144 170/189/144 167/186/144
f 167/186/144 168/187/144 169/188/144
f 169/188/144 171/190/144 172/191/144
f 172/191/144 170/189/144 169/188/144
f 173/192/144 172/191/144 171/190/144
f 171/190/144 174/193/144 173/192/144
f 173/192/144 174/193/144 175/194/144
f 175/194/144 176/195/144 173/192/144
f 176/195/144 175/194/144 177/196/144
f 177/196/144 178/197/144 176/195/144
f 179/198/144 180/199/144 178/197/144
f 178/197/144 177/196/144 179/198/144
s 1
f 181/200/145 182/201/146 183/202/147
f 183/202/147 184/203/148 181/200/145
f 181/200/145 185/204/149 186/205/150
f 186/205/150 182/201/146 181/200/145
f 187/206/151 188/207/152 189/208/153
f 189/208/153 190/209/154 187/206/151
f 187/206/151 184/203/148 183/202/147
f 183/202/147 188/207/152 187/206/151
f 189/210/153 191/211/155 192/212/155
f 192/212/155 190/213/154 189/210/153
f 193/214/156 194/215/156 186/205/150
f 186/205/150 185/204/149 193/214/156
f 193/214/156 195/216/157 196/217/158
f 196/217/158 194/215/156 193/214/156
f 197/218/159 196/219/158 195/220/157
f 195/220/157 198/221/160 197/218/159
f 199/222/161 200/223/162 201/224/163
f 202/225/164 203/226/165 204/227/166
f 204/227/166 205/228/167 202/225/164
f 206/229/168 207/230/169 208/231/170
f 208/231/170 209/232/170 206/229/168
f 210/233/171 211/234/172 212/235/173
f 212/235/173 213/236/174 210/233/171
f 210/233/171 207/237/169 206/238/168
f 206/238/168 211/234/172 210/233/171
f 213/236/174 212/235/173 214/239/175
f 214/239/175 215/240/176 213/236/174
f 215/240/176 214/239/175 216/241/177
f 216/241/177 217/242/178 215/240/176
f 218/243/179 217/244/178 216/245/177
f 216/245/177 219/246/179 218/243/179
f 13/13/13 220/247/180 221/248/181
f 10/10/10 9/9/9 15/15/15
f 15/15/15 14/14/14 10/10/10
s 0
f 222/249/182 223/250/182 224/251/182
s 1
f 225/252/183 226/253/184 227/254/185
f 227/254/185 228/255/186 225/252/183
f 229/256/187 230/257/188 221/248/181
f 55/258/55 231/259/189 232/260/190
f 232/260/190 56/261/56 55/258/55
s 0
f 233/262/182 222/249/182 224/251/182
s 1
f 12/12/12 11/11/11 231/259/189
f 231/259/189 55/258/55 12/12/12
f 234/263/191 226/253/184 225/252/183
f 235/264/192 236/265/193 237/266/194
f 237/266/194 238/267/195 235/264/192
f 235/264/192 68/71/68 239/268/196
f 236/265/193 240/269/197 241/270/197
f 241/270/197 237/266/194 236/265/193
f 107/119/107 106/118/106 242/271/198
f 243/272/199 244/273/198 139/157/106
f 139/157/106 83/156/83 243/272/199
f 245/274/200 246/275/201 87/93/87
f 87/93/87 86/92/86 245/274/200
f 247/276/202 243/277/199 83/89/83
f 83/89/83 82/88/82 247/276/202
f 248/278/203 249/279/204 141/160/138
f 141/160/138 146/165/143 248/278/203
f 248/278/203 146/165/143 107/119/107
f 107/119/107 242/271/198 248/278/203
f 142/161/139 141/160/138 249/279/204
f 18/18/18 17/17/17 250/280/205
f 250/280/205 251/281/206 18/18/18
f 252/282/207 253/283/208 254/284/209
f 229/256/187 253/283/208 252/282/207
f 252/282/207 230/257/188 229/256/187
f 37/37/37 36/36/36 255/285/210
f 256/286/211 257/287/212 258/288/212
f 258/288/212 259/289/213 256/286/211
f 21/21/21 260/290/214 261/291/215
f 261/291/215 20/20/20 21/21/21
f 41/41/41 40/40/40 262/292/216
f 25/25/25 263/293/217 264/294/218
f 264/294/218 22/22/22 25/25/25
f 263/293/217 25/25/25 265/295/219
f 266/296/220 267/297/221 268/298/222
f 268/298/222 269/299/223 266/296/220
f 270/300/224 271/301/225 39/39/39
f 272/302/226 273/303/222 274/304/227
f 274/304/227 275/305/228 272/302/226
f 276/306/229 277/307/230 278/308/231
f 278/308/231 279/309/232 276/306/229
f 280/310/233 261/291/215 260/290/214
f 260/290/214 281/311/234 280/310/233
f 282/312/235 283/313/236 259/289/213
f 259/289/213 284/314/237 282/312/235
f 39/39/39 271/301/225 268/298/222
f 268/298/222 267/297/221 39/39/39
f 259/289/213 274/304/227 273/303/222
f 273/303/222 285/315/238 259/289/213
f 266/296/220 269/299/223 286/316/239
f 286/316/239 255/285/210 266/296/220
s 0
f 272/302/240 275/305/241 287/317/240
f 287/317/240 288/318/240 272/302/240
s 1
f 38/38/38 289/319/242 290/320/243
f 290/320/243 33/33/33 38/38/38
f 290/320/243 30/30/30 33/33/33
f 291/321/244 289/319/242 38/38/38
f 38/38/38 37/37/37 291/321/244
f 292/322/245 104/116/104 32/32/32
f 32/32/32 31/31/31 292/322/245
f 292/322/245 265/295/219 25/25/25
f 25/25/25 104/116/104 292/322/245
f 270/300/224 39/39/39 22/22/22
f 22/22/22 264/294/218 270/300/224
f 285/315/238 284/314/237 259/289/213
f 37/37/37 255/285/210 286/316/239
f 286/316/239 291/321/244 37/37/37
f 293/323/246 294/324/247 295/325/248
f 295/325/248 296/326/249 293/323/246
f 288/318/240 287/317/240 294/324/247
f 294/324/247 293/323/246 288/318/240
f 96/105/96 255/285/210 36/36/36
f 36/36/36 75/103/75 96/105/96
f 281/311/234 260/290/214 283/313/236
f 283/313/236 282/312/235 281/311/234
f 297/327/250 261/291/215 280/310/233
f 280/310/233 298/328/251 297/327/250
f 261/291/215 297/327/250 20/20/20
f 299/329/252 300/330/253 297/327/250
f 297/327/250 298/328/251 299/329/252
f 301/331/254 300/330/253 299/329/252
f 299/329/252 302/332/255 301/331/254
f 254/284/209 228/255/186 227/254/185
f 227/254/185 252/282/207 254/284/209
f 278/308/231 301/331/254 302/332/255
f 302/332/255 303/333/256 278/308/231
f 277/307/230 276/306/229 296/326/249
f 296/326/249 295/325/248 277/307/230
f 262/292/216 95/104/95 75/103/75
f 75/103/75 41/41/41 262/292/216
f 303/333/256 279/309/232 278/308/231
f 304/334/257 305/335/258 306/336/259
f 306/336/259 307/337/260 304/334/257
f 308/338/261 309/339/262 305/340/263
f 305/340/263 310/341/264 308/338/261
f 311/342/265 308/343/261 310/344/264
f 310/344/264 312/345/266 311/342/265
f 313/346/267 311/342/265 312/345/266
f 312/345/266 314/347/268 313/346/267
f 315/348/269 313/346/267 314/347/268
f 314/347/268 316/349/270 315/348/269
f 317/350/271 315/348/269 316/349/270
f 316/349/270 318/351/272 317/350/271
f 319/352/273 317/353/271 318/354/272
f 318/354/272 320/355/274 319/352/273
f 321/356/275 319/352/273 320/355/274
f 320/355/274 322/357/276 321/356/275
f 322/357/276 323/358/277 324/359/278
f 324/359/278 321/356/275 322/357/276
f 325/360/279 324/361/278 323/362/277
f 323/362/277 326/363/280 325/360/279
f 327/364/281 325/360/279 326/363/280
f 326/363/280 328/365/282 327/364/281
f 329/366/283 327/364/281 328/365/282
f 328/365/282 330/367/284 329/366/283
f 330/367/284 331/368/285 332/369/286
f 332/369/286 329/366/283 330/367/284
f 307/337/260 332/370/286 331/371/285
f 331/371/285 304/334/257 307/337/260
f 333/372/287 334/373/288 335/374/289
f 335/374/289 336/375/290 333/372/287
f 337/376/291 333/377/287 336/378/290
f 336/378/290 338/379/292 337/376/291
f 339/380/293 337/376/291 338/379/292
f 338/379/292 340/381/294 339/380/293
f 341/382/295 339/380/293 340/381/294
f 340/381/294 342/383/296 341/382/295
f 343/384/297 341/382/295 342/383/296
f 342/383/296 344/385/298 343/384/297
f 345/386/299 346/387/299 343/388/297
f 343/388/297 344/389/298 345/386/299
f 347/390/300 346/387/299 345/386/299
f 345/386/299 348/391/300 347/390/300
f 349/392/301 347/390/300 348/391/300
f 348/391/300 350/393/302 349/392/301
f 351/394/303 349/392/301 350/393/302
f 350/393/302 352/395/304 351/394/303
f 353/396/305 351/397/303 352/398/304
f 352/398/304 354/399/306 353/396/305
f 355/400/307 353/396/305 354/399/306
f 354/399/306 356/401/307 355/400/307
f 357/402/308 355/400/307 356/401/307
f 356/401/307 358/403/309 357/402/308
f 359/404/310 357/402/308 358/403/309
f 358/403/309 360/405/311 359/404/310
f 361/406/312 359/407/310 360/408/311
f 360/408/311 362/409/313 361/406/312
f 363/410/314 361/406/312 362/409/313
f 362/409/313 364/411/314 363/410/314
f 334/373/288 363/410/314 364/411/314
f 364/411/314 335/374/289 334/373/288
f 365/412/315 143/162/140 142/161/139
f 142/161/139 366/413/316 365/412/315
f 199/222/161 201/224/163 204/227/166
f 204/227/166 203/226/165 199/222/161
f 221/248/181 220/247/180 367/414/317
f 205/228/167 368/415/318 202/225/164
f 369/416/319 370/417/319 371/418/320
f 371/418/320 372/419/320 369/416/319
f 373/420/321 374/421/321 375/422/322
f 375/422/322 376/423/323 373/420/321
f 377/424/324 378/425/325 370/417/319
f 370/417/319 369/416/319 377/424/324
f 379/426/326 380/427/326 381/428/327
f 381/428/327 382/429/328 379/426/326
f 383/430/329 384/431/330 385/432/331
f 385/433/331 386/434/332 383/435/329
f 387/436/333 388/437/334 389/438/335
f 389/438/335 390/439/336 387/436/333
f 391/440/337 392/441/338 393/442/339
f 393/442/339 394/443/340 391/440/337
f 395/444/341 396/445/341 393/442/339
f 393/442/339 392/441/338 395/444/341
f 397/446/342 398/447/343 399/448/344
f 399/448/344 400/449/344 397/446/342
f 401/450/345 402/451/346 403/452/347
f 403/452/347 404/453/348 401/450/345
f 405/454/349 406/455/350 407/456/351
f 407/456/351 408/457/352 405/454/349
f 409/458/353 410/459/354 411/460/354
f 411/460/354 412/461/355 409/458/353
f 413/462/356 414/463/356 415/464/357
f 415/464/357 416/465/356 413/462/356
f 417/466/358 418/467/359 419/468/360
f 419/468/360 420/469/361 417/466/358
f 418/467/359 417/466/358 421/470/362
f 421/470/362 422/471/363 418/467/359
f 423/472/364 424/473/365 425/474/366
f 425/474/366 426/475/367 423/472/364
f 376/423/323 375/422/322 427/476/368
f 427/476/368 428/477/368 376/423/323
f 429/478/369 430/479/370 424/480/365
f 424/473/365 423/472/364 429/481/369
f 431/482/371 432/483/372 433/484/373
f 433/484/373 434/485/374 431/482/371
f 404/453/348 403/452/347 432/483/372
f 432/483/372 431/482/371 404/453/348
f 435/486/375 426/475/367 425/474/366
f 425/474/366 436/487/375 435/486/375
f 437/488/376 438/489/377 383/435/329
f 383/435/329 386/434/332 437/488/376
f 439/490/378 440/491/379 441/492/380
f 441/492/380 442/493/380 439/490/378
f 443/494/381 444/495/381 445/496/382
f 445/496/382 446/497/382 443/494/381
f 447/498/383 448/499/383 449/500/384
f 449/500/384 450/501/385 447/498/383
f 442/493/380 441/492/380 382/429/328
f 382/429/328 381/428/327 442/493/380
f 435/486/375 436/487/375 444/495/381
f 444/495/381 443/494/381 435/486/375
f 451/502/386 452/503/386 440/504/379
f 440/505/379 439/506/378 451/507/386
f 446/497/382 445/496/382 453/508/387
f 453/508/387 454/509/387 446/497/382
f 455/510/388 456/511/389 457/512/390
f 457/512/390 458/513/391 455/510/388
f 459/514/392 460/515/392 456/511/389
f 456/511/389 455/510/388 459/514/392
f 390/439/336 389/438/335 461/516/393
f 461/516/393 462/517/393 390/439/336
f 463/518/394 464/519/395 378/425/325
f 378/425/325 377/424/324 463/518/394
f 465/520/396 466/521/397 464/522/395
f 464/519/395 463/518/394 465/523/396
f 467/524/398 468/525/399 466/521/397
f 466/521/397 465/520/396 467/524/398
f 434/485/374 433/484/373 398/447/343
f 398/447/343 397/446/342 434/485/374
f 450/526/385 449/527/384 468/528/399
f 468/525/399 467/524/398 450/529/385
f 458/513/391 457/512/390 448/499/383
f 448/499/383 447/498/383 458/513/391
f 438/489/377 437/488/376 388/437/334
f 388/437/334 387/436/333 438/489/377
f 409/530/353 412/531/355 469/532/400
f 469/532/400 470/533/400 409/530/353
f 471/534/401 472/535/401 406/455/350
f 406/455/350 405/454/349 471/534/401
f 473/536/402 474/537/403 402/451/346
f 402/451/346 401/450/345 473/536/402
f 391/440/337 394/443/340 475/538/404
f 475/538/404 476/539/405 391/440/337
f 477/540/406 478/541/406 420/469/361
f 420/469/361 419/468/360 477/540/406
f 479/542/407 480/543/407 481/544/408
f 481/545/408 482/546/409 479/547/407
f 482/548/409 481/549/408 483/550/410
f 483/551/410 484/552/411 482/553/409
f 485/554/412 486/555/413 487/556/414
f 487/556/414 488/557/415 485/554/412
f 489/558/416 490/559/417 488/560/415
f 488/561/415 491/562/418 489/563/416
f 485/564/412 492/565/419 493/566/420
f 493/567/420 486/568/413 485/569/412
f 494/570/421 495/571/422 496/572/423
f 496/572/423 497/573/424 494/570/421
f 498/574/425 499/575/426 500/576/427
f 500/576/427 501/577/428 498/574/425
f 502/578/429 503/579/430 504/580/431
f 504/580/431 505/581/429 502/578/429
f 504/580/431 503/579/430 499/575/426
f 499/575/426 498/574/425 504/580/431
f 506/582/432 507/583/433 508/584/434
f 508/584/434 509/585/434 506/582/432
f 510/586/428 511/587/435 507/588/433
f 507/583/433 506/582/432 510/589/428
f 512/590/436 513/591/437 514/592/438
f 514/592/438 515/593/438 512/590/436
f 515/593/438 514/592/438 516/594/439
f 516/594/439 517/595/440 515/593/438
f 517/595/440 516/594/439 518/596/441
f 518/596/441 519/597/442 517/595/440
f 519/597/442 518/596/441 520/598/443
f 520/598/443 521/599/444 519/597/442
f 521/599/444 520/598/443 522/600/445
f 522/601/445 523/602/446 521/603/444
f 524/604/447 525/605/448 526/606/449
f 526/606/449 527/607/450 524/604/447
f 523/608/446 522/609/445 528/610/451
f 528/610/451 529/611/452 523/608/446
f 530/612/453 531/613/454 532/614/455
f 532/615/455 533/616/456 530/617/453
f 533/616/456 532/615/455 534/618/457
f 534/618/457 535/619/458 533/616/456
f 536/620/459 537/621/460 538/622/461
f 538/622/461 539/623/462 536/620/459
f 539/623/462 538/622/461 540/624/463
f 540/624/463 541/625/464 539/623/462
f 540/624/463 542/626/465 543/627/466
f 543/627/466 541/625/464 540/624/463
f 513/591/437 512/590/436 527/607/450
f 527/607/450 526/606/449 513/591/437
f 525/605/448 524/604/447 544/628/467
f 544/628/467 545/629/467 525/605/448
f 531/630/454 530/631/453 529/611/452
f 529/611/452 528/610/451 531/630/454
f 537/621/460 536/620/459 535/619/458
f 535/619/458 534/618/457 537/621/460
f 546/632/468 547/633/469 548/634/470
f 548/635/470 549/636/471 546/637/468
f 550/638/472 551/639/473 552/640/474
f 552/640/474 553/641/475 550/638/472
f 554/642/476 555/643/477 556/644/478
f 557/645/479 558/646/480 559/647/481
f 560/648/482 561/649/483 562/650/484
f 562/650/484 563/651/482 560/648/482
f 564/652/485 565/653/486 566/654/487
f 566/655/487 567/656/488 564/657/485
f 565/653/486 564/652/485 568/658/489
f 568/659/489 569/660/490 565/661/486
f 557/645/479 559/647/481 567/656/488
f 567/656/488 566/655/487 557/645/479
f 570/662/491 571/663/492 572/664/493
f 573/665/494 548/634/470 547/633/469
f 547/666/469 574/667/495 573/668/494
f 575/669/496 574/670/495 547/671/469
f 576/672/497 577/673/498 578/674/499
f 578/674/499 579/675/500 576/672/497
f 580/676/501 555/643/477 581/677/502
f 45/45/45 44/44/44 582/678/503
f 583/679/504 584/680/505 552/640/474
f 552/640/474 585/681/494 583/679/504
f 586/682/506 587/683/507 588/684/507
f 588/684/507 589/685/508 586/682/506
f 590/686/509 586/682/506 589/685/508
f 589/685/508 591/687/510 590/686/509
f 592/688/511 593/689/512 594/690/513
f 594/690/513 595/691/514 592/688/511
f 596/692/515 597/693/515 598/694/516
f 598/694/516 599/695/517 596/692/515
s 0
f 596/692/515 600/696/515 601/697/515
f 601/697/515 597/693/515 596/692/515
s 1
f 602/698/518 603/699/519 604/700/520
f 604/700/520 605/701/521 602/698/518
f 238/267/195 69/72/69 68/71/68
f 68/71/68 235/264/192 238/267/195
f 66/69/66 590/686/509 591/687/510
f 591/687/510 88/94/88 66/69/66
s 0
f 606/702/522 607/703/522 608/704/522
f 608/704/523 609/705/523 606/702/523
s 1
f 595/691/514 599/706/517 598/707/516
f 598/707/516 592/688/511 595/691/514
f 82/88/82 610/708/524 611/709/525
f 611/709/525 247/276/202 82/88/82
f 81/87/81 612/710/526 610/708/524
f 610/708/524 82/88/82 81/87/81
f 613/711/527 614/712/528 612/710/526
f 612/710/526 615/713/529 613/711/527
f 81/87/81 615/713/529 612/710/526
f 616/714/530 617/715/530 494/570/421
f 494/570/421 497/573/424 616/714/530
f 488/557/415 487/556/414 491/716/418
f 618/717/531 619/718/531 620/719/532
f 620/719/532 621/720/533 618/717/531
f 622/721/534 623/722/534 621/720/533
f 621/720/533 620/719/532 622/721/534
f 624/723/535 625/724/536 626/725/537
f 626/726/537 627/727/537 624/728/535
f 628/729/538 629/730/539 630/731/540
f 630/731/540 631/732/540 628/729/538
f 629/730/539 628/729/538 632/733/541
f 632/733/541 633/734/542 629/730/539
f 634/735/543 635/736/544 633/734/542
f 633/734/542 632/733/541 634/735/543
f 634/735/543 636/737/545 637/738/546
f 637/738/546 635/736/544 634/735/543
f 638/739/547 639/740/548 640/741/549
f 640/741/549 641/742/550 638/739/547
f 642/743/551 643/744/552 644/745/553
f 644/745/553 645/746/554 642/743/551
f 646/747/555 647/748/555 642/743/551
f 642/743/551 645/746/554 646/747/555
f 648/749/556 649/750/557 650/751/558
f 650/751/558 651/752/559 648/749/556
f 639/740/548 652/753/560 653/754/561
f 653/754/561 640/741/549 639/740/548
f 92/99/92 90/97/90 26/96/26
f 71/74/71 70/73/70 63/66/63
f 643/744/552 638/755/547 641/756/550
f 641/756/550 644/745/553 643/744/552
f 652/757/560 648/758/556 651/759/559
f 651/759/559 653/760/561 652/757/560
f 64/67/64 63/66/63 70/73/70
f 70/73/70 102/761/102 64/67/64
f 654/762/562 655/763/563 656/764/564
f 656/764/564 657/765/565 654/762/562
f 658/766/566 659/767/567 660/768/568
f 660/768/568 661/769/569 658/766/566
f 662/770/570 663/771/570 655/763/563
f 655/763/563 654/762/562 662/770/570
f 661/769/569 660/768/568 664/772/571
f 664/772/571 665/773/572 661/769/569
f 666/774/573 667/775/574 668/776/575
f 668/776/575 669/777/575 666/774/573
f 670/778/576 671/779/576 672/780/577
f 672/780/577 673/781/578 670/778/576
f 657/765/565 656/764/564 667/775/574
f 667/775/574 666/774/573 657/765/565
f 665/773/572 664/772/571 674/782/579
f 674/782/579 675/783/580 665/773/572
f 676/784/581 677/785/582 678/786/583
f 678/786/583 679/787/583 676/784/581
f 680/788/584 681/789/585 677/785/582
f 677/785/582 676/784/581 680/788/584
f 675/783/580 674/782/579 682/790/586
f 682/790/586 683/791/587 675/783/580
f 680/788/584 684/792/588 685/793/589
f 685/793/589 681/789/585 680/788/584
f 673/781/578 672/780/577 659/767/567
f 659/767/567 658/766/566 673/781/578
f 686/794/590 14/14/14 13/13/13
f 13/13/13 221/248/181 686/794/590
s 0
f 687/795/591 688/796/591 689/797/591
f 687/795/591 689/797/591 690/798/591
f 690/798/591 691/799/591 687/795/591
f 692/800/591 693/801/591 694/802/591
f 694/802/591 695/803/591 692/800/591
s 1
f 696/804/592 697/805/593 698/806/594
f 698/807/594 699/808/594 696/809/592
s 0
f 700/810/591 701/811/591 693/801/591
f 693/801/591 702/812/591 700/810/591
f 694/802/591 693/801/591 701/811/591
s 1
f 703/813/595 704/814/596 705/815/597
f 706/816/598 705/817/597 707/818/599
f 707/818/599 708/819/598 706/816/598
f 704/814/596 707/820/599 705/815/597
f 705/815/597 709/821/600 710/822/601
f 710/822/601 703/813/595 705/815/597
f 711/823/602 710/822/601 709/821/600
f 711/824/602 709/825/600 712/826/603
f 712/826/603 713/827/603 711/824/602
f 714/828/144 715/829/144 716/830/604
f 716/830/604 717/831/144 714/828/144
f 718/832/593 716/830/604 715/829/144
f 719/833/144 718/832/593 715/829/144
f 720/834/605 721/835/606 722/836/607
f 570/662/491 723/837/608 724/838/608
f 724/838/608 571/663/492 570/662/491
f 44/839/44 43/840/43 4/51/4
f 4/51/4 50/50/50 44/839/44
f 123/139/123 116/841/116 115/842/115
f 115/842/115 122/138/122 123/139/123
f 561/649/483 569/843/490 568/844/489
f 568/844/489 562/650/484 561/649/483
f 124/140/124 47/845/47 44/839/44
f 44/839/44 50/50/50 124/140/124
f 4/4/4 43/846/43 1/1/1
f 6/6/6 574/670/495 575/669/496
f 575/669/496 7/7/7 6/6/6
f 725/847/609 726/848/610 727/849/611
f 727/849/611 728/850/612 725/847/609
f 729/851/613 730/852/614 731/853/615
f 732/854/616 733/855/617 734/856/618
f 735/857/619 736/858/620 737/859/621
f 737/859/621 738/860/622 735/857/619
f 739/861/623 583/679/504 585/681/494
f 740/862/624 730/863/614 741/864/625
f 742/865/626 743/866/627 744/867/628
f 744/867/628 738/868/622 742/865/626
f 745/869/629 741/864/625 746/870/630
f 746/870/630 747/871/631 745/869/629
f 734/856/618 746/872/630 732/854/616
f 736/873/620 733/855/617 737/874/621
f 744/875/628 735/857/619 738/860/622
f 742/865/626 748/876/632 749/877/633
f 749/877/633 743/866/627 742/865/626
f 726/848/610 748/878/632 727/849/611
f 576/672/497 750/879/634 577/673/498
f 728/850/612 729/851/613 731/853/615
f 731/853/615 725/847/609 728/850/612
f 570/662/491 572/664/493 579/675/500
f 579/675/500 578/674/499 570/662/491
f 726/880/610 751/881/635 748/882/632
f 751/881/635 749/883/633 748/882/632
f 734/856/618 747/884/631 746/872/630
f 741/864/625 745/869/629 740/862/624
f 740/862/624 752/885/636 730/863/614
f 752/885/636 753/886/637 730/863/614
f 730/852/614 753/887/637 731/853/615
f 733/855/617 754/888/638 737/874/621
f 732/854/616 754/888/638 733/855/617
f 552/640/474 584/680/505 553/641/475
f 46/46/46 582/678/503 44/44/44
f 44/44/44 47/47/47 46/46/46
f 755/889/639 756/890/640 757/891/640
f 757/891/640 758/892/639 755/889/639
f 759/893/641 755/889/639 758/892/639
f 758/892/639 760/894/642 759/893/641
f 761/895/643 759/893/641 760/894/642
f 760/894/642 550/638/472 761/895/643
f 762/896/644 761/895/643 550/638/472
f 550/638/472 763/897/645 762/896/644
f 756/890/640 762/896/644 763/897/645
f 763/897/645 757/891/640 756/890/640
f 764/898/646 765/899/647 766/900/648
f 766/900/648 767/901/648 764/898/646
f 768/902/649 769/903/649 770/904/649
f 770/904/649 771/905/649 768/902/649
f 772/906/650 773/907/651 774/908/651
f 774/908/651 775/909/652 772/906/650
f 776/910/653 772/906/650 775/909/652
f 775/909/652 777/911/654 776/910/653
f 778/912/655 776/913/653 777/914/654
f 777/914/654 779/915/655 778/912/655
f 550/638/472 760/894/642 551/639/473
f 61/916/61 780/917/656 781/918/657
f 781/918/657 58/919/58 61/916/61
f 54/57/54 57/60/57 782/920/658
f 782/920/658 129/145/129 54/57/54
f 127/143/127 782/921/659 783/922/660
f 783/922/660 128/144/128 127/143/127
f 780/917/656 784/923/590 785/924/661
f 785/924/661 781/918/657 780/917/656
f 221/248/181 230/257/188 686/794/590
f 786/925/662 787/926/663 788/927/664
f 788/927/664 789/928/665 786/925/662
f 790/929/666 791/930/667 792/931/668
f 792/931/668 793/932/669 790/929/666
f 794/933/670 795/934/671 791/930/667
f 791/930/667 790/929/666 794/933/670
f 789/928/665 788/927/664 796/935/672
f 796/935/672 797/936/673 789/928/665
f 798/937/674 799/938/675 800/939/676
f 800/939/676 801/940/674 798/937/674
f 802/941/677 803/942/677 804/943/678
f 804/943/678 805/944/679 802/941/677
f 806/945/680 807/946/681 808/947/682
f 808/947/682 809/948/682 806/945/680
f 810/949/683 811/950/684 812/951/685
f 812/951/685 813/952/686 810/949/683
f 814/953/687 815/954/687 816/955/687
f 816/955/687 817/956/687 814/953/687
f 818/957/688 819/958/688 811/950/684
f 811/950/684 810/949/683 818/957/688
f 820/959/689 821/960/690 795/934/671
f 795/934/671 794/933/670 820/959/689
f 807/946/681 806/945/680 822/961/691
f 822/961/691 823/962/692 807/946/681
f 824/963/693 823/962/692 822/961/691
f 822/961/691 825/964/694 824/963/693
f 797/936/673 796/935/672 824/963/693
f 824/963/693 825/964/694 797/936/673
f 826/965/695 827/966/696 828/967/695
f 828/967/695 829/968/697 826/965/695
f 830/969/698 831/970/699 832/971/700
f 832/971/700 833/972/701 830/969/698
f 834/973/702 835/974/703 836/975/704
f 837/976/705 800/939/676 799/938/675
f 799/938/675 838/977/706 837/976/705
f 839/978/707 840/979/708 821/960/690
f 821/960/690 820/959/689 839/978/707
f 787/926/663 786/925/662 841/980/709
f 841/980/709 842/981/709 787/926/663
f 793/932/669 792/931/668 831/970/699
f 831/970/699 830/969/698 793/932/669
f 843/982/710 844/983/711 845/984/712
f 846/985/713 836/975/704 847/986/714
f 805/944/679 804/943/678 837/976/705
f 837/976/705 838/977/706 805/944/679
f 813/952/686 812/951/685 848/987/715
f 848/987/715 849/988/716 813/952/686
f 850/989/717 851/990/718 852/991/719
f 852/991/719 853/992/720 850/989/717
f 849/988/716 848/987/715 854/993/721
f 854/994/721 855/995/722 849/996/716
s 0
f 856/997/723 857/998/723 858/999/723
f 858/999/723 859/1000/723 856/997/723
f 860/1001/724 861/1002/724 857/998/724
f 857/998/725 856/997/724 860/1001/724
s 1
f 862/1003/726 863/1004/727 864/1005/591
f 864/1005/591 865/1006/728 862/1003/726
s 0
f 863/1004/729 866/1007/729 867/1008/729
f 867/1008/729 864/1005/729 863/1004/729
s 1
f 868/1009/730 869/1010/731 870/1011/731
f 871/1012/732 870/1011/731 869/1010/731
f 869/1010/731 872/1013/732 871/1012/732
f 257/287/212 873/1014/733 874/1015/734
f 874/1015/734 258/288/212 257/287/212
f 259/289/213 283/313/236 875/1016/735
f 875/1016/735 256/286/211 259/289/213
f 873/1014/733 876/1017/736 251/281/206
f 251/281/206 874/1015/734 873/1014/733
f 260/290/214 21/21/21 877/1018/737
f 877/1018/737 283/313/236 260/290/214
f 21/21/21 18/18/18 251/281/206
f 251/281/206 877/1018/737 21/21/21
f 250/280/205 874/1015/734 251/281/206
f 283/313/236 877/1018/737 878/1019/738
f 878/1019/738 875/1016/735 283/313/236
f 879/1020/739 880/1021/740 251/281/206
s 0
f 868/1009/730 881/1022/730 882/1023/730
s 1
f 876/1017/736 879/1020/739 251/281/206
f 880/1021/740 878/1019/738 877/1018/737
f 877/1018/737 251/281/206 880/1021/740
f 883/1024/741 884/1025/742 885/1026/742
f 885/1026/742 886/1027/743 883/1024/741
s 0
f 887/1028/744 888/1029/745 889/1030/744
f 889/1030/745 890/1031/744 887/1028/744
f 888/1029/746 891/1032/746 892/1033/746
f 892/1033/747 889/1030/747 888/1029/748
f 893/1034/749 894/1035/749 895/1036/749
f 895/1036/749 896/1037/749 893/1034/749
s 1
f 897/1038/750 898/1039/751 899/1040/752
f 899/1040/752 900/1041/753 897/1038/750
f 898/1039/751 901/1042/754 902/1043/755
f 902/1043/755 899/1040/752 898/1039/751
f 901/1042/754 903/1044/756 904/1045/757
f 904/1045/757 902/1043/755 901/1042/754
f 903/1046/756 883/1024/741 886/1027/743
f 886/1027/743 904/1047/757 903/1046/756
f 905/1048/758 906/1049/759 907/1050/760
f 908/1051/761 909/1052/761 910/1053/761
f 910/1053/761 911/1054/761 908/1051/761
f 912/1055/762 905/1048/758 907/1050/760
f 913/1056/763 914/1057/764 915/1058/765
f 916/1059/766 913/1056/763 915/1058/765
f 917/1060/767 916/1061/766 915/1062/765
f 915/1062/765 918/1063/768 917/1060/767
f 906/1049/759 919/1064/769 907/1050/760
s 0
f 920/1065/591 921/1066/591 922/1067/591
f 922/1067/591 923/1068/591 920/1065/591
f 924/1069/591 925/1070/591 926/1071/591
f 926/1071/591 922/1067/591 924/1069/591
f 921/1066/591 924/1069/591 922/1067/591
f 920/1065/591 923/1068/591 927/1072/591
f 927/1072/591 928/1073/591 920/1065/591
f 929/1074/591 930/1075/591 927/1072/591
f 927/1072/591 923/1068/591 929/1074/591
f 931/1076/591 930/1075/591 929/1074/591
s 1
f 932/1077/770 933/1078/771 934/1079/772
f 934/1079/772 935/1080/773 932/1077/770
f 914/1057/764 912/1055/762 915/1058/765
f 912/1055/762 907/1050/760 915/1058/765
f 936/1081/774 937/1082/775 938/1083/776
f 938/1083/776 939/1084/777 936/1081/774
f 937/1082/775 940/1085/778 938/1083/776
s 0
f 941/1086/779 942/1087/779 867/1008/779
f 867/1008/780 866/1007/780 941/1086/780
s 1
f 934/1079/772 943/1088/781 935/1080/773
f 944/1089/782 721/835/606 945/1090/783
f 946/1091/784 947/1092/785 948/1093/786
f 949/1094/787 950/1095/788 951/1096/789
f 952/1097/790 953/1098/791 954/1099/792
f 954/1099/792 955/1100/793 952/1097/790
f 953/1098/791 956/1101/794 957/1102/795
f 957/1102/795 958/1103/796 953/1098/791
f 959/1104/607 960/1105/797 961/1106/798
s 0
f 961/1106/607 962/1107/607 959/1104/607
s 1
f 960/1105/797 963/1108/799 964/1109/800
f 964/1109/800 965/1110/801 960/1105/797
f 963/1108/799 952/1097/790 955/1100/793
f 955/1100/793 964/1109/800 963/1108/799
f 966/1111/802 967/1112/803 968/1113/803
f 968/1113/803 969/1114/802 966/1111/802
f 967/1112/803 970/1115/607 971/1116/607
f 971/1116/607 968/1113/803 967/1112/803
s 0
f 970/1115/607 959/1104/607 972/1117/607
f 972/1117/804 973/1118/607 970/1115/607
f 959/1104/605 974/1119/805 975/1120/806
s 1
f 976/1121/807 977/1122/808 978/1123/809
f 978/1123/809 979/1124/810 976/1121/807
f 977/1122/808 980/1125/811 981/1126/812
f 981/1126/812 978/1123/809 977/1122/808
s 0
f 956/1101/813 982/1127/813 983/1128/813
f 983/1128/786 984/1129/786 956/1101/814
s 1
f 982/1127/815 966/1111/802 969/1114/802
f 969/1114/802 985/1130/816 982/1127/815
f 953/1098/791 958/1103/796 954/1099/792
f 956/1101/794 980/1125/811 957/1102/795
f 959/1104/817 962/1107/818 974/1119/819
f 960/1105/797 965/1110/801 961/1106/798
s 0
f 970/1115/607 973/1118/607 971/1116/607
s 1
f 959/1104/820 975/1120/821 972/1117/822
f 956/1101/794 984/1129/823 981/1126/812
s 0
f 982/1127/815 985/1130/815 983/1128/815
s 1
f 834/973/702 986/1131/824 835/974/703
f 835/974/703 847/986/714 836/975/704
s 0
f 925/1070/591 987/1132/591 926/1071/591
s 1
f 988/1133/825 989/1134/826 990/1135/827
f 990/1135/827 991/1136/828 988/1133/825
s 0
f 992/1137/829 993/1138/829 994/1139/829
f 994/1139/830 995/1140/830 992/1137/830
s 1
f 996/1141/831 997/1142/832 998/1143/833
f 998/1143/833 999/1144/831 996/1141/831
f 997/1145/832 1000/1146/834 1001/1147/835
f 1001/1147/835 998/1148/833 997/1145/832
f 1000/1146/834 1002/1149/836 1003/1150/837
f 1003/1150/837 1001/1147/835 1000/1146/834
f 1002/1149/836 1004/1151/838 1005/1152/839
f 1005/1152/839 1003/1150/837 1002/1149/836
f 1004/1151/838 1006/1153/840 1007/1154/841
f 1007/1154/841 1005/1152/839 1004/1151/838
f 1006/1155/840 1008/1156/842 1009/1157/843
f 1009/1157/843 1007/1158/841 1006/1155/840
f 1008/1156/842 1010/1159/844 1011/1160/845
f 1011/1160/845 1009/1157/843 1008/1156/842
f 1010/1159/844 1012/1161/846 1013/1162/847
f 1013/1162/847 1011/1160/845 1010/1159/844
f 1012/1163/846 1014/1164/848 1015/1165/849
f 1015/1165/849 1013/1166/847 1012/1163/846
f 1014/1164/848 988/1133/825 991/1136/828
f 991/1136/828 1015/1165/849 1014/1164/848
f 1016/1167/850 1017/1168/851 1018/1169/852
f 1018/1169/852 1019/1170/853 1016/1167/850
f 1017/1168/851 1020/1171/854 1021/1172/855
f 1021/1172/855 1018/1169/852 1017/1168/851
f 1020/1173/854 1022/1174/856 1023/1175/857
f 1023/1175/857 1021/1176/855 1020/1173/854
f 1022/1174/856 1024/1177/858 1025/1178/859
f 1025/1178/859 1023/1175/857 1022/1174/856
f 1024/1177/858 1026/1179/860 1027/1180/861
f 1027/1180/861 1025/1178/859 1024/1177/858
f 1026/1181/860 1028/1182/862 1029/1183/863
f 1029/1183/863 1027/1184/861 1026/1181/860
f 1028/1182/862 1030/1185/864 1031/1186/865
f 1031/1186/865 1029/1183/863 1028/1182/862
f 1030/1185/864 1032/1187/866 1033/1188/867
f 1033/1188/867 1031/1186/865 1030/1185/864
s 0
f 1034/1189/868 1035/1190/868 1036/1191/868
f 1036/1191/869 1037/1192/869 1034/1189/869
s 1
f 1038/1193/870 1039/1194/871 1040/1195/872
f 1040/1195/872 1041/1196/870 1038/1193/870
f 1039/1197/871 1042/1198/873 1043/1199/874
f 1043/1199/874 1040/1200/872 1039/1197/871
f 1042/1198/873 1016/1167/850 1019/1170/853
f 1019/1170/853 1043/1199/874 1042/1198/873
f 980/1125/811 956/1101/794 981/1126/812
f 974/1119/875 976/1121/807 979/1124/810
f 979/1124/810 975/1120/876 974/1119/875
s 0
f 1044/1201/144 1045/1202/144 1046/1203/144
f 1046/1203/144 1047/1204/144 1044/1201/144
f 1048/1205/877 1049/1206/877 1050/1207/877
f 1050/1207/877 1051/1208/877 1048/1205/877
f 1052/1209/878 1053/1210/878 1054/1211/878
f 1054/1211/878 1055/1212/878 1052/1209/878
f 1056/1213/130 1057/1214/130 1058/1215/130
f 1058/1215/130 1059/1216/130 1056/1213/130
f 1060/1217/879 1061/1218/879 1062/1219/879
f 1062/1219/879 1063/1220/879 1060/1217/879
f 1064/1221/880 1065/1222/880 1066/1223/880
f 1067/1224/881 1068/1225/881 1069/1226/881
f 1069/1226/881 1070/1227/881 1067/1224/881
f 1071/1228/882 1072/1229/882 1073/1230/882
f 1074/1231/883 1075/1232/883 1076/1233/883
f 1076/1233/883 1077/1234/883 1074/1231/883
f 1078/1235/880 1079/1236/880 1080/1237/880
f 1081/1238/881 1082/1239/881 1083/1240/881
f 1083/1240/881 1084/1241/881 1081/1238/881
f 1085/1242/882 1086/1243/882 1087/1244/882
f 1088/1245/883 1089/1246/883 1090/1247/883
s 1
f 1090/1247/883 1091/1248/883 1088/1245/883
f 1092/1249/144 1093/1250/144 1094/1251/884
f 1094/1251/884 1095/1252/884 1092/1249/144
f 1096/1253/885 1097/1254/886 1098/1255/887
f 1098/1255/887 1099/1256/888 1096/1253/885
f 1100/1257/889 1101/1258/890 1102/1259/891
f 1102/1259/891 1103/1260/892 1100/1257/889
s 0
f 1104/1261/591 1105/1262/591 1106/1263/591
s 1
f 1107/1264/591 1108/1265/591 1096/1253/885
f 1096/1253/885 1099/1256/888 1107/1264/591
f 1109/1266/893 1110/1267/894 1111/1268/895
f 1112/1269/896 1101/1258/890 1113/1270/897
f 1113/1270/897 1114/1271/898 1112/1269/896
f 1115/1272/899 1116/1273/899 1117/1274/900
f 1117/1274/900 1118/1275/900 1115/1272/899
f 1116/1276/899 1115/1277/899 1095/1252/884
f 1095/1252/884 1094/1251/884 1116/1276/899
f 1119/1278/901 1120/1279/902 1121/1280/903
f 1122/1281/904 1123/1282/905 1124/1283/906
f 1124/1283/906 1125/1284/907 1122/1281/904
f 1122/1281/904 1126/1285/908 1127/1286/909
f 1127/1286/909 1123/1282/905 1122/1281/904
f 1128/1287/910 1129/1288/911 1130/1289/912
f 1130/1289/912 1131/1290/912 1128/1287/910
f 1124/1283/906 1121/1280/903 1132/1291/913
f 1132/1291/913 1125/1284/907 1124/1283/906
f 1097/1254/886 1104/1261/591 1106/1263/591
f 1106/1263/591 1098/1255/887 1097/1254/886
f 1103/1260/892 1111/1268/895 1110/1267/894
f 1110/1267/894 1100/1257/889 1103/1260/892
f 1129/1288/911 1128/1287/910 1127/1286/909
f 1127/1286/909 1126/1285/908 1129/1288/911
f 1133/1292/914 1134/1293/915 1135/1294/916
f 1136/1295/917 1137/1296/918 1138/1297/919
f 1138/1297/919 1139/1298/920 1136/1295/917
f 1133/1299/914 1137/1300/918 1136/1301/917
f 1136/1301/917 1134/1302/915 1133/1299/914
f 1101/1258/890 1100/1257/889 1140/1303/921
f 1140/1303/921 1113/1270/897 1101/1258/890
f 1110/1267/894 1141/1304/922 1142/1305/923
f 1143/1306/924 1102/1259/891 1101/1258/890
f 1101/1258/890 1112/1269/896 1143/1306/924
f 1144/1307/925 1140/1303/921 1100/1257/889
f 1100/1257/889 1110/1267/894 1144/1307/925
f 1145/1308/926 1146/1309/926 1138/1297/919
f 1147/1310/182 1148/1311/182 1149/1312/927
f 1149/1312/927 1150/1313/928 1147/1310/182
f 1150/1313/928 1149/1312/927 1151/1314/929
f 1151/1314/929 1152/1315/930 1150/1313/928
s 0
f 1153/1316/130 1154/1317/130 1155/1318/130
f 1155/1318/130 1156/1319/130 1153/1316/130
f 1157/1320/130 1158/1321/130 1155/1318/130
f 1155/1318/130 1154/1317/130 1157/1320/130
s 1
f 1159/1322/931 1160/1323/932 1161/1324/932
f 1161/1324/932 1162/1325/931 1159/1322/931
f 1163/1326/933 1164/1327/934 1165/1328/935
f 1165/1328/935 1166/1329/936 1163/1326/933
f 1167/1330/937 1168/1331/938 1164/1327/934
f 1164/1327/934 1169/1332/939 1167/1330/937
f 1164/1333/934 1168/1334/938 1165/1335/935
s 0
f 1170/1336/130 1171/1337/130 1172/1338/130
s 1
f 1118/1275/900 1173/1339/940 1152/1315/930
f 1152/1315/930 1151/1314/929 1118/1275/900
s 0
f 1174/1340/130 1171/1337/130 1175/1341/130
s 1
f 1176/1342/130 1161/1343/932 1160/1344/932
f 1160/1344/932 1177/1345/130 1176/1342/130
f 1178/1346/941 1169/1332/939 1163/1326/933
f 1159/1322/931 1162/1325/931 1179/1347/182
f 1179/1347/182 1180/1348/182 1159/1322/931
s 0
f 1158/1321/130 1157/1320/130 1175/1341/130
f 1175/1341/130 1171/1337/130 1158/1321/130
s 1
f 1117/1274/900 1181/1349/940 1173/1339/940
f 1173/1339/940 1118/1275/900 1117/1274/900
f 1176/1342/130 1182/1350/130 1161/1343/932
f 1162/1325/931 1183/1351/182 1179/1347/182
f 1184/1352/942 1185/1353/943 1186/1354/944
f 1186/1354/944 1187/1355/944 1184/1352/942
f 1188/1356/945 1189/1357/946 1190/1358/591
f 1190/1358/591 1191/1359/591 1188/1356/945
f 1192/1360/947 1193/1361/948 1194/1362/949
s 0
f 1195/1363/130 1196/1364/130 1197/1365/130
f 1197/1365/130 1198/1366/130 1195/1363/130
s 1
f 1199/1367/950 1200/1368/951 1201/1369/952
f 1201/1369/952 1202/1370/953 1199/1367/950
f 1203/1371/954 1204/1372/591 1205/1373/591
f 1205/1373/591 1206/1374/955 1203/1371/954
f 1207/1375/956 1208/1376/956 1209/1377/957
f 1209/1377/957 1210/1378/958 1207/1375/956
s 0
f 1211/1379/130 1212/1380/130 1213/1381/130
f 1214/1382/959 1215/1383/959 1216/1384/959
s 1
f 1203/1371/954 1206/1374/955 1189/1357/946
f 1189/1357/946 1188/1356/945 1203/1371/954
f 1210/1378/958 1209/1377/957 1217/1385/960
f 1217/1385/960 1193/1361/948 1210/1378/958
s 0
f 1218/1386/961 1219/1387/961 1220/1388/961
f 1220/1388/961 1221/1389/961 1218/1386/961
s 1
f 1222/1390/962 1223/1391/963 1200/1368/951
f 1200/1368/951 1199/1367/950 1222/1390/962
f 1224/1392/964 1225/1393/964 1226/1394/965
f 1226/1394/965 1227/1395/966 1224/1392/964
f 1228/1396/967 1229/1397/968 1230/1398/969
f 1230/1398/969 1231/1399/970 1228/1396/967
f 1227/1395/966 1226/1394/965 1229/1397/968
f 1229/1397/968 1228/1396/967 1227/1395/966
f 1232/1400/971 1233/1401/144 1234/1402/144
f 1234/1402/144 1235/1403/972 1232/1400/971
f 1236/1404/973 1237/1405/974 1238/1406/975
f 1238/1406/975 1239/1407/976 1236/1404/973
s 0
f 1240/1408/977 1241/1409/977 1242/1410/977
f 1242/1410/977 1243/1411/977 1240/1408/977
s 1
f 1244/1412/978 1245/1413/979 1236/1404/973
f 1236/1404/973 1239/1407/976 1244/1412/978
f 1235/1403/972 1208/1414/956 1207/1415/956
f 1207/1415/956 1232/1400/971 1235/1403/972
f 1230/1416/969 1185/1417/943 1184/1418/942
f 1184/1418/942 1231/1419/970 1230/1416/969
f 1205/1373/591 1246/1420/591 1206/1374/955
s 0
f 1247/1421/130 1248/1422/130 1212/1380/130
f 1212/1380/130 1211/1379/130 1247/1421/130
s 1
f 1193/1361/948 1217/1385/960 1249/1423/980
f 1249/1423/980 1194/1362/949 1193/1361/948
s 0
f 1250/1424/981 1251/1425/981 1252/1426/981
f 1252/1426/981 1253/1427/981 1250/1424/981
s 1
f 1254/1428/982 1255/1429/983 1256/1430/983
f 1256/1430/983 1257/1431/982 1254/1428/982
f 1258/1432/984 1259/1433/984 1260/1434/984
f 1260/1434/984 1261/1435/984 1258/1432/984
f 1262/1436/985 1263/1437/986 1264/1438/987
f 1264/1439/987 1265/1440/987 1262/1441/985
f 1266/1442/988 1267/1443/989 1268/1444/990
f 1268/1444/990 1269/1445/991 1266/1442/988
f 1270/1446/992 1271/1447/993 1272/1448/994
f 1272/1449/994 1273/1450/995 1270/1451/992
f 1269/1452/991 1268/1453/990 1271/1454/993
f 1271/1454/993 1270/1455/992 1269/1452/991
f 1273/1456/995 1272/1457/994 1263/1458/986
f 1263/1458/986 1262/1459/985 1273/1456/995
f 1242/1410/977 1245/1413/979 1244/1412/978
f 1244/1412/978 1243/1411/977 1242/1410/977
f 1214/1382/959 1216/1384/959 1223/1391/963
f 1223/1391/963 1222/1390/962 1214/1382/959
f 1274/1460/996 1275/1461/997 1276/1462/998
f 1276/1462/998 1277/1463/999 1274/1460/996
f 1278/1464/1000 1279/1465/1001 1275/1466/997
f 1275/1466/997 1274/1467/996 1278/1464/1000
f 1280/1468/1002 1281/1469/1003 1279/1465/1001
f 1279/1465/1001 1278/1464/1000 1280/1468/1002
f 1282/1470/1004 1283/1471/1005 1281/1472/1003
f 1281/1472/1003 1280/1473/1002 1282/1470/1004
f 1284/1474/1006 1285/1475/1007 1283/1471/1005
f 1283/1471/1005 1282/1470/1004 1284/1474/1006
f 1286/1476/1008 1287/1477/1009 1285/1478/1007
f 1285/1478/1007 1284/1479/1006 1286/1476/1008
f 1288/1480/1010 1289/1481/1011 1287/1477/1009
f 1287/1477/1009 1286/1476/1008 1288/1480/1010
f 1290/1482/1012 1291/1483/998 1289/1484/1011
f 1289/1484/1011 1288/1485/1010 1290/1482/1012
f 1292/1486/1013 1274/1487/996 1277/1488/999
f 1277/1488/999 1293/1489/1014 1292/1486/1013
f 1294/1490/1015 1278/1491/1000 1274/1487/996
f 1274/1487/996 1292/1486/1013 1294/1490/1015
f 1295/1492/1016 1280/1468/1002 1278/1464/1000
f 1278/1464/1000 1294/1493/1015 1295/1492/1016
f 1296/1494/1017 1282/1470/1004 1280/1473/1002
f 1280/1473/1002 1295/1495/1016 1296/1494/1017
f 1297/1496/1018 1284/1497/1006 1282/1498/1004
f 1282/1498/1004 1296/1499/1017 1297/1496/1018
f 1298/1500/1019 1286/1476/1008 1284/1479/1006
f 1284/1479/1006 1297/1501/1018 1298/1500/1019
f 1299/1502/1020 1288/1480/1010 1286/1476/1008
f 1286/1476/1008 1298/1500/1019 1299/1502/1020
f 1300/1503/1014 1290/1482/1012 1288/1485/1010
f 1288/1485/1010 1299/1504/1020 1300/1503/1014
f 1301/1505/1021 1292/1486/1013 1293/1489/1014
f 1293/1489/1014 1302/1506/1022 1301/1505/1021
f 1303/1507/1023 1294/1490/1015 1292/1486/1013
f 1292/1486/1013 1301/1505/1021 1303/1507/1023
f 1304/1508/1024 1295/1492/1016 1294/1493/1015
f 1294/1493/1015 1303/1509/1023 1304/1508/1024
f 1305/1510/1025 1296/1511/1017 1295/1492/1016
f 1295/1492/1016 1304/1508/1024 1305/1510/1025
f 1306/1512/1026 1297/1496/1018 1296/1499/1017
f 1296/1499/1017 1305/1513/1025 1306/1512/1026
f 1307/1514/1027 1298/1515/1019 1297/1496/1018
f 1297/1496/1018 1306/1512/1026 1307/1514/1027
f 1308/1516/1028 1299/1502/1020 1298/1500/1019
f 1298/1500/1019 1307/1517/1027 1308/1516/1028
f 1309/1518/1022 1300/1519/1014 1299/1502/1020
f 1299/1502/1020 1308/1516/1028 1309/1518/1022
f 1310/1520/1029 1301/1505/1021 1302/1506/1022
f 1302/1506/1022 1311/1521/1030 1310/1520/1029
f 1312/1522/1031 1303/1507/1023 1301/1505/1021
f 1301/1505/1021 1310/1520/1029 1312/1522/1031
f 1313/1523/1032 1304/1508/1024 1303/1509/1023
f 1303/1509/1023 1312/1524/1031 1313/1523/1032
f 1314/1525/1033 1305/1510/1025 1304/1508/1024
f 1304/1508/1024 1313/1523/1032 1314/1525/1033
f 1315/1526/1034 1306/1512/1026 1305/1513/1025
f 1305/1513/1025 1314/1527/1033 1315/1526/1034
f 1316/1528/1035 1307/1514/1027 1306/1512/1026
f 1306/1512/1026 1315/1526/1034 1316/1528/1035
f 1317/1529/1036 1308/1516/1028 1307/1517/1027
f 1307/1517/1027 1316/1530/1035 1317/1529/1036
f 1318/1531/1037 1309/1518/1022 1308/1516/1028
f 1308/1516/1028 1317/1529/1036 1318/1531/1037
f 1319/1532/1038 1310/1520/1029 1311/1521/1030
f 1311/1521/1030 1320/1533/1039 1319/1532/1038
f 1321/1534/1040 1312/1522/1031 1310/1520/1029
f 1310/1520/1029 1319/1532/1038 1321/1534/1040
f 1322/1535/1041 1313/1523/1032 1312/1524/1031
f 1312/1524/1031 1321/1536/1040 1322/1535/1041
f 1323/1537/1042 1314/1525/1033 1313/1523/1032
f 1313/1523/1032 1322/1535/1041 1323/1537/1042
f 1324/1538/1043 1315/1526/1034 1314/1527/1033
f 1314/1527/1033 1323/1539/1042 1324/1538/1043
f 1325/1540/1044 1316/1528/1035 1315/1526/1034
f 1315/1526/1034 1324/1538/1043 1325/1540/1044
f 1326/1541/1045 1317/1529/1036 1316/1530/1035
f 1316/1530/1035 1325/1542/1044 1326/1541/1045
f 1327/1543/1046 1318/1531/1037 1317/1529/1036
f 1317/1529/1036 1326/1541/1045 1327/1543/1046
f 1328/1544/1047 1319/1532/1038 1320/1533/1039
f 1320/1533/1039 1329/1545/1048 1328/1544/1047
f 1330/1546/1049 1321/1534/1040 1319/1532/1038
f 1319/1532/1038 1328/1544/1047 1330/1546/1049
f 1331/1547/1050 1322/1535/1041 1321/1536/1040
f 1321/1536/1040 1330/1548/1049 1331/1547/1050
f 1332/1549/1051 1323/1537/1042 1322/1535/1041
f 1322/1535/1041 1331/1547/1050 1332/1549/1051
f 1333/1550/1052 1324/1538/1043 1323/1539/1042
f 1323/1539/1042 1332/1551/1051 1333/1550/1052
f 1334/1552/1053 1325/1540/1044 1324/1538/1043
f 1324/1538/1043 1333/1550/1052 1334/1552/1053
f 1335/1553/1054 1326/1541/1045 1325/1542/1044
f 1325/1542/1044 1334/1554/1053 1335/1553/1054
f 1336/1555/1055 1327/1543/1046 1326/1541/1045
f 1326/1541/1045 1335/1553/1054 1336/1555/1055
f 1337/1556/1056 1328/1544/1047 1329/1545/1048
f 1329/1545/1048 1338/1557/1057 1337/1556/1056
f 1339/1558/1058 1330/1546/1049 1328/1544/1047
f 1328/1544/1047 1337/1556/1056 1339/1558/1058
f 1340/1559/1059 1331/1547/1050 1330/1548/1049
f 1330/1548/1049 1339/1560/1058 1340/1559/1059
f 1341/1561/1060 1332/1549/1051 1331/1547/1050
f 1331/1547/1050 1340/1559/1059 1341/1561/1060
f 1342/1562/1061 1333/1550/1052 1332/1551/1051
f 1332/1551/1051 1341/1563/1060 1342/1562/1061
f 1343/1564/1062 1334/1552/1053 1333/1550/1052
f 1333/1550/1052 1342/1562/1061 1343/1564/1062
f 1344/1565/1063 1335/1553/1054 1334/1554/1053
f 1334/1554/1053 1343/1566/1062 1344/1565/1063
f 1345/1567/1064 1336/1555/1055 1335/1553/1054
f 1335/1553/1054 1344/1565/1063 1345/1567/1064
f 1346/1568/1065 1337/1556/1056 1338/1557/1057
f 1338/1557/1057 1347/1569/1066 1346/1568/1065
f 1348/1570/1067 1339/1558/1058 1337/1556/1056
f 1337/1556/1056 1346/1568/1065 1348/1570/1067
f 1349/1571/1068 1340/1572/1059 1339/1573/1058
f 1339/1573/1058 1348/1574/1067 1349/1571/1068
f 1350/1575/1069 1341/1576/1060 1340/1572/1059
f 1340/1572/1059 1349/1571/1068 1350/1575/1069
f 1351/1577/1070 1342/1562/1061 1341/1563/1060
f 1341/1563/1060 1350/1578/1069 1351/1577/1070
f 1352/1579/1071 1343/1564/1062 1342/1562/1061
f 1342/1562/1061 1351/1577/1070 1352/1579/1071
f 1353/1580/1072 1344/1581/1063 1343/1582/1062
f 1343/1582/1062 1352/1583/1071 1353/1580/1072
f 1354/1584/1073 1345/1585/1064 1344/1581/1063
f 1344/1581/1063 1353/1580/1072 1354/1584/1073
f 1355/1586/1074 1346/1568/1065 1347/1569/1066
f 1347/1569/1066 1356/1587/1075 1355/1586/1074
f 1357/1588/1076 1348/1570/1067 1346/1568/1065
f 1346/1568/1065 1355/1586/1074 1357/1588/1076
f 1358/1589/1077 1349/1571/1068 1348/1574/1067
f 1348/1574/1067 1357/1590/1076 1358/1589/1077
f 1359/1591/1078 1350/1575/1069 1349/1571/1068
f 1349/1571/1068 1358/1589/1077 1359/1591/1078
f 1360/1592/1079 1351/1577/1070 1350/1578/1069
f 1350/1578/1069 1359/1593/1078 1360/1592/1079
f 1361/1594/1080 1352/1579/1071 1351/1577/1070
f 1351/1577/1070 1360/1592/1079 1361/1594/1080
f 1362/1595/1081 1353/1580/1072 1352/1583/1071
f 1352/1583/1071 1361/1596/1080 1362/1595/1081
f 1363/1597/1075 1354/1584/1073 1353/1580/1072
f 1353/1580/1072 1362/1595/1081 1363/1597/1075
f 1364/1598/130 1365/1599/1082 1366/1600/1083
f 1366/1600/1083 1367/1601/1084 1364/1598/130
f 1365/1602/1082 1368/1603/182 1369/1604/1085
f 1369/1604/1085 1366/1605/1083 1365/1602/1082
f 1368/1603/182 1370/1606/912 1371/1607/1086
f 1371/1607/1086 1369/1604/1085 1368/1603/182
f 1370/1608/912 1372/1609/591 1373/1610/1087
f 1373/1610/1087 1371/1611/1086 1370/1608/912
f 1372/1609/591 1374/1612/1088 1375/1613/1089
f 1375/1613/1089 1373/1610/1087 1372/1609/591
f 1376/1614/1088 1377/1615/131 1378/1616/1090
f 1378/1616/1090 1379/1617/1089 1376/1614/1088
f 1377/1615/131 1380/1618/1091 1381/1619/1092
f 1381/1619/1092 1378/1616/1090 1377/1615/131
f 1380/1620/1091 1364/1598/130 1367/1601/1084
f 1367/1601/1084 1381/1621/1092 1380/1620/1091
f 1382/1622/1093 1383/1623/1094 1384/1624/130
f 1384/1624/130 1385/1625/1095 1382/1622/1093
f 1383/1626/1094 1382/1627/1093 1386/1628/1096
f 1386/1628/1096 1387/1629/1097 1383/1626/1094
f 1385/1625/1095 1384/1624/130 1388/1630/1098
f 1388/1630/1098 1389/1631/1099 1385/1625/1095
f 1390/1632/1100 1382/1622/1093 1385/1625/1095
f 1385/1625/1095 1391/1633/1101 1390/1632/1100
f 1392/1634/1102 1386/1628/1096 1382/1627/1093
f 1382/1627/1093 1390/1635/1100 1392/1634/1102
f 1393/1636/1103 1394/1637/1104 1386/1638/1096
f 1386/1638/1096 1392/1639/1102 1393/1636/1103
f 1395/1640/1105 1396/1641/1106 1394/1637/1104
f 1394/1637/1104 1393/1636/1103 1395/1640/1105
f 1397/1642/1107 1389/1643/1099 1398/1644/1108
f 1398/1644/1108 1399/1645/1105 1397/1642/1107
f 1391/1633/1101 1385/1625/1095 1389/1631/1099
f 1389/1631/1099 1397/1646/1107 1391/1633/1101
f 1400/1647/1109 1390/1632/1100 1391/1633/1101
f 1391/1633/1101 1401/1648/1110 1400/1647/1109
f 1402/1649/1111 1392/1634/1102 1390/1635/1100
f 1390/1635/1100 1400/1650/1109 1402/1649/1111
f 1403/1651/1112 1393/1636/1103 1392/1639/1102
f 1392/1639/1102 1402/1652/1111 1403/1651/1112
f 1404/1653/1113 1395/1640/1105 1393/1636/1103
f 1393/1636/1103 1403/1651/1112 1404/1653/1113
f 1405/1654/1114 1397/1642/1107 1399/1645/1105
f 1399/1645/1105 1406/1655/1113 1405/1654/1114
f 1401/1648/1110 1391/1633/1101 1397/1646/1107
f 1397/1646/1107 1405/1656/1114 1401/1648/1110
f 1407/1657/1115 1400/1658/1109 1401/1659/1110
f 1401/1659/1110 1408/1660/1116 1407/1657/1115
f 1409/1661/1117 1402/1649/1111 1400/1650/1109
f 1400/1650/1109 1407/1662/1115 1409/1661/1117
f 1410/1663/1118 1403/1651/1112 1402/1652/1111
f 1402/1652/1111 1409/1664/1117 1410/1663/1118
f 1411/1665/1119 1404/1666/1113 1403/1667/1112
f 1403/1667/1112 1410/1668/1118 1411/1665/1119
f 1412/1669/1120 1405/1654/1114 1406/1655/1113
f 1406/1655/1113 1413/1670/1119 1412/1669/1120
f 1408/1660/1116 1401/1659/1110 1405/1671/1114
f 1405/1671/1114 1412/1672/1120 1408/1660/1116
f 1414/1673/1121 1407/1657/1115 1408/1660/1116
f 1408/1660/1116 1415/1674/1122 1414/1673/1121
f 1416/1675/1123 1409/1661/1117 1407/1662/1115
f 1407/1662/1115 1414/1676/1121 1416/1675/1123
f 1417/1677/1124 1410/1668/1118 1409/1678/1117
f 1409/1678/1117 1416/1679/1123 1417/1677/1124
f 1418/1680/1125 1411/1665/1119 1410/1668/1118
f 1410/1668/1118 1417/1677/1124 1418/1680/1125
f 1419/1681/1126 1412/1669/1120 1413/1670/1119
f 1413/1670/1119 1420/1682/1125 1419/1681/1126
f 1415/1674/1122 1408/1660/1116 1412/1672/1120
f 1412/1672/1120 1419/1683/1126 1415/1674/1122
f 1421/1684/1127 1414/1673/1121 1415/1674/1122
f 1415/1674/1122 1422/1685/1128 1421/1684/1127
f 1423/1686/1129 1416/1675/1123 1414/1676/1121
f 1414/1676/1121 1421/1687/1127 1423/1686/1129
f 1424/1688/1130 1417/1677/1124 1416/1679/1123
f 1416/1679/1123 1423/1689/1129 1424/1688/1130
f 1425/1690/1131 1418/1680/1125 1417/1677/1124
f 1417/1677/1124 1424/1688/1130 1425/1690/1131
f 1426/1691/1132 1419/1681/1126 1420/1682/1125
f 1420/1682/1125 1427/1692/1131 1426/1691/1132
f 1422/1685/1128 1415/1674/1122 1419/1683/1126
f 1419/1683/1126 1426/1693/1132 1422/1685/1128
f 1428/1694/1133 1421/1684/1127 1422/1685/1128
f 1422/1685/1128 1429/1695/1134 1428/1694/1133
f 1430/1696/1135 1423/1686/1129 1421/1687/1127
f 1421/1687/1127 1428/1697/1133 1430/1696/1135
f 1431/1698/1136 1424/1688/1130 1423/1689/1129
f 1423/1689/1129 1430/1699/1135 1431/1698/1136
f 1432/1700/1137 1425/1690/1131 1424/1688/1130
f 1424/1688/1130 1431/1698/1136 1432/1700/1137
f 1433/1701/1138 1426/1691/1132 1427/1692/1131
f 1427/1692/1131 1434/1702/1139 1433/1701/1138
f 1429/1695/1134 1422/1685/1128 1426/1693/1132
f 1426/1693/1132 1433/1703/1138 1429/1695/1134
f 1435/1704/1140 1428/1694/1133 1429/1695/1134
f 1429/1695/1134 1436/1705/1141 1435/1704/1140
f 1437/1706/1142 1430/1696/1135 1428/1697/1133
f 1428/1697/1133 1435/1707/1140 1437/1706/1142
f 1438/1708/1143 1431/1698/1136 1430/1699/1135
f 1430/1699/1135 1437/1709/1142 1438/1708/1143
f 1439/1710/1144 1432/1700/1137 1431/1698/1136
f 1431/1698/1136 1438/1708/1143 1439/1710/1144
f 1440/1711/1145 1433/1701/1138 1434/1702/1139
f 1434/1702/1139 1441/1712/1146 1440/1711/1145
f 1436/1705/1141 1429/1695/1134 1433/1703/1138
f 1433/1703/1138 1440/1713/1145 1436/1705/1141
f 1442/1714/1147 1435/1704/1140 1436/1705/1141
f 1436/1705/1141 1443/1715/1148 1442/1714/1147
f 1444/1716/1149 1437/1706/1142 1435/1707/1140
f 1435/1707/1140 1442/1717/1147 1444/1716/1149
f 1445/1718/1150 1438/1708/1143 1437/1709/1142
f 1437/1709/1142 1444/1719/1149 1445/1718/1150
f 1446/1720/1151 1439/1710/1144 1438/1708/1143
f 1438/1708/1143 1445/1718/1150 1446/1720/1151
f 1447/1721/1152 1440/1711/1145 1441/1712/1146
f 1441/1712/1146 1448/1722/1151 1447/1721/1152
f 1443/1715/1148 1436/1705/1141 1440/1713/1145
f 1440/1713/1145 1447/1723/1152 1443/1715/1148
f 1449/1724/1153 1442/1714/1147 1443/1715/1148
f 1443/1715/1148 1450/1725/1154 1449/1724/1153
f 1451/1726/1155 1444/1727/1149 1442/1728/1147
f 1442/1728/1147 1449/1729/1153 1451/1726/1155
f 1452/1730/1156 1445/1718/1150 1444/1719/1149
f 1444/1719/1149 1451/1731/1155 1452/1730/1156
f 1453/1732/1157 1446/1720/1151 1445/1718/1150
f 1445/1718/1150 1452/1730/1156 1453/1732/1157
f 1454/1733/1158 1447/1734/1152 1448/1735/1151
f 1448/1735/1151 1455/1736/1157 1454/1733/1158
f 1450/1725/1154 1443/1715/1148 1447/1723/1152
f 1447/1723/1152 1454/1737/1158 1450/1725/1154
f 1456/1738/1159 1449/1724/1153 1450/1725/1154
f 1450/1725/1154 1457/1739/1160 1456/1738/1159
f 1458/1740/1161 1451/1741/1155 1449/1742/1153
f 1449/1742/1153 1456/1743/1159 1458/1740/1161
f 1459/1744/1162 1452/1730/1156 1451/1731/1155
f 1451/1731/1155 1458/1745/1161 1459/1744/1162
f 1460/1746/1163 1453/1732/1157 1452/1730/1156
f 1452/1730/1156 1459/1744/1162 1460/1746/1163
f 1461/1747/1164 1454/1748/1158 1455/1749/1157
f 1455/1749/1157 1462/1750/1165 1461/1747/1164
f 1457/1739/1160 1450/1725/1154 1454/1737/1158
f 1454/1737/1158 1461/1751/1164 1457/1739/1160
f 1463/1752/1166 1464/1753/1167 1465/1754/1168
f 1465/1754/1168 1466/1755/1169 1463/1752/1166
f 1467/1756/1170 1468/1757/1171 1464/1758/1167
f 1464/1758/1167 1463/1759/1166 1467/1756/1170
f 1469/1760/1172 1470/1761/1173 1468/1762/1171
f 1468/1762/1171 1467/1763/1170 1469/1760/1172
f 1471/1764/1174 1472/1765/1175 1470/1761/1173
f 1470/1761/1173 1469/1760/1172 1471/1764/1174
f 1473/1766/1176 1474/1767/1177 1472/1768/1175
f 1472/1768/1175 1471/1769/1174 1473/1766/1176
f 1466/1755/1169 1465/1754/1168 1475/1770/1178
f 1475/1770/1178 1476/1771/1179 1466/1755/1169
f 1477/1772/1180 1463/1752/1166 1466/1755/1169
f 1466/1755/1169 1478/1773/1181 1477/1772/1180
f 1479/1774/1182 1467/1756/1170 1463/1759/1166
f 1463/1759/1166 1477/1775/1180 1479/1774/1182
f 1480/1776/1183 1469/1760/1172 1467/1763/1170
f 1467/1763/1170 1479/1777/1182 1480/1776/1183
f 1481/1778/1184 1471/1779/1174 1469/1780/1172
f 1469/1780/1172 1480/1781/1183 1481/1778/1184
f 1482/1782/1185 1473/1766/1176 1471/1769/1174
f 1471/1769/1174 1481/1783/1184 1482/1782/1185
f 1478/1773/1181 1466/1755/1169 1476/1771/1179
f 1476/1771/1179 1483/1784/1185 1478/1773/1181
f 1484/1785/591 1485/1786/1186 1477/1772/1180
f 1477/1772/1180 1478/1773/1181 1484/1785/591
f 1485/1787/1186 1486/1788/1171 1479/1774/1182
f 1479/1774/1182 1477/1775/1180 1485/1787/1186
f 1486/1789/1171 1487/1790/130 1480/1776/1183
f 1480/1776/1183 1479/1777/1182 1486/1789/1171
f 1480/1776/1183 1487/1790/130 1488/1791/1187
f 1488/1791/1187 1481/1792/1184 1480/1776/1183
f 1481/1783/1184 1488/1793/1187 1489/1794/1188
f 1489/1794/1188 1482/1782/1185 1481/1783/1184
f 1483/1784/1185 1490/1795/1189 1484/1785/591
f 1484/1785/591 1478/1773/1181 1483/1784/1185
f 1491/1796/1190 1492/1797/1191 1493/1798/1192
f 1493/1798/1192 1494/1799/1193 1491/1796/1190
f 1495/1800/1194 1496/1801/1195 1492/1802/1191
f 1492/1802/1191 1491/1803/1190 1495/1800/1194
f 1497/1804/1196 1498/1805/1197 1496/1806/1195
f 1496/1806/1195 1495/1807/1194 1497/1804/1196
f 1499/1808/1198 1500/1809/1199 1498/1805/1197
f 1498/1805/1197 1497/1804/1196 1499/1808/1198
f 1501/1810/1200 1502/1811/1201 1500/1812/1199
f 1500/1812/1199 1499/1813/1198 1501/1810/1200
f 1503/1814/1202 1504/1815/1192 1502/1816/1201
f 1502/1816/1201 1501/1817/1200 1503/1814/1202
f 1505/1818/1203 1491/1819/1190 1494/1820/1193
f 1494/1820/1193 1506/1821/1204 1505/1818/1203
f 1507/1822/1205 1495/1800/1194 1491/1803/1190
f 1491/1803/1190 1505/1823/1203 1507/1822/1205
f 1508/1824/1206 1497/1825/1196 1495/1826/1194
f 1495/1826/1194 1507/1827/1205 1508/1824/1206
f 1509/1828/1207 1499/1829/1198 1497/1825/1196
f 1497/1825/1196 1508/1824/1206 1509/1828/1207
f 1510/1830/1208 1501/1810/1200 1499/1813/1198
f 1499/1813/1198 1509/1831/1207 1510/1830/1208
f 1511/1832/1204 1503/1833/1202 1501/1834/1200
f 1501/1834/1200 1510/1835/1208 1511/1832/1204
f 1512/1836/1209 1505/1818/1203 1506/1821/1204
f 1506/1821/1204 1513/1837/1210 1512/1836/1209
f 1514/1838/1211 1507/1822/1205 1505/1823/1203
f 1505/1823/1203 1512/1839/1209 1514/1838/1211
f 1515/1840/1212 1508/1824/1206 1507/1827/1205
f 1507/1827/1205 1514/1841/1211 1515/1840/1212
f 1516/1842/1213 1509/1828/1207 1508/1824/1206
f 1508/1824/1206 1515/1840/1212 1516/1842/1213
f 1517/1843/1214 1510/1830/1208 1509/1831/1207
f 1509/1831/1207 1516/1844/1213 1517/1843/1214
f 1518/1845/1215 1511/1832/1204 1510/1835/1208
f 1510/1835/1208 1517/1846/1214 1518/1845/1215
s 0
f 1519/1847/1216 1520/1848/1216 1521/1849/1216
f 1521/1849/1216 1522/1850/1216 1523/1851/1216
f 1523/1851/1216 1519/1847/1216 1521/1849/1216
f 1524/1852/1216 1522/1850/1216 1521/1849/1216
s 1
f 868/1009/730 882/1023/730 869/1010/731
f 882/1023/730 1525/1853/730 869/1010/731
f 62/65/62 65/68/65 1526/1854/1217
f 1526/1854/1217 1527/1855/1218 62/65/62
f 111/152/111 135/151/133 1528/1856/1219
f 1528/1856/1219 1529/1857/1220 111/152/111
f 112/128/112 111/127/111 1529/1858/1220
f 1529/1858/1220 1530/1859/1221 112/128/112
f 132/148/130 79/85/79 113/129/113
f 113/129/113 1531/1860/130 132/148/130
f 245/274/200 86/92/86 134/150/132
f 134/150/132 1532/1861/1222 245/274/200
f 490/559/417 489/558/416 1533/1862/1223
f 1533/1862/1223 1534/1863/1224 490/559/417
f 603/699/519 1535/1864/1225 1536/1865/1225
f 1536/1865/1225 604/700/520 603/699/519
f 614/712/528 613/711/527 1537/1866/131
f 1537/1866/131 1538/1867/131 614/712/528
f 625/724/536 624/723/535 1539/1868/1226
f 1539/1868/1226 1540/1869/1227 625/724/536
f 650/751/558 649/750/557 1541/1870/1228
f 1541/1870/1228 1542/1871/1229 650/751/558
f 683/791/587 682/790/586 1543/1872/1230
f 1543/1872/1230 1544/1873/1231 683/791/587
f 1545/1874/1232 1546/1875/1233 1547/1876/1233
f 1547/1876/1233 1548/1877/1232 1545/1874/1232
f 1549/1878/1234 1550/1879/1235 862/1003/726
f 862/1003/726 865/1006/728 1549/1878/1234
f 853/992/720 852/991/719 1551/1880/1236
f 1551/1880/1236 1552/1881/1236 853/992/720
s 0
f 1553/1882/591 1554/1883/591 1555/1884/591
f 1555/1884/591 1556/1885/591 1553/1882/591
s 1
f 1192/1360/947 1194/1362/949 1557/1886/131
f 1557/1886/131 1558/1887/131 1192/1360/947
s 0
f 1195/1363/130 1198/1366/130 1559/1888/130
f 1559/1888/130 1560/1889/130 1195/1363/130
s 1
f 1238/1406/975 1237/1405/974 1561/1890/1237
f 1561/1890/1237 1562/1891/1237 1238/1406/975
f 1202/1370/953 1201/1369/952 1563/1892/959
f 1563/1892/959 1564/1893/959 1202/1370/953
f 1267/1443/989 1266/1442/988 1565/1894/1091
f 1565/1894/1091 1566/1895/1091 1267/1443/989
f 1276/1462/998 1275/1461/997 1567/1896/912
f 1567/1896/912 1568/1897/591 1276/1462/998
f 1275/1466/997 1279/1465/1001 1569/1898/182
f 1569/1898/182 1567/1899/912 1275/1466/997
f 1279/1465/1001 1281/1469/1003 1570/1900/1082
f 1570/1900/1082 1569/1898/182 1279/1465/1001
f 1281/1472/1003 1283/1471/1005 1571/1901/130
f 1571/1901/130 1570/1902/1082 1281/1472/1003
f 1283/1471/1005 1285/1475/1007 1572/1903/1091
f 1572/1903/1091 1571/1901/130 1283/1471/1005
f 1572/1904/1091 1285/1478/1007 1287/1477/1009
f 1287/1477/1009 1573/1905/131 1572/1904/1091
f 1573/1905/131 1287/1477/1009 1289/1481/1011
f 1289/1481/1011 1574/1906/1088 1573/1905/131
f 1574/1907/1088 1289/1484/1011 1291/1483/998
f 1291/1483/998 1575/1908/591 1574/1907/1088
f 1386/1638/1096 1394/1637/1104 1576/1909/591
f 1576/1909/591 1387/1910/1097 1386/1638/1096
f 1394/1637/1104 1396/1641/1106 1577/1911/1238
f 1577/1911/1238 1576/1909/591 1394/1637/1104
f 1578/1912/1238 1398/1644/1108 1389/1643/1099
f 1389/1643/1099 1388/1913/1098 1578/1912/1238
f 1579/1914/1239 1580/1915/1240 1581/1916/1241
f 1581/1916/1241 1582/1917/1242 1579/1914/1239
f 1583/1918/1243 1584/1919/1244 1585/1920/1245
f 1585/1920/1245 1586/1921/1246 1583/1918/1243
f 1587/1922/1247 1584/1919/1244 1583/1918/1243
f 1583/1918/1243 1588/1923/1248 1587/1922/1247
f 1589/1924/1249 1582/1917/1242 1581/1916/1241
f 1581/1916/1241 1590/1925/1250 1589/1924/1249
f 1591/1926/1251 1592/1927/1252 1593/1928/1253
f 1594/1929/1254 1595/1930/1255 1596/1931/1256
f 1596/1931/1256 1597/1932/1257 1594/1929/1254
f 1598/1933/1258 1599/1934/1259 1596/1931/1256
f 1596/1931/1256 1595/1930/1255 1598/1933/1258
f 1600/1935/1260 1601/1936/1261 1602/1937/1262
f 1602/1937/1262 1603/1938/1263 1600/1935/1260
f 1604/1939/1264 1605/1940/1265 1606/1941/1266
f 1606/1941/1266 1607/1942/1267 1604/1939/1264
f 1608/1943/1268 1609/1944/1269 1610/1945/1270
f 1610/1945/1270 1611/1946/1271 1608/1943/1268
f 1612/1947/1272 1602/1937/1262 1601/1936/1261
f 1613/1948/1273 1614/1949/1274 1615/1950/1275
f 1615/1950/1275 1616/1951/1276 1613/1948/1273
f 1600/1935/1260 1603/1938/1263 1617/1952/1277
f 1618/1953/1278 1619/1954/1279 1620/1955/1280
f 1621/1956/1281 1622/1957/1282 1623/1958/1283
f 1624/1959/1284 1625/1415/1285 1626/1960/1286
f 1627/1961/1287 1581/1962/1241 1580/1963/1240
f 1580/1963/1240 1628/1964/1288 1627/1961/1287
f 1627/1961/1287 1629/1965/1289 1590/1966/1250
f 1590/1966/1250 1581/1962/1241 1627/1961/1287
f 1629/1965/1289 1627/1961/1287 1630/1967/1290
f 1630/1967/1290 1631/1968/1291 1629/1965/1289
f 1632/1969/1292 1633/1970/1293 1590/1966/1250
f 1590/1966/1250 1629/1965/1289 1632/1969/1292
f 1634/1971/1294 1633/1970/1293 1632/1969/1292
f 1632/1969/1292 1635/1972/1295 1634/1971/1294
f 1636/1973/1296 1637/1974/1297 1638/1975/1298
f 1638/1975/1298 1639/1976/1299 1636/1973/1296
f 1640/1977/1300 1641/1978/1301 1642/1979/1302
f 1642/1979/1302 1643/1980/1303 1640/1977/1300
f 1644/1981/1304 1645/1982/1305 1646/1983/1306
f 1646/1983/1306 1647/1984/1307 1644/1981/1304
f 1648/1985/1308 1605/1986/1265 1649/1987/1309
f 1649/1987/1309 1650/1988/1310 1648/1985/1308
f 1651/1989/1311 1616/1990/1276 1652/1991/1312
f 1652/1991/1312 1653/1992/1313 1651/1989/1311
f 1653/1992/1313 1654/1993/1314 1655/1994/1315
f 1655/1994/1315 1651/1989/1311 1653/1992/1313
f 1613/1995/1273 1616/1990/1276 1651/1989/1311
f 1651/1989/1311 1656/1996/1316 1613/1995/1273
f 1655/1994/1315 1657/1997/1317 1656/1996/1316
f 1656/1996/1316 1651/1989/1311 1655/1994/1315
f 1658/1998/1318 1659/1999/1319 1660/2000/1320
f 1660/2000/1320 1661/2001/1321 1658/1998/1318
f 1662/2002/1322 1663/2003/1323 1664/2004/1324
f 1664/2004/1324 1665/2005/1325 1662/2002/1322
f 1647/1984/1307 1666/2006/1326 1644/1981/1304
f 1667/2007/1327 1668/2008/1328 1669/2009/1329
f 1669/2009/1329 1604/2010/1264 1667/2007/1327
f 1604/2010/1264 1670/2011/1330 1649/1987/1309
f 1649/1987/1309 1605/1986/1265 1604/2010/1264
f 1653/1992/1313 1652/1991/1312 1620/2012/1280
f 1620/2012/1280 1671/2013/1331 1653/1992/1313
f 1671/2013/1331 1672/2014/1332 1654/1993/1314
f 1654/1993/1314 1653/1992/1313 1671/2013/1331
f 1652/2015/1312 1673/2016/1333 1674/2017/1334
f 1667/2018/1327 1604/1939/1264 1607/1942/1267
f 1607/1942/1267 1675/2019/1335 1667/2018/1327
f 1614/1949/1274 1613/1948/1273 1676/2020/1336
f 1676/2020/1336 1609/1944/1269 1614/1949/1274
f 1671/2013/1331 1620/2012/1280 1619/2021/1279
f 1619/2021/1279 1677/2022/1337 1671/2013/1331
f 1678/2023/1338 1672/2014/1332 1671/2013/1331
f 1671/2013/1331 1677/2022/1337 1678/2023/1338
f 1679/2024/1339 1680/2025/1340 1648/2026/1308
f 1648/2026/1308 1681/2027/1341 1679/2024/1339
f 1682/2028/1342 1612/1947/1272 1601/1936/1261
f 1683/2029/1343 1684/2030/1344 1685/2031/1345
f 1685/2031/1345 1686/2032/1346 1683/2029/1343
f 1605/1940/1265 1648/2026/1308 1680/2025/1340
f 1680/2025/1340 1606/1941/1266 1605/1940/1265
f 1676/2033/1336 1613/1995/1273 1656/1996/1316
f 1656/1996/1316 1687/2034/1347 1676/2033/1336
f 1688/2035/1348 1668/2036/1328 1667/2037/1327
f 1667/2037/1327 1675/2038/1335 1688/2035/1348
f 1668/2036/1328 1688/2035/1348 1689/2039/1349
f 1689/2039/1349 1690/2040/1350 1668/2036/1328
f 1687/2034/1347 1656/1996/1316 1657/1997/1317
f 1657/1997/1317 1691/2041/1351 1687/2034/1347
f 1692/2042/1352 117/133/117 116/132/116
f 116/132/116 1693/2043/1353 1692/2042/1352
f 118/134/118 1694/2044/1354 1695/2045/1355
f 1695/2045/1355 119/135/119 118/134/118
f 1696/2046/1356 123/139/123 119/135/119
f 119/135/119 1695/2045/1355 1696/2046/1356
f 1630/1967/1290 1627/1961/1287 1628/1964/1288
f 1628/1964/1288 1697/2047/1357 1630/1967/1290
f 1638/1975/1298 126/142/126 125/141/125
f 125/141/125 1639/1976/1299 1638/1975/1298
f 1694/2044/1354 118/134/118 128/144/128
f 128/144/128 1698/2048/1358 1694/2044/1354
f 1699/2049/1359 1632/1969/1292 1629/1965/1289
f 1629/1965/1289 1631/1968/1291 1699/2049/1359
f 130/146/130 131/147/130 1655/1994/1315
f 1655/1994/1315 1654/1993/1314 130/146/130
f 131/147/130 132/148/130 1657/1997/1317
f 1657/1997/1317 1655/1994/1315 131/147/130
f 133/149/131 1665/2005/1325 1664/2004/1324
f 1664/2004/1324 134/150/132 133/149/131
f 1700/2050/1360 1669/2009/1329 1668/2008/1328
f 1668/2008/1328 1690/2051/1350 1700/2050/1360
f 1672/2014/1332 136/153/134 130/146/130
f 130/146/130 1654/1993/1314 1672/2014/1332
f 137/154/135 136/153/134 1672/2014/1332
f 1672/2014/1332 1678/2023/1338 137/154/135
f 1701/2052/1361 1683/2029/1343 1686/2032/1346
f 1659/2053/1319 1658/2054/1318 1702/2055/1362
f 1702/2055/1362 1703/2056/1363 1659/2053/1319
f 1704/2057/1364 1705/2058/1365 1706/2059/1366
f 1706/2059/1366 1707/2060/1367 1704/2057/1364
f 1704/2057/1364 1708/2061/1368 1709/2062/1369
f 1709/2062/1369 1705/2058/1365 1704/2057/1364
f 1709/2062/1369 1708/2061/1368 1685/2031/1345
f 1685/2031/1345 1684/2030/1344 1709/2062/1369
s 0
f 1710/2063/941 1711/2064/941 1712/2065/941
f 1712/2065/941 1713/2066/941 1710/2063/941
f 1712/2065/941 1714/2067/941 1715/2068/941
f 1715/2068/941 1713/2066/941 1712/2065/941
f 1714/2067/941 1716/2069/941 1717/2070/941
f 1717/2070/941 1715/2068/941 1714/2067/941
f 1716/2069/941 1718/2071/941 1719/2072/941
f 1719/2072/941 1717/2070/941 1716/2069/941
f 1719/2072/941 1718/2071/941 1720/2073/941
f 1720/2073/941 1721/2074/941 1719/2072/941
f 1711/2064/941 1710/2063/941 1722/2075/941
f 1722/2075/941 1723/2076/941 1711/2064/941
f 1724/2077/941 1725/2078/941 1723/2076/941
f 1723/2076/941 1722/2075/941 1724/2077/941
f 1724/2077/941 1726/2079/941 1727/2080/941
f 1727/2080/941 1725/2078/941 1724/2077/941
f 1728/2081/941 1721/2074/941 1720/2073/941
f 1720/2073/941 1729/2082/941 1728/2081/941
f 1730/2083/941 1731/2084/941 1728/2081/941
f 1728/2081/941 1729/2082/941 1730/2083/941
f 1732/2085/941 1731/2084/941 1730/2083/941
f 1730/2083/941 1733/2086/941 1732/2085/941
f 1732/2085/941 1733/2086/941 1734/2087/941
f 1734/2087/941 1735/2088/941 1732/2085/941
f 1736/2089/941 1737/2090/941 1735/2088/941
f 1735/2088/941 1734/2087/941 1736/2089/941
f 1736/2089/941 1738/2091/941 1739/2092/941
f 1739/2092/941 1737/2090/941 1736/2089/941
f 1738/2091/941 1740/2093/941 1741/2094/941
f 1741/2094/941 1739/2092/941 1738/2091/941
f 1742/2095/941 1741/2094/941 1740/2093/941
f 1740/2093/941 1743/2096/941 1742/2095/941
s 1
f 1744/2097/1370 1745/2098/1371 1746/2099/1372
f 1746/2099/1372 1747/2100/1373 1744/2097/1370
f 1744/2097/1370 1747/2100/1373 1748/2101/1374
f 1748/2101/1374 1749/2102/1375 1744/2097/1370
f 1750/2103/1376 1751/2104/1377 1752/2105/1378
f 1752/2105/1378 1753/2106/1379 1750/2103/1376
f 1750/2103/1376 1753/2106/1379 1746/2099/1372
f 1746/2099/1372 1745/2098/1371 1750/2103/1376
f 1752/2107/1378 1751/2108/1377 1754/2109/1380
f 1754/2109/1380 1755/2110/1381 1752/2107/1378
f 1756/2111/1382 1749/2102/1375 1748/2101/1374
f 1748/2101/1374 1757/2112/1382 1756/2111/1382
f 1756/2111/1382 1757/2112/1382 1758/2113/1383
f 1758/2113/1383 1759/2114/1384 1756/2111/1382
f 1760/2115/1385 1761/2116/1385 1759/2117/1384
f 1759/2117/1384 1758/2118/1383 1760/2115/1385
f 1762/2119/1386 1763/2120/1387 1764/2121/1388
f 1765/2122/1389 1766/2123/1390 1767/2124/1391
f 1767/2124/1391 1768/2125/1392 1765/2122/1389
f 1769/2126/1393 1770/2127/1394 1771/2128/1395
f 1771/2128/1395 1772/2129/1396 1769/2126/1393
f 1773/2130/1397 1774/2131/1398 1775/2132/1399
f 1775/2132/1399 1776/2133/1400 1773/2130/1397
f 1773/2130/1397 1776/2133/1400 1769/2134/1393
f 1769/2134/1393 1772/2135/1396 1773/2130/1397
f 1774/2131/1398 1777/2136/1401 1778/2137/1402
f 1778/2137/1402 1775/2132/1399 1774/2131/1398
f 1777/2136/1401 1779/2138/1403 1780/2139/1404
f 1780/2139/1404 1778/2137/1402 1777/2136/1401
f 1781/2140/1405 1782/2141/1405 1780/2142/1404
f 1780/2142/1404 1779/2143/1403 1781/2140/1405
f 1591/1926/1251 1783/2144/1406 1784/2145/1407
f 1588/1923/1248 1593/1928/1253 1592/1927/1252
f 1592/1927/1252 1587/1922/1247 1588/1923/1248
s 0
f 1785/2146/182 1786/2147/182 1787/2148/182
s 1
f 1788/2149/1408 1789/2150/1409 1790/2151/1410
f 1790/2151/1410 1791/2152/1411 1788/2149/1408
f 1792/2153/1412 1783/2144/1406 1793/2154/1413
f 1633/2155/1293 1634/2156/1294 1794/2157/1414
f 1794/2157/1414 1795/2158/1415 1633/2155/1293
s 0
f 1796/2159/182 1786/2147/182 1785/2146/182
s 1
f 1590/1925/1250 1633/2155/1293 1795/2158/1415
f 1795/2158/1415 1589/1924/1249 1590/1925/1250
f 1797/2160/1416 1788/2149/1408 1791/2152/1411
f 1798/2161/1417 1799/2162/1418 1800/2163/1419
f 1800/2163/1419 1801/2164/1420 1798/2161/1417
f 1798/2161/1417 1802/2165/1421 1646/1983/1306
f 1801/2164/1420 1800/2163/1419 241/270/197
f 241/270/197 240/269/197 1801/2164/1420
f 1685/2031/1345 1803/2166/1422 1686/2032/1346
f 1804/2167/1423 1659/2053/1319 1703/2056/1363
f 1703/2056/1363 1805/2168/1424 1804/2167/1423
f 1806/2169/1425 1664/2004/1324 1663/2003/1323
f 1663/2003/1323 1807/2170/1426 1806/2169/1425
f 1808/2171/1427 1660/2000/1320 1659/1999/1319
f 1659/1999/1319 1804/2172/1423 1808/2171/1427
f 1809/2173/1428 1708/2061/1368 1704/2057/1364
f 1704/2057/1364 1810/2174/1429 1809/2173/1428
f 1809/2173/1428 1803/2166/1422 1685/2031/1345
f 1685/2031/1345 1708/2061/1368 1809/2173/1428
f 1707/2060/1367 1810/2174/1429 1704/2057/1364
f 1596/1931/1256 1811/2175/1430 1812/2176/1431
f 1812/2176/1431 1597/1932/1257 1596/1931/1256
f 1813/2177/1432 1814/2178/1433 1815/2179/1434
f 1792/2153/1412 1793/2154/1413 1813/2177/1432
f 1813/2177/1432 1815/2179/1434 1792/2153/1412
f 1615/1950/1275 1816/2180/1435 1616/1951/1276
f 1817/2181/1436 1818/2182/1437 1819/2183/1438
f 1819/2183/1438 1820/2184/1439 1817/2181/1436
f 1599/1934/1259 1598/1933/1258 1821/2185/1440
f 1821/2185/1440 1822/2186/1441 1599/1934/1259
f 1620/1955/1280 1823/2187/1442 1618/1953/1278
f 1601/1936/1261 1600/1935/1260 1824/2188/1443
f 1824/2188/1443 1825/2189/1444 1601/1936/1261
f 1825/2189/1444 1826/2190/1445 1601/1936/1261
f 1827/2191/1446 1828/2192/1447 1829/2193/1448
f 1829/2193/1448 1830/2194/1449 1827/2191/1446
f 1831/2195/1450 1617/1952/1277 1832/2196/1451
f 1833/2197/1452 1834/2198/1453 1835/2199/1454
f 1835/2199/1454 1836/2200/1448 1833/2197/1452
f 1837/2201/1455 1838/2202/1456 1839/2203/1457
f 1839/2203/1457 1840/2204/1458 1837/2201/1455
f 1841/2205/1459 1842/2206/1460 1822/2186/1441
f 1822/2186/1441 1821/2185/1440 1841/2205/1459
f 1843/2207/1461 1844/2208/1462 1818/2182/1437
f 1818/2182/1437 1845/2209/1463 1843/2207/1461
f 1617/1952/1277 1830/2194/1449 1829/2193/1448
f 1829/2193/1448 1832/2196/1451 1617/1952/1277
f 1818/2182/1437 1846/2210/1464 1836/2200/1448
f 1836/2200/1448 1835/2199/1454 1818/2182/1437
f 1827/2191/1446 1816/2180/1435 1847/2211/1465
f 1847/2211/1465 1828/2192/1447 1827/2191/1446
s 0
f 1833/2197/1466 1848/2212/1466 1849/2213/1466
f 1849/2213/1466 1834/2198/1467 1833/2197/1466
s 1
f 1614/1949/1274 1609/1944/1269 1850/2214/1468
f 1850/2214/1468 1851/2215/1469 1614/1949/1274
f 1850/2214/1468 1609/1944/1269 1608/1943/1268
f 1852/2216/1470 1615/1950/1275 1614/1949/1274
f 1614/1949/1274 1851/2215/1469 1852/2216/1470
f 1853/2217/1471 1611/1946/1271 1610/1945/1270
f 1610/1945/1270 1682/2028/1342 1853/2217/1471
f 1853/2217/1471 1682/2028/1342 1601/1936/1261
f 1601/1936/1261 1826/2190/1445 1853/2217/1471
f 1831/2195/1450 1824/2188/1443 1600/1935/1260
f 1600/1935/1260 1617/1952/1277 1831/2195/1450
f 1846/2210/1464 1818/2182/1437 1844/2208/1462
f 1615/1950/1275 1852/2216/1470 1847/2211/1465
f 1847/2211/1465 1816/2180/1435 1615/1950/1275
f 1854/2218/1472 1855/2219/1473 1856/2220/1474
f 1856/2220/1474 1857/2221/1475 1854/2218/1472
f 1848/2212/1466 1854/2218/1472 1857/2221/1475
f 1857/2221/1475 1849/2213/1466 1848/2212/1466
f 1673/2016/1333 1652/2015/1312 1616/1951/1276
f 1616/1951/1276 1816/2180/1435 1673/2016/1333
f 1842/2206/1460 1843/2207/1461 1845/2209/1463
f 1845/2209/1463 1822/2186/1441 1842/2206/1460
f 1858/2222/1476 1859/2223/1477 1841/2205/1459
f 1841/2205/1459 1821/2185/1440 1858/2222/1476
f 1821/2185/1440 1598/1933/1258 1858/2222/1476
f 1860/2224/1478 1859/2223/1477 1858/2222/1476
f 1858/2222/1476 1861/2225/1477 1860/2224/1478
f 1862/2226/1479 1863/2227/1480 1860/2224/1478
f 1860/2224/1478 1861/2225/1477 1862/2226/1479
f 1814/2178/1433 1813/2177/1432 1790/2151/1410
f 1790/2151/1410 1789/2150/1409 1814/2178/1433
f 1839/2203/1457 1864/2228/1481 1863/2227/1480
f 1863/2227/1480 1862/2226/1479 1839/2203/1457
f 1840/2204/1458 1856/2220/1474 1855/2219/1473
f 1855/2219/1473 1837/2201/1455 1840/2204/1458
f 1823/2187/1442 1620/1955/1280 1652/2015/1312
f 1652/2015/1312 1674/2017/1334 1823/2187/1442
f 1864/2228/1481 1839/2203/1457 1838/2202/1456
f 1865/2229/1482 1866/2230/1483 1867/2231/1484
f 1867/2231/1484 1868/2232/1485 1865/2229/1482
f 1869/2233/1486 1870/2234/1487 1868/2235/1488
f 1868/2235/1488 1871/2236/1489 1869/2233/1486
f 1872/2237/1490 1873/2238/1491 1870/2239/1487
f 1870/2239/1487 1869/2240/1486 1872/2237/1490
f 1874/2241/1492 1875/2242/1493 1873/2238/1491
f 1873/2238/1491 1872/2237/1490 1874/2241/1492
f 1876/2243/1494 1877/2244/1495 1875/2242/1493
f 1875/2242/1493 1874/2241/1492 1876/2243/1494
f 1878/2245/1496 1879/2246/1497 1877/2244/1495
f 1877/2244/1495 1876/2243/1494 1878/2245/1496
f 1880/2247/1498 1881/2248/1499 1879/2249/1497
f 1879/2249/1497 1878/2250/1496 1880/2247/1498
f 1882/2251/1500 1883/2252/1501 1881/2248/1499
f 1881/2248/1499 1880/2247/1498 1882/2251/1500
f 1883/2252/1501 1882/2251/1500 1884/2253/1502
f 1884/2253/1502 1885/2254/1503 1883/2252/1501
f 1886/2255/1504 1887/2256/1505 1885/2257/1503
f 1885/2257/1503 1884/2258/1502 1886/2255/1504
f 1888/2259/1506 1889/2260/1507 1887/2256/1505
f 1887/2256/1505 1886/2255/1504 1888/2259/1506
f 1890/2261/1508 1891/2262/1509 1889/2260/1507
f 1889/2260/1507 1888/2259/1506 1890/2261/1508
f 1891/2262/1509 1890/2261/1508 1892/2263/1510
f 1892/2263/1510 1893/2264/1511 1891/2262/1509
f 1866/2230/1483 1865/2229/1482 1893/2265/1511
f 1893/2265/1511 1892/2266/1510 1866/2230/1483
f 1894/2267/1512 1895/2268/1513 1896/2269/1514
f 1896/2269/1514 1897/2270/1515 1894/2267/1512
f 1898/2271/1516 1899/2272/1517 1895/2273/1513
f 1895/2273/1513 1894/2274/1512 1898/2271/1516
f 1900/2275/1518 1901/2276/1519 1899/2272/1517
f 1899/2272/1517 1898/2271/1516 1900/2275/1518
f 1902/2277/1520 1903/2278/1521 1901/2276/1519
f 1901/2276/1519 1900/2275/1518 1902/2277/1520
f 1904/2279/1522 1905/2280/1523 1903/2278/1521
f 1903/2278/1521 1902/2277/1520 1904/2279/1522
f 1906/2281/1524 1905/2282/1523 1904/2283/1522
f 1904/2283/1522 1907/2284/1525 1906/2281/1524
f 1908/2285/1526 1909/2286/1526 1906/2281/1524
f 1906/2281/1524 1907/2284/1525 1908/2285/1526
f 1910/2287/1527 1911/2288/1528 1909/2286/1526
f 1909/2286/1526 1908/2285/1526 1910/2287/1527
f 1912/2289/1529 1913/2290/1530 1911/2288/1528
f 1911/2288/1528 1910/2287/1527 1912/2289/1529
f 1914/2291/1531 1915/2292/1532 1913/2293/1530
f 1913/2293/1530 1912/2294/1529 1914/2291/1531
f 1916/2295/1533 1917/2296/1533 1915/2292/1532
f 1915/2292/1532 1914/2291/1531 1916/2295/1533
f 1918/2297/1534 1919/2298/1535 1917/2296/1533
f 1917/2296/1533 1916/2295/1533 1918/2297/1534
f 1920/2299/1536 1921/2300/1537 1919/2298/1535
f 1919/2298/1535 1918/2297/1534 1920/2299/1536
f 1922/2301/1538 1923/2302/1539 1921/2303/1537
f 1921/2303/1537 1920/2304/1536 1922/2301/1538
f 1924/2305/1540 1925/2306/1540 1923/2302/1539
f 1923/2302/1539 1922/2301/1538 1924/2305/1540
f 1897/2270/1515 1896/2269/1514 1925/2306/1540
f 1925/2306/1540 1924/2305/1540 1897/2270/1515
f 1926/2307/1541 1927/2308/1542 1707/2060/1367
f 1707/2060/1367 1706/2059/1366 1926/2307/1541
f 1762/2119/1386 1768/2125/1392 1767/2124/1391
f 1767/2124/1391 1763/2120/1387 1762/2119/1386
f 1783/2144/1406 1928/2309/1543 1784/2145/1407
f 1766/2123/1390 1765/2122/1389 1929/2310/1544
f 1930/2311/1545 1931/2312/1546 1932/2313/1546
f 1932/2313/1546 1933/2314/1547 1930/2311/1545
f 1934/2315/1548 1935/2316/1549 1936/2317/1550
f 1936/2317/1550 1937/2318/1548 1934/2315/1548
f 1938/2319/1551 1930/2311/1545 1933/2314/1547
f 1933/2314/1547 1939/2320/1552 1938/2319/1551
f 1940/2321/1553 1941/2322/1554 1942/2323/1555
f 1942/2323/1555 1943/2324/1556 1940/2321/1553
f 1944/2325/1557 1945/2326/1558 1946/2327/1559
f 1946/2328/1559 1947/2329/1560 1944/2330/1557
f 1948/2331/1561 1949/2332/1562 1950/2333/1563
f 1950/2333/1563 1951/2334/1564 1948/2331/1561
f 1952/2335/1565 1953/2336/1566 1954/2337/1567
f 1954/2337/1567 1955/2338/1568 1952/2335/1565
f 395/444/341 1955/2338/1568 1954/2337/1567
f 1954/2337/1567 396/445/341 395/444/341
f 1956/2339/1569 1957/2340/1570 1958/2341/1570
f 1958/2341/1570 1959/2342/1571 1956/2339/1569
f 1960/2343/1572 1961/2344/1573 1962/2345/1574
f 1962/2345/1574 1963/2346/1575 1960/2343/1572
f 1964/2347/1576 1965/2348/1577 1966/2349/1578
f 1966/2349/1578 1967/2350/1579 1964/2347/1576
f 1968/2351/1580 1969/2352/1581 1970/2353/1582
f 1970/2353/1582 1971/2354/1583 1968/2351/1580
f 1972/2355/1584 1973/2356/1584 1974/2357/1585
f 1974/2357/1585 1975/2358/1584 1972/2355/1584
f 1976/2359/1586 1977/2360/1587 1978/2361/1588
f 1978/2361/1588 1979/2362/1589 1976/2359/1586
f 1979/2362/1589 422/471/363 421/470/362
f 421/470/362 1976/2359/1586 1979/2362/1589
f 1980/2363/1590 1981/2364/1591 1982/2365/1592
f 1982/2365/1592 1983/2366/1593 1980/2363/1590
f 1935/2316/1549 1984/2367/1594 1985/2368/1594
f 1985/2368/1594 1936/2317/1550 1935/2316/1549
f 1986/2369/1595 1980/2363/1590 1983/2366/1593
f 1983/2366/1593 1987/2370/1596 1986/2369/1595
f 1988/2371/1597 1989/2372/1598 1990/2373/1599
f 1990/2373/1599 1991/2374/1600 1988/2371/1597
f 1961/2344/1573 1988/2371/1597 1991/2374/1600
f 1991/2374/1600 1962/2345/1574 1961/2344/1573
f 1992/2375/1601 1993/2376/1602 1982/2365/1592
f 1982/2365/1592 1981/2364/1591 1992/2375/1601
f 1994/2377/1603 1945/2326/1558 1944/2325/1557
f 1944/2325/1557 1995/2378/1604 1994/2377/1603
f 1996/2379/1605 1997/2380/1606 1998/2381/1606
f 1998/2381/1606 1999/2382/1607 1996/2379/1605
f 2000/2383/1608 2001/2384/1609 2002/2385/1610
f 2002/2385/1610 2003/2386/1608 2000/2383/1608
f 2004/2387/1611 2005/2388/1612 2006/2389/1613
f 2006/2389/1613 2007/2390/1611 2004/2387/1611
f 1997/2380/1606 1942/2323/1555 1941/2322/1554
f 1941/2322/1554 1998/2381/1606 1997/2380/1606
f 1992/2375/1601 2000/2383/1608 2003/2386/1608
f 2003/2386/1608 1993/2376/1602 1992/2375/1601
f 2008/2391/1614 1996/2379/1605 1999/2382/1607
f 1999/2382/1607 2009/2392/1614 2008/2391/1614
f 2001/2393/1609 2010/2394/1615 2011/2395/1616
f 2011/2396/1616 2002/2385/1610 2001/2384/1609
f 2012/2397/1617 2013/2398/1618 2014/2399/1619
f 2014/2399/1619 2015/2400/1620 2012/2397/1617
f 2016/2401/1621 2012/2397/1617 2015/2400/1620
f 2015/2400/1620 2017/2402/1621 2016/2401/1621
f 1949/2332/1562 2018/2403/1622 2019/2404/1622
f 2019/2404/1622 1950/2333/1563 1949/2332/1562
f 2020/2405/1623 1938/2319/1551 1939/2320/1552
f 1939/2320/1552 2021/2406/1624 2020/2405/1623
f 2022/2407/1625 2020/2405/1623 2021/2406/1624
f 2021/2406/1624 2023/2408/1626 2022/2407/1625
f 2024/2409/1627 2022/2407/1625 2023/2408/1626
f 2023/2408/1626 2025/2410/1628 2024/2409/1627
f 1989/2411/1598 1956/2339/1569 1959/2342/1571
f 1959/2412/1571 1990/2373/1599 1989/2372/1598
f 2005/2413/1612 2024/2409/1627 2025/2410/1628
f 2025/2410/1628 2006/2414/1613 2005/2413/1612
f 2013/2398/1618 2004/2387/1611 2007/2390/1611
f 2007/2390/1611 2014/2399/1619 2013/2398/1618
f 1995/2378/1604 1948/2331/1561 1951/2334/1564
f 1951/2334/1564 1994/2377/1603 1995/2378/1604
f 1968/2415/1580 2026/2416/1629 2027/2417/1630
f 2027/2418/1630 1969/2352/1581 1968/2351/1580
f 2028/2419/1631 1964/2347/1576 1967/2350/1579
f 1967/2350/1579 2029/2420/1631 2028/2419/1631
f 2030/2421/1632 1960/2343/1572 1963/2346/1575
f 1963/2346/1575 2031/2422/1633 2030/2421/1632
f 1952/2335/1565 2032/2423/1634 2033/2424/1634
f 2033/2424/1634 1953/2336/1566 1952/2335/1565
f 2034/2425/1635 1978/2361/1588 1977/2360/1587
f 1977/2360/1587 2035/2426/1636 2034/2425/1635
f 2036/2427/1637 2037/2428/1638 2038/2429/1639
f 2038/2430/1639 2039/2431/1637 2036/2432/1637
f 2037/2433/1638 2040/2434/1640 2041/2435/1640
f 2041/2436/1640 2038/2437/1639 2037/2438/1638
f 2042/2439/1641 2043/2440/1642 2044/2441/1643
f 2044/2441/1643 2045/2442/1644 2042/2439/1641
f 2046/2443/1645 2047/2444/1646 2043/2445/1642
f 2043/2446/1642 2048/2447/1647 2046/2448/1645
f 2042/2449/1641 2045/2450/1644 2049/2451/1648
f 2049/2452/1648 2050/2453/1649 2042/2454/1641
f 2051/2455/1650 2052/2456/1651 496/572/423
f 496/572/423 495/571/422 2051/2455/1650
f 2053/2457/1652 2054/2458/1653 2055/2459/1654
f 2055/2459/1654 2056/2460/1655 2053/2457/1652
f 2057/2461/1656 2058/2462/1656 2059/2463/1657
f 2059/2463/1657 2060/2464/1658 2057/2461/1656
f 2059/2463/1657 2053/2457/1652 2056/2460/1655
f 2056/2460/1655 2060/2464/1658 2059/2463/1657
f 2061/2465/1659 2062/2466/1660 2063/2467/1660
f 2063/2467/1660 2064/2468/1661 2061/2465/1659
f 2065/2469/1662 2061/2465/1659 2064/2468/1661
f 2064/2470/1661 2066/2471/1654 2065/2472/1662
f 2067/2473/1663 2068/2474/1664 2069/2475/1664
f 2069/2475/1664 2070/2476/1665 2067/2473/1663
f 2068/2474/1664 2071/2477/1666 2072/2478/1667
f 2072/2478/1667 2069/2475/1664 2068/2474/1664
f 2071/2477/1666 2073/2479/1668 2074/2480/1669
f 2074/2480/1669 2072/2478/1667 2071/2477/1666
f 2073/2479/1668 2075/2481/1670 2076/2482/1671
f 2076/2482/1671 2074/2480/1669 2073/2479/1668
f 2075/2483/1670 2077/2484/1672 2078/2485/1673
f 2078/2486/1673 2076/2482/1671 2075/2481/1670
f 2079/2487/1674 2080/2488/1675 2081/2489/1676
f 2081/2489/1676 2082/2490/1677 2079/2487/1674
f 2077/2491/1672 2083/2492/1678 2084/2493/1679
f 2084/2493/1679 2078/2494/1673 2077/2491/1672
f 2085/2495/1680 2086/2496/1681 2087/2497/1682
f 2087/2497/1682 2088/2498/1683 2085/2495/1680
f 2086/2496/1681 2089/2499/1684 2090/2500/1685
f 2090/2500/1685 2087/2497/1682 2086/2496/1681
f 2091/2501/1686 2092/2502/1687 2093/2503/1688
f 2093/2503/1688 2094/2504/1689 2091/2501/1686
f 2092/2502/1687 2095/2505/1690 2096/2506/1691
f 2096/2506/1691 2093/2503/1688 2092/2502/1687
f 2096/2506/1691 2095/2505/1690 2097/2507/1692
f 2097/2507/1692 2098/2508/1692 2096/2506/1691
f 2070/2476/1665 2081/2489/1676 2080/2488/1675
f 2080/2488/1675 2067/2473/1663 2070/2476/1665
f 2082/2490/1677 2099/2509/1693 2100/2510/1693
f 2100/2510/1693 2079/2487/1674 2082/2490/1677
f 2088/2498/1683 2084/2493/1679 2083/2492/1678
f 2083/2492/1678 2085/2495/1680 2088/2498/1683
f 2094/2504/1689 2090/2500/1685 2089/2499/1684
f 2089/2499/1684 2091/2501/1686 2094/2504/1689
f 2101/2511/1694 2102/2512/1695 2103/2513/1696
f 2103/2514/1696 2104/2515/1697 2101/2516/1694
f 2105/2517/1698 2106/2518/1699 2107/2519/1700
f 2107/2519/1700 2108/2520/1695 2105/2517/1698
f 2109/2521/1701 2110/2522/1702 2111/2523/1703
f 2112/2524/1704 2113/2525/1705 2114/2526/1706
f 2115/2527/1707 2116/2528/1708 2117/2529/1709
f 2117/2529/1709 2118/2530/1710 2115/2527/1707
f 2119/2531/1711 2120/2532/1712 2121/2533/1713
f 2121/2534/1713 2122/2535/1714 2119/2536/1711
f 2122/2537/1714 2123/2538/1715 2124/2539/1716
f 2124/2540/1716 2119/2536/1711 2122/2535/1714
f 2112/2524/1704 2121/2533/1713 2120/2532/1712
f 2120/2532/1712 2113/2525/1705 2112/2524/1704
f 2125/2541/1717 2126/2542/1718 2127/2543/1719
f 2128/2544/1720 2129/2545/1721 2104/2546/1697
f 2104/2515/1697 2103/2514/1696 2128/2547/1720
f 2130/2548/1722 2104/2549/1697 2129/2550/1721
f 2131/2551/1723 2132/2552/1724 2133/2553/1725
f 2133/2553/1725 2134/2554/1726 2131/2551/1723
f 2135/2555/1727 2136/2556/1728 2111/2523/1703
f 1622/1957/1282 2137/2557/1729 1623/1958/1283
f 2138/2558/1730 2139/2559/1720 2107/2519/1700
f 2107/2519/1700 2140/2560/1731 2138/2558/1730
f 2141/2561/1732 2142/2562/1733 588/684/507
f 588/684/507 587/683/507 2141/2561/1732
f 2143/2563/1734 2144/2564/1735 2142/2562/1733
f 2142/2562/1733 2141/2561/1732 2143/2563/1734
f 2145/2565/1736 2146/2566/1737 2147/2567/1738
f 2147/2567/1738 2148/2568/1739 2145/2565/1736
f 2149/2569/515 2150/2570/1740 2151/2571/1741
f 2151/2571/1741 2152/2572/515 2149/2569/515
s 0
f 2149/2569/515 2152/2572/515 601/697/515
f 601/697/515 600/696/515 2149/2569/515
s 1
f 2153/2573/1742 2154/2574/1743 2155/2575/1744
f 2155/2575/1744 2156/2576/1744 2153/2573/1742
f 1799/2162/1418 1798/2161/1417 1646/1983/1306
f 1646/1983/1306 1645/1982/1305 1799/2162/1418
f 1644/1981/1304 1666/2006/1326 2144/2564/1735
f 2144/2564/1735 2143/2563/1734 1644/1981/1304
s 0
f 2157/2577/1745 2158/2578/1745 2159/2579/1745
f 2159/2579/1746 2160/2580/1746 2157/2577/1746
s 1
f 2146/2566/1737 2145/2565/1736 2151/2581/1741
f 2151/2581/1741 2150/2582/1740 2146/2566/1737
f 1660/2000/1320 1808/2171/1427 2161/2583/1747
f 2161/2583/1747 2162/2584/1748 1660/2000/1320
f 1661/2001/1321 1660/2000/1320 2162/2584/1748
f 2162/2584/1748 2163/2585/1749 1661/2001/1321
f 2164/2586/1750 2165/2587/1751 2163/2585/1749
f 2163/2585/1749 2166/2588/1752 2164/2586/1750
f 1661/2001/1321 2163/2585/1749 2165/2587/1751
f 2167/2589/1753 2052/2456/1651 2051/2455/1650
f 2051/2455/1650 2168/2590/1753 2167/2589/1753
f 2043/2440/1642 2047/2591/1646 2044/2441/1643
f 2169/2592/1754 2170/2593/1755 2171/2594/1756
f 2171/2594/1756 2172/2595/1754 2169/2592/1754
f 2173/2596/1757 2171/2594/1756 2170/2593/1755
f 2170/2593/1755 2174/2597/1757 2173/2596/1757
f 2175/2598/1758 2176/2599/1759 2177/2600/1759
f 2177/2601/1759 2178/2602/1760 2175/2603/1758
f 2179/2604/1761 2180/2605/1762 2181/2606/1762
f 2181/2606/1762 2182/2607/1763 2179/2604/1761
f 2182/2607/1763 2183/2608/1764 2184/2609/1765
f 2184/2609/1765 2179/2604/1761 2182/2607/1763
f 2185/2610/1766 2184/2609/1765 2183/2608/1764
f 2183/2608/1764 2186/2611/1767 2185/2610/1766
f 2185/2610/1766 2186/2611/1767 637/738/546
f 637/738/546 636/737/545 2185/2610/1766
f 2187/2612/1768 2188/2613/1769 2189/2614/1770
f 2189/2614/1770 2190/2615/1771 2187/2612/1768
f 2191/2616/1772 2192/2617/1773 2193/2618/1774
f 2193/2618/1774 2194/2619/1775 2191/2616/1772
f 646/747/555 2192/2617/1773 2191/2616/1772
f 2191/2616/1772 647/748/555 646/747/555
f 2195/2620/1776 2196/2621/1777 2197/2622/1778
f 2197/2622/1778 2198/2623/1779 2195/2620/1776
f 2190/2615/1771 2189/2614/1770 2199/2624/1780
f 2199/2624/1780 2200/2625/1781 2190/2615/1771
f 1670/2011/1330 1604/2010/1264 1669/2009/1329
f 1650/1988/1310 1643/1980/1303 1648/1985/1308
f 2194/2619/1775 2193/2618/1774 2188/2626/1769
f 2188/2626/1769 2187/2627/1768 2194/2619/1775
f 2200/2628/1781 2199/2629/1780 2196/2630/1777
f 2196/2630/1777 2195/2631/1776 2200/2628/1781
f 1642/1979/1302 1681/2632/1341 1648/1985/1308
f 1648/1985/1308 1643/1980/1303 1642/1979/1302
f 2201/2633/1782 2202/2634/1783 2203/2635/1784
f 2203/2635/1784 2204/2636/1785 2201/2633/1782
f 2205/2637/1786 2206/2638/1787 2207/2639/1788
f 2207/2639/1788 2208/2640/1789 2205/2637/1786
f 2209/2641/1790 2201/2633/1782 2204/2636/1785
f 2204/2636/1785 2210/2642/1791 2209/2641/1790
f 2206/2638/1787 2211/2643/1792 2212/2644/1793
f 2212/2644/1793 2207/2639/1788 2206/2638/1787
f 2213/2645/1794 2214/2646/1795 2215/2647/1795
f 2215/2647/1795 2216/2648/1796 2213/2645/1794
f 2217/2649/1797 2218/2650/1798 2219/2651/1799
f 2219/2651/1799 2220/2652/1797 2217/2649/1797
f 2202/2634/1783 2213/2645/1794 2216/2648/1796
f 2216/2648/1796 2203/2635/1784 2202/2634/1783
f 2211/2643/1792 2221/2653/1800 2222/2654/1801
f 2222/2654/1801 2212/2644/1793 2211/2643/1792
f 2223/2655/1802 2224/2656/1803 2225/2657/1804
f 2225/2657/1804 2226/2658/1805 2223/2655/1802
f 2227/2659/1806 2223/2655/1802 2226/2658/1805
f 2226/2658/1805 2228/2660/1807 2227/2659/1806
f 2221/2653/1800 2229/2661/1808 2230/2662/1809
f 2230/2662/1809 2222/2654/1801 2221/2653/1800
f 2227/2659/1806 2228/2660/1807 685/793/589
f 685/793/589 684/792/588 2227/2659/1806
f 2218/2650/1798 2205/2637/1786 2208/2640/1789
f 2208/2640/1789 2219/2651/1799 2218/2650/1798
f 2231/2663/1810 1783/2144/1406 1591/1926/1251
f 1591/1926/1251 1593/1928/1253 2231/2663/1810
s 0
f 2232/2664/591 2233/2665/591 2234/2666/591
f 2232/2664/591 691/799/591 690/798/591
f 690/798/591 2233/2665/591 2232/2664/591
f 2235/2667/591 2236/2668/591 2237/2669/591
f 2237/2669/591 2238/2670/591 2235/2667/591
s 1
f 2239/2671/1811 2240/2672/1812 2241/2673/1812
f 2241/2674/1812 2242/2675/1813 2239/2676/1811
s 0
f 2243/2677/591 2244/2678/591 2238/2670/591
f 2238/2670/591 2245/2679/591 2243/2677/591
f 2237/2669/591 2245/2679/591 2238/2670/591
s 1
f 2246/2680/1814 2247/2681/1815 2248/2682/1816
f 2249/2683/1817 2250/2684/1818 2251/2685/1819
f 2251/2685/1819 2247/2686/1815 2249/2683/1817
f 2248/2682/1816 2247/2681/1815 2251/2687/1819
f 2247/2681/1815 2246/2680/1814 2252/2688/1820
f 2252/2688/1820 2253/2689/1821 2247/2681/1815
f 2254/2690/602 2253/2689/1821 2252/2688/1820
f 2254/2691/602 2255/2692/603 2256/2693/603
f 2256/2693/603 2253/2694/1821 2254/2691/602
f 2257/2695/941 2258/2696/941 2259/2697/1822
f 2259/2697/1822 2260/2698/941 2257/2695/941
f 2261/2699/1813 2260/2698/941 2259/2697/1822
f 2262/2700/941 2260/2698/941 2261/2699/1813
f 2263/2701/1823 2264/2702/1824 2265/2703/1825
f 2125/2541/1717 2127/2543/1719 2266/2704/1826
f 2266/2704/1826 2267/2705/1826 2125/2541/1717
f 1623/2706/1283 1628/1964/1288 1580/1963/1240
f 1580/1963/1240 1621/2707/1281 1623/2706/1283
f 123/139/123 1696/2046/1356 1693/2708/1353
f 1693/2708/1353 116/841/116 123/139/123
f 2118/2530/1710 2117/2529/1709 2124/2709/1716
f 2124/2709/1716 2123/2710/1715 2118/2530/1710
f 1697/2047/1357 1628/1964/1288 1623/2706/1283
f 1623/2706/1283 1626/2711/1286 1697/2047/1357
f 1580/1915/1240 1579/1914/1239 1621/2712/1281
f 1586/1921/1246 1585/1920/1245 2130/2548/1722
f 2130/2548/1722 2129/2550/1721 1586/1921/1246
f 2268/2713/1827 2269/2714/1828 2270/2715/1829
f 2270/2715/1829 2271/2716/1830 2268/2713/1827
f 2272/2717/1831 2273/2718/1832 2274/2719/1833
f 2275/2720/1834 2276/2721/1835 2277/2722/1836
f 2278/2723/1837 2279/2724/1838 2280/2725/1839
f 2280/2725/1839 2281/2726/1840 2278/2723/1837
f 2282/2727/1841 2139/2559/1720 2138/2558/1730
f 2283/2728/1842 2284/2729/1843 2274/2730/1833
f 2285/2731/1844 2279/2732/1838 2286/2733/1845
f 2286/2733/1845 2287/2734/1846 2285/2731/1844
f 2288/2735/1847 2289/2736/1848 2290/2737/1849
f 2290/2737/1849 2284/2729/1843 2288/2735/1847
f 2276/2721/1835 2275/2720/1834 2290/2738/1849
f 2281/2726/1840 2280/2725/1839 2277/2739/1836
f 2286/2740/1845 2279/2724/1838 2278/2723/1837
f 2285/2731/1844 2287/2734/1846 2291/2741/1850
f 2291/2741/1850 2292/2742/1851 2285/2731/1844
f 2271/2716/1830 2270/2715/1829 2292/2743/1851
f 2131/2551/1723 2134/2554/1726 2293/2744/1852
f 2269/2714/1828 2268/2713/1827 2273/2718/1832
f 2273/2718/1832 2272/2717/1831 2269/2714/1828
f 2125/2541/1717 2133/2553/1725 2132/2552/1724
f 2132/2552/1724 2126/2542/1718 2125/2541/1717
f 2271/2745/1830 2292/2746/1851 2294/2747/1853
f 2294/2747/1853 2292/2746/1851 2291/2748/1850
f 2276/2721/1835 2290/2738/1849 2289/2749/1848
f 2284/2729/1843 2283/2728/1842 2288/2735/1847
f 2283/2728/1842 2274/2730/1833 2295/2750/1854
f 2295/2750/1854 2274/2730/1833 2296/2751/1855
f 2274/2719/1833 2273/2718/1832 2296/2752/1855
f 2277/2722/1836 2280/2753/1839 2297/2754/1856
f 2275/2720/1834 2277/2722/1836 2297/2754/1856
f 2107/2519/1700 2106/2518/1699 2140/2560/1731
f 1624/1959/1284 1626/1960/1286 1623/1958/1283
f 1623/1958/1283 2137/2557/1729 1624/1959/1284
f 2298/2755/1857 2299/2756/1857 2300/2757/1858
f 2300/2757/1858 2301/2758/1859 2298/2755/1857
f 2302/2759/1860 2303/2760/1861 2299/2756/1857
f 2299/2756/1857 2298/2755/1857 2302/2759/1860
f 2304/2761/1862 2105/2517/1698 2303/2760/1861
f 2303/2760/1861 2302/2759/1860 2304/2761/1862
f 2305/2762/1863 2306/2763/1864 2105/2517/1698
f 2105/2517/1698 2304/2761/1862 2305/2762/1863
f 2301/2758/1859 2300/2757/1858 2306/2763/1864
f 2306/2763/1864 2305/2762/1863 2301/2758/1859
f 2307/2764/1865 2308/2765/1865 2309/2766/1865
f 2309/2766/1865 2310/2767/1865 2307/2764/1865
f 2311/2768/1866 2312/2769/1866 2313/2770/1866
f 2313/2770/1866 2314/2771/1867 2311/2768/1866
f 2315/2772/1868 2316/2773/1869 2317/2774/1870
f 2317/2774/1870 2318/2775/1871 2315/2772/1868
f 2319/2776/1872 2320/2777/1873 2316/2773/1869
f 2316/2773/1869 2315/2772/1868 2319/2776/1872
f 2321/2778/1874 2322/2779/1875 2320/2780/1873
f 2320/2780/1873 2319/2781/1872 2321/2778/1874
f 2105/2517/1698 2108/2520/1695 2303/2760/1861
f 1637/2782/1297 1636/2783/1296 2323/2784/1876
f 2323/2784/1876 2324/2785/1877 1637/2782/1297
f 1632/1969/1292 1699/2049/1359 2325/2786/1878
f 2325/2786/1878 1635/1972/1295 1632/1969/1292
f 1698/2048/1358 128/144/128 783/922/660
f 783/922/660 2325/2787/1879 1698/2048/1358
f 2324/2785/1877 2323/2784/1876 2326/2788/1880
f 2326/2788/1880 2327/2789/1810 2324/2785/1877
f 1783/2144/1406 2231/2663/1810 1793/2154/1413
f 2328/2790/1881 2329/2791/1882 2330/2792/1883
f 2330/2792/1883 2331/2793/1884 2328/2790/1881
f 2332/2794/1885 2333/2795/1886 2334/2796/1887
f 2334/2796/1887 2335/2797/1888 2332/2794/1885
f 2336/2798/1889 2332/2794/1885 2335/2797/1888
f 2335/2797/1888 2337/2799/1890 2336/2798/1889
f 2329/2791/1882 2338/2800/1891 2339/2801/1892
f 2339/2801/1892 2330/2792/1883 2329/2791/1882
f 2340/2802/1893 2341/2803/1893 2342/2804/1894
f 2342/2804/1894 2343/2805/1895 2340/2802/1893
f 2344/2806/1896 2345/2807/1897 2346/2808/1898
f 2346/2808/1898 2347/2809/1896 2344/2806/1896
f 2348/2810/1899 2349/2811/1900 2350/2812/1900
f 2350/2812/1900 2351/2813/1901 2348/2810/1899
f 2352/2814/1902 2353/2815/1903 2354/2816/1904
f 2354/2816/1904 2355/2817/1905 2352/2814/1902
f 814/953/687 2356/2818/1906 2357/2819/1906
f 2357/2819/1906 815/954/687 814/953/687
f 818/957/688 2352/2814/1902 2355/2817/1905
f 2355/2817/1905 819/958/688 818/957/688
f 2358/2820/1907 2336/2798/1889 2337/2799/1890
f 2337/2799/1890 2359/2821/1908 2358/2820/1907
f 2351/2813/1901 2360/2822/1909 2361/2823/1910
f 2361/2823/1910 2348/2810/1899 2351/2813/1901
f 2362/2824/1911 2363/2825/1912 2361/2823/1910
f 2361/2823/1910 2360/2822/1909 2362/2824/1911
f 2338/2800/1891 2363/2825/1912 2362/2824/1911
f 2362/2824/1911 2339/2801/1892 2338/2800/1891
f 2364/2826/1913 2365/2827/1913 2366/2828/1914
f 2366/2828/1914 2367/2829/1915 2364/2826/1913
f 2368/2830/1916 2369/2831/1917 2370/2832/1918
f 2370/2832/1918 2371/2833/1919 2368/2830/1916
f 834/973/702 2372/2834/1920 2373/2835/1921
f 2374/2836/1922 2375/2837/1923 2343/2805/1895
f 2343/2805/1895 2342/2804/1894 2374/2836/1922
f 2376/2838/1924 2358/2820/1907 2359/2821/1908
f 2359/2821/1908 2377/2839/1925 2376/2838/1924
f 2331/2793/1884 2378/2840/1926 2379/2841/1926
f 2379/2841/1926 2328/2790/1881 2331/2793/1884
f 2333/2795/1886 2368/2830/1916 2371/2833/1919
f 2371/2833/1919 2334/2796/1887 2333/2795/1886
f 2380/2842/1917 2381/2843/1927 2382/2844/1918
f 2383/2845/1928 2384/2846/1929 2372/2834/1920
f 2345/2807/1897 2375/2837/1923 2374/2836/1922
f 2374/2836/1922 2346/2808/1898 2345/2807/1897
f 2353/2815/1903 2385/2847/1930 2386/2848/1931
f 2386/2848/1931 2354/2816/1904 2353/2815/1903
f 2387/2849/1932 2388/2850/1933 2389/2851/1934
f 2389/2851/1934 2390/2852/1935 2387/2849/1932
f 2385/2853/1930 2391/2854/1936 2392/2855/1937
f 2392/2856/1937 2386/2848/1931 2385/2847/1930
s 0
f 2393/2857/1938 2394/2858/1938 2395/2859/1938
f 2395/2859/1938 2396/2860/1938 2393/2857/1938
f 2397/2861/1939 2393/2857/1939 2396/2860/1939
f 2396/2860/1939 2398/2862/1939 2397/2861/1939
s 1
f 2399/2863/1940 865/1006/728 864/1005/591
f 864/1005/591 2400/2864/727 2399/2863/1940
s 0
f 2400/2864/729 864/1005/729 867/1008/729
f 867/1008/729 2401/2865/729 2400/2864/729
s 1
f 2402/2866/1941 2403/2867/1942 2404/2868/1942
f 2405/2869/1943 2406/2870/1943 2404/2868/1942
f 2404/2868/1942 2403/2867/1942 2405/2869/1943
f 1820/2184/1439 1819/2183/1438 2407/2871/1944
f 2407/2871/1944 2408/2872/1945 1820/2184/1439
f 1818/2182/1437 1817/2181/1436 2409/2873/1946
f 2409/2873/1946 1845/2209/1463 1818/2182/1437
f 2408/2872/1945 2407/2871/1944 1811/2175/1430
f 1811/2175/1430 2410/2874/1947 2408/2872/1945
f 1822/2186/1441 1845/2209/1463 2411/2875/1948
f 2411/2875/1948 1599/1934/1259 1822/2186/1441
f 1599/1934/1259 2411/2875/1948 1811/2175/1430
f 1811/2175/1430 1596/1931/1256 1599/1934/1259
f 1812/2176/1431 1811/2175/1430 2407/2871/1944
f 1845/2209/1463 2409/2873/1946 2412/2876/1949
f 2412/2876/1949 2411/2875/1948 1845/2209/1463
f 2413/2877/1950 1811/2175/1430 2414/2878/1951
s 0
f 2402/2866/1952 2415/2879/1952 2416/2880/1952
s 1
f 2410/2874/1947 1811/2175/1430 2413/2877/1950
f 2414/2878/1951 1811/2175/1430 2411/2875/1948
f 2411/2875/1948 2412/2876/1949 2414/2878/1951
f 2417/2881/1953 2418/2882/1954 2419/2883/1955
f 2419/2883/1955 2420/2884/1955 2417/2881/1953
f 2421/2885/1956 2422/2886/1956 2423/2887/1956
f 2423/2887/1956 2424/2888/1957 2421/2885/1956
s 0
f 2424/2888/1957 2423/2887/1958 2425/2889/1958
f 2425/2889/1958 2426/2890/1958 2424/2888/1957
f 2427/2891/1959 2428/2892/1959 2429/2893/1959
f 2429/2893/1959 2430/2894/1959 2427/2891/1959
s 1
f 2431/2895/1960 2432/2896/1960 2433/2897/1961
f 2433/2897/1961 2434/2898/1962 2431/2895/1960
f 2434/2898/1962 2433/2897/1961 2435/2899/1963
f 2435/2899/1963 2436/2900/1964 2434/2898/1962
f 2436/2900/1964 2435/2899/1963 2437/2901/1965
f 2437/2901/1965 2438/2902/1966 2436/2900/1964
f 2438/2903/1966 2437/2904/1965 2418/2882/1954
f 2418/2882/1954 2417/2881/1953 2438/2903/1966
f 2439/2905/1967 2440/2906/1968 2441/2907/1969
f 2442/2908/1970 2443/2909/1970 2444/2910/1971
f 2444/2910/1971 2445/2911/1970 2442/2908/1970
f 2446/2912/1972 2440/2906/1968 2439/2905/1967
f 2447/2913/1973 2448/2914/1974 2449/2915/1975
f 2450/2916/1976 2448/2914/1974 2447/2913/1973
f 2451/2917/1977 2452/2918/1978 2448/2919/1974
f 2448/2919/1974 2450/2920/1976 2451/2917/1977
f 2441/2907/1969 2440/2906/1968 2453/2921/769
s 0
f 2454/2922/591 2455/2923/591 2456/2924/591
f 2456/2924/591 2457/2925/591 2454/2922/591
f 2458/2926/591 2456/2924/591 926/1071/591
f 926/1071/591 2459/2927/591 2458/2926/591
f 2457/2925/591 2456/2924/591 2458/2926/591
f 2454/2922/591 2460/2928/591 2461/2929/591
f 2461/2929/591 2455/2923/591 2454/2922/591
f 2462/2930/591 2455/2923/591 2461/2929/591
f 2461/2929/591 2463/2931/591 2462/2930/591
f 2464/2932/591 2462/2930/591 2463/2931/591
s 1
f 2465/2933/1979 2466/2934/1980 2467/2935/1981
f 2467/2935/1981 2468/2936/1982 2465/2933/1979
f 2449/2915/1975 2448/2914/1974 2446/2912/1972
f 2446/2912/1972 2448/2914/1974 2440/2906/1968
f 2469/2937/1983 2470/2938/1984 938/1083/776
f 938/1083/776 2471/2939/1985 2469/2937/1983
f 2471/2939/1985 938/1083/776 940/1085/778
f 2472/2940/780 2401/2865/1986 867/1008/1986
s 0
f 867/1008/779 942/1087/779 2472/2940/779
s 1
f 2467/2935/1981 2466/2934/1980 2473/2941/1987
f 2474/2942/1988 2475/2943/1989 2265/2703/1825
f 2476/2944/1990 2475/2943/1989 2474/2942/1988
f 2477/2945/1991 2110/2522/1702 2109/2521/1701
f 2478/2946/1992 2479/2947/1992 2480/2948/1993
f 2480/2948/1993 2481/2949/1994 2478/2946/1992
f 2481/2949/1994 2482/2950/1995 2483/2951/1996
f 2483/2951/1996 2484/2952/813 2481/2949/1994
s 0
f 2485/2953/607 2486/2954/607 2487/2955/1997
s 1
f 2487/2955/1998 2488/2956/1999 2485/2953/607
f 2488/2956/1999 2489/2957/2000 2490/2958/2001
f 2490/2958/2001 2491/2959/2002 2488/2956/1999
f 2491/2959/2002 2490/2958/2001 2479/2947/1992
f 2479/2947/1992 2478/2946/1992 2491/2959/2002
f 966/1111/802 2492/2960/802 2493/2961/803
f 2493/2961/803 967/1112/803 966/1111/802
f 967/1112/803 2493/2961/803 2494/2962/607
f 2494/2962/607 970/1115/607 967/1112/803
s 0
f 970/1115/607 2495/2963/607 2496/2964/1997
f 2496/2964/607 2485/2953/607 970/1115/607
f 2485/2953/2003 2497/2965/2004 2498/2966/2004
s 1
f 2499/2967/2005 2500/2968/2006 2501/2969/2007
f 2501/2969/2007 2502/2970/2008 2499/2967/2005
f 2502/2970/2008 2501/2969/2007 2503/2971/2009
f 2503/2971/2009 2504/2972/2010 2502/2970/2008
s 0
f 2484/2952/2011 2505/2973/2011 2506/2974/2011
f 2506/2974/2012 982/1127/2012 2484/2952/2012
s 1
f 982/1127/815 2507/2975/815 2492/2960/802
f 2492/2960/802 966/1111/802 982/1127/815
f 2481/2949/1994 2480/2948/1993 2482/2950/1995
f 2484/2952/813 2483/2951/1996 2504/2972/2013
f 2485/2953/2014 2498/2966/2015 2486/2954/2016
f 2488/2956/1999 2487/2955/1998 2489/2957/2000
s 0
f 970/1115/607 2494/2962/607 2495/2963/607
s 1
f 2485/2953/2017 2496/2964/820 2497/2965/2018
f 2484/2952/816 2503/2971/2019 2505/2973/2020
s 0
f 982/1127/816 2506/2974/816 2507/2975/816
s 1
f 834/973/702 2373/2835/1921 986/1131/824
f 2373/2835/1921 2372/2834/1920 2384/2846/1929
s 0
f 2459/2927/591 926/1071/591 987/1132/591
s 1
f 2508/2976/2021 2509/2977/2022 2510/2978/2023
f 2510/2978/2023 2511/2979/2024 2508/2976/2021
s 0
f 2512/2980/2025 2513/2981/2025 2514/2982/2025
f 2514/2982/2026 2515/2983/2026 2512/2980/2026
s 1
f 2516/2984/2027 2517/2985/2027 2518/2986/2028
f 2518/2986/2028 2519/2987/2029 2516/2984/2027
f 2519/2988/2029 2518/2989/2028 2520/2990/2030
f 2520/2990/2030 2521/2991/2031 2519/2988/2029
f 2521/2991/2031 2520/2990/2030 2522/2992/2032
f 2522/2992/2032 2523/2993/2033 2521/2991/2031
f 2523/2993/2033 2522/2992/2032 2524/2994/2034
f 2524/2994/2034 2525/2995/2035 2523/2993/2033
f 2525/2995/2035 2524/2994/2034 2526/2996/2036
f 2526/2996/2036 2527/2997/2037 2525/2995/2035
f 2527/2998/2037 2526/2999/2036 2528/3000/2038
f 2528/3000/2038 2529/3001/2039 2527/2998/2037
f 2529/3001/2039 2528/3000/2038 2530/3002/2040
f 2530/3002/2040 2531/3003/2041 2529/3001/2039
f 2531/3003/2041 2530/3002/2040 2532/3004/2042
f 2532/3004/2042 2533/3005/2043 2531/3003/2041
f 2533/3006/2043 2532/3007/2042 2534/3008/2044
f 2534/3008/2044 2535/3009/2045 2533/3006/2043
f 2535/3009/2045 2534/3008/2044 2509/2977/2022
f 2509/2977/2022 2508/2976/2021 2535/3009/2045
f 2536/3010/2046 2537/3011/2047 2538/3012/2048
f 2538/3012/2048 2539/3013/2049 2536/3010/2046
f 2539/3013/2049 2538/3012/2048 2540/3014/2050
f 2540/3014/2050 2541/3015/2051 2539/3013/2049
f 2541/3016/2051 2540/3017/2050 2542/3018/2052
f 2542/3018/2052 2543/3019/2053 2541/3016/2051
f 2543/3019/2053 2542/3018/2052 2544/3020/2054
f 2544/3020/2054 2545/3021/2055 2543/3019/2053
f 2545/3021/2055 2544/3020/2054 2546/3022/2056
f 2546/3022/2056 2547/3023/2057 2545/3021/2055
f 2547/3024/2057 2546/3025/2056 2548/3026/2058
f 2548/3026/2058 2549/3027/2059 2547/3024/2057
f 2549/3027/2059 2548/3026/2058 2550/3028/2060
f 2550/3028/2060 2551/3029/2061 2549/3027/2059
f 2551/3029/2061 2550/3028/2060 2552/3030/2062
f 2552/3030/2062 2553/3031/2063 2551/3029/2061
s 0
f 2554/3032/2064 2555/3033/2064 2556/3034/2064
f 2556/3034/2065 2557/3035/2065 2554/3032/2065
s 1
f 2558/3036/2066 2559/3037/2066 2560/3038/2067
f 2560/3038/2067 2561/3039/2068 2558/3036/2066
f 2561/3040/2068 2560/3041/2067 2562/3042/2069
f 2562/3042/2069 2563/3043/2070 2561/3040/2068
f 2563/3043/2070 2562/3042/2069 2537/3011/2047
f 2537/3011/2047 2536/3010/2046 2563/3043/2070
s 0
f 2504/2972/2071 2503/2971/2071 2484/2952/2072
s 1
f 2498/2966/2073 2497/2965/2074 2500/2968/2006
f 2500/2968/2006 2499/2967/2005 2498/2966/2073
s 0
f 2564/3044/941 2565/3045/941 2566/3046/941
f 2566/3046/941 2567/3047/941 2564/3044/941
f 2568/3048/2075 2569/3049/2075 2570/3050/2075
f 2570/3050/2075 2571/3051/2075 2568/3048/2075
f 2572/3052/2076 2573/3053/2076 2574/3054/2076
f 2574/3054/2076 2575/3055/2076 2572/3052/2076
f 2576/3056/130 2577/3057/130 2578/3058/130
f 2578/3058/130 2579/3059/130 2576/3056/130
f 2580/3060/2077 2581/3061/2077 2582/3062/2077
f 2582/3062/2077 2583/3063/2077 2580/3060/2077
f 2584/3064/2078 2585/3065/2078 2586/3066/2078
f 2587/3067/2079 2588/3068/2079 2589/3069/2079
f 2589/3069/2079 2590/3070/2079 2587/3067/2079
f 2591/3071/2080 2592/3072/2080 2593/3073/2080
f 2594/3074/2081 2595/3075/2081 2596/3076/2081
f 2596/3076/2081 2597/3077/2081 2594/3074/2081
f 2598/3078/2078 2599/3079/2078 2600/3080/2078
f 2601/3081/2079 2602/3082/2079 2603/3083/2079
f 2603/3083/2079 2604/3084/2079 2601/3081/2079
f 2605/3085/2080 2606/3086/2080 2607/3087/2080
f 2608/3088/2081 2609/3089/2081 2610/3090/2081
f 2610/3090/2081 2611/3091/2081 2608/3088/2081
s 1
f 2612/3092/941 2613/3093/2082 2614/3094/2082
f 2614/3094/2082 2615/3095/941 2612/3092/941
f 2616/3096/2083 2617/3097/2084 2618/3098/2085
f 2618/3098/2085 2619/3099/2086 2616/3096/2083
f 2620/3100/2087 2621/3101/2088 2622/3102/2089
f 2622/3102/2089 2623/3103/2090 2620/3100/2087
s 0
f 2624/3104/591 2625/3105/591 2626/3106/591
s 1
f 1107/1264/591 2617/3097/2084 2616/3096/2083
f 2616/3096/2083 1108/1265/591 1107/1264/591
f 2627/3107/2091 2628/3108/2092 2629/3109/2093
f 1112/1269/896 1114/1271/898 2630/3110/2094
f 2630/3110/2094 2623/3103/2090 1112/1269/896
f 2631/3111/2095 2632/3112/2096 2633/3113/2096
f 2633/3113/2096 2634/3114/2095 2631/3111/2095
f 2634/3115/2095 2614/3094/2082 2613/3093/2082
f 2613/3093/2082 2631/3116/2095 2634/3115/2095
f 2635/3117/2097 2636/3118/2098 2637/3119/2099
f 2638/3120/2100 2639/3121/2101 2640/3122/2102
f 2640/3122/2102 2641/3123/2103 2638/3120/2100
f 2638/3120/2100 2641/3123/2103 2642/3124/2104
f 2642/3124/2104 2643/3125/2105 2638/3120/2100
f 2644/3126/2106 1131/1290/912 1130/1289/912
f 1130/1289/912 2645/3127/2107 2644/3126/2106
f 2640/3122/2102 2639/3121/2101 2646/3128/2108
f 2646/3128/2108 2636/3118/2098 2640/3122/2102
f 2619/3099/2086 2618/3098/2085 2647/3129/591
f 2647/3129/591 2624/3104/591 2619/3099/2086
f 2621/3101/2088 2620/3100/2087 2648/3130/2109
f 2648/3130/2109 2649/3131/2110 2621/3101/2088
f 2645/3127/2107 2643/3125/2105 2642/3124/2104
f 2642/3124/2104 2644/3126/2106 2645/3127/2107
f 2650/3132/2111 2651/3133/2112 2652/3134/2113
f 2653/3135/2114 2654/3136/2115 2655/3137/2116
f 2655/3137/2116 2656/3138/2117 2653/3135/2114
f 2650/3139/2111 2657/1302/2118 2653/3140/2114
f 2653/3140/2114 2656/3141/2117 2650/3139/2111
f 2623/3103/2090 2630/3110/2094 2658/3142/2119
f 2658/3142/2119 2620/3100/2087 2623/3103/2090
f 2648/3130/2109 2659/3143/2120 2660/3144/2121
f 1143/1306/924 1112/1269/896 2623/3103/2090
f 2623/3103/2090 2622/3102/2089 1143/1306/924
f 2659/3143/2120 2648/3130/2109 2620/3100/2087
f 2620/3100/2087 2658/3142/2119 2659/3143/2120
f 2661/3145/2122 2655/3137/2116 2662/3146/2122
f 1147/1310/182 2663/3147/2123 2664/3148/2124
f 2664/3148/2124 1148/1311/182 1147/1310/182
f 2663/3147/2123 2665/3149/2125 2666/3150/2126
f 2666/3150/2126 2664/3148/2124 2663/3147/2123
s 0
f 1153/1316/130 1156/1319/130 2667/3151/130
f 2667/3151/130 2668/3152/130 1153/1316/130
f 2669/3153/130 2668/3152/130 2667/3151/130
f 2667/3151/130 2670/3154/130 2669/3153/130
s 1
f 1159/1322/931 2671/3155/931 2672/3156/932
f 2672/3156/932 1160/1323/932 1159/1322/931
f 2673/3157/2127 2674/3158/2128 2675/3159/2129
f 2675/3159/2129 2676/3160/2130 2673/3157/2127
f 2677/3161/2131 2678/3162/2132 2676/3160/2130
f 2676/3160/2130 2679/3163/2133 2677/3161/2131
f 2676/3164/2130 2675/3165/2129 2679/3166/2133
s 0
f 2680/3167/130 2681/3168/130 2682/3169/130
s 1
f 2632/3112/2096 2666/3150/2126 2665/3149/2125
f 2665/3149/2125 2683/3170/2134 2632/3112/2096
s 0
f 2682/3169/130 2684/3171/130 2685/3172/130
s 1
f 2686/3173/130 1177/1345/130 1160/1344/932
f 1160/1344/932 2672/3174/932 2686/3173/130
f 2678/3162/2132 2673/3157/2127 2676/3160/2130
f 1159/1322/931 1180/1348/182 2687/3175/182
f 2687/3175/182 2671/3155/931 1159/1322/931
s 0
f 2670/3154/130 2680/3167/130 2685/3172/130
f 2685/3172/130 2669/3153/130 2670/3154/130
s 1
f 2633/3113/2096 2632/3112/2096 2683/3170/2134
f 2683/3170/2134 2688/3176/2134 2633/3113/2096
f 2686/3173/130 2672/3174/932 2689/3177/130
f 2671/3155/931 2687/3175/182 2690/3178/182
f 2691/3179/2135 2692/3180/2136 2693/3181/2136
f 2693/3181/2136 2694/3182/2137 2691/3179/2135
f 2695/3183/2138 2696/3184/591 2697/3185/591
f 2697/3185/591 2698/3186/2139 2695/3183/2138
f 2699/3187/2140 2700/3188/2141 2701/3189/2142
s 0
f 2702/3190/130 2703/3191/130 2704/3192/130
f 2704/3192/130 2705/3193/130 2702/3190/130
s 1
f 2706/3194/2143 2707/3195/2144 2708/3196/2145
f 2708/3196/2145 2709/3197/2146 2706/3194/2143
f 2710/3198/2147 2711/3199/2148 2712/3200/591
f 2712/3200/591 2713/3201/591 2710/3198/2147
f 2714/3202/2149 2715/3203/2150 2716/3204/2151
f 2716/3204/2151 2717/3205/2149 2714/3202/2149
s 0
f 2718/1379/130 2719/1381/130 2720/3206/130
f 2721/3207/959 2722/3208/959 2723/3209/959
s 1
f 2710/3198/2147 2695/3183/2138 2698/3186/2139
f 2698/3186/2139 2711/3199/2148 2710/3198/2147
f 2715/3203/2150 2701/3189/2142 2724/3210/2152
f 2724/3210/2152 2716/3204/2151 2715/3203/2150
s 0
f 2725/3211/2153 2726/3212/2153 2727/3213/2153
f 2727/3213/2153 2728/3214/2153 2725/3211/2153
s 1
f 2729/3215/2154 2706/3194/2143 2709/3197/2146
f 2709/3197/2146 2730/3216/2155 2729/3215/2154
f 2731/3217/2156 2732/3218/2157 2733/3219/2158
f 2733/3219/2158 2734/3220/2156 2731/3217/2156
f 2735/3221/2159 2736/3222/2160 2737/3223/2161
f 2737/3223/2161 2738/3224/2162 2735/3221/2159
f 2732/3218/2157 2735/3221/2159 2738/3224/2162
f 2738/3224/2162 2733/3219/2158 2732/3218/2157
f 2739/3225/2163 2740/3226/2164 2741/3227/941
f 2741/3227/941 2742/3228/941 2739/3225/2163
f 2743/3229/2165 2744/3230/2166 2745/3231/2167
f 2745/3231/2167 2746/3232/2168 2743/3229/2165
s 0
f 2747/3233/977 2748/3234/977 2749/3235/977
f 2749/3235/977 2750/3236/977 2747/3233/977
s 1
f 2751/3237/2169 2744/3230/2166 2743/3229/2165
f 2743/3229/2165 2752/3238/2170 2751/3237/2169
f 2740/3226/2164 2739/3225/2163 2714/3239/2149
f 2714/3239/2149 2717/3240/2149 2740/3226/2164
f 2737/3241/2161 2736/3242/2160 2691/3243/2135
f 2691/3243/2135 2694/3244/2137 2737/3241/2161
f 2712/3200/591 2711/3199/2148 2753/3245/591
s 0
f 2754/3246/130 2718/1379/130 2720/3206/130
f 2720/3206/130 2755/3247/130 2754/3246/130
s 1
f 2701/3189/2142 2700/3188/2141 2756/3248/2171
f 2756/3248/2171 2724/3210/2152 2701/3189/2142
s 0
f 1250/1424/981 2757/3249/981 2758/3250/981
f 2758/3250/981 1251/1425/981 1250/1424/981
s 1
f 2759/3251/2172 2760/3252/2172 1256/1430/983
f 1256/1430/983 1255/1429/983 2759/3251/2172
f 2761/3253/2173 2762/3254/2173 2763/3255/2173
f 2763/3255/2173 2764/3256/2173 2761/3253/2173
f 2765/3257/2174 2766/3258/2175 2767/3259/2175
f 2767/3260/2175 2768/3261/2176 2765/3262/2174
f 2769/3263/2177 2770/3264/2178 2771/3265/2179
f 2771/3265/2179 2772/3266/2180 2769/3263/2177
f 2773/3267/2181 2774/3268/2182 2775/3269/2183
f 2775/3270/2183 2776/3271/2184 2773/3272/2181
f 2770/3264/2178 2773/3272/2181 2776/3271/2184
f 2776/3271/2184 2771/3265/2179 2770/3264/2178
f 2774/3273/2182 2765/3274/2174 2768/3275/2176
f 2768/3275/2176 2775/3276/2183 2774/3273/2182
f 2749/3235/977 2748/3234/977 2751/3237/2169
f 2751/3237/2169 2752/3238/2170 2749/3235/977
f 2721/3207/959 2729/3215/2154 2730/3216/2155
f 2730/3216/2155 2722/3208/959 2721/3207/959
f 2777/3277/2185 2778/3278/2186 2779/3279/2187
f 2779/3279/2187 2780/3280/2188 2777/3277/2185
f 2781/3281/2189 2777/3282/2185 2780/3283/2188
f 2780/3283/2188 2782/3284/2190 2781/3281/2189
f 2783/3285/2191 2781/3281/2189 2782/3284/2190
f 2782/3284/2190 2784/3286/2192 2783/3285/2191
f 2785/3287/2193 2783/3288/2191 2784/3289/2192
f 2784/3289/2192 2786/3290/2194 2785/3287/2193
f 2787/3291/2195 2785/3287/2193 2786/3290/2194
f 2786/3290/2194 2788/3292/2196 2787/3291/2195
f 2789/3293/2197 2787/3294/2195 2788/3295/2196
f 2788/3295/2196 2790/3296/2198 2789/3293/2197
f 2791/3297/2199 2789/3293/2197 2790/3296/2198
f 2790/3296/2198 2792/3298/2200 2791/3297/2199
f 2793/3299/2201 2791/3300/2199 2792/3301/2200
f 2792/3301/2200 2794/3302/2187 2793/3299/2201
f 2795/3303/2202 2796/3304/2203 2778/3305/2186
f 2778/3305/2186 2777/3306/2185 2795/3303/2202
f 2797/3307/2204 2795/3308/2202 2777/3282/2185
f 2777/3282/2185 2781/3281/2189 2797/3307/2204
f 2798/3309/2205 2797/3307/2204 2781/3281/2189
f 2781/3281/2189 2783/3285/2191 2798/3309/2205
f 2799/3310/2206 2798/3311/2205 2783/3288/2191
f 2783/3288/2191 2785/3287/2193 2799/3310/2206
f 2800/3312/2207 2799/3313/2206 2785/3314/2193
f 2785/3314/2193 2787/3315/2195 2800/3312/2207
f 2801/3316/2208 2800/3317/2207 2787/3294/2195
f 2787/3294/2195 2789/3293/2197 2801/3316/2208
f 2802/3318/2209 2801/3316/2208 2789/3293/2197
f 2789/3293/2197 2791/3297/2199 2802/3318/2209
f 2803/3319/2203 2802/3320/2209 2791/3300/2199
f 2791/3300/2199 2793/3299/2201 2803/3319/2203
f 2804/3321/2210 2805/3322/2211 2796/3304/2203
f 2796/3304/2203 2795/3303/2202 2804/3321/2210
f 2806/3323/2212 2804/3321/2210 2795/3303/2202
f 2795/3303/2202 2797/3324/2204 2806/3323/2212
f 2807/3325/2213 2806/3326/2212 2797/3307/2204
f 2797/3307/2204 2798/3309/2205 2807/3325/2213
f 2808/3327/2214 2807/3325/2213 2798/3309/2205
f 2798/3309/2205 2799/3328/2206 2808/3327/2214
f 2809/3329/2215 2808/3330/2214 2799/3313/2206
f 2799/3313/2206 2800/3312/2207 2809/3329/2215
f 2810/3331/2216 2809/3329/2215 2800/3312/2207
f 2800/3312/2207 2801/3332/2208 2810/3331/2216
f 2811/3333/2217 2810/3334/2216 2801/3316/2208
f 2801/3316/2208 2802/3318/2209 2811/3333/2217
f 2812/3335/2211 2811/3333/2217 2802/3318/2209
f 2802/3318/2209 2803/3336/2203 2812/3335/2211
f 2813/3337/2218 2814/3338/2219 2805/3322/2211
f 2805/3322/2211 2804/3321/2210 2813/3337/2218
f 2815/3339/2220 2813/3337/2218 2804/3321/2210
f 2804/3321/2210 2806/3323/2212 2815/3339/2220
f 2816/3340/2221 2815/3341/2220 2806/3326/2212
f 2806/3326/2212 2807/3325/2213 2816/3340/2221
f 2817/3342/2222 2816/3340/2221 2807/3325/2213
f 2807/3325/2213 2808/3327/2214 2817/3342/2222
f 2818/3343/2223 2817/3344/2222 2808/3330/2214
f 2808/3330/2214 2809/3329/2215 2818/3343/2223
f 2819/3345/2224 2818/3343/2223 2809/3329/2215
f 2809/3329/2215 2810/3331/2216 2819/3345/2224
f 2820/3346/2225 2819/3347/2224 2810/3334/2216
f 2810/3334/2216 2811/3333/2217 2820/3346/2225
f 2821/3348/2219 2820/3346/2225 2811/3333/2217
f 2811/3333/2217 2812/3335/2211 2821/3348/2219
f 2822/3349/2226 2823/3350/2227 2814/3338/2219
f 2814/3338/2219 2813/3337/2218 2822/3349/2226
f 2824/3351/2228 2822/3349/2226 2813/3337/2218
f 2813/3337/2218 2815/3339/2220 2824/3351/2228
f 2825/3352/2229 2824/3353/2228 2815/3341/2220
f 2815/3341/2220 2816/3340/2221 2825/3352/2229
f 2826/3354/2230 2825/3352/2229 2816/3340/2221
f 2816/3340/2221 2817/3342/2222 2826/3354/2230
f 2827/3355/2231 2826/3356/2230 2817/3344/2222
f 2817/3344/2222 2818/3343/2223 2827/3355/2231
f 2828/3357/2232 2827/3355/2231 2818/3343/2223
f 2818/3343/2223 2819/3345/2224 2828/3357/2232
f 2829/3358/2233 2828/3359/2232 2819/3347/2224
f 2819/3347/2224 2820/3346/2225 2829/3358/2233
f 2830/3360/2234 2829/3358/2233 2820/3346/2225
f 2820/3346/2225 2821/3348/2219 2830/3360/2234
f 2831/3361/2235 2832/3362/2236 2823/3350/2227
f 2823/3350/2227 2822/3349/2226 2831/3361/2235
f 2833/3363/2237 2831/3361/2235 2822/3349/2226
f 2822/3349/2226 2824/3351/2228 2833/3363/2237
f 2834/3364/2238 2833/3365/2237 2824/3353/2228
f 2824/3353/2228 2825/3352/2229 2834/3364/2238
f 2835/3366/2239 2834/3364/2238 2825/3352/2229
f 2825/3352/2229 2826/3354/2230 2835/3366/2239
f 2836/3367/2240 2835/3368/2239 2826/3356/2230
f 2826/3356/2230 2827/3355/2231 2836/3367/2240
f 2837/3369/2241 2836/3367/2240 2827/3355/2231
f 2827/3355/2231 2828/3357/2232 2837/3369/2241
f 2838/3370/2242 2837/3371/2241 2828/3359/2232
f 2828/3359/2232 2829/3358/2233 2838/3370/2242
f 2839/3372/2243 2838/3370/2242 2829/3358/2233
f 2829/3358/2233 2830/3360/2234 2839/3372/2243
f 2840/3373/2244 2841/3374/2245 2832/3362/2236
f 2832/3362/2236 2831/3361/2235 2840/3373/2244
f 2842/3375/2246 2840/3373/2244 2831/3361/2235
f 2831/3361/2235 2833/3363/2237 2842/3375/2246
f 2843/3376/2247 2842/3377/2246 2833/3365/2237
f 2833/3365/2237 2834/3364/2238 2843/3376/2247
f 2844/3378/2248 2843/3379/2247 2834/3380/2238
f 2834/3380/2238 2835/3368/2239 2844/3378/2248
f 2845/3381/2249 2844/3378/2248 2835/3368/2239
f 2835/3368/2239 2836/3367/2240 2845/3381/2249
f 2846/3382/2250 2845/3381/2249 2836/3367/2240
f 2836/3367/2240 2837/3369/2241 2846/3382/2250
f 2847/3383/2251 2846/3384/2250 2837/3371/2241
f 2837/3371/2241 2838/3370/2242 2847/3383/2251
f 2848/3385/2245 2847/3386/2251 2838/3387/2242
f 2838/3387/2242 2839/3388/2243 2848/3385/2245
f 2849/3389/2252 2850/3390/2253 2841/3374/2245
f 2841/3374/2245 2840/3373/2244 2849/3389/2252
f 2851/3391/2254 2849/3389/2252 2840/3373/2244
f 2840/3373/2244 2842/3375/2246 2851/3391/2254
f 2852/3392/2255 2851/3393/2254 2842/3394/2246
f 2842/3394/2246 2843/3395/2247 2852/3392/2255
f 2853/3396/2256 2852/3392/2255 2843/3395/2247
f 2843/3395/2247 2844/3397/2248 2853/3396/2256
f 2854/3398/2257 2853/3399/2256 2844/3378/2248
f 2844/3378/2248 2845/3381/2249 2854/3398/2257
f 2855/3400/2258 2854/3398/2257 2845/3381/2249
f 2845/3381/2249 2846/3382/2250 2855/3400/2258
f 2856/3401/2259 2855/3402/2258 2846/3403/2250
f 2846/3403/2250 2847/3404/2251 2856/3401/2259
f 2857/3405/2260 2856/3401/2259 2847/3404/2251
f 2847/3404/2251 2848/3406/2245 2857/3405/2260
f 2858/3407/2261 2859/3408/2262 2850/3390/2253
f 2850/3390/2253 2849/3389/2252 2858/3407/2261
f 2860/3409/2263 2858/3407/2261 2849/3389/2252
f 2849/3389/2252 2851/3391/2254 2860/3409/2263
f 2861/3410/2264 2860/3411/2263 2851/3393/2254
f 2851/3393/2254 2852/3392/2255 2861/3410/2264
f 2862/3412/2265 2861/3410/2264 2852/3392/2255
f 2852/3392/2255 2853/3396/2256 2862/3412/2265
f 2863/3413/2266 2862/3414/2265 2853/3399/2256
f 2853/3399/2256 2854/3398/2257 2863/3413/2266
f 2864/3415/2267 2863/3413/2266 2854/3398/2257
f 2854/3398/2257 2855/3400/2258 2864/3415/2267
f 2865/3416/2268 2864/3417/2267 2855/3402/2258
f 2855/3402/2258 2856/3401/2259 2865/3416/2268
f 2866/3418/2262 2865/3416/2268 2856/3401/2259
f 2856/3401/2259 2857/3405/2260 2866/3418/2262
f 1364/1598/130 2867/3419/2269 2868/3420/2270
f 2868/3420/2270 1365/1599/1082 1364/1598/130
f 1365/1602/1082 2868/3421/2270 2869/3422/2271
f 2869/3422/2271 1368/1603/182 1365/1602/1082
f 1368/1603/182 2869/3422/2271 2870/3423/2272
f 2870/3423/2272 1370/1606/912 1368/1603/182
f 1370/1608/912 2870/3424/2272 2871/3425/2273
f 2871/3425/2273 1372/1609/591 1370/1608/912
f 1372/1609/591 2871/3425/2273 2872/3426/2274
f 2872/3426/2274 1374/1612/1088 1372/1609/591
f 1376/1614/1088 2873/3427/2275 2874/3428/2276
f 2874/3428/2276 1377/1615/131 1376/1614/1088
f 1377/1615/131 2874/3428/2276 2875/3429/2277
f 2875/3429/2277 1380/1618/1091 1377/1615/131
f 1380/1620/1091 2875/3430/2277 2867/3419/2269
f 2867/3419/2269 1364/1598/130 1380/1620/1091
f 2876/3431/2278 2877/3432/2279 1384/1624/130
f 1384/1624/130 1383/1623/1094 2876/3431/2278
f 1383/1626/1094 1387/1629/1097 2878/3433/2280
f 2878/3433/2280 2876/3434/2278 1383/1626/1094
f 2877/3432/2279 2879/3435/2281 1388/1630/1098
f 1388/1630/1098 1384/1624/130 2877/3432/2279
f 2880/3436/2282 2881/3437/2283 2877/3432/2279
f 2877/3432/2279 2876/3431/2278 2880/3436/2282
f 2882/3438/2284 2880/3439/2282 2876/3434/2278
f 2876/3434/2278 2878/3433/2280 2882/3438/2284
f 2883/3440/2285 2882/3441/2284 2878/3442/2280
f 2878/3442/2280 2884/3443/2286 2883/3440/2285
f 2885/3444/2287 2883/3440/2285 2884/3443/2286
f 2884/3443/2286 2886/3445/2288 2885/3444/2287
f 2887/3446/2289 2888/3447/2287 2889/3448/2288
f 2889/3448/2288 2879/3449/2281 2887/3446/2289
f 2881/3437/2283 2887/3450/2289 2879/3435/2281
f 2879/3435/2281 2877/3432/2279 2881/3437/2283
f 2890/3451/2290 2891/3452/2291 2881/3437/2283
f 2881/3437/2283 2880/3436/2282 2890/3451/2290
f 2892/3453/2292 2890/3454/2290 2880/3439/2282
f 2880/3439/2282 2882/3438/2284 2892/3453/2292
f 2893/3455/2293 2892/3456/2292 2882/3441/2284
f 2882/3441/2284 2883/3440/2285 2893/3455/2293
f 2894/3457/2294 2893/3455/2293 2883/3440/2285
f 2883/3440/2285 2885/3444/2287 2894/3457/2294
f 2895/3458/2295 2896/3459/2294 2888/3447/2287
f 2888/3447/2287 2887/3446/2289 2895/3458/2295
f 2891/3452/2291 2895/3460/2295 2887/3450/2289
f 2887/3450/2289 2881/3437/2283 2891/3452/2291
f 2897/3461/2296 2898/3462/2297 2891/3452/2291
f 2891/3452/2291 2890/3451/2290 2897/3461/2296
f 2899/3463/2298 2897/3464/2296 2890/3454/2290
f 2890/3454/2290 2892/3453/2292 2899/3463/2298
f 2900/3465/2299 2899/3466/2298 2892/3456/2292
f 2892/3456/2292 2893/3455/2293 2900/3465/2299
f 2901/3467/2300 2900/3465/2299 2893/3455/2293
f 2893/3455/2293 2894/3457/2294 2901/3467/2300
f 2902/3468/2301 2903/3469/2302 2896/3459/2294
f 2896/3459/2294 2895/3458/2295 2902/3468/2301
f 2898/3470/2297 2902/3471/2301 2895/3472/2295
f 2895/3472/2295 2891/3473/2291 2898/3470/2297
f 2904/3474/2303 2905/3475/2304 2898/3470/2297
f 2898/3470/2297 2897/3476/2296 2904/3474/2303
f 2906/3477/2305 2904/3478/2303 2897/3464/2296
f 2897/3464/2296 2899/3463/2298 2906/3477/2305
f 2907/3479/2306 2906/3480/2305 2899/3481/2298
f 2899/3481/2298 2900/3482/2299 2907/3479/2306
f 2908/3483/2307 2907/3479/2306 2900/3482/2299
f 2900/3482/2299 2901/3484/2300 2908/3483/2307
f 2909/3485/2308 2910/3486/2307 2903/3469/2302
f 2903/3469/2302 2902/3468/2301 2909/3485/2308
f 2905/3475/2304 2909/3487/2308 2902/3471/2301
f 2902/3471/2301 2898/3470/2297 2905/3475/2304
f 2911/3488/2309 2912/3489/2310 2905/3475/2304
f 2905/3475/2304 2904/3474/2303 2911/3488/2309
f 2913/3490/2311 2911/3491/2309 2904/3478/2303
f 2904/3478/2303 2906/3477/2305 2913/3490/2311
f 2914/3492/2312 2913/3493/2311 2906/3480/2305
f 2906/3480/2305 2907/3479/2306 2914/3492/2312
f 2915/3494/2313 2914/3492/2312 2907/3479/2306
f 2907/3479/2306 2908/3483/2307 2915/3494/2313
f 2916/3495/2314 2917/3496/2315 2910/3486/2307
f 2910/3486/2307 2909/3485/2308 2916/3495/2314
f 2912/3489/2310 2916/3497/2314 2909/3487/2308
f 2909/3487/2308 2905/3475/2304 2912/3489/2310
f 2918/3498/2316 2919/3499/2317 2912/3489/2310
f 2912/3489/2310 2911/3488/2309 2918/3498/2316
f 2920/3500/2318 2918/3501/2316 2911/3491/2309
f 2911/3491/2309 2913/3490/2311 2920/3500/2318
f 2921/3502/2319 2920/3503/2318 2913/3493/2311
f 2913/3493/2311 2914/3492/2312 2921/3502/2319
f 2922/3504/2320 2921/3502/2319 2914/3492/2312
f 2914/3492/2312 2915/3494/2313 2922/3504/2320
f 2923/3505/2321 2924/3506/2322 2917/3496/2315
f 2917/3496/2315 2916/3495/2314 2923/3505/2321
f 2919/3499/2317 2923/3507/2321 2916/3497/2314
f 2916/3497/2314 2912/3489/2310 2919/3499/2317
f 2925/3508/2323 2926/3509/2324 2919/3499/2317
f 2919/3499/2317 2918/3498/2316 2925/3508/2323
f 2927/3510/2325 2925/3511/2323 2918/3501/2316
f 2918/3501/2316 2920/3500/2318 2927/3510/2325
f 2928/3512/2326 2927/3513/2325 2920/3503/2318
f 2920/3503/2318 2921/3502/2319 2928/3512/2326
f 2929/3514/2327 2928/3512/2326 2921/3502/2319
f 2921/3502/2319 2922/3504/2320 2929/3514/2327
f 2930/3515/2328 2931/3516/2327 2924/3506/2322
f 2924/3506/2322 2923/3505/2321 2930/3515/2328
f 2926/3509/2324 2930/3517/2328 2923/3507/2321
f 2923/3507/2321 2919/3499/2317 2926/3509/2324
f 2932/3518/2329 2933/3519/2330 2926/3509/2324
f 2926/3509/2324 2925/3508/2323 2932/3518/2329
f 2934/3520/2331 2932/3521/2329 2925/3511/2323
f 2925/3511/2323 2927/3510/2325 2934/3520/2331
f 2935/3522/2332 2934/3523/2331 2927/3513/2325
f 2927/3513/2325 2928/3512/2326 2935/3522/2332
f 2936/3524/2333 2935/3522/2332 2928/3512/2326
f 2928/3512/2326 2929/3514/2327 2936/3524/2333
f 2937/3525/2334 2938/3526/2333 2931/3516/2327
f 2931/3516/2327 2930/3515/2328 2937/3525/2334
f 2933/3519/2330 2937/3527/2334 2930/3517/2328
f 2930/3517/2328 2926/3509/2324 2933/3519/2330
f 2939/3528/2335 2940/3529/2336 2933/3519/2330
f 2933/3519/2330 2932/3518/2329 2939/3528/2335
f 2941/3530/2337 2939/3531/2335 2932/3532/2329
f 2932/3532/2329 2934/3533/2331 2941/3530/2337
f 2942/3534/2338 2941/3535/2337 2934/3523/2331
f 2934/3523/2331 2935/3522/2332 2942/3534/2338
f 2943/3536/2339 2942/3534/2338 2935/3522/2332
f 2935/3522/2332 2936/3524/2333 2943/3536/2339
f 2944/3537/2340 2945/3538/2339 2938/3539/2333
f 2938/3539/2333 2937/3540/2334 2944/3537/2340
f 2940/3529/2336 2944/3541/2340 2937/3527/2334
f 2937/3527/2334 2933/3519/2330 2940/3529/2336
f 2946/3542/2341 2947/3543/2342 2940/3529/2336
f 2940/3529/2336 2939/3528/2335 2946/3542/2341
f 2948/3544/2343 2946/3545/2341 2939/3546/2335
f 2939/3546/2335 2941/3547/2337 2948/3544/2343
f 2949/3548/2344 2948/3549/2343 2941/3535/2337
f 2941/3535/2337 2942/3534/2338 2949/3548/2344
f 2950/3550/2345 2949/3548/2344 2942/3534/2338
f 2942/3534/2338 2943/3536/2339 2950/3550/2345
f 2951/3551/2346 2952/3552/2345 2945/3553/2339
f 2945/3553/2339 2944/3554/2340 2951/3551/2346
f 2947/3543/2342 2951/3555/2346 2944/3541/2340
f 2944/3541/2340 2940/3529/2336 2947/3543/2342
f 2953/3556/2347 2954/3557/2348 2955/3558/2349
f 2955/3558/2349 2956/3559/1186 2953/3556/2347
f 2957/3560/2350 2953/3561/2347 2956/3562/1186
f 2956/3562/1186 2958/3563/1171 2957/3560/2350
f 2959/3564/2351 2957/3565/2350 2958/3566/1171
f 2958/3566/1171 2960/3567/2352 2959/3564/2351
f 2961/3568/2353 2959/3564/2351 2960/3567/2352
f 2960/3567/2352 2962/3569/2354 2961/3568/2353
f 2963/3570/2355 2961/3571/2353 2962/3572/2354
f 2962/3572/2354 2964/3573/2356 2963/3570/2355
f 2954/3557/2348 2965/3574/2355 2966/3575/2357
f 2966/3575/2357 2955/3558/2349 2954/3557/2348
f 2967/3576/2358 2968/3577/2359 2954/3557/2348
f 2954/3557/2348 2953/3556/2347 2967/3576/2358
f 2969/3578/2360 2967/3579/2358 2953/3561/2347
f 2953/3561/2347 2957/3560/2350 2969/3578/2360
f 2970/3580/2361 2969/3581/2360 2957/3565/2350
f 2957/3565/2350 2959/3564/2351 2970/3580/2361
f 2971/3582/2362 2970/3580/2361 2959/3564/2351
f 2959/3564/2351 2961/3568/2353 2971/3582/2362
f 2972/3583/2363 2971/3584/2362 2961/3571/2353
f 2961/3571/2353 2963/3570/2355 2972/3583/2363
f 2968/3577/2359 2973/3585/2363 2965/3574/2355
f 2965/3574/2355 2954/3557/2348 2968/3577/2359
f 1484/1785/591 2968/3577/2359 2967/3576/2358
f 2967/3576/2358 1485/1786/1186 1484/1785/591
f 1485/1787/1186 2967/3579/2358 2969/3578/2360
f 2969/3578/2360 1486/1788/1171 1485/1787/1186
f 1486/1789/1171 2969/3581/2360 2970/3580/2361
f 2970/3580/2361 1487/1790/130 1486/1789/1171
f 2970/3580/2361 2971/3582/2362 1488/1791/1187
f 1488/1791/1187 1487/1790/130 2970/3580/2361
f 2971/3584/2362 2972/3583/2363 1489/1794/1188
f 1489/1794/1188 1488/1793/1187 2971/3584/2362
f 2973/3585/2363 2968/3577/2359 1484/1785/591
f 1484/1785/591 1490/1795/1189 2973/3585/2363
f 2974/3586/2364 2975/3587/2365 2976/3588/2366
f 2976/3588/2366 2977/3589/2367 2974/3586/2364
f 2978/3590/2368 2974/3591/2364 2977/3592/2367
f 2977/3592/2367 2979/3593/2369 2978/3590/2368
f 2980/3594/2370 2978/3595/2368 2979/3596/2369
f 2979/3596/2369 2981/3597/2371 2980/3594/2370
f 2982/3598/2372 2980/3594/2370 2981/3597/2371
f 2981/3597/2371 2983/3599/2373 2982/3598/2372
f 2984/3600/2374 2982/3601/2372 2983/3602/2373
f 2983/3602/2373 2985/3603/2375 2984/3600/2374
f 2986/3604/2376 2984/3605/2374 2985/3606/2375
f 2985/3606/2375 2987/3607/2366 2986/3604/2376
f 2988/3608/2377 2989/3609/2378 2975/3610/2365
f 2975/3610/2365 2974/3611/2364 2988/3608/2377
f 2990/3612/2379 2988/3613/2377 2974/3591/2364
f 2974/3591/2364 2978/3590/2368 2990/3612/2379
f 2991/3614/2380 2990/3615/2379 2978/3616/2368
f 2978/3616/2368 2980/3617/2370 2991/3614/2380
f 2992/3618/2381 2991/3614/2380 2980/3617/2370
f 2980/3617/2370 2982/3619/2372 2992/3618/2381
f 2993/3620/2382 2992/3621/2381 2982/3601/2372
f 2982/3601/2372 2984/3600/2374 2993/3620/2382
f 2994/3622/2378 2993/3623/2382 2984/3624/2374
f 2984/3624/2374 2986/3625/2376 2994/3622/2378
f 2995/3626/2383 2996/3627/2384 2989/3609/2378
f 2989/3609/2378 2988/3608/2377 2995/3626/2383
f 2997/3628/2385 2995/3629/2383 2988/3613/2377
f 2988/3613/2377 2990/3612/2379 2997/3628/2385
f 2998/3630/2386 2997/3631/2385 2990/3615/2379
f 2990/3615/2379 2991/3614/2380 2998/3630/2386
f 2999/3632/2387 2998/3630/2386 2991/3614/2380
f 2991/3614/2380 2992/3618/2381 2999/3632/2387
f 3000/3633/2388 2999/3634/2387 2992/3621/2381
f 2992/3621/2381 2993/3620/2382 3000/3633/2388
f 3001/3635/2389 3000/3636/2388 2993/3623/2382
f 2993/3623/2382 2994/3622/2378 3001/3635/2389
s 0
f 3002/3637/1216 3003/3638/1216 3004/3639/1216
f 3003/3638/1216 3002/3637/1216 3005/3640/1216
f 3005/3640/1216 3006/3641/1216 3003/3638/1216
f 3007/3642/1216 3003/3638/1216 3006/3641/1216
s 1
f 2402/2866/1941 2404/2868/1942 2415/2879/1941
f 2415/2879/1941 2404/2868/1942 3008/3643/1941
f 1640/1977/1300 1527/1855/1218 1526/1854/1217
f 1526/1854/1217 1641/1978/1301 1640/1977/1300
f 1690/2051/1350 1529/1857/1220 1528/1856/1219
f 1528/1856/1219 1700/2050/1360 1690/2051/1350
f 1689/2039/1349 1530/1859/1221 1529/1858/1220
f 1529/1858/1220 1690/2040/1350 1689/2039/1349
f 132/148/130 1531/1860/130 1691/2041/1351
f 1691/2041/1351 1657/1997/1317 132/148/130
f 1806/2169/1425 1532/1861/1222 134/150/132
f 134/150/132 1664/2004/1324 1806/2169/1425
f 2048/2447/1647 1534/1863/1224 1533/1862/1223
f 1533/1862/1223 2046/2448/1645 2048/2447/1647
f 2156/2576/1744 2155/2575/1744 1536/1865/1225
f 1536/1865/1225 1535/1864/1225 2156/2576/1744
f 2166/2588/1752 1538/1867/131 1537/1866/131
f 1537/1866/131 2164/2586/1750 2166/2588/1752
f 2178/2602/1760 1540/1869/1227 1539/1868/1226
f 1539/1868/1226 2175/2603/1758 2178/2602/1760
f 2197/2622/1778 1542/1871/1229 1541/1870/1228
f 1541/1870/1228 2198/2623/1779 2197/2622/1778
f 2229/2661/1808 1544/1873/1231 1543/1872/1230
f 1543/1872/1230 2230/2662/1809 2229/2661/1808
f 1545/1874/1232 1548/1877/1232 3009/3644/2390
f 3009/3644/2390 3010/3645/2390 1545/1874/1232
f 1549/1878/1234 865/1006/728 2399/2863/1940
f 2399/2863/1940 3011/3646/2391 1549/1878/1234
f 2388/2850/1933 1552/1881/1236 1551/1880/1236
f 1551/1880/1236 2389/2851/1934 2388/2850/1933
s 0
f 3012/3647/591 1556/1885/591 1555/1884/591
f 1555/1884/591 3013/3648/591 3012/3647/591
s 1
f 2699/3187/2140 1558/1887/131 1557/1886/131
f 1557/1886/131 2700/3188/2141 2699/3187/2140
s 0
f 2702/3190/130 1560/1889/130 1559/1888/130
f 1559/1888/130 2703/3191/130 2702/3190/130
s 1
f 2745/3231/2167 1562/1891/1237 1561/1890/1237
f 1561/1890/1237 2746/3232/2168 2745/3231/2167
f 2707/3195/2144 1564/1893/959 1563/1892/959
f 1563/1892/959 2708/3196/2145 2707/3195/2144
f 2772/3266/2180 1566/1895/1091 1565/1894/1091
f 1565/1894/1091 2769/3263/2177 2772/3266/2180
f 2779/3279/2187 1568/1897/591 1567/1896/912
f 1567/1896/912 2780/3280/2188 2779/3279/2187
f 2780/3283/2188 1567/1899/912 1569/1898/182
f 1569/1898/182 2782/3284/2190 2780/3283/2188
f 2782/3284/2190 1569/1898/182 1570/1900/1082
f 1570/1900/1082 2784/3286/2192 2782/3284/2190
f 2784/3289/2192 1570/1902/1082 1571/1901/130
f 1571/1901/130 2786/3290/2194 2784/3289/2192
f 2786/3290/2194 1571/1901/130 1572/1903/1091
f 1572/1903/1091 2788/3292/2196 2786/3290/2194
f 1572/1904/1091 1573/1905/131 2790/3296/2198
f 2790/3296/2198 2788/3295/2196 1572/1904/1091
f 1573/1905/131 1574/1906/1088 2792/3298/2200
f 2792/3298/2200 2790/3296/2198 1573/1905/131
f 1574/1907/1088 1575/1908/591 2794/3302/2187
f 2794/3302/2187 2792/3301/2200 1574/1907/1088
f 2878/3442/2280 1387/1910/1097 1576/1909/591
f 1576/1909/591 2884/3443/2286 2878/3442/2280
f 2884/3443/2286 1576/1909/591 1577/1911/1238
f 1577/1911/1238 2886/3445/2288 2884/3443/2286
f 1578/1912/1238 1388/1913/1098 2879/3449/2281
f 2879/3449/2281 2889/3448/2288 1578/1912/1238
f 3014/3649/2392 3015/3650/2393 3016/3651/2394
f 3016/3651/2394 3017/3652/2395 3014/3649/2392
f 3015/3650/2393 3018/3653/2396 3019/3654/2397
f 3019/3654/2397 3016/3651/2394 3015/3650/2393
f 3018/3655/2396 3020/3656/2398 3021/3657/2399
f 3021/3657/2399 3019/3658/2397 3018/3655/2396
f 3020/3656/2398 3022/3659/2400 3023/3660/2401
f 3023/3660/2401 3021/3657/2399 3020/3656/2398
f 3022/3661/2400 3024/3662/2402 3025/3663/2403
f 3025/3663/2403 3023/3664/2401 3022/3661/2400
f 3024/3662/2402 3026/3665/2404 3027/3666/2405
f 3027/3666/2405 3025/3663/2403 3024/3662/2402
f 3026/3665/2404 3028/3667/2406 3029/3668/2407
f 3029/3668/2407 3027/3666/2405 3026/3665/2404
f 3028/3669/2406 3030/3670/2408 3031/3671/2409
f 3031/3671/2409 3029/3672/2407 3028/3669/2406
f 3030/3670/2408 3032/3673/2410 3033/3674/2411
f 3033/3674/2411 3031/3671/2409 3030/3670/2408
f 3034/3675/2412 3035/3676/2413 3036/3677/2414
f 3036/3677/2414 3037/3678/2415 3034/3675/2412
f 3035/3676/2413 3038/3679/2416 3039/3680/2417
f 3039/3680/2417 3036/3677/2414 3035/3676/2413
f 3038/3681/2416 3014/3649/2392 3017/3652/2395
f 3017/3652/2395 3039/3682/2417 3038/3681/2416
f 3017/3683/2395 3016/3684/2394 3040/3685/2418
f 3040/3685/2418 3041/3686/2419 3017/3683/2395
f 3016/3684/2394 3019/3687/2397 3042/3688/2420
f 3042/3688/2420 3040/3685/2418 3016/3684/2394
f 3019/3687/2397 3021/3689/2399 3043/3690/2421
f 3043/3690/2421 3042/3688/2420 3019/3687/2397
f 3021/3689/2399 3023/3691/2401 3044/3692/2422
f 3044/3692/2422 3043/3690/2421 3021/3689/2399
f 3023/3691/2401 3025/3693/2403 3045/3694/2423
f 3045/3694/2423 3044/3692/2422 3023/3691/2401
f 3025/3693/2403 3027/3695/2405 3046/3696/2424
f 3046/3696/2424 3045/3694/2423 3025/3693/2403
f 3027/3695/2405 3029/3697/2407 3047/3698/2425
f 3047/3698/2425 3046/3696/2424 3027/3695/2405
f 3029/3697/2407 3031/3699/2409 3048/3700/2426
f 3048/3700/2426 3047/3698/2425 3029/3697/2407
f 3031/3699/2409 3033/3701/2411 3049/3702/2427
f 3049/3702/2427 3048/3700/2426 3031/3699/2409
f 3037/3701/2415 3036/3703/2414 3050/3704/2428
f 3050/3704/2428 3051/3702/2429 3037/3701/2415
f 3036/3703/2414 3039/3705/2417 3052/3706/2430
f 3052/3706/2430 3050/3704/2428 3036/3703/2414
f 3039/3705/2417 3017/3683/2395 3041/3686/2419
f 3041/3686/2419 3052/3706/2430 3039/3705/2417
f 3053/3707/2392 3054/3708/2393 3055/3709/2394
f 3055/3709/2394 3056/3710/2395 3053/3707/2392
f 3054/3708/2393 3057/3711/2396 3058/3712/2397
f 3058/3712/2397 3055/3709/2394 3054/3708/2393
f 3057/3713/2396 3059/3714/2398 3060/3715/2399
f 3060/3715/2399 3058/3716/2397 3057/3713/2396
f 3059/3714/2398 3061/3717/2400 3062/3718/2401
f 3062/3718/2401 3060/3715/2399 3059/3714/2398
f 3061/3719/2400 3063/3720/2402 3064/3721/2403
f 3064/3721/2403 3062/3722/2401 3061/3719/2400
f 3063/3720/2402 3065/3723/2404 3066/3724/2405
f 3066/3724/2405 3064/3721/2403 3063/3720/2402
f 3065/3723/2404 3067/3725/2406 3068/3726/2407
f 3068/3726/2407 3066/3724/2405 3065/3723/2404
f 3067/3727/2406 3069/3728/2408 3070/3729/2409
f 3070/3729/2409 3068/3730/2407 3067/3727/2406
f 3069/3728/2408 3071/3731/2410 3072/3732/2431
f 3072/3732/2431 3070/3729/2409 3069/3728/2408
f 3073/3733/2412 3074/3734/2413 3075/3735/2414
f 3075/3735/2414 3076/3736/2415 3073/3733/2412
f 3074/3734/2413 3077/3737/2416 3078/3738/2417
f 3078/3738/2417 3075/3735/2414 3074/3734/2413
f 3077/3739/2416 3053/3707/2392 3056/3710/2395
f 3056/3710/2395 3078/3740/2417 3077/3739/2416
f 3056/3741/2395 3055/3742/2394 3079/3743/2418
f 3079/3743/2418 3080/3744/2419 3056/3741/2395
f 3055/3742/2394 3058/3745/2397 3081/3746/2420
f 3081/3746/2420 3079/3743/2418 3055/3742/2394
f 3058/3745/2397 3060/3747/2399 3082/3748/2421
f 3082/3748/2421 3081/3746/2420 3058/3745/2397
f 3060/3747/2399 3062/3749/2401 3083/3750/2422
f 3083/3750/2422 3082/3748/2421 3060/3747/2399
f 3062/3749/2401 3064/3751/2403 3084/3752/2423
f 3084/3752/2423 3083/3750/2422 3062/3749/2401
f 3064/3751/2403 3066/3753/2405 3085/3754/2424
f 3085/3754/2424 3084/3752/2423 3064/3751/2403
f 3066/3753/2405 3068/3755/2407 3086/3756/2425
f 3086/3756/2425 3085/3754/2424 3066/3753/2405
f 3068/3755/2407 3070/3757/2409 3087/3758/2426
f 3087/3758/2426 3086/3756/2425 3068/3755/2407
f 3070/3757/2409 3072/3759/2431 3088/3760/2427
f 3088/3760/2427 3087/3758/2426 3070/3757/2409
f 3076/3759/2415 3075/3761/2414 3089/3762/2428
f 3089/3762/2428 3090/3760/2429 3076/3759/2415
f 3075/3761/2414 3078/3763/2417 3091/3764/2430
f 3091/3764/2430 3089/3762/2428 3075/3761/2414
f 3078/3763/2417 3056/3741/2395 3080/3744/2419
f 3080/3744/2419 3091/3764/2430 3078/3763/2417
f 3092/3765/2404 3093/3766/2405 3094/3767/2403
f 3094/3767/2403 3095/3768/2402 3092/3765/2404
f 3095/3768/2402 3094/3767/2403 3096/3769/2401
f 3096/3769/2401 3097/3770/2400 3095/3768/2402
f 3097/3771/2400 3096/3772/2401 3098/3773/2432
f 3098/3773/2432 3099/3774/2398 3097/3771/2400
f 3099/3774/2398 3098/3773/2432 3100/3775/2397
f 3100/3775/2397 3101/3776/2396 3099/3774/2398
f 3101/3777/2396 3100/3778/2397 3102/3779/2394
f 3102/3779/2394 3103/3780/2393 3101/3777/2396
f 3103/3780/2393 3102/3779/2394 3104/3781/2395
f 3104/3781/2395 3105/3782/2392 3103/3780/2393
f 3105/3782/2392 3104/3781/2395 3106/3783/2433
f 3106/3783/2433 3107/3784/2416 3105/3782/2392
f 3107/3785/2416 3106/3786/2433 3108/3787/2414
f 3108/3787/2414 3109/3788/2413 3107/3785/2416
f 3109/3788/2413 3108/3787/2414 3110/3789/2415
f 3110/3789/2415 3111/3790/2412 3109/3788/2413
f 3112/3791/2410 3113/3792/2411 3114/3793/2409
f 3114/3793/2409 3115/3794/2408 3112/3791/2410
f 3115/3794/2408 3114/3793/2409 3116/3795/2407
f 3116/3795/2407 3117/3796/2406 3115/3794/2408
f 3117/3797/2406 3116/3798/2407 3093/3766/2405
f 3093/3766/2405 3092/3765/2404 3117/3797/2406
f 3093/3799/2405 3118/3800/2424 3119/3801/2423
f 3119/3801/2423 3094/3802/2403 3093/3799/2405
f 3094/3802/2403 3119/3801/2423 3120/3803/2422
f 3120/3803/2422 3096/3804/2401 3094/3802/2403
f 3096/3804/2401 3120/3803/2422 3121/3805/2421
f 3121/3805/2421 3098/3806/2432 3096/3804/2401
f 3098/3806/2432 3121/3805/2421 3122/3807/2420
f 3122/3807/2420 3100/3808/2397 3098/3806/2432
f 3100/3808/2397 3122/3807/2420 3123/3809/2418
f 3123/3809/2418 3102/3810/2394 3100/3808/2397
f 3102/3810/2394 3123/3809/2418 3124/3811/2419
f 3124/3811/2419 3104/3812/2395 3102/3810/2394
f 3104/3812/2395 3124/3811/2419 3125/3813/2430
f 3125/3813/2430 3106/3814/2433 3104/3812/2395
f 3106/3814/2433 3125/3813/2430 3126/3815/2428
f 3126/3815/2428 3108/3816/2414 3106/3814/2433
f 3108/3816/2414 3126/3815/2428 3127/3817/2429
f 3127/3817/2429 3110/3818/2415 3108/3816/2414
f 3113/3818/2411 3128/3817/2427 3129/3819/2426
f 3129/3819/2426 3114/3820/2409 3113/3818/2411
f 3114/3820/2409 3129/3819/2426 3130/3821/2434
f 3130/3821/2434 3116/3822/2407 3114/3820/2409
f 3116/3822/2407 3130/3821/2434 3118/3800/2424
f 3118/3800/2424 3093/3799/2405 3116/3822/2407
f 3131/3823/2404 3132/3824/2405 3133/3825/2403
f 3133/3825/2403 3134/3826/2402 3131/3823/2404
f 3134/3826/2402 3133/3825/2403 3135/3827/2401
f 3135/3827/2401 3136/3828/2400 3134/3826/2402
f 3136/3829/2400 3135/3830/2401 3137/3831/2432
f 3137/3831/2432 3138/3832/2398 3136/3829/2400
f 3138/3832/2398 3137/3831/2432 3139/3833/2397
f 3139/3833/2397 3140/3834/2396 3138/3832/2398
f 3140/3835/2396 3139/3836/2397 3141/3837/2435
f 3141/3837/2435 3142/3838/2393 3140/3835/2396
f 3142/3838/2393 3141/3837/2435 3143/3839/2395
f 3143/3839/2395 3144/3840/2392 3142/3838/2393
f 3144/3840/2392 3143/3839/2395 3145/3841/2433
f 3145/3841/2433 3146/3842/2416 3144/3840/2392
f 3146/3843/2416 3145/3844/2433 3147/3845/2414
f 3147/3845/2414 3148/3846/2413 3146/3843/2416
f 3148/3846/2413 3147/3845/2414 3149/3847/2415
f 3149/3847/2415 3150/3848/2412 3148/3846/2413
f 3151/3849/2410 3152/3850/2411 3153/3851/2409
f 3153/3851/2409 3154/3852/2408 3151/3849/2410
f 3154/3852/2408 3153/3851/2409 3155/3853/2407
f 3155/3853/2407 3156/3854/2406 3154/3852/2408
f 3156/3855/2406 3155/3856/2407 3132/3824/2405
f 3132/3824/2405 3131/3823/2404 3156/3855/2406
f 3132/3857/2405 3157/3858/2424 3158/3859/2423
f 3158/3859/2423 3133/3860/2403 3132/3857/2405
f 3133/3860/2403 3158/3859/2423 3159/3861/2422
f 3159/3861/2422 3135/3862/2401 3133/3860/2403
f 3135/3862/2401 3159/3861/2422 3160/3863/2421
f 3160/3863/2421 3137/3864/2432 3135/3862/2401
f 3137/3864/2432 3160/3863/2421 3161/3865/2420
f 3161/3865/2420 3139/3866/2397 3137/3864/2432
f 3139/3866/2397 3161/3865/2420 3162/3867/2436
f 3162/3867/2436 3141/3868/2435 3139/3866/2397
f 3141/3868/2435 3162/3867/2436 3163/3869/2419
f 3163/3869/2419 3143/3870/2395 3141/3868/2435
f 3143/3870/2395 3163/3869/2419 3164/3871/2437
f 3164/3871/2437 3145/3872/2433 3143/3870/2395
f 3145/3872/2433 3164/3871/2437 3165/3873/2428
f 3165/3873/2428 3147/3874/2414 3145/3872/2433
f 3147/3874/2414 3165/3873/2428 3166/3875/2429
f 3166/3875/2429 3149/3876/2415 3147/3874/2414
f 3152/3876/2411 3167/3875/2427 3168/3877/2426
f 3168/3877/2426 3153/3878/2409 3152/3876/2411
f 3153/3878/2409 3168/3877/2426 3169/3879/2434
f 3169/3879/2434 3155/3880/2407 3153/3878/2409
f 3155/3880/2407 3169/3879/2434 3157/3858/2424
f 3157/3858/2424 3132/3857/2405 3155/3880/2407
f 3170/3881/2438 3171/3882/2439 3172/3883/2440
f 3172/3883/2440 3173/3884/2438 3170/3881/2438
f 3171/3885/2439 3174/3886/2441 3175/3887/2442
f 3175/3887/2442 3172/3888/2440 3171/3885/2439
f 3174/3886/2441 3176/3889/2443 3177/3890/2444
f 3177/3890/2444 3175/3887/2442 3174/3886/2441
f 3176/3889/2443 3178/3891/2445 3179/3892/2446
f 3179/3892/2446 3177/3890/2444 3176/3889/2443
f 3178/3893/2445 3180/3894/2447 3181/3884/2447
f 3181/3884/2447 3179/3895/2446 3178/3893/2445
s 0
f 3182/3896/2448 3183/3897/2448 3184/3898/2448
f 3183/3897/2448 3185/3899/2448 3184/3898/2448
f 3185/3899/2448 3186/3900/2448 3184/3898/2448
f 3186/3900/2448 3187/3901/2448 3184/3898/2448
f 3187/3901/2448 3188/3902/2448 3184/3898/2448
f 3189/3903/2449 3190/3904/2449 3191/3905/2449
f 3192/3906/2449 3193/3907/2449 3191/3905/2449
f 3193/3907/2449 3194/3908/2449 3191/3905/2449
f 3194/3908/2449 3195/3909/2449 3191/3905/2449
f 3195/3909/2449 3189/3903/2449 3191/3905/2449
s 1
f 3196/3910/2450 3197/3911/2450 3198/3912/2451
f 3198/3912/2451 3199/3913/2451 3196/3910/2450
f 3200/3914/2452 3201/3915/2452 3202/3916/2453
f 3202/3916/2453 3203/3917/2453 3200/3914/2452
f 3204/3918/2454 3205/3919/2454 3206/3920/2455
f 3206/3920/2455 3207/3921/2455 3204/3918/2454
f 3199/3913/2451 3198/3912/2451 3208/3922/2456
f 3208/3922/2456 3209/3923/2456 3199/3913/2451
f 3203/3917/2453 3202/3916/2453 3210/3924/2457
f 3210/3924/2457 3211/3925/2457 3203/3917/2453
f 3207/3921/2455 3206/3920/2455 3212/3926/2458
f 3212/3926/2458 3213/3927/2458 3207/3921/2455
f 3209/3923/2456 3208/3922/2456 3214/3928/2459
f 3214/3928/2459 3215/3929/2459 3209/3923/2456
f 3211/3930/2457 3210/3931/2457 3216/3932/2460
f 3216/3932/2460 3217/3933/2460 3211/3930/2457
f 3213/3927/2458 3212/3926/2458 3218/3934/2461
f 3218/3934/2461 3219/3935/2461 3213/3927/2458
f 3215/3936/2459 3214/3937/2459 3220/3938/2462
f 3220/3938/2462 3221/3939/2462 3215/3936/2459
f 3217/3933/2460 3216/3932/2460 3222/3940/2463
f 3222/3940/2463 3223/3941/2463 3217/3933/2460
f 3219/3935/2461 3218/3934/2461 3224/3942/2464
f 3224/3942/2464 3225/3943/2464 3219/3935/2461
f 3221/3939/2462 3220/3938/2462 3226/3944/2465
f 3226/3944/2465 3227/3945/2465 3221/3939/2462
f 3223/3941/2463 3222/3940/2463 3228/3946/2466
f 3228/3946/2466 3229/3947/2466 3223/3941/2463
f 3225/3943/2464 3224/3942/2464 3230/3948/2467
f 3230/3948/2467 3231/3949/2467 3225/3943/2464
f 3232/3950/2468 3233/3951/2468 3234/3952/2469
f 3234/3952/2469 3235/3953/2469 3232/3950/2468
f 3236/3954/2470 3237/3955/2470 3238/3956/2471
f 3238/3956/2471 3239/3957/2472 3236/3954/2470
f 3240/3958/2473 3241/3959/2473 3242/3960/2474
f 3242/3960/2474 3243/3961/2474 3240/3958/2473
f 3235/3953/2469 3234/3952/2469 3244/3962/2475
f 3244/3962/2475 3245/3963/2475 3235/3953/2469
f 3239/3957/2472 3238/3956/2471 3246/3964/2476
f 3246/3964/2476 3247/3965/2476 3239/3957/2472
f 3243/3961/2474 3242/3960/2474 3248/3966/2477
f 3248/3966/2477 3249/3967/2477 3243/3961/2474
f 3245/3968/2475 3244/3969/2475 3250/3970/2478
f 3250/3970/2478 3251/3971/2478 3245/3968/2475
f 3247/3965/2476 3246/3964/2476 3252/3972/2479
f 3252/3972/2479 3253/3973/2479 3247/3965/2476
f 3249/3967/2477 3248/3966/2477 3254/3974/2480
f 3254/3974/2480 3255/3975/2481 3249/3967/2477
f 3251/3971/2478 3250/3970/2478 3256/3976/2482
f 3256/3976/2482 3257/3977/2482 3251/3971/2478
f 3253/3978/2479 3252/3979/2479 3258/3980/2483
f 3258/3980/2483 3259/3981/2484 3253/3978/2479
f 3255/3975/2481 3254/3974/2480 3260/3982/2485
f 3260/3982/2485 3261/3983/2485 3255/3975/2481
f 3257/3977/2482 3256/3976/2482 3197/3911/2450
f 3197/3911/2450 3196/3910/2450 3257/3977/2482
f 3259/3981/2484 3258/3980/2483 3201/3915/2452
f 3201/3915/2452 3200/3914/2452 3259/3981/2484
f 3261/3983/2485 3260/3982/2485 3205/3919/2454
f 3205/3919/2454 3204/3918/2454 3261/3983/2485
s 0
f 3262/3984/2486 3263/3985/2486 3264/3986/2486
f 3264/3986/2486 3265/3987/2486 3262/3984/2486
f 3266/3988/2487 3267/3989/2487 3268/3990/2487
f 3268/3990/2487 3269/3991/2487 3266/3988/2487
f 3270/3992/2488 3271/3993/2488 3272/3994/2488
f 3272/3994/2488 3273/3995/2488 3270/3992/2488
f 3274/3996/2489 3275/3997/2489 3276/3998/2489
f 3276/3998/2489 3277/3999/2489 3274/3996/2489
f 3278/4000/2490 3279/4001/2490 3280/4002/2490
f 3280/4002/2490 3281/4003/2490 3278/4000/2490
f 3282/4004/2491 3283/4005/2491 3284/919/2491
f 3284/919/2491 3285/4006/2491 3282/4004/2491
f 3286/4007/2492 3287/4008/2492 3288/4009/2492
f 3288/4009/2492 3289/4010/2492 3286/4007/2492
f 3290/4011/2486 3291/4012/2486 3263/3985/2486
f 3263/3985/2486 3262/3984/2486 3290/4011/2486
f 3292/4013/2487 3293/4014/2487 3268/3990/2487
f 3268/3990/2493 3267/3989/2493 3292/4013/2493
f 3294/4015/2486 3295/4016/2486 3296/4017/2486
f 3296/4017/2486 3297/4018/2486 3294/4015/2486
f 3298/4019/2494 3299/4020/2494 3300/4021/2494
f 3300/4021/2494 3301/4022/2494 3298/4019/2494
f 3302/4023/2495 3303/4024/2495 3304/4025/2495
f 3304/4025/2495 3305/4026/2495 3302/4023/2495
f 3306/4027/2496 3307/4028/2496 3296/4017/2496
f 3296/4017/2496 3295/4016/2496 3306/4027/2496
f 3308/4029/2489 3309/4030/2489 3310/4031/2489
f 3310/4031/2489 3311/4032/2489 3308/4029/2489
f 3312/4033/2493 3313/4034/2493 3314/4035/2493
f 3314/4035/2493 3315/4036/2493 3312/4033/2493
f 3316/4037/2486 3317/4038/2486 3318/4039/2486
f 3318/4039/2486 3319/4040/2486 3316/4037/2486
f 3320/4041/2487 3321/4042/2487 3322/4043/2487
f 3322/4043/2487 3323/4044/2487 3320/4041/2487
f 3324/4045/2497 3325/4046/2497 3326/4047/2497
f 3326/4047/2497 3327/4048/2497 3324/4045/2497
f 3328/4049/2489 3329/4050/2489 3330/4051/2489
f 3330/4051/2489 3331/4052/2489 3328/4049/2489
f 3332/2108/2498 3333/4053/2498 3334/4054/2498
f 3334/4054/2498 3335/4055/2498 3332/2108/2498
f 3336/4056/2499 3337/4057/2499 3338/4058/2499
f 3338/4058/2499 3339/4059/2499 3336/4056/2499
f 3340/4060/2500 3341/4061/2500 3342/4062/2500
f 3342/4062/2500 3343/4063/2500 3340/4060/2500
f 3344/4064/2486 3316/4037/2486 3319/4040/2486
f 3319/4040/2486 3345/4065/2486 3344/4064/2486
f 3346/4066/2487 3323/4044/2487 3322/4043/2487
f 3322/4043/2487 3347/4067/2487 3346/4066/2487
f 3348/4068/2487 3313/4034/2487 3312/4033/2487
f 3312/4033/2487 3349/4069/2487 3348/4068/2487
f 3350/4070/2501 3351/4071/2501 3352/4072/2501
f 3352/4072/2501 3353/4073/2501 3350/4070/2501
f 3354/4074/2502 3355/4075/2502 3356/4076/2502
f 3356/4076/2502 3357/4077/2502 3354/4074/2502
f 3358/4078/182 3359/4079/182 3360/4080/182
f 3360/4080/182 3361/4081/182 3358/4078/182
f 3362/4082/131 3363/4083/131 3364/4084/131
f 3364/4084/131 3365/4085/131 3362/4082/131
f 3366/4086/591 3367/4087/591 3368/4088/591
f 3368/4088/591 3369/4089/591 3366/4086/591
f 3370/4090/2503 3371/4091/2503 3372/4092/2503
f 3372/4092/2503 3373/4093/2503 3370/4090/2503
f 3374/4094/130 3375/4095/130 3376/4096/130
f 3376/4096/130 3377/4097/130 3374/4094/130
f 3378/4098/2504 3379/4099/2504 3380/4100/2504
f 3380/4100/2504 3381/4101/2504 3378/4098/2504
f 3382/4102/2505 3383/4103/2505 3384/4104/2505
f 3384/4104/2505 3385/4105/2505 3382/4102/2505
f 3386/4106/2506 3387/4107/2506 3388/4108/2506
f 3388/4108/2506 3389/4109/2506 3386/4106/2506
f 3390/4110/2507 3391/4111/2507 3392/4112/2507
f 3392/4112/2507 3393/4113/2507 3390/4110/2507
f 3394/4114/941 3395/4115/941 3396/4116/941
f 3396/4116/941 3397/4117/941 3394/4114/941
f 3398/4118/130 3399/4119/130 3400/4120/130
f 3400/4120/130 3401/4121/130 3398/4118/130
f 3402/4122/144 3403/4123/144 3404/4124/144
f 3404/4124/144 3405/4125/144 3402/4122/144
s 1
f 3406/4126/2508 3407/4127/2509 3408/4128/2510
f 3409/4129/2511 3410/4130/2512 3411/4131/2513
f 3411/4131/2513 3412/4132/2514 3409/4129/2511
f 3413/4133/2515 3414/4134/2516 3415/4135/2517
f 3416/4136/2518 3417/4137/2519 3418/4138/2520
f 3418/4138/2520 3419/4139/2521 3416/4136/2518
f 3420/4140/2522 3421/4141/2523 3422/4142/2524
f 3423/4143/2525 3424/4144/2526 3425/4145/2527
f 3425/4145/2527 3414/4146/2516 3423/4143/2525
f 3426/4147/2528 3422/4148/2524 3421/4149/2523
f 3427/4150/2529 3409/4151/2511 3412/4152/2514
f 3412/4132/2514 3428/4153/2530 3427/4154/2529
f 3413/4155/2515 3406/4126/2508 3408/4128/2510
f 3408/4128/2510 3429/4156/2531 3413/4155/2515
f 3430/4157/2532 3411/4131/2513 3410/4130/2512
f 3410/4130/2512 3431/4158/2533 3430/4157/2532
f 3432/4159/2534 3433/4160/2535 3417/4161/2519
f 3417/4162/2519 3416/4163/2518 3432/4164/2534
f 3406/4126/2508 3427/4165/2529 3428/4166/2530
f 3428/4166/2530 3407/4127/2509 3406/4126/2508
f 3419/4167/2521 3418/4168/2520 3424/4169/2526
f 3424/4144/2526 3423/4143/2525 3419/4139/2521
f 3424/4144/2526 3426/4147/2528 3421/4149/2523
f 3421/4149/2523 3425/4145/2527 3424/4144/2526
f 3434/4170/2536 3435/4171/2537 3436/4172/2538
f 3436/4172/2538 3437/4173/2539 3434/4170/2536
f 3438/4174/2540 3439/4175/2541 3440/4176/2541
s 0
f 3440/4176/2542 3441/4177/2542 3438/4174/2542
f 3439/4175/2543 3442/4178/2544 3443/4179/2544
f 3443/4179/2545 3440/4176/2541 3439/4175/2541
s 1
f 3442/4178/2544 3444/4180/2546 3445/4181/2547
f 3445/4181/2547 3443/4179/2545 3442/4178/2544
f 3446/4182/2546 3447/4183/2548 3448/4184/2549
f 3449/4185/2548 3450/4186/2550 3451/4187/2551
f 3451/4187/2551 3452/4188/2552 3449/4185/2548
f 3450/4186/2550 3453/4189/2553 3454/4190/2554
f 3454/4190/2554 3451/4187/2551 3450/4186/2550
s 0
f 3453/4189/2555 3455/4191/2555 3456/4192/2556
f 3456/4192/2557 3454/4190/2557 3453/4189/2557
f 3455/4191/2542 3438/4174/2542 3441/4177/2542
f 3441/4177/2542 3456/4192/2542 3455/4191/2542
s 1
f 3457/4193/2558 3458/4194/2559 3459/4195/2560
f 3459/4195/2560 3460/4196/2561 3457/4193/2558
f 3458/4194/2559 3461/4197/2562 3462/4198/2563
f 3462/4198/2563 3459/4195/2560 3458/4194/2559
f 3461/4199/2562 3463/4200/2564 3464/4201/2565
f 3464/4201/2565 3462/4202/2563 3461/4199/2562
f 3463/4200/2564 3465/4203/2566 3464/4201/2565
f 3465/4204/2566 3466/4205/2567 3467/4206/2568
f 3467/4206/2568 3464/4207/2565 3465/4204/2566
f 3466/4208/2567 3468/4209/2569 3469/4210/2570
f 3469/4210/2570 3467/4211/2568 3466/4208/2567
f 3468/4209/2569 3470/4212/2571 3471/4213/2572
f 3471/4213/2572 3469/4210/2570 3468/4209/2569
f 3470/4214/2571 3457/4193/2558 3460/4196/2561
f 3460/4196/2561 3471/4215/2572 3470/4214/2571
f 3472/4216/2573 3473/4217/2574 3435/4171/2575
s 0
f 3435/4171/2576 3434/4170/2577 3472/4216/2577
s 1
f 3473/4217/2574 3474/4218/2578 3435/4171/2575
f 3428/4166/2530 3416/4219/2518 3419/4220/2521
f 3419/4220/2521 3407/4127/2509 3428/4166/2530
f 3423/4221/2525 3408/4128/2510 3407/4127/2509
f 3407/4127/2509 3419/4220/2521 3423/4221/2525
f 3412/4132/2514 3432/4164/2534 3416/4163/2518
f 3416/4163/2518 3428/4153/2530 3412/4132/2514
f 3408/4222/2510 3423/4223/2525 3414/4134/2516
f 3414/4134/2516 3429/4224/2531 3408/4222/2510
f 3418/4138/2520 3426/4147/2528 3424/4144/2526
f 3426/4147/2528 3418/4138/2520 3417/4137/2519
f 3417/4137/2519 3430/4225/2532 3426/4147/2528
f 3430/4157/2532 3417/4162/2519 3433/4226/2535
f 3433/4226/2535 3411/4131/2513 3430/4157/2532
f 3433/4226/2535 3432/4164/2534 3412/4132/2514
f 3412/4132/2514 3411/4131/2513 3433/4226/2535
f 3447/4183/2548 3475/4227/2552 3448/4184/2549
f 3476/4228/2579 3477/4229/2580 3478/4230/2581
f 3478/4230/2581 3479/4231/2581 3476/4228/2579
f 3480/4232/2582 3481/4233/2583 3482/4234/2582
f 3482/4234/2582 3483/4235/2582 3480/4232/2582
f 3484/4236/2584 3485/4237/2585 3486/4238/2585
f 3486/4238/2585 3487/4239/2585 3484/4236/2584
f 3488/4240/2586 3489/4241/2586 3490/4242/2586
f 3490/4242/2586 3491/4243/2586 3488/4240/2586
f 3426/4147/2528 3430/4225/2532 3422/4148/2524
f 3430/4244/2532 3431/4245/2533 3420/4140/2522
f 3420/4140/2522 3422/4142/2524 3430/4244/2532
f 3492/4246/2587 3493/4247/2588 3494/4248/2589
f 3495/4249/2590 3496/4250/2591 3497/4251/2592
f 3497/4251/2592 3498/4252/2593 3495/4249/2590
f 3499/4253/2594 3500/4254/2595 3501/4255/2596
f 3502/4256/2597 3503/4257/2598 3504/4258/2599
f 3504/4258/2599 3505/4259/2600 3502/4256/2597
f 3506/4260/2601 3507/4261/2602 3508/4262/2603
f 3509/4263/2604 3499/4264/2594 3501/4265/2596
f 3501/4265/2596 3510/4266/2605 3509/4263/2604
f 3511/4267/2606 3508/4268/2603 3507/4269/2602
f 3512/4270/2607 3513/4271/2608 3496/4250/2591
f 3496/4272/2591 3495/4273/2590 3512/4274/2607
f 3514/4275/2609 3515/4276/2610 3493/4247/2588
f 3493/4247/2588 3492/4246/2587 3514/4275/2609
f 3516/4277/2611 3517/4278/2612 3498/4252/2593
f 3498/4252/2593 3497/4251/2592 3516/4277/2611
f 3518/4279/2613 3502/4280/2597 3505/4281/2600
f 3505/4282/2600 3519/4283/2614 3518/4284/2613
f 3492/4246/2587 3494/4248/2589 3513/4285/2608
f 3513/4285/2608 3512/4286/2607 3492/4246/2587
f 3503/4257/2598 3509/4263/2604 3510/4266/2605
f 3510/4287/2605 3504/4288/2599 3503/4289/2598
f 3510/4266/2605 3501/4265/2596 3508/4268/2603
f 3508/4268/2603 3511/4267/2606 3510/4266/2605
f 3520/4290/2615 3521/4291/2616 3522/4292/2617
f 3522/4292/2617 3523/4293/2615 3520/4290/2615
s 0
f 3524/4294/2618 3525/4295/2618 3526/4296/2618
f 3526/4296/2619 3527/4297/2619 3524/4294/2619
f 3527/4297/2619 3526/4296/2619 3528/4298/2620
f 3528/4298/2621 3529/4299/2622 3527/4297/2622
s 1
f 3529/4299/2623 3528/4298/2623 3530/4300/2624
f 3530/4300/2624 3531/4301/2625 3529/4299/2623
f 3532/4302/2625 3533/4303/2626 3534/4304/2627
f 3535/4305/2627 3536/4306/2628 3537/4307/2629
f 3537/4307/2629 3538/4308/2630 3535/4305/2627
f 3538/4308/2630 3537/4307/2629 3539/4309/2631
f 3539/4309/2631 3540/4310/2631 3538/4308/2630
f 3540/4310/2631 3539/4309/2631 3541/4311/2632
f 3541/4311/2632 3542/4312/2633 3540/4310/2631
s 0
f 3542/4312/2634 3541/4311/2632 3525/4295/2634
f 3525/4295/2635 3524/4294/2635 3542/4312/2635
s 1
f 3543/4313/2636 3544/4314/2637 3545/4315/2638
f 3545/4315/2638 3546/4316/2639 3543/4313/2636
f 3546/4316/2639 3545/4315/2638 3547/4317/2640
f 3547/4317/2640 3548/4318/2641 3546/4316/2639
f 3548/4319/2641 3547/4320/2640 3549/4321/2642
f 3549/4321/2642 3550/4322/2643 3548/4319/2641
f 3550/4322/2643 3549/4321/2642 3551/4323/2644
f 3551/4324/2644 3549/4325/2642 3552/4326/2645
f 3552/4326/2645 3553/4327/2646 3551/4324/2644
f 3553/4328/2646 3552/4329/2645 3554/4330/2647
f 3554/4330/2647 3555/4331/2648 3553/4328/2646
f 3555/4331/2648 3554/4330/2647 3556/4332/2649
f 3556/4332/2649 3557/4333/2650 3555/4331/2648
f 3557/4334/2650 3556/4335/2649 3544/4314/2637
f 3544/4314/2637 3543/4313/2636 3557/4334/2650
s 0
f 3558/4336/2651 3520/4290/2652 3523/4293/2651
s 1
f 3523/4293/2615 3559/4337/2653 3558/4336/2654
f 3559/4337/2653 3523/4293/2615 3560/4338/2655
f 3513/4285/2608 3494/4248/2589 3503/4339/2598
f 3503/4339/2598 3502/4340/2597 3513/4285/2608
f 3509/4341/2604 3503/4339/2598 3494/4248/2589
f 3494/4248/2589 3493/4247/2588 3509/4341/2604
f 3496/4250/2591 3513/4271/2608 3502/4280/2597
f 3502/4280/2597 3518/4279/2613 3496/4250/2591
f 3493/4342/2588 3515/4343/2610 3499/4253/2594
f 3499/4253/2594 3509/4344/2604 3493/4342/2588
f 3504/4258/2599 3510/4266/2605 3511/4267/2606
f 3511/4267/2606 3516/4345/2611 3505/4259/2600
f 3505/4259/2600 3504/4258/2599 3511/4267/2606
f 3516/4277/2611 3497/4251/2592 3519/4346/2614
f 3519/4346/2614 3505/4281/2600 3516/4277/2611
f 3519/4346/2614 3497/4251/2592 3496/4250/2591
f 3496/4250/2591 3518/4279/2613 3519/4346/2614
f 3534/4304/2627 3533/4303/2626 3561/4347/2628
f 3562/4348/2656 3563/4349/2657 3564/4350/2658
f 3564/4350/2658 3565/4351/2657 3562/4348/2656
f 3566/4352/2659 3567/4353/2660 3568/4354/2660
f 3568/4354/2660 3569/4355/2659 3566/4352/2659
f 3570/4356/2661 3571/4357/2661 3572/4358/2661
f 3572/4358/2661 3573/4359/2661 3570/4356/2661
f 3574/4360/2662 3575/4361/2662 3576/4362/2662
f 3576/4362/2662 3577/4363/2662 3574/4360/2662
f 3511/4267/2606 3507/4269/2602 3516/4345/2611
f 3516/4364/2611 3507/4261/2602 3506/4260/2601
f 3506/4260/2601 3517/4365/2612 3516/4364/2611
f 3578/4366/2663 3579/4367/2664 3580/4368/2665
f 3580/4368/2665 3581/4369/2663 3578/4366/2663
s 0
f 3582/4370/2666 3583/4371/2666 3584/4372/2666
f 3584/4372/2666 3585/4373/2666 3582/4370/2666
s 1
f 3586/4374/2667 3587/4375/2668 3588/4376/2669
f 3588/4376/2669 3589/4377/2669 3586/4374/2667
s 0
f 3590/4378/2670 3591/4379/2670 3592/4380/2670
f 3592/4380/2670 3593/4381/2670 3590/4378/2670
s 1
f 3594/4382/2671 3595/4383/2672 3596/4384/2673
f 3596/4384/2673 3597/4385/2673 3594/4382/2671
s 0
f 3598/4386/2674 3599/4387/2674 3600/4388/2674
f 3600/4388/2674 3601/4389/2674 3598/4386/2674
s 1
f 3602/4390/2675 3603/4391/2675 3604/4392/2676
f 3604/4392/2676 3605/4393/2677 3602/4390/2675
s 0
f 3606/4394/2678 3607/4395/2678 3608/4396/2678
f 3608/4396/2679 3609/4397/2679 3606/4394/2679
s 1
f 3610/4398/2680 3611/4399/2680 3612/4400/2681
f 3612/4400/2681 3613/4401/2682 3610/4398/2680
f 3614/4402/2683 3615/4403/2683 3616/4404/2684
f 3616/4404/2684 3617/4405/2685 3614/4402/2683
f 3579/4367/2664 3605/4393/2677 3604/4392/2676
f 3604/4392/2676 3580/4368/2665 3579/4367/2664
f 3618/4406/2686 3619/4407/2687 3620/4408/2688
f 3620/4408/2688 3621/4409/2686 3618/4406/2686
f 3586/4374/2667 3613/4401/2682 3612/4400/2681
f 3612/4400/2681 3587/4375/2668 3586/4374/2667
f 3594/4382/2671 3617/4405/2685 3616/4404/2684
f 3616/4404/2684 3595/4383/2672 3594/4382/2671
f 3622/4410/2674 3623/4411/2674 3624/4412/2674
f 3624/4412/2674 3625/4413/2674 3622/4410/2674
f 3587/4375/2668 3612/4400/2681 3626/4414/2689
f 3626/4414/2689 3627/4415/2690 3587/4375/2668
s 0
f 3628/4416/2670 3629/4417/2670 3630/4418/2670
f 3630/4418/2670 3631/4419/2670 3628/4416/2670
s 1
f 3632/4420/2691 3633/4421/2684 3634/4422/2692
f 3634/4422/2692 3635/4423/2693 3632/4420/2691
s 0
f 3636/4424/2676 3637/4425/2676 3638/4426/2676
f 3638/4426/2676 3639/4427/2676 3636/4424/2676
s 1
f 3640/4428/2694 3641/4429/2695 3642/4430/2696
f 3642/4430/2696 3643/4431/2696 3640/4428/2694
f 3644/4432/2688 3645/4433/2687 3646/4434/2697
f 3646/4434/2697 3647/4435/2697 3644/4432/2688
f 3648/4436/2698 3649/4437/2699 3650/4438/2700
f 3650/4438/2700 3651/4439/2700 3648/4436/2698
f 3652/4440/2663 3653/4441/2664 3654/4442/2701
f 3654/4442/2701 3655/4443/2663 3652/4440/2663
s 0
f 3656/4444/2666 3657/4445/2666 3658/4446/2666
f 3658/4446/2666 3659/4447/2666 3656/4444/2666
s 1
f 3660/4448/2667 3661/4449/2668 3662/4450/2669
f 3662/4450/2669 3663/4451/2669 3660/4448/2667
s 0
f 3664/4452/2670 3665/4453/2670 3666/4389/2670
f 3666/4389/2670 3667/4454/2670 3664/4452/2670
s 1
f 3668/4455/2702 3669/4456/2672 3670/4457/2673
f 3670/4457/2673 3671/4458/2673 3668/4455/2702
s 0
f 3672/4459/2674 3673/4460/2674 3674/4461/2674
f 3674/4461/2674 3675/4462/2674 3672/4459/2674
s 1
f 3676/4463/2675 3677/4464/2675 3678/4465/2676
f 3678/4465/2676 3679/4466/2677 3676/4463/2675
s 0
f 3680/4467/2678 3681/4468/2678 3682/4469/2678
f 3682/4469/2679 3683/4470/2679 3680/4467/2679
s 1
f 3684/4471/2680 3685/4472/2703 3686/4473/2681
f 3686/4473/2681 3687/4474/2682 3684/4471/2680
f 3688/4475/2683 3689/4476/2683 3690/4477/2684
f 3690/4477/2684 3691/4478/2685 3688/4475/2683
f 3653/4441/2664 3679/4466/2677 3678/4465/2676
f 3678/4465/2676 3654/4442/2701 3653/4441/2664
f 3692/4479/2686 3693/4480/2687 3694/4481/2688
f 3694/4481/2688 3695/4482/2686 3692/4479/2686
f 3660/4448/2667 3687/4474/2682 3686/4473/2681
f 3686/4473/2681 3661/4449/2668 3660/4448/2667
f 3668/4455/2702 3691/4478/2685 3690/4477/2684
f 3690/4477/2684 3669/4456/2672 3668/4455/2702
s 0
f 3696/4483/2674 3697/4484/2674 3698/4485/2674
f 3698/4485/2674 3699/4486/2674 3696/4483/2674
s 1
f 3661/4449/2668 3686/4473/2681 3700/4487/2689
f 3700/4487/2689 3701/4488/2690 3661/4449/2668
s 0
f 3702/4489/2670 3703/4490/2670 3704/4491/2670
f 3704/4491/2670 3705/4492/2670 3702/4489/2670
s 1
f 3706/4493/2694 3707/4494/2684 3708/4495/2692
f 3708/4495/2692 3709/4496/2704 3706/4493/2694
s 0
f 3710/4497/2676 3711/4498/2676 3712/4499/2676
f 3712/4499/2676 3713/4500/2676 3710/4497/2676
s 1
f 3714/4501/2691 3715/4502/2695 3716/4503/2696
f 3716/4503/2696 3717/4504/2696 3714/4501/2691
f 3718/4505/2688 3719/4506/2687 3720/4507/2697
f 3720/4507/2697 3721/4508/2697 3718/4505/2688
f 3722/4509/2698 3723/4510/2699 3724/4511/2705
f 3724/4511/2705 3725/4512/2705 3722/4509/2698
f 3726/4513/2706 3727/4514/2707 3728/4515/2708
f 3728/4515/2708 3729/4516/2709 3726/4513/2706
f 3727/4517/2707 3730/4518/2710 3731/4519/2711
f 3731/4519/2711 3728/4520/2708 3727/4517/2707
f 3732/4521/2712 3733/4522/2713 3734/4523/2714
f 3734/4523/2714 3735/4524/2715 3732/4521/2712
f 3733/4522/2713 3736/4525/2716 3737/4526/2717
f 3737/4526/2717 3734/4523/2714 3733/4522/2713
f 3736/4527/2716 3738/4528/2718 3739/4529/2719
f 3739/4529/2719 3737/4530/2717 3736/4527/2716
f 3738/4528/2718 3740/4531/2720 3741/4532/2721
f 3741/4532/2721 3739/4529/2719 3738/4528/2718
f 3740/4533/2720 3742/4534/2722 3743/4535/2723
f 3743/4535/2723 3741/4536/2721 3740/4533/2720
f 3742/4534/2722 3744/4537/2724 3745/4538/2725
f 3745/4538/2725 3743/4535/2723 3742/4534/2722
f 3744/4537/2724 3746/4539/2726 3747/4540/2727
f 3747/4540/2727 3745/4538/2725 3744/4537/2724
f 3746/4541/2726 3726/4513/2706 3729/4516/2709
f 3729/4516/2709 3747/4542/2727 3746/4541/2726
s 0
f 3748/4543/2728 3749/4544/2728 3750/4545/2728
f 3750/4545/2728 3751/4546/2728 3748/4543/2728
s 1
f 3749/4544/2729 3752/4547/2729 3753/4548/2729
s 0
f 3753/4548/2730 3750/4545/2730 3749/4544/2730
f 3752/4547/2729 3754/4549/2729 3755/4550/2729
f 3755/4550/2731 3753/4548/2731 3752/4547/2731
f 3754/4549/2729 3756/4551/2729 3757/4552/2729
f 3757/4552/2732 3755/4550/2732 3754/4549/2732
f 3756/4551/2733 3758/4553/2733 3759/4554/2733
f 3759/4554/2729 3757/4552/2729 3756/4551/2729
f 3758/4553/2732 3760/4555/2734 3761/4556/2734
f 3761/4556/2735 3759/4554/2735 3758/4553/2735
f 3760/4555/2731 3762/4557/2731 3763/4558/2736
f 3763/4558/2732 3761/4556/2737 3760/4555/2737
f 3762/4557/2729 3764/4559/2729 3765/4560/2729
f 3765/4560/2731 3763/4558/2731 3762/4557/2731
f 3766/4559/2738 3767/4561/2738 3768/4562/2738
f 3768/4562/2729 3769/4560/2729 3766/4559/2729
f 3767/4561/2738 3748/4543/2738 3751/4546/2738
f 3751/4546/2739 3768/4562/2739 3767/4561/2739
s 1
f 3770/4563/2740 3771/4564/2741 3772/4565/2742
f 3771/4566/2741 3773/4567/2743 3772/4568/2742
f 3773/4567/2743 3774/4569/2744 3772/4568/2742
f 3774/4569/2744 3775/4570/2745 3772/4568/2742
f 3775/4571/2745 3776/4572/2746 3772/4573/2742
f 3776/4572/2746 3777/4574/2747 3772/4573/2742
f 3777/4575/2747 3778/4576/2748 3772/4577/2742
f 3778/4576/2748 3779/4578/2749 3772/4577/2742
f 3780/4579/2750 3781/4580/2751 3772/4581/2742
f 3781/4582/2751 3770/4563/2740 3772/4565/2742
s 0
f 3782/4583/2752 3783/4584/2752 3784/4585/2752
f 3784/4585/2752 3785/4586/2752 3782/4583/2752
f 3786/4587/144 3787/4588/144 3788/4589/144
f 3788/4589/144 3789/4590/144 3786/4587/144
f 3790/4591/144 3791/4592/144 3787/4588/144
f 3787/4588/144 3786/4587/144 3790/4591/144
s 1
f 3792/4593/2753 3793/4594/2754 3794/4595/2755
f 3795/4596/2756 3796/4597/2757 3797/4598/2758
s 0
f 3798/4599/591 3799/4600/591 3800/4601/591
f 3800/4601/591 3801/4602/591 3798/4599/591
f 3802/4603/2759 3803/4604/2759 3804/4605/2759
f 3804/4605/2759 3805/4606/2759 3802/4603/2759
f 3806/4607/144 3807/4608/144 3808/4609/144
f 3808/4609/144 3809/4610/144 3806/4607/144
f 3810/4611/144 3811/4612/144 3807/4608/144
f 3807/4608/144 3806/4607/144 3810/4611/144
s 1
f 3812/4613/2760 3813/4614/2761 3814/4615/2762
f 3815/4616/2763 3816/4617/2764 3817/4618/2765
s 0
f 3818/4619/591 3819/4620/591 3820/4621/591
f 3820/4621/591 3821/4622/591 3818/4619/591
s 1
f 3822/4623/131 3823/4624/131 3794/4595/2755
f 3794/4595/2755 3824/4625/131 3822/4623/131
f 3825/4626/182 3795/4596/2756 3826/4627/182
s 0
f 3826/4627/182 3827/4628/182 3825/4626/182
s 1
f 3828/4629/131 3829/4630/131 3814/4615/2762
f 3814/4615/2762 3830/4631/131 3828/4629/131
f 3831/4632/182 3815/4616/2763 3832/4633/182
s 0
f 3832/4633/182 3833/4634/182 3831/4632/182
f 3834/4635/2766 3835/4636/2766 3836/4637/2766
f 3836/4637/2766 3837/4638/2766 3834/4635/2766
f 3838/4639/941 3839/4640/941 3840/4641/941
f 3840/4641/941 3841/4642/941 3838/4639/941
f 3842/4643/941 3838/4639/941 3841/4642/941
f 3841/4642/941 3843/4644/941 3842/4643/941
s 1
f 3844/4645/2753 3845/4646/2755 3846/4647/2754
f 3847/4648/2756 3848/4649/2758 3849/4650/2757
s 0
f 3850/4651/591 3851/4652/591 3800/4601/591
f 3800/4601/591 3799/4600/591 3850/4651/591
f 3852/4653/2767 3853/4654/2767 3854/4655/2767
f 3854/4655/2767 3855/4656/2767 3852/4653/2767
f 3856/4657/941 3857/4658/941 3858/4659/941
f 3858/4659/941 3859/4660/941 3856/4657/941
f 3860/4661/941 3856/4657/941 3859/4660/941
f 3859/4660/941 3861/4662/941 3860/4661/941
s 1
f 3862/4663/2760 3863/4664/2762 3864/4665/2761
f 3865/4666/2763 3866/4667/2765 3867/4668/2764
s 0
f 3868/4669/591 3869/4670/591 3820/4621/591
f 3820/4621/591 3819/4620/591 3868/4669/591
s 1
f 3822/4623/131 3824/4625/131 3845/4646/2755
f 3845/4646/2755 3870/4671/131 3822/4623/131
s 0
f 3825/4626/182 3827/4628/182 3871/4672/182
s 1
f 3871/4672/182 3847/4648/2756 3825/4626/182
f 3828/4629/131 3830/4631/131 3863/4664/2762
f 3863/4664/2762 3872/4673/131 3828/4629/131
s 0
f 3831/4632/182 3833/4634/182 3873/4674/182
s 1
f 3873/4674/182 3865/4666/2763 3831/4632/182
f 3845/4646/2755 3844/4645/2753 3870/4671/131
f 3871/4672/182 3848/4649/2758 3847/4648/2756
f 3863/4664/2762 3862/4663/2760 3872/4673/131
f 3873/4674/182 3866/4667/2765 3865/4666/2763
f 3829/4630/131 3812/4613/2760 3814/4615/2762
f 3815/4616/2763 3817/4618/2765 3832/4633/182
f 3823/4624/131 3792/4593/2753 3794/4595/2755
f 3795/4596/2756 3797/4598/2758 3826/4627/182
f 3874/4675/144 3875/4676/2768 3876/4677/2768
f 3876/4677/2768 3877/4678/144 3874/4675/144
f 3875/4676/2768 3878/4679/2769 3879/4680/2769
f 3879/4680/2769 3876/4677/2768 3875/4676/2768
f 3878/4679/2769 3880/4681/2770 3881/4682/2770
f 3881/4682/2770 3879/4680/2769 3878/4679/2769
f 3880/4683/2770 3882/4684/2771 3883/4685/2771
f 3883/4685/2771 3881/4686/2770 3880/4683/2770
f 3882/4684/2771 3884/4687/130 3885/4688/130
f 3885/4688/130 3883/4685/2771 3882/4684/2771
f 3884/4687/130 3886/4689/2772 3887/4690/2772
f 3887/4690/2772 3885/4688/130 3884/4687/130
f 3886/4689/2772 3888/4691/2773 3889/4692/2773
f 3889/4692/2773 3887/4690/2772 3886/4689/2772
f 3888/4693/2773 3890/4694/2774 3891/4695/2774
f 3891/4695/2774 3889/4696/2773 3888/4693/2773
f 3890/4694/2774 3892/4697/2775 3893/4698/2775
f 3893/4698/2775 3891/4695/2774 3890/4694/2774
f 3892/4697/2775 3894/4699/941 3895/4700/941
f 3895/4700/941 3893/4698/2775 3892/4697/2775
f 3894/4699/941 3896/4701/2776 3897/4702/2776
f 3897/4702/2776 3895/4700/941 3894/4699/941
f 3896/4701/2776 3898/4703/2777 3899/4704/2777
f 3899/4704/2777 3897/4702/2776 3896/4701/2776
f 3898/4705/2777 3900/4706/2778 3901/4707/2778
f 3901/4707/2778 3899/4708/2777 3898/4705/2777
f 3900/4706/2778 3902/4709/2779 3903/4710/2779
f 3903/4710/2779 3901/4707/2778 3900/4706/2778
f 3902/4709/2779 3904/4711/591 3905/4712/591
f 3905/4712/591 3903/4710/2779 3902/4709/2779
f 3906/4713/591 3907/4714/2780 3908/4715/2780
f 3908/4715/2780 3909/4716/591 3906/4713/591
f 3907/4714/2780 3910/4717/2781 3911/4718/2781
f 3911/4718/2781 3908/4715/2780 3907/4714/2780
f 3910/4717/2781 3912/4719/2782 3913/4720/2782
f 3913/4720/2782 3911/4718/2781 3910/4717/2781
f 3912/4721/2782 3914/4722/2783 3915/4723/2783
f 3915/4723/2783 3913/4724/2782 3912/4721/2782
f 3914/4722/2783 3874/4675/144 3877/4678/144
f 3877/4678/144 3915/4723/2783 3914/4722/2783
s 0
f 3916/4725/131 3917/4726/131 3918/4727/131
f 3918/4727/131 3919/4728/131 3916/4725/131
f 3920/4729/131 3921/4730/131 3918/4727/131
f 3918/4727/131 3917/4726/131 3920/4729/131
f 3922/4731/131 3923/4732/131 3918/4727/131
f 3918/4727/131 3921/4730/131 3922/4731/131
f 3924/4733/131 3919/4728/131 3918/4727/131
f 3918/4727/131 3923/4732/131 3924/4733/131
f 3925/4734/182 3926/4735/182 3927/4736/182
f 3926/4735/182 3928/4737/182 3927/4736/182
f 3928/4737/182 3929/4738/182 3927/4736/182
f 3929/4738/182 3930/4739/182 3927/4736/182
f 3930/4739/182 3931/4740/182 3927/4736/182
f 3931/4740/182 3932/4741/182 3927/4736/182
f 3932/4741/182 3933/4742/182 3927/4736/182
f 3933/4742/182 3934/4743/182 3927/4736/182
f 3934/4743/182 3935/4744/182 3927/4736/182
f 3935/4744/182 3936/4745/182 3927/4736/182
f 3936/4745/182 3937/4746/182 3927/4736/182
f 3937/4746/182 3938/4747/182 3927/4736/182
f 3938/4747/182 3939/4748/182 3927/4736/182
f 3939/4748/182 3940/4749/182 3927/4736/182
f 3940/4749/182 3941/4750/182 3927/4736/182
f 3941/4750/182 3942/4751/182 3927/4736/182
f 3942/4751/182 3943/4752/182 3927/4736/182
f 3943/4752/182 3944/4753/182 3927/4736/182
f 3944/4753/182 3945/4754/182 3927/4736/182
f 3945/4754/182 3925/4734/182 3927/4736/182
s 1
f 3946/4755/2784 3947/4756/2784 3948/4757/2785
f 3948/4757/2785 3949/4758/2785 3946/4755/2784
f 3950/4759/2786 3951/4760/2786 3947/4761/2784
f 3947/4761/2784 3946/4762/2784 3950/4759/2786
f 3952/4763/2787 3953/4764/2787 3951/4760/2786
f 3951/4760/2786 3950/4759/2786 3952/4763/2787
f 3954/4765/2788 3955/4766/2788 3953/4764/2787
f 3953/4764/2787 3952/4763/2787 3954/4765/2788
f 3956/4767/1091 3957/4768/1091 3955/4769/2788
f 3955/4769/2788 3954/4770/2788 3956/4767/1091
f 3958/4771/2789 3959/4772/2789 3957/4768/1091
f 3957/4768/1091 3956/4767/1091 3958/4771/2789
f 3960/4773/2790 3961/4774/2790 3959/4775/2789
f 3959/4775/2789 3958/4776/2789 3960/4773/2790
f 3962/4777/2791 3963/4778/2791 3961/4774/2790
f 3961/4774/2790 3960/4773/2790 3962/4777/2791
f 3964/4779/2792 3965/4780/2792 3963/4778/2791
f 3963/4778/2791 3962/4777/2791 3964/4779/2792
f 3966/4781/2793 3967/4782/2793 3965/4780/2792
f 3965/4780/2792 3964/4779/2792 3966/4781/2793
f 3968/4783/2794 3969/4784/2794 3967/4782/2793
f 3967/4782/2793 3966/4781/2793 3968/4783/2794
f 3970/4785/2795 3971/4786/2795 3969/4784/2794
f 3969/4784/2794 3968/4783/2794 3970/4785/2795
f 3972/4787/2796 3973/4788/2796 3971/4786/2795
f 3971/4786/2795 3970/4785/2795 3972/4787/2796
f 3974/4789/2797 3975/4790/2797 3973/4788/2796
f 3973/4788/2796 3972/4787/2796 3974/4789/2797
f 3976/4791/1088 3977/4792/1088 3975/4790/2797
f 3975/4790/2797 3974/4789/2797 3976/4791/1088
f 3978/4793/2798 3979/4794/2798 3977/4792/1088
f 3977/4792/1088 3976/4791/1088 3978/4793/2798
f 3980/4795/2799 3981/4796/2800 3979/4794/2798
f 3979/4794/2798 3978/4793/2798 3980/4795/2799
f 3982/4797/2801 3983/4798/2801 3981/4796/2800
f 3981/4796/2800 3980/4795/2799 3982/4797/2801
f 3984/4799/2802 3985/4800/2802 3983/4798/2801
f 3983/4798/2801 3982/4797/2801 3984/4799/2802
f 3949/4758/2785 3948/4757/2785 3985/4801/2802
f 3985/4801/2802 3984/4802/2802 3949/4758/2785
f 3986/4803/2131 3987/4804/2131 3988/4805/2803
f 3988/4805/2803 3989/4806/2803 3986/4803/2131
f 3989/4806/2803 3988/4805/2803 3990/4807/2804
f 3990/4807/2804 3991/4808/2804 3989/4806/2803
f 3991/4808/2804 3990/4807/2804 3992/4809/2805
f 3992/4809/2805 3993/4810/2805 3991/4808/2804
f 3993/4810/2805 3992/4809/2805 3994/4811/2806
f 3994/4811/2806 3995/4812/2806 3993/4810/2805
f 3995/4812/2806 3994/4811/2806 3996/4813/1082
f 3996/4813/1082 3997/4814/1082 3995/4812/2806
f 3997/4814/1082 3996/4813/1082 3998/4815/2807
f 3998/4815/2807 3999/4816/2807 3997/4814/1082
f 3999/4816/2807 3998/4815/2807 4000/4817/2808
f 4000/4817/2808 4001/4818/2808 3999/4816/2807
f 4001/4818/2808 4000/4817/2808 4002/4819/2809
f 4002/4819/2809 4003/4820/2809 4001/4818/2808
f 4003/4820/2809 4002/4819/2809 4004/4821/2810
f 4004/4821/2810 4005/4822/2810 4003/4820/2809
f 4005/4823/2810 4004/4824/2810 4006/4825/937
f 4006/4825/937 4007/4826/937 4005/4823/2810
f 4007/4826/937 4006/4825/937 4008/4827/2811
f 4008/4827/2811 4009/4828/2811 4007/4826/937
f 4009/4828/2811 4008/4827/2811 4010/4829/2812
f 4010/4829/2812 4011/4830/2812 4009/4828/2811
f 4011/4831/2812 4010/4832/2812 4012/4833/2813
f 4012/4833/2813 4013/4834/2814 4011/4831/2812
f 4013/4835/2814 4012/4836/2813 4014/4837/2815
f 4014/4837/2815 4015/4838/2815 4013/4835/2814
f 4015/4838/2815 4014/4837/2815 4016/4839/912
f 4016/4839/912 4017/4840/912 4015/4838/2815
f 4017/4840/912 4016/4839/912 4018/4841/2816
f 4018/4841/2816 4019/4842/2816 4017/4840/912
f 4019/4843/2816 4018/4844/2816 4020/4845/2817
f 4020/4845/2817 4021/4846/2817 4019/4843/2816
f 4021/4846/2817 4020/4845/2817 4022/4847/2818
f 4022/4847/2818 4023/4848/2818 4021/4846/2817
f 4023/4848/2818 4022/4847/2818 4024/4849/2819
f 4024/4849/2819 4025/4850/2819 4023/4848/2818
f 4025/4851/2819 4024/4852/2819 3987/4853/2131
f 3987/4853/2131 3986/4854/2131 4025/4851/2819
s 0
f 4026/4855/131 4027/4856/131 4028/4857/131
f 4028/4857/131 4027/4856/131 4029/4858/131
f 4028/4857/131 4029/4858/131 4030/4859/131
f 4028/4857/131 4030/4859/131 4031/4860/131
f 4028/4857/131 4031/4860/131 4032/4861/131
f 4028/4857/131 4032/4861/131 4033/4862/131
f 4028/4857/131 4033/4862/131 4034/4863/131
f 4028/4857/131 4034/4863/131 4035/4864/131
f 4036/4865/131 4037/4866/131 4038/4867/131
f 4038/4867/131 4037/4866/131 4039/4868/131
f 4038/4867/131 4039/4868/131 4040/4869/131
f 4038/4867/131 4040/4869/131 4041/4870/131
f 4038/4867/131 4041/4870/131 4042/4871/131
f 4038/4867/131 4042/4871/131 4043/4872/131
f 4038/4867/131 4043/4872/131 4044/4873/131
f 4038/4867/131 4044/4873/131 4045/4874/131
s 1
f 4046/4875/2820 4047/4876/2821 4048/4877/2821
f 4048/4877/2821 4049/4878/2820 4046/4875/2820
f 4047/4876/2821 4050/4879/2822 4051/4880/2822
f 4051/4880/2822 4048/4877/2821 4047/4876/2821
f 4052/4881/2823 4053/4882/2823 4054/4883/2823
s 0
f 4054/4883/2823 4055/4884/2823 4052/4881/2823
f 4053/4882/2823 4056/4885/2823 4057/4886/2823
f 4057/4886/2823 4054/4883/2823 4053/4882/2823
s 1
f 4058/4887/2824 4059/4888/2825 4060/4889/2825
f 4060/4889/2825 4061/4890/2824 4058/4887/2824
f 4059/4888/2825 4062/2327/2826 4063/4891/2826
f 4063/4891/2826 4060/4889/2825 4059/4888/2825
s 0
f 4064/4892/2827 4065/4893/2827 4066/4894/2827
f 4066/4894/2827 4067/4895/2827 4064/4892/2827
f 4065/4893/2827 4068/4896/2827 4069/4897/2827
f 4069/4897/2827 4066/4894/2827 4065/4893/2827
s 1
f 4070/4898/2828 4071/4899/2829 4072/4900/2830
f 4073/4901/2831 4071/4902/2829 4070/4903/2828
f 4073/4904/2831 4074/4905/2832 4075/4906/2833
f 4075/4906/2833 4071/4907/2829 4073/4904/2831
f 4074/4908/2832 4076/4909/2834 4077/4212/2835
f 4077/4910/2835 4075/4906/2833 4074/4905/2832
f 4078/4911/2836 4077/4212/2835 4076/4909/2834
f 4079/4912/2837 4077/4913/2835 4078/4914/2836
f 4071/4899/2829 4080/4915/2838 4081/4916/2839
f 4071/4917/2829 4082/4918/2840 4080/4919/2838
f 4082/4920/2840 4071/4921/2829 4075/4922/2833
f 4075/4922/2833 4083/4923/2841 4082/4920/2840
f 4083/4923/2841 4075/4922/2833 4077/1062/2835
f 4077/1062/2835 4084/4924/2842 4083/4923/2841
f 4077/4925/2835 4085/4926/2843 4084/4927/2842
f 4077/4913/2835 4086/4928/2844 4085/4929/2843
f 4087/4930/2845 4088/4931/2846 4089/4932/2847
f 4090/4933/2848 4091/4934/2849 4092/4935/2850
f 4092/4935/2850 4093/4936/2848 4090/4933/2848
f 4091/4934/2849 4094/4937/2851 4095/4938/2851
f 4095/4938/2851 4092/4935/2850 4091/4934/2849
s 0
f 4096/4939/2852 4097/4940/2852 4098/4941/2852
s 1
f 4088/4942/2846 4099/4943/2853 4100/4944/2854
f 4088/4942/2846 4101/4945/2855 4102/4946/2856
f 4102/4946/2856 4099/4943/2853 4088/4942/2846
f 4101/4945/2855 4103/4947/2857 4104/4948/2858
f 4104/4948/2858 4102/4946/2856 4101/4945/2855
f 4103/4947/2857 4105/4949/2859 4104/4948/2858
s 0
f 4106/4950/2860 4107/4951/2860 4108/4952/2860
s 1
f 4109/4953/2861 4103/4954/2862 4071/4899/2829
f 4071/4899/2829 4081/4916/2839 4109/4953/2861
f 4110/4955/2863 4088/4931/2846 4100/4956/2854
f 4086/4928/2844 4077/4913/2835 4088/4931/2846
f 4088/4931/2846 4110/4955/2863 4086/4928/2844
f 4111/4957/2864 4112/4958/2865 4113/4959/2866
f 4114/4960/2867 4115/4961/2868 4112/4958/2865
f 4112/4958/2865 4111/4957/2864 4114/4960/2867
f 4116/4962/2869 4115/4961/2868 4114/4960/2867
f 4117/4963/2870 4115/4961/2868 4116/4962/2869
f 4118/4964/2871 4119/4965/2872 4120/4966/2873
f 4121/4967/2874 4122/4968/2874 4123/4969/2874
f 4123/4969/2874 4124/4970/2874 4121/4967/2874
s 0
f 4125/4971/2875 4126/4972/2875 4127/4973/2875
s 1
f 4128/4974/2876 4115/4975/2868 4117/4976/2870
f 4129/4977/2877 4130/4978/2878 4115/4975/2868
f 4115/4975/2868 4128/4974/2876 4129/4977/2877
f 4072/4900/2830 4071/4899/2829 4130/4978/2878
f 4130/4978/2878 4129/4977/2877 4072/4900/2830
f 4131/4979/2879 4112/4980/2865 4132/4981/2880
f 4132/4981/2880 4133/4982/2881 4131/4979/2879
f 4113/4983/2866 4112/4980/2865 4131/4979/2879
f 4133/4982/2881 4132/4981/2880 4077/4913/2835
f 4077/4913/2835 4079/4912/2837 4133/4982/2881
f 4134/4984/591 4135/4985/2882 4120/4966/2873
f 4136/4986/591 4137/4987/591 4135/4985/2882
f 4135/4985/2882 4134/4984/591 4136/4986/591
f 4135/4985/2882 4118/4964/2871 4120/4966/2873
f 4089/4932/2847 4088/4931/2846 4138/4988/2883
f 4138/4988/2883 4088/4931/2846 4139/4989/2884
f 4139/4989/2884 4140/4990/591 4138/4988/2883
f 4077/4913/2835 4141/4991/2884 4139/4989/2884
f 4139/4989/2884 4088/4931/2846 4077/4913/2835
f 4132/4981/2880 4141/4991/2884 4077/4913/2835
f 4103/4954/2862 4142/4992/2885 4143/4993/2886
f 4143/4993/2886 4071/4899/2829 4103/4954/2862
f 4130/4978/2878 4143/4993/2886 4144/4994/2887
f 4144/4994/2887 4115/4975/2868 4130/4978/2878
f 4071/4899/2829 4143/4993/2886 4130/4978/2878
f 4145/4995/2888 4115/4975/2868 4144/4994/2887
f 4144/4994/2887 4146/4996/2889 4145/4995/2888
f 4147/4997/2890 4115/4975/2868 4145/4995/2888
f 4148/4998/2891 4142/4992/2885 4103/4954/2862
f 4103/4954/2862 4149/4999/2892 4148/4998/2891
f 4142/4992/2885 4148/4998/2891 4150/5000/2893
f 4151/5001/2894 4152/5002/2895 4153/5003/2896
f 4154/5004/2897 4151/5005/2894 4153/5006/2896
f 4154/5007/2897 4153/5008/2896 4155/5009/2898
f 4155/5009/2898 4156/5010/2899 4154/5007/2897
f 4156/5010/2899 4155/5009/2898 4157/5011/2900
f 4157/5011/2900 4158/5012/2901 4156/5010/2899
f 4159/5013/2902 4158/5014/2901 4157/5015/2900
f 4160/5016/2903 4159/5017/2902 4157/5018/2900
f 4153/5003/2896 4161/5019/2904 4162/5020/2905
f 4153/5021/2896 4162/5022/2905 4163/5023/2906
f 4163/5024/2906 4164/5025/2907 4155/5026/2898
f 4155/5026/2898 4153/5027/2896 4163/5024/2906
f 4164/5028/2907 4165/5029/2908 4157/5030/2900
f 4157/5031/2900 4155/5026/2898 4164/5025/2907
f 4157/5030/2900 4165/5029/2908 4166/5032/2909
f 4157/5018/2900 4166/5033/2909 4167/5034/2910
f 4168/5035/2911 4169/5036/2912 4170/5037/2913
f 4171/5038/2914 4172/5039/2914 4173/5040/2915
f 4173/5040/2915 4174/5041/2916 4171/5038/2914
f 4174/5041/2916 4173/5040/2915 4175/5042/2917
f 4175/5042/2917 4176/5043/2918 4174/5041/2916
s 0
f 4177/5044/2919 4178/5045/2919 4179/5046/2919
s 1
f 4170/5047/2913 4180/5048/2920 4181/5049/2921
f 4170/5047/2913 4181/5049/2921 4182/5050/2922
f 4182/5050/2922 4183/5051/2923 4170/5047/2913
f 4183/5051/2923 4182/5050/2922 4184/5052/2924
f 4184/5052/2924 4185/5053/2925 4183/5051/2923
f 4185/5053/2925 4184/5052/2924 4186/5054/2926
s 0
f 4187/5055/2927 4188/5056/2927 4189/5057/2927
s 1
f 4190/5058/2928 4161/5019/2904 4153/5003/2896
f 4153/5003/2896 4185/5059/2929 4190/5058/2928
f 4191/5060/2930 4180/5061/2920 4170/5037/2913
f 4167/5034/2910 4191/5060/2930 4170/5037/2913
f 4170/5037/2913 4157/5018/2900 4167/5034/2910
f 4192/5062/2931 4193/5063/2932 4194/5064/2933
f 4195/5065/2934 4192/5066/2931 4194/5067/2933
f 4194/5067/2933 4196/5068/2935 4195/5065/2934
f 4197/5069/2936 4195/5065/2934 4196/5068/2935
f 4198/5070/2937 4197/5069/2936 4196/5068/2935
f 4199/5071/2938 4200/5072/2939 4201/5073/2940
f 4202/5074/2941 4203/5075/2942 4204/5076/2941
f 4204/5076/2941 4205/5077/2941 4202/5074/2941
s 0
f 4206/5078/2943 4207/5079/2943 4208/5080/2943
s 1
f 4209/5081/2944 4198/5082/2937 4196/5083/2935
f 4210/5084/2945 4209/5081/2944 4196/5083/2935
f 4196/5083/2935 4211/5085/2946 4210/5084/2945
f 4152/5002/2895 4210/5084/2945 4211/5085/2946
f 4211/5085/2946 4153/5003/2896 4152/5002/2895
f 4212/5086/2947 4213/5087/2948 4214/5088/2949
f 4214/5088/2949 4194/5064/2933 4212/5086/2947
f 4193/5063/2932 4212/5086/2947 4194/5064/2933
f 4213/5087/2948 4160/5016/2903 4157/5018/2900
f 4157/5018/2900 4214/5088/2949 4213/5087/2948
f 4215/5089/591 4200/5072/2939 4216/5090/2950
f 4136/4986/591 4215/5089/591 4216/5090/2950
f 4216/5090/2950 4137/4987/591 4136/4986/591
f 4216/5090/2950 4200/5072/2939 4199/5071/2938
f 4169/5036/2912 4217/5091/2951 4170/5037/2913
f 4217/5091/2951 4140/4990/591 4139/4989/2884
f 4139/4989/2884 4170/5037/2913 4217/5091/2951
f 4157/5018/2900 4170/5037/2913 4139/4989/2884
f 4139/4989/2884 4141/4991/2884 4157/5018/2900
f 4214/5088/2949 4157/5018/2900 4141/4991/2884
f 4185/5059/2929 4153/5003/2896 4143/4993/2886
f 4143/4993/2886 4142/4992/2885 4185/5059/2929
f 4211/5085/2946 4196/5083/2935 4144/4994/2887
f 4144/4994/2887 4143/4993/2886 4211/5085/2946
f 4153/5003/2896 4211/5085/2946 4143/4993/2886
f 4218/5092/2952 4146/4996/2889 4144/4994/2887
f 4144/4994/2887 4196/5083/2935 4218/5092/2952
f 4219/5093/2953 4218/5092/2952 4196/5083/2935
f 4220/5094/2954 4221/5095/2955 4185/5059/2929
f 4185/5059/2929 4142/4992/2885 4220/5094/2954
f 4142/4992/2885 4150/5000/2893 4220/5094/2954
f 556/644/478 4222/5096/2956 554/642/476
f 580/676/501 4223/5097/2957 4224/5098/2958
f 4224/5098/2958 556/644/478 555/643/477
f 580/676/501 4224/5098/2958 555/643/477
f 720/834/605 4225/5099/2959 4226/5100/2960
f 4226/5100/2960 945/1090/783 721/835/606
f 720/834/605 4226/5100/2960 721/835/606
f 945/1090/783 4227/5101/2961 944/1089/782
f 946/1091/784 944/1089/782 4227/5101/2961
f 4227/5101/2961 4228/5102/2962 947/1092/785
f 946/1091/784 4227/5101/2961 947/1092/785
f 949/1094/787 554/642/476 4222/5096/2956
f 4222/5096/2956 4229/5103/2963 950/1095/788
f 949/1094/787 4222/5096/2956 950/1095/788
s 0
f 1104/1261/591 4230/5104/591 4231/5105/591
f 1104/1261/591 4231/5105/591 1105/1262/591
s 1
f 1109/1266/893 4232/5106/2964 1141/1304/922
f 1109/1266/893 1141/1304/922 1110/1267/894
f 1120/1279/902 1132/1291/913 1121/1280/903
f 1135/1294/916 4233/5107/2965 1133/1292/914
f 1142/1305/923 1144/1307/925 1110/1267/894
f 1146/1309/926 1139/1298/920 1138/1297/919
s 0
f 1170/1336/130 4234/5108/130 1171/1337/130
f 1171/1337/130 1174/1340/130 1172/1338/130
f 1175/1341/130 4235/5109/130 1174/1340/130
s 1
f 1178/1346/941 4236/5110/941 1169/1332/939
f 1169/1332/939 1164/1327/934 1163/1326/933
f 2111/2523/1703 2136/2556/1728 2109/2521/1701
f 2135/2555/1727 4237/5111/2966 4238/5112/2967
f 4238/5112/2967 4239/5113/2968 2136/2556/1728
f 2135/2555/1727 4238/5112/2967 2136/2556/1728
f 2263/2701/1823 4240/5114/2959 4241/5115/605
f 4241/5115/605 4242/5116/607 2264/2702/1824
f 2263/2701/1823 4241/5115/605 2264/2702/1824
f 2265/2703/1825 2264/2702/1824 2474/2942/1988
f 2476/2944/1990 4243/5117/2011 4244/5118/2969
f 4244/5118/2969 4245/5119/2970 2475/2943/1989
f 2476/2944/1990 4244/5118/2969 2475/2943/1989
f 2477/2945/1991 4246/5120/2971 4247/5121/788
f 4247/5121/788 4248/5122/2972 2110/2522/1702
f 2477/2945/1991 4247/5121/788 2110/2522/1702
s 0
f 2624/3104/591 2647/3129/591 4249/5123/591
f 2624/3104/591 4249/5123/591 2625/3105/591
s 1
f 2627/3107/2091 2649/3131/2110 2648/3130/2109
f 2627/3107/2091 2648/3130/2109 2628/3108/2092
f 2636/3118/2098 2646/3128/2108 2637/3119/2099
f 2652/3134/2113 2657/5124/2118 2650/3132/2111
f 2660/3144/2121 2628/3108/2092 2648/3130/2109
f 2655/3137/2116 2654/3136/2115 2662/3146/2122
s 0
f 2680/3167/130 4250/5125/130 4251/5126/130
f 2680/3167/130 4251/5126/130 2681/3168/130
f 2685/3172/130 2680/3167/130 2682/3169/130
s 1
f 2678/3162/2132 4252/5127/144 4253/5128/144
f 2678/3162/2132 4253/5128/144 2673/3157/2127
f 3413/4133/2515 3429/4224/2531 3414/4134/2516
f 3414/4134/2516 3425/5129/2527 3415/4135/2517
f 3499/4253/2594 3515/4343/2610 3514/2978/2609
f 3499/4253/2594 3514/2978/2609 3500/4254/2595
f 4254/5130/2973 4255/5131/2974 4256/5132/2974
f 4256/5132/2974 4257/5133/2973 4254/5130/2973
f 4255/5131/2974 4258/5134/2975 4259/5135/2975
f 4259/5135/2975 4256/5132/2974 4255/5131/2974
f 4258/5134/2975 4260/5136/2976 4261/5137/2976
f 4261/5137/2976 4259/5135/2975 4258/5134/2975
f 4260/5136/2976 4262/5138/2977 4263/5139/2977
f 4263/5139/2977 4261/5137/2976 4260/5136/2976
f 4262/5138/2977 4264/5140/2978 4265/5141/2978
f 4265/5141/2978 4263/5139/2977 4262/5138/2977
f 4264/5140/2978 4266/5142/2979 4267/5143/2979
f 4267/5143/2979 4265/5141/2978 4264/5140/2978
f 4266/5142/2979 4268/5144/2980 4269/5145/2980
f 4269/5145/2980 4267/5143/2979 4266/5142/2979
f 4268/5144/2980 4270/5146/2981 4271/5147/2981
f 4271/5147/2981 4269/5145/2980 4268/5144/2980
f 4270/5146/2981 4272/5148/2982 4273/5149/2982
f 4273/5149/2982 4271/5147/2981 4270/5146/2981
f 4272/5148/2982 4274/5150/2983 4275/5151/2983
f 4275/5151/2983 4273/5149/2982 4272/5148/2982
f 4274/5150/2983 4276/5152/2984 4277/5153/2984
f 4277/5153/2984 4275/5151/2983 4274/5150/2983
f 4276/5152/2984 4278/5154/2985 4279/5155/2985
f 4279/5155/2985 4277/5153/2984 4276/5152/2984
f 4278/5154/2985 4280/5156/2986 4281/5157/2986
f 4281/5157/2986 4279/5155/2985 4278/5154/2985
f 4280/5156/2986 4282/5158/2987 4283/5159/2987
f 4283/5159/2987 4281/5157/2986 4280/5156/2986
f 4282/5158/2987 4284/5160/2988 4285/5161/2988
f 4285/5161/2988 4283/5159/2987 4282/5158/2987
f 4286/5160/2988 4287/5162/2989 4288/5163/2989
f 4288/5163/2989 4289/5161/2988 4286/5160/2988
f 4287/5162/2989 4290/5164/2990 4291/5165/2990
f 4291/5165/2990 4288/5163/2989 4287/5162/2989
f 4290/5164/2990 4292/5166/2991 4293/5167/2991
f 4293/5167/2991 4291/5165/2990 4290/5164/2990
f 4292/5166/2991 4294/5168/2992 4295/5169/2992
f 4295/5169/2992 4293/5167/2991 4292/5166/2991
f 4294/5168/2992 4254/5130/2973 4257/5133/2973
f 4257/5133/2973 4295/5169/2992 4294/5168/2992
f 4296/5170/2993 4297/5171/2994 4298/5172/2994
f 4298/5172/2994 4299/5173/2993 4296/5170/2993
f 4297/5171/2994 4300/5174/2995 4301/5175/2995
f 4301/5175/2995 4298/5172/2994 4297/5171/2994
f 4300/5176/2995 4302/5177/2996 4303/5178/2996
f 4303/5178/2996 4301/5179/2995 4300/5176/2995
f 4302/5177/2996 4304/5180/2997 4305/5181/2997
f 4305/5181/2997 4303/5178/2996 4302/5177/2996
f 4304/5180/2997 4306/5182/2998 4307/5183/2998
f 4307/5183/2998 4305/5181/2997 4304/5180/2997
f 4306/5182/2998 4308/5184/2999 4309/5185/2999
f 4309/5185/2999 4307/5183/2998 4306/5182/2998
f 4308/5184/2999 4310/5186/3000 4311/5187/3000
f 4311/5187/3000 4309/5185/2999 4308/5184/2999
f 4310/5188/3000 4312/5189/3001 4313/5190/3001
f 4313/5190/3001 4311/5191/3000 4310/5188/3000
f 4312/5189/3001 4314/5192/3002 4315/5193/3002
f 4315/5193/3002 4313/5190/3001 4312/5189/3001
f 4314/5192/3002 4316/5194/3003 4317/5195/3003
f 4317/5195/3003 4315/5193/3002 4314/5192/3002
f 4316/5194/3003 4318/5196/3004 4319/5197/3004
f 4319/5197/3004 4317/5195/3003 4316/5194/3003
f 4318/5196/3004 4320/5198/3005 4321/5199/3005
f 4321/5199/3005 4319/5197/3004 4318/5196/3004
f 4320/5200/3005 4322/5201/3006 4323/5202/3006
f 4323/5202/3006 4321/5203/3005 4320/5200/3005
f 4322/5201/3006 4324/5204/3007 4325/5205/3007
f 4325/5205/3007 4323/5202/3006 4322/5201/3006
f 4324/5204/3007 4326/5206/3008 4327/5207/3008
f 4327/5207/3008 4325/5205/3007 4324/5204/3007
f 4328/5208/3008 4329/5209/3009 4330/5210/3009
f 4330/5210/3009 4331/5211/3008 4328/5208/3008
f 4329/5209/3009 4332/5212/3010 4333/5213/3011
f 4333/5213/3011 4330/5210/3009 4329/5209/3009
f 4332/5214/3010 4334/5215/3012 4335/5216/3012
f 4335/5216/3012 4333/5217/3011 4332/5214/3010
f 4334/5215/3012 4336/5218/3013 4337/5219/3013
f 4337/5219/3013 4335/5216/3012 4334/5215/3012
f 4336/5218/3013 4296/5170/2993 4299/5173/2993
f 4299/5173/2993 4337/5219/3013 4336/5218/3013
f 4338/5220/3014 4339/5221/3015 4340/5222/3015
f 4340/5222/3015 4341/5223/3014 4338/5220/3014
f 4339/5221/3015 4342/5224/3016 4343/5225/3016
f 4343/5225/3016 4340/5222/3015 4339/5221/3015
f 4342/5224/3016 4344/5226/3017 4345/5227/3017
f 4345/5227/3017 4343/5225/3016 4342/5224/3016
f 4344/5226/3017 4346/5228/3018 4347/5229/3018
f 4347/5229/3018 4345/5227/3017 4344/5226/3017
f 4346/5228/3018 4348/5230/3019 4349/5231/3019
f 4349/5231/3019 4347/5229/3018 4346/5228/3018
f 4348/5230/3019 4350/5232/3020 4351/5233/3020
f 4351/5233/3020 4349/5231/3019 4348/5230/3019
f 4350/5232/3020 4352/5234/3021 4353/5235/3021
f 4353/5235/3021 4351/5233/3020 4350/5232/3020
f 4352/5234/3021 4354/5236/3022 4355/5237/3022
f 4355/5237/3022 4353/5235/3021 4352/5234/3021
f 4354/5236/3022 4356/5238/3023 4357/5239/3023
f 4357/5239/3023 4355/5237/3022 4354/5236/3022
f 4356/5238/3023 4358/5240/3024 4359/5241/3024
f 4359/5241/3024 4357/5239/3023 4356/5238/3023
f 4358/5240/3024 4360/5242/3025 4361/5243/3025
f 4361/5243/3025 4359/5241/3024 4358/5240/3024
f 4360/5242/3025 4362/5244/3026 4363/5245/3026
f 4363/5245/3026 4361/5243/3025 4360/5242/3025
f 4362/5244/3026 4364/5246/3027 4365/5247/3027
f 4365/5247/3027 4363/5245/3026 4362/5244/3026
f 4364/5246/3027 4366/5248/3028 4367/5249/3028
f 4367/5249/3028 4365/5247/3027 4364/5246/3027
f 4366/5248/3028 4368/5250/3029 4369/5251/3029
f 4369/5251/3029 4367/5249/3028 4366/5248/3028
f 4370/5250/3029 4371/5252/3030 4372/5253/3030
f 4372/5253/3030 4373/5251/3029 4370/5250/3029
f 4371/5252/3030 4374/5254/3031 4375/5255/3031
f 4375/5255/3031 4372/5253/3030 4371/5252/3030
f 4374/5254/3031 4376/5256/3032 4377/5257/3032
f 4377/5257/3032 4375/5255/3031 4374/5254/3031
f 4376/5256/3032 4378/5258/3033 4379/5259/3033
f 4379/5259/3033 4377/5257/3032 4376/5256/3032
f 4378/5258/3033 4338/5220/3014 4341/5223/3014
f 4341/5223/3014 4379/5259/3033 4378/5258/3033
f 4380/5260/3034 4381/5261/3035 4382/5262/3035
f 4382/5262/3035 4383/5263/3034 4380/5260/3034
f 4381/5261/3035 4384/5264/3036 4385/5265/3036
f 4385/5265/3036 4382/5262/3035 4381/5261/3035
f 4384/5264/3036 4386/5266/3037 4387/5267/3037
f 4387/5267/3037 4385/5265/3036 4384/5264/3036
f 4386/5268/3037 4388/5269/3038 4389/5270/3038
f 4389/5270/3038 4387/5271/3037 4386/5268/3037
f 4388/5269/3038 4390/5272/3039 4391/5273/3039
f 4391/5273/3039 4389/5270/3038 4388/5269/3038
f 4390/5272/3039 4392/5274/3040 4393/5275/3040
f 4393/5275/3040 4391/5273/3039 4390/5272/3039
f 4392/5274/3040 4394/5276/3041 4395/5277/3041
f 4395/5277/3041 4393/5275/3040 4392/5274/3040
f 4394/5276/3041 4396/5278/3042 4397/5279/3042
f 4397/5279/3042 4395/5277/3041 4394/5276/3041
f 4396/5280/3042 4398/5281/3043 4399/5282/3043
f 4399/5282/3043 4397/5283/3042 4396/5280/3042
f 4398/5281/3043 4400/5284/3044 4401/5285/3044
f 4401/5285/3044 4399/5282/3043 4398/5281/3043
f 4400/5284/3044 4402/5286/3045 4403/5287/3045
f 4403/5287/3045 4401/5285/3044 4400/5284/3044
f 4402/5286/3045 4404/5288/3046 4405/5289/3046
f 4405/5289/3046 4403/5287/3045 4402/5286/3045
f 4404/5288/3046 4406/5290/3047 4407/5291/3047
f 4407/5291/3047 4405/5289/3046 4404/5288/3046
f 4406/5292/3047 4408/5293/3048 4409/5294/3048
f 4409/5294/3048 4407/5295/3047 4406/5292/3047
f 4408/5293/3048 4410/5296/3049 4411/5297/3049
f 4411/5297/3049 4409/5294/3048 4408/5293/3048
f 4412/5298/3049 4413/5299/3050 4414/5300/3050
f 4414/5300/3050 4415/5301/3049 4412/5298/3049
f 4413/5299/3050 4416/5302/3051 4417/5303/3051
f 4417/5303/3051 4414/5300/3050 4413/5299/3050
f 4416/5302/3051 4418/5304/3052 4419/5305/3052
f 4419/5305/3052 4417/5303/3051 4416/5302/3051
f 4418/5306/3052 4420/5307/3053 4421/5308/3053
f 4421/5308/3053 4419/5309/3052 4418/5306/3052
f 4420/5307/3053 4380/5260/3034 4383/5263/3034
f 4383/5263/3034 4421/5308/3053 4420/5307/3053
f 4422/5310/3054 4423/5311/3055 4424/5312/3056
f 4424/5312/3056 4425/5313/3057 4422/5310/3054
f 4426/5314/3058 4427/5315/3059 4423/5311/3055
f 4423/5311/3055 4422/5310/3054 4426/5314/3058
f 4428/5316/3060 4429/5317/3061 4427/5315/3059
f 4427/5315/3059 4426/5314/3058 4428/5316/3060
f 4430/5318/3062 4431/5319/3063 4429/5317/3061
f 4429/5317/3061 4428/5316/3060 4430/5318/3062
f 4432/5320/3064 4433/5321/3065 4431/5319/3063
f 4431/5319/3063 4430/5318/3062 4432/5320/3064
f 4434/5322/3066 4435/5323/3067 4433/5321/3065
f 4433/5321/3065 4432/5320/3064 4434/5322/3066
f 4436/5324/3068 4437/5325/3069 4435/5323/3067
f 4435/5323/3067 4434/5322/3066 4436/5324/3068
f 4438/5326/3070 4439/5327/3071 4437/5325/3069
f 4437/5325/3069 4436/5324/3068 4438/5326/3070
f 4440/5328/3072 4441/5329/3073 4439/5327/3071
f 4439/5327/3071 4438/5326/3070 4440/5328/3072
f 4442/5330/3074 4443/5331/3075 4441/5329/3073
f 4441/5329/3073 4440/5328/3072 4442/5330/3074
f 4444/5332/3076 4445/5333/3077 4443/5331/3075
f 4443/5331/3075 4442/5330/3074 4444/5332/3076
f 4446/5334/3078 4447/5335/3079 4445/5333/3077
f 4445/5333/3077 4444/5332/3076 4446/5334/3078
f 4448/5336/3080 4449/5337/3081 4447/5335/3079
f 4447/5335/3079 4446/5334/3078 4448/5336/3080
f 4450/5338/3082 4451/5339/3083 4449/5337/3081
f 4449/5337/3081 4448/5336/3080 4450/5338/3082
f 4452/5340/3084 4453/5341/3085 4451/5339/3083
f 4451/5339/3083 4450/5338/3082 4452/5340/3084
f 4454/5342/3086 4455/5343/3087 4453/5341/3085
f 4453/5341/3085 4452/5340/3084 4454/5342/3086
f 4456/5344/3088 4457/5345/3089 4455/5343/3087
f 4455/5343/3087 4454/5342/3086 4456/5344/3088
f 4458/5346/3090 4459/5347/3091 4457/5345/3089
f 4457/5345/3089 4456/5344/3088 4458/5346/3090
f 4460/5348/3092 4461/5349/3093 4459/5347/3091
f 4459/5347/3091 4458/5346/3090 4460/5348/3092
f 4425/5313/3057 4424/5312/3056 4461/5349/3093
f 4461/5349/3093 4460/5348/3092 4425/5313/3057
f 4425/5350/3057 4462/5351/3094 4463/5352/3095
f 4463/5352/3095 4422/5353/3054 4425/5350/3057
f 4422/5353/3054 4463/5352/3095 4464/5354/3096
f 4464/5354/3096 4426/5355/3058 4422/5353/3054
f 4426/5356/3058 4464/5357/3096 4465/5358/3097
f 4465/5358/3097 4428/5359/3060 4426/5356/3058
f 4428/5359/3060 4465/5358/3097 4466/5360/3098
f 4466/5360/3098 4430/5361/3062 4428/5359/3060
f 4430/5361/3062 4466/5360/3098 4467/5362/3099
f 4467/5362/3099 4432/5363/3064 4430/5361/3062
f 4432/5363/3064 4467/5362/3099 4468/5364/3100
f 4468/5364/3100 4434/5365/3066 4432/5363/3064
f 4434/5365/3066 4468/5364/3100 4469/5366/3101
f 4469/5366/3101 4436/5367/3068 4434/5365/3066
f 4436/5368/3068 4469/5369/3101 4470/5370/3102
f 4470/5370/3102 4438/5371/3070 4436/5368/3068
f 4438/5371/3070 4470/5370/3102 4471/5372/3103
f 4471/5372/3103 4440/5373/3072 4438/5371/3070
f 4440/5373/3072 4471/5372/3103 4472/5374/3104
f 4472/5374/3104 4442/5375/3074 4440/5373/3072
f 4442/5375/3074 4472/5374/3104 4473/5376/3105
f 4473/5376/3105 4444/5377/3076 4442/5375/3074
f 4444/5377/3076 4473/5376/3105 4474/5378/3106
f 4474/5378/3106 4446/5379/3078 4444/5377/3076
f 4446/5380/3078 4474/5381/3106 4475/5382/3107
f 4475/5382/3107 4448/5383/3080 4446/5380/3078
f 4448/5383/3080 4475/5382/3107 4476/5384/3108
f 4476/5384/3108 4450/5385/3082 4448/5383/3080
f 4450/5385/3082 4476/5384/3108 4477/5386/3109
f 4477/5386/3109 4452/5387/3084 4450/5385/3082
f 4452/5387/3084 4477/5386/3109 4478/5388/3110
f 4478/5388/3110 4454/5389/3086 4452/5387/3084
f 4454/5389/3086 4478/5388/3110 4479/5390/3111
f 4479/5390/3111 4456/5391/3088 4454/5389/3086
f 4456/5391/3088 4479/5390/3111 4480/5392/3112
f 4480/5392/3112 4458/5393/3090 4456/5391/3088
f 4458/5394/3090 4480/5395/3112 4481/5396/3113
f 4481/5396/3113 4460/5397/3092 4458/5394/3090
f 4460/5397/3092 4481/5396/3113 4462/5351/3094
f 4462/5351/3094 4425/5350/3057 4460/5397/3092
f 4482/5398/3114 4483/5399/3115 4424/5312/3056
f 4424/5312/3056 4423/5311/3055 4482/5398/3114
f 4484/5400/3116 4482/5398/3114 4423/5311/3055
f 4423/5311/3055 4427/5315/3059 4484/5400/3116
f 4485/5401/3117 4484/5400/3116 4427/5315/3059
f 4427/5315/3059 4429/5317/3061 4485/5401/3117
f 4486/5402/3118 4485/5401/3117 4429/5317/3061
f 4429/5317/3061 4431/5319/3063 4486/5402/3118
f 4487/5403/3119 4486/5402/3118 4431/5319/3063
f 4431/5319/3063 4433/5321/3065 4487/5403/3119
f 4488/5404/3120 4487/5403/3119 4433/5321/3065
f 4433/5321/3065 4435/5323/3067 4488/5404/3120
f 4489/5405/3121 4488/5404/3120 4435/5323/3067
f 4435/5323/3067 4437/5325/3069 4489/5405/3121
f 4490/5406/3122 4489/5405/3121 4437/5325/3069
f 4437/5325/3069 4439/5327/3071 4490/5406/3122
f 4491/5407/3123 4490/5406/3122 4439/5327/3071
f 4439/5327/3071 4441/5329/3073 4491/5407/3123
f 4492/5408/3124 4491/5407/3123 4441/5329/3073
f 4441/5329/3073 4443/5331/3075 4492/5408/3124
f 4493/5409/3125 4492/5408/3124 4443/5331/3075
f 4443/5331/3075 4445/5333/3077 4493/5409/3125
f 4494/5410/3126 4493/5409/3125 4445/5333/3077
f 4445/5333/3077 4447/5335/3079 4494/5410/3126
f 4495/5411/3127 4494/5410/3126 4447/5335/3079
f 4447/5335/3079 4449/5337/3081 4495/5411/3127
f 4496/5412/3128 4495/5411/3127 4449/5337/3081
f 4449/5337/3081 4451/5339/3083 4496/5412/3128
f 4497/5413/3129 4496/5412/3128 4451/5339/3083
f 4451/5339/3083 4453/5341/3085 4497/5413/3129
f 4498/5414/3130 4497/5413/3129 4453/5341/3085
f 4453/5341/3085 4455/5343/3087 4498/5414/3130
f 4499/5415/3131 4498/5414/3130 4455/5343/3087
f 4455/5343/3087 4457/5345/3089 4499/5415/3131
f 4500/5416/3132 4499/5415/3131 4457/5345/3089
f 4457/5345/3089 4459/5347/3091 4500/5416/3132
f 4501/5417/3133 4500/5416/3132 4459/5347/3091
f 4459/5347/3091 4461/5349/3093 4501/5417/3133
f 4483/5399/3115 4501/5417/3133 4461/5349/3093
f 4461/5349/3093 4424/5312/3056 4483/5399/3115
f 4502/5418/3134 4503/5419/3094 4504/5420/3135
f 4504/5420/3135 4505/5421/3136 4502/5418/3134
f 4506/5422/3137 4502/5418/3134 4505/5421/3136
f 4505/5421/3136 4507/5423/3138 4506/5422/3137
f 4508/5424/3139 4509/5425/3140 4510/5426/3141
f 4510/5426/3141 4511/5427/3142 4508/5424/3139
f 4512/5428/3143 4513/5429/3144 4514/5430/3145
f 4514/5430/3145 4515/5431/3146 4512/5428/3143
f 4516/5432/3147 4512/5428/3143 4515/5431/3146
f 4515/5431/3146 4517/5433/3148 4516/5432/3147
f 4518/5434/3149 4516/4864/3147 4517/5435/3148
f 4517/5435/3148 4519/5436/3150 4518/5434/3149
f 4520/5437/3151 4521/5438/3152 4522/5439/3153
f 4522/5439/3153 4523/5440/3154 4520/5437/3151
f 4524/5441/3155 4520/5437/3151 4523/5440/3154
f 4523/5440/3154 4525/5442/3156 4524/5441/3155
f 4526/5443/3157 4527/5444/3158 4528/5445/3159
f 4528/5445/3159 4529/5446/3108 4526/5443/3157
f 4530/5447/3160 4529/5446/3108 4528/5445/3159
f 4528/5445/3159 4531/5448/3161 4530/5447/3160
f 4532/5449/3162 4533/5450/3163 4534/5451/3164
f 4534/5451/3164 4535/5452/3165 4532/5449/3162
f 4536/5453/3166 4537/5454/3167 4538/5455/3168
f 4538/5455/3168 4539/5456/3169 4536/5453/3166
f 4540/5457/3170 4541/5458/3171 4504/5420/3135
f 4504/5420/3135 4503/5419/3094 4540/5457/3170
f 4542/5459/3172 4543/5460/3173 4544/5461/3174
f 4544/5461/3174 4545/5462/3175 4542/5459/3172
f 4546/5463/3176 4542/5459/3172 4545/5462/3175
f 4545/5462/3175 4547/5464/3177 4546/5463/3176
f 4548/5465/3178 4546/5463/3176 4547/5464/3177
f 4547/5464/3177 4549/5466/3179 4548/5465/3178
f 4550/5467/3180 4548/5465/3178 4549/5466/3179
f 4549/5466/3179 4551/5468/3181 4550/5467/3180
f 4552/5469/3182 4550/5467/3180 4551/5468/3181
f 4551/5468/3181 4553/5470/3183 4552/5469/3182
f 4554/5471/3184 4552/5469/3182 4553/5470/3183
f 4553/5470/3183 4555/5472/3185 4554/5471/3184
f 4556/5473/3186 4554/5471/3184 4555/5472/3185
f 4555/5472/3185 4557/5474/3187 4556/5473/3186
f 4558/5475/3188 4556/5473/3186 4557/5474/3187
f 4557/5474/3187 4559/5476/3189 4558/5475/3188
f 4560/5477/3190 4558/5475/3188 4559/5476/3189
f 4559/5476/3189 4561/5478/3191 4560/5477/3190
f 4562/5479/3192 4560/5477/3190 4561/5478/3191
f 4561/5478/3191 4563/5480/3193 4562/5479/3192
f 4564/5481/3194 4562/5479/3192 4563/5480/3193
f 4563/5480/3193 4565/5482/3195 4564/5481/3194
f 4566/5483/3196 4564/5481/3194 4565/5482/3195
f 4565/5482/3195 4567/5484/3197 4566/5483/3196
f 4568/5485/3198 4566/5483/3196 4567/5484/3197
f 4567/5484/3197 4569/5486/3199 4568/5485/3198
f 4570/5487/3200 4568/5485/3198 4569/5486/3199
f 4569/5486/3199 4571/5488/3201 4570/5487/3200
f 4572/5489/3202 4570/5487/3200 4571/5488/3201
f 4571/5488/3201 4573/5490/3203 4572/5489/3202
f 4574/5491/3204 4572/5489/3202 4573/5490/3203
f 4573/5490/3203 4575/5492/3205 4574/5491/3204
f 4576/5493/3206 4574/5491/3204 4575/5492/3205
f 4575/5492/3205 4577/5494/3207 4576/5493/3206
f 4578/5495/3208 4576/5493/3206 4577/5494/3207
f 4577/5494/3207 4579/5496/3209 4578/5495/3208
f 4580/5497/3210 4578/5495/3208 4579/5496/3209
f 4579/5496/3209 4581/5498/3211 4580/5497/3210
f 4543/5460/3173 4580/5497/3210 4581/5498/3211
f 4581/5498/3211 4544/5461/3174 4543/5460/3173
f 4543/5499/3173 4542/5500/3172 4582/5501/3212
f 4582/5501/3212 4583/5502/3213 4543/5499/3173
f 4542/5500/3172 4546/5503/3176 4584/5504/3214
f 4584/5504/3214 4582/5501/3212 4542/5500/3172
f 4546/5503/3176 4548/5505/3178 4585/5506/3215
f 4585/5506/3215 4584/5504/3214 4546/5503/3176
f 4548/5507/3178 4550/5508/3180 4586/5509/3216
f 4586/5509/3216 4585/5510/3215 4548/5507/3178
f 4550/5508/3180 4552/5511/3182 4587/5512/3217
f 4587/5512/3217 4586/5509/3216 4550/5508/3180
f 4552/5511/3182 4554/5513/3184 4588/5514/3218
f 4588/5514/3218 4587/5512/3217 4552/5511/3182
f 4554/5513/3184 4556/5515/3186 4589/5516/3219
f 4589/5516/3219 4588/5514/3218 4554/5513/3184
f 4556/5517/3186 4558/5518/3188 4590/5519/3220
f 4590/5519/3220 4589/5520/3219 4556/5517/3186
f 4558/5518/3188 4560/5521/3190 4591/5522/3221
f 4591/5522/3221 4590/5519/3220 4558/5518/3188
f 4560/5521/3190 4562/5523/3192 4592/5524/3222
f 4592/5524/3222 4591/5522/3221 4560/5521/3190
f 4562/5523/3192 4564/5525/3194 4593/5526/3223
f 4593/5526/3223 4592/5524/3222 4562/5523/3192
f 4564/5525/3194 4566/5527/3196 4594/5528/3224
f 4594/5528/3224 4593/5526/3223 4564/5525/3194
f 4566/5529/3196 4568/5530/3198 4595/5531/3225
f 4595/5531/3225 4594/5532/3224 4566/5529/3196
f 4568/5530/3198 4570/5533/3200 4596/5534/3226
f 4596/5534/3226 4595/5531/3225 4568/5530/3198
f 4570/5533/3200 4572/5535/3202 4597/5536/3227
f 4597/5536/3227 4596/5534/3226 4570/5533/3200
f 4572/5535/3202 4574/5537/3204 4598/5538/3228
f 4598/5538/3228 4597/5536/3227 4572/5535/3202
f 4574/5537/3204 4576/5539/3206 4599/5540/3229
f 4599/5540/3229 4598/5538/3228 4574/5537/3204
f 4576/5541/3206 4578/5542/3208 4600/5543/3230
f 4600/5543/3230 4599/5544/3229 4576/5541/3206
f 4578/5542/3208 4580/5545/3210 4601/5546/3231
f 4601/5546/3231 4600/5543/3230 4578/5542/3208
f 4580/5545/3210 4543/5499/3173 4583/5502/3213
f 4583/5502/3213 4601/5546/3231 4580/5545/3210
f 4602/5547/3232 4545/5462/3175 4544/5461/3174
f 4544/5461/3174 4603/5548/3233 4602/5547/3232
f 4604/5549/3234 4547/5464/3177 4545/5462/3175
f 4545/5462/3175 4602/5547/3232 4604/5549/3234
f 4605/5550/3235 4549/5466/3179 4547/5464/3177
f 4547/5464/3177 4604/5549/3234 4605/5550/3235
f 4606/5551/3236 4551/5468/3181 4549/5466/3179
f 4549/5466/3179 4605/5550/3235 4606/5551/3236
f 4607/5552/3237 4553/5470/3183 4551/5468/3181
f 4551/5468/3181 4606/5551/3236 4607/5552/3237
f 4608/5553/3238 4555/5472/3185 4553/5470/3183
f 4553/5470/3183 4607/5552/3237 4608/5553/3238
f 4609/5554/3239 4557/5474/3187 4555/5472/3185
f 4555/5472/3185 4608/5553/3238 4609/5554/3239
f 4610/5555/3240 4559/5476/3189 4557/5474/3187
f 4557/5474/3187 4609/5554/3239 4610/5555/3240
f 4611/5556/3241 4561/5478/3191 4559/5476/3189
f 4559/5476/3189 4610/5555/3240 4611/5556/3241
f 4612/5557/3242 4563/5480/3193 4561/5478/3191
f 4561/5478/3191 4611/5556/3241 4612/5557/3242
f 4613/5558/3243 4565/5482/3195 4563/5480/3193
f 4563/5480/3193 4612/5557/3242 4613/5558/3243
f 4614/5559/3244 4567/5484/3197 4565/5482/3195
f 4565/5482/3195 4613/5558/3243 4614/5559/3244
f 4615/5560/3245 4569/5486/3199 4567/5484/3197
f 4567/5484/3197 4614/5559/3244 4615/5560/3245
f 4616/5561/3246 4571/5488/3201 4569/5486/3199
f 4569/5486/3199 4615/5560/3245 4616/5561/3246
f 4617/5562/3247 4573/5490/3203 4571/5488/3201
f 4571/5488/3201 4616/5561/3246 4617/5562/3247
f 4618/5563/3248 4575/5492/3205 4573/5490/3203
f 4573/5490/3203 4617/5562/3247 4618/5563/3248
f 4619/5564/3249 4577/5494/3207 4575/5492/3205
f 4575/5492/3205 4618/5563/3248 4619/5564/3249
f 4620/5565/3250 4579/5496/3209 4577/5494/3207
f 4577/5494/3207 4619/5564/3249 4620/5565/3250
f 4621/5566/3251 4581/5498/3211 4579/5496/3209
f 4579/5496/3209 4620/5565/3250 4621/5566/3251
f 4603/5548/3233 4544/5461/3174 4581/5498/3211
f 4581/5498/3211 4621/5566/3251 4603/5548/3233
f 4622/5567/3252 4506/5568/3137 4507/5042/3138
f 4507/5042/3138 4623/5569/3253 4622/5567/3252
f 4622/5567/3252 4623/5569/3253 4510/5426/3141
f 4510/5426/3141 4509/5425/3140 4622/5567/3252
f 4518/5434/3149 4519/5436/3150 4522/5439/3153
f 4522/5439/3153 4521/5438/3152 4518/5434/3149
f 4524/5441/3155 4525/5442/3156 4624/5570/3254
f 4624/5570/3254 4625/5571/3255 4524/5441/3155
f 4625/5572/3255 4624/5573/3254 4527/5444/3158
f 4527/5444/3158 4526/5443/3157 4625/5572/3255
f 4536/5574/3166 4532/5449/3162 4535/5452/3165
f 4535/5452/3165 4537/5575/3167 4536/5574/3166
f 4540/5457/3170 4539/5456/3169 4538/5455/3168
f 4538/5455/3168 4541/5458/3171 4540/5457/3170
f 4626/5576/3256 4627/5577/3257 4628/5578/144
f 4627/5577/3257 4629/5579/3258 4628/5578/144
f 4629/5579/3258 4630/5580/3259 4628/5578/144
f 4630/5580/3259 4631/5581/3260 4628/5578/144
f 4631/5581/3260 4632/5582/3261 4628/5578/144
f 4632/5582/3261 4633/5583/3262 4628/5578/144
f 4633/5583/3262 4634/5584/3263 4628/5578/144
f 4634/5584/3263 4635/5585/3264 4628/5578/144
f 4635/5585/3264 4636/5586/3265 4628/5578/144
f 4636/5586/3265 4637/5587/3266 4628/5578/144
f 4637/5587/3266 4638/5588/3267 4628/5578/144
f 4638/5588/3267 4626/5576/3256 4628/5578/144
f 4639/5589/3268 4640/5590/3269 4641/5591/3269
f 4641/5591/3269 4642/5592/3268 4639/5589/3268
f 4643/5593/3270 4644/5594/3271 4645/5595/3271
f 4645/5595/3271 4646/5596/3270 4643/5593/3270
f 4647/5597/3272 4648/5598/3273 4649/5599/3273
f 4649/5599/3273 4650/5600/3272 4647/5597/3272
f 4651/5601/3274 4652/5602/3275 4653/5603/3275
f 4653/5603/3275 4654/5604/3274 4651/5601/3274
f 4655/5605/3276 4656/5606/3277 4657/5607/3277
f 4657/5607/3277 4658/5608/3276 4655/5605/3276
f 4641/5591/3269 4659/5609/144 4660/5610/144
f 4660/5610/144 4656/5606/3277 4641/5591/3269
f 4657/5607/3277 4661/5611/144 4662/5612/144
f 4662/5612/144 4652/5602/3275 4657/5607/3277
f 4653/5603/3275 4663/5613/144 4664/5614/144
f 4664/5614/144 4648/5598/3273 4653/5603/3275
f 4649/5599/3273 4665/5615/144 4666/5616/144
f 4666/5616/144 4644/5594/3271 4649/5599/3273
f 4645/5595/3271 4667/5617/144 4668/5618/144
f 4668/5618/144 4640/5590/3269 4645/5595/3271
f 4660/5610/144 4661/5611/144 4657/5607/3277
f 4657/5607/3277 4656/5606/3277 4660/5610/144
f 4668/5618/144 4659/5609/144 4641/5591/3269
f 4641/5591/3269 4640/5590/3269 4668/5618/144
f 4666/5616/144 4667/5617/144 4645/5595/3271
f 4645/5595/3271 4644/5594/3271 4666/5616/144
f 4664/5614/144 4665/5615/144 4649/5599/3273
f 4649/5599/3273 4648/5598/3273 4664/5614/144
f 4662/5612/144 4663/5613/144 4653/5603/3275
f 4653/5603/3275 4652/5602/3275 4662/5612/144
f 4669/5619/3278 4670/5620/3279 4671/5621/3279
f 4671/5621/3279 4672/5622/3278 4669/5619/3278
f 4670/5620/3279 4673/5623/3280 4674/5624/3280
f 4674/5624/3280 4671/5621/3279 4670/5620/3279
f 4673/5625/3280 4675/5626/3281 4676/5627/3281
f 4676/5627/3281 4674/5628/3280 4673/5625/3280
f 4675/5626/3281 4677/5629/3282 4678/5630/3282
f 4678/5630/3282 4676/5627/3281 4675/5626/3281
f 4677/5629/3282 4679/5631/3283 4680/5632/3283
f 4680/5632/3283 4678/5630/3282 4677/5629/3282
f 4679/5633/3283 4681/5634/3284 4682/5635/3284
f 4682/5635/3284 4680/5636/3283 4679/5633/3283
f 4681/5634/3284 4683/5637/3285 4684/5638/3285
f 4684/5638/3285 4682/5635/3284 4681/5634/3284
f 4683/5639/3285 4685/5640/3286 4686/5641/3286
f 4686/5641/3286 4684/5642/3285 4683/5639/3285
f 4685/5640/3286 4687/5643/3287 4688/5644/3287
f 4688/5644/3287 4686/5641/3286 4685/5640/3286
f 4687/5643/3287 4669/5645/3278 4672/5646/3278
f 4672/5646/3278 4688/5644/3287 4687/5643/3287
s 0
f 4689/5647/144 4690/5648/144 4691/5649/144
f 4690/5648/144 4692/5650/144 4691/5649/144
f 4692/5650/144 4693/5651/144 4691/5649/144
f 4693/5651/144 4694/5652/144 4691/5649/144
f 4694/5652/144 4695/5653/144 4691/5649/144
f 4695/5653/144 4696/5654/144 4691/5649/144
f 4696/5654/144 4697/5655/144 4691/5649/144
f 4697/5655/144 4698/5656/144 4691/5649/144
f 4698/5656/144 4699/5657/144 4691/5649/144
f 4699/5657/144 4689/5647/144 4691/5649/144
s 1
f 4700/5658/3288 4701/5659/3288 4702/5660/3288
f 4702/5660/3288 4703/5661/3288 4700/5658/3288
f 4704/5662/3289 4705/5663/3289 4706/5664/3289
f 4706/5664/3289 4707/5665/3289 4704/5662/3289
f 4708/5666/3290 4709/5667/3290 4710/5668/3290
f 4710/5668/3290 4711/5669/3290 4708/5666/3290
f 4712/5670/3291 4713/5671/3291 4714/5672/3291
f 4714/5672/3291 4715/5673/3291 4712/5670/3291
f 4716/5674/3292 4717/5675/3292 4718/5676/3292
f 4718/5676/3292 4719/5677/3292 4716/5674/3292
f 4720/5678/3293 4721/5679/3293 4722/5680/3293
f 4722/5680/3293 4723/5681/3293 4720/5678/3293
f 4724/5682/3294 4725/5683/3295 4726/5684/3295
f 4726/5684/3295 4727/5685/3294 4724/5682/3294
f 4728/5686/3296 4729/5687/3296 4730/5688/3296
f 4730/5688/3296 4731/5689/3296 4728/5686/3296
f 4732/5690/3297 4733/5691/3298 4734/5692/3298
f 4734/5692/3298 4735/5693/3297 4732/5690/3297
f 4736/5694/3299 4737/5695/3299 4738/5696/3299
f 4738/5696/3299 4739/5697/3299 4736/5694/3299
s 0
f 4740/5698/3300 4741/5699/3300 4742/5700/3300
s 1
f 4742/5700/3300 4743/5701/3300 4740/5698/3300
s 0
f 4744/5702/3301 4745/5703/3301 4746/5704/3301
f 4746/5704/3301 4747/5705/3301 4744/5702/3301
f 4748/5706/3302 4749/5707/3302 4750/5708/3302
f 4750/5708/3302 4751/5709/3302 4748/5706/3302
f 4752/5710/3303 4753/5711/3303 4754/5712/3303
f 4754/5712/3303 4755/5713/3303 4752/5710/3303
f 4756/5714/3304 4757/5715/3304 4758/5716/3304
f 4758/5716/3304 4759/5717/3304 4756/5714/3304
s 1
f 4760/5718/3305 4761/5719/3306 4762/5720/3307
f 4762/5720/3307 4763/5721/3308 4760/5718/3305
f 4764/5722/3309 4763/5721/3308 4762/5720/3307
f 4762/5720/3307 4765/5723/3310 4764/5722/3309
f 4766/5724/3311 4767/5725/3312 4768/5726/3313
f 4768/5726/3313 4769/5727/3314 4766/5724/3311
f 4770/5728/3315 4771/5729/3316 4772/5730/3316
f 4772/5730/3316 4773/5731/3317 4770/5728/3315
f 4769/5727/3314 4770/5728/3315 4773/5731/3317
f 4773/5731/3317 4766/5724/3311 4769/5727/3314
f 4774/5732/3318 4775/5733/3319 4763/5721/3308
f 4763/5721/3308 4764/5722/3309 4774/5732/3318
f 4775/5733/3319 4776/5734/3320 4760/5718/3305
f 4760/5718/3305 4763/5721/3308 4775/5733/3319
f 4762/5720/3307 4761/5719/3306 4777/5735/3321
f 4777/5735/3321 4778/5736/3322 4762/5720/3307
f 4765/5723/3310 4762/5720/3307 4778/5736/3322
f 4778/5736/3322 4779/5737/3323 4765/5723/3310
f 4780/5738/3324 4781/5739/3325 4782/5740/3326
f 4782/5740/3326 4783/5741/3327 4780/5738/3324
f 4784/5742/3328 4785/5743/3329 4782/5740/3326
f 4782/5740/3326 4781/5739/3325 4784/5742/3328
f 4786/5744/3330 4787/5745/3331 4788/5746/3332
f 4788/5746/3332 4789/5747/3333 4786/5744/3330
f 4790/5748/3334 4791/5749/3335 4772/5730/3316
f 4772/5730/3316 4771/5729/3316 4790/5748/3334
f 4787/5745/3331 4786/5744/3330 4791/5749/3335
f 4791/5749/3335 4790/5748/3334 4787/5745/3331
f 4792/5750/3336 4784/5742/3328 4781/5739/3325
f 4781/5739/3325 4793/5751/3337 4792/5750/3336
f 4793/5751/3337 4781/5739/3325 4780/5738/3324
f 4780/5738/3324 4794/5752/3338 4793/5751/3337
f 4782/5740/3326 4778/5736/3322 4777/5735/3321
f 4777/5735/3321 4783/5741/3327 4782/5740/3326
f 4785/5743/3329 4779/5737/3323 4778/5736/3322
f 4778/5736/3322 4782/5740/3326 4785/5743/3329
f 4795/5753/3339 4796/5754/3340 4797/5755/3341
f 4797/5755/3341 4798/5756/3342 4795/5753/3339
f 4799/5757/3343 4796/5754/3340 4800/5758/3344
f 4801/5759/3345 4802/5760/3346 4803/5761/3347
f 4804/5762/3348 4805/5763/3349 4806/5764/3350
f 4806/5764/3350 4807/5765/3351 4804/5762/3348
f 4808/5766/3352 4806/5764/3350 4805/5763/3349
f 4805/5763/3349 4809/5767/3353 4808/5766/3352
f 4810/5768/3354 4811/5769/3355 4802/5760/3346
f 4812/5770/3356 4813/5771/3357 4814/5772/3358
f 4814/5772/3358 4815/5773/3359 4812/5770/3356
f 4816/5774/3360 4817/5775/3361 4818/5776/3362
f 4818/5776/3362 4813/5771/3357 4816/5774/3360
f 4807/5765/3351 4806/5764/3350 4813/5771/3357
f 4813/5771/3357 4818/5776/3362 4807/5765/3351
f 4806/5764/3350 4808/5766/3352 4814/5772/3358
f 4814/5772/3358 4813/5771/3357 4806/5764/3350
f 4819/5777/3363 4820/5778/3364 4805/5763/3349
f 4805/5763/3349 4804/5762/3348 4819/5777/3363
f 4821/5779/3365 4822/5780/3366 4809/5767/3353
f 4809/5767/3353 4805/5763/3349 4821/5779/3365
f 4823/5781/3367 4810/5768/3354 4802/5760/3346
f 4802/5760/3346 4796/5754/3340 4823/5781/3367
f 4796/5754/3340 4802/5760/3346 4824/5782/3368
f 4824/5782/3368 4797/5755/3341 4796/5754/3340
f 4795/5753/3339 4800/5758/3344 4796/5754/3340
f 4799/5757/3343 4825/5783/3369 4823/5781/3367
f 4823/5781/3367 4796/5754/3340 4799/5757/3343
f 4801/5759/3345 4826/5784/3370 4824/5782/3368
f 4824/5782/3368 4802/5760/3346 4801/5759/3345
f 4827/5785/3371 4803/5761/3347 4802/5760/3346
f 4802/5760/3346 4811/5769/3355 4827/5785/3371
f 4812/5770/3356 4828/5786/3372 4813/5771/3357
f 4813/5771/3357 4828/5786/3372 4816/5774/3360
f 4820/5778/3364 4829/5787/3373 4805/5763/3349
f 4805/5763/3349 4829/5787/3373 4821/5779/3365
f 4830/5788/3374 4831/5789/3375 4832/5790/3376
f 4832/5790/3376 4833/5791/3377 4830/5788/3374
f 4834/5792/3378 4835/5793/3379 4831/5789/3375
f 4836/5794/3380 4837/5795/3381 4838/5796/3382
f 4839/5797/3383 4840/5798/3384 4841/5799/3385
f 4841/5799/3385 4842/5800/3386 4839/5797/3383
f 4843/5801/3387 4844/5802/3388 4842/5800/3386
f 4842/5800/3386 4841/5799/3385 4843/5801/3387
f 4845/5803/3389 4838/5796/3382 4846/5804/3390
f 4847/5805/3391 4848/5806/3392 4849/5807/3393
f 4849/5807/3393 4850/5808/3394 4847/5805/3391
f 4851/5809/3395 4850/5808/3394 4852/5810/3396
f 4852/5810/3396 4853/5811/3397 4851/5809/3395
f 4840/5798/3384 4852/5810/3396 4850/5808/3394
f 4850/5808/3394 4841/5799/3385 4840/5798/3384
f 4841/5799/3385 4850/5808/3394 4849/5807/3393
f 4849/5807/3393 4843/5801/3387 4841/5799/3385
f 4854/5812/3398 4839/5797/3383 4842/5800/3386
f 4842/5800/3386 4855/5813/3399 4854/5812/3398
f 4856/5814/3400 4842/5800/3386 4844/5802/3388
f 4844/5802/3388 4857/5815/3401 4856/5814/3400
f 4858/5816/3402 4831/5789/3375 4838/5796/3382
f 4838/5796/3382 4845/5803/3389 4858/5816/3402
f 4831/5789/3375 4830/5788/3374 4859/5817/3403
f 4859/5817/3403 4838/5796/3382 4831/5789/3375
f 4832/5790/3376 4831/5789/3375 4835/5793/3379
f 4834/5792/3378 4831/5789/3375 4858/5816/3402
f 4858/5816/3402 4860/5818/3404 4834/5792/3378
f 4836/5794/3380 4838/5796/3382 4859/5817/3403
f 4859/5817/3403 4861/5819/3405 4836/5794/3380
f 4862/5820/3406 4846/5804/3390 4838/5796/3382
f 4838/5796/3382 4837/5795/3381 4862/5820/3406
f 4847/5805/3391 4850/5808/3394 4863/5821/3407
f 4850/5808/3394 4851/5809/3395 4863/5821/3407
f 4855/5813/3399 4842/5800/3386 4864/5822/3408
f 4842/5800/3386 4856/5814/3400 4864/5822/3408
f 4865/5823/3409 4866/5824/3410 4867/5825/3411
f 4868/5826/3412 4869/5827/3413 4870/5828/3414
f 4869/5827/3413 4871/5829/3415 4870/5828/3414
f 4871/5829/3415 4872/5830/3416 4870/5828/3414
f 4872/5830/3416 4873/5831/3417 4870/5828/3414
f 4873/5831/3417 4874/5832/3418 4870/5828/3414
f 4874/5832/3418 4875/5833/3419 4870/5828/3414
f 4875/5833/3419 4876/5834/3420 4870/5828/3414
f 4876/5834/3420 4877/5835/3421 4870/5828/3414
f 4877/5835/3421 4878/5836/3422 4870/5828/3414
f 4878/5836/3422 4879/5837/3423 4870/5828/3414
f 4879/5837/3423 4880/5838/3424 4870/5828/3414
f 4880/5838/3424 4881/5839/3425 4870/5828/3414
f 4881/5839/3425 4882/5840/3426 4870/5828/3414
f 4882/5840/3426 4883/5841/3427 4870/5828/3414
f 4883/5841/3427 4884/5842/3428 4870/5828/3414
f 4884/5842/3428 4868/5826/3412 4870/5828/3414
f 4885/5843/3429 4866/5824/3410 4865/5823/3409
f 4865/5823/3409 4886/5844/3429 4885/5843/3429
s 0
f 4887/5845/131 4888/5846/131 4889/5847/131
f 4888/5846/131 4890/5848/131 4889/5847/131
f 4890/5848/131 4891/5849/131 4889/5847/131
f 4891/5849/131 4892/5850/131 4889/5847/131
f 4892/5850/131 4893/5851/131 4889/5847/131
f 4893/5851/131 4894/5852/131 4889/5847/131
f 4894/5852/131 4895/5853/131 4889/5847/131
f 4895/5853/131 4896/5854/131 4889/5847/131
f 4896/5854/131 4897/5855/131 4889/5847/131
f 4897/5855/131 4898/5856/131 4889/5847/131
f 4898/5856/131 4899/5857/131 4889/5847/131
f 4899/5857/131 4887/5845/131 4889/5847/131
f 4900/5858/131 4901/5859/131 4902/5860/131
f 4901/5859/131 4903/5861/131 4902/5860/131
f 4903/5861/131 4904/5862/131 4902/5860/131
f 4904/5862/131 4905/5863/131 4902/5860/131
f 4905/5863/131 4906/5864/131 4902/5860/131
f 4906/5864/131 4907/5865/131 4902/5860/131
f 4908/5866/131 4909/5867/131 4910/5868/131
f 4909/5867/131 4911/5869/131 4910/5868/131
f 4911/5869/131 4912/5870/131 4910/5868/131
f 4912/5870/131 4913/5871/131 4910/5868/131
f 4913/5871/131 4914/5872/131 4910/5868/131
f 4914/5872/131 4915/5873/131 4910/5868/131
s 1
f 4916/5874/3430 4917/5875/3431 4918/5876/3432
f 4919/5877/3433 4920/5878/3434 4921/5879/3435
f 4921/5879/3435 4920/5878/3434 4922/5880/3436
f 4922/5880/3436 4920/5878/3434 4923/5881/3437
f 4923/5881/3437 4920/5878/3434 4924/5882/3438
f 4924/5882/3438 4920/5878/3434 4925/5883/3439
f 4925/5883/3439 4920/5878/3434 4926/5884/3440
f 4926/5884/3440 4920/5878/3434 4927/5885/3441
f 4927/5885/3441 4920/5878/3434 4928/5886/3442
f 4928/5886/3442 4920/5878/3434 4929/5887/3443
f 4929/5887/3443 4920/5878/3434 4930/5888/3444
f 4930/5888/3444 4920/5878/3434 4931/5889/3445
f 4931/5889/3445 4920/5878/3434 4932/5890/3446
f 4932/5890/3446 4920/5878/3434 4933/5891/3447
f 4933/5891/3447 4920/5878/3434 4934/5892/3448
f 4934/5892/3448 4920/5878/3434 4935/5893/3449
f 4935/5893/3449 4920/5878/3434 4919/5877/3433
f 4936/5894/3450 4937/5895/3450 4916/5874/3430
f 4916/5874/3430 4918/5876/3432 4936/5894/3450
s 0
f 4938/5896/131 4939/5897/131 4940/5898/131
f 4940/5898/131 4939/5897/131 4941/5899/131
f 4941/5899/131 4939/5897/131 4942/5900/131
f 4942/5900/131 4939/5897/131 4943/5901/131
f 4943/5901/131 4939/5897/131 4944/5902/131
f 4944/5902/131 4939/5897/131 4945/5903/131
f 4945/5903/131 4939/5897/131 4946/5904/131
f 4946/5904/131 4939/5897/131 4947/5905/131
f 4947/5905/131 4939/5897/131 4948/5906/131
f 4948/5906/131 4939/5897/131 4949/5907/131
f 4949/5907/131 4939/5897/131 4950/5908/131
f 4950/5908/131 4939/5897/131 4938/5896/131
f 4951/5909/131 4952/5910/131 4953/5911/131
f 4953/5911/131 4952/5910/131 4954/5912/131
f 4954/5912/131 4952/5910/131 4955/5913/131
f 4955/5913/131 4952/5910/131 4956/5914/131
f 4956/5914/131 4952/5910/131 4957/5915/131
f 4957/5915/131 4952/5910/131 4958/5916/131
f 4959/5917/131 4960/5918/131 4961/5919/131
f 4961/5919/131 4960/5918/131 4962/5920/131
f 4962/5920/131 4960/5918/131 4963/5921/131
f 4963/5921/131 4960/5918/131 4964/5922/131
f 4964/5922/131 4960/5918/131 4965/5923/131
f 4965/5923/131 4960/5918/131 4966/5924/131
s 1
f 4967/5925/2973 4968/5926/2974 4969/5927/2974
f 4969/5927/2974 4970/5928/2973 4967/5925/2973
f 4968/5926/2974 4971/5929/2975 4972/5930/2975
f 4972/5930/2975 4969/5927/2974 4968/5926/2974
f 4971/5929/2975 4973/5931/2976 4974/5932/2976
f 4974/5932/2976 4972/5930/2975 4971/5929/2975
f 4973/5931/2976 4975/5933/2977 4976/5934/2977
f 4976/5934/2977 4974/5932/2976 4973/5931/2976
f 4975/5933/2977 4977/5935/2978 4978/5936/2978
f 4978/5936/2978 4976/5934/2977 4975/5933/2977
f 4977/5935/2978 4979/5937/2979 4980/5938/2979
f 4980/5938/2979 4978/5936/2978 4977/5935/2978
f 4979/5937/2979 4981/5939/3451 4982/5940/2980
f 4982/5940/2980 4980/5938/2979 4979/5937/2979
f 4981/5939/3451 4983/5941/2981 4984/5942/2981
f 4984/5942/2981 4982/5940/2980 4981/5939/3451
f 4983/5941/2981 4985/5943/2982 4986/5944/2982
f 4986/5944/2982 4984/5942/2981 4983/5941/2981
f 4985/5943/2982 4987/5945/2983 4988/5946/2983
f 4988/5946/2983 4986/5944/2982 4985/5943/2982
f 4987/5945/2983 4989/5947/2984 4990/5948/2984
f 4990/5948/2984 4988/5946/2983 4987/5945/2983
f 4989/5947/2984 4991/5949/2985 4992/5950/2985
f 4992/5950/2985 4990/5948/2984 4989/5947/2984
f 4991/5949/2985 4993/5951/2986 4994/5952/2986
f 4994/5952/2986 4992/5950/2985 4991/5949/2985
f 4993/5951/2986 4995/5953/2987 4996/5954/2987
f 4996/5954/2987 4994/5952/2986 4993/5951/2986
f 4995/5953/2987 4997/5955/2988 4998/5956/2988
f 4998/5956/2988 4996/5954/2987 4995/5953/2987
f 4999/5955/2988 5000/5957/2989 5001/5958/2989
f 5001/5958/2989 5002/5956/2988 4999/5955/2988
f 5000/5957/2989 5003/5959/2990 5004/5960/2990
f 5004/5960/2990 5001/5958/2989 5000/5957/2989
f 5003/5959/2990 5005/5961/2991 5006/5962/2991
f 5006/5962/2991 5004/5960/2990 5003/5959/2990
f 5005/5961/2991 5007/5963/2992 5008/5964/2992
f 5008/5964/2992 5006/5962/2991 5005/5961/2991
f 5007/5963/2992 4967/5925/2973 4970/5928/2973
f 4970/5928/2973 5008/5964/2992 5007/5963/2992
f 5009/5965/2993 5010/5966/2994 5011/5967/2994
f 5011/5967/2994 5012/5968/2993 5009/5965/2993
f 5010/5966/2994 5013/5969/2995 5014/5970/2995
f 5014/5970/2995 5011/5967/2994 5010/5966/2994
f 5013/5971/2995 5015/5972/2996 5016/5973/2996
f 5016/5973/2996 5014/5974/2995 5013/5971/2995
f 5015/5972/2996 5017/5975/2997 5018/5976/2997
f 5018/5976/2997 5016/5973/2996 5015/5972/2996
f 5017/5975/2997 5019/5977/2998 5020/5978/2998
f 5020/5978/2998 5018/5976/2997 5017/5975/2997
f 5019/5977/2998 5021/5979/2999 5022/5980/2999
f 5022/5980/2999 5020/5978/2998 5019/5977/2998
f 5021/5979/2999 5023/5981/3000 5024/5982/3000
f 5024/5982/3000 5022/5980/2999 5021/5979/2999
f 5023/5983/3000 5025/5984/3001 5026/5985/3001
f 5026/5985/3001 5024/5986/3000 5023/5983/3000
f 5025/5984/3001 5027/5987/3002 5028/5988/3002
f 5028/5988/3002 5026/5985/3001 5025/5984/3001
f 5027/5987/3002 5029/5989/3003 5030/5990/3003
f 5030/5990/3003 5028/5988/3002 5027/5987/3002
f 5029/5989/3003 5031/5991/3004 5032/5992/3004
f 5032/5992/3004 5030/5990/3003 5029/5989/3003
f 5031/5991/3004 5033/5993/3005 5034/5994/3005
f 5034/5994/3005 5032/5992/3004 5031/5991/3004
f 5033/5995/3005 5035/5996/3006 5036/5997/3006
f 5036/5997/3006 5034/5998/3005 5033/5995/3005
f 5035/5996/3006 5037/5999/3007 5038/6000/3007
f 5038/6000/3007 5036/5997/3006 5035/5996/3006
f 5037/5999/3007 5039/6001/3008 5040/6002/3008
f 5040/6002/3008 5038/6000/3007 5037/5999/3007
f 5041/6003/3008 5042/6004/3009 5043/6005/3009
f 5043/6005/3009 5044/6006/3008 5041/6003/3008
f 5042/6004/3009 5045/6007/3010 5046/6008/3011
f 5046/6008/3011 5043/6005/3009 5042/6004/3009
f 5045/6009/3010 5047/6010/3012 5048/6011/3012
f 5048/6011/3012 5046/6012/3011 5045/6009/3010
f 5047/6010/3012 5049/6013/3013 5050/6014/3013
f 5050/6014/3013 5048/6011/3012 5047/6010/3012
f 5049/6013/3013 5009/5965/2993 5012/5968/2993
f 5012/5968/2993 5050/6014/3013 5049/6013/3013
f 5051/6015/3014 5052/6016/3015 5053/6017/3015
f 5053/6017/3015 5054/6018/3014 5051/6015/3014
f 5052/6016/3015 5055/6019/3016 5056/6020/3016
f 5056/6020/3016 5053/6017/3015 5052/6016/3015
f 5055/6019/3016 5057/6021/3017 5058/6022/3017
f 5058/6022/3017 5056/6020/3016 5055/6019/3016
f 5057/6021/3017 5059/6023/3018 5060/6024/3018
f 5060/6024/3018 5058/6022/3017 5057/6021/3017
f 5059/6023/3018 5061/6025/3019 5062/6026/3019
f 5062/6026/3019 5060/6024/3018 5059/6023/3018
f 5061/6025/3019 5063/6027/3020 5064/6028/3020
f 5064/6028/3020 5062/6026/3019 5061/6025/3019
f 5063/6027/3020 5065/6029/3021 5066/6030/3021
f 5066/6030/3021 5064/6028/3020 5063/6027/3020
f 5065/6029/3021 5067/6031/3022 5068/6032/3022
f 5068/6032/3022 5066/6030/3021 5065/6029/3021
f 5067/6031/3022 5069/6033/3023 5070/6034/3023
f 5070/6034/3023 5068/6032/3022 5067/6031/3022
f 5069/6033/3023 5071/6035/3024 5072/6036/3024
f 5072/6036/3024 5070/6034/3023 5069/6033/3023
f 5071/6035/3024 5073/6037/3025 5074/6038/3025
f 5074/6038/3025 5072/6036/3024 5071/6035/3024
f 5073/6037/3025 5075/6039/3026 5076/6040/3026
f 5076/6040/3026 5074/6038/3025 5073/6037/3025
f 5075/6039/3026 5077/6041/3027 5078/6042/3027
f 5078/6042/3027 5076/6040/3026 5075/6039/3026
f 5077/6041/3027 5079/6043/3028 5080/6044/3028
f 5080/6044/3028 5078/6042/3027 5077/6041/3027
f 5079/6043/3028 5081/6045/3029 5082/6046/3029
f 5082/6046/3029 5080/6044/3028 5079/6043/3028
f 5083/6045/3029 5084/6047/3030 5085/6048/3030
f 5085/6048/3030 5086/6046/3029 5083/6045/3029
f 5084/6047/3030 5087/6049/3031 5088/6050/3031
f 5088/6050/3031 5085/6048/3030 5084/6047/3030
f 5087/6049/3031 5089/6051/3032 5090/6052/3032
f 5090/6052/3032 5088/6050/3031 5087/6049/3031
f 5089/6051/3032 5091/6053/3033 5092/6054/3033
f 5092/6054/3033 5090/6052/3032 5089/6051/3032
f 5091/6053/3033 5051/6015/3014 5054/6018/3014
f 5054/6018/3014 5092/6054/3033 5091/6053/3033
f 5093/6055/3034 5094/6056/3035 5095/6057/3035
f 5095/6057/3035 5096/6058/3034 5093/6055/3034
f 5094/6056/3035 5097/6059/3036 5098/6060/3036
f 5098/6060/3036 5095/6057/3035 5094/6056/3035
f 5097/6059/3036 5099/6061/3037 5100/6062/3037
f 5100/6062/3037 5098/6060/3036 5097/6059/3036
f 5099/6063/3037 5101/6064/3038 5102/6065/3038
f 5102/6065/3038 5100/6066/3037 5099/6063/3037
f 5101/6064/3038 5103/6067/3039 5104/6068/3039
f 5104/6068/3039 5102/6065/3038 5101/6064/3038
f 5103/6067/3039 5105/6069/3040 5106/6070/3040
f 5106/6070/3040 5104/6068/3039 5103/6067/3039
f 5105/6069/3040 5107/6071/3041 5108/6072/3041
f 5108/6072/3041 5106/6070/3040 5105/6069/3040
f 5107/6071/3041 5109/6073/3042 5110/6074/3042
f 5110/6074/3042 5108/6072/3041 5107/6071/3041
f 5109/2693/3042 5111/6075/3043 5112/6076/3043
f 5112/6076/3043 5110/6077/3042 5109/2693/3042
f 5111/6075/3043 5113/6078/3044 5114/6079/3044
f 5114/6079/3044 5112/6076/3043 5111/6075/3043
f 5113/6078/3044 5115/6080/3045 5116/6081/3045
f 5116/6081/3045 5114/6079/3044 5113/6078/3044
f 5115/6080/3045 5117/6082/3046 5118/6083/3046
f 5118/6083/3046 5116/6081/3045 5115/6080/3045
f 5117/6082/3046 5119/6084/3047 5120/6085/3047
f 5120/6085/3047 5118/6083/3046 5117/6082/3046
f 5119/6086/3047 5121/6087/3048 5122/6088/3048
f 5122/6088/3048 5120/6089/3047 5119/6086/3047
f 5121/6087/3048 5123/6090/3049 5124/6091/3049
f 5124/6091/3049 5122/6088/3048 5121/6087/3048
f 5125/6092/3049 5126/6093/3050 5127/6094/3050
f 5127/6094/3050 5128/6095/3049 5125/6092/3049
f 5126/6093/3050 5129/6096/3051 5130/6097/3051
f 5130/6097/3051 5127/6094/3050 5126/6093/3050
f 5129/6096/3051 5131/6098/3052 5132/6099/3052
f 5132/6099/3052 5130/6097/3051 5129/6096/3051
f 5131/6100/3052 5133/6101/3053 5134/6102/3053
f 5134/6102/3053 5132/6103/3052 5131/6100/3052
f 5133/6101/3053 5093/6055/3034 5096/6058/3034
f 5096/6058/3034 5134/6102/3053 5133/6101/3053
f 5135/6104/3054 5136/6105/3055 5137/6106/3056
f 5137/6106/3056 5138/6107/3057 5135/6104/3054
f 5139/6108/3058 5140/6109/3059 5136/6105/3055
f 5136/6105/3055 5135/6104/3054 5139/6108/3058
f 5141/6110/3060 5142/6111/3061 5140/6109/3059
f 5140/6109/3059 5139/6108/3058 5141/6110/3060
f 5143/6112/3062 5144/6113/3063 5142/6111/3061
f 5142/6111/3061 5141/6110/3060 5143/6112/3062
f 5145/6114/3064 5146/6115/3065 5144/6113/3063
f 5144/6113/3063 5143/6112/3062 5145/6114/3064
f 5147/6116/3066 5148/6117/3067 5146/6115/3065
f 5146/6115/3065 5145/6114/3064 5147/6116/3066
f 5149/6118/3068 5150/6119/3069 5148/6117/3067
f 5148/6117/3067 5147/6116/3066 5149/6118/3068
f 5151/6120/3070 5152/6121/3071 5150/6119/3069
f 5150/6119/3069 5149/6118/3068 5151/6120/3070
f 5153/6122/3072 5154/6123/3073 5152/6121/3071
f 5152/6121/3071 5151/6120/3070 5153/6122/3072
f 5155/6124/3074 5156/6125/3075 5154/6123/3073
f 5154/6123/3073 5153/6122/3072 5155/6124/3074
f 5157/6126/3076 5158/6127/3077 5156/6125/3075
f 5156/6125/3075 5155/6124/3074 5157/6126/3076
f 5159/6128/3078 5160/6129/3079 5158/6127/3077
f 5158/6127/3077 5157/6126/3076 5159/6128/3078
f 5161/6130/3080 5162/6131/3081 5160/6129/3079
f 5160/6129/3079 5159/6128/3078 5161/6130/3080
f 5163/6132/3082 5164/6133/3083 5162/6131/3081
f 5162/6131/3081 5161/6130/3080 5163/6132/3082
f 5165/6134/3084 5166/6135/3085 5164/6133/3083
f 5164/6133/3083 5163/6132/3082 5165/6134/3084
f 5167/6136/3086 5168/6137/3087 5166/6135/3085
f 5166/6135/3085 5165/6134/3084 5167/6136/3086
f 5169/6138/3088 5170/6139/3089 5168/6137/3087
f 5168/6137/3087 5167/6136/3086 5169/6138/3088
f 5171/6140/3090 5172/6141/3091 5170/6139/3089
f 5170/6139/3089 5169/6138/3088 5171/6140/3090
f 5173/6142/3092 5174/6143/3093 5172/6141/3091
f 5172/6141/3091 5171/6140/3090 5173/6142/3092
f 5138/6107/3057 5137/6106/3056 5174/6143/3093
f 5174/6143/3093 5173/6142/3092 5138/6107/3057
f 5138/6144/3057 5175/6145/3094 5176/6146/3095
f 5176/6146/3095 5135/6147/3054 5138/6144/3057
f 5135/6147/3054 5176/6146/3095 5177/6148/3096
f 5177/6148/3096 5139/6149/3058 5135/6147/3054
f 5139/6150/3058 5177/6151/3096 5178/6152/3097
f 5178/6152/3097 5141/6153/3060 5139/6150/3058
f 5141/6153/3060 5178/6152/3097 5179/6154/3098
f 5179/6154/3098 5143/6155/3062 5141/6153/3060
f 5143/6155/3062 5179/6154/3098 5180/6156/3099
f 5180/6156/3099 5145/6157/3064 5143/6155/3062
f 5145/6157/3064 5180/6156/3099 5181/6158/3100
f 5181/6158/3100 5147/6159/3066 5145/6157/3064
f 5147/6159/3066 5181/6158/3100 5182/6160/3101
f 5182/6160/3101 5149/6161/3068 5147/6159/3066
f 5149/6162/3068 5182/6163/3101 5183/6164/3102
f 5183/6164/3102 5151/6165/3070 5149/6162/3068
f 5151/6165/3070 5183/6164/3102 5184/6166/3103
f 5184/6166/3103 5153/6167/3072 5151/6165/3070
f 5153/6167/3072 5184/6166/3103 5185/6168/3104
f 5185/6168/3104 5155/6169/3074 5153/6167/3072
f 5155/6169/3074 5185/6168/3104 5186/6170/3105
f 5186/6170/3105 5157/6171/3076 5155/6169/3074
f 5157/6171/3076 5186/6170/3105 5187/6172/3106
f 5187/6172/3106 5159/6173/3078 5157/6171/3076
f 5159/6174/3078 5187/6175/3106 5188/6176/3107
f 5188/6176/3107 5161/6177/3080 5159/6174/3078
f 5161/6177/3080 5188/6176/3107 5189/6178/3452
f 5189/6178/3452 5163/6179/3082 5161/6177/3080
f 5163/6179/3082 5189/6178/3452 5190/6180/3109
f 5190/6180/3109 5165/6181/3084 5163/6179/3082
f 5165/6181/3084 5190/6180/3109 5191/6182/3110
f 5191/6182/3110 5167/6183/3086 5165/6181/3084
f 5167/6183/3086 5191/6182/3110 5192/6184/3111
f 5192/6184/3111 5169/6185/3088 5167/6183/3086
f 5169/6185/3088 5192/6184/3111 5193/6186/3112
f 5193/6186/3112 5171/6187/3090 5169/6185/3088
f 5171/6188/3090 5193/6189/3112 5194/6190/3453
f 5194/6190/3453 5173/6191/3092 5171/6188/3090
f 5173/6191/3092 5194/6190/3453 5175/6145/3094
f 5175/6145/3094 5138/6144/3057 5173/6191/3092
f 5195/6192/3114 5196/6193/3115 5137/6106/3056
f 5137/6106/3056 5136/6105/3055 5195/6192/3114
f 5197/6194/3116 5195/6192/3114 5136/6105/3055
f 5136/6105/3055 5140/6109/3059 5197/6194/3116
f 5198/6195/3117 5197/6194/3116 5140/6109/3059
f 5140/6109/3059 5142/6111/3061 5198/6195/3117
f 5199/6196/3118 5198/6195/3117 5142/6111/3061
f 5142/6111/3061 5144/6113/3063 5199/6196/3118
f 5200/6197/3119 5199/6196/3118 5144/6113/3063
f 5144/6113/3063 5146/6115/3065 5200/6197/3119
f 5201/6198/3120 5200/6197/3119 5146/6115/3065
f 5146/6115/3065 5148/6117/3067 5201/6198/3120
f 5202/6199/3121 5201/6198/3120 5148/6117/3067
f 5148/6117/3067 5150/6119/3069 5202/6199/3121
f 5203/6200/3122 5202/6199/3121 5150/6119/3069
f 5150/6119/3069 5152/6121/3071 5203/6200/3122
f 5204/6201/3123 5203/6200/3122 5152/6121/3071
f 5152/6121/3071 5154/6123/3073 5204/6201/3123
f 5205/6202/3124 5204/6201/3123 5154/6123/3073
f 5154/6123/3073 5156/6125/3075 5205/6202/3124
f 5206/6203/3125 5205/6202/3124 5156/6125/3075
f 5156/6125/3075 5158/6127/3077 5206/6203/3125
f 5207/6204/3126 5206/6203/3125 5158/6127/3077
f 5158/6127/3077 5160/6129/3079 5207/6204/3126
f 5208/6205/3127 5207/6204/3126 5160/6129/3079
f 5160/6129/3079 5162/6131/3081 5208/6205/3127
f 5209/6206/3128 5208/6205/3127 5162/6131/3081
f 5162/6131/3081 5164/6133/3083 5209/6206/3128
f 5210/6207/3129 5209/6206/3128 5164/6133/3083
f 5164/6133/3083 5166/6135/3085 5210/6207/3129
f 5211/6208/3130 5210/6207/3129 5166/6135/3085
f 5166/6135/3085 5168/6137/3087 5211/6208/3130
f 5212/6209/3131 5211/6208/3130 5168/6137/3087
f 5168/6137/3087 5170/6139/3089 5212/6209/3131
f 5213/6210/3132 5212/6209/3131 5170/6139/3089
f 5170/6139/3089 5172/6141/3091 5213/6210/3132
f 5214/6211/3133 5213/6210/3132 5172/6141/3091
f 5172/6141/3091 5174/6143/3093 5214/6211/3133
f 5196/6193/3115 5214/6211/3133 5174/6143/3093
f 5174/6143/3093 5137/6106/3056 5196/6193/3115
f 5215/6212/3454 5216/6213/3094 5217/6214/3135
f 5217/6214/3135 5218/6215/3455 5215/6212/3454
f 5219/6216/3137 5215/6212/3454 5218/6215/3455
f 5218/6215/3455 5220/6217/3138 5219/6216/3137
f 5221/6218/3139 5222/6219/3140 5223/6220/3456
f 5223/6220/3456 5224/6221/3142 5221/6218/3139
f 5225/6222/3143 5226/6223/3144 5227/6224/3145
f 5227/6224/3145 5228/6225/3457 5225/6222/3143
f 5229/6226/3147 5225/6222/3143 5228/6225/3457
f 5228/6225/3457 5230/6227/3148 5229/6226/3147
f 5231/6228/3149 5229/6229/3147 5230/6230/3148
f 5230/6230/3148 5232/6231/3150 5231/6228/3149
f 5233/6232/3151 5234/6233/3152 5235/6234/3153
f 5235/6234/3153 5236/6235/3154 5233/6232/3151
f 5237/6236/3155 5233/6232/3151 5236/6235/3154
f 5236/6235/3154 5238/6237/3156 5237/6236/3155
f 5239/6238/3157 5240/6239/3158 5241/6240/3159
f 5241/6240/3159 5242/6241/3108 5239/6238/3157
f 5243/6242/3160 5242/6241/3108 5241/6240/3159
f 5241/6240/3159 5244/6243/3161 5243/6242/3160
f 5245/6244/3162 5246/6245/3163 5247/6246/3164
f 5247/6246/3164 5248/6247/3458 5245/6244/3162
f 5249/6248/3166 5250/6249/3167 5251/6250/3168
f 5251/6250/3168 5252/6251/3169 5249/6248/3166
f 5253/6252/3170 5254/6253/3171 5217/6214/3135
f 5217/6214/3135 5216/6213/3094 5253/6252/3170
f 5255/6254/3172 5256/6255/3173 5257/6256/3174
f 5257/6256/3174 5258/6257/3175 5255/6254/3172
f 5259/6258/3176 5255/6254/3172 5258/6257/3175
f 5258/6257/3175 5260/6259/3177 5259/6258/3176
f 5261/6260/3178 5259/6258/3176 5260/6259/3177
f 5260/6259/3177 5262/6261/3179 5261/6260/3178
f 5263/6262/3180 5261/6260/3178 5262/6261/3179
f 5262/6261/3179 5264/6263/3181 5263/6262/3180
f 5265/6264/3182 5263/6262/3180 5264/6263/3181
f 5264/6263/3181 5266/6265/3183 5265/6264/3182
f 5267/6266/3184 5265/6264/3182 5266/6265/3183
f 5266/6265/3183 5268/6267/3185 5267/6266/3184
f 5269/6268/3186 5267/6266/3184 5268/6267/3185
f 5268/6267/3185 5270/6269/3187 5269/6268/3186
f 5271/6270/3188 5269/6268/3186 5270/6269/3187
f 5270/6269/3187 5272/6271/3189 5271/6270/3188
f 5273/6272/3190 5271/6270/3188 5272/6271/3189
f 5272/6271/3189 5274/6273/3191 5273/6272/3190
f 5275/6274/3192 5273/6272/3190 5274/6273/3191
f 5274/6273/3191 5276/6275/3193 5275/6274/3192
f 5277/6276/3194 5275/6274/3192 5276/6275/3193
f 5276/6275/3193 5278/6277/3195 5277/6276/3194
f 5279/6278/3196 5277/6276/3194 5278/6277/3195
f 5278/6277/3195 5280/6279/3197 5279/6278/3196
f 5281/6280/3198 5279/6278/3196 5280/6279/3197
f 5280/6279/3197 5282/6281/3199 5281/6280/3198
f 5283/6282/3200 5281/6280/3198 5282/6281/3199
f 5282/6281/3199 5284/6283/3201 5283/6282/3200
f 5285/6284/3202 5283/6282/3200 5284/6283/3201
f 5284/6283/3201 5286/6285/3203 5285/6284/3202
f 5287/6286/3204 5285/6284/3202 5286/6285/3203
f 5286/6285/3203 5288/6287/3205 5287/6286/3204
f 5289/6288/3206 5287/6286/3204 5288/6287/3205
f 5288/6287/3205 5290/6289/3207 5289/6288/3206
f 5291/6290/3208 5289/6288/3206 5290/6289/3207
f 5290/6289/3207 5292/6291/3209 5291/6290/3208
f 5293/6292/3210 5291/6290/3208 5292/6291/3209
f 5292/6291/3209 5294/6293/3211 5293/6292/3210
f 5256/6255/3173 5293/6292/3210 5294/6293/3211
f 5294/6293/3211 5257/6256/3174 5256/6255/3173
f 5256/6294/3173 5255/6295/3172 5295/6296/3212
f 5295/6296/3212 5296/6297/3213 5256/6294/3173
f 5255/6295/3172 5259/6298/3176 5297/6299/3214
f 5297/6299/3214 5295/6296/3212 5255/6295/3172
f 5259/6298/3176 5261/6300/3178 5298/6301/3215
f 5298/6301/3215 5297/6299/3214 5259/6298/3176
f 5261/6302/3178 5263/6303/3180 5299/6304/3216
f 5299/6304/3216 5298/6305/3215 5261/6302/3178
f 5263/6303/3180 5265/6306/3182 5300/6307/3217
f 5300/6307/3217 5299/6304/3216 5263/6303/3180
f 5265/6306/3182 5267/6308/3184 5301/6309/3218
f 5301/6309/3218 5300/6307/3217 5265/6306/3182
f 5267/6308/3184 5269/6310/3186 5302/6311/3219
f 5302/6311/3219 5301/6309/3218 5267/6308/3184
f 5269/6312/3186 5271/6313/3188 5303/6314/3220
f 5303/6314/3220 5302/6315/3219 5269/6312/3186
f 5271/6313/3188 5273/6316/3190 5304/6317/3221
f 5304/6317/3221 5303/6314/3220 5271/6313/3188
f 5273/6316/3190 5275/6318/3192 5305/6319/3222
f 5305/6319/3222 5304/6317/3221 5273/6316/3190
f 5275/6318/3192 5277/6320/3194 5306/6321/3223
f 5306/6321/3223 5305/6319/3222 5275/6318/3192
f 5277/6320/3194 5279/6322/3196 5307/6323/3224
f 5307/6323/3224 5306/6321/3223 5277/6320/3194
f 5279/6324/3196 5281/6325/3198 5308/6326/3225
f 5308/6326/3225 5307/6327/3224 5279/6324/3196
f 5281/6325/3198 5283/6328/3200 5309/6329/3226
f 5309/6329/3226 5308/6326/3225 5281/6325/3198
f 5283/6328/3200 5285/6330/3202 5310/6331/3227
f 5310/6331/3227 5309/6329/3226 5283/6328/3200
f 5285/6330/3202 5287/6332/3204 5311/6333/3458
f 5311/6333/3458 5310/6331/3227 5285/6330/3202
f 5287/6332/3204 5289/6334/3206 5312/6335/3229
f 5312/6335/3229 5311/6333/3458 5287/6332/3204
f 5289/6336/3206 5291/6337/3208 5313/6338/3230
f 5313/6338/3230 5312/6339/3229 5289/6336/3206
f 5291/6337/3208 5293/6340/3210 5314/6341/3231
f 5314/6341/3231 5313/6338/3230 5291/6337/3208
f 5293/6340/3210 5256/6294/3173 5296/6297/3213
f 5296/6297/3213 5314/6341/3231 5293/6340/3210
f 5315/6342/3232 5258/6257/3175 5257/6256/3174
f 5257/6256/3174 5316/6343/3233 5315/6342/3232
f 5317/6344/3234 5260/6259/3177 5258/6257/3175
f 5258/6257/3175 5315/6342/3232 5317/6344/3234
f 5318/6345/3235 5262/6261/3179 5260/6259/3177
f 5260/6259/3177 5317/6344/3234 5318/6345/3235
f 5319/6346/3236 5264/6263/3181 5262/6261/3179
f 5262/6261/3179 5318/6345/3235 5319/6346/3236
f 5320/6347/3237 5266/6265/3183 5264/6263/3181
f 5264/6263/3181 5319/6346/3236 5320/6347/3237
f 5321/6348/3238 5268/6267/3185 5266/6265/3183
f 5266/6265/3183 5320/6347/3237 5321/6348/3238
f 5322/6349/3239 5270/6269/3187 5268/6267/3185
f 5268/6267/3185 5321/6348/3238 5322/6349/3239
f 5323/6350/3240 5272/6271/3189 5270/6269/3187
f 5270/6269/3187 5322/6349/3239 5323/6350/3240
f 5324/6351/3241 5274/6273/3191 5272/6271/3189
f 5272/6271/3189 5323/6350/3240 5324/6351/3241
f 5325/6352/3242 5276/6275/3193 5274/6273/3191
f 5274/6273/3191 5324/6351/3241 5325/6352/3242
f 5326/6353/3243 5278/6277/3195 5276/6275/3193
f 5276/6275/3193 5325/6352/3242 5326/6353/3243
f 5327/6354/3244 5280/6279/3197 5278/6277/3195
f 5278/6277/3195 5326/6353/3243 5327/6354/3244
f 5328/6355/3245 5282/6281/3199 5280/6279/3197
f 5280/6279/3197 5327/6354/3244 5328/6355/3245
f 5329/6356/3246 5284/6283/3201 5282/6281/3199
f 5282/6281/3199 5328/6355/3245 5329/6356/3246
f 5330/6357/3247 5286/6285/3203 5284/6283/3201
f 5284/6283/3201 5329/6356/3246 5330/6357/3247
f 5331/6358/3248 5288/6287/3205 5286/6285/3203
f 5286/6285/3203 5330/6357/3247 5331/6358/3248
f 5332/6359/3249 5290/6289/3207 5288/6287/3205
f 5288/6287/3205 5331/6358/3248 5332/6359/3249
f 5333/6360/3250 5292/6291/3209 5290/6289/3207
f 5290/6289/3207 5332/6359/3249 5333/6360/3250
f 5334/6361/3251 5294/6293/3211 5292/6291/3209
f 5292/6291/3209 5333/6360/3250 5334/6361/3251
f 5316/6343/3233 5257/6256/3174 5294/6293/3211
f 5294/6293/3211 5334/6361/3251 5316/6343/3233
f 5335/6362/3252 5219/6363/3137 5220/6364/3138
f 5220/6364/3138 5336/6365/3253 5335/6362/3252
f 5335/6362/3252 5336/6365/3253 5223/6220/3456
f 5223/6220/3456 5222/6219/3140 5335/6362/3252
f 5231/6228/3149 5232/6231/3150 5235/6234/3153
f 5235/6234/3153 5234/6233/3152 5231/6228/3149
f 5237/6236/3155 5238/6237/3156 5337/6366/3459
f 5337/6366/3459 5338/6367/3460 5237/6236/3155
f 5338/6368/3460 5337/6369/3459 5240/6239/3158
f 5240/6239/3158 5239/6238/3157 5338/6368/3460
f 5249/6370/3166 5245/6244/3162 5248/6247/3458
f 5248/6247/3458 5250/6371/3167 5249/6370/3166
f 5253/6252/3170 5252/6251/3169 5251/6250/3168
f 5251/6250/3168 5254/6253/3171 5253/6252/3170
f 5339/6372/3256 5340/6373/3257 5341/6374/144
f 5340/6373/3257 5342/6375/3258 5341/6374/144
f 5342/6375/3258 5343/6376/3259 5341/6374/144
f 5343/6376/3259 5344/6377/3260 5341/6374/144
f 5344/6377/3260 5345/6378/3261 5341/6374/144
f 5345/6378/3261 5346/6379/3262 5341/6374/144
f 5346/6379/3262 5347/6380/3263 5341/6374/144
f 5347/6380/3263 5348/6381/3264 5341/6374/144
f 5348/6381/3264 5349/6382/3265 5341/6374/144
f 5349/6382/3265 5350/6383/3266 5341/6374/144
f 5350/6383/3266 5351/6384/3267 5341/6374/144
f 5351/6384/3267 5339/6372/3256 5341/6374/144
f 5352/6385/3268 5353/6386/3269 5354/6387/3269
f 5354/6387/3269 5355/6388/3268 5352/6385/3268
f 5356/6389/3270 5357/6390/3271 5358/6391/3271
f 5358/6391/3271 5359/6392/3270 5356/6389/3270
f 5360/6393/3272 5361/6394/3273 5362/6395/3273
f 5362/6395/3273 5363/6396/3272 5360/6393/3272
f 5364/6397/3274 5365/6398/3275 5366/6399/3275
f 5366/6399/3275 5367/6400/3274 5364/6397/3274
f 5368/6401/3276 5369/6402/3277 5370/6403/3277
f 5370/6403/3277 5371/6404/3276 5368/6401/3276
f 5354/6387/3269 5372/6405/144 5373/6406/144
f 5373/6406/144 5369/6402/3277 5354/6387/3269
f 5370/6403/3277 5374/6407/144 5375/6408/144
f 5375/6408/144 5365/6398/3275 5370/6403/3277
f 5366/6399/3275 5376/6409/144 5377/6410/144
f 5377/6410/144 5361/6394/3273 5366/6399/3275
f 5362/6395/3273 5378/6411/144 5379/6412/144
f 5379/6412/144 5357/6390/3271 5362/6395/3273
f 5358/6391/3271 5380/6413/144 5381/6414/144
f 5381/6414/144 5353/6386/3269 5358/6391/3271
f 5373/6406/144 5374/6407/144 5370/6403/3277
f 5370/6403/3277 5369/6402/3277 5373/6406/144
f 5381/6414/144 5372/6405/144 5354/6387/3269
f 5354/6387/3269 5353/6386/3269 5381/6414/144
f 5379/6412/144 5380/6413/144 5358/6391/3271
f 5358/6391/3271 5357/6390/3271 5379/6412/144
f 5377/6410/144 5378/6411/144 5362/6395/3273
f 5362/6395/3273 5361/6394/3273 5377/6410/144
f 5375/6408/144 5376/6409/144 5366/6399/3275
f 5366/6399/3275 5365/6398/3275 5375/6408/144
f 5382/6415/3278 5383/6416/3279 5384/6417/3279
f 5384/6417/3279 5385/6418/3278 5382/6415/3278
f 5383/6416/3279 5386/6419/3280 5387/6420/3280
f 5387/6420/3280 5384/6417/3279 5383/6416/3279
f 5386/6421/3280 5388/6422/3281 5389/6423/3281
f 5389/6423/3281 5387/6424/3280 5386/6421/3280
f 5388/6422/3281 5390/6425/3282 5391/6426/3282
f 5391/6426/3282 5389/6423/3281 5388/6422/3281
f 5390/6425/3282 5392/6427/3283 5393/6428/3283
f 5393/6428/3283 5391/6426/3282 5390/6425/3282
f 5392/6429/3283 5394/6430/3284 5395/6431/3284
f 5395/6431/3284 5393/6432/3283 5392/6429/3283
f 5394/6430/3284 5396/6433/3285 5397/6434/3285
f 5397/6434/3285 5395/6431/3284 5394/6430/3284
f 5396/6435/3285 5398/6436/3286 5399/6437/3286
f 5399/6437/3286 5397/6438/3285 5396/6435/3285
f 5398/6436/3286 5400/6439/3287 5401/6440/3287
f 5401/6440/3287 5399/6437/3286 5398/6436/3286
f 5400/6439/3287 5382/6441/3278 5385/6442/3278
f 5385/6442/3278 5401/6440/3287 5400/6439/3287
s 0
f 5402/6443/144 5403/6444/144 5404/6445/144
f 5403/6444/144 5405/6446/144 5404/6445/144
f 5405/6446/144 5406/6447/144 5404/6445/144
f 5406/6447/144 5407/6448/144 5404/6445/144
f 5407/6448/144 5408/6449/144 5404/6445/144
f 5408/6449/144 5409/6450/144 5404/6445/144
f 5409/6450/144 5410/6451/144 5404/6445/144
f 5410/6451/144 5411/6452/144 5404/6445/144
f 5411/6452/144 5412/6453/144 5404/6445/144
f 5412/6453/144 5402/6443/144 5404/6445/144
s 1
f 5413/6454/3288 5414/6455/3288 5415/6456/3288
f 5415/6456/3288 5416/6457/3288 5413/6454/3288
f 5417/6458/3289 5418/6459/3289 5419/6460/3289
f 5419/6460/3289 5420/6461/3289 5417/6458/3289
f 5421/6462/3290 5422/6463/3290 5423/6464/3290
f 5423/6464/3290 5424/6465/3290 5421/6462/3290
f 5425/6466/3291 5426/6467/3291 5427/6468/3291
f 5427/6468/3291 5428/6469/3291 5425/6466/3291
f 5429/6470/3292 5430/6471/3292 5431/6472/3292
f 5431/6472/3292 5432/6473/3292 5429/6470/3292
f 5433/6474/3293 5434/6475/3293 5435/6476/3293
f 5435/6476/3293 5436/6477/3293 5433/6474/3293
f 5437/6478/3294 5438/6479/3295 5439/6480/3295
f 5439/6480/3295 5440/6481/3294 5437/6478/3294
f 5441/6482/3296 5442/6483/3296 5443/6484/3296
f 5443/6484/3296 5444/6485/3296 5441/6482/3296
f 5445/6486/3297 5446/6487/3298 5447/6488/3298
f 5447/6488/3298 5448/6489/3297 5445/6486/3297
f 5449/6490/3299 5450/6491/3299 5451/6492/3299
f 5451/6492/3299 5452/6493/3299 5449/6490/3299
s 0
f 5453/6494/3300 5454/6495/3300 5455/6496/3300
s 1
f 5455/6496/3300 5456/6497/3300 5453/6494/3300
s 0
f 5457/6498/3301 5458/6499/3301 5459/6500/3301
f 5459/6500/3301 5460/6501/3301 5457/6498/3301
f 5461/6502/3302 5462/6503/3302 5463/6504/3302
f 5463/6504/3302 5464/6505/3302 5461/6502/3302
f 5465/6506/3303 5466/6507/3303 5467/6508/3303
f 5467/6508/3303 5468/6509/3303 5465/6506/3303
f 5469/6510/3304 5470/6511/3304 5471/6512/3304
f 5471/6512/3304 5472/6513/3304 5469/6510/3304
s 1
f 5473/6514/3024 5474/6515/3024 5475/6516/3023
f 5475/6516/3023 5476/6517/3023 5473/6514/3024
f 5476/6517/3023 5475/6516/3023 5477/6518/3022
f 5477/6518/3022 5478/6519/3022 5476/6517/3023
f 5478/6519/3022 5477/6518/3022 5479/6520/3021
f 5479/6520/3021 5480/6521/3021 5478/6519/3022
f 5480/6521/3021 5479/6520/3021 5481/6522/3020
f 5481/6522/3020 5482/6523/3020 5480/6521/3021
f 5482/6523/3020 5481/6522/3020 5483/6524/3019
f 5483/6524/3019 5484/6525/3019 5482/6523/3020
f 5484/6525/3019 5483/6524/3019 5485/6526/3018
f 5485/6526/3018 5486/6527/3018 5484/6525/3019
f 5486/6527/3018 5485/6526/3018 5487/6528/3017
f 5487/6528/3017 5488/6529/3017 5486/6527/3018
f 5488/6529/3017 5487/6528/3017 5489/6530/3016
f 5489/6530/3016 5490/6531/3016 5488/6529/3017
f 5490/6531/3016 5489/6530/3016 5491/6532/3015
f 5491/6532/3015 5492/6533/3015 5490/6531/3016
f 5492/6533/3015 5491/6532/3015 5493/6534/3014
f 5493/6534/3014 5494/6535/3014 5492/6533/3015
f 5494/6535/3014 5493/6534/3014 5495/6536/3033
f 5495/6536/3033 5496/6537/3033 5494/6535/3014
f 5496/6537/3033 5495/6536/3033 5497/6538/3032
f 5497/6538/3032 5498/6539/3032 5496/6537/3033
f 5498/6539/3032 5497/6538/3032 5499/6540/3461
f 5499/6540/3461 5500/6541/3461 5498/6539/3032
f 5500/6541/3461 5499/6540/3461 5501/6542/3030
f 5501/6542/3030 5502/6543/3030 5500/6541/3461
f 5502/6543/3030 5501/6542/3030 5503/6544/3029
f 5503/6544/3029 5504/6545/3029 5502/6543/3030
f 5505/6545/3029 5506/6544/3029 5507/6546/3028
f 5507/6546/3028 5508/6547/3028 5505/6545/3029
f 5508/6547/3028 5507/6546/3028 5509/6548/3462
f 5509/6548/3462 5510/6549/3462 5508/6547/3028
f 5510/6549/3462 5509/6548/3462 5511/6550/3026
f 5511/6550/3026 5512/6551/3026 5510/6549/3462
f 5512/6551/3026 5511/6550/3026 5513/6552/3025
f 5513/6552/3025 5514/6553/3025 5512/6551/3026
f 5514/6553/3025 5513/6552/3025 5474/6515/3024
f 5474/6515/3024 5473/6514/3024 5514/6553/3025
f 5515/6554/3463 5516/6555/3463 5517/6556/3464
f 5517/6556/3464 5518/6557/3464 5515/6554/3463
f 5518/6557/3464 5517/6556/3464 5519/6558/3465
f 5519/6558/3465 5520/6559/3465 5518/6557/3464
f 5520/6560/3465 5519/6561/3465 5521/6562/3466
f 5521/6562/3466 5522/6563/3466 5520/6560/3465
f 5522/6563/3466 5521/6562/3466 5523/6564/3467
f 5523/6564/3467 5524/6565/3467 5522/6563/3466
f 5524/6565/3467 5523/6564/3467 5525/6566/3468
f 5525/6566/3468 5526/6567/3468 5524/6565/3467
f 5526/6567/3468 5525/6566/3468 5527/6568/3469
f 5527/6568/3469 5528/6569/3469 5526/6567/3468
f 5528/6569/3469 5527/6568/3469 5529/6570/3470
f 5529/6570/3470 5530/6571/3471 5528/6569/3469
f 5530/6572/3471 5529/6573/3470 5531/6574/3472
f 5531/6574/3472 5532/6575/3472 5530/6572/3471
f 5532/6575/3472 5531/6574/3472 5533/6576/3473
f 5533/6576/3473 5534/6577/3473 5532/6575/3472
f 5534/6577/3473 5533/6576/3473 5535/6578/3474
f 5535/6578/3474 5536/6579/3474 5534/6577/3473
f 5536/6579/3474 5535/6578/3474 5537/6580/3475
f 5537/6580/3475 5538/6581/3475 5536/6579/3474
f 5538/6581/3475 5537/6580/3475 5539/6582/3476
f 5539/6582/3476 5540/6583/3476 5538/6581/3475
f 5540/6583/3476 5539/6582/3476 5541/6584/3477
f 5541/6584/3477 5542/6585/3477 5540/6583/3476
f 5542/6586/3477 5541/6587/3477 5543/6588/3478
f 5543/6588/3478 5544/6589/3478 5542/6586/3477
f 5544/6589/3478 5543/6588/3478 5545/6590/3479
f 5545/6590/3479 5546/6591/3479 5544/6589/3478
f 5547/6592/3479 5548/6593/3479 5549/6594/3480
f 5549/6594/3480 5550/6595/3480 5547/6592/3479
f 5550/6595/3480 5549/6594/3480 5551/6596/3481
f 5551/6596/3481 5552/6597/3481 5550/6595/3480
f 5552/6598/3481 5551/6599/3481 5553/6600/3482
f 5553/6600/3482 5554/6601/3482 5552/6598/3481
f 5554/6601/3482 5553/6600/3482 5555/6602/3483
f 5555/6602/3483 5556/6603/3483 5554/6601/3482
f 5556/6603/3483 5555/6602/3483 5516/6555/3463
f 5516/6555/3463 5515/6554/3463 5556/6603/3483
f 5557/6604/2983 5558/6605/2983 5559/6606/2982
f 5559/6606/2982 5560/6607/2982 5557/6604/2983
f 5560/6607/2982 5559/6606/2982 5561/6608/2981
f 5561/6608/2981 5562/6609/2981 5560/6607/2982
f 5562/6609/2981 5561/6608/2981 5563/6610/2980
f 5563/6610/2980 5564/6611/2980 5562/6609/2981
f 5564/6611/2980 5563/6610/2980 5565/6612/2979
f 5565/6612/2979 5566/6613/2979 5564/6611/2980
f 5566/6613/2979 5565/6612/2979 5567/6614/2978
f 5567/6614/2978 5568/6615/2978 5566/6613/2979
f 5568/6615/2978 5567/6614/2978 5569/6616/2977
f 5569/6616/2977 5570/6617/2977 5568/6615/2978
f 5570/6617/2977 5569/6616/2977 5571/6618/2976
f 5571/6618/2976 5572/6619/2976 5570/6617/2977
f 5572/6619/2976 5571/6618/2976 5573/6620/2975
f 5573/6620/2975 5574/6621/2975 5572/6619/2976
f 5574/6621/2975 5573/6620/2975 5575/6622/2974
f 5575/6622/2974 5576/6623/2974 5574/6621/2975
f 5576/6623/2974 5575/6622/2974 5577/6624/2973
f 5577/6624/2973 5578/6625/2973 5576/6623/2974
f 5578/6625/2973 5577/6624/2973 5579/6626/2992
f 5579/6626/2992 5580/6627/2992 5578/6625/2973
f 5580/6627/2992 5579/6626/2992 5581/6628/2991
f 5581/6628/2991 5582/6629/2991 5580/6627/2992
f 5582/6629/2991 5581/6628/2991 5583/6630/3484
f 5583/6630/3484 5584/6631/3484 5582/6629/2991
f 5584/6631/3484 5583/6630/3484 5585/6632/2989
f 5585/6632/2989 5586/6633/2989 5584/6631/3484
f 5586/6633/2989 5585/6632/2989 5587/6634/2988
f 5587/6634/2988 5588/6635/2988 5586/6633/2989
f 5589/6635/2988 5590/6634/2988 5591/6636/2987
f 5591/6636/2987 5592/6637/2987 5589/6635/2988
f 5592/6637/2987 5591/6636/2987 5593/6638/2986
f 5593/6638/2986 5594/6639/2986 5592/6637/2987
f 5594/6639/2986 5593/6638/2986 5595/6640/2985
f 5595/6640/2985 5596/6641/2985 5594/6639/2986
f 5596/6641/2985 5595/6640/2985 5597/6642/2984
f 5597/6642/2984 5598/6643/2984 5596/6641/2985
f 5598/6643/2984 5597/6642/2984 5558/6605/2983
f 5558/6605/2983 5557/6604/2983 5598/6643/2984
f 5599/6644/3485 5600/6645/3485 5601/6646/3486
f 5601/6646/3486 5602/6647/3486 5599/6644/3485
f 5602/6647/3486 5601/6646/3486 5603/6648/3487
f 5603/6648/3487 5604/6649/3487 5602/6647/3486
f 5604/6649/3487 5603/6648/3487 5605/6650/3488
f 5605/6650/3488 5606/6651/3488 5604/6649/3487
f 5606/6652/3488 5605/6653/3488 5607/6654/3489
f 5607/6654/3489 5608/6655/3489 5606/6652/3488
f 5608/6655/3489 5607/6654/3489 5609/6656/3490
f 5609/6656/3490 5610/6657/3490 5608/6655/3489
f 5610/6657/3490 5609/6656/3490 5611/6658/3491
f 5611/6658/3491 5612/6659/3491 5610/6657/3490
f 5612/6659/3491 5611/6658/3491 5613/6660/3492
f 5613/6660/3492 5614/6661/3492 5612/6659/3491
f 5614/6661/3492 5613/6660/3492 5615/6662/3493
f 5615/6662/3493 5616/6663/3493 5614/6661/3492
f 5616/6664/3493 5615/6665/3493 5617/6666/3494
f 5617/6666/3494 5618/6667/3494 5616/6664/3493
f 5618/6667/3494 5617/6666/3494 5619/6668/3495
f 5619/6668/3495 5620/6669/3495 5618/6667/3494
f 5620/6669/3495 5619/6668/3495 5621/6670/3496
f 5621/6670/3496 5622/6671/3496 5620/6669/3495
f 5622/6671/3496 5621/6670/3496 5623/6672/3497
f 5623/6672/3497 5624/6673/3497 5622/6671/3496
f 5624/6673/3497 5623/6672/3497 5625/6674/3498
f 5625/6674/3498 5626/6675/3498 5624/6673/3497
f 5626/6676/3498 5625/6677/3498 5627/6678/3499
f 5627/6678/3499 5628/6679/3499 5626/6676/3498
f 5628/6679/3499 5627/6678/3499 5629/6680/3500
f 5629/6680/3500 5630/6681/3500 5628/6679/3499
f 5631/6682/3500 5632/6683/3500 5633/6684/3501
f 5633/6684/3501 5634/6685/3501 5631/6682/3500
f 5634/6685/3501 5633/6684/3501 5635/6686/3502
f 5635/6686/3502 5636/6687/3502 5634/6685/3501
f 5636/6687/3502 5635/6686/3502 5637/6688/3503
f 5637/6688/3503 5638/6689/3503 5636/6687/3502
f 5638/6690/3503 5637/6691/3503 5639/6692/3504
f 5639/6692/3504 5640/6693/3504 5638/6690/3503
f 5640/6693/3504 5639/6692/3504 5600/6645/3485
f 5600/6645/3485 5599/6644/3485 5640/6693/3504
f 5641/6694/3172 5642/6695/3173 5643/6696/3174
f 5643/6696/3174 5644/6697/3175 5641/6694/3172
f 5645/6698/3176 5641/6694/3172 5644/6697/3175
f 5644/6697/3175 5646/6699/3177 5645/6698/3176
f 5647/6700/3505 5645/6698/3176 5646/6699/3177
f 5646/6699/3177 5648/6701/3179 5647/6700/3505
f 5649/6702/3180 5647/6700/3505 5648/6701/3179
f 5648/6701/3179 5650/6703/3181 5649/6702/3180
f 5651/6704/3182 5649/6702/3180 5650/6703/3181
f 5650/6703/3181 5652/6705/3183 5651/6704/3182
f 5653/6706/3184 5651/6704/3182 5652/6705/3183
f 5652/6705/3183 5654/6707/3185 5653/6706/3184
f 5655/6708/3186 5653/6706/3184 5654/6707/3185
f 5654/6707/3185 5656/6709/3187 5655/6708/3186
f 5657/6710/3188 5655/6708/3186 5656/6709/3187
f 5656/6709/3187 5658/6711/3189 5657/6710/3188
f 5659/6712/3190 5657/6710/3188 5658/6711/3189
f 5658/6711/3189 5660/6713/3191 5659/6712/3190
f 5661/6714/3192 5659/6712/3190 5660/6713/3191
f 5660/6713/3191 5662/6715/3193 5661/6714/3192
f 5663/6716/3194 5661/6714/3192 5662/6715/3193
f 5662/6715/3193 5664/6717/3195 5663/6716/3194
f 5665/6718/3196 5663/6716/3194 5664/6717/3195
f 5664/6717/3195 5666/6719/3197 5665/6718/3196
f 5667/6720/3198 5665/6718/3196 5666/6719/3197
f 5666/6719/3197 5668/6721/3199 5667/6720/3198
f 5669/6722/3200 5667/6720/3198 5668/6721/3199
f 5668/6721/3199 5670/6723/3201 5669/6722/3200
f 5671/6724/3202 5669/6722/3200 5670/6723/3201
f 5670/6723/3201 5672/6725/3203 5671/6724/3202
f 5673/6726/3204 5671/6724/3202 5672/6725/3203
f 5672/6725/3203 5674/6727/3205 5673/6726/3204
f 5675/6728/3206 5673/6726/3204 5674/6727/3205
f 5674/6727/3205 5676/6729/3207 5675/6728/3206
f 5677/6730/3208 5675/6728/3206 5676/6729/3207
f 5676/6729/3207 5678/6731/3209 5677/6730/3208
f 5679/6732/3210 5677/6730/3208 5678/6731/3209
f 5678/6731/3209 5680/6733/3211 5679/6732/3210
f 5642/6695/3173 5679/6732/3210 5680/6733/3211
f 5680/6733/3211 5643/6696/3174 5642/6695/3173
f 5642/6734/3173 5641/6735/3172 5681/6736/3212
f 5681/6736/3212 5682/6737/3213 5642/6734/3173
f 5641/6735/3172 5645/6738/3176 5683/6739/3214
f 5683/6739/3214 5681/6736/3212 5641/6735/3172
f 5645/6738/3176 5647/6740/3505 5684/6741/3215
f 5684/6741/3215 5683/6739/3214 5645/6738/3176
f 5647/6742/3505 5649/6743/3180 5685/6744/3216
f 5685/6744/3216 5684/6745/3215 5647/6742/3505
f 5649/6743/3180 5651/6746/3182 5686/6747/3217
f 5686/6747/3217 5685/6744/3216 5649/6743/3180
f 5651/6746/3182 5653/6748/3184 5687/6749/3218
f 5687/6749/3218 5686/6747/3217 5651/6746/3182
f 5653/6748/3184 5655/6750/3186 5688/6751/3219
f 5688/6751/3219 5687/6749/3218 5653/6748/3184
f 5655/6752/3186 5657/6753/3188 5689/6754/3220
f 5689/6754/3220 5688/6755/3219 5655/6752/3186
f 5657/6753/3188 5659/6756/3190 5690/6757/3153
f 5690/6757/3153 5689/6754/3220 5657/6753/3188
f 5659/6756/3190 5661/6758/3192 5691/6759/3222
f 5691/6759/3222 5690/6757/3153 5659/6756/3190
f 5661/6758/3192 5663/6760/3194 5692/6761/3223
f 5692/6761/3223 5691/6759/3222 5661/6758/3192
f 5663/6760/3194 5665/6762/3196 5693/6763/3224
f 5693/6763/3224 5692/6761/3223 5663/6760/3194
f 5665/6764/3196 5667/6765/3198 5694/6766/3225
f 5694/6766/3225 5693/6767/3224 5665/6764/3196
f 5667/6765/3198 5669/6768/3200 5695/6769/3226
f 5695/6769/3226 5694/6766/3225 5667/6765/3198
f 5669/6768/3200 5671/6770/3202 5696/6771/3227
f 5696/6771/3227 5695/6769/3226 5669/6768/3200
f 5671/6770/3202 5673/6772/3204 5697/6773/3228
f 5697/6773/3228 5696/6771/3227 5671/6770/3202
f 5673/6772/3204 5675/6774/3206 5698/6775/3229
f 5698/6775/3229 5697/6773/3228 5673/6772/3204
f 5675/6776/3206 5677/6777/3208 5699/6778/3230
f 5699/6778/3230 5698/6779/3229 5675/6776/3206
f 5677/6777/3208 5679/6780/3210 5700/6781/3231
f 5700/6781/3231 5699/6778/3230 5677/6777/3208
f 5679/6780/3210 5642/6734/3173 5682/6737/3213
f 5682/6737/3213 5700/6781/3231 5679/6780/3210
f 5701/6782/3232 5644/6697/3175 5643/6696/3174
f 5643/6696/3174 5702/6783/3233 5701/6782/3232
f 5703/6784/3234 5646/6699/3177 5644/6697/3175
f 5644/6697/3175 5701/6782/3232 5703/6784/3234
f 5704/6785/3235 5648/6701/3179 5646/6699/3177
f 5646/6699/3177 5703/6784/3234 5704/6785/3235
f 5705/6786/3236 5650/6703/3181 5648/6701/3179
f 5648/6701/3179 5704/6785/3235 5705/6786/3236
f 5706/6787/3237 5652/6705/3183 5650/6703/3181
f 5650/6703/3181 5705/6786/3236 5706/6787/3237
f 5707/6788/3238 5654/6707/3185 5652/6705/3183
f 5652/6705/3183 5706/6787/3237 5707/6788/3238
f 5708/6789/3239 5656/6709/3187 5654/6707/3185
f 5654/6707/3185 5707/6788/3238 5708/6789/3239
f 5709/6790/3240 5658/6711/3189 5656/6709/3187
f 5656/6709/3187 5708/6789/3239 5709/6790/3240
f 5710/6791/3241 5660/6713/3191 5658/6711/3189
f 5658/6711/3189 5709/6790/3240 5710/6791/3241
f 5711/6792/3242 5662/6715/3193 5660/6713/3191
f 5660/6713/3191 5710/6791/3241 5711/6792/3242
f 5712/6793/3243 5664/6717/3195 5662/6715/3193
f 5662/6715/3193 5711/6792/3242 5712/6793/3243
f 5713/6794/3244 5666/6719/3197 5664/6717/3195
f 5664/6717/3195 5712/6793/3243 5713/6794/3244
f 5714/6795/3245 5668/6721/3199 5666/6719/3197
f 5666/6719/3197 5713/6794/3244 5714/6795/3245
f 5715/6796/3246 5670/6723/3201 5668/6721/3199
f 5668/6721/3199 5714/6795/3245 5715/6796/3246
f 5716/6797/3247 5672/6725/3203 5670/6723/3201
f 5670/6723/3201 5715/6796/3246 5716/6797/3247
f 5717/6798/3248 5674/6727/3205 5672/6725/3203
f 5672/6725/3203 5716/6797/3247 5717/6798/3248
f 5718/6799/3249 5676/6729/3207 5674/6727/3205
f 5674/6727/3205 5717/6798/3248 5718/6799/3249
f 5719/6800/3250 5678/6731/3209 5676/6729/3207
f 5676/6729/3207 5718/6799/3249 5719/6800/3250
f 5720/6801/3251 5680/6733/3211 5678/6731/3209
f 5678/6731/3209 5719/6800/3250 5720/6801/3251
f 5702/6783/3233 5643/6696/3174 5680/6733/3211
f 5680/6733/3211 5720/6801/3251 5702/6783/3233
f 5721/6802/3455 5722/6803/3454 5723/6804/3506
f 5723/6804/3506 5724/6805/3213 5721/6802/3455
f 5725/6806/3138 5726/6807/3137 5722/6803/3454
f 5722/6803/3454 5721/6802/3455 5725/6806/3138
f 5727/6808/3142 5728/6809/3139 5729/6810/3140
f 5729/6810/3140 5730/6811/3141 5727/6808/3142
f 5731/6812/3457 5732/6813/3143 5733/6814/3144
f 5733/6814/3144 5734/6815/3145 5731/6812/3457
f 5735/6816/3148 5736/6817/3147 5732/6813/3143
f 5732/6813/3143 5731/6812/3457 5735/6816/3148
f 5737/6818/3150 5738/6819/3507 5736/6820/3147
f 5736/6820/3147 5735/6821/3148 5737/6818/3150
f 5739/6822/3154 5740/6823/3151 5741/6824/3508
f 5741/6824/3508 5742/6825/3153 5739/6822/3154
f 5743/6826/3156 5744/6827/3155 5740/6823/3151
f 5740/6823/3151 5739/6822/3154 5743/6826/3156
f 5745/6828/3158 5746/6829/3509 5747/6830/3510
f 5747/6830/3510 5748/6831/3157 5745/6828/3158
f 5749/6832/3161 5750/6833/3160 5747/6830/3510
f 5747/6830/3510 5746/6829/3509 5749/6832/3161
f 5751/6834/3165 5752/6835/3511 5753/6836/3163
f 5753/6836/3163 5754/6837/3164 5751/6834/3165
f 5755/6838/3167 5756/6839/3168 5757/6840/3169
f 5757/6840/3169 5758/6841/3166 5755/6838/3167
f 5759/6842/3171 5724/6805/3213 5723/6804/3506
f 5723/6804/3506 5760/6843/3170 5759/6842/3171
f 5761/6844/3054 5762/6845/3055 5763/6846/3056
f 5763/6846/3056 5764/6847/3057 5761/6844/3054
f 5765/6848/3058 5766/6849/3059 5762/6845/3055
f 5762/6845/3055 5761/6844/3054 5765/6848/3058
f 5767/6850/3060 5768/6851/3061 5766/6849/3059
f 5766/6849/3059 5765/6848/3058 5767/6850/3060
f 5769/6852/3062 5770/6853/3063 5768/6851/3061
f 5768/6851/3061 5767/6850/3060 5769/6852/3062
f 5771/6854/3064 5772/6855/3065 5770/6853/3063
f 5770/6853/3063 5769/6852/3062 5771/6854/3064
f 5773/6856/3066 5774/6857/3067 5772/6855/3065
f 5772/6855/3065 5771/6854/3064 5773/6856/3066
f 5775/6858/3068 5776/6859/3069 5774/6857/3067
f 5774/6857/3067 5773/6856/3066 5775/6858/3068
f 5777/6860/3070 5778/6861/3071 5776/6859/3069
f 5776/6859/3069 5775/6858/3068 5777/6860/3070
f 5779/6862/3512 5780/6863/3073 5778/6861/3071
f 5778/6861/3071 5777/6860/3070 5779/6862/3512
f 5781/6864/3074 5782/6865/3075 5780/6863/3073
f 5780/6863/3073 5779/6862/3512 5781/6864/3074
f 5783/6866/3076 5784/6867/3077 5782/6865/3075
f 5782/6865/3075 5781/6864/3074 5783/6866/3076
f 5785/6868/3078 5786/6869/3079 5784/6867/3077
f 5784/6867/3077 5783/6866/3076 5785/6868/3078
f 5787/6870/3513 5788/6871/3081 5786/6869/3079
f 5786/6869/3079 5785/6868/3078 5787/6870/3513
f 5789/6872/3082 5790/6873/3083 5788/6871/3081
f 5788/6871/3081 5787/6870/3513 5789/6872/3082
f 5791/6874/3084 5792/6875/3085 5790/6873/3083
f 5790/6873/3083 5789/6872/3082 5791/6874/3084
f 5793/6876/3086 5794/6877/3087 5792/6875/3085
f 5792/6875/3085 5791/6874/3084 5793/6876/3086
f 5795/6878/3088 5796/6879/3089 5794/6877/3087
f 5794/6877/3087 5793/6876/3086 5795/6878/3088
f 5797/6880/3090 5798/6881/3091 5796/6879/3089
f 5796/6879/3089 5795/6878/3088 5797/6880/3090
f 5799/6882/3092 5800/6883/3093 5798/6881/3091
f 5798/6881/3091 5797/6880/3090 5799/6882/3092
f 5764/6847/3057 5763/6846/3056 5800/6883/3093
f 5800/6883/3093 5799/6882/3092 5764/6847/3057
f 5764/6884/3057 5801/6885/3094 5802/6886/3095
f 5802/6886/3095 5761/6887/3054 5764/6884/3057
f 5761/6887/3054 5802/6886/3095 5803/6888/3096
f 5803/6888/3096 5765/6889/3058 5761/6887/3054
f 5765/6890/3058 5803/6891/3096 5804/6892/3097
f 5804/6892/3097 5767/6893/3060 5765/6890/3058
f 5767/6893/3060 5804/6892/3097 5805/6894/3098
f 5805/6894/3098 5769/6895/3062 5767/6893/3060
f 5769/6895/3062 5805/6894/3098 5806/6896/3099
f 5806/6896/3099 5771/6897/3064 5769/6895/3062
f 5771/6897/3064 5806/6896/3099 5807/6898/3100
f 5807/6898/3100 5773/6899/3066 5771/6897/3064
f 5773/6899/3066 5807/6898/3100 5808/6900/3101
f 5808/6900/3101 5775/6901/3068 5773/6899/3066
f 5775/6902/3068 5808/6903/3101 5809/6904/3102
f 5809/6904/3102 5777/6905/3070 5775/6902/3068
f 5777/6905/3070 5809/6904/3102 5810/6906/3103
f 5810/6906/3103 5779/6907/3512 5777/6905/3070
f 5779/6907/3512 5810/6906/3103 5811/6908/3104
f 5811/6908/3104 5781/6909/3074 5779/6907/3512
f 5781/6909/3074 5811/6908/3104 5812/6910/3105
f 5812/6910/3105 5783/6911/3076 5781/6909/3074
f 5783/6911/3076 5812/6910/3105 5813/6912/3106
f 5813/6912/3106 5785/6913/3078 5783/6911/3076
f 5785/6914/3078 5813/6915/3106 5814/6916/3107
f 5814/6916/3107 5787/6917/3513 5785/6914/3078
f 5787/6917/3513 5814/6916/3107 5815/6918/3452
f 5815/6918/3452 5789/6919/3082 5787/6917/3513
f 5789/6919/3082 5815/6918/3452 5816/6920/3109
f 5816/6920/3109 5791/6921/3084 5789/6919/3082
f 5791/6921/3084 5816/6920/3109 5817/6922/3110
f 5817/6922/3110 5793/6923/3086 5791/6921/3084
f 5793/6923/3086 5817/6922/3110 5818/6924/3111
f 5818/6924/3111 5795/6925/3088 5793/6923/3086
f 5795/6925/3088 5818/6924/3111 5819/6926/3112
f 5819/6926/3112 5797/6927/3090 5795/6925/3088
f 5797/6928/3090 5819/6929/3112 5820/6930/3113
f 5820/6930/3113 5799/6931/3092 5797/6928/3090
f 5799/6931/3092 5820/6930/3113 5801/6885/3094
f 5801/6885/3094 5764/6884/3057 5799/6931/3092
f 5821/6932/3114 5822/6933/3115 5763/6846/3056
f 5763/6846/3056 5762/6845/3055 5821/6932/3114
f 5823/6934/3116 5821/6932/3114 5762/6845/3055
f 5762/6845/3055 5766/6849/3059 5823/6934/3116
f 5824/6935/3117 5823/6934/3116 5766/6849/3059
f 5766/6849/3059 5768/6851/3061 5824/6935/3117
f 5825/6936/3118 5824/6935/3117 5768/6851/3061
f 5768/6851/3061 5770/6853/3063 5825/6936/3118
f 5826/6937/3119 5825/6936/3118 5770/6853/3063
f 5770/6853/3063 5772/6855/3065 5826/6937/3119
f 5827/6938/3120 5826/6937/3119 5772/6855/3065
f 5772/6855/3065 5774/6857/3067 5827/6938/3120
f 5828/6939/3121 5827/6938/3120 5774/6857/3067
f 5774/6857/3067 5776/6859/3069 5828/6939/3121
f 5829/6940/3122 5828/6939/3121 5776/6859/3069
f 5776/6859/3069 5778/6861/3071 5829/6940/3122
f 5830/6941/3123 5829/6940/3122 5778/6861/3071
f 5778/6861/3071 5780/6863/3073 5830/6941/3123
f 5831/6942/3124 5830/6941/3123 5780/6863/3073
f 5780/6863/3073 5782/6865/3075 5831/6942/3124
f 5832/6943/3125 5831/6942/3124 5782/6865/3075
f 5782/6865/3075 5784/6867/3077 5832/6943/3125
f 5833/6944/3126 5832/6943/3125 5784/6867/3077
f 5784/6867/3077 5786/6869/3079 5833/6944/3126
f 5834/6945/3127 5833/6944/3126 5786/6869/3079
f 5786/6869/3079 5788/6871/3081 5834/6945/3127
f 5835/6946/3128 5834/6945/3127 5788/6871/3081
f 5788/6871/3081 5790/6873/3083 5835/6946/3128
f 5836/6947/3129 5835/6946/3128 5790/6873/3083
f 5790/6873/3083 5792/6875/3085 5836/6947/3129
f 5837/6948/3130 5836/6947/3129 5792/6875/3085
f 5792/6875/3085 5794/6877/3087 5837/6948/3130
f 5838/6949/3131 5837/6948/3130 5794/6877/3087
f 5794/6877/3087 5796/6879/3089 5838/6949/3131
f 5839/6950/3132 5838/6949/3131 5796/6879/3089
f 5796/6879/3089 5798/6881/3091 5839/6950/3132
f 5840/6951/3133 5839/6950/3132 5798/6881/3091
f 5798/6881/3091 5800/6883/3093 5840/6951/3133
f 5822/6933/3115 5840/6951/3133 5800/6883/3093
f 5800/6883/3093 5763/6846/3056 5822/6933/3115
f 5841/6952/3253 5842/6953/3252 5726/6954/3137
f 5726/6954/3137 5725/6955/3138 5841/6952/3253
f 5841/6952/3253 5730/6811/3141 5729/6810/3140
f 5729/6810/3140 5842/6953/3252 5841/6952/3253
f 5737/6818/3150 5742/6825/3153 5741/6824/3508
f 5741/6824/3508 5738/6819/3507 5737/6818/3150
f 5743/6826/3156 5843/6956/3459 5844/6957/3460
f 5844/6957/3460 5744/6827/3155 5743/6826/3156
f 5843/6958/3459 5745/6828/3158 5748/6831/3157
f 5748/6831/3157 5844/6959/3460 5843/6958/3459
f 5755/6960/3167 5758/3185/3166 5752/6835/3511
f 5752/6835/3511 5751/6834/3165 5755/6960/3167
f 5759/6842/3171 5760/6843/3170 5757/6840/3169
f 5757/6840/3169 5756/6839/3168 5759/6842/3171
f 5845/6961/3514 5846/6962/941 5847/6963/3515
f 5847/6963/3515 5846/6962/941 5848/6964/3516
f 5848/6964/3516 5846/6962/941 5849/6965/3517
f 5849/6965/3517 5846/6962/941 5850/6966/3518
f 5850/6966/3518 5846/6962/941 5851/6967/3519
f 5851/6967/3519 5846/6962/941 5852/6968/3520
f 5852/6968/3520 5846/6962/941 5853/6969/3521
f 5853/6969/3521 5846/6962/941 5854/6970/3522
f 5854/6970/3522 5846/6962/941 5855/6971/3523
f 5855/6971/3523 5846/6962/941 5856/6972/3524
f 5856/6972/3524 5846/6962/941 5857/6973/3525
f 5857/6973/3525 5846/6962/941 5845/6961/3514
f 5858/6974/3526 5859/6975/3526 5860/6976/3527
f 5860/6976/3527 5861/6977/3527 5858/6974/3526
f 5862/6978/3528 5863/6979/3528 5864/6980/3529
f 5864/6980/3529 5865/6981/3529 5862/6978/3528
f 5866/6982/3530 5867/6983/3530 5868/6984/3531
f 5868/6984/3531 5869/6985/3531 5866/6982/3530
f 5870/6986/3532 5871/6987/3532 5872/6988/3533
f 5872/6988/3533 5873/6989/3534 5870/6986/3532
f 5874/6990/3535 5875/6991/3535 5876/6992/3536
f 5876/6992/3536 5877/6993/3536 5874/6990/3535
f 5860/6976/3527 5877/6993/3536 5878/6994/941
f 5878/6994/941 5879/6995/941 5860/6976/3527
f 5876/6992/3536 5873/6989/3534 5880/6996/941
f 5880/6996/941 5881/6997/941 5876/6992/3536
f 5872/6988/3533 5869/6985/3531 5882/6998/941
f 5882/6998/941 5883/6999/941 5872/6988/3533
f 5868/6984/3531 5865/6981/3529 5884/7000/941
f 5884/7000/941 5885/7001/941 5868/6984/3531
f 5864/6980/3529 5861/6977/3527 5886/7002/941
f 5886/7002/941 5887/7003/941 5864/6980/3529
f 5878/6994/941 5877/6993/3536 5876/6992/3536
f 5876/6992/3536 5881/6997/941 5878/6994/941
f 5886/7002/941 5861/6977/3527 5860/6976/3527
f 5860/6976/3527 5879/6995/941 5886/7002/941
f 5884/7000/941 5865/6981/3529 5864/6980/3529
f 5864/6980/3529 5887/7003/941 5884/7000/941
f 5882/6998/941 5869/6985/3531 5868/6984/3531
f 5868/6984/3531 5885/7001/941 5882/6998/941
f 5880/6996/941 5873/6989/3534 5872/6988/3533
f 5872/6988/3533 5883/6999/941 5880/6996/941
f 5888/7004/3537 5889/7005/3537 5890/7006/3538
f 5890/7006/3538 5891/7007/3538 5888/7004/3537
f 5891/7007/3538 5890/7006/3538 5892/7008/3539
f 5892/7008/3539 5893/7009/3539 5891/7007/3538
f 5893/7010/3539 5892/7011/3539 5894/7012/3540
f 5894/7012/3540 5895/7013/3540 5893/7010/3539
f 5895/7013/3540 5894/7012/3540 5896/7014/3541
f 5896/7014/3541 5897/7015/3541 5895/7013/3540
f 5897/7015/3541 5896/7014/3541 5898/7016/3542
f 5898/7016/3542 5899/7017/3542 5897/7015/3541
f 5899/7018/3542 5898/7019/3542 5900/7020/3543
f 5900/7020/3543 5901/7021/3543 5899/7018/3542
f 5901/7021/3543 5900/7020/3543 5902/7022/3544
f 5902/7022/3544 5903/7023/3544 5901/7021/3543
f 5903/7024/3544 5902/7025/3544 5904/7026/3545
f 5904/7026/3545 5905/7027/3545 5903/7024/3544
f 5905/7027/3545 5904/7026/3545 5906/7028/3546
f 5906/7028/3546 5907/7029/3546 5905/7027/3545
f 5907/7029/3546 5906/7028/3546 5889/7030/3537
f 5889/7030/3537 5888/7031/3537 5907/7029/3546
s 0
f 5908/7032/941 5909/7033/941 5910/7034/941
f 5910/7034/941 5909/7033/941 5911/7035/941
f 5911/7035/941 5909/7033/941 5912/7036/941
f 5912/7036/941 5909/7033/941 5913/7037/941
f 5913/7037/941 5909/7033/941 5914/7038/941
f 5914/7038/941 5909/7033/941 5915/7039/941
f 5915/7039/941 5909/7033/941 5916/7040/941
f 5916/7040/941 5909/7033/941 5917/7041/941
f 5917/7041/941 5909/7033/941 5918/7042/941
f 5918/7042/941 5909/7033/941 5908/7032/941
s 1
f 5919/7043/3547 5920/7044/3547 5921/7045/3547
f 5921/7045/3547 5922/7046/3547 5919/7043/3547
f 5923/7047/3548 5924/7048/3548 5925/7049/3548
f 5925/7049/3548 5926/7050/3548 5923/7047/3548
f 5927/7051/3549 5928/7052/3550 5929/7053/3550
f 5929/7053/3550 5930/7054/3549 5927/7051/3549
f 5931/7055/3551 5932/7056/3551 5933/7057/3551
f 5933/7057/3551 5934/7058/3551 5931/7055/3551
f 5935/7059/3552 5936/7060/3553 5937/7061/3552
f 5937/7061/3552 5938/7062/3552 5935/7059/3552
f 5939/7063/3554 5940/7064/3554 5941/7065/3554
f 5941/7065/3554 5942/7066/3554 5939/7063/3554
f 5943/7067/3555 5944/7068/3555 5945/7069/3555
f 5945/7069/3555 5946/7070/3555 5943/7067/3555
f 5947/7071/3556 5948/7072/3556 5949/7073/3557
f 5949/7073/3557 5950/7074/3557 5947/7071/3556
f 5951/7075/3558 5952/7076/3558 5953/7077/3558
f 5953/7077/3558 5954/7078/3558 5951/7075/3558
f 5955/7079/3559 5956/7080/3559 5957/7081/3559
f 5957/7081/3559 5958/7082/3559 5955/7079/3559
s 0
f 5959/7083/3560 5960/7084/3560 5961/7085/3560
f 5961/7085/3560 5962/7086/3560 5959/7083/3560
f 5963/7087/3561 5964/7088/3561 5965/7089/3561
f 5965/7089/3561 5966/7090/3561 5963/7087/3561
f 5967/7091/3562 5968/7092/3562 5969/7093/3562
f 5969/7093/3562 5970/7094/3562 5967/7091/3562
f 5971/7095/3563 5972/7096/3563 5973/7097/3563
f 5973/7097/3564 5974/7098/3564 5971/7095/3564
f 5975/7099/3565 5976/7100/3565 5977/7101/3565
f 5977/7101/3565 5978/7102/3565 5975/7099/3565
s 1
f 5979/7103/3024 5980/7104/3024 5981/7105/3023
f 5981/7105/3023 5982/7106/3023 5979/7103/3024
f 5982/7106/3023 5981/7105/3023 5983/7107/3022
f 5983/7107/3022 5984/7108/3022 5982/7106/3023
f 5984/7108/3022 5983/7107/3022 5985/7109/3021
f 5985/7109/3021 5986/7110/3021 5984/7108/3022
f 5986/7110/3021 5985/7109/3021 5987/7111/3020
f 5987/7111/3020 5988/7112/3020 5986/7110/3021
f 5988/7112/3020 5987/7111/3020 5989/7113/3019
f 5989/7113/3019 5990/7114/3019 5988/7112/3020
f 5990/7114/3019 5989/7113/3019 5991/7115/3018
f 5991/7115/3018 5992/7116/3018 5990/7114/3019
f 5992/7116/3018 5991/7115/3018 5993/7117/3566
f 5993/7117/3566 5994/7118/3566 5992/7116/3018
f 5994/7118/3566 5993/7117/3566 5995/7119/3016
f 5995/7119/3016 5996/7120/3016 5994/7118/3566
f 5996/7120/3016 5995/7119/3016 5997/7121/3015
f 5997/7121/3015 5998/7122/3015 5996/7120/3016
f 5998/7122/3015 5997/7121/3015 5999/7123/3014
f 5999/7123/3014 6000/7124/3014 5998/7122/3015
f 6000/7124/3014 5999/7123/3014 6001/7125/3033
f 6001/7125/3033 6002/7126/3033 6000/7124/3014
f 6002/7126/3033 6001/7125/3033 6003/7127/3032
f 6003/7127/3032 6004/7128/3032 6002/7126/3033
f 6004/7128/3032 6003/7127/3032 6005/7129/3461
f 6005/7129/3461 6006/7130/3461 6004/7128/3032
f 6006/7130/3461 6005/7129/3461 6007/7131/3030
f 6007/7131/3030 6008/7132/3030 6006/7130/3461
f 6008/7132/3030 6007/7131/3030 6009/7133/3029
f 6009/7133/3029 6010/7134/3029 6008/7132/3030
f 6011/7134/3029 6012/7133/3029 6013/7135/3028
f 6013/7135/3028 6014/7136/3028 6011/7134/3029
f 6014/7136/3028 6013/7135/3028 6015/7137/3462
f 6015/7137/3462 6016/7138/3462 6014/7136/3028
f 6016/7138/3462 6015/7137/3462 6017/7139/3026
f 6017/7139/3026 6018/7140/3026 6016/7138/3462
f 6018/7140/3026 6017/7139/3026 6019/7141/3025
f 6019/7141/3025 6020/7142/3025 6018/7140/3026
f 6020/7142/3025 6019/7141/3025 5980/7104/3024
f 5980/7104/3024 5979/7103/3024 6020/7142/3025
f 6021/7143/3463 6022/7144/3463 6023/7145/3464
f 6023/7145/3464 6024/7146/3464 6021/7143/3463
f 6024/7146/3464 6023/7145/3464 6025/7147/3465
f 6025/7147/3465 6026/7148/3465 6024/7146/3464
f 6026/7149/3465 6025/7150/3465 6027/7151/3466
f 6027/7151/3466 6028/7152/3466 6026/7149/3465
f 6028/7152/3466 6027/7151/3466 6029/7153/3467
f 6029/7153/3467 6030/7154/3467 6028/7152/3466
f 6030/7154/3467 6029/7153/3467 6031/7155/3468
f 6031/7155/3468 6032/7156/3468 6030/7154/3467
f 6032/7156/3468 6031/7155/3468 6033/7157/3469
f 6033/7157/3469 6034/7158/3469 6032/7156/3468
f 6034/7158/3469 6033/7157/3469 6035/7159/3470
f 6035/7159/3470 6036/7160/3471 6034/7158/3469
f 6036/7161/3471 6035/7162/3470 6037/7163/3472
f 6037/7163/3472 6038/7164/3472 6036/7161/3471
f 6038/7164/3472 6037/7163/3472 6039/7165/3473
f 6039/7165/3473 6040/7166/3473 6038/7164/3472
f 6040/7166/3473 6039/7165/3473 6041/7167/3474
f 6041/7167/3474 6042/7168/3474 6040/7166/3473
f 6042/7168/3474 6041/7167/3474 6043/7169/3475
f 6043/7169/3475 6044/7170/3475 6042/7168/3474
f 6044/7170/3475 6043/7169/3475 6045/7171/3476
f 6045/7171/3476 6046/7172/3476 6044/7170/3475
f 6046/7172/3476 6045/7171/3476 6047/7173/3477
f 6047/7173/3477 6048/7174/3477 6046/7172/3476
f 6048/7175/3477 6047/7176/3477 6049/7177/3478
f 6049/7177/3478 6050/7178/3478 6048/7175/3477
f 6050/7178/3478 6049/7177/3478 6051/7179/3479
f 6051/7179/3479 6052/7180/3479 6050/7178/3478
f 6053/7181/3479 6054/7182/3479 6055/7183/3480
f 6055/7183/3480 6056/7184/3480 6053/7181/3479
f 6056/7184/3480 6055/7183/3480 6057/7185/3481
f 6057/7185/3481 6058/7186/3481 6056/7184/3480
f 6058/7187/3481 6057/7188/3481 6059/7189/3482
f 6059/7189/3482 6060/7190/3482 6058/7187/3481
f 6060/7190/3482 6059/7189/3482 6061/7191/3483
f 6061/7191/3483 6062/7192/3483 6060/7190/3482
f 6062/7192/3483 6061/7191/3483 6022/7144/3463
f 6022/7144/3463 6021/7143/3463 6062/7192/3483
f 6063/7193/2983 6064/7194/2983 6065/7195/2982
f 6065/7195/2982 6066/7196/2982 6063/7193/2983
f 6066/7196/2982 6065/7195/2982 6067/7197/2981
f 6067/7197/2981 6068/7198/2981 6066/7196/2982
f 6068/7198/2981 6067/7197/2981 6069/7199/2980
f 6069/7199/2980 6070/7200/2980 6068/7198/2981
f 6070/7200/2980 6069/7199/2980 6071/7201/2979
f 6071/7201/2979 6072/7202/2979 6070/7200/2980
f 6072/7202/2979 6071/7201/2979 6073/7203/2978
f 6073/7203/2978 6074/7204/2978 6072/7202/2979
f 6074/7204/2978 6073/7203/2978 6075/7205/2977
f 6075/7205/2977 6076/7206/2977 6074/7204/2978
f 6076/7206/2977 6075/7205/2977 6077/7207/2976
f 6077/7207/2976 6078/7208/2976 6076/7206/2977
f 6078/7208/2976 6077/7207/2976 6079/7209/2975
f 6079/7209/2975 6080/7210/2975 6078/7208/2976
f 6080/7210/2975 6079/7209/2975 6081/7211/2974
f 6081/7211/2974 6082/7212/2974 6080/7210/2975
f 6082/7212/2974 6081/7211/2974 6083/7213/2973
f 6083/7213/2973 6084/7214/2973 6082/7212/2974
f 6084/7214/2973 6083/7213/2973 6085/7215/2992
f 6085/7215/2992 6086/7216/2992 6084/7214/2973
f 6086/7216/2992 6085/7215/2992 6087/7217/2991
f 6087/7217/2991 6088/7218/2991 6086/7216/2992
f 6088/7218/2991 6087/7217/2991 6089/7219/3484
f 6089/7219/3484 6090/7220/3484 6088/7218/2991
f 6090/7220/3484 6089/7219/3484 6091/7221/2989
f 6091/7221/2989 6092/7222/2989 6090/7220/3484
f 6092/7222/2989 6091/7221/2989 6093/7223/2988
f 6093/7223/2988 6094/7224/2988 6092/7222/2989
f 6095/7224/2988 6096/7223/2988 6097/7225/2987
f 6097/7225/2987 6098/7226/2987 6095/7224/2988
f 6098/7226/2987 6097/7225/2987 6099/7227/2986
f 6099/7227/2986 6100/7228/2986 6098/7226/2987
f 6100/7228/2986 6099/7227/2986 6101/7229/2985
f 6101/7229/2985 6102/7230/2985 6100/7228/2986
f 6102/7230/2985 6101/7229/2985 6103/7231/2984
f 6103/7231/2984 6104/7232/2984 6102/7230/2985
f 6104/7232/2984 6103/7231/2984 6064/7194/2983
f 6064/7194/2983 6063/7193/2983 6104/7232/2984
f 6105/7233/3485 6106/7234/3485 6107/7235/3486
f 6107/7235/3486 6108/7236/3486 6105/7233/3485
f 6108/7236/3486 6107/7235/3486 6109/7237/3487
f 6109/7237/3487 6110/7238/3487 6108/7236/3486
f 6110/7238/3487 6109/7237/3487 6111/7239/3488
f 6111/7239/3488 6112/7240/3488 6110/7238/3487
f 6112/7241/3488 6111/7242/3488 6113/7243/3489
f 6113/7243/3489 6114/7244/3489 6112/7241/3488
f 6114/7244/3489 6113/7243/3489 6115/7245/3490
f 6115/7245/3490 6116/7246/3490 6114/7244/3489
f 6116/7246/3490 6115/7245/3490 6117/7247/3491
f 6117/7247/3491 6118/7248/3491 6116/7246/3490
f 6118/7248/3491 6117/7247/3491 6119/7249/3492
f 6119/7249/3492 6120/7250/3492 6118/7248/3491
f 6120/7250/3492 6119/7249/3492 6121/7251/3493
f 6121/7251/3493 6122/7252/3493 6120/7250/3492
f 6122/7253/3493 6121/7254/3493 6123/7255/3494
f 6123/7255/3494 6124/7256/3494 6122/7253/3493
f 6124/7256/3494 6123/7255/3494 6125/7257/3495
f 6125/7257/3495 6126/7258/3495 6124/7256/3494
f 6126/7258/3495 6125/7257/3495 6127/7259/3496
f 6127/7259/3496 6128/7260/3496 6126/7258/3495
f 6128/7260/3496 6127/7259/3496 6129/7261/3497
f 6129/7261/3497 6130/7262/3497 6128/7260/3496
f 6130/7262/3497 6129/7261/3497 6131/7263/3498
f 6131/7263/3498 6132/7264/3498 6130/7262/3497
f 6132/7265/3498 6131/7266/3498 6133/7267/3499
f 6133/7267/3499 6134/7268/3499 6132/7265/3498
f 6134/7268/3499 6133/7267/3499 6135/7269/3500
f 6135/7269/3500 6136/7270/3500 6134/7268/3499
f 6137/7271/3500 6138/7272/3500 6139/7273/3501
f 6139/7273/3501 6140/7274/3501 6137/7271/3500
f 6140/7274/3501 6139/7273/3501 6141/7275/3502
f 6141/7275/3502 6142/7276/3502 6140/7274/3501
f 6142/7276/3502 6141/7275/3502 6143/7277/3503
f 6143/7277/3503 6144/7278/3503 6142/7276/3502
f 6144/7279/3503 6143/7280/3503 6145/7281/3504
f 6145/7281/3504 6146/7282/3504 6144/7279/3503
f 6146/7282/3504 6145/7281/3504 6106/7234/3485
f 6106/7234/3485 6105/7233/3485 6146/7282/3504
f 6147/7283/3567 6148/7284/3173 6149/7285/3174
f 6149/7285/3174 6150/7286/3175 6147/7283/3567
f 6151/7287/3176 6147/7283/3567 6150/7286/3175
f 6150/7286/3175 6152/7288/3177 6151/7287/3176
f 6153/7289/3505 6151/7287/3176 6152/7288/3177
f 6152/7288/3177 6154/7290/3179 6153/7289/3505
f 6155/7291/3180 6153/7289/3505 6154/7290/3179
f 6154/7290/3179 6156/7292/3181 6155/7291/3180
f 6157/7293/3182 6155/7291/3180 6156/7292/3181
f 6156/7292/3181 6158/7294/3183 6157/7293/3182
f 6159/7295/3184 6157/7293/3182 6158/7294/3183
f 6158/7294/3183 6160/7296/3185 6159/7295/3184
f 6161/7297/3186 6159/7295/3184 6160/7296/3185
f 6160/7296/3185 6162/7298/3187 6161/7297/3186
f 6163/7299/3188 6161/7297/3186 6162/7298/3187
f 6162/7298/3187 6164/7300/3189 6163/7299/3188
f 6165/7301/3190 6163/7299/3188 6164/7300/3189
f 6164/7300/3189 6166/7302/3191 6165/7301/3190
f 6167/7303/3192 6165/7301/3190 6166/7302/3191
f 6166/7302/3191 6168/7304/3193 6167/7303/3192
f 6169/7305/3194 6167/7303/3192 6168/7304/3193
f 6168/7304/3193 6170/7306/3195 6169/7305/3194
f 6171/7307/3196 6169/7305/3194 6170/7306/3195
f 6170/7306/3195 6172/7308/3197 6171/7307/3196
f 6173/7309/3198 6171/7307/3196 6172/7308/3197
f 6172/7308/3197 6174/7310/3199 6173/7309/3198
f 6175/7311/3200 6173/7309/3198 6174/7310/3199
f 6174/7310/3199 6176/7312/3201 6175/7311/3200
f 6177/7313/3202 6175/7311/3200 6176/7312/3201
f 6176/7312/3201 6178/7314/3203 6177/7313/3202
f 6179/7315/3204 6177/7313/3202 6178/7314/3203
f 6178/7314/3203 6180/7316/3205 6179/7315/3204
f 6181/7317/3206 6179/7315/3204 6180/7316/3205
f 6180/7316/3205 6182/7318/3207 6181/7317/3206
f 6183/7319/3208 6181/7317/3206 6182/7318/3207
f 6182/7318/3207 6184/7320/3209 6183/7319/3208
f 6185/7321/3210 6183/7319/3208 6184/7320/3209
f 6184/7320/3209 6186/7322/3211 6185/7321/3210
f 6148/7284/3173 6185/7321/3210 6186/7322/3211
f 6186/7322/3211 6149/7285/3174 6148/7284/3173
f 6148/7323/3173 6147/7324/3567 6187/7325/3212
f 6187/7325/3212 6188/7326/3213 6148/7323/3173
f 6147/7324/3567 6151/7327/3176 6189/7328/3214
f 6189/7328/3214 6187/7325/3212 6147/7324/3567
f 6151/7327/3176 6153/7329/3505 6190/7330/3215
f 6190/7330/3215 6189/7328/3214 6151/7327/3176
f 6153/7331/3505 6155/7332/3180 6191/7333/3216
f 6191/7333/3216 6190/7334/3215 6153/7331/3505
f 6155/7332/3180 6157/7335/3182 6192/7336/3217
f 6192/7336/3217 6191/7333/3216 6155/7332/3180
f 6157/7335/3182 6159/7337/3184 6193/7338/3218
f 6193/7338/3218 6192/7336/3217 6157/7335/3182
f 6159/7337/3184 6161/7339/3186 6194/7340/3219
f 6194/7340/3219 6193/7338/3218 6159/7337/3184
f 6161/7341/3186 6163/7342/3188 6195/7343/3220
f 6195/7343/3220 6194/7344/3219 6161/7341/3186
f 6163/7342/3188 6165/7345/3190 6196/7346/3221
f 6196/7346/3221 6195/7343/3220 6163/7342/3188
f 6165/7345/3190 6167/7347/3192 6197/7348/3222
f 6197/7348/3222 6196/7346/3221 6165/7345/3190
f 6167/7347/3192 6169/7349/3194 6198/7350/3223
f 6198/7350/3223 6197/7348/3222 6167/7347/3192
f 6169/7349/3194 6171/7351/3196 6199/7352/3224
f 6199/7352/3224 6198/7350/3223 6169/7349/3194
f 6171/7353/3196 6173/7354/3198 6200/7355/3225
f 6200/7355/3225 6199/7356/3224 6171/7353/3196
f 6173/7354/3198 6175/7357/3200 6201/7358/3226
f 6201/7358/3226 6200/7355/3225 6173/7354/3198
f 6175/7357/3200 6177/7359/3202 6202/7360/3227
f 6202/7360/3227 6201/7358/3226 6175/7357/3200
f 6177/7359/3202 6179/7361/3204 6203/7362/3228
f 6203/7362/3228 6202/7360/3227 6177/7359/3202
f 6179/7361/3204 6181/7363/3206 6204/7364/3229
f 6204/7364/3229 6203/7362/3228 6179/7361/3204
f 6181/7365/3206 6183/7366/3208 6205/7367/3230
f 6205/7367/3230 6204/7368/3229 6181/7365/3206
f 6183/7366/3208 6185/7369/3210 6206/7370/3231
f 6206/7370/3231 6205/7367/3230 6183/7366/3208
f 6185/7369/3210 6148/7323/3173 6188/7326/3213
f 6188/7326/3213 6206/7370/3231 6185/7369/3210
f 6207/7371/3232 6150/7286/3175 6149/7285/3174
f 6149/7285/3174 6208/7372/3233 6207/7371/3232
f 6209/7373/3234 6152/7288/3177 6150/7286/3175
f 6150/7286/3175 6207/7371/3232 6209/7373/3234
f 6210/7374/3235 6154/7290/3179 6152/7288/3177
f 6152/7288/3177 6209/7373/3234 6210/7374/3235
f 6211/7375/3236 6156/7292/3181 6154/7290/3179
f 6154/7290/3179 6210/7374/3235 6211/7375/3236
f 6212/7376/3237 6158/7294/3183 6156/7292/3181
f 6156/7292/3181 6211/7375/3236 6212/7376/3237
f 6213/7377/3238 6160/7296/3185 6158/7294/3183
f 6158/7294/3183 6212/7376/3237 6213/7377/3238
f 6214/7378/3239 6162/7298/3187 6160/7296/3185
f 6160/7296/3185 6213/7377/3238 6214/7378/3239
f 6215/7379/3240 6164/7300/3189 6162/7298/3187
f 6162/7298/3187 6214/7378/3239 6215/7379/3240
f 6216/7380/3241 6166/7302/3191 6164/7300/3189
f 6164/7300/3189 6215/7379/3240 6216/7380/3241
f 6217/7381/3242 6168/7304/3193 6166/7302/3191
f 6166/7302/3191 6216/7380/3241 6217/7381/3242
f 6218/7382/3243 6170/7306/3195 6168/7304/3193
f 6168/7304/3193 6217/7381/3242 6218/7382/3243
f 6219/7383/3244 6172/7308/3197 6170/7306/3195
f 6170/7306/3195 6218/7382/3243 6219/7383/3244
f 6220/7384/3245 6174/7310/3199 6172/7308/3197
f 6172/7308/3197 6219/7383/3244 6220/7384/3245
f 6221/7385/3246 6176/7312/3201 6174/7310/3199
f 6174/7310/3199 6220/7384/3245 6221/7385/3246
f 6222/7386/3247 6178/7314/3203 6176/7312/3201
f 6176/7312/3201 6221/7385/3246 6222/7386/3247
f 6223/7387/3248 6180/7316/3205 6178/7314/3203
f 6178/7314/3203 6222/7386/3247 6223/7387/3248
f 6224/7388/3249 6182/7318/3207 6180/7316/3205
f 6180/7316/3205 6223/7387/3248 6224/7388/3249
f 6225/7389/3250 6184/7320/3209 6182/7318/3207
f 6182/7318/3207 6224/7388/3249 6225/7389/3250
f 6226/7390/3251 6186/7322/3211 6184/7320/3209
f 6184/7320/3209 6225/7389/3250 6226/7390/3251
f 6208/7372/3233 6149/7285/3174 6186/7322/3211
f 6186/7322/3211 6226/7390/3251 6208/7372/3233
f 6227/7391/3455 6228/7392/3454 6229/7393/3506
f 6229/7393/3506 6230/7394/3213 6227/7391/3455
f 6231/7395/3138 6232/7396/3137 6228/7392/3454
f 6228/7392/3454 6227/7391/3455 6231/7395/3138
f 6233/7397/3142 6234/7398/3139 6235/7399/3568
f 6235/7399/3568 6236/7400/3141 6233/7397/3142
f 6237/7401/3457 6238/7402/3143 6239/7403/3144
f 6239/7403/3144 6240/7404/3145 6237/7401/3457
f 6241/7405/3569 6242/7406/3147 6238/7402/3143
f 6238/7402/3143 6237/7401/3457 6241/7405/3569
f 6243/7407/3150 6244/7408/3507 6242/7409/3147
f 6242/7409/3147 6241/7410/3569 6243/7407/3150
f 6245/7411/3154 6246/7412/3151 6247/7413/3152
f 6247/7413/3152 6248/7414/3153 6245/7411/3154
f 6249/7415/3156 6250/7416/3155 6246/7412/3151
f 6246/7412/3151 6245/7411/3154 6249/7415/3156
f 6251/7417/3158 6252/7418/3509 6253/7419/3510
f 6253/7419/3510 6254/7420/3157 6251/7417/3158
f 6255/7421/3161 6256/7422/3160 6253/7419/3510
f 6253/7419/3510 6252/7418/3509 6255/7421/3161
f 6257/7423/3458 6258/7424/3511 6259/7425/3163
f 6259/7425/3163 6260/7426/3164 6257/7423/3458
f 6261/7427/3167 6262/7428/3570 6263/7429/3169
f 6263/7429/3169 6264/7430/3166 6261/7427/3167
f 6265/7431/3171 6230/7394/3213 6229/7393/3506
f 6229/7393/3506 6266/7432/3170 6265/7431/3171
f 6267/7433/3054 6268/7434/3055 6269/7435/3056
f 6269/7435/3056 6270/7436/3057 6267/7433/3054
f 6271/7437/3058 6272/7438/3059 6268/7434/3055
f 6268/7434/3055 6267/7433/3054 6271/7437/3058
f 6273/7439/3060 6274/7440/3061 6272/7438/3059
f 6272/7438/3059 6271/7437/3058 6273/7439/3060
f 6275/7441/3062 6276/7442/3063 6274/7440/3061
f 6274/7440/3061 6273/7439/3060 6275/7441/3062
f 6277/7443/3064 6278/7444/3065 6276/7442/3063
f 6276/7442/3063 6275/7441/3062 6277/7443/3064
f 6279/7445/3066 6280/7446/3067 6278/7444/3065
f 6278/7444/3065 6277/7443/3064 6279/7445/3066
f 6281/7447/3068 6282/7448/3069 6280/7446/3067
f 6280/7446/3067 6279/7445/3066 6281/7447/3068
f 6283/7449/3070 6284/7450/3071 6282/7448/3069
f 6282/7448/3069 6281/7447/3068 6283/7449/3070
f 6285/7451/3072 6286/7452/3073 6284/7450/3071
f 6284/7450/3071 6283/7449/3070 6285/7451/3072
f 6287/7453/3074 6288/7454/3075 6286/7452/3073
f 6286/7452/3073 6285/7451/3072 6287/7453/3074
f 6289/7455/3076 6290/7456/3077 6288/7454/3075
f 6288/7454/3075 6287/7453/3074 6289/7455/3076
f 6291/7457/3078 6292/7458/3079 6290/7456/3077
f 6290/7456/3077 6289/7455/3076 6291/7457/3078
f 6293/7459/3513 6294/7460/3081 6292/7458/3079
f 6292/7458/3079 6291/7457/3078 6293/7459/3513
f 6295/7461/3082 6296/7462/3083 6294/7460/3081
f 6294/7460/3081 6293/7459/3513 6295/7461/3082
f 6297/7463/3084 6298/7464/3085 6296/7462/3083
f 6296/7462/3083 6295/7461/3082 6297/7463/3084
f 6299/7465/3086 6300/7466/3087 6298/7464/3085
f 6298/7464/3085 6297/7463/3084 6299/7465/3086
f 6301/7467/3088 6302/7468/3089 6300/7466/3087
f 6300/7466/3087 6299/7465/3086 6301/7467/3088
f 6303/7469/3090 6304/7470/3091 6302/7468/3089
f 6302/7468/3089 6301/7467/3088 6303/7469/3090
f 6305/7471/3092 6306/7472/3093 6304/7470/3091
f 6304/7470/3091 6303/7469/3090 6305/7471/3092
f 6270/7436/3057 6269/7435/3056 6306/7472/3093
f 6306/7472/3093 6305/7471/3092 6270/7436/3057
f 6270/7473/3057 6307/7474/3094 6308/7475/3095
f 6308/7475/3095 6267/7476/3054 6270/7473/3057
f 6267/7476/3054 6308/7475/3095 6309/7477/3096
f 6309/7477/3096 6271/7478/3058 6267/7476/3054
f 6271/7479/3058 6309/7480/3096 6310/7481/3097
f 6310/7481/3097 6273/7482/3060 6271/7479/3058
f 6273/7482/3060 6310/7481/3097 6311/7483/3098
f 6311/7483/3098 6275/7484/3062 6273/7482/3060
f 6275/7484/3062 6311/7483/3098 6312/7485/3099
f 6312/7485/3099 6277/7486/3064 6275/7484/3062
f 6277/7486/3064 6312/7485/3099 6313/7487/3100
f 6313/7487/3100 6279/7488/3066 6277/7486/3064
f 6279/7488/3066 6313/7487/3100 6314/7489/3101
f 6314/7489/3101 6281/7490/3068 6279/7488/3066
f 6281/7491/3068 6314/7492/3101 6315/7493/3102
f 6315/7493/3102 6283/7494/3070 6281/7491/3068
f 6283/7494/3070 6315/7493/3102 6316/7495/3103
f 6316/7495/3103 6285/7496/3072 6283/7494/3070
f 6285/7496/3072 6316/7495/3103 6317/7497/3104
f 6317/7497/3104 6287/7498/3074 6285/7496/3072
f 6287/7498/3074 6317/7497/3104 6318/7499/3105
f 6318/7499/3105 6289/7500/3076 6287/7498/3074
f 6289/7500/3076 6318/7499/3105 6319/7501/3106
f 6319/7501/3106 6291/7502/3078 6289/7500/3076
f 6291/7503/3078 6319/7504/3106 6320/7505/3107
f 6320/7505/3107 6293/7506/3513 6291/7503/3078
f 6293/7506/3513 6320/7505/3107 6321/7507/3452
f 6321/7507/3452 6295/7508/3082 6293/7506/3513
f 6295/7508/3082 6321/7507/3452 6322/7509/3109
f 6322/7509/3109 6297/7510/3084 6295/7508/3082
f 6297/7510/3084 6322/7509/3109 6323/7511/3110
f 6323/7511/3110 6299/7512/3086 6297/7510/3084
f 6299/7512/3086 6323/7511/3110 6324/7513/3111
f 6324/7513/3111 6301/7514/3088 6299/7512/3086
f 6301/7514/3088 6324/7513/3111 6325/7515/3112
f 6325/7515/3112 6303/7516/3090 6301/7514/3088
f 6303/7517/3090 6325/7518/3112 6326/7519/3113
f 6326/7519/3113 6305/7520/3092 6303/7517/3090
f 6305/7520/3092 6326/7519/3113 6307/7474/3094
f 6307/7474/3094 6270/7473/3057 6305/7520/3092
f 6327/7521/3114 6328/7522/3115 6269/7435/3056
f 6269/7435/3056 6268/7434/3055 6327/7521/3114
f 6329/7523/3116 6327/7521/3114 6268/7434/3055
f 6268/7434/3055 6272/7438/3059 6329/7523/3116
f 6330/7524/3117 6329/7523/3116 6272/7438/3059
f 6272/7438/3059 6274/7440/3061 6330/7524/3117
f 6331/7525/3118 6330/7524/3117 6274/7440/3061
f 6274/7440/3061 6276/7442/3063 6331/7525/3118
f 6332/7526/3119 6331/7525/3118 6276/7442/3063
f 6276/7442/3063 6278/7444/3065 6332/7526/3119
f 6333/7527/3120 6332/7526/3119 6278/7444/3065
f 6278/7444/3065 6280/7446/3067 6333/7527/3120
f 6334/7528/3121 6333/7527/3120 6280/7446/3067
f 6280/7446/3067 6282/7448/3069 6334/7528/3121
f 6335/7529/3122 6334/7528/3121 6282/7448/3069
f 6282/7448/3069 6284/7450/3071 6335/7529/3122
f 6336/7530/3123 6335/7529/3122 6284/7450/3071
f 6284/7450/3071 6286/7452/3073 6336/7530/3123
f 6337/7531/3124 6336/7530/3123 6286/7452/3073
f 6286/7452/3073 6288/7454/3075 6337/7531/3124
f 6338/7532/3125 6337/7531/3124 6288/7454/3075
f 6288/7454/3075 6290/7456/3077 6338/7532/3125
f 6339/7533/3126 6338/7532/3125 6290/7456/3077
f 6290/7456/3077 6292/7458/3079 6339/7533/3126
f 6340/7534/3127 6339/7533/3126 6292/7458/3079
f 6292/7458/3079 6294/7460/3081 6340/7534/3127
f 6341/7535/3128 6340/7534/3127 6294/7460/3081
f 6294/7460/3081 6296/7462/3083 6341/7535/3128
f 6342/7536/3129 6341/7535/3128 6296/7462/3083
f 6296/7462/3083 6298/7464/3085 6342/7536/3129
f 6343/7537/3130 6342/7536/3129 6298/7464/3085
f 6298/7464/3085 6300/7466/3087 6343/7537/3130
f 6344/7538/3131 6343/7537/3130 6300/7466/3087
f 6300/7466/3087 6302/7468/3089 6344/7538/3131
f 6345/7539/3132 6344/7538/3131 6302/7468/3089
f 6302/7468/3089 6304/7470/3091 6345/7539/3132
f 6346/7540/3133 6345/7539/3132 6304/7470/3091
f 6304/7470/3091 6306/7472/3093 6346/7540/3133
f 6328/7522/3115 6346/7540/3133 6306/7472/3093
f 6306/7472/3093 6269/7435/3056 6328/7522/3115
f 6347/7541/3253 6348/7542/3252 6232/7543/3137
f 6232/7543/3137 6231/7544/3138 6347/7541/3253
f 6347/7541/3253 6236/7400/3141 6235/7399/3568
f 6235/7399/3568 6348/7542/3252 6347/7541/3253
f 6243/7407/3150 6248/7414/3153 6247/7413/3152
f 6247/7413/3152 6244/7408/3507 6243/7407/3150
f 6249/7415/3156 6349/7545/3459 6350/7546/3460
f 6350/7546/3460 6250/7416/3155 6249/7415/3156
f 6349/7547/3459 6251/7417/3158 6254/7420/3157
f 6254/7420/3157 6350/7548/3460 6349/7547/3459
f 6261/7549/3167 6264/7550/3166 6258/7424/3511
f 6258/7424/3511 6257/7423/3458 6261/7549/3167
f 6265/7431/3171 6266/7432/3170 6263/7429/3169
f 6263/7429/3169 6262/7428/3570 6265/7431/3171
f 6351/7551/3514 6352/7552/941 6353/7553/3515
f 6353/7553/3515 6352/7552/941 6354/7554/3516
f 6354/7554/3516 6352/7552/941 6355/7555/3517
f 6355/7555/3517 6352/7552/941 6356/7556/3518
f 6356/7556/3518 6352/7552/941 6357/7557/3519
f 6357/7557/3519 6352/7552/941 6358/7558/3520
f 6358/7558/3520 6352/7552/941 6359/7559/3521
f 6359/7559/3521 6352/7552/941 6360/7560/3522
f 6360/7560/3522 6352/7552/941 6361/7561/3523
f 6361/7561/3523 6352/7552/941 6362/7562/3524
f 6362/7562/3524 6352/7552/941 6363/7563/3525
f 6363/7563/3525 6352/7552/941 6351/7551/3514
f 6364/7564/3526 6365/7565/3526 6366/7566/3527
f 6366/7566/3527 6367/7567/3527 6364/7564/3526
f 6368/7568/3528 6369/7569/3528 6370/7570/3529
f 6370/7570/3529 6371/7571/3529 6368/7568/3528
f 6372/7572/3530 6373/7573/3530 6374/7574/3531
f 6374/7574/3531 6375/7575/3531 6372/7572/3530
f 6376/7576/3532 6377/7577/3532 6378/7578/3533
f 6378/7578/3533 6379/7579/3534 6376/7576/3532
f 6380/7580/3535 6381/7581/3535 6382/7582/3536
f 6382/7582/3536 6383/7583/3536 6380/7580/3535
f 6366/7566/3527 6383/7583/3536 6384/7584/941
f 6384/7584/941 6385/7585/941 6366/7566/3527
f 6382/7582/3536 6379/7579/3534 6386/7586/941
f 6386/7586/941 6387/7587/941 6382/7582/3536
f 6378/7578/3533 6375/7575/3531 6388/7588/941
f 6388/7588/941 6389/7589/941 6378/7578/3533
f 6374/7574/3531 6371/7571/3529 6390/7590/941
f 6390/7590/941 6391/7591/941 6374/7574/3531
f 6370/7570/3529 6367/7567/3527 6392/7592/941
f 6392/7592/941 6393/7593/941 6370/7570/3529
f 6384/7584/941 6383/7583/3536 6382/7582/3536
f 6382/7582/3536 6387/7587/941 6384/7584/941
f 6392/7592/941 6367/7567/3527 6366/7566/3527
f 6366/7566/3527 6385/7585/941 6392/7592/941
f 6390/7590/941 6371/7571/3529 6370/7570/3529
f 6370/7570/3529 6393/7593/941 6390/7590/941
f 6388/7588/941 6375/7575/3531 6374/7574/3531
f 6374/7574/3531 6391/7591/941 6388/7588/941
f 6386/7586/941 6379/7579/3534 6378/7578/3533
f 6378/7578/3533 6389/7589/941 6386/7586/941
f 6394/7594/3537 6395/7595/3537 6396/7596/3538
f 6396/7596/3538 6397/7597/3538 6394/7594/3537
f 6397/7597/3538 6396/7596/3538 6398/7598/3539
f 6398/7598/3539 6399/7599/3539 6397/7597/3538
f 6399/7600/3539 6398/7601/3539 6400/7602/3540
f 6400/7602/3540 6401/7603/3540 6399/7600/3539
f 6401/7603/3540 6400/7602/3540 6402/7604/3541
f 6402/7604/3541 6403/7605/3541 6401/7603/3540
f 6403/7605/3541 6402/7604/3541 6404/7606/3542
f 6404/7606/3542 6405/7607/3542 6403/7605/3541
f 6405/7608/3542 6404/7609/3542 6406/7610/3543
f 6406/7610/3543 6407/7611/3543 6405/7608/3542
f 6407/7611/3543 6406/7610/3543 6408/7612/3544
f 6408/7612/3544 6409/7613/3544 6407/7611/3543
f 6409/7614/3544 6408/7615/3544 6410/7616/3545
f 6410/7616/3545 6411/7617/3545 6409/7614/3544
f 6411/7617/3545 6410/7616/3545 6412/7618/3546
f 6412/7618/3546 6413/7619/3546 6411/7617/3545
f 6413/7619/3546 6412/7618/3546 6395/7620/3537
f 6395/7620/3537 6394/7621/3537 6413/7619/3546
s 0
f 6414/7622/941 6415/7623/941 6416/7624/941
f 6416/7624/941 6415/7623/941 6417/7625/941
f 6417/7625/941 6415/7623/941 6418/7626/941
f 6418/7626/941 6415/7623/941 6419/7627/941
f 6419/7627/941 6415/7623/941 6420/7628/941
f 6420/7628/941 6415/7623/941 6421/7629/941
f 6421/7629/941 6415/7623/941 6422/7630/941
f 6422/7630/941 6415/7623/941 6423/7631/941
f 6423/7631/941 6415/7623/941 6424/7632/941
f 6424/7632/941 6415/7623/941 6414/7622/941
s 1
f 6425/7633/3547 6426/7634/3547 6427/7635/3547
f 6427/7635/3547 6428/7636/3547 6425/7633/3547
f 6429/7637/3548 6430/7638/3548 6431/7639/3548
f 6431/7639/3548 6432/7640/3548 6429/7637/3548
f 6433/7641/3549 6434/7642/3550 6435/7643/3550
f 6435/7643/3550 6436/7644/3549 6433/7641/3549
f 6437/7645/3551 6438/7646/3551 6439/7647/3551
f 6439/7647/3551 6440/7648/3551 6437/7645/3551
f 6441/7649/3552 6442/7650/3553 6443/7651/3552
f 6443/7651/3552 6444/7652/3552 6441/7649/3552
f 6445/7653/3554 6446/7654/3554 6447/7655/3554
f 6447/7655/3554 6448/7656/3554 6445/7653/3554
f 6449/7657/3555 6450/7658/3555 6451/7659/3555
f 6451/7659/3555 6452/7660/3555 6449/7657/3555
f 6453/7661/3556 6454/7662/3556 6455/7663/3557
f 6455/7663/3557 6456/7664/3557 6453/7661/3556
f 6457/7665/3558 6458/7666/3558 6459/7667/3558
f 6459/7667/3558 6460/7668/3558 6457/7665/3558
f 6461/7669/3559 6462/7670/3559 6463/7671/3559
f 6463/7671/3559 6464/7672/3559 6461/7669/3559
s 0
f 6465/7673/3560 6466/7674/3560 6467/7675/3560
f 6467/7675/3560 6468/7676/3560 6465/7673/3560
f 6469/7677/3561 6470/7678/3561 6471/7679/3561
f 6471/7679/3561 6472/7680/3561 6469/7677/3561
f 6473/7681/3562 6474/7091/3562 6475/7682/3562
f 6475/7682/3562 6476/7683/3562 6473/7681/3562
f 6477/7684/3563 6478/7685/3563 6479/7686/3563
f 6479/7686/3563 6480/7687/3563 6477/7684/3563
f 6481/7688/3565 6482/7689/3565 6483/7690/3565
f 6483/7690/3565 6484/7691/3565 6481/7688/3565
