# Blender 5.1.1
# www.blender.org
mtllib tree3.mtl
o Bak
v -0.001031 1.262587 -1.923600
v -0.001031 1.262587 -1.923600
v -0.001184 -0.641478 -2.283835
v -0.001184 -0.641478 -2.283835
v -1.772269 1.263799 -1.024046
v -2.228357 -0.641478 -1.287327
v -1.633261 1.259045 0.940940
v -1.901525 -0.641477 1.095695
v -0.001042 1.253201 2.177064
v -0.001185 -0.641477 2.883518
v 1.691237 1.252826 0.975607
v 2.040349 -0.641477 1.177213
v 1.737879 1.257274 -1.005389
v 2.149995 -0.641478 -1.243451
v 0.006013 3.262156 -1.750761
v 0.006013 3.262156 -1.750761
v -1.572640 3.266595 -0.903998
v -1.499603 3.256742 0.876675
v 0.005953 3.242800 1.900304
v 1.543107 3.239437 0.894858
v 1.567649 3.248783 -0.894231
v 0.021887 5.325896 -1.598838
v 0.021887 5.325896 -1.598838
v -1.413107 5.309649 -0.808521
v -1.370144 5.294702 0.823606
v 0.021849 5.294977 1.718184
v 1.432431 5.311943 0.834520
v 1.446870 5.327291 -0.802552
v -0.019547 7.398944 -1.451648
v -0.019547 7.398944 -1.451648
v -1.334636 7.351157 -0.713766
v -1.310168 7.353566 0.791514
v -0.019817 7.401977 1.589137
v 1.281304 7.449195 0.797789
v 1.289691 7.447996 -0.710324
v -0.134237 9.531982 -1.377324
v -0.134237 9.531982 -1.377324
v -1.350212 9.503980 -0.686176
v -1.337948 9.525850 0.710862
v -0.135122 9.575155 1.432362
v 1.073645 9.602504 0.713614
v 1.078348 9.581150 -0.684890
v -0.158728 11.732822 -1.332104
v -0.158728 11.732822 -1.332104
v -1.295951 11.814413 -0.678369
v -1.288406 11.819166 0.635029
v -0.156182 11.743229 1.302424
v 0.977463 11.661832 0.635029
v 0.978299 11.656494 -0.679099
v 0.176229 14.044443 -1.256252
v 0.176229 14.044443 -1.256252
v -0.910141 14.106251 -0.629633
v -0.908258 14.079193 0.625351
v 0.174370 13.990643 1.257180
v 1.259147 13.929077 0.624444
v 1.261019 13.955881 -0.630867
v 0.166457 16.453295 -1.141239
v 0.166457 16.453295 -1.141239
v -0.996114 16.431477 -0.297292
v -0.550778 16.399088 1.068776
v 0.885684 16.400923 1.067585
v 1.328432 16.434416 -0.297967
v 0.174895 19.065910 -1.069563
v 0.174895 19.065910 -1.069563
v -0.959429 19.066950 -0.251117
v -0.534214 18.959423 1.077100
v 0.862923 18.891928 1.079557
v 1.301184 18.957739 -0.247158
v 0.425677 21.790142 -0.715864
v 0.425677 21.790142 -0.715864
v -0.721968 21.751841 0.426587
v 0.421230 21.695705 1.571941
v 1.568573 21.733974 0.430302
v 0.220898 24.632141 -0.732763
v 0.220898 24.632141 -0.732763
v -0.864661 24.542538 0.352762
v 0.205377 24.742596 1.438055
v 1.290597 24.832201 0.353433
v -0.386824 27.770992 -0.897472
v -0.386824 27.770992 -0.897472
v -1.397615 27.702097 0.117710
v -0.383164 27.746986 1.130018
v 0.627420 27.815861 0.115401
v -0.176214 31.068182 -0.490063
v -0.176214 31.068182 -0.490063
v -1.060282 31.042387 0.470979
v -0.103970 30.884798 1.346466
v 0.780098 30.910593 0.385424
v -0.349340 32.627411 1.631246
v -0.349340 32.627411 1.631246
v -0.251717 31.093031 0.452876
v -0.251717 31.093031 0.452876
v -0.582529 32.350670 2.018790
v -0.517214 30.765533 0.874864
v -0.054597 32.398899 2.008155
v 0.077400 30.811497 0.863045
v -0.490988 34.310612 2.691594
v -0.490988 34.310612 2.691594
v -0.711826 34.060814 3.012018
v -0.253790 34.118423 3.038929
v -0.880848 35.940910 3.936269
v -0.880848 35.940910 3.936269
v -1.084282 35.805168 4.240796
v -0.694640 35.778271 4.238632
v -0.208368 37.888981 4.554435
v -0.208368 37.888981 4.554435
v -0.382698 37.851379 4.815554
v -0.073465 37.785557 4.821067
v -0.005028 39.996185 5.172124
v -0.005028 39.996185 5.172124
v -0.165239 39.945713 5.346273
v 0.068633 39.892345 5.377878
v 0.477537 41.849686 6.416409
v 0.477537 41.849686 6.416409
v 0.354717 41.811489 6.520512
v 0.497775 41.728615 6.527376
v 1.638364 43.074356 8.354542
v 1.638364 43.074356 8.354542
v 1.576426 43.062599 8.400614
v 1.634483 43.010403 8.399176
v 0.841782 32.728157 0.136508
v 0.841782 32.728157 0.136508
v -0.190376 31.117443 0.378190
v -0.190376 31.117443 0.378190
v 1.350274 32.497322 0.217033
v 0.352549 30.798550 0.475293
v 1.120806 32.501564 -0.298389
v 0.120023 30.859411 -0.114722
v 1.539070 34.499783 -0.377989
v 1.539070 34.499783 -0.377989
v 1.994604 34.337532 -0.299423
v 1.794568 34.299759 -0.745033
v 2.354592 36.298344 -0.873116
v 2.354592 36.298344 -0.873116
v 2.720939 36.131081 -0.777291
v 2.599407 36.150742 -1.172529
v 3.386878 38.151241 -0.795123
v 3.386878 38.151241 -0.795123
v 3.674509 38.011971 -0.697269
v 3.613086 38.057549 -1.022620
v 4.233202 40.127312 -0.721329
v 4.233202 40.127312 -0.721329
v 4.447191 40.033554 -0.622604
v 4.417800 40.044510 -0.874288
v 5.227931 42.089218 -0.878594
v 5.227931 42.089218 -0.878594
v 5.348246 42.012924 -0.781781
v 5.338613 41.978390 -0.950255
v 7.092019 43.393810 -1.585874
v 7.092019 43.393810 -1.585874
v 7.139869 43.359684 -1.526704
v 7.136091 43.324974 -1.602440
v -1.200818 32.706173 -0.175019
v -1.200818 32.706173 -0.175019
v -0.202909 31.136213 0.385039
v -0.202909 31.136213 0.385039
v -1.490350 32.438736 -0.657207
v -0.506093 30.774658 -0.135637
v -1.744303 32.414463 -0.089072
v -0.813665 30.806732 0.495327
v -2.196522 34.436218 -0.337858
v -2.196522 34.436218 -0.337858
v -2.465605 34.288551 -0.782424
v -2.664061 34.169071 -0.294378
v -3.327613 36.207275 -0.130176
v -3.327613 36.207275 -0.130176
v -3.549599 36.156452 -0.520963
v -3.758512 36.069798 -0.129273
v -3.543740 38.328300 -0.151015
v -3.543740 38.328300 -0.151015
v -3.697523 38.273457 -0.477371
v -3.900493 38.255268 -0.174654
v -4.257040 40.332230 -0.464084
v -4.257040 40.332230 -0.464084
v -4.344838 40.290806 -0.724469
v -4.523604 40.270531 -0.512676
v -4.549603 42.498692 -0.548109
v -4.549603 42.498692 -0.548109
v -4.582392 42.476021 -0.732272
v -4.725670 42.472576 -0.609943
v -4.850842 44.800034 -0.986367
v -4.850842 44.800034 -0.986367
v -4.853679 44.784012 -1.076898
v -4.931396 44.783806 -1.027698
v 0.924249 28.733223 0.606852
v 0.924249 28.733223 0.606852
v -0.057723 27.174866 0.191110
v -0.057723 27.174866 0.191110
v 1.184221 28.436838 1.087413
v 0.249406 26.854013 0.732821
v 1.435516 28.390341 0.520793
v 0.548551 26.836058 0.099642
v 2.175499 30.165356 0.922178
v 2.175499 30.165356 0.922178
v 2.374773 29.894360 1.345777
v 2.605036 29.842712 0.859057
v 3.348815 31.646223 1.418805
v 3.348815 31.646223 1.418805
v 3.456675 31.367310 1.766926
v 3.728741 31.389633 1.398013
v 4.339069 33.042809 2.645841
v 4.339069 33.042809 2.645841
v 4.389445 32.815491 2.934069
v 4.620364 32.801647 2.644634
v 5.815145 34.348782 3.204209
v 5.815145 34.348782 3.204209
v 5.851855 34.214012 3.451410
v 6.001281 34.135212 3.223197
v 7.398051 35.660873 3.697503
v 7.398051 35.660873 3.697503
v 7.398283 35.574718 3.872034
v 7.522882 35.516178 3.734441
v 8.903114 37.255108 4.726425
v 8.903114 37.255108 4.726425
v 8.889616 37.217167 4.808808
v 8.958152 37.187752 4.755454
v -0.794761 28.067747 -1.642926
v -0.794761 28.067747 -1.642926
v -0.262373 27.088697 -0.111805
v -0.262373 27.088697 -0.111805
v -0.550111 27.666649 -1.976071
v 0.005717 26.641705 -0.507067
v -1.105917 27.621483 -1.832000
v -0.620473 26.585144 -0.326525
v -1.244883 28.993679 -3.254723
v -1.244883 28.993679 -3.254723
v -1.029798 28.678972 -3.571572
v -1.508125 28.623875 -3.453831
v -1.795380 30.236649 -4.580354
v -1.795380 30.236649 -4.580354
v -1.600365 30.006144 -4.866499
v -2.001241 29.935707 -4.780595
v -2.304398 31.431295 -6.030625
v -2.304398 31.431295 -6.030625
v -2.121582 31.252747 -6.247532
v -2.451606 31.199560 -6.222925
v -2.465317 32.871731 -7.414762
v -2.465317 32.871731 -7.414762
v -2.304979 32.728149 -7.546566
v -2.553902 32.694443 -7.571025
v -2.399876 34.052574 -9.130770
v -2.399876 34.052574 -9.130770
v -2.264275 33.963554 -9.172081
v -2.416989 33.899014 -9.195150
v -2.566296 34.317802 -11.083223
v -2.566296 34.317802 -11.083223
v -2.490415 34.280315 -11.096228
v -2.562042 34.233398 -11.097004
v -1.595075 28.425184 0.826742
v -1.595075 28.425184 0.826742
v -0.319270 27.185226 0.253792
v -0.319270 27.185226 0.253792
v -2.088766 27.951128 0.717486
v -0.891436 26.668020 0.152372
v -1.780581 27.994129 1.336815
v -0.533674 26.722235 0.841015
v -2.985940 29.576857 1.431596
v -2.985940 29.576857 1.431596
v -3.407300 29.155422 1.319103
v -3.149471 29.187740 1.867088
v -4.329444 30.725069 2.005379
v -4.329444 30.725069 2.005379
v -4.755620 30.446819 1.908461
v -4.564122 30.468370 2.389404
v -5.289444 32.695972 2.252826
v -5.289444 32.695972 2.252826
v -5.632722 32.490223 2.136873
v -5.498695 32.466583 2.530694
v -6.755778 34.009857 3.078500
v -6.755778 34.009857 3.078500
v -6.997786 33.837139 2.955967
v -6.872376 33.758297 3.241397
v -8.229441 35.231220 4.270485
v -8.229441 35.231220 4.270485
v -8.385706 35.117870 4.166588
v -8.296863 35.038651 4.350688
v -10.169118 36.148777 5.673065
v -10.169118 36.148777 5.673065
v -10.237091 36.104618 5.611423
v -10.202539 36.054714 5.693187
v 1.613763 24.432924 -0.543103
v 1.613763 24.432924 -0.543103
v 0.495585 23.257700 0.256516
v 0.495585 23.257700 0.256516
v 2.170444 23.908342 -0.502847
v 1.145446 22.686533 0.273394
v 1.655936 23.878077 -1.069472
v 0.620591 22.724596 -0.413565
v 2.695788 25.290625 -1.883444
v 2.695788 25.290625 -1.883444
v 3.122016 24.801233 -1.751817
v 2.674691 24.729742 -2.234816
v 4.077323 25.787710 -3.079342
v 4.077323 25.787710 -3.079342
v 4.486817 25.426981 -2.991334
v 4.124078 25.339247 -3.399106
v 4.826510 26.997919 -4.199021
v 4.826510 26.997919 -4.199021
v 5.216737 26.786749 -4.163538
v 4.954131 26.711542 -4.514982
v 5.847585 28.549221 -5.037008
v 5.847585 28.549221 -5.037008
v 6.096878 28.352871 -4.939192
v 5.941234 28.293003 -5.226349
v 7.419326 29.186390 -6.118311
v 7.419326 29.186390 -6.118311
v 7.555884 29.053818 -6.004703
v 7.439815 28.973213 -6.175469
v 8.779328 29.361408 -7.447754
v 8.779328 29.361408 -7.447754
v 8.853463 29.305103 -7.383216
v 8.789136 29.248997 -7.457685
v -1.410401 24.152449 -0.007729
v -1.410401 24.152449 -0.007729
v 0.071869 23.254917 0.344504
v 0.071869 23.254917 0.344504
v -1.611764 23.603479 -0.486486
v -0.191024 22.651905 -0.194533
v -1.829361 23.572876 0.236588
v -0.411670 22.614393 0.625959
v -2.946409 24.956375 -0.477568
v -2.946409 24.956375 -0.477568
v -3.091885 24.468493 -0.895027
v -3.350812 24.471989 -0.289709
v -4.259223 25.910046 -1.218003
v -4.259223 25.910046 -1.218003
v -4.437712 25.555885 -1.611499
v -4.662541 25.541815 -1.100244
v -5.532041 27.282951 -1.516607
v -5.532041 27.282951 -1.516607
v -5.706502 27.064840 -1.875028
v -5.861679 26.975870 -1.457321
v -7.056316 28.643202 -1.626865
v -7.056316 28.643202 -1.626865
v -7.163784 28.479570 -1.911574
v -7.250606 28.358776 -1.599718
v -9.038499 29.515244 -1.597809
v -9.038499 29.515244 -1.597809
v -9.058800 29.401211 -1.797735
v -9.104701 29.293879 -1.598338
v -11.218415 29.764328 -1.959546
v -11.218415 29.764328 -1.959546
v -11.211045 29.711311 -2.057162
v -11.233374 29.654112 -1.964299
v 0.982358 24.253933 2.054637
v 0.982358 24.253933 2.054637
v 0.467986 23.265999 0.654130
v 0.467986 23.265999 0.654130
v 0.665542 23.736580 2.493480
v 0.130269 22.711382 1.198657
v 1.393995 23.690706 2.326559
v 0.939338 22.631403 0.959545
v 1.275028 25.128605 3.587346
v 1.275028 25.128605 3.587346
v 0.977977 24.675837 3.944475
v 1.622699 24.662167 3.874293
v 1.380536 26.224461 5.039249
v 1.380536 26.224461 5.039249
v 1.102113 25.834885 5.303288
v 1.648403 25.843376 5.325654
v 1.159778 27.209841 6.710538
v 1.159778 27.209841 6.710538
v 0.902706 26.894789 6.877985
v 1.340177 26.859001 6.904834
v 1.361292 27.950134 8.465878
v 1.361292 27.950134 8.465878
v 1.139803 27.738003 8.597546
v 1.462578 27.654385 8.582784
v 1.731577 28.642441 10.197532
v 1.731577 28.642441 10.197532
v 1.558976 28.498438 10.239831
v 1.774431 28.434217 10.281933
v 1.069497 29.227518 12.120058
v 1.069497 29.227518 12.120058
v 0.976005 29.169065 12.107854
v 1.065005 29.122211 12.154650
v -0.599722 19.826727 -1.663456
v -0.599722 19.826727 -1.663456
v -0.013673 19.341322 -0.263785
v -0.013673 19.341322 -0.263785
v -0.291029 19.215189 -2.085763
v 0.351082 18.626823 -0.699631
v -1.044261 19.171207 -1.805907
v -0.496557 18.573112 -0.364758
v -1.124441 20.544168 -3.002377
v -1.124441 20.544168 -3.002377
v -0.830940 20.035652 -3.376834
v -1.497376 19.984011 -3.181525
v -1.548762 21.175268 -4.412776
v -1.548762 21.175268 -4.412776
v -1.292150 20.776522 -4.757837
v -1.872560 20.762640 -4.675089
v -1.577057 22.389921 -5.630257
v -1.577057 22.389921 -5.630257
v -1.336730 22.103872 -5.915463
v -1.803366 22.061251 -5.878618
v -1.999415 23.296141 -7.074726
v -1.999415 23.296141 -7.074726
v -1.789287 23.063068 -7.244057
v -2.138201 22.997326 -7.211102
v -2.187133 23.922800 -8.697589
v -2.187133 23.922800 -8.697589
v -2.019694 23.763071 -8.768741
v -2.254435 23.704554 -8.777905
v -2.193109 24.451494 -10.458588
v -2.193109 24.451494 -10.458588
v -2.095457 24.386528 -10.481524
v -2.203946 24.338928 -10.497246
v -0.893708 20.268166 1.315076
v -0.893708 20.268166 1.315076
v 0.012373 19.282154 0.325367
v 0.012373 19.282154 0.325367
v -1.406597 19.697199 1.294644
v -0.622975 18.694485 0.375285
v -0.824677 19.672775 1.794889
v 0.014347 18.694773 0.962935
v -1.899801 20.785282 2.648302
v -1.899801 20.785282 2.648302
v -2.269949 20.249975 2.508615
v -1.766539 20.202765 2.941540
v -3.032653 20.962997 3.927169
v -3.032653 20.962997 3.927169
v -3.417095 20.567165 3.866772
v -2.994511 20.492239 4.218817
v -3.645636 21.980951 5.040281
v -3.645636 21.980951 5.040281
v -4.019709 21.736794 5.078211
v -3.658118 21.632215 5.321724
v -4.146569 22.920284 6.499655
v -4.146569 22.920284 6.499655
v -4.429640 22.740261 6.463529
v -4.190650 22.637537 6.678411
v -5.208763 23.740112 7.696879
v -5.208763 23.740112 7.696879
v -5.365358 23.604994 7.600544
v -5.232891 23.524681 7.768062
v -6.585849 23.867960 8.930935
v -6.585849 23.867960 8.930935
v -6.655874 23.810083 8.862933
v -6.593349 23.755096 8.940034
v 1.950419 19.851501 0.659468
v 1.950419 19.851501 0.659468
v 0.568623 19.239494 0.228366
v 0.568623 19.239494 0.228366
v 2.084812 19.340424 1.045750
v 0.716339 18.653881 0.654899
v 2.270021 19.333813 0.417953
v 0.935715 18.661736 -0.051149
v 3.344924 20.462275 1.019675
v 3.344924 20.462275 1.019675
v 3.521137 20.065615 1.385286
v 3.681896 20.041821 0.841547
v 4.571737 21.533804 1.334019
v 4.571737 21.533804 1.334019
v 4.730439 21.230028 1.665559
v 4.865325 21.178734 1.211071
v 6.074099 22.380169 1.581916
v 6.074099 22.380169 1.581916
v 6.143977 22.114950 1.851607
v 6.291934 22.074207 1.498895
v 7.487410 23.198725 2.327422
v 7.487410 23.198725 2.327422
v 7.476739 22.993082 2.531144
v 7.605116 22.938862 2.277205
v 9.215668 23.421236 2.904479
v 9.215668 23.421236 2.904479
v 9.171101 23.294277 3.042321
v 9.242266 23.232876 2.874182
v 10.823483 23.349026 3.654895
v 10.823483 23.349026 3.654895
v 10.789200 23.295940 3.728206
v 10.824938 23.252399 3.649498
v -1.489122 16.119049 -0.334122
v -1.489122 16.119049 -0.334122
v -0.123795 15.357409 -0.089996
v -0.123795 15.357409 -0.089996
v -1.702923 15.526937 -0.761100
v -0.437851 14.701664 -0.586951
v -1.888480 15.550868 -0.023798
v -0.592198 14.709910 0.280059
v -2.957179 16.764685 -0.820462
v -2.957179 16.764685 -0.820462
v -3.079900 16.263271 -1.190528
v -3.219682 16.242739 -0.571284
v -4.565984 17.194862 -0.957041
v -4.565984 17.194862 -0.957041
v -4.710225 16.835907 -1.282196
v -4.777467 16.769022 -0.785824
v -6.014886 18.024572 -1.025898
v -6.014886 18.024572 -1.025898
v -6.131031 17.782894 -1.288516
v -6.178898 17.702394 -0.925068
v -7.667415 18.578932 -1.026534
v -7.667415 18.578932 -1.026534
v -7.699748 18.418255 -1.207287
v -7.729908 18.348690 -0.975371
v -9.329106 18.735281 -1.220389
v -9.329106 18.735281 -1.220389
v -9.328276 18.667728 -1.313805
v -9.345993 18.621754 -1.209580
v 0.605607 16.027594 1.744342
v 0.605607 16.027594 1.744342
v 0.255203 15.358863 0.359054
v 0.255203 15.358863 0.359054
v 0.340317 15.421516 2.137016
v -0.048815 14.661050 0.809307
v 1.075966 15.442536 1.912784
v 0.803276 14.699494 0.575725
v 1.065694 16.650528 3.125310
v 1.065694 16.650528 3.125310
v 0.862395 16.184668 3.533267
v 1.450099 16.140430 3.255002
v 1.943403 17.499710 4.261734
v 1.943403 17.499710 4.261734
v 1.776144 17.183872 4.649606
v 2.227067 17.076460 4.398001
v 2.867238 18.442511 5.510432
v 2.867238 18.442511 5.510432
v 2.708617 18.184713 5.767909
v 3.035530 18.086590 5.564403
v 4.048123 18.752644 7.015054
v 4.048123 18.752644 7.015054
v 3.880024 18.575686 7.105556
v 4.113161 18.500599 7.017402
v 4.300209 18.692528 8.985332
v 4.300209 18.692528 8.985332
v 4.207622 18.624287 8.998468
v 4.312615 18.577429 8.984963
v 1.533637 15.748682 -1.366099
v 1.533637 15.748682 -1.366099
v 0.419375 15.280292 -0.367442
v 0.419375 15.280292 -0.367442
v 1.955352 15.186982 -1.325815
v 0.849866 14.601380 -0.250842
v 1.380691 15.167065 -1.731205
v 0.299197 14.635771 -0.847013
v 2.127108 16.248972 -2.863272
v 2.127108 16.248972 -2.863272
v 2.528710 15.823700 -2.858949
v 2.040349 15.761590 -3.174867
v 3.029848 17.005556 -4.005041
v 3.029848 17.005556 -4.005041
v 3.324498 16.646151 -3.932431
v 3.042574 16.646770 -4.308971
v 4.541336 17.720514 -4.713096
v 4.541336 17.720514 -4.713096
v 4.736979 17.453207 -4.613263
v 4.557583 17.435513 -4.908559
v 5.781232 18.220514 -5.798593
v 5.781232 18.220514 -5.798593
v 5.915221 18.059208 -5.709119
v 5.781665 18.010517 -5.887360
v 7.119349 18.504686 -6.898188
v 7.119349 18.504686 -6.898188
v 7.181893 18.437607 -6.844381
v 7.123679 18.402143 -6.925990
v -0.080174 32.970413 -0.120575
v -0.080174 32.970413 -0.120575
v -0.176214 31.068182 -0.490063
v -0.176214 31.068182 -0.490063
v -1.187487 32.855453 0.776599
v -1.060282 31.042387 0.470979
v 0.141615 32.966080 1.291896
v -0.103970 30.884798 1.346466
v 0.780098 30.910593 0.385424
v -0.011405 34.931412 -0.021105
v -0.011405 34.931412 -0.021105
v -1.188933 34.925373 0.335783
v -0.292131 35.000168 1.174906
v 0.073708 36.949638 0.150643
v 0.073708 36.949638 0.150643
v -0.955761 37.056210 0.035611
v -0.540728 37.007256 0.989418
v 0.386111 38.908340 0.544991
v 0.386111 38.908340 0.544991
v -0.276504 39.177456 0.091041
v -0.331520 39.132694 0.935152
v 1.274640 40.968021 0.860583
v 1.274640 40.968021 0.860583
v 0.987934 41.203175 0.347346
v 0.699268 41.227592 0.910359
v 1.966856 43.113190 1.533072
v 1.966856 43.113190 1.533072
v 1.970405 43.204063 1.122306
v 1.610882 43.226620 1.339640
v 1.832753 45.383507 1.779240
v 1.832753 45.383507 1.779240
v 1.935440 45.411453 1.594926
v 1.722659 45.409042 1.598895
v 2.959577 53.384853 7.307533
v 0.297252 54.009071 7.159173
v 2.507864 57.791134 11.603847
v 8.898486 59.925320 7.796043
v 5.401438 53.095932 6.447924
v 6.543036 50.866962 5.714366
v 5.719419 55.929626 9.528999
v 7.087271 51.922741 7.517014
v 0.827879 57.605450 3.156496
v 5.562807 51.701099 7.116687
v 3.725034 50.364685 0.416529
v 4.185979 55.928631 3.974203
v 4.536091 50.417610 -0.577836
v 3.775278 56.820690 1.926372
v -0.239496 50.792469 4.526386
v -0.443876 46.121181 0.250799
v -1.563121 46.715416 3.862674
v 3.888098 51.840355 4.835470
v 1.951822 52.923172 -1.728630
v 4.158428 46.342125 2.667413
v 5.099443 43.198551 4.938532
v 2.994035 42.352631 4.019883
v 7.388110 49.776730 4.232846
v 2.854058 48.236355 9.987743
v 3.676831 45.338947 5.607094
v 0.609017 52.393696 5.246237
v 5.741166 54.095448 5.933733
v 0.360144 59.290245 9.589354
v 9.133113 58.000717 9.056880
v 7.903900 52.459793 11.083098
v 4.438765 50.209473 5.567403
v 3.215602 56.892952 9.059687
v 3.036899 49.998459 8.874483
v 10.942906 56.337036 6.516324
v 4.524103 52.189388 -0.003069
v 1.570230 49.501991 0.874609
v 4.241761 55.399380 4.104820
v 4.364338 49.617943 3.311830
v 5.122868 56.001572 1.699234
v 2.615055 50.712841 0.574196
v 1.517781 45.659920 0.382693
v -3.217404 47.166271 -0.314728
v -3.246547 51.663467 2.697327
v 3.432528 50.968151 0.675626
v 2.686056 46.188293 6.091541
v 2.945741 42.959019 1.577321
v 2.688248 43.840607 0.643507
v 1.099289 49.190460 8.936143
v 9.568461 46.993126 9.886312
v 3.003914 42.403355 7.166621
v -8.885076 47.227333 13.628032
v -13.320967 45.818073 15.430037
v -10.747147 51.388557 18.568232
v -14.716176 50.259701 14.192781
v -11.265778 49.418827 10.427402
v -7.824670 44.462307 14.334307
v -11.434821 47.235600 15.328316
v -5.814260 42.513977 17.802645
v -4.851998 48.867310 17.316704
v -8.286114 47.212643 12.347014
v -2.828450 44.291801 10.765458
v -9.343929 47.275486 15.981194
v -2.792029 42.583637 16.987923
v -4.471327 49.262096 14.123326
v -6.447198 46.847019 10.188363
v -1.420742 41.999775 8.931188
v -1.555611 44.798286 11.921888
v -7.394027 46.533810 13.184765
v -4.114643 45.013111 15.348501
v -4.014789 40.497509 14.581659
v -7.417336 40.950218 7.177029
v -9.239613 39.121578 11.286215
v -6.499297 43.540199 13.960028
v -6.849238 45.878799 11.400827
v -4.520446 43.223286 11.566204
v -7.897520 46.430313 11.128239
v -6.349557 48.850220 15.753592
v -10.926556 52.581806 13.605237
v -13.721859 48.694038 19.405382
v -13.951177 45.519733 14.682314
v -5.627798 44.347820 12.968824
v -12.916608 49.861324 14.049701
v -11.069303 44.186928 12.273653
v -10.956848 45.826420 19.299952
v -3.362504 45.078014 13.899529
v -5.456715 43.373940 9.780384
v -8.199408 48.886402 15.753269
v -6.254580 43.615635 13.193000
v -4.748021 46.324169 18.165178
v -0.738276 45.433704 13.735122
v -3.662430 41.673046 10.075150
v -3.754135 41.709324 11.277943
v -4.824874 46.980991 14.345253
v -6.334715 43.429386 15.095834
v -5.258469 41.797028 11.311873
v -7.826122 41.041859 7.195255
v -2.665164 40.435749 12.452515
v -5.488991 46.380535 10.693691
v -8.878884 42.572372 11.243205
v -9.650472 42.419388 5.875852
v 12.848737 46.667728 3.805843
v 10.744896 49.592953 5.569033
v 19.492533 50.385876 8.950473
v 15.201205 50.812988 1.476213
v 12.349060 45.124107 1.637198
v 10.453991 44.610142 1.632473
v 16.464552 47.571579 4.845520
v 12.203211 42.631344 2.057156
v 17.420988 49.359837 3.107920
v 6.932506 47.732460 3.655629
v 8.089003 44.643066 -0.845741
v 14.151714 47.938057 0.528770
v 12.736763 43.537720 0.795009
v 10.559130 50.180309 0.783087
v 7.797729 47.120434 5.872987
v 8.554687 42.771240 0.893703
v 3.752436 45.255260 0.743063
v 13.763493 47.138622 3.012146
v 10.802670 46.568272 -4.200381
v 6.267342 41.515938 1.318845
v 5.635407 41.723030 3.000113
v 2.695779 44.433117 3.787278
v 9.788189 45.710186 8.419563
v 12.606131 44.097458 4.896149
v 7.361205 39.847721 5.646720
v 10.061374 46.400467 4.652463
v 12.191524 48.432312 3.879219
v 15.967507 52.329876 6.592303
v 17.393660 48.273087 3.161649
v 13.574289 45.486469 9.904153
v 8.944897 44.449783 1.296062
v 13.748377 49.817577 3.487908
v 10.471938 44.431370 7.309994
v 12.682877 46.515739 2.861950
v 8.630427 46.189159 2.931386
v 7.207859 44.610161 0.073751
v 10.067195 49.895977 1.165108
v 11.278314 43.894917 4.605288
v 16.661381 47.182255 0.482617
v 6.950007 45.524269 0.467456
v 7.224620 42.580330 -0.154569
v 6.661137 43.333725 -1.735172
v 5.876025 48.851971 0.238018
v 14.981988 45.053288 2.550110
v 7.791249 43.467911 6.773284
v 5.567700 41.313381 5.105538
v 4.915112 42.236034 1.230102
v 9.470059 46.321350 3.568664
v 12.648283 42.976875 6.046364
v 6.533493 41.642448 9.575866
v -2.094106 50.143162 -3.270773
v -5.119220 50.446453 -2.932769
v -7.218804 57.126270 -2.585225
v 3.326268 56.374317 -3.728276
v 0.387053 51.862133 1.112590
v 0.651027 48.636395 -2.418344
v -3.467152 54.076847 -5.775703
v -3.011596 47.951847 -2.751488
v -5.909738 54.797935 0.744063
v -2.513343 50.799217 0.694134
v -0.498733 47.802109 -0.123552
v -2.503638 53.929146 2.463849
v -3.621311 49.812935 1.827243
v -1.738428 53.296482 -3.468930
v -2.666541 46.702106 1.755343
v 0.650352 45.474976 0.523376
v -2.031940 47.929447 2.543830
v 0.864551 51.900223 -0.753835
v -7.551249 50.707169 2.129565
v -5.850773 44.614719 -2.113291
v -1.850837 44.957954 -1.029366
v -2.156592 46.239174 2.115172
v -0.288257 50.382351 -1.944783
v -2.004438 49.518169 -4.519556
v -1.004992 43.351025 -0.418988
v 0.317532 50.138855 -1.803824
v -1.115705 51.441872 4.367640
v -0.563731 57.021027 -0.788575
v -5.006418 54.767204 -5.661942
v 4.694747 49.592846 0.122898
v -1.842021 47.864750 -3.260611
v 0.955001 55.400547 -2.725458
v 4.630290 48.816570 -0.758728
v -4.213094 52.678864 -1.842168
v -7.719622 48.755409 -0.074613
v -3.868657 47.141350 -0.898817
v -1.867572 53.614849 1.823990
v -1.765615 47.317562 -1.010572
v -6.814049 51.735790 -2.519298
v -4.434425 48.251602 5.839639
v -1.624099 45.334774 0.583035
v -3.212778 45.417591 3.235115
v -6.318897 51.782482 2.205391
v -5.451117 49.939777 -3.158583
v 0.963627 46.439053 -1.535983
v -2.077379 44.232372 -0.889720
v -3.413728 44.945198 1.575140
v 0.377876 51.520817 1.352615
v 3.798113 48.164257 -3.554153
v 4.590172 44.572319 0.846228
v -2.240283 50.335201 3.079993
v -4.291658 50.849190 4.754918
v -0.283601 56.540943 6.910610
v -2.558863 56.244690 0.886649
v 0.711990 50.374031 4.608456
v 0.237014 48.417473 5.134693
v -2.960969 55.331009 2.100634
v -0.543014 49.141468 5.769205
v -4.982600 54.703125 4.177807
v 2.930154 49.769260 8.089554
v -0.198560 47.785252 3.862827
v -4.679605 54.180408 4.212641
v -5.089653 47.804939 6.578876
v -3.777802 52.462936 11.796947
v 0.462004 49.279457 4.864893
v -0.059948 46.228462 4.849721
v 1.110761 47.504951 6.794903
v -1.445288 52.738342 3.073856
v -3.019955 51.646641 10.192753
v -3.759402 46.384167 7.171529
v 0.077289 45.834984 3.469048
v -2.243059 45.896072 2.161063
v -4.548958 50.899147 1.255813
v 5.421786 51.950081 2.542328
v 1.938568 47.178898 5.828257
v 1.719019 49.592140 3.814124
v -1.268037 50.475208 8.187452
v 0.640805 55.790241 4.257030
v -0.702036 55.390137 1.303999
v -0.055964 50.162312 0.499572
v -2.033012 48.189762 4.844615
v 2.064081 54.529354 6.297915
v -1.630654 49.330326 0.642632
v -3.166630 53.200718 4.787293
v -4.054515 48.703770 7.161366
v -1.942433 47.096333 4.096358
v -0.552760 53.921680 4.388744
v 2.754797 48.602940 4.399175
v -4.409390 52.825878 8.158827
v -3.488053 46.792198 9.531500
v -1.298005 46.067024 5.149112
v -2.678056 46.113907 8.017426
v -1.898834 51.771912 5.342134
v -2.019411 51.410934 3.134846
v 0.906039 47.461346 4.757966
v -2.317431 44.982433 1.615185
v -1.942510 45.373074 6.980963
v 0.338859 51.695446 6.433733
v -0.311175 50.129967 0.170226
v 3.839206 45.490082 1.498887
v 7.076291 47.661026 10.378819
v 3.619915 49.315666 10.899664
v 3.624626 52.883728 16.776775
v 8.801481 49.281582 17.871492
v 4.955450 46.251575 11.929644
v 5.079822 46.115604 12.271625
v 3.946894 51.183559 16.821615
v 1.717224 44.869873 14.685633
v 12.490884 49.086414 16.275282
v 4.134865 48.528408 9.895589
v 4.204597 45.558392 8.540587
v 6.601935 49.076374 16.374666
v 8.373526 43.343918 13.988639
v 8.120800 48.071545 11.505861
v 3.407975 48.483616 7.949492
v 5.457097 44.776943 8.221314
v 3.096375 47.482136 9.492998
v 5.966260 49.666901 14.318105
v 9.434315 45.393421 15.295935
v 3.183333 43.057755 13.684004
v 3.003952 45.799713 6.640202
v 5.334869 46.995682 8.148660
v 4.651540 51.259003 14.023067
v 8.690133 47.725761 15.833416
v 3.752519 46.183739 12.133527
v 6.391799 47.217487 11.504827
v 6.120200 46.541103 9.791409
v 10.117131 52.284088 16.241604
v 5.557101 50.243023 15.963551
v 1.805403 48.571720 13.167518
v 6.355608 46.015106 11.372879
v 5.845162 50.973190 15.005671
v 1.517136 48.132809 12.004095
v 7.447346 47.526104 16.005190
v 7.820081 44.487247 13.313985
v 3.984297 45.613792 8.276672
v 9.658532 50.820122 11.469768
v 2.202757 47.247135 12.900020
v 13.187025 46.273693 16.057810
v 7.703423 44.997223 8.533714
v 5.866601 44.850636 9.560374
v 8.437118 43.756199 7.522882
v 10.335672 48.553345 12.604467
v 5.098759 46.757420 14.016115
v 0.826403 46.126259 10.122643
v 4.225325 45.312332 6.580958
v 4.079927 43.300053 12.056411
v 7.976692 49.203281 11.879071
v 3.662096 49.222885 10.913694
v 3.189967 47.464218 10.686729
v 2.600847 50.598221 -15.323446
v 4.496563 52.173645 -16.432970
v 5.916335 55.382183 -20.339657
v -0.610967 55.852856 -18.200506
v 5.256663 49.472095 -15.371923
v 2.552422 47.507965 -13.544497
v 3.242716 51.304119 -16.273911
v -1.723255 46.410892 -16.295010
v -0.023528 52.682182 -15.517838
v 5.977852 50.358864 -10.236810
v -0.771752 47.203377 -10.908194
v 3.002645 51.595734 -14.131185
v 1.416571 46.586895 -11.760626
v -3.740626 53.778927 -11.554333
v -0.485148 49.756760 -8.906311
v 1.080652 44.425117 -9.924729
v 0.258937 46.471054 -5.542602
v 0.407689 48.978214 -11.385557
v -3.527673 49.070396 -10.317322
v -2.391383 42.899002 -9.135234
v 1.008631 41.614986 -11.083701
v 4.805454 39.814640 -10.519072
v 1.535817 46.215855 -15.415102
v 4.395376 46.582333 -12.149594
v 1.833759 44.197121 -6.079775
v 3.481989 49.838631 -17.921942
v 1.311540 51.909351 -16.524847
v 3.841228 56.582478 -16.280527
v 0.306597 53.928276 -21.701363
v 5.319889 49.376022 -17.452644
v 2.854960 47.224529 -15.903014
v 0.000068 53.540447 -18.033270
v 2.885033 46.824276 -14.391846
v 2.116090 50.848690 -17.145134
v 0.015249 49.163258 -9.589849
v 1.159618 46.669266 -11.192537
v -0.904164 53.582779 -13.116282
v 1.002677 46.462688 -9.356191
v -4.068339 51.128010 -14.146117
v -3.102449 48.690163 -8.768314
v 0.010446 43.404373 -9.455704
v -3.063957 44.961647 -7.862219
v 0.238498 50.058838 -12.298504
v -1.192297 47.079430 -13.730153
v 5.453155 43.189507 -10.661773
v 3.477410 41.345177 -10.393310
v 1.425323 41.782051 -9.757482
v 0.519240 47.146431 -12.073778
v 5.268317 44.127766 -13.610227
v 6.667264 40.892494 -7.532281
v 7.576476 49.701115 -15.191820
v 10.471009 52.122887 -7.885791
v 9.959037 53.906788 -14.727577
v 7.160882 55.127083 -16.011143
v 4.444079 49.292702 -15.196378
v 7.354364 47.172752 -11.556740
v 11.402133 50.767185 -15.367089
v 10.157389 46.154602 -12.825402
v 2.305114 52.797661 -14.548171
v 3.104602 49.394543 -8.393512
v 5.323081 47.209499 -11.687484
v 6.640521 51.182243 -13.451859
v 0.853818 46.438801 -13.195141
v 0.518621 52.973763 -9.170031
v 4.806543 48.564262 -7.090508
v 0.821634 44.787003 -10.884763
v 3.633124 46.570538 -5.799363
v 5.869595 49.768951 -11.190566
v 1.935080 49.416267 -14.110748
v 3.240208 43.077068 -10.022348
v 5.980012 42.154919 -11.088243
v 7.402474 40.294731 -11.981506
v 6.640893 46.444889 -13.487861
v 8.524313 47.419323 -11.547544
v 5.437780 44.439713 -8.320686
v 5.211355 49.046772 -12.534019
v 4.484028 50.857517 -14.090392
v 9.772021 55.531628 -10.510521
v 11.331421 52.970676 -18.010347
v 8.626859 49.319271 -13.942600
v 3.325732 47.087566 -13.341619
v 7.869124 52.685532 -13.938105
v 9.166320 46.565067 -9.714729
v 7.481533 50.503036 -16.796930
v 4.103035 47.638725 -11.397008
v 3.780519 46.480396 -10.568762
v 8.017220 53.109859 -11.306927
v 5.755565 46.275806 -10.116106
v 3.269840 50.373917 -15.509105
v -0.385681 47.668137 -9.671500
v 3.883323 44.235149 -9.258690
v 0.291196 45.027809 -8.785425
v 5.898939 50.239464 -11.637741
v 4.029148 47.502869 -12.949265
v 7.745446 44.245129 -10.231301
v 6.730764 41.949436 -9.575484
v 5.372904 42.826466 -6.192562
v 3.551383 48.128185 -9.865073
v 9.016350 44.196117 -12.734499
v 9.610651 42.054161 -8.359854
v 17.283743 44.117146 -8.183293
v 20.735727 42.385754 -8.210486
v 22.421217 46.919865 -12.285336
v 23.892031 45.336430 -4.136953
v 16.616154 46.463909 -2.505364
v 16.559185 42.178268 -7.998529
v 17.626877 46.304836 -11.921005
v 14.428327 44.842442 -6.558527
v 20.943016 43.385361 -7.444901
v 17.489456 39.967094 -9.140191
v 15.220997 42.711510 -8.053859
v 13.502696 47.329052 -10.968715
v 10.673720 45.702282 -4.235538
v 19.218000 43.871521 -8.751549
v 14.011612 40.972832 -7.654066
v 9.635398 41.252369 -9.708199
v 11.097035 44.034473 -5.723777
v 15.614520 44.609673 -8.589580
v 16.123758 43.592213 -12.044910
v 13.751597 39.342709 -7.788242
v 9.179198 40.205551 -5.278118
v 10.182404 43.247917 -5.084985
v 18.988462 44.635143 -3.486882
v 18.481951 41.105183 -6.598172
v 13.638331 38.296505 -1.714198
v 16.398476 43.705280 -6.305018
v 14.921975 45.815292 -9.924059
v 23.497522 48.576233 -6.048530
v 22.185417 44.149311 -8.469722
v 18.758047 43.130760 -5.750430
v 15.173370 42.469646 -6.003779
v 19.391993 46.439571 -4.505880
v 16.869253 41.684990 -5.607804
v 19.928730 42.196766 -11.296537
v 11.250930 44.135880 -8.196879
v 11.667960 42.291470 -8.314713
v 16.944532 47.130436 -8.899923
v 13.403946 41.268070 -6.183184
v 13.417850 44.173035 -12.448333
v 9.088347 44.799366 -9.821876
v 11.316485 41.384079 -6.261916
v 8.245893 42.083954 -5.414583
v 14.242001 45.659904 -10.303581
v 13.414581 41.433640 -8.734001
v 13.228659 41.311371 -6.827758
v 11.018889 40.286999 -4.515601
v 11.812607 39.652931 -8.200778
v 18.421370 44.102261 -5.462904
v 14.400025 40.543774 -4.516094
v 10.751588 41.918549 -0.961902
v 1.375267 48.723625 3.997074
v 3.244975 47.410839 7.508821
v 6.156212 52.982151 7.324000
v -1.530042 54.093983 8.640516
v 4.832326 50.906418 2.170729
v 3.006043 46.343987 4.076722
v 2.218218 51.104771 8.363356
v 1.781753 44.807362 6.238497
v 5.867901 50.782738 9.014984
v 6.740523 49.345387 4.319079
v 5.457111 46.096375 0.947493
v 2.525751 49.726269 10.748546
v 6.497581 44.493526 7.857552
v 7.181828 51.057171 8.790574
v 5.005690 48.587254 2.797888
v 7.412192 44.406990 2.939038
v 8.313332 47.341885 1.771682
v 5.429486 49.250923 8.636715
v 5.451429 47.626801 8.443233
v 3.986220 42.772518 7.189405
v 1.369281 43.467342 -0.112853
v 6.850335 45.758705 1.515046
v -4.971600 48.683743 3.673988
v 0.539063 47.123074 8.847836
v 2.422137 42.161144 3.795259
v 3.926858 48.163994 6.128700
v 9.043847 48.728298 6.181464
v 0.358274 55.127468 4.131087
v 3.057482 51.084976 9.847523
v -0.720584 48.344460 6.541837
v 2.096310 46.213345 3.013895
v 2.966730 52.268814 5.731756
v 4.752574 46.740913 7.390167
v 5.628961 48.083977 10.702442
v 7.449856 46.577213 4.025846
v 5.921685 45.559044 1.422449
v 2.877519 52.166050 6.129328
v 1.239252 45.731007 5.256324
v 7.893768 47.886272 9.449822
v 8.108997 45.068989 3.688421
v 5.988304 44.494991 -0.365081
v 6.539057 45.081676 1.969517
v 7.207043 49.709347 5.370167
v 5.234381 46.235928 10.210944
v 3.738258 45.161110 2.141742
v 3.324899 43.097942 0.303090
v 8.223316 42.917149 4.538836
v 2.667998 48.553726 3.416156
v -3.114186 46.103291 5.577299
v -0.040966 44.662201 1.815203
v 5.004409 50.173817 0.601229
v 5.450641 51.276012 -0.961447
v 2.037432 56.737251 0.899607
v 2.781711 55.519051 3.143044
v 0.706738 49.936981 4.378551
v 3.651647 48.090466 -2.219558
v -0.534438 54.274170 1.761861
v 1.388668 47.884335 2.749647
v 2.260154 54.074177 4.964716
v 5.130424 50.267986 -2.109837
v 6.617693 47.671928 -0.062196
v 1.889320 53.668697 1.262679
v 3.186047 47.353470 3.410326
v 4.532238 53.041206 4.200659
v 6.529550 49.888599 -0.112853
v 5.354537 46.857861 0.030957
v 6.797108 48.913483 -2.878024
v 1.638258 52.972450 2.950893
v 4.675387 51.517986 7.294960
v 5.306134 45.607712 3.869054
v 5.739599 46.011383 -2.895103
v 6.713009 47.327293 1.468267
v -1.668281 52.597931 -3.049366
v 4.694654 50.358692 3.970760
v 0.022302 45.105957 -1.218648
v 6.053110 49.442989 -1.590665
v 5.302200 49.948807 3.765480
v 1.643892 56.019581 -0.190068
v 2.175925 54.745220 4.434566
v 3.444139 49.616726 -2.005751
v 4.569287 47.683228 -3.104496
v 3.386660 54.296452 -1.855812
v 2.596020 48.462101 0.387936
v 1.281733 52.687962 6.814335
v 2.402509 47.491776 2.499839
v 3.900968 47.192532 -2.955967
v 5.218705 53.307632 -0.588351
v 1.241436 48.265064 -0.828417
v 3.764977 52.135258 7.023668
v 5.704998 47.817551 2.945423
v 7.214814 46.270752 -1.548195
v 5.614252 45.538250 2.311614
v 4.827691 52.812645 0.064332
v 4.130671 50.413509 3.598447
v 1.890505 47.272583 -3.095072
v 5.945698 45.011982 -2.457356
v 2.108200 45.314674 1.241938
v 3.502806 51.960629 1.731614
v 3.699379 50.344585 0.335204
v 4.276177 46.417671 -2.687194
v 12.639215 48.656719 -4.833201
v 8.189084 50.846169 -5.364803
v 19.341202 53.136932 -4.227402
v 19.279228 51.320404 -7.565774
v 14.680809 46.236340 -3.221640
v 10.816806 47.313488 -6.493012
v 18.231482 51.119240 -2.334494
v 17.030605 45.535896 -3.458316
v 17.096388 49.725815 -10.817674
v 10.475086 49.547939 -4.887670
v 14.414863 46.338993 -5.964007
v 13.788201 49.846184 -7.138224
v 13.516923 44.361507 -3.253970
v 13.629536 50.841450 -10.650871
v 11.064748 49.171974 -2.539062
v 8.477584 46.208611 -6.451083
v 6.288430 48.761082 -4.778511
v 16.035751 50.603199 -7.875216
v 13.435456 48.511562 -8.709898
v 13.906947 44.530628 -2.584832
v 7.868723 46.122662 -5.078600
v 9.452825 47.943691 -5.974120
v 13.999337 51.765617 -6.869194
v 18.934546 49.019844 -6.450469
v 12.185507 45.563866 0.685772
v 11.819387 47.980213 -6.602011
v 10.798968 48.701530 -9.530489
v 19.023014 53.465389 -5.806530
v 17.795742 50.385323 -5.215167
v 13.127785 48.209351 -2.729335
v 11.638960 46.795628 -4.536792
v 12.654958 52.591022 -6.165272
v 13.529448 48.177795 -2.263300
v 19.127211 49.088364 -7.820547
v 12.826837 46.442104 -6.748416
v 9.660830 46.560341 -7.976573
v 12.019484 52.311138 -6.909302
v 15.175690 47.314777 -3.797635
v 14.418202 48.146133 -9.090246
v 9.073513 46.971558 -9.141134
v 11.839913 45.605812 -6.411366
v 11.345373 45.228291 -7.583854
v 13.312815 51.186840 -5.802012
v 15.898441 47.716923 -5.450771
v 9.853663 47.170738 -2.367716
v 10.838661 45.483757 -4.019421
v 9.565474 45.095978 -3.989242
v 14.025372 50.798576 -3.691614
v 12.020547 49.992916 -0.693256
v 6.332894 47.759731 -0.938256
v -8.976733 51.355900 -11.984489
v -5.262788 53.998222 -7.756072
v -7.609878 57.060123 -16.105709
v -10.813329 56.169777 -13.131267
v -9.059554 50.398033 -13.257165
v -9.341440 48.111897 -14.360056
v -7.736193 53.181141 -15.092953
v -8.146926 46.847065 -13.878776
v -10.703195 52.420052 -14.076225
v -7.615408 50.396156 -11.431474
v -7.611185 46.070766 -10.738312
v -5.830468 51.158787 -12.273012
v -8.527088 45.009422 -7.586700
v -12.816426 51.382874 -9.999618
v -4.241056 48.175037 -4.881161
v -7.013638 44.493176 -7.567418
v -6.493349 46.246750 -4.152291
v -7.835724 49.595528 -11.695674
v -11.863833 48.668266 -6.528122
v -7.942362 42.779606 -6.274614
v -4.065431 42.935795 -9.198702
v -3.585950 42.315948 -9.564997
v -4.914480 47.490356 -13.686568
v 1.521690 48.874500 -9.528610
v -2.185383 44.707615 -7.761871
v -5.863280 51.194012 -12.396696
v -10.131025 51.804688 -11.695888
v -9.591979 57.775566 -12.278853
v -9.265381 55.075420 -20.202730
v -6.791931 51.132534 -11.312753
v -7.712599 47.703316 -14.034324
v -9.584615 54.703102 -14.914636
v -6.978889 49.135380 -13.528562
v -10.008349 50.783745 -14.793755
v -10.549767 47.061558 -9.095401
v -5.803807 45.882614 -9.629128
v -7.627134 52.490196 -5.967829
v -5.403802 46.736607 -5.854753
v -10.306487 49.224064 -10.345043
v -11.616784 46.511250 -7.459348
v -6.988328 44.018383 -8.403790
v -9.965946 43.931976 -3.262674
v -9.481173 50.126396 -8.032807
v -9.558475 47.520016 -11.453470
v -3.343990 44.890663 -6.997682
v -2.419810 42.838665 -11.137490
v -5.938951 42.857269 -9.459473
v -6.082275 48.744801 -7.792458
v -2.328280 45.923653 -14.066653
v -0.120350 44.007118 -8.854174
v -19.390064 46.480247 -2.282641
v -14.987532 49.165722 -1.557804
v -23.932905 50.243179 1.115607
v -19.000122 50.545959 4.732564
v -20.005737 44.478359 3.693896
v -16.442368 43.873474 0.758609
v -19.507254 46.189655 2.307757
v -19.705105 42.219650 1.179425
v -18.804707 48.089588 3.637848
v -13.317737 46.959759 1.648223
v -11.160666 43.936920 2.928158
v -16.958891 46.221470 2.794279
v -13.920721 42.293331 3.291570
v -14.978720 48.769062 6.487783
v -10.060081 46.223114 1.304008
v -10.668108 41.503452 -0.223093
v -13.069208 44.569691 -0.197059
v -15.867767 45.470829 5.040164
v -13.557469 45.067787 6.533429
v -10.650945 39.813587 3.757575
v -12.599562 40.473087 -1.975877
v -14.437219 38.045635 -0.075333
v -19.824389 43.302963 1.357407
v -17.823872 44.171436 -2.506079
v -11.388557 42.749435 1.550089
v -17.180716 45.903614 0.704894
v -14.237393 47.321644 3.602530
v -20.434315 52.066128 -1.383096
v -23.736000 47.486881 0.341153
v -17.339008 45.178204 -1.784433
v -15.925218 43.393028 -0.315172
v -19.525949 49.039524 -0.590336
v -17.394865 44.058308 -0.918132
v -20.666611 45.853882 2.742574
v -16.905859 43.948280 4.494197
v -13.649831 43.209717 0.326181
v -13.955817 48.959709 2.953807
v -13.726370 43.001221 2.334846
v -15.047208 45.777344 7.637866
v -10.937838 44.025127 7.324170
v -9.531251 41.352119 2.553888
v -9.381579 42.217506 7.098710
v -15.843643 46.488968 3.792661
v -15.666000 43.030258 3.845650
v -12.377030 41.221706 2.164826
v -10.278343 39.863895 -1.654384
v -12.675745 39.917656 4.411801
v -13.423999 45.643883 1.529292
v -16.748512 41.192539 -2.348871
v -10.739743 40.732738 -5.484023
v -0.466794 51.150227 1.533718
v -2.860953 52.439785 4.774305
v 1.511781 55.983517 10.447579
v 5.686563 57.242432 3.434652
v 6.613950 49.926872 4.845789
v 1.351087 48.525818 0.393097
v 3.671914 52.642208 6.263707
v 2.242989 47.077953 3.703465
v 3.624197 54.146065 3.342461
v -0.264760 49.839897 2.471223
v 3.534676 47.531517 -1.522696
v 4.810308 52.160465 2.718903
v 5.728714 46.851223 0.823884
v 1.661162 53.635826 -1.489777
v 1.267564 49.232315 0.110631
v 0.113917 45.249416 -3.211000
v -0.722785 47.688583 1.837284
v 4.718578 50.979626 3.477922
v 6.180089 50.343018 -3.888079
v 4.630742 44.111252 -0.743691
v -1.624066 43.917416 1.297849
v -0.317884 45.852074 1.455172
v 1.829980 49.543774 7.167880
v 6.981738 48.321083 5.697423
v 0.036222 42.716751 2.706445
v 3.576447 49.944118 1.776414
v 1.234723 51.497295 -0.487688
v 1.604594 57.347771 5.004282
v 8.868299 54.738071 6.861229
v 0.791399 49.515835 5.751318
v 4.071850 47.725971 2.300882
v 2.281197 54.041382 2.284331
v -0.181874 48.047733 7.727555
v 3.306247 51.825584 3.973735
v 2.503865 49.118198 3.552514
v 4.055938 47.234528 -0.260010
v 0.590826 53.887894 0.999990
v 3.866310 47.312336 5.673748
v 3.737692 51.679417 0.267139
v 3.079939 48.052662 -4.392601
v 1.071025 44.643921 -0.350311
v 4.057734 44.798546 -2.578958
v 5.521733 51.773216 -0.301976
v 3.896552 48.567989 4.599699
v -1.501840 44.728130 2.243043
v -1.356199 43.348125 1.661538
v -0.422575 44.305305 -0.102041
v 1.293465 50.111496 6.546683
v 2.220598 46.533020 7.410421
v -4.218350 43.524742 4.681642
v -15.672797 45.397793 -8.020420
v -11.223784 48.408024 -4.408731
v -15.613164 48.779552 -10.086849
v -21.423513 48.366516 -3.386304
v -16.006920 43.024940 -4.079838
v -15.309799 43.101776 -6.775809
v -18.392656 45.442440 -7.082591
v -13.217796 40.659130 -5.490891
v -20.043396 46.533569 -5.264893
v -14.557695 46.153366 -3.809347
v -10.977995 42.995461 -3.729091
v -16.681877 44.982086 -8.308885
v -13.425043 41.245022 -0.209197
v -19.361296 46.656582 -0.183712
v -12.842038 46.152405 -5.313786
v -10.869458 42.441971 -6.100009
v -9.158887 45.601364 -2.856941
v -16.081268 44.415730 -5.389259
v -18.375601 44.018139 -0.199851
v -12.662683 39.623890 -0.012563
v -10.729114 41.228878 -7.573268
v -6.729965 44.127800 -2.664760
v -13.080233 43.303913 -9.900478
v -13.725410 41.695869 -5.360362
v -8.757124 39.194950 -3.055697
v -14.148751 45.038750 -5.627059
v -14.138650 45.814610 -3.023254
v -18.756727 50.209129 -7.865495
v -16.861835 45.344643 -6.955812
v -11.050842 44.872719 -7.710165
v -15.403185 43.117077 -7.054709
v -19.830320 47.646950 -7.748994
v -11.836030 43.523609 -6.999596
v -17.744904 42.618309 -2.517867
v -11.117889 42.973854 -1.848896
v -12.417311 43.051788 -3.776910
v -15.149785 47.644337 -3.949175
v -10.690454 43.231636 -3.816662
v -19.171043 43.076565 -4.019666
v -14.665268 43.904476 -1.175373
v -10.654828 42.109013 -4.091449
v -12.892575 41.960155 1.820355
v -14.933992 46.925098 -5.196072
v -16.100201 41.994171 -2.027629
v -7.499723 41.860466 -4.678350
v -9.681644 41.377819 -4.499965
v -12.206877 41.118252 -1.134511
v -11.468646 44.870033 -6.419645
v -12.774831 40.646706 -8.907780
v -9.150957 42.314384 -6.491702
v -7.536427 47.530247 3.635883
v -8.575830 50.045319 4.616807
v -8.485257 51.469036 10.984360
v -4.535950 51.619106 10.739246
v -5.324192 45.604557 4.002801
v -5.932083 46.633766 2.554955
v -9.752197 48.525932 9.015773
v -8.422418 44.195408 6.965884
v -5.612704 50.874336 7.518659
v -4.552264 48.488644 0.574794
v -4.712950 46.232208 1.882180
v -4.524645 48.922817 10.132719
v -6.434016 44.481201 5.866671
v -1.120209 51.498810 8.930683
v -5.805320 48.855316 2.653822
v -5.802492 45.410019 1.258477
v -5.955489 47.631725 3.178113
v -5.588784 48.683975 8.321250
v -0.802292 47.822178 8.384921
v -6.489638 42.649647 5.185956
v -5.648522 44.231758 1.659206
v -5.498675 47.053871 2.192823
v -9.468765 47.935955 5.031017
v -8.693190 46.157379 8.573164
v -8.197910 41.665668 2.823480
v -6.395195 47.484119 1.583626
v -5.332055 48.652470 2.876552
v -7.054202 53.068649 8.200745
v -8.168351 48.629929 9.230643
v -10.082357 47.055729 3.317870
v -6.704989 46.151062 0.653589
v -6.327748 51.098606 5.077918
v -10.500317 46.593361 3.664982
v -7.299761 47.981480 11.815337
v -1.892244 47.139706 3.028309
v -1.605180 45.907162 2.996787
v -3.856800 51.657372 7.711568
v -5.982603 45.584469 7.367879
v -5.019666 48.399853 8.250071
v -2.298362 46.768028 3.376589
v -3.602898 44.782135 1.244828
v -0.376385 45.426514 4.571890
v -2.363017 49.706451 6.647128
v -3.512110 46.373638 11.474798
v -7.966447 44.009167 5.486934
v -7.627305 44.255657 -0.515792
v -3.736219 43.983746 5.157968
v -5.678195 48.979832 6.261543
v -9.403082 44.597626 10.488017
v -11.551687 44.970707 0.445059
v -4.935634 51.854549 -3.150443
v -8.493479 52.215847 -3.616714
v -8.185306 58.186886 -4.208439
v -3.820442 58.684177 -4.210864
v -2.485273 52.840473 -0.534347
v -3.925758 51.435894 -4.212430
v -8.335469 57.944351 -6.630576
v -3.074176 52.929836 -1.359296
v -3.232912 57.066467 -5.383561
v -7.351130 50.924244 -3.162614
v -5.422932 50.693359 -2.985137
v -7.155532 56.615875 -6.106627
v -6.912824 50.715206 -3.526244
v -4.148596 56.660385 0.916370
v -2.529396 52.042160 -0.339862
v -6.869213 48.954803 -4.694582
v -1.781806 49.986340 0.984599
v -4.507222 54.954842 -3.928275
v -7.689372 55.081772 -0.041911
v -6.885499 49.165329 -3.515957
v -1.970244 48.662170 -4.231459
v -0.454292 49.274025 -3.897509
v -7.324338 54.725677 -6.611434
v -1.662388 54.923843 -7.116887
v -0.174831 49.707935 0.135575
v -7.312700 51.553974 -6.117797
v -6.085509 52.770321 -4.348955
v -5.242832 58.742199 -4.371921
v -7.222549 57.226765 -4.651721
v -1.313491 52.212975 -6.569046
v -8.750291 50.748829 -5.889431
v -2.978472 57.218815 -5.908993
v -4.762474 51.042595 -3.570764
v -8.239136 56.058842 -6.302398
v -7.760381 50.926086 -4.071923
v -4.926451 49.577747 -2.557134
v -2.625365 57.138176 -0.936941
v -7.056622 50.827545 -6.520023
v -12.160792 55.478695 -3.032662
v -7.451145 51.027416 0.508954
v -3.395173 48.176971 -2.051072
v -5.276294 49.095726 1.607199
v -3.838078 54.692848 -3.023930
v -5.710057 54.230400 -3.705040
v -3.572594 49.261326 -0.341316
v -3.489038 48.409687 -3.334049
v -5.084265 49.185844 -2.489359
v -2.363307 54.303017 -1.395702
v 0.656893 53.497444 -5.252422
v 1.330792 48.322746 -4.215982
v 15.715062 44.164772 -7.668514
v 12.792527 45.069244 -3.973698
v 23.399076 47.323246 -5.453025
v 17.854870 48.668888 -10.785889
v 18.141079 42.817905 -9.902439
v 13.475667 41.728287 -9.230049
v 19.279383 44.531727 -10.494975
v 14.318155 39.488049 -7.977774
v 16.044825 46.935982 -12.987311
v 12.776250 43.199272 -6.761542
v 11.085479 41.885216 -8.411804
v 16.174789 45.300823 -11.480158
v 9.863881 41.532948 -9.784985
v 10.674736 47.972324 -10.230671
v 10.806832 43.443913 -4.792327
v 7.063018 38.272884 -8.087592
v 7.297448 41.677132 -2.400660
v 13.053118 42.813850 -5.376641
v 9.106458 43.534718 -9.574519
v 9.513821 36.848934 -9.433196
v 13.272124 36.347015 -4.070570
v 7.685867 39.293221 -2.180632
v 16.871675 40.435909 -3.630391
v 12.692205 38.908344 -8.174247
v 14.994863 34.399605 -4.122659
v 15.470936 43.520069 -4.820429
v 12.576742 45.457157 -8.072461
v 17.952032 49.268047 -3.150301
v 19.794117 46.622692 -8.148270
v 18.916813 42.784046 -4.801327
v 12.962179 40.841999 -9.320746
v 14.378814 46.617172 -6.272459
v 16.247856 40.644943 -7.257506
v 20.010300 43.286152 -10.217978
v 9.246037 42.250523 -8.656263
v 11.163420 41.195404 -8.532667
v 10.537508 47.054283 -8.166150
v 15.516745 40.180290 -5.042076
v 10.792575 45.202797 -12.244648
v 10.445518 43.111000 -6.868922
v 8.395335 37.976089 -7.016943
v 5.492466 39.227795 -10.086554
v 9.775797 44.202980 -6.917633
v 9.828539 41.432293 -11.371807
v 8.856916 37.934662 -4.124757
v 8.120592 35.799622 -5.370293
v 5.974486 36.457077 -6.788365
v 14.749240 41.848610 -4.751573
v 16.364166 37.559132 -3.149229
v 11.854876 35.492256 1.333502
v 15.259171 44.461830 -3.219132
v 15.088392 45.690231 -0.269201
v 20.377386 48.072563 -4.021515
v 17.505934 50.577892 -7.567472
v 16.211496 43.340057 -7.268951
v 13.680190 42.734451 -4.868411
v 18.834078 45.326374 -4.504668
v 12.228547 41.015991 -5.944869
v 18.126598 48.314190 -7.126806
v 15.447305 44.411682 -2.196420
v 10.530089 42.025806 -5.135068
v 16.361408 46.583961 -7.796649
v 10.623069 42.009789 -7.583649
v 11.919823 49.419079 -5.981706
v 10.858981 43.994385 -1.879679
v 9.141746 39.759464 -4.673476
v 5.510378 42.036366 -0.117132
v 14.452276 44.108849 -5.018266
v 11.303131 44.968704 -6.516657
v 7.842825 38.756374 -7.082149
v 11.609487 37.756855 -3.152736
v 8.623984 39.600342 -3.222076
v 14.075504 42.960854 0.758965
v 13.326102 41.943684 -4.418861
v 12.989562 35.858418 -0.863149
v 12.906329 44.228580 -3.937405
v 14.246898 46.243416 -2.287330
v 16.565157 49.874287 -0.510705
v 17.296675 47.230633 -4.689226
v 15.704604 42.317715 -3.430000
v 12.850419 42.228874 -5.153617
v 18.433477 47.737041 -4.735752
v 15.971999 41.670532 -5.771638
v 14.510581 45.526569 -9.512339
v 10.200803 42.960323 -7.052600
v 10.567565 41.822872 -4.122808
v 10.072608 47.865284 -3.102424
v 10.639490 41.356434 -5.564404
v 10.605646 46.177067 -7.920956
v 5.222823 43.587200 -3.180328
v 9.093962 39.491726 -6.283838
v 4.410140 40.499126 -4.634198
v 10.303910 45.789051 -5.356194
v 14.042168 42.939011 -8.905765
v 13.000875 38.729519 -1.938149
v 9.968111 37.684978 -2.011572
v 7.963699 37.739449 -5.287281
v 8.384949 43.745781 -3.319819
v 16.589096 39.780609 -3.253251
v 11.489493 36.841358 0.997868
v 2.857977 41.664169 9.864855
v 2.544917 40.135593 15.840771
v 0.787362 44.804813 16.620760
v -1.002906 45.733952 14.477648
v 5.507488 43.971172 12.376574
v 1.218931 39.270477 10.560150
v 3.476236 43.544346 15.463625
v 1.419239 42.677235 11.332827
v -1.503821 42.994698 15.519366
v 2.153967 37.583683 12.227784
v 4.218596 39.361588 7.554338
v 8.644146 43.343708 13.067518
v 4.660647 41.836246 8.659802
v 0.907246 42.404739 15.340872
v 4.732082 37.194866 12.000770
v 6.353530 37.321331 6.052264
v 4.550177 40.252991 7.938881
v 4.355372 41.624260 12.008255
v 8.917546 39.805389 11.917460
v 3.283861 35.598843 8.457464
v 4.527884 36.928810 6.058924
v 2.503124 35.411518 10.440174
v 3.226147 39.532200 15.833347
v -1.413132 41.366146 12.645555
v 1.590314 39.681957 8.241347
v 0.251807 41.259617 10.938795
v 4.813284 42.111092 12.993570
v 1.815121 46.707581 15.156865
v 2.500484 43.317890 18.218658
v -3.232988 41.043072 11.538799
v 5.345198 39.158409 10.338121
v -0.108675 44.794312 14.021778
v -1.598520 39.978893 10.794311
v 4.090538 41.073051 16.244175
v 7.724319 39.112831 9.709470
v 5.346271 38.598759 8.759061
v 5.002759 44.367500 14.406689
v 0.892708 39.074547 9.380176
v 9.483249 40.679031 16.925409
v 8.687565 39.490181 10.951301
v 4.780300 37.223877 8.677981
v 8.013585 36.681812 8.611676
v 9.083775 42.520885 12.998436
v 4.020012 38.652363 13.929440
v 1.863011 37.742104 10.576408
v 0.272743 36.643326 5.346334
v 5.372307 36.043404 7.811012
v 6.480315 41.840256 11.337617
v -0.337682 37.981312 13.250947
v -1.314207 37.762638 7.843766
v 4.670373 43.456795 8.947800
v 4.169847 45.896011 5.811131
v 1.688380 48.887039 11.941211
v 4.375112 47.858181 10.816190
v 0.359878 42.501919 9.884677
v 3.914971 41.740696 6.442292
v 1.787670 47.164688 10.812200
v -0.481567 40.832733 10.064911
v 6.872361 46.758091 11.491970
v 7.033655 43.743290 7.344387
v 7.707358 40.286552 5.454926
v 3.129315 45.215809 9.842049
v 5.928507 39.153973 10.447441
v 10.863336 45.053246 8.422943
v 4.293905 42.982555 4.708214
v 6.615283 39.371700 6.294804
v 8.594687 41.398628 6.114577
v 3.656744 44.986828 8.335811
v 8.738981 43.176300 9.809075
v 6.824919 37.910675 8.595349
v 5.453457 38.887547 4.538519
v 1.417451 37.537945 6.281637
v 2.294664 42.678066 9.162026
v 3.328645 45.196091 4.790224
v 6.152866 40.338734 3.402063
v 5.986722 43.308495 7.705363
v 6.467471 43.151333 10.055923
v 3.722801 49.764301 7.307186
v 4.995730 47.304623 12.381087
v 2.929249 43.971863 7.764363
v 2.790698 41.643326 6.597146
v 5.457974 47.231586 7.442801
v 0.344714 42.279251 6.675372
v 5.422207 44.032719 13.935530
v 5.842648 41.100925 9.821055
v 5.843044 39.946541 4.033945
v 4.435879 46.246475 10.614385
v 2.607206 41.496670 4.941253
v 4.055599 43.404339 11.298831
v 11.767072 39.956982 8.242988
v 4.951246 38.321518 5.268211
v 6.908400 38.911697 6.893326
v 5.987683 45.136898 8.908547
v 2.334345 42.712856 10.834582
v 5.641681 39.632336 7.393196
v 3.342950 38.196487 4.157476
v 5.367284 37.580402 10.272325
v 4.170010 44.873669 5.236682
v -2.435398 42.428658 6.123732
v 2.451232 38.992592 4.179301
v 14.600019 37.517593 -2.405345
v 13.835727 40.390205 -0.803824
v 19.709766 39.460884 -2.820950
v 19.689047 39.822197 -6.294534
v 14.734630 35.740311 -3.466745
v 13.675274 36.651997 -2.368040
v 18.942560 37.459213 -2.229889
v 13.877582 34.243076 -0.362244
v 16.105450 39.438271 -6.323029
v 14.412759 39.915257 -3.669547
v 13.420159 37.149467 -2.008962
v 19.360937 37.341095 -6.771337
v 15.134890 35.347809 -3.121025
v 14.761000 41.274361 -7.980156
v 14.697869 39.673832 -1.083296
v 11.427108 36.775089 -1.840128
v 13.871677 39.513763 0.202660
v 14.894055 38.330704 -4.055809
v 12.019362 37.938671 -5.237274
v 12.176552 33.992523 -4.255985
v 10.321484 36.366863 -1.887142
v 10.786967 39.123493 -0.531792
v 16.855301 38.597233 -1.515664
v 13.766182 36.415051 -6.484427
v 14.239971 34.071896 1.889002
v 16.533386 37.735111 -1.569343
v 11.993591 39.442539 -2.530422
v 21.097034 41.690754 -2.687199
v 18.797701 36.922043 -4.261083
v 13.791572 36.075489 -0.820141
v 11.756023 36.691856 -3.884313
v 17.997000 40.465153 -4.390846
v 15.850958 36.637943 1.142816
v 14.669208 35.481140 -6.521781
v 10.113569 37.400810 -5.068158
v 10.780373 36.869846 -2.783171
v 17.619757 41.116581 -3.483217
v 13.955091 35.267361 -2.266479
v 15.708006 37.335857 -6.362046
v 11.641499 39.145618 -3.750565
v 11.142741 36.480358 -3.416494
v 10.832409 36.942635 -1.921492
v 15.118704 39.959499 -5.487854
v 15.829504 35.909210 -6.722486
v 10.511841 35.977680 0.205316
v 12.037879 36.201363 -0.488675
v 11.388701 35.816196 -1.488551
v 14.079361 39.787659 -1.719030
v 17.109053 35.062057 -2.538962
v 11.140167 37.131428 1.303549
v 12.340298 42.494965 4.087761
v 14.630133 41.318985 4.751612
v 16.954123 47.411442 5.401605
v 15.921840 47.797916 12.119758
v 11.017575 45.117477 7.397387
v 15.121192 41.655220 3.922169
v 15.445114 46.852367 6.870917
v 12.283791 44.527996 2.743566
v 16.994608 46.098083 7.820719
v 15.179320 40.246708 4.574503
v 14.687154 41.153664 3.380974
v 17.227646 46.448730 5.341509
v 11.265110 43.644405 3.293258
v 18.022448 44.558601 4.671616
v 15.237554 39.181934 2.102245
v 10.792481 39.983208 2.482278
v 10.730596 42.605167 3.142128
v 15.180987 45.598839 5.097693
v 19.930233 43.164680 4.228477
v 12.947358 38.711708 4.642723
v 9.738430 40.612389 3.783074
v 12.839734 40.053448 8.240026
v 15.348106 43.907635 6.355516
v 12.212440 47.104874 5.578206
v 8.924168 41.942165 3.368413
v 13.331211 42.199306 3.783689
v 13.705504 43.064686 5.219910
v 12.482546 49.034004 7.257265
v 14.859772 45.390568 9.571165
v 10.629888 42.649284 8.647526
v 12.097528 41.519375 2.679135
v 14.509020 47.463066 6.708943
v 11.977274 42.384819 10.171834
v 19.892450 44.355843 6.132056
v 13.010581 41.467285 1.067885
v 11.312607 40.751324 3.830570
v 13.611351 47.155430 3.593627
v 13.177072 40.731590 4.983238
v 18.544111 43.281651 2.042001
v 12.124181 41.797054 2.727009
v 13.844020 39.604610 2.908469
v 15.329741 38.694405 2.671506
v 14.372664 45.952446 1.878321
v 16.932816 43.521496 6.066583
v 11.724907 41.250603 4.852881
v 12.211148 39.646515 4.844993
v 15.809723 38.950802 5.037270
v 11.733747 45.509983 3.233619
v 12.462062 45.026283 7.946183
v 9.453581 41.597549 4.370445
v -2.715233 31.213135 -24.477112
v 1.785288 33.400501 -23.310341
v -0.206762 31.863268 -28.889025
v -3.683689 32.655239 -27.404400
v -2.757166 28.168327 -24.966564
v -3.193568 29.517410 -22.082891
v -2.154380 28.912745 -28.698118
v -0.446350 26.633320 -20.751711
v -5.446790 31.198685 -23.191269
v -0.470712 32.320789 -20.376331
v -3.268333 30.857548 -18.945528
v -6.879932 30.103891 -26.231178
v -5.326479 28.397930 -19.167507
v -5.988190 34.190769 -21.801680
v -0.394125 33.574478 -15.754045
v -4.143284 30.449270 -17.229874
v -0.831035 32.792049 -13.409150
v -3.613885 30.764914 -19.841160
v -7.455556 31.238062 -19.426401
v -6.065672 27.496056 -14.322592
v -0.033976 29.247353 -15.144543
v 0.387781 27.144806 -15.168598
v -3.194080 29.042368 -19.965034
v 0.243332 31.636585 -19.204573
v -0.514403 32.065842 -14.186536
v -2.542114 30.851162 -26.198053
v -4.236199 31.858276 -21.342079
v -3.516695 34.372875 -28.623899
v -3.856651 29.090061 -28.224817
v 0.406906 29.820892 -24.616428
v -2.135794 29.224195 -21.660057
v -1.187065 32.493240 -23.835825
v -0.018626 29.234474 -21.573519
v -2.071378 27.326656 -24.695257
v -5.541708 30.059698 -20.765287
v -4.661842 30.487484 -18.094967
v -5.494078 33.758369 -24.490084
v -2.438931 29.462240 -17.864618
v -10.148721 30.204559 -22.852409
v -5.888498 32.173157 -15.985007
v -5.110932 30.091524 -15.473815
v -5.185733 31.874935 -14.396123
v -7.785186 33.436832 -21.347855
v -4.748579 28.938492 -20.883402
v 0.343828 29.400162 -15.652988
v -1.918012 29.682426 -16.200089
v -0.664847 27.973957 -12.540711
v -1.204002 32.463146 -19.299839
v -2.223743 27.996191 -21.247334
v 2.352045 30.829870 -14.638647
v -14.558150 37.905136 -14.144077
v -11.853512 40.352673 -13.404335
v -17.826794 40.372902 -17.984118
v -19.272116 42.082573 -10.139889
v -18.591272 35.868214 -11.137395
v -14.148675 35.795868 -11.683296
v -18.108238 37.803715 -11.752027
v -14.648533 33.872078 -10.037209
v -17.936174 39.051918 -7.938731
v -13.502262 38.157345 -9.361780
v -14.169991 36.467953 -8.682443
v -20.234924 37.817654 -10.359539
v -13.250853 34.389210 -5.396398
v -18.491608 41.005505 -5.435323
v -10.671055 38.448990 -7.752818
v -12.381866 34.229534 -8.268888
v -9.248934 37.595829 -7.679570
v -15.600502 37.311630 -7.572017
v -17.407719 37.685429 -4.492777
v -14.044113 32.398376 -5.319558
v -8.466187 32.320499 -12.464299
v -8.483713 35.965206 -6.334773
v -10.951142 35.139912 -12.058640
v -17.764225 34.781857 -9.649395
v -8.990005 29.826534 -8.342244
v -14.689949 37.512913 -12.105495
v -14.658957 38.615639 -6.549632
v -16.945793 43.074772 -12.655815
v -20.853024 38.283310 -14.577534
v -14.510661 36.268921 -12.614379
v -13.804153 35.500153 -13.011897
v -15.579847 39.922932 -10.585348
v -10.013079 35.137726 -11.120080
v -18.198519 35.822647 -10.732633
v -12.860100 36.592758 -5.375547
v -12.467476 35.919685 -9.696115
v -15.099783 41.201981 -8.623110
v -11.145079 35.126373 -11.338946
v -19.004763 38.201836 -5.957712
v -11.330889 37.436901 -3.901906
v -12.801341 33.947353 -8.546203
v -12.218834 35.741894 -1.872717
v -17.540537 39.464211 -6.008456
v -15.376533 34.923897 -4.626625
v -10.518946 33.337208 -8.254886
v -8.862078 32.599281 -11.799372
v -11.045712 32.484283 -6.855556
v -13.576116 37.081097 -9.718918
v -14.407789 31.845327 -10.843738
v -7.424863 32.999519 -11.335955
v -12.119665 34.472099 -16.982576
v -7.938892 37.012646 -14.609226
v -13.913451 35.576218 -19.148163
v -16.358656 36.883450 -16.011749
v -11.051156 31.615107 -16.010244
v -10.582342 33.163124 -13.999713
v -14.557872 32.735619 -18.058582
v -10.696276 30.465107 -12.385225
v -17.589741 36.128426 -14.658787
v -12.848899 35.906544 -14.819392
v -12.974858 33.561710 -12.389600
v -14.324414 33.919037 -12.612287
v -10.085601 31.369892 -9.176355
v -17.167753 37.136070 -14.042973
v -11.162628 36.517403 -11.030924
v -11.313260 32.988270 -12.721179
v -7.878257 35.804989 -9.667107
v -15.285631 35.303654 -12.996784
v -14.740279 34.321083 -9.079433
v -8.208165 30.845240 -8.889404
v -5.447450 32.200855 -12.621595
v -5.461590 35.254185 -8.529280
v -11.724852 35.324360 -18.237314
v -13.904843 31.666321 -15.473249
v -7.380355 29.903025 -10.469728
v -10.814176 34.240528 -17.514244
v -13.203288 35.886021 -11.084877
v -13.607416 38.303432 -19.133148
v -14.975786 32.906513 -20.690372
v -9.767702 33.205845 -13.918346
v -11.766364 33.005924 -15.752510
v -15.845045 36.225208 -18.354769
v -6.999918 33.306549 -15.194704
v -18.851440 31.853533 -17.034163
v -11.583804 33.421486 -11.142401
v -11.458092 33.502892 -11.834461
v -14.450073 37.303574 -13.584899
v -12.018903 32.797565 -13.860936
v -15.763323 34.189449 -9.474759
v -11.642315 35.766117 -9.549072
v -10.015546 32.450073 -11.854004
v -11.138350 33.642624 -8.118104
v -13.731087 37.256367 -12.783732
v -17.296597 31.973299 -11.567885
v -8.315743 32.328033 -11.115593
v -7.512511 32.215450 -14.062136
v -6.046538 31.767939 -8.297516
v -10.082216 35.936962 -12.855563
v -9.481260 31.438221 -17.915356
v -3.165815 33.519253 -10.640451
v -5.354141 41.706676 -10.851974
v -9.427298 42.539112 -14.572359
v -11.860016 46.194458 -10.485426
v -6.805197 48.647354 -9.259497
v -7.339206 42.440529 -7.575058
v -5.998754 40.764324 -8.635738
v -9.807288 45.539803 -8.574342
v -10.807634 40.387413 -5.416993
v -7.270795 47.912846 -7.447826
v -7.991077 42.696766 -9.925032
v -6.286277 40.269897 -10.355314
v -8.007515 46.120392 -7.695827
v -6.451912 40.463749 -3.816852
v -4.974407 47.397251 -7.474288
v -6.582256 41.136341 -9.817033
v -2.490229 38.122700 -8.683084
v -3.303198 40.187180 -6.934533
v -6.602303 44.241249 -7.785734
v -4.810172 44.745583 -2.901626
v -7.911648 38.244209 -6.483812
v -7.401862 37.197678 -10.476113
v -3.491747 39.181961 -7.202380
v -7.159654 42.620720 -7.504958
v -9.912222 42.727379 -5.557662
v -6.598799 36.399906 -6.404547
v -6.968880 41.383995 -10.036697
v -4.013304 43.136681 -9.892551
v -7.034641 47.344040 -10.608315
v -11.544853 46.284523 -5.850939
v -8.571011 40.296585 -6.873342
v -7.703933 40.460819 -9.705144
v -7.313004 45.869411 -11.131166
v -8.649888 39.619450 -8.515285
v -12.980414 44.932156 -6.507931
v -1.730479 41.926224 -4.818896
v -4.283665 39.697372 -10.344744
v -6.968129 45.988964 -7.374194
v -7.021651 39.013416 -6.495750
v -7.110584 46.010052 -6.751184
v -3.727461 41.189724 -8.163842
v -5.234765 37.978561 -7.903024
v -2.784334 38.687725 -4.591132
v -3.431907 44.383823 -6.940091
v -6.097349 42.647621 -3.447131
v -7.810732 38.631809 -8.648234
v -2.681395 37.034885 -9.789401
v -4.036379 37.914196 -3.085102
v -5.634851 43.223221 -7.636231
v -7.469486 40.729431 -5.593080
v -4.398929 36.250813 -10.352775
v -2.131780 41.360214 -13.667253
v 1.411234 42.658958 -10.074341
v -1.826806 47.491623 -12.729098
v -2.770625 47.572197 -8.495879
v -0.704135 41.837082 -13.569834
v -1.890935 40.316425 -12.789084
v -2.007358 47.399933 -10.557311
v 0.468537 41.117588 -7.824551
v 2.407665 46.154369 -11.172836
v -0.731974 40.791878 -13.477100
v -0.792059 39.465111 -11.015814
v -0.063550 44.937641 -14.121224
v -3.420136 40.055763 -11.023446
v -0.594899 46.396416 -12.027328
v 1.969260 40.005714 -7.354543
v -1.260091 38.517807 -11.449106
v -0.982140 39.194218 -11.388772
v 1.154170 45.060612 -8.945725
v 6.062418 43.077461 -12.174670
v -1.173698 38.659081 -8.806557
v 0.289295 37.897846 -11.091833
v -0.148338 39.052086 -9.453171
v -2.929374 44.302120 -8.139464
v 3.495600 44.433994 -6.853494
v -2.044830 38.811203 -8.507582
v -3.807915 40.909153 -13.329115
v 1.946909 41.258972 -13.426997
v -2.472028 46.703033 -12.337835
v 0.500125 47.037769 -10.780307
v -1.155864 41.593227 -7.716831
v -2.225270 39.877399 -12.018146
v -4.243209 45.917126 -11.820483
v -2.432657 41.781441 -9.542888
v 3.708897 45.762894 -8.662172
v -0.296717 39.870380 -10.971577
v -2.615427 38.719410 -12.418238
v -1.698423 45.191811 -12.576371
v -4.096322 39.976105 -8.125794
v 5.265788 44.411732 -10.933585
v 0.206947 38.837051 -10.974370
v 1.107287 38.033165 -12.474199
v 1.454464 37.578632 -11.355419
v 2.053345 43.474350 -13.634724
v 3.035332 43.668465 -10.019713
v -3.335142 39.552849 -8.120201
v -2.514116 37.544014 -12.980359
v 2.703047 38.587929 -9.700881
v -2.356454 44.202217 -11.635470
v -1.968379 43.436417 -3.097903
v -2.170793 38.411224 -8.663660
v -2.086666 36.097012 -21.780077
v 2.361012 33.363640 -19.384033
v -5.642072 36.184849 -25.362204
v 1.841018 39.090374 -23.228142
v -5.621347 39.235085 -19.355354
v -3.903259 35.242989 -20.128859
v -5.218237 37.223663 -25.096966
v -3.768258 38.515938 -17.717417
v 1.776754 36.931351 -22.368307
v -2.823047 32.981071 -20.729881
v -5.936656 35.251293 -19.604044
v -9.371017 36.292610 -23.117523
v -6.299158 38.288086 -16.995083
v -2.753417 35.523010 -24.119528
v -3.368519 32.855598 -17.274710
v -4.930811 34.835800 -18.894197
v -5.375582 37.031853 -15.926357
v -5.916531 37.937317 -21.612623
v -7.708696 34.136734 -22.581015
v 0.731437 32.965626 -14.822128
v -1.768242 35.400864 -17.702713
v -3.014024 37.533085 -14.069417
v -3.100733 39.925594 -20.615717
v -5.462493 34.771137 -22.054705
v 4.523914 34.161015 -15.648421
v -2.119247 35.819523 -20.519144
v -3.987663 35.243122 -18.284372
v -4.290805 39.662529 -24.903362
v -1.944292 35.592823 -23.694717
v 0.075887 36.326313 -18.886915
v -1.460238 35.770748 -18.979101
v -5.365959 39.202011 -23.707138
v -0.752067 36.479637 -18.653727
v -0.945298 34.456894 -23.968927
v -6.402199 35.044697 -18.037838
v -1.323480 35.306675 -17.617226
v -1.927230 39.226856 -20.833696
v -3.163589 35.375687 -18.767868
v -5.957162 33.814148 -20.168045
v -6.551954 35.852627 -16.454779
v -4.017394 34.859367 -15.462850
v -4.028991 33.887932 -14.470535
v -6.381940 37.424637 -19.399757
v -4.066161 33.768890 -22.477940
v 1.554853 35.759583 -16.457228
v -1.896565 35.160225 -14.978132
v -2.380265 33.278275 -16.106647
v -3.614356 38.194489 -21.392319
v 0.314583 36.375935 -20.151880
v -1.376467 38.185303 -13.711062
v -12.782871 37.153629 14.179825
v -15.971430 39.832119 13.825745
v -21.180490 38.934849 15.789925
v -17.509089 40.315701 22.240864
v -17.912773 35.427219 15.192805
v -12.270646 35.520535 14.266700
v -18.784624 36.529591 15.599001
v -12.712019 33.161346 15.492561
v -12.348372 38.506336 20.083645
v -12.223810 38.328285 15.446188
v -9.108842 36.052971 12.785145
v -13.981136 37.649822 20.013889
v -10.526118 34.845875 15.116583
v -12.065351 41.091564 18.135841
v -10.813812 38.340687 14.026486
v -6.743658 34.318630 9.129934
v -5.887983 37.179184 11.851230
v -11.213982 37.731468 16.301834
v -7.078416 36.815880 16.199114
v -7.179121 31.845875 12.474871
v -8.653444 33.172932 6.189610
v -9.642797 30.832375 8.212889
v -14.611161 34.524193 13.150387
v -16.851997 37.276546 9.609107
v -7.853675 35.825909 7.733242
v -15.000441 37.246769 12.588955
v -12.338025 38.248402 18.274942
v -19.647224 41.843346 17.041790
v -20.326750 36.932129 22.528433
v -15.493563 36.231853 13.464953
v -11.610330 34.939716 14.055010
v -15.227775 40.068314 18.278887
v -14.669056 34.726849 12.244769
v -17.647268 34.875004 19.277758
v -11.371622 35.681122 15.776538
v -8.664097 36.257797 11.194661
v -16.453569 40.037724 17.105995
v -10.711959 34.569481 15.128127
v -10.764097 37.773003 18.802467
v -6.630941 37.778896 14.497776
v -6.738364 34.029793 10.516502
v -7.358837 35.536922 11.131782
v -11.406449 39.661709 14.710960
v -9.459143 34.776276 19.125502
v -11.910685 33.795727 9.272678
v -8.543457 32.740944 6.348181
v -6.454455 32.232914 9.158508
v -10.335511 36.915405 10.844963
v -14.980501 32.906410 14.778998
v -13.295067 33.622555 4.420363
v -17.943087 36.370964 5.434192
v -21.803089 38.791508 3.532394
v -25.098688 37.506416 8.563096
v -22.395121 38.652676 10.418260
v -20.174126 34.590916 7.223121
v -17.103537 33.962471 4.383698
v -22.137144 34.877010 8.785318
v -17.141697 31.612453 9.411451
v -21.968985 36.930191 10.822912
v -17.310989 37.094879 6.611084
v -15.038865 34.624134 7.449392
v -20.785452 34.851494 10.762213
v -15.180014 32.675190 7.777664
v -17.410101 37.480530 11.573918
v -13.794940 37.355663 6.938559
v -14.273409 32.684582 6.283254
v -14.242898 35.361706 6.338398
v -19.266403 34.375107 7.355365
v -15.434763 33.856766 14.078444
v -16.186510 30.594013 8.351190
v -11.346214 31.610617 3.727156
v -14.567816 29.402609 5.006514
v -20.016932 32.234856 9.079023
v -22.008841 34.316040 1.840246
v -12.251876 34.993668 3.229139
v -19.581264 36.104019 5.703900
v -17.115160 37.658199 9.048410
v -26.262554 40.722260 5.960959
v -26.372780 35.917759 8.036253
v -21.968109 34.874413 5.678640
v -16.174088 33.565342 5.020581
v -20.022560 38.049809 8.964615
v -17.901739 33.309723 2.398300
v -20.974161 33.520008 10.817306
v -14.355351 34.215359 11.875774
v -13.551560 33.978092 5.099146
v -18.523264 38.594711 9.984746
v -14.753998 34.001526 5.235838
v -17.047850 34.407452 14.694894
v -11.387307 35.095192 9.391798
v -12.427637 32.357395 7.160090
v -13.265891 33.219273 9.628241
v -15.069731 37.436615 11.050530
v -17.263290 31.820709 11.994791
v -11.063360 32.671227 6.586680
v -12.414500 32.062489 1.076250
v -11.512117 30.792770 5.507374
v -15.512699 34.869137 6.944281
v -19.501038 30.549604 4.603512
v -10.842208 31.780796 2.825030
v -5.683175 47.416248 -4.004521
v -7.560922 48.821133 2.454796
v -2.229412 53.312267 -2.520208
v -7.648539 53.311848 -2.659655
v -3.697081 46.965099 -3.456868
v -4.393529 44.400963 -3.898512
v -2.962632 50.747887 -1.567578
v -5.637586 44.190632 -4.288623
v -6.802719 50.058578 -2.233727
v -5.399717 45.630932 1.304636
v -5.797239 42.912609 -4.432450
v -12.123441 47.794907 -2.005706
v -9.677891 43.926144 -1.269164
v -4.180782 48.303448 -2.426717
v -3.774647 42.509998 -2.723245
v -8.612021 40.280624 -3.813671
v -8.072914 41.967361 0.160659
v -4.433068 47.233238 -0.737835
v -6.910058 44.975292 -2.108913
v -4.388013 40.611309 -3.384753
v -1.319975 39.670986 -1.448431
v -2.503117 39.997005 -0.496110
v -3.754028 45.727036 -6.386441
v -4.365646 46.462292 1.926364
v -5.184506 40.901939 3.293510
v -6.167511 46.269512 -2.409544
v -9.193675 47.485184 0.223574
v -5.306580 53.081440 -4.087951
v -1.811135 52.512672 -4.399134
v -0.133268 47.007183 0.246320
v -4.629124 43.610897 -1.949853
v -4.027057 50.353394 -1.470249
v -1.277952 44.697739 -2.004316
v -6.192947 49.593189 -6.720109
v -4.496643 44.012661 -0.324306
v -6.367126 41.996048 -3.623102
v -8.629661 48.709743 -2.918795
v -2.867253 43.571918 -1.485374
v -8.352187 47.417233 -4.449741
v -9.329227 42.022255 -1.412714
v -7.478951 40.080505 -2.646036
v -9.162559 40.089314 -0.266043
v -6.032675 46.804897 0.748158
v -4.029849 44.736481 -5.287702
v -6.552255 41.093910 -0.265987
v -3.931223 39.213593 -0.941809
v -5.096423 39.779175 -2.460527
v -8.093379 45.537868 -1.476083
v -1.742576 45.381805 0.711313
v -1.175040 40.525154 1.849096
v -10.992346 43.073269 -4.323849
v -12.741577 42.029133 -1.357176
v -17.249203 47.310688 -3.520645
v -10.929889 48.938515 -5.361011
v -9.725700 44.563015 -0.348137
v -10.129827 41.004845 -4.018452
v -17.987053 45.025818 -2.802372
v -14.120453 42.604439 -0.803302
v -13.981302 46.033539 -5.183479
v -12.824477 40.226139 -5.263009
v -11.835190 39.975502 -1.049615
v -16.029472 44.259418 -0.948014
v -16.207598 38.605370 -1.924332
v -17.529232 44.987720 0.361666
v -11.098439 41.939957 1.184487
v -11.305087 38.426090 -0.454271
v -10.858813 40.821926 0.417780
v -9.041958 45.101707 -0.842532
v -18.078077 42.119045 -0.722512
v -13.513686 37.302528 -1.628585
v -5.558719 38.759827 -1.760118
v -11.688666 39.974289 1.982087
v -7.095838 45.161293 -1.285311
v -12.739206 42.945190 -6.651718
v -5.321037 38.472393 -1.424082
v -13.186910 42.206264 -4.588402
v -15.903102 42.665695 -1.757072
v -10.125486 49.043804 -2.099652
v -14.804412 46.368763 -2.878260
v -8.639549 42.847214 -4.581910
v -9.839597 40.407970 -2.805343
v -16.234625 47.090263 -3.963957
v -8.147408 42.400856 -4.427108
v -15.971817 43.240124 -6.586182
v -14.483882 40.034737 -1.080222
v -12.886653 40.102680 -0.831939
v -12.543592 45.695278 -0.975574
v -8.599303 40.391632 -3.507047
v -19.304672 42.118374 -1.310426
v -10.211545 39.733364 2.368684
v -10.189110 38.185604 0.687307
v -11.654354 37.568241 3.240658
v -11.836288 44.387920 1.150475
v -15.184896 42.186569 -5.677706
v -7.036978 38.991577 -0.822213
v -8.462883 38.046986 -0.358939
v -9.620581 38.148640 1.374507
v -10.502911 43.434814 -2.451484
v -5.398442 43.021435 -4.544252
v -6.154620 39.954929 1.545462
v -5.405784 42.955017 3.497626
v -11.808229 43.724274 8.252572
v -7.452015 48.615433 7.363374
v -8.436885 49.476753 5.203907
v -4.879331 44.137501 4.093498
v -7.724210 42.510139 2.264878
v -6.455932 48.161324 7.874895
v -4.337844 43.230412 5.174713
v -8.484939 48.216274 4.046316
v -8.969759 42.861519 7.913243
v -8.746062 40.956814 4.034795
v -5.424506 48.111370 6.985926
v -5.258059 42.126045 0.233728
v -14.433153 47.407825 0.034674
v -9.086743 41.886021 7.354097
v -7.296724 39.919079 1.030045
v -8.287683 40.652473 6.047570
v -8.381408 46.224216 5.847326
v -11.887346 46.513191 -0.607253
v -7.019508 40.432102 2.498188
v -9.089151 39.655468 1.674202
v -10.390834 40.563805 4.886090
v -2.817696 45.182281 7.522448
v -7.568285 45.190742 1.305859
v -1.442448 39.619488 5.961687
v -9.423193 42.308552 2.873942
v -13.143586 43.489479 3.149327
v -10.228932 48.798752 4.320936
v -4.817563 49.066952 6.073453
v -8.019912 43.183319 7.791272
v -6.372614 41.218269 3.949602
v -8.193748 47.901413 6.020966
v -2.321520 42.554882 7.625393
v -5.817400 48.438480 2.039243
v -8.186096 42.387051 4.047615
v -8.883025 40.676453 2.546436
v -10.618948 47.220230 5.056084
v -5.523411 41.861652 6.903463
v -10.562819 47.356377 -0.417404
v -12.094198 40.749863 1.418051
v -10.901208 39.622272 0.511335
v -8.502174 39.970222 0.283606
v -12.948378 45.408005 3.146257
v -5.079603 45.349918 1.079995
v -5.154591 40.795082 6.638464
v -6.564199 38.711128 4.353901
v -3.875482 40.371925 3.495060
v -8.311404 45.607182 3.335518
v -1.945833 44.181690 6.651359
v -3.727821 38.810509 7.821807
v -14.309827 39.475933 8.506801
v -14.844880 42.513977 6.759969
v -21.377756 43.812859 9.424629
v -16.986061 41.811241 15.082994
v -15.659932 38.122257 10.980149
v -15.818392 38.856953 5.937349
v -19.690134 42.015991 13.273344
v -15.901773 37.405956 7.430167
v -15.695566 40.967365 13.417657
v -14.053307 41.299450 8.173669
v -14.126681 38.620846 8.175637
v -16.377401 40.846458 10.539113
v -17.664576 36.536457 9.339959
v -13.337860 42.091118 17.106441
v -12.289754 41.414497 7.311878
v -10.192543 38.393711 7.464082
v -10.043705 40.384701 5.756072
v -15.197203 42.541504 12.168081
v -15.262676 38.927280 16.902147
v -11.829966 36.004578 9.339979
v -11.859269 38.535694 6.169072
v -8.959743 40.116192 9.927030
v -17.327105 43.862846 5.511739
v -20.359516 40.257061 9.808751
v -15.962192 37.297943 6.762381
v -12.942578 39.698956 6.632432
v -13.178521 39.310722 10.877469
v -17.008223 44.975391 9.978693
v -21.175144 40.617126 9.432408
v -15.904140 40.316231 8.580795
v -11.166929 38.900421 7.307115
v -18.504562 43.387634 11.893776
v -16.453640 40.225052 6.917118
v -19.646156 39.586445 10.855989
v -13.174573 37.791576 13.889228
v -12.148492 38.000416 8.973036
v -16.725733 43.851795 11.499267
v -15.291927 38.948864 6.034625
v -14.385370 38.905529 15.343372
v -12.711474 38.966335 9.873525
v -13.614969 37.298981 6.747778
v -13.477480 36.965302 8.918842
v -12.077902 42.134655 14.144853
v -17.947308 38.755226 11.464162
v -13.623559 39.094486 4.514554
v -12.191110 38.160675 5.776847
v -11.070503 36.663799 9.115284
v -14.936911 41.551418 12.546509
v -17.655104 41.632301 6.330770
v -13.692476 40.008778 3.337081
v 8.648704 39.078632 -14.493664
v 6.675287 39.760189 -15.082779
v 12.702462 45.497356 -14.044173
v 15.055064 42.111408 -19.089123
v 10.121345 39.194401 -12.648068
v 6.421351 38.506447 -11.256113
v 5.860924 45.366047 -14.346877
v 9.597949 39.379288 -10.189374
v 8.967749 41.519588 -14.406171
v 1.706965 39.334171 -13.344955
v 4.476368 37.467133 -10.832130
v 4.905034 44.062859 -9.232312
v 11.817101 38.176228 -6.072229
v 7.080855 42.558861 -11.944041
v 0.353639 39.479733 -9.439068
v 3.358780 34.819946 -6.292208
v 6.812748 36.143406 -6.238082
v 7.477517 40.526012 -8.890859
v 2.068712 41.307205 -7.702370
v 3.140764 34.484650 -8.378341
v 7.365257 33.083824 -9.547232
v 6.828166 32.772526 -11.708485
v 5.900692 38.928226 -10.034733
v 11.892041 38.578556 -9.372389
v 8.349565 35.439949 -6.159137
v 7.042311 38.882149 -14.846294
v 9.022382 41.049210 -9.755464
v 13.010206 44.274189 -12.920044
v 9.662985 43.303188 -18.767414
v 9.247291 37.512962 -12.598483
v 7.669091 37.818882 -11.827482
v 9.433949 42.923592 -14.450268
v 8.448341 37.438759 -15.890400
v 3.894628 43.756058 -13.271729
v 4.244061 40.261822 -9.848655
v 6.300676 37.352535 -8.115812
v 8.258026 42.574707 -9.091791
v 8.115668 36.371464 -11.037801
v 0.106525 43.543926 -10.775582
v 4.463458 38.946274 -2.388358
v 4.937777 34.199154 -8.374325
v 3.007135 35.804794 -3.014193
v 3.186438 40.926945 -6.904523
v 0.177439 39.558205 -9.963761
v 6.406301 34.336746 -7.738046
v 5.099296 32.650871 -7.397757
v 3.844239 34.335854 -7.720428
v 7.831473 39.697605 -7.707561
v 9.055682 36.643742 -14.894716
v 4.941407 32.481625 -8.301497
v 18.505230 26.779222 -12.016546
v 16.340757 29.680920 -12.939332
v 24.108471 27.323826 -14.936923
v 23.704227 27.651199 -17.503393
v 19.404911 24.337446 -15.384477
v 15.002800 25.275715 -13.658744
v 24.874046 24.192936 -13.142943
v 15.899357 22.418373 -11.635944
v 18.725920 25.698442 -18.164238
v 16.716728 28.097404 -10.076316
v 13.198140 26.758125 -12.395761
v 19.383286 25.985823 -16.237360
v 14.629261 24.548794 -12.457824
v 16.256973 28.609213 -15.529508
v 16.287846 29.563120 -12.038127
v 11.477659 25.653076 -13.537029
v 15.282312 28.441700 -12.072222
v 18.361828 26.275290 -14.104483
v 14.516460 26.097061 -16.340141
v 11.434947 23.253620 -11.918825
v 12.591458 24.904850 -10.144642
v 13.557511 22.198442 -6.389252
v 18.455545 23.416445 -12.723297
v 19.464537 25.885319 -8.488525
v 16.570257 27.916800 -7.347285
v 19.329920 26.540703 -13.039902
v 16.488104 27.824978 -14.628883
v 25.626131 29.904743 -14.216043
v 23.102301 24.243259 -14.180925
v 19.525982 26.214382 -10.149312
v 16.494204 25.552176 -12.948636
v 19.870905 27.522470 -14.556519
v 18.193632 24.793625 -9.268358
v 20.500046 22.609411 -17.982512
v 15.043380 25.481056 -13.662893
v 12.314199 26.404522 -13.934855
v 19.553623 28.741007 -14.461012
v 15.820379 25.286520 -9.076361
v 20.016581 24.686312 -16.795242
v 14.634799 27.107965 -13.113932
v 10.236291 25.755926 -12.084430
v 9.958631 27.212936 -12.837949
v 14.798657 28.842796 -15.311328
v 20.082132 23.840477 -14.684999
v 15.678871 24.442429 -10.412586
v 11.719898 24.888071 -7.066320
v 13.808077 24.641659 -8.511368
v 17.522566 26.683260 -10.972151
v 18.007126 22.855556 -8.872561
v 12.849245 26.060579 -4.257279
v 6.294743 31.251762 -19.379564
v 9.008111 33.955208 -18.516529
v 9.210938 32.351456 -21.166840
v 4.292733 33.467659 -24.590801
v 6.929893 28.619667 -18.251110
v 6.104279 29.746929 -16.721872
v 12.577740 30.347811 -21.130247
v 8.420958 27.703699 -15.683595
v 4.534942 33.106297 -21.916777
v 8.892177 32.431255 -15.203754
v 2.801142 30.366745 -15.615789
v 7.188853 30.938093 -20.258570
v 5.559822 27.573433 -14.186483
v 5.876888 34.482925 -18.230255
v 5.817193 32.891758 -12.270921
v 3.147543 29.165827 -13.343280
v 7.551500 32.045792 -10.802629
v 5.640628 31.229259 -17.358835
v 3.202151 30.435913 -16.277575
v 6.081477 26.953106 -13.049998
v 7.315858 28.137568 -12.434425
v 9.315687 30.943298 -12.169637
v 10.028621 31.379911 -14.781596
v 8.825247 28.430914 -16.999165
v 8.412209 25.932133 -11.637450
v 7.543569 30.592276 -16.963087
v 6.435877 32.090477 -16.977398
v 9.782637 35.235443 -20.769651
v 9.132883 30.560865 -24.745182
v 10.497574 30.005402 -16.720148
v 6.532463 29.788952 -17.637737
v 10.629292 33.787819 -19.101286
v 10.425204 29.156679 -15.724088
v 4.877460 29.462360 -22.491798
v 1.613928 30.133284 -15.778685
v 2.232274 29.784063 -16.413305
v 7.691491 34.218842 -18.451038
v 10.151559 29.833330 -14.912952
v 2.085685 30.325220 -18.875521
v 4.560589 30.965727 -12.408051
v 5.929945 28.728788 -13.658798
v 3.301989 29.125879 -11.497224
v 4.172055 33.093708 -16.617382
v 4.145619 28.483906 -17.538736
v 10.338213 28.444218 -11.472200
v 7.010312 28.484217 -12.903129
v 4.889868 27.680008 -14.136032
v 5.544942 31.973240 -14.896649
v 11.766353 27.920877 -16.490379
v 8.192942 28.379572 -12.180979
v 3.922227 38.559307 -8.664277
v 9.969900 39.062275 -10.881987
v 3.322129 44.533730 -9.320227
v 8.035405 44.790710 -7.961514
v 8.225779 39.562088 -3.830219
v 6.922509 36.952652 -7.960480
v 2.796304 42.845146 -6.813384
v 5.517144 37.535603 -4.552761
v 8.912202 43.115566 -2.852332
v 5.478401 37.812637 -8.187042
v 4.597013 36.208561 -7.324440
v 6.085867 42.692791 -4.742647
v 7.083740 37.101143 -1.406042
v 8.562735 41.970982 -6.785946
v 9.246862 36.478821 -5.833527
v 4.610412 34.291019 -7.281932
v 9.794688 35.135914 -7.802602
v 7.236260 40.834366 -9.365067
v 9.674562 40.768181 -4.175739
v 6.322980 35.101925 -3.349165
v 7.349150 33.525150 -7.547966
v 6.216299 34.783916 -6.487104
v 1.933058 39.887188 -10.269356
v 6.801012 39.370327 -3.494340
v 2.392175 33.312466 -6.970022
v 7.556795 37.720455 -9.451216
v 8.232300 39.104313 -5.617936
v 9.292682 43.552723 -9.702687
v 6.132840 44.011429 -5.073112
v 4.254348 37.905079 -8.337178
v 4.614537 36.208977 -7.388098
v 6.245670 42.898796 -8.206218
v 1.392734 37.093063 -7.780792
v 4.659655 42.936333 -3.615088
v 6.572777 37.077316 -5.388063
v 8.064529 35.342358 -6.809691
v 5.527064 41.670776 -8.118168
v 6.832602 35.886448 -6.032844
v 7.505512 41.454052 -4.339747
v 8.495904 35.572811 -1.229117
v 5.774452 34.150036 -7.175102
v 8.482382 34.430950 -4.278277
v 9.392988 40.832485 -6.050025
v 6.132787 40.002876 -3.985657
v 1.777318 34.578136 -7.924838
v 5.702528 33.134552 -8.514260
v 3.567986 34.346603 -5.589378
v 8.050585 39.631062 -7.263505
v 2.428316 38.874844 -7.411777
v 2.371748 32.736137 -9.658060
v 13.204116 35.366413 -7.496132
v 15.471059 35.104767 -2.165281
v 16.137768 39.002682 -2.585021
v 10.218770 42.244755 -5.468798
v 11.887692 36.689514 -8.362551
v 10.590053 34.048691 -7.616363
v 12.916991 40.577682 -0.355466
v 12.087884 34.011768 -1.087019
v 15.912560 37.901314 -6.518364
v 10.654641 36.032360 -7.474485
v 10.005054 33.057098 -7.267472
v 15.484985 36.595585 -5.291284
v 13.144990 34.394596 -8.466080
v 16.256195 38.237564 -2.374871
v 9.748280 32.318913 -3.036443
v 9.506596 32.251244 -7.596220
v 12.570597 33.765644 -8.213280
v 14.991085 39.036518 -4.484792
v 17.335873 35.170422 -3.956590
v 9.809198 31.615396 -2.799860
v 10.087545 32.358498 -6.472969
v 7.833835 32.231831 -1.481223
v 10.906729 36.876450 -2.764289
v 7.455949 39.473648 -6.296690
v 10.177853 33.919422 -7.946661
v 13.270684 35.113358 -5.657666
v 15.023648 34.289974 -4.764225
v 14.608939 40.773724 -6.961273
v 14.403297 39.346401 -1.033585
v 11.721175 36.411629 -2.079713
v 10.681472 33.741631 -6.984292
v 13.492867 39.335896 -5.180933
v 12.672829 35.877617 -3.353181
v 13.421814 37.366230 -0.829414
v 10.974044 32.500084 -5.957273
v 10.905028 32.724773 -7.900644
v 16.830177 38.916348 -6.580429
v 8.328778 34.972542 -5.915078
v 14.435016 36.067017 -3.765723
v 14.741872 31.705736 -7.640038
v 9.258700 31.773376 -8.179964
v 13.066340 31.545055 -8.830924
v 13.202511 36.945850 -7.957439
v 13.052110 35.656670 -2.833081
v 6.328123 34.614597 -4.962473
v 8.228090 32.143024 -5.507506
v 11.272793 31.364594 -3.506173
v 11.453536 38.218555 -3.759863
v 8.371254 37.410366 -0.993203
v 5.300456 33.634666 -6.245743
v 13.750193 30.330002 -14.860677
v 15.852940 33.278164 -15.469623
v 21.680378 33.223553 -15.027002
v 18.519001 30.161860 -20.382088
v 14.469488 28.098694 -11.960802
v 14.237181 30.279654 -12.657190
v 19.566444 32.251667 -16.039040
v 14.691285 27.999052 -14.536201
v 14.023098 31.901344 -20.344341
v 10.666336 33.502567 -13.975824
v 13.115684 30.081045 -13.945911
v 19.591339 31.895771 -15.577186
v 13.366935 28.145172 -13.918732
v 15.878643 31.521997 -18.364155
v 12.749185 33.371273 -11.477118
v 10.140613 30.366613 -14.179671
v 10.264857 33.202007 -10.924056
v 17.267685 33.009167 -14.738312
v 12.692988 29.902599 -16.507774
v 12.464550 27.428478 -11.466147
v 11.828042 30.290682 -12.012527
v 11.355004 32.685665 -14.199759
v 15.923783 34.926632 -14.594375
v 16.661236 30.479994 -13.604295
v 16.279303 29.374224 -9.301878
v 15.632975 30.589083 -13.741356
v 13.393963 29.745262 -16.010906
v 19.012392 34.102654 -17.345699
v 18.543674 29.609230 -18.542494
v 14.607791 31.416908 -11.504761
v 15.000857 30.197119 -13.191488
v 16.926554 34.243172 -15.627411
v 15.987520 31.852962 -12.561707
v 16.396832 29.004152 -16.742220
v 12.895006 29.173374 -13.794123
v 13.688574 30.093439 -13.417994
v 14.242595 33.604843 -16.191610
v 13.777284 31.064571 -10.960012
v 18.615551 28.964525 -17.390520
v 9.679372 29.272696 -14.936451
v 10.470491 29.714649 -11.100340
v 9.858032 28.600903 -15.218529
v 10.923155 33.224354 -18.120724
v 16.492039 30.126509 -14.587284
v 13.958942 31.025238 -9.157580
v 10.431426 30.247047 -11.827442
v 11.960603 28.533644 -11.877523
v 13.893656 33.432846 -13.996901
v 18.220213 32.503883 -12.817677
v 14.426368 32.639778 -7.358922
v -19.745022 28.075127 -3.554320
v -20.718542 26.891243 -1.456658
v -25.811440 29.824083 -1.505633
v -27.103117 29.155777 -6.641149
v -22.826468 30.519690 -5.389153
v -17.979877 27.273596 -2.284452
v -24.971262 29.945700 -0.463105
v -18.350086 30.441082 -2.512043
v -28.214001 27.345640 -4.392109
v -18.034578 24.922243 0.043700
v -18.260130 28.266998 -1.936557
v -21.781561 31.452980 1.010301
v -17.782936 30.979771 -0.068294
v -23.532721 27.316841 1.128782
v -18.493120 25.529696 1.869731
v -13.828889 27.077158 -0.104273
v -10.973747 29.764927 1.659948
v -19.814804 28.890015 -0.119481
v -19.399561 28.438368 6.728247
v -16.039429 24.723263 1.444061
v -12.936486 25.589390 -5.247492
v -14.474421 22.792936 -3.428253
v -16.850407 25.716101 -0.047398
v -15.404938 28.383854 -4.800061
v -11.800586 28.799425 0.251205
v -18.554310 28.049591 -3.705535
v -23.749390 29.887712 -1.392918
v -27.429491 32.045174 -5.055169
v -27.034050 27.168922 -4.882269
v -19.379436 27.056183 -3.263972
v -19.543674 27.319931 -3.657540
v -24.402943 30.158873 -1.554528
v -17.766924 26.716587 -3.477252
v -25.189983 26.283798 -2.500695
v -20.149681 28.563961 0.537852
v -17.711002 27.623659 0.505004
v -22.752094 31.242752 -0.566446
v -19.094479 26.798523 -0.838449
v -23.596409 27.586084 3.525054
v -16.332638 30.059057 3.763533
v -12.556007 26.511168 -0.659498
v -11.543294 26.932798 4.350832
v -18.606339 30.875822 3.964868
v -18.631901 26.025608 2.532829
v -11.732823 27.310579 -0.080154
v -12.865391 25.873917 -3.918285
v -15.151118 25.639734 1.119959
v -16.745274 28.705023 -3.040450
v -17.049366 24.181536 -2.571941
v -12.853635 26.609455 -5.516368
v -13.238145 28.029085 -14.781451
v -14.549403 31.054533 -14.228689
v -19.201679 28.733671 -21.019108
v -19.042334 29.895832 -14.343411
v -13.471220 25.512697 -13.053432
v -14.198954 26.537064 -12.690361
v -15.064023 26.650291 -18.244688
v -14.389754 23.976536 -11.591355
v -17.077293 28.768242 -12.920532
v -11.365408 29.691673 -12.466323
v -12.857148 27.237366 -10.023571
v -15.462988 27.268507 -12.445719
v -13.012092 25.878231 -6.301398
v -18.371273 30.596462 -7.974656
v -13.552327 30.523539 -7.430858
v -11.691129 26.807447 -8.651668
v -10.763712 29.446815 -8.200021
v -16.156752 27.922285 -11.635753
v -18.198019 27.326742 -6.872376
v -14.062939 24.243053 -7.395702
v -7.029501 25.620287 -10.606441
v -9.130079 23.349302 -9.383798
v -13.121909 24.404924 -11.051960
v -8.271965 27.665565 -12.657060
v -9.816738 28.769707 -7.022079
v -15.049977 28.313820 -14.144338
v -16.738468 28.808887 -12.336471
v -16.116716 32.069443 -16.983665
v -17.552771 27.133778 -17.140703
v -12.116941 27.570206 -14.419135
v -15.046641 26.909353 -13.839875
v -16.644146 28.926908 -14.710720
v -10.954401 26.649456 -12.747002
v -16.208143 24.746639 -12.882259
v -15.638578 28.257626 -8.559806
v -12.916280 27.594561 -9.528666
v -15.842075 30.960287 -13.652731
v -11.551440 26.343050 -9.022451
v -19.522518 26.991884 -10.049577
v -14.582809 28.364908 -6.713126
v -11.504727 26.771053 -8.345793
v -11.115716 27.483223 -4.132656
v -14.507587 30.049635 -10.022789
v -13.363821 25.246523 -9.829217
v -10.311405 26.268837 -8.721642
v -10.142176 25.638542 -11.406734
v -12.384700 24.768345 -8.940779
v -13.482076 27.534313 -13.670109
v -10.512562 23.480453 -16.453470
v -5.201905 26.027868 -9.141507
v -6.331657 37.704796 -14.343760
v -7.892992 36.315956 -11.393233
v -12.016008 41.791313 -17.606506
v -4.869339 42.701244 -16.092302
v -8.051729 39.850616 -9.099357
v -8.234076 35.213867 -11.029083
v -3.782874 39.120129 -14.241118
v -5.970984 33.494450 -10.784626
v -10.746015 39.360352 -11.634995
v -9.371733 37.499447 -7.916897
v -7.077340 33.981792 -9.576705
v -8.289349 39.225685 -13.943074
v -9.755271 33.528603 -12.266172
v -11.002132 38.847790 -8.157248
v -4.383006 36.328701 -5.422165
v -9.295053 32.229626 -8.334049
v -5.138312 35.174809 -4.504289
v -8.065239 38.421059 -14.000133
v -9.407293 35.803455 -9.606165
v -9.254565 31.268419 -9.857265
v -6.666458 31.728086 -8.303384
v -2.939141 31.260380 -11.237657
v -5.749677 35.833683 -10.520701
v -3.825725 38.083920 -8.521489
v -6.708125 33.781643 -4.453096
v -7.983149 37.373871 -12.345941
v -11.236330 37.521622 -9.179336
v -6.299477 43.279137 -13.557470
v -4.850127 39.726429 -16.740385
v -4.300915 37.237957 -11.805241
v -7.404341 34.921917 -13.476038
v -7.741207 41.050175 -11.085904
v -4.003856 36.329163 -8.750598
v -8.339669 37.425148 -15.015225
v -9.012445 34.128143 -6.504730
v -7.942982 33.845711 -11.971551
v -9.623276 40.063328 -8.746103
v -8.385152 34.765324 -10.252038
v -11.373451 36.678833 -11.888564
v -11.576372 34.157635 -6.358761
v -7.082833 32.395023 -9.650742
v -11.731469 32.269470 -5.504831
v -9.052526 38.160465 -10.926985
v -9.613088 35.577583 -12.431495
v -3.099918 32.518242 -5.928852
v -4.040054 31.234200 -7.306606
v -9.959822 31.534321 -6.995716
v -7.187707 37.749050 -9.607129
v -2.492290 34.810371 -9.152740
v -0.757652 32.729820 -7.183839
v -8.611248 39.228626 -6.033730
v -9.152630 39.930260 -1.393129
v -6.259177 45.187759 -2.177204
v -12.498945 43.974392 -6.344193
v -6.614047 39.250793 -4.564215
v -10.544166 37.322464 -5.925649
v -5.951348 43.870682 -3.467582
v -3.196966 38.219746 -3.533962
v -11.027477 43.023544 -5.941961
v -10.677250 37.271221 -1.821991
v -7.713070 35.560841 -5.303638
v -8.380410 42.620697 -5.652205
v -4.527480 36.312546 -4.179842
v -10.592834 39.918221 -8.201855
v -12.346009 35.545994 -2.885548
v -7.683626 34.237766 -6.203919
v -10.158671 34.811317 -4.008526
v -6.394474 41.263493 -4.881349
v -8.074874 39.512383 -7.693292
v -5.034741 34.800728 -6.272593
v -4.314386 33.839787 -3.016896
v -2.529949 34.504738 -0.949744
v -4.412966 39.707455 -5.178715
v -8.067471 39.900764 1.134925
v -7.567931 34.138355 -1.794243
v -8.560456 38.181126 -6.739259
v -10.968390 38.852375 -3.403584
v -9.923852 44.493504 -1.737542
v -7.919481 44.877548 -5.808372
v -11.195451 40.156166 -2.297734
v -9.459510 36.884548 -6.405361
v -7.636535 43.147705 -2.840385
v -3.584263 38.505909 0.420585
v -5.133900 42.784840 -5.203577
v -9.726879 36.348854 -5.350389
v -10.127605 35.255894 -5.375207
v -11.744768 41.315609 -3.663644
v -4.408601 37.272091 -0.675617
v -8.630101 41.204880 -6.885609
v -9.653627 34.597492 -6.446699
v -7.473535 33.542774 -6.672525
v -8.124884 33.442520 -3.724748
v -11.091089 39.513363 -5.358707
v -4.832541 40.485638 -4.508916
v -5.940123 35.448975 -2.637287
v -7.124138 33.539047 -4.027966
v -8.133126 34.096237 -5.527903
v -8.377161 39.761745 -3.353147
v -3.252361 39.391109 -1.126568
v -8.344994 33.576267 0.867568
v -10.195916 36.213745 -2.618775
v -8.001944 37.852741 0.438672
v -13.875590 43.189182 -0.626427
v -12.576150 40.715309 4.180950
v -13.393780 36.129627 -0.479927
v -11.158816 35.384743 -2.926490
v -14.621673 42.393715 -1.709960
v -10.651717 35.879639 -0.801450
v -11.269606 40.626850 5.347815
v -9.820037 37.134018 1.681859
v -8.308492 35.575127 -2.863528
v -10.863730 40.816917 -3.262190
v -8.412465 35.184593 0.063539
v -11.104084 41.144714 0.096638
v -4.521328 35.759453 -0.468853
v -9.578749 33.940620 -1.703529
v -13.476842 34.574230 -2.980315
v -13.099231 39.849373 -0.368139
v -6.693687 41.158581 -2.928287
v -8.041176 34.340431 -1.232312
v -11.091245 33.165298 -3.377346
v -11.768417 34.369976 -1.909317
v -15.332021 37.799892 0.096984
v -10.525045 39.288975 1.475796
v -8.632573 33.014347 3.549799
v -10.434718 36.108334 -2.113758
v -9.205562 37.047443 -0.870899
v -16.623959 40.899178 -0.087875
v -13.603207 41.928066 2.965887
v -11.348484 35.517765 1.767937
v -10.419640 35.502831 -4.162616
v -12.991125 41.147667 0.983863
v -11.398586 34.983288 3.651449
v -10.040165 41.587879 -1.161276
v -9.105753 36.416985 -2.182644
v -10.500651 34.551640 -5.160829
v -12.146175 40.101616 -0.398687
v -8.218999 34.929157 0.553384
v -7.937110 41.556747 -2.524847
v -10.827415 35.219326 -4.474766
v -8.534589 33.450386 -2.252024
v -9.629189 34.156731 -3.736359
v -13.548564 39.747665 -2.295828
v -8.070413 40.218639 2.119624
v -9.555153 33.850628 1.795782
v -9.268430 32.859138 -1.385041
v -8.247952 34.661808 -1.073854
v -13.409734 39.144176 -4.146330
v -9.331805 37.643696 5.528291
v -13.822944 31.991610 -0.615031
v -20.237146 30.762012 -5.669652
v -17.970049 33.606205 0.813104
v -25.090309 33.688679 -6.966002
v -24.049255 30.403982 -3.092725
v -17.878557 28.518658 -6.310436
v -16.034782 30.635653 -5.286187
v -21.895025 31.720020 -7.876891
v -17.869633 28.283600 -4.621820
v -22.149529 30.679892 -1.829957
v -14.826114 32.878384 -1.239149
v -16.189142 30.349630 -2.215872
v -22.330120 30.850096 -7.549169
v -17.878191 27.922352 -4.526217
v -21.762606 31.887537 2.953209
v -15.929053 32.922565 -2.362630
v -15.311750 30.062534 -3.910019
v -14.763538 33.176361 0.145873
v -23.241039 32.756027 -3.657248
v -23.544352 29.892588 0.720283
v -16.226616 27.906729 -2.473612
v -14.390572 30.475018 -3.106831
v -16.637285 32.349167 -1.339296
v -19.201057 34.830059 -6.511710
v -21.998039 30.465622 -5.150980
v -14.215096 30.282290 -6.321289
v -18.450624 30.309286 -4.408279
v -17.901289 29.915701 -1.900722
v -20.788904 33.984825 -2.000249
v -22.286798 29.834881 -4.315231
v -18.464495 31.843687 -7.455999
v -16.110340 30.471170 -6.024706
v -22.714420 33.632732 -1.702596
v -16.947733 32.127190 -5.689049
v -23.454235 29.168219 -4.560553
v -15.333618 29.199041 1.189740
v -15.733614 30.184652 -3.445722
v -22.167147 33.168415 -1.534933
v -17.068583 30.876751 -1.784100
v -20.966906 29.164627 0.335807
v -14.725941 29.559168 1.159668
v -15.108282 30.303520 -4.133473
v -14.213174 28.905453 0.675758
v -20.300344 33.478275 -0.295330
v -21.475183 28.860353 -1.889219
v -12.866378 31.439276 -2.215364
v -15.459756 30.639038 -5.305737
v -13.558689 28.555305 -0.910576
v -18.411730 33.252594 -1.847236
v -18.258921 31.981586 -3.906813
v -15.014593 33.059540 -4.114846
v 12.071011 30.563467 17.613289
v 10.570741 33.043888 15.944069
v 14.081987 32.235950 24.501436
v 15.594578 33.159729 19.381857
v 15.202059 27.986864 18.546213
v 13.179098 28.235008 13.832313
v 13.494833 28.769468 22.242348
v 14.641576 25.513552 14.040153
v 18.815434 30.462826 15.966173
v 14.375354 31.028992 14.862182
v 11.370299 28.711546 10.589478
v 15.641796 29.542418 16.179367
v 14.539845 27.074434 11.302858
v 17.545025 32.641102 12.778641
v 9.692313 31.660524 10.796225
v 11.382681 27.737579 9.334348
v 9.639152 30.154325 9.582535
v 12.242723 29.469578 14.278608
v 16.681608 28.988447 10.493602
v 12.319922 25.002106 9.310413
v 7.216862 26.032782 11.464722
v 5.995715 23.392998 12.088487
v 11.859241 27.325081 14.665665
v 8.450706 29.182175 16.064899
v 7.351972 29.435104 11.256204
v 12.986370 30.151430 16.328302
v 13.713063 31.813982 16.316607
v 12.573773 34.771610 20.183674
v 18.386162 29.769161 21.800245
v 9.551541 28.966406 19.142784
v 13.877979 27.900454 13.588429
v 14.743840 31.775761 19.236822
v 10.195952 27.507235 14.159437
v 15.290782 27.267069 16.329281
v 14.703837 28.941456 12.387493
v 12.815347 28.770226 10.221432
v 14.309355 32.465466 16.306875
v 11.368400 28.221220 15.080728
v 16.932581 29.299133 13.075365
v 11.992167 30.314348 8.866961
v 12.069232 27.507717 7.445296
v 15.094685 28.598175 8.046720
v 14.760134 31.495726 11.942720
v 15.001353 26.728245 12.195903
v 10.982211 26.732151 12.863618
v 6.725594 26.131960 8.842025
v 9.425738 25.878443 10.455351
v 10.352899 30.193806 12.671183
v 11.664454 24.845892 16.567575
v 5.304739 26.886944 11.771482
v 6.636063 37.995434 9.441729
v 9.079525 39.021893 13.030732
v 13.245742 41.823242 16.222975
v 12.106900 43.658722 12.355578
v 14.717314 37.767452 10.250889
v 10.391008 36.646809 8.404871
v 15.888412 39.546574 13.413926
v 10.450541 36.185856 9.534675
v 10.163971 42.477425 10.911452
v 3.417371 37.789196 8.751567
v 7.435292 36.033115 6.760034
v 10.768712 40.484104 7.445591
v 6.906796 36.294937 5.171566
v 9.304032 42.872280 6.561100
v 2.909617 37.396545 6.878097
v 4.565846 34.102867 3.594628
v 1.599412 35.133736 6.311346
v 10.334967 38.984013 7.757438
v 9.410002 40.507610 4.520427
v 7.427070 33.298985 2.859014
v 5.429109 32.385239 7.202801
v 6.569957 31.621437 8.351118
v 10.034087 37.453903 7.225488
v 5.816668 37.733437 11.946214
v 1.910957 34.326439 7.122080
v 8.180009 37.692181 10.717552
v 9.921523 39.393272 9.326986
v 7.409410 43.571190 14.076667
v 12.819266 41.312462 10.425260
v 9.131952 35.752766 10.527875
v 8.792845 35.671970 5.844890
v 9.331570 41.499317 13.674326
v 7.265123 35.310566 10.497241
v 11.061679 40.679218 8.263920
v 7.170193 38.262856 5.267497
v 7.882136 35.425995 5.086519
v 9.175941 41.782288 10.336248
v 6.932548 34.623962 9.612671
v 10.381927 40.943928 3.675612
v 6.171951 37.460396 4.680925
v 5.299531 33.383545 2.953304
v 5.069835 34.873032 1.404143
v 6.096512 40.224377 5.173474
v 9.073553 37.594055 4.333617
v 4.604749 33.725292 7.331269
v 4.811523 31.977041 6.330317
v 6.054454 33.189190 5.001343
v 10.405615 38.458584 8.811074
v 9.347520 35.224182 10.286612
v 4.947839 31.799429 9.897197
v -6.276098 37.332699 9.387418
v -10.278194 35.658840 9.527442
v -9.667817 41.460632 15.313983
v -11.676583 42.984367 10.199743
v -4.230277 39.619450 10.967360
v -4.320096 35.180492 8.397494
v -7.144825 40.572506 9.833775
v -7.296803 34.215862 9.011417
v -8.318650 38.344898 15.481016
v -2.363470 37.621281 8.619318
v -2.297556 34.025078 10.859392
v -5.043061 38.630032 14.679056
v 0.354056 36.536541 10.314161
v -8.235548 37.913280 12.892330
v -5.615749 31.936567 9.656223
v -0.486330 32.441319 8.540080
v -1.225391 34.483978 9.843324
v -4.235570 38.025471 11.550037
v -4.347936 36.231167 16.503086
v -2.058056 31.145561 10.808017
v -2.279195 33.010174 3.144330
v -4.774486 32.371983 7.961024
v -8.642931 36.694668 7.356113
v -2.853761 38.864689 6.556310
v -0.274188 34.476665 8.410742
v -5.929598 36.394665 10.861424
v -5.887909 36.569141 12.637559
v -6.401349 43.064716 11.497745
v -13.800925 40.297192 12.033939
v -9.165937 37.672825 7.274071
v -7.573330 34.793507 7.665342
v -8.298716 40.662140 13.284554
v -5.837573 35.952755 9.968986
v -8.786496 37.567688 13.133507
v -5.305202 33.564297 13.241634
v -3.006329 33.260536 10.779216
v -2.697656 39.490746 9.902941
v -6.094803 34.230495 6.423526
v -6.521558 36.418251 16.389191
v -0.635453 33.166134 14.770601
v 0.462926 32.005936 8.665030
v -1.605357 31.354782 13.104555
v -4.470434 37.966949 12.994277
v -7.146813 35.270832 11.592415
v -1.650982 33.326435 5.986914
v -3.625660 32.472267 4.721070
v -5.523870 31.260206 9.067826
v -2.677210 37.885513 11.041626
v -6.015011 36.156864 5.267125
v -3.484298 33.370842 4.604221
v -3.781217 34.351856 10.508940
v -8.230933 33.239704 15.626534
v -6.758749 37.139870 19.496941
v -7.925427 39.306545 13.653984
v -3.804667 36.858101 11.470352
v -3.965140 33.150440 12.236964
v -6.743727 37.559898 14.093004
v -6.114159 31.590391 12.608142
v -4.554940 36.313816 19.590706
v -1.833596 34.867054 14.125530
v -1.665151 32.344128 10.522776
v -6.856877 36.756210 15.185344
v -5.289650 31.344341 12.989278
v 0.364359 35.799988 18.805353
v -0.406461 34.521149 11.680474
v -1.507666 31.482985 8.530435
v -0.655905 34.227535 11.645043
v -6.618463 36.920910 15.379305
v -2.730115 34.424088 14.952825
v -3.676384 30.256979 14.745592
v -2.883915 31.390396 8.466017
v -4.882751 30.729044 9.806716
v -7.847796 34.331955 11.367060
v -1.646313 37.825832 8.974832
v 0.025247 33.345432 7.773157
v -5.651468 33.923210 10.867123
v -0.733966 33.551998 14.286793
v -6.667357 39.798286 15.636057
v -8.357494 35.871716 17.099382
v -6.582009 35.537670 9.392842
v -3.332962 32.805466 12.475268
v -8.320592 38.664951 14.190645
v -2.370783 34.909199 9.459326
v -5.845181 34.384899 16.552826
v -6.460639 31.446690 13.136520
v -0.688016 31.865166 10.919311
v -4.091806 38.176804 13.090242
v -4.583669 33.725449 8.802805
v -8.245968 33.431389 17.473063
v -1.428779 31.390949 16.167683
v -0.610204 30.931774 9.149739
v -1.125482 30.928259 11.297435
v -2.913723 36.700794 13.843610
v -5.981439 34.338169 14.625479
v -2.066488 32.416161 10.910613
v -2.070933 30.969763 7.672479
v -1.693704 30.558092 10.540793
v -6.307452 36.843639 12.573819
v -8.392603 34.654034 8.338668
v -1.839307 32.480968 6.913304
v 7.605813 30.957539 10.273307
v 8.172293 33.265190 14.915897
v 11.294000 33.139347 17.492071
v 15.371365 35.001026 13.201945
v 9.950671 29.416021 12.115715
v 8.899234 30.728481 12.253641
v 9.990973 31.269964 14.995656
v 8.547883 28.584806 12.359138
v 11.791868 34.530056 11.010963
v 5.649142 33.317379 13.455157
v 7.883302 30.833275 10.244852
v 13.440104 32.289700 14.955517
v 10.994615 30.278185 9.267735
v 9.649323 36.387714 11.132365
v 5.676275 32.790070 13.002339
v 6.923563 30.470135 10.231918
v 4.259314 32.903160 10.935432
v 11.653112 32.256451 11.766292
v 14.375498 33.864769 7.847155
v 7.108953 28.794987 7.037156
v 4.802572 29.815411 11.075889
v 5.496952 32.772194 11.229850
v 8.716335 32.502323 17.070099
v 9.235803 31.133492 10.665548
v 4.786765 27.084101 11.139808
v 8.606296 31.022921 12.774056
v 9.621553 33.375858 9.404856
v 8.316595 35.428970 16.741383
v 13.378379 31.262543 16.289078
v 6.495817 29.020742 14.632720
v 7.835140 30.298374 9.824964
v 10.588675 34.278530 16.990381
v 9.379501 29.739416 14.524299
v 13.551951 30.357216 14.232041
v 8.660496 31.671377 11.064166
v 7.742095 30.898455 9.228381
v 9.855704 34.375420 14.657279
v 7.476027 28.951488 13.657925
v 14.197645 33.294128 8.576155
v 8.724623 33.170685 9.408725
v 7.093558 30.263176 7.985880
v 6.326772 31.683620 8.195691
v 10.258817 35.456833 13.439988
v 14.335175 30.520939 8.348846
v 4.477719 29.661432 12.146835
v 5.368210 29.692127 9.648896
v 9.305923 29.448683 8.527558
v 10.868115 33.810917 12.722848
v 12.317574 28.820295 14.620297
v 1.379946 29.397326 12.893727
v -1.613650 31.705330 16.325071
v 1.361209 29.109453 18.211281
v -1.391777 33.345360 23.115866
v -6.805568 34.915054 20.688778
v -2.114605 34.740761 15.460169
v -0.266278 31.493834 13.950549
v -3.407009 33.937855 20.798857
v -2.347752 29.262800 16.338810
v -0.614213 32.521614 22.563751
v -0.994387 34.018021 17.552391
v -0.997596 31.019793 14.716953
v -2.676078 33.536903 20.493252
v -0.663650 28.835833 16.872360
v 3.897538 33.683990 20.060034
v 2.952113 33.286427 15.168166
v 0.256959 30.272915 13.852602
v 4.027845 32.852238 15.727971
v -1.100006 33.672260 17.757061
v 4.019771 30.718447 22.602959
v -1.326211 27.658564 17.514309
v -2.414223 30.876009 12.766249
v -1.546278 29.521807 13.321550
v -2.217906 31.515060 18.104002
v -5.345592 35.578197 17.273003
v 2.960556 33.330875 13.227432
v -1.182485 31.523872 15.869269
v 2.606015 32.304871 17.044680
v -2.747530 36.410320 21.918940
v -4.913207 31.644472 22.190825
v -2.763937 32.487221 16.701508
v -1.699366 30.794197 14.396902
v -1.888702 35.860596 20.529800
v -2.936048 33.033176 13.600898
v -3.485836 30.856461 21.388149
v 4.592109 30.852739 18.070356
v 0.089308 31.014896 15.631237
v -0.215319 35.187004 20.229134
v -2.279065 31.135557 14.325375
v 0.280057 30.572470 21.253479
v 3.330951 30.743530 14.951159
v 1.110369 30.179489 14.900349
v 2.046803 29.449306 14.955978
v -2.112641 33.832275 19.265757
v -2.176609 29.363770 20.082083
v -3.534338 31.973906 14.115118
v -1.062363 30.342134 13.776189
v 3.637252 29.007029 16.248493
v -0.903848 34.052090 17.508112
v -4.818123 31.677204 18.914196
v -1.750520 32.540428 12.943087
v -10.645164 30.522860 -15.731376
v -7.437668 32.166164 -14.512622
v -12.809507 33.185471 -16.355272
v -15.841874 34.875477 -12.198473
v -12.754540 29.584520 -9.557910
v -11.033006 28.779638 -10.357495
v -14.134122 31.787451 -14.853360
v -13.513546 27.510729 -10.613236
v -12.981051 34.966766 -10.266346
v -6.812620 30.954140 -10.827145
v -9.966645 29.023497 -9.358268
v -11.826233 32.350636 -10.425582
v -10.881264 28.063232 -4.784320
v -12.734745 35.676903 -7.261113
v -8.548583 30.886566 -8.269877
v -5.980671 27.300081 -7.361598
v -6.956867 29.342781 -9.423237
v -9.963654 31.908195 -8.979640
v -12.397331 32.388241 -4.790745
v -10.876551 26.020967 -7.410603
v -6.420745 25.177633 -11.079227
v -8.782762 23.656149 -10.395306
v -8.718301 28.966150 -8.456631
v -4.646551 28.778709 -11.688954
v -4.266475 27.886021 -6.774035
v -11.640703 30.096676 -15.386661
v -10.303486 32.040520 -11.176303
v -13.524656 35.917477 -15.860958
v -12.728063 32.897297 -12.668278
v -9.343559 28.742439 -14.359929
v -9.763535 28.646893 -13.110992
v -11.092312 34.196068 -11.722361
v -10.154380 28.265612 -11.985102
v -13.629091 30.797495 -10.589850
v -12.114292 30.737118 -7.330040
v -8.527811 28.986252 -8.917179
v -9.939904 33.770344 -8.662259
v -7.833483 27.661036 -10.216766
v -12.719617 32.719006 -5.168042
v -6.407194 30.546221 -3.584673
v -6.563627 26.683496 -7.754197
v -8.554051 28.766647 -5.378234
v -6.166834 33.521935 -6.068069
v -11.146056 30.125376 -7.846998
v -5.946945 26.435150 -6.745167
v -4.623446 24.471916 -8.042420
v -7.245541 25.546265 -6.604620
v -6.591600 30.544426 -10.119417
v -9.005709 26.445580 -9.844540
v -2.523652 25.010536 -9.519719
v -7.732009 21.422312 -18.479315
v -8.924137 19.768551 -17.240849
v -13.468297 23.037296 -21.502010
v -6.371922 21.425690 -23.404074
v -7.175159 24.653139 -18.419582
v -8.496474 21.456116 -17.682213
v -14.731719 23.436691 -19.422201
v -8.471563 23.960329 -17.074158
v -9.314349 19.754522 -23.412035
v -9.128975 18.707306 -13.581520
v -9.878793 22.149403 -16.128864
v -12.284559 25.382582 -13.793172
v -9.948706 24.295061 -15.732929
v -11.783237 20.973511 -16.951050
v -7.971468 20.071463 -10.646114
v -6.422052 21.351589 -11.958955
v -6.817475 24.731873 -9.918074
v -10.094446 22.941160 -18.047070
v -14.879597 22.303188 -14.051487
v -8.997358 18.646631 -11.370502
v -5.600950 21.314112 -11.848764
v -6.973465 23.925076 -12.848785
v -6.438374 23.599232 -17.810793
v -8.056152 20.191063 -14.510727
v -5.481793 18.676867 -13.300694
v -7.706281 21.880964 -19.144121
v -10.500741 23.110373 -15.629764
v -11.223654 24.465868 -23.469408
v -12.273261 19.230675 -23.892717
v -7.119427 20.307880 -20.637571
v -9.209195 21.295406 -15.070580
v -9.947162 23.964197 -18.717564
v -6.771064 20.754456 -15.255842
v -11.683117 19.791157 -19.214434
v -10.124489 22.769777 -11.547152
v -9.340826 21.742834 -15.740055
v -11.806301 24.232016 -17.483641
v -8.261913 20.143023 -16.659704
v -15.261116 21.547682 -15.432444
v -10.382813 24.609009 -12.791986
v -6.609231 21.510889 -12.298715
v -8.039680 21.964193 -6.507635
v -13.088326 24.912783 -14.140950
v -12.478990 19.745697 -13.791182
v -3.053595 21.309704 -10.875735
v -3.767926 20.746317 -12.912829
v -9.082781 20.257372 -11.436314
v -7.480481 23.506630 -15.100422
v -6.161217 19.859776 -18.777576
v -2.724688 22.737772 -10.617917
v 3.025849 33.644932 -10.387966
v -0.345885 35.049355 -8.050945
v 0.965190 40.517742 -5.485780
v 7.002272 39.265308 -7.797069
v 6.450789 33.642082 -8.411034
v 2.425931 31.511461 -10.557823
v 4.124721 37.933357 -4.506119
v 6.405427 31.291245 -6.071868
v 7.904195 37.121437 -10.417079
v 2.634934 33.202206 -7.418052
v 3.973855 29.979347 -9.862339
v 5.721331 36.621468 -5.433029
v 7.576472 29.582174 -8.711750
v 3.114627 35.322639 -12.855675
v 1.361002 31.278374 -8.599272
v 2.834301 28.478867 -10.230441
v -0.729298 30.002117 -7.795375
v 2.694226 35.132420 -10.516343
v 6.641608 33.107838 -10.828379
v 4.997576 28.110737 -6.012002
v 2.827402 28.332596 -7.393435
v 5.485029 27.835421 -2.726053
v 5.025118 33.311558 -5.806564
v 1.433334 35.140987 -3.359462
v 0.467116 29.890213 -6.444758
v 3.123709 33.129128 -9.333197
v 6.114359 33.582047 -9.873242
v 3.451348 39.412178 -10.644227
v 7.885796 38.374550 -6.486827
v 3.216364 33.902859 -2.479345
v 3.137840 31.425327 -9.507606
v 2.948795 37.907570 -9.924391
v 1.143974 32.396954 -2.815282
v 9.988126 36.072243 -5.659837
v 2.893928 30.915136 -10.232212
v 0.127765 29.515816 -10.818212
v 5.669610 36.188820 -8.121447
v 2.341452 30.805351 -7.136619
v 4.124914 34.318993 -10.581190
v 1.754669 29.757090 -9.253545
v 3.238846 28.414268 -9.174080
v -0.028690 27.736580 -10.325532
v 4.440909 34.274639 -11.361137
v 8.441455 32.883858 -7.369528
v 0.867364 29.755596 -7.250620
v -0.120267 27.900532 -6.246399
v 4.844921 27.612331 -8.396136
v 0.383687 34.405201 -6.792132
v 6.133699 33.310730 -0.783071
v -3.276742 28.666948 -3.299086
v -3.997224 31.279264 -11.243410
v -3.559680 30.679224 -11.509899
v -8.648024 35.143852 -12.656293
v -8.365198 38.077728 -10.765772
v -7.023008 31.470177 -5.178855
v -6.202361 30.331846 -9.275025
v -11.524990 34.492287 -8.005719
v -4.384647 30.238503 -4.708540
v -1.443266 37.087872 -6.706616
v -1.603238 31.085869 -10.143169
v -2.766063 29.697119 -8.623856
v -5.775314 35.786968 -5.936934
v -4.193614 30.703318 -6.989609
v -3.294874 36.347153 -7.711296
v -1.790266 30.132269 -11.045345
v -2.702506 28.546173 -8.186965
v -0.068280 29.414026 -9.151518
v -7.735210 34.561012 -9.998878
v -0.370590 34.929790 -3.809763
v -3.370687 28.809320 -2.149701
v -2.669284 27.208191 -8.603407
v -0.947827 29.168745 -10.899741
v -5.474913 32.055458 -7.776126
v -5.663210 33.202152 -5.990198
v -6.349472 26.445219 -7.335429
v -5.638725 30.772518 -10.892199
v -3.832413 32.105560 -10.551971
v -4.516026 36.622169 -12.190772
v -9.406960 35.907902 -8.243549
v -7.937585 29.524048 -9.977411
v -4.361204 29.275127 -9.143931
v -7.091511 34.797222 -12.816582
v -6.653741 28.781115 -7.359141
v -8.189205 35.205124 -5.047127
v 0.656136 31.296089 -5.913620
v -4.288715 28.797115 -10.849786
v -4.945826 34.571289 -9.121902
v -3.477911 28.983963 -7.881462
v -4.411408 35.660934 -5.367071
v 0.465939 30.597322 -6.236179
v -3.758100 27.674355 -8.147946
v -0.298355 29.236629 -6.089671
v -1.286497 33.783306 -9.314299
v -4.367416 33.719902 -1.666361
v -5.497506 27.806404 -8.109095
v -4.593493 26.634487 -10.631851
v -1.263073 28.458107 -3.709500
v -3.718078 33.586273 -9.332185
v -8.708269 30.849915 -8.084400
v -4.129715 25.817064 -10.827459
v -5.846623 28.706490 -12.017096
v -6.229608 29.313309 -9.592756
v -7.087532 35.005043 -11.345747
v -7.924982 32.321136 -12.268403
v -2.449982 29.917114 -13.144808
v -5.481234 28.692238 -11.226246
v -3.602711 34.733444 -8.703551
v -1.937651 30.052408 -11.146935
v -9.709270 32.133942 -10.008164
v -9.920605 28.924061 -7.318078
v -4.472817 28.750271 -10.140608
v -5.514395 35.133259 -10.596896
v -4.746645 29.495424 -13.396337
v -10.285080 32.969776 -9.160520
v -4.044058 28.705669 -4.981413
v -4.280842 27.324942 -11.936877
v -1.613439 29.378916 -9.807183
v -4.234616 32.807602 -7.657721
v -3.746302 33.450851 -7.039483
v -5.478301 27.335852 -7.896359
v -4.008193 26.430765 -11.430357
v -3.476719 28.614296 -10.248652
v -8.723460 30.808657 -11.954226
v -6.130312 31.674519 -5.667834
v -8.571848 24.802917 -10.085728
v -3.881017 28.623962 -12.103375
v -1.356086 31.218971 -10.016205
v -5.178598 33.675034 -12.443658
v -10.384325 33.096161 -8.914975
v -3.116965 27.355207 -10.343701
v -4.384557 28.522797 -11.325834
v -6.280023 33.213367 -14.542974
v -7.027753 27.445477 -10.903938
v -7.562534 33.135822 -7.917232
v -6.182970 29.833866 -8.778289
v -3.001115 28.121471 -9.947887
v -8.035712 33.002876 -9.368721
v -7.516245 27.633352 -11.065311
v -4.456077 33.855038 -4.643804
v -0.900582 29.552320 -7.523661
v -5.557560 27.192457 -11.389951
v -1.444298 28.134857 -3.960701
v -1.558792 33.389515 -8.815950
v -6.928682 31.876291 -4.546782
v -4.395654 26.560474 -13.417079
v -4.450050 26.007332 -9.969120
v -2.300125 27.017788 -6.852749
v -9.051185 32.970016 -9.793164
v -11.205298 29.002680 -10.511704
v -3.330733 26.218885 -12.343322
v -2.227397 26.791889 -17.816156
v -1.870009 24.753899 -17.608835
v -3.517083 28.331837 -23.886387
v -0.772376 30.036480 -21.900906
v -1.070139 29.902626 -14.518200
v -2.967478 25.994698 -16.834116
v 1.746695 27.487139 -22.660606
v 0.449540 24.220518 -16.625732
v -6.114364 27.863052 -19.831188
v -2.334287 28.751446 -11.840313
v -1.853059 26.012932 -16.432386
v -2.875017 27.218895 -23.003660
v -4.294275 23.419983 -17.508278
v -4.018170 29.198359 -20.005438
v -1.442035 29.014353 -16.086868
v -4.168380 25.564466 -16.105556
v -4.290021 28.376099 -14.110481
v -1.618402 28.780228 -19.240789
v -5.527258 26.063931 -21.300091
v -2.537853 23.142906 -16.603565
v -2.319295 25.856304 -15.918826
v -0.756602 24.463362 -15.411061
v -1.007871 26.338238 -20.434055
v 3.237712 30.357534 -16.101467
v -3.364830 27.503851 -14.060128
v -2.194540 26.723606 -19.418480
v -4.740420 26.663914 -16.000940
v -1.548136 31.541927 -21.719011
v -0.159679 26.837458 -21.174055
v 1.252475 27.481634 -15.136182
v -1.411775 25.779755 -15.720602
v -0.452723 30.937284 -20.670181
v 3.666175 27.266844 -14.591559
v -1.651638 25.049948 -22.003145
v -5.203773 25.310101 -18.391268
v -5.336203 25.795124 -17.255396
v -5.228599 30.577751 -19.960867
v -2.017583 25.665224 -15.545199
v -5.312113 25.299374 -21.326206
v -7.491341 25.837509 -15.168866
v -1.382711 25.386816 -14.671742
v -4.372984 24.480812 -15.277288
v -2.987775 29.680029 -18.348173
v -4.174899 25.849173 -19.142214
v 1.103075 26.928616 -13.688554
v -2.994563 25.823082 -15.246473
v -2.434653 24.169594 -15.854244
v -2.182539 29.323544 -18.307331
v 0.676102 27.436499 -20.298639
v 1.322562 27.831429 -12.664085
v -8.726604 33.439255 10.590274
v -6.776543 33.056374 12.646905
v -5.981049 39.804867 16.099245
v -11.870931 36.035522 17.171589
v -10.734117 34.623375 8.003798
v -5.765508 32.250809 11.018371
v -5.608852 38.813110 10.619815
v -7.434857 34.549309 9.787116
v -9.683640 36.137283 17.692020
v -2.288917 31.742071 12.412473
v -4.117826 32.092602 6.272636
v -0.455562 39.593536 10.761759
v -4.669234 33.590225 7.875178
v -6.194436 36.483967 12.683038
v -3.036896 32.565670 9.938817
v -1.266868 29.714006 4.571046
v -3.125076 31.365505 6.578512
v -4.023915 35.501659 9.491816
v 1.267972 36.028107 9.253297
v 1.092772 29.249121 7.273281
v -5.482632 27.688257 4.947062
v -5.995103 26.962700 11.068401
v -3.458537 32.506565 9.918729
v -9.233738 32.855061 8.198613
v -4.087641 29.800274 3.362478
v -9.251947 33.464882 9.603471
v -6.853964 35.136936 9.526920
v -12.834670 38.732635 11.939525
v -10.024559 36.423779 17.909655
v -11.122341 31.342718 12.916771
v -5.939091 32.111679 9.092260
v -7.566533 37.399872 13.560829
v -5.606982 31.219427 12.452996
v -2.686931 36.241539 15.091641
v -5.871004 33.878300 10.027531
v -1.368493 32.035542 8.050876
v -5.992751 37.424789 9.802881
v -6.741666 31.243258 10.483792
v -3.461340 37.694042 13.325757
v -1.363678 34.392773 8.735844
v -1.035323 29.181660 4.505431
v 2.830199 30.515583 5.300847
v -2.536880 35.947884 8.272395
v -0.551214 33.579735 11.002827
v -5.293729 29.219704 8.836234
v -5.029958 27.024921 5.610390
v -3.749694 28.540501 5.218204
v -6.583648 33.475861 8.459781
v -7.932952 30.900227 10.385880
v -8.860704 28.031847 3.179884
v -16.523636 23.573673 6.425478
v -16.553349 26.859032 9.226530
v -23.710836 26.165974 8.856990
v -19.591066 24.163893 12.909454
v -20.284960 21.177750 7.017320
v -12.551556 22.605082 6.658865
v -19.340969 23.439613 8.219067
v -15.277016 20.351809 7.126889
v -17.295448 22.874809 12.974419
v -14.866252 25.141338 7.381501
v -12.258539 22.315248 7.706851
v -19.448938 23.798418 10.271275
v -14.976377 19.711718 8.079319
v -14.420129 24.299831 14.938699
v -12.777014 25.740471 10.349538
v -13.229041 21.651587 6.090116
v -9.275928 24.702488 8.125439
v -16.897589 23.225672 9.707941
v -16.176105 21.728935 11.013486
v -12.233708 19.175943 6.113960
v -8.992322 22.455294 3.698134
v -10.520893 19.698727 1.633275
v -17.349085 21.871128 4.157490
v -15.021124 26.374128 4.446971
v -9.557197 24.600965 6.471518
v -16.363541 23.752586 7.847381
v -16.692760 23.295801 11.138806
v -21.297483 27.620249 11.868018
v -23.815672 22.123508 8.956118
v -16.408875 24.375044 5.167768
v -15.599845 22.168213 6.143198
v -20.685921 25.931059 9.819551
v -15.402218 23.433485 6.632689
v -19.781759 20.894211 7.015439
v -14.347779 21.319994 12.194097
v -14.063996 22.530836 7.491273
v -15.739094 25.880960 12.838456
v -12.621037 22.912561 7.576905
v -18.908329 21.162050 12.500929
v -11.798516 21.316341 12.226748
v -11.093946 22.058714 7.508358
v -10.714186 20.789955 9.689504
v -13.845796 25.082237 10.865528
v -16.582096 20.237869 10.970346
v -12.401510 21.897522 5.785374
v -9.896973 22.046268 1.135643
v -11.224724 20.441465 7.456995
v -15.594139 25.593616 6.328274
v -15.272255 22.047020 2.665127
v -11.277360 24.467091 2.167854
v -8.472052 33.144112 3.102760
v -7.434598 34.045460 9.954670
v -7.834348 39.651592 3.945300
v -15.247654 37.153042 5.889564
v -9.961637 32.562244 3.457413
v -10.163724 30.878113 2.674710
v -10.027285 37.394802 4.587106
v -6.407587 31.163942 4.084483
v -13.487829 35.278557 6.994868
v -8.428064 31.597521 6.662956
v -6.512432 28.764381 5.031289
v -9.460677 35.300697 4.653650
v -10.651582 28.854889 6.372899
v -12.628242 33.297810 10.208449
v -7.323304 29.849125 9.567283
v -7.765915 27.482206 4.082706
v -6.749297 29.090235 8.214138
v -8.193503 33.836544 4.888206
v -11.321404 31.236126 8.079814
v -8.638263 27.105406 1.748914
v -4.130494 27.585833 2.417769
v -4.163646 27.827150 2.255081
v -11.061276 32.121330 3.371640
v -3.905123 34.128925 1.483435
v -3.799037 28.811190 6.355772
v -8.704785 32.330627 5.484941
v -11.889383 32.489666 6.888051
v -8.325891 38.420921 9.091430
v -13.411250 37.069252 6.806474
v -6.354955 33.602390 5.692215
v -6.640185 30.291365 3.251978
v -10.384977 36.488297 6.939187
v -3.995989 32.447121 4.259466
v -14.025373 35.149021 2.566772
v -10.373765 29.468035 6.343366
v -8.853369 28.612535 5.792124
v -7.188391 35.336178 9.174889
v -5.504557 30.876774 4.336926
v -14.855648 32.957706 5.510361
v -6.414908 28.087070 8.926236
v -5.865887 26.835880 4.240018
v -8.341066 26.512749 4.329050
v -7.428266 32.630848 7.195579
v -11.050755 32.037548 4.780650
v -6.698430 28.835518 4.331127
v -3.992234 26.852951 2.935264
v -6.127394 27.062735 5.492963
v -8.006758 33.511009 4.290279
v -8.101888 32.333981 0.543188
v -2.568722 28.416786 1.810266
v -0.571516 27.865002 10.632194
v 1.355360 27.226578 13.300466
v 5.233909 32.552490 13.740162
v 1.870854 29.737295 18.802439
v -4.102487 29.253780 11.614205
v 0.264990 27.307493 9.372093
v 5.043413 28.735567 16.777662
v 1.651416 25.634083 11.107291
v 3.498020 32.548126 14.140337
v -0.258500 29.342377 12.335889
v 0.416444 27.430765 7.152879
v 6.117028 30.333412 15.029471
v 5.981321 27.316597 8.917122
v 2.545774 33.786785 12.980048
v -1.312580 28.976479 12.277002
v -1.582235 26.212345 6.002730
v -0.863882 28.779514 6.655444
v 1.810386 29.827448 13.754529
v 6.816597 30.067488 9.654927
v 2.069870 24.292591 8.538901
v -1.148964 25.218983 7.987565
v -0.478962 28.222565 7.968503
v 0.960838 28.927580 16.402838
v 2.854719 27.963734 11.247712
v 1.585772 22.936584 10.168303
v -0.852806 27.817141 9.379859
v -0.490764 30.284288 8.689372
v -3.110709 32.574986 15.081105
v 5.395279 29.118271 17.300087
v -4.089858 26.427443 13.101941
v 1.477372 26.972244 9.635298
v 0.606839 31.948540 14.751843
v -2.255167 26.247601 13.716738
v 5.113155 29.573849 11.018239
v 2.764009 28.728039 9.644795
v -0.268126 27.480042 7.455919
v 0.789895 31.888475 13.123841
v -1.602378 25.818590 11.728675
v 5.068172 30.901438 8.889469
v 2.601630 29.534533 8.652980
v -2.609439 26.255051 5.654244
v 2.207918 27.093138 4.963766
v 4.231215 31.941366 7.874871
v 6.798612 28.111176 10.810433
v -1.185563 26.138800 10.253701
v -1.518856 24.920773 6.590708
v 2.754004 26.143030 7.845175
v -1.766446 30.460443 11.376234
v 1.219038 25.731707 13.196438
v -2.918710 25.067648 11.020788
v -5.245591 29.385345 10.301360
v -4.194046 31.210783 10.394827
v -8.835189 36.141441 11.290534
v -3.903217 34.201805 15.279304
v -8.847967 29.359314 10.619539
v -4.436436 29.154362 6.043167
v -9.808214 35.742508 8.397777
v -7.558506 29.361349 11.167027
v -1.904325 34.717022 13.655159
v -0.917858 30.120901 7.285104
v -6.469340 28.867550 6.587447
v -8.983266 34.614376 9.613593
v -8.582646 28.890972 9.897130
v -4.392445 34.865883 12.858830
v -1.570079 29.960144 6.288634
v -4.368186 27.706808 5.429866
v -5.633410 27.954298 8.942126
v -7.456971 33.640007 11.495205
v -5.144049 33.955246 6.856124
v -3.466830 28.418249 6.394129
v -3.455132 26.730190 7.445943
v -5.599041 28.055786 8.547463
v -4.166734 31.681314 12.057799
v -6.047553 34.057343 6.870327
v -0.617098 27.322655 8.677792
v -4.799265 28.833637 6.722046
v -4.873050 30.539898 9.031854
v -8.010585 34.101818 10.834765
v -6.028357 35.497009 10.325183
v -2.708422 29.004427 11.456361
v -4.456854 28.871729 7.822437
v -7.061888 33.743755 13.136642
v -5.056997 28.650036 11.822268
v -5.238091 35.206810 8.546330
v -6.666646 29.656248 4.848471
v -5.551960 28.410103 5.568103
v -8.235332 33.759487 11.565810
v -0.948662 29.403399 9.760638
v -5.571537 34.755589 8.668489
v -9.210370 28.417866 5.026002
v -3.158328 27.265150 6.201842
v -6.212197 27.522079 5.994218
v -6.774067 32.620285 9.663274
v -4.474941 33.812069 7.302074
v -4.557258 27.772356 11.081537
v -5.392231 26.535721 5.373537
v -5.890728 27.882061 5.303559
v -5.153909 32.386726 11.230144
v 0.292302 31.925453 12.082482
v -4.023091 25.530792 12.426182
v -10.673365 24.888588 10.389079
v -12.990095 22.328022 11.773929
v -12.044703 25.234804 17.956301
v -15.979507 26.825523 13.608503
v -9.175757 28.260952 13.620604
v -9.913368 23.799057 10.241932
v -18.190378 24.616507 14.348562
v -13.018804 21.344704 11.221338
v -11.301355 23.893333 18.344475
v -9.581584 26.578089 14.481356
v -8.558444 23.863213 10.957887
v -15.553885 24.035517 15.898468
v -9.560435 21.242498 11.958582
v -9.346425 25.204882 17.319399
v -9.157437 27.207310 11.859947
v -9.534757 23.943584 9.553096
v -8.943664 26.309669 11.594764
v -12.584282 25.068808 13.981136
v -7.696651 22.573345 17.755331
v -9.051461 21.390348 11.351122
v -8.306904 24.143223 8.203981
v -8.303956 25.829823 12.093764
v -12.751755 27.658636 15.383707
v -12.581292 22.609030 13.715360
v -12.649800 22.520403 8.161098
v -11.457674 24.616671 10.041972
v -9.229995 24.824850 12.409882
v -13.426068 28.307821 17.661003
v -12.482730 22.561186 17.021307
v -14.406475 25.296192 8.844730
v -8.289739 24.103924 10.781328
v -13.555650 27.260078 16.173126
v -14.276731 25.831268 10.003142
v -13.227418 22.003471 17.438221
v -6.632131 22.753391 12.947465
v -7.520896 24.193565 11.262338
v -12.487025 26.912281 18.796175
v -12.975824 24.234255 12.100315
v -10.284969 21.803764 17.517250
v -9.433932 24.649181 12.810156
v -8.327203 23.704765 9.366481
v -7.283847 23.302742 12.505983
v -8.911852 25.720781 15.502107
v -13.902476 21.719687 14.361665
v -10.469460 25.395565 8.560181
v -8.857136 24.014725 7.526627
v -6.586220 21.812056 11.801963
v -12.939271 25.789349 16.149721
v -15.519747 24.899809 12.411244
v -9.549767 26.916283 7.193814
v 22.986992 22.061121 -2.349548
v 22.784113 24.734379 -1.699484
v 28.307142 22.573824 0.290640
v 27.690544 23.038437 -5.033640
v 21.743464 19.590502 -2.291931
v 19.200542 21.204842 -2.529545
v 24.616215 20.107130 -0.731519
v 20.151859 18.645708 -1.980560
v 24.955036 22.628599 -7.638237
v 17.396130 24.174053 -1.199374
v 17.874365 22.340391 -4.270228
v 23.581480 22.339718 -4.836143
v 16.458357 19.998459 -4.205848
v 18.338011 25.034882 -8.917787
v 15.600507 24.472040 -2.232918
v 15.037544 21.392878 -4.233206
v 12.130200 24.425097 -2.715777
v 18.958263 22.209223 -3.155566
v 17.581743 22.237480 -8.715853
v 14.902529 19.095737 -3.828525
v 14.339281 20.299667 -0.135052
v 15.481543 17.123632 -0.502481
v 19.220808 20.030506 -1.601221
v 20.323448 21.051035 1.065728
v 14.490048 23.085043 0.795325
v 20.990477 21.938173 -3.611312
v 21.878860 23.011515 -4.096895
v 27.310802 25.111576 -2.277145
v 25.524136 20.406462 -3.107578
v 20.825935 21.215456 -0.863267
v 18.397713 21.320889 -2.373749
v 23.679876 23.972248 -2.518206
v 18.209705 21.054253 -1.217738
v 23.335884 19.231396 -4.909658
v 17.248669 22.100737 -6.123350
v 14.668509 22.071268 -5.225992
v 20.999407 25.435017 -5.937735
v 16.800371 21.677786 -2.808446
v 21.288120 21.335043 -9.166553
v 17.619024 23.073521 -6.122460
v 14.172646 21.034517 -3.906765
v 14.818903 21.329082 -5.056576
v 17.203043 24.855698 -5.578085
v 18.453590 19.505075 -7.048098
v 14.791818 20.820536 -0.493331
v 12.980412 20.226589 0.156887
v 11.834596 20.594303 -3.547296
v 16.560827 22.611544 -1.479767
v 18.820156 17.883614 -0.041494
v 11.163949 20.338697 1.937040
v 10.162132 35.105751 1.129773
v 6.722651 35.635170 6.295297
v 9.958238 40.067917 6.257233
v 8.883943 41.435738 0.650779
v 10.597063 35.416214 2.994516
v 9.063836 33.118675 1.870340
v 4.819651 39.530815 4.520278
v 4.796671 33.827145 6.384479
v 13.118298 38.169239 5.903594
v 12.386863 33.519997 2.251080
v 7.155835 30.779547 2.759620
v 8.517240 37.869762 7.638662
v 8.668074 31.129877 6.757996
v 14.729834 35.232624 4.994499
v 12.581697 31.428234 1.061411
v 8.995974 28.554968 2.793391
v 9.708080 29.345596 3.020309
v 9.231642 35.087284 3.201203
v 11.487436 32.726192 5.894123
v 7.239360 28.791925 6.092032
v 5.520597 28.589182 1.828153
v 4.242398 29.792782 0.600702
v 5.832585 34.925102 3.806587
v 4.302172 35.408283 -1.247417
v 9.004278 28.952162 0.641978
v 7.461648 34.824657 1.826636
v 12.209973 34.016396 5.803289
v 14.815102 40.087997 2.117007
v 5.116006 41.391655 3.814749
v 4.133039 35.670403 -0.284851
v 9.151624 32.280113 2.665585
v 8.949256 38.911793 4.859648
v 5.616670 34.429909 0.668997
v 8.659986 38.134296 5.415334
v 11.292129 32.030407 7.460724
v 9.784097 30.444727 1.591988
v 11.142673 36.405624 3.652700
v 4.497458 32.341480 2.936596
v 8.092630 35.516205 6.713277
v 12.733132 29.417868 3.072774
v 7.184266 27.949730 1.376053
v 9.538858 27.436428 4.582755
v 13.327430 33.066872 4.243006
v 7.582328 33.945118 4.628424
v 5.854434 30.359873 2.261702
v 4.831787 28.084871 -1.618014
v 5.629872 29.073994 3.143296
v 7.041717 33.832302 2.811427
v 5.136984 34.191059 1.471814
v 5.452404 29.330694 -3.342495
v 15.271101 29.601269 -6.434871
v 14.520289 31.633762 -1.733628
v 21.240213 31.651554 -7.110233
v 18.687355 35.060760 -6.256840
v 17.165051 29.018467 -6.113741
v 12.432330 28.665121 -5.458469
v 18.863565 31.005610 -6.461817
v 15.466263 27.208597 -6.912520
v 12.709050 33.817757 -8.653042
v 14.893502 30.129597 -3.500269
v 11.919134 28.626701 -5.071440
v 14.636774 31.657539 -7.702143
v 10.458959 28.037207 -5.462626
v 10.776177 34.655495 -7.074840
v 13.662166 29.927334 -1.395651
v 9.638392 27.489889 -5.297850
v 12.081656 29.557373 -0.934794
v 14.897614 31.221319 -8.977768
v 7.293066 32.113853 -9.005166
v 10.410869 25.949604 -7.600294
v 10.285508 25.832870 -4.372449
v 10.113276 28.463810 0.438857
v 15.968750 28.857773 -5.583028
v 13.806362 29.152424 -9.820279
v 10.614904 23.635618 -3.632485
v 13.563036 29.236311 -5.587647
v 14.527829 31.764458 -3.041091
v 18.933680 34.348248 -5.998580
v 18.633553 31.800741 -9.939455
v 16.709301 27.470055 -1.351591
v 11.875179 28.150204 -5.427858
v 15.964476 33.425888 -4.134339
v 14.914168 26.843594 -4.734472
v 17.055435 30.194918 -10.834817
v 11.084521 30.079281 -5.356107
v 9.544670 28.227951 -4.987307
v 13.850068 34.040791 -5.254059
v 14.261184 27.204313 -4.347449
v 11.275567 32.329552 -7.940549
v 9.652451 30.177265 -2.137322
v 9.032122 26.721500 -6.042778
v 7.183688 28.228813 -2.333714
v 11.810981 32.891464 -6.751399
v 11.933885 29.553694 -6.870613
v 14.310852 25.918978 -3.214856
v 8.719672 25.377184 -2.755060
v 8.380898 26.484322 -3.391045
v 13.588572 31.073460 -2.507967
v 15.729241 26.750051 -6.947366
v 11.108160 24.852486 0.072542
v 11.445068 31.721619 2.046481
v 15.384954 31.520012 2.853454
v 11.707009 38.319412 0.625389
v 9.713930 36.826298 8.656429
v 8.939860 32.910282 6.035156
v 10.906411 30.386642 2.850102
v 12.735585 37.247761 4.109182
v 9.448835 31.366192 4.920368
v 10.305567 35.220428 8.889519
v 14.058566 30.621647 3.300785
v 11.866037 28.811394 2.961668
v 11.023480 35.359402 6.549280
v 6.845308 29.824978 7.075325
v 11.919818 32.761871 7.275127
v 14.283635 28.421331 2.176808
v 7.727407 27.542042 1.646744
v 9.638665 28.470835 1.752628
v 11.646355 34.243172 2.314112
v 11.687875 32.219677 7.522542
v 5.860886 28.357838 2.666537
v 5.708226 27.559053 -0.110808
v 9.810684 28.111710 2.718812
v 9.954356 33.738186 0.782831
v 8.650401 34.307503 3.730482
v 6.109080 28.706800 1.454318
v 8.297549 30.965393 1.724727
v 12.527584 30.516838 4.996011
v 16.102125 35.655449 5.398272
v 9.338600 37.669506 4.456763
v 11.371824 32.685555 1.517946
v 8.638840 29.891800 1.314513
v 13.192507 35.506592 5.844646
v 10.565843 31.015976 2.771700
v 9.291153 35.231930 6.000660
v 7.799457 29.563614 5.185099
v 8.126155 28.113047 1.922746
v 15.401421 33.775505 2.740033
v 8.887900 30.545973 3.121417
v 8.299534 33.151993 9.334180
v 8.981937 27.107412 5.726447
v 7.741356 27.133472 0.990783
v 11.917949 26.646818 3.699276
v 12.665456 32.191067 3.623589
v 9.190831 33.668175 7.946090
v 7.649866 28.743258 0.693510
v 8.744888 27.389208 0.254641
v 7.112493 27.763407 2.448419
v 10.987356 33.104156 2.469397
v 7.064834 33.823563 1.453779
v 11.172292 27.425459 0.342957
v 14.144105 28.677837 -0.080128
v 12.738214 30.541929 -1.418759
v 16.247948 34.873138 0.658412
v 20.228003 31.494375 -2.936001
v 16.050316 27.786461 1.466966
v 14.455188 28.446388 0.031752
v 20.694513 32.323910 -1.998883
v 8.979697 28.941029 -2.680035
v 11.798126 34.677876 1.453557
v 14.164647 27.820646 1.350448
v 12.199593 27.789698 -0.440707
v 14.868247 32.930428 0.071856
v 9.046340 29.714237 0.943134
v 12.337291 33.295673 5.396198
v 15.510159 27.239004 0.400229
v 9.824864 27.233826 1.236809
v 12.470984 26.908968 2.502436
v 16.167852 32.138180 -0.364635
v 12.268353 33.709114 5.273396
v 6.899923 28.630468 -1.252392
v 10.125258 26.284986 -0.046353
v 14.276475 26.722809 2.891611
v 19.689245 30.051601 0.490756
v 12.708220 32.634869 0.582196
v 12.205428 25.927128 -1.639842
v 13.506717 27.878864 -0.059905
v 12.851566 29.766548 2.036104
v 20.597919 31.620844 3.118604
v 14.883658 33.452477 -2.121945
v 16.564060 27.087261 -2.879747
v 13.831661 27.467403 0.143494
v 16.623068 32.125729 -0.249284
v 15.584507 26.996601 -3.164537
v 9.913801 34.381088 -1.116457
v 9.426605 29.823599 3.043645
v 11.165805 27.250454 2.356314
v 14.453707 31.785067 1.519740
v 12.820798 27.209650 -1.313618
v 13.309776 34.454556 2.530117
v 12.050722 28.042046 3.925340
v 10.175465 26.499317 2.278095
v 9.036901 28.202051 5.701026
v 14.862033 31.675552 0.979664
v 9.894606 32.438637 -0.315714
v 12.274546 26.426273 0.492759
v 10.717835 25.616018 0.529463
v 9.150975 28.160500 2.166101
v 16.045677 31.426268 2.085882
v 16.492849 29.633753 -3.502918
v 13.446921 24.023048 -1.012655
v 18.657438 23.667957 5.219468
v 18.076452 26.824823 4.572636
v 20.790783 25.559992 10.458766
v 24.851202 23.333635 4.234348
v 16.396061 21.161619 5.220261
v 17.316381 23.663588 5.145154
v 21.943033 25.389238 9.101963
v 14.550934 21.188396 6.612834
v 23.387867 23.772591 5.560528
v 18.724699 26.166676 3.769163
v 14.420271 23.611830 1.917009
v 23.616024 24.562897 7.296491
v 15.716401 20.963348 2.526582
v 22.546429 24.569098 0.973811
v 15.134451 26.278742 2.393548
v 15.670698 23.944427 3.454916
v 16.047771 26.171843 1.562899
v 21.931946 25.480713 7.497375
v 20.813478 23.429873 1.533536
v 15.985175 21.119171 3.710841
v 15.899472 24.434139 3.807086
v 14.278103 25.970314 3.215522
v 17.679832 27.784878 7.618599
v 19.582684 23.317087 5.844096
v 13.636363 22.775572 6.349419
v 18.381832 24.206205 5.121473
v 19.206566 23.427462 3.830829
v 21.249607 26.908121 6.428801
v 20.916864 22.378706 7.748539
v 15.270341 24.987791 7.296194
v 16.464481 23.701469 3.475530
v 20.135262 26.733036 5.074899
v 15.514771 25.540800 7.354498
v 22.749823 21.934969 7.835346
v 19.263355 22.345196 3.200216
v 14.316163 23.746883 2.048756
v 22.008377 26.867992 5.236177
v 13.630728 24.216318 6.804035
v 21.058725 21.642193 6.038353
v 16.797682 22.749233 0.180038
v 15.003393 23.309237 2.611440
v 14.221937 22.712290 0.272749
v 21.130758 26.635015 3.890239
v 19.467308 22.150114 4.428755
v 15.405806 25.097736 3.936534
v 13.304101 24.242311 4.283182
v 14.939309 21.472639 4.008103
v 18.852083 25.667324 5.958086
v 18.494492 25.111412 9.733825
v 9.187224 25.602121 4.688709
v -8.211290 25.084356 -10.788530
v -7.785720 27.622604 -8.418029
v -11.816582 30.624987 -15.828221
v -12.295345 28.140314 -12.875343
v -10.526227 23.441954 -12.491765
v -9.872346 22.883730 -12.069361
v -9.587988 27.492235 -14.433825
v -7.534174 22.311813 -11.498622
v -11.259033 25.483446 -13.267043
v -8.227761 25.601431 -7.179789
v -7.863816 22.444685 -9.305275
v -9.154083 26.467220 -11.316896
v -8.443936 20.924109 -7.533638
v -13.860357 26.547922 -9.757138
v -10.655325 25.700888 -6.341242
v -8.357977 21.884724 -9.173671
v -6.487058 24.319201 -6.946927
v -8.756906 26.406672 -9.347564
v -10.007471 25.277256 -6.948830
v -5.600896 20.098392 -6.895335
v -5.386691 21.188231 -9.308166
v -5.002649 20.158974 -10.114656
v -5.436540 24.391138 -11.950438
v -2.154298 26.826248 -10.884100
v -3.656032 23.762039 -4.571710
v -9.565208 24.546469 -12.601030
v -14.134234 25.207069 -9.448722
v -10.335322 30.684359 -8.834646
v -11.183990 27.025452 -15.837718
v -3.206679 26.389132 -9.603623
v -8.625085 23.050301 -9.678879
v -8.498604 28.361677 -13.220950
v -2.835037 24.518038 -9.668398
v -10.456364 24.677786 -15.967400
v -8.412127 22.737053 -8.216048
v -8.465836 22.682880 -8.325093
v -9.648429 28.501104 -7.533667
v -3.976139 23.724756 -7.691366
v -12.775366 24.214998 -11.568395
v -12.144497 22.547405 -6.978882
v -8.152049 21.734783 -7.346783
v -8.153028 21.503531 -3.649707
v -8.684546 27.280710 -7.746499
v -9.299049 23.801023 -9.680836
v -2.173581 22.131065 -7.673221
v -4.136858 21.106291 -9.308844
v -3.765115 20.009981 -6.478102
v -7.287704 26.853504 -8.979861
v -0.549275 24.143305 -12.722350
v -0.838700 23.173525 -6.075025
v -15.748137 20.903360 -9.683842
v -13.368914 23.820223 -9.766682
v -18.158098 22.144436 -12.441606
v -18.835003 23.473969 -7.349260
v -12.746630 18.177313 -8.019361
v -14.397591 19.372196 -8.007064
v -15.669588 20.810461 -10.677175
v -13.588906 17.275862 -6.550413
v -15.736916 22.057627 -6.732192
v -13.817290 22.555557 -5.500535
v -10.952820 19.882515 -6.951888
v -18.315176 21.326086 -9.816417
v -15.263624 17.910027 -6.167551
v -17.907860 23.441422 -4.249645
v -12.308498 22.899456 -6.060952
v -10.385699 19.510593 -5.473538
v -9.329668 21.892962 -4.556718
v -13.890405 20.480450 -10.883791
v -16.173180 21.402298 -3.210132
v -10.828594 16.804070 -3.575165
v -7.269437 18.041439 -6.702579
v -10.264839 15.574719 -8.005476
v -13.358058 18.744053 -7.208251
v -8.877841 20.134081 -10.886763
v -8.282649 20.782616 -3.409675
v -12.361020 20.520203 -8.535428
v -13.573735 21.638050 -3.968619
v -13.737872 25.391426 -9.243859
v -17.963053 20.028084 -10.454494
v -11.569038 20.509035 -9.955470
v -10.007578 19.050016 -7.169558
v -13.687643 23.053604 -8.756667
v -10.449913 19.346064 -11.317759
v -19.823816 18.904100 -9.872092
v -16.356539 20.336241 -5.382151
v -13.036622 19.867901 -6.138835
v -13.745310 24.718649 -5.898312
v -8.745471 20.227942 -5.895585
v -17.134708 20.211353 -6.817446
v -10.431076 21.146513 -1.313347
v -11.383363 18.922129 -6.223921
v -10.943787 20.241455 -2.525881
v -14.084646 23.716715 -4.745079
v -16.705570 18.323622 -6.627817
v -9.478210 17.745499 -9.254620
v -9.187445 17.907370 -8.010435
v -9.408157 17.330257 -3.049473
v -9.834889 21.442612 -7.926435
v -11.472683 16.311960 -10.536776
v -5.776259 18.494652 -6.825727
v -8.389933 26.630365 -2.740431
v -11.297536 26.637667 -0.952381
v -8.537825 33.078522 -3.239878
v -8.479804 32.162498 -6.972898
v -5.321241 27.151852 -2.108125
v -6.391744 24.972475 -6.012995
v -5.129933 31.638678 -0.873459
v -2.792793 26.261793 -5.529893
v -6.572032 30.433739 -4.496779
v -7.470414 25.523180 -3.074587
v -5.727881 23.823769 -4.409097
v -5.043983 30.774399 -0.491485
v -5.154858 24.966597 -2.908355
v -9.764673 28.614304 -5.115219
v -8.338403 23.903177 -2.754220
v -5.568767 23.132044 -3.194475
v -10.166713 23.694889 -1.195586
v -4.260043 29.760143 -1.236479
v -8.036142 27.956892 -5.152614
v -3.714415 23.312529 -5.234171
v -3.673600 22.516293 -2.037128
v -3.318653 22.918064 -1.547450
v -3.188962 28.580414 -1.680417
v -6.034487 28.252617 0.255094
v -7.023710 23.339767 -0.240136
v -8.598446 25.771437 -4.211108
v -8.677192 25.717754 -2.205281
v -9.174677 31.055807 -1.176129
v -3.979164 32.488213 -2.995197
v -3.412478 27.413992 0.986857
v -6.187541 24.279842 -2.991672
v -11.156315 30.372587 -2.036218
v -5.418147 25.784142 -2.474491
v -4.782928 31.315647 -5.916174
v -5.733091 24.458248 -3.621594
v -7.746681 23.102982 -2.782260
v -7.800803 29.193987 -2.165007
v -5.317997 24.958979 -2.613786
v -7.546183 28.675463 -5.944312
v -6.894216 23.216936 -3.423630
v -5.594163 22.129749 -4.455089
v -8.086767 21.598768 -3.610427
v -10.571106 28.260057 -2.581372
v -7.017245 28.155403 -6.071638
v -3.733204 23.999426 -2.449711
v -4.636222 21.820538 -3.680309
v -6.447109 23.213047 -5.159095
v -8.695247 28.261013 -1.055518
v -2.960103 28.473366 -1.834734
v -4.978944 22.488003 1.205605
v -10.040949 23.501667 -3.045764
v -14.662034 22.574024 -0.278069
v -11.472129 28.143112 4.371385
v -9.523049 29.929773 -0.316757
v -6.930822 25.153624 -0.558295
v -10.209674 23.423115 -2.133422
v -13.402447 28.343826 3.801215
v -6.266860 24.562815 2.742391
v -9.538733 29.644476 -0.532385
v -11.857395 23.518515 0.376266
v -7.710896 22.544439 -1.236753
v -11.144809 28.562756 -3.599374
v -13.144572 22.388283 -2.588742
v -9.700006 29.030092 1.866296
v -7.085401 24.027527 -0.248773
v -8.699074 21.802750 -4.128275
v -8.263965 21.969780 -0.865730
v -11.266969 27.909956 1.002138
v -7.752696 28.845980 0.145913
v -5.262682 23.215733 -2.835626
v -8.568635 21.408106 -1.446358
v -9.990835 22.147715 -2.951052
v -15.220545 25.795998 0.757397
v -6.322783 28.042761 1.886243
v -8.333700 21.616611 0.547960
v -10.561875 23.206453 -1.667731
v -8.584687 24.847673 -1.134495
v -13.475109 27.775932 2.396737
v -11.358347 29.064121 2.684014
v -11.042514 22.283411 1.554571
v -7.368186 22.603552 -0.846524
v -10.228574 27.251665 0.420036
v -12.771279 22.107737 0.515496
v -10.013086 28.553766 3.041391
v -8.120633 23.877157 -3.919489
v -8.811810 21.982224 -2.323633
v -12.970857 27.423037 -0.168388
v -9.929490 22.890268 1.646146
v -10.465528 28.939337 -1.288743
v -8.843431 23.015982 -2.918818
v -7.415912 21.735451 -3.700294
v -6.807968 22.031366 -3.836690
v -13.663804 27.369022 -2.620611
v -9.340240 27.861290 -1.159792
v -6.973635 21.642878 2.057664
v -8.634882 20.892206 -2.211508
v -2.542062 22.929796 -1.758940
v -9.528407 26.851774 -0.298596
v -11.211388 25.507568 3.633667
v -9.962893 19.879711 2.335048
v -15.588475 19.687565 -3.625707
v -15.413808 17.019747 -0.631390
v -20.298370 20.552290 0.073930
v -19.020130 21.159393 -6.209703
v -15.280825 22.260649 -3.132884
v -13.598392 19.069225 -4.221376
v -20.857054 20.608292 1.953659
v -13.636069 22.238611 0.766863
v -17.164633 19.658070 -3.329502
v -11.602871 16.831245 -1.659958
v -13.031680 19.280224 -1.256433
v -20.192047 19.161541 -2.603644
v -12.956726 16.852007 1.276898
v -17.297762 22.278742 1.860304
v -11.627458 22.197880 -2.423735
v -11.158254 18.939745 -1.570999
v -10.451867 22.042301 0.398000
v -16.813049 21.215960 -1.281882
v -17.451868 18.450405 4.300241
v -12.397903 16.757301 -0.520248
v -11.827080 19.225630 -3.658019
v -10.635276 21.293308 1.435451
v -18.156073 23.597475 -2.444500
v -18.310934 18.663286 -3.423614
v -13.423849 18.635756 -6.470757
v -15.831912 19.704817 -4.366795
v -14.012728 20.324030 -0.607779
v -17.413027 23.112562 -1.870829
v -19.739286 17.856741 -3.788423
v -13.370731 18.750782 -4.761796
v -12.726214 18.828110 -1.906582
v -20.020992 22.270676 -2.487784
v -13.322977 18.820055 -5.494827
v -19.984201 17.200848 -0.364190
v -12.916933 18.740839 0.651183
v -13.701430 18.830982 -1.717345
v -20.238035 22.584585 -1.006399
v -13.194712 18.344355 -5.224969
v -20.040386 18.116625 0.227163
v -13.203382 20.443096 1.116102
v -13.416505 18.715899 -2.456953
v -10.904575 18.221577 1.750892
v -16.679781 22.454424 2.146662
v -18.005262 17.635857 0.362246
v -12.723011 20.330530 -2.982169
v -12.270033 19.160158 -3.124202
v -11.778250 17.285912 -1.454324
v -17.015896 21.471489 -0.390057
v -16.943609 20.861998 -5.787004
v -11.802195 21.974464 -3.619120
v -0.066544 21.457632 15.859970
v -0.906626 24.321012 14.606739
v -5.914490 23.700638 19.218668
v 1.887896 24.333660 21.496044
v -0.170518 18.948944 17.298336
v 0.883569 19.860117 11.759056
v -3.442251 21.237194 18.462065
v -0.531526 17.883146 13.670725
v 2.416093 23.204868 20.055674
v 0.189619 22.919113 12.650038
v 2.058785 20.047237 12.448611
v 0.973450 21.263540 18.332638
v 3.919892 17.818079 13.591723
v 5.188405 24.097858 16.772985
v -0.923382 23.117298 11.332141
v 2.632665 19.102211 9.852676
v -0.033204 21.766127 8.373600
v 0.020125 21.459690 13.432721
v 3.081876 20.338816 13.940259
v 4.186446 16.396807 12.082334
v -1.155458 18.055010 7.970659
v -4.376597 16.172888 8.496808
v -1.744259 18.772820 14.387437
v -4.704798 21.612314 11.115396
v -0.318102 20.589188 7.033355
v -0.626308 21.274532 15.639773
v 1.115313 22.454742 15.473648
v -2.060890 25.535757 20.465073
v -0.572205 20.777409 21.804630
v -2.532087 20.341761 15.436333
v 0.874290 19.859758 11.956439
v -1.172330 23.869299 15.665891
v 0.154049 19.492115 13.737965
v 0.413397 18.920321 20.373396
v 3.382773 20.395731 14.131121
v 1.222114 19.715708 10.977985
v 1.066001 24.029043 15.672887
v -1.543935 19.623714 11.110771
v 2.218237 20.106340 17.046133
v 5.200905 20.395880 12.297081
v 1.472247 18.646706 9.965231
v 6.183517 18.109409 11.490735
v 2.698254 23.169497 14.420347
v 2.333850 18.721378 15.557059
v -3.462120 18.682915 9.168247
v -1.411643 17.916685 6.647878
v 2.260537 17.465961 9.026474
v -1.405864 21.953993 13.616962
v -4.845442 18.151041 12.562306
v -6.032460 18.804998 6.676239
v -1.289068 24.956257 12.212276
v 1.437420 27.503294 11.896540
v -7.560781 28.389214 15.068928
v -1.007862 27.566996 16.633303
v -2.920813 22.945015 14.006406
v 0.226086 23.156729 10.658437
v -2.946659 26.687704 15.728350
v -0.792321 21.355217 12.337120
v 3.495813 26.433666 16.831503
v 1.207983 25.330784 11.045295
v 2.491992 22.555559 10.090011
v 0.999509 25.527668 15.289089
v 1.069906 20.610485 12.102046
v 2.782615 26.721888 13.974616
v 3.647779 25.024448 9.952952
v 0.289734 21.104219 7.628095
v 4.106852 23.464563 10.032186
v -1.446865 25.696184 13.597820
v 4.460814 23.386074 15.502833
v 0.803001 19.188824 9.292603
v 1.395892 20.848267 6.628033
v -2.020275 19.620218 6.615221
v -3.579074 23.470482 13.705454
v -1.368908 26.627636 10.462994
v 3.347296 23.315300 8.932565
v 0.625930 24.521788 10.774889
v 1.960212 24.391497 14.645366
v -0.432732 30.590857 15.169536
v -1.755811 26.039097 16.763437
v -1.494746 24.320621 10.382877
v 0.457629 22.854115 11.171019
v -0.469039 28.577736 13.114080
v -2.812516 23.795799 11.558257
v -0.536123 24.312885 17.644108
v 3.594635 22.427015 12.274079
v -0.184518 21.928036 8.695939
v 0.892388 27.407991 12.547407
v -0.217059 22.868683 9.334126
v 2.897946 23.656845 15.190337
v 3.149886 22.107851 10.920288
v 2.468285 20.546671 8.419480
v 3.406096 20.245634 8.284940
v 3.121041 26.204937 12.444395
v -2.160423 22.731310 15.130242
v -0.367946 21.882210 8.367220
v 1.372000 20.797907 7.142723
v 2.294883 19.856506 10.465497
v -0.251859 25.823351 11.745664
v -5.209695 23.589172 9.192700
v -2.776450 21.961142 4.141040
v 6.051569 26.505135 6.522729
v 9.844170 26.029634 8.645098
v 7.884692 32.230755 5.067017
v 5.342336 32.012299 11.743490
v 1.224365 27.556437 6.469247
v 3.178741 25.849989 4.951813
v 5.768990 31.510208 5.690538
v 3.279623 27.084158 4.247756
v 5.172730 30.785601 11.193886
v 8.228867 25.137445 7.460570
v 4.644669 24.114557 7.172935
v 5.310540 31.014206 7.094983
v -0.509991 25.580791 6.766496
v 6.722831 28.821257 11.509476
v 7.835696 23.517195 7.095654
v 3.409916 23.336168 7.268068
v 6.275138 22.901188 7.266138
v 4.782808 29.830093 7.671861
v 4.072912 28.607792 10.172569
v 3.382729 23.930576 7.184861
v 3.545437 22.813776 3.904810
v 1.697944 24.126209 4.551631
v 3.466402 29.730202 5.637120
v 9.241411 28.516308 1.836492
v 5.132557 22.762630 5.604894
v 5.964331 26.067614 5.401248
v 4.392073 26.506203 8.383467
v 9.177970 31.076609 10.002044
v 3.011013 32.801273 5.524687
v 7.395170 26.683933 2.062013
v 4.770259 25.055197 4.237166
v 7.697736 30.255323 9.093781
v 7.351833 25.475981 5.644127
v 2.465709 31.978563 7.604553
v 2.408931 24.940403 8.415967
v 4.215695 23.493132 7.854267
v 9.415936 28.817562 9.521146
v 5.401524 25.643946 7.090571
v 1.801569 29.662125 8.455976
v 1.486459 23.334297 8.568766
v 5.181281 22.689194 5.628130
v 2.238769 22.310926 10.100481
v 9.221393 27.392569 8.702240
v 0.656048 29.778576 6.868908
v 5.752765 24.348597 3.767011
v 3.329147 22.278811 4.182170
v 3.692618 23.505554 7.200280
v 7.707228 27.847643 7.076298
v 7.305302 28.184479 3.657147
v 5.923230 22.037060 3.470889
v 9.469235 21.822237 4.840044
v 8.545942 23.564703 7.595510
v 14.796359 24.275768 10.867226
v 14.968248 26.350756 4.224171
v 9.929999 20.460915 4.174263
v 10.386893 21.298145 6.416049
v 14.844723 22.935276 6.573176
v 9.426409 19.243389 3.238765
v 12.619695 26.125891 3.770797
v 9.699973 23.494001 6.772899
v 8.855738 21.384573 4.388714
v 17.571432 23.745445 6.588216
v 9.566292 20.877493 0.854666
v 11.708997 27.695240 7.451209
v 9.600120 22.884850 9.103566
v 6.629803 20.965815 3.621656
v 6.767298 23.480947 4.743112
v 14.608036 23.765305 6.596393
v 11.843585 25.561485 0.452878
v 10.661165 19.664185 3.132630
v 7.499499 20.125696 4.478436
v 4.338084 23.171736 5.618567
v 12.831307 23.518944 8.607274
v 16.039612 22.954414 4.553884
v 8.723170 18.458200 4.788849
v 8.762890 21.169830 7.276365
v 8.308940 23.972284 3.808331
v 14.632380 26.136230 8.578205
v 17.356546 22.592104 5.469339
v 9.877938 20.168369 9.589929
v 7.807363 21.081951 4.694452
v 11.940308 25.295134 7.366728
v 10.490992 19.895399 9.280897
v 14.567273 22.299747 2.219970
v 8.860975 22.270517 4.420702
v 5.748415 21.381197 4.017824
v 14.061892 25.490316 6.405560
v 11.380036 19.963947 5.696832
v 12.693869 24.922691 4.714087
v 4.434001 23.790461 4.653098
v 8.247576 20.974438 5.587549
v 7.867225 22.383106 2.977622
v 10.066430 26.729200 4.342519
v 12.519199 22.920979 5.531265
v 9.749617 19.555672 7.443601
v 6.108891 20.235407 4.060338
v 7.793021 20.548655 2.937267
v 11.639688 25.105993 4.674428
v 12.634297 20.922739 7.717218
v 4.801802 20.331003 7.492198
v 5.078584 18.878511 14.266738
v 5.329288 21.585041 13.158639
v 5.071348 20.807478 19.010113
v 7.371192 18.217039 18.324532
v 4.354455 16.455294 13.004358
v 6.404536 18.766424 12.026684
v 1.642278 19.157570 18.309723
v 4.303504 16.189756 12.081989
v 8.926246 18.623564 16.324696
v 4.144542 21.505238 12.211193
v 6.435068 18.752499 10.804551
v 5.510104 18.989021 18.630259
v 5.678551 16.220194 13.082786
v 11.064487 19.562979 16.773052
v 4.891388 21.981186 11.769336
v 7.418375 18.968561 10.458021
v 5.255766 21.750107 10.819824
v 4.844091 21.097473 16.802612
v 12.216419 18.363132 15.670753
v 5.985680 16.428993 11.374002
v 3.604310 19.210886 9.435620
v 0.918669 17.710543 11.455751
v 5.931444 18.869074 16.185923
v 4.765705 22.805586 14.897415
v 5.966867 20.773418 11.872019
v 6.330941 19.238140 12.662112
v 8.254062 18.551701 11.547332
v 7.535665 21.456156 17.800745
v 5.551127 17.284899 20.358929
v 2.315527 19.993856 15.357007
v 3.653903 18.882248 10.376472
v 6.800939 21.585356 17.178259
v 1.373695 20.174717 13.193824
v 4.579548 16.634314 18.623613
v 7.092599 17.692509 10.005467
v 5.020273 18.867495 10.071890
v 7.142072 22.001175 14.728648
v 3.401941 19.509993 10.727627
v 9.511290 16.763992 17.942543
v 9.244169 18.713947 10.568223
v 4.279847 18.926035 10.298996
v 6.640418 19.116898 9.175227
v 5.931995 21.838064 14.878864
v 7.243433 17.177427 17.977655
v 4.483105 19.638195 11.576174
v 4.012776 19.129074 9.513527
v 4.773596 16.995796 10.698496
v 8.745711 21.918459 15.830896
v 2.793379 19.512182 16.158537
v 4.975679 21.384663 10.552258
v -2.853962 20.451803 -18.214117
v -0.833220 18.363737 -15.733263
v -3.346561 22.451063 -22.269503
v 2.221483 21.808657 -22.294405
v 2.772851 22.499969 -13.490418
v -0.701300 19.427584 -15.715263
v -2.496932 22.297413 -17.221802
v -0.629677 22.173576 -13.842173
v -1.723565 19.629122 -19.018547
v -1.337498 16.576208 -14.965653
v -2.581335 19.002169 -14.250163
v -5.608261 22.763494 -15.344616
v -1.562176 21.634850 -12.813733
v -1.793045 19.496910 -18.374626
v -2.693851 17.377220 -11.319715
v -3.717165 17.796791 -11.671933
v -2.692544 21.323324 -8.392082
v -5.781513 21.097141 -16.103865
v -8.802101 18.363230 -13.012572
v -1.366690 15.646167 -11.172273
v 0.360071 17.958279 -12.892007
v -1.033078 15.944985 -12.896882
v -3.679796 18.648098 -15.683170
v 1.779682 21.935167 -15.603106
v -0.143263 20.480726 -7.842236
v -1.236664 19.826439 -18.308662
v -2.292608 21.415230 -16.457682
v 0.441811 24.458778 -20.823730
v -2.353238 19.609529 -21.680218
v 4.449746 18.620855 -16.705021
v -1.181029 18.883282 -16.141068
v -2.345362 22.785601 -17.378736
v 2.773836 18.706936 -14.705807
v -3.706141 18.881947 -20.818594
v -3.319616 19.899588 -13.964890
v -3.705352 19.218285 -13.975770
v -5.051171 22.912073 -16.588757
v 0.466468 17.770002 -13.575737
v -5.341642 18.764746 -15.109340
v -3.464594 19.894436 -10.036355
v -3.469249 17.617304 -9.668345
v -4.363446 17.742117 -6.971882
v -6.298203 22.486727 -11.645223
v -2.765208 17.644505 -13.580328
v 2.181207 18.375004 -10.522192
v -0.873022 18.104006 -11.849025
v -1.020655 16.881105 -10.469666
v -1.850682 21.767908 -14.333069
v 1.236148 18.484118 -15.079129
v 3.391082 18.826826 -11.010547
v 4.107556 21.975941 -14.827911
v 2.119279 21.153862 -16.052361
v 1.280384 26.939043 -19.193962
v 6.783727 24.067991 -19.892405
v 5.978915 23.742859 -15.323384
v 2.356359 21.381929 -14.750475
v 1.610776 26.239555 -19.549669
v 3.070283 23.904049 -13.278652
v 3.656053 22.520281 -18.094885
v 1.239996 19.897806 -13.143860
v 2.379914 21.963936 -12.255042
v 1.099783 23.712343 -17.452436
v -1.110360 20.675882 -14.130616
v 1.080422 27.663620 -14.747094
v 5.210510 23.718117 -10.738315
v 1.626242 20.496407 -12.057709
v 2.430306 23.267380 -9.372279
v 3.274116 24.816608 -17.197874
v -0.656070 24.352327 -13.191701
v 0.714130 18.779928 -10.957234
v 3.387773 19.217522 -10.915442
v 3.532975 22.098175 -7.061181
v 7.356039 23.464216 -13.643661
v 2.629975 22.146902 -14.442589
v 5.125833 17.361176 -11.521792
v 4.835261 21.688883 -14.612657
v 3.199958 24.141565 -14.021073
v 7.117505 26.902235 -17.716150
v 4.273806 23.072491 -21.819857
v 6.264646 19.943428 -16.705637
v 4.778648 20.959698 -13.678206
v 5.717493 25.393236 -17.909338
v 4.930812 20.054279 -17.001678
v -1.466571 22.891531 -19.355810
v 0.154446 22.934458 -10.826073
v 0.778876 21.748611 -12.542565
v 1.833049 26.109604 -15.442400
v 1.412145 19.748999 -13.818144
v 1.183154 24.121986 -14.440708
v 3.964501 23.962980 -9.059940
v 0.910047 20.412445 -10.169453
v 1.158318 21.729425 -6.864246
v -1.254027 25.642408 -12.023516
v 0.213736 21.596344 -14.406504
v 5.057741 20.008814 -9.492174
v 3.216325 19.053875 -10.653603
v 1.853091 19.573254 -8.612218
v 2.640720 24.469141 -11.384587
v 4.766405 20.081692 -16.619701
v 5.514336 20.464905 -9.254539
v 11.253792 22.933245 -3.699665
v 12.874823 21.574249 -1.769241
v 19.063787 26.239597 -3.611629
v 14.299722 27.940016 1.902588
v 10.087647 25.325605 -5.656435
v 12.398231 22.143833 -3.789296
v 16.101786 25.620735 -1.980598
v 10.258899 24.118629 -5.115530
v 13.285137 26.086395 0.926612
v 10.981436 20.065449 -2.859045
v 11.061433 21.669186 -5.806023
v 14.575181 25.290291 -5.667650
v 8.774291 24.241400 -5.117313
v 12.970105 25.806635 -2.264338
v 11.992719 19.486828 -2.445775
v 7.507341 20.349375 -5.973513
v 9.056629 18.826546 -3.911602
v 14.832659 23.335110 -7.356775
v 11.948073 25.858582 -3.262340
v 9.387030 22.684929 -6.536927
v 5.431410 20.260540 -4.370739
v 8.420854 19.060102 -1.919157
v 12.086197 23.289543 -2.717521
v 9.020049 25.828575 0.438193
v 6.843586 22.756985 -6.313163
v 9.521274 22.889418 -4.778787
v 12.923337 22.661871 -5.619983
v 14.723269 28.034195 -2.985250
v 15.783340 24.642315 -1.183016
v 8.930929 23.450041 -1.516194
v 9.038311 21.474627 -4.826276
v 15.302203 27.716225 -1.198662
v 8.276804 23.460247 -1.806044
v 15.489302 23.220634 1.295004
v 12.136005 20.796984 -6.474166
v 9.990296 21.165735 -5.419706
v 10.626447 26.847486 -4.678789
v 9.409946 22.280153 -2.287870
v 16.224363 23.225996 -3.845271
v 8.616921 20.483309 -8.108646
v 7.302955 20.235777 -5.846575
v 11.254103 20.214096 -7.589497
v 11.837055 24.997976 -5.472795
v 16.009697 22.454273 -2.900704
v 8.898482 21.681593 -3.148099
v 7.929178 20.048061 -3.426203
v 10.357593 19.026155 -5.292668
v 12.181802 25.435347 -2.212525
v 12.473208 23.396498 2.384753
v 6.891743 21.540775 -2.530091
v 7.802304 23.864756 -8.960835
v 8.283811 25.299023 -3.506226
v 15.109647 29.359108 -8.293469
v 7.142021 29.633707 -9.447250
v 10.284579 23.699753 -8.714191
v 9.213160 23.417824 -7.712666
v 9.482653 29.445936 -9.026525
v 5.144099 24.638628 -5.452725
v 14.143591 28.386976 -7.699362
v 7.651580 22.092705 -11.207022
v 6.260205 21.964624 -8.903708
v 12.905887 26.819593 -7.830305
v 9.652212 21.573673 -8.153798
v 8.715339 28.599625 -8.844608
v 8.655623 23.054605 -5.242597
v 6.670331 21.559965 -8.840243
v 10.635614 21.650097 -7.581474
v 8.387943 28.082172 -8.119616
v 10.989956 26.265921 -6.263126
v 5.429713 22.873436 -5.386844
v 7.587565 21.172619 -8.342281
v 9.722765 21.250834 -7.865060
v 7.378594 27.252308 -11.127836
v 9.292748 28.004885 -6.605008
v 4.741101 22.377712 -6.162826
v 6.263265 23.202297 -10.481177
v 9.268030 23.549467 -8.223711
v 12.938561 28.401035 -9.633534
v 10.022891 30.095594 -6.988297
v 5.698600 24.518835 -9.032331
v 7.112994 22.732512 -8.131918
v 13.022942 28.014988 -10.506666
v 5.088574 23.520235 -9.147715
v 10.231209 28.887867 -5.918753
v 9.775166 22.576944 -7.537509
v 8.543840 21.795687 -9.545925
v 12.825409 26.960117 -10.860259
v 8.469265 23.413294 -7.240138
v 12.196690 27.378103 -7.760340
v 12.470702 21.227112 -5.939898
v 8.138275 20.665136 -8.649615
v 9.178580 20.468386 -7.199562
v 10.987937 25.625507 -10.639477
v 9.316781 27.420507 -2.416116
v 5.913885 22.827227 -6.124535
v 6.172852 21.015490 -8.000413
v 6.828176 21.710480 -4.574947
v 9.703133 26.753864 -6.584984
v 7.120471 27.317385 -6.542103
v 5.168604 20.564209 -8.088365
v 13.658881 19.603876 -12.039683
v 10.947556 16.905470 -12.540250
v 16.992884 20.439209 -18.259163
v 19.231762 20.697252 -12.644777
v 12.004730 22.693560 -9.759140
v 11.480336 18.755732 -12.729890
v 14.478895 19.873461 -17.419781
v 12.005072 21.758591 -12.573132
v 17.153545 18.790680 -13.244243
v 11.798615 15.990701 -11.042315
v 7.967057 18.849735 -12.735984
v 15.154830 18.540836 -13.645549
v 11.769710 16.833458 -12.454251
v 12.320224 21.917156 -15.868725
v 11.097610 22.195148 -10.142321
v 8.312510 18.972286 -12.192719
v 12.288400 21.545967 -9.855116
v 17.018488 21.041681 -13.338428
v 10.454351 18.308168 -16.630573
v 12.056561 15.852650 -9.227642
v 9.146506 18.993454 -9.330882
v 9.638098 21.200861 -10.498533
v 16.643587 22.832544 -11.960366
v 14.923109 18.139328 -13.901589
v 10.474674 17.258759 -8.589388
v 11.379381 19.468256 -10.605917
v 11.910501 19.951521 -13.091229
v 17.642498 22.883701 -15.596286
v 17.374907 18.454891 -14.090778
v 13.144919 18.839478 -7.725729
v 11.626407 18.564486 -10.401514
v 15.761793 22.022345 -13.115574
v 11.461021 19.138769 -9.471398
v 16.090763 16.876493 -14.078066
v 8.122791 18.085215 -13.895968
v 8.203470 19.067841 -12.101041
v 14.214424 22.255737 -14.927770
v 12.466748 18.140390 -9.646666
v 11.235384 18.391470 -15.221479
v 8.398220 19.749197 -12.481970
v 8.966703 18.441122 -11.615638
v 10.405521 18.245045 -11.289428
v 12.746852 21.588512 -17.632982
v 15.796847 17.845863 -13.726711
v 11.042452 19.188883 -8.807104
v 8.321101 18.831697 -11.209880
v 9.491294 17.217165 -9.709701
v 15.269258 21.389687 -14.091878
v 15.598223 19.249762 -11.628219
v 9.273501 21.039642 -7.057962
v -13.483259 51.812096 -4.003527
v -13.360062 52.083759 -1.981027
v -17.686485 58.625751 -2.595407
v -16.539505 57.038967 -6.780634
v -10.972177 53.999374 -3.922523
v -12.639316 49.956673 -3.605336
v -14.507599 53.577419 -3.044009
v -16.309074 48.827896 0.011201
v -14.673515 54.995041 2.501069
v -9.554939 51.593056 0.113515
v -6.492522 47.642403 1.204727
v -13.680497 52.206409 2.855356
v -11.489628 47.972569 2.627334
v -9.598014 53.982250 2.740687
v -8.728979 49.533016 -2.387461
v -6.962392 45.024220 1.976880
v -6.330668 46.763645 -0.162354
v -10.328381 51.433369 0.668066
v -7.618363 49.383514 5.301393
v -9.039353 44.695057 0.551727
v -8.511463 44.024414 -3.798584
v -7.844580 43.550102 -1.006446
v -15.227057 48.728573 -3.143949
v -7.624932 49.212173 -5.416456
v -7.420548 46.163292 -0.563366
v -11.336434 51.449532 -3.784025
v -13.897782 52.791084 -1.205658
v -9.687282 58.126411 -6.401441
v -15.521108 55.478420 -3.830393
v -11.956473 51.405685 -2.226566
v -12.859890 49.440220 -4.118657
v -10.936993 55.225533 -3.349373
v -10.428737 49.631420 -4.026943
v -15.980309 53.296871 2.631686
v -10.286266 50.034710 -0.350218
v -7.033094 47.799774 0.149354
v -10.574181 54.061028 1.875005
v -8.657004 47.444077 1.437891
v -11.006208 52.110260 6.468951
v -6.752871 49.142853 5.611120
v -4.548021 44.407734 1.241115
v -5.636981 45.004326 2.285805
v -8.294116 50.906124 2.374843
v -9.755234 48.879501 2.075471
v -4.042778 45.723881 1.490440
v -3.569673 43.555344 -2.837605
v -7.054643 43.649055 -0.494958
v -7.322929 49.765121 -2.453769
v -11.867944 47.700527 -4.856532
v -1.428049 44.176380 -3.797420
v -7.196816 52.709415 -7.289782
v -8.394794 54.958488 -8.885875
v -10.765958 58.387882 -11.361762
v -10.645788 58.088387 -7.914207
v -9.862339 51.887012 -9.339137
v -9.359185 49.463921 -9.953946
v -11.437989 54.213482 -9.969257
v -9.239798 48.751579 -4.736419
v -13.916306 55.367474 -6.637320
v -4.949856 51.206116 -1.811686
v -5.428370 48.343685 -6.056072
v -7.754835 53.153549 -5.157465
v -10.170127 47.811897 -4.348813
v -13.568357 54.738003 -3.410250
v -0.657044 50.427219 -1.088668
v -8.607471 45.703819 -5.030381
v -3.855494 47.654671 -0.501858
v -8.890454 51.462112 -8.865307
v -11.848576 51.358551 -2.893086
v -6.550737 44.622250 -2.897640
v -2.411292 44.528187 -6.520534
v -6.537191 43.026390 -6.550371
v -8.002980 49.068256 -9.593124
v -6.057518 50.349445 -8.649214
v -4.984982 46.448715 -2.097840
v -4.945996 51.882343 -7.517583
v -8.203322 52.670254 -1.925438
v -9.848271 58.865707 -12.090449
v -9.958585 55.622738 -11.323874
v -4.352725 52.359280 -7.369736
v -8.957247 49.204689 -9.612893
v -6.899013 55.606388 -8.093349
v -6.219808 49.745907 -5.513669
v -10.234660 52.837963 -8.362009
v -12.473869 49.964046 -4.135388
v -6.094934 47.659927 -3.215192
v -4.734283 54.392193 -4.115987
v -6.323265 48.180019 -3.979804
v -8.326503 52.444626 -2.550331
v -4.939816 48.477814 0.728233
v -6.986603 45.743946 -5.369624
v -7.556374 46.674156 0.655097
v -8.020766 52.632996 -4.790948
v -10.308867 49.298630 -4.136164
v -4.126630 46.200470 -2.021671
v -3.609338 44.208794 -8.318432
v -3.152085 44.670437 -2.584749
v -5.527577 50.390114 -4.876192
v -4.287075 47.538052 -9.818156
v -1.730217 44.979401 -4.299643
v -5.619916 52.854774 -3.032120
v 0.077955 54.672752 -1.985317
v -6.574493 58.364357 -6.617023
v -3.920447 58.873886 1.685631
v -6.887716 51.999332 -0.990044
v -4.069797 50.033367 -1.172381
v -7.216427 55.622314 -3.971853
v -7.331510 49.765881 -3.086792
v -7.052113 56.244057 1.222509
v -6.093138 52.266068 -1.651978
v -3.355273 48.203323 0.229873
v -8.048820 54.557491 -0.113187
v -8.279716 48.393734 1.542232
v -4.691563 54.358444 4.836604
v -1.106936 50.221882 2.487335
v -0.144713 46.001011 -0.461635
v -3.811339 48.567333 1.249942
v -3.619778 53.234364 1.227078
v -8.869457 51.776390 1.021640
v -8.448355 45.614601 -0.111465
v -0.790355 45.040714 -3.021675
v -8.596388 44.804493 -2.613507
v -8.237050 50.473415 -1.689043
v -2.764285 50.694878 -6.299362
v -4.557450 46.829960 -2.462275
v -5.099005 51.878963 -2.196380
v -5.813379 53.508820 -1.055789
v -4.745794 58.696373 -2.886635
v -11.020647 57.492908 -4.934252
v -4.172258 51.999466 -4.608345
v -4.050589 49.771225 -1.240761
v -5.606518 56.132416 -1.626562
v -5.716921 50.972893 -2.325470
v -6.837384 54.204517 -1.750283
v -6.460932 49.588505 -0.029953
v -4.532181 48.089561 0.509305
v -0.880552 54.972763 2.962777
v -6.228255 48.663528 -4.246435
v -9.753862 52.715435 3.792625
v -6.765812 48.494797 3.724218
v -2.843645 45.537796 -1.986530
v -1.972548 45.721203 1.549918
v -2.980253 52.171581 -1.562065
v -8.048150 50.135117 1.194130
v -1.099076 46.820282 -0.611477
v -4.255263 44.636375 -5.770917
v -4.401096 45.388924 -1.832554
v -6.837089 51.421597 -3.324096
v -8.588980 49.142632 -6.304171
v -5.434592 45.871403 -6.186924
v 6.958203 48.282425 -7.137442
v 9.678190 46.620434 -7.514661
v 8.189453 53.208096 -11.784362
v 15.502634 50.947460 -9.021305
v 6.136295 50.518639 -6.479308
v 4.306952 46.806820 -8.551164
v 1.753800 51.553047 -12.246807
v 4.979321 49.720863 -6.240808
v 10.108527 49.610714 -9.986219
v 5.513472 44.703335 -6.928186
v 3.988436 47.147514 -8.730108
v 4.625710 52.833981 -10.018918
v 8.360152 48.849491 -3.806424
v 6.672398 49.588051 -9.898952
v 4.969751 46.017757 -8.142556
v 3.358008 45.345509 -7.784816
v 1.081992 48.299328 -2.469146
v 7.032173 49.449512 -11.441532
v -2.108982 49.139046 -11.292332
v 4.039280 43.988201 -8.004388
v 4.319733 43.847324 -7.370646
v 4.568935 46.876873 -2.240826
v 11.571220 48.625584 -7.284392
v 7.850853 46.710232 -9.185322
v 6.104409 42.151146 -7.120819
v 6.553914 47.555225 -6.679559
v 5.728819 49.522732 -10.764543
v 10.340193 52.987816 -8.272541
v 12.506894 49.930187 -10.905402
v 9.676164 46.242508 -9.687869
v 6.434642 46.472218 -7.423519
v 6.179291 51.878784 -10.697014
v 7.771975 45.718369 -7.372519
v 5.365005 48.690441 -13.273588
v 4.425467 47.607597 -8.984038
v 5.221406 46.238655 -7.787375
v 8.472548 51.538971 -9.029137
v 4.983883 45.540951 -4.551744
v 4.811516 49.552837 -10.772123
v 2.748266 48.562523 -7.356633
v 3.067269 45.016781 -5.289048
v 0.648844 45.842709 -8.776664
v 4.423286 50.677219 -7.793501
v 8.015816 47.361023 -9.399720
v 4.860916 44.581261 -4.920407
v 6.109765 44.154419 -6.019679
v 2.276327 44.124191 -8.330520
v 5.432459 49.676628 -8.480917
v 9.692603 45.261761 -7.970020
v 7.243577 44.319088 -2.199315
v 8.657928 46.223225 0.709646
v 13.129368 43.938892 3.002850
v 16.754425 49.409531 2.448398
v 12.012984 48.536709 8.357681
v 7.076741 48.853241 5.786182
v 9.801846 45.303402 0.582811
v 14.118672 46.216526 5.592781
v 8.597177 42.740211 1.373342
v 11.677836 48.355030 0.532151
v 7.215364 48.096359 4.552764
v 9.159570 45.263931 0.003331
v 12.267311 49.095718 -1.913654
v 4.616834 48.718540 1.798634
v 11.385317 46.747620 3.058758
v 12.052379 42.683773 0.078607
v 9.452596 44.234741 -0.155473
v 6.805969 47.178947 1.273128
v 15.423944 46.944626 3.941140
v 13.746252 46.054668 0.788752
v 6.902776 42.299652 0.154692
v 6.173273 43.768295 0.162031
v 7.084164 46.632652 -0.048177
v 12.500140 46.300255 7.267021
v 15.245895 43.803066 2.868311
v 8.135424 41.230389 4.869002
v 9.648685 46.099403 0.790433
v 10.970956 47.786964 1.000486
v 11.270592 50.871037 5.501752
v 17.519617 45.920815 6.249420
v 7.871826 45.797722 6.190802
v 7.806512 45.144756 -0.126737
v 10.323602 49.711220 3.376447
v 7.565455 45.241642 4.626839
v 15.564666 44.811855 1.799286
v 9.349754 44.978893 -0.593291
v 6.041526 45.069481 0.160874
v 11.393917 49.839619 -0.320330
v 11.044223 43.909412 3.042222
v 15.586378 45.072342 2.485475
v 8.624491 46.035595 -2.717103
v 5.123589 44.050095 -2.442893
v 5.505687 44.426342 -1.789784
v 7.963845 48.866989 -0.965943
v 14.066281 43.853024 2.097649
v 5.990773 43.850662 4.326527
v 4.393133 43.863297 -1.086453
v 4.980027 43.985352 -1.425707
v 10.469095 47.156918 5.419092
v 8.014885 42.548275 4.476852
v 2.845754 43.815022 6.126133
v 2.301859 53.201912 -3.272087
v 0.217581 54.512844 -0.651953
v 0.537824 59.161564 -1.990029
v 1.943538 59.354511 1.271964
v 1.704944 53.535351 0.890258
v 3.282246 51.906391 0.965552
v -0.409109 58.333744 -0.003375
v 3.375334 51.856983 4.794611
v 3.636598 57.992661 -0.568193
v 3.716214 52.352207 -0.201724
v 4.578011 50.720726 -1.353209
v 4.008346 57.632545 3.539260
v 2.680722 51.057476 1.681019
v 9.117605 56.407082 -0.813320
v 2.899127 51.289085 -0.368180
v 4.128546 49.853920 -0.546310
v 4.334097 50.074333 -3.666754
v -0.448660 56.120201 -0.620743
v 4.021090 56.028954 -1.686479
v 1.015958 50.689438 1.071072
v 1.535066 49.255123 -0.420639
v -0.506240 50.229721 5.486860
v 3.484847 56.026470 3.372278
v 0.083749 55.535408 1.412928
v 1.964386 50.533337 -2.671259
v 1.943202 52.919060 0.372114
v 4.306271 53.238144 -2.769997
v 4.399024 59.617207 0.395007
v -0.600712 58.357857 2.945059
v 0.396026 53.286053 1.575792
v 0.686757 51.400517 -1.152742
v 1.573199 58.217022 0.471987
v -2.298886 52.258327 2.018993
v 5.102019 57.442303 4.180235
v 4.128822 51.878510 -0.589384
v 3.656853 50.184601 -1.092708
v 1.007373 57.053082 -1.455913
v 1.923998 51.968811 2.994931
v 7.801161 56.556553 0.230981
v 6.308938 49.837280 -1.254191
v 2.761693 49.459827 -0.937181
v 6.734006 49.407845 1.163493
v 2.733935 54.919289 -2.090626
v 2.770196 55.095322 1.465986
v -0.948404 50.213833 2.402951
v 0.100750 49.147644 -0.949441
v 5.415052 49.030830 0.747695
v 0.271191 54.871769 -1.127600
v -0.250734 55.111317 4.780888
v -0.782483 48.378963 3.117952
v 3.265114 48.895729 5.487305
v 4.904650 54.946106 8.961154
v 1.122647 58.952358 4.240604
v -1.970031 41.887409 -2.639960
v -0.516814 37.969818 7.236203
v 3.494849 38.612995 3.230399
v -0.747354 33.779884 2.882216
v -7.128868 43.201420 11.954982
v -8.996073 49.256611 12.376954
v -4.061853 49.754169 15.817938
v 3.611199 39.872059 7.310683
v -7.012414 40.671463 2.362790
v -3.800809 37.681911 6.668479
v -0.668987 35.796925 3.927239
v 9.212964 43.994122 3.182169
v 12.234114 48.119202 5.509178
v 10.723867 49.258965 -1.309069
v 0.536870 41.685169 -1.157686
v 3.136185 40.814262 6.687646
v 4.300349 38.804359 3.025089
v -0.518748 37.870770 4.777974
v -2.154203 47.522892 -1.435036
v 0.228192 51.748272 -3.529500
v -1.690184 51.476528 2.986989
v -2.924849 42.695770 6.360170
v 2.338973 42.392292 2.589560
v 0.047268 41.838905 2.114283
v 0.053790 39.919289 5.535182
v -1.272486 47.746159 5.609881
v 0.684576 51.383167 1.907904
v 1.124386 50.201927 7.094358
v -0.358156 43.693600 8.134048
v 1.860942 44.131470 4.437550
v -0.320422 43.279533 3.886619
v 0.581869 41.762981 6.663120
v 4.830814 45.905121 11.124522
v 1.940462 48.466042 10.662294
v 7.184374 47.322079 10.540255
v 5.029663 43.673801 8.370015
v 2.892845 46.069912 8.490251
v 1.868924 44.075634 8.990096
v 1.516775 42.950638 8.246600
v 0.285661 45.568291 -14.013755
v 6.542593 52.941650 -18.050121
v -3.209440 56.112373 -13.384383
v -3.793489 42.208069 -2.722327
v 7.162251 38.744816 -4.472731
v 1.189317 37.316238 -6.066999
v 1.841309 34.113106 -0.116137
v 6.268699 45.410610 -11.893270
v 7.925808 52.009998 -15.051248
v 2.698824 52.981911 -12.146334
v -1.674153 42.941673 -4.867386
v 7.589683 39.714706 -3.844998
v 2.988332 38.522995 -5.391003
v 2.577466 36.062286 -0.627279
v 13.791604 41.128639 -7.273850
v 19.092775 45.630108 -6.194440
v 15.607189 47.541306 -11.668425
v 3.738964 41.315147 -6.948462
v 9.106843 40.982021 -0.272426
v 7.253668 38.675964 -3.275002
v 3.309106 38.154373 -0.703824
v 5.046040 45.273743 4.907008
v 2.660240 50.428780 4.693561
v 7.579724 50.123837 1.096875
v 8.074362 43.098164 0.924817
v 1.292336 42.998192 -0.898977
v 2.447786 41.135799 1.117220
v 4.491364 40.086800 -0.958729
v 2.224630 47.619862 -0.938424
v 2.817348 51.154491 -3.403826
v 7.965417 50.154446 -0.163329
v 6.749999 44.469540 -0.332279
v 3.355249 44.559349 -3.743422
v 4.228174 43.614769 -1.854104
v 5.501935 42.032074 -0.979057
v 11.016517 46.450233 -3.706083
v 13.669313 49.635532 -6.191302
v 14.081224 48.328152 -8.260789
v 6.985731 44.617134 -5.380704
v 8.500515 46.045509 -1.597274
v 9.407710 44.525146 -2.513298
v 6.958654 43.254353 -1.556209
v -6.960532 46.450985 -12.332883
v -7.919607 55.369263 -16.828894
v -10.777424 50.478966 -10.014323
v -7.770902 40.523033 -0.703774
v 1.571320 40.883713 -4.552034
v -2.706529 38.184895 -5.891272
v -2.323176 34.026432 -0.221982
v -15.949614 42.618855 0.981696
v -18.500437 48.360268 -2.850686
v -14.816262 49.394058 2.448803
v -3.468562 40.023594 4.786789
v -8.992797 39.796162 -4.617878
v -7.791341 36.888718 0.111204
v -3.238961 36.122536 -0.326583
v 2.640829 46.865238 1.914931
v 1.937129 52.907623 5.973699
v 0.657738 52.746944 -2.417372
v -0.313157 42.390636 -4.555832
v -3.504340 41.680439 2.943948
v -0.470675 40.125267 0.069440
v -3.887195 38.237354 -0.371234
v -12.246681 42.233753 -5.525027
v -16.038914 46.830307 -8.466440
v -13.963078 46.055119 -4.192218
v -7.376109 42.245663 0.444328
v -5.946763 41.468124 -5.435063
v -7.973123 39.703346 -3.370808
v -4.170059 40.435349 -0.504459
v -4.519091 45.267635 3.471149
v -6.819309 48.307713 4.512664
v -2.786902 49.565022 4.506894
v -2.395953 44.414223 0.364008
v -6.773591 43.595490 0.561267
v -4.909370 42.333565 1.618287
v -4.600543 42.585110 -0.797847
v -5.371851 50.174244 -5.021599
v -5.583158 52.682487 -6.514923
v -5.836279 53.815002 -2.017574
v -5.822180 47.119965 0.423323
v -3.065534 47.034100 -2.803827
v -3.520642 46.726086 -2.224527
v -4.868742 44.596516 -0.982362
v 12.454418 39.642731 -6.845047
v 20.058392 45.362686 -5.636763
v 13.268581 50.079582 -9.604946
v -0.094882 37.178471 -4.851658
v 8.263410 34.221451 1.897141
v 5.787072 32.506733 -2.977937
v 2.152785 29.729563 1.269633
v 10.683534 40.796959 -5.898508
v 18.471991 46.215248 -2.896898
v 12.785913 48.724163 -5.147651
v 0.967304 37.913338 -3.151965
v 8.110020 35.262512 2.463601
v 5.428972 34.411758 -1.742411
v 3.336196 31.293539 1.743979
v 4.137512 38.453320 10.149593
v 0.164613 43.540802 11.304956
v 8.581277 43.759098 13.912743
v 8.581208 35.627686 5.542717
v 1.469955 36.739006 5.039102
v 3.567818 33.895138 6.054347
v 4.623256 32.857269 2.535546
v 4.907533 40.910847 6.597588
v 2.322628 45.216915 7.822894
v 7.326300 43.204597 7.235027
v 8.459534 36.579967 4.814104
v 2.565986 37.485958 1.862401
v 5.423228 35.830280 4.577052
v 6.057989 34.178993 3.158862
v 12.096915 36.492413 -1.945990
v 15.432605 38.581333 -0.714867
v 13.819822 39.370678 -6.002252
v 7.356976 36.989540 -1.441950
v 9.879935 36.586224 2.598669
v 8.949507 35.289169 0.833635
v 7.438253 35.680931 3.922122
v 12.632761 41.235519 5.503299
v 13.082265 43.402767 7.491409
v 12.517913 43.562920 3.846301
v 10.577450 38.408482 2.411127
v 8.167894 39.955074 4.468521
v 9.536024 38.601337 4.485714
v 8.802586 37.091209 4.691023
v -2.951099 28.461882 -20.003510
v 0.406953 32.208263 -27.267542
v -9.407808 34.615620 -24.356596
v -8.126058 32.962986 -10.643504
v 3.067625 31.310280 -10.508371
v -1.491162 28.678423 -8.859769
v -1.224736 28.847864 -3.041254
v -12.991385 34.158531 -11.181415
v -15.342539 39.358292 -14.411005
v -17.934093 42.426800 -8.930281
v -7.216505 34.883614 -2.145048
v -3.269522 31.965038 -9.934776
v -5.996538 30.331928 -5.612514
v -1.471726 30.005596 -4.718302
v -10.518329 32.299496 -14.238735
v -10.761383 35.303886 -19.120600
v -13.177240 36.107819 -13.624631
v -8.450218 34.236336 -4.088366
v -4.136353 33.423573 -11.647066
v -5.489590 31.246172 -7.817021
v -2.088696 31.376829 -6.129458
v -5.831482 39.553402 -8.138104
v -7.377485 42.442131 -11.471055
v -5.192079 45.173054 -9.973889
v -0.815471 36.101986 -6.114397
v -4.803160 35.103851 -10.861594
v -3.862116 34.770771 -7.921414
v -2.312414 32.705723 -7.677924
v -1.266925 39.750969 -10.430351
v -3.103601 42.329205 -12.373685
v 1.036530 41.365044 -14.542253
v -1.217961 35.415733 -12.219000
v -3.677078 36.182888 -10.173271
v -1.930870 35.654224 -9.381593
v -2.396867 33.890575 -9.349006
v -3.376479 35.433613 -16.755541
v -2.636125 37.074055 -22.236055
v -5.124128 35.756878 -20.493393
v -5.857115 34.147274 -13.396253
v -1.552800 36.405109 -13.361621
v -2.483459 34.325397 -14.010141
v -2.521101 34.274635 -10.904610
v -10.839576 34.027538 13.068654
v -18.352617 38.386662 15.374829
v -12.174922 42.291931 16.866936
v 0.633390 35.088493 8.554315
v -8.578015 33.263737 1.486478
v -4.886571 30.352493 5.702905
v -2.971899 29.199699 1.297470
v -16.390903 32.824295 5.412224
v -19.728008 38.073845 4.894041
v -16.419050 39.981594 7.410265
v -7.763972 33.510509 8.330226
v -12.135151 32.357086 -0.776288
v -9.110655 29.778141 2.991305
v -4.272529 30.611643 1.931780
v -6.711266 43.085979 -3.544988
v -4.199622 49.617096 -4.114706
v -11.753690 46.807884 -4.385188
v -9.726303 36.147388 0.152576
v -3.753009 37.557129 2.795452
v -5.140083 35.841377 -0.353519
v -5.600671 32.409023 2.469677
v -12.376871 39.864525 -3.385066
v -11.362679 44.083210 -2.145753
v -14.354864 43.346935 -2.548935
v -8.861496 36.301434 3.912271
v -4.536747 38.330444 0.075152
v -7.517906 36.203201 0.041377
v -6.887228 33.790100 3.311055
v -7.019314 41.633636 2.909149
v -10.063091 44.057640 5.225915
v -11.819394 42.942055 1.497603
v -10.869942 37.452305 2.043312
v -7.179215 37.159748 5.134771
v -6.837139 36.795155 2.965533
v -8.439476 35.071423 4.351408
v -14.371040 38.410767 8.219860
v -16.007685 40.076324 7.173059
v -13.411584 39.617290 8.263363
v -9.506696 36.984657 7.383402
v -11.129614 38.678490 3.834808
v -11.687778 36.994183 5.696280
v -10.045156 36.029999 5.585228
v 4.165788 37.092728 -11.493861
v 11.473482 38.865086 -16.466682
v 6.621653 44.501270 -13.358557
v 0.432941 31.418175 0.812465
v 8.668181 30.452642 -4.745171
v 2.130334 29.345819 -5.727309
v 2.788363 24.685577 -1.767407
v 14.702683 24.428192 -10.417234
v 20.102898 28.120708 -13.634797
v 15.829226 30.502180 -15.756775
v 7.776711 28.187626 -10.916013
v 11.857875 26.116167 -3.287523
v 8.952452 24.569359 -5.864906
v 4.024537 25.675909 -3.056543
v 4.834316 29.075638 -15.663691
v 8.244586 32.036335 -19.367649
v 5.748767 33.735813 -19.681747
v 1.417848 29.221376 -8.390248
v 7.734918 28.591173 -8.163682
v 5.089112 26.600370 -8.935737
v 5.045063 26.884563 -4.169634
v 4.096491 35.860966 -6.711547
v 6.437145 39.092770 -10.090327
v 8.831630 38.746162 -6.602684
v 8.075529 31.569668 -4.763654
v 4.680737 30.715174 -8.851275
v 5.103139 30.973627 -6.255939
v 6.095785 28.361280 -5.152479
v 11.529950 33.255302 -5.823071
v 14.386428 36.145184 -5.876261
v 13.775947 34.267963 -7.527501
v 9.665349 30.162895 -7.698052
v 6.544266 31.815403 -6.900682
v 8.306737 30.402426 -5.133992
v 7.524121 29.008228 -6.241249
v 13.866570 30.474813 -11.968585
v 14.662261 31.089241 -13.910819
v 13.961853 30.091438 -16.313190
v 8.301413 29.604429 -11.140247
v 9.892345 31.354908 -8.787300
v 9.924744 29.484283 -9.488529
v 8.670582 29.296341 -7.316642
v -16.026936 26.602697 -1.526749
v -22.618528 28.761660 -6.488677
v -25.446613 31.849203 1.195104
v -8.487963 27.855146 4.810674
v -8.517856 26.350863 -5.807779
v -8.164798 23.575764 -0.436113
v -2.839892 24.589878 -0.550803
v -13.607311 25.865530 -12.215776
v -15.925474 30.011301 -18.945997
v -16.172165 31.674849 -11.102982
v -10.985885 28.275976 -2.280173
v -4.992737 26.537197 -10.209140
v -7.192952 24.278334 -6.051604
v -4.292600 25.717957 -1.108579
v -7.380353 33.783653 -11.386414
v -7.081354 39.805069 -11.897390
v -9.354499 38.421700 -10.539789
v -10.364240 30.396196 -4.513039
v -2.566764 31.430185 -4.124031
v -5.377939 29.050797 -5.051746
v -5.763351 27.029064 -1.422903
v -8.083296 36.269943 -3.897725
v -8.389891 40.071911 -5.451083
v -11.412287 37.986740 -5.391222
v -10.129746 30.746861 -4.082046
v -6.308148 31.795128 0.080764
v -5.878153 31.122719 -3.448859
v -7.315089 28.394428 -1.669571
v -9.033308 34.974361 -1.915196
v -12.274158 36.301708 -2.475332
v -12.295726 37.586899 -5.160625
v -9.435607 31.768597 -4.866972
v -10.363124 30.891857 -1.875946
v -7.721360 31.325775 -1.441856
v -9.199446 29.371571 -1.704204
v -15.770836 30.473896 -5.142391
v -17.835878 31.151360 -4.504296
v -19.068937 30.743746 -2.692535
v -13.353461 30.036205 -0.654886
v -13.300817 31.702375 -3.894612
v -12.590652 29.818636 -3.193283
v -11.050995 29.680523 -1.968473
v 12.052155 26.751869 13.372154
v 11.534884 32.707939 21.277433
v 18.382010 34.270649 13.357266
v 11.186625 28.866545 3.672446
v 2.007938 27.183792 9.916972
v 5.552920 24.509012 5.601854
v 1.201504 24.704111 3.579651
v 9.742970 35.223942 7.862594
v 7.301311 39.508724 11.703591
v 8.442425 41.747261 6.507168
v -0.034531 32.029484 -0.396321
v 1.888690 30.297590 8.582909
v 3.795735 29.390129 3.891471
v 1.175442 25.760946 5.200774
v -5.330916 33.954369 9.200729
v -6.489075 39.083096 7.868656
v -4.030808 36.487347 11.006228
v 2.135630 29.739054 10.706304
v 0.775805 32.353527 3.993243
v -1.167737 29.743864 6.555176
v 1.316146 26.866825 6.886380
v -2.567202 32.482834 10.438601
v -4.521819 35.796398 12.345444
v -3.965240 33.848293 14.176708
v 1.912145 30.117929 10.957382
v -0.431873 31.161076 5.839982
v -0.690893 29.317690 8.571049
v 1.486042 27.743420 8.602175
v 7.990068 30.212320 11.203259
v 7.541199 31.251171 13.698498
v 6.937078 33.218288 11.297377
v 3.154176 31.005016 6.892254
v 2.838644 29.825146 11.438456
v 3.493512 29.036722 9.723397
v 1.547411 28.547155 10.363984
v -0.420870 30.617514 16.360001
v -0.725357 32.609947 15.962188
v 2.509971 31.546030 16.413036
v 3.433321 29.655256 13.837696
v -1.101691 31.174547 12.069816
v 0.598657 29.542749 12.886997
v 1.118108 29.139671 11.973317
v -10.653277 27.752842 -10.102119
v -12.873150 31.222736 -17.061575
v -12.406764 35.494629 -11.035227
v -2.967993 27.005928 -0.152654
v -1.344857 23.094580 -7.676281
v -5.054641 22.618626 -5.102238
v -0.939339 20.031866 -3.076196
v -7.562517 20.619484 -15.008355
v -8.650687 22.057655 -21.757679
v -14.754547 24.507479 -20.798840
v -6.842839 22.973347 -5.045329
v -2.149682 22.387497 -11.584547
v -3.755373 20.031570 -7.757708
v -1.451459 20.961128 -4.470802
v 3.149713 30.543907 -6.675399
v 0.297798 35.408821 -9.764276
v 0.218011 31.712881 -11.569649
v -0.345605 24.940735 -10.816641
v -2.459493 26.540997 -4.725423
v 0.522169 24.737280 -6.458673
v -1.689658 22.070494 -5.886368
v -4.938457 29.129602 -9.481185
v -5.508562 31.407675 -12.783974
v -3.008686 32.358559 -10.904121
v -0.054810 26.250591 -7.766186
v -2.918167 24.908419 -9.255207
v -2.812012 25.042616 -6.952672
v -1.936461 23.068073 -7.292374
v -5.628130 27.981680 -9.481039
v -5.615343 28.450432 -13.904257
v -7.615374 31.415989 -13.242268
v -1.394138 26.404213 -7.357968
v -3.068983 25.052801 -11.482059
v -3.572642 24.846708 -8.292153
v -2.088749 23.774542 -8.860682
v -2.463657 25.757568 -17.088598
v -1.888598 27.565941 -20.454304
v -3.950736 26.960238 -17.411800
v -4.871657 25.060360 -13.029746
v -1.323032 26.357403 -12.027266
v -2.185540 24.664505 -12.163806
v -2.141238 24.344318 -10.331552
v -5.330261 31.159546 9.453233
v -8.981908 33.895992 12.239964
v -10.186246 39.703430 12.470482
v 1.891543 27.810673 0.571863
v -5.705130 25.076506 2.018025
v -2.500956 24.559589 3.765577
v -1.872095 20.266096 2.518660
v -12.583886 21.884350 6.356896
v -18.171263 25.143505 6.861436
v -15.121342 24.814882 12.919219
v -7.764834 22.003386 8.559032
v -7.866111 24.147175 1.400190
v -7.030297 20.591816 2.678681
v -2.989284 20.826797 3.913713
v -7.752315 29.638226 4.263991
v -8.596201 34.978188 3.626093
v -9.203510 32.190937 9.929810
v -6.249154 23.571808 7.294411
v -2.049055 25.908352 3.020555
v -4.273550 24.195625 3.140580
v -3.703347 21.646620 5.270121
v 0.119135 26.511467 10.017428
v -3.474542 27.910477 11.732128
v 1.604906 31.303934 10.774774
v -1.016158 25.849636 4.584220
v -3.336077 24.411369 8.753284
v -1.628769 23.525963 6.822968
v -4.432779 22.771732 6.548861
v -5.330678 28.383005 7.424068
v -5.661033 29.388649 11.072258
v -7.514427 31.206812 6.461259
v -6.292696 25.692879 5.292315
v -5.153741 25.076788 8.822808
v -3.613761 25.243710 7.231395
v -5.365751 23.613220 7.765488
v -9.106282 23.903379 11.093216
v -12.423958 25.552643 11.751882
v -8.972843 24.699244 13.209442
v -5.830799 23.836277 11.090476
v -8.196466 25.398710 9.362719
v -7.850672 23.768269 9.648352
v -6.500048 23.801844 8.799152
v 17.217754 20.528399 -1.515502
v 22.806135 22.520653 -1.377514
v 23.503565 25.516783 -7.971563
v 7.327043 23.151129 -5.939978
v 10.620246 21.084312 3.175245
v 8.037476 19.131557 -0.428981
v 3.211822 20.257980 1.000538
v 6.389931 31.931463 4.079983
v 8.675039 36.567142 1.876996
v 14.020108 35.098103 4.728261
v 9.089931 23.075180 3.163883
v 5.144276 26.060030 -2.566138
v 3.437370 24.980467 1.479843
v 4.749109 21.089645 1.351126
v 10.686929 27.222130 -4.970058
v 16.871019 30.564156 -6.095598
v 13.036284 32.863300 -3.871335
v 4.641305 26.836466 -2.079292
v 10.522580 24.498890 0.791263
v 7.709090 23.691952 -1.908183
v 6.141944 22.116915 1.844665
v 8.829971 29.845474 3.575362
v 11.232455 32.631802 2.853051
v 10.418909 29.655987 4.639326
v 10.015339 24.056042 3.065363
v 7.991537 25.922474 -0.213445
v 6.738275 25.319445 2.281325
v 7.651651 22.928251 2.387610
v 12.153324 27.771469 0.928499
v 15.254176 28.011444 1.553160
v 14.492719 29.301561 1.699441
v 8.463113 25.642138 3.719102
v 11.128165 24.295555 2.588188
v 9.087034 24.992506 1.737688
v 9.293793 23.265902 2.998678
v 15.217694 23.478420 4.963058
v 17.298800 24.342010 6.646787
v 16.266508 23.849272 2.319350
v 13.005015 23.721369 1.577370
v 11.771411 25.111944 4.514226
v 13.090693 23.464310 3.667371
v 10.671343 23.278929 3.608393
v -7.558892 22.226175 -10.204612
v -10.465336 26.760569 -11.993347
v -10.701828 25.041027 -7.419967
v -8.606716 20.875179 -1.950958
v -0.844460 21.392321 -4.260322
v -3.468296 18.761982 -4.241367
v -2.985145 16.302605 -0.705711
v -10.654040 18.765997 -6.895746
v -14.731570 21.670687 -9.670465
v -16.988163 23.543289 -6.390620
v -9.191153 19.989668 -1.874307
v -4.814169 17.911257 -6.508170
v -6.818523 16.711521 -3.739113
v -4.585070 17.045542 -0.959374
v -5.397241 24.503389 -2.622521
v -6.994086 27.532679 -3.868714
v -9.762589 24.724773 -4.502263
v -8.265990 19.607613 -2.969589
v -5.811557 20.567795 0.748639
v -5.230982 19.904829 -2.393255
v -6.192276 17.761869 -1.050616
v -8.740424 22.695108 -1.324459
v -10.184797 23.291901 -1.533706
v -11.280049 23.810232 -2.973954
v -7.498886 20.445723 -3.211269
v -8.754706 19.470495 -0.590086
v -7.009375 19.910570 -1.576273
v -7.786645 18.445854 -1.083564
v -12.644397 19.081253 -2.181962
v -15.704568 19.933809 -4.135455
v -13.653749 19.770411 -1.813375
v -11.092816 19.152607 -0.098229
v -9.988746 20.276730 -2.708946
v -10.306517 19.007820 -1.987246
v -9.206645 18.635656 -1.253443
v -0.768256 18.941242 12.051320
v -0.913297 22.201618 16.755768
v 2.818195 23.529335 13.226802
v 4.481385 18.809191 6.275578
v -4.338432 18.331451 5.613652
v -0.138902 16.209641 5.911062
v 1.048846 16.243673 3.178005
v 0.413753 22.208265 9.699223
v -1.166208 25.974525 11.991575
v 4.490865 25.427914 12.432751
v 5.080722 19.275606 5.874201
v -0.716877 20.885908 4.052212
v 1.147858 18.499804 6.411654
v 2.050263 17.177839 4.329295
v 3.205293 24.823446 5.728679
v 4.374560 27.505110 5.876276
v 5.237436 25.179741 7.405751
v 3.005196 20.106035 7.352372
v 5.411487 20.596113 3.712788
v 3.208500 20.628956 4.601284
v 2.927410 18.164410 5.667213
v 9.444510 20.711510 5.855884
v 8.267623 21.669420 6.670310
v 8.055768 23.821938 5.041201
v 5.201439 21.307680 5.012686
v 5.902111 19.651932 7.666064
v 4.888536 19.392193 5.664535
v 3.978020 18.585777 7.176376
v 4.097839 18.800547 11.441639
v 6.595395 19.106867 14.225600
v 6.276521 19.041904 11.751174
v 6.497914 19.078129 9.096519
v 4.043743 20.017633 9.329325
v 3.983135 18.679228 9.664083
v 4.254957 18.619823 8.855972
v -1.812578 18.397907 -13.912457
v 2.548196 20.915398 -18.260441
v -6.995658 22.837610 -18.705063
v -3.911166 17.460001 -3.709412
v 2.746843 18.841143 -7.219750
v 0.392301 16.058798 -6.817973
v 2.178714 15.894105 -2.828557
v 1.977350 20.704365 -13.860515
v 4.719844 22.199610 -17.468916
v 3.342603 25.427629 -17.494694
v -0.727324 20.369671 -5.429448
v 5.429955 19.034344 -7.328200
v 1.969067 17.719286 -6.781573
v 3.213358 16.724787 -3.946408
v 9.726905 21.441006 -3.314816
v 12.794243 23.797302 -3.357551
v 14.910563 23.198278 -6.273858
v 6.592704 19.165049 -7.125751
v 5.288162 20.208075 -2.837632
v 5.937004 18.524349 -4.121125
v 4.598663 17.506689 -4.876380
v 7.879498 22.269184 -6.941654
v 9.016820 24.489038 -9.143071
v 9.834654 22.827143 -9.359244
v 8.528877 18.909836 -5.576908
v 5.912651 19.872847 -7.756590
v 6.664885 19.492060 -5.596388
v 5.892108 18.061150 -5.859387
v 10.143792 18.737730 -10.496543
v 11.948792 19.684881 -12.578442
v 11.349484 19.934032 -12.754264
v 7.275087 18.793667 -9.761623
v 9.073383 19.732349 -7.370597
v 7.862009 18.573795 -8.665255
v 7.034294 18.434486 -6.807161
v -9.472605 48.327385 -1.038479
v -11.672117 54.697891 -7.028643
v -7.195804 54.710571 0.938351
v -1.078322 40.282349 5.874793
v -1.315614 41.133060 -5.796367
v -5.303047 38.796658 -0.795090
v -0.594071 34.651485 0.497108
v -7.299992 48.186386 -6.090303
v -8.014334 56.000362 -11.538813
v -6.920404 53.159340 -3.763592
v -2.210140 42.557362 2.759454
v 0.474131 42.181175 -5.489656
v -2.431631 40.402927 -2.560104
v -0.493308 36.855911 0.382161
v -6.484901 48.894772 -3.224459
v -5.833090 54.665565 -3.806353
v -2.888401 53.311829 3.281703
v -0.137693 42.044880 3.141467
v -0.418012 42.745396 -3.827899
v -2.653776 41.258873 -1.106219
v 0.070125 39.005299 0.549688
v 5.638333 45.812473 -7.345515
v 10.111957 48.441006 -6.974937
v 5.237507 51.498001 -10.989735
v -0.581530 44.489319 -3.278567
v 4.708234 43.616783 -2.174178
v 1.781193 41.925667 -3.316982
v 1.010565 41.201691 0.772587
v 9.002097 44.655842 2.434058
v 11.077167 47.072952 1.997352
v 11.503115 47.530006 -1.281195
v 5.495195 44.370049 -1.829737
v 3.680835 43.927380 2.728610
v 4.220757 42.487537 1.449703
v 1.796693 43.334747 1.344097
v 1.825369 51.138474 -0.507767
v 2.836397 54.284138 1.081258
v 4.436033 53.671303 0.473428
v 4.121225 47.174118 -0.319078
v 1.123550 47.537292 0.060659
v 2.351411 47.165405 1.391993
v 1.837606 45.209923 1.624656
vn 0.0055 0.1353 -0.9908
vn 0.0098 0.1859 -0.9825
vn -0.8530 0.1908 -0.4858
vn -0.8401 0.2664 -0.4724
vn -0.8689 0.1166 0.4811
vn -0.8706 0.1608 0.4649
vn -0.0096 0.2454 0.9694
vn -0.0194 0.3493 0.9368
vn 0.8681 0.1457 0.4745
vn 0.8674 0.2080 0.4521
vn 0.8511 0.1719 -0.4960
vn 0.8355 0.2431 -0.4928
vn 0.0099 0.1859 -0.9825
vn 0.0035 0.0797 -0.9968
vn -0.8631 0.1029 -0.4944
vn -0.8690 0.0709 0.4898
vn -0.0053 0.1128 0.9936
vn 0.8706 0.0724 0.4867
vn 0.8617 0.0864 -0.4999
vn 0.0016 0.0721 -0.9974
vn -0.8651 0.0735 -0.4962
vn -0.8683 0.0505 0.4934
vn -0.0044 0.0745 0.9972
vn 0.8683 0.0653 0.4917
vn 0.8626 0.0790 -0.4996
vn 0.0017 0.0721 -0.9974
vn -0.0006 0.0525 -0.9986
vn -0.8667 0.0275 -0.4981
vn -0.8684 0.0198 0.4954
vn -0.0048 0.0664 0.9978
vn 0.8650 0.0863 0.4943
vn 0.8614 0.0885 -0.5001
vn -0.0006 0.0526 -0.9986
vn -0.0004 0.0276 -0.9996
vn -0.8663 0.0115 -0.4993
vn -0.8676 0.0217 0.4968
vn -0.0033 0.0658 0.9978
vn 0.8646 0.0815 0.4958
vn 0.8629 0.0676 -0.5008
vn 0.0015 0.0268 -0.9996
vn -0.8621 0.0886 -0.4990
vn -0.8618 0.0907 0.4991
vn 0.0027 0.0395 0.9992
vn 0.8670 -0.0269 0.4976
vn 0.8651 -0.0299 -0.5008
vn 0.0015 0.0267 -0.9996
vn 0.0022 0.0402 -0.9992
vn -0.8615 0.0971 -0.4983
vn -0.8609 0.0913 0.5004
vn 0.0039 0.0495 0.9988
vn 0.8661 -0.0288 0.4990
vn 0.8657 -0.0236 -0.4999
vn -0.0003 0.0372 -0.9993
vn -0.9512 0.0141 -0.3083
vn -0.5872 -0.0298 0.8089
vn 0.5883 -0.0271 0.8082
vn 0.9509 0.0161 -0.3092
vn -0.0004 0.0372 -0.9993
vn 0.0057 0.0792 -0.9968
vn -0.9469 0.0908 -0.3083
vn -0.5875 0.0310 0.8086
vn 0.5849 -0.0259 0.8107
vn 0.9524 -0.0012 -0.3050
vn 0.0055 0.0792 -0.9968
vn 0.0022 0.0604 -0.9982
vn -0.9998 0.0174 -0.0012
vn -0.0021 -0.0614 0.9981
vn 1.0000 0.0016 0.0020
vn 0.0020 0.0603 -0.9982
vn 0.0044 -0.0298 -0.9995
vn -0.9936 -0.1129 -0.0014
vn -0.0099 0.0715 0.9974
vn 0.9882 0.1529 -0.0007
vn 0.0042 -0.0298 -0.9995
vn -0.0031 0.0375 -0.9993
vn -0.9995 -0.0301 0.0015
vn 0.0003 0.0149 0.9999
vn 0.9965 0.0837 -0.0008
vn -0.0033 0.0375 -0.9993
vn -0.0168 0.1583 -0.9872
vn -0.9998 0.0168 0.0144
vn 0.0057 -0.0213 0.9998
vn 0.9916 0.1297 0.0015
vn -0.0170 0.1583 -0.9872
vn -0.0683 0.5664 -0.8213
vn -0.0626 0.6054 -0.7934
vn -0.8299 -0.3373 0.4445
vn -0.8333 -0.3456 0.4315
vn 0.8943 -0.1799 0.4096
vn 0.8929 -0.2122 0.3971
vn -0.0625 0.6054 -0.7935
vn -0.0232 0.5684 -0.8224
vn -0.8503 -0.3665 0.3778
vn 0.8651 -0.1517 0.4780
vn 0.0268 0.4599 -0.8875
vn -0.8753 -0.1437 0.4618
vn 0.8523 -0.2619 0.4528
vn 0.0268 0.4599 -0.8876
vn 0.0757 0.2756 -0.9583
vn -0.8791 0.0692 0.4716
vn 0.8147 -0.2902 0.5021
vn 0.0758 0.2757 -0.9583
vn 0.2095 0.3861 -0.8984
vn -0.9372 0.0247 0.3479
vn 0.7369 -0.3555 0.5749
vn 0.2095 0.3860 -0.8984
vn 0.3645 0.5681 -0.7378
vn -0.9205 0.1691 0.3524
vn 0.5761 -0.6993 0.4231
vn 0.3646 0.5681 -0.7378
vn 0.4785 0.5475 -0.6865
vn -0.8708 0.3184 0.3746
vn 0.4085 -0.8485 0.3365
vn -0.7962 0.4873 0.3585
vn -0.7616 0.5415 0.3560
vn 0.7640 -0.2219 0.6058
vn 0.7140 -0.3253 0.6200
vn 0.0601 -0.2081 -0.9763
vn 0.0820 -0.1600 -0.9837
vn -0.7963 0.4873 0.3585
vn -0.8299 0.4463 0.3347
vn 0.7804 -0.1268 0.6124
vn 0.0733 -0.2603 -0.9627
vn -0.8427 0.4586 0.2820
vn 0.6896 -0.2413 0.6828
vn 0.1811 -0.1593 -0.9705
vn -0.8427 0.4586 0.2819
vn -0.8782 0.4220 0.2249
vn 0.6120 -0.2996 0.7319
vn 0.2935 -0.0640 -0.9538
vn -0.8783 0.4220 0.2249
vn -0.8980 0.4224 0.1233
vn 0.5626 -0.2185 0.7973
vn 0.3624 -0.1425 -0.9211
vn -0.8979 0.4225 0.1233
vn -0.7611 0.6427 -0.0882
vn 0.4494 -0.1232 0.8848
vn 0.3520 -0.4711 -0.8088
vn -0.7610 0.6427 -0.0883
vn -0.5793 0.7513 -0.3161
vn 0.2703 -0.0496 0.9615
vn 0.3398 -0.6813 -0.6484
vn -0.5793 0.7513 -0.3162
vn 0.7602 0.5389 0.3629
vn 0.7388 0.5874 0.3303
vn -0.0447 -0.2049 -0.9778
vn -0.0083 -0.3036 -0.9528
vn -0.7510 -0.2720 0.6017
vn -0.7661 -0.2247 0.6021
vn 0.7603 0.5388 0.3629
vn 0.7745 0.4651 0.4288
vn -0.0862 -0.0112 -0.9962
vn -0.7234 -0.3924 0.5681
vn 0.7745 0.4650 0.4288
vn 0.8262 0.2621 0.4986
vn -0.0242 0.0689 -0.9973
vn -0.8235 -0.2639 0.5021
vn 0.8262 0.2621 0.4987
vn 0.8029 0.2255 0.5519
vn 0.0732 -0.0350 -0.9967
vn -0.8898 -0.1219 0.4398
vn 0.8028 0.2256 0.5519
vn 0.7311 0.2373 0.6397
vn 0.1840 -0.0209 -0.9827
vn -0.9299 -0.1472 0.3370
vn 0.7310 0.2372 0.6398
vn 0.6372 0.1725 0.7512
vn 0.3359 -0.0358 -0.9412
vn -0.9808 -0.0677 0.1829
vn 0.5240 0.2250 0.8215
vn 0.4702 -0.1349 -0.8722
vn -0.9979 -0.0500 0.0418
vn 0.5240 0.2249 0.8215
vn -0.7024 0.6129 -0.3618
vn -0.7403 0.5641 -0.3657
vn 0.0220 -0.2124 0.9769
vn 0.0188 -0.2290 0.9732
vn 0.7221 -0.3418 -0.6014
vn 0.7587 -0.2727 -0.5916
vn -0.7023 0.6130 -0.3618
vn -0.7403 0.5641 -0.3658
vn -0.6563 0.6520 -0.3796
vn -0.0168 -0.2135 0.9768
vn 0.7194 -0.3800 -0.5815
vn -0.6563 0.6520 -0.3797
vn -0.6005 0.6918 -0.4010
vn -0.1944 -0.3617 0.9118
vn 0.8323 -0.2772 -0.4800
vn -0.5022 0.7466 -0.4364
vn -0.2662 -0.3151 0.9110
vn 0.8131 -0.3795 -0.4414
vn -0.4355 0.7239 -0.5351
vn -0.2125 -0.0988 0.9722
vn 0.6991 -0.5791 -0.4195
vn -0.3545 0.7008 -0.6191
vn -0.3523 -0.0656 0.9336
vn 0.7557 -0.5869 -0.2907
vn -0.3544 0.7008 -0.6191
vn -0.2628 0.6606 -0.7032
vn -0.5039 -0.0384 0.8629
vn 0.7927 -0.5928 -0.1425
vn -0.2627 0.6606 -0.7032
vn 0.0604 0.8619 0.5035
vn 0.0728 0.8515 0.5193
vn 0.7961 -0.3441 -0.4977
vn 0.7823 -0.3315 -0.5273
vn -0.8749 -0.4800 -0.0646
vn -0.8751 -0.4814 -0.0491
vn 0.0605 0.8619 0.5035
vn 0.0498 0.8115 0.5822
vn 0.8015 -0.2884 -0.5239
vn -0.8697 -0.4805 -0.1131
vn 0.0498 0.8115 0.5823
vn 0.0087 0.7530 0.6580
vn 0.8204 -0.2064 -0.5332
vn -0.8482 -0.4996 -0.1757
vn 0.0087 0.7530 0.6579
vn -0.0653 0.7231 0.6877
vn 0.8791 -0.1990 -0.4332
vn -0.8257 -0.4743 -0.3053
vn -0.1645 0.7507 0.6398
vn 0.9355 -0.2351 -0.2636
vn -0.7723 -0.4658 -0.4320
vn -0.1645 0.7508 0.6398
vn -0.4091 0.8450 0.3444
vn 0.9936 -0.0751 -0.0848
vn -0.5862 -0.7430 -0.3230
vn -0.5411 0.8331 0.1146
vn 0.9932 0.0590 -0.1000
vn -0.4573 -0.8876 -0.0546
vn -0.5412 0.8331 0.1145
vn 0.5474 0.7708 -0.3259
vn 0.5659 0.7452 -0.3527
vn -0.6862 -0.4132 -0.5987
vn -0.7078 -0.4057 -0.5783
vn 0.0838 -0.3058 0.9484
vn 0.0886 -0.2852 0.9544
vn 0.5659 0.7453 -0.3526
vn 0.5357 0.7898 -0.2986
vn -0.6654 -0.4149 -0.6205
vn 0.0704 -0.3224 0.9440
vn 0.7219 0.6161 -0.3151
vn -0.7031 -0.3126 -0.6386
vn -0.0629 -0.2411 0.9685
vn 0.7498 0.6249 -0.2177
vn -0.6760 -0.2308 -0.6998
vn -0.1204 -0.3272 0.9372
vn 0.7497 0.6249 -0.2176
vn 0.6274 0.7763 -0.0613
vn -0.6767 -0.1527 -0.7202
vn -0.0006 -0.5781 0.8160
vn 0.6274 0.7763 -0.0612
vn 0.5706 0.8177 0.0765
vn -0.6639 -0.0773 -0.7438
vn 0.0380 -0.7031 0.7101
vn 0.5705 0.8177 0.0765
vn 0.5326 0.8051 0.2610
vn -0.5219 0.0015 -0.8530
vn -0.0492 -0.7889 0.6125
vn 0.5326 0.8051 0.2611
vn -0.4315 0.8326 0.3473
vn -0.4964 0.7590 0.4213
vn 0.8267 -0.3529 0.4383
vn 0.8030 -0.3842 0.4555
vn -0.3359 -0.4211 -0.8425
vn -0.2439 -0.3047 -0.9207
vn -0.3333 0.9271 0.1715
vn 0.7825 -0.3514 0.5140
vn -0.3874 -0.5386 -0.7482
vn -0.3333 0.9271 0.1714
vn -0.4545 0.8635 0.2185
vn 0.8256 -0.2679 0.4965
vn -0.3097 -0.5423 -0.7810
vn -0.6574 0.6683 0.3482
vn 0.8614 -0.1512 0.4849
vn -0.1611 -0.4456 -0.8806
vn -0.6574 0.6682 0.3482
vn -0.5743 0.8060 0.1433
vn 0.7251 -0.2176 0.6533
vn -0.0843 -0.5279 -0.8451
vn -0.5743 0.8060 0.1432
vn -0.3871 0.9071 -0.1651
vn 0.6823 -0.1275 0.7199
vn -0.2257 -0.7575 -0.6126
vn -0.3793 0.8653 -0.3277
vn 0.6834 0.0003 0.7301
vn -0.2618 -0.8586 -0.4408
vn -0.3792 0.8653 -0.3278
vn 0.4479 0.8774 0.1719
vn 0.4809 0.8604 0.1687
vn -0.0143 -0.3796 -0.9250
vn -0.0548 -0.3667 -0.9287
vn -0.5123 -0.4500 0.7315
vn -0.5034 -0.4434 0.7416
vn 0.4478 0.8775 0.1719
vn 0.4558 0.8696 0.1899
vn 0.0749 -0.4143 -0.9071
vn -0.6051 -0.4057 0.6850
vn 0.4559 0.8695 0.1900
vn 0.5793 0.7670 0.2758
vn 0.0259 -0.3301 -0.9436
vn -0.6707 -0.3738 0.6406
vn 0.5793 0.7670 0.2759
vn 0.6187 0.6895 0.3766
vn -0.0446 -0.1430 -0.9887
vn -0.6381 -0.4795 0.6024
vn 0.6186 0.6895 0.3767
vn 0.4779 0.7661 0.4298
vn -0.0604 -0.0538 -0.9967
vn -0.4956 -0.6589 0.5658
vn 0.4778 0.7662 0.4298
vn 0.1882 0.8461 0.4986
vn 0.0336 -0.0077 -0.9994
vn -0.3094 -0.8121 0.4947
vn 0.1881 0.8461 0.4987
vn 0.0405 0.8472 0.5297
vn 0.1372 0.0225 -0.9903
vn -0.2317 -0.8612 0.4524
vn 0.0405 0.8472 0.5298
vn -0.0660 0.8505 -0.5219
vn -0.0819 0.8283 -0.5543
vn -0.7983 -0.3452 0.4934
vn -0.7713 -0.3037 0.5593
vn 0.8858 -0.4516 0.1070
vn 0.8809 -0.4681 0.0696
vn -0.0660 0.8505 -0.5218
vn -0.0418 0.8364 -0.5466
vn -0.8345 -0.3718 0.4068
vn 0.8860 -0.4090 0.2184
vn -0.0418 0.8363 -0.5466
vn 0.0097 0.8322 -0.5543
vn -0.8717 -0.4013 0.2812
vn 0.8578 -0.3744 0.3521
vn 0.0098 0.8323 -0.5542
vn 0.1002 0.8889 -0.4471
vn -0.9119 -0.3509 0.2131
vn 0.8103 -0.4914 0.3194
vn 0.2125 0.8911 -0.4009
vn -0.9362 -0.2090 0.2825
vn 0.7378 -0.6431 0.2051
vn 0.2125 0.8911 -0.4010
vn 0.3249 0.9006 -0.2889
vn -0.9814 -0.1893 0.0314
vn 0.6492 -0.6754 0.3498
vn 0.4693 0.8825 -0.0297
vn -0.9275 -0.0812 -0.3649
vn 0.4374 -0.7840 0.4404
vn 0.4693 0.8825 -0.0296
vn 0.0842 0.9245 0.3719
vn 0.0601 0.9506 0.3045
vn 0.7482 -0.3909 -0.5361
vn 0.7522 -0.4045 -0.5201
vn -0.8716 -0.4858 0.0663
vn -0.8545 -0.5064 0.1152
vn 0.0842 0.9244 0.3719
vn 0.0544 0.9038 0.4246
vn 0.7843 -0.3607 -0.5047
vn -0.8721 -0.4890 -0.0195
vn 0.0544 0.9038 0.4245
vn 0.0611 0.8217 0.5666
vn 0.8183 -0.3548 -0.4521
vn -0.8942 -0.3980 -0.2051
vn -0.0219 0.7801 0.6253
vn 0.8632 -0.2737 -0.4243
vn -0.8552 -0.4300 -0.2893
vn -0.0219 0.7801 0.6252
vn -0.1217 0.8780 0.4630
vn 0.8977 -0.2520 -0.3614
vn -0.7956 -0.5718 -0.2003
vn -0.1217 0.8780 0.4629
vn -0.2406 0.9143 0.3260
vn 0.9564 -0.2274 -0.1834
vn -0.7218 -0.6457 -0.2492
vn -0.2406 0.9143 0.3259
vn -0.4207 0.8553 0.3024
vn 0.9917 -0.0528 -0.1175
vn -0.5727 -0.7813 -0.2481
vn 0.3132 0.8939 -0.3208
vn 0.4012 0.8058 -0.4355
vn -0.8441 -0.3924 -0.3656
vn -0.8665 -0.3686 -0.3367
vn 0.4678 -0.4475 0.7622
vn 0.4044 -0.3661 0.8381
vn 0.3132 0.8939 -0.3207
vn 0.4012 0.8059 -0.4355
vn 0.1849 0.9768 -0.1085
vn -0.7797 -0.4146 -0.4692
vn 0.5298 -0.5375 0.6560
vn 0.1849 0.9768 -0.1084
vn 0.3385 0.9169 -0.2113
vn -0.8591 -0.3180 -0.4010
vn 0.4588 -0.5520 0.6962
vn 0.3386 0.9169 -0.2112
vn 0.4865 0.7839 -0.3858
vn -0.9576 -0.1594 -0.2400
vn 0.4376 -0.5613 0.7024
vn 0.4865 0.7839 -0.3857
vn 0.5436 0.8108 -0.2170
vn -0.9089 -0.1123 -0.4017
vn 0.3177 -0.6400 0.6996
vn 0.4344 0.8966 0.0864
vn -0.7548 -0.1280 -0.6433
vn 0.2491 -0.7367 0.6287
vn 0.3781 0.8704 0.3154
vn -0.7044 -0.0101 -0.7097
vn 0.2810 -0.8546 0.4366
vn -0.3715 0.9207 -0.1192
vn -0.3749 0.9210 -0.1062
vn -0.0176 -0.4316 0.9019
vn -0.0291 -0.4502 0.8924
vn 0.4723 -0.4491 -0.7585
vn 0.4848 -0.4317 -0.7606
vn -0.3715 0.9207 -0.1193
vn -0.3748 0.9210 -0.1063
vn -0.4969 0.8481 -0.1840
vn 0.0405 -0.3621 0.9312
vn 0.5311 -0.4345 -0.7274
vn -0.4969 0.8481 -0.1841
vn -0.5225 0.8160 -0.2472
vn 0.0539 -0.2866 0.9565
vn 0.5432 -0.4732 -0.6936
vn -0.4060 0.8727 -0.2711
vn -0.0912 -0.3208 0.9428
vn 0.5747 -0.5041 -0.6447
vn -0.4060 0.8727 -0.2712
vn -0.1867 0.9373 -0.2944
vn -0.2497 -0.2915 0.9234
vn 0.5185 -0.6152 -0.5939
vn -0.1866 0.9373 -0.2945
vn 0.0812 0.9468 -0.3114
vn -0.3176 -0.1941 0.9281
vn 0.3212 -0.7460 -0.5833
vn 0.0813 0.9468 -0.3114
vn 0.1590 0.8900 -0.4273
vn -0.4122 -0.0544 0.9095
vn 0.3032 -0.8340 -0.4609
vn 0.4272 0.9008 0.0783
vn 0.4753 0.8765 0.0762
vn -0.0595 -0.4459 -0.8931
vn -0.1438 -0.4106 -0.9004
vn -0.4822 -0.3912 0.7839
vn -0.4450 -0.3957 0.8034
vn 0.4753 0.8765 0.0763
vn 0.3100 0.9453 0.1013
vn -0.0257 -0.4201 -0.9071
vn -0.4064 -0.4761 0.7798
vn 0.3653 0.9147 0.1727
vn -0.1268 -0.3152 -0.9405
vn -0.3588 -0.5434 0.7590
vn 0.3653 0.9147 0.1728
vn 0.3902 0.8868 0.2478
vn -0.1447 -0.2277 -0.9629
vn -0.3660 -0.5985 0.7126
vn 0.1827 0.9349 0.3042
vn -0.0487 -0.2040 -0.9777
vn -0.2624 -0.6974 0.6669
vn 0.1826 0.9349 0.3042
vn 0.1623 0.8923 0.4212
vn -0.0075 -0.0840 -0.9964
vn -0.2301 -0.7886 0.5702
vn -0.1431 0.9122 -0.3840
vn -0.1502 0.9047 -0.3988
vn -0.7397 -0.4508 0.4996
vn -0.7450 -0.4609 0.4821
vn 0.9151 -0.4033 -0.0042
vn 0.9225 -0.3851 0.0260
vn -0.1431 0.9122 -0.3839
vn -0.1501 0.9047 -0.3988
vn -0.1426 0.8856 -0.4420
vn -0.6839 -0.3531 0.6385
vn 0.8777 -0.4690 -0.0982
vn -0.1059 0.8318 -0.5449
vn -0.6560 -0.2058 0.7262
vn 0.8251 -0.5566 -0.0974
vn 0.0104 0.9071 -0.4207
vn -0.6785 -0.2142 0.7027
vn 0.7432 -0.6428 -0.1857
vn 0.2436 0.9550 -0.1691
vn -0.8728 -0.2212 0.4351
vn 0.6775 -0.7201 -0.1496
vn 0.2437 0.9550 -0.1691
vn 0.3956 0.9150 -0.0795
vn -0.9812 -0.1086 0.1595
vn 0.5957 -0.8031 -0.0083
vn 0.3957 0.9149 -0.0795
vn -0.1980 0.9519 0.2340
vn -0.1922 0.9534 0.2326
vn 0.8370 -0.4314 0.3366
vn 0.7267 -0.4921 0.4793
vn -0.5755 -0.4796 -0.6624
vn -0.4435 -0.4175 -0.7931
vn -0.1980 0.9519 0.2339
vn -0.1923 0.9534 0.2326
vn -0.2921 0.9171 0.2712
vn 0.8975 -0.3396 0.2813
vn -0.5472 -0.5234 -0.6532
vn -0.3479 0.9002 0.2620
vn 0.7341 -0.4235 0.5307
vn -0.3060 -0.4231 -0.8528
vn -0.3480 0.9001 0.2620
vn -0.3223 0.9363 0.1397
vn 0.6567 -0.4007 0.6389
vn -0.2399 -0.4888 -0.8387
vn -0.3224 0.9363 0.1397
vn -0.3112 0.9500 -0.0262
vn 0.7061 -0.2745 0.6527
vn -0.3079 -0.6441 -0.7002
vn -0.3112 0.9500 -0.0263
vn -0.3040 0.9353 -0.1813
vn 0.6497 -0.1781 0.7390
vn -0.2918 -0.7441 -0.6010
vn -0.3041 0.9352 -0.1813
vn 0.3522 0.1024 -0.9303
vn -0.9875 -0.0295 0.1550
vn 0.6276 0.0277 0.7781
vn 0.9915 0.1298 0.0015
vn 0.3521 0.1024 -0.9303
vn 0.6820 0.0234 -0.7310
vn -0.9733 0.0133 -0.2292
vn 0.2874 0.1197 0.9503
vn 0.6820 0.0235 -0.7310
vn 0.9158 -0.0345 -0.4003
vn -0.7947 0.1365 -0.5915
vn -0.1051 0.0566 0.9929
vn 0.9157 -0.0345 -0.4003
vn 0.9548 -0.2936 0.0466
vn -0.3997 0.2535 -0.8809
vn -0.5106 0.1658 0.8437
vn 0.8066 -0.4045 0.4311
vn 0.0225 0.2362 -0.9714
vn -0.7643 0.3066 0.5674
vn 0.4918 -0.2366 0.8380
vn 0.5065 0.1383 -0.8511
vn -0.9720 0.2309 0.0427
vn 0.4917 -0.2365 0.8380
vn 0.0202 -0.1272 0.9917
vn 0.8541 0.1299 -0.5036
vn -0.8760 0.0722 -0.4768
vn -0.4852 0.5190 -0.7037
vn 0.2013 0.6943 -0.6909
vn -0.2540 0.6807 -0.6871
vn -0.3977 0.4467 -0.8014
vn -0.2802 0.3220 -0.9043
vn 0.7183 0.2275 -0.6574
vn 0.6307 0.5504 -0.5470
vn 0.7083 0.4947 -0.5036
vn 0.6594 0.2630 -0.7043
vn -0.7352 -0.6678 -0.1167
vn -0.3843 0.2661 -0.8840
vn 0.9090 0.2039 -0.3636
vn -0.7148 0.4178 -0.5608
vn 0.5631 0.1510 -0.8125
vn -0.7008 0.1676 -0.6934
vn -0.8032 0.4331 -0.4090
vn -0.6210 0.7195 -0.3108
vn -0.8107 0.5854 -0.0127
vn -0.9417 0.1790 -0.2847
vn 0.4426 -0.3908 -0.8071
vn 0.2703 -0.7471 -0.6073
vn 0.4708 -0.2544 -0.8447
vn 0.8089 -0.2345 0.5391
vn 0.5352 -0.4837 0.6926
vn -0.7706 -0.5886 0.2445
vn 0.9008 -0.3720 -0.2238
vn 0.0625 -0.5302 0.8455
vn 0.2588 0.5586 -0.7880
vn 0.5220 -0.0315 -0.8524
vn 0.5774 -0.3903 -0.7172
vn 0.5500 -0.5358 0.6406
vn 0.6114 -0.2719 0.7431
vn 0.9209 -0.0343 0.3882
vn 0.6227 -0.6686 0.4065
vn 0.6845 -0.6902 -0.2348
vn 0.9756 -0.2099 -0.0640
vn 0.9428 -0.2851 -0.1730
vn 0.6501 0.1168 -0.7508
vn 0.8597 -0.5027 0.0903
vn 0.6838 -0.4469 0.5768
vn 0.1567 0.1084 -0.9817
vn 0.2871 0.5343 -0.7950
vn 0.1334 0.3784 -0.9160
vn 0.4685 -0.0879 -0.8791
vn 0.9313 -0.3271 -0.1603
vn 0.7917 0.3547 -0.4974
vn 0.9594 0.2821 0.0018
vn 0.4780 0.7397 -0.4737
vn 0.6825 0.2594 -0.6833
vn 0.5945 -0.7995 -0.0857
vn -0.8704 -0.4871 -0.0715
vn -0.4577 0.5875 -0.6674
vn -0.9069 -0.4210 -0.0157
vn -0.4962 -0.8623 0.1012
vn -0.4662 -0.8524 -0.2369
vn 0.8840 0.0005 0.4674
vn 0.2991 0.0086 0.9542
vn 0.6208 0.7800 0.0783
vn 0.6538 -0.6579 0.3738
vn 0.8351 -0.2232 -0.5028
vn 0.7820 0.4565 0.4244
vn 0.7239 0.3634 0.5864
vn 0.5456 0.8089 0.2189
vn 0.8897 -0.0782 0.4498
vn 0.5157 0.5901 -0.6211
vn 0.6729 0.1637 0.7214
vn -0.0699 -0.7300 0.6799
vn 0.7020 0.6618 0.2630
vn 0.8458 0.5014 0.1821
vn 0.9126 -0.0488 0.4060
vn -0.9024 0.4272 -0.0554
vn -0.8145 0.5702 -0.1075
vn -0.9314 0.3629 -0.0287
vn -0.6713 0.4931 -0.5534
vn 0.5954 0.4821 -0.6427
vn 0.2803 -0.3007 0.9116
vn -0.6751 -0.5364 0.5065
vn 0.4055 -0.1153 0.9068
vn 0.6427 -0.4200 0.6408
vn 0.4066 -0.7673 0.4959
vn -0.4413 -0.8657 0.2361
vn -0.5292 -0.7919 0.3048
vn -0.1101 -0.3293 0.9378
vn -0.4155 -0.8962 -0.1554
vn 0.1556 -0.9249 0.3470
vn 0.0997 -0.7011 0.7061
vn -0.4362 -0.7331 0.5218
vn 0.9465 0.2504 0.2036
vn -0.2595 -0.8842 0.3884
vn 0.1429 -0.9374 0.3177
vn -0.1487 -0.6392 0.7546
vn -0.9848 -0.1591 -0.0703
vn 0.6583 -0.3904 0.6436
vn 0.7235 -0.4538 0.5203
vn 0.2798 -0.8500 0.4463
vn -0.1352 -0.7460 0.6520
vn -0.7148 -0.1366 0.6859
vn -0.3554 -0.4824 0.8006
vn 0.3499 -0.8529 0.3876
vn -0.6502 -0.7510 0.1149
vn -0.6532 0.7545 0.0636
vn 0.2335 0.6196 -0.7494
vn -0.4136 0.8779 -0.2412
vn -0.8044 0.5667 0.1782
vn -0.8897 0.4430 -0.1103
vn 0.3742 -0.0658 -0.9250
vn 0.6575 -0.4843 -0.5772
vn 0.4020 0.1619 -0.9012
vn 0.4088 -0.3167 -0.8559
vn -0.1154 0.4452 -0.8880
vn 0.0690 0.1608 -0.9846
vn 0.0752 0.2220 -0.9721
vn 0.2966 -0.1524 -0.9428
vn -0.5180 0.5260 -0.6746
vn -0.8706 0.4481 -0.2030
vn -0.6073 0.7862 -0.1141
vn 0.1659 0.2631 -0.9504
vn -0.5205 0.7562 -0.3966
vn -0.7116 0.6773 0.1866
vn -0.3649 0.8164 0.4475
vn 0.0249 0.5312 -0.8469
vn 0.3599 0.5983 -0.7159
vn 0.1291 0.7509 -0.6477
vn 0.0412 0.4994 -0.8654
vn 0.3946 -0.6085 -0.6885
vn 0.4547 -0.4809 -0.7497
vn 0.6990 -0.7132 0.0517
vn -0.0630 0.3578 -0.9317
vn -0.1591 -0.1709 -0.9724
vn 0.1822 -0.9409 -0.2856
vn 0.8990 -0.0521 -0.4348
vn 0.5968 -0.7797 0.1895
vn 0.7692 -0.6078 -0.1972
vn -0.4661 0.0019 0.8847
vn -0.0671 0.6770 -0.7329
vn 0.7353 -0.0468 -0.6762
vn 0.6152 -0.4109 0.6728
vn 0.7026 -0.2419 -0.6693
vn 0.0262 -0.3016 0.9531
vn -0.0634 0.3796 -0.9230
vn 0.4788 -0.1348 -0.8675
vn 0.9475 0.2184 -0.2337
vn 0.6062 0.1565 -0.7797
vn 0.4815 -0.7714 -0.4160
vn 0.2702 -0.9575 0.1006
vn 0.3140 -0.6904 -0.6518
vn 0.7162 -0.6420 -0.2735
vn 0.5140 -0.5725 -0.6388
vn 0.2965 -0.8192 -0.4910
vn 0.2258 -0.9739 0.0229
vn -0.2234 -0.3020 -0.9268
vn -0.1093 0.0174 -0.9939
vn 0.0472 0.0771 -0.9959
vn 0.4697 -0.4103 -0.7817
vn 0.7387 -0.6544 -0.1615
vn -0.8902 -0.2717 0.3657
vn -0.8577 -0.4587 0.2322
vn -0.1608 0.4273 0.8897
vn -0.7212 -0.6849 -0.1040
vn -0.7260 -0.6127 -0.3123
vn -0.2468 -0.6372 -0.7301
vn 0.9465 0.1593 0.2807
vn 0.3957 -0.2444 0.8853
vn 0.9724 0.0356 -0.2308
vn -0.3760 -0.5423 -0.7513
vn -0.5678 -0.0818 0.8191
vn -0.6668 -0.1238 -0.7348
vn -0.1942 0.2272 0.9543
vn -0.1134 -0.3289 0.9375
vn -0.2318 -0.5987 0.7667
vn -0.9863 -0.1301 -0.1011
vn -0.9513 0.2418 -0.1910
vn -0.9444 0.3073 0.1172
vn -0.9382 0.1671 0.3032
vn -0.5229 -0.5291 -0.6683
vn -0.6646 -0.5981 -0.4479
vn -0.9739 -0.0943 -0.2063
vn -0.9592 -0.1590 0.2339
vn -0.7212 -0.4241 0.5477
vn 0.3442 -0.3351 -0.8770
vn 0.3174 0.0203 -0.9481
vn -0.0871 0.0191 -0.9960
vn 0.3687 -0.0710 -0.9268
vn -0.4765 0.1201 -0.8709
vn -0.4733 0.0263 -0.8805
vn 0.0374 -0.1638 -0.9858
vn 0.3267 0.2316 -0.9163
vn -0.0825 0.4079 -0.9093
vn -0.0514 -0.3823 -0.9226
vn -0.8445 -0.5353 0.0173
vn -0.7273 -0.6794 -0.0972
vn -0.7724 -0.4495 -0.4487
vn -0.8013 -0.5549 -0.2237
vn -0.6412 -0.7255 -0.2501
vn -0.2280 -0.7211 -0.6542
vn -0.8657 0.1723 -0.4700
vn -0.7457 0.4122 -0.5235
vn -0.5110 0.3892 -0.7664
vn -0.1511 -0.2661 -0.9520
vn 0.2046 -0.7399 -0.6408
vn -0.6577 0.1495 -0.7383
vn -0.4301 0.5685 -0.7013
vn -0.9494 0.3050 -0.0751
vn -0.9913 -0.1249 -0.0419
vn 0.4429 -0.2909 -0.8481
vn -0.5350 -0.0044 0.8448
vn -0.6241 -0.5015 -0.5991
vn 0.7751 0.5176 0.3623
vn -0.7016 -0.6511 -0.2896
vn -0.5897 -0.3813 0.7119
vn -0.2132 -0.4770 0.8527
vn -0.6299 -0.4506 0.6326
vn 0.4668 0.2812 0.8385
vn -0.6308 -0.7612 0.1505
vn 0.5062 -0.6234 0.5959
vn 0.2769 0.0725 0.9582
vn -0.8460 -0.0349 0.5321
vn 0.7195 0.3318 0.6101
vn 0.7923 -0.1079 0.6005
vn 0.4480 -0.4916 0.7467
vn 0.0949 -0.3869 -0.9172
vn 0.4913 0.0693 -0.8683
vn 0.3773 -0.1054 -0.9201
vn 0.4984 -0.5101 -0.7010
vn 0.7239 -0.6621 -0.1940
vn -0.9593 -0.1332 0.2491
vn -0.8310 -0.1055 -0.5462
vn -0.9894 -0.1373 -0.0473
vn -0.9256 -0.2127 0.3129
vn -0.8800 -0.1766 0.4409
vn -0.5642 0.2177 -0.7964
vn -0.4503 0.3958 -0.8003
vn -0.8447 0.5314 0.0634
vn -0.1708 -0.0465 -0.9842
vn -0.7606 -0.1792 -0.6239
vn -0.2031 0.0781 -0.9760
vn -0.6172 0.1673 -0.7688
vn 0.0542 0.0317 -0.9980
vn -0.9131 -0.0262 -0.4069
vn -0.9380 -0.2066 -0.2783
vn -0.8887 -0.3069 -0.3407
vn -0.8987 -0.0801 -0.4311
vn -0.9738 -0.0668 -0.2175
vn -0.8842 -0.2808 -0.3732
vn 0.0526 -0.3460 -0.9368
vn -0.9846 0.1430 -0.1005
vn -0.9387 0.3423 0.0407
vn -0.9166 0.3739 -0.1414
vn -0.7060 0.1265 -0.6969
vn 0.0042 -0.2718 -0.9623
vn 0.6803 0.5005 -0.5354
vn 0.3142 0.8114 -0.4929
vn 0.6448 0.7158 -0.2681
vn 0.8536 0.4116 -0.3194
vn 0.5752 -0.8168 0.0442
vn 0.2436 -0.9158 0.3194
vn 0.2897 -0.6038 0.7426
vn 0.6256 -0.4391 0.6448
vn 0.1853 -0.9237 0.3354
vn 0.5577 -0.4612 -0.6901
vn 0.9144 -0.2529 -0.3162
vn 0.9319 -0.1099 -0.3457
vn 0.7937 0.4260 -0.4342
vn 0.5362 -0.8407 -0.0757
vn 0.6025 0.0028 -0.7981
vn 0.6104 0.4540 -0.6490
vn 0.4601 0.6735 -0.5786
vn 0.7868 0.4572 -0.4147
vn 0.8612 -0.2926 -0.4156
vn 0.3766 -0.9169 -0.1318
vn 0.7969 -0.5626 0.2202
vn 0.0326 -0.8071 0.5895
vn 0.8591 0.3517 -0.3718
vn 0.8403 0.0159 -0.5418
vn 0.2779 -0.9602 0.0292
vn 0.4048 -0.9139 -0.0297
vn 0.7237 -0.6734 0.1511
vn 0.2025 -0.7855 0.5848
vn 0.0438 -0.7900 0.6115
vn -0.0439 -0.8305 0.5553
vn -0.8376 -0.3098 0.4498
vn -0.4831 -0.5804 0.6556
vn -0.1571 -0.5942 0.7888
vn -0.8152 -0.4502 0.3642
vn -0.8552 -0.3985 0.3315
vn -0.1515 -0.5644 0.8115
vn -0.3522 -0.0761 0.9328
vn 0.4548 -0.7701 0.4473
vn -0.6203 -0.2075 0.7564
vn -0.1760 -0.9413 0.2879
vn 0.3445 -0.9126 0.2202
vn 0.1862 -0.7482 0.6368
vn 0.1801 -0.7909 0.5848
vn 0.0105 -0.8886 0.4585
vn -0.1913 -0.9139 0.3581
vn -0.6052 -0.1053 0.7891
vn -0.8186 0.5458 0.1788
vn -0.8018 -0.1262 0.5842
vn 0.1193 -0.7209 0.6827
vn 0.8833 -0.2852 0.3722
vn -0.2290 -0.1850 -0.9557
vn -0.3482 0.7825 0.5161
vn 0.0427 0.6879 0.7246
vn 0.2123 0.5254 0.8240
vn -0.2606 -0.5813 -0.7708
vn -0.9393 0.0114 0.3428
vn -0.8502 -0.1447 -0.5062
vn -0.5467 0.5521 0.6296
vn -0.9110 -0.4119 -0.0182
vn -0.6710 -0.0520 0.7396
vn -0.3362 -0.5746 -0.7462
vn -0.5373 -0.1674 -0.8266
vn -0.4157 -0.2782 -0.8659
vn -0.8118 -0.3990 -0.4264
vn -0.8008 -0.3113 0.5117
vn -0.3510 0.2365 0.9060
vn -0.9790 -0.1771 -0.1009
vn -0.3857 0.2806 0.8789
vn 0.0817 0.2297 0.9698
vn 0.1284 0.2093 0.9694
vn 0.8961 -0.1452 0.4194
vn 0.2045 0.6585 0.7243
vn 0.9506 -0.2629 -0.1653
vn 0.8381 -0.5278 -0.1378
vn 0.8318 -0.5371 0.1400
vn -0.7587 -0.3779 -0.5306
vn -0.3541 0.2389 -0.9042
vn -0.9997 0.0240 -0.0099
vn -0.8531 -0.3191 0.4127
vn 0.0210 -0.6697 -0.7423
vn 0.7752 0.6045 0.1837
vn 0.5959 0.3735 0.7109
vn 0.8940 0.4372 0.0980
vn -0.3034 0.2000 0.9317
vn -0.9025 -0.2924 -0.3162
vn 0.9386 -0.3192 0.1309
vn 0.3721 -0.1188 -0.9206
vn 0.9425 0.3136 0.1158
vn -0.0729 -0.5739 -0.8157
vn -0.5330 -0.8025 -0.2681
vn -0.7985 -0.4278 -0.4236
vn -0.5566 -0.3102 -0.7707
vn -0.9919 -0.0571 -0.1137
vn -0.9606 -0.2612 0.0956
vn -0.1668 -0.7704 -0.6154
vn -0.4713 -0.6587 -0.5865
vn -0.3490 -0.4206 -0.8375
vn -0.3301 -0.4751 -0.8157
vn -0.1436 -0.6904 -0.7090
vn 0.3369 -0.7968 -0.5017
vn -0.1661 0.2702 0.9484
vn -0.8635 0.4685 0.1868
vn -0.7585 0.3930 0.5199
vn -0.3803 0.1360 0.9148
vn -0.0207 0.1477 0.9888
vn -0.0816 -0.6882 -0.7209
vn -0.4257 -0.4159 -0.8036
vn -0.4844 -0.3183 -0.8149
vn -0.5494 -0.6663 -0.5042
vn -0.6146 -0.7214 -0.3191
vn -0.9936 -0.0896 0.0684
vn -0.9205 0.1693 -0.3521
vn -0.3537 0.4751 0.8057
vn -0.8308 -0.5075 -0.2287
vn -0.7384 -0.6648 0.1129
vn -0.9281 0.2765 -0.2494
vn -0.6920 0.7094 0.1338
vn -0.6968 0.6651 0.2686
vn -0.7691 0.4364 0.4669
vn -0.0962 -0.5534 -0.8273
vn 0.8975 -0.3017 0.3216
vn 0.7261 0.2471 0.6417
vn 0.9323 -0.2287 -0.2803
vn 0.9171 -0.3982 -0.0179
vn 0.8173 -0.3554 0.4536
vn -0.0975 0.1553 -0.9830
vn 0.6973 -0.2852 -0.6576
vn -0.4775 0.5565 -0.6799
vn -0.7378 0.2758 -0.6161
vn -0.2523 -0.6307 -0.7339
vn 0.1776 0.6281 -0.7576
vn 0.6916 -0.6301 -0.3530
vn 0.4439 -0.4433 -0.7787
vn 0.7110 -0.6029 0.3618
vn -0.6215 0.7830 0.0265
vn 0.4768 -0.6479 -0.5941
vn 0.5167 -0.4588 -0.7229
vn 0.1946 -0.2305 -0.9534
vn 0.2834 -0.7237 -0.6293
vn -0.3365 -0.7562 -0.5612
vn -0.6516 -0.3879 -0.6519
vn -0.1904 -0.3057 -0.9329
vn -0.9422 0.1324 -0.3079
vn -0.9995 -0.0320 0.0037
vn -0.1637 -0.7354 -0.6576
vn -0.7073 -0.6870 -0.1666
vn -0.8614 -0.4539 -0.2281
vn -0.6395 -0.4543 -0.6202
vn -0.2230 -0.6822 -0.6963
vn 0.2226 -0.8633 -0.4529
vn 0.5551 -0.7729 0.3074
vn 0.2948 0.5758 0.7626
vn 0.6262 -0.7033 0.3365
vn 0.1338 -0.9698 0.2037
vn -0.0592 -0.9250 0.3754
vn -0.0607 0.4040 0.9128
vn 0.3316 0.5563 0.7620
vn 0.7722 0.3213 0.5482
vn -0.1703 0.2506 0.9530
vn 0.0127 -0.4545 0.8906
vn -0.0766 0.4405 0.8945
vn 0.5990 0.5114 0.6162
vn 0.7202 0.5416 0.4335
vn 0.0679 0.3477 0.9351
vn 0.1327 0.1335 0.9821
vn -0.4066 0.6603 -0.6314
vn -0.3786 0.8183 -0.4325
vn -0.3269 0.8058 -0.4938
vn -0.4242 0.3128 -0.8498
vn 0.0010 -0.7080 -0.7062
vn 0.0928 0.0989 -0.9908
vn 0.1780 0.0038 -0.9840
vn -0.0511 0.4358 -0.8986
vn -0.1835 0.1471 -0.9719
vn 0.0153 -0.8733 -0.4870
vn 0.0237 -0.3847 -0.9227
vn 0.4751 -0.6619 -0.5798
vn -0.0181 -0.0157 -0.9997
vn -0.3943 0.2084 -0.8950
vn -0.1056 -0.8802 -0.4627
vn 0.4490 -0.8878 -0.1010
vn 0.6606 -0.7484 0.0588
vn 0.2630 0.0832 -0.9612
vn 0.1459 -0.9801 0.1344
vn -0.2829 -0.9368 -0.2058
vn 0.4043 -0.8932 -0.1967
vn 0.5446 -0.7324 -0.4087
vn 0.4657 -0.5878 -0.6615
vn 0.2186 -0.9089 -0.3552
vn -0.4216 -0.7446 -0.5174
vn -0.7015 -0.4925 -0.5152
vn -0.3351 -0.5159 -0.7884
vn -0.5587 -0.4316 -0.7082
vn -0.6735 -0.4981 -0.5462
vn -0.0585 -0.9959 -0.0696
vn 0.2563 -0.9544 -0.1530
vn 0.4687 -0.8481 0.2469
vn 0.3245 -0.9344 -0.1471
vn -0.0072 -0.6975 -0.7166
vn 0.0688 -0.9047 0.4205
vn -0.9052 -0.0529 0.4217
vn -0.7368 0.4030 0.5429
vn -0.4179 -0.2467 0.8744
vn -0.4766 -0.7337 0.4844
vn -0.5923 0.3192 -0.7398
vn 0.4431 -0.6469 0.6207
vn 0.2021 -0.6019 0.7726
vn 0.9061 -0.1903 0.3779
vn 0.2724 -0.7581 0.5925
vn 0.5769 -0.7449 0.3352
vn 0.9575 0.0440 0.2850
vn 0.9035 -0.2607 0.3402
vn 0.8012 0.5981 0.0181
vn 0.6242 -0.7316 0.2741
vn 0.7411 0.4817 -0.4677
vn 0.9669 0.0884 0.2395
vn 0.9042 -0.1140 0.4115
vn 0.8862 -0.2128 0.4115
vn 0.8461 -0.2345 0.4787
vn 0.7883 -0.3657 0.4948
vn 0.8068 0.0728 0.5863
vn 0.0035 -0.5847 0.8112
vn 0.6778 0.7128 0.1804
vn 0.7319 0.6573 -0.1797
vn 0.8947 0.4364 -0.0952
vn 0.6467 -0.0288 0.7622
vn -0.0383 0.2573 0.9656
vn 0.6814 0.4304 0.5920
vn 0.8913 -0.2252 0.3935
vn 0.0248 -0.7834 0.6211
vn 0.1789 -0.8726 0.4545
vn -0.8981 -0.0136 0.4396
vn 0.8430 0.1147 -0.5255
vn -0.5271 -0.7094 0.4679
vn 0.0234 -0.9738 0.2262
vn -0.4935 -0.5461 0.6770
vn -0.1436 -0.6306 0.7627
vn 0.6067 -0.2565 0.7524
vn -0.5944 -0.7177 0.3628
vn -0.5381 -0.7650 0.3540
vn 0.1924 -0.7857 0.5880
vn -0.9707 -0.0345 0.2377
vn 0.8496 -0.4218 0.3165
vn 0.6987 -0.6953 0.1682
vn -0.1200 -0.9809 0.1529
vn 0.0368 -0.5549 0.8311
vn -0.5930 -0.4517 0.6665
vn -0.0544 -0.4691 0.8815
vn 0.2492 -0.6799 0.6897
vn -0.4196 -0.9077 0.0049
vn 0.9178 0.3380 0.2086
vn 0.8101 0.3446 0.4744
vn 0.9034 0.3827 0.1932
vn 0.8892 0.2337 0.3934
vn 0.6605 -0.0803 0.7465
vn 0.4304 -0.3425 0.8351
vn -0.1467 -0.5584 0.8165
vn 0.8570 0.3203 0.4036
vn -0.2386 -0.7745 0.5858
vn 0.6828 -0.4909 0.5411
vn 0.3492 -0.0555 0.9354
vn -0.1832 -0.3561 0.9163
vn 0.6465 0.3613 0.6720
vn -0.3900 -0.6910 0.6086
vn 0.9188 0.0455 0.3922
vn 0.9260 0.3733 -0.0571
vn 0.8018 0.2224 0.5547
vn 0.8440 0.5353 0.0327
vn 0.9190 0.3737 -0.1260
vn 0.9957 0.0833 0.0397
vn 0.2114 -0.6016 0.7703
vn -0.6265 -0.6965 0.3498
vn 0.6803 0.7090 -0.1860
vn 0.9926 0.0992 0.0697
vn 0.2844 -0.7898 0.5434
vn -0.3423 -0.6482 0.6802
vn -0.8352 -0.5460 -0.0655
vn 0.7999 0.5633 0.2072
vn 0.9133 0.2540 0.3182
vn -0.1476 -0.7877 0.5982
vn -0.8206 0.1420 0.5537
vn -0.9933 -0.1104 0.0349
vn 0.8750 0.0659 0.4797
vn -0.9680 -0.1311 -0.2142
vn -0.9296 0.0952 -0.3561
vn -0.5907 -0.2833 0.7555
vn -0.9473 0.1866 0.2604
vn 0.4660 -0.4050 0.7867
vn -0.9639 -0.2256 0.1412
vn -0.7399 -0.6068 0.2904
vn -0.5775 -0.6744 0.4602
vn -0.8850 -0.2221 -0.4091
vn 0.8601 0.2397 0.4502
vn 0.6136 -0.3858 0.6889
vn -0.2958 -0.8229 0.4851
vn -0.9640 -0.2348 0.1247
vn -0.6729 0.1938 -0.7139
vn -0.7997 -0.0757 -0.5956
vn -0.6801 -0.5816 0.4464
vn -0.5543 -0.5573 0.6182
vn -0.3748 -0.0348 -0.9264
vn 0.1065 -0.0249 -0.9940
vn -0.3211 0.5933 -0.7381
vn -0.5111 0.4496 -0.7325
vn -0.0857 -0.6013 -0.7944
vn 0.1748 -0.3489 -0.9207
vn 0.5661 -0.5269 -0.6340
vn 0.4559 0.0804 -0.8864
vn 0.1851 -0.9635 -0.1935
vn -0.6192 0.3935 -0.6795
vn 0.6990 -0.2827 0.6569
vn 0.9532 0.2951 -0.0658
vn 0.8111 0.3108 0.4955
vn -0.3082 -0.6503 -0.6944
vn -0.7878 -0.5048 -0.3530
vn -0.5513 0.1171 -0.8261
vn -0.3395 0.2943 -0.8934
vn -0.5248 0.4759 -0.7058
vn -0.6110 0.3464 -0.7118
vn 0.1344 -0.8261 -0.5473
vn 0.3653 -0.5363 -0.7609
vn 0.4597 -0.6805 -0.5706
vn 0.1253 -0.2863 -0.9499
vn 0.1679 -0.7376 -0.6540
vn 0.2156 -0.9432 -0.2529
vn 0.3290 -0.6952 -0.6392
vn 0.5865 -0.7150 -0.3805
vn 0.4324 -0.5981 -0.6748
vn 0.3854 -0.6086 -0.6936
vn 0.3875 -0.9187 -0.0766
vn 0.8319 -0.2029 0.5165
vn 0.7773 0.0607 0.6262
vn 0.8150 -0.2847 -0.5047
vn 0.4516 -0.2062 0.8681
vn 0.4127 -0.8385 0.3557
vn 0.7196 -0.6942 0.0194
vn 0.8939 -0.4188 -0.1600
vn 0.6097 -0.1042 -0.7858
vn 0.3393 -0.5814 0.7395
vn 0.1991 -0.8882 -0.4141
vn 0.5729 -0.6405 -0.5114
vn 0.9234 -0.2085 -0.3223
vn 0.4728 -0.0628 -0.8789
vn 0.4375 -0.5781 -0.6888
vn 0.3157 -0.8224 0.4733
vn -0.0428 -0.7126 -0.7003
vn -0.0517 0.0923 -0.9944
vn 0.7521 -0.4779 0.4538
vn 0.4734 -0.5443 0.6926
vn 0.2089 -0.6154 0.7600
vn -0.5740 0.2388 0.7832
vn -0.7870 0.4740 0.3950
vn -0.2261 0.5589 0.7978
vn 0.3570 0.2934 0.8868
vn -0.9184 -0.2851 0.2743
vn -0.0636 -0.7012 -0.7101
vn -0.3838 -0.0375 -0.9227
vn 0.1803 -0.1964 -0.9638
vn -0.8728 -0.2487 -0.4200
vn -0.7223 -0.2703 0.6365
vn 0.1179 -0.8976 0.4247
vn -0.2186 -0.1998 -0.9551
vn 0.9440 -0.2756 0.1815
vn -0.7520 -0.6314 -0.1895
vn -0.5592 -0.6239 0.5459
vn 0.1114 0.4301 0.8959
vn -0.9861 -0.0264 0.1638
vn 0.0467 0.6177 0.7851
vn 0.5198 0.4415 0.7313
vn 0.4752 0.3512 0.8068
vn 0.9486 -0.2751 -0.1566
vn 0.8319 0.4604 0.3099
vn 0.7300 -0.3970 -0.5563
vn 0.6605 -0.6263 -0.4142
vn 0.7219 -0.6847 -0.1002
vn -0.5139 0.8492 -0.1215
vn -0.1727 -0.0803 -0.9817
vn -0.7921 -0.4332 -0.4300
vn -0.8545 -0.4985 0.1461
vn 0.3063 0.8988 0.3134
vn 0.0365 -0.1080 -0.9935
vn 0.2532 -0.1655 -0.9531
vn 0.5231 0.0328 -0.8517
vn -0.1544 -0.3367 -0.9289
vn -0.6565 -0.6015 -0.4553
vn 0.8751 0.3006 -0.3793
vn 0.5940 0.4575 -0.6617
vn 0.9192 0.3517 -0.1770
vn -0.0322 -0.0756 -0.9966
vn -0.3349 -0.6059 -0.7216
vn -0.5704 -0.6862 -0.4513
vn -0.8216 -0.3061 -0.4810
vn -0.8941 -0.3957 -0.2099
vn -0.7625 -0.6467 -0.0165
vn 0.4120 -0.4074 -0.8150
vn -0.4933 -0.5184 -0.6985
vn -0.4170 0.2382 -0.8771
vn -0.6134 -0.0451 -0.7885
vn -0.3971 -0.6368 -0.6609
vn 0.7282 -0.4832 -0.4861
vn 0.8904 -0.0195 0.4547
vn 0.1846 -0.5266 0.8298
vn 0.5806 0.8116 -0.0651
vn 0.9066 0.3769 -0.1897
vn 0.9843 -0.1707 0.0442
vn -0.0897 -0.5719 0.8154
vn 0.0717 -0.3477 0.9349
vn 0.2593 -0.2760 0.9255
vn 0.1820 -0.4163 0.8908
vn 0.2154 -0.4655 0.8584
vn 0.0686 -0.3417 0.9373
vn -0.2019 -0.3925 0.8973
vn 0.0380 0.1544 0.9873
vn 0.1255 -0.5196 0.8452
vn 0.7469 0.1067 0.6563
vn 0.5518 0.8321 0.0557
vn 0.7521 0.5864 0.3010
vn 0.5564 0.8298 -0.0428
vn 0.6464 0.7551 -0.1090
vn 0.8976 0.4072 0.1690
vn -0.2307 -0.2570 -0.9385
vn -0.4898 -0.2766 -0.8268
vn -0.4768 -0.5266 -0.7038
vn -0.2401 -0.5615 -0.7919
vn 0.5078 0.6337 -0.5835
vn -0.1426 -0.2863 0.9475
vn -0.6713 -0.1058 0.7336
vn -0.3235 0.1269 0.9377
vn -0.0620 -0.0981 0.9932
vn -0.2399 -0.9278 0.2856
vn -0.8444 -0.5151 -0.1471
vn -0.7778 -0.5216 -0.3507
vn -0.4633 -0.2541 0.8490
vn -0.6279 -0.7325 -0.2629
vn -0.4556 -0.8901 0.0099
vn 0.2782 -0.8611 0.4257
vn -0.9960 0.0369 -0.0819
vn 0.9986 0.0341 0.0416
vn -0.7277 -0.6527 0.2107
vn -0.3643 -0.8983 0.2458
vn -0.2750 -0.6103 0.7429
vn -0.6021 -0.7805 0.1684
vn -0.1935 -0.5163 0.8343
vn 0.1700 -0.2248 0.9595
vn -0.0587 -0.7348 0.6757
vn -0.5138 -0.7445 0.4263
vn -0.8903 -0.2922 -0.3493
vn -0.7840 -0.5886 0.1971
vn -0.2500 -0.8774 0.4095
vn -0.1768 -0.9642 -0.1975
vn -0.4601 0.7428 -0.4864
vn -0.1327 0.8834 -0.4495
vn -0.3843 0.8326 -0.3988
vn -0.1302 0.4809 -0.8670
vn 0.4028 -0.1239 -0.9069
vn 0.8676 -0.0124 -0.4972
vn 0.9444 -0.1097 -0.3100
vn 0.9478 -0.1048 -0.3012
vn 0.8352 -0.1191 -0.5369
vn -0.4531 0.5510 -0.7008
vn 0.8017 0.0529 -0.5954
vn 0.6852 0.3731 -0.6256
vn 0.7344 0.3373 -0.5889
vn 0.3794 0.1126 -0.9184
vn -0.6674 -0.2010 -0.7171
vn -0.4974 0.6665 -0.5553
vn -0.3570 0.8165 -0.4537
vn -0.4492 0.7865 -0.4238
vn -0.4782 0.4260 -0.7680
vn 0.3200 -0.4890 -0.8115
vn 0.7214 0.2069 -0.6608
vn 0.8257 -0.5617 0.0526
vn 0.2375 0.6817 -0.6920
vn 0.1630 0.5131 -0.8427
vn 0.5318 -0.2231 -0.8170
vn 0.6275 0.0097 -0.7786
vn 0.7593 0.4192 -0.4977
vn 0.6166 0.4425 -0.6512
vn 0.7263 -0.1007 -0.6800
vn 0.4987 -0.8267 0.2604
vn 0.4522 0.4508 0.7696
vn 0.2715 -0.0339 0.9618
vn 0.7739 0.2210 0.5935
vn -0.9612 -0.2561 0.1026
vn -0.4466 0.2653 -0.8545
vn 0.9021 0.1818 0.3913
vn 0.8693 0.2563 0.4225
vn 0.8884 0.4585 0.0224
vn 0.6144 -0.0919 0.7836
vn 0.9729 0.0947 -0.2110
vn 0.7922 -0.5916 0.1500
vn 0.5697 -0.3607 0.7385
vn 0.7744 -0.5238 0.3548
vn 0.6911 -0.6998 0.1807
vn 0.3969 -0.8160 0.4203
vn 0.8320 -0.5276 -0.1715
vn 0.8572 -0.4767 0.1950
vn 0.9293 -0.1435 -0.3404
vn 0.8578 -0.3527 -0.3738
vn 0.2849 -0.9026 0.3228
vn 0.4882 0.5318 0.6920
vn -0.7234 0.3692 0.5834
vn -0.1346 0.4948 0.8585
vn 0.6499 0.4434 0.6172
vn 0.6621 0.6159 0.4270
vn 0.4814 0.1387 0.8655
vn -0.7141 -0.6991 0.0356
vn 0.4703 0.6913 0.5485
vn -0.4207 -0.7009 0.5760
vn -0.2372 -0.6465 0.7251
vn -0.0738 0.4099 0.9091
vn -0.5953 -0.6936 0.4056
vn -0.0296 0.9030 0.4285
vn -0.0664 -0.7974 0.5998
vn 0.5194 0.6081 0.6004
vn 0.3300 0.2212 0.9177
vn -0.1528 -0.6664 0.7298
vn 0.2569 0.7389 0.6229
vn 0.4561 0.7316 0.5068
vn 0.5249 0.7029 0.4800
vn 0.0624 0.6404 0.7655
vn -0.7424 -0.0979 0.6627
vn -0.2034 0.5688 0.7969
vn 0.3446 0.8373 0.4246
vn 0.3344 0.9054 0.2617
vn -0.4111 -0.7055 0.5773
vn -0.7720 -0.6083 0.1842
vn -0.6549 -0.4772 0.5860
vn -0.3977 -0.4122 0.8197
vn -0.0874 -0.9949 -0.0506
vn 0.2536 -0.6078 -0.7525
vn -0.5168 -0.6833 -0.5158
vn 0.0294 -0.1233 -0.9919
vn -0.2228 -0.9690 -0.1070
vn 0.0612 -0.9951 -0.0778
vn 0.3995 -0.3344 -0.8536
vn -0.1215 -0.0913 -0.9884
vn -0.0180 -0.0482 -0.9987
vn 0.0065 -0.7307 -0.6827
vn -0.0143 -0.9538 0.3003
vn -0.2588 0.5598 0.7872
vn -0.6860 -0.6730 -0.2766
vn -0.4263 -0.2395 0.8723
vn 0.3368 0.3764 0.8630
vn 0.1536 0.8776 0.4541
vn -0.6486 -0.7518 0.1185
vn -0.6188 -0.5972 -0.5104
vn -0.9086 -0.4022 0.1124
vn -0.5289 -0.6877 0.4974
vn 0.5331 -0.8114 -0.2395
vn 0.3769 0.8556 -0.3548
vn 0.9038 0.4147 -0.1056
vn 0.2542 0.8816 -0.3977
vn 0.2064 0.8083 -0.5514
vn 0.5892 0.5672 -0.5754
vn 0.6032 -0.5306 0.5955
vn 0.8174 -0.2493 0.5194
vn 0.8639 0.0273 0.5028
vn 0.7436 -0.5283 0.4099
vn 0.8874 -0.3771 0.2651
vn 0.8802 -0.4693 0.0703
vn 0.8013 -0.5592 0.2129
vn 0.8506 -0.5053 0.1454
vn 0.8442 -0.5332 -0.0557
vn 0.6162 0.4473 -0.6483
vn 0.9249 0.2866 -0.2498
vn 0.9825 0.1557 -0.1019
vn 0.4328 0.8346 -0.3408
vn 0.6573 0.4405 -0.6115
vn 0.7289 -0.6136 -0.3037
vn 0.8004 0.1791 0.5721
vn 0.5443 -0.1837 0.8185
vn 0.7538 0.4650 0.4643
vn 0.9104 0.1509 0.3852
vn 0.7251 -0.5110 0.4616
vn 0.6331 -0.5583 0.5362
vn 0.0493 -0.7609 0.6470
vn 0.8283 -0.3856 0.4064
vn 0.7726 -0.5750 0.2693
vn 0.2013 -0.9608 0.1906
vn -0.3285 -0.7707 0.5459
vn -0.9265 -0.1353 0.3512
vn 0.4445 -0.6157 0.6506
vn -0.6958 -0.7092 0.1138
vn 0.1187 -0.9788 0.1668
vn 0.5942 0.0358 0.8035
vn -0.9385 -0.3405 -0.0566
vn 0.6888 -0.2790 0.6692
vn -0.7825 0.1041 -0.6139
vn 0.8046 0.5276 0.2726
vn 0.5081 -0.6955 0.5080
vn -0.5399 -0.5567 0.6314
vn 0.7422 -0.5304 0.4098
vn 0.6555 -0.7379 0.1605
vn 0.3064 -0.9410 0.1437
vn 0.1768 -0.8756 0.4496
vn -0.7621 -0.4074 0.5032
vn 0.2851 -0.7998 0.5282
vn 0.4771 -0.8707 0.1198
vn -0.1789 -0.9839 0.0017
vn 0.0212 -0.2182 -0.9757
vn 0.1188 -0.1040 -0.9875
vn 0.1892 -0.0609 -0.9800
vn 0.3873 -0.1852 -0.9031
vn 0.7520 -0.2193 -0.6217
vn 0.5724 0.4303 -0.6980
vn 0.3617 0.4766 0.8013
vn 0.8100 0.3842 -0.4430
vn -0.2666 0.1632 0.9499
vn -0.2664 -0.1647 -0.9497
vn -0.8617 -0.0328 0.5064
vn -0.7772 0.0825 0.6239
vn -0.3124 0.3698 0.8750
vn -0.7123 -0.2321 0.6624
vn -0.5164 -0.3886 0.7631
vn 0.5046 0.0721 0.8603
vn -0.7466 0.2135 0.6301
vn 0.0192 -0.1133 0.9934
vn 0.6877 -0.3849 0.6155
vn 0.9899 0.1413 -0.0116
vn 0.9510 -0.0324 0.3076
vn -0.2663 0.1392 0.9538
vn 0.0111 -0.3885 -0.9214
vn 0.3848 -0.4008 -0.8314
vn 0.9223 -0.1982 -0.3317
vn -0.6208 0.6561 -0.4291
vn -0.8529 0.1223 0.5076
vn -0.3887 -0.1833 0.9030
vn -0.0357 -0.3611 0.9318
vn -0.0999 0.2505 -0.9630
vn -0.4312 -0.6594 -0.6158
vn 0.1179 -0.2251 -0.9672
vn 0.4776 -0.4284 -0.7671
vn -0.2248 -0.1206 -0.9669
vn -0.8767 0.1206 0.4657
vn -0.8523 -0.0631 -0.5192
vn -0.3956 0.2942 -0.8700
vn -0.8502 0.1506 0.5045
vn -0.2288 -0.3373 -0.9132
vn -0.6196 -0.7713 -0.1455
vn -0.6298 0.4904 -0.6024
vn -0.8948 -0.1248 -0.4287
vn -0.7851 0.0741 0.6149
vn -0.2563 0.1292 0.9579
vn 0.9380 0.3284 -0.1109
vn -0.6865 0.2493 -0.6831
vn -0.3001 0.3493 -0.8877
vn -0.5083 0.3718 -0.7768
vn -0.4089 0.0653 -0.9103
vn -0.1795 -0.2156 -0.9598
vn -0.7742 0.6328 -0.0134
vn -0.2439 0.8797 -0.4083
vn -0.4676 0.8731 0.1381
vn -0.8417 0.5085 0.1814
vn -0.7114 -0.1388 -0.6889
vn -0.3614 -0.6698 -0.6486
vn 0.0529 -0.4675 -0.8824
vn 0.0387 -0.4764 -0.8784
vn -0.2923 -0.4689 -0.8335
vn -0.9114 0.1842 -0.3680
vn -0.8996 0.1743 -0.4005
vn -0.5501 0.0339 -0.8344
vn -0.4647 0.8645 0.1916
vn -0.7645 -0.2088 -0.6099
vn -0.9959 -0.0798 -0.0423
vn -0.7770 0.6033 -0.1797
vn -0.3948 0.7954 -0.4598
vn -0.6391 0.7674 -0.0515
vn -0.8859 0.3785 0.2683
vn -0.5024 -0.0489 -0.8633
vn -0.9652 0.1292 -0.2272
vn -0.1822 0.2624 -0.9476
vn -0.6898 0.5770 -0.4372
vn -0.9497 0.1855 0.2524
vn -0.7204 -0.6295 -0.2911
vn -0.1366 -0.0144 -0.9905
vn 0.7110 -0.1049 -0.6953
vn -0.1905 0.3278 -0.9253
vn -0.5810 -0.0222 -0.8136
vn -0.1313 -0.6343 -0.7619
vn 0.5741 -0.1109 -0.8112
vn 0.8148 -0.4227 0.3968
vn 0.5207 0.2951 -0.8011
vn 0.2947 -0.7191 0.6293
vn -0.1498 0.0700 -0.9862
vn 0.6281 -0.1805 -0.7569
vn 0.8917 0.1057 -0.4401
vn 0.6376 0.1158 -0.7616
vn 0.9893 -0.1001 -0.1061
vn -0.9616 -0.2290 -0.1512
vn 0.4702 -0.3916 -0.7910
vn 0.6898 -0.1416 -0.7100
vn -0.5699 0.1121 -0.8141
vn -0.9668 0.0016 -0.2555
vn 0.8387 -0.5259 -0.1414
vn 0.0461 -0.4679 -0.8826
vn 0.4252 -0.3820 -0.8206
vn 0.4210 -0.3571 -0.8338
vn 0.3825 -0.7133 -0.5872
vn 0.2524 -0.9499 -0.1841
vn -0.7415 0.6279 0.2367
vn -0.5769 0.7417 -0.3422
vn -0.4556 0.8034 0.3834
vn -0.7894 0.5381 0.2954
vn -0.9504 0.1589 -0.2675
vn -0.6306 0.3668 -0.6840
vn 0.3326 -0.3656 -0.8693
vn -0.2897 0.6718 -0.6817
vn -0.2667 -0.1969 -0.9434
vn -0.7587 0.6441 0.0975
vn -0.7452 0.3191 -0.5855
vn -0.5726 0.2819 -0.7698
vn -0.6237 0.7811 -0.0288
vn -0.7574 0.0799 -0.6480
vn -0.9830 0.1834 -0.0116
vn -0.8064 0.5534 0.2085
vn -0.4955 0.5519 -0.6707
vn -0.6064 0.7294 0.3166
vn -0.5476 0.4669 0.6944
vn -0.8510 0.4493 0.2718
vn -0.0577 0.1897 -0.9801
vn 0.3109 0.4725 -0.8246
vn -0.5771 0.6042 -0.5495
vn -0.9363 0.2360 -0.2600
vn 0.5583 -0.4414 -0.7025
vn -0.2155 0.5530 -0.8048
vn -0.8559 0.5124 0.0698
vn -0.4959 0.6201 -0.6079
vn -0.3905 0.3645 -0.8454
vn 0.0050 -0.2498 -0.9683
vn 0.5671 -0.5542 -0.6094
vn 0.4437 -0.4656 -0.7657
vn -0.1503 0.2253 -0.9626
vn 0.4475 -0.7743 -0.4474
vn 0.1706 -0.8160 -0.5524
vn -0.5245 -0.5138 -0.6789
vn 0.9943 0.0844 -0.0645
vn -0.9967 -0.0775 -0.0247
vn 0.6971 -0.4647 -0.5460
vn -0.3300 -0.6189 -0.7128
vn -0.5637 -0.2078 -0.7994
vn -0.2886 0.1936 -0.9377
vn -0.3333 0.1883 -0.9238
vn -0.1400 -0.4066 -0.9028
vn 0.3382 -0.8270 -0.4491
vn 0.0560 -0.3827 -0.9222
vn 0.8486 0.1100 -0.5174
vn 0.4678 -0.1135 -0.8765
vn 0.1029 -0.6525 -0.7508
vn 0.2183 -0.9054 -0.3642
vn -0.9408 0.1263 -0.3144
vn -0.9347 -0.3296 -0.1333
vn -0.8606 -0.5085 -0.0286
vn -0.7834 -0.5607 -0.2682
vn -0.0142 0.7438 -0.6682
vn -0.9595 0.2515 -0.1269
vn -0.5727 0.7302 -0.3725
vn -0.8897 -0.0506 0.4537
vn -0.4627 0.5448 -0.6994
vn -0.8445 -0.5317 -0.0643
vn -0.8555 0.5172 -0.0247
vn -0.5131 0.8378 -0.1863
vn -0.6968 -0.1851 0.6930
vn -0.7841 0.4000 -0.4745
vn -0.8412 -0.5180 -0.1553
vn 0.9927 0.1207 0.0066
vn 0.7910 0.5902 -0.1610
vn 0.5818 0.7341 -0.3502
vn 0.7220 0.4218 -0.5484
vn 0.5505 -0.8276 0.1099
vn -0.8782 -0.4521 0.1563
vn -0.8561 0.4596 -0.2364
vn -0.8263 -0.5613 0.0473
vn -0.5841 -0.8117 0.0021
vn -0.7614 -0.5751 -0.2993
vn 0.5254 -0.7315 0.4346
vn -0.2581 -0.5441 0.7984
vn 0.8601 -0.4267 0.2795
vn 0.8553 -0.5028 -0.1253
vn 0.1015 -0.9651 0.2415
vn -0.4779 -0.8039 0.3540
vn -0.2555 -0.7418 0.6200
vn -0.0108 -0.5544 0.8322
vn -0.4784 -0.8633 0.1610
vn 0.0666 -0.9449 0.3205
vn -0.4852 -0.6971 0.5279
vn -0.4032 -0.6312 0.6626
vn 0.0251 -0.6986 0.7151
vn -0.4389 -0.7890 0.4300
vn 0.1454 -0.9739 0.1744
vn 0.4714 -0.7868 0.3984
vn -0.0822 -0.5889 0.8040
vn 0.2629 -0.7739 0.5762
vn 0.3052 -0.8971 0.3195
vn -0.0007 -0.9650 0.2624
vn 0.2803 -0.8296 0.4830
vn -0.4360 -0.4054 0.8034
vn 0.0556 -0.8141 0.5781
vn 0.2493 -0.9536 0.1688
vn -0.4440 -0.8885 0.1161
vn 0.8909 0.3014 0.3398
vn 0.9002 0.4015 0.1685
vn 0.5854 0.5506 -0.5951
vn -0.1342 0.2778 -0.9512
vn 0.2736 -0.3602 0.8918
vn 0.0451 -0.6002 0.7986
vn 0.3030 -0.5140 0.8025
vn 0.6417 -0.3126 0.7004
vn 0.1166 -0.7234 0.6805
vn 0.3242 -0.7592 0.5644
vn 0.9460 -0.0604 0.3184
vn 0.6877 -0.0908 0.7203
vn 0.8216 0.4181 0.3876
vn 0.5812 -0.7100 0.3976
vn 0.4067 0.2735 -0.8717
vn 0.9775 0.2069 -0.0408
vn 0.2828 -0.1926 0.9397
vn 0.7911 0.5064 -0.3430
vn 0.7163 0.2220 -0.6615
vn 0.9252 -0.2764 -0.2599
vn -0.8835 -0.1244 -0.4515
vn -0.4785 0.4900 -0.7286
vn -0.7609 0.1285 -0.6360
vn -0.7955 -0.2431 -0.5550
vn -0.6937 -0.2061 -0.6901
vn -0.2875 -0.5871 0.7567
vn -0.9332 -0.3168 0.1697
vn 0.9381 0.3234 0.1242
vn 0.9507 -0.1352 0.2791
vn -0.1544 -0.7670 0.6228
vn -0.7200 -0.0488 0.6923
vn -0.7722 0.3045 0.5577
vn -0.0065 -0.1466 0.9892
vn -0.9017 -0.1490 0.4060
vn -0.5798 -0.6904 0.4327
vn -0.6521 -0.6238 0.4309
vn -0.9504 -0.3031 0.0700
vn -0.1635 -0.7298 0.6638
vn -0.8891 -0.4577 0.0098
vn -0.2565 -0.8957 0.3632
vn 0.2013 -0.0798 0.9763
vn -0.5420 -0.3303 0.7727
vn 0.2998 -0.4787 0.8252
vn 0.6918 -0.4051 0.5978
vn 0.1756 0.8114 -0.5575
vn -0.4809 -0.2011 0.8534
vn -0.9453 0.0654 0.3195
vn -0.4853 -0.0961 0.8690
vn 0.0986 -0.3315 0.9383
vn -0.6281 -0.6938 -0.3523
vn -0.5412 0.7198 -0.4347
vn -0.2330 0.4255 -0.8744
vn -0.3008 0.9075 -0.2931
vn -0.5273 0.8222 -0.2145
vn -0.6636 0.3459 -0.6633
vn -0.0975 -0.8927 -0.4400
vn 0.1066 -0.6856 -0.7202
vn 0.1166 -0.6297 -0.7680
vn -0.4309 -0.5582 -0.7090
vn -0.8447 -0.0224 -0.5348
vn -0.7060 -0.4040 -0.5817
vn -0.5555 -0.4491 -0.6998
vn -0.6195 -0.1099 -0.7772
vn -0.7967 -0.4048 -0.4488
vn -0.9015 0.4233 0.0900
vn -0.5795 0.8096 0.0930
vn -0.5585 0.7549 -0.3438
vn -0.5173 0.8444 -0.1395
vn -0.8162 0.5778 -0.0051
vn -0.9757 -0.0887 -0.2005
vn -0.5780 0.3627 -0.7310
vn -0.1043 0.4529 -0.8854
vn -0.2625 0.7492 -0.6081
vn -0.7683 0.3769 -0.5174
vn -0.3077 -0.9207 -0.2402
vn -0.6127 0.3033 -0.7298
vn 0.0688 -0.3441 -0.9364
vn -0.3359 0.0025 -0.9419
vn -0.6276 0.4049 -0.6650
vn -0.5238 0.5865 -0.6178
vn 0.2423 -0.8775 0.4139
vn 0.4363 -0.8985 -0.0484
vn 0.4558 -0.8049 -0.3799
vn 0.1572 -0.8100 0.5650
vn -0.3908 -0.9204 -0.0091
vn 0.1493 -0.6807 -0.7172
vn 0.4822 -0.8728 -0.0751
vn 0.0427 -0.2290 -0.9725
vn 0.2588 -0.9019 0.3458
vn -0.5751 -0.1260 -0.8083
vn -0.9611 -0.2241 -0.1616
vn -0.7133 0.6140 -0.3379
vn -0.5229 0.1078 -0.8456
vn -0.5882 -0.2403 -0.7722
vn -0.2393 -0.9552 -0.1743
vn -0.0099 -0.9104 -0.4136
vn 0.7824 -0.5473 -0.2971
vn -0.0832 -0.2785 -0.9568
vn -0.4291 -0.4578 -0.7787
vn -0.0166 -0.8909 0.4540
vn 0.2873 -0.6102 0.7384
vn -0.2770 0.0031 0.9609
vn 0.6195 -0.6137 0.4895
vn 0.3553 -0.8330 0.4242
vn -0.1253 -0.8014 0.5849
vn -0.9467 0.1160 0.3004
vn -0.4833 -0.3663 0.7951
vn -0.6385 -0.3493 0.6858
vn -0.5886 -0.3883 0.7090
vn -0.9393 0.1115 0.3244
vn -0.3109 -0.2306 0.9221
vn 0.0182 -0.4153 0.9095
vn -0.2069 -0.2509 0.9457
vn 0.0898 -0.4585 0.8841
vn 0.1814 -0.4989 0.8474
vn 0.1897 0.3005 -0.9347
vn 0.2493 0.2419 -0.9377
vn 0.2268 0.3482 -0.9096
vn 0.1952 0.0098 -0.9807
vn 0.3489 -0.6131 -0.7088
vn -0.2810 0.0398 0.9589
vn -0.5975 0.6309 0.4949
vn -0.5393 0.3270 0.7760
vn -0.4895 -0.0581 0.8701
vn -0.5091 -0.0437 0.8596
vn 0.6380 -0.5279 0.5605
vn -0.8542 -0.3160 0.4130
vn 0.9344 0.2392 -0.2642
vn 0.9489 -0.3141 -0.0304
vn 0.4609 -0.8230 0.3321
vn 0.2862 -0.6925 0.6622
vn 0.4985 -0.6039 0.6220
vn 0.9095 -0.4111 0.0621
vn -0.0574 -0.7071 0.7048
vn 0.2647 -0.9473 0.1806
vn 0.8086 -0.5594 -0.1824
vn 0.5792 -0.1578 0.7997
vn 0.5120 -0.2145 -0.8318
vn 0.3120 -0.3343 0.8893
vn 0.1073 -0.7599 -0.6411
vn 0.6546 -0.4322 0.6202
vn 0.2370 0.1364 0.9619
vn 0.9562 -0.1375 -0.2582
vn 0.8162 -0.5676 -0.1078
vn 0.1299 -0.6824 0.7193
vn 0.4092 -0.1201 0.9045
vn -0.0003 0.2650 0.9643
vn 0.9226 0.1730 0.3449
vn 0.8624 -0.3073 0.4024
vn -0.4414 -0.4326 0.7862
vn -0.3669 0.8353 0.4093
vn -0.4134 0.9048 -0.1017
vn -0.2336 0.9682 0.0899
vn -0.1712 0.8429 0.5101
vn -0.9538 -0.0348 0.2984
vn -0.3730 -0.7941 0.4798
vn -0.7586 -0.6502 0.0422
vn -0.7121 -0.7004 -0.0478
vn -0.6886 -0.5327 0.4921
vn -0.4799 -0.0664 0.8748
vn -0.8646 -0.2013 0.4603
vn -0.8585 0.1731 0.4827
vn -0.7433 0.5943 0.3070
vn -0.7978 -0.1120 0.5925
vn -0.7349 -0.0188 0.6779
vn -0.0501 0.8768 0.4783
vn -0.5658 0.8244 -0.0150
vn -0.2617 0.9637 0.0526
vn -0.1871 0.8656 0.4644
vn -0.2284 0.7544 0.6153
vn 0.9006 -0.3799 -0.2112
vn 0.8207 0.1709 -0.5453
vn 0.8000 -0.3739 -0.4693
vn 0.9025 -0.3877 -0.1874
vn 0.9830 0.1206 0.1381
vn -0.7337 -0.1574 0.6610
vn -0.8875 -0.4015 -0.2263
vn -0.9439 -0.3258 0.0545
vn -0.7397 -0.2364 0.6301
vn -0.5388 -0.4309 0.7239
vn 0.7524 -0.6514 0.0981
vn 0.7156 -0.5614 -0.4156
vn 0.0365 -0.5610 -0.8270
vn 0.5867 -0.7008 0.4058
vn -0.0690 -0.8466 0.5278
vn 0.1258 -0.9921 -0.0046
vn 0.1483 -0.8733 -0.4640
vn -0.3522 -0.8511 -0.3895
vn 0.1990 -0.9654 -0.1685
vn -0.3498 -0.8205 0.4522
vn -0.7595 -0.3581 0.5431
vn -0.9290 -0.2191 0.2982
vn -0.7847 -0.6166 0.0634
vn -0.4989 -0.8604 0.1035
vn -0.1168 -0.9729 0.1996
vn -0.4793 -0.2471 0.8422
vn -0.5197 0.6920 0.5010
vn -0.9752 0.2167 -0.0458
vn -0.8447 -0.4935 0.2072
vn 0.1411 -0.9415 0.3060
vn 0.4073 0.6584 0.6329
vn -0.5579 0.3960 0.7294
vn 0.2683 0.8922 0.3632
vn 0.7142 0.3555 0.6030
vn 0.6155 -0.0587 0.7859
vn 0.0657 -0.3256 0.9432
vn -0.4075 -0.6375 0.6539
vn 0.2812 0.5807 0.7640
vn -0.1561 -0.7853 0.5991
vn 0.0813 -0.7100 0.6995
vn 0.1012 -0.1606 0.9818
vn -0.3289 -0.3729 0.8676
vn 0.0439 0.8498 0.5253
vn -0.1126 -0.6177 0.7783
vn 0.0765 -0.5311 0.8439
vn 0.5928 0.3117 0.7425
vn 0.0253 -0.1952 0.9804
vn 0.5056 0.5284 0.6820
vn 0.6728 0.4394 0.5952
vn 0.7048 0.3521 0.6158
vn 0.0270 0.4431 0.8961
vn -0.6662 -0.6418 0.3797
vn -0.2146 -0.1983 0.9564
vn 0.3223 0.4968 0.8058
vn 0.3617 0.7766 0.5158
vn -0.4561 -0.2093 0.8650
vn -0.9265 -0.3680 0.0782
vn -0.7767 -0.2735 0.5674
vn -0.3901 -0.2497 0.8862
vn -0.3840 -0.3965 0.8339
vn 0.5801 -0.1475 -0.8011
vn -0.2779 0.3411 -0.8980
vn 0.4122 0.5599 -0.7188
vn -0.4312 -0.7751 -0.4619
vn 0.0008 -0.9899 0.1415
vn -0.4039 -0.6584 -0.6351
vn -0.6812 -0.1380 -0.7190
vn -0.8086 -0.3002 -0.5060
vn -0.5248 -0.7932 -0.3089
vn -0.1693 -0.9448 0.2806
vn 0.1376 0.8583 0.4943
vn -0.6765 -0.6942 0.2457
vn -0.1650 -0.6422 0.7486
vn 0.7852 0.4956 0.3712
vn 0.2655 0.9619 -0.0652
vn -0.6401 0.7586 0.1215
vn -0.7227 -0.6055 -0.3333
vn -0.4426 -0.7607 0.4748
vn 0.2306 -0.2818 0.9314
vn -0.1756 0.9460 -0.2725
vn 0.3432 0.5938 0.7278
vn -0.6173 0.3645 0.6972
vn 0.1054 0.9363 0.3349
vn 0.4975 0.7452 0.4439
vn 0.4269 0.4303 0.7953
vn -0.4878 -0.1672 0.8568
vn -0.6157 -0.5111 0.5997
vn -0.6756 0.3994 0.6197
vn -0.2830 -0.4523 0.8457
vn 0.0471 0.3215 0.9457
vn 0.1005 0.4184 0.9027
vn -0.1464 0.5377 0.8304
vn 0.1565 0.8758 0.4566
vn -0.3745 0.0916 0.9227
vn -0.4551 -0.1261 0.8815
vn 0.4333 0.5291 0.7296
vn -0.3337 -0.4756 0.8139
vn 0.2934 0.6097 0.7363
vn 0.5036 0.8260 0.2531
vn 0.4640 0.8783 0.1152
vn -0.4966 0.2330 0.8361
vn -0.6821 -0.5873 0.4358
vn -0.5480 0.3254 0.7706
vn -0.3009 0.6034 0.7385
vn -0.2486 0.7652 0.5938
vn -0.7241 0.2338 0.6488
vn -0.7890 -0.5982 -0.1401
vn -0.8206 -0.4837 0.3044
vn -0.6198 0.0334 0.7840
vn -0.5291 0.7620 0.3733
vn 0.5467 -0.6916 -0.4721
vn 0.0731 -0.5275 -0.8464
vn 0.1316 -0.5170 -0.8458
vn 0.2027 -0.8272 -0.5241
vn 0.1453 -0.9859 0.0831
vn -0.4834 -0.8653 -0.1323
vn -0.6902 -0.6855 -0.2318
vn -0.8036 -0.4569 0.3814
vn -0.1861 -0.9825 0.0007
vn 0.2700 -0.6732 0.6884
vn -0.4219 0.5158 0.7456
vn -0.7868 -0.6159 -0.0398
vn -0.4669 -0.1898 0.8637
vn 0.0360 0.1687 0.9850
vn -0.0519 0.9592 0.2780
vn -0.1817 -0.7998 0.5721
vn -0.7889 -0.5948 0.1544
vn -0.7462 -0.6515 0.1368
vn -0.3875 -0.8491 0.3591
vn 0.2291 -0.9702 0.0786
vn 0.5766 0.5241 -0.6268
vn 0.5092 0.7696 -0.3853
vn 0.3893 0.5890 -0.7082
vn 0.6552 0.2716 -0.7050
vn 0.8598 0.0635 0.5066
vn 0.4814 0.2877 0.8280
vn 0.1054 0.1387 0.9847
vn 0.4929 0.3830 0.7812
vn 0.2146 -0.1684 0.9621
vn 0.6790 0.2363 -0.6950
vn 0.9177 0.2428 0.3144
vn 0.6323 -0.1008 0.7681
vn 0.9612 0.2754 0.0162
vn 0.1974 -0.4196 0.8860
vn -0.3488 0.4057 -0.8448
vn 0.2936 -0.2174 0.9309
vn -0.7689 -0.5616 0.3055
vn 0.7597 0.6219 -0.1899
vn 0.9366 0.0573 0.3457
vn 0.2990 -0.5660 0.7683
vn 0.7310 0.1555 0.6644
vn -0.4523 -0.4129 0.7905
vn 0.0859 -0.4144 0.9060
vn 0.7803 -0.1529 0.6065
vn 0.8785 0.4709 -0.0810
vn 0.7076 0.2676 0.6540
vn -0.1039 0.0938 0.9902
vn 0.3754 0.1136 0.9199
vn 0.6932 0.0902 0.7151
vn 0.8008 0.3103 0.5122
vn -0.0894 -0.6340 0.7682
vn -0.7085 -0.1144 -0.6963
vn 0.7323 0.1236 0.6696
vn -0.6993 -0.7145 -0.0235
vn -0.2903 -0.7592 0.5826
vn 0.0807 -0.3540 0.9318
vn -0.9435 -0.3143 0.1049
vn 0.8073 0.0676 0.5863
vn -0.8892 -0.4464 0.1003
vn -0.5987 -0.5816 0.5507
vn -0.0478 -0.3615 0.9312
vn -0.8100 0.1425 0.5688
vn 0.2946 -0.2282 0.9280
vn 0.5096 -0.5469 0.6642
vn -0.3577 -0.6785 0.6417
vn -0.2063 -0.4930 0.8452
vn -0.9117 -0.3887 -0.1333
vn -0.0685 -0.3439 0.9365
vn 0.5716 -0.1861 0.7991
vn 0.0851 -0.6976 0.7114
vn -0.4345 0.8857 0.1635
vn -0.6964 -0.0746 0.7137
vn 0.6645 -0.0829 0.7427
vn 0.9900 -0.0297 0.1379
vn -0.1556 0.6225 -0.7670
vn 0.7811 -0.2249 0.5825
vn 0.7272 -0.1923 0.6590
vn 0.8824 0.1545 -0.4443
vn 0.2142 -0.4187 0.8825
vn 0.5780 -0.5835 0.5704
vn -0.7579 0.2733 0.5923
vn -0.9703 0.2351 0.0568
vn 0.1054 0.4801 0.8708
vn -0.9792 0.0859 0.1841
vn -0.8013 0.1086 0.5883
vn 0.7762 -0.3974 -0.4896
vn 0.9129 -0.3868 0.1304
vn -0.1878 0.4445 -0.8759
vn -0.1888 0.0945 -0.9775
vn 0.5304 -0.8473 0.0280
vn 0.3888 -0.6956 0.6041
vn -0.8663 -0.4868 0.1115
vn 0.1935 0.5077 -0.8395
vn 0.5694 0.1835 -0.8013
vn 0.4517 -0.6307 0.6309
vn 0.8978 -0.3502 0.2670
vn 0.0274 -0.1747 0.9842
vn 0.8070 0.0144 -0.5904
vn 0.8068 -0.2434 -0.5384
vn 0.8303 -0.4429 -0.3384
vn -0.0471 0.2755 0.9602
vn 0.1282 0.0257 0.9914
vn 0.9337 0.3174 -0.1659
vn -0.2982 -0.2133 0.9304
vn -0.4769 -0.0202 0.8787
vn 0.1984 0.0920 0.9758
vn 0.2794 0.0343 0.9596
vn 0.9266 -0.1226 0.3556
vn -0.2016 0.0512 0.9781
vn -0.4327 0.3867 0.8144
vn -0.1287 -0.3004 0.9451
vn -0.8969 0.2357 0.3741
vn 0.9867 -0.1369 -0.0876
vn 0.8472 -0.3742 0.3771
vn 0.5222 -0.4844 0.7019
vn 0.6163 -0.1044 0.7805
vn -0.5022 -0.1598 0.8498
vn 0.8226 -0.0746 0.5638
vn 0.9949 -0.0988 0.0220
vn 0.9939 0.0611 -0.0913
vn 0.9485 -0.3051 0.0852
vn 0.6266 0.4849 -0.6101
vn 0.7089 -0.3539 -0.6100
vn 0.6817 -0.5772 0.4496
vn 0.4515 -0.1685 0.8762
vn 0.4942 0.6246 0.6047
vn 0.5057 0.8311 0.2313
vn 0.9707 0.1154 -0.2109
vn 0.1457 0.6132 0.7764
vn 0.3821 -0.0625 0.9220
vn 0.3508 0.9031 0.2479
vn 0.4973 0.8477 -0.1844
vn 0.6823 0.5216 -0.5123
vn 0.3950 0.8772 0.2731
vn 0.4406 0.8224 0.3601
vn -0.7258 -0.1028 0.6801
vn -0.9636 -0.2626 0.0499
vn -0.9540 -0.0540 0.2949
vn -0.7909 -0.0990 0.6039
vn -0.5927 -0.5819 0.5569
vn -0.6971 -0.3495 0.6260
vn -0.9305 -0.3479 -0.1148
vn -0.9531 -0.1304 0.2729
vn -0.7229 -0.2469 0.6453
vn -0.2963 -0.8769 0.3784
vn -0.4329 -0.8919 0.1308
vn -0.3635 -0.7824 -0.5057
vn -0.6035 -0.7590 -0.2441
vn -0.6285 -0.7767 0.0411
vn 0.1678 -0.9826 0.0794
vn 0.9628 -0.2387 -0.1269
vn 0.8408 0.4600 -0.2854
vn 0.6238 -0.2900 -0.7258
vn 0.9899 0.0852 0.1133
vn 0.1899 -0.9445 0.2683
vn 0.0121 -0.9969 -0.0774
vn 0.4846 -0.5308 -0.6953
vn -0.4352 0.5301 0.7277
vn 0.1660 -0.9854 0.0368
vn 0.0160 -0.8754 0.4831
vn 0.1379 -0.9889 -0.0545
vn 0.3579 -0.6693 -0.6511
vn -0.7161 -0.6927 -0.0861
vn -0.2679 -0.9592 0.0906
vn 0.1837 -0.9715 0.1497
vn 0.7174 -0.6787 -0.1572
vn 0.9545 -0.0717 -0.2895
vn 0.1639 -0.8897 -0.4262
vn 0.1092 -0.9827 -0.1495
vn 0.9031 -0.2885 0.3182
vn 0.4146 0.5426 0.7305
vn 0.2560 0.4199 0.8707
vn 0.2120 0.9687 0.1290
vn 0.6959 0.7147 0.0698
vn 0.3630 -0.7753 0.5169
vn 0.3331 -0.5255 0.7828
vn 0.1256 -0.5387 0.8331
vn 0.2434 0.4110 0.8786
vn 0.5179 -0.7550 0.4021
vn 0.9992 -0.0284 0.0279
vn 0.7392 -0.0819 0.6685
vn 0.8382 0.0615 0.5420
vn 0.8345 0.0747 0.5460
vn 0.9065 0.0434 0.4199
vn 0.7212 0.6569 -0.2201
vn 0.9029 0.1784 0.3911
vn 0.4221 -0.6879 0.5904
vn 0.6347 0.7727 -0.0053
vn 0.6231 0.7402 -0.2525
vn 0.9944 -0.0754 0.0737
vn -0.6463 -0.3454 -0.6805
vn -0.7627 -0.2072 -0.6126
vn -0.6819 -0.5973 -0.4221
vn -0.5242 -0.5660 -0.6363
vn -0.0928 0.5215 -0.8482
vn 0.5172 -0.2603 0.8153
vn -0.4600 -0.8123 0.3585
vn 0.6022 -0.0648 0.7957
vn 0.8575 0.2168 0.4665
vn 0.8815 -0.0212 0.4717
vn -0.5183 -0.8520 0.0740
vn -0.8600 -0.2019 -0.4686
vn -0.3125 -0.7255 0.6133
vn -0.6200 -0.1621 -0.7677
vn 0.3044 -0.8895 0.3409
vn 0.1383 -0.7233 0.6765
vn 0.0581 -0.8382 0.5423
vn 0.6647 0.4958 0.5589
vn -0.1030 -0.9795 0.1731
vn 0.2716 -0.9267 0.2596
vn 0.6432 -0.3737 0.6683
vn 0.6268 -0.0592 0.7770
vn 0.8214 0.4145 0.3919
vn 0.9471 -0.1348 0.2911
vn 0.0226 -0.9954 0.0934
vn 0.0975 -0.8648 0.4926
vn -0.6495 -0.6687 0.3619
vn 0.4181 -0.5139 0.7491
vn 0.3516 -0.8747 0.3336
vn -0.1455 -0.9851 -0.0918
vn 0.3348 0.8907 0.3075
vn 0.3206 0.8460 0.4261
vn 0.1635 0.9864 -0.0180
vn 0.3148 0.9234 -0.2197
vn 0.6952 -0.1693 0.6985
vn 0.5826 -0.0341 0.8121
vn 0.5426 -0.2126 0.8126
vn 0.4734 0.7966 0.3759
vn 0.5620 -0.4662 0.6833
vn 0.6138 -0.4301 0.6620
vn 0.5356 -0.5053 0.6766
vn 0.4734 -0.3771 0.7961
vn 0.4997 0.1086 0.8594
vn 0.5778 -0.4621 0.6727
vn 0.7634 -0.2351 0.6017
vn 0.6403 0.5775 0.5066
vn 0.2026 -0.0225 0.9790
vn 0.3602 0.8388 0.4083
vn 0.8839 0.4610 0.0790
vn 0.8141 -0.5441 0.2031
vn -0.3810 -0.5755 -0.7236
vn -0.4969 0.2422 -0.8333
vn -0.3941 -0.7662 -0.5076
vn -0.1018 -0.8143 -0.5714
vn 0.1473 -0.1053 -0.9835
vn 0.0685 -0.3421 0.9372
vn -0.4293 -0.6556 0.6212
vn 0.0328 -0.0367 0.9988
vn 0.3336 0.0941 0.9380
vn 0.2821 -0.5635 0.7764
vn -0.5523 -0.8105 -0.1952
vn -0.8507 -0.3814 -0.3616
vn -0.4919 -0.7735 0.3995
vn -0.4656 -0.8359 -0.2906
vn 0.0932 -0.9932 0.0694
vn -0.4727 -0.8539 0.2179
vn -0.7494 -0.6603 -0.0492
vn 0.0685 -0.6894 0.7212
vn -0.4098 -0.9081 -0.0865
vn 0.2388 -0.9623 0.1301
vn -0.3872 0.8893 0.2433
vn -0.9235 -0.3278 -0.1992
vn 0.4376 -0.3953 0.8076
vn 0.7172 -0.2244 0.6598
vn -0.2960 0.9356 -0.1922
vn -0.3845 0.3018 0.8724
vn -0.7217 -0.6903 -0.0508
vn -0.0959 -0.9135 0.3953
vn 0.4733 -0.6108 0.6347
vn -0.0891 0.9677 0.2360
vn -0.4338 0.7488 -0.5011
vn -0.7711 0.5376 -0.3411
vn -0.7577 0.2512 0.6023
vn -0.0490 -0.2837 0.9577
vn 0.3176 0.3103 -0.8960
vn -0.8393 -0.4070 0.3604
vn -0.0757 0.3620 -0.9291
vn -0.2424 -0.2858 0.9271
vn -0.5858 0.0220 -0.8101
vn -0.9256 -0.3670 -0.0922
vn -0.4135 -0.0517 0.9090
vn 0.4786 0.0809 0.8743
vn 0.6205 0.5062 0.5990
vn -0.0140 -0.3353 0.9420
vn -0.6529 -0.0843 0.7527
vn -0.5481 0.7472 -0.3758
vn -0.8261 0.5503 -0.1215
vn -0.9265 0.3151 0.2056
vn -0.4894 -0.2679 0.8299
vn 0.0712 0.3176 -0.9456
vn 0.5327 -0.8304 0.1632
vn -0.5803 -0.6419 -0.5012
vn 0.9087 0.4100 0.0784
vn 0.8570 0.2366 0.4578
vn 0.7795 0.0389 0.6252
vn -0.6395 -0.2789 -0.7165
vn -0.6749 -0.0950 -0.7318
vn -0.1046 -0.1656 -0.9806
vn 0.2565 -0.3789 -0.8892
vn 0.3968 -0.5183 -0.7576
vn -0.3613 -0.1020 -0.9269
vn 0.6666 0.0141 -0.7453
vn -0.0403 0.0745 -0.9964
vn 0.8497 -0.2070 -0.4849
vn -0.9797 -0.1608 0.1196
vn 0.4198 0.0789 -0.9042
vn 0.7510 0.2546 -0.6092
vn 0.4272 0.2355 -0.8730
vn 0.8681 0.1535 -0.4721
vn -0.5678 -0.3233 -0.7570
vn -0.8032 -0.0937 -0.5883
vn -0.7388 0.4235 -0.5242
vn -0.7120 0.4009 -0.5765
vn -0.7579 0.1160 -0.6420
vn 0.7897 -0.6117 -0.0470
vn 0.3608 0.2047 -0.9099
vn 0.7748 0.4746 -0.4177
vn 0.5542 0.2677 -0.7882
vn 0.6007 0.0431 -0.7983
vn 0.7269 -0.0750 -0.6826
vn -0.0240 -0.8077 -0.5891
vn -0.5186 -0.6635 -0.5393
vn -0.2352 -0.2689 -0.9340
vn 0.3993 -0.1468 -0.9050
vn 0.9574 -0.0601 -0.2825
vn 0.4994 0.8597 -0.1071
vn 0.5092 0.7321 0.4525
vn 0.4686 0.8708 0.1484
vn 0.6494 0.5346 0.5408
vn 0.3957 0.0913 -0.9138
vn -0.5646 -0.5543 0.6116
vn -0.7932 -0.6085 -0.0224
vn -0.1438 -0.1640 0.9759
vn -0.6414 -0.7354 0.2189
vn -0.3839 -0.6270 0.6779
vn -0.1253 0.2177 0.9679
vn -0.9009 0.2865 -0.3260
vn -0.3755 0.1489 0.9148
vn -0.1683 -0.1910 0.9670
vn -0.2576 -0.4088 0.8755
vn -0.6488 0.5440 0.5322
vn -0.5292 -0.0643 -0.8460
vn -0.9762 -0.2170 0.0029
vn -0.6454 -0.3034 0.7010
vn 0.0002 0.7600 0.6499
vn -0.6788 0.4567 -0.5751
vn -0.5852 0.4956 -0.6418
vn -0.7429 0.0016 0.6695
vn 0.0013 -0.4706 0.8823
vn -0.0498 0.3629 -0.9305
vn 0.1626 -0.2952 -0.9415
vn 0.3929 0.1843 -0.9009
vn -0.3009 -0.4351 -0.8486
vn 0.5304 -0.0509 -0.8462
vn -0.1076 -0.8716 -0.4783
vn -0.0175 -0.6007 -0.7993
vn -0.3451 -0.0291 -0.9381
vn -0.5298 0.0107 -0.8480
vn -0.0955 -0.5085 -0.8557
vn -0.3064 -0.9404 0.1475
vn -0.7534 -0.6576 0.0069
vn -0.8331 -0.1823 -0.5222
vn -0.9617 -0.2404 0.1319
vn -0.7157 -0.6890 0.1145
vn -0.0282 -0.8561 -0.5160
vn -0.5080 -0.8151 -0.2785
vn -0.7479 -0.4666 -0.4721
vn -0.3133 -0.4200 -0.8517
vn 0.1522 -0.6739 -0.7229
vn 0.7270 -0.6453 -0.2347
vn -0.6899 0.2271 -0.6874
vn -0.5353 0.3358 -0.7751
vn -0.9220 -0.0386 -0.3853
vn -0.8936 -0.4478 -0.0308
vn 0.2411 0.3490 -0.9056
vn 0.1729 0.5810 -0.7953
vn 0.6059 0.4454 -0.6591
vn 0.4622 0.5704 -0.6790
vn 0.3695 0.2239 -0.9018
vn -0.9754 -0.0641 -0.2111
vn -0.3425 -0.1123 -0.9328
vn 0.0049 0.3440 -0.9390
vn -0.7015 0.5246 -0.4823
vn 0.2537 -0.3579 -0.8986
vn -0.7753 -0.6244 0.0952
vn -0.5954 0.7399 -0.3131
vn -0.9814 -0.0234 -0.1904
vn -0.9687 -0.2372 0.0737
vn -0.7929 -0.5167 0.3231
vn 0.8124 0.4854 -0.3230
vn -0.5383 0.7102 -0.4536
vn -0.3766 0.8402 -0.3902
vn -0.7828 0.6088 0.1286
vn -0.9898 0.1246 -0.0697
vn 0.4796 -0.1888 -0.8569
vn 0.0274 0.0457 -0.9986
vn -0.0033 0.2172 -0.9761
vn 0.3544 0.3018 -0.8851
vn 0.7494 -0.1504 -0.6448
vn 0.8488 -0.5064 -0.1521
vn 0.7942 0.1517 -0.5884
vn 0.9575 0.2854 -0.0419
vn 0.5495 0.3803 -0.7439
vn 0.9732 -0.0579 0.2225
vn -0.2033 -0.2358 -0.9503
vn 0.9249 0.1265 -0.3585
vn 0.8498 0.3723 -0.3732
vn 0.6625 0.4149 -0.6237
vn 0.9008 0.0401 -0.4324
vn 0.3075 -0.3202 -0.8960
vn 0.7967 -0.6044 -0.0015
vn 0.1407 -0.3687 0.9188
vn -0.1195 0.3842 -0.9155
vn 0.5070 -0.2731 -0.8175
vn 0.6376 -0.6001 -0.4831
vn 0.9469 0.1592 -0.2793
vn 0.1901 0.1904 0.9631
vn 0.8285 0.1223 -0.5465
vn 0.6746 -0.2123 -0.7070
vn 0.7250 -0.3675 -0.5825
vn 0.6271 0.7592 0.1739
vn 0.4100 0.5078 0.7576
vn 0.5477 0.7726 0.3213
vn 0.7897 0.6044 0.1053
vn 0.8992 -0.1384 0.4151
vn 0.6764 -0.5426 0.4981
vn 0.0773 -0.9048 0.4187
vn 0.8909 0.2998 0.3411
vn 0.1047 -0.9596 0.2610
vn 0.7117 -0.6790 0.1799
vn 0.1957 -0.8307 0.5212
vn -0.1167 -0.7066 0.6979
vn 0.4780 -0.3650 0.7989
vn 0.3729 -0.8629 0.3411
vn 0.8463 -0.5174 0.1263
vn 0.8594 0.4723 0.1956
vn 0.7805 0.3724 0.5021
vn 0.7276 0.4131 0.5477
vn 0.8618 0.1934 0.4689
vn 0.8550 -0.2158 0.4715
vn 0.0027 -0.2186 0.9758
vn -0.5687 -0.5034 0.6505
vn 0.1025 0.2775 0.9552
vn 0.4011 0.1373 0.9057
vn 0.2642 -0.4728 0.8406
vn -0.5311 -0.5787 0.6189
vn -0.8173 -0.5680 -0.0974
vn -0.2041 -0.6065 0.7685
vn 0.2913 -0.3348 0.8961
vn 0.0075 0.9565 -0.2917
vn -0.6109 -0.7324 -0.3006
vn -0.5999 -0.1609 -0.7837
vn -0.2484 -0.8606 0.4445
vn -0.3974 -0.3426 -0.8513
vn -0.1671 -0.9626 -0.2131
vn -0.7415 -0.6697 0.0409
vn -0.7189 -0.6755 0.1638
vn -0.6078 -0.6637 0.4360
vn -0.7065 -0.6811 -0.1924
vn 0.9196 0.2708 0.2844
vn -0.6058 -0.7626 0.2268
vn -0.9805 0.1754 0.0891
vn -0.1354 -0.8418 0.5225
vn 0.0016 -0.9640 0.2660
vn -0.6858 -0.5685 -0.4544
vn -0.4366 -0.8648 0.2480
vn -0.7881 -0.6154 -0.0114
vn -0.7059 -0.7080 0.0195
vn -0.5598 -0.8260 -0.0661
vn -0.5353 -0.7985 -0.2755
vn -0.2363 -0.3325 -0.9130
vn 0.2550 -0.0936 -0.9624
vn -0.4381 0.3552 -0.8258
vn -0.6307 0.0894 -0.7708
vn 0.3076 -0.9330 -0.1869
vn 0.7247 -0.5008 -0.4733
vn 0.9608 0.1229 0.2487
vn 0.3836 -0.3531 -0.8533
vn 0.7482 -0.0876 0.6577
vn 0.1407 -0.7698 -0.6226
vn 0.5910 -0.0256 -0.8063
vn 0.9635 -0.0437 -0.2640
vn 0.5248 0.1683 -0.8344
vn 0.8320 -0.4570 0.3146
vn -0.3349 -0.0343 -0.9416
vn -0.3012 0.2949 0.9068
vn -0.2157 0.5294 0.8205
vn -0.0327 0.4141 0.9097
vn -0.1272 0.1597 0.9789
vn -0.9776 -0.1664 0.1289
vn 0.6813 -0.2112 -0.7009
vn 0.9404 0.2136 -0.2645
vn 0.4557 0.0542 -0.8885
vn 0.6326 -0.4651 -0.6193
vn 0.7501 -0.6249 0.2166
vn -0.8139 0.1830 -0.5514
vn -0.6576 0.7506 -0.0637
vn -0.7002 0.7131 -0.0340
vn -0.8726 0.4850 0.0583
vn 0.2256 -0.7179 -0.6586
vn -0.5564 -0.2534 -0.7913
vn -0.6851 -0.1164 -0.7191
vn -0.9529 0.2247 -0.2038
vn -0.5685 -0.4635 -0.6797
vn -0.6758 -0.5492 -0.4916
vn -0.3729 -0.4361 -0.8190
vn -0.2566 -0.0576 -0.9648
vn -0.8024 0.1953 -0.5640
vn -0.4768 -0.6513 -0.5904
vn -0.7010 -0.7127 -0.0265
vn -0.6305 -0.0441 -0.7750
vn -0.9412 -0.1829 -0.2842
vn -0.9233 -0.2870 0.2553
vn -0.6508 -0.4468 0.6138
vn 0.3905 0.0748 -0.9175
vn -0.6962 0.5574 -0.4522
vn 0.1286 -0.0933 -0.9873
vn -0.7455 0.2852 -0.6024
vn -0.9066 0.2573 -0.3346
vn -0.7157 0.6984 -0.0057
vn -0.6684 0.1439 -0.7297
vn -0.3566 -0.5141 -0.7801
vn -0.0870 0.9774 -0.1928
vn -0.3880 0.8778 -0.2810
vn -0.6632 0.5105 -0.5473
vn -0.5370 -0.5015 -0.6783
vn -0.1348 -0.8177 -0.5597
vn -0.0214 -0.5821 -0.8128
vn -0.4857 -0.7823 -0.3899
vn -0.5224 0.7733 -0.3592
vn -0.5863 -0.3665 -0.7225
vn -0.5942 -0.2348 -0.7693
vn -0.5284 -0.3202 -0.7863
vn -0.7297 0.1360 -0.6701
vn -0.6467 0.7372 -0.1957
vn -0.3369 0.4192 -0.8431
vn -0.1190 0.5841 -0.8029
vn -0.2019 0.7951 -0.5719
vn -0.3631 0.9190 -0.1537
vn -0.5677 -0.4533 -0.6872
vn 0.2813 -0.0535 0.9581
vn 0.4041 0.7882 0.4641
vn 0.2800 -0.4421 0.8522
vn -0.0145 -0.6637 0.7479
vn -0.1062 -0.5977 0.7946
vn -0.5081 -0.4439 -0.7381
vn 0.1708 -0.5944 -0.7858
vn -0.0987 -0.2926 -0.9511
vn -0.4551 -0.3112 -0.8343
vn -0.5322 -0.8445 -0.0592
vn 0.3022 -0.7931 0.5289
vn 0.6156 -0.7253 0.3080
vn 0.3476 -0.8736 -0.3406
vn 0.3369 -0.6821 0.6491
vn -0.1547 -0.9016 0.4040
vn 0.5505 -0.7943 -0.2569
vn 0.3321 -0.8520 0.4047
vn 0.2572 -0.8845 -0.3892
vn 0.1871 -0.4365 0.8801
vn -0.0375 0.8088 -0.5869
vn -0.4266 -0.2954 -0.8549
vn -0.2644 -0.4823 -0.8352
vn -0.1509 -0.5016 -0.8518
vn -0.2443 -0.8449 -0.4758
vn -0.2106 -0.9743 -0.0798
vn 0.0987 -0.9946 -0.0309
vn 0.5658 -0.0364 0.8238
vn -0.2508 -0.6726 -0.6962
vn -0.4001 -0.7894 -0.4655
vn -0.1615 -0.8860 0.4347
vn -0.5487 0.7285 0.4101
vn -0.5470 0.6970 -0.4636
vn -0.4271 0.8939 -0.1361
vn -0.5261 0.6974 0.4867
vn -0.9418 -0.0882 0.3243
vn -0.5649 -0.8251 -0.0072
vn -0.3981 -0.7072 -0.5843
vn -0.3509 -0.7088 -0.6119
vn -0.7769 -0.6135 -0.1414
vn -0.7232 0.4595 0.5156
vn -0.7907 -0.5238 -0.3169
vn -0.7401 -0.0285 -0.6719
vn -0.4583 -0.7196 -0.5217
vn -0.8163 0.4976 -0.2934
vn -0.7356 0.6563 0.1679
vn -0.9044 0.4162 0.0941
vn -0.5721 0.8176 0.0649
vn -0.5544 0.8112 0.1861
vn -0.4903 0.7579 0.4304
vn -0.5438 -0.7664 -0.3419
vn -0.8876 0.3819 -0.2575
vn -0.8028 0.5837 -0.1216
vn -0.8322 0.4462 -0.3291
vn -0.9419 0.1204 -0.3136
vn -0.8068 -0.5093 -0.2995
vn -0.8808 -0.3109 -0.3571
vn -0.5102 -0.3846 -0.7692
vn -0.8908 0.1085 -0.4412
vn -0.9481 -0.2537 -0.1918
vn -0.1920 -0.9808 -0.0352
vn 0.5948 -0.8036 -0.0206
vn 0.3723 -0.7051 -0.6035
vn 0.2847 -0.5730 -0.7685
vn 0.2086 -0.9752 -0.0744
vn -0.0393 -0.9960 0.0804
vn -0.5524 0.5081 -0.6609
vn 0.1093 -0.6667 -0.7373
vn 0.1569 -0.5653 -0.8098
vn 0.4249 -0.8936 -0.1446
vn -0.6889 0.6983 0.1945
vn -0.6928 -0.6850 0.2256
vn -0.5572 -0.6079 -0.5657
vn -0.8906 -0.4522 -0.0479
vn -0.7929 -0.4536 0.4068
vn -0.1224 -0.9854 0.1185
vn -0.4026 -0.6880 -0.6037
vn 0.5523 -0.2264 -0.8023
vn 0.0170 -0.5280 -0.8491
vn -0.3761 -0.8382 -0.3949
vn -0.1013 -0.9946 0.0218
vn 0.9900 -0.1133 -0.0839
vn 0.3311 0.1358 0.9338
vn 0.7933 0.0558 -0.6062
vn 0.6515 -0.2545 -0.7147
vn 0.7210 -0.4132 -0.5562
vn 0.7277 0.6417 0.2422
vn -0.0059 -0.1905 0.9817
vn 0.8157 0.5231 0.2469
vn -0.3764 -0.5450 0.7492
vn 0.4156 0.4972 -0.7617
vn 0.5847 -0.0514 0.8096
vn 0.9239 -0.3006 0.2366
vn 0.9235 -0.0612 -0.3788
vn 0.3373 -0.2845 0.8974
vn -0.3095 0.1249 0.9427
vn 0.9711 -0.1844 0.1518
vn 0.0497 0.2848 0.9573
vn 0.9348 -0.2638 0.2377
vn 0.8350 -0.5073 -0.2132
vn 0.8173 -0.5197 -0.2487
vn 0.1405 -0.4916 0.8594
vn -0.7550 -0.6551 -0.0289
vn 0.7781 0.3956 -0.4879
vn 0.9988 0.0328 0.0371
vn 0.1197 -0.5582 0.8210
vn 0.0188 -0.0622 0.9979
vn -0.9557 0.2872 0.0647
vn 0.4041 -0.0393 0.9139
vn 0.5290 -0.3736 0.7620
vn 0.2480 -0.5149 0.8206
vn -0.7698 0.0160 0.6380
vn -0.9508 0.2794 0.1337
vn -0.0817 0.1406 0.9867
vn -0.9975 -0.0299 0.0642
vn -0.5608 -0.4021 0.7237
vn -0.7910 0.1990 0.5786
vn -0.7033 -0.1308 0.6988
vn 0.6081 0.3871 0.6931
vn -0.8880 -0.1975 0.4152
vn -0.9890 -0.1234 0.0815
vn 0.0182 -0.2301 0.9730
vn -0.7148 0.2791 0.6412
vn 0.0487 -0.2126 0.9759
vn 0.2485 -0.4684 0.8478
vn -0.2110 -0.4577 0.8637
vn -0.6183 0.1348 0.7743
vn -0.6725 0.3668 -0.6428
vn -0.5610 0.0334 0.8271
vn -0.2141 -0.2699 0.9388
vn -0.2714 -0.3285 0.9047
vn -0.5164 -0.3479 0.7825
vn -0.8989 0.1959 0.3919
vn -0.8478 -0.0498 0.5280
vn -0.7069 -0.4577 0.5393
vn -0.7628 -0.4639 0.4506
vn 0.8589 -0.5101 -0.0461
vn 0.8778 -0.4760 0.0535
vn 0.9699 -0.0976 -0.2230
vn 0.4904 -0.8353 0.2486
vn 0.1560 0.0654 -0.9856
vn -0.2907 0.9163 -0.2755
vn -0.3360 0.9147 -0.2244
vn -0.4591 0.8518 -0.2522
vn -0.5828 0.8121 -0.0300
vn -0.6751 0.7326 0.0868
vn 0.7747 -0.5819 -0.2474
vn 0.4439 -0.6443 0.6227
vn 0.6365 -0.1381 -0.7588
vn 0.5022 -0.3649 -0.7840
vn 0.4042 -0.9031 -0.1452
vn -0.9747 -0.0942 0.2028
vn -0.8209 0.4438 -0.3594
vn -0.9855 0.0981 0.1381
vn -0.9136 -0.3367 0.2281
vn -0.8692 -0.3120 -0.3837
vn 0.5244 -0.2261 0.8209
vn -0.3258 0.2847 0.9016
vn 0.9163 -0.1339 0.3774
vn 0.8057 -0.4964 0.3232
vn 0.5524 -0.6778 0.4852
vn -0.7675 0.3518 0.5358
vn -0.8714 0.4440 0.2087
vn 0.8913 -0.3583 -0.2780
vn -0.9308 0.2376 0.2780
vn -0.9276 0.0827 0.3643
vn -0.3476 -0.2178 0.9120
vn -0.6279 0.3857 0.6760
vn 0.2722 -0.4427 0.8544
vn -0.8554 0.3106 0.4145
vn -0.2232 -0.6561 0.7209
vn 0.5799 -0.6437 0.4993
vn 0.1569 -0.1615 0.9743
vn 0.7354 -0.5460 0.4013
vn 0.4382 -0.8256 0.3555
vn -0.0755 -0.7806 0.6205
vn -0.0060 -0.4562 0.8899
vn -0.5406 0.0453 0.8401
vn 0.2489 -0.3816 0.8902
vn 0.2587 -0.6298 0.7324
vn -0.4618 -0.5699 0.6797
vn -0.4263 0.0217 -0.9043
vn 0.0710 -0.2501 -0.9656
vn -0.2731 0.6287 -0.7281
vn -0.6040 0.6213 -0.4992
vn -0.5266 -0.7319 -0.4325
vn -0.3516 -0.7167 -0.6023
vn -0.0713 -0.7995 -0.5964
vn -0.5916 0.4392 -0.6761
vn -0.2903 -0.9270 -0.2373
vn -0.6336 -0.7604 -0.1428
vn -0.5229 -0.4620 -0.7163
vn 0.0633 -0.8429 -0.5343
vn -0.2325 -0.0438 -0.9716
vn -0.2248 -0.8959 -0.3832
vn -0.8558 0.2460 -0.4550
vn -0.7170 0.5184 -0.4660
vn -0.3158 0.7214 -0.6163
vn -0.3956 0.6350 -0.6635
vn -0.6450 0.2305 -0.7285
vn -0.5033 -0.7665 -0.3990
vn -0.1552 -0.4225 -0.8930
vn 0.2438 -0.6273 -0.7396
vn -0.0162 -0.5244 -0.8513
vn -0.1051 -0.7428 -0.6612
vn -0.0453 -0.9666 -0.2524
vn 0.3352 -0.9404 -0.0574
vn 0.5548 -0.7927 -0.2526
vn -0.5884 -0.2422 -0.7715
vn -0.8591 0.0903 -0.5038
vn 0.6436 -0.5732 0.5072
vn 0.8356 -0.2643 0.4815
vn 0.9013 -0.4052 0.1534
vn 0.8714 -0.4788 -0.1064
vn 0.6950 -0.5722 0.4354
vn 0.3020 -0.8615 0.4082
vn 0.6195 -0.2666 0.7383
vn 0.8742 0.2118 0.4369
vn 0.9899 -0.1405 0.0198
vn 0.5768 -0.2822 0.7666
vn 0.0619 -0.9372 0.3431
vn 0.1681 -0.8994 -0.4036
vn 0.9613 -0.2660 -0.0710
vn 0.4231 -0.8347 -0.3526
vn 0.0439 -0.9927 -0.1123
vn 0.2123 -0.9433 0.2552
vn 0.5543 -0.6385 0.5339
vn 0.3257 0.2642 0.9078
vn 0.3255 -0.6461 -0.6904
vn 0.3458 -0.9317 -0.1112
vn 0.2977 -0.9265 0.2300
vn -0.2601 -0.9498 -0.1737
vn -0.4008 -0.7057 -0.5843
vn -0.3494 -0.9306 -0.1089
vn 0.0042 -0.9353 -0.3538
vn 0.3439 -0.2466 -0.9061
vn 0.0182 0.0808 -0.9966
vn -0.0669 0.5955 -0.8006
vn -0.2871 -0.1020 -0.9525
vn 0.1907 0.3715 -0.9086
vn 0.1397 -0.6983 -0.7020
vn -0.2830 0.3709 -0.8845
vn -0.5319 0.2038 -0.8219
vn -0.1479 0.5785 -0.8022
vn -0.4514 -0.4187 -0.7880
vn -0.1950 -0.7906 -0.5805
vn 0.4499 0.0761 0.8898
vn -0.1353 -0.4392 0.8881
vn 0.2134 0.8651 0.4539
vn 0.6510 0.6309 0.4222
vn 0.7231 -0.2575 0.6409
vn -0.5376 -0.2575 -0.8029
vn -0.7975 0.0473 -0.6014
vn -0.7442 -0.1259 -0.6560
vn -0.0808 0.2081 -0.9748
vn 0.6135 0.6202 -0.4888
vn -0.5184 0.1492 0.8420
vn -0.3874 -0.9101 -0.1469
vn -0.3410 -0.5421 0.7680
vn -0.1074 -0.0581 0.9925
vn -0.1701 0.5148 0.8403
vn 0.7771 0.3037 -0.5513
vn -0.2953 0.2018 -0.9338
vn 0.3312 0.8579 -0.3929
vn -0.0612 -0.4745 -0.8781
vn 0.2323 -0.9229 0.3072
vn -0.3328 -0.9395 0.0812
vn -0.5149 -0.8015 -0.3041
vn -0.4771 -0.4393 0.7612
vn -0.1101 -0.9770 -0.1827
vn 0.2636 -0.8228 0.5035
vn -0.9445 0.3284 -0.0116
vn -0.4874 -0.8564 0.1706
vn 0.0413 -0.7397 0.6717
vn 0.5034 -0.3036 0.8090
vn -0.3496 0.7585 -0.5500
vn -0.0634 -0.9520 0.2995
vn -0.6052 -0.7337 -0.3087
vn -0.3719 -0.7642 0.5270
vn 0.4202 -0.2783 0.8637
vn 0.2275 -0.8852 -0.4058
vn -0.1781 0.7388 0.6499
vn -0.6828 -0.4068 0.6069
vn -0.1277 0.9454 0.2997
vn 0.3202 0.9253 0.2031
vn 0.2335 0.5356 0.8115
vn -0.5981 -0.5191 0.6106
vn -0.8964 -0.3926 0.2058
vn -0.9780 0.1395 0.1552
vn -0.4939 -0.4863 0.7208
vn -0.0793 0.0005 0.9968
vn -0.3970 0.1009 0.9123
vn -0.6145 -0.5123 0.5999
vn -0.2850 0.9041 0.3183
vn -0.2114 -0.6585 0.7223
vn -0.0966 -0.6290 0.7714
vn -0.0281 0.6131 0.7895
vn -0.5465 0.0490 0.8361
vn -0.1468 0.8587 0.4911
vn 0.2043 0.7109 0.6730
vn 0.2734 0.2072 0.9393
vn 0.5564 -0.6325 -0.5389
vn 0.1749 -0.5873 -0.7903
vn 0.2532 -0.4836 -0.8379
vn 0.8246 0.0492 -0.5636
vn 0.8005 0.5903 0.1038
vn -0.7486 -0.4372 0.4985
vn -0.6779 -0.5561 -0.4809
vn -0.9634 -0.1918 0.1874
vn -0.6887 -0.2735 0.6715
vn -0.1725 -0.8588 0.4823
vn 0.7298 -0.3734 -0.5727
vn 0.0536 -0.4665 -0.8829
vn 0.2387 -0.2193 -0.9460
vn 0.7922 -0.6080 -0.0525
vn 0.8973 -0.3929 0.2009
vn -0.0628 -0.9969 -0.0465
vn -0.0871 -0.8038 -0.5885
vn -0.6310 -0.7569 -0.1701
vn 0.0781 -0.9668 -0.2434
vn 0.0634 -0.9524 0.2981
vn -0.3361 -0.3852 0.8594
vn -0.7690 -0.6148 0.1749
vn -0.7078 -0.5248 0.4728
vn -0.3835 -0.3706 0.8459
vn -0.0465 -0.6669 0.7437
vn -0.4461 -0.8084 0.3839
vn -0.1762 -0.8670 -0.4662
vn -0.4442 -0.8933 -0.0682
vn -0.3189 -0.8791 0.3544
vn -0.1105 -0.9109 0.3976
vn 0.2587 -0.9601 -0.1064
vn -0.2769 -0.8046 -0.5253
vn 0.2247 -0.4901 -0.8422
vn 0.8155 -0.3649 -0.4493
vn 0.9215 -0.1434 0.3609
vn -0.1948 -0.7535 -0.6279
vn -0.4496 -0.3004 -0.8412
vn -0.2398 -0.4388 -0.8660
vn -0.7810 -0.4578 -0.4249
vn -0.8576 -0.5106 0.0615
vn -0.9140 -0.3910 0.1079
vn -0.9785 -0.1831 0.0952
vn -0.6904 0.3620 0.6264
vn -0.7689 -0.6106 0.1897
vn -0.4898 -0.5839 0.6475
vn -0.6987 0.4339 0.5688
vn -0.7476 0.5230 0.4092
vn -0.4345 0.5589 0.7063
vn 0.8264 0.1209 0.5499
vn -0.9994 -0.0334 -0.0055
vn 0.9739 -0.1981 0.1110
vn 0.6170 0.2629 0.7418
vn 0.9938 -0.1055 0.0356
vn 0.9348 -0.3530 0.0395
vn 0.8936 -0.3919 0.2187
vn -0.8662 -0.2922 -0.4054
vn -0.6954 0.0512 -0.7168
vn -0.7063 0.0410 -0.7067
vn -0.6007 -0.4229 -0.6785
vn 0.0336 -0.8909 -0.4530
vn 0.4079 -0.3970 -0.8222
vn 0.7455 0.1839 -0.6406
vn 0.7377 0.2801 -0.6143
vn 0.7716 -0.2006 -0.6037
vn -0.8471 -0.4695 -0.2489
vn 0.3020 0.2323 -0.9246
vn 0.4928 0.4342 -0.7541
vn 0.9712 0.1839 0.1514
vn -0.2246 -0.1246 -0.9664
vn -0.6016 -0.7182 -0.3495
vn -0.2540 -0.4792 -0.8402
vn -0.6142 -0.3647 -0.6998
vn -0.9031 -0.3972 -0.1632
vn -0.8095 -0.3476 0.4731
vn 0.6813 -0.0927 -0.7261
vn -0.3499 -0.4590 -0.8166
vn -0.0671 -0.3609 -0.9302
vn 0.0548 -0.3978 -0.9158
vn 0.1334 -0.4546 -0.8806
vn 0.2723 -0.5318 -0.8019
vn -0.3472 0.8624 -0.3684
vn -0.8738 0.4554 -0.1708
vn -0.9248 0.0554 0.3765
vn -0.4975 -0.4161 0.7611
vn 0.5416 0.3951 -0.7420
vn -0.1180 0.0159 -0.9929
vn 0.1982 0.1378 -0.9704
vn 0.2891 0.1520 -0.9452
vn -0.0816 -0.0594 -0.9949
vn -0.9959 -0.0845 -0.0334
vn 0.5480 -0.2873 -0.7856
vn 0.4990 -0.0217 -0.8664
vn 0.3357 -0.0148 -0.9418
vn 0.3185 -0.3463 -0.8824
vn -0.3431 -0.6668 -0.6615
vn -0.7929 -0.0019 -0.6094
vn -0.6084 0.2532 -0.7521
vn -0.9854 0.1473 -0.0857
vn -0.9857 -0.1024 0.1341
vn 0.0323 -0.2694 -0.9625
vn 0.2016 0.0989 0.9745
vn -0.7725 0.2081 0.5999
vn 0.5275 0.3199 0.7870
vn 0.6432 -0.0885 0.7606
vn 0.2866 -0.4143 0.8638
vn -0.8341 0.5371 -0.1260
vn -0.7391 0.3130 -0.5965
vn -0.7541 0.2732 -0.5972
vn -0.9344 0.0459 -0.3533
vn 0.8178 -0.1553 0.5542
vn -0.3144 0.9423 0.1152
vn 0.9684 -0.2177 -0.1218
vn 0.7273 0.1672 -0.6657
vn 0.5410 -0.5672 0.6210
vn -0.8118 0.5773 0.0874
vn 0.9246 0.1442 0.3526
vn 0.9609 0.2632 -0.0859
vn 0.5145 0.3575 -0.7794
vn 0.8197 -0.0699 0.5685
vn 0.8834 -0.1065 0.4563
vn -0.4750 -0.7175 -0.5095
vn -0.8564 -0.4737 -0.2053
vn -0.0455 0.1985 -0.9790
vn 0.6442 0.0296 -0.7643
vn 0.9327 -0.2865 -0.2191
vn 0.6704 -0.0890 -0.7367
vn 0.8452 0.2229 -0.4858
vn 0.6139 0.2359 -0.7533
vn 0.8277 -0.2573 -0.4987
vn 0.7700 -0.6070 0.1966
vn 0.3474 -0.3248 0.8797
vn -0.5640 -0.4878 0.6662
vn 0.8205 0.3215 0.4727
vn 0.9550 0.0577 0.2911
vn 0.4184 -0.6831 0.5987
vn 0.8712 -0.3120 0.3791
vn -0.7937 -0.4296 0.4308
vn 0.8312 0.4639 -0.3064
vn -0.6902 -0.6058 0.3958
vn -0.5786 -0.6924 0.4309
vn 0.0379 -0.2297 0.9725
vn -0.9239 -0.3553 0.1417
vn 0.8924 0.4419 0.0907
vn -0.7434 -0.5421 0.3919
vn -0.4148 -0.5806 0.7006
vn -0.2223 0.0171 -0.9748
vn 0.3433 0.3969 -0.8512
vn -0.0076 0.2151 -0.9766
vn -0.1341 -0.1139 -0.9844
vn 0.3486 -0.2906 -0.8911
vn 0.5259 0.6875 -0.5007
vn -0.5161 -0.7634 0.3884
vn 0.0958 0.6822 -0.7248
vn 0.6708 0.4877 -0.5587
vn 0.9294 0.1725 -0.3261
vn 0.6373 -0.0312 0.7700
vn -0.2527 -0.6351 0.7299
vn 0.4294 0.7960 -0.4265
vn 0.6989 0.6511 -0.2958
vn 0.9251 0.2768 0.2599
vn 0.2886 -0.1463 0.9462
vn 0.9301 0.0374 0.3655
vn 0.9428 0.3034 0.1383
vn 0.5040 -0.4304 0.7488
vn -0.7467 -0.2562 0.6138
vn 0.8400 0.5218 -0.1488
vn 0.9390 -0.0038 0.3438
vn 0.7770 0.5265 -0.3450
vn 0.6056 -0.4923 0.6252
vn -0.5372 0.4621 -0.7056
vn 0.6916 0.3773 -0.6159
vn 0.7539 0.5984 -0.2712
vn 0.6671 0.5217 -0.5318
vn 0.9052 0.1988 -0.3756
vn 0.9376 -0.2318 0.2593
vn 0.7182 0.0667 0.6926
vn -0.4447 0.0981 0.8903
vn 0.8268 0.5514 0.1107
vn 0.9733 -0.1771 0.1459
vn 0.2452 -0.7961 0.5532
vn 0.2942 0.2991 0.9077
vn -0.5425 -0.6829 0.4893
vn -0.1671 0.0463 0.9849
vn 0.4155 0.5752 0.7046
vn 0.5123 0.3099 0.8009
vn -0.2628 -0.8281 0.4951
vn -0.3112 -0.8938 0.3228
vn -0.2862 0.4606 0.8402
vn 0.0556 -0.9779 0.2015
vn 0.2300 -0.8787 0.4182
vn -0.0247 -0.9078 0.4188
vn -0.4274 -0.7550 0.4974
vn -0.6479 -0.2380 0.7236
vn 0.1786 -0.8734 0.4531
vn 0.6759 -0.0263 0.7366
vn 0.1807 0.1139 0.9769
vn -0.2369 -0.7549 0.6116
vn 0.1349 0.4347 0.8904
vn 0.3709 0.6188 0.6925
vn 0.4531 0.3531 0.8185
vn -0.5705 -0.6143 0.5452
vn -0.6566 -0.7534 -0.0359
vn -0.5664 0.0487 0.8227
vn -0.2366 -0.0907 0.9674
vn -0.0146 -0.9981 0.0590
vn -0.0972 -0.8835 0.4582
vn -0.8134 -0.5751 0.0879
vn -0.4123 -0.7096 0.5714
vn 0.0991 -0.9304 0.3528
vn 0.0990 -0.8886 -0.4478
vn -0.4272 -0.2597 -0.8660
vn -0.3868 0.3380 -0.8580
vn -0.5870 -0.1351 -0.7982
vn -0.1456 -0.1901 -0.9709
vn 0.1355 -0.9731 -0.1862
vn -0.4018 -0.8118 -0.4236
vn -0.4383 -0.4826 -0.7583
vn 0.4073 0.9118 -0.0526
vn -0.2418 -0.8324 -0.4987
vn 0.0823 -0.9850 -0.1518
vn -0.8875 0.3840 0.2549
vn -0.5831 -0.8027 -0.1248
vn -0.0543 -0.8119 0.5813
vn 0.4086 -0.2882 0.8660
vn -0.2877 0.9330 -0.2162
vn -0.6081 -0.7601 -0.2291
vn -0.6905 -0.7221 -0.0437
vn -0.5391 -0.8414 0.0378
vn -0.2551 -0.9592 0.1217
vn -0.2089 0.4624 -0.8617
vn 0.3239 0.6167 -0.7175
vn 0.8889 0.3120 -0.3353
vn -0.0540 0.9571 -0.2845
vn -0.2589 0.7606 -0.5954
vn 0.3731 0.1203 -0.9200
vn 0.8727 -0.3779 -0.3092
vn 0.8031 -0.5941 -0.0446
vn 0.8811 0.4687 -0.0629
vn 0.4624 -0.7508 -0.4717
vn 0.2625 0.2328 -0.9364
vn 0.6979 -0.0606 -0.7136
vn 0.7909 -0.2984 -0.5343
vn 0.4855 0.7309 -0.4796
vn 0.5466 -0.4575 -0.7014
vn 0.2178 0.1910 -0.9571
vn 0.0441 0.7959 -0.6038
vn 0.7487 0.5742 -0.3314
vn 0.3152 0.8689 -0.3817
vn 0.0229 0.6798 -0.7330
vn 0.1960 0.0757 -0.9777
vn -0.7935 -0.1945 0.5766
vn -0.5902 0.4339 0.6808
vn -0.4025 -0.4760 0.7819
vn -0.6674 -0.5023 0.5498
vn -0.9729 0.0524 0.2251
vn 0.9101 -0.1860 -0.3702
vn 0.7959 -0.3444 0.4979
vn 0.8655 0.3645 -0.3436
vn 0.6932 -0.2430 -0.6786
vn 0.1533 -0.9637 -0.2186
vn -0.2638 -0.9590 0.1034
vn -0.3154 -0.8138 0.4881
vn 0.1717 -0.8244 0.5393
vn -0.7639 -0.6163 0.1915
vn 0.4268 -0.8077 -0.4067
vn 0.4971 -0.8676 -0.0133
vn 0.4112 -0.8468 0.3374
vn 0.7871 -0.5937 0.1673
vn -0.1442 -0.9409 0.3064
vn 0.5630 -0.3547 -0.7465
vn 0.7643 -0.6429 -0.0495
vn 0.1640 -0.7847 0.5977
vn 0.8705 -0.4714 -0.1412
vn 0.5636 -0.7406 -0.3658
vn -0.0253 -0.9889 -0.1466
vn 0.2707 -0.9268 0.2602
vn -0.5095 -0.3039 0.8050
vn 0.8617 -0.4353 -0.2606
vn 0.5323 -0.7145 -0.4541
vn -0.3521 -0.9333 0.0697
vn -0.3108 0.9312 -0.1906
vn -0.6656 0.7024 0.2522
vn -0.7186 0.6273 0.3002
vn -0.6019 0.7461 -0.2848
vn 0.1028 0.3747 -0.9214
vn 0.7109 -0.2595 -0.6537
vn 0.4798 0.3572 -0.8014
vn 0.6515 -0.6898 -0.3158
vn 0.1925 0.4526 -0.8707
vn 0.0191 0.3955 -0.9183
vn -0.5143 0.2768 -0.8117
vn 0.2354 0.0977 -0.9670
vn -0.7760 0.5280 0.3452
vn 0.0883 -0.0056 -0.9961
vn -0.0322 -0.0203 -0.9993
vn -0.6153 0.6558 -0.4374
vn -0.2504 0.7823 -0.5703
vn -0.6734 0.7349 0.0805
vn -0.8203 0.5692 0.0561
vn -0.1695 0.2654 -0.9491
vn 0.0591 -0.3854 0.9208
vn -0.4794 0.4322 0.7638
vn 0.4057 -0.3722 0.8348
vn 0.1645 -0.6384 0.7519
vn -0.3512 -0.6069 0.7130
vn 0.3439 0.3734 -0.8616
vn 0.7433 -0.2557 0.6181
vn 0.0911 0.4747 -0.8754
vn -0.2432 0.2497 -0.9373
vn -0.1001 0.0481 -0.9938
vn 0.9072 -0.4043 0.1168
vn 0.8912 -0.4264 0.1544
vn 0.8710 -0.4209 0.2533
vn 0.9019 -0.4288 -0.0514
vn 0.5408 0.1544 -0.8269
vn 0.7856 -0.6144 0.0725
vn 0.9568 -0.2893 0.0298
vn 0.9403 -0.3091 0.1425
vn 0.8468 -0.4744 -0.2406
vn -0.0423 -0.2295 -0.9724
vn 0.8202 -0.1448 -0.5534
vn 0.9796 -0.0511 -0.1943
vn 0.4201 0.2052 -0.8840
vn 0.4195 -0.1354 -0.8976
vn 0.7067 -0.6878 0.1658
vn 0.8076 -0.4860 -0.3340
vn 0.7390 -0.6688 0.0811
vn 0.7453 -0.6216 -0.2413
vn 0.7106 -0.6389 -0.2949
vn 0.6165 -0.7849 -0.0626
vn -0.5172 0.1776 -0.8372
vn -0.3105 0.6875 -0.6565
vn -0.9037 -0.2904 -0.3147
vn -0.6625 -0.6241 -0.4143
vn 0.2625 0.3784 -0.8876
vn -0.1028 -0.6462 0.7562
vn -0.8908 -0.4381 0.1205
vn 0.2406 -0.1302 0.9619
vn -0.6099 -0.7925 -0.0051
vn 0.6069 -0.5395 0.5836
vn 0.0978 0.5990 -0.7948
vn -0.1078 0.6348 -0.7651
vn -0.5000 0.3565 -0.7892
vn 0.0505 0.5701 -0.8200
vn 0.0150 0.4812 -0.8765
vn 0.7293 0.3184 0.6056
vn -0.2474 -0.5832 0.7737
vn 0.8076 0.4307 0.4027
vn 0.9099 0.2106 0.3573
vn 0.8527 -0.1694 0.4941
vn -0.4735 0.0110 -0.8807
vn -0.6465 -0.6373 -0.4194
vn -0.4363 0.1249 -0.8911
vn 0.3591 0.5414 -0.7602
vn 0.8503 0.3248 -0.4142
vn -0.5492 -0.3840 0.7423
vn -0.9968 -0.0734 0.0306
vn -0.2478 -0.0889 0.9647
vn -0.2606 -0.6527 0.7114
vn -0.4344 -0.8978 0.0720
vn -0.8640 0.4092 -0.2935
vn -0.8122 0.2854 -0.5088
vn 0.4036 0.6583 -0.6354
vn -0.9693 -0.2433 -0.0362
vn -0.7468 -0.6451 0.1616
vn -0.9472 -0.2471 -0.2041
vn -0.9944 0.0362 0.0988
vn -0.7965 0.1227 0.5921
vn -0.8013 -0.5886 -0.1075
vn -0.4215 -0.8773 0.2296
vn -0.5933 -0.7629 0.2569
vn -0.8228 -0.3638 -0.4367
vn -0.3844 -0.7156 0.5831
vn -0.1026 -0.7921 0.6017
vn -0.4263 -0.8983 -0.1064
vn -0.9807 -0.1885 0.0526
vn -0.8598 0.4444 -0.2516
vn -0.9997 0.0147 0.0206
vn -0.7446 -0.5824 0.3261
vn -0.3256 -0.0714 -0.9428
vn -0.9420 -0.0255 -0.3347
vn -0.6375 0.6504 -0.4130
vn -0.9156 0.0845 -0.3930
vn -0.7955 -0.4831 -0.3657
vn -0.2730 0.3423 -0.8990
vn -0.2097 -0.7266 0.6543
vn -0.6136 -0.5605 0.5562
vn 0.3055 -0.1994 0.9311
vn -0.3587 -0.8594 0.3644
vn 0.3383 -0.8543 0.3946
vn 0.0756 -0.7586 0.6471
vn 0.0644 -0.6880 0.7228
vn 0.5846 -0.1540 0.7966
vn 0.0303 -0.9280 0.3713
vn 0.8667 -0.4988 -0.0042
vn 0.7910 -0.0277 0.6112
vn 0.0648 -0.7574 0.6497
vn 0.8625 0.4760 0.1718
vn 0.8912 0.4534 0.0101
vn 0.9328 -0.2258 0.2809
vn -0.7030 -0.0760 -0.7071
vn -0.5373 -0.0785 -0.8397
vn -0.3578 0.2243 -0.9065
vn -0.2621 0.1654 -0.9508
vn -0.3144 0.1348 -0.9397
vn -0.2329 -0.8304 0.5062
vn -0.4869 -0.5997 0.6351
vn 0.3586 -0.5599 0.7470
vn 0.7437 -0.5118 0.4300
vn -0.7877 -0.5961 -0.1556
vn -0.6184 0.0039 -0.7858
vn -0.7245 -0.6449 -0.2432
vn -0.7124 -0.4483 -0.5400
vn -0.8520 -0.3378 -0.4001
vn -0.4285 0.7218 -0.5436
vn -0.8415 -0.4694 -0.2675
vn -0.8939 -0.3437 -0.2878
vn -0.5861 -0.5276 0.6150
vn -0.6058 -0.6211 -0.4972
vn -0.3069 -0.9430 -0.1285
vn -0.8316 -0.4413 0.3371
vn -0.9538 -0.1944 -0.2292
vn 0.2326 -0.5139 0.8257
vn 0.4493 -0.5264 0.7218
vn -0.5356 0.3732 -0.7575
vn -0.5683 -0.8195 0.0743
vn -0.8029 -0.5958 0.0201
vn -0.5961 -0.7351 0.3230
vn -0.4250 -0.8539 0.3003
vn -0.3166 -0.3866 -0.8662
vn 0.2077 0.8311 -0.5159
vn 0.4008 0.8000 -0.4465
vn -0.1053 0.9711 -0.2143
vn -0.2800 0.8293 -0.4836
vn 0.4662 -0.2899 -0.8359
vn 0.4149 -0.7022 -0.5786
vn 0.8863 -0.3586 -0.2930
vn 0.9268 -0.1684 -0.3357
vn 0.1383 -0.3233 -0.9361
vn -0.3651 -0.0264 -0.9306
vn 0.3195 0.3518 -0.8799
vn 0.4685 0.4468 -0.7621
vn 0.0554 0.9336 -0.3540
vn 0.1117 0.1457 -0.9830
vn -0.6211 0.3123 -0.7188
vn -0.4213 0.7644 -0.4880
vn 0.1372 0.4109 -0.9013
vn -0.2012 0.9641 -0.1732
vn -0.4322 0.8673 -0.2468
vn -0.4845 0.7629 -0.4281
vn 0.1559 0.5971 -0.7868
vn 0.8585 -0.1766 -0.4814
vn 0.2992 0.7301 -0.6144
vn -0.2912 0.7471 -0.5976
vn -0.0854 -0.0228 -0.9961
vn 0.7715 -0.0509 -0.6342
vn 0.9707 -0.1225 0.2069
vn 0.8743 0.3345 -0.3516
vn 0.5953 0.0546 -0.8016
vn 0.3727 -0.8112 -0.4507
vn 0.8820 -0.4565 -0.1167
vn 0.2353 -0.8974 0.3733
vn 0.9443 -0.0779 -0.3196
vn -0.3633 -0.8438 0.3950
vn 0.5740 0.3310 -0.7490
vn 0.5490 -0.8332 0.0660
vn 0.7445 -0.6607 0.0963
vn 0.9174 -0.3817 -0.1127
vn 0.3169 -0.9463 -0.0643
vn -0.1520 0.1433 -0.9779
vn 0.1021 -0.0067 -0.9947
vn 0.5633 0.4100 -0.7173
vn 0.2356 0.6040 -0.7614
vn 0.0006 0.2876 -0.9578
vn 0.0412 -0.9922 -0.1176
vn 0.4756 -0.8565 -0.2008
vn 0.1510 -0.7128 0.6849
vn 0.7038 -0.5368 -0.4652
vn 0.4132 -0.6196 -0.6673
vn -0.0319 -0.9911 -0.1292
vn -0.4071 -0.9134 -0.0011
vn -0.7105 -0.6784 0.1870
vn -0.6213 -0.7562 0.2056
vn -0.6135 -0.7775 -0.1379
vn -0.7154 -0.2981 -0.6319
vn 0.6119 -0.6095 0.5042
vn -0.1252 -0.9337 0.3353
vn 0.8361 -0.2674 0.4789
vn -0.0305 -0.9968 0.0734
vn 0.9634 0.2680 0.0069
vn 0.6030 -0.6832 0.4118
vn 0.5185 -0.7117 0.4739
vn 0.9453 0.2906 0.1480
vn 0.3602 -0.9139 0.1874
vn 0.4998 -0.8657 -0.0262
vn 0.9557 -0.2408 0.1691
vn 0.1537 -0.7182 0.6787
vn 0.9517 0.2465 0.1828
vn 0.9287 -0.1335 -0.3459
vn 0.6442 -0.7263 -0.2400
vn -0.7571 -0.5179 -0.3983
vn -0.8551 -0.5101 0.0925
vn -0.8880 -0.4402 0.1330
vn -0.8457 0.0375 -0.5323
vn -0.2104 0.6049 -0.7680
vn 0.3823 -0.7956 0.4701
vn -0.0322 -0.7816 0.6230
vn 0.4958 -0.6151 0.6131
vn 0.7006 -0.6020 0.3830
vn -0.6146 -0.7073 -0.3492
vn -0.9259 -0.3628 -0.1056
vn -0.9993 -0.0127 -0.0348
vn -0.8778 -0.3822 0.2887
vn -0.8109 -0.5587 -0.1743
vn 0.0036 -0.9999 0.0098
vn -0.6886 -0.7247 0.0256
vn -0.8780 -0.3915 0.2755
vn -0.3720 -0.6995 0.6101
vn -0.8329 -0.5532 -0.0160
vn -0.0987 -0.9923 -0.0747
vn -0.0707 -0.9939 0.0847
vn -0.6105 -0.7683 0.1922
vn 0.7471 -0.1206 0.6537
vn 0.6712 -0.6757 0.3048
vn -0.2920 -0.8989 -0.3267
vn -0.1993 -0.9066 0.3720
vn -0.4986 -0.6040 0.6217
vn 0.0484 -0.6935 0.7188
vn 0.1779 -0.9204 0.3482
vn -0.7813 -0.4197 -0.4620
vn 0.4584 0.3903 0.7985
vn -0.3325 -0.0496 0.9418
vn 0.4647 0.6463 0.6052
vn 0.6710 0.6005 0.4350
vn 0.7288 0.5947 0.3394
vn -0.6353 -0.0497 0.7706
vn -0.7841 0.0987 0.6128
vn -0.3875 0.6201 0.6821
vn -0.4861 -0.1249 0.8650
vn 0.1017 0.0174 0.9947
vn 0.3012 0.0588 0.9517
vn -0.8774 -0.2143 0.4292
vn 0.8001 0.5345 0.2722
vn -0.6032 -0.4266 0.6739
vn -0.2068 -0.3714 0.9052
vn 0.5348 0.6251 0.5686
vn 0.6336 0.6783 0.3720
vn 0.5402 0.7270 0.4238
vn 0.4573 0.2127 0.8635
vn 0.0852 -0.3617 0.9284
vn -0.4711 -0.2141 -0.8557
vn -0.4442 0.3120 -0.8399
vn -0.4083 0.2803 -0.8688
vn 0.5070 -0.2492 -0.8251
vn 0.8764 -0.4573 -0.1508
vn 0.4583 0.8852 0.0802
vn -0.8822 -0.2532 0.3971
vn 0.0239 -0.0091 0.9997
vn 0.9379 0.3460 0.0233
vn 0.5941 0.6670 -0.4495
vn 0.7774 -0.5389 0.3243
vn -0.5155 0.0694 -0.8541
vn 0.9223 0.1297 0.3641
vn -0.7247 -0.6385 -0.2592
vn -0.3943 -0.9038 0.1665
vn -0.6372 -0.6867 -0.3498
vn -0.8624 -0.1673 -0.4777
vn -0.9364 -0.2641 -0.2310
vn -0.7224 -0.6910 0.0246
vn -0.3862 -0.8326 0.3971
vn 0.0962 0.9897 0.1060
vn -0.6456 0.2179 -0.7319
vn -0.8321 -0.1288 0.5395
vn -0.1664 -0.2432 0.9556
vn 0.5941 0.7864 -0.1695
vn -0.7318 -0.6513 -0.2006
vn -0.5629 -0.4249 -0.7090
vn -0.8046 -0.1082 0.5839
vn -0.3694 -0.1208 0.9214
vn -0.1581 -0.8339 -0.5288
vn 0.2280 -0.9731 0.0325
vn 0.1882 -0.6720 -0.7162
vn 0.0139 -0.9227 -0.3853
vn 0.4029 -0.9099 0.0987
vn 0.9501 -0.1686 0.2623
vn 0.7693 0.5622 -0.3036
vn 0.4286 0.6313 -0.6464
vn 0.3264 0.2200 -0.9193
vn 0.7739 0.5668 -0.2825
vn 0.9548 -0.2931 -0.0492
vn 0.3068 0.3558 -0.8828
vn -0.3595 0.2438 -0.9007
vn -0.5982 0.1265 -0.7913
vn 0.4042 -0.1467 -0.9028
vn 0.6017 -0.6547 -0.4575
vn -0.4926 0.4319 0.7555
vn -0.8399 -0.3491 0.4155
vn -0.3510 0.8490 0.3949
vn -0.0798 0.7978 0.5976
vn -0.1832 0.3724 0.9098
vn -0.9138 0.2281 0.3360
vn -0.8734 -0.4830 -0.0625
vn -0.9693 0.0561 0.2396
vn -0.7808 0.1810 0.5981
vn -0.5752 -0.4143 0.7053
vn -0.6442 -0.5032 0.5760
vn -0.5049 -0.8572 -0.1016
vn -0.8262 -0.3619 0.4317
vn -0.6358 -0.2370 0.7346
vn -0.2610 -0.7141 0.6496
vn 0.4340 -0.8963 -0.0912
vn 0.5590 -0.6112 -0.5603
vn -0.2208 -0.8078 -0.5465
vn 0.7168 -0.6739 -0.1792
vn -0.0599 -0.9263 0.3720
vn -0.2033 -0.9785 0.0345
vn -0.3062 -0.6918 -0.6540
vn -0.7606 -0.6213 0.1885
vn -0.0208 -0.9979 0.0619
vn 0.0600 -0.7050 0.7066
vn -0.2978 0.0283 0.9542
vn -0.4549 -0.8895 -0.0427
vn -0.4553 -0.5737 0.6808
vn -0.2120 -0.0533 0.9758
vn -0.3296 0.3570 0.8740
vn 0.2953 -0.8355 -0.4634
vn -0.1255 -0.7144 -0.6884
vn -0.4773 -0.8396 -0.2593
vn -0.4675 -0.8161 0.3399
vn 0.9273 -0.0602 -0.3693
vn -0.3799 0.4750 -0.7938
vn -0.3649 0.4657 -0.8062
vn -0.0949 0.5317 -0.8416
vn 0.1330 0.3557 -0.9251
vn 0.4994 0.0455 -0.8652
vn 0.6856 0.6084 -0.3998
vn 0.9701 -0.2301 -0.0771
vn 0.7004 0.3825 -0.6026
vn 0.5766 -0.6634 0.4768
vn -0.6752 0.6673 -0.3144
vn 0.6383 -0.1286 -0.7590
vn 0.6991 0.2059 -0.6848
vn 0.3153 0.4677 -0.8257
vn 0.6162 -0.3236 -0.7180
vn -0.5626 -0.4711 -0.6794
vn -0.3866 -0.3592 -0.8494
vn -0.5772 -0.0472 -0.8152
vn -0.1237 -0.0649 -0.9902
vn 0.3314 -0.3499 -0.8762
vn 0.6808 -0.6120 -0.4025
vn -0.1440 -0.2344 0.9614
vn -0.8396 0.2111 0.5005
vn -0.1478 -0.1729 0.9738
vn 0.1209 -0.4669 0.8760
vn 0.0109 -0.5081 0.8613
vn 0.9592 -0.2352 0.1569
vn 0.1457 0.1948 0.9700
vn 0.9298 -0.1005 -0.3541
vn 0.8277 -0.5077 -0.2393
vn 0.7200 -0.6906 0.0682
vn 0.1837 -0.3816 0.9059
vn 0.2425 0.0746 0.9673
vn 0.9592 0.0459 0.2791
vn -0.4203 -0.1356 0.8972
vn 0.2881 -0.8259 0.4846
vn 0.3819 0.0298 0.9237
vn 0.7309 -0.6185 -0.2885
vn 0.7908 -0.5412 -0.2859
vn 0.7155 -0.6986 0.0083
vn -0.6372 0.5014 0.5853
vn 0.1654 -0.8740 -0.4570
vn 0.3770 -0.3907 -0.8398
vn 0.6639 -0.3680 -0.6511
vn 0.6754 -0.6882 -0.2649
vn 0.2631 -0.6085 0.7487
vn 0.8386 -0.4702 0.2751
vn 0.3991 0.0459 0.9157
vn 0.9878 -0.0584 -0.1440
vn 0.7582 -0.6096 -0.2314
vn 0.2705 -0.8208 0.5031
vn 0.9157 0.2926 -0.2756
vn 0.6563 0.6493 -0.3844
vn 0.5200 0.5617 -0.6435
vn 0.7968 0.6012 -0.0598
vn 0.7904 0.4812 0.3792
vn 0.4226 0.0040 0.9063
vn 0.4340 0.2364 0.8693
vn 0.5703 0.7939 -0.2108
vn 0.2196 -0.4258 0.8778
vn 0.2385 -0.4873 0.8400
vn 0.6121 0.1153 0.7823
vn 0.7240 0.0576 0.6874
vn 0.7825 0.1168 0.6116
vn 0.7675 -0.0301 0.6403
vn 0.9259 0.0219 0.3771
vn 0.9537 0.2855 0.0945
vn 0.1856 0.4226 0.8871
vn 0.7830 0.5080 -0.3590
vn 0.9593 -0.0844 -0.2695
vn 0.9039 -0.4111 0.1180
vn 0.8183 0.2378 0.5233
vn 0.6546 0.2576 0.7107
vn 0.8007 0.5974 0.0441
vn 0.8075 0.2156 0.5490
vn 0.3579 -0.2172 0.9082
vn 0.5601 0.1812 0.8084
vn -0.3657 0.2680 0.8913
vn 0.3024 0.1528 0.9408
vn 0.4714 -0.0755 0.8787
vn 0.4318 -0.1425 0.8906
vn -0.5135 -0.2283 0.8272
vn -0.9233 -0.2767 0.2664
vn 0.3844 0.6354 0.6697
vn -0.6253 -0.6415 0.4444
vn -0.2130 -0.6447 0.7342
vn 0.4713 -0.3998 0.7862
vn -0.9564 -0.0523 0.2875
vn 0.9443 0.1882 -0.2698
vn -0.6474 -0.4164 0.6383
vn -0.4581 -0.5598 0.6905
vn 0.4377 -0.2618 0.8602
vn -0.5932 0.3759 0.7118
vn 0.5082 -0.0341 0.8605
vn 0.6861 -0.4970 0.5313
vn -0.0404 -0.7326 0.6795
vn 0.4827 0.2682 0.8337
vn -0.9041 0.0342 0.4260
vn -0.5163 -0.1338 0.8459
vn 0.2814 -0.3071 0.9091
vn 0.6532 0.1956 0.7315
vn -0.9308 -0.2743 -0.2417
vn -0.9774 -0.1809 -0.1091
vn -0.8422 -0.3023 0.4465
vn -0.6086 -0.4217 0.6721
vn -0.2418 -0.2050 -0.9484
vn 0.1789 0.2491 -0.9518
vn -0.1950 0.3825 -0.9031
vn -0.1405 0.4184 -0.8973
vn -0.4913 -0.1227 -0.8623
vn -0.5881 -0.4964 -0.6385
vn -0.7051 -0.4338 -0.5610
vn -0.6646 -0.1454 -0.7329
vn -0.9864 -0.1576 0.0469
vn -0.5476 -0.5559 -0.6254
vn -0.5824 -0.8119 0.0414
vn 0.7479 -0.2718 0.6055
vn -0.1549 -0.6070 0.7794
vn 0.2169 0.7190 -0.6603
vn 0.9811 0.1145 -0.1557
vn 0.9152 -0.2973 0.2720
vn 0.4810 0.0267 0.8763
vn -0.4190 -0.3511 0.8373
vn 0.6611 0.7502 0.0094
vn 0.9586 0.1485 0.2430
vn 0.4147 -0.5918 0.6912
vn 0.5192 0.5708 0.6360
vn -0.5757 -0.0932 0.8123
vn 0.0669 0.1399 0.9879
vn 0.5537 0.2702 0.7877
vn 0.6297 0.7336 0.2555
vn -0.8735 -0.0082 0.4867
vn -0.9369 -0.1952 0.2902
vn -0.0862 0.5396 0.8375
vn -0.8731 -0.4636 -0.1513
vn -0.8469 -0.2286 -0.4802
vn -0.6120 -0.5770 0.5409
vn -0.3735 -0.4609 0.8050
vn -0.1962 -0.3126 0.9294
vn -0.3682 -0.6628 0.6520
vn -0.2960 -0.6880 0.6626
vn -0.7234 0.6784 0.1280
vn -0.8333 0.3653 0.4150
vn -0.3370 -0.1999 0.9200
vn 0.4915 -0.6869 0.5354
vn -0.5993 0.5995 -0.5304
vn -0.3160 -0.6956 0.6452
vn -0.6596 -0.4511 0.6013
vn -0.4014 -0.3021 0.8646
vn -0.2208 -0.4218 0.8794
vn -0.3746 -0.8912 -0.2560
vn 0.8733 -0.4862 -0.0302
vn 0.9738 0.1537 -0.1679
vn 0.8614 -0.4302 -0.2701
vn 0.8446 -0.5149 -0.1467
vn 0.9258 -0.3768 0.0305
vn -0.1638 -0.9864 -0.0131
vn -0.4215 -0.7946 -0.4369
vn -0.3741 -0.7795 -0.5024
vn -0.5299 -0.8478 -0.0214
vn -0.7197 -0.5652 0.4033
vn -0.9653 -0.0883 0.2457
vn -0.9801 0.0099 0.1980
vn -0.7544 0.6148 0.2301
vn -0.9149 -0.2941 0.2766
vn -0.8334 0.0508 0.5503
vn -0.9131 0.3349 0.2325
vn -0.8633 0.2667 -0.4285
vn -0.8385 0.5332 -0.1118
vn -0.9328 0.2536 0.2563
vn -0.8043 -0.5735 0.1553
vn 0.7864 -0.4324 0.4412
vn 0.5961 0.7615 0.2544
vn 0.8954 -0.3923 0.2109
vn 0.5890 -0.6621 0.4633
vn 0.4506 -0.5270 0.7206
vn -0.7842 -0.6051 -0.1373
vn -0.7879 -0.1760 -0.5901
vn -0.6117 -0.3607 -0.7041
vn -0.2650 -0.8451 -0.4643
vn 0.1219 -0.9896 0.0771
vn 0.7860 -0.6031 -0.1360
vn 0.7388 -0.5529 -0.3854
vn 0.3433 -0.6828 -0.6449
vn 0.6530 -0.7571 0.0195
vn 0.0429 -0.9926 0.1137
vn 0.7545 -0.6560 -0.0213
vn 0.8298 -0.3366 -0.4451
vn 0.3926 -0.4595 -0.7967
vn 0.9101 -0.4090 0.0674
vn 0.0976 -0.9879 0.1209
vn 0.0361 -0.8318 -0.5540
vn 0.3217 -0.5436 -0.7752
vn -0.9550 -0.2719 0.1185
vn -0.8172 -0.1467 0.5573
vn 0.5925 -0.6748 -0.4399
vn 0.6777 -0.7339 0.0463
vn 0.8981 0.1524 0.4126
vn -0.5006 -0.4344 -0.7488
vn -0.0536 -0.9111 -0.4087
vn 0.4159 -0.9093 0.0118
vn -0.1102 -0.8036 0.5849
vn -0.7261 -0.2434 0.6431
vn 0.1313 -0.6978 0.7042
vn 0.2037 -0.8778 0.4337
vn -0.5612 -0.8257 0.0576
vn -0.9431 -0.3314 0.0277
vn -0.9992 0.0242 -0.0326
vn -0.5338 0.0640 0.8432
vn -0.8473 -0.4945 -0.1936
vn -0.2743 -0.8923 0.3586
vn -0.8579 -0.2455 0.4513
vn -0.6774 0.5783 -0.4547
vn 0.3841 -0.6050 0.6975
vn -0.8375 0.2545 -0.4835
vn -0.6414 -0.7138 0.2812
vn 0.0355 0.7018 -0.7115
vn -0.4376 0.4523 -0.7771
vn 0.0084 0.6650 -0.7468
vn 0.2879 0.5017 -0.8157
vn 0.7568 0.1652 -0.6324
vn -0.9591 -0.2362 0.1559
vn -0.9111 0.4112 -0.0275
vn -0.8626 -0.1621 0.4792
vn -0.6043 -0.7034 0.3742
vn -0.7038 -0.0658 -0.7073
vn 0.8908 0.0717 0.4487
vn 0.2172 -0.2685 0.9385
vn 0.8310 0.4864 0.2700
vn 0.9880 0.1341 0.0771
vn 0.8797 -0.4161 0.2301
vn 0.9381 -0.1120 0.3279
vn 0.1101 -0.5975 0.7942
vn 0.9525 0.3044 -0.0133
vn -0.1739 -0.7870 0.5920
vn 0.7431 0.2905 -0.6028
vn 0.0095 -0.3567 0.9342
vn -0.1927 -0.4186 0.8875
vn 0.4056 0.0514 0.9126
vn -0.3066 -0.7225 0.6197
vn 0.8559 -0.1459 0.4961
vn 0.6842 -0.4114 0.6021
vn -0.0111 -0.4883 0.8726
vn 0.9756 0.1461 0.1640
vn 0.9727 -0.2067 0.1056
vn 0.4713 -0.7463 0.4700
vn 0.5232 -0.4241 0.7392
vn 0.5271 -0.2339 0.8170
vn 0.6936 -0.1376 0.7071
vn 0.5161 -0.4979 0.6969
vn -0.4528 -0.8068 0.3795
vn 0.5377 -0.1300 0.8330
vn 0.0235 -0.6485 0.7609
vn 0.4595 0.5782 0.6742
vn 0.8230 0.4731 0.3145
vn 0.5437 -0.7727 0.3276
vn 0.2758 -0.4801 0.8327
vn -0.0442 -0.9088 0.4148
vn 0.2166 -0.0596 0.9744
vn 0.3369 -0.9073 0.2515
vn 0.7036 0.4976 0.5073
vn 0.1654 -0.7892 0.5914
vn 0.0761 -0.7716 0.6316
vn 0.2980 -0.1769 0.9380
vn 0.4407 -0.8193 0.3668
vn 0.9463 -0.0951 0.3090
vn 0.8042 0.1099 0.5841
vn 0.2705 -0.7517 0.6014
vn 0.6972 0.1703 0.6963
vn 0.7568 0.4641 0.4602
vn 0.8119 0.3311 0.4808
vn 0.0280 0.2789 -0.9599
vn -0.0864 0.6275 -0.7738
vn -0.0579 0.4150 -0.9080
vn 0.1481 0.4079 -0.9009
vn 0.4289 0.7547 -0.4965
vn -0.0258 -0.9093 0.4152
vn -0.6889 -0.7054 -0.1668
vn -0.1367 -0.7956 0.5902
vn 0.2563 -0.8053 0.5345
vn 0.1759 -0.9582 -0.2256
vn 0.0138 0.1270 -0.9918
vn -0.3543 0.2598 -0.8983
vn -0.3364 0.3850 -0.8594
vn -0.0990 -0.3353 -0.9369
vn 0.2509 -0.9502 -0.1851
vn 0.0489 0.3541 -0.9339
vn -0.7444 0.4461 -0.4969
vn -0.1802 0.8072 -0.5622
vn -0.6333 -0.3747 -0.6771
vn 0.0112 -0.9673 -0.2534
vn 0.0482 -0.9152 0.4002
vn -0.8176 -0.5481 -0.1765
vn 0.1952 -0.6220 0.7583
vn 0.5359 -0.6687 0.5154
vn 0.2541 -0.9617 -0.1029
vn -0.6012 -0.7599 -0.2472
vn -0.6902 -0.6534 -0.3109
vn -0.4098 -0.9111 0.0447
vn 0.2136 -0.8823 0.4194
vn -0.2652 0.2463 -0.9322
vn -0.1020 -0.0338 0.9942
vn -0.9871 0.0787 0.1391
vn -0.5226 -0.0703 0.8497
vn 0.2238 -0.2620 0.9388
vn 0.2894 -0.1662 0.9427
vn 0.1459 -0.2490 -0.9574
vn -0.5501 0.2582 -0.7942
vn 0.3218 0.2604 -0.9103
vn -0.8849 -0.2969 -0.3589
vn -0.5309 -0.7630 0.3687
vn -0.7429 -0.4439 0.5010
vn -0.9219 -0.3757 -0.0944
vn 0.3064 0.1921 0.9323
vn -0.7217 -0.6559 -0.2210
vn -0.5330 -0.8395 0.1055
vn -0.3338 -0.4792 0.8118
vn -0.9566 -0.0991 0.2740
vn 0.0241 -0.1304 0.9912
vn 0.5257 -0.3574 0.7720
vn -0.4973 -0.8078 0.3163
vn 0.7789 0.4380 -0.4488
vn 0.4515 0.5406 0.7099
vn -0.0895 -0.0037 -0.9960
vn 0.4031 -0.1462 -0.9034
vn 0.9966 -0.0443 -0.0701
vn -0.6286 0.2253 -0.7444
vn -0.3292 0.4962 -0.8034
vn -0.6921 -0.3391 0.6373
vn -0.3884 -0.6442 0.6589
vn -0.0397 0.2317 -0.9720
vn 0.2817 0.3507 -0.8931
vn 0.2210 0.6149 -0.7570
vn -0.0609 0.4829 -0.8735
vn 0.1919 0.1558 -0.9690
vn -0.3809 -0.6691 -0.6382
vn -0.4626 -0.2021 -0.8632
vn -0.1952 0.4448 -0.8741
vn -0.6002 0.4731 -0.6450
vn 0.1004 0.0174 -0.9948
vn -0.5665 -0.7623 0.3130
vn -0.5800 0.0915 -0.8095
vn -0.0888 0.4334 -0.8968
vn -0.6853 -0.4360 0.5833
vn -0.5241 -0.6256 0.5779
vn -0.1001 0.0037 -0.9950
vn -0.7744 -0.5388 -0.3316
vn -0.7388 -0.3254 -0.5901
vn -0.8573 -0.4849 -0.1729
vn -0.7488 -0.6488 -0.1354
vn -0.1468 -0.4861 -0.8615
vn 0.0367 -0.7676 0.6398
vn -0.6738 0.4418 0.5923
vn 0.4715 -0.8001 0.3709
vn 0.2877 -0.9466 0.1457
vn -0.2783 -0.9148 0.2928
vn 0.8273 0.0353 -0.5607
vn 0.8073 0.1562 -0.5692
vn 0.8254 0.1097 -0.5538
vn 0.6222 0.2502 -0.7418
vn -0.3569 0.7395 -0.5708
vn 0.3659 0.7369 -0.5683
vn 0.4381 0.6783 -0.5899
vn 0.1576 0.8841 -0.4399
vn 0.2090 0.6171 -0.7586
vn -0.6803 0.6059 -0.4123
vn 0.5804 0.5038 -0.6398
vn 0.9293 -0.1777 -0.3238
vn 0.0418 0.9108 -0.4107
vn 0.0035 0.6794 -0.7337
vn 0.4734 -0.2245 -0.8517
vn 0.6926 0.4539 -0.5606
vn 0.9653 -0.2162 -0.1467
vn 0.2772 0.8138 -0.5108
vn -0.0083 0.7501 -0.6613
vn 0.6278 0.0086 -0.7783
vn 0.9646 0.0874 -0.2487
vn 0.9215 -0.0268 0.3873
vn 0.7242 0.6478 -0.2363
vn 0.7749 0.0765 -0.6274
vn 0.3072 -0.9477 -0.0867
vn 0.2705 -0.7054 0.6552
vn 0.6170 -0.5617 0.5513
vn 0.6970 -0.4511 0.5573
vn 0.3984 -0.8235 0.4038
vn 0.5659 -0.4108 -0.7149
vn 0.5219 -0.6720 0.5255
vn 0.7266 -0.6148 0.3067
vn 0.9113 -0.3897 0.1330
vn 0.3636 -0.8223 0.4378
vn -0.4118 0.8139 -0.4098
vn 0.6711 -0.7309 -0.1243
vn 0.2127 -0.5667 0.7960
vn 0.6851 -0.5372 -0.4920
vn 0.4691 -0.6632 -0.5832
vn 0.2452 -0.9643 -0.1003
vn 0.7250 -0.5806 0.3705
vn -0.0347 -0.6542 0.7555
vn 0.9877 -0.0824 0.1331
vn 0.8776 -0.3597 -0.3169
vn 0.1214 -0.9900 0.0712
vn 0.6424 -0.1570 0.7501
vn 0.0852 -0.0999 0.9913
vn 0.8439 0.4685 -0.2615
vn 0.9159 0.0832 -0.3927
vn 0.0657 -0.7259 0.6846
vn -0.1404 -0.3928 0.9088
vn 0.1210 -0.2645 0.9568
vn 0.7648 0.4637 0.4473
vn -0.2227 -0.7364 0.6389
vn 0.0154 -0.8097 0.5866
vn 0.0434 -0.4672 0.8831
vn -0.0315 -0.4300 0.9023
vn 0.8400 0.0853 0.5358
vn -0.0681 -0.6788 0.7311
vn 0.2042 -0.7403 0.6405
vn -0.7693 0.0807 -0.6337
vn -0.9331 -0.1532 -0.3253
vn -0.8411 0.0257 -0.5402
vn -0.7494 0.0086 -0.6621
vn 0.6099 0.2476 -0.7528
vn -0.3990 0.3213 -0.8588
vn 0.0496 0.6846 -0.7273
vn -0.9939 -0.0115 -0.1098
vn -0.8815 -0.3639 -0.3010
vn 0.3860 0.0643 -0.9203
vn 0.7183 0.5945 -0.3614
vn -0.5074 -0.7008 0.5015
vn -0.4898 0.3952 -0.7771
vn 0.1503 0.5049 -0.8500
vn 0.8465 0.3654 -0.3870
vn 0.9598 0.1191 0.2543
vn 0.9480 0.2585 0.1856
vn 0.9320 0.3261 0.1579
vn 0.9905 0.1368 -0.0168
vn 0.8120 0.1641 -0.5601
vn 0.6732 0.5710 -0.4699
vn 0.9367 0.3451 0.0583
vn 0.3277 0.7732 -0.5430
vn 0.9504 -0.1868 0.2485
vn 0.1329 0.4354 -0.8904
vn 0.2769 0.5824 -0.7643
vn 0.1040 0.5885 -0.8018
vn -0.4469 0.2519 -0.8584
vn -0.2253 0.0244 -0.9740
vn 0.9546 0.1486 0.2582
vn 0.6834 0.4390 -0.5833
vn 0.8857 0.3100 -0.3457
vn 0.3726 0.6978 -0.6118
vn 0.7675 0.0810 -0.6360
vn 0.8000 -0.5525 -0.2340
vn -0.8793 0.0968 -0.4664
vn -0.7745 0.6098 -0.1683
vn -0.8399 -0.5185 -0.1603
vn -0.5401 -0.5539 -0.6337
vn -0.1503 0.7180 -0.6796
vn 0.1621 -0.9017 0.4008
vn 0.1531 -0.8913 0.4268
vn 0.4228 -0.1806 0.8881
vn 0.4354 -0.8941 0.1051
vn 0.9201 -0.3566 0.1618
vn 0.6378 -0.5598 0.5289
vn 0.4193 -0.7253 0.5461
vn 0.5760 0.0900 0.8125
vn 0.6117 -0.7588 0.2237
vn 0.9843 0.1521 0.0898
vn 0.8445 0.4055 0.3498
vn 0.5682 -0.6143 0.5474
vn 0.6976 0.6047 0.3844
vn 0.7890 0.6121 -0.0533
vn 0.9764 0.0348 -0.2130
vn 0.5024 -0.6022 0.6204
vn -0.0827 -0.9143 0.3965
vn 0.5728 -0.5723 0.5868
vn 0.7053 -0.5834 0.4026
vn 0.3499 -0.9367 0.0106
vn 0.3812 -0.9022 0.2016
vn -0.2936 -0.8879 0.3543
vn 0.8661 -0.3429 0.3637
vn 0.9722 -0.2311 0.0366
vn -0.0994 -0.9505 -0.2945
vn -0.6745 -0.6400 -0.3679
vn -0.6835 -0.6848 -0.2527
vn -0.2982 -0.9217 0.2483
vn -0.6049 -0.5157 -0.6067
vn -0.1820 -0.8909 -0.4161
vn -0.4108 -0.7645 0.4967
vn -0.5602 -0.8177 -0.1322
vn 0.0496 -0.9286 0.3678
vn -0.8230 -0.2339 -0.5176
vn 0.5616 0.6592 0.5000
vn 0.0400 -0.9922 0.1183
vn -0.7213 -0.6755 0.1532
vn 0.1192 -0.9352 0.3334
vn 0.2784 -0.9586 -0.0606
vn -0.3175 -0.7048 -0.6344
vn -0.3769 -0.9115 -0.1644
vn -0.5797 -0.8076 -0.1082
vn -0.3213 -0.9468 0.0170
vn -0.1606 -0.9823 -0.0960
vn -0.5951 -0.2304 -0.7699
vn -0.2274 0.7811 -0.5816
vn 0.4120 0.2447 -0.8777
vn 0.0753 0.9208 -0.3828
vn -0.3312 0.9151 -0.2300
vn -0.5183 0.2418 -0.8203
vn -0.2233 -0.7005 -0.6778
vn 0.0950 -0.7160 -0.6916
vn 0.2966 -0.0936 -0.9504
vn -0.3650 -0.6891 -0.6260
vn -0.6544 -0.0600 -0.7538
vn -0.5083 -0.6639 -0.5485
vn -0.1255 -0.5811 -0.8041
vn -0.0986 0.0323 -0.9946
vn -0.4742 -0.7214 -0.5047
vn -0.7895 -0.4935 -0.3649
vn -0.6267 0.6906 -0.3609
vn 0.1191 0.5333 -0.8375
vn -0.0852 0.8960 -0.4359
vn -0.6229 0.7489 -0.2262
vn -0.8661 -0.0369 -0.4985
vn 0.1047 -0.6264 0.7725
vn 0.2873 -0.0075 0.9578
vn 0.2256 -0.6969 0.6807
vn -0.0257 -0.7108 0.7029
vn -0.1502 -0.3059 0.9401
vn 0.1921 -0.4287 -0.8828
vn 0.4552 -0.6514 -0.6070
vn 0.2220 -0.1709 -0.9600
vn -0.0211 -0.3207 -0.9469
vn -0.2831 -0.9233 -0.2598
vn -0.0013 -0.8941 0.4479
vn 0.3434 -0.6592 0.6690
vn 0.4417 -0.8873 -0.1328
vn -0.0501 -0.8430 0.5356
vn -0.4155 -0.9075 -0.0614
vn 0.5061 -0.8625 -0.0059
vn 0.4831 -0.7901 0.3774
vn 0.3752 -0.8038 -0.4617
vn 0.2810 -0.6664 0.6906
vn -0.4024 0.4970 -0.7688
vn -0.1558 -0.7567 -0.6349
vn 0.8050 -0.4961 0.3254
vn -0.3685 -0.1218 -0.9216
vn -0.6227 -0.4278 -0.6552
vn -0.3353 -0.9421 0.0018
vn -0.2155 -0.6569 -0.7225
vn 0.4651 -0.8552 -0.2288
vn 0.1618 -0.6922 -0.7033
vn -0.2610 -0.6092 -0.7488
vn -0.3626 -0.8772 -0.3148
vn -0.3216 0.7161 -0.6196
vn -0.6948 0.5028 -0.5142
vn -0.9160 0.2455 -0.3173
vn -0.9684 -0.2491 -0.0116
vn 0.9524 0.1733 -0.2510
vn -0.1472 -0.3116 0.9387
vn 0.4067 -0.1544 0.9004
vn 0.7267 0.2108 0.6538
vn -0.0385 -0.5825 0.8119
vn -0.0158 -0.6162 0.7875
vn 0.5708 -0.4450 0.6900
vn 0.6079 -0.5240 0.5966
vn 0.9312 0.0676 -0.3581
vn 0.2701 -0.7024 0.6585
vn 0.2747 -0.7617 0.5868
vn 0.8916 -0.2287 0.3909
vn -0.2511 -0.0513 0.9666
vn 0.8981 -0.0158 -0.4395
vn 0.9070 -0.3390 -0.2498
vn 0.6362 -0.6675 0.3868
vn -0.3401 -0.0364 -0.9397
vn 0.7580 0.1601 -0.6323
vn -0.9965 0.0747 0.0366
vn -0.9344 -0.2680 -0.2347
vn -0.2493 -0.4348 -0.8653
vn 0.0031 -0.1740 0.9847
vn -0.4532 0.5966 0.6624
vn -0.2976 0.2613 0.9182
vn -0.2547 -0.3302 0.9089
vn -0.5601 -0.4168 0.7160
vn -0.9460 -0.1222 0.3004
vn -0.9630 -0.1392 0.2307
vn -0.5926 -0.2693 0.7592
vn -0.9981 -0.0580 -0.0209
vn -0.8879 -0.2545 0.3831
vn -0.7077 -0.3687 0.6027
vn -0.9655 0.2604 -0.0030
vn 0.1121 -0.3474 0.9310
vn -0.9516 -0.0228 -0.3066
vn -0.5017 -0.6918 0.5194
vn -0.1484 -0.1785 0.9727
vn -0.6671 0.4831 0.5671
vn -0.3972 -0.0932 0.9130
vn -0.1890 -0.4601 0.8675
vn -0.2433 -0.4500 0.8593
vn -0.9223 0.1409 0.3599
vn -0.9520 0.2894 0.0995
vn -0.8871 -0.0331 0.4603
vn -0.8005 -0.2650 0.5376
vn -0.9600 0.1632 -0.2276
vn -0.2871 0.8529 -0.4360
vn -0.3370 0.8434 -0.4185
vn -0.0571 0.4790 0.8760
vn 0.1370 -0.1722 0.9755
vn 0.1486 -0.0608 -0.9870
vn -0.5526 -0.0813 -0.8295
vn -0.1579 -0.1071 -0.9816
vn -0.2659 0.3448 -0.9002
vn -0.5396 -0.4608 -0.7046
vn -0.7045 0.4009 0.5856
vn -0.9710 0.1631 0.1747
vn -0.5761 -0.1161 -0.8091
vn -0.4353 0.7802 0.4492
vn -0.9128 -0.2486 -0.3240
vn -0.8997 -0.0258 0.4357
vn -0.5961 0.5027 0.6260
vn -0.5984 0.8000 -0.0440
vn -0.3727 0.8342 0.4065
vn -0.4076 0.4166 0.8126
vn -0.8926 -0.4509 0.0022
vn -0.8412 0.5025 -0.1998
vn -0.4938 0.7554 -0.4307
vn -0.4654 0.8777 -0.1143
vn -0.6515 0.7558 0.0659
vn -0.6942 -0.3210 -0.6443
vn -0.7153 0.1145 -0.6894
vn -0.6481 0.6489 -0.3986
vn -0.6053 0.5955 -0.5282
vn -0.7079 0.1279 -0.6946
vn 0.0810 -0.8971 -0.4343
vn 0.2890 -0.6227 -0.7271
vn 0.7959 -0.5857 -0.1532
vn 0.2424 0.0497 -0.9689
vn 0.4702 -0.8687 0.1559
vn -0.6536 -0.2412 -0.7174
vn -0.1326 -0.2094 -0.9688
vn 0.4025 -0.4033 -0.8218
vn 0.1068 -0.1244 -0.9865
vn 0.4450 -0.7004 -0.5580
vn -0.9454 0.2846 -0.1589
vn -0.7779 0.0279 -0.6277
vn -0.7994 0.3003 -0.5204
vn -0.5561 0.0329 -0.8305
vn 0.0652 -0.2578 -0.9640
vn 0.3250 -0.5565 -0.7646
vn -0.1197 -0.2771 -0.9533
vn 0.4416 -0.3415 -0.8297
vn -0.3322 0.3435 -0.8784
vn -0.5092 -0.0929 -0.8556
vn 0.0548 -0.9724 -0.2268
vn 0.6698 -0.0210 0.7423
vn -0.1855 0.2139 0.9591
vn 0.7050 0.1213 0.6988
vn 0.8359 -0.2738 0.4757
vn 0.6548 -0.5055 0.5619
vn -0.2010 -0.4674 0.8609
vn -0.9579 0.2854 -0.0321
vn 0.7046 -0.3054 0.6406
vn -0.9924 -0.1180 -0.0346
vn -0.0307 -0.7818 0.6227
vn -0.1664 -0.5390 0.8257
vn -0.0966 -0.5519 0.8283
vn 0.5523 -0.3448 0.7590
vn -0.7911 -0.4736 0.3871
vn 0.0995 -0.7344 0.6714
vn 0.6123 -0.5614 0.5567
vn -0.0097 -0.0935 0.9956
vn 0.8687 -0.4847 0.1022
vn 0.7165 -0.6952 0.0580
vn -0.0012 -0.7820 0.6233
vn 0.4021 -0.1583 0.9018
vn -0.5703 0.2802 0.7721
vn 0.4056 -0.3407 0.8482
vn 0.6563 -0.5758 0.4875
vn 0.8909 -0.4437 0.0973
vn -0.6501 0.2501 0.7175
vn -0.5562 0.3271 0.7640
vn -0.4805 0.0121 0.8769
vn -0.5588 -0.3084 0.7698
vn -0.2821 0.3993 -0.8723
vn -0.3095 0.8003 -0.5135
vn -0.1683 0.6766 -0.7168
vn 0.4534 0.3073 -0.8367
vn -0.4810 0.6078 -0.6318
vn -0.9443 0.2746 -0.1815
vn -0.7977 0.5739 0.1852
vn -0.6027 0.7723 -0.2008
vn 0.2932 -0.4948 0.8180
vn -0.8618 0.4343 -0.2620
vn -0.9649 -0.2060 0.1626
vn -0.3328 -0.3346 0.8816
vn -0.5353 0.0836 0.8405
vn 0.0913 -0.4696 0.8781
vn 0.1165 -0.7457 0.6560
vn -0.9759 -0.0153 0.2177
vn -0.7283 0.3698 -0.5769
vn -0.6615 0.4822 -0.5744
vn -0.6473 -0.0166 0.7620
vn -0.4635 -0.3291 0.8227
vn 0.0328 0.1914 -0.9810
vn -0.1317 -0.1028 -0.9859
vn 0.6041 -0.1111 -0.7891
vn -0.1218 0.1620 -0.9792
vn -0.3580 -0.1534 -0.9210
vn 0.0982 -0.8052 -0.5849
vn -0.9194 0.1738 -0.3530
vn -0.6032 0.5751 -0.5526
vn -0.2482 0.7318 0.6347
vn -0.5830 -0.0612 -0.8101
vn -0.8907 -0.3023 -0.3397
vn -0.5561 -0.2250 0.8001
vn -0.8651 0.4916 0.0997
vn 0.2684 -0.2325 0.9348
vn -0.9993 -0.0130 0.0361
vn -0.2835 -0.6942 0.6616
vn -0.0029 -0.1869 0.9824
vn -0.2812 0.6065 0.7437
vn 0.4168 -0.2688 0.8683
vn 0.1718 -0.5704 0.8032
vn -0.6860 -0.1805 0.7048
vn -0.5481 0.7870 0.2831
vn -0.3576 0.8540 0.3779
vn -0.2776 0.4140 0.8669
vn -0.3201 -0.0352 0.9467
vn -0.5471 0.2999 -0.7815
vn -0.7576 0.6455 -0.0970
vn -0.0792 0.7283 -0.6807
vn -0.5921 0.7567 0.2771
vn -0.9308 0.3027 0.2051
vn -0.6882 -0.0961 -0.7192
vn -0.3060 -0.0893 -0.9478
vn -0.3316 0.1453 -0.9322
vn -0.7739 0.4241 -0.4704
vn -0.4696 -0.3319 -0.8181
vn -0.6469 -0.4753 -0.5964
vn -0.7755 0.3368 -0.5339
vn -0.5551 0.3930 -0.7331
vn -0.7856 0.5032 -0.3599
vn -0.7654 0.2457 -0.5948
vn -0.8915 0.2563 0.3735
vn -0.9359 0.3427 -0.0813
vn -0.7038 0.5143 -0.4900
vn -0.5646 0.6254 0.5386
vn -0.5822 0.2559 0.7718
vn -0.6162 -0.3395 -0.7106
vn -0.6454 0.5418 -0.5384
vn -0.2146 0.4315 -0.8762
vn -0.5086 0.6304 -0.5865
vn -0.6909 0.4291 -0.5819
vn -0.5284 -0.0879 -0.8444
vn 0.0822 0.7108 -0.6986
vn 0.9116 0.0854 -0.4020
vn 0.5040 0.7031 -0.5017
vn -0.0587 0.7299 -0.6811
vn -0.1486 0.1338 -0.9798
vn 0.0446 -0.9635 -0.2640
vn 0.2430 -0.9605 0.1356
vn 0.5453 -0.7844 -0.2955
vn 0.0265 -0.9933 -0.1124
vn 0.0678 -0.5097 -0.8577
vn 0.2844 -0.4754 -0.8325
vn 0.2874 -0.8634 -0.4146
vn 0.5008 0.0462 -0.8643
vn 0.0254 -0.9328 -0.3596
vn -0.1371 0.2097 -0.9681
vn 0.0924 0.2180 -0.9716
vn 0.5330 -0.5984 -0.5982
vn 0.2580 0.6289 -0.7335
vn -0.1924 0.6991 -0.6886
vn -0.3581 -0.1237 -0.9254
vn 0.1807 0.1916 -0.9647
vn 0.6307 0.4126 -0.6573
vn 0.6586 0.3392 -0.6717
vn 0.4585 -0.1482 -0.8762
vn 0.0328 -0.8502 -0.5255
vn 0.2971 -0.8756 -0.3808
vn 0.3533 -0.6839 0.6384
vn 0.6994 -0.5982 -0.3912
vn 0.1640 -0.7592 -0.6299
vn -0.3912 -0.8883 -0.2405
vn -0.2342 -0.4271 0.8733
vn -0.1356 -0.2718 0.9527
vn 0.4309 -0.7700 0.4706
vn -0.5836 -0.3479 0.7337
vn -0.4064 -0.8849 0.2274
vn -0.2026 -0.7597 0.6179
vn -0.2375 -0.3635 0.9008
vn 0.3224 -0.9364 0.1389
vn -0.5621 -0.1987 0.8029
vn -0.3311 -0.9415 0.0629
vn 0.0392 -0.9897 -0.1378
vn 0.4645 -0.8828 0.0701
vn 0.4007 -0.5767 -0.7120
vn 0.1253 -0.5328 -0.8369
vn -0.4348 -0.4709 0.7676
vn 0.0026 -0.9243 0.3816
vn -0.2272 -0.2282 0.9467
vn 0.2217 -0.9271 0.3023
vn 0.0475 -0.9894 0.1373
vn -0.2552 -0.8872 0.3844
vn -0.5312 0.1391 0.8358
vn -0.8916 -0.2201 0.3958
vn -0.4007 0.3784 0.8344
vn -0.0284 0.5064 0.8618
vn -0.5263 -0.1296 0.8403
vn -0.1297 -0.8576 -0.4977
vn -0.1521 -0.5198 -0.8406
vn 0.1031 -0.4591 -0.8824
vn -0.6067 -0.5907 -0.5319
vn -0.8624 -0.2598 0.4345
vn 0.4569 -0.0990 0.8840
vn -0.3875 -0.4295 -0.8157
vn 0.5938 0.5041 0.6271
vn -0.6131 -0.7792 -0.1301
vn -0.5505 -0.7686 0.3259
vn 0.5997 0.7294 0.3292
vn -0.7431 -0.0399 0.6680
vn 0.1636 0.0393 0.9857
vn 0.9090 0.2346 0.3444
vn 0.7046 0.5956 -0.3857
vn 0.8819 -0.4347 -0.1826
vn 0.9583 0.1906 0.2130
vn 0.7701 -0.3236 -0.5498
vn 0.8598 -0.4619 -0.2179
vn 0.8619 -0.5054 -0.0403
vn -0.6994 -0.4860 -0.5241
vn -0.4748 0.4163 -0.7754
vn -0.8050 0.1451 -0.5753
vn -0.6020 -0.7531 -0.2654
vn 0.4802 -0.5638 -0.6720
vn 0.3941 -0.8207 -0.4137
vn 0.5757 -0.4609 -0.6753
vn 0.1413 -0.5516 -0.8221
vn 0.8619 -0.3860 -0.3289
vn -0.2894 -0.9437 -0.1600
vn 0.6294 -0.1161 -0.7683
vn 0.3030 0.1483 -0.9414
vn 0.1028 0.1546 -0.9826
vn 0.3572 -0.5047 -0.7860
vn -0.0861 -0.9401 -0.3298
vn -0.7884 -0.6031 0.1215
vn -0.9954 -0.0960 -0.0063
vn -0.9825 -0.1658 0.0848
vn -0.8377 -0.5443 -0.0454
vn 0.0130 -0.7455 -0.6664
vn -0.4457 -0.8952 0.0013
vn -0.8764 -0.4765 -0.0695
vn -0.5778 -0.3464 -0.7390
vn 0.1408 -0.7623 -0.6318
vn 0.5915 -0.8011 -0.0911
vn 0.5424 0.8337 0.1036
vn -0.5501 0.4683 0.6915
vn 0.0792 0.9196 0.3848
vn 0.6348 0.7705 0.0571
vn 0.6584 0.7514 0.0433
vn -0.6726 -0.4900 0.5545
vn -0.8984 -0.3147 0.3063
vn -0.9160 -0.0801 0.3932
vn -0.5761 -0.4499 0.6825
vn -0.3515 -0.5388 0.7656
vn -0.3564 -0.3326 0.8731
vn -0.4032 -0.4366 0.8043
vn -0.1619 0.6492 0.7432
vn -0.1167 -0.7365 0.6663
vn 0.2914 -0.1482 0.9451
vn 0.1043 0.8034 0.5862
vn -0.8177 0.1484 0.5563
vn -0.0980 0.9557 0.2774
vn 0.3978 0.8173 0.4168
vn 0.4499 0.4623 0.7641
vn 0.5195 -0.2655 -0.8122
vn 0.1175 0.3485 -0.9299
vn 0.0937 -0.3357 -0.9373
vn 0.5469 -0.6588 -0.5166
vn 0.8821 0.4581 -0.1099
vn -0.5048 -0.5190 0.6898
vn -0.9398 -0.2916 -0.1782
vn -0.8549 -0.2099 0.4745
vn -0.2654 -0.3914 0.8811
vn 0.0712 -0.9963 0.0476
vn -0.3256 -0.7393 -0.5894
vn -0.1792 -0.4227 -0.8884
vn -0.7420 -0.6696 0.0313
vn 0.0249 -0.9592 -0.2816
vn -0.0860 -0.9280 0.3624
vn 0.4408 -0.5732 -0.6907
vn -0.0270 -0.0135 -0.9995
vn 0.0517 0.0570 -0.9970
vn 0.0820 -0.6183 -0.7817
vn -0.1316 -0.9383 0.3197
vn -0.0847 -0.5141 0.8535
vn -0.7946 -0.5358 0.2856
vn -0.5122 -0.5419 0.6663
vn -0.0064 -0.6574 0.7535
vn 0.0724 -0.9136 0.4002
vn -0.4205 -0.4155 0.8065
vn -0.9819 -0.1783 -0.0644
vn -0.9520 -0.2594 0.1626
vn -0.4727 -0.5087 0.7195
vn -0.0564 -0.8203 0.5691
vn -0.6531 -0.4109 -0.6361
vn -0.5224 -0.0778 -0.8492
vn -0.9235 -0.0195 -0.3831
vn -0.8538 -0.3387 -0.3954
vn 0.2578 -0.5844 -0.7694
vn -0.0620 0.5472 -0.8347
vn 0.4515 0.4216 -0.7863
vn -0.1181 0.6202 -0.7755
vn 0.6899 0.1252 -0.7130
vn -0.9324 0.0678 -0.3550
vn 0.5860 0.2289 -0.7773
vn 0.4708 0.3582 -0.8062
vn 0.8668 0.1774 -0.4661
vn 0.2316 0.0466 -0.9717
vn -0.4730 -0.5050 -0.7219
vn -0.9400 -0.1366 -0.3126
vn -0.3426 0.3277 -0.8804
vn -0.9873 0.1571 -0.0241
vn -0.8790 -0.3220 0.3518
vn -0.5961 -0.5444 -0.5901
vn 0.1889 0.0680 0.9796
vn -0.8216 0.0322 0.5691
vn 0.3758 -0.0397 0.9258
vn 0.4037 -0.1510 0.9023
vn 0.4314 -0.1760 0.8848
vn -0.8712 -0.2213 -0.4382
vn -0.9955 -0.0848 -0.0414
vn -0.4145 0.4744 -0.7766
vn 0.4520 -0.0271 -0.8916
vn 0.7117 -0.3828 -0.5891
vn 0.7401 0.5992 0.3055
vn 0.6564 0.4234 0.6243
vn 0.1347 0.2598 -0.9562
vn 0.6063 0.1868 0.7730
vn 0.7953 0.0904 0.5994
vn 0.8243 0.5607 0.0780
vn 0.9012 0.0721 -0.4274
vn -0.0080 0.1007 -0.9949
vn 0.9983 -0.0184 0.0562
vn 0.5129 0.4096 0.7544
vn -0.2986 -0.2551 -0.9197
vn -0.3255 0.0246 -0.9452
vn -0.4848 -0.1800 -0.8559
vn -0.2587 -0.3311 -0.9075
vn 0.7365 -0.0075 -0.6764
vn 0.5903 0.3699 -0.7175
vn 0.7305 0.5962 -0.3332
vn 0.2166 0.4639 -0.8590
vn 0.5210 0.0929 -0.8485
vn 0.9572 -0.2700 0.1040
vn -0.6667 0.4469 -0.5965
vn -0.4615 0.7092 -0.5329
vn -0.6856 0.5224 -0.5070
vn -0.5843 0.3375 -0.7380
vn 0.4896 0.3070 -0.8161
vn 0.2028 0.8815 -0.4264
vn 0.8929 0.4492 0.0328
vn 0.3557 0.8045 -0.4757
vn 0.7921 -0.2964 0.5336
vn -0.8102 0.2265 -0.5406
vn -0.7521 -0.2283 0.6182
vn -0.6703 -0.0990 0.7354
vn -0.2411 0.2323 0.9423
vn -0.7495 -0.4664 0.4699
vn -0.2196 -0.4750 0.8521
vn -0.8875 0.2548 -0.3840
vn -0.8652 -0.4814 0.1400
vn -0.4319 0.4931 -0.7552
vn -0.0809 0.5382 -0.8389
vn 0.1147 0.5041 -0.8560
vn 0.3630 0.5052 -0.7830
vn 0.5289 0.8444 -0.0848
vn 0.2412 0.6591 -0.7123
vn 0.3593 0.3066 -0.8814
vn 0.9559 -0.2818 -0.0831
vn 0.9014 -0.0292 0.4320
vn 0.2441 -0.5529 0.7966
vn -0.1316 0.6749 -0.7261
vn 0.3284 0.5749 -0.7494
vn 0.9880 0.0205 0.1532
vn 0.4998 0.1414 0.8545
vn -0.5242 -0.4090 0.7470
vn 0.2522 -0.1068 0.9617
vn -0.3096 -0.6401 0.7031
vn 0.9022 0.4292 -0.0430
vn 0.6959 0.3113 0.6471
vn 0.6832 0.2857 0.6720
vn 0.8087 0.5806 0.0949
vn 0.5938 -0.0004 0.8046
vn 0.9450 0.1844 0.2701
vn 0.8712 0.3403 0.3538
vn 0.2019 0.0363 0.9787
vn 0.3888 0.5356 -0.7496
vn 0.6609 0.4796 -0.5772
vn 0.9436 0.3243 -0.0673
vn 0.7843 -0.0415 0.6189
vn 0.0300 -0.3014 0.9530
vn 0.6083 -0.1101 0.7861
vn 0.8887 -0.0056 0.4585
vn 0.9419 0.1384 0.3059
vn 0.0330 -0.9237 -0.3818
vn -0.5428 -0.6426 -0.5408
vn -0.4374 -0.7587 -0.4828
vn 0.1163 -0.7877 -0.6049
vn 0.6202 0.0754 -0.7808
vn -0.6480 0.0958 -0.7556
vn -0.1311 0.8252 -0.5493
vn -0.2685 0.8121 -0.5180
vn 0.1733 0.9170 -0.3593
vn -0.2629 -0.8187 -0.5105
vn 0.1996 -0.1509 0.9682
vn -0.1369 -0.3134 0.9397
vn -0.1411 0.7126 0.6872
vn 0.2092 -0.5358 0.8180
vn 0.6028 0.0289 0.7973
vn 0.3418 0.2510 0.9056
vn -0.1590 -0.5030 0.8496
vn 0.2057 0.5306 0.8223
vn 0.5426 0.5367 0.6462
vn 0.6832 -0.0370 0.7293
vn -0.0288 -0.6336 0.7731
vn -0.4582 -0.7811 0.4243
vn -0.2271 -0.5976 0.7690
vn 0.0812 -0.5952 0.7994
vn 0.0909 -0.9838 0.1547
vn 0.2261 -0.1402 0.9640
vn -0.6634 -0.6174 0.4227
vn -0.3346 -0.6997 0.6313
vn 0.3197 -0.4511 0.8332
vn 0.1530 -0.0143 0.9881
vn -0.1128 -0.8433 -0.5255
vn -0.2789 -0.7143 -0.6418
vn -0.4304 -0.8996 0.0736
vn 0.0049 -0.6778 -0.7352
vn 0.2152 -0.9764 -0.0173
vn -0.1023 -0.9494 -0.2971
vn -0.4038 -0.6029 -0.6880
vn -0.4933 -0.8684 0.0492
vn -0.1130 -0.6779 -0.7265
vn 0.2349 -0.8620 0.4492
vn -0.4377 -0.8912 -0.1190
vn -0.5625 -0.7903 0.2430
vn -0.0159 -0.8110 0.5848
vn 0.5555 -0.5876 0.5884
vn -0.5125 -0.0585 -0.8567
vn -0.1162 -0.9326 -0.3416
vn -0.5965 -0.6155 -0.5151
vn -0.5059 -0.8360 -0.2127
vn -0.1000 -0.9083 -0.4061
vn 0.4194 -0.2244 -0.8796
vn 0.6158 0.7505 -0.2398
vn 0.5683 0.4641 0.6795
vn 0.4014 0.9159 0.0020
vn 0.5541 0.6497 -0.5205
vn 0.9543 -0.1774 -0.2404
vn 0.7470 -0.5337 0.3965
vn 0.4835 -0.7253 0.4900
vn 0.8325 -0.0637 0.5503
vn 0.6420 -0.7478 0.1692
vn 0.9132 0.2904 -0.2858
vn 0.9784 -0.0452 -0.2018
vn 0.9065 -0.3419 0.2477
vn 0.7655 0.6433 0.0082
vn 0.8794 -0.4184 -0.2273
vn 0.6015 0.3177 -0.7330
vn 0.4715 0.8197 -0.3253
vn 0.6963 0.7168 0.0361
vn 0.6420 0.7631 -0.0743
vn 0.7312 0.6460 -0.2191
vn 0.9123 0.3533 -0.2071
vn -0.9434 -0.0767 -0.3226
vn -0.5166 0.8444 -0.1419
vn -0.9869 -0.1282 -0.0976
vn -0.8041 -0.4974 -0.3256
vn -0.6859 -0.0421 -0.7265
vn 0.9096 -0.3873 0.1507
vn 0.4636 -0.5912 0.6599
vn 0.9615 -0.0038 0.2749
vn 0.9964 -0.0800 -0.0285
vn 0.4449 -0.8924 -0.0759
vn -0.0282 -0.9083 0.4173
vn -0.8557 -0.4986 0.1387
vn 0.9143 0.1047 0.3913
vn -0.5327 -0.8398 -0.1051
vn 0.2830 -0.9548 -0.0911
vn -0.4756 -0.8067 0.3509
vn -0.7411 -0.5062 0.4410
vn 0.0569 -0.7343 0.6765
vn -0.6114 -0.7721 0.1734
vn 0.1562 -0.9870 0.0379
vn 0.4589 -0.8412 0.2859
vn -0.3040 -0.6254 0.7186
vn 0.6436 -0.6372 0.4241
vn 0.7796 -0.6164 -0.1111
vn -0.0097 -0.9998 0.0149
vn 0.2430 -0.8919 0.3814
vn -0.3958 -0.7945 0.4606
vn 0.1582 -0.8674 0.4718
vn 0.2619 -0.9388 0.2239
vn -0.1887 -0.9795 -0.0708
vn 0.9021 0.1385 0.4087
vn 0.3062 -0.2127 0.9279
vn 0.5606 0.8245 0.0763
vn 0.7275 0.5536 -0.4052
vn 0.8460 -0.4810 0.2302
vn 0.5301 -0.6777 0.5096
vn 0.2593 -0.7034 0.6618
vn 0.8505 0.0092 0.5259
vn 0.2474 -0.9072 0.3402
vn 0.8915 -0.3518 -0.2854
vn 0.6325 -0.5653 0.5296
vn 0.8538 -0.3073 0.4202
vn 0.8871 -0.2420 0.3930
vn 0.8282 -0.4052 0.3870
vn 0.8571 -0.3820 0.3456
vn 0.9994 0.0174 0.0283
vn 0.0879 -0.7770 0.6233
vn 0.8360 0.5340 -0.1262
vn 0.6906 0.5122 -0.5105
vn 0.8912 -0.1369 -0.4324
vn -0.5698 0.4221 -0.7051
vn -0.2903 0.8127 -0.5052
vn -0.6627 0.3831 -0.6434
vn -0.5534 0.2531 -0.7935
vn 0.1669 0.5993 -0.7829
vn 0.0854 -0.7320 0.6760
vn -0.8836 -0.3658 0.2923
vn 0.4448 -0.4896 0.7499
vn 0.7889 -0.4572 0.4106
vn 0.0431 -0.9642 0.2615
vn -0.7633 -0.5281 0.3722
vn -0.8455 -0.2949 0.4452
vn 0.0205 -0.3184 0.9477
vn -0.8000 -0.5992 0.0316
vn -0.1967 -0.9625 0.1867
vn -0.6806 -0.2518 0.6881
vn -0.7749 -0.2270 0.5899
vn -0.0868 -0.5614 0.8230
vn -0.6661 -0.5658 0.4860
vn -0.1682 -0.9298 0.3274
vn 0.3284 -0.8094 0.4868
vn -0.0668 -0.5732 0.8167
vn 0.4464 -0.5326 0.7191
vn 0.2899 -0.8293 0.4777
vn -0.4260 -0.9047 0.0007
vn -0.3431 -0.7430 0.5747
vn -0.9009 -0.4131 0.1332
vn -0.4901 -0.6676 0.5605
vn -0.3017 -0.8623 0.4067
vn -0.3530 -0.9268 0.1287
vn 0.3554 -0.2665 0.8959
vn -0.4241 0.3483 0.8359
vn 0.5746 0.0250 0.8180
vn 0.4491 -0.5498 0.7042
vn -0.1581 -0.6900 0.7064
vn -0.9351 0.2545 0.2464
vn -0.8817 0.4423 0.1642
vn -0.8340 0.3233 0.4472
vn -0.8555 -0.1797 0.4856
vn -0.4105 -0.6469 0.6426
vn -0.6353 -0.1973 0.7466
vn -0.6067 0.0584 0.7928
vn -0.0734 0.0183 0.9971
vn -0.7482 -0.2349 0.6205
vn -0.1032 -0.6489 0.7538
vn 0.2014 -0.2389 0.9499
vn -0.0085 -0.0603 0.9981
vn 0.7769 -0.2050 0.5953
vn 0.9106 -0.3116 0.2716
vn -0.9705 -0.0107 0.2409
vn -0.3791 -0.0403 -0.9245
vn -0.1661 0.2378 -0.9570
vn -0.2965 0.2425 -0.9237
vn -0.2467 -0.1121 -0.9626
vn 0.5145 -0.6957 -0.5013
vn -0.9709 -0.0338 0.2372
vn -0.5581 0.7264 -0.4011
vn -0.8912 0.1383 0.4320
vn -0.8716 -0.3740 0.3169
vn -0.8327 -0.3575 -0.4228
vn 0.2344 0.4542 -0.8595
vn 0.2374 0.6001 -0.7639
vn 0.3353 0.5353 -0.7753
vn -0.2360 0.3761 -0.8960
vn -0.8690 -0.0498 -0.4924
vn 0.0023 0.4335 -0.9011
vn -0.1788 0.4068 -0.8959
vn -0.7054 0.5484 0.4491
vn -0.0940 0.0817 -0.9922
vn -0.2530 -0.0046 -0.9675
vn -0.9673 0.0008 0.2538
vn -0.5977 0.7300 -0.3315
vn -0.7374 0.1837 0.6501
vn -0.6462 -0.5137 0.5643
vn -0.7392 -0.3738 -0.5602
vn -0.7433 0.6350 -0.2104
vn -0.7245 0.6646 -0.1829
vn -0.7608 0.6440 -0.0801
vn -0.8279 0.5092 -0.2350
vn -0.2559 0.0867 -0.9628
vn -0.4873 0.8255 -0.2848
vn 0.1585 0.8576 -0.4892
vn -0.3515 0.9296 -0.1105
vn -0.6536 0.7550 -0.0526
vn -0.3549 0.3111 -0.8816
vn -0.4042 0.1350 -0.9047
vn 0.0970 -0.1028 -0.9900
vn -0.2928 0.8408 -0.4553
vn -0.1762 -0.3920 -0.9030
vn -0.6728 -0.0911 -0.7342
vn -0.3149 0.6607 -0.6814
vn -0.0482 0.7047 -0.7079
vn -0.2144 0.9599 -0.1808
vn -0.4419 0.5556 -0.7043
vn -0.9138 0.4058 0.0151
vn -0.2724 0.6931 -0.6674
vn 0.1984 0.3901 -0.8992
vn -0.3561 0.9345 0.0001
vn -0.7235 0.6840 -0.0929
vn -0.2273 -0.3647 -0.9029
vn -0.2043 0.5999 -0.7736
vn 0.2547 0.5595 -0.7887
vn -0.0289 0.8296 -0.5576
vn -0.2380 0.7134 -0.6591
vn 0.0560 -0.1428 -0.9882
vn 0.1569 -0.3846 -0.9096
vn 0.6086 -0.5763 -0.5454
vn 0.0934 0.1975 -0.9758
vn -0.2357 0.1064 -0.9660
vn 0.0612 -0.9049 -0.4212
vn 0.6368 -0.7671 -0.0776
vn 0.7014 -0.7125 0.0198
vn 0.7466 -0.3911 -0.5381
vn 0.2751 -0.8743 0.3999
vn -0.3583 0.1040 -0.9278
vn 0.4298 -0.0602 -0.9009
vn 0.3759 -0.5017 -0.7791
vn 0.2824 -0.0141 -0.9592
vn 0.3919 -0.8540 -0.3423
vn -0.0260 0.2416 -0.9700
vn 0.2906 -0.2759 -0.9162
vn 0.8828 -0.3474 -0.3162
vn 0.5435 -0.3821 -0.7474
vn 0.2276 -0.4682 -0.8538
vn 0.2816 -0.6387 -0.7161
vn 0.5658 -0.7867 -0.2468
vn 0.5036 -0.6444 0.5754
vn 0.6117 -0.6137 -0.4992
vn 0.3732 -0.7839 -0.4961
vn 0.0736 -0.9957 0.0558
vn 0.8255 0.3893 -0.4087
vn 0.9963 -0.0786 0.0335
vn 0.9234 0.3513 -0.1547
vn 0.8217 0.4173 -0.3882
vn 0.8704 -0.0036 -0.4923
vn 0.7180 -0.6885 -0.1022
vn 0.3916 -0.8819 0.2625
vn 0.6609 -0.5275 0.5338
vn 0.3435 -0.8933 -0.2898
vn 0.6974 0.6017 -0.3892
vn 0.8751 -0.4552 -0.1642
vn 0.5456 -0.8338 0.0843
vn 0.9757 -0.1828 0.1208
vn 0.4822 -0.8226 -0.3014
vn 0.6572 0.4863 -0.5758
vn 0.5743 0.6790 -0.4573
vn 0.7913 0.5996 0.1199
vn 0.6268 0.7781 -0.0398
vn 0.6179 0.5986 -0.5097
vn 0.5838 -0.5461 -0.6008
vn -0.7943 0.5801 0.1803
vn -0.3761 0.9098 0.1757
vn -0.8866 0.3374 0.3163
vn -0.9706 0.2405 0.0088
vn 0.0185 0.8334 -0.5524
vn 0.2877 -0.9564 -0.0507
vn -0.0853 -0.9074 0.4116
vn 0.7496 -0.6397 0.1702
vn 0.3112 -0.9373 -0.1571
vn -0.3463 -0.9003 -0.2636
vn -0.7046 -0.6422 0.3018
vn -0.8961 -0.0090 0.4438
vn -0.0444 -0.9212 0.3866
vn -0.9955 -0.0292 0.0901
vn -0.3399 -0.9164 -0.2116
vn -0.6207 -0.6707 0.4060
vn -0.7195 -0.3076 0.6227
vn -0.0848 -0.8083 0.5826
vn -0.6415 -0.7406 0.1999
vn -0.0051 -0.9668 -0.2555
vn 0.5033 -0.8482 0.1651
vn 0.2791 -0.8527 0.4415
vn 0.9616 -0.2532 -0.1061
vn 0.9025 -0.1497 -0.4038
vn -0.9183 -0.2652 0.2940
vn -0.8031 -0.4197 0.4229
vn -0.8078 0.0386 0.5882
vn -0.0265 -0.9229 0.3842
vn 0.0321 -0.9995 0.0046
vn -0.8698 0.4570 -0.1860
vn 0.8387 -0.1507 0.5233
vn 0.4193 0.8334 0.3599
vn 0.1036 -0.8663 -0.4887
vn 0.2703 -0.9547 -0.1247
vn 0.2996 -0.9524 0.0560
vn 0.9331 0.3482 -0.0895
vn 0.8498 0.2539 -0.4619
vn 0.8425 0.2883 -0.4549
vn 0.9443 0.0495 -0.3252
vn 0.9115 -0.2821 -0.2993
vn 0.7503 0.6318 0.1945
vn 0.7995 0.4522 -0.3955
vn 0.5606 0.2187 -0.7987
vn 0.8415 0.4938 0.2192
vn 0.9214 0.3238 0.2149
vn -0.2936 0.3402 0.8934
vn -0.9247 -0.0779 0.3727
vn -0.5934 0.4619 0.6592
vn -0.1377 0.5801 0.8028
vn -0.2608 -0.0612 0.9634
vn 0.5155 -0.7684 -0.3791
vn 0.4945 -0.3402 -0.7998
vn 0.5143 -0.3877 -0.7649
vn 0.8731 -0.4127 -0.2594
vn 0.9581 -0.2066 0.1987
vn -0.9459 -0.1783 0.2712
vn -0.8566 0.0307 -0.5151
vn -0.9712 0.1819 -0.1537
vn -0.9228 -0.2167 0.3185
vn -0.2436 -0.9594 0.1424
vn 0.6794 -0.6079 -0.4109
vn 0.6462 -0.0551 -0.7612
vn 0.3268 -0.1957 -0.9246
vn 0.7087 -0.5928 -0.3826
vn -0.2895 -0.9443 0.1565
vn 0.5027 -0.7998 -0.3280
vn 0.1610 -0.6131 -0.7734
vn -0.1346 -0.6045 -0.7852
vn 0.5252 -0.7027 -0.4799
vn 0.1610 -0.9743 0.1574
vn -0.6473 -0.7221 0.2441
vn -0.7948 -0.5583 -0.2377
vn -0.7206 -0.6282 -0.2935
vn -0.2670 -0.9511 -0.1557
vn 0.1355 -0.9906 0.0175
vn -0.4469 -0.8875 -0.1126
vn -0.6368 -0.5418 -0.5485
vn -0.5475 -0.5940 -0.5894
vn -0.1628 -0.9331 -0.3207
vn 0.1683 -0.9857 -0.0061
vn 0.0291 -0.7821 -0.6225
vn 0.5890 -0.3180 -0.7429
vn -0.0430 -0.6990 -0.7138
vn -0.0636 -0.9132 -0.4026
vn 0.6947 -0.7157 0.0714
vn 0.9508 0.0669 0.3024
vn 0.9802 0.1523 0.1262
vn 0.9570 -0.1158 -0.2659
vn 0.7863 0.3821 0.4855
vn 0.8705 -0.4570 0.1828
vn -0.9141 0.1402 0.3804
vn -0.8700 0.3692 0.3268
vn -0.4942 0.7799 0.3841
vn -0.8416 0.0771 0.5346
vn -0.5631 0.2199 0.7966
vn 0.1442 0.6654 0.7324
vn -0.9485 0.3141 -0.0401
vn -0.2223 0.7384 0.6367
vn 0.4348 0.4751 0.7650
vn 0.2686 0.4147 0.8694
vn -0.9512 0.2668 0.1548
vn -0.7860 0.5091 -0.3509
vn -0.7191 0.6798 0.1438
vn -0.6543 0.4732 0.5899
vn -0.7407 -0.5864 -0.3279
vn -0.9811 0.1176 -0.1539
vn -0.5908 -0.2058 -0.7801
vn -0.9309 0.2678 -0.2485
vn -0.9971 0.0322 0.0683
vn -0.8021 -0.5949 -0.0517
vn -0.3297 -0.7517 -0.5712
vn -0.2013 -0.6391 -0.7423
vn -0.9880 0.1318 -0.0811
vn -0.1046 -0.9500 -0.2942
vn -0.3539 -0.9325 0.0719
vn -0.9623 -0.1564 -0.2223
vn -0.7748 -0.3363 -0.5354
vn -0.9184 -0.0397 -0.3936
vn 0.7466 -0.5687 -0.3453
vn -0.7801 0.4664 0.4170
vn -0.6585 -0.6487 0.3816
vn -0.9288 -0.3151 0.1953
vn -0.8966 -0.4421 -0.0265
vn -0.6700 -0.7344 -0.1084
vn -0.0512 -0.9640 -0.2609
vn -0.7751 -0.6316 -0.0161
vn -0.8392 -0.1594 -0.5199
vn -0.8529 -0.1821 -0.4893
vn -0.6389 -0.7143 -0.2856
vn 0.5274 -0.8496 -0.0093
vn -0.3061 -0.2195 0.9263
vn -0.2850 0.6546 0.7002
vn 0.1822 -0.4865 0.8544
vn -0.0984 -0.7233 0.6835
vn -0.8702 -0.0215 0.4923
vn -0.8427 0.5360 -0.0512
vn -0.6271 0.7720 -0.1039
vn -0.4842 0.0617 0.8728
vn -0.6569 0.6420 -0.3954
vn -0.8489 0.4731 -0.2359
vn -0.7519 0.3849 0.5352
vn -0.6895 0.7036 0.1718
vn 0.1210 -0.1549 0.9805
vn -0.8898 0.4560 0.0187
vn -0.9292 0.1338 0.3444
vn -0.1005 0.2679 0.9582
vn -0.1707 0.7269 0.6651
vn 0.2782 -0.2664 0.9228
vn 0.0981 -0.5501 0.8293
vn -0.7789 0.6272 0.0013
vn -0.4720 0.1361 0.8710
vn -0.4174 0.5044 0.7559
vn -0.0630 -0.3171 0.9463
vn -0.3528 -0.4961 0.7933
vn -0.8556 0.5160 0.0411
vn 0.5846 -0.8020 0.1225
vn 0.1800 -0.4811 0.8580
vn 0.7166 -0.5535 -0.4244
vn 0.5012 -0.6539 -0.5668
vn 0.1589 -0.9678 0.1951
vn -0.1635 -0.5498 0.8191
vn -0.4850 -0.0132 0.8744
vn 0.3880 -0.7222 0.5726
vn -0.6890 -0.0990 0.7180
vn -0.0407 -0.9487 0.3135
vn 0.2961 -0.5611 0.7730
vn 0.3916 -0.1713 0.9040
vn 0.9640 -0.1376 0.2276
vn -0.0693 -0.4710 0.8794
vn 0.2912 -0.9521 0.0929
vn 0.6410 -0.7566 0.1293
vn 0.3656 -0.4135 0.8339
vn 0.6779 -0.5015 -0.5375
vn 0.3818 -0.7321 -0.5642
vn 0.0825 -0.8979 0.4323
vn 0.4497 -0.8105 0.3752
vn 0.3942 -0.4868 0.7795
vn 0.7938 -0.6001 0.0984
vn 0.6107 -0.7907 -0.0429
vn -0.3667 -0.6528 0.6629
vn -0.5800 0.7678 -0.2722
vn -0.5842 0.7961 -0.1578
vn -0.5954 0.6043 0.5295
vn -0.2612 -0.0131 0.9652
vn 0.0938 -0.0730 -0.9929
vn 0.3554 -0.3244 0.8766
vn 0.1776 0.2209 0.9590
vn 0.5156 0.1604 0.8417
vn 0.1243 -0.1527 0.9804
vn 0.7090 -0.7034 -0.0501
vn -0.2108 0.1639 -0.9637
vn 0.0951 0.0514 -0.9941
vn 0.2078 -0.0687 -0.9758
vn -0.3532 0.0708 -0.9329
vn -0.8360 0.3053 0.4561
vn 0.5931 -0.4677 0.6554
vn -0.3019 -0.0258 0.9530
vn 0.8186 -0.1205 -0.5616
vn 0.7649 -0.4568 -0.4541
vn 0.5142 -0.7239 0.4600
vn 0.6373 0.0002 0.7706
vn -0.2138 0.4008 0.8909
vn 0.9977 0.0355 -0.0584
vn 0.9492 -0.2658 0.1683
vn 0.4833 -0.3271 0.8121
vn 0.3508 -0.2043 0.9139
vn -0.5308 0.5809 0.6171
vn 0.1107 -0.2599 0.9593
vn 0.2448 -0.5484 0.7996
vn 0.4230 -0.5824 0.6941
vn -0.6677 0.4432 0.5981
vn -0.7044 0.6903 -0.1653
vn -0.1830 0.5661 0.8038
vn -0.8783 0.4516 -0.1569
vn -0.2248 -0.2268 0.9476
vn -0.1233 0.1056 0.9867
vn -0.7472 0.6643 -0.0209
vn 0.7545 -0.5255 0.3931
vn -0.8144 0.4889 0.3126
vn -0.6492 0.1891 0.7368
vn 0.2466 -0.0886 0.9651
vn -0.6276 0.5723 0.5279
vn 0.8149 -0.2176 0.5372
vn 0.5728 -0.5870 0.5720
vn 0.1455 -0.6845 0.7143
vn -0.0784 0.0529 0.9955
vn -0.8567 0.5123 0.0600
vn -0.4705 0.0823 0.8786
vn -0.1578 -0.2217 0.9623
vn 0.0171 -0.2279 0.9735
vn 0.0867 -0.9136 0.3972
vn 0.6574 -0.7083 0.2573
vn 0.4511 -0.8761 0.1704
vn 0.2295 -0.8961 0.3798
vn 0.1917 -0.5144 0.8359
vn 0.3293 0.7450 0.5801
vn 0.4815 0.7244 0.4934
vn 0.8479 -0.1743 0.5006
vn 0.0750 0.8080 0.5844
vn 0.0736 0.5257 0.8475
vn -0.2756 -0.2131 -0.9374
vn -0.1582 -0.3990 -0.9032
vn -0.1322 -0.3774 -0.9166
vn -0.5779 0.0216 -0.8158
vn -0.6479 0.7415 -0.1743
vn -0.7308 0.5730 -0.3711
vn -0.2622 0.8386 -0.4774
vn -0.3426 0.8058 -0.4830
vn -0.7797 0.4879 -0.3926
vn -0.5608 -0.8145 -0.1488
vn -0.4224 -0.0069 -0.9064
vn -0.0801 -0.4521 -0.8884
vn -0.4285 0.1782 -0.8858
vn -0.6093 0.1820 -0.7718
vn -0.5315 -0.6428 -0.5517
vn -0.1249 -0.7898 -0.6005
vn 0.4242 -0.9016 -0.0847
vn -0.3216 -0.5803 -0.7482
vn -0.4915 -0.5768 -0.6525
vn -0.2124 -0.9737 -0.0823
vn 0.3075 -0.4759 0.8240
vn 0.6805 -0.2942 0.6711
vn 0.7279 -0.5180 0.4492
vn 0.3489 -0.6510 0.6741
vn -0.1384 -0.9530 0.2695
vn 0.1119 -0.9418 -0.3171
vn 0.3586 -0.9309 -0.0694
vn 0.1560 -0.8035 -0.5745
vn 0.4338 -0.6327 0.6415
vn -0.7250 -0.1664 -0.6683
vn 0.1904 -0.8629 0.4682
vn 0.0137 0.8825 0.4702
vn -0.1534 -0.8383 -0.5231
vn -0.1362 -0.9645 -0.2263
vn -0.0038 -0.9656 0.2599
vn 0.2347 -0.5018 0.8326
vn 0.0411 0.6960 0.7169
vn 0.1082 -0.8487 -0.5176
vn 0.0480 -0.9683 -0.2453
vn 0.0771 -0.8875 0.4543
vn -0.5950 -0.8005 -0.0716
vn -0.8330 -0.5393 0.1232
vn -0.8387 -0.5174 -0.1701
vn -0.6445 -0.6375 -0.4222
vn 0.2966 -0.3070 -0.9043
vn -0.2635 -0.4390 0.8590
vn -0.6485 -0.3490 0.6765
vn 0.6489 0.2220 0.7278
vn -0.4842 -0.7083 0.5136
vn -0.2602 -0.7855 0.5615
vn 0.4930 0.3720 0.7865
vn 0.2746 0.0301 0.9611
vn 0.2783 0.0925 0.9560
vn 0.5933 0.0584 0.8028
vn 0.8370 0.4756 -0.2708
vn 0.6912 0.0657 0.7197
vn 0.6677 0.4688 0.5783
vn 0.8946 0.4364 0.0963
vn 0.9777 0.1689 -0.1250
vn -0.3885 -0.5950 0.7036
vn 0.0739 -0.9932 -0.0896
vn -0.5739 -0.8190 -0.0021
vn -0.2883 -0.4284 -0.8563
vn 0.4067 -0.3183 -0.8563
vn 0.9592 -0.2195 -0.1783
vn -0.2179 0.9279 0.3026
vn -0.7289 -0.0862 -0.6792
vn -0.3572 0.3767 0.8547
vn 0.2965 0.3141 0.9019
vn 0.6635 0.6924 0.2836
vn -0.1439 -0.2822 -0.9485
vn -0.7422 0.3358 -0.5800
vn 0.0278 0.1227 -0.9921
vn -0.8981 -0.4174 -0.1387
vn -0.3175 -0.8791 0.3555
vn -0.3852 -0.5127 0.7673
vn -0.8926 -0.4501 0.0255
vn 0.6004 0.1218 0.7903
vn -0.7383 -0.6719 0.0586
vn -0.5256 -0.8195 0.2285
vn -0.6990 0.0031 -0.7151
vn -0.7414 -0.3249 -0.5872
vn -0.2301 -0.2932 0.9279
vn -0.0100 -0.2797 0.9600
vn 0.0018 0.1855 -0.9827
vn -0.6473 -0.6572 -0.3862
vn -0.5410 -0.2779 -0.7937
vn -0.7101 -0.3937 0.5838
vn -0.4291 -0.5474 0.7185
vn -0.1446 -0.6519 -0.7444
vn -0.4012 0.3406 0.8503
vn -0.0642 0.5546 0.8297
vn 0.7788 0.5938 0.2021
vn 0.7690 0.4618 0.4421
vn -0.5395 -0.2527 0.8032
vn 0.3080 -0.4961 0.8118
vn -0.8035 -0.1925 -0.5633
vn 0.9155 0.4008 0.0338
vn -0.7582 -0.5979 0.2602
vn -0.5642 -0.6901 0.4532
vn -0.4537 -0.5252 0.7199
vn -0.3559 0.1735 -0.9183
vn 0.3399 -0.0113 0.9404
vn -0.6494 -0.7565 0.0773
vn -0.3460 -0.6993 0.6256
vn 0.4829 0.7419 0.4651
vn -0.7167 0.3618 0.5962
vn 0.2334 0.5274 0.8169
vn 0.8613 0.3695 0.3487
vn 0.7182 0.5651 -0.4060
vn 0.5080 -0.0921 -0.8564
vn 0.1570 -0.4136 -0.8968
vn 0.4681 -0.0308 -0.8831
vn 0.7715 0.2774 -0.5726
vn 0.7916 0.5732 0.2117
vn -0.4358 -0.7733 -0.4606
vn -0.6773 -0.6718 -0.2999
vn -0.8156 -0.4115 0.4066
vn -0.4968 0.0849 0.8637
vn 0.4386 -0.2809 -0.8537
vn 0.4650 -0.0822 -0.8815
vn 0.3264 -0.0064 -0.9452
vn 0.8319 -0.1400 -0.5370
vn -0.6252 0.1508 -0.7657
vn -0.8431 -0.1156 -0.5252
vn -0.9712 -0.0342 -0.2356
vn -0.6276 -0.0154 -0.7783
vn -0.8767 0.2335 0.4206
vn -0.7720 -0.2830 -0.5692
vn -0.8352 -0.4361 0.3351
vn -0.3060 0.9401 -0.1500
vn -0.9873 -0.1422 -0.0714
vn -0.6855 -0.2334 0.6896
vn 0.5170 0.1443 0.8437
vn 0.5177 0.6689 -0.5334
vn -0.1682 -0.9164 -0.3632
vn -0.9325 -0.3463 0.1023
vn -0.9336 -0.3280 -0.1440
vn -0.7557 -0.4673 -0.4589
vn 0.9063 -0.0059 -0.4226
vn 0.9327 0.1311 0.3359
vn -0.3047 0.4818 0.8216
vn 0.8059 0.3930 0.4429
vn 0.9710 -0.2384 -0.0164
vn 0.8225 -0.4761 0.3112
vn -0.9026 -0.0067 0.4304
vn -0.8472 -0.2266 0.4805
vn -0.5097 0.1383 0.8491
vn -0.8792 -0.4763 0.0104
vn 0.6948 0.5237 -0.4930
vn -0.5211 -0.3140 0.7936
vn -0.3666 -0.2312 0.9012
vn 0.2586 0.2415 0.9353
vn -0.4857 -0.5733 0.6599
vn -0.2112 -0.6147 0.7600
vn -0.3764 -0.0330 0.9259
vn -0.4157 0.0126 -0.9094
vn -0.2851 -0.2588 0.9229
vn -0.0828 -0.2461 0.9657
vn 0.0497 -0.1773 0.9829
vn -0.4602 0.2315 -0.8571
vn -0.0565 0.1642 -0.9848
vn -0.1844 -0.1143 -0.9762
vn -0.5357 -0.6170 -0.5765
vn 0.3755 0.5594 0.7390
vn -0.9384 -0.2154 0.2702
vn -0.8530 -0.0086 -0.5219
vn -0.6265 0.1423 0.7663
vn -0.5836 -0.2495 0.7727
vn -0.5953 -0.7580 -0.2666
vn -0.7546 -0.1199 -0.6452
vn -0.2657 -0.1664 -0.9496
vn -0.5907 -0.0959 0.8012
vn -0.0872 -0.1772 -0.9803
vn -0.3995 -0.3486 -0.8479
vn -0.8234 0.2390 -0.5147
vn -0.6622 0.5053 -0.5533
vn -0.8730 0.3376 0.3521
vn -0.5325 0.0293 -0.8459
vn -0.7341 -0.5125 -0.4454
vn -0.6718 0.7021 0.2361
vn -0.9699 -0.0354 0.2408
vn -0.0366 -0.0506 0.9980
vn 0.6074 0.1044 0.7875
vn 0.1147 0.6497 -0.7515
vn -0.7296 -0.4113 0.5463
vn -0.9297 -0.3666 0.0356
vn -0.8118 -0.4699 0.3465
vn -0.6026 -0.5599 0.5687
vn -0.7193 -0.6944 -0.0224
vn 0.6929 -0.2600 0.6726
vn 0.4380 0.5566 0.7060
vn 0.4026 -0.6615 -0.6328
vn 0.1900 -0.9160 -0.3533
vn 0.2653 -0.1812 0.9470
vn 0.1148 0.7747 0.6218
vn 0.6214 0.6285 0.4679
vn 0.8895 0.1397 -0.4351
vn 0.0034 0.5016 0.8651
vn -0.0797 0.5799 0.8108
vn 0.6352 0.1101 0.7645
vn 0.9798 -0.1956 0.0414
vn 0.7659 -0.2225 -0.6032
vn 0.2762 0.1383 0.9511
vn -0.0187 0.4485 0.8936
vn -0.7037 0.2661 0.6587
vn -0.8161 0.2804 -0.5053
vn -0.5828 0.7476 0.3184
vn -0.2023 0.4845 0.8511
vn -0.6805 -0.4368 0.5883
vn -0.6257 0.6063 -0.4907
vn -0.4948 0.7586 -0.4240
vn -0.6061 0.7392 -0.2936
vn -0.7048 0.7081 -0.0433
vn -0.1957 -0.3413 -0.9193
vn -0.1284 -0.0528 -0.9903
vn 0.6793 -0.5981 -0.4253
vn -0.1664 -0.1335 -0.9770
vn -0.5743 0.1119 -0.8109
vn -0.6228 0.2313 -0.7474
vn 0.2246 -0.7520 -0.6197
vn 0.8627 -0.2186 -0.4560
vn -0.2559 -0.5095 -0.8215
vn 0.8053 -0.5015 -0.3162
vn -0.2876 -0.9118 -0.2932
vn 0.4618 -0.8869 0.0112
vn 0.5739 -0.5643 -0.5935
vn 0.8457 -0.5310 -0.0524
vn 0.0468 -0.6474 -0.7607
vn -0.6242 -0.5641 -0.5406
vn -0.1384 -0.4682 -0.8727
vn 0.6943 -0.4237 -0.5818
vn -0.0131 -0.3959 -0.9182
vn -0.4171 -0.4749 -0.7750
vn -0.0825 -0.8197 -0.5668
vn -0.1699 -0.6884 -0.7052
vn 0.4938 -0.3028 -0.8152
vn 0.2313 -0.4353 -0.8701
vn -0.0346 -0.8098 -0.5856
vn 0.2750 -0.9606 -0.0402
vn 0.2073 -0.7532 0.6243
vn -0.3109 0.2975 0.9027
vn 0.0810 -0.6595 0.7473
vn 0.0038 -0.9409 0.3387
vn -0.2554 -0.8887 0.3809
vn 0.1590 -0.6565 -0.7374
vn 0.6838 -0.3479 -0.6413
vn 0.7027 -0.4895 -0.5163
vn 0.1012 -0.0156 -0.9947
vn -0.6319 0.3772 -0.6771
vn -0.5519 0.2430 0.7977
vn -0.1570 0.4690 0.8691
vn 0.4304 0.0997 0.8971
vn -0.7890 0.0684 0.6106
vn -0.5163 -0.5599 0.6480
vn 0.1678 0.1747 -0.9702
vn 0.2521 0.5964 -0.7620
vn -0.0685 0.7939 -0.6042
vn -0.4037 0.8852 -0.2312
vn 0.4153 -0.6494 -0.6370
vn 0.6054 0.0452 -0.7947
vn 0.7640 -0.2854 -0.5786
vn 0.4088 0.6884 -0.5992
vn 0.2224 0.4285 -0.8758
vn 0.1580 -0.8401 -0.5188
vn 0.8436 -0.4137 -0.3423
vn 0.7102 -0.6019 0.3651
vn 0.7503 0.3491 -0.5614
vn 0.5303 -0.4132 -0.7403
vn 0.0131 -0.9986 -0.0515
vn 0.1555 -0.6655 0.7301
vn 0.3778 -0.6849 0.6231
vn 0.8564 -0.5134 0.0539
vn -0.2022 -0.7014 0.6835
vn -0.0714 -0.9907 0.1162
vn 0.4166 -0.9082 -0.0413
vn 0.0810 0.1007 0.9916
vn 0.3529 -0.4772 -0.8048
vn -0.2362 -0.3279 0.9147
vn 0.0648 -0.9621 -0.2648
vn 0.3962 -0.6957 -0.5991
vn -0.8648 0.4309 0.2577
vn 0.5570 -0.0014 -0.8305
vn 0.2924 -0.8410 -0.4553
vn -0.0076 -0.9996 -0.0285
vn 0.5047 -0.8162 -0.2812
vn 0.3036 -0.9338 0.1892
vn 0.7116 -0.5091 -0.4843
vn 0.3806 -0.8522 -0.3590
vn -0.2560 -0.9647 -0.0614
vn 0.6000 0.5139 -0.6131
vn -0.8043 -0.1125 -0.5835
vn 0.7316 0.4361 -0.5239
vn 0.9854 0.1560 -0.0684
vn 0.9881 -0.0501 0.1457
vn 0.7704 0.2502 0.5864
vn 0.5633 0.4039 0.7208
vn 0.8680 0.4963 -0.0147
vn 0.3791 0.1790 0.9079
vn 0.9320 0.0366 0.3605
vn 0.9775 -0.0078 -0.2106
vn 0.7185 -0.3859 0.5787
vn 0.7906 -0.3090 0.5286
vn 0.5677 -0.5724 0.5917
vn -0.3707 0.3765 -0.8490
vn 0.8975 0.4405 -0.0235
vn 0.8034 0.5879 0.0944
vn 0.2323 0.1215 -0.9650
vn 0.0273 -0.2646 -0.9640
vn 0.4895 0.1666 0.8560
vn -0.9761 0.0153 0.2169
vn -0.8251 0.4377 -0.3573
vn -0.9487 0.0538 0.3115
vn -0.7075 -0.3660 0.6045
vn -0.9539 -0.1435 -0.2635
vn 0.8734 -0.2437 0.4217
vn 0.7792 -0.2876 0.5568
vn 0.4575 -0.1950 0.8675
vn 0.4005 -0.2312 0.8867
vn 0.5965 -0.0978 0.7966
vn -0.1010 -0.3281 0.9392
vn -0.3326 -0.1162 0.9359
vn 0.6692 -0.2535 0.6985
vn -0.4668 -0.3487 0.8127
vn -0.0348 -0.6469 0.7618
vn 0.0704 0.1279 0.9893
vn 0.3773 0.1809 0.9082
vn 0.9048 0.3610 0.2260
vn -0.0563 -0.1502 0.9870
vn 0.0303 -0.2221 0.9745
vn 0.4801 -0.0707 0.8744
vn -0.4579 0.1815 0.8703
vn 0.8366 0.1467 0.5278
vn 0.8627 -0.1431 0.4850
vn 0.5989 -0.3149 0.7363
vn 0.7590 -0.0696 0.6473
vn -0.3032 0.0387 0.9521
vn 0.7701 0.0430 0.6365
vn 0.9611 -0.1222 0.2477
vn 0.9743 -0.1235 0.1882
vn -0.9109 0.0259 0.4119
vn -0.9616 0.1519 0.2284
vn -0.7366 -0.0730 0.6724
vn -0.7443 -0.0212 0.6675
vn -0.7526 0.3268 -0.5717
vn -0.9617 0.2492 0.1141
vn -0.7276 0.6287 0.2746
vn 0.5268 0.6057 -0.5963
vn 0.8310 0.3921 -0.3946
vn 0.0490 0.4561 -0.8886
vn -0.2263 0.5669 -0.7921
vn 0.8028 0.5887 -0.0947
vn 0.2813 0.8044 -0.5232
vn 0.2413 0.8918 -0.3828
vn -0.6906 0.6628 0.2893
vn -0.7314 0.6574 -0.1813
vn -0.6209 0.5934 0.5122
vn -0.3843 0.6102 0.6928
vn -0.5272 0.6735 -0.5181
vn -0.5279 0.8270 0.1933
vn -0.1391 0.9827 0.1225
vn 0.7726 0.2032 0.6015
vn 0.4705 0.1056 0.8761
vn 0.9826 -0.1828 0.0335
vn 0.8921 0.3215 0.3173
vn -0.3049 0.5263 0.7938
vn 0.2764 0.6852 0.6739
vn 0.4551 0.7765 0.4357
vn 0.9714 -0.2148 -0.1010
vn 0.8020 -0.1269 0.5837
vn 0.7704 -0.4384 -0.4629
vn 0.9736 0.1111 -0.1994
vn -0.0234 0.0952 0.9952
vn 0.5304 0.3735 0.7610
vn 0.6315 0.7431 0.2213
vn -0.1155 0.3062 -0.9449
vn 0.6890 0.3245 -0.6480
vn -0.4198 0.3161 -0.8508
vn -0.2236 0.7174 -0.6598
vn 0.8553 -0.0666 -0.5138
vn 0.7724 0.1424 -0.6189
vn 0.3256 0.4681 -0.8215
vn 0.4869 0.4498 0.7487
vn -0.0758 0.4620 0.8836
vn 0.7306 0.2015 0.6524
vn 0.8106 0.4268 0.4010
vn -0.3470 0.6786 0.6473
vn 0.2940 0.7406 0.6042
vn 0.3698 0.8387 0.3998
vn 0.0354 0.5565 0.8301
vn -0.0191 0.4738 0.8804
vn 0.5854 0.3032 0.7519
vn 0.5743 0.4286 0.6975
vn -0.4875 0.6855 0.5408
vn 0.1813 0.7151 0.6752
vn 0.2756 0.8482 0.4524
vn -0.3443 0.8535 0.3912
vn -0.6375 0.7685 0.0549
vn -0.2099 0.5858 0.7828
vn 0.0563 0.7150 0.6969
vn -0.4970 0.7977 -0.3416
vn -0.1761 0.9653 0.1928
vn -0.0833 0.9943 0.0671
vn -0.1722 0.2791 -0.9447
vn 0.2326 0.0410 -0.9717
vn -0.7553 -0.1201 -0.6443
vn -0.5913 0.4297 -0.6825
vn 0.9157 0.1906 -0.3538
vn 0.4465 0.7136 -0.5398
vn 0.0881 0.9065 -0.4129
vn 0.7269 -0.0369 -0.6857
vn 0.9111 -0.3379 -0.2360
vn 0.1950 -0.1971 -0.9608
vn 0.3109 0.0671 -0.9481
vn 0.9638 0.2591 0.0630
vn 0.7037 0.3508 -0.6178
vn 0.6857 0.1282 -0.7165
vn -0.7143 0.6324 -0.2996
vn -0.6037 0.2545 -0.7555
vn -0.7237 0.6587 -0.2059
vn -0.4274 0.8444 0.3228
vn -0.5825 0.0927 -0.8075
vn -0.6884 0.6987 -0.1948
vn -0.5119 0.8376 -0.1907
vn 0.4184 0.6396 0.6449
vn -0.0722 0.3406 0.9374
vn 0.7571 0.4807 0.4424
vn 0.6980 0.6113 0.3730
vn -0.5689 0.3509 0.7438
vn 0.1460 0.7281 0.6697
vn 0.2300 0.7920 0.5655
vn 0.7278 0.5004 -0.4690
vn 0.9152 0.4012 0.0381
vn 0.5394 0.0938 -0.8368
vn 0.3067 0.5053 -0.8066
vn 0.5419 0.7370 0.4038
vn 0.4124 0.8739 -0.2572
vn 0.1495 0.9637 -0.2214
vn -0.9805 0.1814 -0.0755
vn -0.8822 0.1403 -0.4494
vn -0.9375 -0.0781 0.3390
vn -0.9049 0.2910 0.3106
vn -0.4603 0.4542 -0.7628
vn -0.7686 0.6167 -0.1703
vn -0.4521 0.8614 -0.2313
vn 0.5420 0.8404 0.0048
vn 0.5627 0.6871 0.4597
vn 0.7551 0.4990 -0.4253
vn 0.5324 0.6456 -0.5475
vn -0.0671 0.6774 0.7325
vn 0.3408 0.9401 0.0065
vn -0.0101 0.9725 -0.2328
vn -0.2896 0.4864 -0.8243
vn 0.3289 0.4575 -0.8261
vn -0.4317 0.3803 -0.8179
vn -0.7209 0.4869 -0.4932
vn 0.6422 0.5921 -0.4869
vn -0.0464 0.8351 -0.5481
vn -0.2302 0.9704 0.0729
vn 0.6558 0.4675 0.5928
vn 0.8269 0.3127 0.4674
vn 0.9867 0.1383 -0.0851
vn 0.8758 0.2350 0.4216
vn 0.4285 0.5987 0.6767
vn 0.8648 0.1774 0.4698
vn 0.7338 -0.0882 0.6736
vn -0.2590 0.5635 0.7845
vn -0.5825 0.6136 0.5331
vn 0.0031 0.2643 0.9644
vn 0.1620 0.3565 0.9202
vn -0.6830 0.7243 0.0943
vn -0.2287 0.7448 0.6269
vn -0.1401 0.8788 0.4562
vn -0.1561 0.3444 0.9257
vn -0.6602 0.5131 0.5485
vn -0.0121 -0.0238 0.9996
vn 0.2032 0.3003 0.9319
vn -0.6583 0.7058 0.2617
vn -0.2004 0.7092 0.6759
vn -0.1880 0.7813 0.5951
vn 0.0559 0.5943 -0.8023
vn 0.5783 0.5377 -0.6135
vn -0.0263 0.5835 -0.8117
vn -0.3215 0.6962 -0.6418
vn 0.7659 0.4968 -0.4081
vn 0.2373 0.8120 -0.5333
vn 0.1782 0.9564 -0.2314
vn -0.0213 0.3303 -0.9436
vn 0.5917 0.4030 -0.6982
vn -0.0565 0.3251 -0.9440
vn -0.0428 0.3964 -0.9171
vn 0.7727 0.3242 -0.5457
vn 0.2867 0.4724 -0.8335
vn 0.4174 0.6914 -0.5897
vn -0.2289 0.9156 0.3306
vn -0.4915 0.8612 -0.1298
vn -0.2009 0.8206 0.5350
vn 0.2074 0.7983 0.5654
vn -0.5037 0.8155 -0.2850
vn -0.0632 0.9898 0.1280
vn 0.1290 0.9872 -0.0933
vn -0.7596 0.5600 -0.3308
vn -0.7337 0.5043 -0.4554
vn -0.9043 0.1952 0.3796
vn -0.7939 0.5781 -0.1885
vn 0.0248 0.3425 -0.9392
vn -0.4516 0.3932 -0.8009
vn -0.5599 0.1628 -0.8124
vn 0.1858 0.9682 0.1675
vn -0.2850 0.8971 0.3376
vn 0.5852 0.7729 0.2453
vn 0.6243 0.7811 -0.0149
vn -0.5576 0.8249 0.0931
vn 0.0615 0.9977 -0.0295
vn 0.1713 0.9840 -0.0501
vn 0.6014 0.7882 0.1307
vn 0.5200 0.6705 0.5291
vn 0.7895 0.5333 -0.3037
vn 0.6464 0.5257 -0.5530
vn 0.0935 0.8214 0.5626
vn 0.4047 0.8908 -0.2066
vn 0.1396 0.9414 -0.3070
vn 0.4317 0.8926 0.1300
vn 0.1544 0.8204 0.5506
vn 0.8065 0.5806 -0.1115
vn 0.5689 0.7555 -0.3250
vn -0.3100 0.8458 0.4343
vn 0.1429 0.9888 -0.0440
vn 0.0255 0.9918 -0.1249
vn 0.6454 -0.0411 -0.7627
vn 0.9172 0.1464 -0.3705
vn 0.3931 -0.3350 -0.8563
vn 0.3592 -0.1469 -0.9216
vn 0.9002 0.3660 -0.2362
vn 0.7091 0.2973 -0.6394
vn 0.5921 0.3701 -0.7159
vn -0.5603 -0.2835 -0.7783
vn 0.2337 -0.5548 -0.7985
vn -0.8183 -0.2241 -0.5293
vn -0.9769 0.0628 -0.2044
vn 0.3685 -0.3799 -0.8485
vn -0.5726 -0.0770 -0.8162
vn -0.5040 0.1255 -0.8545
vn -0.3940 0.8819 0.2588
vn -0.5319 0.8093 0.2495
vn -0.2772 0.9479 0.1572
vn -0.0888 0.9748 0.2047
vn -0.8394 0.5233 0.1469
vn -0.5012 0.8184 0.2811
vn -0.4726 0.8812 0.0077
vn 0.0099 0.7693 -0.6388
vn 0.3465 0.7618 -0.5474
vn -0.2955 0.3838 -0.8749
vn -0.3756 0.6101 -0.6976
vn 0.5749 0.8164 0.0545
vn 0.0620 0.9398 -0.3360
vn 0.0502 0.9670 -0.2499
vn 0.5808 0.6986 -0.4179
vn 0.7568 0.5515 -0.3509
vn 0.3379 0.2467 -0.9083
vn 0.1259 0.6323 -0.7644
vn 0.4753 0.7787 0.4095
vn 0.1137 0.9806 -0.1593
vn -0.1892 0.9773 -0.0951
vn -0.0987 0.3248 0.9406
vn -0.6745 0.2563 0.6923
vn 0.0826 0.3018 0.9498
vn 0.1630 0.4402 0.8830
vn -0.9165 0.0836 0.3911
vn -0.4310 0.4161 0.8007
vn -0.4914 0.5968 0.6343
vn 0.4266 0.4923 0.7587
vn -0.5703 -0.1546 0.8067
vn 0.5224 0.1422 0.8408
vn 0.7626 0.6401 0.0939
vn -0.3906 0.3132 0.8656
vn 0.2042 0.8053 0.5566
vn 0.2729 0.8045 0.5275
vn -0.7931 -0.3754 0.4796
vn -0.7324 -0.6136 -0.2953
vn -0.3377 -0.3491 0.8741
vn -0.1544 0.1165 0.9811
vn -0.9492 0.0016 -0.3148
vn -0.7204 0.3081 0.6213
vn -0.4921 0.7717 0.4029
vn 0.5328 0.5588 -0.6355
vn 0.8010 0.5934 0.0789
vn 0.0083 0.0341 -0.9994
vn 0.2550 0.7987 -0.5450
vn 0.5804 0.6133 0.5357
vn 0.5273 0.8375 0.1432
vn 0.5163 0.8537 -0.0679
vn 0.7499 0.2268 0.6214
vn 0.3403 0.5518 0.7614
vn 0.8568 -0.1251 0.5003
vn 0.9772 -0.0853 0.1945
vn -0.0237 0.7082 0.7057
vn 0.5984 0.4612 0.6551
vn 0.5471 0.5856 0.5982
vn -0.1248 0.9589 0.2549
vn -0.3510 0.8832 0.3110
vn 0.1662 0.6368 0.7529
vn 0.3619 0.7191 0.5932
vn -0.3623 0.8483 -0.3861
vn 0.1687 0.9795 0.1100
vn 0.2878 0.9500 0.1214
vn 0.4242 0.7386 0.5239
vn -0.0857 0.8455 0.5271
vn 0.5779 0.4760 0.6629
vn 0.6708 0.6983 0.2497
vn -0.5957 0.7825 0.1814
vn 0.0270 0.9733 0.2277
vn 0.1359 0.9881 -0.0722
vn 0.8308 -0.3141 -0.4595
vn 0.8823 -0.4510 0.1349
vn 0.3309 -0.5174 -0.7892
vn 0.3466 -0.2022 -0.9159
vn 0.9976 0.0431 0.0544
vn 0.7476 0.0051 -0.6642
vn 0.6959 -0.0290 -0.7176
vn -0.3894 0.4440 -0.8070
vn -0.3179 0.1959 -0.9277
vn -0.6069 0.6591 -0.4442
vn -0.6569 0.6317 -0.4117
vn 0.4917 -0.4399 -0.7515
vn -0.1316 0.2834 -0.9499
vn 0.1188 0.5786 -0.8069
vn -0.8026 0.3148 -0.5067
vn -0.8307 0.4975 -0.2499
vn -0.3691 0.9251 -0.0897
vn -0.1306 0.9914 0.0041
vn -0.6786 0.3085 -0.6666
vn -0.4389 0.8789 -0.1870
vn -0.6256 0.7212 -0.2976
vn 0.3302 0.9198 -0.2121
vn 0.2718 0.9610 0.0518
vn 0.3571 0.8463 -0.3953
vn 0.2607 0.7638 -0.5905
vn 0.1375 0.9310 0.3382
vn 0.1624 0.9741 -0.1571
vn -0.1896 0.9620 -0.1968
vn 0.5036 0.8612 0.0685
vn 0.4104 0.8103 0.4182
vn 0.8630 0.4332 -0.2600
vn 0.6172 0.6952 -0.3684
vn -0.2626 0.8560 0.4454
vn 0.1388 0.9868 -0.0836
vn -0.0129 0.9620 -0.2728
vn 0.1456 0.4544 0.8788
vn -0.3820 0.0390 0.9233
vn 0.6618 0.1787 0.7280
vn 0.4399 0.7077 0.5529
vn -0.7252 0.4133 0.5507
vn -0.1448 0.8039 0.5769
vn -0.1471 0.8708 0.4691
vn -0.3936 0.2425 0.8867
vn -0.6448 0.1698 0.7452
vn -0.2576 0.3166 0.9129
vn -0.2181 0.2153 0.9519
vn -0.9887 -0.1383 -0.0586
vn -0.7333 0.1345 0.6665
vn -0.6917 0.6139 0.3803
vn -0.7176 -0.5409 -0.4388
vn -0.2040 -0.4684 -0.8596
vn -0.6894 -0.6803 0.2489
vn -0.8010 -0.2680 0.5353
vn 0.1353 -0.0583 -0.9891
vn -0.8609 0.0779 -0.5028
vn -0.6229 0.5262 -0.5789
vn 0.0533 0.4618 0.8854
vn 0.2602 0.5928 0.7621
vn 0.1956 0.9729 0.1234
vn 0.1446 0.9895 -0.0077
vn -0.4860 -0.0050 0.8740
vn -0.2637 0.8146 0.5167
vn -0.1308 0.9594 0.2499
vn -0.4715 0.8587 -0.2007
vn -0.0862 0.7812 -0.6183
vn -0.7659 0.6347 -0.1024
vn -0.6505 0.7069 0.2778
vn 0.2265 0.8245 -0.5186
vn -0.2070 0.9710 0.1192
vn -0.0126 0.9976 0.0679
vn -0.9603 0.2610 0.0984
vn -0.6083 0.3164 -0.7279
vn -0.9053 -0.1110 0.4099
vn -0.6266 0.1532 0.7641
vn -0.5758 0.6409 -0.5076
vn -0.7390 0.5939 0.3181
vn -0.7727 0.6073 0.1847
vn 0.8229 0.4907 -0.2863
vn 0.8842 0.1499 0.4423
vn 0.5910 0.2674 -0.7611
vn 0.5326 0.6226 -0.5732
vn 0.6154 0.2472 0.7484
vn 0.7347 0.6649 0.1346
vn 0.7653 0.6421 0.0439
vn 0.7336 0.6740 -0.0869
vn 0.8591 0.2821 0.4271
vn 0.7648 0.6414 0.0610
vn 0.4314 0.7254 -0.5364
vn 0.8293 0.4273 0.3601
vn 0.6967 0.6762 -0.2394
vn 0.5884 0.7940 -0.1531
vn -0.8507 0.4762 0.2225
vn -0.6677 0.6091 -0.4280
vn -0.7492 -0.3092 0.5858
vn -0.5168 0.4561 0.7245
vn -0.1613 0.8681 -0.4695
vn -0.2804 0.9514 0.1270
vn -0.1641 0.9698 0.1807
vn 0.4156 0.4881 -0.7675
vn 0.8866 0.0063 -0.4626
vn -0.1922 0.5667 -0.8012
vn -0.0615 0.8873 -0.4571
vn 0.8199 0.5707 -0.0454
vn 0.3497 0.9107 -0.2200
vn 0.3546 0.9124 -0.2043
vn 0.8334 0.4935 -0.2490
vn 0.7739 0.6232 0.1126
vn 0.8710 0.1484 -0.4684
vn 0.7559 0.2743 -0.5944
vn 0.2695 0.8383 0.4739
vn 0.6748 0.7321 -0.0937
vn 0.5872 0.7511 -0.3017
vn 0.1162 0.9916 0.0570
vn 0.0734 0.9879 0.1367
vn 0.5663 0.8161 -0.1154
vn 0.5970 0.7571 -0.2653
vn -0.4595 0.8570 0.2335
vn 0.0504 0.9965 -0.0668
vn -0.0386 0.9683 -0.2467
vn -0.9464 -0.1002 -0.3071
vn -0.6363 -0.6240 -0.4536
vn -0.8625 -0.0085 0.5060
vn -0.8687 0.3589 0.3413
vn -0.2555 -0.1569 -0.9540
vn -0.8503 0.4274 -0.3071
vn -0.7151 0.4907 -0.4979
vn 0.7166 -0.1754 -0.6751
vn 0.9651 -0.0810 -0.2492
vn 0.2908 -0.5278 -0.7981
vn -0.0655 -0.5085 -0.8586
vn 0.9126 0.4079 -0.0281
vn 0.5215 0.0178 -0.8531
vn 0.3579 0.3231 -0.8761
vn 0.8048 -0.0361 -0.5924
vn 0.6701 0.7367 0.0911
vn 0.9064 0.1605 -0.3907
vn 0.2473 -0.2183 -0.9440
vn 0.7823 0.6179 0.0787
vn 0.6636 0.4775 -0.5759
vn 0.4056 0.7647 -0.5007
vn -0.1697 0.9131 0.3708
vn -0.3315 0.8003 0.4997
vn 0.5161 0.7729 0.3691
vn 0.1884 0.9435 0.2728
vn -0.8804 0.4574 0.1256
vn -0.4251 0.8856 0.1872
vn -0.4516 0.8768 0.1652
vn -0.4282 0.3388 -0.8378
vn -0.5901 0.1948 -0.7835
vn -0.7737 -0.3332 -0.5389
vn -0.7243 0.0829 -0.6845
vn 0.3008 0.6796 -0.6691
vn -0.1940 0.4303 -0.8816
vn -0.2721 0.2520 -0.9287
vn 0.3357 0.9397 0.0654
vn 0.5323 0.7789 0.3315
vn 0.3025 0.9108 -0.2809
vn 0.0910 0.9539 -0.2859
vn 0.3860 0.4108 0.8260
vn 0.1252 0.8754 0.4669
vn -0.1324 0.9646 0.2280
vn 0.8822 0.2834 0.3760
vn 0.6850 0.0841 0.7237
vn 0.9492 0.2971 0.1041
vn 0.8540 0.3799 0.3554
vn 0.0360 -0.0099 0.9993
vn 0.4185 0.4126 0.8091
vn 0.3911 0.6194 0.6807
vn -0.7344 0.4886 -0.4711
vn -0.0833 0.5450 -0.8343
vn -0.8930 0.2961 -0.3390
vn -0.9068 0.2995 0.2966
vn -0.2094 0.7564 -0.6196
vn -0.6050 0.7959 0.0253
vn -0.2756 0.9601 0.0476
vn -0.8699 -0.4042 0.2826
vn -0.9651 -0.1848 -0.1857
vn -0.7134 -0.4108 0.5677
vn -0.5256 -0.2075 0.8250
vn -0.8693 0.0014 -0.4942
vn -0.9797 0.0615 0.1909
vn -0.6556 0.7443 0.1274
vn 0.3184 0.9436 0.0912
vn 0.5653 0.7503 0.3428
vn 0.1066 0.9342 -0.3405
vn -0.0242 0.9774 -0.2101
vn 0.5903 0.3567 0.7241
vn 0.3698 0.8341 0.4094
vn 0.2076 0.9058 0.3692
vn -0.1881 0.9527 0.2387
vn -0.2482 0.9667 0.0629
vn -0.1525 0.8372 0.5253
vn 0.0131 0.8077 0.5894
vn -0.1337 0.8992 -0.4165
vn 0.0088 0.9791 0.2033
vn 0.2563 0.9605 0.1082
vn 0.6046 -0.2011 -0.7707
vn 0.7994 -0.5188 -0.3031
vn 0.0953 -0.0631 -0.9934
vn 0.1748 0.1318 -0.9757
vn 0.8998 -0.3163 0.3006
vn 0.8942 0.0505 -0.4449
vn 0.8032 0.2538 -0.5390
vn 0.1451 0.3112 0.9392
vn -0.0262 0.3292 0.9439
vn 0.4800 -0.3271 0.8140
vn 0.4635 0.2127 0.8602
vn -0.4877 0.8219 0.2942
vn 0.0122 0.7620 0.6474
vn 0.2072 0.8713 0.4449
vn 0.7666 -0.3066 -0.5643
vn 0.5847 -0.7805 0.2212
vn 0.5604 -0.1161 -0.8201
vn 0.2977 0.1065 -0.9487
vn 0.8118 -0.3990 0.4263
vn 0.8911 0.0016 -0.4538
vn 0.8014 0.2339 -0.5505
vn 0.3576 -0.4557 0.8151
vn -0.2089 0.4337 0.8765
vn 0.1493 -0.5411 0.8276
vn 0.8300 -0.4664 0.3059
vn -0.1882 0.4911 0.8505
vn 0.5533 0.0536 0.8312
vn 0.5335 0.5250 0.6631
vn -0.0609 0.9807 -0.1857
vn 0.0172 0.7773 -0.6289
vn -0.1364 0.9857 0.0984
vn -0.0666 0.9902 0.1230
vn 0.1887 0.5153 -0.8360
vn 0.0569 0.9735 -0.2216
vn -0.0584 0.8393 -0.5405
vn 0.2024 0.7103 0.6742
vn 0.1777 0.3984 0.8998
vn 0.7479 0.6287 0.2131
vn 0.5516 0.7912 0.2639
vn -0.6371 0.3239 0.6994
vn -0.0366 0.8519 0.5223
vn 0.1142 0.8233 0.5560
vn 0.4629 0.8864 -0.0036
vn 0.2759 0.9242 0.2640
vn 0.5808 0.7856 -0.2134
vn 0.5933 0.7028 -0.3925
vn -0.0208 0.8557 0.5170
vn 0.3454 0.9350 -0.0801
vn 0.2124 0.9350 -0.2841
vn -0.8919 -0.1438 0.4288
vn -0.8815 -0.1102 0.4592
vn -0.3655 0.2105 0.9067
vn -0.2708 0.2357 0.9333
vn -0.9201 -0.1615 -0.3569
vn -0.7361 0.1960 0.6479
vn -0.7967 0.5437 0.2640
vn -0.6192 -0.6863 -0.3816
vn -0.6040 -0.6506 -0.4604
vn -0.4763 -0.7732 0.4187
vn -0.8073 -0.4951 0.3211
vn -0.3603 -0.1762 -0.9161
vn -0.9694 -0.0477 -0.2408
vn -0.8345 0.1893 -0.5175
vn 0.1542 0.9733 0.1699
vn 0.1323 0.8889 0.4386
vn 0.3298 0.8564 -0.3973
vn 0.2371 0.9627 -0.1304
vn -0.2188 0.6237 0.7504
vn -0.0877 0.8766 0.4732
vn 0.0756 0.9317 0.3552
vn -0.0093 0.8483 -0.5294
vn -0.1646 0.8162 -0.5538
vn -0.6535 0.6231 -0.4298
vn -0.5235 0.7324 -0.4355
vn 0.4794 0.8308 -0.2829
vn -0.0740 0.9577 -0.2781
vn -0.0595 0.9979 -0.0248
vn 0.2652 0.6922 -0.6712
vn 0.5740 0.5857 -0.5723
vn -0.0643 0.6781 -0.7321
vn -0.2141 0.6802 -0.7010
vn 0.8598 0.4547 -0.2323
vn 0.3031 0.7328 -0.6092
vn 0.3579 0.8484 -0.3900
vn 0.9449 -0.2629 -0.1953
vn 0.7855 -0.5670 0.2478
vn 0.6493 -0.1882 -0.7369
vn 0.9847 -0.1489 -0.0909
vn 0.2199 -0.1454 0.9646
vn 0.8368 -0.0387 0.5462
vn 0.9052 0.0764 0.4182
vn -0.9304 0.3090 0.1971
vn -0.6171 0.0677 -0.7839
vn -0.4083 -0.0557 0.9112
vn -0.0849 0.2086 0.9743
vn -0.4155 0.9037 -0.1032
vn 0.2200 0.6833 0.6962
vn -0.1013 0.8774 0.4690
vn 0.6870 0.5645 -0.4575
vn 0.3648 0.7281 -0.5804
vn -0.0971 0.9951 0.0194
vn -0.1293 0.9913 -0.0259
vn 0.9628 -0.2653 -0.0511
vn 0.6505 0.7584 0.0401
vn 0.3641 0.9295 0.0582
vn 0.1203 0.9357 0.3316
vn -0.2117 0.9113 0.3530
vn 0.4173 0.8374 0.3531
vn 0.4719 0.8685 0.1517
vn -0.5644 0.7653 0.3095
vn -0.1341 0.9527 0.2728
vn -0.1095 0.9913 0.0727
vn 0.6359 0.6204 0.4590
vn 0.4424 0.7120 0.5453
vn 0.8984 0.0666 0.4341
vn 0.8503 0.4514 0.2708
vn -0.2206 0.9094 0.3526
vn 0.3438 0.8875 0.3070
vn 0.3068 0.9310 0.1980
vn -0.4291 0.7097 -0.5587
vn -0.3447 0.6277 -0.6980
vn -0.4785 0.8115 -0.3353
vn -0.5591 0.8271 -0.0583
vn -0.2207 0.5229 -0.8234
vn -0.5491 0.7584 -0.3513
vn -0.4109 0.8267 -0.3844
vn -0.1080 -0.5879 -0.8017
vn -0.0468 -0.6374 -0.7691
vn -0.7220 -0.2293 -0.6527
vn -0.2895 -0.3623 -0.8859
vn 0.7918 -0.5473 -0.2711
vn 0.2990 -0.3870 -0.8723
vn 0.6136 -0.1957 -0.7650
vn -0.3238 0.9456 0.0329
vn -0.1703 0.9599 0.2228
vn 0.2923 0.8054 0.5156
vn 0.0976 0.9482 0.3023
vn -0.5065 0.8003 -0.3210
vn -0.0910 0.9952 0.0360
vn -0.4084 0.9056 -0.1144
vn 0.9056 0.3106 -0.2888
vn 0.9303 0.3558 0.0891
vn 0.7085 -0.0204 -0.7054
vn 0.7143 0.2836 -0.6398
vn 0.6362 0.5032 0.5848
vn 0.8232 0.5671 0.0264
vn 0.6666 0.7449 -0.0253
vn 0.9488 0.2913 -0.1219
vn 0.6759 0.3301 0.6590
vn 0.9512 0.0829 -0.2973
vn 0.9099 0.3460 -0.2287
vn 0.2844 0.4998 0.8181
vn 0.7555 0.6049 0.2518
vn 0.7960 0.5801 0.1728
vn 0.9588 0.2232 0.1756
vn 0.9585 -0.0259 0.2840
vn 0.8118 0.1307 -0.5691
vn 0.8040 0.2326 -0.5473
vn 0.4563 0.3820 0.8037
vn 0.8333 0.5514 0.0390
vn 0.6634 0.7468 -0.0467
vn -0.0311 0.6792 0.7333
vn -0.5225 0.7360 0.4305
vn 0.1087 0.5340 0.8384
vn 0.5291 0.4217 0.7364
vn -0.5472 0.8086 0.2160
vn 0.1330 0.8285 0.5440
vn 0.1165 0.9740 0.1944
vn -0.5137 0.7221 -0.4633
vn -0.6315 0.6534 -0.4174
vn -0.5805 0.7792 0.2363
vn -0.3977 0.8375 0.3747
vn -0.0166 0.5825 -0.8127
vn -0.1586 0.9831 -0.0913
vn 0.3358 0.9407 0.0488
vn -0.8217 0.2094 -0.5301
vn 0.0287 0.5391 -0.8418
vn -0.0513 0.4198 -0.9062
vn -0.4851 -0.1713 -0.8575
vn 0.6017 -0.2397 -0.7619
vn -0.1792 -0.2634 -0.9479
vn 0.0017 -0.1068 -0.9943
vt 0.235216 0.206472
vt 0.236176 0.212770
vt 0.229310 0.205705
vt 0.722456 0.962790
vt 0.727126 0.958995
vt 0.727126 0.968943
vt 0.229140 0.211765
vt 0.223885 0.206471
vt 0.222856 0.212770
vt 0.138716 0.369872
vt 0.139178 0.374675
vt 0.131969 0.368508
vt 0.727126 0.958995
vt 0.732189 0.960185
vt 0.727126 0.967928
vt 0.176125 0.099101
vt 0.177941 0.105804
vt 0.169569 0.099572
vt 0.169277 0.106225
vt 0.163665 0.098458
vt 0.161968 0.104917
vt 0.711462 0.959027
vt 0.717479 0.958995
vt 0.711593 0.965436
vt 0.717479 0.966859
vt 0.234814 0.199792
vt 0.229420 0.199112
vt 0.224405 0.199793
vt 0.138591 0.364539
vt 0.132506 0.363532
vt 0.175573 0.092332
vt 0.169870 0.092819
vt 0.164570 0.091783
vt 0.109918 0.283221
vt 0.110207 0.288943
vt 0.103929 0.283877
vt 0.103619 0.289745
vt 0.234492 0.192894
vt 0.229529 0.192351
vt 0.224887 0.192981
vt 0.138470 0.359071
vt 0.132908 0.358203
vt 0.175291 0.085415
vt 0.170175 0.085818
vt 0.165341 0.084842
vt 0.109708 0.277158
vt 0.104211 0.277780
vt 0.234078 0.185928
vt 0.229488 0.185547
vt 0.225179 0.186063
vt 0.138550 0.353460
vt 0.133438 0.352584
vt 0.175276 0.078307
vt 0.170631 0.078587
vt 0.166184 0.077736
vt 0.109404 0.271008
vt 0.104333 0.271713
vt 0.233740 0.178691
vt 0.229471 0.178287
vt 0.225454 0.178694
vt 0.138985 0.347574
vt 0.134246 0.346789
vt 0.175320 0.070913
vt 0.171051 0.071238
vt 0.166930 0.070513
vt 0.108807 0.264799
vt 0.104098 0.265457
vt 0.233657 0.171271
vt 0.229648 0.170531
vt 0.225863 0.170965
vt 0.139178 0.341392
vt 0.134718 0.341014
vt 0.175274 0.063615
vt 0.171275 0.064280
vt 0.167411 0.063547
vt 0.108457 0.258620
vt 0.104027 0.258860
vt 0.234161 0.163703
vt 0.230325 0.163052
vt 0.226697 0.163570
vt 0.138222 0.335380
vt 0.133963 0.335075
vt 0.174859 0.056343
vt 0.171052 0.056928
vt 0.167363 0.056123
vt 0.109185 0.251390
vt 0.104952 0.251569
vt 0.233913 0.155613
vt 0.229302 0.155272
vt 0.226180 0.156113
vt 0.297676 0.974264
vt 0.298499 0.981430
vt 0.292987 0.974768
vt 0.799856 0.965069
vt 0.802542 0.958995
vt 0.802542 0.968232
vt 0.173362 0.048707
vt 0.168562 0.048118
vt 0.109989 0.244194
vt 0.105067 0.244409
vt 0.233833 0.146833
vt 0.229349 0.146423
vt 0.226296 0.147492
vt 0.298499 0.967201
vt 0.293911 0.967875
vt 0.173780 0.040415
vt 0.169107 0.039738
vt 0.109908 0.236629
vt 0.105120 0.236559
vt 0.233393 0.137918
vt 0.227946 0.137742
vt 0.457181 0.707100
vt 0.459124 0.715588
vt 0.452024 0.706147
vt 0.765726 0.965395
vt 0.769443 0.958995
vt 0.769443 0.968410
vt 0.295814 0.958995
vt 0.176402 0.031072
vt 0.171001 0.031077
vt 0.111996 0.228722
vt 0.106435 0.228440
vt 0.233182 0.128205
vt 0.228013 0.128221
vt 0.457445 0.699370
vt 0.452574 0.697753
vt 0.176813 0.020717
vt 0.171698 0.020541
vt 0.110947 0.219537
vt 0.105724 0.220023
vt 0.232658 0.117198
vt 0.227833 0.117165
vt 0.459124 0.690572
vt 0.454542 0.689471
vt 0.177372 0.010149
vt 0.172594 0.010031
vt 0.108539 0.210931
vt 0.103619 0.210973
vt 0.232013 0.106345
vt 0.227583 0.106225
vt 0.457235 0.680951
vt 0.453044 0.680613
vt 0.177941 0.000030
vt 0.173540 -0.000000
vt 0.109392 0.201696
vt 0.104923 0.201225
vt 0.827389 0.657833
vt 0.828606 0.663690
vt 0.825580 0.658027
vt 0.826581 0.663967
vt 0.054594 0.121036
vt 0.053826 0.127722
vt 0.052912 0.120811
vt 0.051924 0.127490
vt 0.836969 0.965803
vt 0.837004 0.972556
vt 0.835851 0.965850
vt 0.835760 0.972512
vt 0.826650 0.651567
vt 0.825083 0.651755
vt 0.055775 0.114363
vt 0.054304 0.114047
vt 0.830612 0.966170
vt 0.831014 0.972548
vt 0.829546 0.965736
vt 0.835760 0.958995
vt 0.824963 0.644972
vt 0.823629 0.644849
vt 0.057625 0.107141
vt 0.056327 0.107128
vt 0.831014 0.959327
vt 0.830075 0.958995
vt 0.827010 0.639363
vt 0.825979 0.639017
vt 0.056637 0.100302
vt 0.055566 0.100394
vt 0.376574 0.977284
vt 0.378052 0.983823
vt 0.375520 0.977487
vt 0.376725 0.984027
vt 0.828606 0.632649
vt 0.827818 0.632438
vt 0.057303 0.093542
vt 0.056472 0.093561
vt 0.374182 0.971698
vt 0.373365 0.971722
vt 0.877594 0.959032
vt 0.877185 0.966877
vt 0.877185 0.958995
vt 0.827983 0.626386
vt 0.056366 0.085913
vt 0.055824 0.086085
vt 0.374194 0.965788
vt 0.373656 0.965599
vt 0.873976 0.958995
vt 0.874265 0.966938
vt 0.873740 0.959055
vt 0.873740 0.967035
vt 0.052156 0.078211
vt 0.051924 0.078340
vt 0.378052 0.959137
vt 0.377824 0.958995
vt 0.833134 0.963152
vt 0.833134 0.967555
vt 0.831272 0.962620
vt 0.831014 0.967110
vt 0.003563 0.904160
vt 0.003320 0.910993
vt 0.001763 0.904230
vt 0.001283 0.910857
vt 0.421509 0.990485
vt 0.421149 0.996046
vt 0.419574 0.990440
vt 0.418966 0.995990
vt 0.845084 0.965575
vt 0.844804 0.971438
vt 0.843972 0.964913
vt 0.832720 0.958995
vt 0.002259 0.897362
vt 0.000732 0.897545
vt 0.421702 0.984113
vt 0.420019 0.984051
vt 0.845084 0.959406
vt 0.844093 0.958995
vt 0.001271 0.890583
vt -0.000000 0.890495
vt 0.422036 0.977583
vt 0.420611 0.977586
vt 0.799475 0.970185
vt 0.799856 0.975819
vt 0.798371 0.969965
vt 0.798466 0.975581
vt 0.002112 0.883496
vt 0.001129 0.883271
vt 0.421240 0.971666
vt 0.420103 0.971733
vt 0.799856 0.964481
vt 0.799048 0.964236
vt 0.002422 0.876302
vt 0.001721 0.876169
vt 0.419940 0.965530
vt 0.419087 0.965518
vt 0.861378 0.967203
vt 0.861461 0.973719
vt 0.860871 0.967115
vt 0.799274 0.958995
vt 0.002471 0.868872
vt 0.002058 0.868889
vt 0.877186 0.959257
vt 0.876654 0.965237
vt 0.876654 0.958995
vt 0.418966 0.958995
vt 0.861461 0.959002
vt 0.861194 0.958995
vt 0.003563 0.861423
vt 0.003394 0.861485
vt 0.875142 0.959022
vt 0.875431 0.965464
vt 0.874860 0.958995
vt 0.874860 0.965589
vt 0.847068 0.959814
vt 0.847068 0.965666
vt 0.845342 0.958995
vt 0.845084 0.964957
vt 0.013706 0.782647
vt 0.013304 0.789021
vt 0.011587 0.782549
vt 0.010927 0.788695
vt 0.858111 0.959029
vt 0.858384 0.963012
vt 0.855970 0.958995
vt 0.855970 0.962928
vt 0.806340 0.965744
vt 0.806633 0.971564
vt 0.804772 0.966210
vt 0.804772 0.972325
vt 0.013043 0.775673
vt 0.011219 0.775936
vt 0.955477 0.241155
vt 0.954244 0.247117
vt 0.954021 0.241361
vt 0.952635 0.247453
vt 0.806231 0.958995
vt 0.805016 0.959250
vt 0.011065 0.768568
vt 0.009516 0.768709
vt 0.956363 0.234000
vt 0.955052 0.234422
vt 0.794116 0.965382
vt 0.793422 0.971606
vt 0.793022 0.965076
vt 0.792016 0.971214
vt 0.011497 0.761361
vt 0.010245 0.761274
vt 0.954757 0.228106
vt 0.953665 0.228528
vt 0.873087 0.959065
vt 0.872473 0.966395
vt 0.872473 0.958995
vt 0.792016 0.958995
vt 0.011842 0.754082
vt 0.010897 0.754016
vt 0.955173 0.222177
vt 0.954293 0.222433
vt 0.855970 0.967109
vt 0.855338 0.974555
vt 0.855485 0.967053
vt 0.870806 0.965369
vt 0.871578 0.958995
vt 0.871578 0.965646
vt 0.012290 0.746573
vt 0.011676 0.746476
vt 0.953811 0.216200
vt 0.953189 0.216367
vt 0.855601 0.958997
vt 0.855338 0.958995
vt 0.013706 0.738614
vt 0.013424 0.738555
vt 0.952948 0.210360
vt 0.952635 0.210408
vt 0.852452 0.900574
vt 0.851820 0.906075
vt 0.850539 0.899929
vt 0.849681 0.905286
vt 0.776841 0.967238
vt 0.776695 0.971676
vt 0.774737 0.966975
vt 0.774329 0.971279
vt 0.882335 0.952734
vt 0.883092 0.958644
vt 0.880226 0.952891
vt 0.880723 0.958995
vt 0.853246 0.894484
vt 0.851548 0.894022
vt 0.776169 0.963238
vt 0.774329 0.963057
vt 0.882624 0.946609
vt 0.880800 0.946681
vt 0.853521 0.888461
vt 0.852055 0.888333
vt 0.776171 0.959289
vt 0.774628 0.958995
vt 0.882409 0.940028
vt 0.880883 0.940214
vt 0.851349 0.882706
vt 0.850140 0.882716
vt 0.658946 0.979773
vt 0.657678 0.986765
vt 0.658130 0.979990
vt 0.656781 0.987012
vt 0.881055 0.932998
vt 0.879849 0.933049
vt 0.851207 0.875969
vt 0.850245 0.875910
vt 0.658312 0.973281
vt 0.657613 0.973638
vt 0.881886 0.926284
vt 0.881014 0.926235
vt 0.851280 0.868932
vt 0.850613 0.868956
vt 0.657318 0.966908
vt 0.656781 0.967077
vt 0.883092 0.919295
vt 0.882529 0.919300
vt 0.849993 0.861423
vt 0.849681 0.861472
vt 0.657372 0.958995
vt 0.657096 0.959033
vt 0.879637 0.958995
vt 0.879637 0.967051
vt 0.879362 0.959031
vt 0.882770 0.910993
vt 0.858613 0.813164
vt 0.858567 0.818807
vt 0.856647 0.813301
vt 0.856337 0.818909
vt 0.944885 0.783839
vt 0.945764 0.790205
vt 0.943440 0.783812
vt 0.944142 0.790232
vt 0.351672 0.990393
vt 0.351089 0.996551
vt 0.349968 0.990511
vt 0.349144 0.996690
vt 0.858234 0.807429
vt 0.856540 0.807400
vt 0.944068 0.777266
vt 0.942787 0.777266
vt 0.352101 0.983910
vt 0.350654 0.984146
vt 0.859284 0.801586
vt 0.857868 0.801422
vt 0.943899 0.770597
vt 0.942766 0.770623
vt 0.352220 0.977998
vt 0.351052 0.978312
vt 0.859909 0.795562
vt 0.858762 0.795429
vt 0.943625 0.763953
vt 0.942659 0.763854
vt 0.352328 0.971776
vt 0.351447 0.972139
vt 0.860552 0.788869
vt 0.859690 0.788850
vt 0.944780 0.757260
vt 0.944023 0.757067
vt 0.350982 0.965628
vt 0.350378 0.965932
vt 0.859569 0.781967
vt 0.859048 0.782026
vt 0.945764 0.750540
vt 0.945207 0.750505
vt 0.825061 0.964542
vt 0.826258 0.971186
vt 0.824571 0.964410
vt 0.349144 0.958995
vt 0.856582 0.776993
vt 0.856337 0.777017
vt 0.943970 0.745023
vt 0.943686 0.745070
vt 0.826258 0.959107
vt 0.825995 0.958995
vt 0.915754 0.257698
vt 0.915975 0.264102
vt 0.913492 0.257745
vt 0.913447 0.264052
vt 0.390558 0.993654
vt 0.390607 1.000000
vt 0.388491 0.993618
vt 0.388264 0.999978
vt 0.056687 0.256836
vt 0.057165 0.262976
vt 0.054302 0.256887
vt 0.054491 0.263120
vt 0.915130 0.251179
vt 0.913141 0.251282
vt 0.390833 0.987190
vt 0.389048 0.987138
vt 0.056569 0.250628
vt 0.054482 0.250627
vt 0.914575 0.244818
vt 0.912850 0.244578
vt 0.391085 0.980461
vt 0.389611 0.980354
vt 0.056279 0.244135
vt 0.054552 0.244508
vt 0.915975 0.237995
vt 0.914562 0.237813
vt 0.389911 0.973339
vt 0.388815 0.973300
vt 0.053061 0.237273
vt 0.051683 0.237501
vt 0.915771 0.230649
vt 0.914666 0.230636
vt 0.389656 0.966207
vt 0.388879 0.966391
vt 0.053189 0.230521
vt 0.052131 0.230350
vt 0.915926 0.222986
vt 0.915172 0.223016
vt 0.842763 0.967567
vt 0.841880 0.975194
vt 0.842242 0.967452
vt 0.388264 0.958995
vt 0.054394 0.223074
vt 0.053715 0.222834
vt 0.914662 0.214628
vt 0.914319 0.214652
vt 0.842156 0.959030
vt 0.841880 0.958995
vt 0.057165 0.215089
vt 0.056881 0.214942
vt 0.363711 0.982904
vt 0.362826 0.988354
vt 0.361383 0.983216
vt 0.360197 0.988567
vt 0.431011 0.987130
vt 0.430637 0.992944
vt 0.428403 0.987322
vt 0.427700 0.992821
vt 0.743670 0.058147
vt 0.744779 0.063243
vt 0.741396 0.058667
vt 0.742285 0.064295
vt 0.363161 0.976493
vt 0.361230 0.977156
vt 0.430186 0.981929
vt 0.427955 0.982241
vt 0.743993 0.052222
vt 0.741993 0.052179
vt 0.361260 0.970721
vt 0.359683 0.971073
vt 0.430494 0.977003
vt 0.428655 0.977330
vt 0.745644 0.046144
vt 0.743908 0.046298
vt 0.362471 0.964747
vt 0.361303 0.964733
vt 0.429160 0.970758
vt 0.427700 0.970974
vt 0.744124 0.039713
vt 0.742747 0.040240
vt 0.870085 0.959090
vt 0.869313 0.965793
vt 0.869313 0.958995
vt 0.363711 0.958995
vt 0.429073 0.964095
vt 0.428026 0.964189
vt 0.741763 0.033801
vt 0.740666 0.033995
vt 0.874861 0.958995
vt 0.874861 0.965673
vt 0.874265 0.959109
vt 0.868422 0.964962
vt 0.868422 0.958995
vt 0.869313 0.964851
vt 0.430003 0.958995
vt 0.429335 0.959217
vt 0.743033 0.028114
vt 0.742319 0.027931
vt 0.880316 0.958995
vt 0.880316 0.964792
vt 0.879998 0.959093
vt 0.875431 0.965373
vt 0.875431 0.958995
vt 0.876017 0.965233
vt 0.878174 0.962761
vt 0.878174 0.959016
vt 0.878563 0.962761
vt 0.878920 0.958995
vt 0.745644 0.022422
vt 0.745291 0.022270
vt 0.141527 0.898044
vt 0.141977 0.903604
vt 0.138956 0.898392
vt 0.139071 0.903863
vt 0.408405 0.985333
vt 0.408776 0.989840
vt 0.405964 0.984756
vt 0.406044 0.989225
vt 0.744236 0.963705
vt 0.744329 0.959677
vt 0.746659 0.963107
vt 0.747071 0.958995
vt 0.140543 0.892505
vt 0.138319 0.892914
vt 0.408177 0.981101
vt 0.406044 0.980436
vt 0.744125 0.968337
vt 0.746219 0.967667
vt 0.139725 0.887653
vt 0.137838 0.887777
vt 0.409285 0.976495
vt 0.407455 0.975981
vt 0.745347 0.973106
vt 0.747071 0.972306
vt 0.140859 0.882129
vt 0.139387 0.882075
vt 0.409685 0.970369
vt 0.408150 0.970229
vt 0.591830 0.979788
vt 0.592954 0.985694
vt 0.590879 0.980328
vt 0.866126 0.964716
vt 0.867226 0.958995
vt 0.867226 0.965641
vt 0.141977 0.875711
vt 0.140874 0.875754
vt 0.409035 0.964193
vt 0.407876 0.964295
vt 0.590553 0.973379
vt 0.589736 0.973539
vt 0.141505 0.868369
vt 0.140809 0.868572
vt 0.406723 0.958995
vt 0.405964 0.959168
vt 0.590513 0.966231
vt 0.589925 0.966094
vt 0.138450 0.861423
vt 0.138141 0.861573
vt 0.873413 0.965528
vt 0.873087 0.959252
vt 0.873740 0.965413
vt 0.873740 0.958995
vt 0.592954 0.959119
vt 0.592671 0.958995
vt 0.783094 0.963936
vt 0.782952 0.968930
vt 0.780582 0.963647
vt 0.780114 0.968426
vt 0.819161 0.946605
vt 0.820276 0.952434
vt 0.816825 0.946664
vt 0.817672 0.952694
vt 0.798371 0.965210
vt 0.798279 0.971154
vt 0.796611 0.964626
vt 0.796271 0.970501
vt 0.782300 0.959133
vt 0.780114 0.958995
vt 0.818605 0.940775
vt 0.816536 0.940585
vt 0.470459 0.987026
vt 0.470826 0.991813
vt 0.468597 0.986417
vt 0.796271 0.958995
vt 0.804772 0.965073
vt 0.804685 0.970123
vt 0.803001 0.964792
vt 0.802543 0.969741
vt 0.818940 0.934706
vt 0.817176 0.934310
vt 0.469312 0.981794
vt 0.467703 0.981457
vt 0.803902 0.959185
vt 0.802543 0.958995
vt 0.820121 0.928595
vt 0.818657 0.928366
vt 0.468897 0.975839
vt 0.467527 0.975482
vt 0.733041 0.964381
vt 0.733492 0.958995
vt 0.734159 0.964620
vt 0.734928 0.959355
vt 0.819591 0.922452
vt 0.818461 0.922506
vt 0.469283 0.970773
vt 0.468204 0.970453
vt 0.732189 0.969937
vt 0.732970 0.969923
vt 0.818412 0.916584
vt 0.817627 0.916525
vt 0.469741 0.966039
vt 0.468976 0.965873
vt 0.879998 0.958995
vt 0.879998 0.964833
vt 0.879637 0.959064
vt 0.734928 0.974682
vt 0.820276 0.911032
vt 0.819918 0.910993
vt 0.470826 0.959049
vt 0.470450 0.958995
vt 0.304911 0.989919
vt 0.305274 0.994016
vt 0.302177 0.990164
vt 0.302177 0.994436
vt 0.945006 0.552335
vt 0.946266 0.557743
vt 0.943159 0.552245
vt 0.944190 0.557699
vt 0.247755 0.986901
vt 0.246921 0.992453
vt 0.245334 0.986887
vt 0.244206 0.992205
vt 0.305086 0.985372
vt 0.302705 0.985494
vt 0.944582 0.546797
vt 0.942885 0.546614
vt 0.247949 0.981383
vt 0.245896 0.981555
vt 0.304752 0.980791
vt 0.302744 0.980747
vt 0.944126 0.541293
vt 0.942659 0.540853
vt 0.247972 0.975552
vt 0.246299 0.976124
vt 0.305412 0.975008
vt 0.303802 0.974848
vt 0.946174 0.535600
vt 0.944907 0.535239
vt 0.245780 0.970326
vt 0.244540 0.970896
vt 0.305650 0.969688
vt 0.304427 0.969698
vt 0.946254 0.529780
vt 0.945236 0.529594
vt 0.245412 0.964874
vt 0.244496 0.965071
vt 0.304498 0.964451
vt 0.303699 0.964549
vt 0.946207 0.524275
vt 0.945470 0.524102
vt 0.244770 0.958995
vt 0.244206 0.959061
vt 0.302543 0.958995
vt 0.302177 0.959029
vt 0.946266 0.518644
vt 0.945872 0.518578
vt 0.876654 0.959086
vt 0.876654 0.964848
vt 0.876295 0.958995
vt 0.876017 0.964622
vt 0.916821 0.509932
vt 0.916988 0.515573
vt 0.914528 0.510462
vt 0.914397 0.515813
vt 0.320501 0.985104
vt 0.320432 0.990387
vt 0.317969 0.985276
vt 0.317573 0.990441
vt 0.880187 0.243055
vt 0.881756 0.248095
vt 0.877602 0.243305
vt 0.878934 0.248880
vt 0.916146 0.504714
vt 0.914177 0.505603
vt 0.320602 0.980464
vt 0.318429 0.980683
vt 0.880495 0.237647
vt 0.878256 0.237324
vt 0.914580 0.500196
vt 0.912850 0.500587
vt 0.321445 0.975813
vt 0.319663 0.976110
vt 0.881756 0.231696
vt 0.879854 0.231705
vt 0.915465 0.494797
vt 0.914085 0.494673
vt 0.320380 0.969905
vt 0.318980 0.970356
vt 0.880133 0.226089
vt 0.878616 0.226338
vt 0.916988 0.489230
vt 0.915873 0.489230
vt 0.318568 0.964467
vt 0.317573 0.964773
vt 0.879328 0.220282
vt 0.878178 0.220425
vt 0.916389 0.483386
vt 0.915633 0.483597
vt 0.318804 0.958995
vt 0.318187 0.959153
vt 0.878465 0.214332
vt 0.877695 0.214260
vt 0.913985 0.478630
vt 0.913621 0.478759
vt 0.879362 0.959060
vt 0.879362 0.965199
vt 0.879098 0.958995
vt 0.878920 0.965031
vt 0.879737 0.208473
vt 0.879380 0.208355
vt 0.520531 0.945360
vt 0.520595 0.950768
vt 0.518649 0.945274
vt 0.518487 0.950704
vt 0.774150 0.970320
vt 0.773810 0.975704
vt 0.772832 0.970462
vt 0.772300 0.975806
vt 0.955970 0.600749
vt 0.956012 0.606128
vt 0.953736 0.600708
vt 0.953484 0.606101
vt 0.520690 0.939977
vt 0.519046 0.939632
vt 0.774329 0.964731
vt 0.773230 0.964887
vt 0.956051 0.595148
vt 0.954128 0.595363
vt 0.521586 0.934545
vt 0.520172 0.934163
vt 0.773142 0.958995
vt 0.772300 0.959183
vt 0.954756 0.589710
vt 0.953160 0.589952
vt 0.522460 0.928624
vt 0.521267 0.928518
vt 0.636985 0.976514
vt 0.636519 0.981555
vt 0.636118 0.976721
vt 0.635490 0.981983
vt 0.954620 0.583978
vt 0.953345 0.584110
vt 0.521710 0.922570
vt 0.520781 0.922691
vt 0.638299 0.970862
vt 0.637573 0.970966
vt 0.953566 0.578033
vt 0.952635 0.577972
vt 0.520752 0.916482
vt 0.520129 0.916662
vt 0.637252 0.964862
vt 0.636724 0.964989
vt 0.954788 0.572116
vt 0.954227 0.571906
vt 0.518802 0.910993
vt 0.518487 0.911102
vt 0.635781 0.958995
vt 0.635490 0.959058
vt 0.880595 0.959054
vt 0.880316 0.964970
vt 0.880316 0.958995
vt 0.956051 0.566380
vt 0.482715 0.986866
vt 0.482548 0.991972
vt 0.480097 0.986893
vt 0.479524 0.991758
vt 0.850785 0.959870
vt 0.851123 0.963894
vt 0.848466 0.958995
vt 0.848466 0.963007
vt 0.769745 0.962559
vt 0.769443 0.958995
vt 0.772157 0.961783
vt 0.852208 0.962597
vt 0.854041 0.958995
vt 0.854041 0.964644
vt 0.481996 0.981630
vt 0.479820 0.981848
vt 0.866126 0.960329
vt 0.864553 0.963670
vt 0.864553 0.958995
vt 0.861461 0.964086
vt 0.862947 0.958995
vt 0.862947 0.964774
vt 0.770333 0.966817
vt 0.772300 0.966308
vt 0.481257 0.975993
vt 0.479524 0.975988
vt 0.808090 0.968331
vt 0.808490 0.972342
vt 0.806633 0.967663
vt 0.867226 0.964576
vt 0.868422 0.958995
vt 0.868422 0.964995
vt 0.769443 0.971090
vt 0.770964 0.970615
vt 0.481865 0.970477
vt 0.480594 0.970429
vt 0.808490 0.963538
vt 0.807358 0.963134
vt 0.848316 0.963692
vt 0.848466 0.968390
vt 0.847335 0.963085
vt 0.847068 0.967617
vt 0.481678 0.964525
vt 0.480865 0.964643
vt 0.807857 0.959203
vt 0.807097 0.958995
vt 0.843271 0.964700
vt 0.843972 0.970442
vt 0.842763 0.964632
vt 0.848466 0.958995
vt 0.480050 0.958995
vt 0.479688 0.959099
vt 0.877866 0.963927
vt 0.877594 0.959367
vt 0.878173 0.963777
vt 0.878173 0.958995
vt 0.843972 0.959067
vt 0.843696 0.958995
vt 0.955524 0.795323
vt 0.956422 0.799809
vt 0.953035 0.795126
vt 0.953563 0.799583
vt 0.301734 0.987298
vt 0.300941 0.992469
vt 0.299595 0.986567
vt 0.298499 0.991535
vt 0.667774 0.975858
vt 0.668403 0.980698
vt 0.665705 0.975236
vt 0.666027 0.980070
vt 0.954767 0.790605
vt 0.952635 0.790185
vt 0.302177 0.981752
vt 0.300317 0.981515
vt 0.667519 0.971004
vt 0.665788 0.970398
vt 0.955778 0.785462
vt 0.954044 0.784967
vt 0.301849 0.975721
vt 0.300271 0.975774
vt 0.668403 0.965443
vt 0.667096 0.964954
vt 0.956826 0.779904
vt 0.955489 0.779699
vt 0.301473 0.969651
vt 0.300282 0.969779
vt 0.814056 0.965024
vt 0.815143 0.970252
vt 0.812971 0.965297
vt 0.668392 0.958995
vt 0.956661 0.773278
vt 0.955803 0.773493
vt 0.299337 0.963939
vt 0.298499 0.963912
vt 0.815143 0.959019
vt 0.814423 0.958995
vt 0.952977 0.767756
vt 0.952635 0.767958
vt 0.299158 0.959040
vt 0.298765 0.958995
vt 0.871578 0.964542
vt 0.871578 0.959014
vt 0.871970 0.964509
vt 0.872473 0.958995
vt 0.552868 0.986168
vt 0.553401 0.991190
vt 0.550581 0.986313
vt 0.550776 0.991677
vt 0.388264 0.981235
vt 0.388033 0.985528
vt 0.385867 0.981541
vt 0.385248 0.985431
vt 0.754776 0.970629
vt 0.754597 0.975443
vt 0.752881 0.970749
vt 0.752391 0.975866
vt 0.552834 0.980377
vt 0.550980 0.980294
vt 0.386072 0.976923
vt 0.384110 0.977352
vt 0.754613 0.964808
vt 0.752972 0.964990
vt 0.553401 0.974913
vt 0.551931 0.975109
vt 0.385477 0.972287
vt 0.383889 0.972210
vt 0.753738 0.958995
vt 0.752391 0.959460
vt 0.553289 0.969915
vt 0.552252 0.970228
vt 0.387362 0.967388
vt 0.386226 0.967332
vt 0.864135 0.959077
vt 0.864553 0.964146
vt 0.862947 0.958995
vt 0.862947 0.963992
vt 0.552645 0.964425
vt 0.552015 0.964678
vt 0.387726 0.962922
vt 0.386983 0.963033
vt 0.851839 0.964574
vt 0.852208 0.969924
vt 0.851123 0.964668
vt 0.851197 0.970295
vt 0.551188 0.958995
vt 0.550926 0.959139
vt 0.388264 0.958995
vt 0.387933 0.959082
vt 0.852208 0.958995
vt 0.851859 0.959003
vt 0.642929 0.966467
vt 0.642929 0.972751
vt 0.638299 0.965891
vt 0.638551 0.972062
vt 0.673311 0.965014
vt 0.673311 0.970721
vt 0.668403 0.964752
vt 0.669133 0.970239
vt 0.305650 0.986903
vt 0.309543 0.980036
vt 0.310050 0.986808
vt 0.305763 0.979171
vt 0.808490 0.964520
vt 0.808490 0.958995
vt 0.812971 0.964182
vt 0.821426 0.961692
vt 0.818422 0.966523
vt 0.818422 0.958995
vt 0.640566 0.958995
vt 0.829546 0.961655
vt 0.826258 0.965230
vt 0.826258 0.958995
vt 0.669923 0.958995
vt 0.310050 0.972892
vt 0.306018 0.972744
vt 0.744125 0.965297
vt 0.742634 0.971104
vt 0.740674 0.964374
vt 0.815143 0.966276
vt 0.815143 0.958995
vt 0.818422 0.966216
vt 0.780114 0.964366
vt 0.776841 0.968324
vt 0.776841 0.962933
vt 0.821426 0.963515
vt 0.824571 0.958995
vt 0.824571 0.966137
vt 0.310026 0.965940
vt 0.306461 0.966175
vt 0.616332 0.974006
vt 0.617023 0.979999
vt 0.613539 0.974456
vt 0.744125 0.958995
vt 0.841881 0.958995
vt 0.841881 0.965825
vt 0.839444 0.959839
vt 0.779318 0.958995
vt 0.309586 0.958995
vt 0.307156 0.960078
vt 0.616469 0.966562
vt 0.614313 0.966342
vt 0.796271 0.965212
vt 0.794116 0.971046
vt 0.794116 0.964981
vt 0.833134 0.965741
vt 0.833134 0.958995
vt 0.835760 0.964854
vt 0.634479 0.972182
vt 0.635490 0.978056
vt 0.632353 0.972624
vt 0.633088 0.979089
vt 0.617023 0.959363
vt 0.615876 0.958995
vt 0.855338 0.958995
vt 0.855085 0.966849
vt 0.854041 0.958995
vt 0.795119 0.958995
vt 0.633555 0.965603
vt 0.632197 0.965253
vt 0.859658 0.959000
vt 0.859658 0.966608
vt 0.858925 0.958995
vt 0.858384 0.966282
vt 0.870806 0.959103
vt 0.870085 0.966201
vt 0.870085 0.958995
vt 0.859658 0.966110
vt 0.860871 0.958995
vt 0.860871 0.966621
vt 0.635490 0.959397
vt 0.635030 0.958995
vt 0.289219 0.760574
vt 0.279651 0.760574
vt 0.282964 0.738555
vt 0.535870 0.368333
vt 0.528544 0.352558
vt 0.543342 0.347606
vt 0.543342 0.370336
vt 0.424238 0.736404
vt 0.433940 0.715588
vt 0.433940 0.737831
vt 0.082837 0.594608
vt 0.066454 0.580701
vt 0.082837 0.575143
vt 0.907471 0.376752
vt 0.900223 0.373189
vt 0.907471 0.354190
vt 0.843588 0.794039
vt 0.851617 0.773211
vt 0.851617 0.795491
vt 0.028311 0.565595
vt 0.028311 0.545327
vt 0.044612 0.552199
vt 0.740070 0.620289
vt 0.730688 0.621939
vt 0.730688 0.599334
vt 0.750403 0.308322
vt 0.740666 0.308322
vt 0.743076 0.286885
vt 0.598046 0.262294
vt 0.592051 0.244424
vt 0.606038 0.240935
vt 0.606038 0.263451
vt 0.910124 0.227612
vt 0.900223 0.227612
vt 0.903349 0.211048
vt 0.178521 0.642584
vt 0.194951 0.635355
vt 0.194951 0.653003
vt 0.696548 0.662591
vt 0.706261 0.641823
vt 0.706261 0.664387
vt 0.875284 0.416796
vt 0.867669 0.412720
vt 0.875284 0.394483
vt 0.426965 0.094757
vt 0.426965 0.072539
vt 0.443132 0.079876
vt 0.740666 0.482647
vt 0.749858 0.462201
vt 0.749858 0.484861
vt 0.369111 0.881756
vt 0.376963 0.861423
vt 0.376963 0.883652
vt 0.271397 0.670016
vt 0.271397 0.651898
vt 0.286582 0.653534
vt 0.789160 0.709993
vt 0.780326 0.707209
vt 0.789160 0.687138
vt 0.932756 0.062740
vt 0.932756 0.040246
vt 0.939347 0.058609
vt 0.186028 0.535595
vt 0.178521 0.516398
vt 0.196111 0.516398
vt 0.706324 0.235491
vt 0.696548 0.237382
vt 0.696548 0.214782
vt 0.879849 0.933777
vt 0.873013 0.930163
vt 0.879849 0.910993
vt 0.101160 0.588865
vt 0.085047 0.576382
vt 0.101160 0.568920
vt 0.780326 0.600543
vt 0.785310 0.578250
vt 0.789390 0.600543
vt 0.750137 0.703249
vt 0.740666 0.700359
vt 0.750137 0.681310
vt 0.632869 0.414459
vt 0.619711 0.398149
vt 0.632869 0.391498
vt 0.922826 0.678778
vt 0.929409 0.658264
vt 0.929409 0.680987
vt 0.409981 0.832508
vt 0.400707 0.832508
vt 0.406674 0.811986
vt 0.170262 0.402231
vt 0.161228 0.381475
vt 0.178991 0.381475
vt 0.000000 0.810331
vt 0.003169 0.789021
vt 0.009466 0.810331
vt 0.023494 0.759903
vt 0.029991 0.738555
vt 0.033397 0.759903
vt 0.511399 0.438841
vt 0.511399 0.416108
vt 0.526364 0.423870
vt 0.263753 0.831144
vt 0.253776 0.831144
vt 0.258582 0.811986
vt 0.790301 0.565171
vt 0.790301 0.542206
vt 0.798852 0.562316
vt 0.029140 0.703527
vt 0.029140 0.680613
vt 0.040463 0.686671
vt 0.922762 0.713672
vt 0.912850 0.713672
vt 0.919188 0.698243
vt 0.071067 0.759433
vt 0.061514 0.760658
vt 0.061514 0.738555
vt 0.624257 0.120191
vt 0.624257 0.097254
vt 0.637318 0.104623
vt 0.261136 0.925972
vt 0.270923 0.910993
vt 0.270923 0.927310
vt 0.908419 0.481008
vt 0.900223 0.481008
vt 0.908309 0.461093
vt 0.601208 0.392280
vt 0.586896 0.374646
vt 0.601208 0.370143
vt 0.263753 0.834066
vt 0.267005 0.811986
vt 0.272410 0.834066
vt 0.749898 0.352984
vt 0.740666 0.350617
vt 0.749898 0.330393
vt 0.131617 0.372611
vt 0.115233 0.356563
vt 0.131617 0.349671
vt 0.856337 0.736964
vt 0.864994 0.720292
vt 0.864994 0.740724
vt 0.395326 0.738501
vt 0.395326 0.715588
vt 0.404749 0.735617
vt 0.187376 0.473531
vt 0.179980 0.452602
vt 0.196830 0.452602
vt 0.887290 0.037305
vt 0.877602 0.039705
vt 0.877602 0.022282
vt 0.206379 0.861394
vt 0.206379 0.838460
vt 0.214394 0.858318
vt 0.348405 0.098885
vt 0.348405 0.079399
vt 0.361870 0.080290
vt 0.940086 0.148738
vt 0.932756 0.143602
vt 0.940086 0.128560
vt 0.578881 0.738458
vt 0.569472 0.735544
vt 0.578881 0.715588
vt 0.596576 0.286772
vt 0.582637 0.271830
vt 0.596576 0.263970
vt 0.771198 0.878666
vt 0.777146 0.861423
vt 0.781175 0.878666
vt 0.560778 0.550218
vt 0.553812 0.551041
vt 0.550130 0.529894
vt 0.565764 0.529894
vt 0.942659 0.831448
vt 0.948844 0.811278
vt 0.948844 0.833954
vt 0.240898 0.738495
vt 0.231446 0.735625
vt 0.240898 0.715588
vt 0.428159 0.315248
vt 0.412243 0.299780
vt 0.428159 0.292463
vt 0.856337 0.284845
vt 0.865187 0.268433
vt 0.865187 0.288528
vt 0.730688 0.333213
vt 0.737164 0.311198
vt 0.740355 0.333213
vt 0.406121 0.459539
vt 0.398523 0.438577
vt 0.415501 0.438577
vt 0.658350 0.855419
vt 0.648561 0.857005
vt 0.648561 0.838459
vt 0.730688 0.110736
vt 0.736626 0.088939
vt 0.740467 0.110736
vt 0.407522 0.198890
vt 0.391137 0.183054
vt 0.407522 0.176419
vt 0.750355 0.396518
vt 0.740666 0.394272
vt 0.750355 0.375004
vt 0.759987 0.671776
vt 0.750454 0.671776
vt 0.754783 0.650107
vt 0.035726 0.480960
vt 0.028311 0.459961
vt 0.045018 0.459961
vt 0.760426 0.611679
vt 0.760426 0.590061
vt 0.769916 0.610080
vt 0.851850 0.271324
vt 0.843588 0.271324
vt 0.848155 0.249527
vt 0.633071 0.369169
vt 0.633071 0.346203
vt 0.645931 0.353127
vt 0.877602 0.709731
vt 0.885130 0.690744
vt 0.885130 0.712967
vt 0.437011 0.834155
vt 0.428429 0.830380
vt 0.437011 0.811986
vt 0.073112 0.511094
vt 0.066454 0.490894
vt 0.083464 0.490894
vt 0.240118 0.859801
vt 0.240118 0.838459
vt 0.248724 0.855923
vt 0.833611 0.397892
vt 0.833611 0.375521
vt 0.841912 0.396197
vt 0.043890 0.607204
vt 0.028311 0.595483
vt 0.043890 0.587010
vt 0.895092 0.790834
vt 0.887579 0.794387
vt 0.887579 0.772471
vt 0.730688 0.176782
vt 0.736630 0.155059
vt 0.740493 0.176782
vt 0.437985 0.686367
vt 0.423726 0.698065
vt 0.423726 0.680613
vt 0.134846 0.857511
vt 0.125178 0.855873
vt 0.134846 0.838459
vt 0.819726 0.301295
vt 0.811293 0.298263
vt 0.819726 0.278360
vt 0.666292 0.142719
vt 0.653413 0.131313
vt 0.666292 0.121266
vt 0.912850 0.535434
vt 0.912850 0.515813
vt 0.920691 0.530424
vt 0.952500 0.378007
vt 0.942659 0.378007
vt 0.944170 0.363547
vt 0.456977 0.238750
vt 0.447940 0.217662
vt 0.464760 0.217662
vt 0.932756 0.900139
vt 0.932756 0.877423
vt 0.939153 0.896694
vt 0.887328 0.327332
vt 0.877602 0.327796
vt 0.877602 0.310523
vt 0.586896 0.392879
vt 0.572713 0.375792
vt 0.586896 0.370143
vt 0.680498 0.761367
vt 0.680498 0.738555
vt 0.689672 0.758617
vt 0.044331 0.882723
vt 0.044331 0.861423
vt 0.052608 0.878375
vt 0.122749 0.458650
vt 0.115233 0.437807
vt 0.132323 0.437807
vt 0.832956 0.788049
vt 0.823629 0.784667
vt 0.832956 0.768039
vt 0.117305 0.831386
vt 0.124331 0.811986
vt 0.127196 0.831386
vt 0.254190 0.400288
vt 0.254190 0.377684
vt 0.270533 0.384236
vt 0.706306 0.076741
vt 0.696548 0.078661
vt 0.696548 0.055951
vt 0.403705 0.928157
vt 0.396064 0.931772
vt 0.396064 0.910993
vt 0.659613 0.366990
vt 0.645931 0.348592
vt 0.659613 0.346203
vt 0.770408 0.304187
vt 0.779721 0.284928
vt 0.779721 0.306868
vt 0.841969 0.165872
vt 0.833611 0.167560
vt 0.833611 0.145291
vt 0.247219 0.620763
vt 0.236176 0.603064
vt 0.253589 0.603064
vt 0.867669 0.610230
vt 0.875375 0.591653
vt 0.875375 0.613651
vt 0.799882 0.348501
vt 0.790300 0.348501
vt 0.791582 0.327934
vt 0.681197 0.261586
vt 0.695561 0.259645
vt 0.695561 0.275945
vt 0.823629 0.378396
vt 0.833263 0.359710
vt 0.833263 0.379174
vt 0.619074 0.832845
vt 0.627580 0.811986
vt 0.627580 0.834262
vt 0.474923 0.315307
vt 0.474923 0.292463
vt 0.490185 0.299925
vt 0.907735 0.645016
vt 0.900223 0.648788
vt 0.900223 0.627133
vt 0.716857 0.442842
vt 0.723049 0.421180
vt 0.726731 0.442842
vt 0.416000 0.520945
vt 0.416000 0.500038
vt 0.432347 0.506790
vt 0.843059 0.638945
vt 0.833611 0.641928
vt 0.833611 0.622316
vt 0.798888 0.434727
vt 0.790300 0.431665
vt 0.798888 0.411808
vt 0.576200 0.694023
vt 0.590796 0.680613
vt 0.590796 0.697413
vt 0.531327 0.930511
vt 0.531327 0.910993
vt 0.539412 0.925657
vt 0.834228 0.882357
vt 0.826023 0.881765
vt 0.834228 0.861423
vt 0.443360 0.144422
vt 0.427371 0.127936
vt 0.443360 0.121961
vt 0.266297 0.860085
vt 0.268138 0.838459
vt 0.274785 0.860085
vt 0.769942 0.720849
vt 0.760426 0.720849
vt 0.764920 0.699292
vt 0.189625 0.388491
vt 0.180586 0.367403
vt 0.198267 0.367403
vt 0.182518 0.737481
vt 0.188546 0.715588
vt 0.192417 0.737481
vt 0.084520 0.927399
vt 0.088954 0.910993
vt 0.094329 0.927399
vt 0.115233 0.395543
vt 0.115233 0.372611
vt 0.131442 0.379346
vt 0.716500 0.088344
vt 0.706527 0.088344
vt 0.710803 0.066386
vt 0.922826 0.261344
vt 0.922826 0.244445
vt 0.931769 0.257114
vt 0.552811 0.315247
vt 0.538200 0.298351
vt 0.552811 0.292463
vt 0.716030 0.334892
vt 0.706527 0.332536
vt 0.716030 0.311931
vt 0.922317 0.377648
vt 0.912850 0.380447
vt 0.912850 0.364148
vt 0.433050 0.438917
vt 0.433050 0.416108
vt 0.448719 0.422377
vt 0.681197 0.638965
vt 0.686717 0.616672
vt 0.691154 0.638965
vt 0.939723 0.486603
vt 0.932756 0.490266
vt 0.932756 0.469196
vt 0.673807 0.263419
vt 0.661848 0.245384
vt 0.673807 0.240935
vt 0.018967 0.834254
vt 0.024278 0.811986
vt 0.027596 0.834254
vt 0.820998 0.127092
vt 0.811293 0.127092
vt 0.816454 0.107123
vt 0.161228 0.630966
vt 0.161228 0.610604
vt 0.176137 0.619852
vt 0.346111 0.758141
vt 0.355676 0.738555
vt 0.355676 0.760557
vt 0.780326 0.020700
vt 0.785836 -0.000000
vt 0.790149 0.020700
vt 0.498232 0.628272
vt 0.483079 0.617184
vt 0.498232 0.608147
vt 0.780326 0.632378
vt 0.770408 0.632378
vt 0.775822 0.611851
vt 0.300376 0.833221
vt 0.300376 0.811986
vt 0.309368 0.829460
vt 0.433048 0.543270
vt 0.433048 0.521582
vt 0.448563 0.529816
vt 0.047331 0.809684
vt 0.037581 0.809684
vt 0.040140 0.789021
vt 0.770329 0.569371
vt 0.760426 0.569371
vt 0.763921 0.548639
vt 0.207756 0.560339
vt 0.196923 0.541044
vt 0.214100 0.541044
vt 0.112650 0.809888
vt 0.112650 0.789021
vt 0.122287 0.807285
vt 0.373045 0.434530
vt 0.364328 0.433807
vt 0.364978 0.413510
vt 0.377442 0.413510
vt 0.381489 0.431885
vt 0.866118 0.442546
vt 0.856337 0.442546
vt 0.861631 0.424398
vt 0.196923 0.500002
vt 0.196923 0.477063
vt 0.212039 0.484235
vt 0.750454 0.290966
vt 0.759567 0.270277
vt 0.759567 0.293002
vt 0.877602 0.425429
vt 0.877602 0.407277
vt 0.886843 0.421868
vt 0.398303 0.394050
vt 0.382032 0.377846
vt 0.398303 0.371331
vt 0.779718 0.762262
vt 0.770408 0.762262
vt 0.772966 0.740413
vt 0.877602 0.367582
vt 0.877602 0.349803
vt 0.887047 0.364781
vt 0.643917 0.239905
vt 0.630597 0.221946
vt 0.643917 0.217662
vt 0.706229 0.123833
vt 0.696548 0.121406
vt 0.706229 0.100948
vt 0.312743 0.927398
vt 0.303031 0.927398
vt 0.303485 0.910993
vt 0.270310 0.486928
vt 0.254190 0.470763
vt 0.270310 0.465243
vt 0.727562 0.759475
vt 0.736945 0.738555
vt 0.736945 0.760849
vt 0.939457 0.781741
vt 0.932756 0.781741
vt 0.937697 0.760012
vt 0.611907 0.549993
vt 0.596343 0.538401
vt 0.611907 0.529894
vt 0.932756 0.397163
vt 0.939224 0.376566
vt 0.939224 0.399295
vt 0.770062 0.784493
vt 0.760426 0.786440
vt 0.760426 0.765164
vt 0.628516 0.672795
vt 0.613106 0.656994
vt 0.628516 0.655469
vt 0.018615 0.809350
vt 0.023058 0.789021
vt 0.028531 0.809350
vt 0.718069 0.760590
vt 0.718069 0.738555
vt 0.727562 0.757957
vt 0.334864 0.609422
vt 0.318599 0.594806
vt 0.334864 0.590122
vt 0.810197 0.245309
vt 0.800283 0.245309
vt 0.805917 0.225583
vt 0.214394 0.860506
vt 0.214394 0.838460
vt 0.222728 0.856533
vt 0.338449 0.699720
vt 0.325727 0.680613
vt 0.338840 0.680613
vt 0.502980 0.860150
vt 0.494570 0.856300
vt 0.502980 0.838459
vt 0.769916 0.742459
vt 0.760426 0.739934
vt 0.769916 0.720849
vt 0.329921 0.629330
vt 0.318599 0.609422
vt 0.333911 0.609422
vt 0.065849 0.809343
vt 0.070194 0.789021
vt 0.075754 0.809343
vt 0.939567 0.212053
vt 0.932756 0.207229
vt 0.939567 0.190358
vt 0.588268 0.572218
vt 0.580709 0.551041
vt 0.595771 0.551041
vt 0.912850 0.175507
vt 0.912850 0.155777
vt 0.920689 0.170530
vt 0.809089 0.266371
vt 0.800283 0.267508
vt 0.637456 0.572934
vt 0.637456 0.550245
vt 0.650373 0.555477
vt 0.932756 0.465037
vt 0.941703 0.452780
vt 0.941703 0.469196
vt 0.621324 0.859719
vt 0.629852 0.838460
vt 0.629872 0.859719
vt 0.254190 0.508534
vt 0.254190 0.486928
vt 0.270131 0.492108
vt 0.922783 0.015627
vt 0.912850 0.015627
vt 0.918858 -0.000000
vt 0.770408 0.195761
vt 0.780064 0.175510
vt 0.780064 0.196694
vt 0.407522 0.198823
vt 0.407522 0.176419
vt 0.423734 0.183659
vt 0.865457 0.264931
vt 0.856337 0.268433
vt 0.856337 0.248906
vt 0.864493 0.348448
vt 0.856337 0.347321
vt 0.864493 0.326659
vt 0.394807 0.663654
vt 0.380929 0.645355
vt 0.394807 0.643521
vt 0.078477 0.854964
vt 0.088000 0.838459
vt 0.088000 0.857818
vt 0.875882 0.293440
vt 0.867669 0.293440
vt 0.874653 0.272720
vt 0.486976 0.043592
vt 0.477123 0.022887
vt 0.493922 0.022887
vt 0.833611 0.793008
vt 0.835726 0.771275
vt 0.842126 0.793008
vt 0.253776 0.834666
vt 0.245347 0.831200
vt 0.253776 0.811986
vt 0.533233 0.677526
vt 0.532371 0.659098
vt 0.546602 0.659098
vt 0.877602 0.082485
vt 0.877602 0.061851
vt 0.885775 0.078040
vt 0.833611 0.559399
vt 0.841974 0.538217
vt 0.841974 0.560384
vt 0.440338 0.415162
vt 0.432378 0.394050
vt 0.449308 0.394050
vt 0.929740 0.819881
vt 0.922826 0.823955
vt 0.922826 0.802423
vt 0.716857 0.311621
vt 0.722989 0.289657
vt 0.726604 0.311621
vt 0.365380 0.167366
vt 0.365380 0.144551
vt 0.381769 0.151396
vt 0.738141 0.877005
vt 0.729264 0.880826
vt 0.729264 0.861423
vt 0.170198 0.357846
vt 0.161228 0.358651
vt 0.161228 0.336706
vt 0.173010 0.339337
vt 0.178710 0.353798
vt 0.842020 0.752555
vt 0.833611 0.752555
vt 0.836640 0.730533
vt 0.179980 0.452602
vt 0.179980 0.429641
vt 0.195539 0.436617
vt 0.912850 0.600277
vt 0.919935 0.582491
vt 0.919935 0.604176
vt 0.602119 0.194541
vt 0.594240 0.195181
vt 0.594240 0.173141
vt 0.608488 0.176556
vt 0.932756 0.294441
vt 0.939247 0.273255
vt 0.939247 0.295943
vt 0.326587 0.531056
vt 0.333783 0.509883
vt 0.334627 0.529373
vt 0.319919 0.509883
vt 0.318599 0.529367
vt 0.823629 0.359643
vt 0.832581 0.338762
vt 0.832581 0.359710
vt 0.458626 0.071983
vt 0.458626 0.049576
vt 0.474364 0.055283
vt 0.922088 0.675516
vt 0.912850 0.671759
vt 0.922088 0.658939
vt 0.478795 0.542914
vt 0.472167 0.546156
vt 0.465814 0.524821
vt 0.481557 0.524821
vt 0.922826 0.802423
vt 0.922826 0.786864
vt 0.932403 0.801878
vt 0.373412 0.810826
vt 0.364248 0.810826
vt 0.368560 0.789021
vt 0.352958 0.454190
vt 0.336568 0.438960
vt 0.352958 0.432400
vt 0.856337 0.405851
vt 0.856908 0.386301
vt 0.865418 0.405851
vt 0.931541 0.858379
vt 0.922826 0.862394
vt 0.922826 0.845321
vt 0.370631 0.617932
vt 0.364328 0.596836
vt 0.379023 0.596836
vt 0.378218 0.617270
vt 0.534253 0.392834
vt 0.542154 0.371331
vt 0.542154 0.392281
vt 0.527946 0.372649
vt 0.526498 0.390025
vt 0.843588 0.667207
vt 0.847430 0.645361
vt 0.851790 0.667207
vt 0.446682 0.262112
vt 0.438273 0.240935
vt 0.455124 0.240935
vt 0.894992 0.769198
vt 0.887579 0.772471
vt 0.887579 0.750258
vt 0.278989 0.575116
vt 0.271397 0.574297
vt 0.271397 0.553510
vt 0.286068 0.554873
vt 0.286510 0.572566
vt 0.759745 0.575522
vt 0.750454 0.576844
vt 0.750454 0.554600
vt 0.384202 0.143313
vt 0.375628 0.122216
vt 0.393254 0.122216
vt 0.352598 0.926521
vt 0.360562 0.910993
vt 0.360562 0.930963
vt 0.832493 0.338762
vt 0.823629 0.334848
vt 0.832493 0.317599
vt 0.596931 0.595165
vt 0.582226 0.582410
vt 0.596931 0.573511
vt 0.760426 0.716335
vt 0.755274 0.737041
vt 0.750454 0.716335
vt 0.790300 0.411808
vt 0.790300 0.390145
vt 0.799388 0.410072
vt 0.536874 0.071020
vt 0.536874 0.049576
vt 0.552448 0.054170
vt 0.615928 0.789021
vt 0.625444 0.791967
vt 0.615928 0.809880
vt 0.400552 0.562446
vt 0.414126 0.545032
vt 0.407194 0.566207
vt 0.398523 0.545032
vt 0.856337 0.566192
vt 0.866071 0.566192
vt 0.858873 0.584396
vt 0.181404 0.841286
vt 0.190084 0.838460
vt 0.190084 0.859659
vt 0.406650 0.122117
vt 0.406650 0.099249
vt 0.422577 0.106455
vt 0.681197 0.594160
vt 0.686733 0.571871
vt 0.691162 0.594160
vt 0.819840 0.107123
vt 0.811293 0.103703
vt 0.819840 0.084439
vt 0.015524 0.595268
vt 0.027327 0.613932
vt 0.010652 0.613932
vt 0.682654 0.830842
vt 0.691272 0.811986
vt 0.691272 0.833940
vt 0.357016 0.736202
vt 0.347282 0.737787
vt 0.347282 0.715588
vt 0.582705 0.292463
vt 0.597771 0.304682
vt 0.582705 0.313554
vt 0.952635 0.170329
vt 0.952635 0.155674
vt 0.962099 0.167198
vt 0.156725 0.758730
vt 0.166509 0.738555
vt 0.166509 0.760107
vt 0.411829 0.680613
vt 0.411829 0.697235
vt 0.396811 0.687727
vt 0.373365 0.971201
vt 0.363711 0.970615
vt 0.373365 0.958995
vt 0.669138 0.141637
vt 0.678101 0.121266
vt 0.678101 0.143468
vt 0.666292 0.127141
vt 0.183980 0.933784
vt 0.176948 0.930575
vt 0.183980 0.910993
vt 0.759815 0.338027
vt 0.750454 0.335754
vt 0.759815 0.315914
vt 0.493001 0.523363
vt 0.483079 0.504009
vt 0.500705 0.504009
vt 0.223626 0.958995
vt 0.223626 0.976211
vt 0.216277 0.964974
vt 0.303127 0.403958
vt 0.298208 0.407175
vt 0.291813 0.385834
vt 0.309039 0.385834
vt 0.144093 0.838459
vt 0.135207 0.858375
vt 0.134846 0.838459
vt 0.942560 0.877423
vt 0.932756 0.877423
vt 0.933805 0.862600
vt 0.066454 0.382951
vt 0.066454 0.359987
vt 0.082738 0.366890
vt 0.730688 0.266517
vt 0.736606 0.244333
vt 0.740283 0.266517
vt 0.318247 0.736159
vt 0.328015 0.715588
vt 0.328015 0.737725
vt 0.487367 0.263899
vt 0.487367 0.240935
vt 0.502440 0.247910
vt 0.866115 0.756962
vt 0.856337 0.758807
vt 0.856337 0.740724
vt 0.755450 0.808897
vt 0.764444 0.789021
vt 0.764444 0.811007
vt 0.650487 0.345463
vt 0.642671 0.324342
vt 0.656332 0.324342
vt 0.140962 0.809845
vt 0.131306 0.807325
vt 0.140962 0.789021
vt 0.326976 0.759838
vt 0.317084 0.759838
vt 0.320748 0.738555
vt 0.479012 0.393107
vt 0.462852 0.376984
vt 0.479012 0.371331
vt 0.027596 0.829879
vt 0.036725 0.811986
vt 0.036725 0.833028
vt 0.244476 0.486483
vt 0.236176 0.486485
vt 0.236176 0.465085
vt 0.249644 0.466810
vt 0.252524 0.483153
vt 0.799361 0.198490
vt 0.790301 0.196721
vt 0.799361 0.176704
vt 0.231076 0.527419
vt 0.214877 0.513720
vt 0.231076 0.506420
vt 0.637357 0.832396
vt 0.639196 0.811986
vt 0.646636 0.832396
vt 0.099551 0.759995
vt 0.106579 0.738555
vt 0.109395 0.759995
vt 0.166985 0.610604
vt 0.161228 0.592344
vt 0.178378 0.592344
vt 0.116142 0.858039
vt 0.106727 0.854794
vt 0.116142 0.838460
vt 0.365744 0.197468
vt 0.373244 0.176419
vt 0.374793 0.196633
vt 0.361806 0.176419
vt 0.356940 0.194932
vt 0.557302 0.760887
vt 0.547909 0.758483
vt 0.557302 0.738555
vt 0.465814 0.643417
vt 0.465814 0.625262
vt 0.482127 0.631677
vt 0.823629 0.626386
vt 0.826327 0.607092
vt 0.833323 0.626386
vt 0.053940 0.401758
vt 0.045200 0.402112
vt 0.045200 0.380541
vt 0.057644 0.382298
vt 0.062299 0.398099
vt 0.769449 0.196384
vt 0.760426 0.193249
vt 0.769449 0.173571
vt 0.480726 0.703580
vt 0.469947 0.687481
vt 0.480726 0.680613
vt 0.867669 0.054688
vt 0.867669 0.035299
vt 0.876492 0.050512
vt 0.811293 0.442450
vt 0.811293 0.419763
vt 0.819808 0.440327
vt 0.442715 0.459691
vt 0.433050 0.438917
vt 0.450174 0.438917
vt 0.303031 0.928280
vt 0.295549 0.932308
vt 0.295549 0.910993
vt 0.067100 0.738554
vt 0.067100 0.715588
vt 0.076554 0.735739
vt 0.394761 0.094971
vt 0.394761 0.072539
vt 0.411143 0.079369
vt 0.873014 0.926923
vt 0.863236 0.926923
vt 0.870745 0.910993
vt 0.769388 0.264489
vt 0.760426 0.261728
vt 0.769388 0.241525
vt 0.411829 0.701585
vt 0.411829 0.680613
vt 0.423726 0.682299
vt 0.922826 0.293428
vt 0.932539 0.278349
vt 0.932539 0.293884
vt 0.959126 0.095546
vt 0.952635 0.098996
vt 0.952635 0.077559
vt 0.474364 0.072177
vt 0.474364 0.049576
vt 0.489803 0.055367
vt 0.692324 0.860753
vt 0.696920 0.838459
vt 0.700453 0.860753
vt 0.330521 0.927086
vt 0.320806 0.927380
vt 0.320806 0.910993
vt 0.183736 0.596301
vt 0.178521 0.575762
vt 0.194014 0.575762
vt 0.614281 0.761485
vt 0.614281 0.738555
vt 0.623416 0.758903
vt 0.076944 0.929000
vt 0.084520 0.910993
vt 0.084520 0.932273
vt 0.430150 0.166790
vt 0.413873 0.150730
vt 0.430150 0.144551
vt 0.808824 0.698892
vt 0.800283 0.700846
vt 0.800283 0.678114
vt 0.843588 0.461649
vt 0.843588 0.442582
vt 0.853003 0.460008
vt 0.497998 0.461047
vt 0.482328 0.446829
vt 0.497998 0.438917
vt 0.376345 0.737572
vt 0.366520 0.737572
vt 0.371558 0.715588
vt 0.584954 0.879507
vt 0.575387 0.879526
vt 0.575387 0.861423
vt 0.434898 0.640077
vt 0.431431 0.620542
vt 0.446715 0.620542
vt 0.075754 0.810391
vt 0.083069 0.789021
vt 0.085172 0.810391
vt 0.895115 0.155275
vt 0.887579 0.154153
vt 0.895115 0.133182
vt 0.066454 0.554606
vt 0.066454 0.533339
vt 0.082099 0.537863
vt 0.708564 0.930587
vt 0.715528 0.910993
vt 0.715528 0.933500
vt 0.473315 0.833398
vt 0.464437 0.833398
vt 0.469744 0.811986
vt 0.610403 0.120101
vt 0.596711 0.103175
vt 0.610403 0.097254
vt 0.800283 0.566323
vt 0.808941 0.546459
vt 0.808941 0.568936
vt 0.322397 0.883428
vt 0.322397 0.861423
vt 0.330334 0.879242
vt 0.564974 0.652160
vt 0.564974 0.632461
vt 0.579757 0.634722
vt 0.801221 0.832388
vt 0.791983 0.832388
vt 0.792701 0.811986
vt 0.708931 0.831238
vt 0.716847 0.811986
vt 0.718741 0.831238
vt 0.519828 0.197087
vt 0.504238 0.183208
vt 0.519828 0.175143
vt 0.716390 0.244355
vt 0.706527 0.244355
vt 0.710541 0.222206
vt 0.884920 0.670320
vt 0.877602 0.666985
vt 0.884920 0.647445
vt 0.664650 0.661587
vt 0.658654 0.640417
vt 0.671439 0.640417
vt 0.664611 0.834229
vt 0.668538 0.811986
vt 0.673124 0.834229
vt 0.231822 0.760944
vt 0.222408 0.757928
vt 0.231822 0.738555
vt 0.507407 0.586736
vt 0.499008 0.568635
vt 0.516766 0.568635
vt 0.673124 0.831844
vt 0.673124 0.811986
vt 0.682654 0.828889
vt 0.523605 0.506000
vt 0.515674 0.506053
vt 0.515674 0.484452
vt 0.529835 0.486804
vt 0.531382 0.502634
vt 0.740852 0.933956
vt 0.740852 0.910993
vt 0.747666 0.931027
vt 0.213244 0.671664
vt 0.196923 0.671664
vt 0.202361 0.655293
vt 0.949218 0.930522
vt 0.942659 0.934905
vt 0.942659 0.913621
vt 0.770408 0.370563
vt 0.779707 0.349568
vt 0.779707 0.371534
vt 0.585283 0.092586
vt 0.569154 0.079967
vt 0.585283 0.072539
vt 0.949972 0.594784
vt 0.942659 0.599884
vt 0.942659 0.580585
vt 0.410997 0.542360
vt 0.404233 0.545032
vt 0.398523 0.523609
vt 0.414205 0.523609
vt 0.950747 0.328931
vt 0.950747 0.346534
vt 0.942659 0.334198
vt 0.691267 0.807519
vt 0.681608 0.809528
vt 0.681608 0.789021
vt 0.052681 0.466686
vt 0.045200 0.445724
vt 0.062067 0.445724
vt 0.206777 0.808186
vt 0.216527 0.789021
vt 0.216527 0.809594
vt 0.249214 0.501962
vt 0.243967 0.506950
vt 0.236176 0.486485
vt 0.253020 0.486485
vt 0.098766 0.831815
vt 0.101634 0.811986
vt 0.108444 0.831815
vt 0.583804 0.414523
vt 0.591532 0.393161
vt 0.591532 0.415267
vt 0.577052 0.396837
vt 0.833506 0.525329
vt 0.823629 0.525329
vt 0.826336 0.506365
vt 0.912850 0.437087
vt 0.912850 0.416654
vt 0.920399 0.431956
vt 0.254190 0.529273
vt 0.270580 0.514771
vt 0.394513 0.757995
vt 0.384759 0.760113
vt 0.384759 0.738555
vt 0.939526 0.837008
vt 0.932756 0.840349
vt 0.932756 0.818877
vt 0.012956 0.699488
vt -0.000000 0.680613
vt 0.013771 0.680613
vt 0.750454 0.088583
vt 0.750454 0.067099
vt 0.760115 0.086602
vt 0.842599 0.810712
vt 0.833611 0.813590
vt 0.833611 0.793008
vt 0.345437 0.370107
vt 0.336568 0.348944
vt 0.354339 0.348944
vt 0.250738 0.758610
vt 0.260132 0.738555
vt 0.260132 0.760990
vt 0.625688 0.458988
vt 0.617563 0.459488
vt 0.617563 0.437570
vt 0.631383 0.440531
vt 0.922826 0.641844
vt 0.922826 0.619020
vt 0.929382 0.640249
vt 0.890402 0.933886
vt 0.890402 0.910993
vt 0.897191 0.930554
vt 0.642783 0.412134
vt 0.632869 0.391498
vt 0.646754 0.391498
vt 0.634727 0.412810
vt 0.770408 0.525067
vt 0.777581 0.503263
vt 0.779753 0.525067
vt 0.533842 0.529894
vt 0.533842 0.507398
vt 0.548746 0.515510
vt 0.959854 0.150488
vt 0.952635 0.155674
vt 0.952635 0.136456
vt 0.808823 0.393832
vt 0.800283 0.391466
vt 0.808823 0.370988
vt 0.131956 0.692917
vt 0.146890 0.680613
vt 0.146890 0.697843
vt 0.942659 0.462352
vt 0.942659 0.439388
vt 0.948826 0.459840
vt 0.809712 0.546459
vt 0.800283 0.546459
vt 0.805863 0.525821
vt 0.236176 0.401926
vt 0.236176 0.379347
vt 0.252513 0.386352
vt 0.780326 0.512248
vt 0.789511 0.492970
vt 0.789511 0.514989
vt 0.922826 0.144050
vt 0.931961 0.144292
vt 0.922826 0.160649
vt 0.666718 0.548305
vt 0.666718 0.527866
vt 0.679519 0.529319
vt 0.780326 0.149486
vt 0.784804 0.127241
vt 0.789453 0.149486
vt 0.960528 0.854963
vt 0.960528 0.871940
vt 0.952635 0.860597
vt 0.428541 0.045544
vt 0.428541 0.022887
vt 0.444380 0.028983
vt 0.773506 0.810843
vt 0.764444 0.810843
vt 0.766578 0.789021
vt 0.867669 0.715920
vt 0.870394 0.698177
vt 0.877199 0.715920
vt 0.177615 0.381475
vt 0.161228 0.365447
vt 0.177615 0.358651
vt 0.716382 0.132928
vt 0.706527 0.132928
vt 0.711228 0.110716
vt 0.407589 0.415421
vt 0.399472 0.411548
vt 0.402827 0.396236
vt 0.416000 0.394050
vt 0.416000 0.416142
vt 0.587702 0.811603
vt 0.578906 0.809494
vt 0.587702 0.789021
vt 0.548904 0.646779
vt 0.532371 0.659098
vt 0.532371 0.642075
vt 0.555197 0.832124
vt 0.555197 0.811986
vt 0.564621 0.831103
vt 0.451207 0.859951
vt 0.442703 0.855829
vt 0.451207 0.838459
vt 0.429146 0.680613
vt 0.414260 0.663917
vt 0.429146 0.663127
vt 0.811293 0.738033
vt 0.820680 0.718088
vt 0.820680 0.738598
vt 0.779855 0.860323
vt 0.779855 0.838460
vt 0.788117 0.859080
vt 0.203615 0.578966
vt 0.196923 0.560339
vt 0.214338 0.560339
vt 0.567548 0.880631
vt 0.559766 0.883714
vt 0.559766 0.861423
vt 0.750454 0.110621
vt 0.750454 0.088583
vt 0.759866 0.108278
vt 0.020249 0.450479
vt 0.010652 0.430223
vt 0.028285 0.430223
vt 0.820536 0.502758
vt 0.811293 0.505828
vt 0.811293 0.484943
vt 0.474232 0.460196
vt 0.465866 0.459918
vt 0.465866 0.438917
vt 0.479199 0.439912
vt 0.482328 0.457122
vt 0.266297 0.860529
vt 0.257978 0.856562
vt 0.266297 0.838459
vt 0.459544 0.315251
vt 0.443934 0.298667
vt 0.459544 0.292463
vt 0.397086 0.958995
vt 0.397086 0.978252
vt 0.391085 0.965153
vt 0.779860 0.503263
vt 0.770408 0.503263
vt 0.772308 0.481695
vt 0.154657 0.656544
vt 0.139178 0.646646
vt 0.154657 0.637916
vt 0.856337 0.720292
vt 0.856337 0.697494
vt 0.864097 0.717203
vt 0.811293 0.593442
vt 0.817083 0.571421
vt 0.820055 0.593442
vt 0.631124 0.434002
vt 0.617688 0.415551
vt 0.631560 0.415551
vt 0.623426 0.437363
vt 0.730688 0.356164
vt 0.730688 0.333213
vt 0.739959 0.353280
vt 0.528787 0.347352
vt 0.521754 0.325531
vt 0.537082 0.328362
vt 0.521754 0.347532
vt 0.822434 0.860473
vt 0.814235 0.860473
vt 0.816671 0.838459
vt 0.066454 0.661142
vt 0.081819 0.652989
vt 0.081819 0.670742
vt 0.800283 0.479991
vt 0.804100 0.457805
vt 0.809061 0.479991
vt 0.961857 0.399961
vt 0.952635 0.399961
vt 0.961726 0.385119
vt 0.327234 0.509883
vt 0.318599 0.488742
vt 0.334879 0.488742
vt 0.211865 0.737703
vt 0.217825 0.715588
vt 0.221659 0.737703
vt 0.789705 0.557274
vt 0.780326 0.554122
vt 0.789705 0.535723
vt 0.605992 0.238118
vt 0.601245 0.217662
vt 0.616435 0.217662
vt 0.288523 0.931996
vt 0.295549 0.910993
vt 0.295549 0.933710
vt 0.790301 0.583563
vt 0.799804 0.565171
vt 0.799804 0.585835
vt 0.475204 0.143738
vt 0.475204 0.121961
vt 0.491208 0.129607
vt 0.948919 0.244779
vt 0.942659 0.241798
vt 0.948919 0.221884
vt 0.594444 0.859163
vt 0.596792 0.838459
vt 0.603244 0.859163
vt 0.603830 0.614087
vt 0.596931 0.596389
vt 0.614474 0.596389
vt 0.875297 0.233456
vt 0.867669 0.234217
vt 0.867669 0.211894
vt 0.809573 0.762584
vt 0.800283 0.759211
vt 0.809573 0.741692
vt 0.446723 0.393343
vt 0.446723 0.371331
vt 0.462852 0.377091
vt 0.343683 0.980995
vt 0.343683 0.958995
vt 0.349144 0.976398
vt 0.875952 0.110147
vt 0.867669 0.113521
vt 0.867669 0.092905
vt 0.399718 0.217597
vt 0.391137 0.198890
vt 0.408904 0.198890
vt 0.912850 0.735345
vt 0.919677 0.713672
vt 0.919677 0.736071
vt 0.885583 0.527322
vt 0.877602 0.526842
vt 0.885583 0.506335
vt 0.494825 0.698165
vt 0.480726 0.691261
vt 0.494825 0.680613
vt 0.877602 0.061851
vt 0.883461 0.039705
vt 0.885218 0.061851
vt 0.093574 0.444726
vt 0.097968 0.424439
vt 0.101763 0.441221
vt 0.085047 0.423530
vt 0.085047 0.444980
vt 0.920184 0.193540
vt 0.920184 0.214628
vt 0.912850 0.198511
vt 0.589973 0.550954
vt 0.581251 0.529894
vt 0.596343 0.529894
vt 0.582657 0.550462
vt 0.567931 0.913156
vt 0.575037 0.910993
vt 0.575037 0.933167
vt 0.465814 0.643417
vt 0.482202 0.655209
vt 0.465814 0.660503
vt 0.877602 0.768720
vt 0.884960 0.748238
vt 0.884960 0.770953
vt 0.226236 0.910993
vt 0.235275 0.911300
vt 0.226236 0.928690
vt 0.465548 0.197639
vt 0.474996 0.217413
vt 0.457275 0.217413
vt 0.730688 0.309316
vt 0.740052 0.288470
vt 0.740052 0.311198
vt 0.852483 0.837273
vt 0.843588 0.833204
vt 0.852483 0.817170
vt 0.535186 0.414086
vt 0.530829 0.394050
vt 0.546300 0.394050
vt 0.542152 0.415747
vt 0.867669 0.370090
vt 0.876396 0.354079
vt 0.876396 0.373557
vt 0.555574 0.216593
vt 0.545057 0.197639
vt 0.562510 0.197639
vt 0.194799 0.959035
vt 0.200596 0.958995
vt 0.200596 0.981086
vt 0.546283 0.928439
vt 0.553802 0.910993
vt 0.553802 0.931969
vt 0.062313 0.619270
vt 0.045200 0.627977
vt 0.045200 0.610204
vt 0.912850 0.343017
vt 0.919655 0.341449
vt 0.919655 0.364148
vt 0.908576 0.791330
vt 0.900223 0.786541
vt 0.908576 0.771924
vt 0.519020 0.021149
vt 0.511438 0.000000
vt 0.527532 0.000000
vt 0.525466 0.020142
vt 0.932294 0.228522
vt 0.922826 0.228522
vt 0.930507 0.212531
vt 0.205191 0.455654
vt 0.196923 0.435507
vt 0.214627 0.435507
vt 0.800451 0.911791
vt 0.793488 0.933418
vt 0.793488 0.910993
vt 0.666602 0.737608
vt 0.656844 0.737608
vt 0.660190 0.715588
vt 0.061581 0.445724
vt 0.045200 0.430246
vt 0.061581 0.423860
vt 0.900223 0.771924
vt 0.901672 0.755055
vt 0.909844 0.771924
vt 0.706527 0.446537
vt 0.713025 0.424518
vt 0.716422 0.446537
vt 0.465016 0.587784
vt 0.449282 0.571370
vt 0.465016 0.567336
vt 0.909878 0.055139
vt 0.900223 0.052820
vt 0.909878 0.038124
vt 0.790301 0.671054
vt 0.794846 0.649286
vt 0.799311 0.671054
vt 0.693079 0.054309
vt 0.681197 0.034754
vt 0.693079 0.034280
vt 0.292087 0.855251
vt 0.283015 0.858673
vt 0.283015 0.838460
vt 0.740467 0.642041
vt 0.730688 0.643608
vt 0.730688 0.621939
vt 0.487753 0.121181
vt 0.487753 0.099249
vt 0.503530 0.107135
vt 0.127196 0.829356
vt 0.136846 0.811986
vt 0.136846 0.831865
vt 0.769943 0.633236
vt 0.760426 0.633236
vt 0.762438 0.611679
vt 0.659834 0.414048
vt 0.659834 0.391499
vt 0.671817 0.400373
vt 0.867669 0.434243
vt 0.876122 0.416796
vt 0.877404 0.434243
vt 0.759773 0.065641
vt 0.750454 0.067099
vt 0.750454 0.044823
vt 0.443132 0.094365
vt 0.443132 0.072539
vt 0.459445 0.079568
vt 0.887579 0.416698
vt 0.887671 0.398747
vt 0.896812 0.416698
vt 0.730688 0.288470
vt 0.737425 0.266517
vt 0.740384 0.288470
vt 0.010652 0.575633
vt 0.010652 0.555573
vt 0.026908 0.560562
vt 0.280706 0.925657
vt 0.270923 0.927310
vt 0.270924 0.910993
vt 0.406484 0.502041
vt 0.414664 0.480591
vt 0.414664 0.501975
vt 0.400954 0.482375
vt 0.398523 0.498774
vt 0.750004 0.724153
vt 0.740666 0.725499
vt 0.740666 0.703249
vt 0.083547 0.615913
vt 0.100858 0.608736
vt 0.100858 0.626352
vt 0.253090 0.926425
vt 0.261136 0.910993
vt 0.261136 0.930850
vt 0.726250 0.022847
vt 0.716857 0.020197
vt 0.726250 -0.000000
vt 0.602863 0.460537
vt 0.589113 0.444496
vt 0.602863 0.437570
vt 0.942659 0.439388
vt 0.948792 0.425189
vt 0.952635 0.439388
vt 0.832796 0.250331
vt 0.823629 0.248945
vt 0.832796 0.229859
vt 0.327715 0.406327
vt 0.318963 0.385152
vt 0.336345 0.385152
vt 0.681197 0.571871
vt 0.686725 0.549580
vt 0.691176 0.571871
vt 0.646636 0.833182
vt 0.646636 0.811986
vt 0.655571 0.829349
vt 0.287733 0.378849
vt 0.271397 0.362724
vt 0.287733 0.355896
vt 0.706202 0.146778
vt 0.696548 0.144340
vt 0.706202 0.123833
vt 0.932756 0.250295
vt 0.933003 0.234174
vt 0.941898 0.250295
vt 0.648028 0.044051
vt 0.641658 0.022887
vt 0.655344 0.022887
vt 0.779382 0.609654
vt 0.770408 0.611851
vt 0.770408 0.589162
vt 0.454165 0.927097
vt 0.444334 0.927097
vt 0.449521 0.910993
vt 0.458626 0.072504
vt 0.443084 0.056140
vt 0.458626 0.049576
vt 0.696548 0.709434
vt 0.701679 0.687319
vt 0.706454 0.709434
vt 0.819956 0.549478
vt 0.811293 0.550964
vt 0.811293 0.528680
vt 0.523940 0.045618
vt 0.508960 0.030647
vt 0.523940 0.022887
vt 0.887579 0.456517
vt 0.895277 0.438826
vt 0.895277 0.460332
vt 0.789818 0.642835
vt 0.780326 0.640123
vt 0.789818 0.621550
vt 0.088318 0.696807
vt 0.097678 0.680613
vt 0.104277 0.696807
vt 0.760426 0.370241
vt 0.770116 0.351350
vt 0.770116 0.372565
vt 0.760426 0.349363
vt 0.770007 0.329888
vt 0.770007 0.351350
vt 0.547084 0.505826
vt 0.531382 0.492573
vt 0.547084 0.484452
vt 0.448553 0.809252
vt 0.438689 0.809252
vt 0.444530 0.789021
vt 0.856337 0.248906
vt 0.856337 0.227063
vt 0.864493 0.244730
vt 0.549398 0.654115
vt 0.549398 0.633156
vt 0.563252 0.643014
vt 0.363937 0.858545
vt 0.354818 0.858545
vt 0.354954 0.838460
vt 0.364248 0.807795
vt 0.354497 0.809516
vt 0.354497 0.789021
vt 0.614474 0.617682
vt 0.614474 0.596389
vt 0.628761 0.605775
vt 0.750454 0.403913
vt 0.750454 0.382445
vt 0.760091 0.401311
vt 0.810086 0.588782
vt 0.800283 0.588782
vt 0.804992 0.568936
vt 0.399472 0.438577
vt 0.399472 0.416142
vt 0.415501 0.422129
vt 0.811293 0.505828
vt 0.819740 0.526767
vt 0.796574 0.859813
vt 0.788117 0.855609
vt 0.796574 0.838459
vt 0.483079 0.546322
vt 0.483079 0.523363
vt 0.497716 0.530423
vt 0.272767 0.811683
vt 0.272767 0.789021
vt 0.281602 0.808665
vt 0.292087 0.858441
vt 0.292087 0.838460
vt 0.301264 0.857198
vt 0.393177 0.606312
vt 0.382032 0.586359
vt 0.397851 0.586359
vt 0.759539 0.779639
vt 0.750454 0.781425
vt 0.750454 0.758716
vt 0.434388 0.859801
vt 0.442703 0.838460
vt 0.442703 0.860439
vt 0.522861 0.237377
vt 0.511359 0.217662
vt 0.526979 0.217662
vt 0.516059 0.239454
vt 0.895873 0.333761
vt 0.887579 0.337404
vt 0.887579 0.317402
vt 0.432365 0.284533
vt 0.422714 0.263970
vt 0.440200 0.263970
vt -0.000000 0.760780
vt 0.004739 0.738555
vt 0.009516 0.760780
vt 0.799596 0.777010
vt 0.790301 0.777010
vt 0.795675 0.755921
vt 0.508853 0.167433
vt 0.493800 0.150847
vt 0.508853 0.144551
vt 0.137920 0.760479
vt 0.142161 0.738555
vt 0.147541 0.760479
vt 0.779663 0.675453
vt 0.770408 0.675453
vt 0.773997 0.653465
vt 0.532370 0.624175
vt 0.532370 0.605476
vt 0.548761 0.611041
vt 0.877602 0.643381
vt 0.885697 0.626765
vt 0.885697 0.647445
vt 0.528940 0.759442
vt 0.538458 0.738555
vt 0.538458 0.760597
vt 0.250149 0.678687
vt 0.236176 0.661334
vt 0.251248 0.661334
vt 0.132022 0.927319
vt 0.122178 0.927319
vt 0.124045 0.910993
vt 0.887579 0.254386
vt 0.897342 0.238057
vt 0.897342 0.255077
vt 0.614744 0.392280
vt 0.601208 0.376021
vt 0.614744 0.369318
vt 0.842025 0.883450
vt 0.834227 0.883450
vt 0.835568 0.861423
vt 0.432414 0.759277
vt 0.422984 0.760833
vt 0.422984 0.738555
vt 0.431833 0.371331
vt 0.415741 0.356241
vt 0.431833 0.348866
vt 0.867669 0.211894
vt 0.868548 0.193802
vt 0.877084 0.211894
vt 0.809145 0.804930
vt 0.800283 0.804930
vt 0.802245 0.783038
vt 0.350039 0.049549
vt 0.336704 0.032977
vt 0.353064 0.032977
vt 0.942659 0.618562
vt 0.942659 0.599884
vt 0.950208 0.613076
vt 0.875556 0.478257
vt 0.867669 0.473780
vt 0.875556 0.456728
vt 0.582819 0.120122
vt 0.582819 0.097254
vt 0.596711 0.104906
vt 0.244430 0.810345
vt 0.251829 0.789021
vt 0.253826 0.810345
vt 0.229563 0.881379
vt 0.229563 0.861423
vt 0.238339 0.880731
vt 0.598421 0.482126
vt 0.588374 0.461478
vt 0.603697 0.461478
vt 0.759535 0.628967
vt 0.750454 0.627046
vt 0.759535 0.606214
vt 0.063425 0.833167
vt 0.072278 0.811986
vt 0.072278 0.833681
vt 0.172695 0.506758
vt 0.161228 0.487062
vt 0.177025 0.487062
vt 0.166046 0.508858
vt 0.896524 0.647943
vt 0.887579 0.647591
vt 0.896524 0.629504
vt 0.066454 0.533339
vt 0.066454 0.511094
vt 0.081700 0.519252
vt 0.576101 0.760782
vt 0.580755 0.738555
vt 0.585531 0.760782
vt 0.789730 0.405396
vt 0.780326 0.407551
vt 0.780326 0.386018
vt 0.398523 0.523609
vt 0.398523 0.502041
vt 0.414356 0.507044
vt 0.740666 0.615443
vt 0.744720 0.593454
vt 0.750124 0.615443
vt 0.809225 0.457805
vt 0.800283 0.457805
vt 0.804705 0.436016
vt 0.579546 0.632461
vt 0.564974 0.621122
vt 0.579546 0.611697
vt 0.120375 0.881252
vt 0.120375 0.861423
vt 0.129236 0.881152
vt 0.770408 0.459238
vt 0.770408 0.436476
vt 0.779367 0.456033
vt 0.667777 0.343632
vt 0.667777 0.321507
vt 0.679576 0.331187
vt 0.704190 0.878559
vt 0.694499 0.879234
vt 0.694499 0.861423
vt 0.843588 0.058254
vt 0.850914 0.040000
vt 0.853469 0.058254
vt 0.572100 0.022831
vt 0.557757 0.005979
vt 0.572100 -0.000000
vt 0.313341 0.883469
vt 0.305415 0.883469
vt 0.306943 0.861423
vt 0.262876 0.809241
vt 0.253826 0.811160
vt 0.253826 0.789021
vt 0.344748 0.432400
vt 0.336568 0.411949
vt 0.354220 0.411949
vt 0.327493 0.858359
vt 0.327493 0.838459
vt 0.336700 0.857787
vt 0.819781 0.213201
vt 0.811293 0.209907
vt 0.819781 0.190398
vt 0.663999 0.194708
vt 0.663999 0.173141
vt 0.676228 0.183351
vt 0.900223 0.154328
vt 0.900223 0.134125
vt 0.908350 0.149708
vt 0.942038 0.940011
vt 0.932756 0.940011
vt 0.941329 0.924375
vt 0.415464 0.240150
vt 0.415464 0.217662
vt 0.431556 0.225029
vt 0.706527 0.579838
vt 0.712281 0.557611
vt 0.716325 0.579838
vt 0.939837 0.359646
vt 0.932756 0.376566
vt 0.932756 0.355797
vt 0.371939 0.495187
vt 0.364328 0.475417
vt 0.381891 0.475417
vt 0.706498 0.214782
vt 0.696548 0.214782
vt 0.701136 0.192566
vt 0.016127 0.976788
vt 0.022335 0.958995
vt 0.022335 0.980369
vt 0.178521 0.635355
vt 0.178521 0.615256
vt 0.193468 0.618022
vt 0.799079 0.284287
vt 0.790300 0.286882
vt 0.790300 0.264414
vt 0.760044 0.531258
vt 0.750454 0.533213
vt 0.750454 0.511658
vt 0.155428 0.537602
vt 0.139178 0.522145
vt 0.155428 0.516840
vt 0.719060 0.807228
vt 0.728462 0.789021
vt 0.728462 0.810071
vt 0.910025 0.497658
vt 0.900223 0.497658
vt 0.901529 0.481008
vt 0.628761 0.616162
vt 0.628761 0.596389
vt 0.643769 0.598959
vt 0.780326 0.451846
vt 0.786453 0.429713
vt 0.789472 0.451846
vt 0.759545 0.154852
vt 0.750454 0.152380
vt 0.759545 0.132044
vt 0.522447 0.313900
vt 0.506512 0.300261
vt 0.522447 0.292463
vt 0.887579 0.498524
vt 0.887579 0.480569
vt 0.896798 0.498504
vt 0.716857 0.690474
vt 0.726507 0.669656
vt 0.726507 0.691763
vt 0.121281 0.600112
vt 0.115233 0.581705
vt 0.132465 0.581705
vt 0.910000 0.302359
vt 0.900223 0.304121
vt 0.900223 0.287371
vt 0.262347 0.465215
vt 0.270798 0.443894
vt 0.270798 0.465243
vt 0.257642 0.445413
vt 0.254190 0.461855
vt 0.726495 0.175900
vt 0.716857 0.177502
vt 0.716857 0.155256
vt 0.161228 0.668082
vt 0.161228 0.651209
vt 0.177617 0.656402
vt 0.517637 0.879334
vt 0.519897 0.861423
vt 0.527342 0.879334
vt 0.769367 0.548639
vt 0.760426 0.545895
vt 0.769367 0.525677
vt 0.675059 0.286930
vt 0.663411 0.271136
vt 0.675059 0.263970
vt 0.922826 0.599935
vt 0.922826 0.582015
vt 0.931189 0.595002
vt 0.086412 0.737604
vt 0.076554 0.737604
vt 0.079961 0.715588
vt 0.569438 0.505628
vt 0.561662 0.484452
vt 0.577021 0.484452
vt 0.922826 0.241413
vt 0.932334 0.228522
vt 0.932334 0.244445
vt 0.260132 0.760458
vt 0.267005 0.738555
vt 0.269753 0.760458
vt 0.308196 0.363056
vt 0.291813 0.346980
vt 0.308196 0.340095
vt 0.940630 0.795255
vt 0.932756 0.800230
vt 0.932756 0.781741
vt 0.716857 0.646974
vt 0.716857 0.624500
vt 0.726352 0.644257
vt 0.139178 0.429456
vt 0.139178 0.406681
vt 0.155084 0.412992
vt 0.012151 0.881982
vt 0.003563 0.877832
vt 0.012151 0.861423
vt 0.740121 0.422923
vt 0.730688 0.420390
vt 0.740121 0.400417
vt 0.592884 0.529446
vt 0.578376 0.511866
vt 0.592884 0.507398
vt 0.900222 0.751065
vt 0.907853 0.733773
vt 0.907853 0.755055
vt 0.919994 0.155777
vt 0.912850 0.155777
vt 0.918040 0.134112
vt 0.658543 0.093180
vt 0.655321 0.072539
vt 0.668261 0.072539
vt 0.667042 0.093846
vt 0.336525 0.810204
vt 0.327089 0.807198
vt 0.336525 0.789021
vt 0.254190 0.569994
vt 0.254190 0.549802
vt 0.270461 0.554908
vt 0.750454 0.648075
vt 0.760226 0.628967
vt 0.760226 0.650107
vt 0.345228 0.810581
vt 0.345228 0.789021
vt 0.354497 0.808652
vt 0.449226 0.501605
vt 0.433048 0.487558
vt 0.449226 0.480194
vt 0.799379 0.518894
vt 0.790300 0.521876
vt 0.790300 0.500233
vt 0.196875 0.809282
vt 0.203216 0.789021
vt 0.206777 0.809282
vt 0.585181 0.633840
vt 0.579762 0.616318
vt 0.596902 0.616318
vt 0.770408 0.020657
vt 0.760426 0.020657
vt 0.764838 0.000000
vt 0.790109 0.255397
vt 0.780326 0.256914
vt 0.780326 0.236176
vt 0.641610 0.093865
vt 0.627641 0.082109
vt 0.641610 0.072539
vt 0.780326 0.472137
vt 0.786213 0.451846
vt 0.790300 0.472137
vt 0.467815 0.093701
vt 0.459446 0.092186
vt 0.460686 0.072539
vt 0.473865 0.072539
vt 0.476103 0.091841
vt 0.750123 0.528471
vt 0.740666 0.526018
vt 0.750123 0.506449
vt 0.460654 0.347974
vt 0.444811 0.333145
vt 0.460654 0.325531
vt 0.448553 0.809930
vt 0.457705 0.789021
vt 0.457705 0.810820
vt 0.709329 0.808418
vt 0.719060 0.789021
vt 0.719060 0.809361
vt 0.294535 0.696713
vt 0.303224 0.680613
vt 0.310154 0.696713
vt 0.779607 0.064799
vt 0.770408 0.064799
vt 0.774125 0.042530
vt 0.823629 0.142267
vt 0.833189 0.124928
vt 0.833189 0.144584
vt 0.038616 0.586118
vt 0.028311 0.565595
vt 0.043375 0.565595
vt 0.031295 0.587010
vt 0.833611 0.563217
vt 0.842434 0.560384
vt 0.842434 0.581393
vt 0.074982 0.447016
vt 0.066454 0.426872
vt 0.084204 0.426872
vt 0.760426 0.084545
vt 0.760426 0.062589
vt 0.769813 0.082955
vt 0.930187 0.701270
vt 0.922826 0.695976
vt 0.930187 0.680987
vt 0.286619 0.651898
vt 0.271397 0.635091
vt 0.286619 0.632615
vt 0.706527 0.222206
vt 0.711787 0.199930
vt 0.716340 0.222206
vt 0.770159 0.328131
vt 0.760426 0.329888
vt 0.760426 0.308758
vt 0.260114 0.374185
vt 0.254190 0.355896
vt 0.271397 0.355896
vt 0.264919 0.377684
vt 0.790301 0.219271
vt 0.790301 0.198490
vt 0.799795 0.216662
vt 0.444897 0.676404
vt 0.431431 0.658106
vt 0.445784 0.658106
vt 0.247972 0.963966
vt 0.254054 0.958995
vt 0.254054 0.979664
vt 0.634360 0.018704
vt 0.642501 0.000000
vt 0.642501 0.021545
vt 0.628716 0.007269
vt 0.162681 0.910993
vt 0.169878 0.910993
vt 0.167316 0.933266
vt 0.809644 0.331053
vt 0.800283 0.327832
vt 0.809644 0.310200
vt 0.372549 0.240582
vt 0.363815 0.219546
vt 0.381561 0.219546
vt 0.931706 0.261344
vt 0.931706 0.278349
vt 0.922826 0.265727
vt 0.895923 0.727314
vt 0.887579 0.727221
vt 0.895923 0.707578
vt 0.336568 0.600055
vt 0.352697 0.615075
vt 0.336568 0.619199
vt 0.485016 0.839265
vt 0.475338 0.857323
vt 0.475338 0.838460
vt 0.930914 0.312538
vt 0.922826 0.307351
vt 0.930914 0.293883
vt 0.730688 0.707187
vt 0.716857 0.707187
vt 0.725426 0.691763
vt 0.760426 0.394705
vt 0.766520 0.372564
vt 0.769704 0.394705
vt 0.952635 0.657345
vt 0.959442 0.641935
vt 0.959442 0.661846
vt 0.577860 0.216593
vt 0.577860 0.196957
vt 0.594126 0.201795
vt 0.345228 0.811986
vt 0.336525 0.809640
vt 0.345228 0.789021
vt 0.932756 0.818877
vt 0.932756 0.800230
vt 0.940553 0.813431
vt 0.131406 0.480401
vt 0.115233 0.466018
vt 0.131406 0.458650
vt 0.716457 0.199930
vt 0.706527 0.199930
vt 0.710606 0.177908
vt 0.112650 0.810317
vt 0.103207 0.808089
vt 0.112650 0.789021
vt 0.125808 0.541857
vt 0.115233 0.522435
vt 0.132541 0.522435
vt 0.780326 0.062592
vt 0.784240 0.041877
vt 0.790138 0.062592
vt 0.480563 0.760096
vt 0.470814 0.760096
vt 0.474961 0.738555
vt 0.380711 0.535374
vt 0.364328 0.520722
vt 0.380711 0.514760
vt 0.823629 0.768039
vt 0.823629 0.746957
vt 0.832484 0.764275
vt 0.540317 0.857695
vt 0.530836 0.855045
vt 0.540317 0.838460
vt 0.051061 0.421996
vt 0.045200 0.402112
vt 0.061905 0.402112
vt 0.056769 0.423860
vt 0.150480 0.879917
vt 0.150480 0.861423
vt 0.159973 0.877799
vt 0.050611 0.379572
vt 0.045200 0.357971
vt 0.061793 0.362338
vt 0.045200 0.380541
vt 0.912850 0.919400
vt 0.913144 0.898383
vt 0.920101 0.919400
vt 0.414126 0.586678
vt 0.398373 0.574389
vt 0.414126 0.566207
vt 0.895180 0.070021
vt 0.887579 0.070021
vt 0.893585 0.048096
vt 0.843496 0.457913
vt 0.833611 0.457913
vt 0.837710 0.439139
vt 0.362047 0.095496
vt 0.362047 0.072539
vt 0.378386 0.079377
vt 0.833611 0.125994
vt 0.842602 0.105465
vt 0.842602 0.126185
vt 0.922652 0.051567
vt 0.912850 0.051567
vt 0.918394 0.035746
vt 0.630390 0.691743
vt 0.644089 0.680613
vt 0.644089 0.698201
vt 0.681197 0.549580
vt 0.686716 0.527286
vt 0.691179 0.549580
vt 0.417705 0.883601
vt 0.409844 0.879501
vt 0.417705 0.861423
vt 0.032828 0.627895
vt 0.028311 0.607204
vt 0.042668 0.607204
vt 0.040626 0.628456
vt 0.833611 0.661352
vt 0.842088 0.641928
vt 0.842088 0.663781
vt 0.310154 0.696709
vt 0.318789 0.680613
vt 0.325727 0.696709
vt 0.912850 0.770597
vt 0.919716 0.770597
vt 0.917442 0.792862
vt 0.843588 0.773211
vt 0.845874 0.752152
vt 0.852086 0.773211
vt 0.100347 0.673501
vt 0.100347 0.655733
vt 0.115195 0.665452
vt 0.842270 0.602797
vt 0.833611 0.602135
vt 0.842270 0.581393
vt 0.920559 0.035747
vt 0.912850 0.030611
vt 0.920559 0.015627
vt 0.630907 0.070883
vt 0.624841 0.049576
vt 0.638873 0.049895
vt 0.638873 0.069908
vt 0.952103 0.425189
vt 0.942659 0.422592
vt 0.952103 0.410166
vt 0.100699 0.655733
vt 0.100699 0.635804
vt 0.115195 0.645574
vt 0.696548 0.055951
vt 0.702020 0.033729
vt 0.706527 0.055951
vt 0.479688 0.500786
vt 0.473926 0.505065
vt 0.466577 0.484131
vt 0.483079 0.484131
vt 0.773833 0.811986
vt 0.771207 0.831514
vt 0.764177 0.811986
vt 0.106440 0.979961
vt 0.106440 0.958995
vt 0.112690 0.974476
vt 0.532102 0.613959
vt 0.517139 0.602152
vt 0.532102 0.593104
vt 0.454762 0.812929
vt 0.464437 0.811986
vt 0.464437 0.831640
vt 0.843588 0.541771
vt 0.843588 0.520924
vt 0.852193 0.537534
vt 0.476103 0.094580
vt 0.476103 0.072539
vt 0.491888 0.080380
vt 0.262876 0.789021
vt 0.272767 0.789021
vt 0.269605 0.809276
vt 0.732706 0.928719
vt 0.725305 0.932155
vt 0.725305 0.910993
vt 0.691896 0.341210
vt 0.681196 0.321836
vt 0.691896 0.319640
vt 0.664611 0.811986
vt 0.664611 0.832931
vt 0.655570 0.812744
vt 0.820823 0.277909
vt 0.811293 0.278360
vt 0.811293 0.258066
vt 0.570970 0.611697
vt 0.564974 0.593550
vt 0.582226 0.593550
vt 0.939757 0.721088
vt 0.932756 0.737346
vt 0.932756 0.716538
vt 0.309368 0.811986
vt 0.318343 0.811986
vt 0.312868 0.833255
vt 0.535624 0.692601
vt 0.521484 0.697995
vt 0.521484 0.680613
vt 0.942659 0.641516
vt 0.942659 0.618562
vt 0.948800 0.638857
vt 0.559766 0.861423
vt 0.559766 0.883256
vt 0.551820 0.865708
vt 0.511132 0.547105
vt 0.500744 0.526629
vt 0.516383 0.526629
vt 0.504260 0.548082
vt 0.823629 0.544350
vt 0.831312 0.525329
vt 0.833474 0.544350
vt 0.155543 0.406681
vt 0.139178 0.390734
vt 0.155543 0.384177
vt 0.228383 0.832195
vt 0.218920 0.832195
vt 0.220150 0.811986
vt 0.338172 0.914349
vt 0.345670 0.910993
vt 0.345670 0.932211
vt 0.551663 0.565272
vt 0.550130 0.551041
vt 0.566285 0.551041
vt 0.557183 0.571309
vt 0.922826 0.337588
vt 0.930117 0.333759
vt 0.930117 0.354444
vt 0.603697 0.482795
vt 0.603697 0.461478
vt 0.618237 0.470677
vt 0.607023 0.811313
vt 0.611821 0.789021
vt 0.615928 0.811313
vt 0.810121 0.879296
vt 0.800503 0.879296
vt 0.800720 0.861423
vt 0.626249 0.311479
vt 0.625366 0.292463
vt 0.639042 0.292463
vt 0.634156 0.314318
vt 0.887580 0.517315
vt 0.888115 0.498524
vt 0.896383 0.517315
vt 0.222789 0.566954
vt 0.214877 0.548349
vt 0.232575 0.548349
vt 0.867669 0.435262
vt 0.875222 0.434243
vt 0.875222 0.456728
vt 0.111412 0.881038
vt 0.113053 0.861423
vt 0.120375 0.881038
vt 0.192772 0.672011
vt 0.178521 0.663239
vt 0.192772 0.653003
vt 0.779596 0.130887
vt 0.770408 0.129309
vt 0.779596 0.108614
vt 0.518335 0.392424
vt 0.510357 0.389727
vt 0.512714 0.371331
vt 0.526383 0.371331
vt 0.526498 0.391782
vt 0.339780 0.879910
vt 0.330334 0.877069
vt 0.339780 0.861423
vt 0.476024 0.325531
vt 0.491378 0.340548
vt 0.476024 0.348226
vt 0.266592 0.958995
vt 0.266592 0.981910
vt 0.261120 0.961925
vt 0.648538 0.486633
vt 0.656800 0.484452
vt 0.661047 0.505882
vt 0.647807 0.505882
vt 0.942659 0.701607
vt 0.942659 0.678802
vt 0.948825 0.698332
vt 0.877602 0.105445
vt 0.877602 0.082485
vt 0.884946 0.102773
vt 0.502809 0.239435
vt 0.495897 0.217662
vt 0.511359 0.220900
vt 0.495897 0.239880
vt 0.769442 0.218697
vt 0.769442 0.241525
vt 0.760426 0.221817
vt 0.028650 0.415860
vt 0.028650 0.393138
vt 0.044724 0.400411
vt 0.932499 0.771612
vt 0.922826 0.771840
vt 0.922826 0.756415
vt 0.481179 0.147925
vt 0.487265 0.144551
vt 0.493800 0.165853
vt 0.477474 0.165853
vt 0.169878 0.932223
vt 0.176948 0.910993
vt 0.176948 0.933663
vt 0.912850 0.740221
vt 0.921198 0.736071
vt 0.921198 0.754389
vt 0.414622 0.371331
vt 0.430901 0.386425
vt 0.414622 0.393562
vt 0.706527 0.311931
vt 0.712055 0.289645
vt 0.716318 0.311931
vt 0.909690 0.017361
vt 0.900222 0.014753
vt 0.909690 -0.000000
vt 0.217064 0.699983
vt 0.216337 0.680613
vt 0.229401 0.680613
vt 0.437011 0.833124
vt 0.445415 0.811986
vt 0.445415 0.834628
vt 0.922826 0.520700
vt 0.931849 0.507695
vt 0.931849 0.524345
vt 0.394761 0.095260
vt 0.378386 0.079446
vt 0.401989 0.862086
vt 0.409844 0.861423
vt 0.409844 0.883631
vt 0.867669 0.092905
vt 0.868863 0.073841
vt 0.876627 0.092905
vt 0.582705 0.315033
vt 0.568371 0.300694
vt 0.582705 0.292463
vt 0.750454 0.156982
vt 0.759585 0.154852
vt 0.759585 0.177558
vt 0.931524 0.371783
vt 0.922826 0.367162
vt 0.931524 0.354444
vt 0.260269 0.590942
vt 0.254190 0.569994
vt 0.269505 0.569994
vt 0.267422 0.590854
vt 0.929542 0.916683
vt 0.922826 0.918966
vt 0.922826 0.896818
vt 0.483940 0.197639
vt 0.492771 0.217211
vt 0.474996 0.217211
vt 0.895061 0.812922
vt 0.893304 0.834924
vt 0.887579 0.812922
vt 0.094498 0.877400
vt 0.085114 0.880169
vt 0.085114 0.861423
vt 0.028016 0.625170
vt 0.010652 0.631311
vt 0.010652 0.613932
vt 0.696548 0.438233
vt 0.706307 0.417724
vt 0.706307 0.440271
vt 0.833611 0.516489
vt 0.843119 0.499429
vt 0.843119 0.518931
vt 0.533842 0.550457
vt 0.550130 0.535241
vt 0.144646 0.737348
vt 0.134679 0.737348
vt 0.139395 0.715588
vt 0.512760 0.860357
vt 0.512760 0.838459
vt 0.521089 0.856302
vt 0.116192 0.674013
vt 0.115233 0.655807
vt 0.129707 0.655807
vt 0.034699 0.860297
vt 0.026240 0.856550
vt 0.034699 0.838459
vt 0.790059 0.297508
vt 0.780326 0.298548
vt 0.780326 0.277722
vt 0.657985 0.636696
vt 0.656222 0.617682
vt 0.670647 0.617682
vt 0.811293 0.188986
vt 0.821063 0.170584
vt 0.821063 0.190398
vt 0.922826 0.645373
vt 0.931937 0.641844
vt 0.931937 0.658264
vt 0.543973 0.164690
vt 0.539584 0.144551
vt 0.554950 0.144551
vt 0.551025 0.166206
vt 0.931010 0.557632
vt 0.922826 0.561916
vt 0.922826 0.543573
vt 0.430901 0.393964
vt 0.430901 0.371331
vt 0.446723 0.378836
vt 0.706527 0.287892
vt 0.716222 0.267124
vt 0.716222 0.289645
vt 0.425594 0.927931
vt 0.425594 0.910993
vt 0.434952 0.924769
vt 0.139178 0.452309
vt 0.139178 0.429456
vt 0.154812 0.436790
vt 0.690967 0.682036
vt 0.681196 0.683960
vt 0.681196 0.661255
vt 0.070362 0.970392
vt 0.078499 0.958995
vt 0.078499 0.975217
vt 0.658353 0.483500
vt 0.645408 0.465219
vt 0.658353 0.461478
vt 0.131306 0.811313
vt 0.122287 0.811313
vt 0.126252 0.789021
vt 0.910108 0.807719
vt 0.900223 0.807719
vt 0.902725 0.791330
vt 0.522782 0.095375
vt 0.507843 0.078660
vt 0.522782 0.072539
vt 0.706527 0.647900
vt 0.706527 0.624961
vt 0.716010 0.645404
vt 0.546283 0.933959
vt 0.539412 0.931198
vt 0.546283 0.910993
vt 0.603684 0.313890
vt 0.597771 0.295615
vt 0.611705 0.292463
vt 0.611705 0.314871
vt 0.809923 0.058643
vt 0.800283 0.060710
vt 0.800283 0.040388
vt 0.072086 0.575143
vt 0.066454 0.554606
vt 0.082347 0.554606
vt 0.517596 0.830621
vt 0.526319 0.811986
vt 0.526319 0.833765
vt 0.094329 0.928539
vt 0.094329 0.910993
vt 0.103494 0.927994
vt 0.416000 0.500037
vt 0.416000 0.478882
vt 0.432376 0.484955
vt 0.627482 0.737868
vt 0.617829 0.737868
vt 0.622322 0.715588
vt 0.159213 0.809041
vt 0.168330 0.789021
vt 0.168330 0.811056
vt 0.497998 0.460250
vt 0.497998 0.438917
vt 0.514078 0.444131
vt 0.232037 0.858193
vt 0.222728 0.854756
vt 0.232037 0.838459
vt 0.512760 0.856073
vt 0.502980 0.857112
vt 0.502980 0.838459
vt 0.630183 0.388983
vt 0.614744 0.372366
vt 0.630183 0.369318
vt 0.365273 0.760018
vt 0.371839 0.738555
vt 0.375074 0.760018
vt 0.789550 0.171495
vt 0.780326 0.171495
vt 0.783191 0.149486
vt 0.412461 0.627279
vt 0.397959 0.615512
vt 0.412461 0.606177
vt 0.912850 0.412102
vt 0.920488 0.396457
vt 0.920488 0.416654
vt 0.750329 0.263944
vt 0.740666 0.263944
vt 0.743033 0.242338
vt 0.546300 0.415747
vt 0.546300 0.393161
vt 0.560974 0.401247
vt 0.592571 0.878999
vt 0.600258 0.861423
vt 0.602421 0.878999
vt 0.780326 0.687138
vt 0.787126 0.665208
vt 0.789537 0.687138
vt 0.499008 0.680182
vt 0.499008 0.661792
vt 0.513219 0.672192
vt 0.410902 0.929533
vt 0.403705 0.933044
vt 0.403705 0.910993
vt 0.154122 0.738537
vt 0.154122 0.715588
vt 0.163572 0.735691
vt 0.130021 0.696745
vt 0.115998 0.680613
vt 0.131956 0.680613
vt 0.897199 0.704914
vt 0.887579 0.707578
vt 0.887579 0.690455
vt 0.759533 0.022876
vt 0.750454 0.020325
vt 0.759533 -0.000000
vt 0.458932 0.546605
vt 0.449282 0.525768
vt 0.465390 0.525768
vt 0.887579 0.537399
vt 0.887579 0.517315
vt 0.895812 0.532822
vt 0.960200 0.363513
vt 0.952635 0.357769
vt 0.960200 0.345395
vt 0.328446 0.467679
vt 0.318599 0.447511
vt 0.336120 0.447511
vt 0.716857 0.109738
vt 0.726596 0.089370
vt 0.726596 0.111393
vt 0.961884 0.814333
vt 0.952635 0.814333
vt 0.961709 0.799809
vt 0.599151 0.094299
vt 0.599151 0.072539
vt 0.613488 0.081596
vt 0.202190 0.736312
vt 0.211865 0.715588
vt 0.211865 0.737980
vt 0.959873 0.819232
vt 0.952635 0.832892
vt 0.952635 0.814333
vt 0.035626 0.523472
vt 0.028311 0.502378
vt 0.044488 0.502378
vt 0.337854 0.737563
vt 0.328015 0.737563
vt 0.333038 0.715588
vt 0.684415 0.838656
vt 0.676009 0.860026
vt 0.676009 0.838459
vt 0.668885 0.239958
vt 0.656636 0.221728
vt 0.668885 0.217662
vt 0.745862 0.832965
vt 0.736865 0.832235
vt 0.745862 0.811986
vt 0.821137 0.656975
vt 0.811293 0.656975
vt 0.815767 0.637403
vt 0.381562 0.240582
vt 0.381562 0.217662
vt 0.397716 0.224350
vt 0.740666 0.591667
vt 0.750454 0.572188
vt 0.750454 0.593454
vt 0.283015 0.859218
vt 0.274785 0.860743
vt 0.274785 0.838459
vt 0.676005 0.071530
vt 0.663939 0.052893
vt 0.676005 0.049576
vt 0.876502 0.682951
vt 0.867669 0.698177
vt 0.867669 0.679028
vt 0.708930 0.834758
vt 0.700630 0.831371
vt 0.708930 0.811986
vt 0.327227 0.590122
vt 0.318599 0.572088
vt 0.336369 0.572088
vt 0.959294 0.915680
vt 0.952635 0.930548
vt 0.952635 0.910549
vt 0.509063 0.832915
vt 0.517596 0.811986
vt 0.517596 0.834252
vt 0.082786 0.635229
vt 0.082786 0.652989
vt 0.066454 0.648543
vt 0.171766 0.958995
vt 0.178608 0.964915
vt 0.171766 0.977757
vt 0.202010 0.475166
vt 0.213361 0.455654
vt 0.208148 0.477063
vt 0.196923 0.455654
vt 0.644296 0.910993
vt 0.651849 0.915746
vt 0.644296 0.931784
vt 0.327089 0.810989
vt 0.317990 0.810989
vt 0.320492 0.789021
vt 0.083547 0.644364
vt 0.099119 0.653740
vt 0.083547 0.662305
vt 0.940074 0.024665
vt 0.932756 0.040246
vt 0.932756 0.019976
vt 0.749819 0.175995
vt 0.740666 0.173480
vt 0.749819 0.153166
vt 0.691061 0.616672
vt 0.681197 0.603496
vt 0.691061 0.594160
vt 0.942659 0.913621
vt 0.942659 0.890906
vt 0.948808 0.910140
vt 0.799827 0.604204
vt 0.790301 0.606449
vt 0.790301 0.585835
vt 0.336568 0.580520
vt 0.336568 0.558034
vt 0.351009 0.566345
vt 0.509553 0.759714
vt 0.514260 0.738555
vt 0.519472 0.759714
vt 0.780326 0.236176
vt 0.780326 0.214808
vt 0.789822 0.233543
vt 0.584599 0.143170
vt 0.584599 0.121961
vt 0.599554 0.130887
vt 0.780058 0.215473
vt 0.770408 0.217891
vt 0.770408 0.196694
vt 0.811293 0.718088
vt 0.811293 0.695310
vt 0.819745 0.714749
vt 0.681197 0.149530
vt 0.681197 0.126810
vt 0.691590 0.135468
vt 0.895690 0.668277
vt 0.887579 0.663686
vt 0.895690 0.647943
vt 0.395326 0.738324
vt 0.385830 0.735553
vt 0.395326 0.715588
vt 0.482155 0.586526
vt 0.465814 0.572059
vt 0.482155 0.566799
vt 0.856337 0.060795
vt 0.860388 0.042782
vt 0.866260 0.060795
vt 0.238302 0.701644
vt 0.229401 0.701431
vt 0.229401 0.680940
vt 0.241391 0.680613
vt 0.433685 0.883334
vt 0.440567 0.861423
vt 0.441633 0.883334
vt 0.154122 0.738472
vt 0.144646 0.735618
vt 0.389462 0.021120
vt 0.380442 -0.000000
vt 0.398025 -0.000000
vt 0.942659 0.221884
vt 0.945173 0.207275
vt 0.952489 0.221884
vt 0.473039 0.736081
vt 0.482804 0.715588
vt 0.482804 0.737662
vt 0.279836 0.422960
vt 0.271397 0.401792
vt 0.288596 0.401792
vt 0.009591 0.972856
vt -0.000000 0.970309
vt 0.009591 0.958995
vt 0.823629 0.746957
vt 0.828900 0.724943
vt 0.832109 0.746957
vt 0.658478 0.616997
vt 0.658478 0.596389
vt 0.671640 0.598250
vt 0.397086 0.958995
vt 0.405964 0.963554
vt 0.397086 0.972010
vt 0.726218 0.289657
vt 0.716857 0.286713
vt 0.726218 0.266787
vt 0.439541 0.199163
vt 0.423734 0.183833
vt 0.439541 0.176419
vt 0.952635 0.077559
vt 0.953267 0.063049
vt 0.962229 0.077559
vt 0.078477 0.861012
vt 0.070302 0.859168
vt 0.078477 0.838460
vt 0.668885 0.240312
vt 0.668885 0.217662
vt 0.680361 0.222508
vt 0.447362 0.976365
vt 0.447362 0.958995
vt 0.453703 0.969757
vt 0.942659 0.838050
vt 0.949470 0.833954
vt 0.949470 0.854511
vt 0.638355 0.638628
vt 0.629389 0.617682
vt 0.643548 0.617682
vt 0.706527 0.022190
vt 0.711683 0.000000
vt 0.716398 0.022190
vt 0.952635 0.295555
vt 0.952635 0.280727
vt 0.961943 0.295175
vt 0.204109 0.541044
vt 0.196923 0.521811
vt 0.214419 0.521811
vt 0.716216 0.532937
vt 0.706527 0.534664
vt 0.706527 0.512184
vt 0.867669 0.332017
vt 0.872520 0.314722
vt 0.877502 0.332017
vt 0.346380 0.536987
vt 0.336568 0.517903
vt 0.354243 0.517903
vt 0.706235 0.169628
vt 0.696548 0.167216
vt 0.706235 0.146778
vt 0.518487 0.927297
vt 0.508790 0.927297
vt 0.509100 0.910993
vt 0.506128 0.680613
vt 0.521484 0.680613
vt 0.514357 0.696647
vt 0.740666 0.330393
vt 0.746904 0.308322
vt 0.750118 0.330393
vt 0.613450 0.504275
vt 0.605426 0.506529
vt 0.605426 0.484451
vt 0.619415 0.490595
vt 0.578906 0.791123
vt 0.570161 0.811745
vt 0.570161 0.789021
vt 0.651813 0.761487
vt 0.642682 0.758538
vt 0.651813 0.738555
vt 0.613488 0.094143
vt 0.613488 0.072539
vt 0.627641 0.081814
vt 0.900223 0.336579
vt 0.909998 0.320930
vt 0.909998 0.337673
vt 0.780326 0.386018
vt 0.787665 0.364286
vt 0.789645 0.386018
vt 0.252456 0.546707
vt 0.236176 0.533105
vt 0.252456 0.526091
vt 0.959687 0.696264
vt 0.952635 0.701568
vt 0.952635 0.682413
vt 0.192417 0.736313
vt 0.202190 0.715588
vt 0.202190 0.737756
vt 0.044471 0.502378
vt 0.028311 0.486387
vt 0.044471 0.480960
vt 0.942532 0.716538
vt 0.932756 0.716538
vt 0.940467 0.701630
vt 0.819953 0.464752
vt 0.811293 0.462955
vt 0.819953 0.442450
vt 0.560806 0.633156
vt 0.549398 0.613299
vt 0.564633 0.613299
vt 0.062626 0.958995
vt 0.062626 0.973807
vt 0.053712 0.963445
vt 0.939546 0.534747
vt 0.932756 0.529853
vt 0.939546 0.513144
vt 0.096069 0.568920
vt 0.085047 0.549465
vt 0.101967 0.549465
vt 0.908504 0.864443
vt 0.908504 0.883989
vt 0.900223 0.869127
vt 0.415522 0.859100
vt 0.406662 0.858071
vt 0.415522 0.838459
vt 0.013771 0.697503
vt 0.013771 0.680613
vt 0.029140 0.689529
vt 0.790301 0.174108
vt 0.799090 0.154246
vt 0.799090 0.176704
vt 0.800283 0.370988
vt 0.808151 0.351052
vt 0.810071 0.370988
vt 0.050192 0.592200
vt 0.045200 0.572147
vt 0.061166 0.572147
vt 0.177616 0.810643
vt 0.168330 0.807449
vt 0.177616 0.789021
vt 0.479563 0.120367
vt 0.485133 0.099249
vt 0.487753 0.117808
vt 0.471884 0.099249
vt 0.471202 0.119582
vt 0.779848 0.152564
vt 0.770408 0.152564
vt 0.774817 0.130887
vt 0.146890 0.696815
vt 0.146890 0.680613
vt 0.162748 0.688403
vt 0.097976 0.856061
vt 0.106727 0.838459
vt 0.106727 0.859526
vt 0.799365 0.649286
vt 0.790301 0.649286
vt 0.791762 0.627643
vt 0.613569 0.144211
vt 0.613569 0.121266
vt 0.626888 0.128557
vt 0.912850 0.091942
vt 0.912850 0.072536
vt 0.920838 0.086981
vt 0.799784 0.327934
vt 0.790301 0.325593
vt 0.799784 0.307149
vt 0.396829 0.348496
vt 0.380679 0.332444
vt 0.396829 0.325531
vt 0.760426 0.130325
vt 0.760426 0.107385
vt 0.769408 0.128099
vt 0.833611 0.250271
vt 0.833611 0.230284
vt 0.842921 0.246901
vt 0.521486 0.286340
vt 0.506212 0.269323
vt 0.521486 0.263970
vt 0.726560 0.333681
vt 0.716857 0.333681
vt 0.720433 0.311621
vt 0.043424 0.856500
vt 0.052248 0.838459
vt 0.052248 0.859374
vt 0.627263 0.041396
vt 0.613921 0.022887
vt 0.627918 0.022887
vt 0.619616 0.044707
vt 0.300376 0.832119
vt 0.290891 0.829427
vt 0.300376 0.811986
vt 0.374274 0.263900
vt 0.374274 0.241047
vt 0.390582 0.248054
vt 0.086412 0.737881
vt 0.091820 0.715588
vt 0.096145 0.737881
vt 0.908671 0.689883
vt 0.900223 0.685160
vt 0.908671 0.670654
vt 0.651203 0.193982
vt 0.637095 0.175878
vt 0.651203 0.173141
vt 0.750454 0.044823
vt 0.756935 0.022876
vt 0.759914 0.044823
vt 0.820690 0.759076
vt 0.811293 0.757187
vt 0.820690 0.738598
vt 0.645408 0.483994
vt 0.632261 0.470154
vt 0.645408 0.461478
vt 0.300019 0.811894
vt 0.300019 0.789021
vt 0.308768 0.809876
vt 0.811293 0.060335
vt 0.821080 0.041771
vt 0.821080 0.061591
vt 0.581298 0.071201
vt 0.581298 0.049576
vt 0.596027 0.058475
vt 0.851436 0.227688
vt 0.843588 0.225146
vt 0.851436 0.204728
vt 0.912850 0.811755
vt 0.912850 0.792862
vt 0.920933 0.806609
vt 0.543728 0.605476
vt 0.532371 0.587139
vt 0.549523 0.587139
vt 0.740221 0.400417
vt 0.730688 0.400417
vt 0.735192 0.378141
vt 0.962336 0.278761
vt 0.952635 0.280727
vt 0.952635 0.266496
vt 0.657748 0.703054
vt 0.657748 0.680613
vt 0.668457 0.689971
vt 0.000000 0.736330
vt 0.009560 0.715588
vt 0.009560 0.738321
vt 0.716311 0.600570
vt 0.706527 0.602090
vt 0.706527 0.579838
vt 0.053181 0.700957
vt 0.040463 0.691504
vt 0.053181 0.680613
vt 0.877602 0.604882
vt 0.886945 0.590304
vt 0.886945 0.608223
vt 0.750136 0.375004
vt 0.740666 0.375004
vt 0.743937 0.352984
vt 0.336568 0.648412
vt 0.353006 0.637504
vt 0.353006 0.655050
vt 0.942659 0.655838
vt 0.951022 0.641516
vt 0.952496 0.655838
vt 0.790301 0.044658
vt 0.790301 0.022019
vt 0.799032 0.041259
vt 0.472874 0.042050
vt 0.461011 0.022887
vt 0.477123 0.022887
vt 0.466581 0.044741
vt 0.492768 0.738333
vt 0.492768 0.715588
vt 0.502242 0.735640
vt 0.465814 0.606584
vt 0.465814 0.586526
vt 0.481548 0.594771
vt 0.961942 0.638352
vt 0.952635 0.641935
vt 0.952635 0.627356
vt 0.809174 0.655176
vt 0.800283 0.655176
vt 0.804512 0.633318
vt 0.619324 0.369169
vt 0.619324 0.347188
vt 0.633072 0.356357
vt 0.417705 0.884054
vt 0.417705 0.861423
vt 0.425405 0.880686
vt 0.853460 0.500099
vt 0.843588 0.500099
vt 0.847951 0.481923
vt 0.457614 0.481588
vt 0.450174 0.461478
vt 0.467616 0.461478
vt 0.706527 0.108751
vt 0.716313 0.088344
vt 0.716313 0.110716
vt 0.908917 0.516426
vt 0.900223 0.511927
vt 0.908917 0.497658
vt 0.672402 0.679496
vt 0.658654 0.661587
vt 0.673246 0.661587
vt 0.730688 0.531550
vt 0.740197 0.510712
vt 0.740197 0.533023
vt 0.745399 0.860573
vt 0.745399 0.838460
vt 0.753577 0.859169
vt 0.516766 0.568635
vt 0.500744 0.555778
vt 0.516766 0.548082
vt 0.769449 0.107385
vt 0.760426 0.105366
vt 0.769449 0.084545
vt 0.346188 0.831482
vt 0.351025 0.811986
vt 0.355969 0.831482
vt 0.621339 0.527495
vt 0.606621 0.515798
vt 0.621339 0.506561
vt 0.726536 0.484529
vt 0.716857 0.486776
vt 0.716857 0.464682
vt 0.814235 0.856041
vt 0.804468 0.856937
vt 0.804468 0.838459
vt 0.681197 0.204292
vt 0.695100 0.188548
vt 0.696098 0.204292
vt 0.566784 0.761054
vt 0.566784 0.738555
vt 0.576101 0.758168
vt 0.716423 0.489640
vt 0.706527 0.489640
vt 0.709943 0.467626
vt 0.634574 0.262573
vt 0.620616 0.250296
vt 0.634574 0.240935
vt 0.912850 0.934708
vt 0.917062 0.919400
vt 0.922801 0.934708
vt 0.875291 0.803904
vt 0.867669 0.804798
vt 0.867669 0.782627
vt 0.592884 0.529446
vt 0.592884 0.506561
vt 0.606621 0.514169
vt 0.588349 0.735564
vt 0.598059 0.715588
vt 0.598059 0.737746
vt 0.932756 0.862600
vt 0.932756 0.840350
vt 0.939289 0.858169
vt 0.506827 0.347860
vt 0.491378 0.333498
vt 0.506827 0.325531
vt 0.716043 0.624961
vt 0.706527 0.622401
vt 0.716043 0.602090
vt 0.800283 0.633318
vt 0.800283 0.610957
vt 0.808975 0.629709
vt 0.082832 0.405454
vt 0.066454 0.389560
vt 0.082832 0.382951
vt 0.706511 0.597130
vt 0.696548 0.597130
vt 0.701204 0.575087
vt 0.885208 0.483494
vt 0.877602 0.485882
vt 0.877602 0.463837
vt 0.560109 0.483181
vt 0.544836 0.466033
vt 0.560109 0.461478
vt 0.696548 0.461015
vt 0.706225 0.440271
vt 0.706225 0.463002
vt 0.590888 0.834456
vt 0.582444 0.830810
vt 0.590888 0.811986
vt 0.045200 0.550777
vt 0.045200 0.530322
vt 0.061559 0.535988
vt 0.467290 0.859567
vt 0.475338 0.838459
vt 0.475338 0.861143
vt 0.939106 0.701630
vt 0.932756 0.698754
vt 0.939106 0.678665
vt 0.645872 0.093320
vt 0.641610 0.072539
vt 0.655321 0.072539
vt 0.654030 0.093679
vt 0.546713 0.366830
vt 0.558819 0.347606
vt 0.553702 0.369038
vt 0.543342 0.347606
vt 0.470399 0.933202
vt 0.463273 0.933202
vt 0.467795 0.910993
vt 0.372904 0.833308
vt 0.376412 0.811986
vt 0.381840 0.833308
vt 0.508643 0.526629
vt 0.500744 0.507398
vt 0.518419 0.507398
vt 0.832622 0.587391
vt 0.823629 0.586741
vt 0.832622 0.566581
vt 0.884964 0.310523
vt 0.877602 0.307069
vt 0.884964 0.287697
vt 0.019104 0.555573
vt 0.010652 0.534433
vt 0.026390 0.534433
vt 0.025804 0.553511
vt 0.740586 0.466291
vt 0.730688 0.466291
vt 0.733904 0.444844
vt 0.271397 0.468618
vt 0.271397 0.445709
vt 0.286828 0.452960
vt 0.823629 0.229859
vt 0.829141 0.211057
vt 0.833611 0.229859
vt 0.458194 0.503073
vt 0.450174 0.503394
vt 0.450174 0.481588
vt 0.464182 0.484321
vt 0.466039 0.499469
vt 0.887579 0.727314
vt 0.894756 0.747178
vt 0.548809 0.392328
vt 0.542154 0.371331
vt 0.557976 0.371331
vt 0.542255 0.389602
vt 0.740666 0.747307
vt 0.747773 0.725499
vt 0.750192 0.747307
vt 0.093993 0.380283
vt 0.085047 0.359130
vt 0.102725 0.359130
vt 0.950156 0.948293
vt 0.942659 0.953511
vt 0.942659 0.934905
vt 0.535090 0.310971
vt 0.528415 0.313863
vt 0.522447 0.292463
vt 0.538200 0.292463
vt 0.919594 0.622604
vt 0.912850 0.643576
vt 0.912850 0.620850
vt 0.726758 0.133054
vt 0.716857 0.133054
vt 0.720344 0.111393
vt 0.443360 0.144183
vt 0.443360 0.121961
vt 0.459378 0.127738
vt 0.144094 0.856952
vt 0.148704 0.838459
vt 0.154050 0.856952
vt 0.547909 0.759028
vt 0.538458 0.760748
vt 0.291813 0.385834
vt 0.291813 0.363057
vt 0.308189 0.369967
vt 0.843588 0.438945
vt 0.852411 0.422224
vt 0.852411 0.442582
vt 0.760426 0.062589
vt 0.767581 0.041677
vt 0.770283 0.062589
vt 0.480233 0.371196
vt 0.464531 0.354455
vt 0.480233 0.348866
vt 0.810227 0.720369
vt 0.800283 0.720369
vt 0.803779 0.700846
vt 0.499768 0.879087
vt 0.504840 0.861423
vt 0.509614 0.879087
vt 0.645666 0.285014
vt 0.637222 0.263970
vt 0.651165 0.263970
vt 0.637634 0.284589
vt 0.779843 0.589162
vt 0.770408 0.586891
vt 0.779843 0.567573
vt 0.343372 0.558034
vt 0.336568 0.536987
vt 0.352342 0.536987
vt 0.843588 0.138930
vt 0.843588 0.119966
vt 0.853095 0.138004
vt 0.026240 0.860483
vt 0.017850 0.860483
vt 0.020805 0.838459
vt 0.407658 0.480591
vt 0.398523 0.459539
vt 0.415220 0.459539
vt 0.912850 0.852436
vt 0.919892 0.834665
vt 0.919892 0.856349
vt 0.842899 0.477893
vt 0.833611 0.476421
vt 0.842899 0.457913
vt 0.448202 0.370703
vt 0.431833 0.355665
vt 0.448202 0.348866
vt 0.604627 0.760258
vt 0.608684 0.738555
vt 0.614281 0.760258
vt 0.790301 0.712157
vt 0.800088 0.693535
vt 0.800088 0.713573
vt 0.488588 0.197586
vt 0.473018 0.180777
vt 0.488588 0.175143
vt 0.759979 0.382445
vt 0.750454 0.379596
vt 0.759979 0.360715
vt 0.190956 0.933094
vt 0.190956 0.910993
vt 0.198202 0.928720
vt 0.652390 0.390373
vt 0.644120 0.369318
vt 0.657737 0.369318
vt 0.644192 0.389903
vt 0.821072 0.800763
vt 0.811293 0.800763
vt 0.813076 0.781087
vt 0.364235 0.675130
vt 0.351039 0.665783
vt 0.364235 0.655050
vt 0.780326 0.491679
vt 0.790033 0.472137
vt 0.790033 0.492970
vt 0.851635 0.859488
vt 0.843588 0.858051
vt 0.851635 0.837273
vt 0.472704 0.414992
vt 0.465401 0.394050
vt 0.482133 0.394050
vt 0.900222 0.395671
vt 0.907581 0.376752
vt 0.907581 0.398964
vt 0.780326 0.642835
vt 0.789354 0.644911
vt 0.780326 0.665208
vt 0.540826 0.568987
vt 0.532371 0.550457
vt 0.550130 0.550457
vt 0.094111 0.810072
vt 0.103206 0.789021
vt 0.103206 0.811139
vt 0.841826 0.707990
vt 0.841826 0.730533
vt 0.833611 0.711660
vt 0.800283 0.195761
vt 0.811293 0.187185
vt 0.811293 0.204957
vt 0.718069 0.761516
vt 0.708958 0.759189
vt 0.718069 0.738555
vt 0.800283 0.435248
vt 0.809974 0.415892
vt 0.809974 0.436016
vt 0.652444 0.175073
vt 0.663999 0.194904
vt 0.651203 0.194904
vt 0.660887 0.173141
vt 0.811293 0.238420
vt 0.820124 0.236163
vt 0.820124 0.258066
vt 0.051729 0.610204
vt 0.045200 0.592200
vt 0.062631 0.592200
vt 0.355969 0.834724
vt 0.355969 0.811986
vt 0.364354 0.833031
vt 0.716857 0.553930
vt 0.726758 0.553930
vt 0.723257 0.575490
vt 0.482182 0.606584
vt 0.482182 0.625262
vt 0.465814 0.619170
vt 0.274203 0.980727
vt 0.274203 0.958995
vt 0.279938 0.975929
vt 0.842934 0.354073
vt 0.833611 0.356751
vt 0.833611 0.336819
vt 0.370598 0.576053
vt 0.364328 0.557173
vt 0.381563 0.557173
vt 0.959208 0.661846
vt 0.959208 0.682413
vt 0.952635 0.667167
vt 0.867669 0.272720
vt 0.874183 0.255534
vt 0.877573 0.272720
vt 0.664998 0.311310
vt 0.652219 0.292463
vt 0.666927 0.292463
vt 0.887579 0.671585
vt 0.895008 0.668277
vt 0.895008 0.690455
vt 0.843588 0.558400
vt 0.852737 0.541770
vt 0.852737 0.561377
vt 0.603335 0.700012
vt 0.590797 0.680772
vt 0.603335 0.680613
vt 0.952635 0.046603
vt 0.959266 0.042043
vt 0.959266 0.063049
vt 0.612316 0.878918
vt 0.602421 0.878918
vt 0.606371 0.861423
vt 0.495405 0.437597
vt 0.495405 0.416108
vt 0.511399 0.421280
vt 0.940185 0.000000
vt 0.940185 0.019976
vt 0.932756 0.005157
vt 0.238714 0.974675
vt 0.232472 0.979213
vt 0.232472 0.958995
vt 0.505196 0.604493
vt 0.516373 0.622152
vt 0.499008 0.622152
vt 0.779842 0.763289
vt 0.770408 0.783816
vt 0.770408 0.762262
vt 0.509614 0.861423
vt 0.517637 0.861423
vt 0.517176 0.883098
vt 0.388681 0.586359
vt 0.382032 0.565274
vt 0.397346 0.565274
vt 0.395833 0.585756
vt 0.643777 0.313635
vt 0.652219 0.292463
vt 0.652219 0.314628
vt 0.639042 0.296178
vt 0.958613 0.952820
vt 0.952635 0.952820
vt 0.956066 0.930548
vt 0.712431 0.883305
vt 0.712431 0.861423
vt 0.720315 0.882234
vt 0.632261 0.483034
vt 0.618237 0.470861
vt 0.632261 0.461478
vt 0.894993 0.130258
vt 0.887579 0.133182
vt 0.887579 0.110724
vt 0.832851 0.124875
vt 0.823629 0.124928
vt 0.823629 0.104544
vt 0.464913 0.197586
vt 0.456347 0.176419
vt 0.473018 0.176419
vt 0.767198 0.927039
vt 0.776829 0.910993
vt 0.776829 0.927214
vt 0.019057 0.738468
vt 0.009560 0.735667
vt 0.019057 0.715588
vt 0.345872 0.411949
vt 0.336568 0.391174
vt 0.354223 0.391174
vt 0.867669 0.035299
vt 0.871758 0.018052
vt 0.877602 0.035299
vt 0.203675 0.521788
vt 0.196923 0.521811
vt 0.196923 0.500002
vt 0.212595 0.503348
vt 0.932622 0.881631
vt 0.930329 0.896818
vt 0.922826 0.881631
vt 0.070110 0.487060
vt 0.082927 0.469748
vt 0.075978 0.490894
vt 0.066454 0.469748
vt 0.599030 0.910993
vt 0.608991 0.910993
vt 0.605575 0.926786
vt 0.833611 0.295867
vt 0.833611 0.273237
vt 0.841831 0.292288
vt 0.482132 0.415237
vt 0.482132 0.394050
vt 0.498485 0.400825
vt 0.887579 0.595117
vt 0.897506 0.595117
vt 0.894647 0.611748
vt 0.929454 0.144050
vt 0.922826 0.140704
vt 0.929454 0.121158
vt 0.637318 0.118125
vt 0.637318 0.097254
vt 0.651370 0.107025
vt 0.939975 0.616628
vt 0.932756 0.632150
vt 0.932756 0.611886
vt 0.790069 0.276651
vt 0.780326 0.277723
vt 0.018130 0.470761
vt 0.010652 0.450479
vt 0.028063 0.450479
vt 0.950513 0.292412
vt 0.942659 0.305551
vt 0.942659 0.287344
vt 0.594857 0.761026
vt 0.585531 0.757905
vt 0.594857 0.738555
vt 0.149997 0.556926
vt 0.139178 0.537602
vt 0.156352 0.537602
vt 0.833611 0.018755
vt 0.840160 -0.000000
vt 0.843557 0.018755
vt 0.770408 0.481695
vt 0.770408 0.459238
vt 0.779488 0.479528
vt 0.448135 0.638375
vt 0.464985 0.627567
vt 0.464985 0.645118
vt 0.865578 0.461745
vt 0.856337 0.461745
vt 0.864745 0.442546
vt 0.028518 0.738540
vt 0.028518 0.715588
vt 0.037984 0.735704
vt 0.196923 0.636530
vt 0.196923 0.617728
vt 0.212883 0.625501
vt 0.910201 0.134125
vt 0.900223 0.134125
vt 0.905083 0.117669
vt 0.156725 0.761514
vt 0.147541 0.758644
vt 0.156725 0.738555
vt 0.604967 0.366883
vt 0.588578 0.353333
vt 0.604967 0.347606
vt 0.216365 0.927204
vt 0.224102 0.910993
vt 0.226236 0.927204
vt 0.887422 0.890587
vt 0.877602 0.890587
vt 0.879147 0.873599
vt 0.271397 0.445709
vt 0.271397 0.422960
vt 0.287168 0.429161
vt 0.823629 0.485443
vt 0.832949 0.465675
vt 0.832949 0.485779
vt 0.820620 0.829388
vt 0.811002 0.831576
vt 0.811002 0.811986
vt 0.488588 0.197220
vt 0.488588 0.175143
vt 0.504238 0.180412
vt 0.780326 0.190652
vt 0.789599 0.171495
vt 0.789599 0.193381
vt 0.167619 0.879260
vt 0.172609 0.861423
vt 0.177457 0.879260
vt 0.390576 0.121998
vt 0.374186 0.106041
vt 0.390576 0.099249
vt 0.789935 0.127241
vt 0.780326 0.127241
vt 0.782691 0.106108
vt 0.877602 0.809466
vt 0.885785 0.792601
vt 0.885785 0.813003
vt 0.121709 0.522435
vt 0.115233 0.502240
vt 0.132133 0.502240
vt 0.726454 0.066748
vt 0.716857 0.064105
vt 0.726454 0.044397
vt 0.111412 0.880416
vt 0.102155 0.876900
vt 0.111412 0.861423
vt 0.201703 0.598854
vt 0.196923 0.578966
vt 0.212886 0.578966
vt 0.056674 0.810970
vt 0.060212 0.789021
vt 0.065849 0.810970
vt 0.864341 0.185408
vt 0.856337 0.187139
vt 0.856337 0.164873
vt 0.674394 0.504486
vt 0.661047 0.495104
vt 0.674394 0.484452
vt 0.877602 0.546468
vt 0.885112 0.527322
vt 0.885112 0.549618
vt 0.740059 0.088939
vt 0.730688 0.085942
vt 0.740059 0.066193
vt 0.584599 0.142929
vt 0.569185 0.130516
vt 0.584599 0.121961
vt 0.952635 0.892227
vt 0.952635 0.871940
vt 0.959227 0.886774
vt 0.477468 0.928295
vt 0.485046 0.910993
vt 0.485046 0.931869
vt 0.236176 0.603064
vt 0.236176 0.583578
vt 0.252423 0.588269
vt 0.531942 0.811265
vt 0.522993 0.811265
vt 0.527631 0.789021
vt 0.740666 0.109210
vt 0.740666 0.086253
vt 0.749769 0.106475
vt 0.409478 0.606177
vt 0.397959 0.586678
vt 0.932649 0.387131
vt 0.922826 0.387131
vt 0.924334 0.371783
vt 0.061960 0.857456
vt 0.052248 0.857456
vt 0.053394 0.838460
vt 0.475204 0.144240
vt 0.459378 0.129670
vt 0.475204 0.121961
vt 0.780326 0.040748
vt 0.789926 0.020700
vt 0.789926 0.041877
vt 0.582444 0.832831
vt 0.573341 0.831419
vt 0.582444 0.811986
vt 0.580044 0.195695
vt 0.580044 0.173141
vt 0.594240 0.181439
vt 0.013706 0.758338
vt 0.023494 0.738555
vt 0.023494 0.760162
vt 0.712431 0.879151
vt 0.704190 0.882366
vt 0.704190 0.861423
vt 0.562842 0.263891
vt 0.562842 0.240935
vt 0.577018 0.248055
vt 0.490354 0.760443
vt 0.496838 0.738555
vt 0.499945 0.760443
vt 0.922826 0.881631
vt 0.922826 0.862394
vt 0.930561 0.876267
vt 0.577018 0.262259
vt 0.577018 0.240935
vt 0.592051 0.249747
vt 0.706241 0.370298
vt 0.696548 0.372266
vt 0.696548 0.349535
vt 0.603244 0.856862
vt 0.610073 0.838460
vt 0.613144 0.856862
vt 0.461092 0.627567
vt 0.449282 0.608147
vt 0.464985 0.608147
vt 0.779698 0.108614
vt 0.770408 0.108614
vt 0.775768 0.086570
vt 0.876779 0.591653
vt 0.867669 0.590946
vt 0.876779 0.573030
vt 0.560109 0.484353
vt 0.574371 0.467607
vt 0.404749 0.737574
vt 0.410844 0.715588
vt 0.414569 0.737574
vt 0.757424 0.925402
vt 0.747666 0.927017
vt 0.747666 0.910993
vt 0.397959 0.663231
vt 0.397959 0.645788
vt 0.413931 0.653406
vt 0.706527 0.355738
vt 0.716163 0.334892
vt 0.716163 0.357527
vt 0.359219 0.861423
vt 0.369111 0.861423
vt 0.366359 0.879070
vt 0.265839 0.610243
vt 0.254190 0.590942
vt 0.270450 0.590942
vt 0.250349 0.738335
vt 0.250349 0.715588
vt 0.259865 0.735703
vt 0.856337 0.227063
vt 0.856337 0.207724
vt 0.865549 0.225940
vt 0.657748 0.691626
vt 0.644089 0.698222
vt 0.644089 0.680613
vt 0.080707 0.738555
vt 0.090313 0.738555
vt 0.085007 0.760529
vt 0.234967 0.810204
vt 0.234967 0.789021
vt 0.244430 0.807921
vt 0.616999 0.688051
vt 0.603335 0.698320
vt 0.603335 0.680613
vt 0.770408 0.023564
vt 0.779907 0.020960
vt 0.779907 0.042530
vt 0.790301 0.522606
vt 0.799961 0.521876
vt 0.799961 0.542206
vt 0.565791 0.591788
vt 0.550130 0.575254
vt 0.565791 0.571309
vt 0.800283 0.741692
vt 0.809388 0.738232
vt 0.541674 0.809467
vt 0.531942 0.809467
vt 0.533756 0.789021
vt 0.425756 0.021882
vt 0.415553 0.003757
vt 0.431777 0.000000
vt 0.431777 0.022301
vt 0.852787 0.119966
vt 0.843588 0.119966
vt 0.850443 0.100360
vt 0.519853 0.099249
vt 0.535666 0.115794
vt 0.519853 0.120605
vt 0.865722 0.622075
vt 0.865722 0.640947
vt 0.856337 0.625423
vt 0.718451 0.856985
vt 0.726832 0.838459
vt 0.728221 0.856985
vt 0.402202 0.142864
vt 0.393254 0.122216
vt 0.411028 0.122216
vt 0.211131 0.864871
vt 0.220345 0.861423
vt 0.220345 0.880435
vt 0.136846 0.831368
vt 0.142867 0.811986
vt 0.146739 0.831368
vt 0.396564 0.022887
vt 0.396564 0.045852
vt 0.380387 0.039006
vt 0.867669 0.517951
vt 0.877080 0.514758
vt 0.877080 0.532792
vt 0.820905 0.342347
vt 0.811293 0.342347
vt 0.816750 0.322242
vt 0.557399 0.195358
vt 0.549804 0.174186
vt 0.565419 0.174186
vt 0.253090 0.915084
vt 0.244236 0.929057
vt 0.244236 0.910993
vt 0.576368 0.861423
vt 0.568432 0.858533
vt 0.576368 0.838459
vt 0.531600 0.652846
vt 0.515535 0.642195
vt 0.531600 0.634780
vt 0.887427 0.270585
vt 0.884521 0.287697
vt 0.877602 0.270585
vt 0.865367 0.161791
vt 0.856337 0.164873
vt 0.856337 0.145127
vt 0.637222 0.286581
vt 0.623969 0.269050
vt 0.716294 0.672855
vt 0.706527 0.693060
vt 0.706527 0.670807
vt 0.833611 0.375521
vt 0.840610 0.356751
vt 0.843506 0.375521
vt 0.168945 0.487062
vt 0.161228 0.465940
vt 0.177777 0.465940
vt 0.730688 0.533023
vt 0.740311 0.535647
vt 0.730688 0.555069
vt 0.770408 0.239454
vt 0.770408 0.217890
vt 0.779889 0.237003
vt 0.374186 0.099249
vt 0.374186 0.122216
vt 0.357826 0.115338
vt 0.790301 0.777010
vt 0.800081 0.777010
vt 0.793761 0.797050
vt 0.939207 0.128560
vt 0.932756 0.125765
vt 0.939207 0.105594
vt 0.351039 0.655050
vt 0.351039 0.673616
vt 0.336568 0.663525
vt 0.800283 0.142285
vt 0.809010 0.122512
vt 0.809010 0.144942
vt 0.746827 0.810863
vt 0.737769 0.810863
vt 0.742013 0.789021
vt 0.579952 0.002204
vt 0.586318 0.017425
vt 0.572100 0.022716
vt 0.572100 -0.000000
vt 0.094307 0.359130
vt 0.085047 0.359130
vt 0.085276 0.338722
vt 0.096034 0.337949
vt 0.103036 0.355793
vt 0.823629 0.295193
vt 0.828382 0.273240
vt 0.832177 0.295193
vt 0.131444 0.647889
vt 0.115233 0.655807
vt 0.115233 0.638075
vt 0.900223 0.425605
vt 0.907724 0.421930
vt 0.907724 0.443712
vt 0.716857 0.669656
vt 0.716857 0.646974
vt 0.726264 0.667084
vt 0.659700 0.435272
vt 0.659700 0.415551
vt 0.673360 0.426100
vt 0.865350 0.304664
vt 0.856337 0.308259
vt 0.856337 0.288528
vt 0.512848 0.071099
vt 0.504921 0.071346
vt 0.504921 0.049576
vt 0.519077 0.052271
vt 0.520622 0.067563
vt 0.921311 0.304218
vt 0.912850 0.299370
vt 0.921311 0.285955
vt 0.407478 0.371331
vt 0.398428 0.350226
vt 0.415741 0.350226
vt 0.477469 0.910993
vt 0.477469 0.933372
vt 0.470399 0.914821
vt 0.462769 0.099249
vt 0.471202 0.099304
vt 0.471202 0.120559
vt 0.458002 0.119194
vt 0.454623 0.102532
vt 0.493693 0.933702
vt 0.493693 0.910993
vt 0.500657 0.931886
vt 0.119333 0.482831
vt 0.131090 0.502240
vt 0.125894 0.480401
vt 0.811293 0.614651
vt 0.820072 0.593442
vt 0.820072 0.615401
vt 0.091779 0.489079
vt 0.102127 0.509225
vt 0.085047 0.509225
vt 0.942659 0.875065
vt 0.949439 0.870306
vt 0.949439 0.890906
vt 0.050525 0.489231
vt 0.056969 0.488052
vt 0.061391 0.509316
vt 0.045200 0.509316
vt 0.648727 0.882899
vt 0.656427 0.861423
vt 0.656427 0.883865
vt 0.823629 0.686106
vt 0.833121 0.685896
vt 0.833121 0.705571
vt 0.532293 0.593104
vt 0.517139 0.575858
vt 0.532293 0.572018
vt 0.286471 0.878935
vt 0.292363 0.861423
vt 0.296450 0.878935
vt 0.216365 0.925381
vt 0.207485 0.929018
vt 0.207485 0.910993
vt 0.284078 0.700939
vt 0.282152 0.680613
vt 0.294535 0.680613
vt 0.210117 0.813708
vt 0.201693 0.834693
vt 0.201693 0.811986
vt 0.942659 0.474491
vt 0.952162 0.462352
vt 0.952162 0.477243
vt 0.374242 0.263970
vt 0.374242 0.286930
vt 0.357884 0.280077
vt 0.094498 0.861423
vt 0.102155 0.863821
vt 0.094498 0.884390
vt 0.932756 0.430798
vt 0.932756 0.415210
vt 0.942186 0.429714
vt 0.169209 0.423058
vt 0.161228 0.402231
vt 0.178669 0.402231
vt 0.790301 0.243283
vt 0.799026 0.241811
vt 0.799026 0.264414
vt 0.952438 0.410166
vt 0.942659 0.410166
vt 0.948630 0.395656
vt 0.519402 0.481817
vt 0.514240 0.461478
vt 0.530010 0.461478
vt 0.526142 0.483027
vt 0.895167 0.176821
vt 0.887579 0.177200
vt 0.887579 0.155275
vt 0.149578 0.556926
vt 0.156727 0.575473
vt 0.139178 0.575473
vt 0.145848 0.962798
vt 0.139973 0.981049
vt 0.139973 0.958995
vt 0.570072 0.216593
vt 0.562958 0.214626
vt 0.562510 0.195417
vt 0.577860 0.195417
vt 0.842025 0.882930
vt 0.849681 0.861423
vt 0.849681 0.883828
vt 0.072278 0.834856
vt 0.072278 0.811986
vt 0.080675 0.832462
vt 0.663493 0.595732
vt 0.663493 0.573511
vt 0.675523 0.577353
vt 0.877056 0.514758
vt 0.867669 0.511386
vt 0.877056 0.496670
vt 0.340869 0.472533
vt 0.353061 0.454190
vt 0.346830 0.475567
vt 0.336568 0.454190
vt 0.810246 0.122512
vt 0.800283 0.122512
vt 0.805380 0.102864
vt 0.467290 0.861153
vt 0.459244 0.857601
vt 0.467290 0.838460
vt 0.246086 0.583578
vt 0.236176 0.565314
vt 0.253863 0.565314
vt 0.235605 0.831612
vt 0.238684 0.811986
vt 0.245347 0.831612
vt 0.609307 0.829519
vt 0.599658 0.831626
vt 0.599658 0.811986
vt 0.390205 0.415038
vt 0.382032 0.394050
vt 0.399472 0.394050
vt 0.666602 0.737113
vt 0.672067 0.715588
vt 0.676584 0.737113
vt 0.533491 0.141765
vt 0.526689 0.143314
vt 0.522152 0.121961
vt 0.537942 0.121961
vt 0.912850 0.956328
vt 0.912901 0.934708
vt 0.919888 0.956328
vt 0.244721 0.423077
vt 0.251736 0.401926
vt 0.253366 0.421677
vt 0.239212 0.401926
vt 0.236176 0.421102
vt 0.843588 0.183602
vt 0.843588 0.160832
vt 0.851505 0.180131
vt 0.556271 0.261916
vt 0.547055 0.240935
vt 0.562842 0.240935
vt 0.549509 0.261722
vt 0.338172 0.931796
vt 0.330521 0.931796
vt 0.337730 0.910993
vt 0.613099 0.632723
vt 0.596931 0.618096
vt 0.613099 0.614087
vt 0.185579 0.883408
vt 0.185579 0.861423
vt 0.193555 0.882702
vt 0.740185 0.688796
vt 0.730688 0.686064
vt 0.740185 0.666497
vt 0.326205 0.447511
vt 0.318599 0.426763
vt 0.335853 0.426763
vt 0.272410 0.831721
vt 0.272410 0.811986
vt 0.282094 0.829486
vt 0.833014 0.104411
vt 0.823629 0.104544
vt 0.823629 0.084513
vt 0.681197 0.069093
vt 0.696332 0.054309
vt 0.696332 0.070018
vt 0.833611 0.208798
vt 0.843020 0.189388
vt 0.843020 0.209167
vt 0.177457 0.883020
vt 0.177457 0.861423
vt 0.185579 0.882050
vt 0.573914 0.369550
vt 0.573914 0.347606
vt 0.588578 0.356339
vt 0.286471 0.882543
vt 0.278197 0.882313
vt 0.286471 0.861423
vt 0.326976 0.761051
vt 0.326976 0.738555
vt 0.336333 0.758624
vt 0.416000 0.542057
vt 0.416000 0.520945
vt 0.431952 0.528751
vt 0.549881 0.857520
vt 0.540317 0.856391
vt 0.549881 0.838460
vt 0.597124 0.809532
vt 0.587702 0.810097
vt 0.587702 0.789021
vt 0.550761 0.694236
vt 0.565507 0.680613
vt 0.565507 0.697275
vt 0.856337 0.543202
vt 0.865923 0.525150
vt 0.865923 0.543640
vt 0.960235 0.719328
vt 0.952635 0.713545
vt 0.960235 0.701568
vt 0.155423 0.474018
vt 0.139178 0.458102
vt 0.155423 0.452309
vt 0.671214 0.761099
vt 0.671214 0.738555
vt 0.680498 0.758215
vt 0.885224 0.870980
vt 0.877602 0.873599
vt 0.877602 0.851709
vt 0.625366 0.314917
vt 0.611705 0.297284
vt 0.625366 0.292463
vt 0.750454 0.198280
vt 0.759571 0.177558
vt 0.759571 0.200286
vt 0.932756 0.083472
vt 0.932756 0.062741
vt 0.939907 0.078245
vt 0.477474 0.167402
vt 0.462067 0.150836
vt 0.477474 0.144551
vt 0.799272 0.065759
vt 0.790300 0.066691
vt 0.790300 0.044658
vt 0.627580 0.831364
vt 0.635682 0.811986
vt 0.637357 0.831364
vt 0.318963 0.385152
vt 0.318963 0.362344
vt 0.335321 0.369295
vt 0.318247 0.737760
vt 0.308492 0.737760
vt 0.312355 0.715588
vt 0.551820 0.879688
vt 0.543671 0.882721
vt 0.543671 0.861423
vt 0.610590 0.596389
vt 0.596931 0.579564
vt 0.610590 0.573511
vt 0.750454 0.358989
vt 0.759577 0.338027
vt 0.759577 0.360715
vt 0.809169 0.187185
vt 0.800283 0.187185
vt 0.803206 0.165163
vt 0.154237 0.617823
vt 0.139178 0.606298
vt 0.154237 0.597258
vt 0.912850 0.068250
vt 0.920244 0.051567
vt 0.920244 0.072536
vt 0.393970 0.878230
vt 0.385295 0.881536
vt 0.385295 0.861423
vt 0.198412 0.368169
vt 0.198412 0.345215
vt 0.214797 0.352102
vt 0.730688 0.244333
vt 0.735243 0.222248
vt 0.740328 0.244333
vt 0.887579 0.031227
vt 0.887579 0.013188
vt 0.896821 0.027668
vt 0.506752 0.144141
vt 0.506752 0.121961
vt 0.522152 0.127149
vt 0.706292 0.573269
vt 0.696548 0.575087
vt 0.696548 0.552545
vt 0.952635 0.421430
vt 0.958809 0.399961
vt 0.958809 0.422113
vt 0.580132 0.238728
vt 0.572280 0.217662
vt 0.586508 0.222027
vt 0.572280 0.240361
vt 0.566784 0.758863
vt 0.557302 0.760662
vt 0.557302 0.738555
vt 0.245154 0.379347
vt 0.236176 0.358260
vt 0.253926 0.358260
vt 0.730688 0.133270
vt 0.730688 0.110736
vt 0.740143 0.130505
vt 0.939181 0.760012
vt 0.932756 0.758367
vt 0.939181 0.737346
vt 0.531953 0.284251
vt 0.538115 0.263970
vt 0.843588 0.684525
vt 0.852132 0.667207
vt 0.852132 0.688177
vt 0.159213 0.810177
vt 0.149716 0.810177
vt 0.154690 0.789021
vt 0.448202 0.370587
vt 0.448202 0.348866
vt 0.464531 0.354909
vt 0.800283 0.040388
vt 0.800283 0.019732
vt 0.809769 0.039087
vt 0.594857 0.758714
vt 0.604627 0.738555
vt 0.604627 0.760000
vt 0.544836 0.484149
vt 0.530010 0.469385
vt 0.544836 0.461478
vt 0.811002 0.829391
vt 0.801221 0.831252
vt 0.801221 0.811986
vt 0.632213 0.549760
vt 0.640407 0.528664
vt 0.640164 0.548712
vt 0.626263 0.528664
vt 0.885349 0.270585
vt 0.877602 0.266413
vt 0.885349 0.248880
vt 0.346111 0.760077
vt 0.336333 0.760077
vt 0.340422 0.738555
vt 0.130914 0.619799
vt 0.115233 0.608464
vt 0.130914 0.600113
vt 0.481907 0.831658
vt 0.481907 0.811986
vt 0.491568 0.829985
vt 0.526620 0.634780
vt 0.518819 0.634644
vt 0.517139 0.613959
vt 0.531601 0.613959
vt 0.912850 0.478630
vt 0.912850 0.455777
vt 0.919583 0.476937
vt 0.560521 0.810417
vt 0.551230 0.810417
vt 0.556203 0.789021
vt 0.026861 0.575633
vt 0.026861 0.595268
vt 0.010652 0.588127
vt 0.590888 0.830426
vt 0.599658 0.811986
vt 0.599658 0.833620
vt 0.750454 0.490230
vt 0.757769 0.469168
vt 0.760270 0.490230
vt 0.726581 0.399555
vt 0.716857 0.387931
vt 0.726581 0.377555
vt 0.536237 0.831139
vt 0.526319 0.831139
vt 0.529443 0.811986
vt 0.657059 0.019716
vt 0.668824 0.000000
vt 0.665545 0.021374
vt 0.655961 0.000000
vt 0.908317 0.270828
vt 0.900223 0.266200
vt 0.908317 0.250571
vt 0.740666 0.132341
vt 0.750046 0.130887
vt 0.750046 0.153166
vt 0.308202 0.632180
vt 0.308202 0.650096
vt 0.291813 0.644586
vt 0.887579 0.629504
vt 0.887579 0.611748
vt 0.896873 0.629388
vt 0.366587 0.143302
vt 0.357826 0.140575
vt 0.362363 0.122216
vt 0.373822 0.122216
vt 0.375628 0.142692
vt 0.896461 0.812922
vt 0.887579 0.808669
vt 0.896461 0.794387
vt 0.364082 0.045845
vt 0.364082 0.022887
vt 0.380387 0.029806
vt 0.278197 0.861423
vt 0.278197 0.883921
vt 0.270427 0.864941
vt 0.877602 0.748238
vt 0.879240 0.730199
vt 0.886867 0.748238
vt 0.480085 0.217662
vt 0.480085 0.240619
vt 0.464760 0.233919
vt 0.783672 0.814282
vt 0.791983 0.811986
vt 0.791983 0.834668
vt 0.942659 0.807503
vt 0.949325 0.790232
vt 0.949325 0.811278
vt 0.646447 0.549801
vt 0.654148 0.528664
vt 0.800451 0.914355
vt 0.807479 0.910993
vt 0.807479 0.933205
vt 0.885791 0.506335
vt 0.877602 0.501647
vt 0.885791 0.485882
vt 0.416000 0.394050
vt 0.432378 0.409321
vt 0.416000 0.416108
vt 0.309839 0.838459
vt 0.309839 0.859841
vt 0.301264 0.842341
vt 0.885940 0.403717
vt 0.877602 0.407277
vt 0.877602 0.387143
vt 0.643917 0.240256
vt 0.643917 0.217662
vt 0.656636 0.222574
vt 0.696548 0.619797
vt 0.696548 0.597130
vt 0.706226 0.617349
vt 0.932756 0.632150
vt 0.942656 0.632150
vt 0.939679 0.646906
vt 0.566366 0.413409
vt 0.560974 0.393161
vt 0.577052 0.393161
vt 0.364354 0.834277
vt 0.369076 0.811986
vt 0.372904 0.834277
vt 0.942659 0.866285
vt 0.951506 0.854511
vt 0.951506 0.870306
vt 0.629389 0.638628
vt 0.643325 0.656879
vt 0.629389 0.659115
vt 0.017850 0.861381
vt 0.009788 0.858644
vt 0.017850 0.838459
vt 0.887579 0.296019
vt 0.888557 0.277640
vt 0.896615 0.296019
vt 0.499069 0.284950
vt 0.489749 0.263970
vt 0.506212 0.263970
vt 0.128200 0.759283
vt 0.118920 0.761286
vt 0.118920 0.738555
vt 0.920128 0.341449
vt 0.912850 0.341182
vt 0.920128 0.320222
vt 0.599554 0.144210
vt 0.599554 0.121961
vt 0.613569 0.126518
vt 0.823629 0.685896
vt 0.830433 0.663967
vt 0.832152 0.685896
vt 0.919587 0.698243
vt 0.912850 0.696427
vt 0.919587 0.675516
vt 0.307750 0.572794
vt 0.291813 0.556710
vt 0.307750 0.552299
vt 0.715528 0.927015
vt 0.717806 0.910993
vt 0.725305 0.927015
vt 0.441687 0.971000
vt 0.435423 0.976743
vt 0.435423 0.958995
vt 0.540689 0.091798
vt 0.537571 0.072539
vt 0.552835 0.072539
vt 0.547707 0.094389
vt 0.423056 0.457840
vt 0.433008 0.437258
vt 0.428503 0.458214
vt 0.416000 0.437258
vt 0.932756 0.490266
vt 0.939169 0.492022
vt 0.932756 0.513144
vt 0.820277 0.930106
vt 0.827405 0.910993
vt 0.827405 0.932864
vt 0.198267 0.367403
vt 0.181876 0.351325
vt 0.198267 0.344453
vt 0.864437 0.042782
vt 0.856337 0.042782
vt 0.861800 0.020715
vt 0.531365 0.044029
vt 0.524776 0.041629
vt 0.523940 0.022887
vt 0.539870 0.022887
vt 0.537973 0.043078
vt 0.354818 0.860174
vt 0.346383 0.860174
vt 0.347346 0.838459
vt 0.223203 0.462880
vt 0.214877 0.442860
vt 0.232599 0.442860
vt 0.165564 0.963742
vt 0.159432 0.979978
vt 0.159432 0.958995
vt 0.779894 0.567573
vt 0.770408 0.567573
vt 0.775046 0.546099
vt 0.614474 0.637758
vt 0.614474 0.617682
vt 0.629389 0.626995
vt 0.545689 0.831953
vt 0.547938 0.811986
vt 0.555197 0.831953
vt 0.730688 0.486617
vt 0.740468 0.466291
vt 0.740468 0.487989
vt 0.448882 0.217650
vt 0.439541 0.197639
vt 0.457275 0.197639
vt 0.843588 0.832131
vt 0.833611 0.832131
vt 0.837637 0.813590
vt 0.856337 0.502729
vt 0.856337 0.479908
vt 0.864109 0.500550
vt 0.382032 0.544605
vt 0.398033 0.549249
vt 0.740283 0.710853
vt 0.730688 0.708171
vt 0.740283 0.688796
vt 0.726216 0.266787
vt 0.716857 0.263856
vt 0.726216 0.243899
vt 0.254190 0.628974
vt 0.254190 0.610243
vt 0.270405 0.617238
vt 0.080675 0.831999
vt 0.089186 0.811986
vt 0.089186 0.834544
vt 0.627557 0.927172
vt 0.617847 0.927172
vt 0.618237 0.910993
vt 0.681197 0.414189
vt 0.694097 0.407660
vt 0.694097 0.425271
vt 0.699494 0.760658
vt 0.705651 0.738555
vt 0.708958 0.760658
vt 0.508791 0.930435
vt 0.500657 0.925445
vt 0.508791 0.910993
vt 0.223812 0.378420
vt 0.214877 0.357332
vt 0.232646 0.357332
vt 0.696548 0.415786
vt 0.706232 0.394995
vt 0.706232 0.417725
vt 0.454165 0.928373
vt 0.454165 0.910993
vt 0.463273 0.928000
vt 0.623969 0.286735
vt 0.610489 0.272017
vt 0.623969 0.263970
vt 0.726476 0.221642
vt 0.716857 0.221642
vt 0.721249 0.199353
vt 0.900223 0.354190
vt 0.907022 0.337673
vt 0.910124 0.354190
vt 0.498673 0.666065
vt 0.483079 0.656779
vt 0.498673 0.648260
vt 0.706105 0.687319
vt 0.696548 0.684831
vt 0.706105 0.664387
vt 0.897310 0.576276
vt 0.887579 0.576740
vt 0.887579 0.559752
vt 0.542365 0.437149
vt 0.526364 0.423834
vt 0.542365 0.416108
vt 0.519472 0.759363
vt 0.528940 0.738555
vt 0.528940 0.760720
vt 0.833474 0.084513
vt 0.823629 0.084513
vt 0.828188 0.065416
vt 0.016896 0.427744
vt 0.011717 0.408378
vt 0.028285 0.408378
vt 0.022714 0.430223
vt 0.779855 0.860807
vt 0.771771 0.859218
vt 0.779855 0.838459
vt 0.619711 0.414459
vt 0.605519 0.396593
vt 0.619711 0.392703
vt 0.059969 0.929637
vt 0.067269 0.910993
vt 0.067269 0.933079
vt 0.300209 0.450853
vt 0.307315 0.429697
vt 0.308698 0.449400
vt 0.294398 0.429697
vt 0.291813 0.448931
vt 0.763205 0.859556
vt 0.763205 0.838459
vt 0.771771 0.858594
vt 0.559339 0.460050
vt 0.544583 0.442842
vt 0.559339 0.437570
vt 0.832444 0.043275
vt 0.823629 0.043275
vt 0.830562 0.021918
vt 0.885177 0.020817
vt 0.877602 0.022282
vt 0.877602 -0.000000
vt 0.147691 0.495180
vt 0.139178 0.474018
vt 0.155597 0.474018
vt 0.637300 0.930427
vt 0.644296 0.910993
vt 0.644296 0.933443
vt 0.149716 0.811978
vt 0.140962 0.809276
vt 0.149716 0.789021
vt 0.549805 0.197144
vt 0.535206 0.181265
vt 0.549805 0.174186
vt 0.728221 0.855820
vt 0.736854 0.838460
vt 0.736854 0.859415
vt 0.939422 0.233532
vt 0.932756 0.234174
vt 0.932756 0.212053
vt 0.594929 0.436713
vt 0.587886 0.415551
vt 0.602846 0.415551
vt 0.602314 0.435576
vt 0.763649 0.884219
vt 0.763649 0.861423
vt 0.771198 0.880728
vt 0.613921 0.044964
vt 0.599829 0.027191
vt 0.613921 0.022887
vt 0.929935 0.333759
vt 0.922826 0.329022
vt 0.929935 0.312538
vt 0.823629 0.564748
vt 0.832052 0.544350
vt 0.832052 0.566581
vt 0.412901 0.348331
vt 0.396829 0.331973
vt 0.412901 0.325531
vt 0.450210 0.881727
vt 0.441633 0.881710
vt 0.450210 0.861423
vt 0.659175 0.932421
vt 0.651849 0.932421
vt 0.657779 0.910993
vt 0.506828 0.348413
vt 0.506828 0.325531
vt 0.521754 0.331805
vt 0.900223 0.711485
vt 0.900759 0.689883
vt 0.907741 0.711485
vt 0.384759 0.759118
vt 0.375074 0.760269
vt 0.375074 0.738555
vt 0.171585 0.550695
vt 0.161228 0.530267
vt 0.177613 0.530267
vt 0.856337 0.386301
vt 0.856337 0.367020
vt 0.865547 0.382650
vt 0.657993 0.216593
vt 0.649563 0.215653
vt 0.649563 0.195843
vt 0.662772 0.195181
vt 0.867669 0.871779
vt 0.870016 0.849682
vt 0.875311 0.871779
vt 0.531704 0.166114
vt 0.539584 0.144551
vt 0.539584 0.165831
vt 0.525342 0.146378
vt 0.523966 0.163055
vt 0.254954 0.882337
vt 0.262806 0.861423
vt 0.262806 0.883697
vt 0.504921 0.072422
vt 0.489803 0.057065
vt 0.504921 0.049576
vt 0.689572 0.929925
vt 0.682523 0.933239
vt 0.682523 0.910993
vt 0.052913 0.572147
vt 0.045200 0.570952
vt 0.059696 0.551320
vt 0.060524 0.569963
vt 0.740140 0.199311
vt 0.730688 0.196376
vt 0.740140 0.176782
vt 0.429063 0.347955
vt 0.412901 0.332836
vt 0.429063 0.325531
vt 0.833611 0.315289
vt 0.833611 0.295867
vt 0.843188 0.312471
vt 0.502443 0.392778
vt 0.494329 0.392497
vt 0.494329 0.371331
vt 0.508170 0.372800
vt 0.510357 0.389711
vt 0.578105 0.044170
vt 0.585735 0.022887
vt 0.585735 0.042710
vt 0.571111 0.023153
vt 0.570554 0.042254
vt 0.823629 0.165760
vt 0.832107 0.144584
vt 0.832107 0.166741
vt 0.085047 0.467944
vt 0.085047 0.444980
vt 0.100451 0.451774
vt 0.929794 0.841133
vt 0.922826 0.845321
vt 0.922826 0.823955
vt 0.522060 0.460431
vt 0.514078 0.460142
vt 0.514078 0.438917
vt 0.528139 0.440577
vt 0.529876 0.457375
vt 0.705741 0.738403
vt 0.696326 0.735757
vt 0.705741 0.715588
vt 0.380442 0.022887
vt 0.364082 0.006773
vt 0.380442 -0.000000
vt 0.720315 0.876909
vt 0.729265 0.861423
vt 0.729265 0.880677
vt 0.843501 0.771275
vt 0.833611 0.771275
vt 0.837609 0.752555
vt 0.394693 0.072391
vt 0.378393 0.056607
vt 0.394693 0.049576
vt 0.221659 0.735763
vt 0.231446 0.715588
vt 0.231446 0.737714
vt 0.164010 0.832305
vt 0.164010 0.811986
vt 0.173440 0.830338
vt 0.123697 0.416710
vt 0.115233 0.395543
vt 0.132478 0.395543
vt 0.307906 0.758268
vt 0.298395 0.760697
vt 0.298395 0.738555
vt 0.790300 0.693535
vt 0.790300 0.671054
vt 0.799025 0.690017
vt 0.438497 0.121860
vt 0.422577 0.105338
vt 0.438497 0.099249
vt 0.864967 0.020715
vt 0.856337 0.016647
vt 0.864967 -0.000000
vt 0.740514 0.599334
vt 0.730688 0.599334
vt 0.733505 0.577746
vt 0.287485 0.401792
vt 0.271397 0.385579
vt 0.287485 0.378849
vt 0.843588 0.343095
vt 0.843588 0.323897
vt 0.852957 0.339732
vt 0.568432 0.859516
vt 0.559776 0.859516
vt 0.565878 0.838460
vt 0.591018 0.507352
vt 0.577021 0.490661
vt 0.591018 0.484452
vt 0.823629 0.314807
vt 0.832002 0.295193
vt 0.832002 0.317599
vt 0.852204 0.520924
vt 0.843588 0.516691
vt 0.852204 0.500099
vt 0.454623 0.121372
vt 0.438497 0.105089
vt 0.454623 0.099249
vt 0.225460 0.810104
vt 0.232934 0.789021
vt 0.234967 0.810104
vt 0.061960 0.858442
vt 0.070302 0.838459
vt 0.070302 0.860568
vt 0.406650 0.122166
vt 0.390576 0.106321
vt 0.406650 0.099249
vt 0.710315 0.841486
vt 0.718451 0.838459
vt 0.718451 0.860713
vt 0.740666 0.769296
vt 0.740666 0.747307
vt 0.750112 0.766323
vt 0.669666 0.390373
vt 0.657737 0.375350
vt 0.669666 0.367498
vt 0.800283 0.368233
vt 0.790300 0.368233
vt 0.794705 0.348501
vt 0.820430 0.041771
vt 0.811293 0.041771
vt 0.812163 0.020540
vt 0.515674 0.507398
vt 0.500744 0.491610
vt 0.515674 0.484452
vt 0.887579 0.480569
vt 0.887579 0.460332
vt 0.895759 0.475998
vt 0.216276 0.979410
vt 0.210578 0.981258
vt 0.210578 0.958995
vt 0.396564 0.022887
vt 0.412575 0.039170
vt 0.396564 0.045804
vt 0.942659 0.188978
vt 0.942659 0.166668
vt 0.949109 0.188365
vt 0.896571 0.595118
vt 0.887579 0.591037
vt 0.896571 0.576740
vt 0.610321 0.572563
vt 0.595771 0.560121
vt 0.610321 0.551041
vt 0.240898 0.738492
vt 0.240898 0.715588
vt 0.250349 0.735937
vt 0.800283 0.309193
vt 0.809103 0.288067
vt 0.809103 0.310200
vt 0.414260 0.602033
vt 0.414260 0.582238
vt 0.430256 0.589980
vt 0.807479 0.914898
vt 0.816536 0.910993
vt 0.816536 0.928225
vt 0.730688 0.064927
vt 0.740375 0.044189
vt 0.740375 0.066193
vt 0.287706 0.632615
vt 0.271397 0.618696
vt 0.287706 0.614126
vt 0.856337 0.758807
vt 0.866059 0.758807
vt 0.858790 0.776993
vt 0.639760 0.458535
vt 0.631383 0.459835
vt 0.631383 0.437570
vt 0.644690 0.441981
vt 0.415522 0.854798
vt 0.424971 0.838460
vt 0.424971 0.857806
vt 0.843588 0.304411
vt 0.852823 0.307965
vt 0.843588 0.323897
vt 0.480085 0.239632
vt 0.480085 0.217662
vt 0.495897 0.222985
vt 0.109395 0.760708
vt 0.115410 0.738555
vt 0.118920 0.760708
vt 0.550158 0.737447
vt 0.540311 0.737447
vt 0.543956 0.715588
vt 0.588865 0.164741
vt 0.583995 0.144551
vt 0.599709 0.144551
vt 0.952635 0.767756
vt 0.957364 0.754275
vt 0.962608 0.767756
vt 0.740666 0.219986
vt 0.747945 0.198640
vt 0.750450 0.219986
vt 0.230481 0.462880
vt 0.230481 0.485327
vt 0.214877 0.477543
vt 0.359683 0.969360
vt 0.352328 0.975270
vt 0.352328 0.958995
vt 0.730688 0.155059
vt 0.736615 0.133270
vt 0.740466 0.155059
vt 0.244466 0.565314
vt 0.236176 0.546707
vt 0.253922 0.546707
vt 0.210578 0.971775
vt 0.200596 0.971775
vt 0.205075 0.958995
vt 0.413661 0.758857
vt 0.404148 0.760650
vt 0.404148 0.738555
vt 0.681197 0.236975
vt 0.691528 0.250816
vt 0.681197 0.259645
vt 0.139973 0.958995
vt 0.139973 0.981498
vt 0.134176 0.962900
vt 0.920018 0.131017
vt 0.912850 0.134112
vt 0.912850 0.112508
vt 0.610321 0.572996
vt 0.610321 0.551041
vt 0.624314 0.560121
vt 0.841760 0.687084
vt 0.833611 0.707990
vt 0.833611 0.685261
vt 0.185976 0.759905
vt 0.176099 0.759905
vt 0.179870 0.738555
vt 0.301656 0.426738
vt 0.291813 0.412802
vt 0.307890 0.407175
vt 0.307890 0.429697
vt 0.760426 0.415469
vt 0.767272 0.394706
vt 0.770319 0.415469
vt 0.442806 0.620542
vt 0.431431 0.602648
vt 0.448673 0.602648
vt 0.958978 0.385119
vt 0.952635 0.380375
vt 0.958978 0.363513
vt 0.162499 0.857929
vt 0.165652 0.838460
vt 0.171952 0.857929
vt 0.465187 0.567336
vt 0.449282 0.554518
vt 0.465187 0.546605
vt 0.643568 0.811852
vt 0.634876 0.808999
vt 0.643568 0.789021
vt 0.424971 0.841083
vt 0.434388 0.838459
vt 0.434388 0.857869
vt 0.487290 0.392439
vt 0.479012 0.375818
vt 0.494329 0.371331
vt 0.494329 0.394035
vt 0.530836 0.856385
vt 0.521089 0.857169
vt 0.521089 0.838459
vt 0.059322 0.665169
vt 0.045200 0.655574
vt 0.059322 0.645414
vt 0.716857 0.242342
vt 0.726485 0.221642
vt 0.726485 0.243899
vt 0.851881 0.752151
vt 0.843588 0.747928
vt 0.851881 0.730568
vt 0.045200 0.634228
vt 0.062144 0.627977
vt 0.062144 0.645414
vt 0.760426 0.481631
vt 0.764147 0.459779
vt 0.769823 0.481631
vt 0.843588 0.247009
vt 0.851838 0.227688
vt 0.851838 0.249527
vt 0.414261 0.621884
vt 0.414261 0.602033
vt 0.429758 0.605296
vt 0.486353 0.810535
vt 0.477088 0.810535
vt 0.479049 0.789021
vt 0.952635 0.345395
vt 0.953809 0.330850
vt 0.962068 0.345395
vt 0.614606 0.346533
vt 0.599795 0.334661
vt 0.614606 0.325531
vt 0.716427 0.044311
vt 0.706527 0.044311
vt 0.710592 0.022190
vt 0.894942 0.277640
vt 0.887579 0.273763
vt 0.894942 0.255077
vt 0.643205 0.070626
vt 0.638873 0.053709
vt 0.651748 0.049576
vt 0.651748 0.072261
vt 0.760119 0.552718
vt 0.750454 0.554600
vt 0.259117 0.416912
vt 0.254190 0.400288
vt 0.271277 0.400288
vt 0.263955 0.421628
vt 0.182518 0.738415
vt 0.173023 0.735617
vt 0.182518 0.715588
vt 0.671161 0.437570
vt 0.671161 0.459008
vt 0.658476 0.448865
vt 0.349288 0.879004
vt 0.353397 0.861423
vt 0.359219 0.879004
vt 0.726728 0.602879
vt 0.720569 0.624500
vt 0.716857 0.602879
vt 0.380240 0.636663
vt 0.380240 0.654840
vt 0.364328 0.646993
vt 0.833317 0.807306
vt 0.823629 0.805236
vt 0.833317 0.788049
vt 0.564621 0.833752
vt 0.564621 0.811986
vt 0.573341 0.829889
vt 0.154069 0.617823
vt 0.154069 0.637916
vt 0.139178 0.628581
vt 0.108444 0.811986
vt 0.117305 0.815556
vt 0.108444 0.833643
vt 0.388289 0.480576
vt 0.394443 0.480061
vt 0.398510 0.501082
vt 0.382032 0.501082
vt 0.684415 0.861376
vt 0.684415 0.838460
vt 0.692324 0.859353
vt 0.349288 0.877230
vt 0.339780 0.879789
vt 0.339780 0.861423
vt 0.363216 0.292463
vt 0.379555 0.308598
vt 0.363216 0.315397
vt 0.726670 0.532172
vt 0.720352 0.553930
vt 0.716857 0.532172
vt 0.908564 0.623343
vt 0.900223 0.627133
vt 0.900223 0.607626
vt 0.624283 0.595904
vt 0.624283 0.573511
vt 0.637638 0.578107
vt 0.176099 0.738555
vt 0.171804 0.760541
vt 0.166509 0.738555
vt 0.922826 0.718000
vt 0.922826 0.701270
vt 0.931749 0.713726
vt 0.414622 0.393733
vt 0.398303 0.377702
vt 0.414622 0.371331
vt 0.750454 0.293002
vt 0.759492 0.295639
vt 0.750454 0.315914
vt 0.922505 0.304218
vt 0.919518 0.320222
vt 0.912850 0.304218
vt 0.599828 0.045385
vt 0.585735 0.027943
vt 0.599828 0.022887
vt 0.681197 0.638965
vt 0.691151 0.638965
vt 0.686730 0.661255
vt 0.962205 0.113527
vt 0.952635 0.113527
vt 0.960172 0.098996
vt 0.470865 0.416488
vt 0.480169 0.434904
vt 0.464340 0.438335
vt 0.464340 0.416108
vt 0.841758 0.083499
vt 0.833611 0.081130
vt 0.841758 0.060621
vt 0.499008 0.595090
vt 0.516739 0.586736
vt 0.516739 0.604493
vt 0.949384 0.249115
vt 0.942659 0.266062
vt 0.942659 0.244779
vt 0.018967 0.833095
vt 0.009854 0.831561
vt 0.018967 0.811986
vt 0.506752 0.144165
vt 0.491208 0.129941
vt 0.506752 0.121961
vt 0.811293 0.419763
vt 0.815263 0.397539
vt 0.819986 0.419763
vt 0.129236 0.881847
vt 0.129236 0.861423
vt 0.137838 0.877507
vt 0.096003 0.644364
vt 0.083547 0.626352
vt 0.099988 0.626352
vt 0.789782 0.083060
vt 0.780326 0.084084
vt 0.780326 0.062592
vt -0.000000 0.856130
vt 0.009788 0.838460
vt 0.009788 0.857347
vt 0.638207 0.390580
vt 0.630183 0.369573
vt 0.644120 0.369318
vt 0.630183 0.389712
vt 0.865326 0.604107
vt 0.856337 0.603270
vt 0.865326 0.584396
vt 0.534319 0.217372
vt 0.528048 0.197639
vt 0.545057 0.197639
vt 0.012151 0.881411
vt 0.019963 0.861423
vt 0.019963 0.884016
vt 0.513207 0.810640
vt 0.503994 0.807218
vt 0.513207 0.789021
vt 0.563952 0.669521
vt 0.563952 0.652160
vt 0.579757 0.654517
vt 0.877602 0.208355
vt 0.877602 0.187174
vt 0.885555 0.208282
vt 0.779324 0.175510
vt 0.770409 0.172564
vt 0.779324 0.152564
vt 0.423186 0.478881
vt 0.416000 0.458214
vt 0.433027 0.458214
vt 0.952635 0.261270
vt 0.959889 0.247453
vt 0.959889 0.266496
vt 0.071067 0.760461
vt 0.076897 0.738555
vt 0.080707 0.760461
vt 0.354648 0.696437
vt 0.338840 0.688493
vt 0.354648 0.680613
vt 0.134176 0.973842
vt 0.125383 0.969184
vt 0.134176 0.958995
vt 0.617493 0.236346
vt 0.630597 0.217662
vt 0.625226 0.239080
vt 0.616435 0.217662
vt 0.958707 0.854963
vt 0.952635 0.854743
vt 0.958707 0.832892
vt 0.808749 0.678114
vt 0.800283 0.675096
vt 0.808749 0.655176
vt 0.448719 0.438811
vt 0.448719 0.416108
vt 0.464340 0.422157
vt 0.178608 0.973540
vt 0.185063 0.958995
vt 0.185063 0.978840
vt 0.769676 0.523892
vt 0.760426 0.525677
vt 0.760426 0.503481
vt 0.443517 0.521582
vt 0.433048 0.501605
vt 0.450146 0.501605
vt 0.877602 0.834985
vt 0.877602 0.813003
vt 0.885196 0.830944
vt 0.908720 0.187152
vt 0.900223 0.190877
vt 0.900223 0.171565
vt 0.542332 0.587139
vt 0.532371 0.568987
vt 0.550051 0.568987
vt 0.357016 0.736352
vt 0.366520 0.715588
vt 0.366520 0.738319
vt 0.856337 0.478307
vt 0.866104 0.461745
vt 0.866104 0.479908
vt 0.661848 0.262967
vt 0.648996 0.250404
vt 0.661848 0.240935
vt 0.289489 0.737445
vt 0.279589 0.737445
vt 0.283443 0.715588
vt 0.390626 0.436187
vt 0.396194 0.415038
vt 0.399082 0.433840
vt 0.383525 0.415038
vt 0.382032 0.435180
vt 0.779871 0.349568
vt 0.770408 0.347202
vt 0.779871 0.327981
vt 0.307710 0.632180
vt 0.291813 0.621081
vt 0.307710 0.613148
vt 0.187034 0.809408
vt 0.190964 0.789021
vt 0.196875 0.809408
vt 0.627557 0.912734
vt 0.637300 0.910993
vt 0.637300 0.927117
vt 0.654866 0.594795
vt 0.650825 0.575636
vt 0.663493 0.595637
vt 0.203123 0.879748
vt 0.193555 0.879748
vt 0.199972 0.861423
vt 0.161228 0.445049
vt 0.161228 0.423058
vt 0.177542 0.430101
vt 0.383193 0.809611
vt 0.392511 0.789021
vt 0.392511 0.810455
vt 0.386402 0.925270
vt 0.396064 0.910993
vt 0.396064 0.927438
vt 0.542738 0.240548
vt 0.542738 0.217662
vt 0.557240 0.225160
vt 0.740025 0.510712
vt 0.730688 0.508711
vt 0.740025 0.487989
vt 0.912850 0.451640
vt 0.921091 0.437087
vt 0.921091 0.455777
vt 0.270936 0.703064
vt 0.270936 0.680613
vt 0.282151 0.684819
vt 0.162499 0.860248
vt 0.154050 0.860248
vt 0.160332 0.838460
vt 0.863236 0.927659
vt 0.853887 0.924471
vt 0.863236 0.910993
vt 0.364328 0.371331
vt 0.364328 0.348419
vt 0.380658 0.355184
vt 0.696548 0.641823
vt 0.702325 0.619797
vt 0.706499 0.641823
vt 0.100718 0.972115
vt 0.090958 0.972443
vt 0.090958 0.958995
vt 0.077064 0.703578
vt 0.077064 0.680613
vt 0.088318 0.687608
vt 0.740666 0.022270
vt 0.745509 0.000000
vt 0.750059 0.022270
vt 0.279589 0.737459
vt 0.269695 0.737459
vt 0.273185 0.715588
vt 0.433048 0.584826
vt 0.433048 0.564788
vt 0.449183 0.572195
vt 0.952635 0.309447
vt 0.956338 0.295555
vt 0.962564 0.309447
vt 0.706527 0.402502
vt 0.706527 0.379547
vt 0.716023 0.399691
vt 0.082758 0.613735
vt 0.066454 0.601268
vt 0.082758 0.594608
vt 0.922048 0.617139
vt 0.912850 0.620850
vt 0.912850 0.604176
vt 0.833611 0.499429
vt 0.841549 0.477893
vt 0.842225 0.499429
vt 0.178161 0.697279
vt 0.162748 0.681768
vt 0.178161 0.680613
vt 0.929432 0.471010
vt 0.922826 0.467679
vt 0.929432 0.448251
vt 0.346383 0.857376
vt 0.336700 0.857376
vt 0.337649 0.838459
vt 0.678446 0.315144
vt 0.666927 0.301093
vt 0.678446 0.292463
vt 0.780326 0.364286
vt 0.787602 0.343242
vt 0.789951 0.364286
vt 0.665893 0.879678
vt 0.656427 0.877917
vt 0.665893 0.861423
vt 0.622473 0.217477
vt 0.608690 0.203988
vt 0.622473 0.195181
vt 0.912850 0.834665
vt 0.912850 0.811755
vt 0.919515 0.831778
vt 0.834969 0.927848
vt 0.827405 0.931600
vt 0.827405 0.910993
vt 0.563471 0.529203
vt 0.563471 0.507398
vt 0.578376 0.516069
vt 0.705741 0.738385
vt 0.705741 0.715588
vt 0.715155 0.735720
vt 0.922826 0.955962
vt 0.929124 0.940961
vt 0.932728 0.955962
vt 0.519828 0.197144
vt 0.519828 0.175144
vt 0.535206 0.183360
vt 0.706234 0.393065
vt 0.696548 0.394995
vt 0.696548 0.372266
vt 0.834969 0.927428
vt 0.834969 0.910993
vt 0.844453 0.925078
vt 0.642331 0.679223
vt 0.629389 0.660277
vt 0.642331 0.659115
vt 0.198233 0.861041
vt 0.190084 0.859636
vt 0.198233 0.838459
vt 0.617847 0.928733
vt 0.608991 0.924385
vt 0.617847 0.910993
vt 0.583995 0.166487
vt 0.569264 0.148993
vt 0.583995 0.144551
vt 0.289489 0.736456
vt 0.299070 0.715588
vt 0.299070 0.738164
vt 0.475549 0.884162
vt 0.467893 0.880595
vt 0.475549 0.861423
vt 0.597528 0.414017
vt 0.591532 0.396356
vt 0.605519 0.392703
vt 0.605519 0.415267
vt 0.393711 0.477775
vt 0.387572 0.480061
vt 0.382032 0.458627
vt 0.398442 0.458627
vt 0.760426 0.458433
vt 0.769592 0.437375
vt 0.769592 0.459779
vt 0.413661 0.761093
vt 0.413661 0.738555
vt 0.422984 0.758681
vt 0.270936 0.698843
vt 0.257113 0.680714
vt 0.270936 0.680613
vt 0.877602 0.574834
vt 0.886155 0.570729
vt 0.886155 0.590304
vt 0.602468 0.068956
vt 0.610316 0.049576
vt 0.610316 0.071492
vt 0.596027 0.056041
vt 0.877602 0.553563
vt 0.885533 0.549618
vt 0.885533 0.570729
vt 0.383193 0.808208
vt 0.373411 0.809443
vt 0.373411 0.789021
vt 0.380679 0.348419
vt 0.364328 0.332481
vt 0.380679 0.325531
vt 0.809766 0.204957
vt 0.809766 0.225583
vt 0.800283 0.207987
vt 0.930893 0.736500
vt 0.922826 0.731270
vt 0.930893 0.717999
vt 0.610489 0.286469
vt 0.596576 0.272449
vt 0.610489 0.263970
vt 0.766408 0.286584
vt 0.769701 0.308758
vt 0.852041 0.079590
vt 0.843588 0.079590
vt 0.843635 0.058254
vt 0.433048 0.564788
vt 0.433048 0.543270
vt 0.448425 0.551697
vt 0.286633 0.964713
vt 0.279938 0.977556
vt 0.279938 0.958995
vt 0.193000 0.834004
vt 0.198914 0.811986
vt 0.201693 0.834004
vt 0.014325 0.649365
vt 0.010652 0.631311
vt 0.026919 0.631311
vt 0.261120 0.976764
vt 0.254054 0.970705
vt 0.261120 0.958995
vt 0.922826 0.507695
vt 0.922826 0.486405
vt 0.929883 0.502707
vt 0.324543 0.551265
vt 0.318599 0.531056
vt 0.335133 0.531056
vt 0.932756 0.592408
vt 0.940272 0.597684
vt 0.932756 0.611886
vt 0.481907 0.833174
vt 0.473315 0.834108
vt 0.473315 0.811986
vt 0.463695 0.663052
vt 0.448135 0.653706
vt 0.463695 0.645118
vt 0.939715 0.300294
vt 0.932756 0.317088
vt 0.932756 0.295943
vt 0.739970 0.222248
vt 0.730688 0.219545
vt 0.739970 0.199311
vt 0.651370 0.116264
vt 0.651370 0.097254
vt 0.665983 0.098781
vt 0.922826 0.786864
vt 0.930004 0.771840
vt 0.932756 0.786864
vt 0.327033 0.488742
vt 0.318599 0.488181
vt 0.318599 0.467679
vt 0.331798 0.467882
vt 0.335179 0.485938
vt 0.867669 0.677367
vt 0.875270 0.656755
vt 0.875270 0.679028
vt 0.529876 0.460431
vt 0.529876 0.437570
vt 0.544583 0.445113
vt 0.907421 0.861543
vt 0.900223 0.864443
vt 0.900223 0.841953
vt 0.800283 0.288067
vt 0.809778 0.285495
vt 0.010652 0.512967
vt 0.010652 0.491930
vt 0.026970 0.497618
vt 0.051564 0.758096
vt 0.041862 0.760343
vt 0.041862 0.738555
vt 0.425594 0.933781
vt 0.418633 0.930191
vt 0.425594 0.910993
vt 0.245752 0.465085
vt 0.236176 0.444227
vt 0.253139 0.444227
vt 0.780326 0.728641
vt 0.789775 0.709993
vt 0.789775 0.731356
vt 0.728204 0.831944
vt 0.718741 0.829107
vt 0.728204 0.811986
vt 0.424830 0.437258
vt 0.416000 0.416108
vt 0.433050 0.416108
vt 0.608157 0.737831
vt 0.608157 0.715588
vt 0.617829 0.735360
vt 0.504779 0.370244
vt 0.496647 0.369767
vt 0.496647 0.348866
vt 0.510454 0.349919
vt 0.512706 0.367359
vt 0.203123 0.882887
vt 0.211131 0.861423
vt 0.211131 0.883303
vt 0.497853 0.313603
vt 0.490185 0.292463
vt 0.506512 0.292463
vt 0.090958 0.976408
vt 0.084887 0.980628
vt 0.084887 0.958995
vt 0.706527 0.379547
vt 0.713035 0.357527
vt 0.716428 0.379547
vt 0.406618 0.263900
vt 0.390582 0.247846
vt 0.406618 0.240935
vt 0.076944 0.927656
vt 0.067269 0.925555
vt 0.076944 0.910993
vt 0.573045 0.194324
vt 0.565419 0.195358
vt 0.565419 0.173141
vt 0.580044 0.177303
vt 0.900223 0.733773
vt 0.904601 0.711486
vt 0.907509 0.733773
vt 0.634876 0.810064
vt 0.625444 0.807047
vt 0.634876 0.789021
vt 0.168636 0.465940
vt 0.161228 0.445049
vt 0.178160 0.445049
vt 0.740666 0.656714
vt 0.750442 0.637466
vt 0.750442 0.658725
vt 0.831807 0.423634
vt 0.823629 0.420549
vt 0.831807 0.400706
vt 0.273006 0.549095
vt 0.271397 0.532018
vt 0.286892 0.532018
vt 0.279499 0.553510
vt 0.670949 0.093341
vt 0.679951 0.072539
vt 0.679951 0.094818
vt 0.668261 0.077300
vt 0.153863 0.933442
vt 0.146715 0.929712
vt 0.153863 0.910993
vt 0.537933 0.116207
vt 0.551559 0.099249
vt 0.544284 0.120287
vt 0.535666 0.099249
vt 0.800283 0.393832
vt 0.809125 0.393832
vt 0.806670 0.415892
vt 0.864247 0.525150
vt 0.856337 0.521270
vt 0.864247 0.502729
vt 0.642656 0.659201
vt 0.658654 0.659201
vt 0.654040 0.675590
vt 0.831909 0.443036
vt 0.831909 0.465675
vt 0.823629 0.444554
vt 0.799561 0.627643
vt 0.790301 0.624242
vt 0.799561 0.606449
vt 0.269663 0.665690
vt 0.254190 0.656452
vt 0.269663 0.647703
vt 0.770408 0.019338
vt 0.780185 -0.000000
vt 0.780185 0.020960
vt 0.929552 0.409543
vt 0.922826 0.405336
vt 0.929552 0.387131
vt 0.574668 0.459825
vt 0.574668 0.437571
vt 0.589113 0.446148
vt 0.921426 0.175507
vt 0.921426 0.193540
vt 0.912850 0.180186
vt 0.900223 0.587246
vt 0.902922 0.565489
vt 0.907707 0.587246
vt 0.599151 0.095407
vt 0.585283 0.080193
vt 0.599151 0.072539
vt 0.867669 -0.000000
vt 0.877159 0.000682
vt 0.867669 0.018052
vt 0.887579 0.559752
vt 0.887579 0.537399
vt 0.894975 0.555649
vt 0.298525 0.532803
vt 0.291813 0.513211
vt 0.309074 0.513211
vt 0.922826 0.042296
vt 0.932321 0.042585
vt 0.922826 0.058293
vt 0.097826 0.485215
vt 0.092021 0.489079
vt 0.085047 0.467944
vt 0.101569 0.467944
vt 0.023560 0.910993
vt 0.023560 0.928692
vt 0.014427 0.914906
vt 0.300019 0.810532
vt 0.290715 0.807234
vt 0.440190 0.480194
vt 0.433048 0.459691
vt 0.450174 0.459691
vt 0.810215 -0.000000
vt 0.803679 0.019732
vt 0.800283 -0.000000
vt 0.531327 0.928808
vt 0.522460 0.924482
vt 0.531327 0.910993
vt 0.572713 0.392328
vt 0.557976 0.374932
vt 0.572713 0.370143
vt 0.299071 0.738548
vt 0.299071 0.715588
vt 0.308492 0.736086
vt 0.922826 0.176012
vt 0.930580 0.160649
vt 0.930580 0.180197
vt 0.406181 0.020857
vt 0.398025 0.000000
vt 0.415553 0.000000
vt 0.441840 0.760842
vt 0.432414 0.760842
vt 0.436480 0.738555
vt 0.833611 0.622316
vt 0.833611 0.602797
vt 0.843105 0.619813
vt 0.397937 0.167500
vt 0.397937 0.144551
vt 0.413873 0.151577
vt 0.125190 0.735747
vt 0.115447 0.737855
vt 0.115447 0.715588
vt 0.322397 0.880709
vt 0.313341 0.876798
vt 0.322397 0.861423
vt 0.328256 0.572088
vt 0.318599 0.551265
vt 0.334293 0.551265
vt 0.716857 0.199353
vt 0.723099 0.177502
vt 0.726669 0.199353
vt 0.939457 0.103241
vt 0.932756 0.105594
vt 0.932756 0.083472
vt 0.655884 0.166249
vt 0.642567 0.154182
vt 0.655884 0.144551
vt 0.887579 0.438826
vt 0.895069 0.438161
vt 0.780096 0.545143
vt 0.770408 0.546099
vt 0.770408 0.525067
vt 0.595009 0.345141
vt 0.583612 0.325531
vt 0.599795 0.325531
vt 0.773833 0.831147
vt 0.781210 0.811986
vt 0.783672 0.831147
vt 0.495050 0.809654
vt 0.503994 0.789021
vt 0.503994 0.811288
vt 0.220065 0.604049
vt 0.214877 0.585191
vt 0.231645 0.585191
vt 0.746253 0.878862
vt 0.738141 0.882650
vt 0.738141 0.861423
vt 0.730688 0.733134
vt 0.730688 0.710853
vt 0.740184 0.730385
vt 0.411028 0.144422
vt 0.411028 0.122216
vt 0.427372 0.129181
vt 0.183384 0.831248
vt 0.173440 0.831248
vt 0.178857 0.811986
vt 0.749891 0.198640
vt 0.740666 0.195494
vt 0.749891 0.175995
vt 0.538115 0.286898
vt 0.538115 0.263970
vt 0.552642 0.271273
vt 0.843588 0.040000
vt 0.850792 0.021763
vt 0.853479 0.040000
vt 0.833125 0.606868
vt 0.823629 0.607092
vt 0.823629 0.587391
vt 0.576809 0.120122
vt 0.567309 0.099249
vt 0.582819 0.099249
vt 0.397959 0.859479
vt 0.406411 0.838459
vt 0.406662 0.859479
vt 0.642682 0.758347
vt 0.632950 0.760071
vt 0.632950 0.738555
vt 0.370177 0.695627
vt 0.354648 0.696711
vt 0.800283 0.165163
vt 0.800283 0.144942
vt 0.809962 0.162847
vt 0.843588 0.403621
vt 0.846050 0.384266
vt 0.852874 0.403621
vt 0.126397 0.581705
vt 0.115233 0.562758
vt 0.132311 0.562758
vt 0.365273 0.760474
vt 0.355676 0.760474
vt 0.361074 0.738555
vt 0.790301 0.306234
vt 0.800028 0.286882
vt 0.800028 0.307149
vt 0.271397 0.489918
vt 0.271397 0.468618
vt 0.287771 0.475268
vt 0.681608 0.808091
vt 0.671876 0.809376
vt 0.671876 0.789021
vt 0.372077 0.860956
vt 0.363937 0.857220
vt 0.372077 0.838459
vt 0.414261 0.641474
vt 0.414260 0.621884
vt 0.429478 0.624572
vt 0.867669 0.314721
vt 0.875665 0.310440
vt 0.941331 0.663937
vt 0.932756 0.659117
vt 0.941331 0.646906
vt 0.555075 0.044104
vt 0.555075 0.022887
vt 0.570554 0.027178
vt 0.760426 0.217403
vt 0.769651 0.196384
vt 0.769651 0.218697
vt 0.257978 0.855508
vt 0.248724 0.858297
vt 0.248724 0.838459
vt 0.527782 0.549777
vt 0.517442 0.529340
vt 0.533842 0.529340
vt 0.770408 0.717993
vt 0.774051 0.696080
vt 0.779692 0.717993
vt 0.887579 0.048096
vt 0.893111 0.031227
vt 0.897459 0.048096
vt 0.374242 0.286901
vt 0.374242 0.263970
vt 0.390496 0.270721
vt 0.700364 0.789989
vt 0.709329 0.789021
vt 0.709329 0.811105
vt 0.235275 0.925278
vt 0.244236 0.910993
vt 0.244236 0.928841
vt 0.639883 0.144198
vt 0.626888 0.127585
vt 0.639883 0.121266
vt 0.706490 0.100948
vt 0.696548 0.100948
vt 0.701030 0.078661
vt 0.599030 0.926908
vt 0.589144 0.926908
vt 0.593433 0.910993
vt 0.547902 0.436757
vt 0.557956 0.416108
vt 0.554822 0.437406
vt 0.949038 0.745023
vt 0.942659 0.745023
vt 0.945424 0.723012
vt 0.364328 0.535374
vt 0.379587 0.548760
vt 0.364328 0.557173
vt 0.119628 0.979392
vt 0.125383 0.958995
vt 0.125383 0.981708
vt 0.789462 0.428577
vt 0.780326 0.429713
vt 0.780326 0.407551
vt 0.696196 0.126810
vt 0.681197 0.120558
vt 0.696196 0.111032
vt 0.942659 0.395655
vt 0.942659 0.378007
vt 0.950704 0.390353
vt 0.009466 0.810082
vt 0.018615 0.789021
vt 0.018615 0.811060
vt 0.308015 0.513211
vt 0.291813 0.497416
vt 0.308015 0.492030
vt 0.949943 0.097394
vt 0.942659 0.102280
vt 0.942659 0.082409
vt 0.716857 0.421180
vt 0.723574 0.399555
vt 0.726748 0.421180
vt 0.472634 0.524821
vt 0.465814 0.505065
vt 0.483079 0.505065
vt 0.494570 0.857562
vt 0.485016 0.854670
vt 0.494570 0.838460
vt 0.397959 0.861242
vt 0.389928 0.857815
vt 0.397959 0.838460
vt 0.667591 0.571235
vt 0.663770 0.550564
vt 0.676282 0.550245
vt 0.676282 0.571419
vt 0.726643 0.354112
vt 0.716857 0.355548
vt 0.716857 0.333681
vt 0.270519 0.536057
vt 0.584745 0.854883
vt 0.594445 0.838459
vt 0.594445 0.857244
vt 0.894870 0.110724
vt 0.887579 0.107284
vt 0.894870 0.087887
vt 0.624314 0.572996
vt 0.624314 0.550245
vt 0.637456 0.558398
vt 0.800283 0.348977
vt 0.810043 0.331053
vt 0.810043 0.351052
vt 0.900223 0.095096
vt 0.900223 0.072154
vt 0.907381 0.092573
vt 0.214877 0.506420
vt 0.214877 0.485327
vt 0.231251 0.491363
vt 0.760136 0.132044
vt 0.750454 0.129675
vt 0.760136 0.110621
vt 0.716857 0.377555
vt 0.723410 0.355548
vt 0.726580 0.377555
vt 0.459544 0.315381
vt 0.459544 0.292463
vt 0.474923 0.299700
vt 0.799845 0.131685
vt 0.790301 0.131685
vt 0.796981 0.110979
vt 0.456393 0.041291
vt 0.450587 0.044273
vt 0.444380 0.022887
vt 0.461011 0.022887
vt 0.308768 0.810718
vt 0.308768 0.789021
vt 0.317990 0.809426
vt 0.137920 0.760256
vt 0.128200 0.760256
vt 0.130810 0.738555
vt 0.476025 0.348445
vt 0.460654 0.332779
vt 0.476025 0.325531
vt 0.877602 0.124432
vt 0.885190 0.105445
vt 0.885190 0.127661
vt 0.799052 0.241811
vt 0.790301 0.238343
vt 0.799052 0.219271
vt 0.608158 0.736894
vt 0.598059 0.726790
vt 0.608158 0.715588
vt 0.856337 0.367020
vt 0.865179 0.348448
vt 0.865898 0.367020
vt 0.560672 0.929777
vt 0.567931 0.910993
vt 0.567931 0.932710
vt 0.681197 0.153209
vt 0.695115 0.149530
vt 0.695115 0.166483
vt 0.232037 0.840404
vt 0.240118 0.838459
vt 0.240118 0.861192
vt 0.780326 0.773476
vt 0.780326 0.751972
vt 0.789709 0.771359
vt 0.437985 0.690833
vt 0.452024 0.680613
vt 0.452024 0.698322
vt 0.420144 0.789021
vt 0.429856 0.789021
vt 0.423525 0.809570
vt 0.488383 0.348866
vt 0.496647 0.350257
vt 0.495817 0.370016
vt 0.482366 0.370016
vt 0.480233 0.350851
vt 0.451591 0.758423
vt 0.441840 0.760099
vt 0.441840 0.738555
vt 0.406855 0.238276
vt 0.397716 0.217662
vt 0.415464 0.217662
vt 0.194799 0.960950
vt 0.185063 0.972150
vt 0.185063 0.958995
vt 0.842423 0.230284
vt 0.833611 0.230284
vt 0.839469 0.209167
vt 0.643355 0.505155
vt 0.633572 0.484452
vt 0.647807 0.484452
vt 0.942659 0.663937
vt 0.939271 0.678665
vt 0.932756 0.663937
vt 0.877602 0.187174
vt 0.877602 0.166477
vt 0.885742 0.182521
vt 0.446109 0.144551
vt 0.446109 0.167005
vt 0.430150 0.161064
vt 0.434952 0.910993
vt 0.444334 0.914399
vt 0.434952 0.927881
vt 0.811293 0.020540
vt 0.811293 0.000000
vt 0.820738 0.017585
vt 0.155454 0.384177
vt 0.139178 0.368146
vt 0.155454 0.361219
vt 0.900223 0.443712
vt 0.909620 0.447072
vt 0.900223 0.461093
vt 0.876589 0.073841
vt 0.867669 0.073297
vt 0.876589 0.054688
vt 0.494825 0.702404
vt 0.494825 0.680613
vt 0.506128 0.683390
vt 0.940287 0.577861
vt 0.932756 0.572950
vt 0.509553 0.760404
vt 0.499945 0.760404
vt 0.503907 0.738555
vt 0.497836 0.648260
vt 0.483079 0.637773
vt 0.497836 0.628272
vt 0.852399 0.691839
vt 0.843588 0.708506
vt 0.843588 0.688177
vt 0.740666 0.419383
vt 0.750305 0.418338
vt 0.750305 0.439955
vt 0.502805 0.217165
vt 0.492771 0.197639
vt 0.510337 0.197639
vt 0.856337 0.622075
vt 0.863862 0.604107
vt 0.866197 0.622075
vt 0.780326 0.321270
vt 0.780326 0.298548
vt 0.789247 0.318962
vt 0.291813 0.654853
vt 0.308027 0.650096
vt 0.308027 0.667172
vt 0.833611 0.022099
vt 0.842318 0.018755
vt 0.842318 0.040170
vt 0.173023 0.715588
vt 0.173023 0.738532
vt 0.163572 0.718437
vt 0.447254 0.658106
vt 0.431431 0.648126
vt 0.447254 0.640077
vt 0.043424 0.859620
vt 0.034699 0.859620
vt 0.042002 0.838459
vt 0.790301 0.000000
vt 0.799281 0.000000
vt 0.796023 0.022019
vt 0.095526 0.549465
vt 0.085047 0.530222
vt 0.102461 0.530222
vt 0.689672 0.759860
vt 0.696278 0.738555
vt 0.699494 0.759860
vt 0.248241 0.879104
vt 0.238339 0.879104
vt 0.241489 0.861423
vt 0.389298 0.522974
vt 0.397080 0.541289
vt 0.382032 0.544605
vt 0.382032 0.522260
vt 0.820054 0.637403
vt 0.811293 0.635758
vt 0.820054 0.615401
vt 0.489071 0.567012
vt 0.483079 0.546322
vt 0.499041 0.546322
vt 0.041807 0.963725
vt 0.035480 0.979902
vt 0.035480 0.958995
vt 0.372077 0.860372
vt 0.372077 0.838460
vt 0.380431 0.856337
vt 0.573137 0.415888
vt 0.573137 0.437406
vt 0.557956 0.428801
vt 0.286633 0.958995
vt 0.292987 0.964885
vt 0.286633 0.978529
vt 0.770408 0.393274
vt 0.770408 0.371534
vt 0.779803 0.390167
vt 0.334385 0.629330
vt 0.334385 0.647975
vt 0.318599 0.639817
vt 0.942659 0.021898
vt 0.949441 0.026649
vt 0.942659 0.043298
vt 0.842244 0.334175
vt 0.833611 0.336819
vt 0.833611 0.315289
vt 0.499008 0.640788
vt 0.499008 0.622152
vt 0.514999 0.629835
vt 0.959099 0.188962
vt 0.959099 0.210360
vt 0.952635 0.193820
vt 0.375736 0.409693
vt 0.371039 0.413510
vt 0.364328 0.392354
vt 0.381642 0.392354
vt 0.885291 0.144560
vt 0.878433 0.166477
vt 0.877602 0.144560
vt 0.875079 0.760691
vt 0.867669 0.757219
vt 0.875079 0.737874
vt 0.535624 0.696849
vt 0.544544 0.680613
vt 0.550761 0.696849
vt 0.706527 0.267124
vt 0.706527 0.244355
vt 0.716119 0.264920
vt 0.652629 0.809422
vt 0.662088 0.789021
vt 0.662088 0.809983
vt 0.474526 0.482762
vt 0.467616 0.461478
vt 0.483079 0.465742
vt 0.467616 0.484131
vt 0.780326 0.535723
vt 0.785450 0.514989
vt 0.790078 0.535723
vt 0.498180 0.482833
vt 0.498180 0.461478
vt 0.514240 0.469080
vt 0.948841 0.580584
vt 0.942659 0.577418
vt 0.948841 0.557743
vt 0.155576 0.831256
vt 0.146739 0.833682
vt 0.146739 0.811986
vt 0.424064 0.560778
vt 0.414261 0.542057
vt 0.431952 0.542057
vt 0.345670 0.933949
vt 0.345670 0.910993
vt 0.352598 0.931335
vt 0.540311 0.738274
vt 0.530821 0.735559
vt 0.540311 0.715588
vt 0.517638 0.263459
vt 0.502440 0.248881
vt 0.517638 0.240935
vt 0.843588 0.645325
vt 0.852051 0.624183
vt 0.852051 0.645361
vt 0.864952 0.122161
vt 0.856337 0.117896
vt 0.864952 0.101457
vt 0.655961 0.021518
vt 0.642501 0.009715
vt 0.655961 -0.000000
vt 0.811293 0.677619
vt 0.819769 0.656975
vt 0.819769 0.679698
vt 0.027815 0.879015
vt 0.036316 0.861423
vt 0.036316 0.882180
vt 0.287743 0.594615
vt 0.271397 0.581588
vt 0.287743 0.575116
vt 0.864615 0.101457
vt 0.856337 0.101457
vt 0.856858 0.079899
vt 0.932756 0.415210
vt 0.933344 0.399295
vt 0.941992 0.415210
vt 0.531222 0.664205
vt 0.515535 0.670316
vt 0.515535 0.652846
vt 0.057212 0.737835
vt 0.047449 0.737835
vt 0.051511 0.715588
vt 0.433685 0.882460
vt 0.425405 0.878020
vt 0.433685 0.861423
vt 0.572986 0.572491
vt 0.566285 0.554484
vt 0.580709 0.551041
vt 0.580709 0.573511
vt 0.886631 0.626765
vt 0.877602 0.626237
vt 0.886631 0.608223
vt 0.100858 0.608736
vt 0.085047 0.596982
vt 0.100858 0.588865
vt 0.486353 0.811932
vt 0.486353 0.789021
vt 0.495050 0.809837
vt 0.507503 0.661792
vt 0.499190 0.661125
vt 0.499008 0.640788
vt 0.512477 0.640788
vt 0.000000 0.933617
vt 0.000000 0.910993
vt 0.007147 0.930123
vt 0.887579 0.890967
vt 0.895619 0.874120
vt 0.895619 0.894566
vt 0.556268 0.528878
vt 0.548746 0.507398
vt 0.563471 0.510934
vt 0.548746 0.529875
vt 0.028531 0.809878
vt 0.037581 0.789021
vt 0.037581 0.811296
vt 0.374278 0.475417
vt 0.364328 0.454913
vt 0.381509 0.454913
vt 0.908136 0.033991
vt 0.900223 0.038124
vt 0.900223 0.017361
vt 0.582237 0.930098
vt 0.575036 0.932857
vt 0.575036 0.910993
vt 0.188801 0.556097
vt 0.178521 0.535595
vt 0.194734 0.535595
vt 0.843588 0.384266
vt 0.843588 0.362070
vt 0.851686 0.383314
vt 0.536237 0.814444
vt 0.545689 0.811986
vt 0.545689 0.832079
vt 0.354921 0.240721
vt 0.346052 0.219546
vt 0.363815 0.219546
vt 0.696548 0.258188
vt 0.706274 0.237382
vt 0.706274 0.260092
vt 0.864102 0.145127
vt 0.856337 0.142323
vt 0.864102 0.122161
vt 0.518462 0.567764
vt 0.517139 0.550457
vt 0.532370 0.550457
vt 0.525176 0.572018
vt 0.101699 0.632782
vt 0.115195 0.614425
vt 0.109442 0.635804
vt 0.101160 0.614425
vt 0.907365 0.250571
vt 0.900223 0.247994
vt 0.907365 0.227612
vt 0.900223 0.319142
vt 0.909960 0.304120
vt 0.909960 0.320930
vt 0.495405 0.438901
vt 0.480169 0.423676
vt 0.495405 0.416108
vt 0.799011 0.089383
vt 0.790300 0.087664
vt 0.799011 0.066691
vt 0.842035 0.419176
vt 0.833611 0.419930
vt 0.833611 0.397892
vt 0.343801 0.496558
vt 0.336568 0.475567
vt 0.353097 0.475567
vt 0.942659 0.494158
vt 0.949308 0.477243
vt 0.949308 0.498521
vt 0.716018 0.670807
vt 0.706527 0.668032
vt 0.716018 0.647900
vt 0.491888 0.094132
vt 0.491888 0.072539
vt 0.507843 0.080284
vt 0.932756 0.329349
vt 0.942049 0.317088
vt 0.942049 0.332920
vt 0.875693 0.634765
vt 0.867669 0.634765
vt 0.874073 0.613651
vt 0.040861 0.646758
vt 0.028310 0.628456
vt 0.044428 0.628456
vt 0.746827 0.811963
vt 0.746827 0.789021
vt 0.755450 0.809355
vt 0.942659 0.021898
vt 0.942659 -0.000000
vt 0.949287 0.017168
vt 0.695430 0.341210
vt 0.687857 0.357313
vt 0.681197 0.341210
vt 0.749867 0.679746
vt 0.740666 0.681310
vt 0.740666 0.658724
vt 0.856337 0.677675
vt 0.856337 0.656575
vt 0.864726 0.673336
vt 0.597993 0.019744
vt 0.586318 0.000000
vt 0.600872 0.000000
vt 0.590435 0.021786
vt 0.386402 0.931536
vt 0.378666 0.931486
vt 0.386402 0.910993
vt 0.639883 0.142835
vt 0.639883 0.121266
vt 0.653413 0.130904
vt 0.800283 0.101524
vt 0.808973 0.080332
vt 0.808973 0.102864
vt 0.908515 0.536081
vt 0.900223 0.531284
vt 0.908515 0.516426
vt 0.491007 0.504009
vt 0.483079 0.484452
vt 0.500744 0.484452
vt 0.676584 0.737423
vt 0.681265 0.715588
vt 0.686423 0.737423
vt 0.800088 0.754498
vt 0.790301 0.755921
vt 0.790301 0.735892
vt 0.582637 0.285973
vt 0.567926 0.272631
vt 0.582637 0.263970
vt 0.912850 0.557550
vt 0.912850 0.535434
vt 0.919806 0.553415
vt 0.390932 0.831458
vt 0.395713 0.811986
vt 0.400707 0.831458
vt 0.522782 0.095323
vt 0.522782 0.072539
vt 0.537571 0.080253
vt 0.851777 0.583279
vt 0.843588 0.583279
vt 0.849614 0.561377
vt 0.856337 0.207724
vt 0.856337 0.187139
vt 0.864992 0.206938
vt 0.663770 0.571211
vt 0.650374 0.552670
vt 0.663770 0.550245
vt 0.919922 0.285955
vt 0.912850 0.285955
vt 0.912901 0.264102
vt 0.619074 0.830391
vt 0.609307 0.831387
vt 0.609307 0.811986
vt 0.045200 0.530322
vt 0.045200 0.509316
vt 0.061369 0.514520
vt 0.900223 0.670654
vt 0.900223 0.648788
vt 0.907654 0.666467
vt 0.909670 0.824865
vt 0.900223 0.823418
vt 0.909670 0.807719
vt 0.236176 0.661334
vt 0.236176 0.640571
vt 0.249839 0.650659
vt 0.696548 0.326849
vt 0.701920 0.304568
vt 0.706443 0.326849
vt 0.769802 0.435385
vt 0.760426 0.437375
vt 0.760426 0.415469
vt 0.396421 0.643521
vt 0.380929 0.633073
vt 0.396421 0.624383
vt 0.183384 0.831906
vt 0.186025 0.811986
vt 0.193000 0.831906
vt 0.760426 0.654187
vt 0.769656 0.633236
vt 0.769656 0.655464
vt 0.196923 0.617728
vt 0.196923 0.598854
vt 0.213310 0.604342
vt 0.920568 0.898383
vt 0.912850 0.893337
vt 0.920568 0.878603
vt 0.014302 0.488152
vt 0.027103 0.470761
vt 0.020201 0.491930
vt 0.010652 0.470761
vt 0.780154 0.435033
vt 0.770408 0.436476
vt 0.770408 0.415538
vt 0.410855 0.811191
vt 0.401849 0.807693
vt 0.410855 0.789021
vt 0.374793 0.217604
vt 0.374793 0.199191
vt 0.391133 0.203940
vt 0.141977 0.882080
vt 0.141977 0.861423
vt 0.150480 0.881952
vt 0.671622 0.216353
vt 0.662772 0.217200
vt 0.662772 0.195181
vt 0.674914 0.198127
vt 0.900223 0.117669
vt 0.900223 0.095096
vt 0.907497 0.114130
vt 0.454762 0.832145
vt 0.445415 0.832334
vt 0.445415 0.811986
vt 0.398169 0.522260
vt 0.382032 0.506317
vt 0.398169 0.501082
vt 0.451591 0.759850
vt 0.458068 0.738555
vt 0.461455 0.759850
vt 0.728204 0.831358
vt 0.736865 0.811986
vt 0.736865 0.833778
vt 0.422508 0.263783
vt 0.422508 0.240935
vt 0.438273 0.247323
vt 0.706226 0.485727
vt 0.696548 0.483417
vt 0.706226 0.463002
vt 0.019963 0.883893
vt 0.019963 0.861423
vt 0.027816 0.880040
vt 0.637095 0.194168
vt 0.622841 0.182691
vt 0.637095 0.173141
vt 0.779575 0.415538
vt 0.770408 0.413980
vt 0.779575 0.393274
vt 0.621324 0.860677
vt 0.613144 0.856738
vt 0.621324 0.838460
vt 0.236176 0.640572
vt 0.236176 0.620763
vt 0.251230 0.629977
vt 0.696548 0.347502
vt 0.706264 0.326849
vt 0.706264 0.349535
vt 0.500703 0.832787
vt 0.491568 0.832787
vt 0.497491 0.811986
vt 0.549398 0.673429
vt 0.549398 0.654115
vt 0.563370 0.655262
vt 0.584954 0.882146
vt 0.592571 0.861423
vt 0.592571 0.884158
vt 0.750007 0.242338
vt 0.740666 0.239993
vt 0.750007 0.219986
vt 0.493922 0.022887
vt 0.508960 0.038387
vt 0.493922 0.045777
vt 0.833611 0.538217
vt 0.835926 0.518932
vt 0.843224 0.538217
vt 0.716857 0.532172
vt 0.716857 0.509627
vt 0.726328 0.529281
vt 0.650825 0.573511
vt 0.650825 0.595706
vt 0.637638 0.591561
vt 0.833611 0.422424
vt 0.843273 0.419930
vt 0.843273 0.439139
vt 0.107006 0.701736
vt 0.115998 0.680613
vt 0.115998 0.702631
vt 0.104277 0.683500
vt 0.786615 0.912726
vt 0.793488 0.910993
vt 0.793488 0.933715
vt 0.195628 0.739886
vt 0.205113 0.738555
vt 0.205113 0.760781
vt 0.506023 0.415180
vt 0.498485 0.394050
vt 0.514714 0.394050
vt 0.732706 0.925649
vt 0.740852 0.910993
vt 0.740852 0.930206
vt 0.875376 0.354079
vt 0.867669 0.349840
vt 0.875376 0.332017
vt 0.554950 0.167496
vt 0.554950 0.144551
vt 0.569264 0.151765
vt 0.575386 0.861423
vt 0.575386 0.883520
vt 0.567547 0.865284
vt 0.895339 0.317402
vt 0.887579 0.317402
vt 0.893495 0.296019
vt 0.374793 0.176419
vt 0.391137 0.192212
vt 0.374793 0.199191
vt 0.875169 0.535340
vt 0.867669 0.555418
vt 0.867669 0.532792
vt 0.843588 0.160832
vt 0.843588 0.138930
vt 0.851820 0.156727
vt 0.064448 0.701112
vt 0.064448 0.680613
vt 0.077064 0.682035
vt 0.319015 0.858347
vt 0.309839 0.858440
vt 0.309839 0.838460
vt 0.561260 0.346905
vt 0.568285 0.326545
vt 0.568285 0.343725
vt 0.552900 0.325531
vt 0.554179 0.346806
vt 0.949318 0.079365
vt 0.942659 0.082409
vt 0.942659 0.060669
vt 0.449308 0.416064
vt 0.449308 0.394050
vt 0.465401 0.401529
vt 0.864195 0.543640
vt 0.864195 0.566192
vt 0.856337 0.544923
vt 0.522993 0.808081
vt 0.513207 0.809371
vt 0.513207 0.789021
vt 0.661837 0.527354
vt 0.661837 0.505155
vt 0.673892 0.508956
vt 0.780326 0.214808
vt 0.780326 0.193381
vt 0.789798 0.211834
vt 0.885235 0.349803
vt 0.877602 0.345491
vt 0.885235 0.327796
vt 0.224881 0.585191
vt 0.214877 0.566954
vt 0.232547 0.566954
vt 0.760426 0.590061
vt 0.764969 0.569371
vt 0.770343 0.590061
vt 0.823629 0.400706
vt 0.823629 0.379174
vt 0.832338 0.399387
vt 0.646754 0.413201
vt 0.646754 0.391498
vt 0.659834 0.394767
vt 0.780326 0.733182
vt 0.790114 0.731356
vt 0.790114 0.751972
vt 0.464981 0.260067
vt 0.471227 0.240935
vt 0.471227 0.262871
vt 0.455124 0.246718
vt 0.492768 0.737220
vt 0.482804 0.737220
vt 0.487582 0.715588
vt 0.127207 0.433851
vt 0.122129 0.437807
vt 0.115233 0.416710
vt 0.132318 0.416710
vt 0.051564 0.759793
vt 0.057611 0.738555
vt 0.061514 0.759793
vt 0.112432 0.925412
vt 0.103494 0.928983
vt 0.103494 0.910993
vt 0.378393 0.072539
vt 0.362047 0.056478
vt 0.378393 0.049576
vt 0.696548 0.192566
vt 0.696548 0.169628
vt 0.706197 0.190215
vt 0.534275 0.065766
vt 0.528333 0.070338
vt 0.520622 0.049576
vt 0.536874 0.049576
vt 0.867669 0.847993
vt 0.875107 0.826971
vt 0.875107 0.849682
vt 0.345557 0.391174
vt 0.349754 0.370107
vt 0.354251 0.388367
vt 0.338105 0.370107
vt 0.336568 0.390649
vt 0.576368 0.860210
vt 0.584745 0.856112
vt 0.563388 0.284256
vt 0.552642 0.263970
vt 0.567926 0.263970
vt 0.556252 0.285549
vt 0.346188 0.833502
vt 0.337323 0.832062
vt 0.346188 0.811986
vt 0.196923 0.655293
vt 0.196923 0.636530
vt 0.212357 0.645331
vt 0.952635 0.444119
vt 0.958844 0.422113
vt 0.958844 0.444133
vt 0.780084 0.327981
vt 0.770408 0.327981
vt 0.775060 0.306868
vt 0.154982 0.516840
vt 0.139178 0.503112
vt 0.154982 0.495180
vt 0.728462 0.807376
vt 0.737769 0.789021
vt 0.737769 0.810282
vt 0.293016 0.576506
vt 0.300033 0.572794
vt 0.306888 0.593986
vt 0.291813 0.593986
vt 0.900222 0.421930
vt 0.900223 0.398964
vt 0.907338 0.419503
vt 0.922826 0.081013
vt 0.922826 0.058293
vt 0.929511 0.077248
vt 0.618475 0.118741
vt 0.610403 0.097254
vt 0.624257 0.099817
vt 0.610403 0.119427
vt 0.069275 0.861423
vt 0.069275 0.883586
vt 0.061329 0.865498
vt 0.525365 0.529255
vt 0.518419 0.507398
vt 0.533842 0.510194
vt 0.518419 0.529340
vt 0.627745 0.196860
vt 0.636011 0.195181
vt 0.636011 0.217452
vt 0.622473 0.212257
vt 0.952635 0.136456
vt 0.952635 0.113527
vt 0.958693 0.134495
vt 0.337323 0.831886
vt 0.327737 0.831886
vt 0.328652 0.811986
vt 0.072551 0.635229
vt 0.066454 0.613735
vt 0.080505 0.614411
vt 0.080505 0.634044
vt 0.791079 0.878791
vt 0.781176 0.878791
vt 0.784559 0.861423
vt 0.559672 0.071124
vt 0.552448 0.052895
vt 0.567186 0.049576
vt 0.567186 0.071966
vt 0.887579 0.354879
vt 0.887579 0.337404
vt 0.897072 0.352899
vt 0.447940 0.239499
vt 0.431556 0.224062
vt 0.447940 0.217662
vt 0.932756 0.250295
vt 0.939174 0.252521
vt 0.932756 0.273255
vt 0.877602 0.907140
vt 0.885880 0.890587
vt 0.885880 0.910733
vt 0.518426 0.216805
vt 0.510337 0.197639
vt 0.528048 0.197639
vt 0.853521 0.861423
vt 0.861228 0.861423
vt 0.858716 0.883667
vt 0.493693 0.929287
vt 0.485046 0.924676
vt 0.493693 0.910993
vt 0.638273 0.215177
vt 0.636011 0.195181
vt 0.649563 0.195181
vt 0.646409 0.216894
vt 0.960072 0.184210
vt 0.952635 0.188962
vt 0.952635 0.170329
vt 0.161228 0.550695
vt 0.176453 0.563643
vt 0.161228 0.572211
vt 0.047621 0.960768
vt 0.041807 0.981725
vt 0.041807 0.958995
vt 0.327737 0.832297
vt 0.318343 0.832297
vt 0.318856 0.811986
vt 0.385139 0.702010
vt 0.385139 0.680613
vt 0.396811 0.691201
vt 0.171952 0.857571
vt 0.181404 0.838460
vt 0.181404 0.857931
vt 0.450210 0.882038
vt 0.450210 0.861423
vt 0.458656 0.881428
vt 0.591018 0.506362
vt 0.591018 0.484452
vt 0.605426 0.493356
vt 0.826023 0.882666
vt 0.817936 0.882666
vt 0.825506 0.861423
vt 0.750454 0.716335
vt 0.755781 0.694535
vt 0.759928 0.716335
vt 0.569154 0.092697
vt 0.552834 0.079303
vt 0.569154 0.072539
vt 0.852271 0.096735
vt 0.843588 0.100360
vt 0.843588 0.079590
vt 0.780061 0.652564
vt 0.770408 0.653465
vt 0.770408 0.632378
vt 0.083547 0.675206
vt 0.098928 0.662305
vt 0.098928 0.679235
vt 0.833611 0.144152
vt 0.843355 0.126185
vt 0.843355 0.145291
vt 0.450029 0.196604
vt 0.444306 0.197639
vt 0.439541 0.176419
vt 0.456347 0.176419
vt 0.760426 0.698159
vt 0.769951 0.677757
vt 0.769951 0.699292
vt 0.817936 0.880982
vt 0.810121 0.883412
vt 0.810121 0.861423
vt 0.612672 0.262081
vt 0.606038 0.240935
vt 0.620616 0.240935
vt 0.760426 0.286584
vt 0.764523 0.264489
vt 0.769736 0.286584
vt 0.942659 0.166668
vt 0.942659 0.145826
vt 0.949580 0.161385
vt 0.495850 0.022842
vt 0.480665 0.006199
vt 0.495850 0.000000
vt 0.808788 0.502889
vt 0.800283 0.500132
vt 0.808788 0.479991
vt 0.823629 0.724943
vt 0.832378 0.705571
vt 0.833268 0.724943
vt 0.373410 0.392355
vt 0.364328 0.371331
vt 0.382032 0.371331
vt 0.739941 0.666497
vt 0.730688 0.663867
vt 0.739941 0.643608
vt 0.648561 0.858831
vt 0.639649 0.858831
vt 0.646350 0.838460
vt 0.542701 0.022064
vt 0.542701 0.000000
vt 0.557757 0.004810
vt 0.716857 0.486776
vt 0.726212 0.507492
vt 0.831820 0.273240
vt 0.823629 0.270778
vt 0.831820 0.250331
vt 0.464713 0.608147
vt 0.449282 0.596438
vt 0.464713 0.587784
vt 0.887579 0.376979
vt 0.887579 0.354879
vt 0.895085 0.376339
vt 0.443835 0.737396
vt 0.433940 0.737396
vt 0.437440 0.715588
vt 0.365864 0.218625
vt 0.356940 0.197468
vt 0.374685 0.197468
vt 0.843588 0.602211
vt 0.853059 0.599074
vt 0.627482 0.736280
vt 0.637141 0.715588
vt 0.637141 0.737849
vt 0.397919 0.458627
vt 0.382032 0.442049
vt 0.397919 0.436187
vt 0.833292 0.443036
vt 0.823629 0.443036
vt 0.830695 0.423634
vt 0.310050 0.969870
vt 0.317573 0.958995
vt 0.317573 0.975250
vt 0.634992 0.524822
vt 0.621339 0.506561
vt 0.635168 0.506561
vt 0.627314 0.528346
vt 0.559616 0.738345
vt 0.550158 0.735677
vt 0.559616 0.715588
vt 0.357884 0.263970
vt 0.357884 0.241047
vt 0.374274 0.247924
vt 0.760426 0.151292
vt 0.767193 0.130325
vt 0.770253 0.151292
vt 0.958969 0.041717
vt 0.952635 0.042043
vt 0.952635 0.020032
vt 0.532434 0.263896
vt 0.532434 0.240935
vt 0.547055 0.247961
vt 0.791079 0.879671
vt 0.791079 0.861423
vt 0.800503 0.879133
vt 0.799614 0.500234
vt 0.790301 0.498378
vt 0.799614 0.479125
vt 0.443934 0.315229
vt 0.428159 0.299870
vt 0.443934 0.292463
vt 0.780326 0.578250
vt 0.783694 0.557274
vt 0.789961 0.578250
vt 0.661318 0.759708
vt 0.668076 0.738555
vt 0.671214 0.759708
vt 0.179980 0.495151
vt 0.179980 0.473531
vt 0.196060 0.478936
vt 0.820858 0.484943
vt 0.811293 0.482093
vt 0.820858 0.464752
vt 0.244602 0.444227
vt 0.251763 0.423077
vt 0.253134 0.442836
vt 0.238941 0.423077
vt 0.236176 0.442242
vt 0.760102 0.511658
vt 0.750454 0.511658
vt 0.754904 0.490230
vt 0.608690 0.216857
vt 0.594240 0.204230
vt 0.608690 0.195181
vt 0.089186 0.832024
vt 0.089186 0.811986
vt 0.098767 0.830637
vt 0.534939 0.239021
vt 0.526979 0.238202
vt 0.526979 0.217662
vt 0.541076 0.218383
vt 0.542738 0.236467
vt 0.908356 0.207375
vt 0.900223 0.211048
vt 0.900223 0.190877
vt 0.543144 0.809832
vt 0.541674 0.789021
vt 0.551230 0.789021
vt 0.779817 0.064799
vt 0.776203 0.086570
vt 0.770408 0.064799
vt 0.639304 0.861423
vt 0.630566 0.879165
vt 0.629558 0.861423
vt 0.654923 0.527354
vt 0.648453 0.506179
vt 0.661837 0.506179
vt 0.820727 0.571421
vt 0.811293 0.571421
vt 0.812607 0.550964
vt 0.929889 -0.000000
vt 0.929889 0.021533
vt 0.922826 0.004842
vt 0.291813 0.492030
vt 0.291813 0.470752
vt 0.308162 0.476693
vt 0.760422 0.424663
vt 0.750454 0.424663
vt 0.754462 0.403913
vt 0.819720 0.236163
vt 0.811293 0.233273
vt 0.819720 0.213201
vt 0.231151 0.640022
vt 0.231151 0.657613
vt 0.214877 0.651093
vt 0.867669 0.134387
vt 0.867684 0.113521
vt 0.875842 0.134387
vt 0.224299 0.357332
vt 0.215463 0.337047
vt 0.225486 0.336025
vt 0.233176 0.353998
vt 0.422105 0.582238
vt 0.414771 0.581197
vt 0.414261 0.560779
vt 0.429349 0.561610
vt 0.429349 0.579902
vt 0.932756 0.355797
vt 0.932756 0.332920
vt 0.939187 0.353611
vt 0.220235 0.406065
vt 0.232146 0.422103
vt 0.214877 0.422103
vt 0.224734 0.400990
vt 0.281602 0.810982
vt 0.288242 0.789021
vt 0.290715 0.810982
vt 0.669970 0.022887
vt 0.669970 0.041696
vt 0.655344 0.031818
vt 0.932756 0.174859
vt 0.940069 0.170143
vt 0.940069 0.190358
vt 0.939665 0.170143
vt 0.932756 0.165163
vt 0.939665 0.148738
vt 0.302642 0.552299
vt 0.291813 0.532803
vt 0.308893 0.532803
vt 0.895917 0.218127
vt 0.895917 0.238057
vt 0.887579 0.222663
vt 0.832736 0.824994
vt 0.823629 0.827791
vt 0.823629 0.807306
vt 0.588991 0.616318
vt 0.582226 0.595165
vt 0.596902 0.595165
vt 0.740666 0.022822
vt 0.734958 0.044189
vt 0.730688 0.022822
vt 0.716857 0.708460
vt 0.726532 0.707187
vt 0.726532 0.729234
vt 0.439727 0.602648
vt 0.431431 0.584826
vt 0.449183 0.584826
vt 0.776829 0.926958
vt 0.785324 0.910993
vt 0.786615 0.926958
vt 0.443835 0.736137
vt 0.453573 0.715588
vt 0.453573 0.737740
vt 0.384692 0.697310
vt 0.370177 0.680613
vt 0.385138 0.680613
vt 0.876891 0.496670
vt 0.867669 0.496670
vt 0.876594 0.478257
vt 0.790301 0.387960
vt 0.799285 0.368233
vt 0.799285 0.390145
vt 0.622444 0.017819
vt 0.614553 -0.000000
vt 0.628716 0.007701
vt 0.614553 0.021531
vt 0.750454 0.202231
vt 0.760036 0.200286
vt 0.760036 0.221905
vt 0.483079 0.608147
vt 0.483079 0.587768
vt 0.498509 0.596420
vt 0.662087 0.807550
vt 0.671876 0.789021
vt 0.671876 0.809266
vt 0.877602 0.425429
vt 0.885542 0.430058
vt 0.877602 0.446550
vt 0.216337 0.701987
vt 0.204472 0.691152
vt 0.216337 0.680613
vt 0.811293 0.781087
vt 0.817837 0.759076
vt 0.820035 0.781087
vt 0.390932 0.832924
vt 0.381840 0.832924
vt 0.382240 0.811986
vt 0.514714 0.394050
vt 0.530829 0.407617
vt 0.514714 0.415119
vt 0.959587 0.449302
vt 0.952635 0.463750
vt 0.952635 0.444133
vt 0.790300 0.735892
vt 0.790300 0.713573
vt 0.799087 0.734009
vt 0.633572 0.505797
vt 0.619415 0.493892
vt 0.633572 0.484452
vt 0.028287 0.958995
vt 0.035480 0.964806
vt 0.028287 0.977390
vt 0.535487 0.021290
vt 0.542701 0.000000
vt 0.542701 0.022189
vt 0.527532 0.004113
vt 0.922826 0.561916
vt 0.930295 0.567005
vt 0.922826 0.582015
vt 0.759936 0.445493
vt 0.750454 0.446465
vt 0.318599 0.664929
vt 0.318599 0.647975
vt 0.334989 0.653027
vt 0.952635 0.905104
vt 0.959925 0.892227
vt 0.959925 0.910549
vt 0.420144 0.810512
vt 0.410855 0.810512
vt 0.415707 0.789021
vt 0.459124 0.680613
vt 0.469947 0.697306
vt 0.459124 0.703550
vt 0.244206 0.958995
vt 0.244206 0.981961
vt 0.238714 0.961305
vt 0.530821 0.736400
vt 0.521120 0.737786
vt 0.521120 0.715588
vt 0.101160 0.591849
vt 0.101160 0.568920
vt 0.115089 0.576278
vt 0.040133 0.927171
vt 0.046414 0.910993
vt 0.050103 0.927171
vt 0.623416 0.760521
vt 0.630111 0.738555
vt 0.632950 0.760521
vt 0.254190 0.443894
vt 0.254190 0.421628
vt 0.270315 0.429017
vt 0.922826 0.199110
vt 0.932550 0.196950
vt 0.932550 0.212531
vt 0.716857 0.089370
vt 0.716857 0.066748
vt 0.726339 0.086693
vt 0.567186 0.072523
vt 0.567186 0.049576
vt 0.581298 0.056801
vt 0.097976 0.856940
vt 0.088000 0.856940
vt 0.092913 0.838459
vt 0.769822 0.503482
vt 0.760426 0.503482
vt 0.764512 0.481631
vt 0.629595 0.167398
vt 0.629595 0.144551
vt 0.642567 0.152411
vt 0.639304 0.879768
vt 0.648727 0.879207
vt 0.675736 0.928997
vt 0.668378 0.932315
vt 0.668378 0.910993
vt 0.586508 0.239165
vt 0.586508 0.217662
vt 0.601245 0.221582
vt 0.155576 0.832882
vt 0.164010 0.811986
vt 0.164010 0.834715
vt 0.385829 0.738363
vt 0.376345 0.735514
vt 0.385829 0.715588
vt 0.465814 0.566799
vt 0.465814 0.546156
vt 0.481815 0.550781
vt 0.856337 0.421617
vt 0.865909 0.405851
vt 0.865909 0.424398
vt 0.502242 0.738477
vt 0.502242 0.715588
vt 0.511653 0.735779
vt 0.471227 0.262588
vt 0.471227 0.240935
vt 0.487367 0.248371
vt 0.887303 0.463837
vt 0.877602 0.463837
vt 0.885249 0.446550
vt 0.740666 0.130887
vt 0.747900 0.109210
vt 0.750306 0.130887
vt 0.336568 0.637504
vt 0.336568 0.619199
vt 0.352885 0.623747
vt 0.876645 0.153367
vt 0.867669 0.149328
vt 0.876645 0.134387
vt 0.569472 0.737427
vt 0.559616 0.737427
vt 0.562709 0.715588
vt 0.666718 0.549801
vt 0.654148 0.537555
vt 0.666718 0.527866
vt 0.684787 0.876908
vt 0.694499 0.861423
vt 0.694499 0.879200
vt 0.578880 0.345901
vt 0.571669 0.346649
vt 0.568285 0.325531
vt 0.583612 0.325531
vt 0.023560 0.932400
vt 0.030706 0.910993
vt 0.030706 0.933579
vt 0.951024 0.363547
vt 0.942659 0.358445
vt 0.951024 0.346533
vt 0.648996 0.261355
vt 0.634574 0.250616
vt 0.648996 0.240935
vt 0.730688 0.575995
vt 0.740042 0.555069
vt 0.740042 0.577746
vt 0.410902 0.927795
vt 0.418633 0.910993
vt 0.418633 0.931517
vt 0.131089 0.562758
vt 0.115233 0.549838
vt 0.131089 0.541857
vt 0.779315 0.262399
vt 0.770408 0.259828
vt 0.779315 0.239454
vt 0.675647 0.877179
vt 0.684787 0.861423
vt 0.684787 0.880313
vt 0.220148 0.640022
vt 0.214877 0.622634
vt 0.231984 0.622634
vt 0.706468 0.530385
vt 0.696548 0.530385
vt 0.701253 0.508231
vt 0.896905 0.087887
vt 0.887579 0.084574
vt 0.896905 0.070021
vt 0.379620 0.596836
vt 0.364328 0.584789
vt 0.379620 0.576053
vt 0.696548 0.304568
vt 0.702238 0.282382
vt 0.706493 0.304568
vt 0.906099 0.928426
vt 0.897191 0.924150
vt 0.906099 0.910993
vt 0.602846 0.436445
vt 0.602846 0.415551
vt 0.617688 0.424695
vt 0.019057 0.738555
vt 0.019057 0.715588
vt 0.028518 0.736144
vt 0.886185 0.387143
vt 0.877602 0.387143
vt 0.885578 0.367582
vt 0.612392 0.651702
vt 0.596931 0.635344
vt 0.612392 0.632723
vt 0.706527 0.177908
vt 0.706527 0.155329
vt 0.716213 0.175502
vt 0.275767 0.509317
vt 0.287443 0.489918
vt 0.282295 0.511339
vt 0.271397 0.489918
vt 0.706465 0.552545
vt 0.696548 0.552545
vt 0.700695 0.530385
vt 0.629872 0.855516
vt 0.639649 0.838460
vt 0.639649 0.857028
vt 0.395865 0.314886
vt 0.395865 0.292463
vt 0.412243 0.299048
vt 0.716190 0.510041
vt 0.706527 0.512184
vt 0.706527 0.489640
vt 0.629558 0.879885
vt 0.620187 0.879885
vt 0.627279 0.861423
vt 0.101223 0.530222
vt 0.085047 0.514444
vt 0.101223 0.509225
vt 0.696548 0.506374
vt 0.706320 0.485727
vt 0.706320 0.508232
vt 0.799051 0.154246
vt 0.790301 0.150797
vt 0.799051 0.131685
vt 0.229582 0.675530
vt 0.214877 0.667508
vt 0.229582 0.657613
vt 0.760426 0.677757
vt 0.765439 0.655464
vt 0.769628 0.677757
vt 0.750218 0.418338
vt 0.740666 0.418338
vt 0.744710 0.396518
vt 0.189654 0.409591
vt 0.180586 0.388491
vt 0.198008 0.388491
vt 0.843588 0.304411
vt 0.845203 0.285441
vt 0.853075 0.304411
vt 0.647099 0.736290
vt 0.656844 0.715588
vt 0.656844 0.737650
vt 0.214802 0.413259
vt 0.198412 0.397606
vt 0.214802 0.390911
vt 0.866002 0.326659
vt 0.856337 0.325145
vt 0.866002 0.308259
vt 0.036316 0.883424
vt 0.041032 0.861423
vt 0.044330 0.883424
vt 0.638137 0.345031
vt 0.628288 0.324342
vt 0.642671 0.324342
vt 0.865265 0.697494
vt 0.856337 0.697494
vt 0.864889 0.677675
vt 0.490354 0.759997
vt 0.480563 0.759997
vt 0.483160 0.738555
vt 0.390496 0.286886
vt 0.390496 0.263970
vt 0.406574 0.271042
vt 0.750454 0.758716
vt 0.750454 0.737041
vt 0.759979 0.755864
vt 0.820322 0.170584
vt 0.811293 0.170584
vt 0.812324 0.149140
vt 0.559996 0.313605
vt 0.552811 0.292463
vt 0.568371 0.292463
vt 0.900223 0.841953
vt 0.900223 0.824865
vt 0.909698 0.841523
vt 0.214895 0.758561
vt 0.205113 0.760106
vt 0.389630 0.371331
vt 0.380658 0.350496
vt 0.398428 0.350496
vt 0.044320 0.831948
vt 0.044320 0.811986
vt 0.053942 0.829298
vt 0.716857 0.464682
vt 0.722883 0.442842
vt 0.726650 0.464682
vt 0.536594 0.642075
vt 0.532371 0.624175
vt 0.548956 0.624175
vt 0.853243 0.422224
vt 0.843588 0.420750
vt 0.853243 0.403621
vt 0.075117 0.359534
vt 0.084329 0.338714
vt 0.084329 0.359987
vt 0.073397 0.339433
vt 0.066454 0.355768
vt 0.473039 0.736090
vt 0.463268 0.737662
vt 0.463268 0.715588
vt 0.161228 0.592344
vt 0.161228 0.572211
vt 0.177112 0.580187
vt 0.843588 0.359086
vt 0.853065 0.343095
vt 0.853065 0.362070
vt 0.566402 0.369244
vt 0.558819 0.368534
vt 0.573504 0.349156
vt 0.573914 0.366590
vt 0.852120 0.204728
vt 0.843588 0.204728
vt 0.849653 0.183602
vt 0.616999 0.698618
vt 0.616999 0.680613
vt 0.630390 0.691872
vt 0.279651 0.738555
vt 0.273307 0.759842
vt 0.269753 0.738555
vt 0.877602 0.792601
vt 0.877602 0.770953
vt 0.885322 0.788105
vt 0.612392 0.668519
vt 0.596015 0.657188
vt 0.612392 0.651702
vt 0.716857 0.135308
vt 0.726514 0.133054
vt 0.726514 0.155256
vt 0.852441 0.461650
vt 0.852441 0.481923
vt 0.843588 0.465744
vt 0.681197 0.188548
vt 0.681197 0.166483
vt 0.691874 0.176543
vt 0.241466 0.740563
vt 0.250738 0.738555
vt 0.250738 0.761285
vt 0.305415 0.880914
vt 0.296450 0.880187
vt 0.305415 0.861423
vt 0.028311 0.664726
vt 0.028311 0.646759
vt 0.043805 0.655469
vt 0.414569 0.736280
vt 0.424238 0.715588
vt 0.424238 0.737916
vt 0.686423 0.715588
vt 0.696326 0.715588
vt 0.692988 0.737283
vt 0.596139 0.633840
vt 0.596139 0.651576
vt 0.579762 0.646680
vt 0.393970 0.883177
vt 0.393970 0.861423
vt 0.401989 0.879161
vt 0.780271 0.696080
vt 0.770408 0.696080
vt 0.773076 0.675453
vt 0.254190 0.647703
vt 0.254190 0.628974
vt 0.269931 0.637226
vt 0.959088 0.545339
vt 0.959088 0.566380
vt 0.952635 0.550438
vt 0.760426 0.041677
vt 0.765973 0.020657
vt 0.770234 0.041677
vt 0.064448 0.680613
vt 0.064448 0.703570
vt 0.053182 0.696338
vt 0.912850 0.859690
vt 0.919711 0.856349
vt 0.919711 0.878603
vt 0.210117 0.833715
vt 0.214269 0.811986
vt 0.218920 0.833715
vt 0.511249 0.014551
vt 0.495850 0.008326
vt 0.511438 0.000000
vt 0.511438 0.022038
vt 0.438689 0.811614
vt 0.429856 0.808225
vt 0.438689 0.789021
vt 0.418124 0.199212
vt 0.426670 0.217597
vt 0.408904 0.217597
vt 0.334977 0.958995
vt 0.334977 0.977649
vt 0.328492 0.965144
vt 0.643556 0.526330
vt 0.635168 0.528346
vt 0.635168 0.506179
vt 0.648453 0.512110
vt 0.820525 0.301295
vt 0.812516 0.322242
vt 0.811293 0.301295
vt 0.298395 0.761507
vt 0.289219 0.758612
vt 0.298395 0.738555
vt 0.726811 0.044397
vt 0.716857 0.033805
vt 0.726811 0.022847
vt 0.050103 0.927341
vt 0.057877 0.910993
vt 0.059969 0.927341
vt 0.760426 0.172081
vt 0.769665 0.151292
vt 0.769665 0.173571
vt 0.481793 0.660503
vt 0.470524 0.676893
vt 0.465814 0.660503
vt 0.885796 0.686635
vt 0.877602 0.690744
vt 0.877602 0.670320
vt 0.750454 0.268644
vt 0.760221 0.249070
vt 0.760221 0.270277
vt 0.241391 0.696641
vt 0.241391 0.680613
vt 0.257113 0.688730
vt 0.570162 0.809634
vt 0.560521 0.807050
vt 0.570162 0.789021
vt 0.950512 0.207275
vt 0.942659 0.201810
vt 0.950512 0.188978
vt 0.450174 0.461478
vt 0.450174 0.438917
vt 0.465866 0.446559
vt 0.740666 0.572188
vt 0.747423 0.550562
vt 0.750293 0.572188
vt 0.699262 0.910993
vt 0.708564 0.914356
vt 0.699262 0.927844
vt 0.441468 0.020372
vt 0.431777 -0.000000
vt 0.449327 -0.000000
vt 0.637141 0.737178
vt 0.643034 0.715588
vt 0.647099 0.737178
vt 0.842234 0.685261
vt 0.833611 0.684038
vt 0.842234 0.663781
vt 0.673241 0.021033
vt 0.668824 -0.000000
vt 0.681197 -0.000000
vt 0.467893 0.861423
vt 0.467893 0.880270
vt 0.458656 0.861727
vt 0.376963 0.882369
vt 0.376963 0.861423
vt 0.385295 0.877936
vt 0.093331 0.423530
vt 0.085047 0.402975
vt 0.102717 0.402975
vt 0.491400 0.861423
vt 0.499768 0.865674
vt 0.491400 0.882213
vt 0.418546 0.831241
vt 0.424364 0.811986
vt 0.428429 0.831241
vt 0.411143 0.095480
vt 0.411143 0.072539
vt 0.426965 0.079208
vt 0.457705 0.789021
vt 0.467328 0.789021
vt 0.465214 0.809750
vt 0.930320 0.752243
vt 0.922826 0.756415
vt 0.922826 0.736501
vt 0.291813 0.613148
vt 0.291813 0.593986
vt 0.308110 0.600689
vt 0.958609 0.524382
vt 0.952635 0.545339
vt 0.952635 0.522610
vt 0.789552 0.106108
vt 0.780326 0.106108
vt 0.783486 0.084084
vt 0.613106 0.645461
vt 0.629389 0.637758
vt 0.629389 0.655469
vt 0.280706 0.927057
vt 0.288523 0.910993
vt 0.288523 0.931409
vt 0.115447 0.737608
vt 0.105595 0.737608
vt 0.108977 0.715588
vt 0.571224 0.593550
vt 0.566284 0.573511
vt 0.582226 0.573511
vt 0.912850 0.770597
vt 0.912850 0.754389
vt 0.922284 0.767337
vt 0.337854 0.738519
vt 0.337854 0.715588
vt 0.347282 0.735775
vt 0.061549 0.488052
vt 0.045200 0.473513
vt 0.061549 0.466686
vt 0.909875 0.072154
vt 0.900223 0.070936
vt 0.909875 0.055139
vt 0.057212 0.737553
vt 0.063808 0.715588
vt 0.067100 0.737553
vt 0.226875 0.622634
vt 0.214877 0.604049
vt 0.231407 0.604049
vt 0.887579 0.851709
vt 0.877602 0.851709
vt 0.882533 0.834985
vt 0.621508 0.191857
vt 0.613873 0.194562
vt 0.608487 0.173141
vt 0.622841 0.173141
vt 0.665893 0.879136
vt 0.674167 0.861423
vt 0.675647 0.879136
vt 0.789549 0.342301
vt 0.780326 0.343242
vt 0.780326 0.321270
vt 0.012257 0.408378
vt 0.012257 0.385425
vt 0.028285 0.392412
vt 0.932756 0.547310
vt 0.942368 0.534747
vt 0.942368 0.549993
vt 0.317084 0.761498
vt 0.307906 0.758579
vt 0.317084 0.738555
vt 0.544179 0.346633
vt 0.537082 0.325531
vt 0.552900 0.325531
vt 0.900223 0.565489
vt 0.907960 0.548984
vt 0.910090 0.565489
vt 0.740666 0.286885
vt 0.740666 0.263944
vt 0.749767 0.283948
vt 0.045018 0.459961
vt 0.028650 0.445023
vt 0.045018 0.438235
vt 0.912850 0.643576
vt 0.922826 0.643576
vt 0.918969 0.658939
vt 0.730688 0.022822
vt 0.730688 -0.000000
vt 0.740032 0.020219
vt 0.575070 0.550831
vt 0.565764 0.529894
vt 0.581251 0.529894
vt 0.877602 0.127661
vt 0.887575 0.127661
vt 0.883748 0.144560
vt 0.700364 0.810782
vt 0.691267 0.810782
vt 0.695718 0.789021
vt 0.690984 0.476271
vt 0.681197 0.461006
vt 0.690984 0.453346
vt 0.078499 0.974732
vt 0.084887 0.958995
vt 0.084887 0.979626
vt 0.841712 0.273237
vt 0.833611 0.270414
vt 0.841712 0.250271
vt 0.374521 0.514760
vt 0.364328 0.495187
vt 0.381815 0.495187
vt 0.165564 0.974832
vt 0.171766 0.958995
vt 0.171766 0.979727
vt 0.146715 0.933958
vt 0.139726 0.931205
vt 0.146715 0.910993
vt 0.545396 0.143519
vt 0.537942 0.125352
vt 0.552813 0.121961
vt 0.552813 0.144364
vt 0.159973 0.884379
vt 0.159973 0.861423
vt 0.167619 0.881738
vt 0.651165 0.286749
vt 0.651165 0.263970
vt 0.663411 0.269401
vt 0.939139 0.572950
vt 0.932756 0.570334
vt 0.939139 0.549993
vt 0.220789 0.548030
vt 0.230905 0.527419
vt 0.227424 0.548349
vt 0.214877 0.527419
vt 0.745399 0.859547
vt 0.736854 0.859628
vt 0.736854 0.838459
vt 0.875370 0.737874
vt 0.867669 0.737874
vt 0.869208 0.715920
vt 0.466548 0.284979
vt 0.457866 0.268610
vt 0.473392 0.263970
vt 0.473392 0.286691
vt 0.099551 0.761404
vt 0.090313 0.758388
vt 0.099551 0.738555
vt 0.214877 0.400990
vt 0.214877 0.378420
vt 0.231239 0.385358
vt 0.112432 0.926692
vt 0.122178 0.910993
vt 0.122178 0.927489
vt 0.369857 0.924981
vt 0.360562 0.928101
vt 0.360562 0.910993
vt 0.198412 0.390911
vt 0.198412 0.368169
vt 0.214785 0.374874
vt 0.887579 0.398747
vt 0.894900 0.376979
vt 0.895194 0.398747
vt 0.844453 0.927511
vt 0.844453 0.910993
vt 0.853887 0.924740
vt 0.618749 0.594905
vt 0.610590 0.573511
vt 0.624283 0.576592
vt 0.610590 0.595913
vt 0.659175 0.928049
vt 0.660086 0.910993
vt 0.668378 0.928049
vt 0.073282 0.467880
vt 0.066454 0.447016
vt 0.082001 0.451816
vt 0.066454 0.469747
vt 0.910124 0.287371
vt 0.900222 0.287371
vt 0.903868 0.270828
vt 0.028650 0.370421
vt 0.028650 0.347457
vt 0.045022 0.354346
vt 0.830903 0.838459
vt 0.822739 0.859762
vt 0.822434 0.838459
vt 0.865692 0.079899
vt 0.856337 0.079899
vt 0.863137 0.060795
vt 0.615236 0.164607
vt 0.599709 0.148002
vt 0.615236 0.144551
vt 0.730688 0.378141
vt 0.735101 0.356164
vt 0.740356 0.378141
vt 0.908207 0.603964
vt 0.900223 0.607626
vt 0.900223 0.587246
vt 0.131575 0.638075
vt 0.115233 0.624511
vt 0.131575 0.619799
vt 0.750454 0.469168
vt 0.750454 0.446465
vt 0.759560 0.467292
vt 0.453573 0.736406
vt 0.463268 0.715588
vt 0.463268 0.737836
vt 0.696548 0.111032
vt 0.681197 0.095961
vt 0.696548 0.095584
vt 0.699262 0.924807
vt 0.689572 0.927170
vt 0.689572 0.910993
vt 0.451207 0.861186
vt 0.451207 0.838460
vt 0.459244 0.857677
vt 0.579762 0.668634
vt 0.579762 0.651576
vt 0.595947 0.658414
vt 0.754351 0.834212
vt 0.745862 0.834212
vt 0.750556 0.811986
vt 0.470814 0.760997
vt 0.461455 0.757910
vt 0.470814 0.738555
vt 0.028650 0.393138
vt 0.028650 0.370421
vt 0.045032 0.377145
vt 0.009591 0.979303
vt 0.009591 0.958995
vt 0.016127 0.973840
vt 0.290891 0.833194
vt 0.282094 0.833692
vt 0.282094 0.811986
vt 0.172075 0.651209
vt 0.161228 0.630966
vt 0.175757 0.630966
vt 0.900223 0.903982
vt 0.900223 0.883989
vt 0.908315 0.899271
vt 0.832728 0.506365
vt 0.823629 0.506365
vt 0.823650 0.485779
vt 0.449327 0.022335
vt 0.449327 0.000000
vt 0.465193 0.007646
vt 0.700453 0.856822
vt 0.703955 0.838459
vt 0.710315 0.856822
vt 0.811293 0.147030
vt 0.820078 0.127092
vt 0.820078 0.149140
vt 0.561662 0.507155
vt 0.547084 0.492381
vt 0.561662 0.484452
vt 0.700630 0.832194
vt 0.691272 0.828887
vt 0.700630 0.811986
vt 0.455638 0.165451
vt 0.462067 0.144551
vt 0.462067 0.166828
vt 0.446109 0.149294
vt 0.810263 0.080332
vt 0.800283 0.080332
vt 0.804500 0.060710
vt 0.206379 0.861040
vt 0.198233 0.857387
vt 0.206379 0.838460
vt 0.271397 0.614126
vt 0.271397 0.594614
vt 0.287369 0.602398
vt 0.833611 0.060621
vt 0.835038 0.040170
vt 0.842727 0.060621
vt 0.401849 0.810409
vt 0.392511 0.808425
vt 0.401849 0.789021
vt 0.659613 0.366220
vt 0.659613 0.346203
vt 0.673112 0.347640
vt 0.883092 0.928158
vt 0.890402 0.910993
vt 0.890402 0.932280
vt 0.750092 0.549413
vt 0.740666 0.550562
vt 0.740666 0.528471
vt 0.681197 0.280997
vt 0.694617 0.275945
vt 0.694617 0.293282
vt 0.139727 0.915195
vt 0.132022 0.931835
vt 0.132022 0.910993
vt 0.195628 0.738555
vt 0.188648 0.760398
vt 0.185976 0.738555
vt 0.153793 0.597258
vt 0.139178 0.584346
vt 0.153793 0.575473
vt 0.897456 0.851591
vt 0.887579 0.851591
vt 0.889834 0.834924
vt 0.078037 0.861423
vt 0.078037 0.881517
vt 0.069275 0.865655
vt 0.187045 0.701745
vt 0.178161 0.681089
vt 0.190144 0.680613
vt 0.178161 0.701865
vt 0.597124 0.789021
vt 0.607023 0.789021
vt 0.603352 0.809078
vt 0.569185 0.142060
vt 0.552813 0.127617
vt 0.569185 0.121961
vt 0.750314 0.484861
vt 0.750314 0.506449
vt 0.740666 0.487425
vt 0.764177 0.831187
vt 0.754351 0.831187
vt 0.756365 0.811986
vt 0.031237 0.542404
vt 0.028311 0.523472
vt 0.043687 0.523472
vt 0.038112 0.545327
vt 0.063425 0.832240
vt 0.053942 0.829990
vt 0.063425 0.811986
vt 0.300257 0.470752
vt 0.291813 0.450853
vt 0.309557 0.450853
vt 0.930637 0.524345
vt 0.930637 0.543573
vt 0.922826 0.529493
vt 0.549881 0.856881
vt 0.555890 0.838460
vt 0.559776 0.856881
vt 0.498583 0.587768
vt 0.483079 0.570952
vt 0.498583 0.567012
vt 0.867669 0.377493
vt 0.875792 0.373557
vt 0.875792 0.394482
vt 0.220345 0.880422
vt 0.222343 0.861423
vt 0.229563 0.880422
vt 0.678412 0.118421
vt 0.665983 0.099447
vt 0.678412 0.097254
vt 0.922826 0.414268
vt 0.930426 0.409543
vt 0.930426 0.429371
vt 0.389928 0.857731
vt 0.380431 0.855418
vt 0.389928 0.838460
vt 0.412575 0.022887
vt 0.428541 0.039347
vt 0.412575 0.045597
vt 0.763205 0.838460
vt 0.763205 0.857234
vt 0.753577 0.841048
vt 0.589144 0.933782
vt 0.582237 0.930186
vt 0.589144 0.910993
vt 0.190144 0.690735
vt 0.204472 0.680613
vt 0.204472 0.698329
vt 0.009854 0.811986
vt 0.006124 0.831507
vt -0.000000 0.811986
vt 0.832224 0.021279
vt 0.823629 0.021918
vt 0.823629 0.000000
vt 0.379279 0.672842
vt 0.364328 0.656061
vt 0.379279 0.654840
vt 0.867669 0.782627
vt 0.867669 0.760690
vt 0.875375 0.778590
vt 0.922826 0.486405
vt 0.926633 0.471010
vt 0.932591 0.486405
vt 0.189654 0.575762
vt 0.178521 0.556097
vt 0.195088 0.556097
vt 0.875289 0.826971
vt 0.867669 0.826971
vt 0.869583 0.804798
vt 0.666914 0.858407
vt 0.669208 0.838460
vt 0.676009 0.858407
vt 0.198412 0.435507
vt 0.198412 0.413259
vt 0.214627 0.420515
vt 0.779477 0.282497
vt 0.770409 0.284928
vt 0.770409 0.262399
vt 0.053712 0.977460
vt 0.047621 0.980684
vt 0.047621 0.958995
vt 0.532434 0.263857
vt 0.517638 0.247361
vt 0.532434 0.240935
vt 0.756089 0.884183
vt 0.756089 0.861423
vt 0.763649 0.882616
vt 0.404148 0.758547
vt 0.394513 0.760373
vt 0.394513 0.738555
vt 0.503530 0.120210
vt 0.503530 0.099249
vt 0.519853 0.104918
vt 0.231822 0.760411
vt 0.236019 0.738555
vt 0.241466 0.760411
vt 0.153543 0.975831
vt 0.145848 0.969985
vt 0.153543 0.958995
vt 0.565507 0.703579
vt 0.576200 0.687406
vt 0.760426 0.763391
vt 0.769459 0.742459
vt 0.769459 0.765164
vt 0.341389 0.516400
vt 0.352600 0.496559
vt 0.347973 0.517903
vt 0.336568 0.496559
vt 0.832130 0.065416
vt 0.823629 0.065416
vt 0.826066 0.043275
vt 0.887579 0.195161
vt 0.889156 0.177200
vt 0.896839 0.195161
vt 0.395865 0.315245
vt 0.379555 0.299491
vt 0.395865 0.292463
vt 0.588349 0.736312
vt 0.578881 0.738317
vt 0.578881 0.715588
vt 0.894877 0.874120
vt 0.887579 0.872545
vt 0.894877 0.851591
vt 0.016008 0.533429
vt 0.010652 0.512967
vt 0.026414 0.512967
vt 0.022766 0.534433
vt 0.716426 0.424518
vt 0.706527 0.424518
vt 0.709899 0.402502
vt 0.551559 0.120202
vt 0.551559 0.099249
vt 0.567309 0.107381
vt 0.030706 0.924896
vt 0.040133 0.910993
vt 0.040133 0.928105
vt 0.125178 0.855970
vt 0.116142 0.858859
vt 0.116142 0.838460
vt 0.449741 0.284155
vt 0.440200 0.263970
vt 0.457866 0.263970
vt 0.780326 0.620440
vt 0.789944 0.600543
vt 0.789944 0.621550
vt 0.475549 0.879131
vt 0.485214 0.861423
vt 0.485214 0.879434
vt 0.287787 0.532018
vt 0.271397 0.517569
vt 0.287787 0.511339
vt 0.661318 0.760580
vt 0.651813 0.758808
vt 0.661318 0.738555
vt 0.867669 0.191178
vt 0.877163 0.175859
vt 0.877163 0.193802
vt 0.659700 0.435534
vt 0.645458 0.417538
vt 0.659700 0.415551
vt 0.509063 0.832645
vt 0.500703 0.834714
vt 0.500703 0.811986
vt 0.877302 0.573030
vt 0.867669 0.573030
vt 0.874038 0.555418
vt 0.327152 0.426763
vt 0.318599 0.406327
vt 0.336345 0.406327
vt 0.047331 0.810577
vt 0.054502 0.789021
vt 0.056674 0.810577
vt 0.876399 0.887611
vt 0.867669 0.891118
vt 0.867669 0.871779
vt 0.416344 0.661618
vt 0.427306 0.641474
vt 0.424733 0.663127
vt 0.269695 0.737608
vt 0.259865 0.737608
vt 0.263207 0.715588
vt 0.658478 0.615896
vt 0.643769 0.606048
vt 0.658478 0.596389
vt 0.153863 0.925076
vt 0.162681 0.910993
vt 0.162681 0.929189
vt 0.706527 0.557611
vt 0.706527 0.534664
vt 0.716018 0.554789
vt 0.179980 0.516398
vt 0.179980 0.495151
vt 0.196111 0.502618
vt 0.931871 0.192979
vt 0.922826 0.196950
vt 0.922826 0.180197
vt 0.643568 0.810122
vt 0.652629 0.789021
vt 0.652629 0.810903
vt 0.010652 0.666568
vt 0.010652 0.649365
vt 0.026782 0.652592
vt 0.930806 0.448251
vt 0.922826 0.443147
vt 0.930806 0.429371
vt 0.750031 0.460859
vt 0.740666 0.462201
vt 0.740666 0.439955
vt 0.617563 0.458667
vt 0.602863 0.446755
vt 0.617563 0.437570
vt 0.312743 0.926297
vt 0.320806 0.910993
vt 0.320806 0.930747
vt 0.819780 0.084439
vt 0.811293 0.082077
vt 0.819780 0.061591
vt 0.681197 0.011664
vt 0.694848 -0.000000
vt 0.694848 0.017483
vt 0.100718 0.981903
vt 0.100718 0.958995
vt 0.106440 0.980068
vt 0.922487 0.394183
vt 0.912850 0.396457
vt 0.912850 0.380447
vt 0.422508 0.263890
vt 0.406618 0.247683
vt 0.422508 0.240935
vt 0.790301 0.455533
vt 0.799435 0.434727
vt 0.799435 0.456253
vt 0.922826 0.121158
vt 0.926904 0.105658
vt 0.932615 0.121158
vt 0.101606 0.314021
vt 0.101606 0.291088
vt 0.115211 0.297459
vt 0.759530 0.694535
vt 0.750454 0.692609
vt 0.759530 0.671776
vt 0.153543 0.980972
vt 0.153543 0.958995
vt 0.159432 0.980445
vt 0.585615 0.434652
vt 0.573137 0.415551
vt 0.587886 0.415551
vt 0.578281 0.437406
vt 0.949705 0.514262
vt 0.942659 0.518578
vt 0.942659 0.498521
vt 0.394693 0.072322
vt 0.394693 0.049576
vt 0.410854 0.056010
vt 0.085172 0.810152
vt 0.094111 0.789021
vt 0.094111 0.811528
vt 0.477088 0.809448
vt 0.467328 0.809448
vt 0.472066 0.789021
vt 0.523966 0.167094
vt 0.508853 0.152516
vt 0.523966 0.144551
vt 0.125190 0.738444
vt 0.125190 0.715588
vt 0.134679 0.736249
vt 0.842138 0.189388
vt 0.833611 0.189388
vt 0.838001 0.167560
vt 0.626263 0.549993
vt 0.611907 0.537985
vt 0.626263 0.528664
vt 0.867669 0.653334
vt 0.875373 0.634765
vt 0.875373 0.656755
vt 0.177616 0.809671
vt 0.187034 0.789021
vt 0.187034 0.810332
vt 0.631560 0.436864
vt 0.631560 0.415551
vt 0.645458 0.425172
vt 0.536001 0.881490
vt 0.527342 0.877276
vt 0.536001 0.861423
vt 0.616962 0.070726
vt 0.624841 0.049576
vt 0.624671 0.069330
vt 0.610316 0.049576
vt 0.560672 0.933951
vt 0.553802 0.931353
vt 0.560672 0.910993
vt 0.832258 0.211057
vt 0.823629 0.211057
vt 0.828237 0.189293
vt 0.465390 0.525768
vt 0.450174 0.511471
vt 0.465390 0.503394
vt 0.612316 0.880024
vt 0.620187 0.861423
vt 0.620187 0.883404
vt 0.047449 0.738540
vt 0.037984 0.735706
vt 0.047449 0.715588
vt 0.380286 0.636663
vt 0.364328 0.625705
vt 0.380286 0.617932
vt 0.900223 0.171565
vt 0.900223 0.154328
vt 0.909748 0.168591
vt 0.190956 0.933952
vt 0.183980 0.931299
vt 0.190956 0.910993
vt 0.101160 0.614425
vt 0.101160 0.591849
vt 0.114878 0.600258
vt 0.343683 0.958995
vt 0.343683 0.972877
vt 0.334977 0.963834
vt 0.520539 0.370336
vt 0.528544 0.348866
vt 0.528544 0.369893
vt 0.514514 0.350209
vt 0.512706 0.367422
vt 0.790300 0.479125
vt 0.790300 0.456253
vt 0.798896 0.476691
vt 0.426675 0.072524
vt 0.410854 0.056275
vt 0.426675 0.049576
vt 0.930145 0.037862
vt 0.922826 0.042296
vt 0.922826 0.021533
vt 0.418546 0.832348
vt 0.409981 0.834206
vt 0.409981 0.811986
vt 0.224493 0.442860
vt 0.214877 0.422103
vt 0.232171 0.422103
vt 0.052608 0.881626
vt 0.052608 0.861423
vt 0.061329 0.881523
vt 0.840739 0.856799
vt 0.830903 0.856799
vt 0.835689 0.838459
vt 0.397937 0.167434
vt 0.381769 0.151176
vt 0.397937 0.144551
vt 0.706527 0.153298
vt 0.716298 0.132928
vt 0.716298 0.155329
vt 0.270427 0.884368
vt 0.262806 0.881312
vt 0.270427 0.861423
vt 0.564996 0.239441
vt 0.557240 0.220040
vt 0.572280 0.239455
vt 0.620092 0.345513
vt 0.628289 0.324342
vt 0.628289 0.346533
vt 0.614607 0.328254
vt 0.958679 0.521811
vt 0.952635 0.522610
vt 0.952635 0.500126
vt 0.843588 0.728312
vt 0.851706 0.708506
vt 0.851706 0.730568
vt 0.480665 0.022659
vt 0.465193 0.007668
vt 0.480665 -0.000000
vt 0.666914 0.859647
vt 0.658350 0.859647
vt 0.665734 0.838460
vt 0.808769 0.525821
vt 0.800283 0.523248
vt 0.808769 0.502889
vt 0.422714 0.286585
vt 0.406574 0.270247
vt 0.422714 0.263970
vt 0.942659 0.118284
vt 0.949663 0.102280
vt 0.949663 0.122926
vt 0.521120 0.738340
vt 0.511653 0.735661
vt 0.429063 0.348313
vt 0.429063 0.325531
vt 0.444811 0.332927
vt 0.952635 0.477387
vt 0.957559 0.463750
vt 0.962612 0.477387
vt 0.887305 0.730199
vt 0.877602 0.730199
vt 0.878169 0.712968
vt 0.710125 0.467626
vt 0.706527 0.446536
vt 0.716857 0.446536
vt 0.740666 0.636211
vt 0.750109 0.615443
vt 0.750109 0.637466
vt 0.648906 0.458319
vt 0.658476 0.437570
vt 0.657080 0.458352
vt 0.644690 0.437570
vt 0.875654 0.255534
vt 0.867669 0.255534
vt 0.875145 0.234217
vt 0.757424 0.926984
vt 0.761414 0.910993
vt 0.767198 0.926984
vt 0.028501 0.385425
vt 0.012257 0.369364
vt 0.028501 0.362460
vt 0.105595 0.738546
vt 0.096145 0.736085
vt 0.105595 0.715588
vt 0.804467 0.861329
vt 0.796574 0.858047
vt 0.804467 0.838459
vt 0.564633 0.613299
vt 0.550130 0.595555
vt 0.564633 0.591788
vt 0.746252 0.878921
vt 0.749338 0.861423
vt 0.756089 0.878921
vt 0.800283 0.590714
vt 0.809048 0.588783
vt 0.809048 0.610957
vt 0.588374 0.484439
vt 0.574371 0.468152
vt 0.588374 0.461478
vt 0.843588 0.018380
vt 0.851876 0.000000
vt 0.851876 0.021763
vt 0.567054 0.458874
vt 0.559339 0.457566
vt 0.559339 0.437570
vt 0.573844 0.437924
vt 0.574668 0.456805
vt 0.952635 0.477387
vt 0.958612 0.498377
vt 0.076509 0.425975
vt 0.066454 0.405455
vt 0.083397 0.405455
vt 0.071097 0.426872
vt 0.833611 0.105465
vt 0.840003 0.083499
vt 0.842094 0.105465
vt 0.245354 0.526091
vt 0.236176 0.506950
vt 0.253942 0.506950
vt 0.949384 0.283011
vt 0.942659 0.287344
vt 0.172876 0.528366
vt 0.166178 0.530267
vt 0.161228 0.508858
vt 0.177093 0.508858
vt 0.958538 0.731489
vt 0.958538 0.754275
vt 0.952635 0.734834
vt 0.959074 0.330850
vt 0.952635 0.330850
vt 0.958784 0.309447
vt 0.085047 0.380283
vt 0.101301 0.396503
vt 0.085047 0.402975
vt 0.929585 0.918966
vt 0.928524 0.940961
vt 0.922826 0.918966
vt 0.948792 0.678802
vt 0.942659 0.676077
vt 0.948792 0.655838
vt 0.194910 0.615256
vt 0.178521 0.601875
vt 0.194910 0.596301
vt 0.770408 0.740413
vt 0.770408 0.717993
vt 0.779481 0.738803
vt 0.547890 0.044545
vt 0.555075 0.022887
vt 0.555075 0.044764
vt 0.539870 0.026166
vt 0.799451 0.110206
vt 0.790301 0.110979
vt 0.790301 0.089383
vt 0.369856 0.925323
vt 0.378666 0.910993
vt 0.378666 0.929044
vt 0.473392 0.285313
vt 0.473392 0.263970
vt 0.489749 0.270746
vt 0.706455 0.282382
vt 0.696548 0.282382
vt 0.701009 0.260092
vt 0.948959 0.145826
vt 0.942659 0.142488
vt 0.948959 0.122926
vt 0.413930 0.645788
vt 0.397959 0.635002
vt 0.413930 0.627279
vt 0.216527 0.810170
vt 0.225460 0.789021
vt 0.225460 0.811465
vt 0.809770 0.783038
vt 0.800283 0.780341
vt 0.809770 0.762584
vt 0.615236 0.165695
vt 0.615236 0.144551
vt 0.629594 0.153969
vt 0.730688 0.444844
vt 0.730688 0.422923
vt 0.740372 0.442454
vt 0.636086 0.044347
vt 0.627918 0.044566
vt 0.641658 0.025256
vt 0.867669 0.175859
vt 0.867669 0.153367
vt 0.875244 0.172282
vt 0.887579 0.218127
vt 0.887579 0.195161
vt 0.894815 0.215323
vt 0.609037 0.020525
vt 0.600872 -0.000000
vt 0.614553 0.005325
vt 0.600872 0.022711
vt 0.740666 0.086253
vt 0.747394 0.064295
vt 0.750190 0.086253
vt 0.448135 0.675939
vt 0.463505 0.663052
vt 0.463505 0.679990
vt 0.930673 0.614198
vt 0.922826 0.619020
vt 0.922826 0.599935
vt 0.851747 0.624183
vt 0.843588 0.624183
vt 0.845526 0.602211
vt 0.658353 0.484346
vt 0.658353 0.461478
vt 0.670255 0.469369
vt 0.319015 0.860077
vt 0.319015 0.838460
vt 0.327493 0.856233
vt 0.207485 0.928242
vt 0.198202 0.924809
vt 0.207485 0.910993
vt 0.028650 0.438235
vt 0.028650 0.415860
vt 0.044747 0.421864
vt 0.706527 0.066386
vt 0.711666 0.044311
vt 0.716448 0.066386
vt 0.136727 0.038618
vt 0.123973 0.017305
vt 0.139178 0.000000
vt 0.162969 0.206428
vt 0.184180 0.181474
vt 0.184180 0.243292
vt 0.116850 0.070625
vt 0.161228 0.241228
vt 0.139178 0.072185
vt 0.132173 0.085567
vt 0.236176 0.358260
vt 0.236176 0.334521
vt 0.254004 0.350535
vt 0.121352 0.109805
vt 0.115233 0.085567
vt 0.139178 0.093870
vt 0.137856 0.145059
vt 0.273445 0.099249
vt 0.288448 0.120702
vt 0.273445 0.148869
vt 0.115233 0.140743
vt 0.288083 0.152511
vt 0.284305 0.169741
vt 0.118795 0.156731
vt 0.240602 0.194632
vt 0.236176 0.176419
vt 0.256304 0.183135
vt 0.256958 0.225724
vt 0.051047 0.264714
vt 0.057934 0.285403
vt 0.046286 0.305135
vt 0.239750 0.220670
vt 0.057934 0.311401
vt 0.050521 0.322428
vt 0.236176 0.233965
vt 0.161453 0.305802
vt 0.161228 0.290889
vt 0.175918 0.295965
vt 0.175510 0.327741
vt 0.681197 0.070018
vt 0.690486 0.077649
vt 0.681197 0.095584
vt 0.161228 0.327010
vt 0.353119 0.643148
vt 0.357583 0.627145
vt 0.364279 0.640532
vt 0.364279 0.651109
vt 0.164590 0.336706
vt 0.340825 0.303909
vt 0.336568 0.293610
vt 0.348425 0.294411
vt 0.351625 0.316760
vt 0.932756 0.900139
vt 0.938745 0.908967
vt 0.932756 0.924375
vt 0.342455 0.318959
vt 0.336568 0.319631
vt 0.701380 0.958995
vt 0.701380 0.967258
vt 0.694884 0.967115
vt 0.345498 0.325531
vt 0.355256 0.445042
vt 0.353551 0.434530
vt 0.364328 0.434701
vt 0.363719 0.456496
vt 0.079714 0.861423
vt 0.085114 0.868643
vt 0.078037 0.880478
vt 0.354417 0.457497
vt 0.084915 0.879859
vt 0.085114 0.886299
vt 0.353551 0.464473
vt 0.000981 0.032072
vt 0.000000 -0.000000
vt 0.028650 0.004992
vt 0.026447 0.066476
vt 0.139178 0.080720
vt 0.155812 0.107712
vt 0.139178 0.140654
vt 0.000000 0.069438
vt 0.160764 0.141658
vt 0.155808 0.161200
vt 0.001477 0.088215
vt 0.058213 0.178850
vt 0.061406 0.156512
vt 0.080942 0.160507
vt 0.080942 0.201967
vt 0.252542 -0.000000
vt 0.262834 0.021241
vt 0.244910 0.045703
vt 0.060082 0.209399
vt 0.262834 0.050290
vt 0.254926 0.066166
vt 0.065772 0.225561
vt 0.100242 0.162722
vt 0.091797 0.142211
vt 0.112530 0.145098
vt 0.112530 0.190457
vt 0.085047 0.181434
vt 0.095644 0.188593
vt 0.843588 0.795491
vt 0.851838 0.807480
vt 0.843588 0.817170
vt 0.094026 0.201225
vt 0.695379 0.034280
vt 0.681197 0.026377
vt 0.695379 0.017483
vt 0.426675 0.049576
vt 0.443084 0.052693
vt 0.426675 0.071480
vt 0.604967 0.347606
vt 0.619324 0.347606
vt 0.618681 0.369169
vt 0.336568 0.325531
vt 0.354776 0.332542
vt 0.346163 0.343592
vt 0.337140 0.347251
vt 0.539602 0.958995
vt 0.545357 0.965341
vt 0.539602 0.975431
vt 0.354776 0.348944
vt 0.952635 0.731489
vt 0.952635 0.719328
vt 0.963719 0.721395
vt -0.000000 0.365459
vt 0.011898 0.357138
vt 0.011898 0.377136
vt 0.681197 0.204292
vt 0.688363 0.214536
vt 0.681197 0.226822
vt 0.001357 0.380292
vt 0.688336 0.229091
vt 0.685769 0.236975
vt 0.006360 0.387085
vt 0.000127 0.499181
vt 0.000053 0.488181
vt 0.009525 0.492476
vt 0.009525 0.513133
vt 0.378052 0.958995
vt 0.383889 0.966995
vt 0.378052 0.978907
vt -0.000000 0.512512
vt 0.062626 0.969162
vt 0.070362 0.958995
vt 0.070012 0.969879
vt 0.070362 0.976059
vt 0.000608 0.519656
vt 0.058213 0.029416
vt 0.065267 0.000000
vt 0.084751 0.022466
vt 0.085047 0.064914
vt 0.184180 0.254617
vt 0.198267 0.272147
vt 0.184180 0.309812
vt 0.058213 0.065651
vt 0.028650 0.246025
vt 0.051683 0.214942
vt 0.050213 0.245486
vt 0.051683 0.264714
vt 0.063708 0.084968
vt 0.115682 0.178125
vt 0.115233 0.156731
vt 0.136729 0.159279
vt 0.138006 0.208872
vt 0.085047 0.264685
vt 0.099351 0.285050
vt 0.085047 0.311449
vt 0.115233 0.209334
vt 0.101606 0.314021
vt 0.691032 0.357313
vt 0.694527 0.374492
vt 0.681197 0.374492
vt 0.121073 0.225376
vt 0.224874 0.083413
vt 0.221719 0.060633
vt 0.240904 0.064035
vt 0.238819 0.099181
vt 0.314291 0.000000
vt 0.323064 0.022150
vt 0.310250 0.040375
vt 0.221719 0.104500
vt 0.323064 0.046986
vt 0.314069 0.058738
vt 0.655884 0.163307
vt 0.659653 0.144551
vt 0.670551 0.163307
vt 0.026441 0.348085
vt 0.015059 0.333423
vt 0.028501 0.333423
vt 0.182821 0.315716
vt 0.198267 0.309812
vt 0.198267 0.328464
vt 0.017858 0.362460
vt 0.185173 0.335738
vt 0.115189 0.432517
vt 0.103036 0.446038
vt 0.103036 0.428793
vt 0.105725 0.417238
vt 0.192944 0.344453
vt 0.209097 0.089466
vt 0.205883 0.077562
vt 0.218233 0.076001
vt 0.218233 0.101746
vt 0.200966 0.100723
vt 0.208156 0.104677
vt 0.706916 0.958995
vt 0.711462 0.963442
vt 0.706916 0.969941
vt 0.581871 0.970094
vt 0.583705 0.958995
vt 0.589736 0.970094
vt 0.358124 0.155152
vt 0.355255 0.145845
vt 0.365380 0.144551
vt 0.365380 0.168723
vt 0.353031 0.168269
vt 0.356777 0.168228
vt 0.460332 0.974218
vt 0.460332 0.958995
vt 0.464447 0.968499
vt 0.467527 0.972281
vt 0.357300 0.175558
vt 0.200470 0.099372
vt 0.177941 0.081501
vt 0.200470 0.070240
vt 0.161968 0.134070
vt 0.184180 0.106225
vt 0.184180 0.152057
vt 0.139178 0.161201
vt 0.158485 0.181120
vt 0.139178 0.214563
vt 0.167072 0.165223
vt 0.158438 0.216815
vt 0.156568 0.236454
vt 0.174967 0.181474
vt 0.115233 0.250773
vt 0.118751 0.225376
vt 0.136318 0.238736
vt 0.136318 0.275502
vt 0.058213 0.225561
vt 0.074603 0.243163
vt 0.058213 0.273792
vt 0.291813 0.298685
vt 0.307917 0.317594
vt 0.291813 0.324238
vt 0.074673 0.273319
vt 0.070315 0.289686
vt 0.294117 0.340095
vt 0.040088 0.179702
vt 0.035633 0.158648
vt 0.056026 0.161664
vt 0.056026 0.202191
vt 0.028650 0.195838
vt 0.038397 0.204033
vt 0.932756 0.430799
vt 0.939439 0.441476
vt 0.932756 0.452780
vt 0.039765 0.214942
vt 0.058213 0.306881
vt 0.058860 0.289686
vt 0.072659 0.298763
vt 0.072659 0.326636
vt 0.314150 0.381145
vt 0.318419 0.396823
vt 0.310538 0.410684
vt 0.058691 0.327543
vt 0.318419 0.415578
vt 0.313625 0.425340
vt 0.062744 0.337037
vt 0.147556 0.347057
vt 0.142963 0.335075
vt 0.154588 0.336794
vt 0.154588 0.361095
vt 0.139178 0.356183
vt 0.145062 0.361219
vt 0.701380 0.958995
vt 0.706916 0.965394
vt 0.701380 0.967995
vt 0.648019 0.965625
vt 0.653070 0.958995
vt 0.653070 0.971563
vt 0.605868 0.964918
vt 0.613539 0.958995
vt 0.613539 0.969203
vt 0.681197 0.435535
vt 0.685254 0.425271
vt 0.689261 0.446614
vt 0.811449 0.368890
vt 0.818038 0.378278
vt 0.811293 0.391037
vt 0.681261 0.447116
vt 0.817966 0.390781
vt 0.818038 0.397539
vt 0.681197 0.453346
vt 0.058213 0.114241
vt 0.063849 0.084968
vt 0.082370 0.103457
vt 0.082370 0.143133
vt 0.201591 0.000000
vt 0.219636 0.023845
vt 0.200966 0.057280
vt 0.061653 0.142069
vt 0.221719 0.057453
vt 0.221719 0.076000
vt 0.063034 0.156512
vt 0.085047 0.337949
vt 0.085047 0.314021
vt 0.107756 0.315183
vt 0.221719 0.018730
vt 0.244910 0.000000
vt 0.244910 0.036068
vt 0.303086 0.229395
vt 0.287895 0.213211
vt 0.304149 0.193348
vt 0.224243 0.044300
vt 0.287895 0.188681
vt 0.295990 0.176419
vt 0.228036 0.060633
vt 0.380929 0.624383
vt 0.380929 0.606312
vt 0.397851 0.616989
vt 0.133452 0.308674
vt 0.117860 0.318486
vt 0.115233 0.292439
vt 0.345645 0.227316
vt 0.333151 0.212298
vt 0.346052 0.194193
vt 0.132543 0.288679
vt 0.333151 0.188225
vt 0.338475 0.176419
vt 0.133452 0.275502
vt 0.339973 0.016546
vt 0.336704 -0.000000
vt 0.351105 0.000564
vt 0.351105 0.032977
vt 0.354884 0.365295
vt 0.363714 0.376632
vt 0.354776 0.394018
vt 0.496954 0.461478
vt 0.498180 0.484452
vt 0.488254 0.475279
vt 0.363714 0.395767
vt 0.357983 0.404478
vt 0.483079 0.484452
vt 0.354517 0.474858
vt 0.353551 0.464473
vt 0.364254 0.465024
vt 0.364254 0.487172
vt 0.007147 0.910993
vt 0.014427 0.919262
vt 0.007147 0.933204
vt 0.354526 0.488845
vt 0.014381 0.933145
vt 0.680520 0.961040
vt 0.687935 0.958995
vt 0.687935 0.966567
vt 0.357630 0.493932
vt 0.346470 0.156975
vt 0.342679 0.146513
vt 0.353031 0.144551
vt 0.353031 0.169898
vt 0.339478 0.167123
vt 0.344675 0.169737
vt 0.343306 0.176419
vt 0.034149 0.030120
vt 0.028650 0.001625
vt 0.057789 -0.000000
vt 0.058213 0.061167
vt 0.256958 0.176419
vt 0.269514 0.199792
vt 0.256958 0.235582
vt 0.032280 0.062905
vt 0.271397 0.235771
vt 0.268852 0.255180
vt 0.028650 0.078211
vt 0.177941 0.025847
vt 0.178429 0.000000
vt 0.200966 0.009130
vt 0.200966 0.050658
vt 0.306204 0.099249
vt 0.322351 0.119390
vt 0.306204 0.143362
vt 0.178789 0.056137
vt 0.319412 0.147125
vt 0.155249 0.656544
vt 0.155249 0.672940
vt 0.139178 0.672637
vt 0.185089 0.070240
vt 0.372720 0.454913
vt 0.364328 0.434530
vt 0.381848 0.434530
vt 0.318979 0.190756
vt 0.333151 0.176419
vt 0.333151 0.213659
vt 0.103036 0.337949
vt 0.111173 0.359847
vt 0.103036 0.383651
vt 0.321011 0.216259
vt 0.351105 0.020917
vt 0.364082 -0.000000
vt 0.363703 0.017488
vt 0.364082 0.029888
vt 0.326430 0.229145
vt 0.321923 0.309042
vt 0.320671 0.293610
vt 0.336568 0.297245
vt 0.335554 0.325793
vt 0.308162 0.470752
vt 0.318150 0.477053
vt 0.308162 0.501655
vt 0.320671 0.325983
vt 0.317073 0.496184
vt 0.321445 0.958995
vt 0.328492 0.968717
vt 0.321445 0.976218
vt 0.326122 0.335686
vt 0.102797 0.537668
vt 0.103878 0.524662
vt 0.114271 0.529079
vt 0.114271 0.548003
vt 0.681197 0.476271
vt 0.690184 0.486184
vt 0.681197 0.500177
vt 0.103972 0.550852
vt 0.688922 0.501173
vt 0.566856 0.958995
vt 0.573354 0.963591
vt 0.566856 0.967770
vt 0.571471 0.972828
vt 0.215834 0.747682
vt 0.215451 0.738555
vt 0.222408 0.739651
vt 0.222408 0.761550
vt 0.720923 0.575490
vt 0.724650 0.583557
vt 0.716857 0.596110
vt 0.214895 0.759829
vt 0.724135 0.596316
vt 0.724650 0.602878
vt 0.215711 0.766613
vt 0.098732 0.092433
vt 0.086610 0.072478
vt 0.112300 0.071385
vt 0.112300 0.138067
vt 0.267584 -0.000000
vt 0.279024 0.023581
vt 0.262834 0.046031
vt 0.092743 0.124847
vt 0.279024 0.054559
vt 0.276160 0.069923
vt 0.085047 0.142211
vt 0.286188 0.265599
vt 0.271397 0.246746
vt 0.291813 0.241047
vt 0.000000 0.242530
vt 0.019202 0.222912
vt 0.019202 0.249960
vt 0.275089 0.285907
vt 0.007846 0.267895
vt 0.291813 0.288088
vt 0.681197 0.293282
vt 0.689987 0.307269
vt 0.681197 0.319640
vt 0.015400 0.280365
vt 0.320671 0.261825
vt 0.321681 0.241047
vt 0.334819 0.246199
vt 0.334819 0.284463
vt 0.019467 0.280365
vt 0.028501 0.299459
vt 0.015941 0.319387
vt 0.320967 0.284201
vt 0.028501 0.322621
vt 0.023969 0.333423
vt 0.324886 0.293610
vt 0.224765 0.228299
vt 0.222856 0.212770
vt 0.235868 0.217036
vt 0.234536 0.240729
vt 0.309034 0.341733
vt 0.318372 0.354475
vt 0.309034 0.371200
vt 0.222856 0.244117
vt 0.318419 0.371762
vt 0.314837 0.381145
vt 0.409685 0.971285
vt 0.412783 0.958995
vt 0.418966 0.971285
vt 0.516875 0.963580
vt 0.526079 0.958995
vt 0.526079 0.969599
vt 0.651748 0.055644
vt 0.657703 0.049576
vt 0.663939 0.064671
vt 0.912850 0.557550
vt 0.917544 0.568534
vt 0.912850 0.582491
vt 0.656930 0.067141
vt 0.919017 0.581729
vt 0.651748 0.070458
vt 0.661845 0.072332
vt 0.001978 0.557595
vt 0.000000 0.548094
vt 0.009792 0.548810
vt 0.009063 0.569510
vt 0.632196 0.976997
vt 0.628386 0.968848
vt 0.632196 0.958995
vt 0.000328 0.569098
vt 0.501887 0.971410
vt 0.505851 0.958995
vt 0.507643 0.970810
vt 0.507643 0.977089
vt 0.000000 0.574962
vt 0.032979 0.107688
vt 0.028650 0.085739
vt 0.051924 0.078211
vt 0.051924 0.139435
vt 0.097206 0.264685
vt 0.085047 0.242772
vt 0.103619 0.221144
vt 0.028693 0.141033
vt 0.085047 0.216772
vt 0.092622 0.201225
vt 0.030948 0.158648
vt 0.291191 0.355896
vt 0.271397 0.344581
vt 0.291191 0.331906
vt 0.181821 0.280202
vt 0.161228 0.290889
vt 0.161228 0.263938
vt 0.286373 0.241047
vt 0.271397 0.220867
vt 0.287895 0.197680
vt 0.181383 0.255547
vt 0.271397 0.192208
vt 0.272153 0.176419
vt 0.173361 0.243292
vt 0.279024 0.021811
vt 0.281896 -0.000000
vt 0.295720 0.009635
vt 0.295720 0.042963
vt 0.330045 -0.000000
vt 0.336704 0.015251
vt 0.323064 0.036737
vt 0.280875 0.044485
vt 0.336212 0.036524
vt 0.336704 0.049576
vt 0.286243 0.055904
vt 0.000213 0.342463
vt 0.000000 0.327295
vt 0.014269 0.330799
vt 0.012441 0.353303
vt 0.348180 0.099249
vt 0.354995 0.114000
vt 0.348180 0.132422
vt 0.000000 0.357138
vt 0.357826 0.132136
vt 0.355855 0.141516
vt 0.573354 0.969411
vt 0.580591 0.958995
vt 0.581871 0.969411
vt 0.507643 0.970168
vt 0.507643 0.958995
vt 0.516875 0.962327
vt 0.248241 0.871776
vt 0.254954 0.861423
vt 0.254954 0.887473
vt 0.750977 0.576845
vt 0.757491 0.587186
vt 0.750454 0.598124
vt 0.460332 0.958995
vt 0.460332 0.975548
vt 0.453703 0.971470
vt 0.757491 0.600661
vt 0.753136 0.606214
vt 0.717479 0.968389
vt 0.718685 0.958995
vt 0.722456 0.968389
vt 0.652801 0.633297
vt 0.656213 0.640417
vt 0.646578 0.640417
vt 0.643548 0.623339
vt 0.656222 0.621276
vt 0.651299 0.623132
vt 0.650593 0.617682
vt 0.287389 0.094482
vt 0.262834 0.084616
vt 0.287389 0.069923
vt -0.000000 0.102151
vt 0.023602 0.088215
vt 0.026034 0.129887
vt 0.236176 0.106225
vt 0.255321 0.130979
vt 0.236176 0.156620
vt 0.001237 0.135821
vt 0.254358 0.161172
vt 0.247107 0.176419
vt -0.000000 0.154519
vt 0.179980 0.429641
vt 0.179980 0.409591
vt 0.198008 0.412941
vt 0.255150 0.268230
vt 0.271397 0.255180
vt 0.271397 0.305962
vt 0.073000 0.289686
vt 0.084329 0.309763
vt 0.072659 0.333211
vt 0.257351 0.296739
vt 0.084329 0.338714
vt 0.818828 0.679698
vt 0.823629 0.695310
vt 0.811293 0.695310
vt 0.643548 0.659201
vt 0.647369 0.640417
vt 0.658654 0.659201
vt 0.304149 0.194598
vt 0.308872 0.176419
vt 0.318979 0.183227
vt 0.318979 0.218243
vt 0.208307 0.246206
vt 0.214877 0.265226
vt 0.198412 0.287071
vt 0.305388 0.218366
vt 0.211552 0.288604
vt 0.214877 0.300152
vt 0.307433 0.229910
vt 0.336510 0.116064
vt 0.336345 0.099249
vt 0.347881 0.105834
vt 0.348180 0.131696
vt 0.345613 0.241047
vt 0.346846 0.257832
vt 0.334819 0.275445
vt 0.336345 0.133962
vt 0.345047 0.276050
vt 0.346846 0.284362
vt 0.341378 0.142308
vt 0.605868 0.965994
vt 0.598244 0.970114
vt 0.598244 0.958995
vt 0.108129 0.452594
vt 0.115189 0.446038
vt 0.115189 0.469769
vt 0.811293 0.342347
vt 0.818573 0.348882
vt 0.811293 0.361694
vt 0.106359 0.466541
vt 0.818265 0.362546
vt 0.815033 0.368890
vt 0.101820 0.471941
vt 0.681644 0.511838
vt 0.681589 0.501173
vt 0.689759 0.506839
vt 0.689759 0.522541
vt 0.487949 0.861423
vt 0.491400 0.871521
vt 0.485214 0.880985
vt 0.681197 0.522176
vt 0.491400 0.883100
vt 0.490524 0.889545
vt 0.682016 0.527286
vt 0.268151 0.135008
vt 0.255321 0.116983
vt 0.273445 0.106225
vt 0.307201 0.259448
vt 0.320671 0.241047
vt 0.320671 0.294696
vt 0.257419 0.156504
vt 0.306422 0.288605
vt 0.273445 0.157641
vt 0.269437 0.169741
vt 0.352342 0.554748
vt 0.363216 0.536987
vt 0.363216 0.564470
vt 0.236176 0.310388
vt 0.236176 0.289332
vt 0.251370 0.300558
vt 0.246193 0.334521
vt 0.296118 -0.000000
vt 0.310250 0.016487
vt 0.295720 0.038502
vt 0.290558 0.172804
vt 0.288448 0.147607
vt 0.303844 0.158522
vt 0.310250 0.042595
vt 0.306896 0.056359
vt 0.310691 0.147607
vt 0.052814 0.338736
vt 0.045200 0.322428
vt 0.057934 0.328088
vt 0.115233 0.321943
vt 0.131371 0.318486
vt 0.129987 0.337130
vt 0.045200 0.357187
vt 0.115233 0.339496
vt 0.056753 0.357971
vt 0.266592 0.958995
vt 0.274203 0.967994
vt 0.266592 0.975426
vt 0.118382 0.349671
vt 0.002197 0.401514
vt -0.000000 0.387085
vt 0.011492 0.390983
vt 0.011231 0.415857
vt 0.697168 0.000000
vt 0.703124 0.010311
vt 0.696548 0.025226
vt 0.000637 0.415857
vt 0.703124 0.026109
vt 0.698291 0.033729
vt 0.532099 0.966887
vt 0.539602 0.958995
vt 0.539602 0.971779
vt 0.035483 0.750617
vt 0.033987 0.740745
vt 0.041862 0.738555
vt 0.041862 0.763531
vt 0.942659 0.701607
vt 0.949225 0.706190
vt 0.942659 0.717394
vt 0.033397 0.761393
vt 0.949127 0.718271
vt 0.944707 0.723012
vt 0.658946 0.967690
vt 0.659684 0.958995
vt 0.665705 0.967690
vt 0.660930 0.328987
vt 0.656332 0.321507
vt 0.664618 0.321906
vt 0.667777 0.338343
vt 0.656332 0.339187
vt 0.661553 0.339658
vt 0.661763 0.345463
vt 0.222425 0.141859
vt 0.205240 0.122548
vt 0.222856 0.106225
vt 0.139178 0.034834
vt 0.141835 0.000000
vt 0.161968 0.069190
vt 0.207097 0.172047
vt 0.142162 0.065524
vt 0.222856 0.173341
vt 0.218696 0.189692
vt 0.139178 0.080720
vt 0.214877 0.264673
vt 0.215967 0.246206
vt 0.230686 0.249123
vt 0.230686 0.280296
vt 0.306228 0.059877
vt 0.317217 0.073048
vt 0.306228 0.099249
vt 0.218170 0.289018
vt 0.320971 0.096019
vt 0.900223 0.011376
vt 0.887579 0.013188
vt 0.887579 0.000000
vt 0.226495 0.300758
vt 0.290630 0.117413
vt 0.288448 0.099249
vt 0.306204 0.100399
vt 0.306204 0.136038
vt 0.354776 0.325531
vt 0.362031 0.342060
vt 0.354776 0.365295
vt 0.292381 0.139034
vt 0.364328 0.362897
vt 0.479050 0.958995
vt 0.479524 0.971215
vt 0.470825 0.971215
vt 0.298727 0.147607
vt 0.105168 0.512361
vt 0.102797 0.498358
vt 0.115139 0.498358
vt 0.114483 0.524662
vt 0.355139 0.493932
vt 0.364254 0.503166
vt 0.355139 0.515297
vt 0.340239 0.600055
vt 0.336568 0.580520
vt 0.346525 0.587562
vt 0.362811 0.519634
vt 0.356367 0.526457
vt 0.352811 0.580520
vt 0.824788 0.177564
vt 0.823786 0.168117
vt 0.831440 0.166741
vt 0.831958 0.189293
vt 0.675736 0.910993
vt 0.682523 0.918380
vt 0.675736 0.928160
vt 0.823629 0.189293
vt 0.682196 0.930199
vt 0.678476 0.934108
vt 0.760030 0.965216
vt 0.764902 0.958995
vt 0.765726 0.965216
vt 0.112690 0.968339
vt 0.113905 0.958995
vt 0.119628 0.963512
vt 0.119628 0.977880
vt 0.942659 0.305551
vt 0.948752 0.312517
vt 0.942659 0.321963
vt 0.491910 0.969442
vt 0.491910 0.958995
vt 0.498551 0.963342
vt 0.948496 0.323178
vt 0.948604 0.328931
vt 0.501887 0.959915
vt 0.201210 0.217936
vt 0.198412 0.189692
vt 0.222856 0.196517
vt 0.220566 0.243755
vt 0.191045 0.181785
vt 0.196499 0.210048
vt 0.184180 0.228008
vt 0.198412 0.246206
vt 0.196499 0.239354
vt 0.189179 0.254617
vt 0.000000 0.539388
vt 0.010447 0.519656
vt 0.010447 0.548094
vt 0.335321 0.362344
vt 0.320671 0.348074
vt 0.335321 0.335686
vt 0.236176 0.252958
vt 0.255065 0.233965
vt 0.255065 0.275164
vt 0.323064 0.049576
vt 0.336384 0.063098
vt 0.323064 0.081545
vt 0.237794 0.278184
vt 0.337083 0.083676
vt 0.335225 0.097616
vt 0.245301 0.289332
vt 0.028650 0.329354
vt 0.031412 0.310817
vt 0.042792 0.322735
vt 0.042792 0.347457
vt 0.309034 0.294696
vt 0.320671 0.310794
vt 0.309034 0.327382
vt 0.348405 0.049576
vt 0.362047 0.063181
vt 0.348405 0.067604
vt 0.319986 0.332321
vt 0.312763 0.341733
vt 0.349733 0.079399
vt 0.900222 0.541294
vt 0.912850 0.536081
vt 0.912850 0.548984
vt -0.000000 0.425300
vt 0.010244 0.415857
vt 0.010244 0.438938
vt 0.358518 0.405586
vt 0.364328 0.412716
vt 0.354618 0.425488
vt 0.001133 0.441964
vt 0.364008 0.425383
vt 0.364328 0.434530
vt 0.006479 0.447881
vt 0.617023 0.969090
vt 0.617023 0.958995
vt 0.624124 0.960995
vt 0.441687 0.967141
vt 0.447362 0.958995
vt 0.447362 0.978434
vt 0.431011 0.958995
vt 0.435423 0.968724
vt 0.431011 0.976659
vt 0.232472 0.958995
vt 0.232472 0.973270
vt 0.227930 0.967255
vt 0.435242 0.980222
vt 0.432207 0.984285
vt 0.223626 0.971981
vt 0.036725 0.820833
vt 0.037305 0.811986
vt 0.043880 0.816099
vt 0.044320 0.831423
vt 0.927455 0.081013
vt 0.928986 0.089602
vt 0.922826 0.098750
vt 0.037161 0.831454
vt 0.928852 0.099882
vt 0.928986 0.105658
vt 0.036725 0.837275
vt 0.139178 0.255298
vt 0.143663 0.236454
vt 0.159177 0.250019
vt 0.159177 0.270458
vt -0.000000 0.447881
vt 0.007832 0.462326
vt -0.000000 0.488181
vt 0.142625 0.274514
vt 0.214877 0.322343
vt 0.231236 0.300758
vt 0.229117 0.323376
vt 0.231236 0.336025
vt 0.145979 0.286622
vt 0.782675 0.810588
vt 0.773506 0.799795
vt 0.782675 0.789021
vt 0.255150 0.321762
vt 0.269505 0.305962
vt 0.269505 0.327482
vt 0.342003 0.091284
vt 0.337083 0.078161
vt 0.348405 0.063876
vt 0.259308 0.338551
vt 0.337083 0.060677
vt 0.337797 0.049576
vt 0.266264 0.345749
vt 0.353119 0.589639
vt 0.354213 0.576053
vt 0.364328 0.581992
vt 0.364328 0.597719
vt 0.310315 0.501655
vt 0.316617 0.513641
vt 0.310315 0.528885
vt 0.354724 0.602271
vt 0.318150 0.529280
vt 0.315715 0.536962
vt 0.673311 0.966878
vt 0.680163 0.958995
vt 0.680520 0.966878
vt 0.747071 0.966718
vt 0.747071 0.958995
vt 0.752391 0.964499
vt 0.553401 0.963295
vt 0.559313 0.958995
vt 0.559313 0.974530
vt 0.022335 0.958995
vt 0.028287 0.966396
vt 0.022335 0.975127
vt 0.648019 0.958995
vt 0.648019 0.971485
vt 0.642929 0.968723
vt 0.027772 0.977103
vt 0.024156 0.981241
vt 0.788286 0.966246
vt 0.789714 0.958995
vt 0.792016 0.966246
vt 0.760030 0.966008
vt 0.754776 0.966008
vt 0.756518 0.958995
vt 0.624124 0.966588
vt 0.628386 0.958995
vt 0.628386 0.975208
vt 0.944189 0.060669
vt 0.942659 0.053883
vt 0.951000 0.048680
vt 0.942659 0.043298
vt 0.947070 0.047093
vt 0.837004 0.958995
vt 0.839444 0.963458
vt 0.837004 0.965842
vt 0.948964 0.043864
vt 0.301630 0.077857
vt 0.288448 0.063596
vt 0.306228 0.057108
vt 0.260351 0.096502
vt 0.244728 0.105247
vt 0.244728 0.078429
vt 0.292919 0.098389
vt 0.262834 0.076856
vt 0.306228 0.099249
vt 0.952635 -0.000000
vt 0.959597 0.008411
vt 0.952635 0.020032
vt 0.256789 0.066166
vt 0.001548 0.298024
vt 0.000000 0.280365
vt 0.015941 0.284985
vt 0.014340 0.318072
vt 0.022583 0.222912
vt 0.028484 0.239273
vt 0.019202 0.254021
vt 0.000000 0.317656
vt 0.028484 0.258096
vt 0.026901 0.268886
vt 0.002942 0.327295
vt 0.102797 0.484559
vt 0.106643 0.471941
vt 0.115189 0.479178
vt 0.115189 0.497598
vt 0.750454 0.221905
vt 0.757215 0.233412
vt 0.750454 0.249070
vt 0.105346 0.498358
vt 0.758080 0.247764
vt 0.482715 0.970358
vt 0.484453 0.963770
vt 0.491910 0.968479
vt 0.491910 0.958995
vt 0.359323 0.611097
vt 0.355832 0.602271
vt 0.364160 0.602921
vt 0.422036 0.965808
vt 0.427700 0.958995
vt 0.427700 0.979017
vt 0.353119 0.619715
vt 0.364160 0.623670
vt 0.358182 0.622503
vt 0.354249 0.627144
vt 0.959031 0.619501
vt 0.958711 0.627356
vt 0.952985 0.625738
vt 0.952635 0.612561
vt 0.545586 0.977052
vt 0.545357 0.970443
vt 0.550581 0.964268
vt 0.958791 0.610799
vt 0.545556 0.962919
vt 0.545357 0.958995
vt 0.959031 0.606128
vt 0.141466 0.305271
vt 0.139178 0.286622
vt 0.154023 0.291582
vt 0.153986 0.335075
vt 0.322351 0.099249
vt 0.335381 0.112827
vt 0.322351 0.135823
vt 0.139178 0.325312
vt 0.336345 0.137488
vt 0.331507 0.150408
vt 0.536001 0.877176
vt 0.543671 0.861423
vt 0.543671 0.884067
vt 0.275861 0.304307
vt 0.272942 0.288915
vt 0.287793 0.288088
vt 0.287793 0.328025
vt 0.346052 0.176419
vt 0.356940 0.189252
vt 0.346052 0.206589
vt 0.273852 0.323983
vt 0.356713 0.209814
vt 0.351656 0.219546
vt 0.271397 0.331907
vt 0.103581 0.396131
vt 0.103036 0.383651
vt 0.113463 0.383853
vt 0.113463 0.407674
vt 0.317265 0.425340
vt 0.318419 0.438748
vt 0.309585 0.451367
vt 0.103207 0.410527
vt 0.317779 0.453394
vt 0.318419 0.461247
vt 0.107076 0.417238
vt 0.687935 0.966754
vt 0.693926 0.958995
vt 0.694884 0.966754
vt 0.526079 0.963302
vt 0.532099 0.958995
vt 0.532099 0.974962
vt 0.653070 0.958995
vt 0.656782 0.968556
vt 0.653070 0.975662
vt 0.566856 0.958995
vt 0.566856 0.971067
vt 0.561915 0.968763
vt 0.559313 0.964533
vt 0.783094 0.958995
vt 0.788286 0.958995
vt 0.787790 0.964451
vt 0.734928 0.966391
vt 0.737446 0.958995
vt 0.740674 0.966391
vt 0.915074 0.100232
vt 0.912850 0.091942
vt 0.920385 0.093261
vt 0.920086 0.107653
vt 0.598035 0.975164
vt 0.592953 0.969989
vt 0.598244 0.963603
vt 0.913384 0.108116
vt 0.593191 0.962934
vt 0.592953 0.958995
vt 0.912850 0.112508
vt 0.318979 0.176419
vt 0.332698 0.152397
vt 0.339478 0.176419
vt 0.002461 0.169554
vt 0.023205 0.154519
vt 0.023205 0.202948
vt 0.184180 0.106225
vt 0.203226 0.125452
vt 0.184180 0.161779
vt -0.000000 0.203791
vt 0.205240 0.163001
vt 0.204105 0.181785
vt 0.002808 0.222912
vt 0.092206 0.027017
vt 0.085047 0.000000
vt 0.107000 0.009067
vt 0.116850 0.049966
vt 0.074673 0.225561
vt 0.082615 0.244674
vt 0.074673 0.278774
vt 0.101072 0.056861
vt 0.085047 0.055411
vt 0.105117 0.071385
vt 0.028650 0.284640
vt 0.033266 0.264714
vt 0.046287 0.278766
vt 0.046287 0.310817
vt 0.296549 0.241047
vt 0.304767 0.259957
vt 0.291813 0.286707
vt 0.029470 0.306039
vt 0.306422 0.287249
vt 0.306422 0.298685
vt 0.843588 0.285441
vt 0.849019 0.271324
vt 0.856337 0.285441
vt 0.867669 0.650513
vt 0.856337 0.640947
vt 0.198412 0.314776
vt 0.211842 0.300152
vt 0.211842 0.331830
vt 0.347404 0.241047
vt 0.357884 0.252359
vt 0.346846 0.268809
vt 0.199590 0.334910
vt 0.357884 0.272917
vt 0.354236 0.283412
vt 0.204473 0.345215
vt 0.351863 0.304768
vt 0.351626 0.292463
vt 0.363216 0.296489
vt 0.362594 0.317522
vt 0.683939 0.374492
vt 0.688059 0.387593
vt 0.681197 0.398524
vt 0.351626 0.319363
vt 0.688059 0.402372
vt 0.682288 0.407660
vt 0.352235 0.325531
vt 0.309984 0.548948
vt 0.309814 0.536962
vt 0.318150 0.541646
vt 0.318150 0.563312
vt 0.232589 0.811986
vt 0.235605 0.821222
vt 0.228383 0.832988
vt 0.309480 0.561644
vt 0.235518 0.832621
vt 0.235605 0.838459
vt 0.309820 0.568622
s 1
usemtl baker
f 2/1/1 3/2/2 5/3/3
f 6/4/4 5/5/3 3/6/2
f 5/3/3 6/7/4 7/8/5
f 8/9/6 7/8/5 6/7/4
f 7/10/5 8/11/6 9/12/7
f 10/13/8 9/14/7 8/15/6
f 9/16/7 10/17/8 11/18/9
f 12/19/10 11/18/9 10/17/8
f 11/18/9 12/19/10 13/20/11
f 14/21/12 13/20/11 12/19/10
f 13/22/11 14/23/12 1/24/1
f 4/25/13 1/24/1 14/23/12
f 16/26/14 2/1/1 17/27/15
f 5/3/3 17/27/15 2/1/1
f 17/27/15 5/3/3 18/28/16
f 7/8/5 18/28/16 5/3/3
f 18/29/16 7/10/5 19/30/17
f 9/12/7 19/30/17 7/10/5
f 19/31/17 9/16/7 20/32/18
f 11/18/9 20/32/18 9/16/7
f 20/32/18 11/18/9 21/33/19
f 13/20/11 21/33/19 11/18/9
f 21/34/19 13/35/11 15/36/14
f 1/37/1 15/36/14 13/35/11
f 22/38/20 16/26/14 24/39/21
f 17/27/15 24/39/21 16/26/14
f 24/39/21 17/27/15 25/40/22
f 18/28/16 25/40/22 17/27/15
f 25/41/22 18/29/16 26/42/23
f 19/30/17 26/42/23 18/29/16
f 26/43/23 19/31/17 27/44/24
f 20/32/18 27/44/24 19/31/17
f 27/44/24 20/32/18 28/45/25
f 21/33/19 28/45/25 20/32/18
f 28/46/25 21/34/19 23/47/26
f 15/36/14 23/47/26 21/34/19
f 29/48/27 22/38/20 31/49/28
f 24/39/21 31/49/28 22/38/20
f 31/49/28 24/39/21 32/50/29
f 25/40/22 32/50/29 24/39/21
f 32/51/29 25/41/22 33/52/30
f 26/42/23 33/52/30 25/41/22
f 33/53/30 26/43/23 34/54/31
f 27/44/24 34/54/31 26/43/23
f 34/54/31 27/44/24 35/55/32
f 28/45/25 35/55/32 27/44/24
f 35/56/32 28/46/25 30/57/33
f 23/47/26 30/57/33 28/46/25
f 36/58/34 29/48/27 38/59/35
f 31/49/28 38/59/35 29/48/27
f 38/59/35 31/49/28 39/60/36
f 32/50/29 39/60/36 31/49/28
f 39/61/36 32/51/29 40/62/37
f 33/52/30 40/62/37 32/51/29
f 40/63/37 33/53/30 41/64/38
f 34/54/31 41/64/38 33/53/30
f 41/64/38 34/54/31 42/65/39
f 35/55/32 42/65/39 34/54/31
f 42/66/39 35/56/32 37/67/34
f 30/57/33 37/67/34 35/56/32
f 44/68/40 36/58/34 45/69/41
f 38/59/35 45/69/41 36/58/34
f 45/69/41 38/59/35 46/70/42
f 39/60/36 46/70/42 38/59/35
f 46/71/42 39/61/36 47/72/43
f 40/62/37 47/72/43 39/61/36
f 47/73/43 40/63/37 48/74/44
f 41/64/38 48/74/44 40/63/37
f 48/74/44 41/64/38 49/75/45
f 42/65/39 49/75/45 41/64/38
f 49/76/45 42/66/39 43/77/46
f 37/67/34 43/77/46 42/66/39
f 51/78/47 44/68/40 52/79/48
f 45/69/41 52/79/48 44/68/40
f 52/79/48 45/69/41 53/80/49
f 46/70/42 53/80/49 45/69/41
f 53/81/49 46/71/42 54/82/50
f 47/72/43 54/82/50 46/71/42
f 54/83/50 47/73/43 55/84/51
f 48/74/44 55/84/51 47/73/43
f 55/84/51 48/74/44 56/85/52
f 49/75/45 56/85/52 48/74/44
f 56/86/52 49/76/45 50/87/47
f 43/77/46 50/87/47 49/76/45
f 58/88/53 51/78/47 59/89/54
f 52/79/48 59/89/54 51/78/47
f 59/89/54 52/79/48 60/90/55
f 53/80/49 60/90/55 52/79/48
f 60/91/55 53/92/49 61/93/56
f 54/94/50 61/95/56 53/96/49
f 55/84/51 61/97/56 54/83/50
f 61/97/56 55/84/51 62/98/57
f 56/85/52 62/98/57 55/84/51
f 62/99/57 56/86/52 57/100/58
f 50/87/47 57/100/58 56/86/52
f 64/101/59 58/88/53 65/102/60
f 59/89/54 65/102/60 58/88/53
f 65/102/60 59/89/54 66/103/61
f 60/90/55 66/103/61 59/89/54
f 66/104/61 60/91/55 67/105/62
f 61/93/56 67/105/62 60/91/55
f 67/106/62 61/97/56 68/107/63
f 62/98/57 68/107/63 61/97/56
f 68/108/63 62/99/57 63/109/64
f 57/100/58 63/109/64 62/99/57
f 70/110/65 64/101/59 71/111/66
f 65/102/60 71/111/66 64/101/59
f 71/112/66 65/113/60 72/114/67
f 66/115/61 72/116/67 65/117/60
f 67/105/62 72/118/67 66/104/61
f 72/119/67 67/106/62 73/120/68
f 68/107/63 73/120/68 67/106/62
f 73/121/68 68/108/63 69/122/69
f 63/109/64 69/122/69 68/108/63
f 74/123/70 70/110/65 76/124/71
f 71/111/66 76/124/71 70/110/65
f 76/125/71 71/112/66 77/126/72
f 72/114/67 77/126/72 71/112/66
f 77/127/72 72/119/67 78/128/73
f 73/120/68 78/128/73 72/119/67
f 78/129/73 73/121/68 75/130/74
f 69/122/69 75/130/74 73/121/68
f 79/131/75 74/123/70 81/132/76
f 76/124/71 81/132/76 74/123/70
f 81/133/76 76/125/71 82/134/77
f 77/126/72 82/134/77 76/125/71
f 82/135/77 77/127/72 83/136/78
f 78/128/73 83/136/78 77/127/72
f 83/137/78 78/129/73 80/138/79
f 75/130/74 80/138/79 78/129/73
f 85/139/80 79/131/75 86/140/81
f 81/132/76 86/140/81 79/131/75
f 86/141/81 81/133/76 87/142/82
f 82/134/77 87/142/82 81/133/76
f 87/143/82 82/135/77 88/144/83
f 83/136/78 88/144/83 82/135/77
f 88/145/83 83/137/78 84/146/84
f 80/138/79 84/146/84 83/137/78
f 89/147/85 91/148/86 93/149/87
f 94/150/88 93/149/87 91/148/86
f 93/151/87 94/152/88 95/153/89
f 96/154/90 95/153/89 94/152/88
f 95/155/89 96/156/90 90/157/85
f 92/158/91 90/157/85 96/156/90
f 97/159/92 89/147/85 99/160/93
f 93/149/87 99/160/93 89/147/85
f 99/161/93 93/151/87 100/162/94
f 95/153/89 100/162/94 93/151/87
f 100/163/94 95/164/89 98/165/92
f 90/157/85 98/166/92 95/155/89
f 102/167/95 97/159/92 103/168/96
f 99/160/93 103/168/96 97/159/92
f 103/169/96 99/161/93 104/170/97
f 100/162/94 104/170/97 99/161/93
f 104/171/97 100/163/94 101/172/98
f 98/165/92 101/172/98 100/163/94
f 106/173/99 102/167/95 107/174/100
f 103/168/96 107/174/100 102/167/95
f 107/175/100 103/169/96 108/176/101
f 104/170/97 108/176/101 103/169/96
f 108/177/101 104/178/97 105/179/102
f 101/180/98 105/179/102 104/178/97
f 110/181/103 106/173/99 111/182/104
f 107/174/100 111/182/104 106/173/99
f 111/183/104 107/175/100 112/184/105
f 108/176/101 112/184/105 107/175/100
f 112/185/105 108/177/101 109/186/106
f 105/179/102 109/186/106 108/177/101
f 114/187/107 110/188/103 115/189/108
f 111/182/104 115/190/108 110/181/103
f 115/191/108 111/183/104 116/192/109
f 112/184/105 116/192/109 111/183/104
f 116/193/109 112/185/105 113/194/110
f 109/186/106 113/194/110 112/185/105
f 117/195/111 114/196/107 119/197/112
f 115/198/108 119/197/112 114/196/107
f 119/199/112 115/191/108 120/200/113
f 116/192/109 120/200/113 115/191/108
f 120/201/113 116/193/109 118/202/111
f 113/194/110 118/202/111 116/193/109
f 122/203/114 124/204/115 125/205/116
f 126/206/117 125/205/116 124/204/115
f 125/207/116 126/208/117 127/209/118
f 128/210/119 127/209/118 126/208/117
f 127/211/118 128/212/119 121/213/120
f 123/214/115 121/213/120 128/212/119
f 130/215/121 122/216/114 131/217/122
f 125/205/116 131/218/122 122/203/114
f 131/219/122 125/207/116 132/220/123
f 127/209/118 132/220/123 125/207/116
f 132/221/123 127/211/118 129/222/121
f 121/213/120 129/222/121 127/211/118
f 134/223/124 130/215/121 135/224/125
f 131/217/122 135/224/125 130/215/121
f 135/225/125 131/219/122 136/226/126
f 132/220/123 136/226/126 131/219/122
f 136/227/126 132/221/123 133/228/127
f 129/222/121 133/228/127 132/221/123
f 138/229/128 134/230/124 139/231/129
f 135/232/125 139/231/129 134/230/124
f 139/233/129 135/225/125 140/234/130
f 136/226/126 140/234/130 135/225/125
f 140/235/130 136/227/126 137/236/131
f 133/228/127 137/236/131 136/227/126
f 142/237/132 138/229/128 143/238/133
f 139/231/129 143/238/133 138/229/128
f 143/239/133 139/233/129 144/240/134
f 140/234/130 144/240/134 139/233/129
f 144/241/134 140/235/130 141/242/135
f 137/236/131 141/242/135 140/235/130
f 146/243/136 142/244/132 147/245/137
f 143/238/133 147/246/137 142/237/132
f 147/247/137 143/239/133 148/248/138
f 144/240/134 148/248/138 143/239/133
f 148/249/138 144/250/134 145/251/139
f 141/242/135 145/252/139 144/241/134
f 150/253/140 146/243/136 151/254/141
f 147/245/137 151/254/141 146/243/136
f 151/255/141 147/247/137 152/256/142
f 148/248/138 152/256/142 147/247/137
f 152/257/142 148/258/138 149/259/143
f 145/260/139 149/259/143 148/258/138
f 153/261/144 155/262/145 157/263/146
f 158/264/147 157/263/146 155/262/145
f 157/265/146 158/266/147 159/267/148
f 160/268/149 159/267/148 158/266/147
f 159/269/148 160/270/149 154/271/150
f 156/272/145 154/271/150 160/270/149
f 161/273/151 153/274/144 163/275/152
f 157/276/146 163/275/152 153/274/144
f 163/277/152 157/265/146 164/278/153
f 159/267/148 164/278/153 157/265/146
f 164/279/153 159/280/148 162/281/154
f 154/282/150 162/281/154 159/280/148
f 165/283/155 161/273/151 167/284/156
f 163/275/152 167/284/156 161/273/151
f 167/285/156 163/277/152 168/286/157
f 164/278/153 168/286/157 163/277/152
f 168/287/157 164/279/153 166/288/158
f 162/281/154 166/288/158 164/279/153
f 169/289/159 165/290/155 171/291/160
f 167/292/156 171/291/160 165/290/155
f 171/293/160 167/285/156 172/294/161
f 168/286/157 172/294/161 167/285/156
f 172/295/161 168/287/157 170/296/162
f 166/288/158 170/296/162 168/287/157
f 173/297/163 169/298/159 175/299/164
f 171/291/160 175/300/164 169/289/159
f 175/301/164 171/293/160 176/302/165
f 172/294/161 176/302/165 171/293/160
f 176/303/165 172/295/161 174/304/166
f 170/296/162 174/304/166 172/295/161
f 177/305/167 173/306/163 179/307/168
f 175/308/164 179/309/168 173/310/163
f 179/311/168 175/301/164 180/312/169
f 176/302/165 180/312/169 175/301/164
f 180/313/169 176/303/165 178/314/167
f 174/304/166 178/314/167 176/303/165
f 181/315/170 177/305/167 183/316/171
f 179/307/168 183/316/171 177/305/167
f 183/317/171 179/311/168 184/318/172
f 180/312/169 184/318/172 179/311/168
f 184/319/172 180/313/169 182/320/173
f 178/314/167 182/320/173 180/313/169
f 186/321/174 188/322/175 189/323/176
f 190/324/177 189/323/176 188/322/175
f 189/325/176 190/326/177 191/327/178
f 192/328/179 191/327/178 190/326/177
f 191/329/178 192/330/179 185/331/180
f 187/332/181 185/331/180 192/330/179
f 194/333/182 186/321/174 195/334/183
f 189/323/176 195/334/183 186/321/174
f 195/335/183 189/325/176 196/336/184
f 191/327/178 196/336/184 189/325/176
f 196/337/184 191/329/178 193/338/185
f 185/331/180 193/338/185 191/329/178
f 198/339/186 194/333/182 199/340/187
f 195/334/183 199/340/187 194/333/182
f 199/341/187 195/335/183 200/342/188
f 196/336/184 200/342/188 195/335/183
f 200/343/188 196/337/184 197/344/186
f 193/338/185 197/344/186 196/337/184
f 202/345/189 198/339/186 203/346/190
f 199/340/187 203/346/190 198/339/186
f 203/347/190 199/348/187 204/349/191
f 200/350/188 204/349/191 199/348/187
f 204/351/191 200/343/188 201/352/189
f 197/344/186 201/352/189 200/343/188
f 206/353/192 202/345/189 207/354/193
f 203/346/190 207/354/193 202/345/189
f 207/355/193 203/347/190 208/356/194
f 204/349/191 208/356/194 203/347/190
f 208/357/194 204/351/191 205/358/192
f 201/352/189 205/358/192 204/351/191
f 210/359/195 206/353/192 211/360/196
f 207/354/193 211/360/196 206/353/192
f 211/361/196 207/355/193 212/362/197
f 208/356/194 212/362/197 207/355/193
f 212/363/197 208/357/194 209/364/198
f 205/358/192 209/364/198 208/357/194
f 213/365/199 210/359/195 215/366/200
f 211/360/196 215/366/200 210/359/195
f 215/367/200 211/361/196 216/368/201
f 212/362/197 216/368/201 211/361/196
f 216/369/201 212/370/197 214/371/202
f 209/364/198 214/372/202 212/363/197
f 217/373/203 219/374/204 221/375/205
f 222/376/206 221/375/205 219/374/204
f 221/377/205 222/378/206 223/379/207
f 224/380/208 223/379/207 222/378/206
f 223/381/207 224/382/208 218/383/209
f 220/384/204 218/383/209 224/382/208
f 225/385/210 217/373/203 227/386/211
f 221/375/205 227/386/211 217/373/203
f 227/387/211 221/377/205 228/388/212
f 223/379/207 228/388/212 221/377/205
f 228/389/212 223/381/207 226/390/213
f 218/383/209 226/390/213 223/381/207
f 229/391/214 225/385/210 231/392/215
f 227/386/211 231/392/215 225/385/210
f 231/393/215 227/387/211 232/394/216
f 228/388/212 232/394/216 227/387/211
f 232/395/216 228/389/212 230/396/217
f 226/390/213 230/396/217 228/389/212
f 233/397/218 229/391/214 235/398/219
f 231/392/215 235/398/219 229/391/214
f 235/399/219 231/393/215 236/400/220
f 232/394/216 236/400/220 231/393/215
f 236/401/220 232/395/216 234/402/218
f 230/396/217 234/402/218 232/395/216
f 237/403/221 233/397/218 239/404/222
f 235/398/219 239/404/222 233/397/218
f 239/405/222 235/399/219 240/406/223
f 236/400/220 240/406/223 235/399/219
f 240/407/223 236/401/220 238/408/224
f 234/402/218 238/408/224 236/401/220
f 241/409/225 237/403/221 243/410/226
f 239/404/222 243/410/226 237/403/221
f 243/411/226 239/405/222 244/412/227
f 240/406/223 244/412/227 239/405/222
f 244/413/227 240/414/223 242/415/225
f 238/408/224 242/416/225 240/407/223
f 245/417/228 241/409/225 247/418/229
f 243/410/226 247/418/229 241/409/225
f 247/419/229 243/411/226 248/420/230
f 244/412/227 248/420/230 243/411/226
f 248/421/230 244/413/227 246/422/231
f 242/415/225 246/422/231 244/413/227
f 249/423/232 251/424/233 253/425/234
f 254/426/235 253/425/234 251/424/233
f 253/427/234 254/428/235 255/429/236
f 256/430/237 255/429/236 254/428/235
f 255/431/236 256/432/237 250/433/232
f 252/434/238 250/433/232 256/432/237
f 257/435/239 249/423/232 259/436/240
f 253/425/234 259/436/240 249/423/232
f 259/437/240 253/427/234 260/438/241
f 255/429/236 260/438/241 253/427/234
f 260/439/241 255/431/236 258/440/239
f 250/433/232 258/440/239 255/431/236
f 261/441/242 257/435/239 263/442/243
f 259/436/240 263/442/243 257/435/239
f 263/443/243 259/437/240 264/444/244
f 260/438/241 264/444/244 259/437/240
f 264/445/244 260/439/241 262/446/242
f 258/440/239 262/446/242 260/439/241
f 265/447/245 261/441/242 267/448/246
f 263/442/243 267/448/246 261/441/242
f 267/449/246 263/443/243 268/450/247
f 264/444/244 268/450/247 263/443/243
f 268/451/247 264/445/244 266/452/248
f 262/446/242 266/452/248 264/445/244
f 269/453/249 265/447/245 271/454/250
f 267/448/246 271/454/250 265/447/245
f 271/455/250 267/449/246 272/456/251
f 268/450/247 272/456/251 267/449/246
f 272/457/251 268/451/247 270/458/252
f 266/452/248 270/458/252 268/451/247
f 273/459/253 269/453/249 275/460/254
f 271/454/250 275/460/254 269/453/249
f 275/461/254 271/462/250 276/463/255
f 272/456/251 276/464/255 271/455/250
f 276/465/255 272/457/251 274/466/256
f 270/458/252 274/466/256 272/457/251
f 277/467/257 273/459/253 279/468/258
f 275/460/254 279/468/258 273/459/253
f 279/469/258 275/461/254 280/470/259
f 276/463/255 280/470/259 275/461/254
f 280/471/259 276/465/255 278/472/260
f 274/466/256 278/472/260 276/465/255
f 282/473/261 284/474/262 285/475/263
f 286/476/264 285/475/263 284/474/262
f 285/477/263 286/478/264 287/479/265
f 288/480/266 287/479/265 286/478/264
f 287/481/265 288/482/266 281/483/261
f 283/484/262 281/483/261 288/482/266
f 290/485/267 282/473/261 291/486/268
f 285/475/263 291/486/268 282/473/261
f 291/487/268 285/477/263 292/488/269
f 287/479/265 292/488/269 285/477/263
f 292/489/269 287/481/265 289/490/270
f 281/483/261 289/490/270 287/481/265
f 294/491/271 290/485/267 295/492/272
f 291/486/268 295/492/272 290/485/267
f 295/493/272 291/487/268 296/494/273
f 292/488/269 296/494/273 291/487/268
f 296/495/273 292/489/269 293/496/271
f 289/490/270 293/496/271 292/489/269
f 298/497/274 294/491/271 299/498/275
f 295/492/272 299/498/275 294/491/271
f 299/499/275 295/493/272 300/500/276
f 296/494/273 300/500/276 295/493/272
f 300/501/276 296/495/273 297/502/277
f 293/496/271 297/502/277 296/495/273
f 302/503/278 298/504/274 303/505/279
f 299/498/275 303/506/279 298/497/274
f 303/507/279 299/499/275 304/508/280
f 300/500/276 304/508/280 299/499/275
f 304/509/280 300/501/276 301/510/281
f 297/502/277 301/510/281 300/501/276
f 306/511/282 302/512/278 307/513/283
f 303/514/279 307/515/283 302/516/278
f 307/517/283 303/507/279 308/518/284
f 304/508/280 308/518/284 303/507/279
f 308/519/284 304/509/280 305/520/282
f 301/510/281 305/520/282 304/509/280
f 310/521/285 306/522/282 311/523/286
f 307/524/283 311/525/286 306/526/282
f 311/527/286 307/528/283 312/529/287
f 308/530/284 312/529/287 307/528/283
f 312/531/287 308/519/284 309/532/288
f 305/520/282 309/532/288 308/519/284
f 313/533/289 315/534/290 317/535/291
f 318/536/292 317/535/291 315/534/290
f 317/537/291 318/538/292 319/539/293
f 320/540/294 319/539/293 318/538/292
f 319/541/293 320/542/294 314/543/295
f 316/544/290 314/543/295 320/542/294
f 321/545/296 313/533/289 323/546/297
f 317/535/291 323/546/297 313/533/289
f 323/547/297 317/537/291 324/548/298
f 319/539/293 324/548/298 317/537/291
f 324/549/298 319/541/293 322/550/299
f 314/543/295 322/550/299 319/541/293
f 325/551/300 321/545/296 327/552/301
f 323/546/297 327/552/301 321/545/296
f 327/553/301 323/547/297 328/554/302
f 324/548/298 328/554/302 323/547/297
f 328/555/302 324/549/298 326/556/303
f 322/550/299 326/556/303 324/549/298
f 329/557/304 325/551/300 331/558/305
f 327/552/301 331/558/305 325/551/300
f 331/559/305 327/553/301 332/560/306
f 328/554/302 332/560/306 327/553/301
f 332/561/306 328/562/302 330/563/307
f 326/564/303 330/565/307 328/566/302
f 333/567/308 329/557/304 335/568/309
f 331/558/305 335/568/309 329/557/304
f 335/569/309 331/559/305 336/570/310
f 332/560/306 336/570/310 331/559/305
f 336/571/310 332/561/306 334/572/311
f 330/563/307 334/572/311 332/561/306
f 337/573/312 333/567/308 339/574/313
f 335/568/309 339/574/313 333/567/308
f 339/575/313 335/569/309 340/576/314
f 336/570/310 340/576/314 335/569/309
f 340/577/314 336/571/310 338/578/315
f 334/572/311 338/578/315 336/571/310
f 341/579/316 337/573/312 343/580/317
f 339/574/313 343/580/317 337/573/312
f 343/581/317 339/582/313 344/583/318
f 340/584/314 344/583/318 339/582/313
f 344/585/318 340/577/314 342/586/319
f 338/578/315 342/586/319 340/577/314
f 346/587/320 348/588/321 349/589/322
f 350/590/323 349/589/322 348/588/321
f 349/591/322 350/592/323 351/593/324
f 352/594/325 351/593/324 350/592/323
f 351/595/324 352/596/325 345/597/326
f 347/598/321 345/597/326 352/596/325
f 354/599/327 346/587/320 355/600/328
f 349/589/322 355/600/328 346/587/320
f 355/601/328 349/591/322 356/602/329
f 351/593/324 356/602/329 349/591/322
f 356/603/329 351/604/324 353/605/330
f 345/597/326 353/606/330 351/595/324
f 357/607/331 354/608/327 359/609/332
f 355/610/328 359/609/332 354/608/327
f 359/611/332 355/601/328 360/612/333
f 356/602/329 360/612/333 355/601/328
f 360/613/333 356/603/329 358/614/334
f 353/605/330 358/614/334 356/603/329
f 361/615/335 357/607/331 363/616/336
f 359/609/332 363/616/336 357/607/331
f 363/617/336 359/611/332 364/618/337
f 360/612/333 364/618/337 359/611/332
f 364/619/337 360/613/333 362/620/335
f 358/614/334 362/620/335 360/613/333
f 366/621/338 361/622/335 367/623/339
f 363/624/336 367/623/339 361/622/335
f 367/625/339 363/617/336 368/626/340
f 364/618/337 368/626/340 363/617/336
f 368/627/340 364/619/337 365/628/341
f 362/620/335 365/628/341 364/619/337
f 369/629/342 366/621/338 371/630/343
f 367/623/339 371/630/343 366/621/338
f 371/631/343 367/625/339 372/632/344
f 368/626/340 372/632/344 367/625/339
f 372/633/344 368/627/340 370/634/342
f 365/628/341 370/634/342 368/627/340
f 373/635/345 369/636/342 375/637/346
f 371/630/343 375/638/346 369/629/342
f 375/639/346 371/631/343 376/640/347
f 372/632/344 376/640/347 371/631/343
f 376/641/347 372/633/344 374/642/348
f 370/634/342 374/642/348 372/633/344
f 377/643/349 379/644/350 381/645/351
f 382/646/352 381/645/351 379/644/350
f 381/647/351 382/648/352 383/649/353
f 384/650/354 383/649/353 382/648/352
f 383/651/353 384/652/354 378/653/355
f 380/654/350 378/653/355 384/652/354
f 385/655/356 377/643/349 387/656/357
f 381/645/351 387/656/357 377/643/349
f 387/657/357 381/647/351 388/658/358
f 383/649/353 388/658/358 381/647/351
f 388/659/358 383/651/353 386/660/359
f 378/653/355 386/660/359 383/651/353
f 389/661/360 385/655/356 391/662/361
f 387/656/357 391/662/361 385/655/356
f 391/663/361 387/657/357 392/664/362
f 388/658/358 392/664/362 387/657/357
f 392/665/362 388/659/358 390/666/360
f 386/660/359 390/666/360 388/659/358
f 393/667/363 389/661/360 395/668/364
f 391/662/361 395/668/364 389/661/360
f 395/669/364 391/663/361 396/670/365
f 392/664/362 396/670/365 391/663/361
f 396/671/365 392/665/362 394/672/366
f 390/666/360 394/672/366 392/665/362
f 397/673/367 393/667/363 399/674/368
f 395/668/364 399/674/368 393/667/363
f 399/675/368 395/669/364 400/676/369
f 396/670/365 400/676/369 395/669/364
f 400/677/369 396/671/365 398/678/370
f 394/672/366 398/678/370 396/671/365
f 401/679/371 397/673/367 403/680/372
f 399/674/368 403/680/372 397/673/367
f 403/681/372 399/675/368 404/682/373
f 400/676/369 404/682/373 399/675/368
f 404/683/373 400/677/369 402/684/374
f 398/678/370 402/684/374 400/677/369
f 406/685/375 401/679/371 407/686/376
f 403/680/372 407/686/376 401/679/371
f 407/687/376 403/681/372 408/688/377
f 404/682/373 408/688/377 403/681/372
f 408/689/377 404/690/373 405/691/375
f 402/692/374 405/691/375 404/690/373
f 409/693/378 411/694/379 413/695/380
f 414/696/381 413/695/380 411/694/379
f 413/697/380 414/698/381 415/699/382
f 416/700/383 415/699/382 414/698/381
f 415/701/382 416/702/383 410/703/384
f 412/704/385 410/703/384 416/702/383
f 417/705/386 409/693/378 419/706/387
f 413/695/380 419/706/387 409/693/378
f 419/707/387 413/697/380 420/708/388
f 415/699/382 420/708/388 413/697/380
f 420/709/388 415/701/382 418/710/389
f 410/703/384 418/710/389 415/701/382
f 421/711/390 417/705/386 423/712/391
f 419/706/387 423/712/391 417/705/386
f 423/713/391 419/707/387 424/714/392
f 420/708/388 424/714/392 419/707/387
f 424/715/392 420/709/388 422/716/393
f 418/710/389 422/716/393 420/709/388
f 425/717/394 421/711/390 427/718/395
f 423/712/391 427/718/395 421/711/390
f 427/719/395 423/713/391 428/720/396
f 424/714/392 428/720/396 423/713/391
f 428/721/396 424/715/392 426/722/397
f 422/716/393 426/722/397 424/715/392
f 429/723/398 425/717/394 431/724/399
f 427/718/395 431/724/399 425/717/394
f 431/725/399 427/719/395 432/726/400
f 428/720/396 432/726/400 427/719/395
f 432/727/400 428/721/396 430/728/398
f 426/722/397 430/728/398 428/721/396
f 433/729/401 429/723/398 435/730/402
f 431/724/399 435/730/402 429/723/398
f 435/731/402 431/725/399 436/732/403
f 432/726/400 436/732/403 431/725/399
f 436/733/403 432/727/400 434/734/401
f 430/728/398 434/734/401 432/727/400
f 437/735/404 433/729/401 439/736/405
f 435/730/402 439/736/405 433/729/401
f 439/737/405 435/738/402 440/739/406
f 436/740/403 440/739/406 435/738/402
f 440/741/406 436/733/403 438/742/404
f 434/734/401 438/742/404 436/733/403
f 442/743/407 444/744/408 445/745/409
f 446/746/410 445/745/409 444/744/408
f 445/747/409 446/748/410 447/749/411
f 448/750/412 447/749/411 446/748/410
f 447/751/411 448/752/412 441/753/413
f 443/754/414 441/753/413 448/752/412
f 450/755/415 442/743/407 451/756/416
f 445/745/409 451/756/416 442/743/407
f 451/757/416 445/747/409 452/758/417
f 447/749/411 452/758/417 445/747/409
f 452/759/417 447/751/411 449/760/418
f 441/753/413 449/760/418 447/751/411
f 454/761/419 450/755/415 455/762/420
f 451/756/416 455/762/420 450/755/415
f 455/763/420 451/757/416 456/764/421
f 452/758/417 456/764/421 451/757/416
f 456/765/421 452/759/417 453/766/419
f 449/760/418 453/766/419 452/759/417
f 458/767/422 454/761/419 459/768/423
f 455/762/420 459/768/423 454/761/419
f 459/769/423 455/770/420 460/771/424
f 456/772/421 460/771/424 455/770/420
f 460/773/424 456/765/421 457/774/425
f 453/766/419 457/774/425 456/765/421
f 462/775/426 458/767/422 463/776/427
f 459/768/423 463/776/427 458/767/422
f 463/777/427 459/769/423 464/778/428
f 460/771/424 464/778/428 459/769/423
f 464/779/428 460/773/424 461/780/429
f 457/774/425 461/780/429 460/773/424
f 466/781/430 462/775/426 467/782/431
f 463/776/427 467/782/431 462/775/426
f 467/783/431 463/777/427 468/784/432
f 464/778/428 468/784/432 463/777/427
f 468/785/432 464/779/428 465/786/433
f 461/780/429 465/786/433 464/779/428
f 469/787/434 466/781/430 471/788/435
f 467/782/431 471/788/435 466/781/430
f 471/789/435 467/783/431 472/790/436
f 468/784/432 472/790/436 467/783/431
f 472/791/436 468/792/432 470/793/434
f 465/786/433 470/794/434 468/785/432
f 473/795/437 475/796/438 477/797/439
f 478/798/440 477/797/439 475/796/438
f 477/799/439 478/800/440 479/801/441
f 480/802/442 479/801/441 478/800/440
f 479/803/441 480/804/442 474/805/437
f 476/806/443 474/807/437 480/808/442
f 481/809/444 473/795/437 483/810/445
f 477/797/439 483/810/445 473/795/437
f 483/811/445 477/812/439 484/813/446
f 479/814/441 484/815/446 477/816/439
f 484/817/446 479/803/441 482/818/444
f 474/805/437 482/818/444 479/803/441
f 485/819/447 481/809/444 487/820/448
f 483/810/445 487/820/448 481/809/444
f 487/821/448 483/822/445 488/823/449
f 484/824/446 488/825/449 483/826/445
f 488/827/449 484/817/446 486/828/450
f 482/818/444 486/828/450 484/817/446
f 489/829/451 485/819/447 491/830/452
f 487/820/448 491/830/452 485/819/447
f 491/831/452 487/821/448 492/832/453
f 488/823/449 492/832/453 487/821/448
f 492/833/453 488/834/449 490/835/451
f 486/836/450 490/835/451 488/834/449
f 493/837/454 489/829/451 495/838/455
f 491/830/452 495/838/455 489/829/451
f 495/839/455 491/831/452 496/840/456
f 492/832/453 496/840/456 491/831/452
f 496/841/456 492/842/453 494/843/457
f 490/835/451 494/844/457 492/833/453
f 498/845/458 493/837/454 499/846/459
f 495/838/455 499/846/459 493/837/454
f 499/847/459 495/848/455 500/849/460
f 496/850/456 500/849/460 495/848/455
f 500/851/460 496/841/456 497/852/458
f 494/843/457 497/852/458 496/841/456
f 502/853/461 504/854/462 505/855/463
f 506/856/464 505/855/463 504/854/462
f 505/857/463 506/858/464 507/859/465
f 508/860/466 507/859/465 506/858/464
f 507/861/465 508/862/466 501/863/467
f 503/864/468 501/863/467 508/862/466
f 510/865/469 502/853/461 511/866/470
f 505/855/463 511/866/470 502/853/461
f 511/867/470 505/857/463 512/868/471
f 507/859/465 512/868/471 505/857/463
f 512/869/471 507/861/465 509/870/469
f 501/863/467 509/870/469 507/861/465
f 514/871/472 510/865/469 515/872/473
f 511/866/470 515/872/473 510/865/469
f 515/873/473 511/867/470 516/874/474
f 512/868/471 516/874/474 511/867/470
f 516/875/474 512/869/471 513/876/472
f 509/870/469 513/876/472 512/869/471
f 518/877/475 514/871/472 519/878/476
f 515/872/473 519/878/476 514/871/472
f 519/879/476 515/873/473 520/880/477
f 516/874/474 520/880/477 515/873/473
f 520/881/477 516/882/474 517/883/475
f 513/876/472 517/884/475 516/875/474
f 522/885/478 518/877/475 523/886/479
f 519/878/476 523/886/479 518/877/475
f 523/887/479 519/879/476 524/888/480
f 520/880/477 524/888/480 519/879/476
f 524/889/480 520/881/477 521/890/481
f 517/883/475 521/890/481 520/881/477
f 525/891/482 522/885/478 527/892/483
f 523/886/479 527/892/483 522/885/478
f 527/893/483 523/887/479 528/894/484
f 524/888/480 528/894/484 523/887/479
f 528/895/484 524/896/480 526/897/485
f 521/898/481 526/897/485 524/896/480
f 530/899/486 532/900/487 533/901/488
f 534/902/489 533/901/488 532/900/487
f 533/903/488 534/904/489 535/905/490
f 536/906/491 535/905/490 534/904/489
f 535/907/490 536/908/491 529/909/492
f 531/910/493 529/909/492 536/908/491
f 538/911/494 530/899/486 539/912/495
f 533/901/488 539/912/495 530/899/486
f 539/913/495 533/903/488 540/914/496
f 535/905/490 540/914/496 533/903/488
f 540/915/496 535/907/490 537/916/494
f 529/909/492 537/916/494 535/907/490
f 542/917/497 538/911/494 543/918/498
f 539/912/495 543/918/498 538/911/494
f 543/919/498 539/913/495 544/920/499
f 540/914/496 544/920/499 539/913/495
f 544/921/499 540/915/496 541/922/500
f 537/916/494 541/922/500 540/915/496
f 546/923/501 542/917/497 547/924/502
f 543/918/498 547/924/502 542/917/497
f 547/925/502 543/919/498 548/926/503
f 544/920/499 548/926/503 543/919/498
f 548/927/503 544/928/499 545/929/504
f 541/930/500 545/929/504 544/928/499
f 550/931/505 546/923/501 551/932/506
f 547/924/502 551/932/506 546/923/501
f 551/933/506 547/925/502 552/934/507
f 548/926/503 552/934/507 547/925/502
f 552/935/507 548/936/503 549/937/508
f 545/938/504 549/937/508 548/936/503
f 554/939/509 550/931/505 555/940/510
f 551/932/506 555/940/510 550/931/505
f 555/941/510 551/933/506 556/942/511
f 552/934/507 556/942/511 551/933/506
f 556/943/511 552/935/507 553/944/512
f 549/937/508 553/944/512 552/935/507
f 557/945/513 560/946/80 561/947/514
f 562/948/81 561/947/514 560/946/80
f 561/949/514 562/950/81 563/951/515
f 564/952/82 563/951/515 562/950/81
f 565/953/516 563/954/515 564/955/82
f 563/954/515 565/953/516 558/956/517
f 559/957/84 558/958/517 565/959/516
f 566/960/518 557/961/513 568/962/519
f 561/947/514 568/963/519 557/945/513
f 568/964/519 561/965/514 569/966/520
f 563/951/515 569/967/520 561/949/514
f 569/968/520 563/954/515 567/969/521
f 558/956/517 567/969/521 563/954/515
f 571/970/522 566/971/518 572/972/523
f 568/973/519 572/974/523 566/975/518
f 572/976/523 568/977/519 573/978/524
f 569/979/520 573/980/524 568/981/519
f 573/982/524 569/968/520 570/983/525
f 567/969/521 570/983/525 569/968/520
f 575/984/526 571/985/522 576/986/527
f 572/972/523 576/987/527 571/970/522
f 576/988/527 572/989/523 577/990/528
f 573/978/524 577/991/528 572/976/523
f 577/992/528 573/982/524 574/993/526
f 570/983/525 574/993/526 573/982/524
f 579/994/529 575/984/526 580/995/530
f 576/986/527 580/995/530 575/984/526
f 580/996/530 576/997/527 581/998/531
f 577/999/528 581/1000/531 576/1001/527
f 581/1002/531 577/1003/528 578/1004/529
f 574/1005/526 578/1004/529 577/1003/528
f 583/1006/532 579/994/529 584/1007/533
f 580/995/530 584/1007/533 579/994/529
f 584/1008/533 580/1009/530 585/1010/534
f 581/998/531 585/1011/534 580/996/530
f 585/1012/534 581/1002/531 582/1013/535
f 578/1004/529 582/1013/535 581/1002/531
f 587/1014/536 583/1015/532 588/1016/537
f 584/1017/533 588/1016/537 583/1015/532
f 588/1018/537 584/1019/533 589/1020/538
f 585/1021/534 589/1022/538 584/1023/533
f 589/1024/538 585/1012/534 586/1025/536
f 582/1013/535 586/1025/536 585/1012/534
f 590/1026/539 591/1027/540 592/1028/541
f 590/1029/539 592/1030/541 593/1031/542
f 590/1029/539 593/1031/542 594/1032/543
f 595/1033/544 596/1034/545 597/1035/546
f 595/1036/544 598/1037/547 596/1038/545
f 595/1039/544 599/1040/548 598/1041/547
f 600/1042/549 601/1043/550 602/1044/551
f 600/1045/549 603/1046/552 601/1047/550
f 600/1048/549 604/1049/553 603/1050/552
f 605/1051/554 606/1052/555 607/1053/556
f 605/1054/554 607/1055/556 608/1056/557
f 605/1054/554 608/1056/557 609/1057/558
f 610/1058/559 611/1059/560 612/1060/561
f 610/1061/559 612/1062/561 613/1063/562
f 610/1064/559 613/1065/562 614/1066/563
f 615/1067/564 616/1068/565 617/1069/566
f 615/1070/564 617/1071/566 618/1072/567
f 615/1073/564 618/1074/567 619/1075/568
f 620/1076/569 621/1077/570 622/1078/571
f 620/1079/569 623/1080/572 621/1081/570
f 620/1082/569 624/1083/573 623/1084/572
f 625/1085/574 626/1086/575 627/1087/576
f 625/1088/574 628/1089/577 626/1090/575
f 625/1091/574 629/1092/578 628/1093/577
f 630/1094/579 631/1095/580 632/1096/581
f 630/1097/579 632/1098/581 633/1099/582
f 630/1100/579 633/1101/582 634/1102/583
f 635/1103/584 636/1104/585 637/1105/586
f 635/1106/584 637/1107/586 638/1108/587
f 635/1109/584 638/1110/587 639/1111/588
f 640/1112/589 641/1113/590 642/1114/591
f 640/1115/589 642/1116/591 643/1117/592
f 640/1118/589 643/1119/592 644/1120/593
f 645/1121/594 646/1122/595 647/1123/596
f 645/1124/594 648/1125/597 646/1126/595
f 645/1127/594 649/1128/598 648/1129/597
f 650/1130/599 651/1131/600 652/1132/601
f 650/1133/599 653/1134/602 651/1135/600
f 650/1136/599 654/1137/603 653/1138/602
f 655/1139/604 656/1140/605 657/1141/606
f 655/1142/604 657/1143/606 658/1144/607
f 655/1145/604 658/1146/607 659/1147/608
f 660/1148/609 661/1149/610 662/1150/611
f 660/1151/609 662/1152/611 663/1153/612
f 660/1154/609 663/1155/612 664/1156/613
f 665/1157/614 666/1158/615 667/1159/616
f 665/1160/614 667/1161/616 668/1162/617
f 665/1163/614 668/1164/617 669/1165/618
f 670/1166/619 671/1167/620 672/1168/621
f 670/1169/619 673/1170/622 671/1171/620
f 670/1172/619 674/1173/623 673/1174/622
f 675/1175/624 676/1176/625 677/1177/626
f 675/1178/624 678/1179/627 676/1180/625
f 675/1181/624 679/1182/628 678/1183/627
f 680/1184/629 681/1185/630 682/1186/631
f 680/1187/629 682/1188/631 683/1189/632
f 680/1190/629 683/1191/632 684/1192/633
f 685/1193/634 686/1194/635 687/1195/636
f 685/1193/634 687/1195/636 688/1196/637
f 685/1197/634 688/1198/637 689/1199/638
f 690/1200/639 691/1201/640 692/1202/641
f 690/1203/639 692/1204/641 693/1205/642
f 690/1206/639 693/1207/642 694/1208/643
f 695/1209/644 696/1210/645 697/1211/646
f 695/1212/644 698/1213/647 696/1214/645
f 695/1215/644 699/1216/648 698/1217/647
f 700/1218/649 701/1219/650 702/1220/651
f 700/1221/649 703/1222/652 701/1223/650
f 700/1224/649 704/1225/653 703/1226/652
f 705/1227/654 706/1228/655 707/1229/656
f 705/1230/654 707/1231/656 708/1232/657
f 705/1233/654 708/1234/657 709/1235/658
f 710/1236/659 711/1237/660 712/1238/661
f 710/1239/659 712/1240/661 713/1241/662
f 710/1242/659 713/1243/662 714/1244/663
f 715/1245/664 716/1246/665 717/1247/666
f 715/1248/664 717/1249/666 718/1250/667
f 715/1251/664 718/1252/667 719/1253/668
f 720/1254/669 721/1255/670 722/1256/671
f 720/1257/669 723/1258/672 721/1259/670
f 720/1260/669 724/1261/673 723/1262/672
f 725/1263/674 726/1264/675 727/1265/676
f 725/1266/674 728/1267/677 726/1268/675
f 725/1269/674 729/1270/678 728/1271/677
f 730/1272/679 731/1273/680 732/1274/681
f 730/1275/679 732/1276/681 733/1277/682
f 730/1278/679 733/1279/682 734/1280/683
f 735/1281/684 736/1282/685 737/1283/686
f 735/1284/684 737/1285/686 738/1286/687
f 735/1287/684 738/1288/687 739/1289/688
f 740/1290/689 741/1291/690 742/1292/691
f 740/1293/689 742/1294/691 743/1295/692
f 740/1296/689 743/1297/692 744/1298/693
f 745/1299/694 746/1300/695 747/1301/696
f 745/1302/694 748/1303/697 746/1304/695
f 745/1305/694 749/1306/698 748/1307/697
f 750/1308/699 751/1309/700 752/1310/701
f 750/1311/699 753/1312/702 751/1313/700
f 750/1314/699 754/1315/703 753/1316/702
f 755/1317/704 756/1318/705 757/1319/706
f 755/1320/704 757/1321/706 758/1322/707
f 755/1323/704 758/1324/707 759/1325/708
f 760/1326/709 761/1327/710 762/1328/711
f 760/1329/709 762/1330/711 763/1331/712
f 760/1332/709 763/1333/712 764/1334/713
f 765/1335/714 766/1336/715 767/1337/716
f 765/1338/714 767/1339/716 768/1340/717
f 765/1341/714 768/1342/717 769/1343/718
f 770/1344/719 771/1345/720 772/1346/721
f 770/1347/719 773/1348/722 771/1349/720
f 770/1350/719 774/1351/723 773/1352/722
f 775/1353/724 776/1354/725 777/1355/726
f 775/1356/724 778/1357/727 776/1358/725
f 775/1359/724 779/1360/728 778/1361/727
f 780/1362/729 781/1363/730 782/1364/731
f 780/1365/729 782/1366/731 783/1367/732
f 780/1368/729 783/1369/732 784/1370/733
f 785/1371/734 786/1372/735 787/1373/736
f 785/1374/734 787/1375/736 788/1376/737
f 785/1377/734 788/1378/737 789/1379/738
f 790/1380/739 791/1381/740 792/1382/741
f 790/1383/739 792/1384/741 793/1385/742
f 790/1386/739 793/1387/742 794/1388/743
f 795/1389/744 796/1390/745 797/1391/746
f 795/1392/744 798/1393/747 796/1394/745
f 795/1395/744 799/1396/748 798/1397/747
f 800/1398/749 801/1399/750 802/1400/751
f 800/1401/749 803/1402/752 801/1403/750
f 800/1404/749 804/1405/753 803/1406/752
f 805/1407/754 806/1408/755 807/1409/756
f 805/1410/754 807/1411/756 808/1412/757
f 805/1413/754 808/1414/757 809/1415/758
f 810/1416/759 811/1417/760 812/1418/761
f 810/1419/759 812/1420/761 813/1421/762
f 810/1422/759 813/1423/762 814/1424/763
f 815/1425/764 816/1426/765 817/1427/766
f 815/1428/764 817/1429/766 818/1430/767
f 815/1431/764 818/1432/767 819/1433/768
f 820/1434/769 821/1435/770 822/1436/771
f 820/1437/769 823/1438/772 821/1439/770
f 820/1440/769 824/1441/773 823/1442/772
f 825/1443/774 826/1444/775 827/1445/776
f 825/1446/774 828/1447/777 826/1448/775
f 825/1449/774 829/1450/778 828/1451/777
f 830/1452/779 831/1453/780 832/1454/781
f 830/1455/779 832/1456/781 833/1457/782
f 830/1458/779 833/1459/782 834/1460/783
f 835/1461/784 836/1462/785 837/1463/786
f 835/1461/784 837/1463/786 838/1464/787
f 835/1461/784 838/1464/787 839/1465/788
f 840/1466/789 841/1467/790 842/1468/791
f 840/1469/789 842/1470/791 843/1471/792
f 840/1472/789 843/1473/792 844/1474/793
f 845/1475/794 846/1476/795 847/1477/796
f 845/1478/794 848/1479/797 846/1480/795
f 845/1481/794 849/1482/798 848/1483/797
f 850/1484/799 851/1485/800 852/1486/801
f 850/1487/799 853/1488/802 851/1489/800
f 850/1490/799 854/1491/803 853/1492/802
f 855/1493/804 856/1494/805 857/1495/806
f 855/1496/804 857/1497/806 858/1498/807
f 855/1499/804 858/1500/807 859/1501/808
f 860/1502/809 861/1503/810 862/1504/811
f 860/1505/809 862/1506/811 863/1507/812
f 860/1508/809 863/1509/812 864/1510/813
f 865/1511/814 866/1512/815 867/1513/816
f 865/1514/814 867/1515/816 868/1516/817
f 865/1517/814 868/1518/817 869/1519/818
f 870/1520/819 871/1521/820 872/1522/821
f 870/1523/819 873/1524/822 871/1525/820
f 870/1526/819 874/1527/823 873/1528/822
f 875/1529/824 876/1530/825 877/1531/826
f 875/1532/824 878/1533/827 876/1534/825
f 875/1535/824 879/1536/828 878/1537/827
f 880/1538/829 881/1539/830 882/1540/831
f 880/1541/829 882/1542/831 883/1543/832
f 880/1544/829 883/1545/832 884/1546/833
f 885/1547/834 886/1548/835 887/1549/836
f 885/1550/834 887/1551/836 888/1552/837
f 885/1553/834 888/1554/837 889/1555/838
f 890/1556/839 891/1557/840 892/1527/841
f 890/1558/839 892/1559/841 893/1560/842
f 890/1561/839 893/1562/842 894/1563/843
f 895/1564/844 896/1565/845 897/1566/846
f 895/1567/844 898/1568/847 896/1569/845
f 895/1570/844 899/1571/848 898/1572/847
f 900/1573/849 901/1574/850 902/1575/851
f 900/1576/849 903/1577/852 901/1578/850
f 900/1579/849 904/1580/853 903/1581/852
f 905/1582/854 906/1583/855 907/1584/856
f 905/1585/854 907/1586/856 908/1587/857
f 905/1588/854 908/1589/857 909/1590/858
f 910/1591/859 911/1592/860 912/1593/861
f 910/1594/859 912/1595/861 913/1596/862
f 910/1597/859 913/1598/862 914/1599/863
f 915/1600/864 916/1601/865 917/1602/866
f 915/1603/864 917/1604/866 918/1605/867
f 915/1606/864 918/1607/867 919/1608/868
f 920/1609/869 921/1610/870 922/1611/871
f 920/1612/869 923/1613/872 921/1614/870
f 920/1615/869 924/1616/873 923/1617/872
f 925/1618/874 926/1619/875 927/1620/876
f 925/1621/874 928/1622/877 926/1623/875
f 925/1624/874 929/1625/878 928/1626/877
f 930/1627/879 931/1628/880 932/1629/881
f 930/1627/879 932/1629/881 933/1630/882
f 930/1627/879 933/1630/882 934/1631/883
f 935/1632/884 936/1633/885 937/1634/886
f 935/1635/884 937/1636/886 938/1637/887
f 935/1638/884 938/1639/887 939/1640/888
f 940/1641/889 941/1642/890 942/1643/891
f 940/1641/889 942/1643/891 943/1644/892
f 940/1645/889 943/1646/892 944/1647/893
f 945/1648/894 946/1649/895 947/1650/896
f 945/1648/894 948/1651/897 946/1649/895
f 945/1648/894 949/1652/898 948/1651/897
f 950/1653/899 951/1654/900 952/1655/901
f 950/1656/899 953/1657/902 951/1658/900
f 950/1659/899 954/1660/903 953/1661/902
f 955/1662/904 956/1663/905 957/1664/906
f 955/1662/904 957/1664/906 958/1665/907
f 955/1666/904 958/1667/907 959/1668/908
f 960/1669/909 961/1670/910 962/1671/911
f 960/1672/909 962/1673/911 963/1674/912
f 960/1675/909 963/1676/912 964/1677/913
f 965/1678/914 966/1679/915 967/1680/916
f 965/1681/914 967/1682/916 968/1683/917
f 965/1681/914 968/1683/917 969/1684/918
f 970/1685/919 971/1686/920 972/1687/921
f 970/1685/919 973/1688/922 971/1686/920
f 970/1685/919 974/1689/923 973/1688/922
f 975/1690/924 976/1691/925 977/1692/926
f 975/1693/924 978/1694/927 976/1695/925
f 975/1696/924 979/1697/928 978/1698/927
f 980/1699/929 981/1700/930 982/1701/931
f 980/1699/929 982/1701/931 983/1702/932
f 980/1699/929 983/1702/932 984/1703/933
f 985/1704/934 986/1705/935 987/1706/936
f 985/1707/934 987/1708/936 988/1709/937
f 985/1710/934 988/1711/937 989/1712/938
f 990/1713/939 991/1714/940 992/1715/941
f 990/1716/939 992/1717/941 993/1718/942
f 990/1719/939 993/1720/942 994/1721/943
f 995/1722/944 996/1723/945 997/1724/946
f 995/1725/944 998/1726/947 996/1727/945
f 995/1728/944 999/1729/948 998/1730/947
f 1000/1731/949 1001/1732/950 1002/1733/951
f 1000/1731/949 1003/1734/952 1001/1732/950
f 1000/1735/949 1004/1736/953 1003/1737/952
f 1005/1738/954 1006/1739/955 1007/1740/956
f 1005/1741/954 1007/1742/956 1008/1743/957
f 1005/1744/954 1008/1745/957 1009/1746/958
f 1010/1747/959 1011/1748/960 1012/1749/961
f 1010/1750/959 1012/1751/961 1013/1752/962
f 1010/1753/959 1013/1754/962 1014/1755/963
f 1015/1756/964 1016/1757/965 1017/1758/966
f 1015/1759/964 1017/1760/966 1018/1761/967
f 1015/1762/964 1018/1763/967 1019/1764/968
f 1020/1765/969 1021/1766/970 1022/1767/971
f 1020/1768/969 1023/1769/972 1021/1770/970
f 1020/1771/969 1024/1772/973 1023/1773/972
f 1025/1774/974 1026/1775/975 1027/1776/976
f 1025/1774/974 1028/1777/977 1026/1775/975
f 1025/1778/974 1029/1779/978 1028/1780/977
f 1030/1781/979 1031/1782/980 1032/1783/981
f 1030/1784/979 1032/1785/981 1033/1786/982
f 1030/1787/979 1033/1788/982 1034/1789/983
f 1035/1790/984 1036/1791/985 1037/1792/986
f 1035/1790/984 1037/1792/986 1038/1793/987
f 1035/1794/984 1038/1795/987 1039/1796/988
f 1040/1797/989 1041/1798/990 1042/1799/991
f 1040/1800/989 1042/1801/991 1043/1802/992
f 1040/1803/989 1043/1804/992 1044/1805/993
f 1045/1806/994 1046/1807/995 1047/1808/996
f 1045/1809/994 1048/1810/997 1046/1811/995
f 1045/1812/994 1049/1813/998 1048/1814/997
f 1050/1815/999 1051/1816/1000 1052/1817/1001
f 1050/1818/999 1053/1819/1002 1051/1820/1000
f 1050/1821/999 1054/1822/1003 1053/1823/1002
f 1055/1824/1004 1056/1825/1005 1057/1826/1006
f 1055/1827/1004 1057/1828/1006 1058/1829/1007
f 1055/1830/1004 1058/1831/1007 1059/1832/1008
f 1060/1833/1009 1061/1834/1010 1062/1835/1011
f 1060/1833/1009 1062/1835/1011 1063/1836/1012
f 1060/1833/1009 1063/1836/1012 1064/1837/1013
f 1065/1838/1014 1066/1839/1015 1067/1840/1016
f 1065/1841/1014 1067/1842/1016 1068/1843/1017
f 1065/1844/1014 1068/1845/1017 1069/1846/1018
f 1070/1847/1019 1071/1848/1020 1072/1849/1021
f 1070/1850/1019 1073/1851/1022 1071/1852/1020
f 1070/1853/1019 1074/1854/1023 1073/1855/1022
f 1075/1856/1024 1076/1857/1025 1077/1858/1026
f 1075/1856/1024 1078/1859/1027 1076/1857/1025
f 1075/1856/1024 1079/1860/1028 1078/1859/1027
f 1080/1861/1029 1081/1862/1030 1082/1863/1031
f 1080/1864/1029 1082/1865/1031 1083/1866/1032
f 1080/1867/1029 1083/1868/1032 1084/1869/1033
f 1085/1870/1034 1086/1871/1035 1087/1872/1036
f 1085/1870/1034 1087/1872/1036 1088/1873/1037
f 1085/1870/1034 1088/1873/1037 1089/1874/1038
f 1090/1875/1039 1091/1876/1040 1092/1877/1041
f 1090/1878/1039 1092/1879/1041 1093/1880/1042
f 1090/1881/1039 1093/1882/1042 1094/1883/1043
f 1095/1884/1044 1096/1885/1045 1097/1886/1046
f 1095/1887/1044 1098/1888/1047 1096/1889/1045
f 1095/1890/1044 1099/1891/1048 1098/1892/1047
f 1100/1893/1049 1101/1894/1050 1102/1895/1051
f 1100/1896/1049 1103/1897/1052 1101/1898/1050
f 1100/1899/1049 1104/1900/1053 1103/1901/1052
f 1105/1902/1054 1106/1903/1055 1107/1904/1056
f 1105/1905/1054 1107/1906/1056 1108/1907/1057
f 1105/1908/1054 1108/1909/1057 1109/1910/1058
f 1110/1911/1059 1111/1912/1060 1112/1913/1061
f 1110/1914/1059 1112/1915/1061 1113/1916/1062
f 1110/1917/1059 1113/1918/1062 1114/1919/1063
f 1115/1920/1064 1116/1921/1065 1117/1922/1066
f 1115/1923/1064 1117/1924/1066 1118/1925/1067
f 1115/1926/1064 1118/1927/1067 1119/1928/1068
f 1120/1929/1069 1121/1930/1070 1122/1931/1071
f 1120/1932/1069 1123/1933/1072 1121/1934/1070
f 1120/1935/1069 1124/1936/1073 1123/1937/1072
f 1125/1938/1074 1126/1939/1075 1127/1940/1076
f 1125/1941/1074 1128/1942/1077 1126/1943/1075
f 1125/1944/1074 1129/1945/1078 1128/1946/1077
f 1130/1947/1079 1131/1948/1080 1132/1949/1081
f 1130/1950/1079 1132/1951/1081 1133/1952/1082
f 1130/1953/1079 1133/1954/1082 1134/1955/1083
f 1135/1956/1084 1136/1957/1085 1137/1958/1086
f 1135/1959/1084 1137/1960/1086 1138/1961/1087
f 1135/1962/1084 1138/1963/1087 1139/1964/1088
f 1140/1965/1089 1141/1966/1090 1142/1967/1091
f 1140/1968/1089 1142/1969/1091 1143/1970/1092
f 1140/1971/1089 1143/1972/1092 1144/1973/1093
f 1145/1974/1094 1146/1975/1095 1147/1976/1096
f 1145/1977/1094 1148/1978/1097 1146/1979/1095
f 1145/1980/1094 1149/1981/1098 1148/1982/1097
f 1150/1983/1099 1151/1984/1100 1152/1985/1101
f 1150/1986/1099 1153/1987/1102 1151/1988/1100
f 1150/1989/1099 1154/1990/1103 1153/1991/1102
f 1155/1992/1104 1156/1993/1105 1157/1994/1106
f 1155/1995/1104 1157/1996/1106 1158/1997/1107
f 1155/1998/1104 1158/1999/1107 1159/2000/1108
f 1160/2001/1109 1161/2002/1110 1162/2003/1111
f 1160/2004/1109 1162/2005/1111 1163/2006/1112
f 1160/2007/1109 1163/2008/1112 1164/2009/1113
f 1165/2010/1114 1166/2011/1115 1167/2012/1116
f 1165/2010/1114 1167/2012/1116 1168/2013/1117
f 1165/2010/1114 1168/2013/1117 1169/2014/1118
f 1170/2015/1119 1171/2016/1120 1172/2017/1121
f 1170/2018/1119 1173/2019/1122 1171/2020/1120
f 1170/2021/1119 1174/2022/1123 1173/2023/1122
f 1175/2024/1124 1176/2025/1125 1177/2026/1126
f 1175/2027/1124 1178/2028/1127 1176/2029/1125
f 1175/2030/1124 1179/2031/1128 1178/2032/1127
f 1180/2033/1129 1181/2034/1130 1182/2035/1131
f 1180/2033/1129 1182/2035/1131 1183/2036/1132
f 1180/2037/1129 1183/2038/1132 1184/2039/1133
f 1185/2040/1134 1186/2041/1135 1187/2042/1136
f 1185/2043/1134 1187/2044/1136 1188/2045/1137
f 1185/2046/1134 1188/2047/1137 1189/2048/1138
f 1190/2049/1139 1191/2050/1140 1192/2051/1141
f 1190/2049/1139 1192/2051/1141 1193/2052/1142
f 1190/2053/1139 1193/2054/1142 1194/2055/1143
f 1195/2056/1144 1196/2057/1145 1197/2058/1146
f 1195/2056/1144 1198/2059/1147 1196/2057/1145
f 1195/2060/1144 1199/2061/1148 1198/2062/1147
f 1200/2063/1149 1201/2064/1150 1202/2065/1151
f 1200/2066/1149 1203/1567/1152 1201/2067/1150
f 1200/2068/1149 1204/2069/1153 1203/2070/1152
f 1205/2071/1154 1206/2072/1155 1207/2073/1156
f 1205/2074/1154 1207/2075/1156 1208/2076/1157
f 1205/2077/1154 1208/2078/1157 1209/2079/1158
f 1210/2080/1159 1211/2081/1160 1212/2082/1161
f 1210/2083/1159 1212/2084/1161 1213/2085/1162
f 1210/2086/1159 1213/2087/1162 1214/2088/1163
f 1215/2089/1164 1216/2090/1165 1217/2091/1166
f 1215/2089/1164 1217/2091/1166 1218/2092/1167
f 1215/2093/1164 1218/2094/1167 1219/2095/1168
f 1220/2096/1169 1221/2097/1170 1222/2098/1171
f 1220/2099/1169 1223/2100/1172 1221/2101/1170
f 1220/2099/1169 1224/2102/1173 1223/2100/1172
f 1225/2103/1174 1226/2104/1175 1227/2105/1176
f 1225/2106/1174 1228/2107/1177 1226/2108/1175
f 1225/2109/1174 1229/2110/1178 1228/2111/1177
f 1230/2112/1179 1231/2113/1180 1232/2114/1181
f 1230/2115/1179 1232/2116/1181 1233/2117/1182
f 1230/2118/1179 1233/2119/1182 1234/2120/1183
f 1235/2121/1184 1236/2122/1185 1237/2123/1186
f 1235/2124/1184 1237/2125/1186 1238/2126/1187
f 1235/2127/1184 1238/2128/1187 1239/2129/1188
f 1240/2130/1189 1241/2131/1190 1242/2132/1191
f 1240/2133/1189 1242/2134/1191 1243/2135/1192
f 1240/2136/1189 1243/2137/1192 1244/2138/1193
f 1245/2139/1194 1246/2140/1195 1247/2141/1196
f 1245/2142/1194 1248/2143/1197 1246/2144/1195
f 1245/2145/1194 1249/2146/1198 1248/2147/1197
f 1250/2148/1199 1251/2149/1200 1252/2150/1201
f 1250/2151/1199 1253/2152/1202 1251/2153/1200
f 1250/2154/1199 1254/2155/1203 1253/2156/1202
f 1255/2157/1204 1256/2158/1205 1257/2159/1206
f 1255/2157/1204 1257/2159/1206 1258/2160/1207
f 1255/2157/1204 1258/2160/1207 1259/2161/1208
f 1260/2162/1209 1261/2163/1210 1262/2164/1211
f 1260/2165/1209 1262/2166/1211 1263/2167/1212
f 1260/2168/1209 1263/2169/1212 1264/2170/1213
f 1265/2171/1214 1266/2172/1215 1267/2173/1216
f 1265/2174/1214 1267/2175/1216 1268/2176/1217
f 1265/2177/1214 1268/2178/1217 1269/2179/1218
f 1270/2180/1219 1271/2181/1220 1272/2182/1221
f 1270/2183/1219 1273/2184/1222 1271/2185/1220
f 1270/2186/1219 1274/2187/1223 1273/2188/1222
f 1275/2189/1224 1276/2190/1225 1277/2191/1226
f 1275/2192/1224 1278/2193/1227 1276/2194/1225
f 1275/2195/1224 1279/2196/1228 1278/2197/1227
f 1280/2198/1229 1281/2199/1230 1282/2200/1231
f 1280/2198/1229 1282/2200/1231 1283/2201/1232
f 1280/2198/1229 1283/2201/1232 1284/2202/1233
f 1285/2203/1234 1286/2204/1235 1287/2205/1236
f 1285/2206/1234 1287/2207/1236 1288/2208/1237
f 1285/2209/1234 1288/2210/1237 1289/2211/1238
f 1290/2212/1239 1291/2213/1240 1292/2214/1241
f 1290/2215/1239 1292/2216/1241 1293/2217/1242
f 1290/2218/1239 1293/2219/1242 1294/2220/1243
f 1295/2221/1244 1296/2222/1245 1297/2223/1246
f 1295/2224/1244 1298/2225/1247 1296/2226/1245
f 1295/2224/1244 1299/2227/1248 1298/2225/1247
f 1300/2228/1249 1301/2229/1250 1302/2230/1251
f 1300/2231/1249 1303/2232/1252 1301/2233/1250
f 1300/2231/1249 1304/2234/1253 1303/2232/1252
f 1305/2235/1254 1306/2236/1255 1307/2237/1256
f 1305/2238/1254 1307/2239/1256 1308/2240/1257
f 1305/2241/1254 1308/2242/1257 1309/2243/1258
f 1310/2244/1259 1311/2245/1260 1312/2246/1261
f 1310/2247/1259 1312/2248/1261 1313/2249/1262
f 1310/2250/1259 1313/2251/1262 1314/2252/1263
f 1315/2253/1264 1316/2254/1265 1317/2255/1266
f 1315/2256/1264 1317/2257/1266 1318/2258/1267
f 1315/2259/1264 1318/2260/1267 1319/2261/1268
f 1320/2262/1269 1321/2263/1270 1322/2264/1271
f 1320/2265/1269 1323/2266/1272 1321/2267/1270
f 1320/2268/1269 1324/2269/1273 1323/2270/1272
f 1325/2271/1274 1326/2272/1275 1327/2273/1276
f 1325/2274/1274 1328/2275/1277 1326/2276/1275
f 1325/2277/1274 1329/2278/1278 1328/2279/1277
f 1330/2280/1279 1331/2281/1280 1332/2282/1281
f 1330/2283/1279 1332/2284/1281 1333/2285/1282
f 1330/2286/1279 1333/2287/1282 1334/2288/1283
f 1335/2289/1284 1336/2290/1285 1337/2291/1286
f 1335/2292/1284 1337/2293/1286 1338/2294/1287
f 1335/2295/1284 1338/2296/1287 1339/2297/1288
f 1340/2298/1289 1341/2299/1290 1342/2300/1291
f 1340/2301/1289 1342/2302/1291 1343/2303/1292
f 1340/2304/1289 1343/2305/1292 1344/2306/1293
f 1345/2307/1294 1346/2308/1295 1347/2309/1296
f 1345/2307/1294 1348/2310/1297 1346/2308/1295
f 1345/2307/1294 1349/2311/1298 1348/2310/1297
f 1350/2312/1299 1351/2313/1300 1352/2314/1301
f 1350/2315/1299 1353/2316/1302 1351/2317/1300
f 1350/2315/1299 1354/2318/1303 1353/2316/1302
f 1355/2319/1304 1356/2320/1305 1357/2321/1306
f 1355/2322/1304 1357/2323/1306 1358/2324/1307
f 1355/2325/1304 1358/2326/1307 1359/2327/1308
f 1360/2328/1309 1361/2329/1310 1362/2330/1311
f 1360/2331/1309 1362/2332/1311 1363/2333/1312
f 1360/2334/1309 1363/2335/1312 1364/2336/1313
f 1365/2337/1314 1366/2338/1315 1367/2339/1316
f 1365/2340/1314 1367/2341/1316 1368/2342/1317
f 1365/2340/1314 1368/2342/1317 1369/2343/1318
f 1370/2344/1319 1371/2345/1320 1372/2346/1321
f 1370/2347/1319 1373/2348/1322 1371/2349/1320
f 1370/2350/1319 1374/2351/1323 1373/2352/1322
f 1375/2353/1324 1376/2354/1325 1377/2355/1326
f 1375/2356/1324 1378/2357/1327 1376/2358/1325
f 1375/2359/1324 1379/2360/1328 1378/2361/1327
f 1380/2362/1329 1381/2363/1330 1382/2364/1331
f 1380/2365/1329 1382/2366/1331 1383/2367/1332
f 1380/2365/1329 1383/2367/1332 1384/2368/1333
f 1385/2369/1334 1386/2370/1335 1387/2371/1336
f 1385/2372/1334 1387/2373/1336 1388/2374/1337
f 1385/2375/1334 1388/2376/1337 1389/2377/1338
f 1390/2378/1339 1391/2379/1340 1392/2380/1341
f 1390/2381/1339 1392/2382/1341 1393/2383/1342
f 1390/2384/1339 1393/2385/1342 1394/2386/1343
f 1395/2387/1344 1396/2388/1345 1397/2389/1346
f 1395/2390/1344 1398/2391/1347 1396/2392/1345
f 1395/2393/1344 1399/2394/1348 1398/2395/1347
f 1400/2396/1349 1401/2397/1350 1402/2398/1351
f 1400/2399/1349 1403/2400/1352 1401/2401/1350
f 1400/2402/1349 1404/2403/1353 1403/2404/1352
f 1405/2405/1354 1406/2406/1355 1407/2407/1356
f 1405/2408/1354 1407/2409/1356 1408/2410/1357
f 1405/2411/1354 1408/2412/1357 1409/2413/1358
f 1410/2414/1359 1411/2415/1360 1412/2416/1361
f 1410/2417/1359 1412/2418/1361 1413/2419/1362
f 1410/2420/1359 1413/2421/1362 1414/2422/1363
f 1415/2423/1364 1416/2424/1365 1417/2425/1366
f 1415/2426/1364 1417/2427/1366 1418/2428/1367
f 1415/2429/1364 1418/2430/1367 1419/2431/1368
f 1420/2432/1369 1421/2433/1370 1422/2434/1371
f 1420/2435/1369 1423/2436/1372 1421/2437/1370
f 1420/2438/1369 1424/2439/1373 1423/2440/1372
f 1425/2441/1374 1426/2442/1375 1427/2443/1376
f 1425/2441/1374 1428/2444/1377 1426/2442/1375
f 1425/2441/1374 1429/2445/1378 1428/2444/1377
f 1430/2446/1379 1431/2447/1380 1432/2448/1381
f 1430/2449/1379 1432/2450/1381 1433/2451/1382
f 1430/2452/1379 1433/2453/1382 1434/2454/1383
f 1435/2455/1384 1436/2456/1385 1437/2457/1386
f 1435/2458/1384 1437/2459/1386 1438/2460/1387
f 1435/2461/1384 1438/2462/1387 1439/2463/1388
f 1440/2464/1389 1441/2465/1390 1442/2466/1391
f 1440/2467/1389 1442/2468/1391 1443/2469/1392
f 1440/2470/1389 1443/2471/1392 1444/2472/1393
f 1445/2473/1394 1446/2474/1395 1447/2475/1396
f 1445/2476/1394 1448/2477/1397 1446/2478/1395
f 1445/2479/1394 1449/2480/1398 1448/2481/1397
f 1450/2482/1399 1451/2483/1400 1452/2484/1401
f 1450/2485/1399 1453/2486/1402 1451/2487/1400
f 1450/2488/1399 1454/2489/1403 1453/2490/1402
f 1455/2491/1404 1456/2492/1405 1457/2493/1406
f 1455/2494/1404 1457/2495/1406 1458/2496/1407
f 1455/2497/1404 1458/2498/1407 1459/2499/1408
f 1460/2500/1409 1461/2501/1410 1462/2502/1411
f 1460/2503/1409 1462/2504/1411 1463/2505/1412
f 1460/2506/1409 1463/2507/1412 1464/2508/1413
f 1465/2509/1414 1466/2510/1415 1467/2511/1416
f 1465/2512/1414 1467/2513/1416 1468/2514/1417
f 1465/2515/1414 1468/2516/1417 1469/2517/1418
f 1470/2518/1419 1471/2519/1420 1472/2520/1421
f 1470/2521/1419 1473/2522/1422 1471/2523/1420
f 1470/2524/1419 1474/2525/1423 1473/2526/1422
f 1475/2527/1424 1476/2528/1425 1477/2529/1426
f 1475/2530/1424 1478/2531/1427 1476/2532/1425
f 1475/2533/1424 1479/2534/1428 1478/2535/1427
f 1480/2536/1429 1481/2537/1430 1482/2538/1431
f 1480/2539/1429 1482/2540/1431 1483/2541/1432
f 1480/2542/1429 1483/2543/1432 1484/2544/1433
f 1485/2545/1434 1486/2546/1435 1487/2547/1436
f 1485/2548/1434 1487/2549/1436 1488/2550/1437
f 1485/2502/1434 1488/2551/1437 1489/2552/1438
f 1490/2553/1439 1491/2554/1440 1492/2555/1441
f 1490/2556/1439 1492/2557/1441 1493/2558/1442
f 1490/2559/1439 1493/2560/1442 1494/2561/1443
f 1495/2562/1444 1496/2563/1445 1497/2564/1446
f 1495/2565/1444 1498/2566/1447 1496/2567/1445
f 1495/2568/1444 1499/2569/1448 1498/2570/1447
f 1500/2571/1449 1501/2572/1450 1502/2573/1451
f 1500/2574/1449 1503/2575/1452 1501/2576/1450
f 1500/2574/1449 1504/2577/1453 1503/2575/1452
f 1505/2578/1454 1506/2579/1455 1507/2580/1456
f 1505/2581/1454 1507/2582/1456 1508/2583/1457
f 1505/2584/1454 1508/2585/1457 1509/2586/1458
f 1510/2587/1459 1511/2588/1460 1512/2589/1461
f 1510/2590/1459 1512/2591/1461 1513/2592/1462
f 1510/2593/1459 1513/2594/1462 1514/2595/1463
f 1515/2596/1464 1516/2597/1465 1517/2598/1466
f 1515/2599/1464 1517/2600/1466 1518/2601/1467
f 1515/2602/1464 1518/2603/1467 1519/2604/1468
f 1520/2605/1469 1521/2606/1470 1522/2607/1471
f 1520/2608/1469 1523/2609/1472 1521/2610/1470
f 1520/2611/1469 1524/2612/1473 1523/2613/1472
f 1525/2614/1474 1526/2615/1475 1527/2616/1476
f 1525/2617/1474 1528/2618/1477 1526/2619/1475
f 1525/2620/1474 1529/2621/1478 1528/2622/1477
f 1530/2623/1479 1531/2624/1480 1532/2625/1481
f 1530/2626/1479 1532/2627/1481 1533/2628/1482
f 1530/2629/1479 1533/2630/1482 1534/2631/1483
f 1535/2632/1484 1536/2633/1485 1537/2634/1486
f 1535/2635/1484 1537/2636/1486 1538/2637/1487
f 1535/2638/1484 1538/2639/1487 1539/2640/1488
f 1540/2641/1489 1541/2642/1490 1542/2643/1491
f 1540/2644/1489 1542/2645/1491 1543/2646/1492
f 1540/2647/1489 1543/2648/1492 1544/2649/1493
f 1545/2650/1494 1546/2651/1495 1547/2652/1496
f 1545/2653/1494 1548/2654/1497 1546/2655/1495
f 1545/2656/1494 1549/2657/1498 1548/2658/1497
f 1550/2659/1499 1551/2660/1500 1552/2661/1501
f 1550/2662/1499 1553/2663/1502 1551/2664/1500
f 1550/2662/1499 1554/2665/1503 1553/2663/1502
f 1555/2666/1504 1556/2667/1505 1557/2668/1506
f 1555/2669/1504 1557/2670/1506 1558/2671/1507
f 1555/2672/1504 1558/2673/1507 1559/2674/1508
f 1560/2675/1509 1561/2676/1510 1562/2677/1511
f 1560/2678/1509 1562/2679/1511 1563/2680/1512
f 1560/2681/1509 1563/2682/1512 1564/2683/1513
f 1565/2684/1514 1566/2685/1515 1567/2686/1516
f 1565/2687/1514 1567/2688/1516 1568/2689/1517
f 1565/2690/1514 1568/2691/1517 1569/2692/1518
f 1570/2693/1519 1571/2694/1520 1572/2695/1521
f 1570/2696/1519 1573/2697/1522 1571/2698/1520
f 1570/2699/1519 1574/2700/1523 1573/2701/1522
f 1575/2702/1524 1576/2703/1525 1577/2704/1526
f 1575/2705/1524 1578/2706/1527 1576/2707/1525
f 1575/2708/1524 1579/2709/1528 1578/2710/1527
f 1580/2711/1529 1581/2712/1530 1582/2713/1531
f 1580/2714/1529 1582/2715/1531 1583/2716/1532
f 1580/2717/1529 1583/2718/1532 1584/2719/1533
f 1585/2720/1534 1586/2721/1535 1587/2722/1536
f 1585/2723/1534 1587/2724/1536 1588/2725/1537
f 1585/2726/1534 1588/2727/1537 1589/2728/1538
f 1590/2729/1539 1591/2730/1540 1592/2731/1541
f 1590/2732/1539 1592/2733/1541 1593/2734/1542
f 1590/2735/1539 1593/2736/1542 1594/2737/1543
f 1595/2738/1544 1596/2739/1545 1597/2740/1546
f 1595/2741/1544 1598/2742/1547 1596/2743/1545
f 1595/2744/1544 1599/2745/1548 1598/2746/1547
f 1600/2747/1549 1601/2748/1550 1602/2749/1551
f 1600/2750/1549 1603/2751/1552 1601/2752/1550
f 1600/2753/1549 1604/2754/1553 1603/2755/1552
f 1605/2756/1554 1606/2757/1555 1607/2758/1556
f 1605/2759/1554 1607/2760/1556 1608/2761/1557
f 1605/2762/1554 1608/2763/1557 1609/2764/1558
f 1610/2765/1559 1611/2766/1560 1612/2767/1561
f 1610/2768/1559 1612/2769/1561 1613/2770/1562
f 1610/2771/1559 1613/2772/1562 1614/2773/1563
f 1615/2774/1564 1616/2775/1565 1617/2776/1566
f 1615/2777/1564 1617/2778/1566 1618/2779/1567
f 1615/2780/1564 1618/2781/1567 1619/2782/1568
f 1620/2783/1569 1621/2784/1570 1622/2785/1571
f 1620/2786/1569 1623/2787/1572 1621/2788/1570
f 1620/2789/1569 1624/2790/1573 1623/2791/1572
f 1625/2792/1574 1626/2793/1575 1627/2794/1576
f 1625/2792/1574 1628/2795/1577 1626/2793/1575
f 1625/2792/1574 1629/2796/1578 1628/2795/1577
f 1630/2797/1579 1631/2798/1580 1632/2799/1581
f 1630/2800/1579 1632/2801/1581 1633/2802/1582
f 1630/2803/1579 1633/2804/1582 1634/2805/1583
f 1635/2806/1584 1636/2807/1585 1637/2808/1586
f 1635/2809/1584 1637/2810/1586 1638/2811/1587
f 1635/2812/1584 1638/2813/1587 1639/2814/1588
f 1640/2815/1589 1641/2816/1590 1642/2817/1591
f 1640/2818/1589 1642/2819/1591 1643/2820/1592
f 1640/2821/1589 1643/2822/1592 1644/2823/1593
f 1645/2824/1594 1646/2825/1595 1647/2826/1596
f 1645/2827/1594 1648/2828/1597 1646/2829/1595
f 1645/2830/1594 1649/2831/1598 1648/2832/1597
f 1650/2833/1599 1651/2834/1600 1652/2835/1601
f 1650/2836/1599 1653/2837/1602 1651/2838/1600
f 1650/2839/1599 1654/2840/1603 1653/2841/1602
f 1655/2842/1604 1656/2843/1605 1657/2844/1606
f 1655/2845/1604 1657/2846/1606 1658/2847/1607
f 1655/2848/1604 1658/2849/1607 1659/2850/1608
f 1660/2851/1609 1661/2852/1610 1662/2853/1611
f 1660/2854/1609 1662/2855/1611 1663/2856/1612
f 1660/2854/1609 1663/2856/1612 1664/2857/1613
f 1665/2858/1614 1666/2859/1615 1667/2860/1616
f 1665/2861/1614 1667/2862/1616 1668/2863/1617
f 1665/2864/1614 1668/2865/1617 1669/2866/1618
f 1670/2867/1619 1671/2868/1620 1672/2869/1621
f 1670/2870/1619 1673/2871/1622 1671/2872/1620
f 1670/2873/1619 1674/2874/1623 1673/2875/1622
f 1675/2876/1624 1676/2877/1625 1677/2878/1626
f 1675/2879/1624 1678/2880/1627 1676/2881/1625
f 1675/2882/1624 1679/2883/1628 1678/2884/1627
f 1680/2885/1629 1681/2886/1630 1682/2887/1631
f 1680/2888/1629 1682/2889/1631 1683/2890/1632
f 1680/2891/1629 1683/2892/1632 1684/2893/1633
f 1685/2894/1634 1686/2895/1635 1687/2896/1636
f 1685/2894/1634 1687/2896/1636 1688/2897/1637
f 1685/2894/1634 1688/2897/1637 1689/2898/1638
f 1690/2899/1639 1691/2900/1640 1692/2901/1641
f 1690/2902/1639 1692/2903/1641 1693/2904/1642
f 1690/2905/1639 1693/2906/1642 1694/2907/1643
f 1695/2908/1644 1696/2909/1645 1697/2910/1646
f 1695/2911/1644 1698/2912/1647 1696/2913/1645
f 1695/2914/1644 1699/2915/1648 1698/2916/1647
f 1700/2917/1649 1701/2918/1650 1702/2919/1651
f 1700/2920/1649 1703/2921/1652 1701/2922/1650
f 1700/2920/1649 1704/2923/1653 1703/2921/1652
f 1705/2924/1654 1706/2925/1655 1707/2926/1656
f 1705/2927/1654 1707/2928/1656 1708/2929/1657
f 1705/2930/1654 1708/2931/1657 1709/2932/1658
f 1710/2933/1659 1711/2934/1660 1712/2935/1661
f 1710/2936/1659 1712/2937/1661 1713/2938/1662
f 1710/2939/1659 1713/2940/1662 1714/2941/1663
f 1715/2942/1664 1716/2943/1665 1717/2944/1666
f 1715/2945/1664 1717/2946/1666 1718/2947/1667
f 1715/2945/1664 1718/2947/1667 1719/2948/1668
f 1720/2949/1669 1721/2950/1670 1722/2951/1671
f 1720/2952/1669 1723/2953/1672 1721/2954/1670
f 1720/2955/1669 1724/2956/1673 1723/2957/1672
f 1725/2958/1674 1726/2959/1675 1727/2960/1676
f 1725/2958/1674 1728/2961/1677 1726/2959/1675
f 1725/2962/1674 1729/2963/1678 1728/2964/1677
f 1730/2965/1679 1731/2966/1680 1732/2967/1681
f 1730/2968/1679 1732/2969/1681 1733/2970/1682
f 1730/2971/1679 1733/2972/1682 1734/2973/1683
f 1735/2974/1684 1736/2975/1685 1737/2976/1686
f 1735/2977/1684 1737/2978/1686 1738/2979/1687
f 1735/2980/1684 1738/2981/1687 1739/2982/1688
f 1740/2983/1689 1741/2984/1690 1742/2985/1691
f 1740/2986/1689 1742/2987/1691 1743/2988/1692
f 1740/2989/1689 1743/2990/1692 1744/2991/1693
f 1745/2992/1694 1746/2993/1695 1747/2994/1696
f 1745/2995/1694 1748/2996/1697 1746/2997/1695
f 1745/2998/1694 1749/2999/1698 1748/3000/1697
f 1750/3001/1699 1751/3002/1700 1752/3003/1701
f 1750/3004/1699 1753/3005/1702 1751/3006/1700
f 1750/3007/1699 1754/3008/1703 1753/3009/1702
f 1755/3010/1704 1756/3011/1705 1757/3012/1706
f 1755/3013/1704 1757/3014/1706 1758/3015/1707
f 1755/3016/1704 1758/3017/1707 1759/3018/1708
f 1760/3019/1709 1761/3020/1710 1762/3021/1711
f 1760/3022/1709 1762/3023/1711 1763/3024/1712
f 1760/3025/1709 1763/3026/1712 1764/3027/1713
f 1765/3028/1714 1766/3029/1715 1767/3030/1716
f 1765/3031/1714 1767/3032/1716 1768/3033/1717
f 1765/3031/1714 1768/3033/1717 1769/3034/1718
f 1770/3035/1719 1771/3036/1720 1772/3037/1721
f 1770/3038/1719 1773/3039/1722 1771/3040/1720
f 1770/3038/1719 1774/3041/1723 1773/3039/1722
f 1775/3042/1724 1776/3043/1725 1777/3044/1726
f 1775/3045/1724 1778/3046/1727 1776/3047/1725
f 1775/3048/1724 1779/3049/1728 1778/3050/1727
f 1780/3051/1729 1781/3052/1730 1782/3053/1731
f 1780/3054/1729 1782/3055/1731 1783/3056/1732
f 1780/3057/1729 1783/3058/1732 1784/3059/1733
f 1785/3060/1734 1786/3061/1735 1787/3062/1736
f 1785/3063/1734 1787/3064/1736 1788/3065/1737
f 1785/3066/1734 1788/3067/1737 1789/3068/1738
f 1790/3069/1739 1791/3070/1740 1792/3071/1741
f 1790/3072/1739 1792/3073/1741 1793/3074/1742
f 1790/3072/1739 1793/3074/1742 1794/3075/1743
f 1795/3076/1744 1796/3077/1745 1797/3078/1746
f 1795/3079/1744 1798/3080/1747 1796/3081/1745
f 1795/3082/1744 1799/3083/1748 1798/3084/1747
f 1800/3085/1749 1801/3086/1750 1802/3087/1751
f 1800/3088/1749 1803/3089/1752 1801/3090/1750
f 1800/3091/1749 1804/3092/1753 1803/3093/1752
f 1805/3094/1754 1806/3095/1755 1807/3096/1756
f 1805/3097/1754 1807/3098/1756 1808/3099/1757
f 1805/3097/1754 1808/3099/1757 1809/3100/1758
f 1810/3101/1759 1811/3102/1760 1812/3103/1761
f 1810/3104/1759 1812/3105/1761 1813/3106/1762
f 1810/3107/1759 1813/3108/1762 1814/3109/1763
f 1815/3110/1764 1816/3111/1765 1817/3112/1766
f 1815/3110/1764 1817/3112/1766 1818/3113/1767
f 1815/3114/1764 1818/3115/1767 1819/3116/1768
f 1820/3117/1769 1821/3118/1770 1822/3119/1771
f 1820/3120/1769 1823/3121/1772 1821/3122/1770
f 1820/3123/1769 1824/3124/1773 1823/3125/1772
f 1825/3126/1774 1826/3127/1775 1827/3128/1776
f 1825/3129/1774 1828/3130/1777 1826/3131/1775
f 1825/3132/1774 1829/3133/1778 1828/3134/1777
f 1830/3135/1779 1831/3136/1780 1832/3137/1781
f 1830/3138/1779 1832/3139/1781 1833/3140/1782
f 1830/3141/1779 1833/3142/1782 1834/3143/1783
f 1835/3144/1784 1836/3145/1785 1837/3146/1786
f 1835/3147/1784 1837/3148/1786 1838/3149/1787
f 1835/3150/1784 1838/3151/1787 1839/3152/1788
f 1840/3153/1789 1841/3154/1790 1842/3155/1791
f 1840/3156/1789 1842/3157/1791 1843/3158/1792
f 1840/3159/1789 1843/3160/1792 1844/3161/1793
f 1845/3162/1794 1846/3163/1795 1847/3164/1796
f 1845/3165/1794 1848/3166/1797 1846/3167/1795
f 1845/3165/1794 1849/3168/1798 1848/3166/1797
f 1850/3169/1799 1851/3170/1800 1852/3171/1801
f 1850/3172/1799 1853/3173/1802 1851/3174/1800
f 1850/3175/1799 1854/3176/1803 1853/3177/1802
f 1855/3178/1804 1856/3179/1805 1857/3180/1806
f 1855/3181/1804 1857/3182/1806 1858/3183/1807
f 1855/3181/1804 1858/3183/1807 1859/3184/1808
f 1860/3185/1809 1861/3186/1810 1862/3187/1811
f 1860/3188/1809 1862/3189/1811 1863/3190/1812
f 1860/3191/1809 1863/3192/1812 1864/3193/1813
f 1865/3194/1814 1866/3195/1815 1867/3196/1816
f 1865/3197/1814 1867/3198/1816 1868/3199/1817
f 1865/3197/1814 1868/3199/1817 1869/3200/1818
f 1870/3201/1819 1871/3202/1820 1872/3203/1821
f 1870/3204/1819 1873/3205/1822 1871/3206/1820
f 1870/3207/1819 1874/3208/1823 1873/3209/1822
f 1875/3210/1824 1876/3211/1825 1877/3212/1826
f 1875/3213/1824 1878/3214/1827 1876/3215/1825
f 1875/3216/1824 1879/3217/1828 1878/3218/1827
f 1880/3219/1829 1881/3220/1830 1882/3221/1831
f 1880/3219/1829 1882/3221/1831 1883/3222/1832
f 1880/3219/1829 1883/3222/1832 1884/3223/1833
f 1885/3224/1834 1886/3225/1835 1887/3226/1836
f 1885/3227/1834 1887/3228/1836 1888/3229/1837
f 1885/3230/1834 1888/3231/1837 1889/3232/1838
f 1890/3233/1839 1891/3234/1840 1892/3235/1841
f 1890/3233/1839 1892/3235/1841 1893/3236/1842
f 1890/3237/1839 1893/3238/1842 1894/3239/1843
f 1895/3240/1844 1896/3241/1845 1897/3242/1846
f 1895/3243/1844 1898/3244/1847 1896/3245/1845
f 1895/3243/1844 1899/3246/1848 1898/3244/1847
f 1900/3247/1849 1901/3248/1850 1902/3249/1851
f 1900/3250/1849 1903/3251/1852 1901/3252/1850
f 1900/3253/1849 1904/3254/1853 1903/3255/1852
f 1905/3256/1854 1906/3257/1855 1907/3258/1856
f 1905/3256/1854 1907/3258/1856 1908/3259/1857
f 1905/3260/1854 1908/3261/1857 1909/3262/1858
f 1910/3263/1859 1911/3264/1860 1912/3265/1861
f 1910/3266/1859 1912/3267/1861 1913/3268/1862
f 1910/3269/1859 1913/3270/1862 1914/3271/1863
f 1915/3272/1864 1916/3273/1865 1917/3274/1866
f 1915/3275/1864 1917/3276/1866 1918/3277/1867
f 1915/3278/1864 1918/3279/1867 1919/3280/1868
f 1920/3281/1869 1921/3282/1870 1922/3283/1871
f 1920/3284/1869 1923/3285/1872 1921/1897/1870
f 1920/3286/1869 1924/3287/1873 1923/3288/1872
f 1925/3289/1874 1926/3290/1875 1927/3291/1876
f 1925/3292/1874 1928/3293/1877 1926/3294/1875
f 1925/3295/1874 1929/3296/1878 1928/3297/1877
f 1930/3298/1879 1931/3299/1880 1932/3300/1881
f 1930/3301/1879 1932/3302/1881 1933/3303/1882
f 1930/3301/1879 1933/3303/1882 1934/3304/1883
f 1935/3305/1884 1936/3306/1885 1937/3307/1886
f 1935/3308/1884 1937/3309/1886 1938/3310/1887
f 1935/3311/1884 1938/3312/1887 1939/3313/1888
f 1940/3314/1889 1941/3315/1890 1942/3316/1891
f 1940/3317/1889 1942/3318/1891 1943/3319/1892
f 1940/3320/1889 1943/3321/1892 1944/3322/1893
f 1945/3323/1894 1946/3324/1895 1947/3325/1896
f 1945/3326/1894 1948/2106/1897 1946/3327/1895
f 1945/3328/1894 1949/3329/1898 1948/3330/1897
f 1950/3331/1899 1951/3332/1900 1952/3333/1901
f 1950/3334/1899 1953/3335/1902 1951/3336/1900
f 1950/3337/1899 1954/3338/1903 1953/3339/1902
f 1955/3340/1904 1956/3341/1905 1957/3342/1906
f 1955/3343/1904 1957/3344/1906 1958/3345/1907
f 1955/3346/1904 1958/3347/1907 1959/3348/1908
f 1960/3349/1909 1961/3350/1910 1962/3351/1911
f 1960/3352/1909 1962/3353/1911 1963/3354/1912
f 1960/3352/1909 1963/3354/1912 1964/3355/1913
f 1965/3356/1914 1966/3357/1915 1967/3358/1916
f 1965/3359/1914 1967/3360/1916 1968/3361/1917
f 1965/3362/1914 1968/3363/1917 1969/3364/1918
f 1970/3365/1919 1971/3366/1920 1972/3367/1921
f 1970/3368/1919 1973/3369/1922 1971/3370/1920
f 1970/3371/1919 1974/3372/1923 1973/3373/1922
f 1975/3374/1924 1976/3375/1925 1977/3376/1926
f 1975/3377/1924 1978/3378/1927 1976/3379/1925
f 1975/3380/1924 1979/3381/1928 1978/3382/1927
f 1980/3383/1929 1981/3384/1930 1982/3385/1931
f 1980/3386/1929 1982/3387/1931 1983/3388/1932
f 1980/3389/1929 1983/3390/1932 1984/3391/1933
f 1985/3392/1934 1986/3393/1935 1987/3394/1936
f 1985/3395/1934 1987/3396/1936 1988/3397/1937
f 1985/3395/1934 1988/3397/1937 1989/3398/1938
f 1990/3399/1939 1991/3400/1940 1992/3401/1941
f 1990/3402/1939 1992/3403/1941 1993/3404/1942
f 1990/3405/1939 1993/3406/1942 1994/3407/1943
f 1995/3408/1944 1996/3409/1945 1997/3410/1946
f 1995/3411/1944 1998/3412/1947 1996/3413/1945
f 1995/3414/1944 1999/3415/1948 1998/3416/1947
f 2000/3417/1949 2001/3418/1950 2002/3419/1951
f 2000/3420/1949 2003/3421/1952 2001/3422/1950
f 2000/3423/1949 2004/3424/1953 2003/3425/1952
f 2005/3426/1954 2006/3427/1955 2007/3428/1956
f 2005/3429/1954 2007/3430/1956 2008/3431/1957
f 2005/3432/1954 2008/3433/1957 2009/3434/1958
f 2010/3435/1959 2011/3436/1960 2012/3437/1961
f 2010/3438/1959 2012/3439/1961 2013/3440/1962
f 2010/3441/1959 2013/3442/1962 2014/3443/1963
f 2015/3444/1964 2016/3445/1965 2017/3446/1966
f 2015/3447/1964 2017/3448/1966 2018/3449/1967
f 2015/3450/1964 2018/3451/1967 2019/3452/1968
f 2020/3453/1969 2021/3454/1970 2022/3455/1971
f 2020/3456/1969 2023/3457/1972 2021/3458/1970
f 2020/3459/1969 2024/3460/1973 2023/3461/1972
f 2025/3462/1974 2026/3463/1975 2027/3464/1976
f 2025/3465/1974 2028/3466/1977 2026/3467/1975
f 2025/3468/1974 2029/3469/1978 2028/3470/1977
f 2030/3471/1979 2031/3472/1980 2032/3473/1981
f 2030/3474/1979 2032/3475/1981 2033/3476/1982
f 2030/3477/1979 2033/3478/1982 2034/3479/1983
f 2035/3480/1984 2036/3481/1985 2037/3482/1986
f 2035/3483/1984 2037/3484/1986 2038/3485/1987
f 2035/3486/1984 2038/3487/1987 2039/3488/1988
f 2040/3489/1989 2041/3490/1990 2042/3491/1991
f 2040/3492/1989 2042/3493/1991 2043/3494/1992
f 2040/3495/1989 2043/3496/1992 2044/3497/1993
f 2045/3498/1994 2046/3499/1995 2047/3500/1996
f 2045/3501/1994 2048/3502/1997 2046/3503/1995
f 2045/3504/1994 2049/3505/1998 2048/3506/1997
f 2050/3507/1999 2051/3508/2000 2052/3509/2001
f 2050/3510/1999 2053/3511/2002 2051/3512/2000
f 2050/3513/1999 2054/3514/2003 2053/3515/2002
f 2055/3516/2004 2056/3517/2005 2057/3518/2006
f 2055/3519/2004 2057/3520/2006 2058/3521/2007
f 2055/3522/2004 2058/3523/2007 2059/3524/2008
f 2060/3525/2009 2061/3526/2010 2062/3527/2011
f 2060/3528/2009 2062/3529/2011 2063/3530/2012
f 2060/3531/2009 2063/3532/2012 2064/3533/2013
f 2065/3534/2014 2066/3535/2015 2067/3536/2016
f 2065/3537/2014 2067/3538/2016 2068/3539/2017
f 2065/3540/2014 2068/3541/2017 2069/3542/2018
f 2070/3543/2019 2071/3544/2020 2072/3545/2021
f 2070/3546/2019 2073/3547/2022 2071/3548/2020
f 2070/3549/2019 2074/3550/2023 2073/3551/2022
f 2075/3552/2024 2076/3553/2025 2077/3554/2026
f 2075/3552/2024 2078/3555/2027 2076/3553/2025
f 2075/3556/2024 2079/3557/2028 2078/3558/2027
f 2080/3559/2029 2081/3560/2030 2082/3561/2031
f 2080/3562/2029 2082/3563/2031 2083/3564/2032
f 2080/3565/2029 2083/3566/2032 2084/3567/2033
f 2085/3568/2034 2086/3569/2035 2087/3570/2036
f 2085/3571/2034 2087/3572/2036 2088/3573/2037
f 2085/3574/2034 2088/3575/2037 2089/3576/2038
f 2090/3577/2039 2091/3578/2040 2092/3579/2041
f 2090/3580/2039 2092/3581/2041 2093/3582/2042
f 2090/3583/2039 2093/3584/2042 2094/3585/2043
f 2095/3586/2044 2096/3587/2045 2097/3588/2046
f 2095/3589/2044 2098/3590/2047 2096/3591/2045
f 2095/3592/2044 2099/3593/2048 2098/3594/2047
f 2100/3595/2049 2101/3596/2050 2102/3597/2051
f 2100/3598/2049 2103/3599/2052 2101/3600/2050
f 2100/3601/2049 2104/3602/2053 2103/3603/2052
f 2105/3604/2054 2106/3605/2055 2107/3606/2056
f 2105/3607/2054 2107/3608/2056 2108/3609/2057
f 2105/3610/2054 2108/3611/2057 2109/3612/2058
f 2110/3613/2059 2111/3614/2060 2112/3615/2061
f 2110/3613/2059 2112/3615/2061 2113/3616/2062
f 2110/3617/2059 2113/3618/2062 2114/3619/2063
f 2115/3620/2064 2116/3621/2065 2117/3463/2066
f 2115/3622/2064 2117/3623/2066 2118/3624/2067
f 2115/3625/2064 2118/3626/2067 2119/3627/2068
f 2120/3628/2069 2121/3629/2070 2122/3630/2071
f 2120/3631/2069 2123/3632/2072 2121/3633/2070
f 2120/3634/2069 2124/3635/2073 2123/3636/2072
f 2125/3637/2074 2126/3638/2075 2127/3639/2076
f 2125/3640/2074 2128/3641/2077 2126/3642/2075
f 2125/3643/2074 2129/3644/2078 2128/3645/2077
f 2130/3646/2079 2131/3647/2080 2132/3648/2081
f 2130/3649/2079 2132/3650/2081 2133/3651/2082
f 2130/3652/2079 2133/3653/2082 2134/3654/2083
f 2135/3655/2084 2136/3656/2085 2137/3657/2086
f 2135/3658/2084 2137/3659/2086 2138/3660/2087
f 2135/3661/2084 2138/3662/2087 2139/3663/2088
f 2140/3664/2089 2141/3665/2090 2142/3666/2091
f 2140/3667/2089 2142/3668/2091 2143/3669/2092
f 2140/3670/2089 2143/3671/2092 2144/3672/2093
f 2145/3673/2094 2146/3674/2095 2147/3675/2096
f 2145/3676/2094 2148/3677/2097 2146/3678/2095
f 2145/3679/2094 2149/3680/2098 2148/3681/2097
f 2150/3682/2099 2151/3683/2100 2152/3684/2101
f 2150/3685/2099 2153/3686/2102 2151/3687/2100
f 2150/3688/2099 2154/3689/2103 2153/3690/2102
f 2155/3691/2104 2156/3692/2105 2157/3693/2106
f 2155/3694/2104 2157/3695/2106 2158/3696/2107
f 2155/3697/2104 2158/3698/2107 2159/3699/2108
f 2160/3700/2109 2161/3701/2110 2162/3702/2111
f 2160/3700/2109 2162/3702/2111 2163/3703/2112
f 2160/3704/2109 2163/3705/2112 2164/3706/2113
f 2165/3707/2114 2166/3708/2115 2167/3709/2116
f 2165/3710/2114 2167/3711/2116 2168/3712/2117
f 2165/3713/2114 2168/3714/2117 2169/3715/2118
f 2170/3716/2119 2171/3717/2120 2172/3718/2121
f 2170/3719/2119 2173/3720/2122 2171/3721/2120
f 2170/3722/2119 2174/3723/2123 2173/3724/2122
f 2175/3725/2124 2176/3726/2125 2177/3727/2126
f 2175/3728/2124 2178/3729/2127 2176/3730/2125
f 2175/3731/2124 2179/3732/2128 2178/3733/2127
f 2180/3734/2129 2181/3735/2130 2182/3736/2131
f 2180/3737/2129 2182/3738/2131 2183/3739/2132
f 2180/3740/2129 2183/3741/2132 2184/3742/2133
f 2185/3743/2134 2186/3744/2135 2187/3745/2136
f 2185/3746/2134 2187/3747/2136 2188/3748/2137
f 2185/3749/2134 2188/3750/2137 2189/3751/2138
f 2190/3752/2139 2191/3753/2140 2192/3754/2141
f 2190/3755/2139 2192/3756/2141 2193/3757/2142
f 2190/3758/2139 2193/3759/2142 2194/3760/2143
f 2195/3761/2144 2196/3762/2145 2197/3763/2146
f 2195/3764/2144 2198/3765/2147 2196/3766/2145
f 2195/3767/2144 2199/3768/2148 2198/3769/2147
f 2200/3770/2149 2201/3771/2150 2202/3772/2151
f 2200/3770/2149 2203/3773/2152 2201/3771/2150
f 2200/3770/2149 2204/3774/2153 2203/3773/2152
f 2205/3775/2154 2206/3776/2155 2207/3777/2156
f 2205/3778/2154 2207/3779/2156 2208/3780/2157
f 2205/3781/2154 2208/3782/2157 2209/3783/2158
f 2210/3784/2159 2211/3785/2160 2212/3786/2161
f 2210/3787/2159 2212/3788/2161 2213/3789/2162
f 2210/3790/2159 2213/3791/2162 2214/3792/2163
f 2215/3793/2164 2216/3794/2165 2217/3795/2166
f 2215/3796/2164 2217/3797/2166 2218/3798/2167
f 2215/3799/2164 2218/3800/2167 2219/3801/2168
f 2220/3802/2169 2221/3803/2170 2222/3804/2171
f 2220/3805/2169 2223/3806/2172 2221/3807/2170
f 2220/3808/2169 2224/3809/2173 2223/3810/2172
f 2225/3811/2174 2226/3812/2175 2227/3813/2176
f 2225/3814/2174 2228/3815/2177 2226/3816/2175
f 2225/3814/2174 2229/3817/2178 2228/3815/2177
f 2230/3818/2179 2231/3819/2180 2232/3820/2181
f 2230/3821/2179 2232/3822/2181 2233/3823/2182
f 2230/3824/2179 2233/3825/2182 2234/3826/2183
f 2235/3827/2184 2236/3828/2185 2237/3829/2186
f 2235/3830/2184 2237/3831/2186 2238/3832/2187
f 2235/3833/2184 2238/3834/2187 2239/3835/2188
f 2240/3836/2189 2241/3837/2190 2242/3838/2191
f 2240/3839/2189 2242/3840/2191 2243/3841/2192
f 2240/3842/2189 2243/3843/2192 2244/3844/2193
f 2245/3845/2194 2246/3846/2195 2247/3847/2196
f 2245/3848/2194 2248/3849/2197 2246/3850/2195
f 2245/3851/2194 2249/3852/2198 2248/3853/2197
f 2250/3854/2199 2251/3855/2200 2252/3856/2201
f 2250/3857/2199 2253/3858/2202 2251/3859/2200
f 2250/3860/2199 2254/3861/2203 2253/3862/2202
f 2255/3863/2204 2256/3864/2205 2257/3865/2206
f 2255/3866/2204 2257/3867/2206 2258/3868/2207
f 2255/3869/2204 2258/3870/2207 2259/3871/2208
f 2260/3872/2209 2261/3873/2210 2262/3874/2211
f 2260/3875/2209 2262/3876/2211 2263/3877/2212
f 2260/3878/2209 2263/3879/2212 2264/3880/2213
f 2265/3881/2214 2266/3882/2215 2267/3883/2216
f 2265/3884/2214 2267/3885/2216 2268/3886/2217
f 2265/3887/2214 2268/3888/2217 2269/3889/2218
f 2270/3890/2219 2271/3891/2220 2272/3892/2221
f 2270/3893/2219 2273/3894/2222 2271/3895/2220
f 2270/3893/2219 2274/3896/2223 2273/3894/2222
f 2275/3897/2224 2276/3898/2225 2277/3899/2226
f 2275/3900/2224 2278/3901/2227 2276/3902/2225
f 2275/3903/2224 2279/3904/2228 2278/3905/2227
f 2280/3906/2229 2281/3907/2230 2282/3908/2231
f 2280/3909/2229 2282/3910/2231 2283/3911/2232
f 2280/3912/2229 2283/3913/2232 2284/3914/2233
f 2285/3915/2234 2286/3916/2235 2287/3917/2236
f 2285/3918/2234 2287/3919/2236 2288/3920/2237
f 2285/3921/2234 2288/3922/2237 2289/3923/2238
f 2290/3924/2239 2291/3925/2240 2292/3926/2241
f 2290/3927/2239 2292/3928/2241 2293/3929/2242
f 2290/3930/2239 2293/3931/2242 2294/3932/2243
f 2295/3933/2244 2296/3934/2245 2297/3935/2246
f 2295/3936/2244 2298/3937/2247 2296/3938/2245
f 2295/3939/2244 2299/3940/2248 2298/3941/2247
f 2300/3942/2249 2301/3943/2250 2302/3944/2251
f 2300/3945/2249 2303/3946/2252 2301/3947/2250
f 2300/3948/2249 2304/3949/2253 2303/3950/2252
f 2305/3951/2254 2306/3952/2255 2307/3953/2256
f 2305/3954/2254 2307/3955/2256 2308/3956/2257
f 2305/3957/2254 2308/3958/2257 2309/3959/2258
f 2310/3960/2259 2311/3961/2260 2312/3962/2261
f 2310/3963/2259 2312/3964/2261 2313/3965/2262
f 2310/3966/2259 2313/3967/2262 2314/3968/2263
f 2315/3969/2264 2316/3970/2265 2317/3971/2266
f 2315/3972/2264 2317/3973/2266 2318/3974/2267
f 2315/3975/2264 2318/3976/2267 2319/3977/2268
f 2320/3978/2269 2321/3979/2270 2322/3980/2271
f 2320/3981/2269 2323/3982/2272 2321/3983/2270
f 2320/3984/2269 2324/3985/2273 2323/3986/2272
f 2325/3987/2274 2326/3988/2275 2327/3989/2276
f 2325/3990/2274 2328/3991/2277 2326/3992/2275
f 2325/3993/2274 2329/3994/2278 2328/3995/2277
f 2330/3996/2279 2331/3997/2280 2332/3998/2281
f 2330/3999/2279 2332/4000/2281 2333/4001/2282
f 2330/4002/2279 2333/4003/2282 2334/4004/2283
f 2335/4005/2284 2336/4006/2285 2337/4007/2286
f 2335/4008/2284 2337/4009/2286 2338/4010/2287
f 2335/4011/2284 2338/4012/2287 2339/4013/2288
f 2340/4014/2289 2341/4015/2290 2342/4016/2291
f 2340/4017/2289 2342/4018/2291 2343/4019/2292
f 2340/4017/2289 2343/4019/2292 2344/4020/2293
f 2345/4021/2294 2346/4022/2295 2347/4023/2296
f 2345/4021/2294 2348/4024/2297 2346/4022/2295
f 2345/4025/2294 2349/4026/2298 2348/4027/2297
f 2350/4028/2299 2351/4029/2300 2352/4030/2301
f 2350/4031/2299 2353/4032/2302 2351/4033/2300
f 2350/4034/2299 2354/4035/2303 2353/4036/2302
f 2355/4037/2304 2356/4038/2305 2357/4039/2306
f 2355/4040/2304 2357/4041/2306 2358/4042/2307
f 2355/4040/2304 2358/4042/2307 2359/4043/2308
f 2360/4044/2309 2361/4045/2310 2362/4046/2311
f 2360/4047/2309 2362/4048/2311 2363/4049/2312
f 2360/4050/2309 2363/4051/2312 2364/4052/2313
f 2365/4053/2314 2366/4054/2315 2367/4055/2316
f 2365/4053/2314 2367/4055/2316 2368/4056/2317
f 2365/4053/2314 2368/4056/2317 2369/4057/2318
f 2370/1698/2319 2371/4058/2320 2372/4059/2321
f 2370/4060/2319 2373/4061/2322 2371/4062/2320
f 2370/4060/2319 2374/4063/2323 2373/4061/2322
f 2375/4064/2324 2376/4065/2325 2377/4066/2326
f 2375/4067/2324 2378/4068/2327 2376/4069/2325
f 2375/4070/2324 2379/4071/2328 2378/4072/2327
f 2380/4073/2329 2381/4074/2330 2382/4075/2331
f 2380/4073/2329 2382/4075/2331 2383/4076/2332
f 2380/4077/2329 2383/4078/2332 2384/4079/2333
f 2385/4080/2334 2386/4081/2335 2387/4082/2336
f 2385/4083/2334 2387/4084/2336 2388/4085/2337
f 2385/4086/2334 2388/4087/2337 2389/4088/2338
f 2390/4089/2339 2391/4090/2340 2392/2606/2341
f 2390/4091/2339 2392/4092/2341 2393/4093/2342
f 2390/4094/2339 2393/4095/2342 2394/4096/2343
f 2395/4097/2344 2396/4098/2345 2397/4099/2346
f 2395/4100/2344 2398/4101/2347 2396/4102/2345
f 2395/4103/2344 2399/4104/2348 2398/4105/2347
f 2400/4106/2349 2401/4107/2350 2402/4108/2351
f 2400/4109/2349 2403/4110/2352 2401/4111/2350
f 2400/4109/2349 2404/4112/2353 2403/4110/2352
f 2405/4113/2354 2406/4114/2355 2407/4115/2356
f 2405/4116/2354 2407/4117/2356 2408/4118/2357
f 2405/4119/2354 2408/4120/2357 2409/4121/2358
f 2410/4122/2359 2411/4123/2360 2412/4124/2361
f 2410/4125/2359 2412/4126/2361 2413/4127/2362
f 2410/4128/2359 2413/4129/2362 2414/4130/2363
f 2415/4131/2364 2416/4132/2365 2417/4133/2366
f 2415/4134/2364 2417/4135/2366 2418/4136/2367
f 2415/4137/2364 2418/4138/2367 2419/4139/2368
f 2420/4140/2369 2421/4141/2370 2422/4142/2371
f 2420/4143/2369 2423/4144/2372 2421/4145/2370
f 2420/4146/2369 2424/4147/2373 2423/4148/2372
f 2425/4149/2374 2426/4150/2375 2427/4151/2376
f 2425/4152/2374 2428/4153/2377 2426/4154/2375
f 2425/4152/2374 2429/4155/2378 2428/4153/2377
f 2430/4156/2379 2431/4157/2380 2432/4158/2381
f 2430/4159/2379 2432/4160/2381 2433/4161/2382
f 2430/4162/2379 2433/4163/2382 2434/4164/2383
f 2435/4165/2384 2436/4166/2385 2437/4167/2386
f 2435/4168/2384 2437/4169/2386 2438/4170/2387
f 2435/4171/2384 2438/4172/2387 2439/4173/2388
f 2440/4174/2389 2441/4175/2390 2442/4176/2391
f 2440/4177/2389 2442/4178/2391 2443/4179/2392
f 2440/4180/2389 2443/4181/2392 2444/4182/2393
f 2445/4183/2394 2446/4184/2395 2447/4185/2396
f 2445/4186/2394 2448/4187/2397 2446/4188/2395
f 2445/4189/2394 2449/4190/2398 2448/4191/2397
f 2450/4192/2399 2451/4193/2400 2452/4194/2401
f 2450/4195/2399 2453/4196/2402 2451/4197/2400
f 2450/4195/2399 2454/4198/2403 2453/4196/2402
f 2455/4199/2404 2456/4200/2405 2457/4201/2406
f 2455/4202/2404 2457/4203/2406 2458/4204/2407
f 2455/4205/2404 2458/4206/2407 2459/4207/2408
f 2460/4208/2409 2461/4209/2410 2462/4210/2411
f 2460/4211/2409 2462/4212/2411 2463/4213/2412
f 2460/4214/2409 2463/4215/2412 2464/4216/2413
f 2465/4217/2414 2466/4218/2415 2467/4219/2416
f 2465/4220/2414 2467/4221/2416 2468/4222/2417
f 2465/4223/2414 2468/4224/2417 2469/4225/2418
f 2470/4226/2419 2471/4227/2420 2472/4228/2421
f 2470/4229/2419 2473/4230/2422 2471/4231/2420
f 2470/4232/2419 2474/4233/2423 2473/4234/2422
f 2475/4235/2424 2476/4236/2425 2477/4237/2426
f 2475/4238/2424 2478/4239/2427 2476/4240/2425
f 2475/4241/2424 2479/4242/2428 2478/4243/2427
f 2480/4244/2429 2481/4245/2430 2482/4246/2431
f 2480/4247/2429 2482/4248/2431 2483/4249/2432
f 2480/4250/2429 2483/4251/2432 2484/4252/2433
f 2485/4253/2434 2486/4254/2435 2487/4255/2436
f 2485/4256/2434 2487/4257/2436 2488/4258/2437
f 2485/4259/2434 2488/4260/2437 2489/4261/2438
f 2490/4262/2439 2491/4263/2440 2492/4264/2441
f 2490/4265/2439 2492/4266/2441 2493/4267/2442
f 2490/4265/2439 2493/4267/2442 2494/4268/2443
f 2495/4269/2444 2496/4270/2445 2497/4271/2446
f 2495/4269/2444 2498/4272/2447 2496/4270/2445
f 2495/4273/2444 2499/4274/2448 2498/4275/2447
f 2500/4276/2449 2501/4277/2450 2502/4278/2451
f 2500/4279/2449 2503/4280/2452 2501/4281/2450
f 2500/4282/2449 2504/4283/2453 2503/4284/2452
f 2505/4285/2454 2506/4286/2455 2507/4287/2456
f 2505/4288/2454 2507/4289/2456 2508/4290/2457
f 2505/4291/2454 2508/4292/2457 2509/4293/2458
f 2510/4294/2459 2511/4295/2460 2512/4296/2461
f 2510/4297/2459 2512/4298/2461 2513/4299/2462
f 2510/4300/2459 2513/4301/2462 2514/4302/2463
f 2515/4303/2464 2516/4304/2465 2517/4305/2466
f 2515/4303/2464 2517/4305/2466 2518/4306/2467
f 2515/4307/2464 2518/4308/2467 2519/4309/2468
f 2520/4310/2469 2521/4311/2470 2522/4312/2471
f 2520/4310/2469 2523/4313/2472 2521/4311/2470
f 2520/4314/2469 2524/4315/2473 2523/4316/2472
f 2525/4317/2474 2526/4318/2475 2527/4319/2476
f 2525/4320/2474 2528/4321/2477 2526/4322/2475
f 2525/4323/2474 2529/4324/2478 2528/4325/2477
f 2530/4326/2479 2531/4327/2480 2532/4328/2481
f 2530/4329/2479 2532/4330/2481 2533/4331/2482
f 2530/4332/2479 2533/4333/2482 2534/4334/2483
f 2535/4335/2484 2536/4336/2485 2537/2886/2486
f 2535/4337/2484 2537/4338/2486 2538/4339/2487
f 2535/4340/2484 2538/4341/2487 2539/4342/2488
f 2540/4343/2489 2541/4344/2490 2542/4345/2491
f 2540/4346/2489 2542/4347/2491 2543/4348/2492
f 2540/4349/2489 2543/4350/2492 2544/4351/2493
f 2545/4352/2494 2546/4353/2495 2547/4354/2496
f 2545/4355/2494 2548/4356/2497 2546/4357/2495
f 2545/4358/2494 2549/4359/2498 2548/4360/2497
f 2550/4361/2499 2551/4362/2500 2552/4363/2501
f 2550/4364/2499 2553/4365/2502 2551/4366/2500
f 2550/4367/2499 2554/4368/2503 2553/4369/2502
f 2555/4370/2504 2556/4371/2505 2557/4372/2506
f 2555/4373/2504 2557/4374/2506 2558/4375/2507
f 2555/4376/2504 2558/4377/2507 2559/4378/2508
f 2560/4379/2509 2561/4380/2510 2562/4381/2511
f 2560/4382/2509 2562/4383/2511 2563/4384/2512
f 2560/4385/2509 2563/4386/2512 2564/4387/2513
f 2565/4388/2514 2566/4389/2515 2567/4390/2516
f 2565/4391/2514 2567/4392/2516 2568/4393/2517
f 2565/4394/2514 2568/4395/2517 2569/4396/2518
f 2570/4397/2519 2571/4398/2520 2572/4399/2521
f 2570/4400/2519 2573/4401/2522 2571/4402/2520
f 2570/4403/2519 2574/4404/2523 2573/4405/2522
f 2575/4406/2524 2576/4407/2525 2577/4408/2526
f 2575/4409/2524 2578/4410/2527 2576/4411/2525
f 2575/4412/2524 2579/4413/2528 2578/4414/2527
f 2580/4415/2529 2581/4416/2530 2582/4417/2531
f 2580/4418/2529 2582/4419/2531 2583/4420/2532
f 2580/4421/2529 2583/4422/2532 2584/4423/2533
f 2585/4424/2534 2586/4425/2535 2587/4426/2536
f 2585/4427/2534 2587/4428/2536 2588/4429/2537
f 2585/4430/2534 2588/4431/2537 2589/4432/2538
f 2590/4433/2539 2591/4434/2540 2592/4435/2541
f 2590/4436/2539 2592/4437/2541 2593/4438/2542
f 2590/4439/2539 2593/4440/2542 2594/4441/2543
f 2595/4442/2544 2596/4443/2545 2597/4444/2546
f 2595/4445/2544 2598/4446/2547 2596/4447/2545
f 2595/4448/2544 2599/4449/2548 2598/4450/2547
f 2600/4451/2549 2601/4452/2550 2602/4453/2551
f 2600/4454/2549 2603/4455/2552 2601/3045/2550
f 2600/4456/2549 2604/4457/2553 2603/4458/2552
f 2605/4459/2554 2606/4460/2555 2607/4461/2556
f 2605/4462/2554 2607/4463/2556 2608/4464/2557
f 2605/4465/2554 2608/4466/2557 2609/4467/2558
f 2610/4468/2559 2611/4469/2560 2612/4470/2561
f 2610/4471/2559 2612/4472/2561 2613/4473/2562
f 2610/4474/2559 2613/4475/2562 2614/4476/2563
f 2615/4477/2564 2616/4478/2565 2617/4479/2566
f 2615/4480/2564 2617/4481/2566 2618/4482/2567
f 2615/4483/2564 2618/4484/2567 2619/4485/2568
f 2620/4486/2569 2621/4487/2570 2622/4488/2571
f 2620/4489/2569 2623/4490/2572 2621/4491/2570
f 2620/4492/2569 2624/4493/2573 2623/4494/2572
f 2625/4495/2574 2626/4496/2575 2627/4497/2576
f 2625/4498/2574 2628/4499/2577 2626/4500/2575
f 2625/4501/2574 2629/4502/2578 2628/4503/2577
f 2630/4504/2579 2631/4505/2580 2632/4506/2581
f 2630/4507/2579 2632/4001/2581 2633/4508/2582
f 2630/4509/2579 2633/4510/2582 2634/4511/2583
f 2635/4512/2584 2636/4513/2585 2637/4514/2586
f 2635/4515/2584 2637/4516/2586 2638/4517/2587
f 2635/4518/2584 2638/4519/2587 2639/4520/2588
f 2640/4521/2589 2641/4522/2590 2642/4523/2591
f 2640/4524/2589 2642/4525/2591 2643/4526/2592
f 2640/4527/2589 2643/4528/2592 2644/4529/2593
f 2645/4530/2594 2646/4531/2595 2647/4532/2596
f 2645/4533/2594 2648/4534/2597 2646/4535/2595
f 2645/4536/2594 2649/4537/2598 2648/4538/2597
f 2650/4539/2599 2651/4540/2600 2652/4541/2601
f 2650/4542/2599 2653/4543/2602 2651/4544/2600
f 2650/4545/2599 2654/4546/2603 2653/4547/2602
f 2655/4548/2604 2656/4549/2605 2657/4550/2606
f 2655/4551/2604 2657/4552/2606 2658/4553/2607
f 2655/4554/2604 2658/4104/2607 2659/4555/2608
f 2660/4556/2609 2661/4557/2610 2662/4558/2611
f 2660/4559/2609 2662/4560/2611 2663/4561/2612
f 2660/4559/2609 2663/4561/2612 2664/4562/2613
f 2665/4563/2614 2666/4564/2615 2667/4565/2616
f 2665/4566/2614 2667/4567/2616 2668/4568/2617
f 2665/4569/2614 2668/4570/2617 2669/4571/2618
f 2670/4572/2619 2671/4573/2620 2672/4574/2621
f 2670/4575/2619 2673/4576/2622 2671/4577/2620
f 2670/4578/2619 2674/4579/2623 2673/4580/2622
f 2675/4581/2624 2676/4582/2625 2677/4583/2626
f 2675/4584/2624 2678/4585/2627 2676/4586/2625
f 2675/4587/2624 2679/4588/2628 2678/4589/2627
f 2680/4590/2629 2681/4591/2630 2682/4592/2631
f 2680/4593/2629 2682/4594/2631 2683/4595/2632
f 2680/4596/2629 2683/4597/2632 2684/4598/2633
f 2685/4599/2634 2686/4600/2635 2687/4601/2636
f 2685/4602/2634 2687/4603/2636 2688/4604/2637
f 2685/4605/2634 2688/4606/2637 2689/4607/2638
f 2690/4608/2639 2691/4609/2640 2692/4610/2641
f 2690/4611/2639 2692/4612/2641 2693/4110/2642
f 2690/4613/2639 2693/4614/2642 2694/4615/2643
f 2695/4616/2644 2696/4617/2645 2697/4618/2646
f 2695/4619/2644 2698/4620/2647 2696/4621/2645
f 2695/4622/2644 2699/4623/2648 2698/4624/2647
f 2700/4625/2649 2701/4626/2650 2702/4627/2651
f 2700/4628/2649 2703/4629/2652 2701/4630/2650
f 2700/4631/2649 2704/4632/2653 2703/4633/2652
f 2705/4634/2654 2706/4635/2655 2707/4636/2656
f 2705/4637/2654 2707/4638/2656 2708/4639/2657
f 2705/4640/2654 2708/4641/2657 2709/4642/2658
f 2710/4643/2659 2711/4644/2660 2712/4645/2661
f 2710/4646/2659 2712/4647/2661 2713/4648/2662
f 2710/4646/2659 2713/4648/2662 2714/4649/2663
f 2715/4650/2664 2716/4651/2665 2717/4652/2666
f 2715/4650/2664 2717/4652/2666 2718/4653/2667
f 2715/4650/2664 2718/4653/2667 2719/4654/2668
f 2720/4655/2669 2721/4656/2670 2722/4657/2671
f 2720/4658/2669 2723/4659/2672 2721/4660/2670
f 2720/4661/2669 2724/4662/2673 2723/4663/2672
f 2725/4664/2674 2726/4665/2675 2727/4666/2676
f 2725/4667/2674 2728/4668/2677 2726/4669/2675
f 2725/4670/2674 2729/4671/2678 2728/4672/2677
f 2730/4673/2679 2731/4674/2680 2732/4675/2681
f 2730/4673/2679 2732/4675/2681 2733/4676/2682
f 2730/4673/2679 2733/4676/2682 2734/4677/2683
f 2735/4678/2684 2736/4679/2685 2737/4680/2686
f 2735/4681/2684 2737/4682/2686 2738/4683/2687
f 2735/4684/2684 2738/4685/2687 2739/4686/2688
f 2740/4687/2689 2741/4688/2690 2742/4689/2691
f 2740/4687/2689 2742/4689/2691 2743/4690/2692
f 2740/4687/2689 2743/4690/2692 2744/4691/2693
f 2745/4692/2694 2746/4693/2695 2747/4694/2696
f 2745/4695/2694 2748/4696/2697 2746/4410/2695
f 2745/4695/2694 2749/4697/2698 2748/4696/2697
f 2750/4698/2699 2751/4699/2700 2752/4700/2701
f 2750/4701/2699 2753/4702/2702 2751/4703/2700
f 2750/4704/2699 2754/4705/2703 2753/4706/2702
f 2755/4707/2704 2756/4708/2705 2757/4709/2706
f 2755/4707/2704 2757/4709/2706 2758/4710/2707
f 2755/4711/2704 2758/4712/2707 2759/4713/2708
f 2760/4714/2709 2761/4715/2710 2762/4716/2711
f 2760/4717/2709 2762/4718/2711 2763/4719/2712
f 2760/4720/2709 2763/4721/2712 2764/4722/2713
f 2765/4723/2714 2766/4724/2715 2767/4725/2716
f 2765/4726/2714 2767/4727/2716 2768/4728/2717
f 2765/4729/2714 2768/4730/2717 2769/4731/2718
f 2770/4732/2719 2771/4733/2720 2772/4734/2721
f 2770/4735/2719 2773/4736/2722 2771/4737/2720
f 2770/4738/2719 2774/4739/2723 2773/4740/2722
f 2775/4741/2724 2776/4742/2725 2777/4743/2726
f 2775/4744/2724 2778/4745/2727 2776/4746/2725
f 2775/4747/2724 2779/4748/2728 2778/4749/2727
f 2780/4750/2729 2781/4751/2730 2782/4752/2731
f 2780/4753/2729 2782/4754/2731 2783/4755/2732
f 2780/4753/2729 2783/4755/2732 2784/4756/2733
f 2785/4757/2734 2786/4758/2735 2787/4759/2736
f 2785/4760/2734 2787/4761/2736 2788/4762/2737
f 2785/4763/2734 2788/4764/2737 2789/4765/2738
f 2790/4766/2739 2791/4767/2740 2792/4768/2741
f 2790/4766/2739 2792/4768/2741 2793/4769/2742
f 2790/4770/2739 2793/4771/2742 2794/4772/2743
f 2795/4773/2744 2796/4774/2745 2797/4775/2746
f 2795/4776/2744 2798/4777/2747 2796/4778/2745
f 2795/4779/2744 2799/4780/2748 2798/4781/2747
f 2800/4782/2749 2801/4783/2750 2802/4784/2751
f 2800/4782/2749 2803/4785/2752 2801/4783/2750
f 2800/4786/2749 2804/4787/2753 2803/4788/2752
f 2805/4789/2754 2806/4790/2755 2807/4791/2756
f 2805/4792/2754 2807/4793/2756 2808/4794/2757
f 2805/4795/2754 2808/4796/2757 2809/4797/2758
f 2810/4798/2759 2811/4799/2760 2812/4800/2761
f 2810/4801/2759 2812/4802/2761 2813/4803/2762
f 2810/4804/2759 2813/4805/2762 2814/4806/2763
f 2815/4807/2764 2816/4808/2765 2817/4809/2766
f 2815/4807/2764 2817/4809/2766 2818/4810/2767
f 2815/4811/2764 2818/4812/2767 2819/4813/2768
f 2820/4814/2769 2821/4815/2770 2822/4816/2771
f 2820/4814/2769 2823/4817/2772 2821/4815/2770
f 2820/4814/2769 2824/4818/2773 2823/4817/2772
f 2825/4819/2774 2826/4820/2775 2827/4821/2776
f 2825/4822/2774 2828/4823/2777 2826/4824/2775
f 2825/4822/2774 2829/4825/2778 2828/4823/2777
f 2830/4826/2779 2831/4827/2780 2832/4828/2781
f 2830/4829/2779 2832/4830/2781 2833/4831/2782
f 2830/4832/2779 2833/4833/2782 2834/4834/2783
f 2835/4835/2784 2836/4836/2785 2837/4837/2786
f 2835/4838/2784 2837/4839/2786 2838/4840/2787
f 2835/4841/2784 2838/4842/2787 2839/4843/2788
f 2840/4844/2789 2841/4845/2790 2842/4846/2791
f 2840/4847/2789 2842/4848/2791 2843/4849/2792
f 2840/4850/2789 2843/4851/2792 2844/4852/2793
f 2845/4853/2794 2846/4854/2795 2847/4855/2796
f 2845/4856/2794 2848/4857/2797 2846/4858/2795
f 2845/4859/2794 2849/4860/2798 2848/4861/2797
f 2850/4862/2799 2851/4863/2800 2852/4864/2801
f 2850/4865/2799 2853/4866/2802 2851/4867/2800
f 2850/4868/2799 2854/4869/2803 2853/4870/2802
f 2855/4871/2804 2856/4872/2805 2857/4873/2806
f 2855/4874/2804 2857/4875/2806 2858/4876/2807
f 2855/4877/2804 2858/4878/2807 2859/4879/2808
f 2860/4880/2809 2861/4881/2810 2862/4882/2811
f 2860/4883/2809 2862/4884/2811 2863/4885/2812
f 2860/4886/2809 2863/4887/2812 2864/4888/2813
f 2865/4889/2814 2866/4890/2815 2867/4891/2816
f 2865/4892/2814 2867/4893/2816 2868/4894/2817
f 2865/4895/2814 2868/4896/2817 2869/4897/2818
f 2870/4898/2819 2871/4899/2820 2872/4900/2821
f 2870/4901/2819 2873/4902/2822 2871/4903/2820
f 2870/4904/2819 2874/4905/2823 2873/4906/2822
f 2875/4907/2824 2876/4908/2825 2877/4909/2826
f 2875/4910/2824 2878/4911/2827 2876/4912/2825
f 2875/4913/2824 2879/4914/2828 2878/4915/2827
f 2880/4916/2829 2881/4917/2830 2882/4918/2831
f 2880/4919/2829 2882/4920/2831 2883/4921/2832
f 2880/4922/2829 2883/4923/2832 2884/4924/2833
f 2885/4925/2834 2886/4926/2835 2887/4927/2836
f 2885/4928/2834 2887/4929/2836 2888/4930/2837
f 2885/4931/2834 2888/4932/2837 2889/4933/2838
f 2890/4934/2839 2891/4935/2840 2892/4936/2841
f 2890/4937/2839 2892/4938/2841 2893/4939/2842
f 2890/4940/2839 2893/4941/2842 2894/4942/2843
f 2895/4943/2844 2896/4944/2845 2897/4945/2846
f 2895/4946/2844 2898/4947/2847 2896/4948/2845
f 2895/4949/2844 2899/4950/2848 2898/4951/2847
f 2900/4952/2849 2901/4953/2850 2902/4954/2851
f 2900/4955/2849 2903/4956/2852 2901/4957/2850
f 2900/4955/2849 2904/4958/2853 2903/4956/2852
f 2905/4959/2854 2906/4960/2855 2907/4961/2856
f 2905/4962/2854 2907/4963/2856 2908/4964/2857
f 2905/4965/2854 2908/4966/2857 2909/4967/2858
f 2910/4968/2859 2911/4969/2860 2912/4970/2861
f 2910/4971/2859 2912/3807/2861 2913/4972/2862
f 2910/4973/2859 2913/4974/2862 2914/4975/2863
f 2915/4976/2864 2916/4977/2865 2917/4978/2866
f 2915/4979/2864 2917/4980/2866 2918/4981/2867
f 2915/4982/2864 2918/4983/2867 2919/4984/2868
f 2920/4985/2869 2921/4986/2870 2922/4987/2871
f 2920/4988/2869 2923/4989/2872 2921/4990/2870
f 2920/4991/2869 2924/4992/2873 2923/4993/2872
f 2925/4994/2874 2926/4995/2875 2927/4996/2876
f 2925/4994/2874 2928/4997/2877 2926/4995/2875
f 2925/4998/2874 2929/4999/2878 2928/5000/2877
f 2930/5001/2879 2931/5002/2880 2932/5003/2881
f 2930/5004/2879 2932/5005/2881 2933/5006/2882
f 2930/5007/2879 2933/5008/2882 2934/5009/2883
f 2935/5010/2884 2936/5011/2885 2937/5012/2886
f 2935/5010/2884 2937/5012/2886 2938/5013/2887
f 2935/5014/2884 2938/5015/2887 2939/5016/2888
f 2940/5017/2889 2941/5018/2890 2942/5019/2891
f 2940/5020/2889 2942/5021/2891 2943/5022/2892
f 2940/5023/2889 2943/5024/2892 2944/5025/2893
f 2945/5026/2894 2946/5027/2895 2947/5028/2896
f 2945/5029/2894 2948/5030/2897 2946/5031/2895
f 2945/5032/2894 2949/5033/2898 2948/5034/2897
f 2950/5035/2899 2951/5036/2900 2952/5037/2901
f 2950/5035/2899 2953/5038/2902 2951/5036/2900
f 2950/5039/2899 2954/5040/2903 2953/5041/2902
f 2955/5042/2904 2956/5043/2905 2957/5044/2906
f 2955/5045/2904 2957/5046/2906 2958/5047/2907
f 2955/5048/2904 2958/5049/2907 2959/5050/2908
f 2960/5051/2909 2961/5052/2910 2962/5053/2911
f 2960/5051/2909 2962/5053/2911 2963/5054/2912
f 2960/5051/2909 2963/5054/2912 2964/5055/2913
f 2965/5056/2914 2966/5057/2915 2967/5058/2916
f 2965/5059/2914 2967/5060/2916 2968/5061/2917
f 2965/5062/2914 2968/5063/2917 2969/5064/2918
f 2970/5065/2919 2971/5066/2920 2972/5067/2921
f 2970/5068/2919 2973/5069/2922 2971/5070/2920
f 2970/5071/2919 2974/5072/2923 2973/5073/2922
f 2975/5074/2924 2976/5075/2925 2977/5076/2926
f 2975/5077/2924 2978/4995/2927 2976/5078/2925
f 2975/5079/2924 2979/5080/2928 2978/5081/2927
f 2980/5082/2929 2981/5083/2930 2982/5084/2931
f 2980/5085/2929 2982/5086/2931 2983/5087/2932
f 2980/5088/2929 2983/5089/2932 2984/5090/2933
f 2985/5091/2934 2986/5092/2935 2987/5093/2936
f 2985/5094/2934 2987/5095/2936 2988/5096/2937
f 2985/5097/2934 2988/5098/2937 2989/5099/2938
f 2990/5100/2939 2991/5101/2940 2992/5102/2941
f 2990/5103/2939 2992/5104/2941 2993/5105/2942
f 2990/5106/2939 2993/5107/2942 2994/5108/2943
f 2995/5109/2944 2996/5110/2945 2997/5111/2946
f 2995/5112/2944 2998/5113/2947 2996/5114/2945
f 2995/5115/2944 2999/5116/2948 2998/5117/2947
f 3000/5118/2949 3001/5119/2950 3002/5120/2951
f 3000/5121/2949 3003/5122/2952 3001/5123/2950
f 3000/5124/2949 3004/5125/2953 3003/5126/2952
f 3005/5127/2954 3006/5128/2955 3007/5129/2956
f 3005/5130/2954 3007/5131/2956 3008/5132/2957
f 3005/5133/2954 3008/5134/2957 3009/5135/2958
f 3010/5136/2959 3011/5137/2960 3012/5138/2961
f 3010/5139/2959 3012/5140/2961 3013/5141/2962
f 3010/5142/2959 3013/5143/2962 3014/5144/2963
f 3015/5145/2964 3016/5146/2965 3017/5147/2966
f 3015/5148/2964 3017/5149/2966 3018/5150/2967
f 3015/5148/2964 3018/5150/2967 3019/5151/2968
f 3020/5152/2969 3021/5153/2970 3022/5154/2971
f 3020/5152/2969 3023/5155/2972 3021/5153/2970
f 3020/5156/2969 3024/5157/2973 3023/5158/2972
f 3025/5159/2974 3026/5160/2975 3027/5161/2976
f 3025/5162/2974 3028/5163/2977 3026/5164/2975
f 3025/5165/2974 3029/5166/2978 3028/5167/2977
f 3030/5168/2979 3031/5169/2980 3032/5170/2981
f 3030/5168/2979 3032/5170/2981 3033/5171/2982
f 3030/5168/2979 3033/5171/2982 3034/5172/2983
f 3035/5173/2984 3036/5174/2985 3037/5175/2986
f 3035/5176/2984 3037/5177/2986 3038/5178/2987
f 3035/5179/2984 3038/5180/2987 3039/5181/2988
f 3040/5182/2989 3041/5183/2990 3042/5184/2991
f 3040/5185/2989 3042/5186/2991 3043/5187/2992
f 3040/5188/2989 3043/5189/2992 3044/5190/2993
f 3045/5191/2994 3046/5192/2995 3047/5193/2996
f 3045/5194/2994 3048/5195/2997 3046/5196/2995
f 3045/5197/2994 3049/5198/2998 3048/5199/2997
f 3050/5200/2999 3051/5201/3000 3052/5202/3001
f 3050/4266/2999 3053/5203/3002 3051/5204/3000
f 3050/5205/2999 3054/5206/3003 3053/5207/3002
f 3055/5208/3004 3056/5209/3005 3057/5210/3006
f 3055/5211/3004 3057/5212/3006 3058/5213/3007
f 3055/5214/3004 3058/5215/3007 3059/5216/3008
f 3060/5217/3009 3061/5218/3010 3062/5219/3011
f 3060/5220/3009 3062/5221/3011 3063/5222/3012
f 3060/5223/3009 3063/5224/3012 3064/5225/3013
f 3065/5226/3014 3066/5227/3015 3067/5228/3016
f 3065/5229/3014 3067/5230/3016 3068/5231/3017
f 3065/5232/3014 3068/5233/3017 3069/5234/3018
f 3070/5235/3019 3071/5236/3020 3072/5237/3021
f 3070/5238/3019 3073/5239/3022 3071/5240/3020
f 3070/5241/3019 3074/5242/3023 3073/5243/3022
f 3075/5244/3024 3076/5245/3025 3077/5246/3026
f 3075/5247/3024 3078/5248/3027 3076/5249/3025
f 3075/5250/3024 3079/5251/3028 3078/5252/3027
f 3080/5253/3029 3081/5254/3030 3082/5255/3031
f 3080/5256/3029 3082/5257/3031 3083/5258/3032
f 3080/5259/3029 3083/5260/3032 3084/5261/3033
f 3085/5262/3034 3086/5263/3035 3087/5264/3036
f 3085/5265/3034 3087/5266/3036 3088/5267/3037
f 3085/5265/3034 3088/5267/3037 3089/5268/3038
f 3090/5269/3039 3091/5270/3040 3092/5271/3041
f 3090/5272/3039 3092/5273/3041 3093/5274/3042
f 3090/5275/3039 3093/5276/3042 3094/5277/3043
f 3095/5278/3044 3096/5279/3045 3097/5280/3046
f 3095/5278/3044 3098/5281/3047 3096/5279/3045
f 3095/5278/3044 3099/5282/3048 3098/5281/3047
f 3100/5283/3049 3101/5284/3050 3102/5285/3051
f 3100/5286/3049 3103/5287/3052 3101/5288/3050
f 3100/5289/3049 3104/5290/3053 3103/5291/3052
f 3105/5292/3054 3106/5293/3055 3107/5294/3056
f 3105/5295/3054 3107/5296/3056 3108/5297/3057
f 3105/5298/3054 3108/5299/3057 3109/5300/3058
f 3110/5301/3059 3111/5302/3060 3112/5303/3061
f 3110/5304/3059 3112/5305/3061 3113/5306/3062
f 3110/5307/3059 3113/5308/3062 3114/5309/3063
f 3115/5310/3064 3116/5311/3065 3117/5312/3066
f 3115/5313/3064 3117/5314/3066 3118/5315/3067
f 3115/5313/3064 3118/5315/3067 3119/5316/3068
f 3120/5317/3069 3121/5318/3070 3122/5319/3071
f 3120/5320/3069 3123/5321/3072 3121/5322/3070
f 3120/5323/3069 3124/5324/3073 3123/5325/3072
f 3125/5326/3074 3126/5327/3075 3127/5328/3076
f 3125/5329/3074 3128/5330/3077 3126/5331/3075
f 3125/5332/3074 3129/5333/3078 3128/5334/3077
f 3130/5335/3079 3131/5336/3080 3132/5337/3081
f 3130/5338/3079 3132/5339/3081 3133/5340/3082
f 3130/5341/3079 3133/5342/3082 3134/5343/3083
f 3135/5344/3084 3136/5345/3085 3137/5346/3086
f 3135/5347/3084 3137/5348/3086 3138/5349/3087
f 3135/5350/3084 3138/5351/3087 3139/5352/3088
f 3140/5353/3089 3141/5354/3090 3142/5355/3091
f 3140/5353/3089 3142/5355/3091 3143/5356/3092
f 3140/5357/3089 3143/5358/3092 3144/5359/3093
f 3145/5360/3094 3146/5361/3095 3147/5362/3096
f 3145/5360/3094 3148/5363/3097 3146/5361/3095
f 3145/5360/3094 3149/5364/3098 3148/5363/3097
f 3150/5365/3099 3151/5366/3100 3152/5367/3101
f 3150/5368/3099 3153/5369/3102 3151/5370/3100
f 3150/5371/3099 3154/5372/3103 3153/5373/3102
f 3155/5374/3104 3156/5375/3105 3157/4008/3106
f 3155/5374/3104 3157/4008/3106 3158/5376/3107
f 3155/5374/3104 3158/5376/3107 3159/5377/3108
f 3160/5378/3109 3161/5379/3110 3162/5380/3111
f 3160/5381/3109 3162/5382/3111 3163/5383/3112
f 3160/5384/3109 3163/5385/3112 3164/5386/3113
f 3165/5387/3114 3166/5388/3115 3167/5389/3116
f 3165/5387/3114 3167/5389/3116 3168/5390/3117
f 3165/5387/3114 3168/5390/3117 3169/5391/3118
f 3170/5392/3119 3171/5393/3120 3172/5394/3121
f 3170/5392/3119 3173/5395/3122 3171/5393/3120
f 3170/5392/3119 3174/5396/3123 3173/5395/3122
f 3175/5397/3124 3176/5398/3125 3177/5399/3126
f 3175/5400/3124 3178/5401/3127 3176/5402/3125
f 3175/5403/3124 3179/5404/3128 3178/5405/3127
f 3180/5406/3129 3181/5407/3130 3182/5408/3131
f 3180/5406/3129 3182/5408/3131 3183/5409/3132
f 3180/5406/3129 3183/5409/3132 3184/5410/3133
f 3185/5411/3134 3186/5412/3135 3187/5413/3136
f 3185/5414/3134 3187/5415/3136 3188/5416/3137
f 3185/5417/3134 3188/5418/3137 3189/5419/3138
f 3190/5420/3139 3191/5421/3140 3192/5422/3141
f 3190/5423/3139 3192/5424/3141 3193/5425/3142
f 3190/5426/3139 3193/5427/3142 3194/5428/3143
f 3195/5429/3144 3196/5430/3145 3197/5431/3146
f 3195/5432/3144 3198/5433/3147 3196/5434/3145
f 3195/5435/3144 3199/5436/3148 3198/5437/3147
f 3200/5438/3149 3201/5439/3150 3202/5440/3151
f 3200/5441/3149 3203/5442/3152 3201/5443/3150
f 3200/5444/3149 3204/5445/3153 3203/5446/3152
f 3205/5447/3154 3206/5448/3155 3207/5449/3156
f 3205/5450/3154 3207/5451/3156 3208/5452/3157
f 3205/5453/3154 3208/5454/3157 3209/5455/3158
f 3210/5456/3159 3211/5457/3160 3212/5458/3161
f 3210/5459/3159 3212/5460/3161 3213/5461/3162
f 3210/5462/3159 3213/5463/3162 3214/5464/3163
f 3215/5465/3164 3216/5466/3165 3217/5467/3166
f 3215/5468/3164 3217/5469/3166 3218/5470/3167
f 3215/5471/3164 3218/5472/3167 3219/5473/3168
f 3220/5474/3169 3221/5475/3170 3222/5476/3171
f 3220/5477/3169 3223/5478/3172 3221/5479/3170
f 3220/5480/3169 3224/5481/3173 3223/5482/3172
f 3225/5483/3174 3226/5484/3175 3227/5485/3176
f 3225/5486/3174 3228/5487/3177 3226/5488/3175
f 3225/5489/3174 3229/5490/3178 3228/5491/3177
f 3230/5492/3179 3231/5493/3180 3232/5494/3181
f 3230/5495/3179 3232/5496/3181 3233/5497/3182
f 3230/5498/3179 3233/5499/3182 3234/5500/3183
f 3235/5501/3184 3236/5502/3185 3237/5503/3186
f 3235/5504/3184 3237/5505/3186 3238/5506/3187
f 3235/5507/3184 3238/5508/3187 3239/5509/3188
f 3240/5510/3189 3241/5511/3190 3242/5512/3191
f 3240/5513/3189 3242/5514/3191 3243/5515/3192
f 3240/5516/3189 3243/5517/3192 3244/5518/3193
f 3245/5519/3194 3246/5520/3195 3247/5521/3196
f 3245/5522/3194 3248/5523/3197 3246/5524/3195
f 3245/5525/3194 3249/5526/3198 3248/5527/3197
f 3250/5528/3199 3251/5529/3200 3252/5530/3201
f 3250/5531/3199 3253/5532/3202 3251/5533/3200
f 3250/5534/3199 3254/5535/3203 3253/5536/3202
f 3255/5537/3204 3256/5538/3205 3257/5539/3206
f 3255/5537/3204 3257/5539/3206 3258/5540/3207
f 3255/5541/3204 3258/5542/3207 3259/5543/3208
f 3260/5544/3209 3261/5545/3210 3262/5546/3211
f 3260/5547/3209 3262/5548/3211 3263/5549/3212
f 3260/5550/3209 3263/5551/3212 3264/5552/3213
f 3265/5553/3214 3266/5554/3215 3267/5555/3216
f 3265/5556/3214 3267/5557/3216 3268/5558/3217
f 3265/5559/3214 3268/5560/3217 3269/5561/3218
f 3270/5562/3219 3271/5563/3220 3272/5564/3221
f 3270/5565/3219 3273/5566/3222 3271/5567/3220
f 3270/5568/3219 3274/5569/3223 3273/5570/3222
f 3275/5571/3224 3276/5572/3225 3277/5573/3226
f 3275/5574/3224 3278/5575/3227 3276/5576/3225
f 3275/5577/3224 3279/5578/3228 3278/5579/3227
f 3280/5580/3229 3281/5581/3230 3282/5582/3231
f 3280/5583/3229 3282/5584/3231 3283/5585/3232
f 3280/5586/3229 3283/5587/3232 3284/5588/3233
f 3285/5589/3234 3286/5590/3235 3287/5591/3236
f 3285/5592/3234 3287/5593/3236 3288/5594/3237
f 3285/5595/3234 3288/5596/3237 3289/5597/3238
f 3290/5598/3239 3291/5599/3240 3292/5600/3241
f 3290/5601/3239 3292/5602/3241 3293/5603/3242
f 3290/5601/3239 3293/5603/3242 3294/5604/3243
f 3295/5605/3244 3296/5606/3245 3297/5607/3246
f 3295/5608/3244 3298/5609/3247 3296/5610/3245
f 3295/5611/3244 3299/5612/3248 3298/5613/3247
f 3300/5614/3249 3301/5615/3250 3302/5616/3251
f 3300/5617/3249 3303/5618/3252 3301/5619/3250
f 3300/5620/3249 3304/5621/3253 3303/5622/3252
f 3305/5623/3254 3306/5624/3255 3307/5625/3256
f 3305/5626/3254 3307/5627/3256 3308/5628/3257
f 3305/5626/3254 3308/5628/3257 3309/5629/3258
f 3310/5630/3259 3311/5631/3260 3312/5632/3261
f 3310/5633/3259 3312/5634/3261 3313/5635/3262
f 3310/5636/3259 3313/5637/3262 3314/5638/3263
f 3315/5639/3264 3316/5640/3265 3317/5641/3266
f 3315/5642/3264 3317/5643/3266 3318/5644/3267
f 3315/5645/3264 3318/5646/3267 3319/5647/3268
f 3320/5648/3269 3321/5649/3270 3322/5650/3271
f 3320/5651/3269 3323/5652/3272 3321/5653/3270
f 3320/5654/3269 3324/5655/3273 3323/5656/3272
f 3325/5657/3274 3326/5658/3275 3327/5659/3276
f 3325/5660/3274 3328/5661/3277 3326/5662/3275
f 3325/5663/3274 3329/5664/3278 3328/5665/3277
f 3330/5666/3279 3331/5667/3280 3332/5668/3281
f 3330/5669/3279 3332/5670/3281 3333/5671/3282
f 3330/5669/3279 3333/5671/3282 3334/5672/3283
f 3335/5673/3284 3336/5674/3285 3337/2757/3286
f 3335/5675/3284 3337/5676/3286 3338/5677/3287
f 3335/5675/3284 3338/5677/3287 3339/5678/3288
f 3340/5679/3289 3341/5680/3290 3342/5681/3291
f 3340/5682/3289 3342/5683/3291 3343/5684/3292
f 3340/5685/3289 3343/5686/3292 3344/5687/3293
f 3345/5688/3294 3346/5689/3295 3347/5690/3296
f 3345/5691/3294 3348/5692/3297 3346/5693/3295
f 3345/5694/3294 3349/5695/3298 3348/5696/3297
f 3350/5697/3299 3351/5698/3300 3352/5699/3301
f 3350/5700/3299 3353/5701/3302 3351/5702/3300
f 3350/5703/3299 3354/5704/3303 3353/5705/3302
f 3355/5706/3304 3356/5707/3305 3357/5708/3306
f 3355/5706/3304 3357/5708/3306 3358/5709/3307
f 3355/5710/3304 3358/5711/3307 3359/5712/3308
f 3360/5713/3309 3361/5714/3310 3362/5715/3311
f 3360/5716/3309 3362/5717/3311 3363/5718/3312
f 3360/5719/3309 3363/5720/3312 3364/5721/3313
f 3365/5722/3314 3366/5723/3315 3367/5724/3316
f 3365/5725/3314 3367/5726/3316 3368/5727/3317
f 3365/5728/3314 3368/5729/3317 3369/5730/3318
f 3370/5731/3319 3371/5732/3320 3372/5733/3321
f 3370/5734/3319 3373/5735/3322 3371/5736/3320
f 3370/5737/3319 3374/5738/3323 3373/5739/3322
f 3375/5740/3324 3376/5741/3325 3377/5742/3326
f 3375/5743/3324 3378/5744/3327 3376/5745/3325
f 3375/5746/3324 3379/5747/3328 3378/5748/3327
f 3380/5749/3329 3381/5750/3330 3382/5751/3331
f 3380/5752/3329 3382/5753/3331 3383/5754/3332
f 3380/5752/3329 3383/5754/3332 3384/5755/3333
f 3385/5756/3334 3386/5757/3335 3387/5758/3336
f 3385/5759/3334 3387/5760/3336 3388/5761/3337
f 3385/5762/3334 3388/5763/3337 3389/5764/3338
f 3390/5765/3339 3391/5766/3340 3392/5767/3341
f 3390/5768/3339 3392/5769/3341 3393/5770/3342
f 3390/5771/3339 3393/5772/3342 3394/5773/3343
f 3395/5774/3344 3396/5775/3345 3397/5776/3346
f 3395/5777/3344 3398/5778/3347 3396/5779/3345
f 3395/5780/3344 3399/5781/3348 3398/5782/3347
f 3400/5783/3349 3401/5784/3350 3402/5785/3351
f 3400/5786/3349 3403/5787/3352 3401/5788/3350
f 3400/5786/3349 3404/5789/3353 3403/5787/3352
f 3405/5790/3354 3406/5791/3355 3407/5792/3356
f 3405/5793/3354 3407/5794/3356 3408/5795/3357
f 3405/5796/3354 3408/5797/3357 3409/5798/3358
f 3410/5799/3359 3411/5800/3360 3412/5801/3361
f 3410/5802/3359 3412/5803/3361 3413/5804/3362
f 3410/5805/3359 3413/5806/3362 3414/5807/3363
f 3415/5808/3364 3416/5809/3365 3417/5810/3366
f 3415/5811/3364 3417/5812/3366 3418/5813/3367
f 3415/5814/3364 3418/5815/3367 3419/5816/3368
f 3420/5817/3369 3421/5818/3370 3422/5819/3371
f 3420/5820/3369 3423/5821/3372 3421/5822/3370
f 3420/5823/3369 3424/5824/3373 3423/5825/3372
f 3425/5826/3374 3426/5827/3375 3427/5828/3376
f 3425/5826/3374 3428/5829/3377 3426/5827/3375
f 3425/5830/3374 3429/5831/3378 3428/5832/3377
f 3430/5833/3379 3431/5834/3380 3432/5835/3381
f 3430/5836/3379 3432/5837/3381 3433/5838/3382
f 3430/5839/3379 3433/5840/3382 3434/5841/3383
f 3435/5842/3384 3436/5843/3385 3437/5844/3386
f 3435/5845/3384 3437/5846/3386 3438/5847/3387
f 3435/5848/3384 3438/5849/3387 3439/5850/3388
f 3440/5851/3389 3441/5852/3390 3442/5853/3391
f 3440/5854/3389 3442/5855/3391 3443/5856/3392
f 3440/5857/3389 3443/5858/3392 3444/5859/3393
f 3445/5860/3394 3446/5861/3395 3447/5862/3396
f 3445/5863/3394 3448/5864/3397 3446/5865/3395
f 3445/5866/3394 3449/5867/3398 3448/5868/3397
f 3450/5869/3399 3451/5870/3400 3452/5871/3401
f 3450/5869/3399 3453/5872/3402 3451/5870/3400
f 3450/5869/3399 3454/5873/3403 3453/5872/3402
f 3455/5874/3404 3456/5875/3405 3457/5876/3406
f 3455/5877/3404 3457/5878/3406 3458/5879/3407
f 3455/5880/3404 3458/5881/3407 3459/5882/3408
f 3460/5883/3409 3461/5884/3410 3462/5885/3411
f 3460/5886/3409 3462/5887/3411 3463/4777/3412
f 3460/5886/3409 3463/4777/3412 3464/5888/3413
f 3465/5889/3414 3466/5890/3415 3467/5891/3416
f 3465/5892/3414 3467/5893/3416 3468/5894/3417
f 3465/5895/3414 3468/5896/3417 3469/5897/3418
f 3470/5898/3419 3471/5899/3420 3472/5900/3421
f 3470/5901/3419 3473/5902/3422 3471/5903/3420
f 3470/5904/3419 3474/5905/3423 3473/5906/3422
f 3475/5907/3424 3476/5908/3425 3477/5909/3426
f 3475/5910/3424 3478/5911/3427 3476/5912/3425
f 3475/5913/3424 3479/5914/3428 3478/5915/3427
f 3480/5916/3429 3481/5917/3430 3482/5918/3431
f 3480/5919/3429 3482/5920/3431 3483/5921/3432
f 3480/5922/3429 3483/5923/3432 3484/5924/3433
f 3485/5925/3434 3486/5926/3435 3487/5927/3436
f 3485/5928/3434 3487/5929/3436 3488/5930/3437
f 3485/5931/3434 3488/5932/3437 3489/5933/3438
f 3490/5934/3439 3491/5935/3440 3492/5936/3441
f 3490/5937/3439 3492/5938/3441 3493/5939/3442
f 3490/5940/3439 3493/5941/3442 3494/5942/3443
f 3495/5943/3444 3496/5944/3445 3497/5945/3446
f 3495/5946/3444 3498/5947/3447 3496/5948/3445
f 3495/5949/3444 3499/5950/3448 3498/5951/3447
f 3500/5952/3449 3501/5953/3450 3502/5954/3451
f 3500/5955/3449 3503/5956/3452 3501/5957/3450
f 3500/5958/3449 3504/5959/3453 3503/5960/3452
f 3505/5961/3454 3506/5962/3455 3507/5963/3456
f 3505/5964/3454 3507/5965/3456 3508/5966/3457
f 3505/5967/3454 3508/5968/3457 3509/5969/3458
f 3510/5970/3459 3511/5971/3460 3512/5972/3461
f 3510/5973/3459 3512/5974/3461 3513/5975/3462
f 3510/5976/3459 3513/5977/3462 3514/5978/3463
f 3515/5979/3464 3516/5980/3465 3517/5981/3466
f 3515/5982/3464 3517/5983/3466 3518/5984/3467
f 3515/5985/3464 3518/5986/3467 3519/5987/3468
f 3520/5988/3469 3521/5989/3470 3522/5990/3471
f 3520/5991/3469 3523/5992/3472 3521/5993/3470
f 3520/5994/3469 3524/5995/3473 3523/5996/3472
f 3525/5997/3474 3526/5998/3475 3527/5999/3476
f 3525/6000/3474 3528/6001/3477 3526/6002/3475
f 3525/6003/3474 3529/6004/3478 3528/6005/3477
f 3530/6006/3479 3531/6007/3480 3532/6008/3481
f 3530/6009/3479 3532/6010/3481 3533/6011/3482
f 3530/6012/3479 3533/6013/3482 3534/6014/3483
f 3535/6015/3484 3536/6016/3485 3537/6017/3486
f 3535/6018/3484 3537/6019/3486 3538/6020/3487
f 3535/6018/3484 3538/6020/3487 3539/6021/3488
f 3540/6022/3489 3541/6023/3490 3542/6024/3491
f 3540/6022/3489 3542/6024/3491 3543/6025/3492
f 3540/6026/3489 3543/6027/3492 3544/6028/3493
f 3545/6029/3494 3546/6030/3495 3547/6031/3496
f 3545/6032/3494 3548/6033/3497 3546/6034/3495
f 3545/6035/3494 3549/6036/3498 3548/6037/3497
f 3550/6038/3499 3551/6039/3500 3552/6040/3501
f 3550/6038/3499 3553/6041/3502 3551/6039/3500
f 3550/6042/3499 3554/6043/3503 3553/6044/3502
f 3555/6045/3504 3556/6046/3505 3557/6047/3506
f 3555/6048/3504 3557/6049/3506 3558/6050/3507
f 3555/6051/3504 3558/6052/3507 3559/6053/3508
f 3560/6054/3509 3561/6055/3510 3562/6056/3511
f 3560/6057/3509 3562/6058/3511 3563/6059/3512
f 3560/2944/3509 3563/6060/3512 3564/6061/3513
f 3565/6062/3514 3566/6063/3515 3567/6064/3516
f 3565/6065/3514 3567/6066/3516 3568/6067/3517
f 3565/6068/3514 3568/6069/3517 3569/6070/3518
f 3570/6071/3519 3571/6072/3520 3572/6073/3521
f 3570/6074/3519 3573/6075/3522 3571/6076/3520
f 3570/6077/3519 3574/6078/3523 3573/6079/3522
f 3575/6080/3524 3576/6081/3525 3577/6082/3526
f 3575/6083/3524 3578/6084/3527 3576/6085/3525
f 3575/6086/3524 3579/6087/3528 3578/6088/3527
f 3580/6089/3529 3581/6090/3530 3582/6091/3531
f 3580/6092/3529 3582/6093/3531 3583/6094/3532
f 3580/6095/3529 3583/6096/3532 3584/6097/3533
f 3585/6098/3534 3586/6099/3535 3587/6100/3536
f 3585/6101/3534 3587/6102/3536 3588/6103/3537
f 3585/6104/3534 3588/6105/3537 3589/6106/3538
f 3590/6107/3539 3591/6108/3540 3592/6109/3541
f 3590/6107/3539 3592/6109/3541 3593/6110/3542
f 3590/6107/3539 3593/6110/3542 3594/6111/3543
f 3595/6112/3544 3596/6113/3545 3597/6114/3546
f 3595/6115/3544 3598/6116/3547 3596/6117/3545
f 3595/6118/3544 3599/6119/3548 3598/6120/3547
f 3600/6121/3549 3601/1557/3550 3602/6122/3551
f 3600/6123/3549 3603/6124/3552 3601/6125/3550
f 3600/6126/3549 3604/6127/3553 3603/6128/3552
f 3605/6129/3554 3606/6130/3555 3607/6131/3556
f 3605/6132/3554 3607/6133/3556 3608/6134/3557
f 3605/6135/3554 3608/6136/3557 3609/6137/3558
f 3610/6138/3559 3611/6139/3560 3612/6140/3561
f 3610/6141/3559 3612/6142/3561 3613/6143/3562
f 3610/6144/3559 3613/6145/3562 3614/6146/3563
f 3615/6147/3564 3616/6148/3565 3617/6149/3566
f 3615/6147/3564 3617/6149/3566 3618/6150/3567
f 3615/6147/3564 3618/6150/3567 3619/6151/3568
f 3620/6152/3569 3621/6153/3570 3622/6154/3571
f 3620/6155/3569 3623/6156/3572 3621/6157/3570
f 3620/6158/3569 3624/6159/3573 3623/6160/3572
f 3625/6161/3574 3626/6162/3575 3627/6163/3576
f 3625/6164/3574 3628/6165/3577 3626/6166/3575
f 3625/6167/3574 3629/6168/3578 3628/6169/3577
f 3630/6170/3579 3631/6171/3580 3632/6172/3581
f 3630/6170/3579 3632/6172/3581 3633/6173/3582
f 3630/6174/3579 3633/6175/3582 3634/6176/3583
f 3635/6177/3584 3636/6178/3585 3637/6179/3586
f 3635/6180/3584 3637/6181/3586 3638/6182/3587
f 3635/6183/3584 3638/6184/3587 3639/6185/3588
f 3640/6186/3589 3641/6187/3590 3642/6188/3591
f 3640/6189/3589 3642/6190/3591 3643/6191/3592
f 3640/6189/3589 3643/6191/3592 3644/6192/3593
f 3645/6193/3594 3646/6194/3595 3647/6195/3596
f 3645/6193/3594 3648/6196/3597 3646/6194/3595
f 3645/6197/3594 3649/6198/3598 3648/6199/3597
f 3650/6200/3599 3651/6201/3600 3652/6202/3601
f 3650/6200/3599 3653/6203/3602 3651/6201/3600
f 3650/6204/3599 3654/6205/3603 3653/6206/3602
f 3655/6207/3604 3656/6208/3605 3657/6209/3606
f 3655/6210/3604 3657/6211/3606 3658/6212/3607
f 3655/6213/3604 3658/6214/3607 3659/6215/3608
f 3660/6216/3609 3661/6217/3610 3662/6218/3611
f 3660/6219/3609 3662/6220/3611 3663/6221/3612
f 3660/6222/3609 3663/6223/3612 3664/6224/3613
f 3665/6225/3614 3666/6226/3615 3667/6227/3616
f 3665/6228/3614 3667/6229/3616 3668/6230/3617
f 3665/6231/3614 3668/6232/3617 3669/6233/3618
f 3670/6234/3619 3671/6235/3620 3672/6236/3621
f 3670/6237/3619 3673/6238/3622 3671/6239/3620
f 3670/6240/3619 3674/6241/3623 3673/6242/3622
f 3675/6243/3624 3676/6244/3625 3677/6245/3626
f 3675/6246/3624 3678/6247/3627 3676/6248/3625
f 3675/6249/3624 3679/6250/3628 3678/6251/3627
f 3680/6252/3629 3681/6253/3630 3682/6254/3631
f 3680/6252/3629 3682/6254/3631 3683/6255/3632
f 3680/6256/3629 3683/6257/3632 3684/6258/3633
f 3685/6259/3634 3686/6260/3635 3687/3843/3636
f 3685/6261/3634 3687/6262/3636 3688/6263/3637
f 3685/6264/3634 3688/6265/3637 3689/6266/3638
f 3690/6267/3639 3691/6268/3640 3692/6269/3641
f 3690/6270/3639 3692/6271/3641 3693/6272/3642
f 3690/6273/3639 3693/6274/3642 3694/6275/3643
f 3695/6276/3644 3696/6277/3645 3697/6278/3646
f 3695/6279/3644 3698/6280/3647 3696/6281/3645
f 3695/6282/3644 3699/6283/3648 3698/6284/3647
f 3700/6285/3649 3701/6286/3650 3702/6287/3651
f 3700/6288/3649 3703/6289/3652 3701/6290/3650
f 3700/6291/3649 3704/6292/3653 3703/6293/3652
f 3705/6294/3654 3706/6295/3655 3707/6296/3656
f 3705/6297/3654 3707/6298/3656 3708/6299/3657
f 3705/6300/3654 3708/6301/3657 3709/6302/3658
f 3710/6303/3659 3711/6304/3660 3712/6305/3661
f 3710/6306/3659 3712/6307/3661 3713/6308/3662
f 3710/6309/3659 3713/2429/3662 3714/6310/3663
f 3715/6311/3664 3716/6312/3665 3717/6313/3666
f 3715/6314/3664 3717/6315/3666 3718/6316/3667
f 3715/6317/3664 3718/6318/3667 3719/6319/3668
f 3720/6320/3669 3721/6321/3670 3722/6322/3671
f 3720/6323/3669 3723/6324/3672 3721/6325/3670
f 3720/6326/3669 3724/6327/3673 3723/6328/3672
f 3725/6329/3674 3726/6330/3675 3727/6331/3676
f 3725/6332/3674 3728/6333/3677 3726/6334/3675
f 3725/6335/3674 3729/6336/3678 3728/6337/3677
f 3730/6338/3679 3731/6339/3680 3732/6340/3681
f 3730/6341/3679 3732/6342/3681 3733/6343/3682
f 3730/6344/3679 3733/6345/3682 3734/6346/3683
f 3735/6347/3684 3736/6348/3685 3737/6349/3686
f 3735/6350/3684 3737/6351/3686 3738/6352/3687
f 3735/6353/3684 3738/6354/3687 3739/6355/3688
f 3740/6356/3689 3741/6357/3690 3742/6358/3691
f 3740/5822/3689 3742/6359/3691 3743/6360/3692
f 3740/6361/3689 3743/6362/3692 3744/6363/3693
f 3745/6364/3694 3746/6365/3695 3747/6366/3696
f 3745/6367/3694 3748/6368/3697 3746/6369/3695
f 3745/6370/3694 3749/6371/3698 3748/6372/3697
f 3750/6373/3699 3751/6374/3700 3752/6375/3701
f 3750/6376/3699 3753/6377/3702 3751/6378/3700
f 3750/6379/3699 3754/6380/3703 3753/6381/3702
f 3755/6382/3704 3756/6383/3705 3757/6384/3706
f 3755/6385/3704 3757/6386/3706 3758/6387/3707
f 3755/6388/3704 3758/1592/3707 3759/6389/3708
f 3760/6390/3709 3761/6391/3710 3762/6392/3711
f 3760/6393/3709 3762/6394/3711 3763/6395/3712
f 3760/6396/3709 3763/6397/3712 3764/6398/3713
f 3765/6399/3714 3766/6400/3715 3767/6401/3716
f 3765/6402/3714 3767/6403/3716 3768/6404/3717
f 3765/6405/3714 3768/6406/3717 3769/6407/3718
f 3770/6408/3719 3771/6409/3720 3772/6410/3721
f 3770/6411/3719 3773/6412/3722 3771/6413/3720
f 3770/6414/3719 3774/6415/3723 3773/6416/3722
f 3775/6417/3724 3776/6418/3725 3777/6419/3726
f 3775/6420/3724 3778/6421/3727 3776/6422/3725
f 3775/6423/3724 3779/6424/3728 3778/6425/3727
f 3780/6426/3729 3781/6427/3730 3782/6428/3731
f 3780/6429/3729 3782/5258/3731 3783/6430/3732
f 3780/6429/3729 3783/6430/3732 3784/6431/3733
f 3785/6432/3734 3786/6433/3735 3787/6434/3736
f 3785/6435/3734 3787/6436/3736 3788/6437/3737
f 3785/6438/3734 3788/6439/3737 3789/6440/3738
f 3790/6441/3739 3791/6442/3740 3792/6443/3741
f 3790/6444/3739 3792/6445/3741 3793/6446/3742
f 3790/6447/3739 3793/6448/3742 3794/6449/3743
f 3795/6450/3744 3796/6451/3745 3797/6452/3746
f 3795/6453/3744 3798/6454/3747 3796/6455/3745
f 3795/6456/3744 3799/6457/3748 3798/6458/3747
f 3800/6459/3749 3801/6460/3750 3802/6461/3751
f 3800/6462/3749 3803/6463/3752 3801/6464/3750
f 3800/6465/3749 3804/6466/3753 3803/6467/3752
f 3805/6468/3754 3806/6469/3755 3807/6470/3756
f 3805/6471/3754 3807/6472/3756 3808/6473/3757
f 3805/6471/3754 3808/6473/3757 3809/6474/3758
f 3810/6475/3759 3811/6476/3760 3812/6477/3761
f 3810/2862/3759 3812/2066/3761 3813/6478/3762
f 3810/6479/3759 3813/6480/3762 3814/6481/3763
f 3815/6482/3764 3816/6483/3765 3817/6484/3766
f 3815/6485/3764 3817/6486/3766 3818/6487/3767
f 3815/6488/3764 3818/6489/3767 3819/6490/3768
f 3820/6491/3769 3821/6492/3770 3822/6493/3771
f 3820/6494/3769 3823/6495/3772 3821/6496/3770
f 3820/6497/3769 3824/6498/3773 3823/6499/3772
f 3825/6500/3774 3826/6501/3775 3827/6502/3776
f 3825/6503/3774 3828/6504/3777 3826/6505/3775
f 3825/6506/3774 3829/6507/3778 3828/6508/3777
f 3830/6509/3779 3831/6510/3780 3832/6511/3781
f 3830/6509/3779 3832/6511/3781 3833/6512/3782
f 3830/6513/3779 3833/6514/3782 3834/6515/3783
f 3835/6516/3784 3836/6517/3785 3837/6518/3786
f 3835/6519/3784 3837/6520/3786 3838/6521/3787
f 3835/6522/3784 3838/6523/3787 3839/6524/3788
f 3840/6525/3789 3841/6526/3790 3842/6527/3791
f 3840/6528/3789 3842/6529/3791 3843/6530/3792
f 3840/6531/3789 3843/6532/3792 3844/6533/3793
f 3845/6534/3794 3846/6535/3795 3847/6536/3796
f 3845/6537/3794 3848/6538/3797 3846/6539/3795
f 3845/6540/3794 3849/6541/3798 3848/6542/3797
f 3850/6543/3799 3851/6544/3800 3852/6545/3801
f 3850/6546/3799 3853/6547/3802 3851/6548/3800
f 3850/6549/3799 3854/6550/3803 3853/6551/3802
f 3855/6552/3804 3856/6553/3805 3857/6554/3806
f 3855/6552/3804 3857/6554/3806 3858/6555/3807
f 3855/6552/3804 3858/6555/3807 3859/6556/3808
f 3860/6557/3809 3861/6558/3810 3862/6559/3811
f 3860/6560/3809 3862/6561/3811 3863/6562/3812
f 3860/6563/3809 3863/6564/3812 3864/6565/3813
f 3865/6566/3814 3866/6567/3815 3867/6568/3816
f 3865/6569/3814 3867/6570/3816 3868/6571/3817
f 3865/6572/3814 3868/6573/3817 3869/6574/3818
f 3870/6575/3819 3871/6576/3820 3872/6577/3821
f 3870/6578/3819 3873/6579/3822 3871/6580/3820
f 3870/6581/3819 3874/6582/3823 3873/6583/3822
f 3875/6584/3824 3876/6585/3825 3877/6586/3826
f 3875/6587/3824 3878/6588/3827 3876/6589/3825
f 3875/6590/3824 3879/6591/3828 3878/6592/3827
f 3880/6593/3829 3881/6594/3830 3882/6595/3831
f 3880/6596/3829 3882/6597/3831 3883/6598/3832
f 3880/6599/3829 3883/6086/3832 3884/6600/3833
f 3885/6601/3834 3886/6602/3835 3887/6603/3836
f 3885/6604/3834 3887/6605/3836 3888/6606/3837
f 3885/6607/3834 3888/6608/3837 3889/6609/3838
f 3890/6610/3839 3891/6611/3840 3892/6612/3841
f 3890/6613/3839 3892/6614/3841 3893/6615/3842
f 3890/6616/3839 3893/6617/3842 3894/6618/3843
f 3895/6619/3844 3896/6620/3845 3897/6621/3846
f 3895/6622/3844 3898/6623/3847 3896/6624/3845
f 3895/6625/3844 3899/6626/3848 3898/6627/3847
f 3900/6628/3849 3901/6629/3850 3902/6630/3851
f 3900/6631/3849 3903/6632/3852 3901/6633/3850
f 3900/6634/3849 3904/6635/3853 3903/6636/3852
f 3905/6637/3854 3906/6638/3855 3907/6639/3856
f 3905/6640/3854 3907/6641/3856 3908/6642/3857
f 3905/6643/3854 3908/6644/3857 3909/6645/3858
f 3910/6646/3859 3911/6647/3860 3912/6648/3861
f 3910/6649/3859 3912/6650/3861 3913/6651/3862
f 3910/6649/3859 3913/6651/3862 3914/6652/3863
f 3915/6653/3864 3916/6654/3865 3917/6655/3866
f 3915/6656/3864 3917/6657/3866 3918/6658/3867
f 3915/6659/3864 3918/6660/3867 3919/6661/3868
f 3920/6662/3869 3921/6663/3870 3922/6664/3871
f 3920/6665/3869 3923/6666/3872 3921/6667/3870
f 3920/6668/3869 3924/6669/3873 3923/6670/3872
f 3925/6671/3874 3926/6672/3875 3927/6673/3876
f 3925/6674/3874 3928/6675/3877 3926/6676/3875
f 3925/6677/3874 3929/6678/3878 3928/6679/3877
f 3930/6680/3879 3931/6681/3880 3932/6682/3881
f 3930/6683/3879 3932/6684/3881 3933/6685/3882
f 3930/6686/3879 3933/6687/3882 3934/6688/3883
f 3935/6689/3884 3936/6690/3885 3937/6691/3886
f 3935/6689/3884 3937/6691/3886 3938/6692/3887
f 3935/6693/3884 3938/6694/3887 3939/6695/3888
f 3940/6696/3889 3941/6697/3890 3942/6698/3891
f 3940/6699/3889 3942/6700/3891 3943/6701/3892
f 3940/6702/3889 3943/6703/3892 3944/6704/3893
f 3945/6705/3894 3946/6706/3895 3947/6707/3896
f 3945/6708/3894 3948/6709/3897 3946/6710/3895
f 3945/6708/3894 3949/6711/3898 3948/6709/3897
f 3950/6712/3899 3951/6713/3900 3952/6714/3901
f 3950/6715/3899 3953/6716/3902 3951/6717/3900
f 3950/6718/3899 3954/6719/3903 3953/6720/3902
f 3955/6721/3904 3956/6722/3905 3957/6723/3906
f 3955/6724/3904 3957/6725/3906 3958/6726/3907
f 3955/6727/3904 3958/6728/3907 3959/6729/3908
f 3960/6730/3909 3961/6731/3910 3962/6732/3911
f 3960/6733/3909 3962/6734/3911 3963/6735/3912
f 3960/6736/3909 3963/6737/3912 3964/6738/3913
f 3965/6739/3914 3966/6740/3915 3967/6741/3916
f 3965/6742/3914 3967/6743/3916 3968/6744/3917
f 3965/6745/3914 3968/6746/3917 3969/6747/3918
f 3970/6748/3919 3971/6749/3920 3972/6750/3921
f 3970/6751/3919 3973/6752/3922 3971/6753/3920
f 3970/6754/3919 3974/6755/3923 3973/6756/3922
f 3975/6757/3924 3976/6758/3925 3977/6759/3926
f 3975/6760/3924 3978/6761/3927 3976/6762/3925
f 3975/6763/3924 3979/6764/3928 3978/6765/3927
f 3980/6766/3929 3981/6767/3930 3982/6768/3931
f 3980/6769/3929 3982/6770/3931 3983/6771/3932
f 3980/6769/3929 3983/6771/3932 3984/6772/3933
f 3985/6773/3934 3986/6774/3935 3987/6775/3936
f 3985/6776/3934 3987/6777/3936 3988/6778/3937
f 3985/6779/3934 3988/6780/3937 3989/6781/3938
f 3990/6782/3939 3991/6783/3940 3992/6784/3941
f 3990/6782/3939 3992/6784/3941 3993/6785/3942
f 3990/6786/3939 3993/6787/3942 3994/6788/3943
f 3995/6789/3944 3996/6790/3945 3997/6791/3946
f 3995/6792/3944 3998/6793/3947 3996/6794/3945
f 3995/6792/3944 3999/6795/3948 3998/6793/3947
f 4000/6796/3949 4001/6797/3950 4002/6798/3951
f 4000/6799/3949 4003/6800/3952 4001/6801/3950
f 4000/6802/3949 4004/6803/3953 4003/6804/3952
f 4005/6805/3954 4006/6806/3955 4007/6807/3956
f 4005/6808/3954 4007/6809/3956 4008/6810/3957
f 4005/6811/3954 4008/6812/3957 4009/6813/3958
f 4010/6814/3959 4011/6815/3960 4012/6816/3961
f 4010/6817/3959 4012/6818/3961 4013/6819/3962
f 4010/6820/3959 4013/6821/3962 4014/6822/3963
f 4015/6823/3964 4016/6824/3965 4017/6825/3966
f 4015/6826/3964 4017/6827/3966 4018/6828/3967
f 4015/6826/3964 4018/6828/3967 4019/6829/3968
f 4020/6830/3969 4021/6831/3970 4022/6832/3971
f 4020/6830/3969 4023/6833/3972 4021/6831/3970
f 4020/6834/3969 4024/6835/3973 4023/6836/3972
f 4025/6837/3974 4026/6838/3975 4027/6839/3976
f 4025/6840/3974 4028/6841/3977 4026/6842/3975
f 4025/6843/3974 4029/6844/3978 4028/6845/3977
f 4030/6846/3979 4031/6847/3980 4032/6848/3981
f 4030/6849/3979 4032/6850/3981 4033/6851/3982
f 4030/6852/3979 4033/6853/3982 4034/6854/3983
f 4035/6855/3984 4036/6856/3985 4037/6857/3986
f 4035/6858/3984 4037/6859/3986 4038/6860/3987
f 4035/6861/3984 4038/6862/3987 4039/6863/3988
f 4040/6864/3989 4041/6865/3990 4042/6866/3991
f 4040/6867/3989 4042/6868/3991 4043/6869/3992
f 4040/6870/3989 4043/6871/3992 4044/6872/3993
f 4045/6873/3994 4046/6874/3995 4047/6875/3996
f 4045/6876/3994 4048/6877/3997 4046/6878/3995
f 4045/6879/3994 4049/6880/3998 4048/6881/3997
f 4050/6882/3999 4051/6883/4000 4052/6884/4001
f 4050/6885/3999 4053/6886/4002 4051/6887/4000
f 4050/6885/3999 4054/6888/4003 4053/6886/4002
f 4055/6889/4004 4056/6890/4005 4057/6891/4006
f 4055/6892/4004 4057/6893/4006 4058/6894/4007
f 4055/6895/4004 4058/6896/4007 4059/6897/4008
f 4060/6898/4009 4061/6899/4010 4062/6900/4011
f 4060/6901/4009 4062/6902/4011 4063/6903/4012
f 4060/6904/4009 4063/6905/4012 4064/6906/4013
f 4065/6907/4014 4066/6908/4015 4067/6909/4016
f 4065/6910/4014 4067/6911/4016 4068/6912/4017
f 4065/6913/4014 4068/6914/4017 4069/6915/4018
f 4070/6916/4019 4071/6917/4020 4072/6918/4021
f 4070/6919/4019 4073/6920/4022 4071/6921/4020
f 4070/6922/4019 4074/6923/4023 4073/6924/4022
f 4075/6925/4024 4076/6926/4025 4077/6927/4026
f 4075/6928/4024 4078/6929/4027 4076/6930/4025
f 4075/6931/4024 4079/6932/4028 4078/6933/4027
f 4080/6934/4029 4081/6935/4030 4082/6936/4031
f 4080/6937/4029 4082/6938/4031 4083/6939/4032
f 4080/6940/4029 4083/6941/4032 4084/6942/4033
f 4085/6943/4034 4086/6944/4035 4087/6945/4036
f 4085/6946/4034 4087/6947/4036 4088/6948/4037
f 4085/6949/4034 4088/6950/4037 4089/6951/4038
f 4090/6952/4039 4091/6953/4040 4092/6954/4041
f 4090/6955/4039 4092/6956/4041 4093/6957/4042
f 4090/6958/4039 4093/6959/4042 4094/6960/4043
f 4095/6961/4044 4096/6962/4045 4097/6963/4046
f 4095/6964/4044 4098/6965/4047 4096/6966/4045
f 4095/6967/4044 4099/6968/4048 4098/6969/4047
f 4100/6970/4049 4101/6971/4050 4102/6972/4051
f 4100/6970/4049 4103/6973/4052 4101/6971/4050
f 4100/6974/4049 4104/6975/4053 4103/6976/4052
f 4105/6977/4054 4106/6978/4055 4107/6979/4056
f 4105/6980/4054 4107/6981/4056 4108/6982/4057
f 4105/6983/4054 4108/6984/4057 4109/6985/4058
f 4110/6986/4059 4111/6987/4060 4112/6988/4061
f 4110/6986/4059 4112/6988/4061 4113/6989/4062
f 4110/6990/4059 4113/6991/4062 4114/6992/4063
f 4115/6993/4064 4116/6994/4065 4117/6995/4066
f 4115/6996/4064 4117/6997/4066 4118/6998/4067
f 4115/6999/4064 4118/7000/4067 4119/7001/4068
f 4120/7002/4069 4121/7003/4070 4122/7004/4071
f 4120/7005/4069 4123/7006/4072 4121/7007/4070
f 4120/7008/4069 4124/7009/4073 4123/7010/4072
f 4125/7011/4074 4126/7012/4075 4127/7013/4076
f 4125/7014/4074 4128/7015/4077 4126/7016/4075
f 4125/7017/4074 4129/7018/4078 4128/7019/4077
f 4130/7020/4079 4131/7021/4080 4132/7022/4081
f 4130/7023/4079 4132/7024/4081 4133/7025/4082
f 4130/7026/4079 4133/7027/4082 4134/7028/4083
f 4135/7029/4084 4136/7030/4085 4137/7031/4086
f 4135/7032/4084 4137/7033/4086 4138/7034/4087
f 4135/7035/4084 4138/7036/4087 4139/7037/4088
f 4140/7038/4089 4141/7039/4090 4142/7040/4091
f 4140/7041/4089 4142/7042/4091 4143/7043/4092
f 4140/7044/4089 4143/7045/4092 4144/7046/4093
f 4145/7047/4094 4146/7048/4095 4147/7049/4096
f 4145/7050/4094 4148/7051/4097 4146/7052/4095
f 4145/7053/4094 4149/7054/4098 4148/7055/4097
f 4150/7056/4099 4151/7057/4100 4152/7058/4101
f 4150/7056/4099 4153/7059/4102 4151/7057/4100
f 4150/7060/4099 4154/7061/4103 4153/7062/4102
f 4155/7063/4104 4156/7064/4105 4157/7065/4106
f 4155/7066/4104 4157/7067/4106 4158/7068/4107
f 4155/7069/4104 4158/7070/4107 4159/7071/4108
f 4160/7072/4109 4161/7073/4110 4162/7074/4111
f 4160/7075/4109 4162/7076/4111 4163/7077/4112
f 4160/7078/4109 4163/7079/4112 4164/7080/4113
f 4165/7081/4114 4166/7082/4115 4167/7083/4116
f 4165/7084/4114 4167/7085/4116 4168/7086/4117
f 4165/7087/4114 4168/7088/4117 4169/7089/4118
f 4170/7090/4119 4171/7091/4120 4172/7092/4121
f 4170/7093/4119 4173/7094/4122 4171/7095/4120
f 4170/7096/4119 4174/7097/4123 4173/7098/4122
f 4175/7099/4124 4176/7100/4125 4177/7101/4126
f 4175/7099/4124 4178/7102/4127 4176/7100/4125
f 4175/7099/4124 4179/7103/4128 4178/7102/4127
f 4180/7104/4129 4181/7105/4130 4182/7106/4131
f 4180/7107/4129 4182/7108/4131 4183/7109/4132
f 4180/7110/4129 4183/7111/4132 4184/7112/4133
f 4185/7113/4134 4186/7114/4135 4187/7115/4136
f 4185/7116/4134 4187/7117/4136 4188/7118/4137
f 4185/7119/4134 4188/7120/4137 4189/7121/4138
f 4190/7122/4139 4191/7123/4140 4192/7124/4141
f 4190/7125/4139 4192/7126/4141 4193/7127/4142
f 4190/7128/4139 4193/7129/4142 4194/7130/4143
f 4195/7131/4144 4196/7132/4145 4197/7133/4146
f 4195/7134/4144 4198/7135/4147 4196/7136/4145
f 4195/7137/4144 4199/7138/4148 4198/7139/4147
f 4200/7140/4149 4201/7141/4150 4202/7142/4151
f 4200/7140/4149 4203/7143/4152 4201/7141/4150
f 4200/7144/4149 4204/7145/4153 4203/7146/4152
f 4205/7147/4154 4206/7148/4155 4207/7149/4156
f 4205/7147/4154 4207/7149/4156 4208/7150/4157
f 4205/7151/4154 4208/7152/4157 4209/7153/4158
f 4210/7154/4159 4211/7155/4160 4212/7156/4161
f 4210/7157/4159 4212/7158/4161 4213/7159/4162
f 4210/7160/4159 4213/7161/4162 4214/7162/4163
f 4215/7163/4164 4216/7164/4165 4217/7165/4166
f 4215/7163/4164 4217/7165/4166 4218/7166/4167
f 4215/7167/4164 4218/7168/4167 4219/7169/4168
f 4220/7170/4169 4221/7171/4170 4222/7172/4171
f 4220/7170/4169 4223/7173/4172 4221/7171/4170
f 4220/7170/4169 4224/7174/4173 4223/7173/4172
f 4225/7175/4174 4226/4601/4175 4227/7176/4176
f 4225/7177/4174 4228/7178/4177 4226/7179/4175
f 4225/7177/4174 4229/7180/4178 4228/7178/4177
f 4230/7181/4179 4231/7182/4180 4232/7183/4181
f 4230/7184/4179 4232/7185/4181 4233/7186/4182
f 4230/7187/4179 4233/7188/4182 4234/7189/4183
f 4235/7190/4184 4236/7191/4185 4237/7192/4186
f 4235/7193/4184 4237/7194/4186 4238/7195/4187
f 4235/7196/4184 4238/7197/4187 4239/7198/4188
f 4240/7199/4189 4241/7200/4190 4242/7201/4191
f 4240/7199/4189 4242/7201/4191 4243/7202/4192
f 4240/7203/4189 4243/7204/4192 4244/7205/4193
f 4245/7206/4194 4246/7207/4195 4247/7208/4196
f 4245/7209/4194 4248/7210/4197 4246/7211/4195
f 4245/7209/4194 4249/7212/4198 4248/7210/4197
f 4250/7213/4199 4251/7214/4200 4252/7215/4201
f 4250/7216/4199 4253/7217/4202 4251/7218/4200
f 4250/7216/4199 4254/7219/4203 4253/7217/4202
f 4255/7220/4204 4256/7221/4205 4257/7222/4206
f 4255/7220/4204 4257/7222/4206 4258/7223/4207
f 4255/7224/4204 4258/7225/4207 4259/7226/4208
f 4260/7227/4209 4261/7228/4210 4262/7229/4211
f 4260/7230/4209 4262/7231/4211 4263/7232/4212
f 4260/7230/4209 4263/7232/4212 4264/7233/4213
f 4265/7234/4214 4266/7235/4215 4267/7236/4216
f 4265/7237/4214 4267/7238/4216 4268/7239/4217
f 4265/7237/4214 4268/7239/4217 4269/7240/4218
f 4270/7241/4219 4271/7242/4220 4272/7243/4221
f 4270/7244/4219 4273/7245/4222 4271/7246/4220
f 4270/7247/4219 4274/7248/4223 4273/7249/4222
f 4275/7250/4224 4276/7251/4225 4277/7252/4226
f 4275/7253/4224 4278/7254/4227 4276/7255/4225
f 4275/7256/4224 4279/7257/4228 4278/7258/4227
f 4280/7259/4229 4281/7260/4230 4282/7261/4231
f 4280/7262/4229 4282/7263/4231 4283/7264/4232
f 4280/7262/4229 4283/7264/4232 4284/7265/4233
f 4285/7266/4234 4286/7267/4235 4287/7268/4236
f 4285/7269/4234 4287/7270/4236 4288/7271/4237
f 4285/7272/4234 4288/7273/4237 4289/7274/4238
f 4290/7275/4239 4291/7276/4240 4292/7277/4241
f 4290/7278/4239 4292/7279/4241 4293/7280/4242
f 4290/7281/4239 4293/7282/4242 4294/7283/4243
f 4295/7284/4244 4296/7285/4245 4297/7286/4246
f 4295/7287/4244 4298/7288/4247 4296/7289/4245
f 4295/7290/4244 4299/7291/4248 4298/7292/4247
f 4300/7293/4249 4301/7294/4250 4302/7295/4251
f 4300/7296/4249 4303/7297/4252 4301/7298/4250
f 4300/7299/4249 4304/7300/4253 4303/7301/4252
f 4305/7302/4254 4306/7303/4255 4307/7304/4256
f 4305/7305/4254 4307/7306/4256 4308/7307/4257
f 4305/7308/4254 4308/7309/4257 4309/7310/4258
f 4310/7311/4259 4311/7312/4260 4312/7313/4261
f 4310/7311/4259 4312/7313/4261 4313/7314/4262
f 4310/7315/4259 4313/7316/4262 4314/7317/4263
f 4315/7318/4264 4316/7319/4265 4317/7320/4266
f 4315/7321/4264 4317/7322/4266 4318/7323/4267
f 4315/7324/4264 4318/7325/4267 4319/7326/4268
f 4320/7327/4269 4321/7328/4270 4322/7329/4271
f 4320/7330/4269 4323/7331/4272 4321/7332/4270
f 4320/7333/4269 4324/7334/4273 4323/7335/4272
f 4325/7336/4274 4326/7337/4275 4327/7338/4276
f 4325/7339/4274 4328/7340/4277 4326/7341/4275
f 4325/7342/4274 4329/7343/4278 4328/7344/4277
f 4330/7345/4279 4331/7346/4280 4332/7347/4281
f 4330/7348/4279 4332/7349/4281 4333/7350/4282
f 4330/7048/4279 4333/7351/4282 4334/7352/4283
f 4335/7353/4284 4336/7354/4285 4337/7355/4286
f 4335/7356/4284 4337/7357/4286 4338/7358/4287
f 4335/7359/4284 4338/7360/4287 4339/7361/4288
f 4340/7362/4289 4341/7363/4290 4342/7364/4291
f 4340/7365/4289 4342/7366/4291 4343/7367/4292
f 4340/7368/4289 4343/6923/4292 4344/7369/4293
f 4345/7370/4294 4346/7371/4295 4347/7372/4296
f 4345/7373/4294 4348/7374/4297 4346/7375/4295
f 4345/7376/4294 4349/7377/4298 4348/7378/4297
f 4350/7379/4299 4351/7380/4300 4352/7381/4301
f 4350/7382/4299 4353/7383/4302 4351/7384/4300
f 4350/7382/4299 4354/7385/4303 4353/7383/4302
f 4355/7386/4304 4356/7387/4305 4357/7388/4306
f 4355/7389/4304 4357/7390/4306 4358/7391/4307
f 4355/7392/4304 4358/7393/4307 4359/7394/4308
f 4360/7395/4309 4361/7396/4310 4362/7397/4311
f 4360/7398/4309 4362/7399/4311 4363/7400/4312
f 4360/7401/4309 4363/7402/4312 4364/7403/4313
f 4365/7404/4314 4366/7405/4315 4367/7406/4316
f 4365/7407/4314 4367/7408/4316 4368/7409/4317
f 4365/7410/4314 4368/7411/4317 4369/7412/4318
f 4370/7413/4319 4371/7414/4320 4372/7415/4321
f 4370/7416/4319 4373/7417/4322 4371/7418/4320
f 4370/7419/4319 4374/7420/4323 4373/7421/4322
f 4375/7422/4324 4376/7423/4325 4377/7424/4326
f 4375/7422/4324 4378/7425/4327 4376/7423/4325
f 4375/7422/4324 4379/7426/4328 4378/7425/4327
f 4380/7427/4329 4381/7428/4330 4382/7429/4331
f 4380/7430/4329 4382/7431/4331 4383/7432/4332
f 4380/7433/4329 4383/7434/4332 4384/7435/4333
f 4385/7436/4334 4386/7437/4335 4387/7438/4336
f 4385/7436/4334 4387/7438/4336 4388/7439/4337
f 4385/7436/4334 4388/7439/4337 4389/7440/4338
f 4390/7441/4339 4391/7442/4340 4392/7443/4341
f 4390/7444/4339 4392/7445/4341 4393/7446/4342
f 4390/7447/4339 4393/7448/4342 4394/7449/4343
f 4395/7450/4344 4396/7451/4345 4397/7452/4346
f 4395/7453/4344 4398/7454/4347 4396/7455/4345
f 4395/7456/4344 4399/7457/4348 4398/7458/4347
f 4400/7459/4349 4401/7460/4350 4402/7461/4351
f 4400/7462/4349 4403/7463/4352 4401/7464/4350
f 4400/7465/4349 4404/7466/4353 4403/7467/4352
f 4405/7468/4354 4406/7469/4355 4407/7470/4356
f 4405/7471/4354 4407/7472/4356 4408/7473/4357
f 4405/7474/4354 4408/7475/4357 4409/7476/4358
f 4410/7477/4359 4411/5230/4360 4412/7478/4361
f 4410/7477/4359 4412/7478/4361 4413/7479/4362
f 4410/7477/4359 4413/7479/4362 4414/7480/4363
f 4415/7481/4364 4416/7482/4365 4417/7483/4366
f 4415/7481/4364 4417/7483/4366 4418/7484/4367
f 4415/7481/4364 4418/7484/4367 4419/7485/4368
f 4420/7486/4369 4421/7487/4370 4422/7488/4371
f 4420/7489/4369 4423/7490/4372 4421/7491/4370
f 4420/7489/4369 4424/7492/4373 4423/7490/4372
f 4425/7493/4374 4426/7494/4375 4427/7495/4376
f 4425/7496/4374 4428/7497/4377 4426/7498/4375
f 4425/7499/4374 4429/7500/4378 4428/7501/4377
f 4430/7502/4379 4431/7503/4380 4432/7504/4381
f 4430/7505/4379 4432/7506/4381 4433/7507/4382
f 4430/7508/4379 4433/7509/4382 4434/7510/4383
f 4435/7511/4384 4436/7512/4385 4437/7513/4386
f 4435/7514/4384 4437/7515/4386 4438/7516/4387
f 4435/7517/4384 4438/7518/4387 4439/7519/4388
f 4440/7520/4389 4441/7521/4390 4442/7522/4391
f 4440/7523/4389 4442/7524/4391 4443/7525/4392
f 4440/7526/4389 4443/7527/4392 4444/7528/4393
f 4445/7529/4394 4446/7530/4395 4447/7531/4396
f 4445/7532/4394 4448/7533/4397 4446/7534/4395
f 4445/7535/4394 4449/7536/4398 4448/7537/4397
f 4450/7538/4399 4451/7539/4400 4452/7540/4401
f 4450/7541/4399 4453/7542/4402 4451/7543/4400
f 4450/7541/4399 4454/7544/4403 4453/7542/4402
f 4455/7545/4404 4456/7546/4405 4457/7547/4406
f 4455/7548/4404 4457/7549/4406 4458/7550/4407
f 4455/7551/4404 4458/7552/4407 4459/7553/4408
f 4460/7554/4409 4461/7555/4410 4462/7556/4411
f 4460/7557/4409 4462/7558/4411 4463/7559/4412
f 4460/7560/4409 4463/7561/4412 4464/7562/4413
f 4465/7563/4414 4466/7564/4415 4467/7565/4416
f 4465/7566/4414 4467/7567/4416 4468/7568/4417
f 4465/7569/4414 4468/7570/4417 4469/7571/4418
f 4470/7572/4419 4471/7573/4420 4472/7574/4421
f 4470/7575/4419 4473/7576/4422 4471/7577/4420
f 4470/7578/4419 4474/7579/4423 4473/7580/4422
f 4475/7581/4424 4476/7582/4425 4477/7583/4426
f 4475/7581/4424 4478/7584/4427 4476/7582/4425
f 4475/7585/4424 4479/7586/4428 4478/7587/4427
f 4480/7588/4429 4481/7589/4430 4482/7466/4431
f 4480/7590/4429 4482/7591/4431 4483/7592/4432
f 4480/7593/4429 4483/7594/4432 4484/7595/4433
f 4485/7596/4434 4486/7597/4435 4487/7598/4436
f 4485/7599/4434 4487/7600/4436 4488/7601/4437
f 4485/7602/4434 4488/7603/4437 4489/7604/4438
f 4490/7605/4439 4491/7606/4440 4492/7607/4441
f 4490/7608/4439 4492/7609/4441 4493/7610/4442
f 4490/7611/4439 4493/7612/4442 4494/7613/4443
f 4495/7614/4444 4496/7615/4445 4497/7616/4446
f 4495/7617/4444 4498/7618/4447 4496/7619/4445
f 4495/7620/4444 4499/7621/4448 4498/7622/4447
f 4500/7623/4449 4501/7624/4450 4502/7625/4451
f 4500/7626/4449 4503/7627/4452 4501/7628/4450
f 4500/7629/4449 4504/7630/4453 4503/7631/4452
f 4505/7632/4454 4506/7633/4455 4507/7634/4456
f 4505/7635/4454 4507/7636/4456 4508/7637/4457
f 4505/7638/4454 4508/7450/4457 4509/7639/4458
f 4510/7640/4459 4511/7641/4460 4512/7642/4461
f 4510/7643/4459 4512/7644/4461 4513/7645/4462
f 4510/7646/4459 4513/7647/4462 4514/7648/4463
f 4515/7649/4464 4516/7650/4465 4517/7651/4466
f 4515/7652/4464 4517/7653/4466 4518/7654/4467
f 4515/7655/4464 4518/7656/4467 4519/7657/4468
f 4520/7658/4469 4521/7659/4470 4522/7660/4471
f 4520/7661/4469 4523/7662/4472 4521/7663/4470
f 4520/7664/4469 4524/7665/4473 4523/7666/4472
f 4525/7667/4474 4526/7668/4475 4527/7669/4476
f 4525/7670/4474 4528/7671/4477 4526/7672/4475
f 4525/7673/4474 4529/7674/4478 4528/7675/4477
f 4530/7676/4479 4531/7677/4480 4532/7678/4481
f 4530/7679/4479 4532/7680/4481 4533/7681/4482
f 4530/7682/4479 4533/7683/4482 4534/7684/4483
f 4535/7685/4484 4536/7686/4485 4537/7687/4486
f 4535/7685/4484 4537/7687/4486 4538/7688/4487
f 4535/7689/4484 4538/7690/4487 4539/7691/4488
f 4540/7692/4489 4541/7693/4490 4542/7694/4491
f 4540/7695/4489 4542/7696/4491 4543/7697/4492
f 4540/7698/4489 4543/7699/4492 4544/7700/4493
f 4545/7701/4494 4546/7702/4495 4547/7703/4496
f 4545/7704/4494 4548/7705/4497 4546/7706/4495
f 4545/7707/4494 4549/7708/4498 4548/7709/4497
f 4550/7710/4499 4551/7711/4500 4552/7712/4501
f 4550/7713/4499 4553/7714/4502 4551/7715/4500
f 4550/7716/4499 4554/7717/4503 4553/7718/4502
f 4555/7719/4504 4556/7720/4505 4557/7721/4506
f 4555/7722/4504 4557/7723/4506 4558/7724/4507
f 4555/7725/4504 4558/7726/4507 4559/7727/4508
f 4560/7728/4509 4561/7729/4510 4562/7730/4511
f 4560/7731/4509 4562/7732/4511 4563/7733/4512
f 4560/7734/4509 4563/7735/4512 4564/7736/4513
f 4565/7737/4514 4566/7738/4515 4567/7739/4516
f 4565/7740/4514 4567/7741/4516 4568/7742/4517
f 4565/7743/4514 4568/7744/4517 4569/7745/4518
f 4570/7746/4519 4571/7747/4520 4572/7748/4521
f 4570/7746/4519 4573/7749/4522 4571/7747/4520
f 4570/7750/4519 4574/7751/4523 4573/7752/4522
f 4575/7753/4524 4576/7754/4525 4577/7755/4526
f 4575/7756/4524 4578/7757/4527 4576/7758/4525
f 4575/7759/4524 4579/7760/4528 4578/7761/4527
f 4580/7762/4529 4581/7763/4530 4582/7764/4531
f 4580/7765/4529 4582/7766/4531 4583/7767/4532
f 4580/7768/4529 4583/7769/4532 4584/7770/4533
f 4585/7771/4534 4586/7772/4535 4587/7773/4536
f 4585/7774/4534 4587/7775/4536 4588/7776/4537
f 4585/7777/4534 4588/7778/4537 4589/7779/4538
f 4590/7780/4539 4591/7781/4540 4592/7782/4541
f 4590/7783/4539 4592/7784/4541 4593/7785/4542
f 4590/7786/4539 4593/7787/4542 4594/7788/4543
f 4595/7789/4544 4596/7790/4545 4597/7791/4546
f 4595/7792/4544 4598/7793/4547 4596/7794/4545
f 4595/7795/4544 4599/7796/4548 4598/7797/4547
f 4600/7798/4549 4601/7799/4550 4602/7800/4551
f 4600/7801/4549 4603/7802/4552 4601/7803/4550
f 4600/7804/4549 4604/7805/4553 4603/7806/4552
f 4605/7807/4554 4606/7808/4555 4607/7809/4556
f 4605/7810/4554 4607/7811/4556 4608/7812/4557
f 4605/7813/4554 4608/7814/4557 4609/7815/4558
f 4610/7816/4559 4611/7817/4560 4612/7818/4561
f 4610/7819/4559 4612/7820/4561 4613/7821/4562
f 4610/7822/4559 4613/7823/4562 4614/7824/4563
f 4615/7825/4564 4616/7826/4565 4617/7064/4566
f 4615/7827/4564 4617/7828/4566 4618/7829/4567
f 4615/7830/4564 4618/7831/4567 4619/7832/4568
f 4620/7833/4569 4621/7834/4570 4622/7835/4571
f 4620/7836/4569 4623/7837/4572 4621/7838/4570
f 4620/7839/4569 4624/7840/4573 4623/7841/4572
f 4625/7842/4574 4626/7843/4575 4627/7844/4576
f 4625/7842/4574 4628/7845/4577 4626/7843/4575
f 4625/7842/4574 4629/7846/4578 4628/7845/4577
f 4630/7847/4579 4631/7848/4580 4632/7849/4581
f 4630/7850/4579 4632/7851/4581 4633/7852/4582
f 4630/7853/4579 4633/7854/4582 4634/7855/4583
f 4635/7856/4584 4636/7857/4585 4637/4022/4586
f 4635/7856/4584 4637/4022/4586 4638/7858/4587
f 4635/7856/4584 4638/7858/4587 4639/7859/4588
f 4640/7860/4589 4641/7861/4590 4642/7862/4591
f 4640/7863/4589 4642/7864/4591 4643/7865/4592
f 4640/7866/4589 4643/7867/4592 4644/7868/4593
f 4645/7869/4594 4646/7870/4595 4647/7871/4596
f 4645/7872/4594 4648/7873/4597 4646/7874/4595
f 4645/7875/4594 4649/7876/4598 4648/7877/4597
f 4650/7878/4599 4651/7879/4600 4652/7880/4601
f 4650/7881/4599 4653/7882/4602 4651/7883/4600
f 4650/7884/4599 4654/7885/4603 4653/7886/4602
f 4655/7887/4604 4656/7888/4605 4657/7889/4606
f 4655/7890/4604 4657/7891/4606 4658/7892/4607
f 4655/7893/4604 4658/7894/4607 4659/7895/4608
f 4660/7896/4609 4661/7897/4610 4662/7898/4611
f 4660/7899/4609 4662/7900/4611 4663/7901/4612
f 4660/7902/4609 4663/7903/4612 4664/7904/4613
f 4665/7905/4614 4666/7906/4615 4667/7907/4616
f 4665/7908/4614 4667/7909/4616 4668/7910/4617
f 4665/7911/4614 4668/7912/4617 4669/7913/4618
f 4670/7914/4619 4671/7915/4620 4672/7916/4621
f 4670/7917/4619 4673/7918/4622 4671/7919/4620
f 4670/7920/4619 4674/7921/4623 4673/7922/4622
f 4675/7923/4624 4676/7924/4625 4677/7925/4626
f 4675/7926/4624 4678/7927/4627 4676/7928/4625
f 4675/7926/4624 4679/7929/4628 4678/7927/4627
f 4680/7930/4629 4681/7931/4630 4682/7932/4631
f 4680/7933/4629 4682/7934/4631 4683/7935/4632
f 4680/7936/4629 4683/7937/4632 4684/7938/4633
f 4685/7939/4634 4686/7940/4635 4687/7941/4636
f 4685/7939/4634 4687/7941/4636 4688/7942/4637
f 4685/7943/4634 4688/7944/4637 4689/7945/4638
f 4690/7946/4639 4691/7947/4640 4692/7948/4641
f 4690/7949/4639 4692/7950/4641 4693/7951/4642
f 4690/7952/4639 4693/7953/4642 4694/7954/4643
f 4695/7955/4644 4696/7956/4645 4697/7957/4646
f 4695/7958/4644 4698/7959/4647 4696/7960/4645
f 4695/7961/4644 4699/7962/4648 4698/7963/4647
f 4700/7964/4649 4701/7965/4650 4702/7966/4651
f 4700/7967/4649 4703/7968/4652 4701/7969/4650
f 4700/7970/4649 4704/7971/4653 4703/7972/4652
f 4705/7973/4654 4706/7974/4655 4707/7975/4656
f 4705/7976/4654 4707/7977/4656 4708/7978/4657
f 4705/7979/4654 4708/7980/4657 4709/7981/4658
f 4710/7982/4659 4711/7983/4660 4712/7984/4661
f 4710/7985/4659 4712/7986/4661 4713/7987/4662
f 4710/7988/4659 4713/7989/4662 4714/7990/4663
f 4715/7991/4664 4716/7992/4665 4717/7993/4666
f 4715/7994/4664 4717/7995/4666 4718/7996/4667
f 4715/7997/4664 4718/7998/4667 4719/7999/4668
f 4720/8000/4669 4721/8001/4670 4722/8002/4671
f 4720/8003/4669 4723/8004/4672 4721/8005/4670
f 4720/8006/4669 4724/8007/4673 4723/8008/4672
f 4725/8009/4674 4726/8010/4675 4727/8011/4676
f 4725/8012/4674 4728/8013/4677 4726/8014/4675
f 4725/8015/4674 4729/8016/4678 4728/8017/4677
f 4730/8018/4679 4731/8019/4680 4732/8020/4681
f 4730/8021/4679 4732/8022/4681 4733/8023/4682
f 4730/8024/4679 4733/8025/4682 4734/8026/4683
f 4735/8027/4684 4736/8028/4685 4737/8029/4686
f 4735/8030/4684 4737/8031/4686 4738/8032/4687
f 4735/8033/4684 4738/8034/4687 4739/8035/4688
f 4740/8036/4689 4741/8037/4690 4742/8038/4691
f 4740/8039/4689 4742/8040/4691 4743/8041/4692
f 4740/8042/4689 4743/8043/4692 4744/8044/4693
f 4745/8045/4694 4746/8046/4695 4747/8047/4696
f 4745/8048/4694 4748/8049/4697 4746/8050/4695
f 4745/8051/4694 4749/8052/4698 4748/8053/4697
f 4750/8054/4699 4751/8055/4700 4752/8056/4701
f 4750/8057/4699 4753/8058/4702 4751/8059/4700
f 4750/8060/4699 4754/8061/4703 4753/8062/4702
f 4755/8063/4704 4756/8064/4705 4757/8065/4706
f 4755/8063/4704 4757/8065/4706 4758/8066/4707
f 4755/8067/4704 4758/8068/4707 4759/8069/4708
f 4760/8070/4709 4761/8071/4710 4762/8072/4711
f 4760/8073/4709 4762/8074/4711 4763/8075/4712
f 4760/8076/4709 4763/8077/4712 4764/8078/4713
f 4765/8079/4714 4766/8080/4715 4767/8081/4716
f 4765/8082/4714 4767/8083/4716 4768/8084/4717
f 4765/8085/4714 4768/8086/4717 4769/8087/4718
f 4770/8088/4719 4771/8089/4720 4772/8090/4721
f 4770/8091/4719 4773/8092/4722 4771/8093/4720
f 4770/8094/4719 4774/8095/4723 4773/8096/4722
f 4775/8097/4724 4776/8098/4725 4777/8099/4726
f 4775/8100/4724 4778/8101/4727 4776/8102/4725
f 4775/8103/4724 4779/8104/4728 4778/8105/4727
f 4780/8106/4729 4781/8107/4730 4782/8108/4731
f 4780/8109/4729 4782/8110/4731 4783/8111/4732
f 4780/8112/4729 4783/8113/4732 4784/8114/4733
f 4785/8115/4734 4786/8116/4735 4787/8117/4736
f 4785/8118/4734 4787/8119/4736 4788/8120/4737
f 4785/8121/4734 4788/8122/4737 4789/8123/4738
f 4790/8124/4739 4791/8125/4740 4792/8126/4741
f 4790/8127/4739 4792/8128/4741 4793/8129/4742
f 4790/8127/4739 4793/8129/4742 4794/8130/4743
f 4795/8131/4744 4796/8132/4745 4797/8133/4746
f 4795/8134/4744 4798/8135/4747 4796/8136/4745
f 4795/8137/4744 4799/8138/4748 4798/8139/4747
f 4800/8140/4749 4801/8141/4750 4802/8142/4751
f 4800/8140/4749 4803/8143/4752 4801/8141/4750
f 4800/8144/4749 4804/8145/4753 4803/8146/4752
f 4805/8147/4754 4806/8148/4755 4807/8149/4756
f 4805/8150/4754 4807/8151/4756 4808/8152/4757
f 4805/8150/4754 4808/8152/4757 4809/8153/4758
f 4810/8154/4759 4811/8155/4760 4812/8156/4761
f 4810/8157/4759 4812/8158/4761 4813/8159/4762
f 4810/8160/4759 4813/8161/4762 4814/8162/4763
f 4815/8163/4764 4816/8164/4765 4817/8165/4766
f 4815/8166/4764 4817/8167/4766 4818/8168/4767
f 4815/8169/4764 4818/8170/4767 4819/8171/4768
f 4820/8172/4769 4821/8173/4770 4822/8174/4771
f 4820/8175/4769 4823/8176/4772 4821/8177/4770
f 4820/8175/4769 4824/8178/4773 4823/8176/4772
f 4825/8179/4774 4826/8180/4775 4827/8181/4776
f 4825/8182/4774 4828/8183/4777 4826/8184/4775
f 4825/8182/4774 4829/8185/4778 4828/8183/4777
f 4830/8186/4779 4831/8187/4780 4832/8188/4781
f 4830/8189/4779 4832/8190/4781 4833/8191/4782
f 4830/8192/4779 4833/8193/4782 4834/8194/4783
f 4835/8195/4784 4836/8196/4785 4837/8197/4786
f 4835/8198/4784 4837/8199/4786 4838/8200/4787
f 4835/8201/4784 4838/8202/4787 4839/8203/4788
f 4840/8204/4789 4841/8205/4790 4842/8206/4791
f 4840/8207/4789 4842/8208/4791 4843/8209/4792
f 4840/8210/4789 4843/8211/4792 4844/8212/4793
f 4845/8213/4794 4846/8214/4795 4847/8215/4796
f 4845/8216/4794 4848/8217/4797 4846/8218/4795
f 4845/8219/4794 4849/8220/4798 4848/8221/4797
f 4850/8222/4799 4851/8223/4800 4852/8224/4801
f 4850/8225/4799 4853/8226/4802 4851/8227/4800
f 4850/8228/4799 4854/8229/4803 4853/8230/4802
f 4855/8231/4804 4856/8232/4805 4857/8233/4806
f 4855/8234/4804 4857/8235/4806 4858/8236/4807
f 4855/8237/4804 4858/8238/4807 4859/8239/4808
f 4860/8240/4809 4861/8241/4810 4862/8242/4811
f 4860/8243/4809 4862/8244/4811 4863/8245/4812
f 4860/8246/4809 4863/8247/4812 4864/8248/4813
f 4865/8249/4814 4866/8250/4815 4867/8251/4816
f 4865/8252/4814 4867/8253/4816 4868/8254/4817
f 4865/8255/4814 4868/8256/4817 4869/8257/4818
f 4870/8258/4819 4871/8259/4820 4872/8260/4821
f 4870/8261/4819 4873/8262/4822 4871/8263/4820
f 4870/8264/4819 4874/8265/4823 4873/8266/4822
f 4875/8267/4824 4876/8268/4825 4877/8269/4826
f 4875/8267/4824 4878/8270/4827 4876/8268/4825
f 4875/8271/4824 4879/8272/4828 4878/8273/4827
f 4880/8274/4829 4881/8275/4830 4882/8276/4831
f 4880/8277/4829 4882/8278/4831 4883/8279/4832
f 4880/8280/4829 4883/8281/4832 4884/8282/4833
f 4885/8283/4834 4886/8284/4835 4887/8285/4836
f 4885/8286/4834 4887/8287/4836 4888/8288/4837
f 4885/8289/4834 4888/8290/4837 4889/8291/4838
f 4890/8292/4839 4891/8293/4840 4892/8294/4841
f 4890/8295/4839 4892/8296/4841 4893/8297/4842
f 4890/8298/4839 4893/8299/4842 4894/8300/4843
f 4895/8301/4844 4896/8302/4845 4897/8303/4846
f 4895/8304/4844 4898/8305/4847 4896/8306/4845
f 4895/8307/4844 4899/8308/4848 4898/8309/4847
f 4900/8310/4849 4901/8311/4850 4902/8312/4851
f 4900/8313/4849 4903/8314/4852 4901/8315/4850
f 4900/8313/4849 4904/8316/4853 4903/8314/4852
f 4905/8317/4854 4906/8318/4855 4907/8319/4856
f 4905/8320/4854 4907/8321/4856 4908/8322/4857
f 4905/8323/4854 4908/8324/4857 4909/8325/4858
f 4910/8326/4859 4911/8327/4860 4912/8328/4861
f 4910/8329/4859 4912/8330/4861 4913/8331/4862
f 4910/8329/4859 4913/8331/4862 4914/8332/4863
f 4915/8333/4864 4916/8334/4865 4917/8335/4866
f 4915/8336/4864 4917/8337/4866 4918/8338/4867
f 4915/8339/4864 4918/8340/4867 4919/8341/4868
f 4920/8342/4869 4921/8343/4870 4922/8344/4871
f 4920/8345/4869 4923/8346/4872 4921/8347/4870
f 4920/8348/4869 4924/8349/4873 4923/8350/4872
f 4925/8351/4874 4926/8352/4875 4927/8353/4876
f 4925/8354/4874 4928/8355/4877 4926/8356/4875
f 4925/8357/4874 4929/8358/4878 4928/8359/4877
f 4930/8360/4879 4931/8361/4880 4932/8362/4881
f 4930/8363/4879 4932/8364/4881 4933/8365/4882
f 4930/8366/4879 4933/8367/4882 4934/8368/4883
f 4935/8369/4884 4936/8370/4885 4937/8371/4886
f 4935/8372/4884 4937/8373/4886 4938/8374/4887
f 4935/8375/4884 4938/8376/4887 4939/8377/4888
f 4940/8378/4889 4941/8379/4890 4942/8380/4891
f 4940/8381/4889 4942/8382/4891 4943/8383/4892
f 4940/8384/4889 4943/8385/4892 4944/8386/4893
f 4945/8387/4894 4946/8388/4895 4947/8389/4896
f 4945/8390/4894 4948/8391/4897 4946/8392/4895
f 4945/8393/4894 4949/8394/4898 4948/8395/4897
f 4950/8396/4899 4951/8397/4900 4952/8398/4901
f 4950/8399/4899 4953/8400/4902 4951/8401/4900
f 4950/8402/4899 4954/8403/4903 4953/8404/4902
f 4955/8405/4904 4956/8406/4905 4957/8407/4906
f 4955/8408/4904 4957/8409/4906 4958/8410/4907
f 4955/8411/4904 4958/8412/4907 4959/8413/4908
f 4960/8414/4909 4961/8415/4910 4962/8416/4911
f 4960/8417/4909 4962/8418/4911 4963/8419/4912
f 4960/8420/4909 4963/8421/4912 4964/8422/4913
f 4965/8423/4914 4966/8424/4915 4967/8425/4916
f 4965/8426/4914 4967/4875/4916 4968/8427/4917
f 4965/8428/4914 4968/8429/4917 4969/8430/4918
f 4970/8431/4919 4971/8432/4920 4972/8433/4921
f 4970/8431/4919 4973/8434/4922 4971/8432/4920
f 4970/8435/4919 4974/8436/4923 4973/8437/4922
f 4975/8438/4924 4976/8439/4925 4977/8440/4926
f 4975/8441/4924 4978/8442/4927 4976/8443/4925
f 4975/8444/4924 4979/8445/4928 4978/8446/4927
f 4980/8447/4929 4981/8448/4930 4982/8449/4931
f 4980/8450/4929 4982/8451/4931 4983/8452/4932
f 4980/8450/4929 4983/8452/4932 4984/8453/4933
f 4985/8454/4934 4986/8455/4935 4987/8456/4936
f 4985/8457/4934 4987/8458/4936 4988/8459/4937
f 4985/8460/4934 4988/8461/4937 4989/8462/4938
f 4990/8463/4939 4991/8464/4940 4992/8465/4941
f 4990/8466/4939 4992/8467/4941 4993/8468/4942
f 4990/8469/4939 4993/8470/4942 4994/8471/4943
f 4995/8472/4944 4996/8473/4945 4997/8474/4946
f 4995/8475/4944 4998/8476/4947 4996/8477/4945
f 4995/8478/4944 4999/8479/4948 4998/8480/4947
f 5000/8481/4949 5001/8482/4950 5002/8483/4951
f 5000/8484/4949 5003/8485/4952 5001/8486/4950
f 5000/8487/4949 5004/8488/4953 5003/8489/4952
f 5005/8490/4954 5006/8491/4955 5007/8492/4956
f 5005/8493/4954 5007/8494/4956 5008/8495/4957
f 5005/8496/4954 5008/8497/4957 5009/8498/4958
f 5010/8499/4959 5011/8500/4960 5012/8501/4961
f 5010/8502/4959 5012/6385/4961 5013/8503/4962
f 5010/8502/4959 5013/8503/4962 5014/8504/4963
f 5015/8505/4964 5016/8506/4965 5017/8507/4966
f 5015/8508/4964 5017/8509/4966 5018/8510/4967
f 5015/8511/4964 5018/8512/4967 5019/8513/4968
f 5020/8514/4969 5021/8515/4970 5022/8516/4971
f 5020/8517/4969 5023/8518/4972 5021/8519/4970
f 5020/8520/4969 5024/8521/4973 5023/8522/4972
f 5025/8523/4974 5026/8524/4975 5027/8525/4976
f 5025/8526/4974 5028/8527/4977 5026/8528/4975
f 5025/8529/4974 5029/8530/4978 5028/8531/4977
f 5030/8532/4979 5031/8533/4980 5032/8534/4981
f 5030/8535/4979 5032/8536/4981 5033/8537/4982
f 5030/8538/4979 5033/8539/4982 5034/8540/4983
f 5035/8541/4984 5036/8542/4985 5037/8543/4986
f 5035/8544/4984 5037/8545/4986 5038/8546/4987
f 5035/8547/4984 5038/8548/4987 5039/8549/4988
f 5040/8550/4989 5041/8551/4990 5042/8552/4991
f 5040/8553/4989 5042/8554/4991 5043/8555/4992
f 5040/8556/4989 5043/8557/4992 5044/8558/4993
f 5045/8559/4994 5046/8560/4995 5047/8561/4996
f 5045/8562/4994 5048/8563/4997 5046/8564/4995
f 5045/8565/4994 5049/8566/4998 5048/8567/4997
f 5050/8568/4999 5051/8569/5000 5052/8570/5001
f 5050/8571/4999 5053/8572/5002 5051/8573/5000
f 5050/8571/4999 5054/8574/5003 5053/8572/5002
f 5055/8575/5004 5056/8576/5005 5057/8577/5006
f 5055/8578/5004 5057/8579/5006 5058/8580/5007
f 5055/8581/5004 5058/8582/5007 5059/8583/5008
f 5060/8584/5009 5061/8585/5010 5062/8586/5011
f 5060/8587/5009 5062/8588/5011 5063/8589/5012
f 5060/8590/5009 5063/8591/5012 5064/8592/5013
f 5065/8593/5014 5066/8594/5015 5067/8595/5016
f 5065/8596/5014 5067/8597/5016 5068/8598/5017
f 5065/8599/5014 5068/8600/5017 5069/8601/5018
f 5070/8602/5019 5071/8603/5020 5072/8604/5021
f 5070/8605/5019 5073/8606/5022 5071/8607/5020
f 5070/8608/5019 5074/8609/5023 5073/8610/5022
f 5075/8611/5024 5076/8612/5025 5077/8613/5026
f 5075/8611/5024 5078/8614/5027 5076/8612/5025
f 5075/8615/5024 5079/8616/5028 5078/8617/5027
f 5080/8618/5029 5081/8619/5030 5082/8620/5031
f 5080/8621/5029 5082/8622/5031 5083/8623/5032
f 5080/8624/5029 5083/8625/5032 5084/8626/5033
f 5085/8627/5034 5086/8628/5035 5087/8629/5036
f 5085/8630/5034 5087/8631/5036 5088/8632/5037
f 5085/8633/5034 5088/8634/5037 5089/8635/5038
f 5090/8636/5039 5091/8637/5040 5092/8638/5041
f 5090/8639/5039 5092/8640/5041 5093/8641/5042
f 5090/8642/5039 5093/8643/5042 5094/8644/5043
f 5095/8645/5044 5096/8646/5045 5097/8647/5046
f 5095/8645/5044 5098/8648/5047 5096/8646/5045
f 5095/8645/5044 5099/8649/5048 5098/8648/5047
f 5100/8650/5049 5101/8651/5050 5102/8652/5051
f 5100/8653/5049 5103/8654/5052 5101/8655/5050
f 5100/8656/5049 5104/8657/5053 5103/8658/5052
f 5105/8659/5054 5106/8660/5055 5107/8661/5056
f 5105/8662/5054 5107/8663/5056 5108/8664/5057
f 5105/8665/5054 5108/8666/5057 5109/8667/5058
f 5110/8668/5059 5111/8669/5060 5112/8670/5061
f 5110/8671/5059 5112/8672/5061 5113/8673/5062
f 5110/8674/5059 5113/8675/5062 5114/8676/5063
f 5115/8677/5064 5116/8678/5065 5117/8679/5066
f 5115/8680/5064 5117/8681/5066 5118/4956/5067
f 5115/8680/5064 5118/4956/5067 5119/8682/5068
f 5120/8683/5069 5121/8684/5070 5122/8685/5071
f 5120/8683/5069 5123/8686/5072 5121/8684/5070
f 5120/8687/5069 5124/8688/5073 5123/8689/5072
f 5125/8690/5074 5126/8691/5075 5127/8692/5076
f 5125/8693/5074 5128/8694/5077 5126/8695/5075
f 5125/8696/5074 5129/8697/5078 5128/8698/5077
f 5130/8699/5079 5131/8700/5080 5132/8701/5081
f 5130/8702/5079 5132/8703/5081 5133/8704/5082
f 5130/8705/5079 5133/8706/5082 5134/8707/5083
f 5135/8708/5084 5136/8709/5085 5137/7607/5086
f 5135/8710/5084 5137/8711/5086 5138/8712/5087
f 5135/8713/5084 5138/8714/5087 5139/8715/5088
f 5140/8716/5089 5141/8717/5090 5142/8718/5091
f 5140/8719/5089 5142/8720/5091 5143/8721/5092
f 5140/8722/5089 5143/8723/5092 5144/8724/5093
f 5145/8725/5094 5146/8726/5095 5147/8727/5096
f 5145/8725/5094 5148/8728/5097 5146/8726/5095
f 5145/8729/5094 5149/8730/5098 5148/8731/5097
f 5150/8732/5099 5151/8733/5100 5152/8734/5101
f 5150/8735/5099 5153/8736/5102 5151/8737/5100
f 5150/8738/5099 5154/8739/5103 5153/8740/5102
f 5155/8741/5104 5156/8742/5105 5157/8743/5106
f 5155/8744/5104 5157/8745/5106 5158/8746/5107
f 5155/8747/5104 5158/8748/5107 5159/8749/5108
f 5160/8750/5109 5161/8751/5110 5162/8752/5111
f 5160/8753/5109 5162/8754/5111 5163/8755/5112
f 5160/8756/5109 5163/8757/5112 5164/8758/5113
f 5165/8759/5114 5166/8760/5115 5167/8761/5116
f 5165/8759/5114 5167/8761/5116 5168/8762/5117
f 5165/8759/5114 5168/8762/5117 5169/8763/5118
f 5170/8689/5119 5171/8764/5120 5172/8765/5121
f 5170/8766/5119 5173/8767/5122 5171/8768/5120
f 5170/8766/5119 5174/8769/5123 5173/8767/5122
f 5175/8770/5124 5176/8771/5125 5177/8772/5126
f 5175/8773/5124 5178/8774/5127 5176/8775/5125
f 5175/8776/5124 5179/8777/5128 5178/5763/5127
f 5180/8778/5129 5181/8779/5130 5182/8780/5131
f 5180/8778/5129 5182/8780/5131 5183/8781/5132
f 5180/8782/5129 5183/8783/5132 5184/8784/5133
f 5185/8785/5134 5186/8786/5135 5187/8787/5136
f 5185/8788/5134 5187/8789/5136 5188/8790/5137
f 5185/8791/5134 5188/8792/5137 5189/8793/5138
f 5190/8794/5139 5191/8795/5140 5192/8796/5141
f 5190/8797/5139 5192/8798/5141 5193/8799/5142
f 5190/8800/5139 5193/8801/5142 5194/8802/5143
f 5195/8803/5144 5196/8804/5145 5197/8805/5146
f 5195/8803/5144 5198/8806/5147 5196/8804/5145
f 5195/8807/5144 5199/8808/5148 5198/8809/5147
f 5200/8810/5149 5201/8811/5150 5202/8812/5151
f 5200/8813/5149 5203/8814/5152 5201/8815/5150
f 5200/8816/5149 5204/8817/5153 5203/8818/5152
f 5205/8819/5154 5206/8820/5155 5207/8821/5156
f 5205/8822/5154 5207/8823/5156 5208/8824/5157
f 5205/8825/5154 5208/8826/5157 5209/8827/5158
f 5210/8828/5159 5211/8829/5160 5212/8830/5161
f 5210/8831/5159 5212/8832/5161 5213/8833/5162
f 5210/8834/5159 5213/8835/5162 5214/8836/5163
f 5215/8837/5164 5216/8838/5165 5217/3816/5166
f 5215/8837/5164 5217/3816/5166 5218/8839/5167
f 5215/8840/5164 5218/8841/5167 5219/8842/5168
f 5220/8843/5169 5221/8844/5170 5222/8845/5171
f 5220/8846/5169 5223/8847/5172 5221/8848/5170
f 5220/8846/5169 5224/8849/5173 5223/8847/5172
f 5225/8850/5174 5226/8851/5175 5227/8852/5176
f 5225/8853/5174 5228/8854/5177 5226/8855/5175
f 5225/8856/5174 5229/8857/5178 5228/8858/5177
f 5230/8859/5179 5231/8860/5180 5232/8861/5181
f 5230/8862/5179 5232/8863/5181 5233/8864/5182
f 5230/8865/5179 5233/8866/5182 5234/8867/5183
f 5235/8868/5184 5236/8869/5185 5237/8870/5186
f 5235/8871/5184 5237/8872/5186 5238/8873/5187
f 5235/8874/5184 5238/8875/5187 5239/8876/5188
f 5240/8877/5189 5241/8878/5190 5242/8879/5191
f 5240/8880/5189 5242/8881/5191 5243/8882/5192
f 5241/8878/5190 5240/8877/5189 5244/8883/5193
f 5240/8880/5189 5243/8882/5192 5245/8884/5194
f 5244/8883/5193 5240/8877/5189 5245/8885/5194
f 5244/8883/5193 5245/8885/5194 5246/8886/5195
f 5245/8887/5194 5243/8888/5192 5246/8889/5195
f 5247/8890/5196 5248/8891/5197 5249/8892/5198
f 5247/8890/5196 5249/8892/5198 5250/8893/5199
f 5248/8894/5197 5247/8895/5196 5251/8896/5200
f 5247/8890/5196 5250/8893/5199 5252/8897/5201
f 5251/8896/5200 5247/8895/5196 5252/8898/5201
f 5251/8896/5200 5252/8898/5201 5253/8899/5202
f 5252/8897/5201 5250/8893/5199 5253/8900/5202
f 5254/8901/5203 5255/8902/5204 5256/8903/5205
f 5254/8901/5203 5256/8903/5205 5257/8904/5206
f 5255/8905/5204 5254/8906/5203 5258/8907/5207
f 5254/8901/5203 5257/8904/5206 5259/8908/5208
f 5258/8907/5207 5254/8906/5203 5259/8909/5208
f 5258/8907/5207 5259/8909/5208 5260/8910/5209
f 5259/8908/5208 5257/8904/5206 5260/8911/5209
f 5261/8912/5210 5262/8913/5211 5263/8914/5212
f 5261/8912/5210 5263/8914/5212 5264/8915/5213
f 5262/8916/5211 5261/8917/5210 5265/8918/5214
f 5261/8912/5210 5264/8915/5213 5266/8919/5215
f 5265/8920/5214 5261/8921/5210 5266/8922/5215
f 5265/8920/5214 5266/8922/5215 5267/8923/5216
f 5266/8919/5215 5264/8915/5213 5267/8924/5216
f 5268/8925/5217 5269/8926/5218 5270/8927/5219
f 5268/8925/5217 5270/8927/5219 5271/8928/5220
f 5269/8929/5218 5268/8930/5217 5272/8931/5221
f 5268/8925/5217 5271/8928/5220 5273/8932/5222
f 5272/8933/5221 5268/8925/5217 5273/8932/5222
f 5272/8934/5221 5273/8935/5222 5274/8936/5223
f 5273/8932/5222 5271/8928/5220 5274/8937/5223
f 5275/8938/5224 5276/8939/5225 5277/8940/5226
f 5275/8938/5224 5277/8940/5226 5278/8941/5227
f 5276/8942/5225 5275/8943/5224 5279/8944/5228
f 5275/8938/5224 5278/8941/5227 5280/8945/5229
f 5279/8944/5228 5275/8943/5224 5280/8946/5229
f 5279/8944/5228 5280/8946/5229 5281/8947/5230
f 5280/8945/5229 5278/8941/5227 5281/8948/5230
f 5282/8949/5231 5283/8950/5232 5284/8951/5233
f 5282/8949/5231 5284/8951/5233 5285/8952/5234
f 5283/8953/5232 5282/8954/5231 5286/8955/5235
f 5282/8949/5231 5285/8952/5234 5287/8956/5236
f 5286/8955/5235 5282/8954/5231 5287/8957/5236
f 5286/8955/5235 5287/8957/5236 5288/8958/5237
f 5287/8956/5236 5285/8952/5234 5288/8959/5237
f 5289/8960/5238 5290/8961/5239 5291/8962/5240
f 5289/8960/5238 5291/8962/5240 5292/8963/5241
f 5290/8964/5239 5289/8965/5238 5293/8966/5242
f 5289/8960/5238 5292/8963/5241 5294/8967/5243
f 5293/8966/5242 5289/8965/5238 5294/8968/5243
f 5293/8966/5242 5294/8968/5243 5295/8969/5244
f 5294/8967/5243 5292/8963/5241 5295/8970/5244
f 5296/8971/5245 5297/8972/5246 5298/8973/5247
f 5296/8971/5245 5298/8973/5247 5299/8974/5248
f 5297/8972/5246 5296/8971/5245 5300/8975/5249
f 5296/8971/5245 5299/8974/5248 5301/8976/5250
f 5300/8975/5249 5296/8971/5245 5301/8976/5250
f 5300/8977/5249 5301/8978/5250 5302/8979/5251
f 5301/8976/5250 5299/8974/5248 5302/8980/5251
f 5303/8981/5252 5304/8982/5253 5305/8983/5254
f 5303/8984/5252 5305/8985/5254 5306/8986/5255
f 5304/8987/5253 5303/8988/5252 5307/8989/5256
f 5303/8990/5252 5306/8991/5255 5308/8992/5257
f 5307/8993/5256 5303/8990/5252 5308/8992/5257
f 5307/8994/5256 5308/8995/5257 5309/8996/5258
f 5308/8992/5257 5306/8991/5255 5309/8997/5258
f 5310/8998/5259 5311/8999/5260 5312/9000/5261
f 5310/9001/5259 5312/9002/5261 5313/9003/5262
f 5311/9004/5260 5310/9005/5259 5314/9006/5263
f 5310/9001/5259 5313/9003/5262 5315/9007/5264
f 5314/9006/5263 5310/9005/5259 5315/9008/5264
f 5314/9006/5263 5315/9008/5264 5316/9009/5265
f 5315/9007/5264 5313/9003/5262 5316/9010/5265
f 5317/9011/5266 5318/9012/5267 5319/9013/5268
f 5317/9011/5266 5319/9013/5268 5320/9014/5269
f 5318/9015/5267 5317/9016/5266 5321/9017/5270
f 5317/9011/5266 5320/9014/5269 5322/9018/5271
f 5321/9019/5270 5317/9020/5266 5322/9021/5271
f 5321/9019/5270 5322/9021/5271 5323/9022/5272
f 5322/9018/5271 5320/9014/5269 5323/9023/5272
f 5324/9024/5273 5325/9025/5274 5326/9026/5275
f 5324/9024/5273 5326/9026/5275 5327/9027/5276
f 5325/9028/5274 5324/9029/5273 5328/9030/5277
f 5324/9024/5273 5327/9027/5276 5329/9031/5278
f 5328/9032/5277 5324/9033/5273 5329/9034/5278
f 5328/9032/5277 5329/9034/5278 5330/9035/5279
f 5329/9031/5278 5327/9027/5276 5330/9036/5279
f 5331/9037/5280 5332/9038/5281 5333/9039/5282
f 5331/9037/5280 5333/9039/5282 5334/9040/5283
f 5332/9041/5281 5331/9042/5280 5335/9043/5284
f 5331/9037/5280 5334/9040/5283 5336/9044/5285
f 5335/9043/5284 5331/9042/5280 5336/9045/5285
f 5335/9046/5284 5336/9047/5285 5337/9048/5286
f 5336/9044/5285 5334/9040/5283 5337/9049/5286
f 5338/9050/5287 5339/9051/5288 5340/9052/5289
f 5338/9050/5287 5340/9052/5289 5341/9053/5290
f 5339/9054/5288 5338/9055/5287 5342/9056/5291
f 5338/9050/5287 5341/9053/5290 5343/9057/5292
f 5342/9056/5291 5338/9055/5287 5343/9058/5292
f 5342/9056/5291 5343/9058/5292 5344/9059/5293
f 5343/9060/5292 5341/9061/5290 5344/9062/5293
f 5345/9063/5294 5346/9064/5295 5347/9065/5296
f 5345/9066/5294 5347/9067/5296 5348/9068/5297
f 5346/9064/5295 5345/9063/5294 5349/9069/5298
f 5345/9066/5294 5348/9068/5297 5350/9070/5299
f 5349/9071/5298 5345/9072/5294 5350/9073/5299
f 5349/9071/5298 5350/9073/5299 5351/9074/5300
f 5350/9070/5299 5348/9068/5297 5351/9075/5300
f 5352/9076/5301 5353/9077/5302 5354/9078/5303
f 5352/9076/5301 5354/9078/5303 5355/9079/5304
f 5353/9077/5302 5352/9076/5301 5356/9080/5305
f 5352/9076/5301 5355/9079/5304 5357/9081/5306
f 5356/9080/5305 5352/9076/5301 5357/9081/5306
f 5356/9082/5305 5357/9083/5306 5358/9084/5307
f 5357/9085/5306 5355/9086/5304 5358/9087/5307
f 5359/9088/5308 5360/9089/5309 5361/9090/5310
f 5359/9088/5308 5361/9090/5310 5362/9091/5311
f 5360/9089/5309 5359/9088/5308 5363/9092/5312
f 5359/9088/5308 5362/9091/5311 5364/9093/5313
f 5363/9094/5312 5359/9095/5308 5364/9096/5313
f 5363/9094/5312 5364/9096/5313 5365/9097/5314
f 5364/9093/5313 5362/9091/5311 5365/9098/5314
f 5366/9099/5315 5367/9100/5316 5368/9101/5317
f 5366/9102/5315 5368/9103/5317 5369/9104/5318
f 5367/9105/5316 5366/9106/5315 5370/9107/5319
f 5366/9102/5315 5369/9104/5318 5371/9108/5320
f 5370/9107/5319 5366/9106/5315 5371/9109/5320
f 5370/9107/5319 5371/9109/5320 5372/9110/5321
f 5371/9108/5320 5369/9104/5318 5372/9111/5321
f 5373/9112/5322 5374/9113/5323 5375/9114/5324
f 5373/9112/5322 5375/9114/5324 5376/9115/5325
f 5374/9116/5323 5373/9117/5322 5377/9118/5326
f 5373/9119/5322 5376/9120/5325 5378/9121/5327
f 5377/9118/5326 5373/9117/5322 5378/9122/5327
f 5377/9118/5326 5378/9122/5327 5379/9123/5328
f 5378/9121/5327 5376/9120/5325 5379/9124/5328
f 5380/9125/5329 5381/9126/5330 5382/9127/5331
f 5380/9125/5329 5382/9127/5331 5383/9128/5332
f 5381/9126/5330 5380/9125/5329 5384/9129/5333
f 5380/9125/5329 5383/9128/5332 5385/9130/5334
f 5384/9129/5333 5380/9125/5329 5385/9130/5334
f 5384/9131/5333 5385/9132/5334 5386/9133/5335
f 5385/9130/5334 5383/9128/5332 5386/9134/5335
f 5387/9135/5336 5388/9136/5337 5389/9137/5338
f 5387/9135/5336 5389/9137/5338 5390/9138/5339
f 5388/9139/5337 5387/9140/5336 5391/9141/5340
f 5387/9135/5336 5390/9138/5339 5392/9142/5341
f 5391/9141/5340 5387/9140/5336 5392/9143/5341
f 5391/9141/5340 5392/9143/5341 5393/9144/5342
f 5392/9142/5341 5390/9138/5339 5393/9145/5342
f 5394/9146/5343 5395/9147/5344 5396/9148/5345
f 5394/9146/5343 5396/9148/5345 5397/9149/5346
f 5395/9147/5344 5394/9146/5343 5398/9150/5347
f 5394/9146/5343 5397/9149/5346 5399/9151/5348
f 5398/9150/5347 5394/9146/5343 5399/9151/5348
f 5398/9152/5347 5399/9153/5348 5400/9154/5349
f 5399/9155/5348 5397/9156/5346 5400/9157/5349
f 5401/9158/5350 5402/9159/5351 5403/9160/5352
f 5401/9161/5350 5403/9162/5352 5404/9163/5353
f 5402/9164/5351 5401/9165/5350 5405/9166/5354
f 5401/9161/5350 5404/9163/5353 5406/9167/5355
f 5405/9166/5354 5401/9165/5350 5406/9168/5355
f 5405/9166/5354 5406/9168/5355 5407/9169/5356
f 5406/9167/5355 5404/9163/5353 5407/9170/5356
f 5408/9171/5357 5409/9172/5358 5410/9173/5359
f 5408/9171/5357 5410/9173/5359 5411/9174/5360
f 5409/9175/5358 5408/9176/5357 5412/9177/5361
f 5408/9171/5357 5411/9174/5360 5413/9178/5362
f 5412/9177/5361 5408/9176/5357 5413/9179/5362
f 5412/9177/5361 5413/9179/5362 5414/9180/5363
f 5413/9178/5362 5411/9174/5360 5414/9181/5363
f 5415/9182/5364 5416/9183/5365 5417/9184/5366
f 5415/9185/5364 5417/9186/5366 5418/9187/5367
f 5416/9188/5365 5415/9189/5364 5419/9190/5368
f 5415/9185/5364 5418/9187/5367 5420/9191/5369
f 5419/9190/5368 5415/9189/5364 5420/9192/5369
f 5419/9190/5368 5420/9192/5369 5421/9193/5370
f 5420/9191/5369 5418/9187/5367 5421/9194/5370
f 5422/9195/5371 5423/9196/5372 5424/9197/5373
f 5422/9198/5371 5424/9199/5373 5425/9200/5374
f 5423/9201/5372 5422/9202/5371 5426/9203/5375
f 5422/9198/5371 5425/9200/5374 5427/9204/5376
f 5426/9203/5375 5422/9202/5371 5427/9205/5376
f 5426/9203/5375 5427/9205/5376 5428/9206/5377
f 5427/9204/5376 5425/9200/5374 5428/9207/5377
f 5429/9208/5378 5430/9209/5379 5431/9210/5380
f 5429/9208/5378 5431/9210/5380 5432/9211/5381
f 5430/9212/5379 5429/9213/5378 5433/9214/5382
f 5429/9215/5378 5432/9216/5381 5434/9217/5383
f 5433/9214/5382 5429/9213/5378 5434/9218/5383
f 5433/9214/5382 5434/9218/5383 5435/9219/5384
f 5434/9217/5383 5432/9216/5381 5435/9220/5384
f 5436/9221/5385 5437/9222/5386 5438/9223/5387
f 5436/9221/5385 5438/9223/5387 5439/9224/5388
f 5437/9225/5386 5436/9226/5385 5440/9227/5389
f 5436/9221/5385 5439/9224/5388 5441/9228/5390
f 5440/9227/5389 5436/9226/5385 5441/9229/5390
f 5440/9230/5389 5441/9231/5390 5442/9232/5391
f 5441/9228/5390 5439/9224/5388 5442/9233/5391
f 5443/9234/5392 5444/9235/5393 5445/9236/5394
f 5443/9234/5392 5445/9236/5394 5446/9237/5395
f 5444/9235/5393 5443/9234/5392 5447/9238/5396
f 5443/9234/5392 5446/9237/5395 5448/9239/5397
f 5447/9238/5396 5443/9234/5392 5448/9239/5397
f 5447/9238/5396 5448/9239/5397 5449/9240/5398
f 5448/9239/5397 5446/9237/5395 5449/9240/5398
f 5450/9241/5399 5451/9242/5400 5452/9243/5401
f 5450/9241/5399 5452/9243/5401 5453/9244/5402
f 5451/9245/5400 5450/9246/5399 5454/9247/5403
f 5450/9241/5399 5453/9244/5402 5455/9248/5404
f 5454/9247/5403 5450/9246/5399 5455/9249/5404
f 5454/9247/5403 5455/9249/5404 5456/9250/5405
f 5455/9248/5404 5453/9244/5402 5456/9251/5405
f 5457/9252/5406 5458/9253/5407 5459/9254/5408
f 5457/9252/5406 5459/9254/5408 5460/9255/5409
f 5458/9256/5407 5457/9257/5406 5461/9258/5410
f 5457/9252/5406 5460/9255/5409 5462/9259/5411
f 5461/9258/5410 5457/9257/5406 5462/9260/5411
f 5461/9261/5410 5462/9262/5411 5463/9263/5412
f 5462/9259/5411 5460/9255/5409 5463/9264/5412
f 5464/9265/5413 5465/9266/5414 5466/9267/5415
f 5464/9268/5413 5466/9269/5415 5467/9270/5416
f 5465/9271/5414 5464/9272/5413 5468/9273/5417
f 5464/9268/5413 5467/9270/5416 5469/9274/5418
f 5468/9275/5417 5464/9276/5413 5469/9277/5418
f 5468/9275/5417 5469/9277/5418 5470/9278/5419
f 5469/9274/5418 5467/9270/5416 5470/9279/5419
f 5471/9280/5420 5472/9281/5421 5473/9282/5422
f 5471/9280/5420 5473/9282/5422 5474/9283/5423
f 5472/9284/5421 5471/9285/5420 5475/9286/5424
f 5471/9280/5420 5474/9283/5423 5476/9287/5425
f 5475/9286/5424 5471/9285/5420 5476/9288/5425
f 5475/9289/5424 5476/9290/5425 5477/9291/5426
f 5476/9287/5425 5474/9283/5423 5477/9292/5426
f 5478/9293/5427 5479/9294/5428 5480/9295/5429
f 5478/9293/5427 5480/9295/5429 5481/9296/5430
f 5479/9297/5428 5478/9298/5427 5482/9299/5431
f 5478/9293/5427 5481/9296/5430 5483/9300/5432
f 5482/9299/5431 5478/9298/5427 5483/9301/5432
f 5482/9302/5431 5483/9303/5432 5484/9304/5433
f 5483/9303/5432 5481/9305/5430 5484/9304/5433
f 5485/9306/5434 5486/9307/5435 5487/9308/5436
f 5485/9306/5434 5487/9308/5436 5488/9309/5437
f 5486/9310/5435 5485/9311/5434 5489/9312/5438
f 5485/9306/5434 5488/9309/5437 5490/9313/5439
f 5489/9312/5438 5485/9311/5434 5490/9314/5439
f 5489/9312/5438 5490/9314/5439 5491/9315/5440
f 5490/9313/5439 5488/9309/5437 5491/9316/5440
f 5492/9317/5441 5493/9318/5442 5494/9319/5443
f 5492/9317/5441 5494/9319/5443 5495/9320/5444
f 5493/9321/5442 5492/9322/5441 5496/9323/5445
f 5492/9317/5441 5495/9320/5444 5497/9324/5446
f 5496/9323/5445 5492/9322/5441 5497/9325/5446
f 5496/9323/5445 5497/9325/5446 5498/9326/5447
f 5497/9324/5446 5495/9320/5444 5498/9327/5447
f 5499/9328/5448 5500/9329/5449 5501/9330/5450
f 5499/9331/5448 5501/9332/5450 5502/9333/5451
f 5500/9329/5449 5499/9328/5448 5503/9334/5452
f 5499/9331/5448 5502/9333/5451 5504/9335/5453
f 5503/9334/5452 5499/9328/5448 5504/9336/5453
f 5503/9337/5452 5504/9338/5453 5505/9339/5454
f 5504/9335/5453 5502/9333/5451 5505/9340/5454
f 5506/9341/5455 5507/9342/5456 5508/9343/5457
f 5506/9341/5455 5508/9343/5457 5509/9344/5458
f 5507/9345/5456 5506/9346/5455 5510/9347/5459
f 5506/9341/5455 5509/9344/5458 5511/9348/5460
f 5510/9347/5459 5506/9346/5455 5511/9349/5460
f 5510/9347/5459 5511/9349/5460 5512/9350/5461
f 5511/9348/5460 5509/9344/5458 5512/9351/5461
f 5513/9352/5462 5514/9353/5463 5515/9354/5464
f 5513/9352/5462 5515/9354/5464 5516/9355/5465
f 5514/9356/5463 5513/9357/5462 5517/9358/5466
f 5513/9352/5462 5516/9355/5465 5518/9359/5467
f 5517/9358/5466 5513/9357/5462 5518/9360/5467
f 5517/9358/5466 5518/9360/5467 5519/9361/5468
f 5518/9362/5467 5516/9363/5465 5519/9364/5468
f 5520/9365/5469 5521/9366/5470 5522/9367/5471
f 5520/9368/5469 5522/9369/5471 5523/9370/5472
f 5521/9371/5470 5520/9372/5469 5524/9373/5473
f 5520/9368/5469 5523/9370/5472 5525/9374/5474
f 5524/9373/5473 5520/9372/5469 5525/9375/5474
f 5524/9376/5473 5525/9374/5474 5526/9377/5475
f 5525/9374/5474 5523/9370/5472 5526/9377/5475
f 5527/9378/5476 5528/9379/5477 5529/9380/5478
f 5527/9378/5476 5529/9380/5478 5530/9381/5479
f 5528/9382/5477 5527/9383/5476 5531/9384/5480
f 5527/9378/5476 5530/9381/5479 5532/9385/5481
f 5531/9386/5480 5527/9387/5476 5532/9388/5481
f 5531/9386/5480 5532/9388/5481 5533/9389/5482
f 5532/9385/5481 5530/9381/5479 5533/9390/5482
f 5534/9391/5483 5535/9392/5484 5536/9393/5485
f 5534/9391/5483 5536/9393/5485 5537/9394/5486
f 5535/9395/5484 5534/9396/5483 5538/9397/5487
f 5534/9391/5483 5537/9394/5486 5539/9398/5488
f 5538/9397/5487 5534/9396/5483 5539/9399/5488
f 5538/9397/5487 5539/9399/5488 5540/9400/5489
f 5539/9398/5488 5537/9394/5486 5540/9401/5489
f 5541/9402/5490 5542/9403/5491 5543/9404/5492
f 5541/9405/5490 5543/9406/5492 5544/9407/5493
f 5542/9408/5491 5541/9409/5490 5545/9410/5494
f 5541/9405/5490 5544/9407/5493 5546/9411/5495
f 5545/9410/5494 5541/9409/5490 5546/9412/5495
f 5545/9410/5494 5546/9412/5495 5547/9413/5496
f 5546/9411/5495 5544/9407/5493 5547/9414/5496
f 5548/9415/5497 5549/9416/5498 5550/9417/5499
f 5548/9415/5497 5550/9417/5499 5551/9418/5500
f 5549/9419/5498 5548/9420/5497 5552/9421/5501
f 5548/9415/5497 5551/9418/5500 5553/9422/5502
f 5552/9421/5501 5548/9420/5497 5553/9423/5502
f 5552/9421/5501 5553/9423/5502 5554/9424/5503
f 5553/9422/5502 5551/9418/5500 5554/9425/5503
f 5555/9426/5504 5556/9427/5505 5557/9428/5506
f 5555/9426/5504 5557/9428/5506 5558/9429/5507
f 5556/9430/5505 5555/9431/5504 5559/9432/5508
f 5555/9426/5504 5558/9429/5507 5560/9433/5509
f 5559/9432/5508 5555/9431/5504 5560/9434/5509
f 5559/9432/5508 5560/9434/5509 5561/9435/5510
f 5560/9436/5509 5558/9437/5507 5561/9438/5510
f 5562/9439/5511 5563/9440/5512 5564/9441/5513
f 5562/9442/5511 5564/9443/5513 5565/9444/5514
f 5563/9445/5512 5562/9446/5511 5566/9447/5515
f 5562/9448/5511 5565/9449/5514 5567/9450/5516
f 5566/9447/5515 5562/9446/5511 5567/9451/5516
f 5566/9447/5515 5567/9451/5516 5568/9452/5517
f 5567/9453/5516 5565/9454/5514 5568/9455/5517
f 5569/9456/5518 5570/9457/5519 5571/9458/5520
f 5569/9456/5518 5571/9458/5520 5572/9459/5521
f 5570/9457/5519 5569/9456/5518 5573/9460/5522
f 5569/9456/5518 5572/9459/5521 5574/9461/5523
f 5573/9460/5522 5569/9456/5518 5574/9461/5523
f 5573/9460/5522 5574/9461/5523 5575/9462/5524
f 5574/9461/5523 5572/9459/5521 5575/9462/5524
f 5576/9463/5525 5577/9464/5526 5578/9465/5527
f 5576/9466/5525 5578/9467/5527 5579/9468/5528
f 5577/9469/5526 5576/9470/5525 5580/9471/5529
f 5576/9466/5525 5579/9468/5528 5581/9472/5530
f 5580/9471/5529 5576/9470/5525 5581/9473/5530
f 5580/9471/5529 5581/9473/5530 5582/9474/5531
f 5581/9472/5530 5579/9468/5528 5582/9475/5531
f 5583/9476/5532 5584/9477/5533 5585/9478/5534
f 5583/9479/5532 5585/9480/5534 5586/9481/5535
f 5584/9482/5533 5583/9483/5532 5587/9484/5536
f 5583/9479/5532 5586/9481/5535 5588/9485/5537
f 5587/9484/5536 5583/9483/5532 5588/9486/5537
f 5587/9487/5536 5588/9488/5537 5589/9489/5538
f 5588/9490/5537 5586/9491/5535 5589/9492/5538
f 5590/9493/5539 5591/9494/5540 5592/9495/5541
f 5590/9493/5539 5592/9495/5541 5593/9496/5542
f 5591/9497/5540 5590/9498/5539 5594/9499/5543
f 5590/9493/5539 5593/9496/5542 5595/9500/5544
f 5594/9499/5543 5590/9498/5539 5595/9501/5544
f 5594/9499/5543 5595/9501/5544 5596/9502/5545
f 5595/9500/5544 5593/9496/5542 5596/9503/5545
f 5597/9504/5546 5598/9505/5547 5599/9506/5548
f 5597/9504/5546 5599/9506/5548 5600/9507/5549
f 5598/9508/5547 5597/9509/5546 5601/9510/5550
f 5597/9504/5546 5600/9507/5549 5602/9511/5551
f 5601/9510/5550 5597/9509/5546 5602/9512/5551
f 5601/9510/5550 5602/9512/5551 5603/9513/5552
f 5602/9511/5551 5600/9507/5549 5603/9514/5552
f 5604/9515/5553 5605/9516/5554 5606/9517/5555
f 5604/9518/5553 5606/9519/5555 5607/9520/5556
f 5605/9521/5554 5604/9522/5553 5608/9523/5557
f 5604/9518/5553 5607/9520/5556 5609/9524/5558
f 5608/9523/5557 5604/9522/5553 5609/9525/5558
f 5608/9523/5557 5609/9525/5558 5610/9526/5559
f 5609/9524/5558 5607/9520/5556 5610/9527/5559
f 5611/9528/5560 5612/9529/5561 5613/9530/5562
f 5611/9528/5560 5613/9530/5562 5614/9531/5563
f 5612/9532/5561 5611/9533/5560 5615/9534/5564
f 5611/9528/5560 5614/9531/5563 5616/9535/5565
f 5615/9534/5564 5611/9533/5560 5616/9536/5565
f 5615/9534/5564 5616/9536/5565 5617/9537/5566
f 5616/9535/5565 5614/9531/5563 5617/9538/5566
f 5618/9539/5567 5619/9540/5568 5620/9541/5569
f 5618/9542/5567 5620/9543/5569 5621/9544/5570
f 5619/9540/5568 5618/9539/5567 5622/9545/5571
f 5618/9542/5567 5621/9544/5570 5623/9546/5572
f 5622/9545/5571 5618/9539/5567 5623/9547/5572
f 5622/9545/5571 5623/9547/5572 5624/9548/5573
f 5623/9549/5572 5621/9550/5570 5624/9551/5573
f 5625/9552/5574 5626/9553/5575 5627/9554/5576
f 5625/9552/5574 5627/9554/5576 5628/9555/5577
f 5626/9556/5575 5625/9557/5574 5629/9558/5578
f 5625/9559/5574 5628/9560/5577 5630/9561/5579
f 5629/9558/5578 5625/9557/5574 5630/9562/5579
f 5629/9558/5578 5630/9562/5579 5631/9563/5580
f 5630/9561/5579 5628/9560/5577 5631/9564/5580
f 5632/9565/5581 5633/9566/5582 5634/9567/5583
f 5632/9568/5581 5634/9569/5583 5635/9570/5584
f 5633/9566/5582 5632/9565/5581 5636/9571/5585
f 5632/9568/5581 5635/9570/5584 5637/9572/5586
f 5636/9571/5585 5632/9565/5581 5637/9573/5586
f 5636/9574/5585 5637/9575/5586 5638/9576/5587
f 5637/9572/5586 5635/9570/5584 5638/9577/5587
f 5639/9578/5588 5640/9579/5589 5641/9580/5590
f 5639/9578/5588 5641/9580/5590 5642/9581/5591
f 5640/9582/5589 5639/9583/5588 5643/9584/5592
f 5639/9578/5588 5642/9581/5591 5644/9585/5593
f 5643/9584/5592 5639/9583/5588 5644/9586/5593
f 5643/9584/5592 5644/9586/5593 5645/9587/5594
f 5644/9588/5593 5642/9589/5591 5645/9590/5594
f 5646/9591/5595 5647/9592/5596 5648/9593/5597
f 5646/9591/5595 5648/9593/5597 5649/9594/5598
f 5647/9595/5596 5646/9596/5595 5650/9597/5599
f 5646/9591/5595 5649/9594/5598 5651/9598/5600
f 5650/9597/5599 5646/9596/5595 5651/9599/5600
f 5650/9597/5599 5651/9599/5600 5652/9600/5601
f 5651/9601/5600 5649/9602/5598 5652/9603/5601
f 5653/9604/5602 5654/9605/5603 5655/9606/5604
f 5653/9604/5602 5655/9606/5604 5656/9607/5605
f 5654/9605/5603 5653/9604/5602 5657/9608/5606
f 5653/9604/5602 5656/9607/5605 5658/9609/5607
f 5657/9608/5606 5653/9604/5602 5658/9609/5607
f 5657/9608/5606 5658/9609/5607 5659/9610/5608
f 5658/9609/5607 5656/9607/5605 5659/9610/5608
f 5660/9611/5609 5661/9612/5610 5662/9613/5611
f 5660/9614/5609 5662/9615/5611 5663/9616/5612
f 5661/9612/5610 5660/9611/5609 5664/9617/5613
f 5660/9614/5609 5663/9616/5612 5665/9618/5614
f 5664/9617/5613 5660/9611/5609 5665/9619/5614
f 5664/9617/5613 5665/9619/5614 5666/9620/5615
f 5665/9618/5614 5663/9616/5612 5666/9621/5615
f 5667/9622/5616 5668/9623/5617 5669/9624/5618
f 5667/9622/5616 5669/9624/5618 5670/9625/5619
f 5668/9626/5617 5667/9627/5616 5671/9628/5620
f 5667/9622/5616 5670/9625/5619 5672/9629/5621
f 5671/9628/5620 5667/9627/5616 5672/9630/5621
f 5671/9631/5620 5672/9632/5621 5673/9633/5622
f 5672/9629/5621 5670/9625/5619 5673/9634/5622
f 5674/9635/5623 5675/9636/5624 5676/9637/5625
f 5674/9635/5623 5676/9637/5625 5677/9638/5626
f 5675/9639/5624 5674/9640/5623 5678/9641/5627
f 5674/9635/5623 5677/9638/5626 5679/9642/5628
f 5678/9641/5627 5674/9640/5623 5679/9643/5628
f 5678/9644/5627 5679/9645/5628 5680/9646/5629
f 5679/9642/5628 5677/9638/5626 5680/9647/5629
f 5681/9648/5630 5682/9649/5631 5683/9650/5632
f 5681/9648/5630 5683/9650/5632 5684/9651/5633
f 5682/9652/5631 5681/9653/5630 5685/9654/5634
f 5681/9655/5630 5684/9656/5633 5686/9657/5635
f 5685/9654/5634 5681/9653/5630 5686/9658/5635
f 5685/9654/5634 5686/9658/5635 5687/9659/5636
f 5686/9657/5635 5684/9656/5633 5687/9660/5636
f 5688/9661/5637 5689/9662/5638 5690/9663/5639
f 5688/9661/5637 5690/9663/5639 5691/9664/5640
f 5689/9665/5638 5688/9666/5637 5692/9667/5641
f 5688/9661/5637 5691/9664/5640 5693/9668/5642
f 5692/9667/5641 5688/9666/5637 5693/9669/5642
f 5692/9667/5641 5693/9669/5642 5694/9670/5643
f 5693/9671/5642 5691/9672/5640 5694/9673/5643
f 5695/9674/5644 5696/9675/5645 5697/9676/5646
f 5695/9674/5644 5697/9676/5646 5698/9677/5647
f 5696/9678/5645 5695/9679/5644 5699/9680/5648
f 5695/9681/5644 5698/9682/5647 5700/9683/5649
f 5699/9680/5648 5695/9679/5644 5700/9684/5649
f 5699/9680/5648 5700/9684/5649 5701/9685/5650
f 5700/9683/5649 5698/9682/5647 5701/9686/5650
f 5702/9687/5651 5703/9688/5652 5704/9689/5653
f 5702/9687/5651 5704/9689/5653 5705/9690/5654
f 5703/9691/5652 5702/9692/5651 5706/9693/5655
f 5702/9687/5651 5705/9690/5654 5707/9694/5656
f 5706/9693/5655 5702/9692/5651 5707/9695/5656
f 5706/9693/5655 5707/9695/5656 5708/9696/5657
f 5707/9697/5656 5705/9698/5654 5708/9699/5657
f 5709/9700/5658 5710/9701/5659 5711/9702/5660
f 5709/9703/5658 5711/9704/5660 5712/9705/5661
f 5710/9706/5659 5709/9707/5658 5713/9708/5662
f 5709/9703/5658 5712/9705/5661 5714/9709/5663
f 5713/9708/5662 5709/9707/5658 5714/9710/5663
f 5713/9708/5662 5714/9710/5663 5715/9711/5664
f 5714/9709/5663 5712/9705/5661 5715/9712/5664
f 5716/9713/5665 5717/9714/5666 5718/9715/5667
f 5716/9713/5665 5718/9715/5667 5719/9716/5668
f 5717/9717/5666 5716/9718/5665 5720/9719/5669
f 5716/9720/5665 5719/9721/5668 5721/9722/5670
f 5720/9719/5669 5716/9718/5665 5721/9723/5670
f 5720/9719/5669 5721/9723/5670 5722/9724/5671
f 5721/9722/5670 5719/9721/5668 5722/9725/5671
f 5723/9726/5672 5724/9727/5673 5725/9728/5674
f 5723/9729/5672 5725/9730/5674 5726/9731/5675
f 5724/9732/5673 5723/9733/5672 5727/9734/5676
f 5723/9729/5672 5726/9731/5675 5728/9735/5677
f 5727/9734/5676 5723/9733/5672 5728/9736/5677
f 5727/9734/5676 5728/9736/5677 5729/9737/5678
f 5728/9735/5677 5726/9731/5675 5729/9738/5678
f 5730/9739/5679 5731/9740/5680 5732/9741/5681
f 5730/9742/5679 5732/9743/5681 5733/9744/5682
f 5731/9745/5680 5730/9746/5679 5734/9747/5683
f 5730/9748/5679 5733/9749/5682 5735/9750/5684
f 5734/9747/5683 5730/9746/5679 5735/9751/5684
f 5734/9747/5683 5735/9751/5684 5736/9752/5685
f 5735/9750/5684 5733/9749/5682 5736/9753/5685
f 5737/9754/5686 5738/9755/5687 5739/9756/5688
f 5737/9754/5686 5739/9756/5688 5740/9757/5689
f 5738/9758/5687 5737/9759/5686 5741/9760/5690
f 5737/9754/5686 5740/9757/5689 5742/9761/5691
f 5741/9760/5690 5737/9759/5686 5742/9762/5691
f 5741/9760/5690 5742/9762/5691 5743/9763/5692
f 5742/9761/5691 5740/9757/5689 5743/9764/5692
f 5744/9765/5693 5745/9766/5694 5746/9767/5695
f 5744/9765/5693 5746/9767/5695 5747/9768/5696
f 5745/9769/5694 5744/9770/5693 5748/9771/5697
f 5744/9765/5693 5747/9768/5696 5749/9772/5698
f 5748/9773/5697 5744/9774/5693 5749/9775/5698
f 5748/9773/5697 5749/9775/5698 5750/9776/5699
f 5749/9772/5698 5747/9768/5696 5750/9777/5699
f 5751/9778/5700 5752/9779/5701 5753/9780/5702
f 5751/9781/5700 5753/9782/5702 5754/9783/5703
f 5752/9784/5701 5751/9785/5700 5755/9786/5704
f 5751/9781/5700 5754/9783/5703 5756/9787/5705
f 5755/9786/5704 5751/9785/5700 5756/9788/5705
f 5755/9786/5704 5756/9788/5705 5757/9789/5706
f 5756/9787/5705 5754/9783/5703 5757/9790/5706
f 5758/9791/5707 5759/9792/5708 5760/9793/5709
f 5758/9791/5707 5760/9793/5709 5761/9794/5710
f 5759/9795/5708 5758/9796/5707 5762/9797/5711
f 5758/9791/5707 5761/9794/5710 5763/9798/5712
f 5762/9797/5711 5758/9796/5707 5763/9799/5712
f 5762/9797/5711 5763/9799/5712 5764/9800/5713
f 5763/9801/5712 5761/9802/5710 5764/9803/5713
f 5765/9804/5714 5766/9805/5715 5767/9806/5716
f 5765/9807/5714 5767/9808/5716 5768/9809/5717
f 5766/9810/5715 5765/9811/5714 5769/9812/5718
f 5765/9813/5714 5768/9814/5717 5770/9815/5719
f 5769/9812/5718 5765/9811/5714 5770/9816/5719
f 5769/9812/5718 5770/9816/5719 5771/9817/5720
f 5770/9818/5719 5768/9819/5717 5771/9820/5720
f 5772/9821/5721 5773/9822/5722 5774/9823/5723
f 5772/9824/5721 5774/9825/5723 5775/9826/5724
f 5773/9827/5722 5772/9828/5721 5776/9829/5725
f 5772/9828/5721 5775/9830/5724 5777/9831/5726
f 5776/9829/5725 5772/9828/5721 5777/9831/5726
f 5776/9832/5725 5777/9833/5726 5778/9834/5727
f 5777/9831/5726 5775/9830/5724 5778/9835/5727
f 5779/9836/5728 5780/9837/5729 5781/9838/5730
f 5779/9839/5728 5781/9840/5730 5782/9841/5731
f 5780/9837/5729 5779/9836/5728 5783/9842/5732
f 5779/9839/5728 5782/9841/5731 5784/9843/5733
f 5783/9842/5732 5779/9836/5728 5784/9844/5733
f 5783/9845/5732 5784/9846/5733 5785/9847/5734
f 5784/9843/5733 5782/9841/5731 5785/9848/5734
f 5786/9849/5735 5787/9850/5736 5788/9851/5737
f 5786/9849/5735 5788/9851/5737 5789/9852/5738
f 5787/9853/5736 5786/9854/5735 5790/9855/5739
f 5786/9849/5735 5789/9852/5738 5791/9856/5740
f 5790/9855/5739 5786/9854/5735 5791/9857/5740
f 5790/9855/5739 5791/9857/5740 5792/9858/5741
f 5791/9856/5740 5789/9852/5738 5792/9859/5741
f 5793/9860/5742 5794/9861/5743 5795/9862/5744
f 5793/9860/5742 5795/9862/5744 5796/9863/5745
f 5794/9864/5743 5793/9865/5742 5797/9866/5746
f 5793/9860/5742 5796/9863/5745 5798/9867/5747
f 5797/9866/5746 5793/9865/5742 5798/9868/5747
f 5797/9869/5746 5798/9870/5747 5799/9871/5748
f 5798/9870/5747 5796/9872/5745 5799/9871/5748
f 5800/9873/5749 5801/9874/5750 5802/9875/5751
f 5800/9876/5749 5802/9877/5751 5803/9878/5752
f 5801/9874/5750 5800/9873/5749 5804/9879/5753
f 5800/9873/5749 5803/9880/5752 5805/9881/5754
f 5804/9879/5753 5800/9873/5749 5805/9881/5754
f 5804/9879/5753 5805/9881/5754 5806/9882/5755
f 5805/9881/5754 5803/9880/5752 5806/9882/5755
f 5807/9883/5756 5808/9884/5757 5809/9885/5758
f 5807/9883/5756 5809/9885/5758 5810/9886/5759
f 5808/9887/5757 5807/9888/5756 5811/9889/5760
f 5807/9883/5756 5810/9886/5759 5812/9890/5761
f 5811/9889/5760 5807/9888/5756 5812/9891/5761
f 5811/9889/5760 5812/9891/5761 5813/9892/5762
f 5812/9890/5761 5810/9886/5759 5813/9893/5762
f 5814/9894/5763 5815/9895/5764 5816/9896/5765
f 5814/9894/5763 5816/9896/5765 5817/9897/5766
f 5815/9898/5764 5814/9899/5763 5818/9900/5767
f 5814/9894/5763 5817/9897/5766 5819/9901/5768
f 5818/9900/5767 5814/9899/5763 5819/9902/5768
f 5818/9900/5767 5819/9902/5768 5820/9903/5769
f 5819/9904/5768 5817/9905/5766 5820/9906/5769
f 5821/9907/5770 5822/9908/5771 5823/9909/5772
f 5821/9907/5770 5823/9909/5772 5824/9910/5773
f 5822/9911/5771 5821/9912/5770 5825/9913/5774
f 5821/9907/5770 5824/9910/5773 5826/9914/5775
f 5825/9913/5774 5821/9912/5770 5826/9915/5775
f 5825/9913/5774 5826/9915/5775 5827/9916/5776
f 5826/9914/5775 5824/9910/5773 5827/9917/5776
f 5828/9918/5777 5829/9919/5778 5830/9920/5779
f 5828/9918/5777 5830/9920/5779 5831/9921/5780
f 5829/9922/5778 5828/9923/5777 5832/9924/5781
f 5828/9918/5777 5831/9921/5780 5833/9925/5782
f 5832/9924/5781 5828/9923/5777 5833/9926/5782
f 5832/9924/5781 5833/9926/5782 5834/9927/5783
f 5833/9925/5782 5831/9921/5780 5834/9928/5783
f 5835/9929/5784 5836/9930/5785 5837/9931/5786
f 5835/9932/5784 5837/9933/5786 5838/9934/5787
f 5836/9935/5785 5835/9936/5784 5839/9937/5788
f 5835/9938/5784 5838/9939/5787 5840/9940/5789
f 5839/9941/5788 5835/9938/5784 5840/9940/5789
f 5839/9942/5788 5840/9943/5789 5841/9944/5790
f 5840/9945/5789 5838/9946/5787 5841/9947/5790
f 5842/9948/5791 5843/9949/5792 5844/9950/5793
f 5842/9948/5791 5844/9950/5793 5845/9951/5794
f 5843/9952/5792 5842/9953/5791 5846/9954/5795
f 5842/9948/5791 5845/9951/5794 5847/9955/5796
f 5846/9954/5795 5842/9953/5791 5847/9956/5796
f 5846/9954/5795 5847/9956/5796 5848/9957/5797
f 5847/9955/5796 5845/9951/5794 5848/9958/5797
f 5849/9959/5798 5850/9960/5799 5851/9961/5800
f 5849/9962/5798 5851/9963/5800 5852/9964/5801
f 5850/9965/5799 5849/9966/5798 5853/9967/5802
f 5849/9962/5798 5852/9964/5801 5854/9968/5803
f 5853/9967/5802 5849/9966/5798 5854/9969/5803
f 5853/9967/5802 5854/9969/5803 5855/9970/5804
f 5854/9968/5803 5852/9964/5801 5855/9971/5804
f 5856/9972/5805 5857/9973/5806 5858/9974/5807
f 5856/9972/5805 5858/9974/5807 5859/9975/5808
f 5857/9976/5806 5856/9977/5805 5860/9978/5809
f 5856/9972/5805 5859/9975/5808 5861/9979/5810
f 5860/9980/5809 5856/9972/5805 5861/9979/5810
f 5860/9980/5809 5861/9979/5810 5862/9981/5811
f 5861/9979/5810 5859/9975/5808 5862/9981/5811
f 5863/9982/5812 5864/9983/5813 5865/9984/5814
f 5863/9982/5812 5865/9984/5814 5866/9985/5815
f 5864/9986/5813 5863/9987/5812 5867/9988/5816
f 5863/9982/5812 5866/9985/5815 5868/9989/5817
f 5867/9988/5816 5863/9987/5812 5868/9990/5817
f 5867/9988/5816 5868/9990/5817 5869/9991/5818
f 5868/9992/5817 5866/9993/5815 5869/9994/5818
f 5870/9995/5819 5871/6883/5820 5872/9996/5821
f 5870/9997/5819 5872/9998/5821 5873/9999/5822
f 5871/10000/5820 5870/10001/5819 5874/10002/5823
f 5870/9997/5819 5873/9999/5822 5875/10003/5824
f 5874/10002/5823 5870/10001/5819 5875/10004/5824
f 5874/10002/5823 5875/10004/5824 5876/10005/5825
f 5875/10003/5824 5873/9999/5822 5876/10006/5825
f 5877/10007/5826 5878/10008/5827 5879/10009/5828
f 5877/10007/5826 5879/10009/5828 5880/10010/5829
f 5878/10011/5827 5877/10012/5826 5881/10013/5830
f 5877/10007/5826 5880/10010/5829 5882/10014/5831
f 5881/10013/5830 5877/10012/5826 5882/10015/5831
f 5881/10013/5830 5882/10015/5831 5883/10016/5832
f 5882/10014/5831 5880/10010/5829 5883/10017/5832
f 5884/10018/5833 5885/10019/5834 5886/10020/5835
f 5884/10018/5833 5886/10020/5835 5887/10021/5836
f 5885/10022/5834 5884/10023/5833 5888/10024/5837
f 5884/10018/5833 5887/10021/5836 5889/10025/5838
f 5888/10024/5837 5884/10023/5833 5889/10026/5838
f 5888/10024/5837 5889/10026/5838 5890/10027/5839
f 5889/10025/5838 5887/10021/5836 5890/10028/5839
