# Blender 5.1.0
# www.blender.org
mtllib car5Low.mtl
o car5Low
v 1.830626 0.831504 -0.425508
v 1.720788 0.834085 -0.482881
v 1.069555 0.901165 -0.597423
v 1.337519 0.889458 -0.527935
v 0.135576 1.316336 -0.520838
v -1.409557 0.936209 0.699951
v -1.389612 0.927157 -0.665868
v -1.858668 0.708955 -0.662669
v -1.467959 0.580124 -0.788586
v -1.833192 0.582102 -0.673858
v -0.794668 0.372988 -0.754650
v -0.165983 0.688460 -0.780794
v -0.160735 0.276390 -0.753250
v -0.151970 0.276754 -0.761114
v 0.896360 0.276728 -0.752455
v 2.078276 0.702918 -0.393667
v 0.219836 1.239265 -0.543601
v 0.139781 1.313924 -0.528552
v 0.131600 1.288587 -0.569458
v 0.266094 1.297530 0.018341
v 0.220443 1.291304 -0.530226
v -1.006756 1.314320 -0.523299
v -2.004684 0.763914 -0.567479
v -1.989117 0.845841 -0.555503
v 2.099466 0.761704 -0.037972
v 1.753525 0.829089 -0.669667
v 1.824842 0.717505 -0.716680
v 0.158296 1.343634 0.018341
v -1.372126 0.953872 -0.681286
v -2.024086 0.764716 -0.564783
v -1.996233 0.850557 -0.570911
v -1.440923 0.700329 -0.763098
v -0.965554 1.313717 -0.530073
v 0.905240 0.895515 -0.712598
v -0.798671 0.387145 -0.703747
v 1.064062 0.372552 -0.773800
v 0.909473 0.372093 -0.766249
v 1.277768 0.673596 -0.827402
v 1.438825 0.667829 -0.806405
v -0.993243 0.703518 -0.787414
v -1.184852 0.682400 -0.806149
v 1.634912 0.574056 -0.795891
v -0.886936 0.381481 -0.761004
v -0.941903 0.672646 -0.779126
v 0.914210 0.687804 -0.767052
v 1.851699 0.576989 -0.707562
v -0.166197 0.707304 -0.791947
v -0.169470 0.904906 -0.758914
v 0.912125 0.707455 -0.788200
v -0.981408 0.909999 -0.741654
v 1.043747 0.928671 -0.690882
v 0.914752 0.709442 -0.783855
v -2.043097 0.706941 -0.398234
v -1.858237 0.689295 -0.659366
v -1.885427 0.760714 -0.654571
v -1.180303 0.961378 -0.719909
v -0.777318 0.276267 -0.741829
v -0.281104 1.286632 -0.576365
v 0.197973 1.281334 -0.590611
v 0.874902 0.897725 -0.743170
v 0.787988 0.921081 -0.735785
v -0.978337 0.908561 -0.742773
v 0.895194 0.872171 -0.754541
v -0.160360 0.905452 -0.761818
v 0.781649 0.899165 -0.744918
v -0.919502 1.251317 -0.590006
v 0.180133 1.261217 -0.590265
v -0.157194 0.689669 -0.779818
v 0.906738 0.688592 -0.772597
v -0.272474 1.269435 -0.585609
v -0.838930 1.266830 -0.563559
v -0.984620 0.707163 -0.781254
v -0.914521 0.835270 -0.747557
v -0.157423 0.707208 -0.791847
v -0.090547 0.826011 -0.757168
v 0.014067 0.847860 -0.770904
v 0.019690 0.769918 -0.788156
v -0.828871 0.770491 -0.771379
v -0.802474 0.830082 -0.768174
v 2.080429 0.770895 -0.281260
v 2.088869 0.745725 -0.361827
v 2.145663 0.576817 -0.334835
v 1.064310 0.891111 -0.598205
v 1.350441 0.890920 -0.525765
v 1.616562 0.848256 -0.505052
v 2.072799 0.728218 -0.393205
v 1.949053 0.725972 -0.640725
v 2.215439 0.552281 -0.016863
v 2.166914 0.581886 -0.282926
v 1.729530 0.382687 -0.786150
v 1.651896 0.561993 -0.816056
v 1.910816 0.498381 -0.712945
v 2.170762 0.554379 -0.323628
v 2.187553 0.498381 -0.323628
v 2.018638 0.498381 -0.640718
v 2.001846 0.554383 -0.640718
v 2.237561 0.498099 0.187731
v 1.901578 0.401475 -0.706176
v 1.971478 0.733186 -0.648125
v 2.092022 0.716919 -0.358801
v -2.067755 0.570141 -0.374211
v -2.008811 0.558946 -0.638950
v -1.984510 0.576063 -0.616068
v -1.541346 0.562475 -0.788109
v -1.472644 0.587078 -0.803070
v -1.550224 0.578586 -0.751206
v -2.121432 0.563330 0.018341
v -2.039877 0.388858 -0.624427
v -2.008812 0.562529 -0.645786
v -1.480980 0.572432 -0.804556
v -2.034429 0.752282 -0.427484
v -1.561814 0.383699 -0.793655
v 1.424754 0.679325 -0.483448
v 1.144395 0.526277 -0.483049
v 1.118949 0.489592 -0.814527
v 1.374539 0.685624 -0.822192
v 1.649373 0.540026 -0.483089
v 1.438586 0.650823 -0.483049
v 1.396743 0.656489 -0.815674
v 1.049846 0.188684 -0.737089
v 1.057007 0.188037 -0.483489
v -1.461434 0.569032 -0.800716
v -1.204154 0.688396 -0.483961
v -0.975684 0.547454 -0.482892
v -1.188452 0.658500 -0.483049
v -1.231074 0.664272 -0.815070
v -1.236606 0.677636 -0.816382
v -0.896707 0.187468 -0.483929
v -1.006333 0.592631 -0.823802
v 1.716883 0.232864 -0.755617
v 1.716883 0.232864 -0.483049
v 1.658197 0.555211 -0.804355
v -0.884242 0.188519 -0.735174
v -1.573668 0.246895 -0.767895
v -1.593220 0.257285 -0.484283
v 1.720721 0.265853 -0.232464
v 1.720152 0.270553 -0.231099
v 1.729930 0.223552 -0.766070
v 2.029931 0.260627 -0.600532
v 2.186556 0.304737 -0.309767
v 2.169888 0.273522 -0.319963
v 1.716883 0.232864 -0.483049
v -0.896590 0.188903 -0.483045
v -0.892535 0.190596 -0.727104
v 1.072002 0.185188 -0.483929
v 1.070676 0.185974 -0.733401
v -2.067314 0.291919 0.375922
v -1.555086 0.226538 -0.432923
v -2.052993 0.290594 -0.344870
v -1.554478 0.234048 -0.756711
v -2.028434 0.275957 -0.508080
v -1.998806 0.284443 -0.609131
v -1.284083 0.668097 -0.483049
v -1.516850 0.478761 -0.482940
v -0.974188 0.545251 -0.482906
v -0.896707 0.187468 -0.483929
v -1.553766 0.233733 -0.483049
v 1.274233 0.629216 -0.483049
v 1.650962 0.535961 -0.482925
v 1.109836 0.481908 -0.482903
v 0.977315 0.187437 0.018341
v -0.810276 0.187733 0.018341
v -2.059915 0.687418 -0.395494
v 2.189233 0.469445 -0.322349
v 2.076086 0.484336 -0.529175
v 2.233792 0.470487 -0.018440
v 2.111371 0.595272 -0.275824
v 2.040012 0.732772 0.342201
v 2.155019 0.593007 -0.283686
v 2.153497 0.592944 -0.283872
v 2.034928 0.739854 -0.316121
v 2.084877 0.595276 -0.277347
v 0.547947 0.956141 -0.964832
v 0.628523 0.900471 -0.758292
v 0.617316 0.951883 -0.760039
v 0.681066 0.943837 -0.788969
v 1.057001 0.271291 -0.752005
v 0.898047 0.267381 -0.741826
v 0.907062 0.372393 -0.757596
v 1.069926 0.372566 -0.777237
v 1.722062 0.375961 -0.791410
v 2.228639 0.305015 0.018341
v 1.732839 0.233460 -0.754074
v 2.188445 0.352476 -0.347733
v 2.167681 0.289516 -0.326578
v 1.978686 0.270754 -0.655654
v 1.969311 0.353216 -0.681438
v 2.177204 0.333828 -0.349059
v 2.022959 0.323001 -0.375664
v 2.159689 0.290694 -0.352980
v 1.959861 0.293103 -0.659337
v 2.014642 0.303107 -0.379071
v 1.963705 0.326545 -0.676277
v -0.791276 0.267407 -0.741332
v 1.074111 0.187393 -0.725431
v -0.896580 0.267253 -0.755816
v -0.794114 0.188047 -0.721555
v -2.030578 0.339058 -0.495503
v -1.981789 0.368751 -0.639113
v -1.980530 0.282829 -0.623464
v -1.553766 0.233733 -0.753939
v -1.556176 0.380976 -0.784602
v -2.094009 0.358726 -0.385125
v -2.111602 0.374778 0.018341
v 1.073319 0.271907 -0.745122
v -0.896682 0.187267 -0.735054
v 2.043221 0.745382 -0.322889
v 2.187777 0.592750 0.018341
v 2.096168 0.595275 -0.267949
v 1.043747 0.928671 0.727564
v 1.720801 0.834083 0.519560
v -2.040844 0.857152 -0.040689
v -1.858669 0.708955 0.699350
v -1.833193 0.582102 0.710541
v -0.160735 0.276390 0.789932
v -1.006756 1.314320 0.559981
v 0.896360 0.276728 0.789137
v -0.151970 0.276754 0.797796
v 1.949053 0.725972 0.677409
v 0.219838 1.239264 0.580283
v 0.139780 1.313924 0.565234
v 0.131600 1.288587 0.606141
v 0.135575 1.316336 0.557520
v 0.220443 1.291304 0.566908
v -0.965554 1.313717 0.566755
v -1.041744 1.341402 0.018341
v -1.996237 0.850556 0.607592
v -2.002183 0.851150 0.592467
v 2.090800 0.762288 0.193998
v 1.438825 0.667829 0.843087
v 1.753512 0.829091 0.706350
v -0.838930 1.266830 0.600240
v -1.372127 0.953872 0.717968
v 0.905239 0.895516 0.749281
v -0.886937 0.381481 0.797685
v 0.909473 0.372093 0.802931
v 1.064061 0.372552 0.810483
v 1.277768 0.673597 0.864085
v -1.440924 0.700329 0.799780
v -1.467959 0.580124 0.825268
v -1.184851 0.682400 0.842831
v -0.798671 0.387145 0.740429
v -0.165984 0.688460 0.817476
v -0.941904 0.672646 0.815808
v 0.914209 0.687804 0.803734
v 1.634912 0.574056 0.832575
v 1.851699 0.576989 0.744244
v 0.912125 0.707455 0.824882
v 1.058341 0.900615 0.637229
v 1.129748 0.903354 0.102538
v 0.914752 0.709442 0.820537
v -2.065407 0.706925 0.437324
v -1.858237 0.689295 0.696047
v -2.004686 0.763914 0.604163
v -1.885427 0.760714 0.691252
v 2.078276 0.702918 0.430350
v -0.794667 0.372988 0.791332
v -0.777318 0.276267 0.778511
v -0.272474 1.269435 0.622291
v -0.281104 1.286633 0.613048
v 0.787988 0.921081 0.772468
v 0.874902 0.897725 0.779853
v 0.895193 0.872171 0.791223
v 0.781649 0.899165 0.781600
v 0.180134 1.261217 0.626946
v -0.919502 1.251317 0.626688
v -1.180304 0.961378 0.756591
v 0.197973 1.281334 0.627292
v -0.157194 0.689669 0.816500
v 0.014067 0.847860 0.807588
v 0.906738 0.688592 0.809280
v -0.169470 0.904906 0.795596
v -0.981409 0.909998 0.778336
v -0.978337 0.908561 0.779455
v -0.160360 0.905453 0.798500
v -0.828871 0.770491 0.808061
v 0.019690 0.769918 0.824837
v -0.802475 0.830082 0.804856
v -0.166197 0.707304 0.828629
v -0.984621 0.707163 0.817936
v -0.090547 0.826012 0.793850
v -0.914522 0.835270 0.784240
v -0.157423 0.707208 0.828529
v 1.339519 0.889874 0.564180
v 1.690798 0.853798 0.493877
v 2.063720 0.721405 0.365751
v 2.145664 0.576817 0.371517
v 1.064314 0.891109 0.634886
v 1.350431 0.890922 0.562450
v 1.616564 0.848255 0.541734
v 2.088869 0.745725 0.398510
v 2.072798 0.728220 0.429889
v 1.824842 0.717505 0.753362
v 1.973247 0.585009 0.716354
v 2.179720 0.557314 0.342449
v 2.186201 0.568731 0.018341
v 1.901579 0.401475 0.742861
v 1.729529 0.382687 0.822832
v 1.910816 0.498381 0.749627
v 2.226059 0.555880 0.199914
v 2.001846 0.554383 0.677401
v 2.018638 0.498381 0.677401
v 1.651895 0.561993 0.852740
v 1.971478 0.733187 0.684807
v 2.191294 0.586167 0.343728
v 1.969897 0.799963 0.433140
v -2.067755 0.570141 0.410892
v -1.984509 0.576063 0.652749
v -2.008812 0.558947 0.675632
v -1.541346 0.562475 0.824791
v -1.472644 0.587078 0.839752
v -1.550224 0.578586 0.787888
v -2.008813 0.562529 0.682467
v -1.480980 0.572432 0.841238
v -1.561814 0.383700 0.830336
v -2.034430 0.752281 0.464165
v -2.006667 0.763243 0.598374
v -2.137850 0.388242 0.018341
v -2.039877 0.388858 0.661109
v 1.374539 0.685623 0.858875
v 1.144395 0.526277 0.519731
v 1.118949 0.489592 0.851209
v 1.424754 0.679325 0.520130
v 1.438586 0.650823 0.519731
v 1.658196 0.555210 0.841037
v 1.396743 0.656489 0.852356
v 1.057007 0.188037 0.520172
v -1.461434 0.569032 0.837397
v -1.593220 0.257285 0.520965
v -1.188452 0.658500 0.519731
v -1.006332 0.592631 0.860484
v -1.231074 0.664272 0.851752
v -1.236606 0.677636 0.853064
v -1.204154 0.688396 0.520643
v -0.884242 0.188519 0.771856
v -0.975686 0.547456 0.519574
v -0.896707 0.187468 0.520611
v 1.649373 0.540025 0.519771
v 1.716883 0.232864 0.519731
v 1.716883 0.232864 0.792299
v 1.049846 0.188684 0.773771
v -1.573668 0.246896 0.804577
v 1.720721 0.265853 0.269146
v 2.229371 0.307006 0.018341
v 1.729930 0.223552 0.802753
v 2.029931 0.260627 0.637215
v 2.186556 0.304737 0.346449
v 2.169888 0.273522 0.356646
v 1.070676 0.185974 0.770083
v 1.072002 0.185188 0.520612
v -0.892537 0.190596 0.763788
v -1.555087 0.226754 0.469578
v -2.028434 0.275957 0.544761
v -1.554478 0.234048 0.793392
v -1.998806 0.284443 0.645813
v -1.284083 0.668097 0.519731
v -0.974190 0.545253 0.519588
v -1.516850 0.478761 0.519621
v -0.896707 0.187468 0.520611
v -1.553766 0.233733 0.519731
v 1.274233 0.629216 0.519731
v 1.650962 0.535960 0.519607
v 1.109836 0.481908 0.519585
v -0.896590 0.188903 0.519727
v -2.056330 0.582068 0.408865
v -2.072156 0.581897 -0.373168
v -2.037772 0.687012 0.433586
v 2.195321 0.469260 0.343642
v 2.229547 0.495348 0.018341
v 2.080850 0.481437 0.566201
v 2.094239 0.597343 0.315440
v 2.032419 0.745178 0.359752
v 2.102412 0.746696 -0.319945
v 2.155019 0.593007 0.320368
v 2.086332 0.595359 0.313853
v 2.119237 0.594077 0.317211
v 2.097307 0.754902 0.365871
v 0.547947 0.956141 1.001514
v 0.617314 0.951884 0.796719
v 0.628523 0.900471 0.794976
v 0.681067 0.943838 0.825651
v 1.069925 0.372566 0.813920
v 0.907062 0.372393 0.794278
v 0.898047 0.267381 0.778508
v 1.057001 0.271291 0.788688
v 1.969312 0.353215 0.718121
v 2.247896 0.361741 0.018341
v 1.722062 0.375961 0.828093
v 1.732839 0.233460 0.790757
v 2.167677 0.289517 0.363259
v 1.978682 0.270755 0.692334
v 2.188445 0.352476 0.384415
v 1.963705 0.326545 0.712960
v 2.022959 0.323001 0.412346
v 2.177204 0.333828 0.385741
v 2.159689 0.290694 0.389663
v 2.014642 0.303107 0.415753
v 1.959860 0.293103 0.696020
v -0.794114 0.188047 0.758237
v 1.073318 0.271907 0.781805
v -0.791277 0.267407 0.778014
v -1.981790 0.368751 0.675793
v -2.030578 0.339059 0.532184
v -1.980529 0.282829 0.660146
v -1.553766 0.233733 0.790620
v -1.556176 0.380976 0.821284
v -2.094009 0.358726 0.421807
v 1.074110 0.187393 0.762114
v -0.896580 0.267253 0.792497
v -0.896683 0.187267 0.771736
v 1.035794 0.869086 -0.685077
v 0.962540 0.907118 -0.685506
v 1.138536 0.876356 0.018342
v 0.962540 0.907118 -0.685506
v 1.083543 0.909033 0.018341
v 0.962540 0.907118 0.722187
v 1.035794 0.869086 0.721758
v 0.222147 1.285491 -0.537573
v 0.188429 1.246423 -0.587496
v 0.600864 1.031831 -0.694960
v 0.624373 0.901317 -0.741519
v 0.792863 0.933057 -0.632373
v 0.601246 1.025086 -0.692005
v -0.124017 0.916819 -0.724254
v -0.985948 0.913002 -0.732523
v -1.310608 0.967878 -0.611232
v -1.165930 0.975091 -0.706063
v -0.944617 1.223969 -0.601772
v -0.642735 1.262089 -0.582490
v -0.966113 1.261374 -0.306995
v -0.815377 1.261824 -0.581451
v -0.321318 1.262455 -0.582965
v -0.287021 1.261904 -0.307927
v 0.039423 1.262933 -0.581353
v 0.222617 1.261754 -0.306377
v -0.229610 1.262518 -0.582841
v -0.287021 1.261904 0.018341
v -0.966113 1.261374 0.018341
v 0.222617 1.261755 0.018341
v -0.837557 0.909656 -0.737957
v -1.001734 0.925449 0.018341
v -0.631612 0.908446 -0.744390
v -0.254271 0.906350 -0.749949
v -0.091978 0.905710 -0.750623
v 0.296829 0.903262 0.018341
v 0.242667 0.903558 -0.750327
v -1.151329 0.940538 -0.719579
v 1.070374 0.906240 0.018341
v 1.043289 0.907700 -0.292549
v -1.361182 0.964937 -0.277774
v -1.362921 0.965582 0.018341
v -0.250523 0.914669 -0.762735
v -0.267915 1.278048 -0.607235
v 0.809695 0.972332 -0.628105
v -0.992546 1.290668 -0.534741
v 0.793457 0.904217 -0.646562
v 0.687606 1.018087 -0.297370
v 0.646109 0.846538 -0.149161
v 0.816594 0.834870 -0.212510
v 0.817671 0.804643 -0.432405
v 0.646109 0.846538 -0.466661
v -0.125332 1.096948 -0.205025
v -0.073777 0.804564 -0.054979
v -0.073777 0.804564 -0.565274
v -0.194737 0.783235 -0.054979
v -0.194737 0.783235 -0.565274
v -0.120018 1.066811 -0.177065
v -0.240978 1.045483 -0.177065
v -0.127531 1.109418 -0.244494
v -0.127531 1.109418 -0.375759
v -0.248490 1.088089 -0.375759
v -0.248490 1.088089 -0.244494
v -0.120018 1.066811 -0.443188
v -0.240978 1.045483 -0.443188
v -0.125332 1.096948 -0.415228
v -0.246292 1.075619 -0.205024
v -0.246292 1.075619 -0.415229
v -0.925244 0.733943 -0.671599
v -0.976799 1.026327 0.558235
v -0.925243 0.733943 0.708281
v -0.971485 0.996190 -0.549513
v -1.046204 0.712614 -0.671599
v -1.092445 0.974861 -0.549513
v -0.976799 1.026327 -0.521553
v -0.978998 1.038797 -0.482084
v -1.099957 1.017468 -0.482084
v -1.099957 1.017468 0.518766
v -0.978998 1.038797 0.518766
v -1.097759 1.004998 -0.521554
v -1.097758 1.004998 0.558236
v 0.188429 1.246423 0.624178
v 0.600866 1.031831 0.731642
v 0.809694 0.972332 0.664786
v 0.792864 0.933058 0.669056
v 0.624373 0.901317 0.778201
v 0.601247 1.025086 0.728687
v -0.267916 1.278048 0.643916
v -0.124017 0.916819 0.760935
v -0.985948 0.913002 0.769205
v -1.165930 0.975091 0.742745
v -0.992546 1.290668 0.571423
v -0.944617 1.223969 0.638455
v -0.642735 1.262089 0.619173
v -0.815377 1.261824 0.618133
v -0.966113 1.261374 0.343677
v -0.321318 1.262455 0.619647
v -0.287021 1.261904 0.344609
v 0.039423 1.262934 0.618035
v -0.229610 1.262518 0.619523
v 0.222617 1.261755 0.343059
v -0.966113 1.261374 0.018341
v -0.837557 0.909656 0.774639
v -0.631612 0.908446 0.781072
v -0.254271 0.906350 0.786631
v -0.091977 0.905710 0.787305
v 0.242667 0.903558 0.787009
v -1.151329 0.940538 0.756262
v 1.043289 0.907700 0.329231
v -1.361182 0.964937 0.314456
v -0.250523 0.914669 0.799417
v 0.222147 1.285491 0.574255
v 0.962540 0.907118 0.722187
v -1.310608 0.967879 0.647915
v 0.793457 0.904217 0.683244
v -0.073777 0.804564 0.091661
v -0.073777 0.804564 0.601956
v -0.246292 1.075619 0.241706
v -0.194737 0.783235 0.091661
v -0.194736 0.783236 0.601956
v -0.240978 1.045483 0.213747
v -0.120018 1.066811 0.213747
v -0.127531 1.109418 0.281176
v -0.248490 1.088089 0.281176
v -0.248490 1.088089 0.412441
v -0.127531 1.109418 0.412441
v -0.120018 1.066811 0.479870
v -0.240978 1.045483 0.479870
v -0.125332 1.096948 0.241707
v -0.125332 1.096948 0.451910
v -0.246292 1.075619 0.451911
v -1.046204 0.712614 0.708281
v -0.971485 0.996190 0.586195
v -1.092444 0.974862 0.586195
v -1.612331 0.284082 -0.408132
v -2.099669 0.332009 -0.396035
v -1.612331 0.332009 -0.396035
v -2.096311 0.325060 -0.445840
v -1.612331 0.314293 -0.453516
v -2.067291 0.245686 -0.384714
v -2.067292 0.245687 0.421395
v -2.099669 0.332009 0.432718
v -1.612330 0.332009 0.432718
v -1.612330 0.314293 0.490197
v -2.096312 0.325061 0.482521
v -1.612330 0.284081 0.444814
v 1.264832 0.165849 -0.599642
v 1.518751 0.165849 -0.599642
v 1.247826 0.321016 -0.599642
v 1.286470 0.175824 -0.591526
v 1.535757 0.198651 -0.498600
v 1.496871 0.133403 -0.599291
v 1.518751 0.165849 0.636324
v 1.264832 0.165849 0.636324
v 1.247826 0.198651 0.535281
v 1.497114 0.175824 0.628208
v 1.535757 0.321016 0.636324
v 1.247826 0.321016 0.636324
v 1.286713 0.133403 0.635973
v 1.247826 0.198651 -0.498600
v -1.357515 0.165849 -0.599642
v -1.103598 0.165848 -0.599642
v -1.374522 0.321016 -0.599642
v -1.335878 0.175824 -0.591526
v -1.086591 0.198651 -0.498600
v -1.125477 0.133402 -0.599291
v -1.103598 0.165848 0.636324
v -1.357515 0.165849 0.636324
v -1.374522 0.198651 0.535282
v -1.125235 0.175824 0.628208
v -1.086591 0.321016 0.636324
v -1.374522 0.321016 0.636324
v -1.335635 0.133402 0.635973
v -1.374522 0.198651 -0.498599
v -2.052993 0.290594 -0.344870
v -0.993242 0.703518 0.824096
v 2.138207 0.574480 0.343525
v -2.066092 0.292329 0.384429
v 1.535757 0.321016 -0.599642
v 1.535757 0.198651 0.535281
v -1.086591 0.321016 -0.599642
v -1.086591 0.198651 0.535281
v -0.091978 0.905710 -0.750623
v -0.254271 0.906350 0.786631
v 1.079772 0.916949 0.070576
v 0.976923 0.905491 -0.685113
v 0.249087 1.290050 -0.535548
v -1.376423 0.976516 0.042196
v -1.027434 1.287716 -0.531961
v -1.341587 0.959881 -0.655346
v -0.939950 0.915702 -0.747924
v -0.815414 1.261856 -0.581727
v -0.321318 1.262455 -0.582965
v -0.254890 0.909088 -0.754199
v -0.228736 1.267752 -0.596259
v 0.624373 0.901317 -0.741519
v 0.600248 1.029008 -0.692850
v -0.091550 0.905937 -0.753880
v -0.872487 1.280210 -0.589744
v -0.985948 0.913002 -0.732523
v -1.170349 0.953060 -0.712132
v 0.963462 0.910193 0.724190
v 0.236157 1.287501 0.568862
v -1.014487 1.289813 0.568419
v -1.334791 0.958991 0.691037
v -0.939950 0.915702 0.784606
v -0.815414 1.261856 0.618409
v -0.321318 1.262455 0.619647
v -0.254890 0.909088 0.790881
v -0.228736 1.267752 0.632941
v 0.624373 0.901317 0.778201
v -0.091549 0.905937 0.790562
v -0.872487 1.280209 0.626424
v -1.170348 0.953059 0.748810
v -0.985948 0.913002 0.769205
v 0.153366 1.259603 0.618677
v 0.600248 1.029009 0.729532
v 0.153367 1.259603 -0.581994
v 1.832641 0.713038 -0.719113
v 1.858244 0.576990 -0.704704
v 1.961871 0.718169 -0.650914
v 1.973620 0.577072 -0.644530
v 1.979761 0.577071 -0.639842
v 1.968274 0.718270 -0.645924
v 2.077948 0.700293 -0.412456
v 2.108929 0.577054 -0.362490
v -1.837143 0.581956 -0.672200
v -2.024060 0.582657 -0.591808
v -1.849627 0.678575 -0.517209
v -2.016800 0.692444 -0.519525
v -2.011858 0.582310 -0.573768
v -2.036878 0.582171 -0.460388
v 1.858244 0.576990 0.741386
v 1.973620 0.577072 0.681211
v 2.077949 0.700293 0.449137
v 1.968274 0.718270 0.682606
v 1.979761 0.577071 0.676523
v 1.961871 0.718169 0.687597
v 1.832642 0.713038 0.755796
v 2.108929 0.577054 0.399171
v -1.837142 0.581956 0.708884
v -2.024061 0.582658 0.628491
v -1.849628 0.678574 0.553892
v -2.016799 0.692445 0.556206
v -2.011860 0.582310 0.610451
v -2.036878 0.582170 0.497070
v 1.239543 0.308367 -0.732110
v 1.311665 0.222682 -0.721042
v 1.471660 0.264848 -0.727543
v 1.495808 0.365720 -0.733646
v 1.430600 0.404856 -0.780459
v 1.419123 0.490765 -0.704797
v 1.362589 0.410657 -0.783149
v 1.302938 0.397080 -0.729646
v 1.305330 0.273617 -0.867175
v 1.420999 0.229268 -0.799372
v 1.432319 0.352128 -0.907048
v 1.319256 0.381390 -0.776152
v 1.175510 0.278151 -0.803307
v 1.320639 0.479572 -0.731374
v 1.379087 0.516776 -0.798488
v 1.505099 0.437987 -0.732797
v 1.574425 0.371146 -0.793996
v 1.540200 0.227060 -0.732797
v 1.523983 0.159889 -0.795563
v 1.377490 0.105781 -0.792971
v 1.378863 0.125831 -0.730402
v 1.375940 0.099496 -0.792993
v 1.376574 0.128441 -0.731462
v 1.202558 0.278858 -0.739792
v 1.611389 0.353923 -0.565380
v 1.326668 0.483235 -0.730312
v 1.307834 0.505006 -0.568395
v 1.213594 0.427444 -0.568521
v 1.234365 0.412353 -0.730437
v 1.174660 0.336712 -0.568470
v 1.195476 0.314068 -0.730312
v 1.366148 0.104034 -0.729786
v 1.355330 0.073682 -0.564968
v 1.379021 0.098433 -0.568666
v 1.380874 0.118893 -0.729793
v 1.573517 0.363316 -0.728773
v 1.120131 0.121746 -0.767185
v 1.255441 0.108667 -0.738503
v 1.143523 0.316984 -0.727915
v 1.377490 0.612798 -0.764721
v 1.105619 0.505894 -0.597662
v 1.377490 0.612798 -0.597662
v 1.563259 0.564057 -0.764721
v 1.560573 0.560360 -0.597662
v 1.680128 0.154164 -0.764721
v 1.687833 0.150239 -0.597662
v 1.377490 0.003935 -0.764721
v 1.377490 0.003935 -0.597662
v 1.203612 0.047363 -0.764721
v 1.063578 0.448853 -0.764721
v 1.152027 0.082904 -0.597662
v 1.611116 0.264698 -0.635474
v 1.140243 0.071429 -0.579879
v 1.638068 0.113018 -0.590725
v 1.331513 0.012233 -0.611196
v 1.140908 0.303599 -0.634893
v 1.503479 0.134957 -0.574799
v 1.411399 0.094304 -0.573800
v 1.247875 0.129951 -0.571205
v 1.377490 0.485808 -0.760443
v 1.221510 0.398422 -0.712391
v 1.533471 0.398422 -0.712391
v 1.500861 0.184995 -0.720669
v 1.377490 0.138127 -0.723814
v 1.254118 0.184996 -0.720669
v -1.360281 0.307033 -0.731916
v -1.324223 0.327270 -0.770273
v -1.316584 0.199183 -0.728618
v -1.207700 0.193436 -0.726150
v -1.134952 0.353479 -0.720433
v -1.174873 0.423527 -0.792908
v -1.186890 0.482338 -0.706298
v -1.303747 0.397206 -0.723454
v -1.229449 0.405243 -0.793608
v -1.302734 0.272282 -0.863683
v -1.155285 0.270774 -0.855055
v -1.426799 0.372000 -0.790503
v -1.322681 0.489449 -0.789771
v -1.312253 0.465656 -0.727213
v -1.283370 0.507297 -0.745311
v -1.137135 0.488767 -0.789772
v -1.055087 0.281040 -0.736299
v -1.029145 0.273354 -0.799814
v -1.171907 0.126585 -0.758212
v -1.230577 0.117278 -0.758208
v -1.389839 0.253303 -0.742589
v -1.379053 0.160538 -0.792070
v -1.157543 0.502939 -0.722517
v -1.129950 0.523038 -0.561886
v -1.415363 0.254695 -0.726443
v -1.453310 0.264061 -0.563982
v -1.231938 0.123523 -0.727098
v -1.231593 0.099689 -0.564763
v -1.230576 0.104447 -0.565028
v -1.230576 0.130121 -0.726943
v -1.103413 0.170446 -0.726690
v -1.074921 0.160472 -0.564757
v -1.328678 0.088936 -0.724484
v -1.469123 0.329958 -0.730398
v -1.462514 0.074929 -0.764973
v -1.230576 0.611464 -0.761228
v -1.502448 0.504560 -0.594169
v -1.230576 0.611464 -0.594169
v -1.044805 0.562722 -0.761228
v -0.927938 0.152831 -0.761228
v -0.992760 0.523888 -0.594169
v -0.971754 0.098942 -0.594169
v -1.230576 0.002601 -0.761228
v -1.230576 0.002601 -0.594169
v -1.404453 0.046029 -0.761228
v -1.544488 0.447520 -0.761228
v -1.456038 0.081570 -0.594169
v -1.007044 0.384673 -0.631401
v -1.283906 -0.015622 -0.581526
v -1.498471 0.497852 -0.584650
v -1.283003 0.530647 -0.630966
v -0.940191 0.156607 -0.581525
v -1.091447 0.034971 -0.595717
v -1.510243 0.163796 -0.598984
v -1.444639 0.273124 -0.570308
v -1.408992 0.436646 -0.567712
v -1.052159 0.177419 -0.567712
v -1.230565 0.086506 -0.567712
v -1.383827 0.153777 -0.570308
v -1.394240 0.401524 -0.743437
v -1.140519 0.463013 -0.708898
v -1.074596 0.216975 -0.708899
v -1.320632 0.151052 -0.708899
v 1.292308 0.262109 0.756391
v 1.267259 0.366886 0.765298
v 1.362617 0.435297 0.766830
v 1.458912 0.401601 0.761302
v 1.390437 0.402836 0.806954
v 1.372951 0.225559 0.891730
v 1.302578 0.322332 0.832555
v 1.371728 0.393864 0.846920
v 1.487545 0.327787 0.830284
v 1.491861 0.441896 0.779267
v 1.547541 0.422663 0.843508
v 1.298106 0.488767 0.826450
v 1.265923 0.433726 0.763891
v 1.211675 0.279983 0.765981
v 1.185319 0.338277 0.828748
v 1.386704 0.119963 0.765848
v 1.380171 0.106086 0.839038
v 1.519155 0.177412 0.765981
v 1.391547 0.130121 0.763621
v 1.404650 0.100972 0.836980
v 1.186093 0.210876 0.600660
v 1.273406 0.478967 0.601579
v 1.474345 0.486845 0.762683
v 1.526544 0.480798 0.601156
v 1.560745 0.228304 0.763367
v 1.579033 0.204285 0.601434
v 1.392908 0.123523 0.763776
v 1.392564 0.099688 0.601440
v 1.391547 0.104447 0.601705
v 1.391547 0.130121 0.763621
v 1.187846 0.265976 0.760831
v 1.229379 0.481309 0.759122
v 1.678751 0.453511 0.807547
v 1.443039 0.623727 0.797144
v 1.493886 0.507853 0.830057
v 1.627002 0.277833 0.757193
v 1.391547 0.611464 0.797905
v 1.663419 0.504559 0.630846
v 1.391547 0.611464 0.630846
v 1.389993 0.618443 0.797905
v 1.389032 0.622763 0.630846
v 1.212606 0.553323 0.797905
v 1.047340 0.214452 0.797905
v 1.174818 0.523766 0.630846
v 1.081204 0.148906 0.630846
v 1.391547 0.002601 0.797905
v 1.391547 0.002601 0.630846
v 1.565424 0.046029 0.797905
v 1.705459 0.447519 0.797905
v 1.617009 0.081571 0.630846
v 1.678751 0.453511 0.621204
v 1.443039 0.623727 0.631607
v 1.229380 0.481308 0.669630
v 1.627001 0.277833 0.671559
v 1.493886 0.507854 0.598695
v 1.555211 0.401524 0.780115
v 1.301491 0.463013 0.745576
v 1.223018 0.261874 0.753855
v 1.346390 0.138503 0.753854
v 1.514919 0.183661 0.753854
v -1.099092 0.307370 0.766829
v -1.169293 0.229761 0.759816
v -1.228402 0.203254 0.802517
v -1.349185 0.250288 0.766829
v -1.337236 0.323390 0.811745
v -1.261187 0.129732 0.745504
v -1.399137 0.388207 0.737983
v -1.296589 0.380254 0.827306
v -1.259505 0.435296 0.766830
v -1.188247 0.408716 0.813649
v -1.113928 0.453305 0.737984
v -1.141312 0.359160 0.816333
v -1.212753 0.228950 0.900362
v -1.318072 0.349169 0.849576
v -1.162163 0.362893 0.862824
v -1.047819 0.215880 0.836493
v -1.066680 0.426110 0.826157
v -1.228953 0.488506 0.768632
v -1.232173 0.515441 0.831674
v -1.401780 0.363887 0.764560
v -1.421018 0.472762 0.808630
v -1.241885 0.127658 0.773290
v -1.251007 0.136259 0.853405
v -1.231555 0.113825 0.784082
v -1.230575 0.130121 0.763623
v -1.055643 0.277525 0.772978
v -1.393026 0.481371 0.598566
v -1.034549 0.252083 0.761959
v -1.019223 0.368263 0.601157
v -1.112435 0.135097 0.601581
v -1.230576 0.104447 0.601707
v -1.332948 0.156429 0.763498
v -1.357588 0.141543 0.601581
v -1.360573 0.470782 0.759196
v -1.532856 0.438213 0.811386
v -1.419957 0.043687 0.812244
v -1.348523 0.511140 0.753236
v -1.521005 0.213420 0.792450
v -1.444638 0.340946 0.821767
v -1.408993 0.177420 0.824364
v -1.200555 0.069154 0.758791
v -1.230576 0.611464 0.797907
v -0.958703 0.504560 0.630848
v -1.230576 0.611464 0.630848
v -1.540918 0.465160 0.797907
v -1.533213 0.461235 0.630848
v -1.416346 0.051343 0.630848
v -1.230575 0.002601 0.630848
v -1.056697 0.046029 0.797907
v -1.230575 0.002601 0.797907
v -0.916663 0.447520 0.797907
v -1.005113 0.081571 0.630848
v -1.435322 0.190528 0.675483
v -1.492985 0.110847 0.622211
v -1.211147 0.070483 0.674733
v -1.247893 -0.039791 0.797907
v -1.050464 0.307033 0.745577
v -1.141855 0.460701 0.793629
v -1.320631 0.463013 0.745577
v -1.399105 0.261877 0.753855
v -1.315696 0.159600 0.757000
v -1.185417 0.138504 0.753855
vn 0.1369 0.9906 -0.0005
vn 0.4613 0.8799 0.1136
vn 0.2580 0.9586 -0.1206
vn 0.0491 0.9900 0.1322
vn 0.2115 0.9773 -0.0084
vn 0.1364 0.9906 0.0064
vn -0.0017 1.0000 -0.0000
vn 0.2260 0.9741 -0.0000
vn 0.0918 0.9943 -0.0541
vn -0.0017 0.9987 -0.0500
vn -0.0089 -0.0944 -0.9955
vn -0.0005 -0.0816 -0.9967
vn -0.0042 -0.0742 -0.9972
vn -0.0132 -0.1007 -0.9948
vn -0.0183 -0.1346 -0.9907
vn 0.2640 0.7954 -0.5455
vn 0.1775 0.7382 -0.6509
vn 0.5277 0.6709 -0.5211
vn 0.3932 0.9194 -0.0000
vn 0.3352 0.9407 -0.0518
vn -0.0869 0.6149 -0.7838
vn -0.1671 0.4342 -0.8852
vn -0.1866 0.4072 -0.8941
vn 0.2135 0.5287 -0.8215
vn 0.4033 0.5620 -0.7222
vn 0.2864 0.3393 -0.8960
vn 0.0367 0.4530 -0.8907
vn 0.1003 0.5597 -0.8226
vn 0.0219 0.7295 -0.6837
vn -0.0561 0.2242 -0.9729
vn -0.1872 0.2425 -0.9519
vn -0.3193 0.2333 -0.9185
vn -0.4289 0.2729 -0.8611
vn -0.6532 0.7569 -0.0210
vn -0.1301 0.9915 0.0051
vn -0.1278 0.9916 -0.0221
vn -0.6002 0.7960 -0.0778
vn -0.2292 0.1838 -0.9559
vn 0.3292 0.0313 -0.9437
vn 0.2444 0.0937 -0.9651
vn 0.5361 0.1083 -0.8372
vn -0.1063 -0.0713 -0.9918
vn -0.0613 0.3481 -0.9355
vn -0.0479 -0.1421 -0.9887
vn 0.3772 0.0120 -0.9261
vn 0.2842 0.1469 -0.9474
vn -0.0588 0.1022 -0.9930
vn -0.0115 0.2183 -0.9758
vn -0.0143 0.1383 -0.9903
vn 0.0827 0.9966 -0.0036
vn 0.0695 0.9976 0.0032
vn 0.0491 0.9900 0.1321
vn 0.0505 0.9987 0.0010
vn -0.0613 0.3481 -0.9354
vn 0.0307 0.7471 -0.6640
vn -0.0227 0.1213 -0.9924
vn -0.9605 0.2733 -0.0529
vn 0.1711 0.9246 0.3403
vn -0.9889 -0.0132 0.1483
vn -0.2989 0.0589 -0.9525
vn -0.2707 0.1566 -0.9498
vn -0.5891 0.0255 -0.8076
vn -0.0527 0.1913 -0.9801
vn 0.0281 0.4090 -0.9121
vn -0.0344 0.3150 -0.9485
vn -0.0659 0.2082 -0.9759
vn 0.0176 0.3112 -0.9502
vn -0.0292 0.1914 -0.9811
vn 0.0504 0.1385 -0.9891
vn 0.0219 0.4023 -0.9152
vn -0.0810 0.6587 -0.7480
vn -0.0155 0.2485 -0.9685
vn -0.0005 0.4733 -0.8809
vn -0.3145 -0.9490 -0.0227
vn 0.0088 0.1258 -0.9920
vn 0.0075 -0.0470 -0.9989
vn 0.0082 -0.0491 -0.9988
vn 0.0075 -0.0471 -0.9989
vn 0.0067 -0.0452 -0.9990
vn 0.0220 0.2543 -0.9669
vn 0.0232 0.2170 -0.9759
vn -0.0348 0.1249 -0.9916
vn -0.0306 0.1777 -0.9836
vn 0.0475 0.1786 -0.9828
vn 0.0130 0.1147 -0.9933
vn 0.8255 0.1928 -0.5304
vn 0.6251 0.5002 -0.5992
vn 0.5289 0.7706 -0.3556
vn 0.1718 0.9558 -0.2385
vn 0.2370 0.8975 -0.3720
vn 0.1685 0.7288 -0.6636
vn 0.4960 0.8683 0.0062
vn 0.4696 0.8824 0.0290
vn 0.5114 0.8590 0.0233
vn 0.4040 0.1959 -0.8936
vn 0.4514 0.1136 -0.8850
vn 0.4007 -0.0490 -0.9149
vn 0.9001 0.2699 -0.3420
vn 0.9412 0.2558 -0.2206
vn 0.7721 0.2315 -0.5918
vn 0.6304 0.2762 -0.7255
vn 0.9616 0.2221 0.1610
vn 0.9739 0.1599 0.1611
vn 0.4285 -0.1035 -0.8976
vn 0.2839 0.9474 -0.1478
vn 0.3523 0.9352 -0.0366
vn 0.3431 0.9323 -0.1146
vn 0.4523 0.7623 -0.4630
vn -0.3246 0.8898 -0.3208
vn -0.2640 0.8957 -0.3578
vn -0.4766 0.8675 -0.1428
vn -0.2665 0.8582 -0.4388
vn -0.2294 0.8611 -0.4537
vn -0.3863 0.8077 -0.4455
vn -0.9922 0.1247 -0.0000
vn -0.6111 0.0636 -0.7890
vn -0.8746 0.0726 -0.4794
vn -0.9956 0.0934 -0.0000
vn -0.2885 0.0684 -0.9550
vn -0.3118 0.0062 -0.9501
vn 0.9869 -0.1495 0.0608
vn -0.1638 -0.0001 -0.9865
vn -0.2330 0.0316 -0.9720
vn 0.4772 -0.8745 -0.0870
vn 0.8143 -0.5794 -0.0330
vn 0.5458 -0.8376 -0.0232
vn 0.8382 -0.5453 -0.0040
vn -0.7942 -0.6055 -0.0504
vn -0.2907 -0.6391 -0.7121
vn -0.7835 -0.6211 -0.0174
vn -0.3622 -0.9316 0.0297
vn 0.9693 -0.2427 -0.0382
vn 0.9678 -0.2500 -0.0280
vn 0.7429 -0.6625 -0.0955
vn 0.4342 -0.9007 -0.0132
vn 0.5856 -0.7909 -0.1776
vn 0.8576 -0.4970 -0.1325
vn -0.8667 -0.4981 -0.0269
vn -0.3840 -0.9229 -0.0268
vn -0.6315 -0.7754 -0.0015
vn -0.3029 -0.9528 0.0223
vn -0.9756 -0.2139 -0.0493
vn -0.9691 -0.2468 -0.0000
vn -0.9838 -0.1791 -0.0000
vn -0.9803 -0.1967 -0.0183
vn 0.9439 -0.3210 0.0768
vn 0.0727 -0.9974 -0.0026
vn 0.0771 -0.9970 -0.0025
vn 0.0901 -0.9955 0.0305
vn 0.0512 -0.9971 0.0572
vn 0.0237 -0.9991 0.0341
vn 0.0513 -0.9970 0.0572
vn 0.0786 -0.9937 0.0801
vn 0.0375 -0.9993 -0.0009
vn -0.0186 -0.9998 -0.0006
vn -0.0015 -1.0000 -0.0021
vn 0.0430 -0.9079 -0.4170
vn -0.0024 -1.0000 -0.0031
vn -0.0950 -0.9953 -0.0208
vn -0.0883 -0.9958 0.0248
vn -0.1267 -0.9919 -0.0001
vn -0.1277 -0.9918 -0.0007
vn -0.0862 -0.9904 -0.1084
vn -0.1033 -0.9925 -0.0659
vn -0.1203 -0.9925 -0.0232
vn -0.0001 0.0012 -1.0000
vn -0.0007 0.0008 -1.0000
vn 0.0002 -0.0008 -1.0000
vn -0.0008 0.0017 -1.0000
vn -0.0013 0.0006 -1.0000
vn -0.2907 -0.6392 -0.7120
vn 0.0007 0.0008 -1.0000
vn -0.0001 0.0005 -1.0000
vn 0.0002 -0.0012 -1.0000
vn 0.0567 -0.7549 -0.6534
vn -0.0332 -0.9994 -0.0000
vn 0.6862 0.7147 -0.1355
vn 0.3244 0.9395 -0.1098
vn 0.7492 0.6623 -0.0095
vn 0.9815 0.1910 -0.0158
vn 0.2419 -0.8411 0.4839
vn 0.3584 -0.8132 -0.4586
vn 0.1168 -0.2357 0.9648
vn 0.0657 0.2642 0.9622
vn 0.1004 0.2899 0.9518
vn 0.7790 0.2574 -0.5717
vn 0.1168 0.9930 -0.0189
vn 0.4401 -0.8089 -0.3897
vn -0.0882 -0.1849 -0.9788
vn -0.1164 -0.2261 -0.9671
vn -0.0597 -0.1432 -0.9879
vn 0.3867 -0.2205 -0.8955
vn 0.3917 -0.2337 -0.8899
vn 0.3867 -0.2204 -0.8955
vn 0.3816 -0.2072 -0.9008
vn 0.9408 -0.3389 -0.0000
vn 0.9469 -0.3215 -0.0000
vn 0.9307 -0.3352 -0.1462
vn 0.9251 -0.3526 -0.1413
vn 0.0745 -0.9969 -0.0264
vn 0.0948 0.9940 -0.0540
vn 0.1300 -0.2471 -0.9602
vn 0.0431 -0.2381 -0.9703
vn 0.0863 -0.2455 -0.9655
vn 0.1282 -0.2493 -0.9599
vn -0.0018 -0.2343 -0.9722
vn -0.0014 -0.2269 -0.9739
vn -0.6933 -0.1389 -0.7071
vn -0.9394 -0.0747 -0.3346
vn -0.5701 -0.1640 -0.8050
vn -0.3091 -0.1868 -0.9325
vn -0.3119 -0.1986 -0.9291
vn 0.0327 0.9995 -0.0000
vn 0.0376 0.9993 -0.0032
vn 0.0322 0.9995 -0.0015
vn 0.1331 0.9910 -0.0174
vn 0.2095 0.9778 0.0012
vn 0.0432 0.9890 -0.1413
vn -0.0017 0.9987 0.0500
vn 0.0918 0.9943 0.0541
vn -0.8223 0.4374 0.3642
vn -0.0089 -0.0944 0.9955
vn -0.0132 -0.1008 0.9948
vn -0.0042 -0.0742 0.9972
vn -0.0005 -0.0816 0.9967
vn -0.0183 -0.1346 0.9907
vn 0.5277 0.6709 0.5210
vn 0.1775 0.7382 0.6508
vn 0.2640 0.7955 0.5455
vn 0.3352 0.9407 0.0518
vn -0.0869 0.6149 0.7838
vn -0.1866 0.4072 0.8941
vn -0.1671 0.4343 0.8851
vn 0.4736 0.8752 0.0989
vn 0.3292 0.9442 0.0099
vn 0.2864 0.3393 0.8960
vn 0.4033 0.5620 0.7221
vn 0.2135 0.5287 0.8215
vn 0.1003 0.5597 0.8226
vn 0.0367 0.4530 0.8907
vn 0.0219 0.7295 0.6836
vn -0.1872 0.2425 0.9519
vn -0.0561 0.2242 0.9729
vn -0.4289 0.2729 0.8611
vn -0.3193 0.2333 0.9185
vn -0.2292 0.1838 0.9559
vn 0.3292 0.0313 0.9437
vn 0.5361 0.1083 0.8372
vn 0.2444 0.0937 0.9651
vn -0.1063 -0.0713 0.9918
vn -0.0479 -0.1421 0.9887
vn -0.0613 0.3481 0.9355
vn 0.2842 0.1470 0.9474
vn 0.3772 0.0120 0.9261
vn -0.0143 0.1383 0.9903
vn -0.0115 0.2183 0.9758
vn -0.0588 0.1022 0.9930
vn 0.0432 0.9890 -0.1412
vn -0.0613 0.3481 0.9354
vn 0.0308 0.7471 0.6640
vn -0.0227 0.1213 0.9924
vn -0.2707 0.1566 0.9498
vn -0.2989 0.0590 0.9525
vn -0.5891 0.0255 0.8077
vn 0.0220 0.2543 0.9669
vn -0.0527 0.1913 0.9801
vn -0.0659 0.2081 0.9759
vn -0.0344 0.3150 0.9485
vn 0.0281 0.4090 0.9121
vn 0.0176 0.3112 0.9502
vn 0.0219 0.4023 0.9152
vn 0.0504 0.1385 0.9891
vn -0.0292 0.1914 0.9811
vn -0.0810 0.6587 0.7480
vn -0.0155 0.2485 0.9685
vn -0.0005 0.4732 0.8809
vn -0.3145 -0.9490 0.0227
vn 0.0088 0.1258 0.9920
vn 0.0075 -0.0471 0.9989
vn 0.0067 -0.0452 0.9990
vn 0.0082 -0.0491 0.9988
vn -0.0306 0.1777 0.9836
vn -0.0349 0.1248 0.9916
vn 0.0232 0.2170 0.9759
vn 0.0130 0.1147 0.9933
vn 0.0475 0.1786 0.9828
vn 0.7235 0.6382 0.2633
vn 0.5289 0.7706 0.3556
vn 0.6250 0.5003 0.5992
vn 0.8255 0.1928 0.5304
vn 0.1685 0.7288 0.6637
vn 0.2370 0.8974 0.3720
vn 0.1718 0.9558 0.2386
vn 0.4319 0.8988 0.0748
vn 0.3825 0.9194 0.0917
vn 0.3814 0.9133 0.1429
vn 0.4007 -0.0489 0.9149
vn 0.4514 0.1136 0.8850
vn 0.4040 0.1958 0.8936
vn 0.6411 0.2799 0.7146
vn 0.8050 0.1802 0.5652
vn 0.4285 -0.1035 0.8976
vn 0.2839 0.9474 0.1478
vn 0.3523 0.9352 0.0366
vn -0.4765 0.8675 0.1428
vn -0.2640 0.8957 0.3578
vn -0.3246 0.8898 0.3208
vn -0.2665 0.8582 0.4388
vn -0.3863 0.8077 0.4455
vn -0.2294 0.8611 0.4537
vn -0.8746 0.0726 0.4794
vn -0.6111 0.0636 0.7890
vn -0.3118 0.0062 0.9501
vn -0.2886 0.0684 0.9550
vn -0.3577 -0.6941 0.6248
vn -0.9783 0.0632 0.1972
vn -0.1638 -0.0001 0.9865
vn -0.2330 0.0316 0.9720
vn 0.5458 -0.8376 0.0231
vn 0.8143 -0.5794 0.0330
vn 0.4772 -0.8745 0.0870
vn 0.8382 -0.5453 0.0040
vn -0.7835 -0.6211 0.0174
vn -0.2906 -0.6391 0.7121
vn -0.7942 -0.6055 0.0504
vn -0.3622 -0.9316 -0.0297
vn 0.9693 -0.2427 0.0382
vn 0.9678 -0.2500 0.0280
vn 0.7429 -0.6625 0.0955
vn 0.8576 -0.4970 0.1325
vn 0.5856 -0.7909 0.1776
vn 0.4342 -0.9007 0.0132
vn -0.6315 -0.7754 0.0015
vn -0.3840 -0.9229 0.0268
vn -0.8667 -0.4981 0.0274
vn -0.3029 -0.9528 -0.0223
vn -0.9691 -0.2469 -0.0000
vn -0.9756 -0.2139 0.0493
vn -0.7519 -0.5511 0.3620
vn 0.9439 -0.3210 -0.0768
vn 0.0794 -0.9960 -0.0407
vn 0.0825 -0.9966 0.0039
vn 0.0512 -0.9971 -0.0572
vn 0.0786 -0.9937 -0.0801
vn 0.0237 -0.9991 -0.0341
vn -0.0015 -1.0000 0.0021
vn -0.0187 -0.9998 0.0006
vn -0.0024 -1.0000 0.0031
vn 0.0414 -0.9065 0.4202
vn -0.1201 -0.9925 0.0226
vn -0.1030 -0.9925 0.0655
vn -0.0857 -0.9904 0.1083
vn 0.0002 -0.0008 1.0000
vn -0.0007 0.0008 1.0000
vn -0.0001 0.0011 1.0000
vn -0.0007 0.0019 1.0000
vn -0.0013 0.0006 1.0000
vn -0.2907 -0.6392 0.7120
vn 0.0002 -0.0012 1.0000
vn -0.0001 0.0005 1.0000
vn 0.0007 0.0008 1.0000
vn -0.7519 -0.5510 0.3620
vn -0.9853 0.1695 0.0199
vn -0.9891 0.1452 0.0232
vn -0.9923 0.1207 0.0266
vn 0.3113 0.9441 0.1085
vn 0.7994 0.5863 0.1311
vn 0.4883 -0.4963 -0.7178
vn 0.2574 0.3118 -0.9146
vn 0.7790 0.2574 0.5717
vn 0.1167 0.9930 0.0189
vn -0.0882 -0.1849 0.9788
vn -0.1164 -0.2261 0.9671
vn -0.0597 -0.1432 0.9879
vn 0.3867 -0.2205 0.8954
vn 0.3816 -0.2072 0.9008
vn 0.3917 -0.2338 0.8899
vn 0.9250 -0.3526 0.1413
vn 0.9307 -0.3353 0.1463
vn 0.0745 -0.9969 0.0264
vn 0.0948 0.9940 0.0540
vn 0.1303 -0.2469 0.9603
vn 0.1282 -0.2493 0.9599
vn 0.0864 -0.2455 0.9655
vn 0.0431 -0.2381 0.9703
vn -0.0018 -0.2343 0.9722
vn -0.0014 -0.2269 0.9739
vn -0.5701 -0.1640 0.8050
vn -0.9394 -0.0747 0.3346
vn -0.6933 -0.1389 0.7071
vn -0.3091 -0.1867 0.9325
vn -0.3119 -0.1986 0.9291
vn 0.9159 0.4010 0.0198
vn 0.9240 0.3820 0.0147
vn 0.9159 0.4009 0.0198
vn 0.9073 0.4197 0.0248
vn 0.0303 0.9995 0.0016
vn 0.0340 0.9994 0.0028
vn 0.4845 0.8709 -0.0823
vn 0.4596 0.8844 -0.0814
vn 0.4862 0.8738 -0.0000
vn 0.5108 0.8597 -0.0000
vn 0.4596 0.8844 0.0814
vn 0.4845 0.8709 0.0823
vn -0.2851 -0.7753 0.5636
vn -0.3721 -0.8225 0.4303
vn -0.2850 -0.7753 0.5637
vn -0.1901 -0.7067 0.6815
vn -0.4428 -0.4031 0.8009
vn -0.1681 0.9417 0.2914
vn 0.3712 -0.5922 0.7152
vn 0.4573 -0.6051 0.6517
vn 0.2807 -0.5725 0.7704
vn 0.0012 -1.0000 -0.0012
vn 0.0011 -1.0000 -0.0011
vn 0.0015 -1.0000 -0.0008
vn 0.0009 -1.0000 -0.0019
vn 0.0006 -1.0000 -0.0015
vn 0.0007 -1.0000 -0.0029
vn -0.0003 -1.0000 -0.0011
vn 0.0016 -1.0000 -0.0019
vn -0.0001 -1.0000 -0.0000
vn 0.0008 -1.0000 -0.0000
vn -0.0003 -1.0000 -0.0000
vn 0.0053 0.9998 -0.0197
vn 0.0688 0.9976 -0.0000
vn 0.0088 0.9999 -0.0089
vn 0.0064 1.0000 -0.0001
vn 0.0059 1.0000 -0.0000
vn 0.0062 1.0000 -0.0000
vn 0.1372 0.9905 -0.0076
vn 0.1632 0.9865 -0.0129
vn -0.1680 0.9418 0.2913
vn -0.0131 0.9999 -0.0000
vn -0.0195 0.9998 0.0043
vn 0.1108 0.9938 -0.0020
vn 0.1104 0.9939 -0.0000
vn -0.2619 -0.3903 0.8827
vn -0.0167 0.9999 0.0020
vn 0.6354 0.7721 -0.0142
vn 0.3194 0.5741 0.7539
vn 0.6580 0.6440 0.3902
vn 0.6215 0.6528 -0.4332
vn 0.2973 0.6332 -0.7146
vn 0.9848 0.1736 -0.0000
vn 0.6452 0.4130 0.6428
vn 0.6452 0.4131 -0.6428
vn -0.9132 0.0282 0.4065
vn -0.9848 -0.1736 -0.0000
vn -0.5052 0.2894 -0.8131
vn 0.6452 0.4130 0.6427
vn -0.0724 0.4104 0.9090
vn -0.9132 0.0285 0.4064
vn -0.1737 0.9848 -0.0000
vn -0.0724 0.4104 -0.9090
vn 0.6452 0.4130 -0.6427
vn -0.5051 0.2895 -0.8131
vn 0.8485 0.3389 -0.4065
vn 0.9848 0.1737 -0.0000
vn 0.8485 0.3386 -0.4067
vn -0.2851 -0.7753 -0.5636
vn -0.1901 -0.7067 -0.6815
vn -0.2850 -0.7753 -0.5637
vn -0.3721 -0.8225 -0.4302
vn -0.1680 0.9417 -0.2914
vn -0.4428 -0.4031 -0.8009
vn 0.3712 -0.5922 -0.7152
vn 0.4573 -0.6051 -0.6517
vn 0.2807 -0.5725 -0.7704
vn 0.0012 -1.0000 0.0012
vn 0.0015 -1.0000 0.0008
vn 0.0010 -1.0000 0.0009
vn 0.0009 -1.0000 0.0019
vn 0.0006 -1.0000 0.0015
vn 0.0007 -1.0000 0.0029
vn 0.0016 -1.0000 0.0019
vn -0.0003 -1.0000 0.0011
vn 0.0053 0.9998 0.0197
vn 0.0046 0.9999 0.0093
vn 0.0051 1.0000 -0.0006
vn 0.1372 0.9905 0.0076
vn 0.1632 0.9865 0.0129
vn -0.1679 0.9418 -0.2913
vn -0.0195 0.9998 -0.0043
vn 0.1106 0.9939 0.0017
vn -0.2619 -0.3903 -0.8827
vn -0.0167 0.9999 -0.0020
vn -0.9132 0.0282 -0.4065
vn -0.5052 0.2895 0.8130
vn -0.9132 0.0283 -0.4065
vn -0.5051 0.2895 0.8131
vn -0.7475 0.1675 0.6428
vn -0.7476 0.1674 0.6427
vn 0.0272 0.7999 0.5996
vn 0.0401 -0.9646 -0.2607
vn 0.0983 -0.8409 0.5322
vn 0.0083 0.9761 -0.2171
vn 0.0188 -0.2881 -0.9574
vn -0.0053 0.7369 -0.6760
vn 0.0272 0.7998 0.5997
vn 0.0983 -0.8409 -0.5322
vn 0.0401 -0.9646 0.2607
vn 0.0273 0.7999 -0.5996
vn 0.0083 0.9761 0.2171
vn 0.0273 0.7998 -0.5997
vn -0.0053 0.7368 0.6760
vn 0.0188 -0.2881 0.9574
vn -0.0000 -0.0000 -1.0000
vn -0.6931 -0.0912 -0.7150
vn -0.7637 -0.6432 0.0553
vn -0.6931 -0.0912 -0.7151
vn -0.9656 -0.2586 -0.0279
vn -0.0000 -0.0000 1.0000
vn 0.8802 -0.1158 0.4603
vn -0.6554 -0.0664 0.7523
vn -0.0000 -1.0000 -0.0000
vn 0.7637 -0.6432 -0.0553
vn -0.8501 -0.5264 -0.0152
vn -0.8849 -0.4658 0.0051
vn -0.8744 -0.4852 -0.0021
vn -0.8523 -0.5228 -0.0164
vn 0.7230 0.6395 0.2611
vn 0.4401 -0.8089 0.3897
vn -0.9166 -0.3990 0.0241
vn 0.8410 -0.0852 -0.5342
vn -0.9507 -0.1975 0.2392
vn -0.6554 -0.0664 0.7524
vn 0.9507 -0.1975 -0.2392
vn 0.8410 -0.0851 -0.5343
vn 0.9656 -0.2586 0.0279
vn 0.0039 1.0000 0.0012
vn 0.0171 0.9998 0.0082
vn 0.4302 0.9021 -0.0342
vn 0.4354 0.9002 0.0066
vn 0.4537 0.8880 -0.0752
vn -0.6862 0.7271 -0.0230
vn -0.7111 0.7011 -0.0522
vn -0.6931 0.7209 0.0061
vn -0.0035 0.4346 -0.9006
vn -0.0040 0.4355 -0.9002
vn -0.0033 0.4345 -0.9007
vn -0.0028 0.4336 -0.9011
vn 0.0184 0.3591 -0.9331
vn 0.0138 0.3808 -0.9245
vn 0.0236 0.4212 -0.9067
vn -0.0227 0.3684 -0.9294
vn 0.4251 0.9039 0.0476
vn 0.4438 0.8918 0.0882
vn -0.6830 0.7296 0.0354
vn -0.7049 0.7064 0.0643
vn -0.0035 0.4346 0.9006
vn -0.0028 0.4336 0.9011
vn -0.0033 0.4345 0.9007
vn -0.0040 0.4355 0.9002
vn 0.0184 0.3591 0.9331
vn 0.0236 0.4212 0.9067
vn 0.0138 0.3808 0.9245
vn -0.0228 0.3684 0.9294
vn 0.0261 0.4515 -0.8919
vn 0.0430 0.4993 -0.8654
vn 0.0261 0.4515 0.8919
vn 0.0430 0.4993 0.8654
vn 0.4645 -0.0041 -0.8855
vn 0.4668 -0.0011 -0.8844
vn 0.4647 -0.0039 -0.8855
vn 0.4624 -0.0069 -0.8866
vn 0.9052 0.0561 -0.4213
vn 0.9053 0.0555 -0.4210
vn 0.9052 0.0559 -0.4212
vn 0.9051 0.0566 -0.4215
vn -0.2242 0.8188 -0.5285
vn -0.9746 0.0622 -0.2150
vn 0.4647 -0.0038 0.8854
vn 0.4624 -0.0069 0.8866
vn 0.4647 -0.0039 0.8855
vn 0.4668 -0.0012 0.8844
vn 0.9052 0.0560 0.4212
vn 0.9053 0.0555 0.4210
vn 0.9053 0.0558 0.4212
vn 0.9051 0.0566 0.4215
vn -0.2242 0.8188 0.5285
vn -0.9746 0.0622 0.2150
vn 0.0861 0.6649 -0.7419
vn 0.3346 0.2794 -0.9000
vn 0.5732 0.4842 -0.6611
vn -0.1322 0.0626 -0.9892
vn -0.7340 -0.4081 -0.5428
vn 0.1002 -0.0440 -0.9940
vn 0.5043 -0.1719 -0.8462
vn 0.3345 0.2794 -0.9000
vn 0.9738 -0.1701 -0.1511
vn -0.0204 -0.9984 -0.0536
vn 0.5655 -0.7794 -0.2698
vn 0.8395 0.3809 -0.3874
vn -0.5958 -0.6753 -0.4347
vn -0.9393 -0.2769 -0.2025
vn -0.8154 0.3007 -0.4947
vn -0.6550 0.6783 -0.3329
vn -0.3913 0.8012 -0.4528
vn -0.3369 0.8987 -0.2806
vn 0.6358 0.7067 -0.3105
vn 0.6247 0.7041 -0.3376
vn -0.9641 -0.2085 0.1644
vn 0.3021 -0.9410 0.1524
vn -0.1083 -0.9877 0.1124
vn -0.9504 -0.2320 0.2070
vn 0.8395 -0.5186 0.1623
vn 0.7373 -0.6553 0.1643
vn 0.9884 0.1016 0.1129
vn 0.9810 0.1255 0.1478
vn 0.7971 0.5962 0.0961
vn 0.7653 0.6223 0.1648
vn -0.7381 0.6703 0.0766
vn -0.7552 0.6392 0.1451
vn 0.2199 0.1670 -0.9611
vn -0.2002 0.9776 -0.0646
vn -0.9810 0.1872 -0.0517
vn -0.7226 0.6903 0.0379
vn 0.0569 0.9983 0.0090
vn 0.6994 0.7147 0.0028
vn 0.6991 0.7146 0.0271
vn 0.2212 -0.9751 -0.0146
vn 0.9135 -0.4036 -0.0516
vn 0.9148 -0.4035 -0.0189
vn -0.0514 -0.9981 0.0348
vn -0.5557 -0.8302 -0.0439
vn -0.8487 -0.5254 0.0608
vn 0.1213 -0.3833 0.9156
vn -0.0251 -0.3912 0.9199
vn 0.0488 -0.3393 0.9394
vn 0.1281 0.0676 0.9895
vn 0.1608 0.3055 0.9385
vn 0.0670 -0.5443 0.8362
vn -0.1080 0.0514 0.9928
vn -0.2000 0.2265 0.9533
vn 0.2907 -0.0073 -0.9568
vn 0.1792 -0.0564 -0.9822
vn -0.0000 -0.0573 -0.9984
vn -0.0000 -0.1048 -0.9945
vn -0.1792 -0.0564 -0.9822
vn -0.2907 -0.0073 -0.9568
vn -0.3280 -0.3098 -0.8924
vn -0.5416 -0.0303 -0.8401
vn 0.0052 -0.3090 -0.9511
vn -0.6945 -0.2043 -0.6899
vn -0.9141 -0.3830 0.1333
vn -0.4066 0.3733 -0.8338
vn -0.7555 0.1284 -0.6425
vn 0.0569 0.4408 -0.8958
vn -0.4067 0.3733 -0.8339
vn 0.8348 -0.2069 -0.5102
vn 0.6950 -0.6258 -0.3539
vn 0.6883 -0.4923 -0.5328
vn 0.6966 0.2042 -0.6878
vn 0.2313 -0.6049 -0.7619
vn -0.6389 -0.4185 -0.6455
vn -0.9164 0.1034 -0.3868
vn -0.7715 -0.0707 -0.6323
vn 0.2314 -0.6049 -0.7619
vn -0.7170 0.5940 -0.3647
vn 0.3248 0.4742 -0.8183
vn 0.7211 0.3895 -0.5730
vn -0.3437 -0.9227 0.1745
vn 0.9864 0.0478 0.1571
vn -0.3237 -0.9066 0.2705
vn 0.9717 0.0793 0.2224
vn 0.5918 0.7977 0.1159
vn 0.5858 0.8040 0.1023
vn -0.3179 0.9387 0.1331
vn -0.9464 0.2593 0.1923
vn -0.6730 0.7177 0.1788
vn -0.2992 0.9424 0.1494
vn 0.2738 0.1362 -0.9521
vn 0.0814 0.9959 0.0386
vn 0.5771 0.8155 -0.0451
vn 0.8724 0.4854 0.0576
vn 0.7020 -0.7111 0.0393
vn 0.9702 -0.2360 -0.0546
vn 0.1912 -0.9797 -0.0596
vn -0.0778 -0.9964 0.0344
vn 0.1255 -0.0996 0.9871
vn -0.0144 -0.1961 0.9805
vn 0.1466 -0.2925 0.9450
vn -0.1418 0.1485 0.9787
vn -0.2553 -0.0408 0.9660
vn -0.0234 0.2347 0.9718
vn 0.1263 0.4317 0.8931
vn 0.1652 0.2567 0.9523
vn 0.1301 0.0424 0.9906
vn 0.0391 -0.1523 0.9876
vn -0.1747 -0.1400 0.9746
vn -0.2753 -0.1150 0.9544
vn 0.1267 0.0340 -0.9914
vn 0.0807 -0.0466 -0.9957
vn 0.0340 -0.1267 -0.9914
vn -0.3691 0.2176 0.9036
vn -0.1476 0.4965 0.8554
vn -0.0492 0.7595 0.6486
vn 0.3174 0.8328 0.4536
vn -0.0048 0.5191 0.8547
vn 0.0073 0.1645 0.9864
vn 0.0183 -0.2138 0.9767
vn -0.2781 -0.1472 0.9492
vn -0.9022 -0.4237 -0.0811
vn 0.2133 -0.9339 0.2868
vn -0.4268 -0.7503 0.5048
vn 0.5946 -0.6151 0.5177
vn 0.9780 -0.1039 0.1811
vn 0.8784 0.4314 0.2057
vn 0.7244 0.6887 -0.0315
vn 0.6617 0.7236 0.1963
vn -0.8456 0.5102 0.1570
vn -0.3251 0.8575 0.3988
vn -0.6273 0.7521 -0.2020
vn 0.9237 0.3590 -0.1336
vn 0.5873 -0.7884 -0.1832
vn 0.9013 0.2680 -0.3402
vn -0.1887 -0.9030 -0.3860
vn -0.7768 -0.6152 -0.1345
vn -0.7858 0.5988 -0.1550
vn -0.9658 0.1376 -0.2197
vn -0.4853 0.8652 -0.1260
vn -0.5035 0.8501 -0.1543
vn 0.4984 0.8399 -0.2146
vn 0.5513 0.8240 -0.1307
vn -0.0079 0.0778 0.9969
vn 0.0331 -0.2844 0.9581
vn 0.1313 0.0363 0.9907
vn -0.0288 0.2614 0.9648
vn -0.2702 0.1515 0.9508
vn 0.4129 0.9061 0.0920
vn 0.9810 0.1872 0.0517
vn 0.7226 0.6903 -0.0379
vn 0.3659 0.9306 -0.0000
vn -0.5873 0.8088 0.0303
vn -0.3445 0.9384 0.0263
vn -0.3823 0.9238 -0.0197
vn -0.8159 0.5726 -0.0804
vn -0.9972 -0.0696 0.0286
vn -0.2481 -0.9655 0.0793
vn -0.7792 -0.6263 -0.0241
vn 0.0514 -0.9981 -0.0348
vn 0.5557 -0.8302 0.0439
vn 0.8487 -0.5254 -0.0608
vn 0.1313 0.0363 -0.9907
vn 0.0331 -0.2844 -0.9581
vn -0.0080 0.0778 -0.9969
vn -0.0288 0.2614 -0.9648
vn -0.2702 0.1515 -0.9508
vn -0.1141 0.0852 0.9898
vn -0.0850 0.0149 0.9963
vn -0.0456 -0.0322 0.9984
vn -0.0109 -0.0908 0.9958
vn 0.0337 -0.1257 0.9915
vn -0.4076 -0.4391 0.8007
vn -0.4066 -0.4343 0.8038
vn -0.5520 -0.0988 0.8280
vn -0.4031 0.5459 0.7345
vn -0.6260 0.2448 0.7404
vn 0.4663 0.4818 0.7419
vn 0.1818 0.6641 0.7252
vn 0.4907 0.0247 0.8710
vn -0.1073 0.3057 0.9461
vn 0.4907 0.0246 0.8710
vn 0.4041 -0.4381 0.8030
vn -0.4030 0.5460 0.7345
vn 0.1817 0.6641 0.7252
vn -0.1236 0.7704 0.6254
vn -0.8739 0.2907 0.3897
vn -0.7294 -0.4917 0.4756
vn -0.7853 0.0679 0.6154
vn 0.0295 -0.7745 0.6319
vn -0.1303 -0.7772 0.6157
vn 0.6601 0.0588 0.7488
vn 0.2874 -0.6380 0.7144
vn 0.8885 0.4559 0.0522
vn 0.6601 0.0588 0.7489
vn -0.5062 0.5869 0.6319
vn 0.6158 -0.7682 -0.1751
vn -0.7788 -0.6022 -0.1754
vn 0.5739 -0.6983 -0.4278
vn -0.9110 0.2263 -0.3448
vn -0.6127 0.7818 -0.1158
vn 0.0947 0.9843 -0.1488
vn -0.1770 0.9577 -0.2270
vn 0.8760 0.4447 -0.1870
vn 0.5943 0.7854 -0.1730
vn -0.3455 -0.0968 0.9334
vn -0.1181 -0.0939 0.9885
vn -0.1369 0.0247 0.9903
vn 0.0302 0.1331 0.9906
vn 0.1897 0.2727 0.9432
vn -0.0435 -0.0641 0.9970
vn 0.2471 -0.1075 0.9630
vn 0.1439 0.9873 0.0668
vn -0.1817 0.9832 -0.0149
vn -0.9093 0.3868 0.1533
vn -0.9135 0.4036 -0.0516
vn -0.7627 -0.6413 0.0836
vn 0.1131 -0.9857 -0.1250
vn -0.5798 -0.8013 0.1476
vn 0.2423 -0.9702 -0.0000
vn 0.1132 -0.9857 -0.1250
vn 0.2243 0.4243 -0.8773
vn -0.2554 0.1390 0.9568
vn -0.1834 0.0408 0.9822
vn -0.0286 -0.0496 0.9984
vn -0.0524 -0.0907 0.9945
vn 0.1270 -0.1384 0.9822
vn 0.2481 -0.1517 0.9568
vt 0.276410 0.263686
vt 0.300841 0.263416
vt 0.299943 0.293539
vt 0.814020 0.687190
vt 0.813816 0.715527
vt 0.797713 0.712216
vt 0.236139 0.089452
vt 0.236146 0.135467
vt 0.197551 0.133521
vt 0.197458 0.090723
vt 0.103307 0.591457
vt 0.127658 0.590468
vt 0.127728 0.649505
vt 0.103475 0.650230
vt 0.091373 0.650655
vt 0.091199 0.591864
vt 0.680896 0.426670
vt 0.686083 0.427167
vt 0.682099 0.437823
vt 0.236098 0.149625
vt 0.235542 0.161574
vt 0.196514 0.157550
vt 0.197702 0.146607
vt 0.311088 0.448670
vt 0.292845 0.431718
vt 0.294124 0.425505
vt 0.648222 0.281562
vt 0.646000 0.281188
vt 0.647028 0.261328
vt 0.658394 0.197443
vt 0.655698 0.227462
vt 0.650755 0.226347
vt 0.680230 0.373251
vt 0.685532 0.371103
vt 0.685901 0.414030
vt 0.680656 0.412495
vt 0.253214 0.407757
vt 0.250809 0.386705
vt 0.261435 0.383363
vt 0.257203 0.331172
vt 0.261055 0.330810
vt 0.551398 0.492303
vt 0.605568 0.495413
vt 0.606473 0.542811
vt 0.556045 0.532543
vt 0.239067 0.398973
vt 0.235043 0.400331
vt 0.230955 0.389840
vt 0.225958 0.445306
vt 0.233639 0.435509
vt 0.237529 0.442291
vt 0.227827 0.450916
vt 0.618949 0.174152
vt 0.624434 0.187674
vt 0.613179 0.181017
vt 0.629812 0.276420
vt 0.621287 0.285205
vt 0.620768 0.264250
vt 0.150389 0.767810
vt 0.150401 0.826939
vt 0.143389 0.826983
vt 0.640277 0.262129
vt 0.634140 0.254424
vt 0.638342 0.240419
vt 0.651706 0.262024
vt 0.241723 0.264069
vt 0.276211 0.294434
vt 0.241727 0.240952
vt 0.276554 0.240940
vt 0.215030 0.264361
vt 0.205261 0.264454
vt 0.206195 0.240949
vt 0.214940 0.240952
vt 0.634245 0.198276
vt 0.636136 0.180033
vt 0.647998 0.192922
vt 0.649157 0.165305
vt 0.263393 0.396680
vt 0.265901 0.405769
vt 0.158699 0.768303
vt 0.884587 0.173721
vt 0.871904 0.178538
vt 0.871900 0.147013
vt 0.884617 0.146351
vt 0.229556 0.374685
vt 0.230948 0.336191
vt 0.240037 0.334370
vt 0.238695 0.384186
vt 0.250011 0.323727
vt 0.255379 0.323889
vt 0.253827 0.331094
vt 0.581634 0.098857
vt 0.553814 0.144201
vt 0.556819 0.133288
vt 0.581459 0.093580
vt 0.550500 0.146632
vt 0.550484 0.065728
vt 0.554256 0.064035
vt 0.553978 0.132379
vt 0.313604 0.454309
vt 0.309901 0.456187
vt 0.306715 0.451479
vt 0.292523 0.436587
vt 0.603963 0.038981
vt 0.603730 0.052085
vt 0.601646 0.050854
vt 0.601875 0.040398
vt 0.550494 0.042838
vt 0.542110 0.147849
vt 0.542322 0.068760
vt 0.052297 0.680440
vt 0.036787 0.680501
vt 0.036374 0.602588
vt 0.052338 0.602403
vt 0.252834 0.425124
vt 0.262528 0.418683
vt 0.143571 0.723708
vt 0.147615 0.733947
vt 0.146455 0.736727
vt 0.535263 0.013047
vt 0.539628 0.023437
vt 0.538399 0.026384
vt 0.143496 0.767699
vt 0.143523 0.751760
vt 0.150443 0.752016
vt 0.550498 0.033468
vt 0.554406 0.034933
vt 0.542278 0.013002
vt 0.542285 0.022358
vt 0.154470 0.745611
vt 0.155571 0.742788
vt 0.158715 0.743426
vt 0.150446 0.723798
vt 0.150430 0.732751
vt 0.143538 0.743170
vt 0.137343 0.767568
vt 0.137337 0.723626
vt 0.535154 0.043046
vt 0.529260 0.069741
vt 0.529233 0.036724
vt 0.780917 0.958260
vt 0.781071 0.947995
vt 0.785240 0.949635
vt 0.934823 0.419407
vt 0.930840 0.418597
vt 0.931477 0.390266
vt 0.930455 0.453982
vt 0.934448 0.454710
vt 0.934823 0.478762
vt 0.930843 0.478201
vt 0.584987 0.307187
vt 0.587746 0.288599
vt 0.591967 0.288678
vt 0.868087 0.894444
vt 0.861030 0.896792
vt 0.858309 0.877377
vt 0.897621 0.553380
vt 0.904834 0.553474
vt 0.903875 0.592655
vt 0.896661 0.592561
vt 0.868909 0.909047
vt 0.861852 0.911395
vt 0.897781 0.532416
vt 0.904994 0.532510
vt 0.857050 0.895674
vt 0.788614 0.779097
vt 0.790278 0.767090
vt 0.814728 0.775124
vt 0.804114 0.788855
vt 0.320773 0.280059
vt 0.327702 0.279790
vt 0.327085 0.285578
vt 0.322439 0.263258
vt 0.452401 0.342010
vt 0.449083 0.342118
vt 0.442984 0.316544
vt 0.511568 0.369233
vt 0.510291 0.364556
vt 0.515250 0.367258
vt 0.809850 0.481126
vt 0.809843 0.507229
vt 0.798614 0.506988
vt 0.798621 0.480885
vt 0.837174 0.480007
vt 0.835929 0.517525
vt 0.824667 0.511397
vt 0.252840 0.336127
vt 0.875232 0.180232
vt 0.887772 0.173829
vt 0.887348 0.199184
vt 0.884481 0.186782
vt 0.472666 0.357491
vt 0.474273 0.353981
vt 0.815349 0.472589
vt 0.826006 0.476506
vt 0.634038 0.179635
vt 0.247233 0.337381
vt 0.212565 0.899500
vt 0.196514 0.899503
vt 0.199595 0.856238
vt 0.740078 0.625480
vt 0.738640 0.616443
vt 0.782021 0.620984
vt 0.815770 0.861409
vt 0.837603 0.860378
vt 0.834242 0.902399
vt 0.844946 0.902399
vt 0.744164 0.640322
vt 0.782462 0.640342
vt 0.094335 0.859648
vt 0.102502 0.858830
vt 0.107449 0.900064
vt 0.091116 0.900068
vt 0.667006 0.856066
vt 0.687013 0.856066
vt 0.681575 0.898739
vt 0.692465 0.898309
vt 0.085118 0.806521
vt 0.087933 0.836500
vt 0.049668 0.832610
vt 0.048044 0.846227
vt 0.539034 0.845243
vt 0.542704 0.826603
vt 0.577153 0.826143
vt 0.577864 0.851015
vt 0.856515 0.023446
vt 0.856330 0.010733
vt 0.896844 0.017357
vt 0.136873 0.541032
vt 0.116533 0.544014
vt 0.127425 0.481909
vt 0.370104 0.755324
vt 0.380680 0.793756
vt 0.322525 0.793756
vt 0.328294 0.762400
vt 0.168719 0.243850
vt 0.169195 0.171686
vt 0.191803 0.184262
vt 0.159956 0.399993
vt 0.167808 0.381983
vt 0.190495 0.386201
vt 0.152439 0.065228
vt 0.098261 0.064858
vt 0.098692 -0.000000
vt 0.120468 0.000395
vt 0.144892 0.002058
vt 0.162049 0.065904
vt 0.167730 0.007622
vt 0.182014 0.018408
vt 0.194770 0.057245
vt 0.486392 0.733333
vt 0.472594 0.676639
vt 0.488816 0.692231
vt 0.454547 0.671251
vt 0.465739 0.748441
vt 0.436008 0.754478
vt 0.436008 0.671130
vt 0.794243 0.585004
vt 0.782900 0.605674
vt 0.781211 0.546796
vt 0.793045 0.564080
vt 0.763680 0.614902
vt 0.738640 0.534655
vt 0.762132 0.537638
vt 0.126439 0.390741
vt 0.159307 0.481778
vt 0.096957 0.271955
vt 0.097630 0.160224
vt 0.127957 0.160424
vt 0.934043 0.637488
vt 0.930685 0.637082
vt 0.930869 0.616508
vt 0.934122 0.616602
vt 0.909632 0.730136
vt 0.916371 0.707633
vt 0.917457 0.730076
vt 0.135994 0.955256
vt 0.135288 0.946487
vt 0.143497 0.944062
vt 0.144121 0.952148
vt 0.809022 0.927621
vt 0.808873 0.947186
vt 0.803090 0.946467
vt 0.922152 0.945476
vt 0.930051 0.927463
vt 0.931096 0.945702
vt 0.356712 0.930820
vt 0.356712 0.937549
vt 0.343877 0.932585
vt 0.343451 0.925675
vt 0.356702 0.926503
vt 0.924868 0.358672
vt 0.911198 0.359762
vt 0.908717 0.342528
vt 0.924420 0.339444
vt 0.595192 0.796983
vt 0.602354 0.796022
vt 0.602215 0.816154
vt 0.595043 0.817892
vt 0.262634 0.801364
vt 0.262634 0.840946
vt 0.246725 0.829065
vt 0.925984 0.373167
vt 0.930455 0.408486
vt 0.915382 0.419749
vt 0.848037 0.211476
vt 0.848078 0.223815
vt 0.838092 0.224136
vt 0.837925 0.211843
vt 0.838253 0.360255
vt 0.838213 0.303407
vt 0.848206 0.303086
vt 0.848259 0.359933
vt 0.196514 0.948119
vt 0.196947 0.937239
vt 0.208019 0.941727
vt 0.911893 0.080064
vt 0.913016 0.071457
vt 0.929569 0.072315
vt 0.930421 0.079247
vt 0.924973 0.118517
vt 0.922984 0.140835
vt 0.914134 0.140688
vt 0.804295 0.255350
vt 0.788177 0.258641
vt 0.788007 0.230304
vt 0.296248 0.089360
vt 0.334975 0.090512
vt 0.334960 0.133310
vt 0.296327 0.135374
vt 0.550789 0.457389
vt 0.551398 0.422474
vt 0.605568 0.419554
vt 0.184126 0.590990
vt 0.184149 0.650181
vt 0.159940 0.649978
vt 0.159819 0.590524
vt 0.196204 0.591052
vt 0.196221 0.650263
vt 0.732854 0.228148
vt 0.729656 0.217210
vt 0.734925 0.217122
vt 0.336100 0.157335
vt 0.297067 0.161480
vt 0.296408 0.149532
vt 0.334836 0.146395
vt 0.338901 0.131349
vt 0.355486 0.108545
vt 0.356951 0.115143
vt 0.329471 0.218520
vt 0.330550 0.240870
vt 0.323259 0.240888
vt 0.322439 0.218517
vt 0.619402 0.099862
vt 0.620335 0.119233
vt 0.618095 0.119412
vt 0.615773 0.064986
vt 0.610784 0.065599
vt 0.608161 0.035541
vt 0.739800 0.163922
vt 0.736278 0.203010
vt 0.730870 0.204128
vt 0.734624 0.161364
vt 0.387469 0.066904
vt 0.398208 0.070351
vt 0.396287 0.091816
vt 0.386455 0.012122
vt 0.390373 0.012823
vt 0.418256 0.074027
vt 0.414408 0.084768
vt 0.410300 0.083100
vt 0.424406 0.129502
vt 0.422614 0.134879
vt 0.412719 0.126325
vt 0.416527 0.119869
vt 0.647707 0.012819
vt 0.653471 0.019817
vt 0.642220 0.026676
vt 0.645691 0.103265
vt 0.645033 0.123258
vt 0.636566 0.114857
vt 0.432624 0.581912
vt 0.425606 0.581806
vt 0.425622 0.522306
vt 0.628186 0.079487
vt 0.632345 0.093405
vt 0.626157 0.100755
vt 0.614679 0.100069
vt 0.215030 0.217542
vt 0.205261 0.217443
vt 0.201744 0.185589
vt 0.632389 0.037342
vt 0.618634 0.031778
vt 0.630536 0.018990
vt 0.617542 0.004111
vt 0.383497 0.089633
vt 0.385814 0.080467
vt 0.417286 0.522543
vt 0.884587 0.077998
vt 0.884617 0.105027
vt 0.871900 0.104180
vt 0.407631 0.015880
vt 0.416774 0.017643
vt 0.419205 0.057868
vt 0.410274 0.067630
vt 0.393749 0.012691
vt 0.391985 0.005064
vt 0.397352 0.004816
vt 0.410639 0.120268
vt 0.397047 0.109342
vt 0.406594 0.108396
vt 0.476608 0.100717
vt 0.476793 0.095518
vt 0.501541 0.136497
vt 0.504558 0.147576
vt 0.507890 0.150200
vt 0.504396 0.135726
vt 0.504134 0.067255
vt 0.507917 0.069056
vt 0.340269 0.139032
vt 0.336478 0.136881
vt 0.357389 0.120117
vt 0.343384 0.134443
vt 0.454139 0.039162
vt 0.456242 0.040741
vt 0.456471 0.051239
vt 0.454372 0.052314
vt 0.507905 0.046053
vt 0.516100 0.072318
vt 0.516312 0.151742
vt 0.440894 0.671130
vt 0.440855 0.592788
vt 0.456809 0.592868
vt 0.456396 0.671111
vt 0.387169 0.102728
vt 0.429547 0.490914
vt 0.428385 0.488096
vt 0.432436 0.477857
vt 0.520023 0.029765
vt 0.518793 0.026793
vt 0.523161 0.016389
vt 0.425559 0.506312
vt 0.432487 0.506138
vt 0.432516 0.522206
vt 0.503982 0.038006
vt 0.507900 0.036637
vt 0.516133 0.025686
vt 0.516140 0.016284
vt 0.417265 0.497430
vt 0.420417 0.496866
vt 0.421520 0.499743
vt 0.425567 0.486864
vt 0.425550 0.477825
vt 0.438680 0.477886
vt 0.438674 0.522127
vt 0.432471 0.497478
vt 0.529197 0.040234
vt 0.529172 0.073415
vt 0.523272 0.046537
vt 0.327702 0.201945
vt 0.578248 0.949611
vt 0.582749 0.947757
vt 0.582937 0.958078
vt 0.928847 0.696409
vt 0.929461 0.724739
vt 0.925458 0.725549
vt 0.929842 0.760118
vt 0.929480 0.784326
vt 0.925458 0.784892
vt 0.925816 0.760849
vt 0.588377 0.222837
vt 0.580984 0.220963
vt 0.566943 0.182481
vt 0.591967 0.244017
vt 0.587746 0.244125
vt 0.584987 0.225534
vt 0.902032 0.389584
vt 0.899319 0.408036
vt 0.892255 0.405762
vt 0.897621 0.466477
vt 0.896661 0.425078
vt 0.903875 0.425171
vt 0.904834 0.466571
vt 0.891400 0.419148
vt 0.898465 0.421422
vt 0.903301 0.406996
vt 0.787262 0.318220
vt 0.811731 0.310220
vt 0.813431 0.322218
vt 0.797918 0.331954
vt 0.442984 0.216627
vt 0.449083 0.191061
vt 0.452401 0.191210
vt 0.511568 0.164028
vt 0.515250 0.166046
vt 0.510291 0.168741
vt 0.809850 0.381862
vt 0.798621 0.381621
vt 0.798614 0.356916
vt 0.809843 0.357157
vt 0.256276 0.771892
vt 0.244992 0.778073
vt 0.243757 0.738707
vt 0.394872 0.017933
vt 0.884481 0.065518
vt 0.878708 0.065030
vt 0.879074 0.053098
vt 0.871904 0.073230
vt 0.875232 0.071652
vt 0.472666 0.175719
vt 0.474273 0.179268
vt 0.254929 0.735140
vt 0.265559 0.730838
vt 0.632612 0.018355
vt 0.400516 0.019162
vt 0.050914 0.901258
vt 0.047857 0.857995
vt 0.063909 0.857995
vt 0.133335 0.819554
vt 0.091116 0.814360
vt 0.134210 0.810530
vt 0.549299 0.911507
vt 0.545935 0.869487
vt 0.567768 0.870524
vt 0.538596 0.911507
vt 0.129551 0.834335
vt 0.091257 0.833722
vt 0.131845 0.898243
vt 0.128639 0.857828
vt 0.144971 0.857822
vt 0.140012 0.899057
vt 0.512024 0.862318
vt 0.517476 0.904990
vt 0.497469 0.904990
vt 0.522914 0.862745
vt 0.667021 0.829884
vt 0.704825 0.826024
vt 0.702836 0.856066
vt 0.664492 0.816193
vt 0.610095 0.841704
vt 0.648675 0.836876
vt 0.648110 0.861752
vt 0.613683 0.860443
vt 0.420618 0.865101
vt 0.380040 0.858164
vt 0.420298 0.852385
vt 0.073681 0.543731
vt 0.063605 0.481487
vt 0.095516 0.481663
vt 0.053383 0.540481
vt 0.604634 0.325266
vt 0.646442 0.332339
vt 0.652211 0.363700
vt 0.594056 0.363700
vt 0.003148 0.183016
vt 0.025920 0.170739
vt 0.025445 0.242904
vt 0.001793 0.384954
vt 0.024534 0.381036
vt 0.032148 0.399148
vt 0.034465 0.065061
vt 0.001862 0.055970
vt 0.015133 0.017306
vt 0.029559 0.006709
vt 0.676860 0.094587
vt 0.693079 0.078795
vt 0.679283 0.135861
vt 0.729656 0.156721
vt 0.699932 0.150876
vt 0.711122 0.073239
vt 0.729656 0.072971
vt 0.538596 0.741000
vt 0.539791 0.719949
vt 0.551609 0.702494
vt 0.549924 0.761716
vt 0.569121 0.770876
vt 0.570665 0.693165
vt 0.594129 0.690034
vt 0.594129 0.772270
vt 0.065785 0.390340
vt 0.031724 0.480935
vt 0.067303 0.160023
vt 0.096829 0.271954
vt 0.044082 0.064512
vt 0.886605 0.668853
vt 0.891264 0.667721
vt 0.891261 0.696438
vt 0.899972 0.696688
vt 0.930869 0.572158
vt 0.930685 0.551222
vt 0.934043 0.550910
vt 0.934122 0.572161
vt 0.934138 0.594488
vt 0.060747 0.944612
vt 0.069082 0.946957
vt 0.068206 0.955601
vt 0.086540 0.952023
vt 0.080759 0.952740
vt 0.080621 0.933137
vt 0.000000 0.932124
vt 0.012799 0.933556
vt -0.000000 0.938924
vt 0.000013 0.927793
vt 0.013225 0.926579
vt 0.915842 0.183868
vt 0.914263 0.165650
vt 0.930058 0.166049
vt 0.929394 0.182546
vt 0.595192 0.752520
vt 0.595043 0.731263
vt 0.602215 0.732773
vt 0.602354 0.753227
vt 0.379997 0.884626
vt 0.364090 0.896509
vt 0.364090 0.856926
vt 0.582968 0.916076
vt 0.567890 0.904821
vt 0.572358 0.869487
vt 0.827854 0.211584
vt 0.837922 0.211505
vt 0.837729 0.223603
vt 0.827784 0.223693
vt 0.827671 0.303542
vt 0.837623 0.303452
vt 0.837583 0.360614
vt 0.827619 0.360704
vt 0.080591 0.940617
vt 0.069515 0.945360
vt 0.069082 0.935700
vt 0.693317 0.906702
vt 0.709820 0.905355
vt 0.710924 0.914259
vt 0.692465 0.914030
vt 0.594056 0.266349
vt 0.589834 0.266363
vt 0.876471 0.379895
vt 0.876169 0.357534
vt 0.884418 0.357761
vt 0.884498 0.380071
vt 0.916086 0.118514
vt 0.914134 0.096337
vt 0.922984 0.096196
vt 0.776137 0.527930
vt 0.766487 0.528022
vt 0.776727 0.478035
vt 0.784976 0.477823
vt 0.776727 0.398927
vt 0.766487 0.348925
vt 0.776137 0.348942
vt 0.784976 0.399074
vt 0.318101 0.883201
vt 0.304819 0.887174
vt 0.304199 0.845949
vt 0.316515 0.846116
vt 0.819493 0.448448
vt 0.811852 0.425059
vt 0.827135 0.428015
vt 0.929842 0.790665
vt 0.929927 0.772997
vt 0.943250 0.776904
vt 0.943250 0.792014
vt 0.380681 0.783042
vt 0.380681 0.729012
vt 0.394821 0.766252
vt 0.430330 0.796657
vt 0.395330 0.800972
vt 0.395330 0.714624
vt 0.430326 0.755789
vt 0.764571 0.367366
vt 0.729656 0.390771
vt 0.729656 0.325967
vt 0.764656 0.333158
vt 0.534613 0.797546
vt 0.493101 0.797545
vt 0.493101 0.711198
vt 0.534495 0.711199
vt 0.845653 0.104073
vt 0.804338 0.104073
vt 0.804337 0.039270
vt 0.845849 0.039270
vt 0.848733 0.412908
vt 0.871886 0.317190
vt 0.871886 0.425078
vt 0.748499 0.175414
vt 0.782339 0.072971
vt 0.782339 0.209324
vt 0.788205 0.666199
vt 0.788205 0.775752
vt 0.750284 0.685350
vt 0.809510 0.800665
vt 0.797623 0.895741
vt 0.788205 0.800665
vt 0.661619 0.666447
vt 0.661619 0.764480
vt 0.613359 0.670934
vt 0.322525 0.583080
vt 0.322525 0.477819
vt 0.412645 0.516644
vt 0.393851 0.551617
vt 0.270148 0.735863
vt 0.269933 0.698190
vt 0.316139 0.698190
vt 0.296985 0.792072
vt 0.170132 0.799464
vt 0.163320 0.795223
vt 0.163320 0.772569
vt 0.735787 0.922483
vt 0.734464 0.871475
vt 0.756461 0.871475
vt 0.460735 0.925714
vt 0.472788 0.925730
vt 0.472788 0.948094
vt 0.423802 0.915351
vt 0.422783 0.922793
vt 0.401116 0.927079
vt 0.734464 0.922484
vt 0.746590 0.922484
vt 0.744354 0.945491
vt 0.821110 0.715299
vt 0.821110 0.681485
vt 0.854705 0.666199
vt 0.854705 0.731039
vt 0.815651 0.795878
vt 0.849010 0.810631
vt 0.849010 0.844269
vt 0.815651 0.860378
vt 0.364090 0.931480
vt 0.364090 0.896643
vt 0.379713 0.896509
vt 0.379713 0.931346
vt 0.911811 0.647193
vt 0.911811 0.663893
vt 0.896661 0.663859
vt 0.896661 0.647158
vt 0.647754 0.907787
vt 0.647754 0.942129
vt 0.632245 0.942875
vt 0.632245 0.908533
vt 0.532155 0.711198
vt 0.498559 0.695459
vt 0.498559 0.551152
vt 0.532155 0.535867
vt 0.233314 0.899503
vt 0.233314 0.933845
vt 0.217805 0.934591
vt 0.217805 0.900249
vt 0.902983 0.180468
vt 0.887834 0.180434
vt 0.887834 0.053098
vt 0.902983 0.053132
vt 0.907375 0.291491
vt 0.908960 0.254403
vt 0.921279 0.254230
vt 0.920660 0.295459
vt 0.579325 0.834841
vt 0.592592 0.826143
vt 0.592592 0.849467
vt 0.934967 0.142274
vt 0.948292 0.138380
vt 0.948377 0.156055
vt 0.934967 0.157391
vt 0.537055 0.916075
vt 0.522914 0.899285
vt 0.537055 0.862046
vt 0.662652 0.799979
vt 0.662657 0.759111
vt 0.697652 0.717947
vt 0.697652 0.804295
vt 0.745129 0.041398
vt 0.745043 0.007190
vt 0.780043 -0.000000
vt 0.780043 0.064804
vt 0.049604 0.806521
vt 0.049721 0.720174
vt 0.091115 0.720174
vt 0.091116 0.806521
vt 0.000197 0.839190
vt -0.000000 0.774386
vt 0.041512 0.774387
vt 0.041512 0.839191
vt 0.871899 0.305047
vt 0.848733 0.317190
vt 0.848733 0.209324
vt 0.766487 0.494140
vt 0.732621 0.528022
vt 0.732621 0.391728
vt 0.748500 0.209324
vt 0.786403 0.228511
vt 0.748500 0.318930
vt 0.713157 0.775752
vt 0.734464 0.775752
vt 0.724889 0.870838
vt 0.702028 0.666199
vt 0.750284 0.670744
vt 0.702028 0.764240
vt 0.286680 0.571253
vt 0.215315 0.539726
vt 0.196514 0.504755
vt 0.286680 0.466039
vt 0.879855 0.545246
vt 0.896651 0.557172
vt 0.879855 0.665483
vt 0.046206 0.774386
vt 0.000239 0.736712
vt 0.027114 0.680501
vt 0.481342 0.937396
vt 0.483144 0.915481
vt 0.492129 0.911473
vt 0.905088 0.578644
vt 0.905088 0.523564
vt 0.925458 0.531845
vt 0.854705 0.795878
vt 0.821110 0.780139
vt 0.821110 0.746324
vt 0.526459 0.812299
vt 0.526459 0.845936
vt 0.493101 0.862046
vt 0.493101 0.797546
vt 0.945351 0.772251
vt 0.929842 0.772998
vt 0.929842 0.738656
vt 0.945351 0.737909
vt 0.727243 0.942076
vt 0.712093 0.942041
vt 0.712093 0.925341
vt 0.727243 0.925375
vt 0.154988 0.900202
vt 0.170611 0.900068
vt 0.170611 0.934905
vt 0.154988 0.935039
vt 0.052338 0.545760
vt 0.085696 0.560513
vt 0.085696 0.704064
vt 0.052338 0.720174
vt 0.854636 0.823414
vt 0.870259 0.823280
vt 0.870259 0.858117
vt 0.854636 0.858252
vt 0.531879 0.797546
vt 0.534830 0.798511
vt 0.534830 0.859539
vt 0.951168 0.471479
vt 0.947544 0.471481
vt 0.947544 0.409643
vt 0.951168 0.409641
vt 0.942721 0.737772
vt 0.939331 0.737909
vt 0.939331 0.679681
vt 0.942721 0.678236
vt 0.965582 0.315323
vt 0.965582 0.254295
vt 0.968495 0.253327
vt 0.943795 0.365583
vt 0.943795 0.303745
vt 0.947419 0.303742
vt 0.947419 0.365580
vt 0.489228 0.869538
vt 0.489228 0.809694
vt 0.492600 0.810964
vt 0.492600 0.869493
vt 0.692587 0.498218
vt 0.708138 0.498140
vt 0.692587 0.534643
vt 0.856330 0.065872
vt 0.871899 0.209321
vt 0.856330 0.196552
vt 0.817621 0.036613
vt 0.802081 0.036646
vt 0.802081 0.000032
vt 0.431942 0.714623
vt 0.431942 0.583080
vt 0.714641 0.498218
vt 0.730193 0.498140
vt 0.714641 0.534643
vt 0.864286 0.437852
vt 0.879855 0.581301
vt 0.864286 0.568532
vt 0.795583 0.036613
vt 0.780043 0.036646
vt 0.780043 0.000032
vt 0.738640 0.666199
vt 0.239501 0.436056
vt 0.243293 0.424175
vt 0.888579 0.313653
vt 0.888714 0.289208
vt 0.899262 0.288599
vt 0.894833 0.316999
vt 0.328768 0.198132
vt 0.326504 0.190712
vt 0.330543 0.191993
vt 0.909632 0.685130
vt 0.911467 0.707633
vt 0.388983 0.952258
vt 0.380040 0.952484
vt 0.381084 0.934246
vt 0.899262 0.245326
vt 0.888579 0.221835
vt 0.894833 0.217768
vt 0.708138 0.534565
vt 0.856330 0.053101
vt 0.871899 0.053098
vt 0.864286 0.569284
vt 0.864286 0.582123
vt 0.848733 0.582159
vt 0.848733 0.425114
vt 0.864286 0.437916
vt 0.817621 -0.000000
vt 0.395330 0.583081
vt 0.730193 0.534565
vt 0.864286 0.425080
vt 0.879855 0.425078
vt 0.870259 0.810406
vt 0.870259 0.823244
vt 0.854706 0.823280
vt 0.854706 0.666235
vt 0.870259 0.679038
vt 0.795583 -0.000000
vt 0.702028 0.534656
vt 0.538596 0.370885
vt 0.538596 0.535867
vt 0.440855 0.465958
vt 0.896661 0.545246
vt 0.879855 0.436990
vt 0.440855 0.477819
vt 0.322525 0.456489
vt 0.440855 0.341525
vt 0.375659 0.331640
vt 0.383888 0.287174
vt 0.437405 0.291537
vt 0.196221 0.798259
vt 0.175962 0.806041
vt 0.172268 0.762408
vt 0.137337 0.803794
vt 0.117334 0.806578
vt 0.117408 0.763202
vt 0.137037 0.763141
vt 0.686162 0.498140
vt 0.686083 0.449730
vt 0.702175 0.495703
vt 0.583098 0.861349
vt 0.603712 0.856990
vt 0.599766 0.882697
vt 0.330550 0.182357
vt 0.375659 0.172726
vt 0.383888 0.217211
vt 0.335562 0.252357
vt 0.334655 0.221509
vt 0.196221 0.658433
vt 0.193914 0.697521
vt 0.172268 0.693903
vt 0.783091 0.086484
vt 0.782339 0.039270
vt 0.803630 0.049166
vt 0.196514 0.795369
vt 0.196820 0.754496
vt 0.216583 0.755999
vt 0.216649 0.799599
vt 0.661526 0.666447
vt 0.645442 0.663224
vt 0.661619 0.617947
vt 0.615236 0.887073
vt 0.611173 0.861752
vt 0.632245 0.865387
vt 0.712522 0.437506
vt 0.712558 0.478822
vt 0.732454 0.436165
vt 0.635017 0.645804
vt 0.635065 0.604416
vt 0.614998 0.601601
vt 0.898280 0.190373
vt 0.897959 0.199017
vt 0.887834 0.199337
vt 0.887834 0.183921
vt 0.943795 0.364627
vt 0.933682 0.365280
vt 0.933904 0.347186
vt 0.943795 0.345499
vt 0.883952 0.940483
vt 0.874947 0.942672
vt 0.874910 0.930440
vt 0.385339 0.797884
vt 0.385339 0.783605
vt 0.394312 0.784147
vt 0.795628 0.524045
vt 0.802089 0.534400
vt 0.787668 0.534533
vt 0.787668 0.524424
vt 0.823750 0.921914
vt 0.823527 0.902949
vt 0.833641 0.903591
vt 0.833641 0.923664
vt 0.909029 0.927243
vt 0.908979 0.940135
vt 0.899975 0.937769
vt 0.918720 0.591950
vt 0.909746 0.592223
vt 0.909746 0.578644
vt 0.236814 0.810151
vt 0.230039 0.818429
vt 0.228405 0.815456
vt 0.648459 0.150568
vt 0.659734 0.147772
vt 0.650965 0.154916
vt 0.654896 0.158029
vt 0.659865 0.158755
vt 0.210351 0.825642
vt 0.209057 0.830520
vt 0.204152 0.826109
vt 0.231575 0.830510
vt 0.230639 0.825551
vt 0.237119 0.827350
vt 0.035004 0.926579
vt 0.035006 0.932079
vt 0.027048 0.934089
vt 0.027046 0.929287
vt 0.027048 0.954151
vt 0.027049 0.947161
vt 0.035007 0.947048
vt 0.935353 0.675106
vt 0.934701 0.669411
vt 0.942907 0.667489
vt 0.942416 0.654264
vt 0.942542 0.661218
vt 0.934282 0.662231
vt 0.934138 0.654267
vt 0.934282 0.646301
vt 0.942542 0.647307
vt 0.578248 0.944508
vt 0.578238 0.950532
vt 0.570311 0.952670
vt 0.570324 0.945772
vt 0.570311 0.937921
vt 0.578238 0.937652
vt 0.155012 0.948579
vt 0.155012 0.941145
vt 0.162937 0.942895
vt 0.162937 0.949388
vt 0.283563 0.910783
vt 0.283563 0.902779
vt 0.304163 0.902892
vt 0.304163 0.909882
vt 0.400734 0.894399
vt 0.400984 0.899845
vt 0.380259 0.901662
vt 0.380040 0.896907
vt 0.401116 0.906861
vt 0.380373 0.907789
vt 0.401116 0.914763
vt 0.400984 0.922775
vt 0.380259 0.921686
vt 0.380040 0.928095
vt 0.442906 0.941593
vt 0.436008 0.941635
vt 0.437877 0.920990
vt 0.322777 0.897493
vt 0.323256 0.892497
vt 0.343451 0.889494
vt 0.682057 0.032240
vt 0.682057 0.040772
vt 0.676551 0.041634
vt 0.764656 0.348175
vt 0.764656 0.336377
vt 0.785910 0.336332
vt 0.785910 0.348130
vt 0.133697 0.912144
vt 0.133734 0.900068
vt 0.154988 0.900148
vt 0.154952 0.912224
vt 0.514358 0.904995
vt 0.514356 0.916891
vt 0.493101 0.916885
vt 0.493103 0.904990
vt 0.809461 0.915588
vt 0.809463 0.927616
vt 0.788207 0.927621
vt 0.788205 0.915592
vt 0.908200 0.210883
vt 0.929312 0.210504
vt 0.929746 0.222465
vt 0.963540 0.919799
vt 0.963538 0.908455
vt 0.966446 0.908518
vt 0.383174 0.631900
vt 0.388132 0.634416
vt 0.382115 0.642722
vt 0.385805 0.623784
vt 0.391295 0.624657
vt 0.391295 0.614401
vt 0.385805 0.615254
vt 0.383174 0.607145
vt 0.378170 0.600252
vt 0.382115 0.596365
vt 0.388132 0.604653
vt 0.756844 0.871475
vt 0.778071 0.871524
vt 0.777786 0.882556
vt 0.756559 0.882507
vt 0.907375 0.200107
vt 0.928488 0.199728
vt 0.364090 0.874212
vt 0.358521 0.883909
vt 0.342640 0.868666
vt 0.348876 0.889494
vt 0.337739 0.889471
vt 0.328094 0.883846
vt 0.322525 0.874126
vt 0.322525 0.862916
vt 0.811975 0.185611
vt 0.816880 0.181190
vt 0.818174 0.186067
vt 0.835194 0.172393
vt 0.837862 0.169099
vt 0.841136 0.170064
vt 0.821556 0.165574
vt 0.821155 0.172251
vt 0.818584 0.168905
vt 0.788205 0.658012
vt 0.799481 0.655217
vt 0.790712 0.662360
vt 0.812708 0.181195
vt 0.830759 0.170040
vt 0.836228 0.166126
vt 0.042964 0.926579
vt 0.042967 0.932079
vt 0.035009 0.934089
vt 0.035007 0.929287
vt 0.035010 0.947161
vt 0.035010 0.940248
vt 0.042968 0.939132
vt 0.834856 0.944104
vt 0.834204 0.938410
vt 0.842411 0.936487
vt 0.842980 0.941460
vt 0.570311 0.944508
vt 0.570301 0.950532
vt 0.562375 0.952669
vt 0.934467 0.949779
vt 0.934491 0.941742
vt 0.942415 0.942551
vt 0.884142 0.948758
vt 0.884207 0.940744
vt 0.891984 0.940908
vt 0.890953 0.890113
vt 0.891203 0.895558
vt 0.870477 0.897375
vt 0.870592 0.903503
vt 0.710924 0.920364
vt 0.710924 0.927799
vt 0.690293 0.928500
vt 0.690293 0.922008
vt 0.318947 0.942586
vt 0.311096 0.942661
vt 0.312091 0.922021
vt 0.318947 0.921956
vt 0.282723 0.900728
vt 0.282723 0.908696
vt 0.262634 0.909052
vt 0.262634 0.902094
vt 0.100597 0.682895
vt 0.100597 0.691427
vt 0.095091 0.692289
vt 0.902983 0.024419
vt 0.902983 0.012621
vt 0.924238 0.012577
vt 0.924238 0.024375
vt 0.196514 0.911579
vt 0.196550 0.899503
vt 0.217805 0.899583
vt 0.217768 0.911659
vt 0.021325 0.892122
vt 0.021227 0.904164
vt 0.000000 0.904115
vt 0.158594 0.827025
vt 0.158592 0.838921
vt 0.137337 0.838916
vt 0.137339 0.827020
vt 0.683908 0.918858
vt 0.683910 0.930886
vt 0.662654 0.930890
vt 0.662652 0.918862
vt 0.712918 0.881994
vt 0.734030 0.881615
vt 0.734464 0.893576
vt 0.965269 0.730295
vt 0.965266 0.720188
vt 0.968174 0.720802
vt 0.569933 0.621205
vt 0.570741 0.626632
vt 0.562644 0.629280
vt 0.550752 0.641214
vt 0.545900 0.638737
vt 0.551917 0.630430
vt 0.580170 0.685940
vt 0.579255 0.680475
vt 0.587353 0.677827
vt 0.604203 0.668408
vt 0.599245 0.665893
vt 0.601876 0.657776
vt 0.607366 0.658650
vt 0.604203 0.638645
vt 0.599245 0.641138
vt 0.594241 0.634245
vt 0.587353 0.629242
vt 0.589905 0.624343
vt 0.598186 0.630358
vt 0.579255 0.626618
vt 0.580170 0.621189
vt 0.000098 0.892073
vt 0.000383 0.881041
vt 0.712093 0.871217
vt 0.733206 0.870838
vt 0.304199 0.861317
vt 0.304199 0.872528
vt 0.282749 0.866982
vt 0.288985 0.887810
vt 0.277847 0.887787
vt 0.393261 0.815622
vt 0.395913 0.821789
vt 0.392013 0.819922
vt 0.389438 0.829902
vt 0.395913 0.831707
vt 0.392013 0.833557
vt 0.606479 0.140044
vt 0.614848 0.147535
vt 0.603965 0.144409
vt 0.603965 0.149451
vt 0.605815 0.154145
vt 0.399195 0.817957
vt 0.283563 0.938960
vt 0.283562 0.931043
vt 0.291517 0.932161
vt 0.291515 0.926001
vt 0.428685 0.852385
vt 0.428935 0.857830
vt 0.420836 0.859780
vt 0.420951 0.865908
vt 0.428935 0.880760
vt 0.428685 0.888100
vt 0.420618 0.886214
vt 0.364111 0.939277
vt 0.364090 0.933945
vt 0.372074 0.931480
vt 0.041616 0.798418
vt 0.041606 0.791562
vt 0.049592 0.791773
vt 0.954036 0.682752
vt 0.953747 0.689949
vt 0.946218 0.691090
vt 0.946218 0.698048
vt 0.538785 0.918523
vt 0.559032 0.913591
vt 0.170984 0.897742
vt 0.170983 0.891583
vt 0.191585 0.889572
vt 0.191587 0.896625
vt 0.191587 0.904541
vt 0.170985 0.904655
vt 0.436297 0.913716
vt 0.436008 0.905756
vt 0.456844 0.905378
vt 0.457096 0.912328
vt 0.771208 0.937811
vt 0.764311 0.937693
vt 0.763317 0.917107
vt 0.769339 0.917210
vt 0.562375 0.937652
vt 0.562399 0.929616
vt 0.582968 0.930472
vt 0.582947 0.937490
vt 0.562644 0.604904
vt 0.570741 0.607527
vt 0.569933 0.612995
vt 0.560198 0.609841
vt 0.551917 0.603826
vt 0.555756 0.599901
vt 0.545900 0.595538
vt 0.542737 0.585790
vt 0.548121 0.584899
vt 0.112407 0.900148
vt 0.112370 0.912224
vt 0.091116 0.912144
vt 0.091152 0.900068
vt 0.629168 0.913126
vt 0.629133 0.923491
vt 0.607879 0.923536
vt 0.607913 0.913171
vt 0.918598 0.638182
vt 0.917774 0.646779
vt 0.047859 0.933138
vt 0.047857 0.921109
vt 0.069113 0.921105
vt 0.069115 0.933133
vt 0.921279 0.310274
vt 0.921281 0.298379
vt 0.942536 0.298384
vt 0.942534 0.310280
vt 0.921300 0.911638
vt 0.900073 0.911589
vt 0.899975 0.899716
vt 0.264818 0.685799
vt 0.259500 0.684946
vt 0.259500 0.676413
vt 0.256882 0.668301
vt 0.261669 0.665787
vt 0.264818 0.675541
vt 0.245045 0.656392
vt 0.247438 0.651470
vt 0.255681 0.657493
vt 0.897486 0.638561
vt 0.897919 0.627746
vt 0.921585 0.922180
vt 0.900358 0.922131
vt 0.740057 0.835253
vt 0.749744 0.829637
vt 0.755731 0.850646
vt 0.760931 0.829624
vt 0.770618 0.835218
vt 0.776211 0.844920
vt 0.776211 0.856131
vt 0.844117 0.119696
vt 0.837595 0.120892
vt 0.840213 0.117525
vt 0.837227 0.114199
vt 0.832980 0.118875
vt 0.822488 0.114777
vt 0.820837 0.117758
vt 0.814122 0.109450
vt 0.814122 0.150174
vt 0.820837 0.141920
vt 0.822488 0.144888
vt 0.648090 0.150305
vt 0.637095 0.147535
vt 0.648459 0.145277
vt 0.832980 0.140790
vt 0.837595 0.138762
vt 0.837227 0.145428
vt 0.819269 0.129851
vt 0.820209 0.134808
vt 0.813735 0.133004
vt 0.458574 0.949733
vt 0.459123 0.956904
vt 0.451487 0.955117
vt 0.291518 0.960171
vt 0.291520 0.954273
vt 0.299475 0.952446
vt 0.299473 0.957597
vt 0.656742 0.916832
vt 0.656992 0.922277
vt 0.648893 0.924228
vt 0.648675 0.919473
vt 0.648675 0.950661
vt 0.648893 0.944252
vt 0.656992 0.945207
vt 0.525171 0.950531
vt 0.525181 0.944507
vt 0.533169 0.945713
vt 0.481341 0.912507
vt 0.481340 0.919816
vt 0.460737 0.917989
vt 0.460735 0.923140
vt 0.824119 0.012918
vt 0.824407 0.005721
vt 0.845207 0.007264
vt 0.779058 0.937693
vt 0.771208 0.937585
vt 0.771208 0.917013
vt 0.778063 0.917107
vt 0.516462 0.937651
vt 0.516486 0.929615
vt 0.537055 0.930471
vt 0.537034 0.937489
vt 0.583098 0.939936
vt 0.583287 0.932594
vt 0.603700 0.931772
vt 0.603534 0.938183
vt 0.969060 0.134226
vt 0.971783 0.135285
vt 0.972383 0.145574
vt 0.220562 0.583461
vt 0.213674 0.588485
vt 0.209835 0.584611
vt 0.237174 0.580799
vt 0.228660 0.580812
vt 0.227852 0.575386
vt 0.238088 0.575369
vt 0.257163 0.595318
vt 0.252159 0.588425
vt 0.256104 0.584538
vt 0.133697 0.900147
vt 0.133661 0.912224
vt 0.112407 0.912144
vt 0.112443 0.900067
vt 0.831639 0.653972
vt 0.831639 0.665770
vt 0.810385 0.665815
vt 0.810385 0.654017
vt 0.090370 0.921105
vt 0.090372 0.933133
vt 0.069116 0.933138
vt 0.233368 0.923810
vt 0.233369 0.911915
vt 0.254625 0.911920
vt 0.254623 0.923815
vt 0.042934 0.916037
vt 0.021708 0.915988
vt 0.021609 0.904115
vt 0.329649 0.707429
vt 0.334625 0.704926
vt 0.339606 0.711825
vt 0.921912 0.832916
vt 0.900800 0.833295
vt 0.899975 0.822518
vt 0.921088 0.822139
vt 0.043219 0.926579
vt 0.021992 0.926530
vt 0.005593 0.844820
vt 0.015281 0.839203
vt 0.021267 0.860213
vt 0.026467 0.839191
vt 0.036154 0.844785
vt 0.041747 0.854487
vt 0.041747 0.865698
vt 0.036154 0.875412
s 1
usemtl material_0.004
f 285/1/1 306/2/2 1/3/3
f 3/4/4 2/5/5 51/6/6
f 226/7/7 28/8/8 5/9/9
f 5/9/9 22/10/10 226/7/7
f 11/11/11 44/12/12 12/13/13
f 12/13/13 13/14/14 11/11/11
f 13/15/14 57/16/15 11/11/11
f 19/17/16 18/18/17 17/19/18
f 28/20/8 20/21/19 21/22/20
f 21/22/20 5/23/9 28/20/8
f 33/24/21 56/25/22 29/26/23
f 26/27/24 87/28/25 27/29/26
f 34/30/27 26/31/24 39/32/28
f 71/33/29 33/34/21 18/35/17
f 18/35/17 19/36/16 71/33/29
f 41/37/30 32/38/31 29/39/23
f 29/39/23 55/40/32 31/41/33
f 212/42/34 6/43/35 7/44/36
f 7/44/36 24/45/37 212/42/34
f 32/46/31 41/47/30 9/48/38
f 43/49/39 41/50/30 40/51/40
f 40/51/40 35/52/41 43/49/39
f 37/53/42 38/54/43 36/55/44
f 27/56/26 46/57/45 42/58/46
f 79/59/47 48/60/48 47/61/49
f 27/62/26 42/63/46 39/64/28
f 26/65/24 27/29/26 39/32/28
f 4/66/50 285/1/1 1/67/3
f 4/66/50 284/68/51 285/69/1
f 4/70/50 3/71/52 250/72/53
f 250/72/53 284/73/51 4/70/50
f 38/74/54 52/75/55 39/76/28
f 34/77/27 39/76/28 52/75/55
f 41/37/30 29/78/23 56/79/22
f 48/60/48 79/59/47 62/80/56
f 30/81/57 53/82/58 252/83/59
f 252/83/59 212/84/34 30/81/57
f 9/85/38 10/86/60 54/87/61
f 54/87/61 32/88/31 9/85/38
f 23/89/62 31/90/33 55/91/32
f 59/92/63 60/93/64 61/94/65
f 61/94/65 67/95/66 59/92/63
f 63/96/67 77/97/68 64/98/69
f 64/98/69 65/99/70 63/96/67
f 33/24/21 71/100/29 66/101/71
f 33/24/21 66/102/71 56/103/22
f 58/104/72 59/105/63 67/106/66
f 67/106/66 70/107/73 58/104/72
f 65/99/70 60/93/64 63/96/67
f 77/97/68 76/108/74 64/98/69
f 63/96/67 49/109/75 77/110/68
f 69/111/76 15/112/77 14/113/78
f 14/113/78 68/114/79 69/111/76
f 50/115/80 41/37/30 56/116/22
f 60/93/64 65/99/70 61/94/65
f 72/117/81 73/118/82 78/119/83
f 74/120/84 75/121/85 77/122/68
f 47/123/49 78/124/83 79/125/47
f 76/108/74 75/126/85 64/127/69
f 74/120/84 64/128/69 75/129/85
f 79/130/47 73/131/82 62/132/56
f 72/117/81 62/133/56 73/134/82
f 78/135/83 47/136/49 72/137/81
f 77/138/68 49/139/75 74/140/84
f 82/141/86 86/142/87 81/143/88
f 84/144/89 85/145/90 83/146/91
f 85/147/90 84/148/89 81/149/88
f 81/149/88 86/150/87 85/147/90
f 89/151/92 296/152/93 88/153/94
f 91/154/95 92/155/96 90/156/97
f 93/157/98 94/158/99 95/159/100
f 95/159/100 96/160/101 93/157/98
f 96/161/101 95/162/100 92/155/96
f 92/155/96 91/154/95 96/161/101
f 300/163/102 97/164/103 94/158/99
f 94/158/99 93/157/98 300/163/102
f 98/165/104 90/156/97 92/155/96
f 99/166/105 51/167/6 2/168/5
f 2/168/5 16/169/106 99/166/105
f 1/170/3 80/171/107 100/172/108
f 306/2/2 80/173/107 1/170/3
f 103/174/109 102/175/110 101/176/111
f 104/177/112 106/178/113 105/179/114
f 107/180/115 109/181/116 108/182/117
f 108/182/117 318/183/118 107/180/115
f 109/184/116 110/185/119 112/186/120
f 29/39/23 32/38/31 55/187/32
f 53/82/58 30/81/57 111/188/121
f 212/189/34 24/190/37 30/191/57
f 106/178/113 104/177/112 102/192/110
f 102/192/110 103/193/109 106/178/113
f 108/194/117 109/195/116 112/186/120
f 38/54/43 37/53/42 45/196/122
f 55/187/32 32/38/31 8/197/123
f 113/198/124 114/199/125 116/200/126
f 115/201/127 116/202/126 114/203/125
f 117/204/128 118/205/129 132/206/130
f 119/207/131 132/206/130 118/205/129
f 120/208/132 115/201/127 114/203/125
f 114/203/125 121/209/133 120/208/132
f 122/210/134 127/211/135 123/212/136
f 123/212/136 135/213/137 122/210/134
f 124/214/138 125/215/139 129/216/140
f 126/217/141 129/216/140 125/215/139
f 128/218/142 124/219/138 133/220/143
f 129/221/140 133/220/143 124/219/138
f 132/222/130 130/223/144 131/224/145
f 131/224/145 117/225/128 132/222/130
f 134/226/146 122/227/134 135/228/137
f 140/229/147 344/230/148 137/231/149
f 139/232/150 141/233/151 136/234/152
f 136/234/152 138/235/153 139/232/150
f 161/236/154 143/237/155 144/238/156
f 145/239/157 144/240/156 146/241/158
f 148/242/159 352/243/160 147/244/161
f 147/245/161 149/246/162 148/242/159
f 148/247/159 151/248/163 152/249/164
f 152/249/164 150/250/165 148/247/159
f 155/251/166 154/252/167 153/253/168
f 154/254/167 155/255/166 156/256/169
f 156/256/169 157/257/170 154/254/167
f 118/258/171 159/259/172 160/260/173
f 160/260/173 158/261/174 118/258/171
f 159/262/172 142/202/175 145/263/157
f 145/263/157 160/264/173 159/262/172
f 144/240/156 145/239/157 161/265/154
f 145/239/157 142/266/175 137/231/149
f 137/231/149 161/265/154 145/239/157
f 161/267/154 162/268/176 143/269/155
f 148/242/159 143/269/155 162/268/176
f 162/268/176 352/243/160 148/242/159
f 164/270/177 165/271/178 369/272/179
f 369/272/179 166/273/180 164/270/177
f 373/274/181 168/275/182 171/276/183
f 170/277/184 373/278/181 171/279/183
f 171/279/183 172/280/185 170/277/184
f 173/281/186 175/282/187 176/283/186
f 174/284/188 173/285/186 176/286/186
f 179/287/189 180/288/190 177/289/189
f 177/289/189 178/290/191 179/291/189
f 187/292/192 186/293/193 183/294/194
f 183/294/194 181/295/195 187/292/192
f 387/296/196 182/297/197 185/298/198
f 185/298/198 184/299/199 387/296/196
f 193/300/200 188/301/200 189/302/200
f 191/303/201 192/304/201 190/305/201
f 196/306/202 194/307/203 197/308/204
f 197/308/204 206/309/205 196/306/202
f 195/310/206 197/311/204 194/312/203
f 194/312/203 205/313/207 195/310/206
f 200/314/208 198/315/209 199/316/210
f 201/317/211 200/318/208 199/319/210
f 199/319/210 202/320/212 201/317/211
f 208/321/213 169/322/214 209/323/215
f 210/324/216 211/325/217 249/326/218
f 226/327/7 216/328/219 223/329/220
f 223/329/220 28/330/8 226/327/7
f 212/331/34 228/332/221 6/333/35
f 257/334/222 215/335/223 243/336/224
f 243/336/224 244/337/225 257/334/222
f 257/334/222 258/338/226 215/339/223
f 220/340/227 221/341/228 222/342/229
f 224/343/230 20/344/19 28/345/8
f 28/345/8 223/346/220 224/343/230
f 225/347/231 233/348/232 267/349/233
f 229/350/234 25/351/235 80/352/107
f 80/352/107 306/353/2 229/350/234
f 293/354/236 219/355/237 231/356/238
f 230/357/239 231/358/238 234/359/240
f 232/360/241 222/361/229 221/362/228
f 221/362/228 225/363/231 232/360/241
f 233/364/232 239/365/242 241/366/243
f 227/367/244 255/368/245 233/364/232
f 240/369/246 241/370/243 239/371/242
f 235/372/247 242/373/248 585/374/249
f 585/374/249 241/375/243 235/372/247
f 236/376/250 237/377/251 238/378/252
f 246/379/253 247/380/254 293/381/236
f 279/382/255 272/383/256 278/384/257
f 230/385/239 246/386/253 293/387/236
f 230/357/239 293/354/236 231/388/238
f 284/389/51 250/390/53 249/391/258
f 238/392/259 230/393/239 251/394/260
f 251/394/260 230/393/239 234/395/240
f 267/396/233 233/397/232 241/366/243
f 274/398/261 278/384/257 272/383/256
f 228/399/221 212/400/34 252/401/59
f 253/402/262 214/403/263 240/404/246
f 240/404/246 239/405/242 253/402/262
f 255/406/245 227/407/244 254/408/264
f 585/409/249 273/410/265 241/411/243
f 268/412/266 265/413/267 261/414/268
f 261/414/268 262/415/269 268/412/266
f 263/416/270 264/417/271 275/418/272
f 275/418/272 277/419/273 263/416/270
f 266/420/274 232/421/241 225/347/231
f 267/422/233 266/423/274 225/347/231
f 260/424/275 259/425/276 265/426/267
f 265/426/267 268/427/266 260/424/275
f 264/417/271 263/416/270 262/415/269
f 277/419/273 275/418/272 270/428/277
f 277/429/273 248/430/278 263/416/270
f 271/431/279 269/432/280 218/433/279
f 218/433/279 217/434/281 271/431/279
f 273/410/265 267/435/233 241/366/243
f 262/415/269 261/414/268 264/417/271
f 276/436/282 282/437/283 280/438/284
f 277/439/273 281/440/285 283/441/286
f 278/442/257 276/443/282 279/444/255
f 275/445/272 281/446/285 270/428/277
f 281/447/285 275/448/272 283/441/286
f 274/449/261 282/450/283 278/451/257
f 282/452/283 274/453/261 280/438/284
f 280/454/284 279/455/255 276/456/282
f 283/457/286 248/458/278 277/459/273
f 286/460/287 229/350/234 306/353/2
f 291/461/288 292/462/289 287/463/290
f 288/464/291 290/465/292 289/466/293
f 290/467/292 292/468/289 291/469/288
f 291/469/288 289/470/293 290/467/292
f 295/471/294 586/472/295 294/473/296
f 295/474/294 296/475/93 586/476/295
f 298/477/297 299/478/298 303/479/299
f 300/480/102 301/481/300 302/482/301
f 302/482/301 97/483/103 300/480/102
f 301/484/300 303/479/299 299/478/298
f 299/478/298 302/485/301 301/484/300
f 297/486/302 299/478/298 298/477/297
f 211/487/217 210/488/216 304/489/303
f 304/489/303 256/490/304 211/487/217
f 307/491/305 309/492/306 308/493/307
f 310/494/308 311/495/309 312/496/310
f 107/497/115 318/498/118 319/499/311
f 319/499/311 313/500/312 107/497/115
f 315/501/313 314/502/314 313/503/312
f 255/504/245 239/365/242 233/364/232
f 228/505/221 316/506/315 317/507/316
f 252/508/59 316/509/315 228/399/221
f 309/510/306 310/494/308 312/496/310
f 312/496/310 308/511/307 309/510/306
f 315/501/313 313/512/312 319/513/311
f 238/378/252 245/514/317 236/376/250
f 255/504/245 213/515/318 239/365/242
f 320/516/319 321/517/320 323/518/321
f 322/519/322 321/520/320 320/521/319
f 325/522/323 324/523/324 338/524/325
f 326/525/326 324/523/324 325/522/323
f 341/526/327 327/527/328 321/520/320
f 321/520/320 322/519/322 341/526/327
f 328/528/329 329/529/330 334/530/331
f 334/530/331 333/531/332 328/528/329
f 331/532/333 330/533/334 336/534/335
f 332/535/336 330/533/334 331/532/333
f 335/536/337 336/537/335 337/538/338
f 331/539/333 336/537/335 335/536/337
f 325/540/323 338/541/325 339/542/339
f 339/542/339 340/543/144 325/540/323
f 342/544/340 329/545/330 328/546/329
f 344/547/148 343/548/341 137/549/149
f 347/550/342 343/548/341 344/547/148
f 346/551/343 345/552/344 343/553/341
f 343/553/341 348/554/345 346/551/343
f 351/555/346 364/556/347 161/557/154
f 349/558/348 351/559/346 350/560/349
f 352/561/160 354/562/350 355/563/351
f 355/563/351 353/564/352 352/561/160
f 356/565/353 358/566/354 357/567/355
f 359/568/356 357/569/355 358/570/354
f 358/570/354 360/571/357 359/568/356
f 324/572/358 361/573/359 363/574/360
f 363/574/360 362/575/361 324/572/358
f 362/576/361 363/577/360 350/578/349
f 350/578/349 339/579/362 362/576/361
f 351/559/346 161/580/154 350/560/349
f 350/560/349 161/580/154 343/548/341
f 343/548/341 339/581/362 350/560/349
f 364/582/347 162/268/176 161/583/154
f 162/268/176 364/582/347 352/584/160
f 137/549/149 343/548/341 161/580/154
f 365/585/363 367/586/364 366/587/364
f 163/588/365 366/587/364 367/586/364
f 369/589/179 370/590/366 368/591/367
f 369/589/179 368/592/367 166/593/180
f 168/594/182 377/595/368 376/596/369
f 381/597/370 379/598/371 378/599/370
f 383/600/372 385/601/372 382/602/373
f 383/603/372 384/604/374 385/601/372
f 386/605/375 388/606/376 389/607/375
f 389/607/375 391/608/377 386/605/375
f 387/609/196 392/610/378 390/611/379
f 390/611/379 182/612/197 387/609/196
f 394/613/380 395/614/380 393/615/380
f 396/616/381 397/617/381 398/618/381
f 409/619/382 410/620/383 399/621/384
f 399/621/384 401/622/385 409/619/382
f 401/623/385 399/624/384 408/625/386
f 408/625/386 400/626/387 401/623/385
f 402/627/388 403/628/389 404/629/390
f 402/630/388 404/631/390 405/632/391
f 405/632/391 406/633/392 402/630/388
f 295/474/294 88/634/94 296/635/93
f 207/636/393 372/637/394 371/638/395
f 371/638/395 167/639/396 207/636/393
f 208/321/213 209/640/215 375/641/397
f 375/641/397 374/642/398 208/321/213
f 411/643/399 412/644/400 415/645/401
f 415/645/401 413/646/402 411/643/399
f 415/647/401 416/648/403 417/649/404
f 417/649/404 413/650/402 415/647/401
f 420/651/405 454/652/406 418/653/407
f 418/653/407 419/654/408 420/651/405
f 422/655/409 423/656/409 421/657/410
f 455/658/411 426/659/412 427/660/411
f 427/660/411 428/661/413 455/658/411
f 429/662/414 430/663/415 431/664/416
f 432/665/417 433/666/418 430/667/415
f 430/667/415 429/668/414 432/665/417
f 434/669/419 435/670/420 433/671/418
f 433/671/418 436/672/421 434/669/419
f 433/673/418 437/674/422 438/675/423
f 438/675/423 430/676/415 433/673/418
f 435/677/420 439/678/424 437/679/422
f 437/679/422 433/680/418 435/677/420
f 440/681/425 441/682/426 442/683/425
f 442/684/425 441/685/426 443/686/427
f 444/687/428 445/688/429 446/689/430
f 447/690/431 441/691/426 425/692/432
f 446/693/430 445/694/429 421/695/433
f 421/696/433 445/697/429 448/698/434
f 448/698/434 449/699/435 421/696/433
f 450/700/436 451/701/437 441/702/426
f 441/702/426 447/703/431 450/700/436
f 452/704/438 424/705/438 453/706/438
f 449/707/435 414/708/439 456/709/439
f 457/710/440 458/711/441 459/712/442
f 459/713/442 460/714/443 457/715/440
f 461/716/444 457/717/440 460/718/443
f 475/719/445 462/720/445 463/721/446
f 463/721/446 464/722/447 475/719/445
f 465/723/448 476/724/449 477/725/449
f 477/725/449 466/726/450 465/723/448
f 463/727/451 467/728/452 468/729/452
f 468/729/452 465/730/453 463/727/451
f 469/731/454 470/732/454 471/733/454
f 471/733/454 472/734/454 469/731/454
f 473/735/455 464/736/456 466/737/457
f 466/737/457 474/738/455 473/735/455
f 478/739/458 484/740/445 479/741/459
f 479/741/459 480/742/446 478/739/458
f 481/743/455 478/744/460 482/745/457
f 482/745/457 483/746/455 481/743/455
f 485/747/454 486/748/454 487/749/454
f 487/749/454 488/750/454 485/747/454
f 492/751/461 491/752/462 521/753/463
f 521/753/463 493/754/464 492/751/461
f 495/755/465 496/756/466 494/757/466
f 500/758/467 523/759/468 501/760/467
f 501/760/467 502/761/469 500/758/467
f 503/762/470 504/763/471 505/764/472
f 506/765/473 503/766/470 505/767/472
f 505/767/472 507/768/474 506/765/473
f 508/769/475 509/770/476 507/771/474
f 507/771/474 510/772/477 508/769/475
f 507/773/474 505/774/472 511/775/423
f 511/775/423 437/776/422 507/773/474
f 510/777/477 507/778/474 437/779/422
f 437/779/422 439/780/424 510/777/477
f 512/781/478 513/782/478 441/783/426
f 513/784/478 514/785/479 441/786/426
f 515/787/480 516/788/430 445/789/429
f 517/790/481 499/791/482 441/792/426
f 516/793/430 495/794/483 445/795/429
f 495/796/483 518/797/484 448/798/434
f 448/798/434 445/799/429 495/796/483
f 514/800/479 515/801/480 445/802/429
f 441/803/426 451/778/437 519/804/485
f 519/804/485 517/805/481 441/803/426
f 497/806/486 498/807/486 520/808/486
f 518/809/484 524/810/487 522/811/487
f 525/812/447 538/813/445 539/814/445
f 539/814/445 526/722/446 525/812/447
f 540/815/449 527/816/449 528/817/488
f 528/817/488 529/818/489 540/815/449
f 525/819/456 528/820/490 530/821/455
f 530/821/455 531/822/455 525/819/456
f 532/823/454 533/824/454 534/825/454
f 534/825/454 535/826/454 532/823/454
f 536/827/452 537/828/452 529/829/491
f 529/829/491 526/830/451 536/827/452
f 541/831/492 490/832/449 489/833/449
f 489/833/449 482/834/450 541/831/492
f 542/835/452 543/836/452 541/837/493
f 541/837/493 480/838/451 542/835/452
f 545/839/494 549/840/495 544/841/496
f 546/842/497 548/843/498 547/844/499
f 547/844/499 545/845/500 546/842/497
f 548/846/498 544/847/496 549/848/495
f 549/848/495 547/849/499 548/846/498
f 555/850/501 550/851/502 551/852/503
f 552/853/504 551/854/505 554/855/506
f 554/855/506 553/856/507 552/853/504
f 553/857/507 554/858/506 550/859/502
f 550/859/502 555/860/501 553/857/507
f 556/861/508 558/862/509 557/863/508
f 564/864/510 558/865/511 559/866/512
f 562/867/513 566/868/514 567/869/515
f 569/870/516 560/667/517 564/871/510
f 570/872/508 572/873/509 571/874/508
f 578/875/510 572/876/511 573/877/512
f 576/878/513 580/879/514 581/880/515
f 583/881/516 574/793/517 578/263/510
f 40/882/40 41/883/30 50/115/80
f 584/884/518 587/885/519 204/886/520
f 203/887/521 584/884/518 204/886/520
f 286/888/287 306/889/2 305/890/522
f 377/891/368 168/275/182 373/892/181
f 380/893/523 381/894/370 378/895/370
f 204/896/520 587/897/519 407/898/524
f 558/862/509 588/899/525 557/863/508
f 564/864/510 568/900/526 567/901/527
f 564/864/510 567/901/527 558/865/511
f 560/902/517 561/903/528 588/904/529
f 560/902/517 588/904/529 566/905/514
f 565/906/530 560/902/517 566/905/514
f 567/869/515 563/907/513 562/867/513
f 560/667/517 589/908/516 564/871/510
f 572/873/509 590/909/525 571/874/508
f 578/875/510 582/910/526 581/911/527
f 578/875/510 581/911/527 572/876/511
f 574/912/517 575/913/528 590/914/529
f 574/912/517 590/914/529 580/915/514
f 579/916/530 574/912/517 580/915/514
f 581/880/515 577/917/513 576/878/513
f 574/793/517 591/918/516 578/263/510
f 441/919/426 445/920/429 443/921/427
f 443/481/427 445/922/429 592/923/531
f 593/924/532 445/925/429 441/926/426
f 596/927/533 594/928/534 595/929/535
f 598/930/536 599/931/537 597/932/538
f 602/933/539 603/934/540 600/935/541
f 600/935/541 601/936/542 602/933/539
f 605/937/543 607/938/544 606/939/545
f 609/940/546 610/941/546 608/942/546
f 612/943/547 611/944/548 594/945/534
f 596/946/533 612/947/547 594/945/534
f 613/948/549 598/949/536 597/950/538
f 597/951/538 614/952/550 613/953/549
f 617/954/551 616/955/552 615/956/553
f 615/956/553 618/957/554 617/954/551
f 620/958/555 626/959/556 621/960/557
f 622/961/558 623/962/558 624/963/558
f 607/938/544 604/964/559 606/965/545
f 627/966/560 606/965/545 604/964/559
f 626/967/556 619/968/561 621/960/557
f 625/969/562 619/968/561 626/967/556
f 628/970/563 630/971/564 631/972/565
f 631/972/565 629/973/566 628/970/563
f 632/974/567 633/975/568 634/976/569
f 634/976/569 635/977/570 632/974/567
f 638/978/571 636/979/571 637/980/571
f 640/981/572 641/982/572 639/983/572
f 648/984/573 642/985/574 643/986/575
f 643/986/575 647/987/576 648/984/573
f 644/988/577 645/989/578 646/990/579
f 646/990/579 649/991/580 644/988/577
f 651/992/581 650/993/581 652/994/581
f 653/995/582 655/996/582 654/997/582
f 661/998/583 660/999/584 662/1000/583
f 664/1001/585 667/1002/586 665/1003/586
f 665/1004/586 667/1002/586 666/1005/587
f 663/1006/588 657/1007/588 656/1008/588
f 658/1009/589 660/1010/590 659/1011/589
f 668/1012/591 670/1013/592 669/1014/593
f 669/1014/593 679/1015/594 668/1012/591
f 671/1016/595 669/1017/593 670/1018/592
f 670/1019/592 672/1020/596 671/1021/595
f 673/1022/597 671/1023/595 672/1024/596
f 672/1025/596 674/1026/598 673/1027/597
f 676/1028/599 673/1029/597 674/1030/598
f 674/1031/598 675/1032/600 676/1033/599
f 677/1034/601 668/1035/591 679/1036/594
f 679/1036/594 678/1037/602 677/1034/601
f 680/1038/603 682/1039/604 681/1040/605
f 681/1040/605 691/1041/606 680/1038/603
f 682/1042/604 683/1043/607 684/1044/608
f 684/1044/608 681/1045/605 682/1042/604
f 683/1043/607 685/1046/609 686/1047/610
f 686/1047/610 684/1044/608 683/1043/607
f 685/1048/609 688/1049/611 686/1050/610
f 687/1051/612 686/1050/610 688/1049/611
f 689/1052/613 680/1053/603 690/1054/614
f 691/1055/606 690/1056/614 680/1057/603
f 694/1058/615 693/1059/615 692/1060/615
f 695/1061/616 705/1062/617 696/1063/618
f 696/1063/618 697/1064/619 695/1061/616
f 698/1065/620 695/1066/616 697/1067/619
f 697/1067/619 699/1068/621 698/1065/620
f 702/1069/622 700/1070/623 701/1071/624
f 701/1071/624 703/1072/625 702/1069/622
f 704/1073/626 702/1074/622 703/1075/625
f 703/1075/625 706/1076/627 704/1073/626
f 705/1077/617 706/1078/627 696/1079/618
f 709/1080/628 708/1081/629 710/1082/630
f 712/1083/631 709/1084/628 707/1085/632
f 709/1084/628 712/1083/631 713/1086/633
f 713/1086/633 708/1087/629 709/1084/628
f 708/1088/629 713/1089/633 714/1090/634
f 714/1091/634 711/1092/635 708/1093/629
f 698/1094/620 699/1095/621 701/1096/624
f 701/1096/624 700/1097/623 698/1094/620
f 705/1077/617 704/1098/626 706/1099/627
f 717/1100/636 718/1101/637 715/1102/638
f 718/1103/637 719/1104/639 715/1102/638
f 719/1104/639 720/1105/640 715/1102/638
f 720/1106/640 716/1107/641 715/1102/638
f 723/1108/642 722/1109/643 724/1110/644
f 725/1111/645 727/1112/645 726/1113/646
f 728/1114/647 722/1115/643 721/1116/648
f 730/1117/649 729/1118/649 731/1119/649
f 723/1108/642 721/1120/648 722/1109/643
f 725/1111/645 728/1121/650 727/1122/645
f 732/1123/651 733/1124/652 734/1125/653
f 734/1125/653 741/1126/654 732/1123/651
f 735/1127/655 734/1128/653 733/1129/652
f 736/1130/656 738/1131/657 737/1132/658
f 737/1132/658 735/1133/659 736/1130/656
f 739/1134/660 737/1135/658 738/1136/657
f 740/1137/661 742/1138/662 741/1139/654
f 742/1140/662 732/1141/651 741/1142/654
f 744/1143/663 746/1144/664 743/1145/665
f 745/1146/666 743/1145/665 746/1144/664
f 746/1147/664 748/1148/667 747/1149/668
f 747/1149/668 745/1150/666 746/1147/664
f 749/1151/669 752/1152/670 751/1153/671
f 751/1153/671 750/1154/672 749/1151/669
f 752/1155/670 744/1156/663 743/1157/665
f 743/1157/665 751/1158/671 752/1155/670
f 754/1159/673 753/1160/673 755/1161/673
f 756/1162/616 766/1163/617 757/1164/618
f 757/1164/618 758/1165/674 756/1162/616
f 759/1166/675 756/1167/616 758/1168/674
f 758/1168/674 761/1169/676 759/1166/675
f 761/1170/676 762/1171/677 760/1172/678
f 763/1173/679 760/1174/678 762/1175/677
f 762/1175/677 764/1176/680 763/1173/679
f 765/1177/626 763/1178/679 764/1179/680
f 764/1179/680 767/1180/627 765/1177/626
f 766/1181/617 767/1182/627 757/1183/618
f 772/1184/681 769/1185/682 773/1186/683
f 770/1187/684 775/1188/685 776/1189/686
f 776/1190/686 771/1191/687 770/1192/684
f 772/1193/681 768/1194/688 777/1195/689
f 772/1196/681 777/1197/689 778/1198/690
f 778/1198/690 769/1199/682 772/1196/681
f 769/1200/682 778/1201/690 779/1202/691
f 779/1203/691 774/1204/692 769/1205/682
f 774/1204/692 779/1203/691 775/1206/685
f 775/1206/685 770/1207/684 774/1204/692
f 761/1170/676 760/1208/678 759/1209/675
f 766/1181/617 765/1210/626 767/1211/627
f 781/1212/693 782/1213/694 780/1214/694
f 782/1215/694 783/1216/695 780/1214/694
f 785/1217/696 788/1218/697 786/1219/698
f 786/1220/698 788/1221/697 787/1222/699
f 789/1223/700 792/1224/701 790/1225/701
f 790/1226/701 792/1224/701 791/1227/702
f 784/1228/703 788/1218/697 785/1217/696
f 794/1229/704 795/1230/705 793/1231/706
f 796/1232/707 793/1231/706 795/1230/705
f 795/1233/705 798/1234/708 796/1235/707
f 797/1236/709 796/1235/707 798/1234/708
f 798/1237/708 800/1238/710 797/1239/709
f 799/1240/711 797/1241/709 800/1242/710
f 801/1243/712 802/1244/713 803/1245/714
f 803/1246/714 794/1247/704 801/1248/712
f 793/1249/706 801/1248/712 794/1247/704
f 804/1250/715 805/525/716 814/1251/717
f 806/1252/718 814/1253/717 805/1254/716
f 805/1255/716 807/1256/719 806/1257/718
f 807/1258/719 809/1259/720 808/1260/721
f 808/1260/721 806/1261/718 807/1258/719
f 809/1262/720 811/1263/722 810/1264/723
f 810/1264/723 808/1265/721 809/1262/720
f 812/1266/724 804/1267/715 814/1268/717
f 814/1268/717 813/1269/725 812/1266/724
f 818/1270/726 819/1271/727 816/1272/728
f 816/1273/728 817/1274/729 818/1275/726
f 817/1276/729 815/1277/730 818/1278/726
f 820/1279/731 832/1280/732 821/1281/733
f 821/1281/733 822/1282/734 820/1279/731
f 825/1283/735 823/1284/736 824/1285/737
f 824/1285/737 827/1286/738 825/1283/735
f 826/1287/739 825/1288/735 827/734/738
f 829/1289/740 826/1290/739 828/1291/741
f 828/1291/741 830/1292/742 829/1289/740
f 831/1293/743 829/1294/740 830/1295/742
f 830/1295/742 833/1296/744 831/1293/743
f 832/1297/732 833/1298/744 821/1299/733
f 834/1300/745 837/1301/746 838/1302/747
f 838/1303/747 835/1304/748 834/1305/745
f 838/1306/747 836/1307/749 835/1308/748
f 826/1287/739 827/1309/738 828/1310/741
f 832/1297/732 831/1311/743 833/1312/744
f 840/1313/750 841/1314/751 839/1315/752
f 841/1316/751 842/1317/753 839/1315/752
f 842/1318/753 843/1319/754 839/1315/752
f 849/1320/755 846/1321/756 847/1322/756
f 847/1323/756 846/1321/756 848/1324/757
f 848/1325/757 851/1326/758 850/1327/759
f 854/1328/760 853/1329/761 855/1330/762
f 858/1331/763 857/1332/763 856/1333/763
f 855/1334/764 845/1335/765 844/1336/765
f 851/1337/766 853/1338/767 852/1339/768
f 859/1340/769 860/1341/770 869/1342/771
f 860/1343/770 862/1344/772 861/1345/773
f 861/1345/773 869/1346/771 860/1343/770
f 862/1347/772 864/1348/774 863/1349/775
f 863/1349/775 861/1350/773 862/1347/772
f 865/1351/776 864/1352/777 866/1353/776
f 869/1354/771 867/1355/778 859/1356/769
f 870/1357/779 872/1358/780 877/1359/781
f 871/1360/782 877/1359/781 872/1358/780
f 872/1361/780 873/1362/783 871/1363/782
f 873/1364/783 874/1365/784 868/1366/785
f 868/1366/785 871/1367/782 873/1364/783
f 874/1368/784 876/1369/786 875/1370/787
f 875/1370/787 868/1371/785 874/1368/784
f 876/1372/786 870/1373/779 877/1374/781
f 877/1374/781 875/1375/787 876/1372/786
f 881/1376/788 879/1377/789 878/1378/790
f 882/1379/791 880/1380/792 878/1381/790
f 883/1382/793 882/1383/791 878/1384/790
f 878/1384/790 879/1385/789 883/1382/793
f 884/1386/794 883/1387/793 879/1388/789
f 885/1389/795 894/1390/732 886/1391/733
f 886/1391/733 887/1392/796 885/1389/795
f 888/1393/797 885/1394/795 887/1395/796
f 887/1395/796 889/1396/798 888/1393/797
f 890/1397/799 891/1398/800 899/1399/801
f 892/1400/743 893/1401/802 891/1402/803
f 891/1402/803 895/1403/744 892/1400/743
f 894/1404/732 895/1405/744 886/1406/733
f 897/1407/804 896/1408/804 898/1409/804
f 888/1410/797 889/1411/798 890/1412/799
f 890/1412/799 899/1413/801 888/1410/797
f 894/1404/732 892/1414/743 895/1415/744
f 902/1416/805 903/1417/806 901/1418/807
f 903/1419/806 904/1420/808 901/1418/807
f 904/1420/808 905/1421/809 901/1418/807
f 905/1422/809 900/1423/810 901/1418/807
