####
#
# OBJ File Generated by Meshlab
#
####
# Object building6.obj
#
# Vertices: 404
# Faces: 1162
#
####
mtllib ./building6.obj.mtl

vn -0.7070296 0.0002477 -0.7071840
v -7.5531020 15.0531015 -7.5000000
vn -0.4468606 -0.0004685 -0.8946035
v -7.5531030 0.0531020 -7.5000000
vn -0.8943630 0.0000001 0.4473419
v -7.5511179 0.0531020 7.5028081
vn -0.7070379 -0.0000441 0.7071757
v -7.5511179 15.0531015 7.5028071
vn -0.7067813 0.0000000 -0.7074322
v -7.5531020 30.0531025 -7.5000000
vn -0.7070600 0.0000000 0.7071536
v -7.5511179 30.0531025 7.5028071
vn -0.7067813 0.0000000 -0.7074322
v -7.5531020 45.0531006 -7.5000000
vn -0.7070157 0.0000443 0.7071978
v -7.5511179 45.0531006 7.5028071
vn -0.7067813 0.0000000 -0.7074322
v -7.5531020 60.0531006 -7.5000000
vn -0.7070379 -0.0000441 0.7071757
v -7.5511179 60.0531006 7.5028071
vn -0.7067813 0.0000000 -0.7074322
v -7.5531020 75.0531006 -7.5000000
vn -0.7070157 0.0000443 0.7071978
v -7.5511179 75.0531006 7.5028071
vn -0.7067813 0.0000000 -0.7074322
v -7.5531020 90.0531006 -7.5000000
vn -0.7069935 0.0000000 0.7072200
v -7.5511179 90.0531006 7.5028071
vn -0.6664913 0.6668423 -0.3333328
v -7.5531020 105.0531006 -7.5000000
vn -0.4081790 0.4081795 0.8165656
v -7.5511179 105.0531006 7.5028071
vn 0.4467110 -0.0024487 0.8946750
v 7.3694558 0.0531020 7.5000000
vn 0.7079785 -0.0005540 0.7062338
v 7.4488821 15.0531015 7.5028062
vn 0.7082575 0.0005534 0.7059540
v 7.4488821 30.0531025 7.5028062
vn 0.7066597 0.0000000 0.7075537
v 7.3694549 45.0531006 7.5000000
vn 0.7072623 0.0000000 0.7069513
v 7.4488821 60.0531006 7.5028062
vn 0.7066829 0.0012913 0.7075292
v 7.3694549 75.0531006 7.5000000
vn 0.7060365 -0.0012902 0.7081743
v 7.3694549 90.0531006 7.5000000
vn 0.6674020 0.6655794 0.3340341
v 7.4488821 105.0531006 7.5028062
vn 0.7057262 0.0000000 -0.7084846
v 7.3694539 15.0531015 -7.5000000
vn 0.8941327 -0.0014334 -0.4477999
v 7.4165649 0.0531020 -7.4842401
vn 0.7072138 0.0007555 -0.7069994
v 7.4165649 30.0531025 -7.4842391
vn 0.7079622 -0.0012484 -0.7062493
v 7.4165649 45.0531006 -7.4842391
vn 0.7073380 0.0012471 -0.7068744
v 7.4165649 60.0531006 -7.4842391
vn 0.7085890 0.0000000 -0.7056214
v 7.4165649 75.0531006 -7.4842391
vn 0.7079622 -0.0012484 -0.7062493
v 7.4165649 90.0531006 -7.4842391
vn 0.4086700 0.4078123 -0.8165035
v 7.4165649 105.0531006 -7.4842391
vn 0.1584381 -0.8662167 -0.4738839
v 5.2317681 114.1239395 -6.3031721
vn -0.8934258 0.3582118 -0.2710624
v 5.8955169 113.4589691 -6.3031731
vn -0.6993261 -0.0028301 0.7147971
v 5.9538689 113.4247284 -6.2789588
vn 0.5133238 -0.4334906 0.7406650
v 5.2172942 114.1869507 -6.2834020
vn -0.4070104 0.2988818 -0.8631409
v 5.1777530 114.2264862 -6.3229432
vn 0.7110534 0.0079698 -0.7030929
v 6.0022950 113.4247284 -6.3273849
vn 0.7434631 0.6131446 -0.2670511
v 5.2317681 113.4589691 -6.3031721
vn 0.7147909 -0.0028303 0.6993325
v 5.2217369 113.4247284 -6.2789588
vn -0.7030938 0.0079698 -0.7110525
v 5.1733098 113.4247284 -6.3273849
vn 0.4739245 -0.8661882 0.1584728
v 5.9780822 114.1239395 -6.2689290
vn 0.2710583 0.3582244 -0.8934219
v 5.9780822 113.4589691 -5.6051779
vn -0.7147930 -0.0028334 -0.6993304
v 5.9538689 113.4247284 -5.5468268
vn -0.6696464 -0.6214446 0.4066697
v 5.9583111 114.1869507 -6.2834020
vn 0.7276385 0.6335689 -0.2629309
v 5.9978518 114.2264862 -6.3229432
vn 0.7030948 0.0079666 0.7110515
v 6.0022950 113.4247284 -5.4984012
vn 0.2670692 0.6131340 0.7434654
v 5.9780822 113.4589691 -6.2689290
vn -0.1584600 -0.8662006 0.4739061
v 5.9438381 114.1239395 -5.5226140
vn 0.8934294 0.3582171 0.2710435
v 5.2800879 113.4589691 -5.5226140
vn 0.6993319 -0.0028332 -0.7147915
v 5.2217369 113.4247284 -5.5468268
vn -0.5133252 -0.4334955 -0.7406612
v 5.9583120 114.1869507 -5.5423851
vn 0.4070071 0.2988831 0.8631420
v 5.9978518 114.2264862 -5.5028439
vn -0.7110505 0.0079645 0.7030959
v 5.1733112 113.4247284 -5.4984012
vn -0.7434651 0.6131424 0.2670509
v 5.9438381 113.4589691 -5.5226140
vn -0.4739077 -0.8661984 -0.1584673
v 5.1975241 114.1239395 -5.5568581
vn -0.2710176 0.3582043 0.8934423
v 5.1975241 113.4589691 -6.2206082
vn 0.6696487 -0.6214450 -0.4066655
v 5.2172952 114.1869507 -5.5423851
vn -0.7276415 0.6335667 0.2629280
v 5.1777530 114.2264862 -5.5028439
vn -0.2670471 0.6131459 -0.7434636
v 5.1975241 113.4589691 -5.5568581
vn -0.3552280 -0.3451437 -0.8687284
v 5.9438381 105.6048508 -5.6052861
vn 0.6965704 -0.4096251 0.5890646
v 5.2801952 105.6048508 -6.2689290
vn 0.6696473 0.6214426 0.4066714
v 5.2172942 105.6246185 -6.2834020
vn -0.6696504 0.6214427 -0.4066661
v 5.9583120 105.6246185 -5.5423851
vn 0.7276371 -0.6335709 0.2629299
v 5.9978518 105.5850830 -5.5028439
vn -0.7276422 -0.6335667 -0.2629260
v 5.1777530 105.5850830 -6.3229432
vn -0.7317088 -0.3906434 0.5585697
v 5.9438381 105.6048508 -6.2689290
vn -0.5133305 0.4334923 0.7406594
v 5.9583111 105.6246185 -6.2834020
vn 0.4070063 -0.2988818 -0.8631428
v 5.9978518 105.5850830 -6.3229432
vn -0.3552380 0.3451605 0.8687176
v 5.9438381 114.2067184 -6.2205009
vn 0.6965727 0.4096272 -0.5890603
v 5.2801952 114.2067184 -5.5568581
vn -0.7317091 0.3906439 -0.5585689
v 5.9438381 114.2067184 -5.5568581
vn -0.2175839 -0.9267207 -0.3063432
v 5.1975241 106.3040619 -5.5568581
vn -0.2147328 0.4360072 0.8739494
v 5.1975241 105.6390991 -6.2206082
vn 0.7147927 0.0028318 -0.6993307
v 5.2217369 106.3868408 -5.5468268
vn -0.7030922 -0.0079710 0.7110541
v 5.1733112 106.3868408 -5.4984012
vn -0.4415141 0.5220487 -0.7297469
v 5.1975241 105.6390991 -5.5568581
vn 0.5133283 0.4334916 -0.7406613
v 5.2172952 105.6246185 -5.5423851
vn -0.4070110 -0.2988806 0.8631410
v 5.1777530 105.5850830 -5.5028439
vn -0.3600336 -0.9232808 -0.1338965
v 5.1975241 107.0860519 -5.5568581
vn -0.0522131 0.1698141 0.9840919
v 5.1975241 106.4210815 -6.2206082
vn 0.6993227 0.0028330 0.7148005
v 5.2217369 106.3868408 -6.2789588
vn 0.7070973 0.0000259 -0.7071162
v 5.2217369 107.1688309 -5.5468268
vn -0.7071172 0.0000315 0.7070964
v 5.1733112 107.1688309 -5.4984012
vn -0.7110546 -0.0079683 -0.7030916
v 5.1733098 106.3868408 -6.3273849
vn -0.3263122 0.5797890 -0.7465689
v 5.1975241 106.4210815 -5.5568581
vn -0.3600436 -0.9232761 -0.1339032
v 5.1975241 107.8680344 -5.5568581
vn -0.0522265 0.1698091 0.9840921
v 5.1975241 107.2030716 -6.2206082
vn 0.7071117 0.0000279 0.7071019
v 5.2217369 107.1688309 -6.2789588
vn 0.7071148 -0.0000229 -0.7070987
v 5.2217369 107.9508133 -5.5468268
vn -0.7071019 -0.0000322 0.7071117
v 5.1733112 107.9508133 -5.4984012
vn -0.7070956 0.0000356 -0.7071179
v 5.1733098 107.1688309 -6.3273849
vn -0.3263122 0.5797890 -0.7465689
v 5.1975241 107.2030716 -5.5568581
vn -0.3601004 -0.9232609 -0.1338549
v 5.1975241 108.6500244 -5.5568581
vn -0.0522537 0.1695748 0.9841310
v 5.1975241 107.9850616 -6.2206082
vn 0.7070941 -0.0000209 0.7071195
v 5.2217369 107.9508133 -6.2789588
vn 0.7071069 -0.0000002 -0.7071066
v 5.2217369 108.7328033 -5.5468268
vn -0.7071044 -0.0000036 0.7071092
v 5.1733112 108.7328033 -5.4984012
vn -0.7071109 -0.0000280 -0.7071027
v 5.1733098 107.9508133 -6.3273849
vn -0.3263467 0.5797281 -0.7466012
v 5.1975241 107.9850616 -5.5568581
vn -0.3600336 -0.9232808 -0.1338965
v 5.1975241 109.4320145 -5.5568581
vn -0.0522131 0.1698141 0.9840919
v 5.1975241 108.7670441 -6.2206082
vn 0.7071020 0.0000018 0.7071115
v 5.2217369 108.7328033 -6.2789588
vn 0.7070976 0.0000239 -0.7071159
v 5.2217369 109.5147934 -5.5468268
vn -0.7071068 0.0000250 0.7071067
v 5.1733112 109.5147934 -5.4984012
vn -0.7071084 0.0000006 -0.7071052
v 5.1733098 108.7328033 -6.3273849
vn -0.3263122 0.5797890 -0.7465689
v 5.1975241 108.7670441 -5.5568581
vn -0.3600436 -0.9232761 -0.1339032
v 5.1975241 110.2139969 -5.5568581
vn -0.0522265 0.1698091 0.9840921
v 5.1975241 109.5490341 -6.2206082
vn 0.7071114 0.0000259 0.7071022
v 5.2217369 109.5147934 -6.2789588
vn 0.7071162 -0.0000243 -0.7070974
v 5.2217369 110.2967758 -5.5468268
vn -0.7071019 -0.0000322 0.7071117
v 5.1733112 110.2967758 -5.4984012
vn -0.7071059 0.0000292 -0.7071076
v 5.1733098 109.5147934 -6.3273849
vn -0.3263122 0.5797890 -0.7465689
v 5.1975241 109.5490341 -5.5568581
vn -0.3601004 -0.9232609 -0.1338549
v 5.1975241 110.9959869 -5.5568581
vn -0.0522537 0.1695748 0.9841310
v 5.1975241 110.3310242 -6.2206082
vn 0.7070927 -0.0000223 0.7071209
v 5.2217369 110.2967758 -6.2789588
vn 0.7071069 -0.0000002 -0.7071066
v 5.2217369 111.0787659 -5.5468268
vn -0.7071044 -0.0000036 0.7071092
v 5.1733112 111.0787659 -5.4984012
vn -0.7071109 -0.0000280 -0.7071027
v 5.1733098 110.2967758 -6.3273849
vn -0.3263467 0.5797281 -0.7466012
v 5.1975241 110.3310242 -5.5568581
vn -0.3600336 -0.9232808 -0.1338965
v 5.1975241 111.7779770 -5.5568581
vn -0.0522131 0.1698141 0.9840919
v 5.1975241 111.1130066 -6.2206082
vn 0.7071020 0.0000018 0.7071115
v 5.2217369 111.0787659 -6.2789588
vn 0.7070990 0.0000226 -0.7071145
v 5.2217369 111.8607559 -5.5468268
vn -0.7071068 0.0000250 0.7071067
v 5.1733112 111.8607559 -5.4984012
vn -0.7071084 0.0000006 -0.7071052
v 5.1733098 111.0787659 -6.3273849
vn -0.3263122 0.5797890 -0.7465689
v 5.1975241 111.1130066 -5.5568581
vn -0.3599606 -0.9233176 -0.1338401
v 5.1975241 112.5599670 -5.5568581
vn -0.0521287 0.1697656 0.9841048
v 5.1975241 111.8949966 -6.2206082
vn 0.7071100 0.0000246 0.7071036
v 5.2217369 111.8607559 -6.2789588
vn 0.7071165 -0.0000262 -0.7070971
v 5.2217369 112.6427383 -5.5468268
vn -0.7070916 -0.0000386 0.7071220
v 5.1733112 112.6427383 -5.4984012
vn -0.7071059 0.0000292 -0.7071076
v 5.1733098 111.8607559 -6.3273849
vn -0.3263122 0.5797890 -0.7465689
v 5.1975241 111.8949966 -5.5568581
vn -0.3601004 -0.9232609 -0.1338549
v 5.1975241 113.3419495 -5.5568581
vn -0.0522537 0.1695748 0.9841310
v 5.1975241 112.6769867 -6.2206082
vn 0.7070924 -0.0000242 0.7071213
v 5.2217369 112.6427383 -6.2789588
vn -0.7071213 -0.0000344 -0.7070923
v 5.1733098 112.6427383 -6.3273849
vn -0.3263467 0.5797281 -0.7466012
v 5.1975241 112.6769867 -5.5568581
vn -0.3063211 -0.9267225 0.2176071
v 5.9438381 106.3040619 -5.5226140
vn 0.8739469 0.4359975 0.2147627
v 5.2800879 105.6390991 -5.5226140
vn -0.6993285 0.0028312 -0.7147949
v 5.9538689 106.3868408 -5.5468268
vn 0.7110519 -0.0079682 0.7030944
v 6.0022950 106.3868408 -5.4984012
vn -0.7297465 0.5220435 0.4415209
v 5.9438381 105.6390991 -5.5226140
vn -0.1339044 -0.9232780 0.3600380
v 5.9438381 107.0860519 -5.5226140
vn 0.9840916 0.1698122 0.0522257
v 5.2800879 106.4210815 -5.5226140
vn -0.7071160 0.0000250 -0.7070976
v 5.9538689 107.1688309 -5.5468268
vn 0.7070941 0.0000345 0.7071195
v 6.0022950 107.1688309 -5.4984012
vn -0.7465706 0.5797785 0.3263270
v 5.9438381 106.4210815 -5.5226140
vn -0.1339109 -0.9232732 0.3600480
v 5.9438381 107.8680344 -5.5226140
vn 0.9840917 0.1698074 0.0522391
v 5.2800879 107.2030716 -5.5226140
vn -0.7070985 -0.0000238 -0.7071151
v 5.9538689 107.9508133 -5.5468268
vn 0.7071093 -0.0000292 0.7071042
v 6.0022950 107.9508133 -5.4984012
vn -0.7465706 0.5797785 0.3263270
v 5.9438381 107.2030716 -5.5226140
vn -0.1338627 -0.9232581 0.3601047
v 5.9438381 108.6500244 -5.5226140
vn 0.9841307 0.1695730 0.0522663
v 5.2800879 107.9850616 -5.5226140
vn -0.7071064 -0.0000011 -0.7071072
v 5.9538689 108.7328033 -5.5468268
vn 0.7071069 -0.0000005 0.7071067
v 6.0022950 108.7328033 -5.4984012
vn -0.7466029 0.5797175 0.3263614
v 5.9438381 107.9850616 -5.5226140
vn -0.1339044 -0.9232780 0.3600380
v 5.9438381 109.4320145 -5.5226140
vn 0.9840916 0.1698122 0.0522257
v 5.2800879 108.7670441 -5.5226140
vn -0.7071157 0.0000230 -0.7070980
v 5.9538689 109.5147934 -5.5468268
vn 0.7071044 0.0000281 0.7071092
v 6.0022950 109.5147934 -5.4984012
vn -0.7465706 0.5797785 0.3263270
v 5.9438381 108.7670441 -5.5226140
vn -0.1339109 -0.9232732 0.3600480
v 5.9438381 110.2139969 -5.5226140
vn 0.9840917 0.1698074 0.0522391
v 5.2800879 109.5490341 -5.5226140
vn -0.7070971 -0.0000252 -0.7071165
v 5.9538689 110.2967758 -5.5468268
vn 0.7071093 -0.0000292 0.7071042
v 6.0022950 110.2967758 -5.4984012
vn -0.7465706 0.5797785 0.3263270
v 5.9438381 109.5490341 -5.5226140
vn -0.1338627 -0.9232581 0.3601047
v 5.9438381 110.9959869 -5.5226140
vn 0.9841307 0.1695730 0.0522663
v 5.2800879 110.3310242 -5.5226140
vn -0.7071064 -0.0000011 -0.7071072
v 5.9538689 111.0787659 -5.5468268
vn 0.7071069 -0.0000005 0.7071067
v 6.0022950 111.0787659 -5.4984012
vn -0.7466029 0.5797175 0.3263614
v 5.9438381 110.3310242 -5.5226140
vn -0.1339044 -0.9232780 0.3600380
v 5.9438381 111.7779770 -5.5226140
vn 0.9840916 0.1698122 0.0522257
v 5.2800879 111.1130066 -5.5226140
vn -0.7071143 0.0000216 -0.7070993
v 5.9538689 111.8607559 -5.5468268
vn 0.7071044 0.0000281 0.7071092
v 6.0022950 111.8607559 -5.4984012
vn -0.7465706 0.5797785 0.3263270
v 5.9438381 111.1130066 -5.5226140
vn -0.1338479 -0.9233146 0.3599651
v 5.9438381 112.5599670 -5.5226140
vn 0.9841045 0.1697637 0.0521414
v 5.2800879 111.8949966 -5.5226140
vn -0.7070967 -0.0000272 -0.7071169
v 5.9538689 112.6427383 -5.5468268
vn 0.7071197 -0.0000356 0.7070939
v 6.0022950 112.6427383 -5.4984012
vn -0.7465706 0.5797785 0.3263271
v 5.9438381 111.8949966 -5.5226140
vn -0.1338627 -0.9232581 0.3601047
v 5.9438381 113.3419495 -5.5226140
vn 0.9841307 0.1695730 0.0522663
v 5.2800879 112.6769867 -5.5226140
vn -0.7466029 0.5797175 0.3263614
v 5.9438381 112.6769867 -5.5226140
vn 0.2176418 -0.9267070 0.3063434
v 5.9780822 106.3040619 -6.2689290
vn 0.2147611 0.4360044 -0.8739439
v 5.9780822 105.6390991 -5.6051779
vn -0.7147932 0.0028322 0.6993302
v 5.9538689 106.3868408 -6.2789588
vn 0.7030942 -0.0079668 -0.7110521
v 6.0022950 106.3868408 -6.3273849
vn 0.4415398 0.5220305 0.7297443
v 5.9780822 105.6390991 -6.2689290
vn 0.3600707 -0.9232628 0.1339211
v 5.9780822 107.0860519 -6.2689290
vn 0.0522504 0.1698245 -0.9840882
v 5.9780822 106.4210815 -5.6051779
vn -0.7070944 0.0000273 0.7071192
v 5.9538689 107.1688309 -6.2789588
vn 0.7071198 0.0000358 -0.7070938
v 6.0022950 107.1688309 -6.3273849
vn 0.3263469 0.5797700 0.7465685
v 5.9780822 106.4210815 -6.2689290
vn 0.3600806 -0.9232581 0.1339275
v 5.9780822 107.8680344 -6.2689290
vn 0.0522639 0.1698195 -0.9840883
v 5.9780822 107.2030716 -5.6051779
vn -0.7071120 -0.0000215 0.7071016
v 5.9538689 107.9508133 -6.2789588
vn 0.7071044 -0.0000278 -0.7071091
v 6.0022950 107.9508133 -6.3273849
vn 0.3263469 0.5797700 0.7465685
v 5.9780822 107.2030716 -6.2689290
vn 0.3601374 -0.9232429 0.1338792
v 5.9780822 108.6500244 -6.2689290
vn 0.0522911 0.1695850 -0.9841273
v 5.9780822 107.9850616 -5.6051779
vn -0.7071041 0.0000013 0.7071095
v 5.9538689 108.7328033 -6.2789588
vn 0.7071069 0.0000008 -0.7071066
v 6.0022950 108.7328033 -6.3273849
vn 0.3263813 0.5797090 0.7466009
v 5.9780822 107.9850616 -6.2689290
vn 0.3600707 -0.9232628 0.1339211
v 5.9780822 109.4320145 -6.2689290
vn 0.0522504 0.1698245 -0.9840882
v 5.9780822 108.7670441 -5.6051779
vn -0.7070948 0.0000254 0.7071188
v 5.9538689 109.5147934 -6.2789588
vn 0.7071095 0.0000294 -0.7071041
v 6.0022950 109.5147934 -6.3273849
vn 0.3263469 0.5797700 0.7465685
v 5.9780822 108.7670441 -6.2689290
vn 0.3600806 -0.9232581 0.1339275
v 5.9780822 110.2139969 -6.2689290
vn 0.0522639 0.1698195 -0.9840883
v 5.9780822 109.5490341 -5.6051779
vn -0.7071134 -0.0000228 0.7071002
v 5.9538689 110.2967758 -6.2789588
vn 0.7071044 -0.0000278 -0.7071091
v 6.0022950 110.2967758 -6.3273849
vn 0.3263469 0.5797700 0.7465685
v 5.9780822 109.5490341 -6.2689290
vn 0.3601374 -0.9232429 0.1338792
v 5.9780822 110.9959869 -6.2689290
vn 0.0522911 0.1695850 -0.9841273
v 5.9780822 110.3310242 -5.6051779
vn -0.7071041 0.0000013 0.7071095
v 5.9538689 111.0787659 -6.2789588
vn 0.7071069 0.0000008 -0.7071066
v 6.0022950 111.0787659 -6.3273849
vn 0.3263813 0.5797090 0.7466009
v 5.9780822 110.3310242 -6.2689290
vn 0.3600707 -0.9232628 0.1339211
v 5.9780822 111.7779770 -6.2689290
vn 0.0522504 0.1698245 -0.9840882
v 5.9780822 111.1130066 -5.6051779
vn -0.7070962 0.0000240 0.7071174
v 5.9538689 111.8607559 -6.2789588
vn 0.7071095 0.0000294 -0.7071041
v 6.0022950 111.8607559 -6.3273849
vn 0.3263469 0.5797700 0.7465685
v 5.9780822 111.1130066 -6.2689290
vn 0.3599977 -0.9232995 0.1338645
v 5.9780822 112.5599670 -6.2689290
vn 0.0521661 0.1697760 -0.9841011
v 5.9780822 111.8949966 -5.6051779
vn -0.7071137 -0.0000248 0.7070999
v 5.9538689 112.6427383 -6.2789588
vn 0.7070942 -0.0000342 -0.7071194
v 6.0022950 112.6427383 -6.3273849
vn 0.3263469 0.5797700 0.7465685
v 5.9780822 111.8949966 -6.2689290
vn 0.3601374 -0.9232429 0.1338792
v 5.9780822 113.3419495 -6.2689290
vn 0.0522911 0.1695850 -0.9841273
v 5.9780822 112.6769867 -5.6051779
vn 0.3263813 0.5797090 0.7466009
v 5.9780822 112.6769867 -6.2689290
vn 0.3063101 -0.9267327 -0.2175791
v 5.2317681 106.3040619 -6.3031721
vn -0.8739593 0.4359883 -0.2147309
v 5.8955169 105.6390991 -6.3031731
vn 0.7297511 0.5220487 -0.4415073
v 5.2317681 105.6390991 -6.3031721
vn 0.1338751 -0.9232873 -0.3600253
v 5.2317681 107.0860519 -6.3031721
vn -0.9840896 0.1698190 -0.0522422
v 5.8955169 106.4210815 -6.3031731
vn 0.7465696 0.5797783 -0.3263298
v 5.2317681 106.4210815 -6.3031721
vn 0.1338816 -0.9232824 -0.3600352
v 5.2317681 107.8680344 -6.3031721
vn -0.9840897 0.1698143 -0.0522556
v 5.8955169 107.2030716 -6.3031731
vn 0.7465696 0.5797783 -0.3263298
v 5.2317681 107.2030716 -6.3031721
vn 0.1338333 -0.9232673 -0.3600920
v 5.2317681 108.6500244 -6.3031721
vn -0.9841287 0.1695797 -0.0522828
v 5.8955169 107.9850616 -6.3031731
vn 0.7466019 0.5797173 -0.3263642
v 5.2317681 107.9850616 -6.3031721
vn 0.1338751 -0.9232873 -0.3600253
v 5.2317681 109.4320145 -6.3031721
vn -0.9840896 0.1698190 -0.0522422
v 5.8955169 108.7670441 -6.3031731
vn 0.7465696 0.5797783 -0.3263298
v 5.2317681 108.7670441 -6.3031721
vn 0.1338816 -0.9232824 -0.3600352
v 5.2317681 110.2139969 -6.3031721
vn -0.9840897 0.1698143 -0.0522556
v 5.8955169 109.5490341 -6.3031731
vn 0.7465696 0.5797783 -0.3263298
v 5.2317681 109.5490341 -6.3031721
vn 0.1338333 -0.9232673 -0.3600920
v 5.2317681 110.9959869 -6.3031721
vn -0.9841287 0.1695797 -0.0522828
v 5.8955169 110.3310242 -6.3031731
vn 0.7466019 0.5797173 -0.3263642
v 5.2317681 110.3310242 -6.3031721
vn 0.1338751 -0.9232873 -0.3600253
v 5.2317681 111.7779770 -6.3031721
vn -0.9840896 0.1698190 -0.0522422
v 5.8955169 111.1130066 -6.3031731
vn 0.7465696 0.5797783 -0.3263298
v 5.2317681 111.1130066 -6.3031721
vn 0.1338185 -0.9233239 -0.3599523
v 5.2317681 112.5599670 -6.3031721
vn -0.9841024 0.1697707 -0.0521578
v 5.8955169 111.8949966 -6.3031731
vn 0.7465696 0.5797783 -0.3263298
v 5.2317681 111.8949966 -6.3031721
vn 0.1338333 -0.9232673 -0.3600920
v 5.2317681 113.3419495 -6.3031721
vn -0.9841287 0.1695797 -0.0522828
v 5.8955169 112.6769867 -6.3031731
vn 0.7466019 0.5797173 -0.3263642
v 5.2317681 112.6769867 -6.3031721
vn 0.8739435 -0.4360144 -0.2147423
v 5.2800879 114.1724701 -6.3031721
vn -0.7297442 -0.5220411 -0.4415275
v 5.9438381 114.1724701 -6.3031731
vn -0.3063292 0.9267136 -0.2176335
v 5.9438381 113.5075073 -6.3031731
vn 0.2147540 -0.4359951 0.8739503
v 5.9780822 114.1724701 -6.2206082
vn 0.4415208 -0.5220385 -0.7297501
v 5.9780822 114.1724701 -5.5568581
vn 0.2176038 0.9267268 -0.3063106
v 5.9780822 113.5075073 -5.5568581
vn -0.8739430 -0.4360092 0.2147552
v 5.8955169 114.1724701 -5.5226140
vn 0.7297454 -0.5220424 0.4415238
v 5.2317681 114.1724701 -5.5226140
vn 0.3063208 0.9267263 0.2175914
v 5.2317681 113.5075073 -5.5226140
vn -0.2147312 -0.4359826 -0.8739621
v 5.1975241 114.1724701 -5.6051779
vn -0.4415177 -0.5220429 0.7297489
v 5.1975241 114.1724701 -6.2689290
vn -0.2176110 0.9267110 0.3063534
v 5.1975241 113.5075073 -6.2689290
vn -0.6965823 -0.4096176 -0.5890557
v 5.8954110 105.6048508 -5.5568581
vn 0.7317070 -0.3906453 -0.5585707
v 5.2317681 105.6048508 -5.5568581
vn 0.3552089 -0.3451436 0.8687361
v 5.2317681 105.6048508 -6.2205009
vn -0.6965891 0.4096166 0.5890484
v 5.8954110 114.2067184 -6.2689290
vn 0.7317073 0.3906457 0.5585699
v 5.2317681 114.2067184 -6.2689290
vn 0.3552084 0.3451585 -0.8687305
v 5.2317681 114.2067184 -5.6052852
vn -0.2710343 -0.3582026 -0.8934379
v 5.1975241 106.3526001 -5.6051779
vn -0.2670505 -0.6131395 0.7434677
v 5.1975241 106.3526001 -6.2689290
vn -0.4738866 0.8662055 0.1584918
v 5.1975241 105.6876297 -6.2689290
vn -0.0522629 -0.1695683 -0.9841317
v 5.1975241 107.1345825 -5.6051779
vn -0.3263669 -0.5797123 0.7466045
v 5.1975241 107.1345825 -6.2689290
vn -0.3601048 0.9232524 0.1339016
v 5.1975241 106.4696198 -6.2689290
vn -0.0521377 -0.1697591 -0.9841055
v 5.1975241 107.9165726 -5.6051779
vn -0.3263325 -0.5797733 0.7465722
v 5.1975241 107.9165726 -6.2689290
vn -0.3599650 0.9233090 0.1338868
v 5.1975241 107.2516022 -6.2689290
vn -0.0522221 -0.1698076 -0.9840927
v 5.1975241 108.6985626 -5.6051779
vn -0.3263325 -0.5797733 0.7465722
v 5.1975241 108.6985626 -6.2689290
vn -0.3600380 0.9232724 0.1339434
v 5.1975241 108.0335922 -6.2689290
vn -0.0522629 -0.1695683 -0.9841317
v 5.1975241 109.4805450 -5.6051779
vn -0.3263669 -0.5797123 0.7466045
v 5.1975241 109.4805450 -6.2689290
vn -0.3601048 0.9232524 0.1339016
v 5.1975241 108.8155823 -6.2689290
vn -0.0522356 -0.1698027 -0.9840928
v 5.1975241 110.2625351 -5.6051779
vn -0.3263325 -0.5797734 0.7465722
v 5.1975241 110.2625351 -6.2689290
vn -0.3600480 0.9232675 0.1339499
v 5.1975241 109.5975723 -6.2689290
vn -0.0522221 -0.1698076 -0.9840927
v 5.1975241 111.0445251 -5.6051779
vn -0.3263325 -0.5797733 0.7465722
v 5.1975241 111.0445251 -6.2689290
vn -0.3600380 0.9232724 0.1339434
v 5.1975241 110.3795547 -6.2689290
vn -0.0522629 -0.1695683 -0.9841317
v 5.1975241 111.8265076 -5.6051779
vn -0.3263669 -0.5797123 0.7466045
v 5.1975241 111.8265076 -6.2689290
vn -0.3601048 0.9232524 0.1339016
v 5.1975241 111.1615448 -6.2689290
vn -0.0522356 -0.1698027 -0.9840928
v 5.1975241 112.6084976 -5.6051779
vn -0.3263325 -0.5797734 0.7465722
v 5.1975241 112.6084976 -6.2689290
vn -0.3600480 0.9232675 0.1339499
v 5.1975241 111.9435349 -6.2689290
vn -0.0522221 -0.1698076 -0.9840927
v 5.1975241 113.3904877 -5.6051779
vn -0.3263325 -0.5797733 0.7465722
v 5.1975241 113.3904877 -6.2689290
vn -0.3600380 0.9232724 0.1339434
v 5.1975241 112.7255173 -6.2689290
vn -0.8934313 -0.3582222 0.2710302
v 5.8955169 106.3526001 -5.5226140
vn 0.7434665 -0.6131393 0.2670540
v 5.2317681 106.3526001 -5.5226140
vn 0.1584703 0.8661981 0.4739073
v 5.2317681 105.6876297 -5.5226140
vn -0.9841295 -0.1695830 0.0522566
v 5.8955169 107.1345825 -5.5226140
vn 0.7466035 -0.5797213 0.3263532
v 5.2317681 107.1345825 -5.5226140
vn 0.1338624 0.9232646 0.3600881
v 5.2317681 106.4696198 -5.5226140
vn -0.9841033 -0.1697737 0.0521316
v 5.8955169 107.9165726 -5.5226140
vn 0.7465712 -0.5797823 0.3263188
v 5.2317681 107.9165726 -5.5226140
vn 0.1338477 0.9233212 0.3599483
v 5.2317681 107.2516022 -5.5226140
vn -0.9840904 -0.1698222 0.0522159
v 5.8955169 108.6985626 -5.5226140
vn 0.7465712 -0.5797823 0.3263188
v 5.2317681 108.6985626 -5.5226140
vn 0.1339042 0.9232845 0.3600213
v 5.2317681 108.0335922 -5.5226140
vn -0.9841295 -0.1695830 0.0522566
v 5.8955169 109.4805450 -5.5226140
vn 0.7466035 -0.5797213 0.3263532
v 5.2317681 109.4805450 -5.5226140
vn 0.1338624 0.9232646 0.3600881
v 5.2317681 108.8155823 -5.5226140
vn -0.9840905 -0.1698176 0.0522294
v 5.8955169 110.2625351 -5.5226140
vn 0.7465712 -0.5797823 0.3263188
v 5.2317681 110.2625351 -5.5226140
vn 0.1339107 0.9232797 0.3600313
v 5.2317681 109.5975723 -5.5226140
vn -0.9840904 -0.1698222 0.0522159
v 5.8955169 111.0445251 -5.5226140
vn 0.7465712 -0.5797823 0.3263188
v 5.2317681 111.0445251 -5.5226140
vn 0.1339042 0.9232845 0.3600213
v 5.2317681 110.3795547 -5.5226140
vn -0.9841295 -0.1695830 0.0522566
v 5.8955169 111.8265076 -5.5226140
vn 0.7466035 -0.5797213 0.3263532
v 5.2317681 111.8265076 -5.5226140
vn 0.1338624 0.9232646 0.3600881
v 5.2317681 111.1615448 -5.5226140
vn -0.9840905 -0.1698176 0.0522294
v 5.8955169 112.6084976 -5.5226140
vn 0.7465712 -0.5797823 0.3263188
v 5.2317681 112.6084976 -5.5226140
vn 0.1339107 0.9232797 0.3600313
v 5.2317681 111.9435349 -5.5226140
vn -0.9840904 -0.1698222 0.0522159
v 5.8955169 113.3904877 -5.5226140
vn 0.7465712 -0.5797823 0.3263188
v 5.2317681 113.3904877 -5.5226140
vn 0.1339042 0.9232845 0.3600213
v 5.2317681 112.7255173 -5.5226140
vn 0.2710617 -0.3582215 0.8934221
v 5.9780822 106.3526001 -6.2206082
vn 0.2670519 -0.6131434 -0.7434639
v 5.9780822 106.3526001 -5.5568581
vn 0.4739170 0.8661935 -0.1584661
v 5.9780822 105.6876297 -5.5568581
vn 0.0522835 -0.1695768 0.9841291
v 5.9780822 107.1345825 -6.2206082
vn 0.3263577 -0.5797211 -0.7466018
v 5.9780822 107.1345825 -5.5568581
vn 0.3601083 0.9232585 -0.1338498
v 5.9780822 106.4696198 -5.5568581
vn 0.0521586 -0.1697677 0.9841028
v 5.9780822 107.9165726 -6.2206082
vn 0.3263233 -0.5797821 -0.7465694
v 5.9780822 107.9165726 -5.5568581
vn 0.3599686 0.9233151 -0.1338350
v 5.9780822 107.2516022 -5.5568581
vn 0.0522429 -0.1698161 0.9840900
v 5.9780822 108.6985626 -6.2206082
vn 0.3263233 -0.5797821 -0.7465694
v 5.9780822 108.6985626 -5.5568581
vn 0.3600416 0.9232785 -0.1338914
v 5.9780822 108.0335922 -5.5568581
vn 0.0522835 -0.1695768 0.9841291
v 5.9780822 109.4805450 -6.2206082
vn 0.3263577 -0.5797211 -0.7466018
v 5.9780822 109.4805450 -5.5568581
vn 0.3601083 0.9232585 -0.1338498
v 5.9780822 108.8155823 -5.5568581
vn 0.0522564 -0.1698114 0.9840901
v 5.9780822 110.2625351 -6.2206082
vn 0.3263233 -0.5797821 -0.7465694
v 5.9780822 110.2625351 -5.5568581
vn 0.3600515 0.9232736 -0.1338981
v 5.9780822 109.5975723 -5.5568581
vn 0.0522429 -0.1698161 0.9840900
v 5.9780822 111.0445251 -6.2206082
vn 0.3263233 -0.5797821 -0.7465694
v 5.9780822 111.0445251 -5.5568581
vn 0.3600416 0.9232785 -0.1338914
v 5.9780822 110.3795547 -5.5568581
vn 0.0522835 -0.1695768 0.9841291
v 5.9780822 111.8265076 -6.2206082
vn 0.3263577 -0.5797211 -0.7466018
v 5.9780822 111.8265076 -5.5568581
vn 0.3601083 0.9232585 -0.1338498
v 5.9780822 111.1615448 -5.5568581
vn 0.0522564 -0.1698114 0.9840901
v 5.9780822 112.6084976 -6.2206082
vn 0.3263233 -0.5797821 -0.7465694
v 5.9780822 112.6084976 -5.5568581
vn 0.3600515 0.9232736 -0.1338981
v 5.9780822 111.9435349 -5.5568581
vn 0.0522429 -0.1698161 0.9840900
v 5.9780822 113.3904877 -6.2206082
vn 0.3263233 -0.5797821 -0.7465694
v 5.9780822 113.3904877 -5.5568581
vn 0.3600416 0.9232785 -0.1338914
v 5.9780822 112.7255173 -5.5568581
vn 0.8934158 -0.3582371 -0.2710618
v 5.2800879 106.3526001 -6.3031721
vn -0.7434604 -0.6131379 -0.2670743
v 5.9438381 106.3526001 -6.3031731
vn -0.1584621 0.8661900 -0.4739249
v 5.9438381 105.6876297 -6.3031731
vn 0.9841241 -0.1696017 -0.0522975
v 5.2800879 107.1345825 -6.3031721
vn -0.7465962 -0.5797150 -0.3263812
v 5.9438381 107.1345825 -6.3031731
vn -0.1338427 0.9232477 -0.3601387
v 5.9438381 106.4696198 -6.3031731
vn 0.9840978 -0.1697925 -0.0521726
v 5.2800879 107.9165726 -6.3031721
vn -0.7465639 -0.5797759 -0.3263468
v 5.9438381 107.9165726 -6.3031731
vn -0.1338278 0.9233043 -0.3599990
v 5.9438381 107.2516022 -6.3031731
vn 0.9840850 -0.1698409 -0.0522569
v 5.2800879 108.6985626 -6.3031721
vn -0.7465639 -0.5797759 -0.3263468
v 5.9438381 108.6985626 -6.3031731
vn -0.1338843 0.9232677 -0.3600720
v 5.9438381 108.0335922 -6.3031731
vn 0.9841241 -0.1696017 -0.0522975
v 5.2800879 109.4805450 -6.3031721
vn -0.7465962 -0.5797150 -0.3263812
v 5.9438381 109.4805450 -6.3031731
vn -0.1338427 0.9232477 -0.3601387
v 5.9438381 108.8155823 -6.3031731
vn 0.9840851 -0.1698362 -0.0522704
v 5.2800879 110.2625351 -6.3031721
vn -0.7465639 -0.5797759 -0.3263468
v 5.9438381 110.2625351 -6.3031731
vn -0.1338910 0.9232628 -0.3600819
v 5.9438381 109.5975723 -6.3031731
vn 0.9840850 -0.1698409 -0.0522569
v 5.2800879 111.0445251 -6.3031721
vn -0.7465639 -0.5797759 -0.3263468
v 5.9438381 111.0445251 -6.3031731
vn -0.1338843 0.9232677 -0.3600720
v 5.9438381 110.3795547 -6.3031731
vn 0.9841241 -0.1696017 -0.0522975
v 5.2800879 111.8265076 -6.3031721
vn -0.7465962 -0.5797150 -0.3263812
v 5.9438381 111.8265076 -6.3031731
vn -0.1338427 0.9232477 -0.3601387
v 5.9438381 111.1615448 -6.3031731
vn 0.9840851 -0.1698362 -0.0522704
v 5.2800879 112.6084976 -6.3031721
vn -0.7465639 -0.5797759 -0.3263468
v 5.9438381 112.6084976 -6.3031731
vn -0.1338910 0.9232628 -0.3600819
v 5.9438381 111.9435349 -6.3031731
vn 0.9840850 -0.1698409 -0.0522569
v 5.2800879 113.3904877 -6.3031721
vn -0.7465639 -0.5797759 -0.3263468
v 5.9438381 113.3904877 -6.3031731
vn -0.1338843 0.9232677 -0.3600720
v 5.9438381 112.7255173 -6.3031731
# 404 vertices, 0 vertices normals


usemtl material_0
vt 0.0000000 0.0000000
vt 0.1679850 0.0000000
vt 0.1679850 0.1680160
f 1/1/1 2/2/2 3/3/3
vt 0.0000000 0.1680160
f 1/1/1 3/3/3 4/4/4
vt 0.3359700 0.1680160
vt 0.3359700 0.3360330
f 5/3/5 1/5/1 4/6/4
vt 0.1679850 0.3360330
f 5/3/5 4/6/4 6/7/6
vt 0.0000000 0.3360330
vt 0.1679850 0.5040490
f 7/8/7 5/7/5 6/9/6
vt 0.0000000 0.5040490
f 7/8/7 6/9/6 8/10/8
vt 0.3359700 0.0000000
vt 0.5039550 0.0000000
vt 0.5039550 0.1680160
f 9/11/9 7/12/7 8/13/8
f 9/11/9 8/13/8 10/5/10
vt 0.5039550 0.3360330
vt 0.5039550 0.5040490
f 11/6/11 9/14/9 10/15/10
vt 0.3359700 0.5040490
f 11/6/11 10/15/10 12/16/12
f 13/7/13 11/6/11 12/16/12
f 13/7/13 12/16/12 14/9/14
f 15/5/15 13/13/13 14/14/14
f 15/5/15 14/14/14 16/6/16
vt 0.6717950 0.3360330
vt 0.8358940 0.3360670
vt 0.8359010 0.5031620
f 4/17/4 3/18/3 17/19/17
vt 0.6717950 0.5040180
f 4/17/4 17/19/17 18/20/18
vt 0.3320840 0.5040490
vt 0.4961830 0.5040830
vt 0.4961830 0.6720680
f 6/21/6 4/22/4 18/23/18
vt 0.3320840 0.6720340
f 6/21/6 18/23/18 19/24/19
vt 0.6717950 0.0000000
vt 0.8358940 0.0000340
vt 0.8358940 0.1680190
f 8/25/8 6/26/6 19/27/19
vt 0.6718020 0.1670950
f 8/25/8 19/27/19 20/28/20
vt 0.6718020 0.1680190
vt 0.8359010 0.1680590
vt 0.8359010 0.3351540
f 10/29/10 8/30/8 20/31/20
vt 0.6717950 0.3360040
f 10/29/10 20/31/20 21/32/21
vt 0.3320840 0.5040830
vt 0.3320840 0.6720680
f 12/9/12 10/33/10 21/34/21
vt 0.1679920 0.6711450
f 12/9/12 21/34/21 22/35/22
vt 0.8359010 0.1680190
vt 1.0000000 0.1680590
vt 1.0000000 0.3351540
f 14/36/14 12/37/12 22/38/22
vt 0.8359010 0.3351140
f 14/36/14 22/38/22 23/39/23
vt 0.8358940 0.5040520
vt 0.8359010 0.6711470
f 16/20/16 14/40/14 23/41/23
vt 0.6717950 0.6720030
f 16/20/16 23/41/23 24/42/24
vt 0.8358940 0.0004960
vt 0.9999560 0.0000000
vt 0.9999930 0.1676450
f 25/43/25 26/44/26 2/45/2
vt 0.8358940 0.1676140
f 25/43/25 2/45/2 1/46/1
vt 0.5039550 0.6720030
vt 0.6680920 0.6725620
vt 0.6680920 0.8396790
f 27/47/27 25/48/25 1/49/1
vt 0.5039930 0.8396480
f 27/47/27 1/49/1 5/50/5
vt 0.4961830 0.6721360
vt 0.4961830 0.8397810
f 28/34/28 27/51/27 5/52/5
vt 0.3320840 0.8397130
f 28/34/28 5/52/5 7/53/7
vt 0.6680920 0.6720030
vt 0.8321910 0.6720710
vt 0.8321910 0.8397160
f 29/54/29 28/55/28 7/56/7
vt 0.6680920 0.8396480
f 29/54/29 7/56/7 9/57/9
vt 0.8321910 0.6720030
vt 0.9962900 0.6720710
vt 0.9962900 0.8397160
f 30/58/30 29/59/29 9/60/9
vt 0.8321910 0.8396480
f 30/58/30 9/60/9 11/61/11
vt 0.1679850 0.6720680
vt 0.3320840 0.6721360
vt 0.3320840 0.8397810
f 31/62/31 30/63/30 11/64/11
vt 0.1679850 0.8397130
f 31/62/31 11/64/11 13/65/13
vt 0.0000000 0.6720350
vt 0.1640990 0.6721020
vt 0.1640990 0.8397480
f 32/66/32 31/67/31 13/68/13
vt 0.0000000 0.8396800
f 32/66/32 13/68/13 15/69/15
vt 0.1679850 0.1679850
vt 0.1679850 0.0001770
f 18/5/18 17/70/17 26/71/26
f 18/5/18 26/71/26 25/11/25
f 19/4/19 18/3/18 25/7/25
vt -0.0000000 0.3358560
f 19/4/19 25/7/25 27/72/27
vt 0.6717640 0.5040180
f 20/73/20 19/42/19 27/47/27
vt 0.5039550 0.5040180
f 20/73/20 27/47/27 28/74/28
vt 0.6717950 0.1680160
vt 0.6717640 0.3360020
vt 0.5039550 0.3360020
f 21/75/21 20/76/20 28/77/28
vt 0.5039550 0.1680170
f 21/75/21 28/77/28 29/78/29
vt 0.6717640 0.3360330
f 22/79/22 21/20/21 29/74/29
f 22/79/22 29/74/29 30/14/30
vt 0.1678090 0.5040490
vt 0.1678090 0.6720340
vt 0.0000000 0.6720340
f 23/80/23 22/81/22 30/82/30
f 23/80/23 30/82/30 31/10/31
vt 0.6717640 0.1679850
vt 0.5039550 0.1679850
f 24/25/24 23/83/23 31/84/31
f 24/25/24 31/84/31 32/12/32
vt 0.9985790 0.5040400
vt 0.8360720 0.5036780
vt 0.8359010 0.3360330
f 24/85/24 32/86/32 15/87/15
vt 0.9985790 0.3360550
f 24/85/24 15/87/15 16/88/16
vt 0.1679770 0.6910400
vt 0.1678160 0.7014410
vt 0.1675740 0.7021260
f 33/89/33 34/90/34 35/91/35
vt 0.1675740 0.6904030
f 33/89/33 35/91/35 36/92/36
vt 0.5013900 0.6262200
vt 0.5015390 0.6158210
vt 0.5019010 0.6146430
f 34/93/34 33/94/33 37/95/37
vt 0.5019010 0.6273840
f 34/93/34 37/95/37 38/96/38
vt 0.4999210 0.7724030
vt 0.4999210 0.7649690
vt 0.5002800 0.7648570
f 34/97/34 39/98/39 40/99/40
vt 0.5002800 0.7730560
f 34/97/34 40/99/40 35/100/35
vt 0.4981000 0.6610620
vt 0.4981000 0.6536290
vt 0.4985330 0.6524330
f 39/101/39 34/102/34 38/103/38
vt 0.4985330 0.6617170
f 39/101/39 38/103/38 41/104/41
vt 0.8359010 0.6404590
vt 0.8359440 0.6330120
vt 0.8361700 0.6323080
f 39/105/39 33/106/33 36/107/36
vt 0.8361700 0.6408440
f 39/105/39 36/107/36 40/108/40
vt 0.1673290 0.6906200
vt 0.1673700 0.6978950
vt 0.1667180 0.6983310
f 33/109/33 39/110/39 41/111/41
vt 0.1667180 0.6895490
f 33/109/33 41/111/41 37/112/37
vt 0.5037040 0.5687490
vt 0.5039550 0.5780350
vt 0.5037040 0.5787790
f 42/113/42 43/114/43 44/115/44
vt 0.4995550 0.6984890
vt 0.4991810 0.7097390
vt 0.4991810 0.6978690
f 42/116/42 44/117/44 45/118/45
vt 0.5019700 0.5284280
vt 0.5021270 0.5179070
vt 0.5025290 0.5166730
f 43/119/43 42/120/42 46/121/46
vt 0.5025290 0.5295530
f 43/119/43 46/121/46 47/122/47
vt 0.4995300 0.7758900
vt 0.4995300 0.7684570
vt 0.4999130 0.7683450
f 43/123/43 48/124/48 35/125/35
vt 0.4999130 0.7765440
f 43/123/43 35/125/35 44/126/44
vt 0.1654580 0.7418840
vt 0.1654580 0.7344510
vt 0.1658420 0.7332550
f 48/127/48 43/128/43 47/129/47
vt 0.1658420 0.7425390
f 48/127/48 47/129/47 38/130/38
vt 0.8361720 0.5290780
vt 0.8362150 0.5218030
vt 0.8364410 0.5211500
f 48/131/48 42/132/42 45/133/45
vt 0.8364410 0.5294780
f 48/131/48 45/133/45 35/134/35
vt 0.4991350 0.6628620
vt 0.4991760 0.6703090
vt 0.4985240 0.6706960
f 42/135/42 48/136/48 38/137/38
vt 0.4985240 0.6617170
f 42/135/42 38/137/38 46/138/46
vt 0.4975720 0.7847430
vt 0.4978740 0.7924840
vt 0.4975720 0.7930820
f 49/139/49 50/140/50 51/141/51
vt 0.4995170 0.7103100
vt 0.4991810 0.7214770
f 49/142/49 51/143/51 52/117/52
vt 0.4967770 0.5156910
vt 0.4969380 0.5052930
vt 0.4973700 0.5040490
f 50/144/50 49/145/49 53/146/53
vt 0.4973700 0.5167770
f 50/144/50 53/146/53 54/147/54
vt 0.4969250 0.7554330
vt 0.4969250 0.7480000
vt 0.4973570 0.7478880
f 50/148/50 55/149/55 44/150/44
vt 0.4973570 0.7560870
f 50/148/50 44/150/44 51/151/51
vt 0.4965630 0.7670920
vt 0.4965630 0.7596590
vt 0.4969210 0.7584630
f 55/152/55 50/153/50 54/154/54
vt 0.4969210 0.7677470
f 55/152/55 54/154/54 47/155/47
vt 0.8359010 0.6319230
vt 0.8359440 0.6244760
vt 0.8361700 0.6237710
f 55/156/55 49/157/49 52/158/52
f 55/156/55 52/158/52 44/107/44
vt 0.5014470 0.6981340
vt 0.5014890 0.7054090
vt 0.5008360 0.7057300
f 49/159/49 55/160/55 47/161/47
vt 0.5008360 0.6969690
f 49/159/49 47/161/47 53/162/53
vt 0.1658540 0.8063250
vt 0.1661100 0.8151850
vt 0.1658540 0.8157070
f 56/163/56 57/164/57 40/165/40
vt 0.5029640 0.6990190
vt 0.5025900 0.7102700
vt 0.5025900 0.6983990
f 56/166/56 40/167/40 58/168/58
vt 0.5014120 0.5284280
vt 0.5015690 0.5179070
vt 0.5019700 0.5166730
f 57/169/57 56/170/56 59/171/59
vt 0.5019700 0.5295530
f 57/169/57 59/171/59 41/172/41
vt 0.4961910 0.7834920
vt 0.4961910 0.7760580
vt 0.4965740 0.7759460
f 57/173/57 60/174/60 51/175/51
vt 0.4965740 0.7841450
f 57/173/57 51/175/51 40/176/40
vt 0.1667180 0.7419090
vt 0.1667180 0.7344760
vt 0.1671010 0.7332800
f 60/177/60 57/178/57 41/179/41
vt 0.1671010 0.7425640
f 60/177/60 41/179/41 54/180/54
vt 0.4978150 0.7504820
vt 0.4978580 0.7432070
vt 0.4980840 0.7424840
f 60/181/60 56/182/56 58/183/58
vt 0.4980840 0.7508340
f 60/181/60 58/183/58 51/184/51
vt 0.4980400 0.6637620
vt 0.4980820 0.6712090
vt 0.4974290 0.6715960
f 56/185/56 60/186/60 54/187/54
vt 0.4974290 0.6626170
f 56/185/56 54/187/54 59/188/59
vt 0.1658420 0.7349700
vt 0.1658420 0.7246250
vt 0.1661790 0.7239720
f 61/189/61 62/190/62 63/191/63
vt 0.1661790 0.7355230
f 61/189/61 63/191/63 64/192/64
vt 0.4985240 0.6629010
vt 0.4985240 0.6731830
vt 0.4981020 0.6744240
f 62/193/62 61/194/61 65/195/65
vt 0.4981020 0.6617170
f 62/193/62 65/195/65 66/196/66
vt 0.5039490 0.6121500
vt 0.5039490 0.6195830
vt 0.5037360 0.6197450
f 62/197/62 67/198/67 68/199/68
vt 0.5037360 0.6114460
f 62/197/62 68/199/68 63/200/63
vt 0.4973890 0.6987290
vt 0.4973890 0.7061610
vt 0.4968750 0.7073090
f 67/201/67 62/202/62 66/203/66
vt 0.4968750 0.6981240
f 67/201/67 66/203/66 69/204/69
vt 0.5039420 0.5125100
vt 0.5039420 0.5199420
vt 0.5037210 0.5206470
f 67/205/67 61/206/61 64/207/64
vt 0.5037210 0.5123480
f 67/205/67 64/207/64 68/208/68
vt 0.5002310 0.7055770
vt 0.5002310 0.6984710
vt 0.5008350 0.6979570
f 61/209/61 67/210/67 69/211/69
vt 0.5008350 0.7067390
f 61/209/61 69/211/69 65/212/65
vt 0.1674780 0.7245340
vt 0.1674780 0.7348160
vt 0.1671500 0.7354770
f 70/213/70 71/214/71 58/215/58
vt 0.1671500 0.7239960
f 70/213/70 58/215/58 45/216/45
vt 0.4969310 0.6736100
vt 0.4969310 0.6632650
vt 0.4973480 0.6620190
f 71/217/71 70/218/70 46/219/46
vt 0.4973480 0.6748030
f 71/217/71 46/219/46 59/220/59
vt 0.5037270 0.5946720
vt 0.5037270 0.5872400
vt 0.5039470 0.5870770
f 71/221/71 72/222/72 52/223/52
vt 0.5039470 0.5953760
f 71/221/71 52/223/52 58/224/58
vt 0.5019970 0.5508740
vt 0.5019970 0.5434410
vt 0.5025280 0.5422940
f 72/225/72 71/226/71 59/227/59
vt 0.5025280 0.5514790
f 72/225/72 59/227/59 53/228/53
vt 0.5037210 0.5287830
vt 0.5037210 0.5213510
vt 0.5039420 0.5206470
f 72/229/72 70/230/70 45/231/45
vt 0.5039420 0.5289450
f 72/229/72 45/231/45 52/232/52
vt 0.5008360 0.6902310
vt 0.5008360 0.6974270
vt 0.5002310 0.6979580
f 70/233/70 72/234/72 53/235/53
vt 0.5002310 0.6890650
f 70/233/70 53/235/53 46/236/46
vt 0.5008120 0.5792670
vt 0.5006420 0.5897880
vt 0.5002490 0.5903930
f 73/237/73 74/238/74 63/239/63
vt 0.5002490 0.5785220
f 73/237/73 63/239/63 75/240/75
vt 0.5004160 0.8092960
vt 0.5001730 0.8004350
vt 0.5004160 0.7993830
f 74/241/74 73/242/73 76/243/76
vt 0.4991760 0.6641690
vt 0.4995410 0.6525320
vt 0.4995410 0.6654120
f 74/244/74 76/245/76 66/246/66
vt 0.5039490 0.5960160
vt 0.5039490 0.6032140
vt 0.5037270 0.6034110
f 74/247/74 77/248/77 78/249/78
vt 0.5037270 0.5953760
f 74/247/74 78/249/78 63/250/63
vt 0.5002300 0.6792760
vt 0.5002300 0.6718420
vt 0.5008350 0.6706960
f 77/251/77 74/252/74 66/253/66
vt 0.5008350 0.6798810
f 77/251/77 66/253/66 79/254/79
vt 0.8362150 0.5635750
vt 0.8361720 0.5563010
vt 0.8364370 0.5553690
f 77/255/77 73/256/73 75/257/75
vt 0.8364370 0.5636980
f 77/255/77 75/257/75 78/258/78
vt 0.5032390 0.6638940
vt 0.5031980 0.6713410
vt 0.5025900 0.6719430
f 73/259/73 77/260/77 79/261/79
vt 0.5025900 0.6629640
f 73/259/73 79/261/79 76/262/76
vt 0.4999080 0.8092970
vt 0.5001640 0.8181570
vt 0.4999080 0.8186790
f 80/263/80 81/264/81 82/265/82
vt 0.5002390 0.5810990
vt 0.4996880 0.5923420
vt 0.4996880 0.5803460
f 80/266/80 82/267/82 83/268/83
vt 0.5025770 0.8093280
vt 0.5023350 0.8004670
vt 0.5025770 0.7994140
f 81/269/81 80/270/80 84/271/84
vt 0.4996880 0.5409250
vt 0.5002290 0.5292960
vt 0.5002290 0.5420580
f 81/272/81 84/273/84 85/274/85
vt 0.4965750 0.7834920
vt 0.4965750 0.7760580
vt 0.4969580 0.7759460
f 81/275/81 86/276/86 75/277/75
vt 0.4969580 0.7841450
f 81/275/81 75/277/75 82/278/82
vt 0.1658420 0.7441520
vt 0.1658420 0.7367180
vt 0.1662250 0.7355230
f 86/279/86 81/280/81 85/281/85
vt 0.1662250 0.7448060
f 86/279/86 85/281/85 76/282/76
vt 0.5036210 0.8327290
vt 0.5036210 0.8254540
vt 0.5038920 0.8245250
f 86/283/86 80/284/80 83/285/83
vt 0.5038920 0.8330800
f 86/283/86 83/285/83 75/286/75
vt 0.1673720 0.6817190
vt 0.1673720 0.6891660
f 80/287/80 86/288/86 76/112/76
vt 0.1667180 0.6807920
f 80/287/80 76/112/76 84/289/84
vt 0.5030520 0.8077010
vt 0.5033080 0.8165620
vt 0.5030520 0.8170840
f 87/290/87 88/291/88 89/292/89
vt 0.5013760 0.5930960
vt 0.5008240 0.6043390
vt 0.5008240 0.5923420
f 87/293/87 89/294/89 90/295/90
vt 0.1665040 0.8105160
vt 0.1662610 0.8016550
vt 0.1665040 0.8006030
f 88/296/88 87/297/87 91/298/91
vt 0.4973700 0.5536880
vt 0.4979110 0.5420580
vt 0.4979110 0.5548210
f 88/299/88 91/300/91 92/301/92
vt 0.5011800 0.7839190
vt 0.5011800 0.7764850
vt 0.5015630 0.7763730
f 88/302/88 93/303/93 83/304/83
vt 0.5015630 0.7845720
f 88/302/88 83/304/83 89/305/89
vt 0.5002310 0.7467190
vt 0.5002310 0.7392860
vt 0.5006140 0.7380900
f 93/306/93 88/307/88 92/308/92
vt 0.5006140 0.7473740
f 93/306/93 92/308/92 84/309/84
vt 0.8359010 0.5122450
vt 0.8359010 0.5049700
vt 0.8361720 0.5040400
f 93/310/93 87/311/87 90/312/90
vt 0.8361720 0.5125950
f 93/310/93 90/312/90 83/313/83
vt 0.1654080 0.6904770
vt 0.1654080 0.6979230
vt 0.1647540 0.6983070
f 87/314/87 93/315/93 84/316/84
vt 0.1647540 0.6895500
f 87/314/87 84/316/84 91/317/91
vt 0.5036210 0.8063850
vt 0.5038770 0.8152450
vt 0.5036210 0.8157670
f 94/318/94 95/319/95 96/320/96
vt 0.4990850 0.5810990
vt 0.4985330 0.5923430
vt 0.4985330 0.5803460
f 94/321/94 96/322/96 97/323/97
vt 0.1667550 0.8106380
vt 0.1665120 0.8017770
vt 0.1667550 0.8007240
f 95/324/95 94/325/94 98/326/98
vt 0.5031620 0.5776460
vt 0.5037040 0.5660160
f 95/327/95 98/328/98 99/115/99
vt 0.5019100 0.7760310
vt 0.5019100 0.7685980
vt 0.5022940 0.7684850
f 95/329/95 100/330/100 90/331/90
vt 0.5022940 0.7766850
f 95/329/95 90/331/90 96/332/96
vt 0.4961910 0.7403250
vt 0.4961910 0.7328920
vt 0.4965750 0.7316960
f 100/333/100 95/334/95 99/335/99
vt 0.4965750 0.7409800
f 100/333/100 99/335/99 91/336/91
vt 0.4970700 0.8334190
vt 0.4970700 0.8261440
vt 0.4973410 0.8252140
f 100/337/100 94/338/94 97/339/97
vt 0.4973410 0.8337690
f 100/337/100 97/339/97 90/340/90
vt 0.4991780 0.6891380
vt 0.4991780 0.6965850
vt 0.4985240 0.6969690
f 94/341/94 100/342/100 91/343/91
vt 0.4985240 0.6882110
f 94/341/94 91/343/91 98/344/98
vt 0.4970850 0.8070750
vt 0.4973410 0.8159350
vt 0.4970850 0.8164570
f 101/345/101 102/346/102 103/347/103
vt 0.5013760 0.5810990
vt 0.5008240 0.5803460
f 101/348/101 103/295/103 104/349/104
vt 0.5001640 0.8092970
vt 0.4999210 0.8004360
vt 0.5001640 0.7993830
f 102/350/102 101/351/101 105/352/105
vt 0.5008340 0.5409250
vt 0.5013760 0.5292960
vt 0.5013760 0.5420580
f 102/353/102 105/354/105 106/355/106
vt 0.1666690 0.7839910
vt 0.1666690 0.7765570
vt 0.1670520 0.7764450
f 102/356/102 107/357/107 97/358/97
vt 0.1670520 0.7846440
f 102/356/102 97/358/97 103/359/103
vt 0.5026390 0.7467500
vt 0.5026390 0.7393170
vt 0.5030220 0.7381210
f 107/360/107 102/361/102 106/362/106
vt 0.5030220 0.7474050
f 107/360/107 106/362/106 98/363/98
vt 0.5004010 0.8338530
vt 0.5004010 0.8265780
vt 0.5006720 0.8256490
f 107/364/107 101/365/101 104/366/104
vt 0.5006720 0.8342040
f 107/364/107 104/366/104 97/367/97
vt 0.5014900 0.6891380
vt 0.5014900 0.6965850
f 101/368/101 107/369/107 98/162/98
vt 0.5008360 0.6882110
f 101/368/101 98/162/98 105/370/105
vt 0.1665120 0.8106380
vt 0.1667680 0.8194980
vt 0.1665120 0.8200200
f 108/371/108 109/372/109 110/373/110
vt 0.5030680 0.5915290
vt 0.5025170 0.6027720
vt 0.5025170 0.5907760
f 108/374/108 110/375/110 111/376/111
vt 0.5002310 0.7572870
vt 0.4999880 0.7484260
vt 0.5002310 0.7473740
f 109/377/109 108/378/108 112/379/112
vt 0.5014120 0.5776460
vt 0.5019530 0.5660160
vt 0.5019530 0.5787790
f 109/380/109 112/381/112 113/382/113
vt 0.5032280 0.7840090
vt 0.5032280 0.7765750
vt 0.5036110 0.7764630
f 109/383/109 114/384/114 104/385/104
vt 0.5036110 0.7846620
f 109/383/109 104/385/104 110/386/110
vt 0.1662360 0.7469910
vt 0.1662360 0.7395580
vt 0.1666190 0.7383620
f 114/387/114 109/388/109 113/389/113
vt 0.1666190 0.7476460
f 114/387/114 113/389/113 105/390/105
vt 0.8359010 0.5207990
vt 0.8359010 0.5135250
f 114/391/114 108/392/108 111/313/111
vt 0.8361720 0.5211500
f 114/391/114 111/313/111 104/393/104
vt 0.1660630 0.6904760
vt 0.1660630 0.6979230
vt 0.1654080 0.6983070
f 108/394/108 114/395/114 105/396/105
vt 0.1654080 0.6895490
f 108/394/108 105/396/105 112/397/112
vt 0.5023340 0.8093280
vt 0.5025900 0.8181880
vt 0.5023340 0.8187100
f 115/398/115 116/399/116 117/400/117
vt 0.4967350 0.5902330
vt 0.4961830 0.6014760
vt 0.4961830 0.5894790
f 115/401/115 117/402/117 118/403/118
vt 0.1665120 0.7918640
vt 0.1667550 0.7908110
f 116/326/116 115/404/115 119/405/119
vt 0.5024950 0.5776460
vt 0.5030360 0.5660160
vt 0.5030360 0.5787790
f 116/406/116 119/407/119 120/408/120
vt 0.1642230 0.7761230
vt 0.1642230 0.7686890
vt 0.1646060 0.7685770
f 116/409/116 121/410/121 111/411/111
vt 0.1646060 0.7767760
f 116/409/116 111/411/111 117/412/117
vt 0.5015390 0.7407520
vt 0.5015390 0.7333190
vt 0.5019230 0.7321230
f 121/413/121 116/414/116 120/415/120
vt 0.5019230 0.7414070
f 121/413/121 120/415/120 112/416/112
vt 0.5027960 0.8340460
vt 0.5027960 0.8267710
vt 0.5030670 0.8258410
f 121/417/121 115/418/115 118/419/118
vt 0.5030670 0.8343960
f 121/417/121 118/419/118 111/420/111
vt 0.4968450 0.6894400
vt 0.4968450 0.6968870
vt 0.4961910 0.6972710
f 115/421/115 121/422/121 112/423/112
vt 0.4961910 0.6885130
f 115/421/115 112/423/112 119/424/119
vt 0.1662480 0.8105160
vt 0.1665040 0.8193770
vt 0.1662480 0.8198990
f 122/425/122 123/426/123 124/427/124
vt 0.5030680 0.5795320
vt 0.5025170 0.5907750
vt 0.5025170 0.5787790
f 122/428/122 124/429/124 125/430/125
vt 0.4997830 0.8114200
vt 0.4995400 0.8025590
vt 0.4997830 0.8015070
f 123/431/123 122/432/122 126/433/126
vt 0.4996880 0.5536880
vt 0.5002290 0.5548210
f 123/434/123 126/274/126 127/435/127
vt 0.4974910 0.7840900
vt 0.4974910 0.7766560
vt 0.4978740 0.7765440
f 123/436/123 128/437/128 118/438/118
vt 0.4978740 0.7847430
f 123/436/123 118/438/118 124/439/124
vt 0.4969240 0.7472330
vt 0.4969240 0.7397990
vt 0.4973080 0.7386040
f 128/440/128 123/441/123 127/442/127
vt 0.4973080 0.7478870
f 128/440/128 127/442/127 119/443/119
vt 0.4999080 0.8356410
vt 0.4999080 0.8283660
vt 0.5001790 0.8274360
f 128/444/128 122/445/122 125/446/125
vt 0.5001790 0.8359910
f 128/444/128 125/446/125 118/447/118
vt 0.4980840 0.6900380
vt 0.4980840 0.6974850
vt 0.4974290 0.6978690
f 122/448/122 128/449/128 119/450/119
vt 0.4974290 0.6891110
f 122/448/122 119/450/119 126/451/126
vt 0.5004160 0.8075090
vt 0.5006720 0.8163690
vt 0.5004160 0.8168910
f 129/452/129 130/453/130 131/454/131
vt 0.4967350 0.6022300
vt 0.4961830 0.6134730
f 129/455/129 131/456/131 132/402/132
vt 0.1658440 0.8055460
vt 0.1656010 0.7966850
vt 0.1658440 0.7956330
f 130/457/130 129/458/129 133/459/133
vt 0.5019530 0.5776460
vt 0.5024950 0.5660160
vt 0.5024950 0.5787790
f 130/460/130 133/461/133 134/462/134
vt 0.4995300 0.7840900
vt 0.4995300 0.7766560
f 130/463/130 135/464/135 125/126/125
vt 0.4999130 0.7847430
f 130/463/130 125/126/125 131/465/131
vt 0.5008350 0.7493070
vt 0.5008350 0.7418740
vt 0.5012190 0.7406780
f 135/466/135 130/467/130 134/468/134
vt 0.5012190 0.7499620
f 135/466/135 134/468/134 126/469/126
vt 0.8359010 0.5293540
vt 0.8359010 0.5220800
f 135/470/135 129/471/129 132/393/132
vt 0.8361720 0.5297050
f 135/470/135 132/393/132 125/472/125
vt 0.1667180 0.6904760
vt 0.1667180 0.6979230
vt 0.1660630 0.6983070
f 129/473/129 135/474/135 126/475/126
vt 0.1660630 0.6895500
f 129/473/129 126/475/126 133/476/133
vt 0.5027960 0.8077020
vt 0.5030520 0.8165620
vt 0.5027960 0.8170840
f 136/477/136 137/478/137 138/479/138
vt 0.4979210 0.5810990
vt 0.4973700 0.5923420
vt 0.4973700 0.5803460
f 136/480/136 138/481/138 51/482/51
vt 0.5015110 0.8114410
vt 0.5012680 0.8025800
vt 0.5015110 0.8015270
f 137/483/137 136/484/136 54/485/54
vt 0.5008340 0.5536880
vt 0.5013760 0.5548210
f 137/486/137 54/355/54 139/487/139
vt 0.1671310 0.7761610
vt 0.1671310 0.7687270
vt 0.1675150 0.7686150
f 137/488/137 140/489/140 132/490/132
vt 0.1675150 0.7768140
f 137/488/137 132/490/132 138/491/138
vt 0.5032400 0.7408420
vt 0.5032400 0.7334090
vt 0.5036230 0.7322130
f 140/492/140 137/493/137 139/494/139
vt 0.5036230 0.7414970
f 140/492/140 139/494/139 133/495/133
vt 0.5023190 0.8356720
vt 0.5023190 0.8283970
vt 0.5025900 0.8274680
f 140/496/140 136/497/136 51/498/51
vt 0.5025900 0.8360220
f 140/496/140 51/498/51 132/499/132
vt 0.5002090 0.6900380
vt 0.5002090 0.6974850
vt 0.4995550 0.6978690
f 136/500/136 140/501/140 133/502/133
vt 0.4995550 0.6891110
f 136/500/136 133/502/133 54/503/54
vt 0.4990490 0.6296400
vt 0.4988880 0.6400410
vt 0.4985330 0.6406820
f 141/504/141 142/505/142 78/506/78
vt 0.4985330 0.6289590
f 141/504/141 78/506/78 143/507/143
vt 0.5014900 0.6822330
vt 0.5016390 0.6718350
vt 0.5018860 0.6706960
f 142/508/142 141/509/141 144/510/144
vt 0.5018860 0.6834380
f 142/508/142 144/510/144 79/511/79
vt 0.5037480 0.5371480
vt 0.5037480 0.5297150
vt 0.5039540 0.5295530
f 142/512/142 145/513/145 64/514/64
vt 0.5039540 0.5378510
f 142/512/142 64/514/64 78/515/78
vt 0.4968450 0.6975190
vt 0.4968450 0.6900860
vt 0.4973890 0.6889400
f 145/516/145 142/517/142 79/518/79
vt 0.4973890 0.6981240
f 145/516/145 79/518/79 65/519/65
vt 0.8362150 0.5124150
vt 0.8361720 0.5049690
vt 0.8364380 0.5040400
f 145/520/145 141/521/141 143/522/143
vt 0.8364380 0.5125760
f 145/520/145 143/522/143 64/523/64
vt 0.5032390 0.6729100
vt 0.5031980 0.6801840
vt 0.5025900 0.6807250
f 141/524/141 145/525/145 65/526/65
f 141/524/141 65/526/65 144/261/144
vt 0.4995300 0.7847430
vt 0.4998320 0.7924840
vt 0.4995300 0.7930820
f 146/527/146 147/528/147 75/529/75
vt 0.5024460 0.6399520
vt 0.5019400 0.6511130
vt 0.5019400 0.6392620
f 146/530/146 75/531/75 148/532/148
vt 0.4991020 0.5155790
vt 0.4994150 0.5051840
vt 0.4996790 0.5040490
f 147/533/147 146/534/146 149/535/149
vt 0.4996790 0.5166720
f 147/533/147 149/535/149 76/536/76
vt 0.5014910 0.7582370
vt 0.5014910 0.7508030
vt 0.5019230 0.7506910
f 147/537/147 150/538/150 143/539/143
vt 0.5019230 0.7588900
f 147/537/147 143/539/143 75/540/75
vt 0.4980910 0.7682690
vt 0.4980910 0.7608350
vt 0.4984500 0.7596400
f 150/541/150 147/542/147 76/543/76
vt 0.4984500 0.7689230
f 150/541/150 76/543/76 144/544/144
vt 0.4999080 0.8270530
vt 0.4999080 0.8196060
vt 0.5001790 0.8186790
f 150/545/150 146/546/146 148/547/148
f 150/545/150 148/547/148 143/446/143
vt 0.5038940 0.6989570
vt 0.5038940 0.7062320
vt 0.5032390 0.7065490
f 146/548/146 150/549/150 144/550/144
vt 0.5032390 0.6979940
f 146/548/146 144/550/144 149/551/149
vt 0.4990950 0.7856640
vt 0.4993970 0.7934060
vt 0.4990950 0.7940030
f 151/552/151 152/553/152 83/554/83
vt 0.4996070 0.6412140
vt 0.4991020 0.6523750
vt 0.4991020 0.6405240
f 151/555/151 83/556/83 153/557/153
vt 0.4996790 0.5282020
vt 0.4999920 0.5178070
vt 0.5002570 0.5166720
f 152/558/152 151/559/151 154/560/154
vt 0.5002570 0.5292960
f 152/558/152 154/560/154 84/561/84
vt 0.5032400 0.7583270
vt 0.5032400 0.7508940
vt 0.5036720 0.7507810
f 152/562/152 155/563/155 148/564/148
vt 0.5036720 0.7589800
f 152/562/152 148/564/148 83/565/83
vt 0.4990840 0.7686110
vt 0.4990840 0.7611780
vt 0.4994420 0.7599820
f 155/566/155 152/567/152 84/568/84
vt 0.4994420 0.7692660
f 155/566/155 84/568/84 149/569/149
vt 0.1642930 0.8286220
vt 0.1642930 0.8211750
vt 0.1645640 0.8202480
f 155/570/155 151/571/151 153/572/153
vt 0.1645640 0.8290050
f 155/570/155 153/572/153 148/573/148
vt 0.4991790 0.7067140
vt 0.4991790 0.7139880
vt 0.4985240 0.7143050
f 151/574/151 155/575/155 149/576/149
vt 0.4985240 0.7057500
f 151/574/151 149/576/149 154/577/154
vt 0.5019800 0.7848840
vt 0.5022820 0.7926250
vt 0.5019800 0.7932230
f 156/578/156 157/579/157 90/580/90
vt 0.5007540 0.6515470
vt 0.5002490 0.6627070
vt 0.5002490 0.6508570
f 156/581/156 90/582/90 158/583/158
vt 0.5002570 0.5282020
vt 0.5005690 0.5178070
vt 0.5008340 0.5166720
f 157/584/157 156/585/156 159/586/159
vt 0.5008340 0.5292960
f 157/584/157 159/586/159 91/587/91
vt 0.5007860 0.7575080
vt 0.5007860 0.7500740
f 157/588/157 160/589/160 153/469/153
vt 0.5012190 0.7581610
f 157/588/157 153/469/153 90/590/90
vt 0.4995550 0.7676900
vt 0.4995550 0.7602570
vt 0.4999130 0.7590610
f 160/591/160 157/592/157 91/593/91
f 160/591/160 91/593/91 154/125/154
vt 0.5023190 0.8270840
vt 0.5023190 0.8196370
vt 0.5025910 0.8187100
f 160/594/160 156/595/156 158/596/158
vt 0.5025910 0.8274670
f 160/594/160 158/596/158 153/597/153
vt 0.5025900 0.6991790
vt 0.5025900 0.7064530
vt 0.5019350 0.7067700
f 156/598/156 160/599/160 154/600/154
vt 0.5019350 0.6982150
f 156/598/156 154/600/154 159/601/159
vt 0.5036170 0.7711620
vt 0.5039190 0.7789030
vt 0.5036170 0.7795010
f 161/602/161 162/603/162 97/604/97
vt 0.4973480 0.6508580
vt 0.4968430 0.6620190
vt 0.4968430 0.6501690
f 161/605/161 97/606/97 163/607/163
vt 0.5002570 0.5155790
vt 0.5005690 0.5051840
vt 0.5008340 0.5040490
f 162/608/162 161/609/161 164/610/164
f 162/608/162 164/610/164 98/586/98
vt 0.4974300 0.7584080
vt 0.4974300 0.7509740
vt 0.4978620 0.7508620
f 162/611/162 165/612/165 158/613/158
vt 0.4978620 0.7590610
f 162/611/162 158/613/158 97/614/97
vt 0.5022930 0.7598560
vt 0.5022940 0.7672900
vt 0.5019350 0.7684850
f 165/615/165 162/616/162 98/617/98
vt 0.5019350 0.7592020
f 165/615/165 98/617/98 159/618/159
vt 0.1662330 0.8282730
vt 0.1662330 0.8208260
vt 0.1665040 0.8198990
f 165/619/165 161/620/161 163/621/163
vt 0.1665040 0.8286560
f 165/619/165 163/621/163 158/622/158
vt 0.1654090 0.6992700
vt 0.1654090 0.7065450
vt 0.1647540 0.7068620
f 161/623/161 165/624/165 159/625/159
f 161/623/161 159/625/159 164/316/164
vt 0.1646640 0.7849750
vt 0.1649660 0.7927160
vt 0.1646640 0.7933140
f 166/626/166 167/627/167 104/628/104
vt 0.4990380 0.6413720
vt 0.4985330 0.6525330
f 166/629/166 104/630/104 168/506/168
vt 0.4991020 0.5282020
vt 0.4994150 0.5178070
vt 0.4996790 0.5166730
f 167/631/167 166/632/166 169/633/169
vt 0.4996790 0.5292960
f 167/631/167 169/633/169 105/634/105
vt 0.4995550 0.7584080
vt 0.4995550 0.7509740
vt 0.4999870 0.7508620
f 167/635/167 170/636/170 163/637/163
vt 0.4999870 0.7590610
f 167/635/167 163/637/163 104/638/104
vt 0.1649770 0.7686510
vt 0.1649770 0.7612180
vt 0.1653350 0.7600220
f 170/639/170 167/640/167 105/641/105
vt 0.1653350 0.7693060
f 170/639/170 105/641/105 164/642/164
vt 0.1645660 0.8286220
vt 0.1645660 0.8211750
vt 0.1648370 0.8202480
f 170/643/170 166/644/166 168/645/168
vt 0.1648370 0.8290050
f 170/643/170 168/645/168 163/646/163
vt 0.4968460 0.7069950
vt 0.4968460 0.7142700
vt 0.4961910 0.7145860
f 166/647/166 170/648/170 164/649/164
vt 0.4961910 0.7060320
f 166/647/166 164/649/164 169/650/169
vt 0.1642930 0.7849750
vt 0.1645940 0.7927160
vt 0.1642930 0.7933140
f 171/651/171 172/652/172 111/653/111
vt 0.4967480 0.6387830
vt 0.4962420 0.6499440
vt 0.4962420 0.6380930
f 171/654/171 111/655/111 173/656/173
vt 0.4985250 0.5282020
vt 0.4988370 0.5178070
vt 0.4991020 0.5166730
f 172/657/172 171/658/171 174/659/174
vt 0.4991020 0.5292960
f 172/657/172 174/659/174 112/660/112
vt 0.4985740 0.7575280
vt 0.4985730 0.7500950
vt 0.4990060 0.7499830
f 172/661/172 175/662/175 168/663/168
vt 0.4990060 0.7581820
f 172/661/172 168/663/168 111/664/111
vt 0.1640990 0.7679220
vt 0.1640990 0.7604890
vt 0.1644580 0.7592930
f 175/665/175 172/666/172 112/667/112
vt 0.1644580 0.7685770
f 175/665/175 112/667/112 169/668/169
vt 0.1665120 0.8283940
vt 0.1665120 0.8209470
vt 0.1667830 0.8200200
f 175/669/175 171/670/171 173/671/173
vt 0.1667830 0.8287780
f 175/669/175 173/671/173 168/672/168
vt 0.1660640 0.6992700
vt 0.1660640 0.7065450
vt 0.1654090 0.7068620
f 171/673/171 175/674/175 169/675/169
vt 0.1654090 0.6983070
f 171/673/171 169/675/169 174/676/174
vt 0.1675150 0.7850130
vt 0.1678170 0.7927540
vt 0.1675150 0.7933520
f 176/677/176 177/678/177 118/679/118
vt 0.5036670 0.6518030
vt 0.5031620 0.6629640
vt 0.5031620 0.6511130
f 176/680/176 118/681/118 178/682/178
vt 0.5008340 0.5155790
vt 0.5011470 0.5051840
vt 0.5014120 0.5040490
f 177/683/177 176/684/176 179/685/179
vt 0.5014120 0.5166720
f 177/683/177 179/685/179 119/686/119
vt 0.5019350 0.7585480
vt 0.5019350 0.7511150
vt 0.5023680 0.7510020
f 177/687/177 180/688/180 173/689/173
vt 0.5023680 0.7592020
f 177/687/177 173/689/173 118/690/118
vt 0.1649650 0.7599480
vt 0.1649650 0.7673810
f 180/691/180 177/692/177 119/411/119
vt 0.1646060 0.7592930
f 180/691/180 119/411/119 174/693/174
vt 0.4995400 0.8285510
vt 0.4995400 0.8211040
vt 0.4998110 0.8201770
f 180/694/180 176/695/176 178/696/178
vt 0.4998110 0.8289350
f 180/694/180 178/696/178 173/697/173
vt 0.1673730 0.6992950
vt 0.1673730 0.7065700
vt 0.1667180 0.7068860
f 176/698/176 180/699/180 174/700/174
f 176/698/176 174/700/174 179/111/179
vt 0.1672130 0.7850130
vt 0.1675150 0.7927540
vt 0.1672130 0.7933520
f 181/701/181 182/702/182 125/703/125
vt 0.5024460 0.6518030
vt 0.5019400 0.6629640
f 181/704/181 125/705/125 183/531/183
vt 0.4979470 0.5282020
vt 0.4982600 0.5178070
vt 0.4985240 0.5166730
f 182/706/182 181/707/181 184/708/184
vt 0.4985240 0.5292960
f 182/706/182 184/708/184 126/709/126
vt 0.1641000 0.7586400
vt 0.1640990 0.7512070
vt 0.1645320 0.7510940
f 182/710/182 185/711/185 178/712/178
vt 0.1645320 0.7592930
f 182/710/182 178/712/178 125/713/125
vt 0.1654090 0.7686510
vt 0.1654090 0.7612180
vt 0.1657680 0.7600220
f 185/714/185 182/715/182 126/716/126
vt 0.1657680 0.7693060
f 185/714/185 126/716/126 179/717/179
vt 0.1668060 0.8286440
vt 0.1668060 0.8211970
vt 0.1670770 0.8202700
f 185/718/185 181/719/181 183/720/183
vt 0.1670770 0.8290280
f 185/718/185 183/720/183 178/721/178
vt 0.5038940 0.7075120
vt 0.5038940 0.7147870
vt 0.5032390 0.7151040
f 181/722/181 185/723/185 179/724/179
f 181/722/181 179/724/179 184/550/184
vt 0.4981730 0.7853220
vt 0.4984750 0.7930630
vt 0.4981730 0.7936610
f 186/725/186 187/726/187 132/727/132
vt 0.5036680 0.6399520
vt 0.5031620 0.6392620
f 186/728/186 132/682/132 44/729/44
vt 0.4973700 0.5282020
vt 0.4976820 0.5178070
vt 0.4979470 0.5166730
f 187/730/187 186/731/186 47/732/47
vt 0.4979470 0.5292960
f 187/730/187 47/732/47 133/733/133
vt 0.4961910 0.7578100
vt 0.4961910 0.7503760
vt 0.4966240 0.7502640
f 187/734/187 188/735/188 183/736/183
vt 0.4966240 0.7584630
f 187/734/187 183/736/183 132/737/132
vt 0.1675150 0.7679600
vt 0.1675150 0.7605270
vt 0.1678740 0.7593310
f 188/738/188 187/739/187 133/740/133
vt 0.1678740 0.7686150
f 188/738/188 133/740/133 184/741/184
vt 0.5012400 0.8285720
vt 0.5012400 0.8211250
vt 0.5015110 0.8201980
f 188/742/188 186/743/186 44/744/44
vt 0.5015110 0.8289560
f 188/742/188 44/744/44 183/745/183
vt 0.5014900 0.7066930
vt 0.5014900 0.7139680
vt 0.5008350 0.7142850
f 186/746/186 188/747/188 184/748/184
vt 0.5008350 0.7057300
f 186/746/186 184/748/184 47/749/47
vt 0.5025170 0.5795240
vt 0.5023460 0.5900440
vt 0.5019530 0.5906490
f 189/750/189 190/751/190 64/752/64
f 189/750/189 64/752/64 191/382/191
vt 0.4980840 0.7424850
vt 0.4978370 0.7331990
vt 0.4980840 0.7322940
f 190/753/190 189/754/189 192/755/192
vt 0.4991780 0.6823320
vt 0.4995440 0.6706960
vt 0.4995440 0.6835760
f 190/756/190 192/757/192 65/758/65
vt 0.5037270 0.6107250
vt 0.5037270 0.6035270
vt 0.5039490 0.6034110
f 190/759/190 193/760/193 68/761/68
vt 0.5039490 0.6114460
f 190/759/190 68/761/68 64/762/64
vt 0.1673720 0.6806140
vt 0.1673720 0.6731810
vt 0.1679770 0.6720350
f 193/763/193 190/764/190 65/765/65
vt 0.1679770 0.6812190
f 193/763/193 65/765/65 69/766/69
vt 0.8362150 0.5464170
vt 0.8361720 0.5391430
vt 0.8364380 0.5382600
f 193/767/193 189/768/189 191/769/191
vt 0.8364380 0.5466090
f 193/767/193 191/769/191 68/770/68
vt 0.5030950 0.6549150
vt 0.5030540 0.6623620
vt 0.5024450 0.6629640
f 189/771/189 193/772/193 69/773/69
vt 0.5024450 0.6539850
f 189/771/189 69/773/69 192/774/192
vt 0.5036680 0.6494530
vt 0.5039190 0.6587390
vt 0.5036680 0.6594830
f 194/775/194 195/776/195 143/777/143
vt 0.4973360 0.5904580
vt 0.4967840 0.6017010
vt 0.4967840 0.5897040
f 194/778/194 143/779/143 196/780/196
vt 0.5002090 0.7424850
vt 0.4999620 0.7331990
vt 0.5002090 0.7322940
f 195/781/195 194/782/194 197/783/197
vt 0.4973700 0.5792130
vt 0.4979110 0.5675830
vt 0.4979110 0.5803460
f 195/784/195 197/785/197 144/786/144
vt 0.1675150 0.7761610
vt 0.1675150 0.7687270
vt 0.1678980 0.7686150
f 195/787/195 198/788/198 191/789/191
vt 0.1678980 0.7768140
f 195/787/195 191/789/191 143/790/143
vt 0.4985730 0.7493280
vt 0.4985730 0.7418950
vt 0.4989570 0.7406990
f 198/791/198 195/792/195 144/793/144
vt 0.4989570 0.7499830
f 198/791/198 144/793/144 192/794/192
vt 0.1675200 0.8284420
vt 0.1675200 0.8211680
vt 0.1677910 0.8202860
f 198/795/198 194/796/194 196/797/196
vt 0.1677910 0.8288410
f 198/795/198 196/797/196 191/798/191
vt 0.5014900 0.6803810
vt 0.5014900 0.6878280
vt 0.5008350 0.6882110
f 194/799/194 198/800/198 192/801/192
vt 0.5008350 0.6794540
f 194/799/194 192/801/192 197/802/197
vt 0.5023880 0.7474050
vt 0.5026390 0.7566910
vt 0.5023880 0.7574350
f 199/803/199 200/804/200 148/805/148
vt 0.4996540 0.5920380
vt 0.4991020 0.6032810
vt 0.4991020 0.5912850
f 199/806/199 148/807/148 201/808/201
vt 0.5039510 0.5634440
vt 0.5037040 0.5541580
vt 0.5039510 0.5532540
f 200/809/200 199/810/199 202/811/202
vt 0.4991020 0.5646260
vt 0.4996440 0.5529970
vt 0.4996440 0.5657590
f 200/812/200 202/813/202 149/814/149
vt 0.4980910 0.7764690
vt 0.4980910 0.7690360
vt 0.4984750 0.7689230
f 200/815/200 203/816/203 196/817/196
vt 0.4984750 0.7771220
f 200/815/200 196/817/196 148/818/148
vt 0.4961910 0.7496090
vt 0.4961910 0.7421760
f 203/819/203 200/820/200 149/336/149
vt 0.4965750 0.7502640
f 203/819/203 149/336/149 197/821/197
vt 0.4978810 0.8285730
vt 0.4978810 0.8212980
vt 0.4981520 0.8204170
f 203/822/203 199/823/199 201/824/201
vt 0.4981520 0.8289720
f 203/822/203 201/824/201 196/825/196
vt 0.5038940 0.6901630
vt 0.5038940 0.6976100
f 199/826/199 203/827/203 197/551/197
vt 0.5032390 0.6892360
f 199/826/199 197/551/197 202/828/202
vt 0.4966730 0.7478870
vt 0.4969240 0.7571730
vt 0.4966730 0.7579180
f 204/829/204 205/830/205 153/831/153
vt 0.5025050 0.5914030
vt 0.5019530 0.6026460
f 204/832/204 153/833/153 206/752/206
vt 0.5039190 0.7609710
vt 0.5036720 0.7516860
vt 0.5039190 0.7507810
f 205/834/205 204/835/204 207/836/207
vt 0.4979470 0.5901520
vt 0.4984890 0.5785220
vt 0.4984890 0.5912850
f 205/837/205 207/838/207 154/839/154
vt 0.4969740 0.7718310
vt 0.4969740 0.7643980
vt 0.4973570 0.7642860
f 205/840/205 208/841/208 201/842/201
vt 0.4973570 0.7724850
f 205/840/205 201/842/201 153/843/153
vt 0.4974290 0.7409230
vt 0.4974290 0.7334900
vt 0.4978130 0.7322940
f 208/844/208 205/845/205 154/846/154
vt 0.4978130 0.7415780
f 208/844/208 154/846/154 202/847/202
vt 0.1672480 0.8284420
vt 0.1672480 0.8211680
vt 0.1675200 0.8202860
f 208/848/208 204/849/204 206/850/206
vt 0.1675200 0.8288410
f 208/848/208 206/850/206 201/851/201
vt 0.4968450 0.6806830
vt 0.4968450 0.6881300
f 204/852/204 208/853/208 202/424/202
vt 0.4961910 0.6797560
f 204/852/204 202/424/202 207/854/207
vt 0.5029640 0.6983990
vt 0.5032150 0.7076850
vt 0.5029640 0.7084290
f 209/855/209 210/856/210 158/857/158
vt 0.4984990 0.5920380
vt 0.4979470 0.6032810
vt 0.4979470 0.5912850
f 209/858/209 158/859/158 211/860/211
vt 0.5039190 0.7711620
vt 0.5036720 0.7618760
f 210/861/210 209/862/209 212/834/212
vt 0.4996880 0.5792130
vt 0.5002290 0.5675830
vt 0.5002290 0.5803460
f 210/863/210 212/864/212 159/865/159
vt 0.4990840 0.7768120
vt 0.4990840 0.7693780
vt 0.4994670 0.7692660
f 210/866/210 213/867/213 206/868/206
vt 0.4994670 0.7774650
f 210/866/210 206/868/206 158/869/158
vt 0.5015390 0.7500360
vt 0.5015390 0.7426030
f 213/870/213 210/871/210 159/416/159
f 213/870/213 159/416/159 207/539/207
vt 0.5033190 0.8284450
vt 0.5033190 0.8211700
vt 0.5035910 0.8202880
f 213/872/213 209/873/209 211/874/211
vt 0.5035910 0.8288430
f 213/872/213 211/874/211 206/875/206
vt 0.4980840 0.6812810
vt 0.4980840 0.6887280
f 209/876/209 213/877/213 207/451/207
vt 0.4974290 0.6803540
f 209/876/209 207/451/207 212/878/212
vt 0.5005840 0.7067380
vt 0.5008360 0.7160240
vt 0.5005840 0.7167690
f 214/879/214 215/880/215 163/881/163
vt 0.4973360 0.6024550
vt 0.4967840 0.6136980
f 214/882/214 163/883/163 216/779/216
vt 0.5025890 0.7426250
vt 0.5023420 0.7333390
vt 0.5025890 0.7324350
f 215/884/215 214/885/214 217/886/217
vt 0.4979470 0.5646270
vt 0.4984890 0.5529970
vt 0.4984890 0.5657600
f 215/887/215 217/888/217 164/889/164
vt 0.1649770 0.7768520
vt 0.1649770 0.7694180
vt 0.1653600 0.7693060
f 215/890/215 218/891/218 211/892/211
vt 0.1653600 0.7775050
f 215/890/215 211/892/211 163/893/163
vt 0.5032390 0.7501260
vt 0.5032390 0.7426930
f 218/894/218 215/895/215 164/495/164
vt 0.5036230 0.7507810
f 218/894/218 164/495/164 212/896/212
vt 0.5009020 0.8286610
vt 0.5009020 0.8213870
vt 0.5011730 0.8205050
f 218/897/218 214/898/214 216/899/216
vt 0.5011730 0.8290600
f 218/897/218 216/899/216 211/900/211
vt 0.5025900 0.6903850
vt 0.5025900 0.6978320
f 214/901/214 218/902/218 212/601/212
vt 0.5019350 0.6894580
f 214/901/214 212/601/212 217/903/217
vt 0.1660640 0.7070880
vt 0.1663150 0.7163740
vt 0.1660640 0.7171180
f 219/904/219 220/905/220 168/906/168
vt 0.4990850 0.5930960
vt 0.4985330 0.6043390
vt 0.4985330 0.5923420
f 219/907/219 168/908/168 221/909/221
vt 0.5039020 0.6368300
vt 0.5036550 0.6275440
vt 0.5039020 0.6266390
f 220/910/220 219/911/219 222/912/222
vt 0.4985330 0.5792130
vt 0.4990750 0.5675830
vt 0.4990750 0.5803460
f 220/913/220 222/914/222 169/915/169
vt 0.5002800 0.7724020
vt 0.5002800 0.7649690
vt 0.5006630 0.7648570
f 220/916/220 223/917/223 216/918/216
vt 0.5006630 0.7730560
f 220/916/220 216/918/216 168/919/168
vt 0.4995550 0.7409230
vt 0.4995550 0.7334900
vt 0.4999380 0.7322940
f 223/920/223 220/921/220 169/922/169
vt 0.4999380 0.7415780
f 223/920/223 169/922/169 217/923/217
vt 0.5020000 0.8284740
vt 0.5020000 0.8212000
vt 0.5022710 0.8203180
f 223/924/223 219/925/219 221/926/221
vt 0.5022710 0.8288730
f 223/924/223 221/926/221 216/927/216
vt 0.5002090 0.6812810
vt 0.5002090 0.6887280
f 219/928/219 223/929/223 217/503/217
vt 0.4995550 0.6803540
f 219/928/219 217/503/217 222/930/222
vt 0.4968260 0.7409820
vt 0.4965750 0.7417260
f 224/335/224 225/931/225 173/932/173
vt 0.5008000 0.6031430
vt 0.5002480 0.6143860
vt 0.5002480 0.6023900
f 224/933/224 173/934/173 226/935/226
vt 0.5014660 0.7581610
vt 0.5012190 0.7488750
vt 0.5014660 0.7479710
f 225/936/225 224/937/224 227/938/227
vt 0.5008340 0.5792130
vt 0.5013760 0.5675830
vt 0.5013760 0.5803460
f 225/939/225 227/940/227 174/941/174
vt 0.1653840 0.7768520
vt 0.1653840 0.7694180
f 225/942/225 228/943/228 221/717/221
vt 0.1657680 0.7775050
f 225/942/225 221/717/221 173/944/173
vt 0.4974290 0.7502070
vt 0.4974290 0.7427740
f 228/945/228 225/946/225 174/847/174
vt 0.4978130 0.7508620
f 228/945/228 174/847/174 222/947/222
vt 0.4988070 0.8284830
vt 0.4988070 0.8212080
vt 0.4990790 0.8203260
f 228/948/228 224/949/224 226/950/226
vt 0.4990790 0.8288810
f 228/948/228 226/950/226 221/951/221
vt 0.5038940 0.6814060
vt 0.5038940 0.6888530
f 224/952/224 228/953/228 222/828/222
vt 0.5032390 0.6804790
f 224/952/224 222/828/222 227/954/227
vt 0.5012880 0.7321230
vt 0.5015390 0.7414090
vt 0.5012880 0.7421530
f 229/955/229 230/956/230 178/957/178
vt 0.5025050 0.6033990
vt 0.5019530 0.6146430
f 229/958/229 178/959/178 231/833/231
vt 0.5018100 0.7783640
vt 0.5015630 0.7690780
vt 0.5018100 0.7681740
f 230/960/230 229/961/229 232/962/232
vt 0.4973700 0.5409250
vt 0.4979110 0.5292960
f 230/963/230 232/964/232 179/300/179
vt 0.1658420 0.7791190
vt 0.1658420 0.7716860
vt 0.1662250 0.7715730
f 230/965/230 233/966/233 226/967/226
vt 0.1662250 0.7797720
f 230/965/230 226/967/226 178/968/178
vt 0.4995540 0.7502070
vt 0.4995550 0.7427740
f 233/969/233 230/970/230 179/923/179
vt 0.4999380 0.7508620
f 233/969/233 179/923/179 227/971/227
vt 0.4982030 0.8287500
vt 0.4982030 0.8214760
vt 0.4984750 0.8205940
f 233/972/233 229/973/229 231/974/231
vt 0.4984750 0.8291490
f 233/972/233 231/974/231 226/975/226
vt 0.1647540 0.6904760
vt 0.1647540 0.6979230
vt 0.1640990 0.6983070
f 229/976/229 233/977/233 227/978/227
vt 0.1640990 0.6895490
f 229/976/229 227/978/227 232/979/232
vt 0.5038740 0.7414990
vt 0.5036230 0.7422430
f 234/494/234 235/980/235 183/981/183
vt 0.5037140 0.6033990
vt 0.5031620 0.6146430
vt 0.5031620 0.6026460
f 234/982/234 183/983/183 35/984/35
vt 0.5039150 0.6494530
vt 0.5036680 0.6401670
vt 0.5039150 0.6392620
f 235/985/235 234/986/234 38/987/38
vt 0.4961830 0.5883460
vt 0.4967250 0.5767170
vt 0.4967250 0.5894800
f 235/988/235 38/989/38 184/990/184
vt 0.5026880 0.7724340
vt 0.5026880 0.7650000
vt 0.5030720 0.7648880
f 235/991/235 236/992/236 231/993/231
vt 0.5030720 0.7730870
f 235/991/235 231/993/231 183/994/183
vt 0.5019350 0.7410640
vt 0.5019350 0.7336310
vt 0.5023190 0.7324350
f 236/995/236 235/996/235 184/997/184
vt 0.5023190 0.7417190
f 236/995/236 184/997/184 232/998/232
vt 0.4991000 0.8285620
vt 0.4991000 0.8212880
vt 0.4993710 0.8204060
f 236/999/236 234/1000/234 35/1001/35
vt 0.4993710 0.8289610
f 236/999/236 35/1001/35 231/1002/231
vt 0.5025900 0.6816270
vt 0.5025900 0.6890740
f 234/1003/234 236/1004/236 232/903/232
vt 0.5019350 0.6807000
f 234/1003/234 232/903/232 38/1005/38
vt 0.4967810 0.5292790
vt 0.4966050 0.5396790
vt 0.4961830 0.5402530
f 237/1006/237 238/1007/238 68/1008/68
vt 0.4961830 0.5285150
f 237/1006/237 68/1008/68 82/1009/82
vt 0.5018580 0.7868950
vt 0.5015630 0.7791540
vt 0.5018580 0.7783640
f 238/1010/238 237/1011/237 85/1012/85
vt 0.4968750 0.7187650
vt 0.4972010 0.7073090
vt 0.4972010 0.7200360
f 238/1013/238 85/1014/85 69/1015/69
vt 0.8361720 0.5800750
vt 0.8361720 0.5726410
vt 0.8364270 0.5724790
f 238/1016/238 239/1017/239 63/1018/63
vt 0.8364270 0.5807780
f 238/1016/238 63/1018/63 68/1019/68
vt 0.4974290 0.6620120
vt 0.4974290 0.6545790
vt 0.4980670 0.6534330
f 239/1020/239 238/1021/238 69/1022/69
vt 0.4980670 0.6626170
f 239/1020/239 69/1022/69 66/1023/66
vt 0.8359440 0.6662920
vt 0.8359010 0.6588450
vt 0.8361670 0.6579160
f 239/1024/239 237/1025/237 82/1026/82
vt 0.8361670 0.6664530
f 239/1024/239 82/1026/82 63/1027/63
vt 0.4980790 0.6987200
vt 0.4980370 0.7059950
vt 0.4974290 0.7066300
f 237/1028/237 239/1029/239 66/1030/66
f 237/1028/237 66/1030/66 85/450/85
vt 0.4973700 0.5175500
vt 0.4970370 0.5279460
vt 0.4967840 0.5286270
f 240/1031/240 241/1032/241 191/1033/191
vt 0.4967840 0.5167760
f 240/1031/240 191/1033/191 89/1034/89
vt 0.5039120 0.7880320
vt 0.5036170 0.7802900
vt 0.5039120 0.7795010
f 241/1035/241 240/1036/240 92/1037/92
vt 0.5008240 0.6277870
vt 0.5013170 0.6163360
vt 0.5013170 0.6289590
f 241/1038/241 92/1039/92 192/1040/192
vt 0.5023300 0.7888320
vt 0.5023300 0.7813990
vt 0.5026880 0.7812860
f 241/1041/241 242/1042/242 82/1043/82
vt 0.5026880 0.7894850
f 241/1041/241 82/1043/82 191/1044/191
vt 0.1675150 0.7319100
vt 0.1675150 0.7244760
vt 0.1679480 0.7232810
f 242/1045/242 241/1046/241 192/1047/192
vt 0.1679480 0.7325640
f 242/1045/242 192/1047/192 85/1048/85
vt 0.1653040 0.8216520
vt 0.1653040 0.8142050
vt 0.1655750 0.8132780
f 242/1049/242 240/1050/240 89/1051/89
vt 0.1655750 0.8220360
f 242/1049/242 89/1051/89 82/1052/82
vt 0.1647540 0.6991540
vt 0.1647540 0.7064290
vt 0.1640990 0.7068620
f 240/1053/240 242/1054/242 85/1055/85
f 240/1053/240 85/1055/85 92/978/92
vt 0.4967690 0.5410260
vt 0.4964360 0.5514230
vt 0.4961830 0.5521040
f 243/1056/243 244/1057/244 196/1058/196
f 243/1056/243 196/1058/196 96/1008/96
vt 0.4988570 0.7923950
vt 0.4985610 0.7846530
vt 0.4988570 0.7838640
f 244/1059/244 243/1060/243 99/1061/99
vt 0.4979470 0.6267290
vt 0.4984400 0.6152780
vt 0.4984400 0.6279010
f 244/1062/244 99/1063/99 197/1064/197
vt 0.1646060 0.7761230
vt 0.1646060 0.7686890
vt 0.1649650 0.7685770
f 244/1065/244 245/1066/245 89/1067/89
vt 0.1649650 0.7767760
f 244/1065/244 89/1067/89 196/1068/196
vt 0.4980910 0.7322180
vt 0.4980910 0.7247850
vt 0.4985240 0.7235890
f 245/1069/245 244/1070/244 197/1071/197
vt 0.4985240 0.7328730
f 245/1069/245 197/1071/197 92/1072/92
vt 0.4970700 0.8248310
vt 0.4970700 0.8173840
vt 0.4973410 0.8164570
f 245/1073/245 243/1074/243 96/1075/96
f 245/1073/245 96/1075/96 89/339/89
vt 0.1654080 0.7162640
vt 0.1654080 0.7235390
vt 0.1647540 0.7239710
f 243/1076/243 245/1077/245 92/1078/92
vt 0.1647540 0.7154170
f 243/1076/243 92/1078/92 99/1079/99
vt 0.4973700 0.5294010
vt 0.4970370 0.5397970
vt 0.4967840 0.5404780
f 246/1080/246 247/1081/247 201/1082/201
f 246/1080/246 201/1082/201 103/1033/103
vt 0.1670520 0.7931750
vt 0.1667570 0.7854340
f 247/1083/247 246/1084/246 106/359/106
vt 0.5002480 0.6378330
vt 0.5007410 0.6263830
vt 0.5007410 0.6390060
f 247/1085/247 106/1086/106 202/1087/202
vt 0.4999210 0.7806020
vt 0.4999210 0.7731680
f 247/1088/247 248/1089/248 96/100/96
vt 0.5002800 0.7812550
f 247/1088/247 96/100/96 201/1090/201
vt 0.5025900 0.7188990
vt 0.5025900 0.7114660
vt 0.5030230 0.7102700
f 248/1091/248 247/1092/247 202/1093/202
vt 0.5030230 0.7195540
f 248/1091/248 202/1093/202 99/1094/99
vt 0.1649970 0.8218140
vt 0.1649970 0.8143670
vt 0.1652690 0.8134400
f 248/1095/248 246/1096/246 103/1097/103
vt 0.1652690 0.8221970
f 248/1095/248 103/1097/103 96/1098/96
vt 0.1647540 0.7077090
vt 0.1647540 0.7149840
vt 0.1640990 0.7154170
f 246/1099/246 248/1100/248 99/1101/99
f 246/1099/246 99/1101/99 106/1055/106
vt 0.4996880 0.5300690
vt 0.4993550 0.5404660
vt 0.4991020 0.5411470
f 249/1102/249 250/1103/250 206/1104/206
f 249/1102/249 206/1104/206 110/660/110
vt 0.5036110 0.7931930
vt 0.5033160 0.7854520
f 250/1105/250 249/1106/249 113/386/113
vt 0.4991020 0.6267280
vt 0.4995950 0.6152780
vt 0.4995950 0.6279010
f 250/1107/250 113/1108/113 207/1109/207
vt 0.1662610 0.7901580
vt 0.1662610 0.7827240
vt 0.1666190 0.7826120
f 250/1110/250 251/1111/251 103/1112/103
vt 0.1666190 0.7908110
f 250/1110/250 103/1112/103 206/1113/206
vt 0.5014910 0.7314690
vt 0.5014910 0.7240350
vt 0.5019230 0.7228390
f 251/1114/251 250/1115/250 207/1116/207
f 251/1114/251 207/1116/207 106/415/106
vt 0.5015480 0.8228430
vt 0.5015480 0.8153960
vt 0.5018190 0.8144690
f 251/1117/251 249/1118/249 110/1119/110
vt 0.5018190 0.8232260
f 251/1117/251 110/1119/110 103/1120/103
vt 0.5038940 0.7159510
vt 0.5038940 0.7232260
vt 0.5032390 0.7236580
f 249/1121/249 251/1122/251 106/1123/106
vt 0.5032390 0.7151030
f 249/1121/249 106/1123/106 113/1124/113
vt 0.4973700 0.5412510
vt 0.4970370 0.5516480
vt 0.4967840 0.5523290
f 252/1125/252 253/1126/253 211/1127/211
f 252/1125/252 211/1127/211 117/1082/117
vt 0.4964860 0.7926760
vt 0.4961910 0.7849350
vt 0.4964860 0.7841450
f 253/1128/253 252/1129/252 120/1130/120
vt 0.4996880 0.6277860
vt 0.5001800 0.6163360
vt 0.5001800 0.6289590
f 253/1131/253 120/1132/120 212/1133/212
vt 0.4969740 0.7882300
vt 0.4969740 0.7807960
vt 0.4973320 0.7806840
f 253/1134/253 254/1135/254 110/1136/110
vt 0.4973320 0.7888830
f 253/1134/253 110/1136/110 211/1137/211
vt 0.1654090 0.7326010
vt 0.1654090 0.7251670
vt 0.1658420 0.7239720
f 254/1138/254 253/1139/253 212/1140/212
f 254/1138/254 212/1140/212 113/129/113
vt 0.5004010 0.8252650
vt 0.5004010 0.8178180
vt 0.5006720 0.8168910
f 254/1141/254 252/1142/252 117/1143/117
f 254/1141/254 117/1143/117 110/366/110
vt 0.1647540 0.7162640
vt 0.1647540 0.7235390
vt 0.1640990 0.7239720
f 252/1144/252 254/1145/254 113/1146/113
f 252/1144/252 113/1146/113 120/1101/120
vt 0.4967690 0.5528770
vt 0.4964360 0.5632730
vt 0.4961830 0.5639540
f 255/1147/255 256/1148/256 216/1149/216
f 255/1147/255 216/1149/216 124/1058/124
vt 0.4968700 0.7926760
vt 0.4965750 0.7849350
vt 0.4968700 0.7841450
f 256/1150/256 255/1151/255 127/1152/127
vt 0.4962420 0.6369200
vt 0.4967350 0.6254690
vt 0.4967350 0.6380930
f 256/1153/256 127/1154/127 217/1155/217
vt 0.5002800 0.7888010
vt 0.5002800 0.7813680
vt 0.5006380 0.7812550
f 256/1156/256 257/1157/257 117/1158/117
vt 0.5006380 0.7894540
f 256/1156/256 117/1158/117 216/1159/216
vt 0.1675150 0.7226260
vt 0.1675150 0.7151930
vt 0.1679480 0.7139970
f 257/1160/257 256/1161/256 217/1162/217
vt 0.1679480 0.7232800
f 257/1160/257 217/1162/217 120/1163/120
vt 0.1658540 0.8240810
vt 0.1658540 0.8166340
vt 0.1661250 0.8157070
f 257/1164/257 255/1165/255 124/1166/124
vt 0.1661250 0.8244640
f 257/1164/257 124/1166/124 117/1167/117
vt 0.5002090 0.7160320
vt 0.5002090 0.7233060
vt 0.4995550 0.7237390
f 255/1168/255 257/1169/257 120/1170/120
vt 0.4995550 0.7151840
f 255/1168/255 120/1170/120 127/1171/127
vt 0.4985330 0.5300690
vt 0.4982000 0.5404650
vt 0.4979470 0.5411460
f 258/1172/258 259/1173/259 221/1174/221
f 258/1172/258 221/1174/221 131/733/131
vt 0.5039180 0.7507740
vt 0.5036230 0.7430330
vt 0.5039180 0.7422430
f 259/1175/259 258/1176/258 134/1177/134
vt 0.5025760 0.6262200
vt 0.5030680 0.6147690
vt 0.5030680 0.6273920
f 259/1178/259 134/1179/134 222/1180/222
vt 0.5007860 0.7913890
vt 0.5007860 0.7839560
vt 0.5011450 0.7838430
f 259/1181/259 260/1182/260 124/1183/124
vt 0.5011450 0.7920420
f 259/1181/259 124/1183/124 221/1184/221
vt 0.1649760 0.7326010
vt 0.1649760 0.7251680
vt 0.1654080 0.7239720
f 260/1185/260 259/1186/259 222/1187/222
vt 0.1654080 0.7332550
f 260/1185/260 222/1187/222 127/1188/127
vt 0.1655830 0.8240810
vt 0.1655830 0.8166340
f 260/1189/260 258/1190/258 131/165/131
vt 0.1658540 0.8244640
f 260/1189/260 131/165/131 124/1191/124
vt 0.4980840 0.7160320
vt 0.4980840 0.7233070
vt 0.4974290 0.7237390
f 258/1192/258 260/1193/260 127/1194/127
vt 0.4974290 0.7151840
f 258/1192/258 127/1194/127 134/1195/134
vt 0.4996880 0.5419200
vt 0.4993550 0.5523160
vt 0.4991020 0.5529970
f 261/1196/261 262/1197/262 226/1198/226
vt 0.4991020 0.5411460
f 261/1196/261 226/1198/226 138/1199/138
vt 0.4981730 0.7938530
vt 0.4978770 0.7861110
f 262/1200/262 261/1201/261 139/725/139
vt 0.4985330 0.6277860
vt 0.4990250 0.6163360
vt 0.4990250 0.6289590
f 262/1202/262 139/1203/139 227/1204/227
vt 0.4999210 0.7888010
vt 0.4999210 0.7813680
f 262/1205/262 263/1206/263 131/1090/131
vt 0.5002800 0.7894540
f 262/1205/262 131/1090/131 226/1207/226
vt 0.1667180 0.7326250
vt 0.1667180 0.7251920
f 263/1208/263 262/1209/262 227/216/227
vt 0.1671500 0.7332800
f 263/1208/263 227/216/227 134/1210/134
vt 0.5027960 0.8254580
vt 0.5027960 0.8180110
vt 0.5030670 0.8170840
f 263/1211/263 261/1212/261 138/1213/138
f 263/1211/263 138/1213/138 131/419/131
vt 0.1660640 0.7162640
vt 0.1660640 0.7235390
vt 0.1654090 0.7239710
f 261/1214/261 263/1215/263 134/1216/134
vt 0.1654090 0.7154170
f 261/1214/261 134/1216/134 139/1217/139
vt 0.5008340 0.5300690
vt 0.5005010 0.5404660
vt 0.5002490 0.5411470
f 264/1218/264 265/1219/265 231/1220/231
vt 0.5002490 0.5292960
f 264/1218/264 231/1220/231 40/1221/40
vt 0.5015630 0.7931030
vt 0.5012680 0.7853620
f 265/1222/265 264/1223/264 41/305/41
vt 0.4968430 0.6371450
vt 0.4973350 0.6256940
vt 0.4973350 0.6383180
f 265/1224/265 41/1225/41 232/1226/232
vt 0.5026880 0.7888320
vt 0.5026880 0.7813990
vt 0.5030470 0.7812860
f 265/1227/265 266/1228/266 138/1229/138
vt 0.5030470 0.7894850
f 265/1227/265 138/1229/138 231/1230/231
vt 0.4980910 0.7229340
vt 0.4980910 0.7155010
f 266/1231/266 265/1232/265 232/576/232
f 266/1231/266 232/576/232 139/1071/139
vt 0.5036210 0.8241410
vt 0.5036210 0.8166940
vt 0.5038920 0.8157670
f 266/1233/266 264/1234/264 40/1235/40
f 266/1233/266 40/1235/40 138/285/138
vt 0.5025890 0.7161730
vt 0.5025890 0.7234470
vt 0.5019350 0.7238800
f 264/1236/264 266/1237/266 139/1238/139
vt 0.5019350 0.7153250
f 264/1236/264 139/1238/139 41/1239/41
vt 0.5039540 0.5385540
vt 0.5039540 0.5459880
vt 0.5037480 0.5461500
f 267/1240/267 268/1241/268 45/1242/45
vt 0.5037480 0.5378510
f 267/1240/267 45/1242/45 36/1243/36
vt 0.4973890 0.6803610
vt 0.4973890 0.6877940
vt 0.4968450 0.6889400
f 268/1244/268 267/1245/267 37/1246/37
vt 0.4968450 0.6797560
f 268/1244/268 37/1246/37 46/1247/46
vt 0.8361230 0.6410050
vt 0.8361670 0.6484520
vt 0.8359010 0.6493800
f 268/1248/268 269/1249/269 35/1250/35
vt 0.8359010 0.6408440
f 268/1248/268 35/1250/35 45/1251/45
vt 0.5025900 0.6885400
vt 0.5026310 0.6812650
vt 0.5032390 0.6807250
f 269/1252/269 268/1253/268 46/1254/46
vt 0.5032390 0.6895070
f 269/1252/269 46/1254/46 38/1255/38
vt 0.5008240 0.6400010
vt 0.5009860 0.6296000
vt 0.5013410 0.6289590
f 269/1256/269 267/1257/267 36/1258/36
vt 0.5013410 0.6406820
f 269/1256/269 36/1258/36 35/1259/35
vt 0.5018840 0.6591590
vt 0.5017350 0.6695580
vt 0.5014880 0.6706960
f 267/1260/267 269/1261/269 38/1262/38
vt 0.5014880 0.6579540
f 267/1260/267 38/1262/38 37/1263/37
vt 0.5004700 0.6634270
vt 0.5004700 0.6705340
vt 0.5002480 0.6706420
f 270/1264/270 271/1265/271 52/1266/52
vt 0.5002480 0.6627080
f 270/1264/270 52/1266/52 45/1267/45
vt 0.5008350 0.6804860
vt 0.5008350 0.6879190
vt 0.5002300 0.6890650
f 271/1268/271 270/1269/270 46/1270/46
vt 0.5002300 0.6798810
f 271/1268/271 46/1270/46 53/1271/53
vt 0.8363950 0.5470060
vt 0.8364380 0.5542810
vt 0.8361720 0.5551640
f 271/1272/271 272/1273/272 44/1274/44
vt 0.8361720 0.5468150
f 271/1272/271 44/1274/44 52/1275/52
vt 0.4995550 0.6706650
vt 0.4995960 0.6632190
vt 0.5002040 0.6626170
f 272/1276/272 271/1277/271 53/1278/53
vt 0.5002040 0.6715960
f 272/1276/272 53/1278/53 47/1279/47
vt 0.5031620 0.5899050
vt 0.5033330 0.5793840
vt 0.5037260 0.5787790
f 272/1280/272 270/1281/270 45/1282/45
vt 0.5037260 0.5906490
f 272/1280/272 45/1282/45 44/1283/44
vt 0.5023300 0.7894850
vt 0.5025770 0.7985410
vt 0.5023300 0.7994140
f 270/1284/270 272/1285/272 47/1286/47
vt 0.5019070 0.6962330
vt 0.5015420 0.7078690
vt 0.5015420 0.6949890
f 270/1287/270 47/1288/47 46/1289/46
vt 0.8364260 0.6415470
vt 0.8364260 0.6489800
vt 0.8361670 0.6491430
f 273/1290/273 274/1291/274 58/1292/58
vt 0.8361670 0.6408440
f 273/1290/273 58/1292/58 52/1293/52
vt 0.5001930 0.6540380
vt 0.5001930 0.6614710
vt 0.4995550 0.6626170
f 274/1294/274 273/1295/273 53/1296/53
vt 0.4995550 0.6534330
f 274/1294/274 53/1296/53 59/1297/59
vt 0.8361230 0.6495410
vt 0.8361670 0.6569880
vt 0.8359010 0.6579160
f 274/1298/274 275/1299/275 51/1300/51
f 274/1298/274 51/1300/51 58/1250/58
vt 0.4995550 0.7057780
vt 0.4995960 0.6985040
vt 0.5002040 0.6978690
f 275/1301/275 274/1302/274 59/1303/59
vt 0.5002040 0.7066290
f 275/1301/275 59/1303/59 54/1304/54
vt 0.4961830 0.5277500
vt 0.4963580 0.5173500
vt 0.4967810 0.5167770
f 275/1305/275 273/1306/273 52/1307/52
vt 0.4967810 0.5285150
f 275/1305/275 52/1307/52 51/1308/51
vt 0.5033190 0.7931930
vt 0.5036110 0.8008510
vt 0.5033190 0.8016170
f 273/1309/273 275/1310/275 54/1311/54
vt 0.5018680 0.7091400
vt 0.5015420 0.7205960
f 273/1312/273 54/1313/54 53/1288/53
vt 0.5004700 0.6700170
vt 0.5004700 0.6629100
vt 0.5006910 0.6627080
f 276/1314/276 277/1315/277 36/1316/36
vt 0.5006910 0.6706420
f 276/1314/276 36/1316/36 58/1317/58
vt 0.1679770 0.6818240
vt 0.1679770 0.6892570
vt 0.1673720 0.6904030
f 277/1318/277 276/1319/276 59/1320/59
vt 0.1673720 0.6812190
f 277/1318/277 59/1320/59 37/1321/37
vt 0.8363940 0.5640470
vt 0.8364370 0.5713210
vt 0.8361720 0.5722530
f 277/1322/277 278/1323/278 40/1324/40
vt 0.8361720 0.5639240
f 277/1322/277 40/1324/40 36/1325/36
vt 0.5019400 0.6710120
vt 0.5019820 0.6635650
f 278/1326/278 277/1327/277 37/262/37
f 278/1326/278 37/262/37 41/261/41
vt 0.5013900 0.5899050
vt 0.5015600 0.5793840
f 278/1328/278 276/1329/276 58/382/58
f 278/1328/278 58/382/58 40/752/40
vt 0.1675200 0.8016150
vt 0.1677620 0.8104760
vt 0.1675200 0.8115280
f 276/1330/276 278/1331/278 41/1332/41
vt 0.4995440 0.6848190
vt 0.4991790 0.6964550
vt 0.4991790 0.6835760
f 276/1333/276 41/1334/41 59/1335/59
vt 0.5033180 0.8177880
vt 0.5033180 0.8252200
vt 0.5030670 0.8253830
f 279/1336/279 280/1337/280 78/1338/78
f 279/1336/279 78/1338/78 64/1213/64
vt 0.4985330 0.6611120
vt 0.4985330 0.6536800
vt 0.4991760 0.6525330
f 280/1339/280 279/1340/279 65/1341/65
vt 0.4991760 0.6617170
f 280/1339/280 65/1341/65 79/1342/79
vt 0.5039470 0.5789410
vt 0.5039470 0.5863730
vt 0.5037260 0.5870770
f 280/1343/280 281/1344/281 63/1345/63
f 280/1343/280 63/1345/63 78/1282/78
vt 0.1666690 0.6993390
vt 0.1666690 0.7064450
f 281/1346/281 280/1347/280 79/904/79
vt 0.1660640 0.6983070
f 281/1346/281 79/904/79 66/1348/66
vt 0.5019070 0.6840680
vt 0.5019070 0.6944130
vt 0.5014900 0.6949890
f 281/1349/281 279/1350/279 64/1351/64
vt 0.5014900 0.6834380
f 281/1349/281 64/1351/64 63/1352/63
vt 0.1663410 0.7185210
vt 0.1663410 0.7082380
vt 0.1666690 0.7070880
f 279/1353/279 281/1354/281 66/1355/66
vt 0.1666690 0.7197950
f 279/1353/279 66/1355/66 65/1356/65
vt 0.4968310 0.8100620
vt 0.4968310 0.8026300
vt 0.4970820 0.8024680
f 282/1357/282 283/1358/283 36/1359/36
vt 0.4970820 0.8107660
f 282/1357/282 36/1359/36 45/1360/45
vt 0.5014770 0.6531380
vt 0.5014770 0.6605700
vt 0.5008360 0.6617170
f 283/1361/283 282/1362/282 46/1363/46
vt 0.5008360 0.6525330
f 283/1361/283 46/1363/46 37/1364/37
vt 0.5037210 0.5121860
vt 0.5037210 0.5047540
vt 0.5039420 0.5040490
f 283/1365/283 284/1366/284 58/1367/58
vt 0.5039420 0.5123480
f 283/1365/283 58/1367/58 36/1368/36
vt 0.5025900 0.6973440
vt 0.5025900 0.6901480
vt 0.5031950 0.6895070
f 284/1369/284 283/1370/283 37/1371/37
vt 0.5031950 0.6983990
f 284/1369/284 37/1371/37 59/1372/59
vt 0.4981020 0.6852770
vt 0.4981020 0.6749950
vt 0.4985240 0.6744240
f 284/1373/284 282/1374/282 45/1375/45
vt 0.4985240 0.6859050
f 284/1373/284 45/1375/45 58/1376/58
vt 0.5005680 0.7080090
vt 0.5005680 0.7183540
vt 0.5002310 0.7195220
f 282/1377/282 284/1378/284 59/1379/59
vt 0.5002310 0.7067380
f 282/1377/282 59/1379/59 46/1380/46
vt 0.5026880 0.7655410
vt 0.5026880 0.7729750
vt 0.5023040 0.7730870
f 285/1381/285 286/1382/286 82/1383/82
vt 0.5023040 0.7648880
f 285/1381/285 82/1383/82 75/1384/75
vt 0.5023180 0.7423730
vt 0.5023180 0.7498070
vt 0.5019350 0.7510030
f 286/1385/286 285/1386/285 76/1387/76
vt 0.5019350 0.7417190
f 286/1385/286 76/1387/76 85/1388/85
vt 0.8364410 0.5129470
vt 0.8363970 0.5202220
vt 0.8361720 0.5209440
f 286/1389/286 287/1390/287 63/1391/63
f 286/1389/286 63/1391/63 82/313/82
vt 0.4962320 0.6698530
vt 0.4961910 0.6624060
f 287/1392/287 286/1393/286 85/606/85
vt 0.4968430 0.6709980
f 287/1392/287 85/606/85 66/1394/66
vt 0.4981370 0.8116590
vt 0.4978810 0.8027990
vt 0.4981370 0.8022770
f 287/1395/287 285/1396/285 75/1397/75
vt 0.1675740 0.7133770
vt 0.1679480 0.7021260
f 287/1398/287 75/1399/75 63/1162/63
vt 0.5030880 0.5177970
vt 0.5029310 0.5283180
vt 0.5025290 0.5295520
f 285/1400/285 287/1401/287 66/1402/66
f 285/1400/285 66/1402/66 76/121/76
vt 0.1670520 0.7607000
vt 0.1670520 0.7681340
vt 0.1666690 0.7682460
f 288/1403/288 289/1404/289 89/1405/89
vt 0.1666690 0.7600470
f 288/1403/288 89/1405/89 83/1406/83
vt 0.1644830 0.7331810
vt 0.1644830 0.7406140
vt 0.1640990 0.7418100
f 289/1407/289 288/1408/288 84/1409/84
vt 0.1640990 0.7325260
f 289/1407/289 84/1409/84 92/1410/92
vt 0.8361720 0.5300550
vt 0.8361720 0.5373300
vt 0.8359010 0.5382600
f 289/1411/289 290/1412/290 82/1413/82
vt 0.8359010 0.5297050
f 289/1411/289 82/1413/82 89/1414/89
vt 0.5032390 0.6707940
vt 0.5032390 0.6633470
vt 0.5038940 0.6629640
f 290/1415/290 289/1416/289 92/1417/92
vt 0.5038940 0.6717210
f 290/1415/290 92/1417/92 85/1418/85
vt 0.1658440 0.8149290
vt 0.1655880 0.8060680
f 290/1419/290 288/1420/288 83/457/83
vt 0.4973700 0.6155830
vt 0.4979210 0.6043390
vt 0.4979210 0.6163360
f 290/1421/290 83/1422/83 82/1423/82
vt 0.1672770 0.8016150
vt 0.1675200 0.8104760
vt 0.1672770 0.8115280
f 288/1424/288 290/1425/290 85/1426/85
vt 0.5007900 0.5541300
vt 0.5002480 0.5657600
vt 0.5002480 0.5529970
f 288/1427/288 85/1428/85 84/1429/84
vt 0.1666200 0.7668670
vt 0.1666200 0.7743010
vt 0.1662360 0.7744130
f 291/1430/291 292/1431/292 96/1432/96
vt 0.1662360 0.7662140
f 291/1430/291 96/1432/96 90/1433/90
vt 0.1644830 0.7424650
vt 0.1644830 0.7498980
vt 0.1640990 0.7510940
f 292/1434/292 291/1435/291 91/1436/91
f 292/1434/292 91/1436/91 99/1409/99
vt 0.8361720 0.5813850
vt 0.8361720 0.5886600
vt 0.8359010 0.5895890
f 292/1437/292 293/1438/293 89/1439/89
vt 0.8359010 0.5810340
f 292/1437/292 89/1439/89 96/1440/96
vt 0.1667180 0.6798650
vt 0.1667180 0.6724180
vt 0.1673720 0.6720350
f 293/1441/293 292/1442/292 99/1443/99
vt 0.1673720 0.6807920
f 293/1441/293 99/1443/99 92/1444/92
vt 0.4968310 0.8118500
vt 0.4965750 0.8029900
vt 0.4968310 0.8024680
f 293/1445/293 291/1446/291 90/1447/90
vt 0.5031630 0.6258860
vt 0.5037140 0.6146430
vt 0.5037140 0.6266390
f 293/1448/293 90/1449/90 89/1450/89
vt 0.1668060 0.8015990
vt 0.1670480 0.8104600
vt 0.1668060 0.8115130
f 291/1451/291 293/1452/293 92/1453/92
vt 0.5019530 0.5543870
vt 0.5014120 0.5660160
vt 0.5014120 0.5532540
f 291/1454/291 92/1455/92 91/1456/91
vt 0.5011700 0.7680980
vt 0.5011700 0.7755320
vt 0.5007860 0.7756440
f 294/1457/294 295/1458/295 103/1459/103
vt 0.5007860 0.7674450
f 294/1457/294 103/1459/103 97/1460/97
vt 0.1648660 0.7424650
vt 0.1648660 0.7498980
vt 0.1644830 0.7510940
f 295/1461/295 294/1462/294 98/1463/98
vt 0.1644830 0.7418100
f 295/1461/295 98/1463/98 106/1464/106
vt 0.8361720 0.5386100
vt 0.8361720 0.5458850
vt 0.8359010 0.5468150
f 295/1465/295 296/1466/296 96/1467/96
f 295/1465/295 96/1467/96 103/1413/103
vt 0.4985240 0.6785270
vt 0.4985240 0.6710800
vt 0.4991780 0.6706960
f 296/1468/296 295/1469/295 106/1470/106
vt 0.4991780 0.6794540
f 296/1468/296 106/1470/106 99/1471/99
vt 0.4965750 0.8118500
vt 0.4963190 0.8029900
vt 0.4965750 0.8024680
f 296/1472/296 294/1473/294 97/1474/97
vt 0.4985330 0.6155820
vt 0.4990850 0.6043390
vt 0.4990850 0.6163360
f 296/1475/296 97/1476/97 96/1477/96
vt 0.1645940 0.8015770
vt 0.1648370 0.8104380
vt 0.1645940 0.8114900
f 294/1478/294 296/1479/296 99/1480/99
vt 0.5037040 0.5543870
vt 0.5031620 0.5660160
vt 0.5031620 0.5532540
f 294/1481/294 99/1482/99 98/1483/98
vt 0.1675150 0.7610690
vt 0.1675150 0.7685030
vt 0.1671310 0.7686150
f 297/1484/297 298/1485/298 110/1486/110
vt 0.1671310 0.7604160
f 297/1484/297 110/1486/110 104/1487/104
vt 0.1648660 0.7331810
vt 0.1648660 0.7406140
f 298/1488/298 297/1489/297 105/1464/105
vt 0.1644830 0.7325260
f 298/1488/298 105/1464/105 113/1490/113
vt 0.8361720 0.5471650
vt 0.8361720 0.5544400
vt 0.8359010 0.5553690
f 298/1491/298 299/1492/299 103/1493/103
f 298/1491/298 103/1493/103 110/1467/110
vt 0.5008350 0.6785270
vt 0.5008350 0.6710800
vt 0.5014900 0.6706960
f 299/1494/299 298/1495/298 113/1496/113
vt 0.5014900 0.6794540
f 299/1494/299 113/1496/113 106/1497/106
vt 0.4978280 0.8122560
vt 0.4975720 0.8033960
vt 0.4978280 0.8028740
f 299/1498/299 297/1499/297 104/1500/104
vt 0.5008240 0.6155820
vt 0.5013760 0.6043390
vt 0.5013760 0.6163360
f 299/1501/299 104/1502/104 103/1503/103
vt 0.4982320 0.8019230
vt 0.4984750 0.8107840
vt 0.4982320 0.8118370
f 297/1504/297 299/1505/299 106/1506/106
vt 0.5024950 0.5543870
vt 0.5019530 0.5532540
f 297/1507/297 106/381/106 105/1508/105
vt 0.4989450 0.7681190
vt 0.4989450 0.7755520
vt 0.4985610 0.7756650
f 300/1509/300 301/1510/301 117/1511/117
vt 0.4985610 0.7674660
f 300/1509/300 117/1511/117 111/1512/111
vt 0.1678990 0.7425030
vt 0.1678990 0.7499360
vt 0.1675150 0.7511320
f 301/1513/301 300/1514/300 112/1515/112
vt 0.1675150 0.7418480
f 301/1513/301 112/1515/112 120/1516/120
vt 0.8361720 0.5899400
vt 0.8361720 0.5972140
vt 0.8359010 0.5981440
f 301/1517/301 302/1518/302 110/1519/110
f 301/1517/301 110/1519/110 117/1439/117
vt 0.1640990 0.6886220
vt 0.1640990 0.6811750
vt 0.1647540 0.6807920
f 302/1520/302 301/1521/301 120/1522/120
vt 0.1647540 0.6895490
f 302/1520/302 120/1522/120 113/1523/113
vt 0.4990630 0.8115690
vt 0.4988070 0.8027080
vt 0.4990630 0.8021870
f 302/1524/302 300/1525/300 111/1526/111
vt 0.4961830 0.6247160
vt 0.4967350 0.6134730
f 302/1527/302 111/1528/111 110/1154/110
vt 0.5035620 0.8104780
vt 0.5033190 0.8115310
f 300/1311/300 302/1529/302 113/1530/113
vt 0.5030360 0.5543870
vt 0.5024950 0.5532540
f 300/1531/300 113/461/113 112/1532/112
vt 0.4965750 0.7684000
vt 0.4965750 0.7758340
vt 0.4961910 0.7759460
f 303/1533/303 304/1534/304 124/1535/124
vt 0.4961910 0.7677470
f 303/1533/303 124/1535/124 118/1536/118
vt 0.1675150 0.7425030
vt 0.1675150 0.7499360
vt 0.1671320 0.7511320
f 304/1537/304 303/1538/303 119/1539/119
vt 0.1671320 0.7418480
f 304/1537/304 119/1539/119 127/1540/127
vt 0.8361720 0.5557200
vt 0.8361720 0.5629950
vt 0.8359010 0.5639240
f 304/1541/304 305/1542/305 117/1543/117
vt 0.8359010 0.5553700
f 304/1541/304 117/1543/117 124/1544/124
vt 0.4961910 0.6788290
vt 0.4961910 0.6713820
vt 0.4968450 0.6709980
f 305/1545/305 304/1546/304 127/1547/127
f 305/1545/305 127/1547/127 120/1247/120
vt 0.4993560 0.8116490
vt 0.4991000 0.8027880
vt 0.4993560 0.8022660
f 305/1548/305 303/1549/303 118/1550/118
vt 0.4967840 0.6249410
vt 0.4973360 0.6136980
vt 0.4973360 0.6256940
f 305/1551/305 118/1552/118 117/1553/117
vt 0.5020290 0.8016470
vt 0.5022710 0.8105080
vt 0.5020290 0.8115600
f 303/1554/303 305/1555/305 120/1556/120
vt 0.4990750 0.5431910
vt 0.4985330 0.5548210
vt 0.4985330 0.5420580
f 303/1557/303 120/1558/120 119/1559/119
vt 0.1662250 0.7640280
vt 0.1662250 0.7714610
vt 0.1658420 0.7715730
f 306/1560/306 307/1561/307 131/1562/131
vt 0.1658420 0.7633740
f 306/1560/306 131/1562/131 125/1563/125
vt 0.1678990 0.7332190
vt 0.1678990 0.7406520
f 307/1564/307 306/1565/306 126/1516/126
vt 0.1675150 0.7325640
f 307/1564/307 126/1516/126 134/1566/134
vt 0.8361720 0.5642750
vt 0.8361720 0.5715500
vt 0.8359010 0.5724790
f 307/1567/307 308/1568/308 124/1569/124
f 307/1567/307 124/1569/124 131/1543/131
vt 0.4974290 0.6794270
vt 0.4974290 0.6719800
vt 0.4980840 0.6715960
f 308/1570/308 307/1571/307 134/1572/134
vt 0.4980840 0.6803540
f 308/1570/308 134/1572/134 127/1573/127
vt 0.1655600 0.8132780
vt 0.1653040 0.8044180
vt 0.1655600 0.8038960
f 308/1574/308 306/1575/306 125/1576/125
vt 0.5019530 0.6258860
vt 0.5025050 0.6146430
vt 0.5025050 0.6266390
f 308/1577/308 125/1578/125 124/1579/124
vt 0.5009020 0.8018340
vt 0.5011450 0.8106950
vt 0.5009020 0.8117470
f 306/1580/306 308/1581/308 127/1582/127
vt 0.4973250 0.5780750
vt 0.4967840 0.5769420
f 306/1583/306 127/780/127 126/1584/126
vt 0.4969580 0.7684000
vt 0.4969580 0.7758340
vt 0.4965750 0.7759460
f 309/1585/309 310/1586/310 138/1587/138
vt 0.4965750 0.7677470
f 309/1585/309 138/1587/138 132/1588/132
vt 0.4984750 0.7428110
vt 0.4984750 0.7502450
vt 0.4980910 0.7514400
f 310/1589/310 309/1590/309 133/1591/133
vt 0.4980910 0.7421570
f 310/1589/310 133/1591/133 139/1592/139
vt 0.8361720 0.5984940
vt 0.8361720 0.6057690
vt 0.8359010 0.6066990
f 310/1593/310 311/1594/311 131/1595/131
f 310/1593/310 131/1595/131 138/1519/138
vt 0.4985240 0.6872840
vt 0.4985240 0.6798370
f 311/1596/311 310/1597/310 139/1471/139
vt 0.4991780 0.6882110
f 311/1596/311 139/1471/139 134/1598/134
vt 0.1650130 0.8045790
vt 0.1652690 0.8040580
f 311/1097/311 309/1599/309 132/1600/132
vt 0.5013900 0.6138900
vt 0.5019410 0.6026460
vt 0.5019410 0.6146430
f 311/1601/311 132/1602/132 131/1603/131
vt 0.4985620 0.8021860
vt 0.4988040 0.8110470
vt 0.4985620 0.8121000
f 309/1604/309 311/1605/311 134/1606/134
vt 0.4979110 0.5559540
vt 0.4973700 0.5675830
vt 0.4973700 0.5548210
f 309/1607/309 134/1608/134 133/1609/133
vt 0.5015630 0.7688270
vt 0.5015630 0.7762610
vt 0.5011800 0.7763730
f 312/1610/312 313/1611/313 40/1612/40
vt 0.5011800 0.7681740
f 312/1610/312 40/1612/40 51/1613/51
vt 0.4995160 0.7431540
vt 0.4995160 0.7505870
vt 0.4991330 0.7517830
f 313/1614/313 312/1615/312 54/1616/54
vt 0.4991330 0.7424990
f 313/1614/313 54/1616/54 41/1617/41
vt 0.8361720 0.5728300
vt 0.8361720 0.5801050
f 313/1618/313 314/1619/314 138/1440/138
f 313/1618/313 138/1440/138 40/1569/40
vt 0.4995550 0.6794270
vt 0.4995550 0.6719800
vt 0.5002090 0.6715960
f 314/1620/314 313/1621/313 41/1622/41
vt 0.5002090 0.6803540
f 314/1620/314 41/1622/41 139/1623/139
vt 0.5015630 0.8056080
vt 0.5018190 0.8050870
f 314/1119/314 312/1624/312 51/1625/51
vt 0.5002480 0.6256290
vt 0.5008000 0.6143860
vt 0.5008000 0.6263830
f 314/1626/314 51/1627/51 138/1628/138
vt 0.1642920 0.8015770
vt 0.1645350 0.8104380
vt 0.1642920 0.8114900
f 312/1629/312 314/1630/314 139/1631/139
vt 0.5002290 0.5559540
vt 0.4996880 0.5675830
vt 0.4996880 0.5548210
f 312/1632/312 139/1633/139 54/1634/54
vt 0.1657560 0.7781590
vt 0.1657560 0.7855920
vt 0.1653840 0.7857040
f 315/1635/315 316/1636/316 75/1637/75
vt 0.1653840 0.7775050
f 315/1635/315 75/1637/75 143/1638/143
vt 0.5006630 0.7294610
vt 0.5006630 0.7368940
vt 0.5002310 0.7380900
f 316/1639/316 315/1640/315 144/1641/144
vt 0.5002310 0.7288060
f 316/1639/316 144/1641/144 76/1642/76
vt 0.8361700 0.6070840
vt 0.8361260 0.6145310
vt 0.8359010 0.6152350
f 316/1643/316 317/1644/317 78/1645/78
f 316/1643/316 78/1645/78 75/1595/75
vt 0.4985650 0.7046790
vt 0.4985240 0.6974050
vt 0.4991760 0.6969680
f 317/1646/317 316/1647/316 76/1648/76
vt 0.4991760 0.7057500
f 317/1646/317 76/1648/76 79/1649/79
vt 0.4981020 0.6969900
vt 0.4982640 0.6865900
vt 0.4985060 0.6859050
f 317/1650/317 315/1651/315 143/1652/143
vt 0.4985060 0.6976280
f 317/1650/317 143/1652/143 78/1653/78
vt 0.5025080 0.5307170
vt 0.5023590 0.5411160
vt 0.5019980 0.5422940
f 315/1654/315 317/1655/317 79/1656/79
vt 0.5019980 0.5295520
f 315/1654/315 79/1656/79 144/1657/144
vt 0.5022820 0.7773380
vt 0.5022820 0.7847710
vt 0.5019100 0.7848840
f 318/1658/318 319/1659/319 83/1660/83
vt 0.5019100 0.7766850
f 318/1658/318 83/1660/83 148/1661/148
vt 0.5006630 0.7201770
vt 0.5006630 0.7276100
vt 0.5002300 0.7288060
f 319/1662/319 318/1663/318 149/1664/149
f 319/1662/319 149/1664/149 84/1379/84
vt 0.4990780 0.8119520
vt 0.4990780 0.8193990
vt 0.4988070 0.8203260
f 319/1665/319 320/1666/320 75/1667/75
vt 0.4988070 0.8115690
f 319/1665/319 75/1667/75 83/1668/83
vt 0.1667180 0.7231490
vt 0.1667180 0.7158740
vt 0.1673720 0.7154410
f 320/1669/320 319/1670/319 84/1671/84
vt 0.1673720 0.7239960
f 320/1669/320 84/1671/84 76/1672/76
vt 0.4979470 0.5522240
vt 0.4982800 0.5418270
vt 0.4985330 0.5411460
f 320/1673/320 318/1674/318 148/1675/148
vt 0.4985330 0.5529970
f 320/1673/320 148/1675/148 75/1676/75
vt 0.5036210 0.7979610
vt 0.5039130 0.8056180
f 318/1677/318 320/1678/320 76/318/76
vt 0.5036550 0.6278120
vt 0.5031620 0.6266390
f 318/1679/318 76/729/76 149/1680/149
vt 0.1645940 0.7774300
vt 0.1645940 0.7848630
vt 0.1642230 0.7849750
f 321/1681/321 322/1682/322 90/1683/90
vt 0.1642230 0.7767760
f 321/1681/321 90/1683/90 153/1684/153
vt 0.5030220 0.7294920
vt 0.5030230 0.7369250
vt 0.5025900 0.7381210
f 322/1685/322 321/1686/321 154/1687/154
vt 0.5025900 0.7288370
f 322/1685/322 154/1687/154 91/1688/91
vt 0.4965750 0.8122340
vt 0.4965750 0.8196810
vt 0.4963040 0.8206080
f 322/1689/322 323/1690/323 83/1691/83
vt 0.4963040 0.8118500
f 322/1689/322 83/1691/83 90/1692/90
vt 0.4974290 0.7314470
vt 0.4974290 0.7241720
vt 0.4980840 0.7237390
f 323/1693/323 322/1694/322 91/1695/91
f 323/1693/323 91/1695/91 84/755/84
vt 0.4967840 0.5634060
vt 0.4971170 0.5530100
vt 0.4973700 0.5523290
f 323/1696/323 321/1697/321 153/1698/153
vt 0.4973700 0.5641790
f 323/1696/323 153/1698/153 83/1699/83
vt 0.5027960 0.7992770
vt 0.5030870 0.8069350
vt 0.5027960 0.8077010
f 321/1700/321 323/1701/323 84/1702/84
vt 0.5024460 0.6278120
vt 0.5019530 0.6392620
vt 0.5019530 0.6266390
f 321/1703/321 84/1704/84 154/1705/154
vt 0.1645950 0.7843220
vt 0.1645940 0.7768880
vt 0.1649660 0.7767760
f 324/1706/324 325/1707/325 97/1708/97
vt 0.1649660 0.7849750
f 324/1706/324 97/1708/97 158/1709/158
vt 0.1666690 0.7297330
vt 0.1666690 0.7371660
vt 0.1662360 0.7383620
f 325/1710/325 324/1711/324 159/1712/159
vt 0.1662360 0.7290780
f 325/1710/325 159/1712/159 98/1713/98
vt 0.4993710 0.8120320
vt 0.4993710 0.8194790
vt 0.4991000 0.8204060
f 325/1714/325 326/1715/326 90/1716/90
vt 0.4991000 0.8116480
f 325/1714/325 90/1716/90 97/1717/97
vt 0.5008350 0.7305470
vt 0.5008350 0.7232720
vt 0.5014900 0.7228390
f 326/1718/326 325/1719/325 98/1720/98
vt 0.5014900 0.7313940
f 326/1718/326 98/1720/98 91/1721/91
vt 0.5002480 0.5522240
vt 0.5005810 0.5418270
vt 0.5008340 0.5411460
f 326/1722/326 324/1723/324 158/1724/158
vt 0.5008340 0.5529970
f 326/1722/326 158/1724/158 90/1725/90
vt 0.5012680 0.7931030
vt 0.5015600 0.8007610
vt 0.5012680 0.8015270
f 324/1726/324 326/1727/326 91/1728/91
vt 0.5018820 0.6285570
vt 0.5013900 0.6400080
vt 0.5013900 0.6273850
f 324/1729/324 91/1730/91 159/1731/159
vt 0.1678870 0.7774680
vt 0.1678870 0.7849010
f 327/1732/327 328/1733/328 104/677/104
f 327/1732/327 104/677/104 163/491/163
vt 0.5030230 0.7202080
vt 0.5030230 0.7276410
f 328/1734/328 327/1735/327 164/1688/164
vt 0.5025900 0.7195540
f 328/1734/328 164/1688/164 105/1736/105
vt 0.4981520 0.8120430
vt 0.4981520 0.8194900
vt 0.4978810 0.8204170
f 328/1737/328 329/1738/329 97/1739/97
vt 0.4978810 0.8116590
f 328/1737/328 97/1739/97 104/1740/104
vt 0.4985240 0.7305670
vt 0.4985240 0.7232930
vt 0.4991790 0.7228600
f 329/1741/329 328/1742/328 105/1743/105
vt 0.4991790 0.7314150
f 329/1741/329 105/1743/105 98/1744/98
vt 0.5025290 0.5406300
vt 0.5028620 0.5302340
vt 0.5031150 0.5295530
f 329/1745/329 327/1746/327 163/1747/163
vt 0.5031150 0.5414030
f 329/1745/329 163/1747/163 97/1748/97
vt 0.5022710 0.8008800
vt 0.5019800 0.8016470
f 327/580/327 329/1749/329 98/1750/98
vt 0.5030680 0.6285650
vt 0.5025760 0.6400150
vt 0.5025760 0.6273920
f 327/1751/327 98/1752/98 164/1753/164
vt 0.1675150 0.7774680
vt 0.1675150 0.7849010
vt 0.1671430 0.7850130
f 330/1754/330 331/1755/331 111/1756/111
vt 0.1671430 0.7768140
f 330/1754/330 111/1756/111 168/1757/168
vt 0.4973080 0.7299740
vt 0.4973080 0.7374080
vt 0.4968750 0.7386040
f 331/1758/331 330/1759/330 169/1760/169
vt 0.4968750 0.7293200
f 331/1758/331 169/1760/169 112/1761/112
vt 0.4988040 0.8124830
vt 0.4988040 0.8199300
vt 0.4985330 0.8208570
f 331/1762/331 332/1763/332 104/1764/104
vt 0.4985330 0.8121000
f 331/1762/331 104/1764/104 111/1765/111
vt 0.5019350 0.7315870
vt 0.5019350 0.7243130
vt 0.5025890 0.7238800
f 332/1766/332 331/1767/331 112/1768/112
f 332/1766/332 112/1768/112 105/886/105
vt 0.5031620 0.5524810
vt 0.5034950 0.5420840
vt 0.5037480 0.5414030
f 332/1769/332 330/1770/330 168/1771/168
vt 0.5037480 0.5532540
f 332/1769/332 168/1771/168 104/1772/104
vt 0.1650130 0.7956330
vt 0.1653040 0.8032910
vt 0.1650130 0.8040570
f 330/1773/330 332/1774/332 105/1775/105
vt 0.4984400 0.6290740
vt 0.4979470 0.6405240
vt 0.4979470 0.6279010
f 330/1776/330 105/1777/105 169/1778/169
vt 0.4984750 0.7777760
vt 0.4984750 0.7852090
vt 0.4981030 0.7853220
f 333/1779/333 334/1780/334 118/1781/118
vt 0.4981030 0.7771230
f 333/1779/333 118/1781/118 173/1782/173
vt 0.5012680 0.7320490
vt 0.5012680 0.7394820
vt 0.5008360 0.7406780
f 334/1783/334 333/1784/333 174/1785/174
vt 0.5008360 0.7313940
f 334/1783/334 174/1785/174 119/1786/119
vt 0.5011730 0.8121310
vt 0.5011730 0.8195780
vt 0.5009020 0.8205050
f 334/1787/334 335/1788/335 111/1789/111
f 334/1787/334 111/1789/111 118/1582/118
vt 0.4961910 0.7308490
vt 0.4961910 0.7235740
vt 0.4968460 0.7231410
f 335/1790/335 334/1791/334 119/1792/119
vt 0.4968460 0.7316960
f 335/1790/335 119/1792/119 112/1793/112
vt 0.5014120 0.5406300
vt 0.5017450 0.5302330
vt 0.5019970 0.5295520
f 335/1794/335 333/1795/333 173/1796/173
vt 0.5019970 0.5414030
f 335/1794/335 173/1796/173 111/1797/111
vt 0.1667570 0.7931750
vt 0.1670480 0.8008330
vt 0.1667570 0.8015990
f 333/1798/333 335/1799/335 112/1800/112
vt 0.4995950 0.6290740
vt 0.4991020 0.6279010
f 333/1801/333 112/557/112 174/1802/174
vt 0.4994670 0.7781190
vt 0.4994670 0.7855520
f 336/1803/336 337/1804/337 125/552/125
vt 0.4990950 0.7774650
f 336/1803/336 125/552/125 178/1805/178
vt 0.1666690 0.7204490
vt 0.1666690 0.7278820
f 337/1806/337 336/1807/336 179/1713/179
vt 0.1662360 0.7197950
f 337/1806/337 179/1713/179 126/1808/126
vt 0.4984750 0.8122200
vt 0.4984750 0.8196670
vt 0.4982030 0.8205940
f 337/1809/337 338/1810/338 118/1811/118
vt 0.4982030 0.8118370
f 337/1809/337 118/1811/118 125/1812/125
vt 0.5032390 0.7313660
vt 0.5032390 0.7240910
vt 0.5038940 0.7236580
f 338/1813/338 337/1814/337 126/1815/126
vt 0.5038940 0.7322130
f 338/1813/338 126/1815/126 119/1816/119
vt 0.5025290 0.5524800
vt 0.5028620 0.5420840
f 338/1817/338 336/1818/336 178/1748/178
vt 0.5031150 0.5532540
f 338/1817/338 178/1748/178 118/1819/118
vt 0.4978810 0.7938530
vt 0.4981730 0.8015100
vt 0.4978810 0.8022770
f 336/1820/336 338/1821/338 119/1822/119
vt 0.4979210 0.6301320
vt 0.4974290 0.6415820
vt 0.4974290 0.6289590
f 336/1823/336 119/1824/119 179/1825/179
vt 0.1653840 0.7781590
vt 0.1653840 0.7855920
vt 0.1650120 0.7857040
f 339/1826/339 340/1827/340 132/1828/132
vt 0.1650120 0.7775050
f 339/1826/339 132/1828/132 183/1829/183
vt 0.4989570 0.7320690
vt 0.4989570 0.7395030
vt 0.4985240 0.7406990
f 340/1830/340 339/1831/339 184/1832/184
vt 0.4985240 0.7314150
f 340/1830/340 184/1832/184 133/1833/133
vt 0.4978430 0.8126400
vt 0.4978430 0.8200870
vt 0.4975720 0.8210140
f 340/1834/340 341/1835/341 125/1836/125
vt 0.4975720 0.8122560
f 340/1834/340 125/1836/125 132/1837/132
vt 0.1640990 0.7316790
vt 0.1640990 0.7244040
vt 0.1647540 0.7239720
f 341/1838/341 340/1839/340 133/1840/133
vt 0.1647540 0.7325260
f 341/1838/341 133/1840/133 126/1841/126
vt 0.5014120 0.5524810
vt 0.5017450 0.5420840
f 341/1842/341 339/1843/339 183/1797/183
vt 0.5019970 0.5532540
f 341/1842/341 183/1797/183 125/1844/125
vt 0.1658540 0.7979000
vt 0.1661450 0.8055580
f 339/1845/339 341/1846/341 126/163/126
vt 0.4979220 0.6175090
vt 0.4974290 0.6163360
f 339/1847/339 126/1825/126 184/1848/184
vt 0.1662250 0.7804260
vt 0.1662250 0.7878590
vt 0.1658540 0.7879720
f 342/1849/342 343/1850/343 51/1851/51
vt 0.1658540 0.7797720
f 342/1849/342 51/1851/51 44/1852/44
vt 0.4973080 0.7206900
vt 0.4973080 0.7281240
f 343/1853/343 342/1854/342 47/1761/47
vt 0.4968750 0.7200360
f 343/1853/343 47/1761/47 54/1855/54
vt 0.4968460 0.8122340
vt 0.4968460 0.8196810
vt 0.4965750 0.8206080
f 343/1856/343 344/1857/344 132/1858/132
f 343/1856/343 132/1858/132 51/1472/51
vt 0.4995550 0.7314470
vt 0.4995550 0.7241720
vt 0.5002090 0.7237390
f 344/1859/344 343/1860/343 54/1861/54
f 344/1859/344 54/1861/54 133/783/133
vt 0.5031620 0.5406300
vt 0.5034950 0.5302330
vt 0.5037480 0.5295520
f 344/1862/344 342/1863/342 44/1864/44
f 344/1862/344 44/1864/44 132/1771/132
vt 0.4995400 0.7930820
vt 0.4998320 0.8007400
vt 0.4995400 0.8015060
f 342/1865/342 344/1866/344 133/1867/133
vt 0.5001800 0.6301320
vt 0.4996880 0.6415820
vt 0.4996880 0.6289590
f 342/1868/342 133/1869/133 47/1870/47
vt 0.4973570 0.7731380
vt 0.4973570 0.7805720
vt 0.4969740 0.7806840
f 345/1871/345 346/1872/346 143/1873/143
vt 0.4969740 0.7724850
f 345/1871/345 143/1873/143 191/1874/191
vt 0.1653590 0.7431940
vt 0.1653590 0.7506270
vt 0.1649760 0.7518230
f 346/1875/346 345/1876/345 192/1877/192
vt 0.1649760 0.7425390
f 346/1875/346 192/1877/192 144/1878/144
vt 0.8364410 0.5301050
vt 0.8363970 0.5373790
vt 0.8361720 0.5380330
f 346/1879/346 347/1880/347 64/1881/64
f 346/1879/346 64/1881/64 143/472/143
vt 0.5008770 0.6695510
vt 0.5008350 0.6621040
vt 0.5014880 0.6617170
f 347/1882/347 346/1883/346 144/1884/144
f 347/1882/347 144/1884/144 65/1262/65
vt 0.5030470 0.7992770
vt 0.5027960 0.7902210
f 347/1885/347 345/1886/345 191/1230/191
vt 0.4981020 0.7088780
vt 0.4984760 0.6976280
vt 0.4984760 0.7094980
f 347/1887/347 191/1888/191 64/1889/64
vt 0.5037210 0.5177970
vt 0.5035640 0.5283180
vt 0.5031620 0.5295520
f 345/1890/345 347/1891/347 65/1892/65
vt 0.5031620 0.5166730
f 345/1890/345 65/1892/65 192/1893/192
vt 0.1670520 0.7688990
vt 0.1670520 0.7763330
vt 0.1666690 0.7764450
f 348/1894/348 349/1895/349 148/1896/148
f 348/1894/348 148/1896/148 196/1405/196
vt 0.4984750 0.7335270
vt 0.4984750 0.7409610
f 349/1897/349 348/1898/348 197/1592/197
vt 0.4980910 0.7328730
f 349/1897/349 197/1592/197 149/1899/149
vt 0.4968460 0.8210060
vt 0.4968460 0.8282810
vt 0.4965750 0.8291630
f 349/1900/349 350/1901/350 143/1902/143
f 349/1900/349 143/1902/143 148/1858/148
vt 0.5032390 0.6795520
vt 0.5032390 0.6721050
f 350/1903/350 349/1904/349 149/1418/149
vt 0.5038940 0.6804790
f 350/1903/350 149/1418/149 144/1905/144
vt 0.5006670 0.7992460
vt 0.5004160 0.7901900
vt 0.5006670 0.7894540
f 350/1906/350 348/1907/348 196/1908/196
vt 0.5025170 0.6140160
vt 0.5030680 0.6027730
f 350/1909/350 196/1910/196 143/1179/143
vt 0.5036650 0.7880320
vt 0.5039130 0.7970880
vt 0.5036650 0.7979610
f 348/1911/348 350/1912/350 144/1913/144
vt 0.4990750 0.5559540
vt 0.4985330 0.5675830
f 348/1914/348 144/1915/144 197/1558/197
vt 0.5006630 0.7737090
vt 0.5006630 0.7811430
f 351/1916/351 352/1917/352 153/1090/153
f 351/1916/351 153/1090/153 201/100/201
vt 0.1658420 0.7431940
vt 0.1658420 0.7506270
vt 0.1654580 0.7518230
f 352/1918/352 351/1919/351 202/1920/202
vt 0.1654580 0.7425390
f 352/1918/352 202/1920/202 154/1921/154
vt 0.5018190 0.8236250
vt 0.5018190 0.8309000
vt 0.5015480 0.8317810
f 352/1922/352 353/1923/353 148/1924/148
vt 0.5015480 0.8232260
f 352/1922/352 148/1924/148 153/1925/153
vt 0.1647540 0.6886220
vt 0.1647540 0.6811750
vt 0.1654080 0.6807920
f 353/1926/353 352/1927/352 154/1928/154
f 353/1926/353 154/1928/154 149/397/149
vt 0.1665120 0.8006030
vt 0.1662610 0.7915470
vt 0.1665120 0.7908110
f 353/1929/353 351/1930/351 201/1931/201
vt 0.4996880 0.6035860
vt 0.5002390 0.5923420
vt 0.5002390 0.6043390
f 353/1932/353 201/1933/201 148/1934/148
vt 0.4970850 0.7888830
vt 0.4973320 0.7979390
vt 0.4970850 0.7988120
f 351/1935/351 353/1936/353 149/1937/149
vt 0.5013760 0.5559540
vt 0.5008340 0.5675830
vt 0.5008340 0.5548210
f 351/1938/351 149/1939/149 202/1940/202
vt 0.5030720 0.7737410
vt 0.5030720 0.7811740
f 354/1941/354 355/1942/355 158/1043/158
vt 0.5026880 0.7730870
f 354/1941/354 158/1043/158 206/1943/206
vt 0.1671010 0.7432180
vt 0.1671010 0.7506520
vt 0.1667180 0.7518480
f 355/1944/355 354/1945/354 207/1946/207
vt 0.1667180 0.7425640
f 355/1944/355 207/1946/207 159/1947/159
vt 0.4965750 0.8210060
vt 0.4965750 0.8282810
vt 0.4963030 0.8291630
f 355/1948/355 356/1949/356 153/1950/153
vt 0.4963030 0.8206080
f 355/1948/355 153/1950/153 158/1951/158
vt 0.5019350 0.6797730
vt 0.5019350 0.6723260
f 356/1952/356 355/1953/355 159/261/159
vt 0.5025900 0.6807000
f 356/1952/356 159/261/159 154/1954/154
vt 0.5011450 0.8018340
vt 0.5008940 0.7927780
f 356/1955/356 354/1956/354 206/1184/206
vt 0.4991020 0.6145250
vt 0.4996540 0.6032810
vt 0.4996540 0.6152780
f 356/1957/356 206/1958/206 153/1959/153
vt 0.1650130 0.7857040
vt 0.1652600 0.7947600
f 354/1960/354 356/1961/356 154/1773/154
vt 0.4967250 0.5650870
vt 0.4961830 0.5767170
f 354/1962/354 154/1963/154 207/1149/207
vt 0.5036110 0.7689170
vt 0.5036110 0.7763510
vt 0.5032270 0.7764630
f 357/1964/357 358/1965/358 163/1966/163
vt 0.5032270 0.7682640
f 357/1964/357 163/1966/163 211/1967/211
vt 0.4995160 0.7338700
vt 0.4995160 0.7413040
f 358/1968/358 357/1969/357 212/1617/212
vt 0.4991330 0.7332160
f 358/1968/358 212/1617/212 164/1970/164
vt 0.4988040 0.8212560
vt 0.4988040 0.8285300
vt 0.4985330 0.8294120
f 358/1971/358 359/1972/359 158/1973/158
f 358/1971/358 158/1973/158 163/1764/163
vt 0.1640990 0.6798650
vt 0.1640990 0.6724180
vt 0.1647540 0.6720350
f 359/1974/359 358/1975/358 164/1976/164
f 359/1974/359 164/1976/164 159/1522/159
vt 0.4988120 0.8021870
vt 0.4985620 0.7931310
vt 0.4988120 0.7923950
f 359/1977/359 357/1978/357 211/1979/211
vt 0.4973700 0.6035860
vt 0.4979220 0.5923430
vt 0.4979220 0.6043390
f 359/1980/359 211/1981/211 158/1982/158
vt 0.4999210 0.7894540
vt 0.5001690 0.7985100
vt 0.4999210 0.7993830
f 357/1983/357 359/1984/359 159/1985/159
vt 0.5007900 0.5668930
vt 0.5002480 0.5785220
f 357/1986/357 159/1987/159 212/1428/212
vt 0.5026880 0.7737410
vt 0.5026880 0.7811740
vt 0.5023050 0.7812860
f 360/1988/360 361/1989/361 168/1990/168
vt 0.5023050 0.7730870
f 360/1988/360 168/1990/168 216/1991/216
vt 0.1662250 0.7454610
vt 0.1662250 0.7528940
vt 0.1658420 0.7540900
f 361/1992/361 360/1993/360 217/1994/217
vt 0.1658420 0.7448060
f 361/1992/361 217/1994/217 169/1995/169
vt 0.1661250 0.8248630
vt 0.1661250 0.8321380
vt 0.1658540 0.8330190
f 361/1996/361 362/1997/362 163/1998/163
f 361/1996/361 163/1998/163 168/1191/168
vt 0.1654080 0.6886220
vt 0.1654080 0.6811760
vt 0.1660630 0.6807920
f 362/1999/362 361/2000/361 169/2001/169
f 362/1999/362 169/2001/169 164/476/164
vt 0.4988120 0.7931310
vt 0.4990630 0.7923950
f 362/1526/362 360/2002/360 216/2003/216
vt 0.4979470 0.6145250
vt 0.4984990 0.6032810
vt 0.4984990 0.6152780
f 362/2004/362 216/2005/216 163/2006/163
vt 0.5001690 0.7894540
vt 0.5004160 0.7985100
vt 0.5001690 0.7993830
f 360/2007/360 362/2008/362 164/2009/164
vt 0.4990750 0.5304290
vt 0.4985330 0.5292960
f 360/2010/360 164/1559/164 217/2011/217
vt 0.1666190 0.7750660
vt 0.1666190 0.7825000
vt 0.1662360 0.7826120
f 363/2012/363 364/2013/364 173/2014/173
f 363/2012/363 173/2014/173 221/1432/221
vt 0.5006140 0.7480290
vt 0.5006140 0.7554620
vt 0.5002310 0.7566580
f 364/2015/364 363/2016/363 222/2017/222
f 364/2015/364 222/2017/222 174/379/174
vt 0.4978440 0.8214120
vt 0.4978440 0.8286870
vt 0.4975720 0.8295690
f 364/2018/364 365/2019/365 168/2020/168
f 364/2018/364 168/2020/168 173/1836/173
vt 0.1647540 0.6798650
vt 0.1647540 0.6724180
vt 0.1654080 0.6720350
f 365/2021/365 364/2022/364 174/2023/174
f 365/2021/365 174/2023/174 169/1928/169
vt 0.4968260 0.8024680
vt 0.4965750 0.7934120
vt 0.4968260 0.7926760
f 365/2024/365 363/2025/363 221/2026/221
vt 0.5002480 0.6016360
vt 0.5008000 0.5903930
vt 0.5008000 0.6023900
f 365/2027/365 221/2028/221 168/2029/168
vt 0.5030680 0.7846620
vt 0.5033160 0.7937180
vt 0.5030680 0.7945910
f 363/2030/363 365/2031/365 169/2032/169
vt 0.4973260 0.5653120
vt 0.4967840 0.5641790
f 363/2033/363 169/1584/169 222/2034/222
vt 0.4978740 0.7689980
vt 0.4978740 0.7764320
vt 0.4974910 0.7765440
f 366/2035/366 367/2036/367 178/2037/178
vt 0.4974910 0.7683450
f 366/2035/366 178/2037/178 226/2038/226
vt 0.1653590 0.7339100
vt 0.1653590 0.7413430
f 367/2039/367 366/2040/366 227/1878/227
vt 0.1649760 0.7332550
f 367/2039/367 227/1878/227 179/2041/179
vt 0.1655750 0.8224340
vt 0.1655750 0.8297090
vt 0.1653040 0.8305900
f 367/2042/367 368/2043/368 173/2044/173
vt 0.1653040 0.8220360
f 367/2042/367 173/2044/173 178/2045/178
vt 0.1654080 0.6798650
vt 0.1654080 0.6724180
vt 0.1660630 0.6720350
f 368/2046/368 367/2047/367 179/2048/179
f 368/2046/368 179/2048/179 174/2001/174
vt 0.4963240 0.7934120
vt 0.4965750 0.7926760
f 368/1474/368 366/2049/366 226/2050/226
vt 0.5031620 0.6018920
vt 0.5037140 0.5906490
vt 0.5037140 0.6026460
f 368/2051/368 226/2052/226 173/2053/173
vt 0.1656320 0.7947600
vt 0.1653840 0.7956330
f 366/1637/366 368/2054/368 174/2055/174
vt 0.4996440 0.5796550
vt 0.4991020 0.5912840
vt 0.4991020 0.5785220
f 366/2056/366 174/2057/174 227/2058/227
vt 0.5011700 0.7762970
vt 0.5011700 0.7837310
vt 0.5007860 0.7838430
f 369/2059/369 370/2060/370 183/2061/183
f 369/2059/369 183/2061/183 231/1459/231
vt 0.5030230 0.7480600
vt 0.5030230 0.7554930
vt 0.5026390 0.7566890
f 370/2062/370 369/2063/369 232/2064/232
vt 0.5026390 0.7474050
f 370/2062/370 232/2064/232 184/2065/184
vt 0.1658540 0.8248630
vt 0.1658540 0.8321380
vt 0.1655830 0.8330190
f 370/2066/370 371/2067/371 178/2068/178
vt 0.1655830 0.8244650
f 370/2066/370 178/2068/178 183/2069/183
vt 0.1660630 0.6886220
vt 0.1660630 0.6811750
f 371/2070/371 370/2071/370 184/289/184
f 371/2070/371 184/289/184 179/112/179
vt 0.4970760 0.8024680
vt 0.4968260 0.7934120
vt 0.4970760 0.7926760
f 371/2072/371 369/2073/369 231/2074/231
vt 0.4996880 0.6155820
vt 0.5002400 0.6043390
vt 0.5002400 0.6163360
f 371/2075/371 231/2076/231 178/2077/178
vt 0.5015630 0.7868950
vt 0.5018110 0.7959510
vt 0.5015630 0.7968240
f 369/2078/369 371/2079/371 179/2080/179
vt 0.4996440 0.5668930
vt 0.4991020 0.5657600
f 369/2081/369 179/2058/179 232/2082/232
vt 0.4989450 0.7763180
vt 0.4989450 0.7837510
vt 0.4985610 0.7838640
f 372/2083/372 373/2084/373 44/2085/44
f 372/2083/372 44/2085/44 35/1511/35
vt 0.1666190 0.7483010
vt 0.1666190 0.7557340
vt 0.1662360 0.7569300
f 373/2086/373 372/2087/372 38/2088/38
vt 0.1662360 0.7476460
f 373/2086/373 38/2088/38 47/2089/47
vt 0.1652690 0.8225960
vt 0.1652690 0.8298700
vt 0.1649970 0.8307520
f 373/2090/373 374/2091/374 183/2092/183
vt 0.1649970 0.8221970
f 373/2090/373 183/2092/183 44/2093/44
vt 0.1660630 0.6798650
vt 0.1660630 0.6724180
vt 0.1667180 0.6720350
f 374/2094/374 373/2095/373 47/2096/47
f 374/2094/374 47/2096/47 184/289/184
vt 0.4978230 0.8028740
vt 0.4975720 0.7938180
vt 0.4978230 0.7930820
f 374/2097/374 372/2098/372 35/2099/35
vt 0.5013900 0.6018930
vt 0.5019410 0.5906490
f 374/2100/374 35/2101/35 183/1602/183
vt 0.1661010 0.7970280
f 372/1851/372 374/2102/374 184/1845/184
vt 0.4984890 0.5668930
vt 0.4979470 0.5785220
vt 0.4979470 0.5657600
f 372/2103/372 184/2104/184 38/2105/38
vt 0.1654090 0.7524760
vt 0.1654090 0.7599100
vt 0.1649770 0.7600220
f 375/2106/375 376/2107/376 191/2108/191
vt 0.1649770 0.7518230
f 375/2106/375 191/2108/191 82/2109/82
vt 0.5015510 0.7595450
vt 0.5015510 0.7669780
f 376/2110/376 375/2111/375 85/1613/85
vt 0.5011800 0.7588900
f 376/2110/376 85/1613/85 192/2112/192
vt 0.8361700 0.6156200
vt 0.8361260 0.6230670
vt 0.8359010 0.6237710
f 376/2113/376 377/2114/377 68/2115/68
f 376/2113/376 68/2115/68 191/1645/191
vt 0.4962320 0.7048660
vt 0.4961910 0.6975910
vt 0.4968440 0.6972710
f 377/2116/377 376/2117/376 192/2118/192
vt 0.4968440 0.7060310
f 377/2116/377 192/2118/192 69/2119/69
vt 0.1675100 0.8016150
vt 0.1672130 0.7939580
vt 0.1675100 0.7933520
f 377/2120/377 375/2121/375 82/2122/82
vt 0.4991810 0.7326450
vt 0.4995160 0.7214770
vt 0.4995160 0.7332150
f 377/2123/377 82/2124/82 68/2125/68
vt 0.4967770 0.5051350
vt 0.4966150 0.5155330
vt 0.4961830 0.5167770
f 375/2126/375 377/2127/377 69/2128/69
vt 0.4961830 0.5040500
f 375/2126/375 69/2128/69 85/2129/85
vt 0.1649650 0.7517470
vt 0.1649650 0.7591810
f 378/2130/378 379/2131/379 196/713/196
f 378/2130/378 196/713/196 89/712/89
vt 0.1675150 0.7517870
vt 0.1675150 0.7592200
vt 0.1671430 0.7604160
f 379/2132/379 378/2133/378 92/2134/92
vt 0.1671430 0.7511320
f 379/2132/379 92/2134/92 197/2135/197
vt 0.4998110 0.8118030
vt 0.4998110 0.8192500
vt 0.4995400 0.8201770
f 379/2136/379 380/2137/380 191/2138/191
vt 0.4995400 0.8114200
f 379/2136/379 191/2138/191 196/2139/196
vt 0.4995550 0.7142210
vt 0.4995550 0.7069460
vt 0.5002100 0.7066290
f 380/2140/380 379/2141/379 197/2142/197
vt 0.5002100 0.7151840
f 380/2140/380 197/2142/197 192/2143/192
vt 0.4973820 0.8070750
vt 0.4970850 0.7994170
vt 0.4973820 0.7988120
f 380/2144/380 378/2145/378 89/2146/89
vt 0.4968430 0.6494780
vt 0.4973480 0.6383180
vt 0.4973480 0.6501680
f 380/2147/380 89/2148/89 191/2149/191
vt 0.5019890 0.5051430
vt 0.5016760 0.5155380
vt 0.5014120 0.5166730
f 378/2150/378 380/2151/380 192/2152/192
f 378/2150/378 192/2152/192 92/685/92
vt 0.1671010 0.7525010
vt 0.1671010 0.7599340
f 381/2153/381 382/2154/382 201/1406/201
vt 0.1666690 0.7518480
f 381/2153/381 201/1406/201 96/2155/96
vt 0.1662130 0.7547450
vt 0.1662130 0.7621780
f 382/2156/382 381/2157/381 99/1563/99
f 382/2156/382 99/1563/99 202/1994/202
vt 0.1675200 0.8119120
vt 0.1675200 0.8193590
vt 0.1672480 0.8202860
f 382/2158/382 383/2159/383 196/2160/196
vt 0.1672480 0.8115280
f 382/2158/382 196/2160/196 201/2161/201
vt 0.5008350 0.7218760
vt 0.5008350 0.7146010
vt 0.5014900 0.7142840
f 383/2162/383 382/2163/382 202/2164/202
f 383/2162/383 202/2164/202 197/1720/197
vt 0.1645900 0.8015770
vt 0.1642930 0.7939200
vt 0.1645900 0.7933140
f 383/2165/383 381/2166/381 96/2167/96
vt 0.5013770 0.6511690
vt 0.5018820 0.6400080
vt 0.5018820 0.6518580
f 383/2168/383 96/2169/96 196/2170/196
vt 0.5025660 0.5051430
vt 0.5022540 0.5155380
vt 0.5019890 0.5166730
f 381/2171/381 383/2172/383 197/2173/197
vt 0.5019890 0.5040490
f 381/2171/381 197/2173/197 99/2174/99
vt 0.4973570 0.7567400
vt 0.4973570 0.7641730
vt 0.4969250 0.7642860
f 384/2175/384 385/2176/385 206/2177/206
vt 0.4969250 0.7560870
f 384/2175/384 206/2177/206 103/2178/103
vt 0.1662360 0.7655590
vt 0.1662360 0.7581260
vt 0.1666080 0.7569300
f 385/2179/385 384/2180/384 106/2181/106
vt 0.1666080 0.7662140
f 385/2179/385 106/2181/106 207/2182/207
vt 0.5015110 0.8118240
vt 0.5015110 0.8192710
vt 0.5012400 0.8201980
f 385/2183/385 386/2184/386 201/2185/201
vt 0.5012400 0.8114410
f 385/2183/385 201/2185/201 206/2186/206
vt 0.4974290 0.7142210
vt 0.4974290 0.7069460
vt 0.4980840 0.7066300
f 386/2187/386 385/2188/385 207/2189/207
vt 0.4980840 0.7151850
f 386/2187/386 207/2189/207 202/2190/202
vt 0.1648920 0.8015770
vt 0.1645940 0.7939200
vt 0.1648920 0.7933140
f 386/2191/386 384/2192/384 103/2193/103
vt 0.5002480 0.6501670
vt 0.5007540 0.6390060
vt 0.5007540 0.6508570
f 386/2194/386 103/2195/103 201/2196/201
vt 0.4985250 0.5051430
vt 0.4982120 0.5155380
f 384/2197/384 386/2198/386 202/732/202
vt 0.4979470 0.5040490
f 384/2197/384 202/732/202 106/2199/106
vt 0.1679480 0.7517850
vt 0.1679480 0.7592190
vt 0.1675150 0.7593310
f 387/2200/387 388/2201/388 211/2202/211
f 387/2200/387 211/2202/211 110/1515/110
vt 0.5011580 0.7588160
vt 0.5011580 0.7662490
f 388/2203/388 387/2204/387 113/1460/113
vt 0.5007860 0.7581610
f 388/2203/388 113/1460/113 212/2205/212
vt 0.1645640 0.8118740
vt 0.1645640 0.8193210
vt 0.1642930 0.8202480
f 388/2206/388 389/2207/389 206/2208/206
vt 0.1642930 0.8114900
f 388/2206/388 206/2208/206 211/2209/211
vt 0.5019350 0.7143620
vt 0.5019350 0.7070870
vt 0.5025900 0.7067700
f 389/2210/389 388/2211/388 212/2212/212
vt 0.5025900 0.7153250
f 389/2210/389 212/2212/212 207/2213/207
vt 0.5007130 0.8075090
vt 0.5004160 0.7998510
vt 0.5007130 0.7992460
f 389/2214/389 387/2215/387 110/2216/110
vt 0.5008350 0.6518430
vt 0.5013410 0.6525330
f 389/2217/389 110/1259/110 206/2218/206
vt 0.5037210 0.5051430
vt 0.5034080 0.5155380
vt 0.5031440 0.5166730
f 387/2219/387 389/2220/389 207/2221/207
vt 0.5031440 0.5040500
f 387/2219/387 207/2221/207 113/2222/113
vt 0.1658420 0.7524760
vt 0.1658420 0.7599100
vt 0.1654090 0.7600220
f 390/2223/390 391/2224/391 216/2225/216
vt 0.1654090 0.7518230
f 390/2223/390 216/2225/216 117/2226/117
vt 0.4989450 0.7588360
vt 0.4989450 0.7662700
vt 0.4985730 0.7674660
f 391/2227/391 390/2228/390 120/2229/120
vt 0.4985730 0.7581820
f 391/2227/391 120/2229/120 217/2230/217
vt 0.5035910 0.8119140
vt 0.5035910 0.8193610
vt 0.5033190 0.8202880
f 391/2231/391 392/2232/392 211/2233/211
f 391/2231/391 211/2233/211 216/1530/216
vt 0.4985240 0.7218960
vt 0.4985240 0.7146220
vt 0.4991790 0.7143050
f 392/2234/392 391/2235/391 217/2236/217
f 392/2234/392 217/2236/217 212/1743/212
vt 0.4984750 0.8019230
vt 0.4981770 0.7942660
vt 0.4984750 0.7936610
f 392/2237/392 390/2238/390 117/2239/117
vt 0.5025760 0.6511760
vt 0.5030810 0.6400150
vt 0.5030810 0.6518660
f 392/2240/392 117/2241/117 211/2242/211
vt 0.5014120 0.5177660
vt 0.5010990 0.5281610
f 390/2243/390 392/2244/392 212/587/212
f 390/2243/390 212/587/212 120/586/120
vt 0.5006630 0.7573110
vt 0.5006630 0.7647440
vt 0.5002310 0.7648570
f 393/2245/393 394/2246/394 221/2247/221
f 393/2245/393 221/2247/221 124/2017/124
vt 0.4965630 0.7591180
vt 0.4965630 0.7665510
f 394/2248/394 393/2249/393 127/1536/127
vt 0.4961910 0.7584630
f 394/2248/394 127/1536/127 222/2250/222
vt 0.1648370 0.8118740
vt 0.1648370 0.8193210
vt 0.1645660 0.8202480
f 394/2251/394 395/2252/395 216/2253/216
vt 0.1645660 0.8114900
f 394/2251/394 216/2253/216 221/2254/221
vt 0.1647540 0.7144530
vt 0.1647540 0.7071780
f 395/2255/395 394/2256/394 222/675/222
f 395/2255/395 222/675/222 217/1217/217
vt 0.1678170 0.8016150
vt 0.1675200 0.7939580
vt 0.1678170 0.7933520
f 395/2257/395 393/2258/393 124/2259/124
vt 0.4974290 0.6527430
vt 0.4979340 0.6415820
vt 0.4979340 0.6534330
f 395/2260/395 124/2261/124 216/2262/216
vt 0.4979470 0.5051430
vt 0.4976340 0.5155380
vt 0.4973700 0.5166730
f 393/2263/393 395/2264/395 217/2265/217
f 393/2263/393 217/2265/217 127/146/127
vt 0.4985240 0.7520940
vt 0.4985240 0.7595270
vt 0.4980910 0.7596400
f 396/2266/396 397/2267/397 226/2268/226
f 396/2266/396 226/2268/226 131/1591/131
vt 0.5019230 0.7595450
vt 0.5019230 0.7669780
vt 0.5015510 0.7681740
f 397/2269/397 396/2270/396 134/2271/134
vt 0.5015510 0.7588900
f 397/2269/397 134/2271/134 227/2272/227
vt 0.1670770 0.8118960
vt 0.1670770 0.8193430
vt 0.1668060 0.8202700
f 397/2273/397 398/2274/398 221/2275/221
f 397/2273/397 221/2275/221 226/1453/226
vt 0.1654090 0.7144530
vt 0.1654090 0.7071790
vt 0.1660640 0.7068620
f 398/2276/398 397/2277/397 227/2278/227
vt 0.1660640 0.7154170
f 398/2276/398 227/2278/227 222/2279/222
vt 0.4993970 0.8022660
vt 0.4991000 0.7946090
vt 0.4993970 0.7940040
f 398/2280/398 396/2281/396 131/2282/131
vt 0.4996880 0.6527430
vt 0.5001930 0.6415820
vt 0.5001930 0.6534330
f 398/2283/398 131/2284/131 221/2285/221
vt 0.5031430 0.5051430
vt 0.5028310 0.5155380
vt 0.5025660 0.5166730
f 396/2286/396 398/2287/398 222/2288/222
vt 0.5025660 0.5040500
f 396/2286/396 222/2288/222 134/2289/134
vt 0.5030720 0.7573420
vt 0.5030720 0.7647750
vt 0.5026390 0.7648880
f 399/2290/399 400/2291/400 231/2292/231
f 399/2290/399 231/2292/231 138/2064/138
vt 0.5036110 0.7596350
vt 0.5036110 0.7670680
vt 0.5032400 0.7682640
f 400/2293/400 399/2294/399 139/2295/139
vt 0.5032400 0.7589800
f 400/2293/400 139/2295/139 232/2296/232
vt 0.5022710 0.8119440
vt 0.5022710 0.8193910
vt 0.5020000 0.8203180
f 400/2297/400 401/2298/401 226/2299/226
vt 0.5020000 0.8115600
f 400/2297/400 226/2299/226 231/2300/231
vt 0.4961910 0.7221780
vt 0.4961910 0.7149030
vt 0.4968460 0.7145860
f 401/2301/401 400/2302/400 232/2303/232
f 401/2301/401 232/2303/232 227/1792/227
vt 0.5018600 0.8050870
vt 0.5015630 0.7974290
vt 0.5018600 0.7968240
f 401/2304/401 399/2305/399 138/2306/138
vt 0.4979350 0.6516850
vt 0.4984400 0.6405240
vt 0.4984400 0.6523750
f 401/2307/401 138/2308/138 226/2309/226
vt 0.5002570 0.5051430
vt 0.4999440 0.5155380
f 399/2310/399 401/2311/401 227/633/227
f 399/2310/399 227/633/227 139/535/139
vt 0.4995160 0.7524370
vt 0.4995160 0.7598700
vt 0.4990840 0.7599820
f 402/2312/402 403/2313/403 35/2314/35
vt 0.4990840 0.7517830
f 402/2312/402 35/2314/35 40/2315/40
vt 0.4978620 0.7597160
vt 0.4978620 0.7671490
f 403/2316/403 402/2317/402 41/2038/41
vt 0.4974910 0.7590610
f 403/2316/403 41/2038/41 38/2318/38
vt 0.1677910 0.8119120
vt 0.1677910 0.8193590
f 403/2319/403 404/2320/404 231/850/231
f 403/2319/403 231/850/231 35/1332/35
vt 0.1667180 0.7144780
vt 0.1667180 0.7072030
vt 0.1673730 0.7068860
f 404/2321/404 403/2322/403 38/2323/38
vt 0.1673730 0.7154410
f 404/2321/404 38/2323/38 232/2324/232
vt 0.1656010 0.8038960
vt 0.1653040 0.7962380
vt 0.1656010 0.7956330
f 404/2325/404 402/2326/402 40/2327/40
vt 0.4962430 0.6611050
vt 0.4967480 0.6499440
vt 0.4967480 0.6617940
f 404/2328/404 40/2329/40 231/2330/231
vt 0.4991020 0.5051430
vt 0.4987890 0.5155380
f 402/2331/402 404/2332/404 232/708/232
vt 0.4985240 0.5040500
f 402/2331/402 232/708/232 41/2333/41
# 1162 faces, 2333 coords texture

# End of File
