# Blender 5.1.1
# www.blender.org
mtllib car5.mtl
o bake
v -0.160438 0.855566 -1.679497
v 0.018341 0.855453 -1.680617
v 0.018341 0.821143 -1.871730
v -0.158498 0.821094 -1.869495
v -0.395275 0.820635 -1.862384
v -0.402123 0.854387 -1.677835
v -0.651056 0.800301 -1.834422
v -0.661503 0.832155 -1.674350
v -0.491940 0.837839 -1.676760
v -0.450389 0.801984 -1.860364
v -0.674739 0.866844 -1.403579
v -0.682186 0.887245 -1.179473
v -0.585919 0.890474 -1.187382
v -0.545493 0.871497 -1.405599
v -0.163357 0.885465 -1.408333
v -0.409031 0.884044 -1.407733
v -0.414443 0.899448 -1.193979
v -0.165656 0.900922 -1.199107
v 0.018341 0.900986 -1.198398
v 0.018341 0.885463 -1.408360
v -0.217886 1.338229 0.312289
v -0.218169 1.336152 -0.050196
v -0.521673 1.317463 -0.033017
v -0.522099 1.318768 0.304172
v 0.018341 1.344767 0.312572
v 0.018341 1.342636 -0.054198
v -0.279781 0.924213 1.505136
v 0.018341 0.924708 1.508140
v 0.018341 0.932450 1.437039
v -0.281181 0.931761 1.435854
v -0.661157 0.922294 1.425115
v -0.652418 0.913950 1.498755
v 0.018341 0.872905 1.940615
v -0.256087 0.872329 1.935859
v 0.018341 0.806877 2.056637
v -0.145129 0.806876 2.056340
v -0.151099 0.706935 2.062839
v 0.018341 0.706930 2.063943
v -0.659321 0.706953 1.862406
v -0.652549 0.744702 1.870984
v -0.662409 0.746528 1.834977
v -0.670263 0.706955 1.824841
v -0.753549 0.582064 1.549800
v -0.672434 0.582079 1.833035
v -0.669871 0.618583 1.841622
v -0.757912 0.617945 1.527736
v -0.757406 0.372401 0.627218
v -0.772915 0.564762 0.631719
v -0.779180 0.563979 0.164373
v -0.763768 0.372401 0.161946
v -0.751416 0.276580 0.160732
v -0.744960 0.276529 0.626154
v -0.522074 1.318600 0.645908
v -0.217900 1.338100 0.646622
v -0.521745 1.316327 0.870392
v -0.218298 1.334799 0.869471
v 0.018341 1.344644 0.646509
v 0.018341 1.341292 0.868284
v -0.774376 0.566634 -0.906738
v -0.758226 0.372401 -0.899699
v -0.763353 0.372401 -0.292549
v -0.778562 0.563866 -0.291289
v -0.744815 0.275787 -0.891096
v -0.751107 0.276588 -0.293180
v -0.652775 0.769665 -1.920931
v -0.652371 0.754728 -1.936177
v -0.678243 0.761505 -1.899151
v -0.417655 0.762398 -2.016490
v -0.405780 0.742713 -2.052300
v -0.455272 0.745130 -2.029770
v -0.701177 0.771378 -1.821753
v -0.689540 0.788289 -1.823688
v -0.658624 0.799156 -1.832092
v -0.512197 0.765397 -1.979722
v -0.538870 1.287045 -0.227001
v -0.613246 1.117246 -0.568769
v -0.640073 1.119672 -0.548061
v -0.560366 1.283701 -0.220400
v -0.569146 1.287743 -0.132729
v -0.528173 1.313018 -0.138831
v -0.578124 1.272412 -0.204987
v -0.570201 1.289912 -0.021168
v -0.528835 1.315110 -0.035443
v -0.218676 1.332328 -0.161492
v -0.520592 1.315563 -0.136002
v -0.223452 1.296422 -0.253013
v -0.530226 1.291304 -0.220443
v -0.580848 1.262769 0.971816
v -0.537571 1.285026 1.005037
v -0.528529 1.310355 0.949007
v -0.569256 1.282913 0.928788
v -0.223115 1.293682 1.018594
v -0.219000 1.328933 0.956382
v -0.521053 1.312762 0.947989
v -0.529169 1.289398 1.000976
v -0.528922 1.313990 0.871315
v -0.569288 1.289734 0.836152
v -0.655992 1.120103 1.095529
v -0.634201 1.128146 1.147130
v -0.601073 1.125711 1.177269
v -0.582462 0.822106 1.986586
v -0.563062 0.827597 1.988845
v -0.567942 0.845752 1.957740
v -0.594918 0.834451 1.957162
v -0.555694 0.828251 1.991859
v -0.359321 0.831634 2.028537
v -0.360409 0.852719 1.995067
v -0.560152 0.847067 1.959647
v -0.572420 0.863982 1.899852
v -0.580467 0.862412 1.898224
v -0.616403 0.852036 1.893529
v -0.619596 0.806432 1.947206
v -0.597466 0.806262 1.982673
v -0.641283 0.822969 1.887528
v -0.565822 0.805004 2.002391
v -0.558788 0.804937 2.005545
v -0.461351 0.805764 2.024690
v -0.289548 0.783123 -2.023784
v -0.386903 0.783457 -2.014129
v 0.018341 0.782840 -2.043353
v -0.157491 0.782670 -2.036881
v -0.157316 0.762288 -2.090800
v 0.018341 0.762312 -2.099306
v -0.704932 0.817619 -1.671259
v -0.669039 0.830580 -1.674050
v -0.733714 0.782212 -1.668378
v -0.776439 0.729475 -1.407366
v -0.781756 0.719624 -1.302239
v -0.766629 0.786608 -1.312562
v -0.760536 0.773218 -1.464530
v -0.784931 0.687893 -1.174210
v -0.770802 0.795758 -1.131765
v -0.748425 0.814364 -1.393839
v -0.753450 0.840901 -1.145512
v -0.724342 0.875080 -1.163555
v -0.718778 0.851779 -1.399962
v -0.689738 0.885712 -1.178495
v -0.682267 0.865265 -1.403145
v 0.018341 1.338680 -0.166341
v 0.018341 1.296761 -0.260135
v -0.692443 0.907978 -0.954873
v -0.721835 0.913492 -0.921885
v -0.739525 0.903403 -0.877773
v -0.657493 1.113881 -0.518953
v 0.018341 1.294010 1.020137
v 0.018341 1.335244 0.957066
v -0.571296 1.290219 0.288106
v -0.529267 1.316409 0.302773
v -0.709611 0.975045 1.219063
v -0.694050 0.965107 1.293166
v -0.661439 0.958509 1.331729
v -0.144852 0.832137 2.039628
v -0.360318 0.806625 2.044648
v 0.018341 0.832137 2.039710
v -0.145394 0.853560 2.005890
v 0.018341 0.853560 2.005899
v -0.698980 0.901285 1.484698
v -0.659963 0.912352 1.497828
v -0.668770 0.920982 1.423127
v -0.704976 0.914381 1.397105
v -0.725484 0.868579 1.466471
v -0.732440 0.886438 1.360706
v -0.760403 0.809453 1.268917
v -0.747119 0.786544 1.436456
v -0.570753 1.290278 0.644030
v -0.529239 1.316236 0.645748
v -0.692966 0.905553 -0.964961
v -0.692001 0.895600 -1.036212
v -0.725397 0.891106 -1.005759
v -0.723083 0.910311 -0.931688
v -0.754428 0.871603 -0.903189
v -0.754671 0.863333 -0.966676
v -0.775528 0.806774 -0.914096
v -0.722296 0.938756 1.240569
v -0.730199 0.907513 1.289405
v -0.704548 0.932305 1.343102
v -0.741916 0.883598 1.185666
v -0.670040 0.928534 1.381273
v -0.281479 0.936342 1.407401
v -0.662433 0.928586 1.388745
v -0.281171 0.939769 1.398697
v -0.277774 0.964937 1.361182
v -0.654355 0.958990 1.334791
v -0.661915 0.931860 1.379924
v 0.018341 0.937036 1.408499
v 0.018341 0.940489 1.399811
v 0.018341 0.965582 1.362921
v -0.765780 0.372401 0.860541
v -0.786649 0.496271 0.894976
v -0.774073 0.527496 0.857910
v -0.753859 0.372401 0.802140
v -0.757701 0.372401 -0.941133
v -0.774009 0.568485 -0.980812
v -0.781108 0.523004 -1.035253
v -0.759662 0.372401 -0.994537
v -0.758106 0.372401 -0.907058
v -0.774342 0.566814 -0.914097
v -0.803171 0.595938 -1.136077
v -0.787209 0.611444 -1.089665
v -0.802311 0.653816 -1.212610
v -0.823555 0.626166 -1.227965
v -0.824222 0.573420 -1.159225
v -0.815254 0.496501 -1.105871
v -0.795906 0.512195 -1.077570
v -0.798592 0.689805 -1.304563
v -0.793705 0.702328 -1.402442
v -0.816457 0.671471 -1.397103
v -0.820589 0.659590 -1.309368
v -0.789342 0.689810 -1.496754
v -0.771887 0.716953 -1.506330
v -0.764257 0.682672 -1.615784
v -0.784976 0.653843 -1.583334
v -0.808021 0.626166 -1.566241
v -0.812285 0.659590 -1.484838
v -0.769570 0.372401 -1.034462
v -0.783734 0.372402 -1.067763
v -0.777774 0.603006 1.496271
v -0.755484 0.691240 1.454002
v -0.784073 0.661805 1.420577
v -0.807616 0.633722 1.402782
v -0.800890 0.580024 1.471997
v -0.773779 0.692211 0.992638
v -0.800076 0.661771 1.042950
v -0.782430 0.707142 1.041224
v -0.797230 0.698105 1.137815
v -0.821709 0.633722 1.058204
v -0.819473 0.667769 1.141124
v -0.815939 0.679871 1.230494
v -0.793027 0.710644 1.238313
v -0.775507 0.746639 1.248227
v -0.780362 0.734977 1.135812
v -0.770958 0.734412 1.349312
v -0.788900 0.698114 1.333579
v -0.812149 0.667769 1.319863
v -0.764853 0.706971 1.427850
v -0.779964 0.372401 0.894455
v -0.806362 0.482299 0.926761
v -0.780082 0.596021 -1.658016
v -0.803528 0.572235 -1.634815
v -0.760522 0.609986 -1.692982
v -0.800134 0.602912 0.964585
v -0.782544 0.617680 0.922355
v -0.821602 0.579993 0.988184
v -0.781291 0.617365 0.912759
v -0.773461 0.692065 0.983969
v -0.772305 0.689469 0.636491
v -0.773045 0.527178 0.849343
v -0.778775 0.689461 0.165962
v -0.772498 0.688477 -0.914097
v -0.770999 0.686737 -1.025354
v -0.767185 0.577005 -1.692419
v -0.728967 0.645619 -1.785417
v -0.707562 0.576989 -1.851699
v -0.368892 0.653130 -2.101254
v -0.343234 0.577069 -2.118231
v -0.355600 0.577069 -2.112458
v -0.381756 0.653291 -2.095395
v -0.786448 0.754574 0.166788
v -0.779935 0.755370 0.636102
v -0.776652 0.809453 0.635276
v -0.780258 0.809454 0.167483
v -0.785365 0.706141 -0.906738
v -0.791062 0.707209 -0.290349
v -0.779674 0.809454 -0.281961
v -0.775670 0.807148 -0.906699
v -0.773779 0.692211 0.992638
v -0.782430 0.707142 1.041224
v -0.781339 0.707164 0.991980
v -0.764944 0.809453 1.131116
v -0.747526 0.875833 0.991096
v -0.763111 0.809453 0.991980
v -0.740572 0.729374 -1.674762
v -0.598737 0.898633 -1.053013
v -0.684387 0.896807 -1.038358
v -0.416754 0.903070 -1.094554
v -0.166409 0.903468 -1.122299
v 0.018341 0.903256 -1.129646
v -0.774724 0.582024 1.510844
v -0.783485 0.703805 -1.030054
v -0.785253 0.706002 -0.914097
v -0.773461 0.692065 0.983969
v -0.781283 0.707166 0.984621
v -0.785282 0.707210 0.636837
v -0.772305 0.689469 0.636491
v -0.791791 0.707209 0.166187
v -0.778775 0.689461 0.165962
v -0.770999 0.686737 -1.025354
v -0.783485 0.703805 -1.030054
v -0.784931 0.687893 -1.174210
v -0.772498 0.688477 -0.914097
v -0.785253 0.706002 -0.914097
v -0.741871 0.898447 -0.883624
v -0.759008 0.874004 0.632906
v -0.765038 0.873500 0.168294
v -0.398234 0.706941 2.043097
v -0.659366 0.689295 1.858237
v -0.643585 0.796507 1.887490
v -0.648219 0.758965 1.882282
v -0.623217 0.764348 1.947449
v -0.600797 0.763766 1.983298
v -0.568711 0.763450 2.003458
v -0.151830 0.691142 2.056577
v 0.018341 0.691152 2.057794
v 0.018341 0.706930 2.063943
v -0.151099 0.706935 2.062839
v -0.398234 0.706941 2.043097
v -0.395998 0.691147 2.037669
v -0.781339 0.707164 0.991980
v -0.646369 0.753105 -1.937021
v -0.652371 0.754728 -1.936177
v -0.652775 0.769665 -1.920931
v -0.646944 0.766197 -1.923553
v -0.646944 0.766197 -1.923553
v -0.646308 0.769652 -1.927566
v -0.646591 0.754471 -1.942677
v -0.646369 0.753105 -1.937021
v -0.658624 0.799156 -1.832092
v -0.653555 0.795173 -1.833325
v -0.653555 0.795173 -1.833325
v -0.651056 0.800301 -1.834422
v -0.538870 1.287045 -0.227001
v -0.533484 1.284665 -0.222590
v -0.608604 1.112755 -0.568845
v -0.613246 1.117246 -0.568769
v -0.528173 1.313018 -0.138831
v -0.523026 1.310154 -0.134806
v -0.528835 1.315110 -0.035443
v -0.523871 1.311990 -0.032839
v -0.523871 1.311990 -0.032839
v -0.521673 1.317463 -0.033017
v -0.520592 1.315563 -0.136002
v -0.523026 1.310154 -0.134806
v -0.530226 1.291304 -0.220443
v -0.533484 1.284665 -0.222590
v -0.523400 1.307461 0.946546
v -0.528529 1.310355 0.949007
v -0.537571 1.285026 1.005037
v -0.532280 1.282781 1.002140
v -0.532280 1.282781 1.002140
v -0.529169 1.289398 1.000976
v -0.521053 1.312762 0.947989
v -0.523400 1.307461 0.946546
v -0.521745 1.316327 0.870392
v -0.523952 1.310862 0.870236
v -0.523952 1.310862 0.870236
v -0.528922 1.313990 0.871315
v -0.601073 1.125711 1.177269
v -0.596189 1.122166 1.175697
v -0.563472 0.842093 1.956405
v -0.567942 0.845752 1.957740
v -0.563062 0.827597 1.988845
v -0.558481 0.824450 1.987235
v -0.558481 0.824450 1.987235
v -0.555694 0.828251 1.991859
v -0.560152 0.847067 1.959647
v -0.563472 0.842093 1.956405
v -0.572420 0.863982 1.899852
v -0.575917 0.858623 1.897518
v -0.575917 0.858623 1.897518
v -0.580467 0.862412 1.898224
v -0.565822 0.805004 2.002391
v -0.560904 0.803424 1.999712
v -0.560904 0.803424 1.999712
v -0.558788 0.804937 2.005545
v -0.664241 0.826638 -1.673568
v -0.661503 0.832155 -1.674350
v -0.669039 0.830580 -1.674050
v -0.664241 0.826638 -1.673568
v -0.677469 0.861281 -1.402839
v -0.682267 0.865265 -1.403145
v -0.689738 0.885712 -1.178495
v -0.684945 0.881656 -1.178924
v -0.684945 0.881656 -1.178924
v -0.682186 0.887245 -1.179473
v -0.674739 0.866844 -1.403579
v -0.677469 0.861281 -1.402839
v -0.688256 0.901765 -0.960622
v -0.692443 0.907978 -0.954873
v -0.529267 1.316409 0.302773
v -0.524265 1.313280 0.304032
v -0.524265 1.313280 0.304032
v -0.522099 1.318768 0.304172
v -0.661439 0.958509 1.331729
v -0.656610 0.954574 1.331053
v -0.655104 0.908376 1.497998
v -0.652418 0.913950 1.498755
v -0.661157 0.922294 1.425115
v -0.663913 0.916773 1.423943
v -0.663913 0.916773 1.423943
v -0.668770 0.920982 1.423127
v -0.659963 0.912352 1.497828
v -0.655104 0.908376 1.497998
v -0.524237 1.313111 0.645860
v -0.522074 1.318600 0.645908
v -0.529239 1.316236 0.645748
v -0.524237 1.313111 0.645860
v -0.688256 0.901765 -0.960622
v -0.687250 0.891254 -1.037437
v -0.692001 0.895600 -1.036212
v -0.692966 0.905553 -0.964961
v -0.670040 0.928534 1.381273
v -0.665176 0.924228 1.381651
v -0.662433 0.928586 1.388745
v -0.665176 0.924228 1.381651
v -0.665176 0.924228 1.381651
v -0.661915 0.931860 1.379924
v -0.654355 0.958990 1.334791
v -0.656610 0.954574 1.331053
v -0.687250 0.891254 -1.037437
v -0.684387 0.896807 -1.038358
v -0.414990 0.693166 -2.074878
v -0.441702 0.707052 -2.060774
v -0.433631 0.717713 -2.063069
v -0.393127 0.716957 -2.081769
v -0.713599 0.742915 -1.809887
v -0.719822 0.956525 1.171831
v -0.726456 0.939399 1.153487
v -0.753708 0.372401 0.794484
v -0.740831 0.276207 0.777265
v -0.574364 1.283007 -0.130885
v -0.570151 1.283763 -0.131581
v -0.578512 1.268743 -0.202442
v -0.582662 1.268271 -0.201002
v -0.660654 1.112970 -0.508872
v -0.657486 1.111233 -0.514668
v -0.578512 1.268743 -0.202442
v -0.570151 1.283763 -0.131581
v -0.569146 1.287743 -0.132729
v -0.578124 1.272412 -0.204987
v -0.657486 1.111233 -0.514668
v -0.657493 1.113881 -0.518953
v -0.739525 0.903403 -0.877773
v -0.739583 0.898833 -0.877369
v -0.739583 0.898833 -0.877369
v -0.743170 0.897725 -0.874902
v -0.572490 1.286072 0.286847
v -0.571296 1.290219 0.288106
v -0.570201 1.289912 -0.021168
v -0.571254 1.285793 -0.023398
v -0.571802 1.286164 0.643886
v -0.570753 1.290278 0.644030
v -0.570230 1.285888 0.834004
v -0.569288 1.289734 0.836152
v -0.775528 0.806774 -0.914096
v -0.769944 0.806357 -0.910336
v -0.751598 0.871140 -0.898804
v -0.754428 0.871603 -0.903189
v -0.774073 0.527496 0.857910
v -0.770197 0.527511 0.853984
v -0.750599 0.372401 0.798341
v -0.753859 0.372401 0.802140
v -0.758106 0.372401 -0.907058
v -0.755143 0.372401 -0.903333
v -0.771366 0.566796 -0.910396
v -0.774342 0.566814 -0.914097
v -0.782544 0.617680 0.922355
v -0.778594 0.617347 0.917998
v -0.773779 0.692211 0.992638
v -0.770584 0.692655 0.988452
v -0.781291 0.617365 0.912759
v -0.778594 0.617347 0.917998
v -0.770584 0.692655 0.988452
v -0.773461 0.692065 0.983969
v -0.773045 0.527178 0.849343
v -0.770197 0.527511 0.853984
v -0.769683 0.689410 -0.910400
v -0.772498 0.688477 -0.914097
v -0.781283 0.707166 0.984621
v -0.778310 0.707692 0.988335
v -0.772679 0.755811 0.984622
v -0.785253 0.706002 -0.914097
v -0.782409 0.706820 -0.910381
v -0.778310 0.707692 0.988335
v -0.770584 0.692655 0.988452
v -0.773779 0.692211 0.992638
v -0.781339 0.707164 0.991980
v -0.773461 0.692065 0.983969
v -0.770584 0.692655 0.988452
v -0.769683 0.689410 -0.910400
v -0.782409 0.706820 -0.910381
v -0.739583 0.898833 -0.877369
v -0.741871 0.898447 -0.883624
v -0.763111 0.809453 0.991980
v -0.760127 0.808858 0.988280
v -0.778310 0.707692 0.988335
v -0.781339 0.707164 0.991980
v -0.785365 0.706141 -0.906738
v -0.782409 0.706820 -0.910381
v -0.769683 0.689410 -0.910400
v -0.772597 0.688592 -0.906738
v -0.775670 0.807148 -0.906699
v -0.769944 0.806357 -0.910336
v -0.782409 0.706820 -0.910381
v -0.785365 0.706141 -0.906738
v -0.772597 0.688592 -0.906738
v -0.769683 0.689410 -0.910400
v -0.771366 0.566796 -0.910396
v -0.774376 0.566634 -0.906738
v -0.758226 0.372401 -0.899699
v -0.755143 0.372401 -0.903333
v -0.741164 0.271608 -0.894249
v -0.744815 0.275787 -0.891096
v -0.751598 0.871140 -0.898804
v -0.754541 0.872171 -0.895194
v -0.575959 1.285295 0.643727
v -0.574379 1.284994 0.830738
v -0.570230 1.285888 0.834004
v -0.571802 1.286164 0.643886
v -0.572490 1.286072 0.286847
v -0.576521 1.285258 0.289353
v -0.575370 1.284968 -0.027423
v -0.576515 1.285254 0.280589
v -0.572490 1.286072 0.286847
v -0.571254 1.285793 -0.023398
v -0.745230 0.873724 0.988258
v -0.748396 0.873908 0.984259
v -0.763191 0.809453 0.984623
v -0.760127 0.808858 0.988280
v -0.753708 0.372401 0.794484
v -0.750599 0.372401 0.798341
v -0.737119 0.272037 0.780203
v -0.740831 0.276207 0.777265
v -0.747526 0.875833 0.991096
v -0.745230 0.873724 0.988258
v -0.692443 0.907978 -0.954873
v -0.688256 0.901765 -0.960622
v -0.721271 0.909168 -0.925622
v -0.721835 0.913492 -0.921885
v -0.723083 0.910311 -0.931688
v -0.721271 0.909168 -0.925622
v -0.741871 0.898447 -0.883624
v -0.739583 0.898833 -0.877369
v -0.584964 1.267815 0.818454
v -0.574379 1.284994 0.830738
v -0.575959 1.285295 0.643727
v -0.586020 1.268083 0.642816
v -0.576521 1.285258 0.289353
v -0.586486 1.268445 0.318422
v -0.586339 1.268565 0.235045
v -0.576515 1.285254 0.280589
v -0.575370 1.284968 -0.027423
v -0.584803 1.268978 -0.039546
v -0.660654 1.112970 -0.508872
v -0.743170 0.897725 -0.874902
v -0.735785 0.921081 -0.787988
v -0.666586 1.111905 -0.467789
v -0.756999 0.904976 0.248900
v -0.751350 0.907103 0.631751
v -0.755186 0.873970 0.759445
v -0.754541 0.872171 -0.895194
v -0.764421 0.872969 -0.256728
v -0.757355 0.902330 -0.242761
v -0.744918 0.899165 -0.781649
v -0.739797 0.911098 0.983439
v -0.582662 1.268271 -0.201002
v -0.591057 1.252175 -0.190178
v -0.589816 1.255054 0.911290
v -0.602801 1.229853 0.946721
v -0.585595 1.265986 0.853305
v -0.660973 1.118583 1.056469
v -0.711044 0.978877 1.170074
v -0.574364 1.283007 -0.130885
v -0.584225 1.267090 -0.122125
v -0.778837 0.689461 0.157199
v -0.791853 0.707209 0.157424
v -0.791681 0.707209 0.060022
v -0.778059 0.689459 -0.290464
v -0.779241 0.563969 0.155609
v -0.778837 0.689461 0.157199
v -0.763833 0.372401 0.153182
v -0.751483 0.276581 0.151968
v -0.764715 0.873195 -0.075821
v -0.778059 0.689459 -0.290464
v -0.791062 0.707209 -0.290349
v -0.772597 0.688592 -0.906738
v -0.757275 0.904757 0.170679
v -0.757342 0.904705 0.161707
v -0.757619 0.904486 0.094925
v -0.765096 0.873489 0.159530
v -0.586421 1.268498 0.281406
v -0.586404 1.268512 0.272062
v -0.585158 1.267253 0.836479
v -0.740706 0.909676 0.966813
v -0.741121 0.909026 0.948641
v -0.748396 0.873908 0.984259
v -0.740213 0.910448 0.975836
v -0.585401 1.266548 0.845847
v -0.744936 0.908309 0.837091
v -0.737957 0.909656 0.837557
v -0.744390 0.908446 0.631612
v -0.751350 0.907103 0.631751
v -0.584964 1.267815 0.818454
v -0.586020 1.268083 0.642816
v -0.582490 1.262089 0.642735
v -0.581451 1.261824 0.815377
v -0.586486 1.268445 0.318422
v -0.582965 1.262455 0.321318
v -0.756999 0.904976 0.248900
v -0.749949 0.906350 0.254271
v -0.586339 1.268565 0.235045
v -0.584803 1.268978 -0.039546
v -0.581353 1.262933 -0.039423
v -0.582841 1.262518 0.229610
v -0.584225 1.267090 -0.122125
v -0.580793 1.261067 -0.121429
v -0.591057 1.252175 -0.190178
v -0.587496 1.246423 -0.188429
v -0.666586 1.111905 -0.467789
v -0.662661 1.106247 -0.465597
v -0.692005 1.025086 -0.601247
v -0.757355 0.902330 -0.242761
v -0.750327 0.903558 -0.242667
v -0.741519 0.901317 -0.624373
v -0.757520 0.903680 -0.012738
v -0.739797 0.911098 0.983439
v -0.726456 0.939399 1.153487
v -0.719579 0.940538 1.151329
v -0.732523 0.913002 0.985948
v -0.719822 0.956525 1.171831
v -0.713756 0.955605 1.167464
v -0.711044 0.978877 1.170074
v -0.706063 0.975091 1.165930
v -0.660973 1.118583 1.056469
v -0.656495 1.113981 1.053050
v -0.602801 1.229853 0.946721
v -0.598682 1.224996 0.943609
v -0.589816 1.255054 0.911290
v -0.586146 1.249318 0.909413
v -0.585595 1.265986 0.853305
v -0.582306 1.259081 0.858986
v -0.759420 0.372401 0.157526
v -0.763768 0.372401 0.161946
v -0.779180 0.563979 0.164373
v -0.774870 0.564104 0.159960
v -0.751416 0.276580 0.160732
v -0.745966 0.273365 0.156258
v -0.778775 0.689461 0.165962
v -0.774666 0.690780 0.161552
v -0.786448 0.754574 0.166788
v -0.780258 0.809454 0.167483
v -0.778731 0.808703 0.163071
v -0.782344 0.753976 0.162365
v -0.791791 0.707209 0.166187
v -0.787626 0.708337 0.161776
v -0.765038 0.873500 0.168294
v -0.760846 0.872460 0.163885
v -0.765096 0.873489 0.159530
v -0.780320 0.809454 0.158719
v -0.778731 0.808703 0.163071
v -0.760846 0.872460 0.163885
v -0.786513 0.754547 0.158023
v -0.782344 0.753976 0.162365
v -0.787626 0.708337 0.161776
v -0.791853 0.707209 0.157424
v -0.778837 0.689461 0.157199
v -0.774666 0.690780 0.161552
v -0.779241 0.563969 0.155609
v -0.774870 0.564104 0.159960
v -0.763833 0.372401 0.153182
v -0.759420 0.372401 0.157526
v -0.751483 0.276581 0.151968
v -0.745966 0.273365 0.156258
v -0.757275 0.904757 0.170679
v -0.753124 0.903431 0.166174
v -0.753124 0.903431 0.166174
v -0.757342 0.904705 0.161707
v -0.576521 1.285258 0.289353
v -0.572490 1.286072 0.286847
v -0.582643 1.266271 0.276737
v -0.586421 1.268498 0.281406
v -0.576515 1.285254 0.280589
v -0.586404 1.268512 0.272062
v -0.582643 1.266271 0.276737
v -0.572490 1.286072 0.286847
v -0.574379 1.284994 0.830738
v -0.585158 1.267253 0.836479
v -0.581502 1.264680 0.841079
v -0.570230 1.285888 0.834004
v -0.736257 0.908828 0.971189
v -0.740706 0.909676 0.966813
v -0.740213 0.910448 0.975836
v -0.736257 0.908828 0.971189
v -0.581502 1.264680 0.841079
v -0.585401 1.266548 0.845847
v -0.735785 0.921081 -0.787988
v -0.744918 0.899165 -0.781649
v -0.738239 0.900483 -0.766519
v -0.729128 0.922407 -0.772860
v -0.763191 0.809453 0.984623
v -0.758712 0.839583 0.903930
v -0.765380 0.809398 0.913614
v -0.780320 0.809454 0.158719
v -0.772121 0.843269 0.076122
v -0.780211 0.809454 0.084775
v -0.772679 0.755811 0.984622
v -0.768131 0.787370 0.903992
v -0.769882 0.778314 0.881877
v -0.774684 0.755690 0.888476
v -0.786513 0.754547 0.158023
v -0.782545 0.788652 0.076122
v -0.783599 0.779015 0.052767
v -0.786396 0.754098 0.055285
v -0.765380 0.809398 0.913614
v -0.758712 0.839583 0.903930
v -0.726287 0.805359 0.857202
v -0.757289 0.848683 0.881877
v -0.758532 0.849475 0.834783
v -0.761178 0.840929 0.812235
v -0.768754 0.809690 0.801854
v -0.770999 0.787052 0.811857
v -0.771304 0.777998 0.834783
v -0.769882 0.778314 0.881877
v -0.768131 0.787370 0.903992
v -0.780211 0.809454 0.084775
v -0.772121 0.843269 0.076122
v -0.738771 0.807153 0.029256
v -0.769837 0.852690 0.052767
v -0.769750 0.852674 0.005672
v -0.771949 0.843239 -0.017683
v -0.780049 0.809454 -0.026348
v -0.782411 0.788628 -0.017683
v -0.783531 0.779003 0.005672
v -0.783599 0.779015 0.052767
v -0.782545 0.788652 0.076122
v -0.770029 0.809632 0.760830
v -0.777314 0.755531 0.762376
v -0.779973 0.809454 -0.077860
v -0.786244 0.753511 -0.079075
v -0.791681 0.707209 0.060022
v -0.791853 0.707209 0.157424
v -0.791791 0.707209 0.166187
v -0.785282 0.707210 0.636837
v -0.781283 0.707166 0.984621
v -0.760127 0.808858 0.988280
v -0.763191 0.809453 0.984623
v -0.753049 0.873950 0.830192
v -0.744936 0.908309 0.837091
v -0.764835 0.873287 -0.001767
v -0.757520 0.903680 -0.012738
v -0.771949 0.843239 -0.017683
v -0.769750 0.852674 0.005672
v -0.780049 0.809454 -0.026348
v -0.782411 0.788628 -0.017683
v -0.770999 0.787052 0.811857
v -0.768754 0.809690 0.801854
v -0.761178 0.840929 0.812235
v -0.758532 0.849475 0.834783
v -0.771304 0.777998 0.834783
v -0.775894 0.755616 0.830433
v -0.751247 0.873934 0.889849
v -0.757289 0.848683 0.881877
v -0.741121 0.909026 0.948641
v -0.734338 0.910336 0.942870
v -0.783531 0.779003 0.005672
v -0.786326 0.753828 -0.006625
v -0.791523 0.707209 -0.029399
v -0.791523 0.707209 -0.029399
v -0.764927 0.873359 0.055343
v -0.769837 0.852690 0.052767
v -0.757572 0.904103 0.059185
v -0.757572 0.904103 0.059185
v -0.757619 0.904486 0.094925
v -0.750623 0.905710 0.091978
v -0.223452 1.296422 -0.253013
v -0.223505 1.289412 -0.255378
v -0.533484 1.284665 -0.222590
v -0.530226 1.291304 -0.220443
v 0.018341 1.296761 -0.260135
v 0.018341 1.289764 -0.262546
v -0.529169 1.289398 1.000976
v -0.532280 1.282781 1.002140
v -0.223277 1.286856 1.019809
v -0.223115 1.293682 1.018594
v 0.018341 1.287183 1.021385
v 0.018341 1.294010 1.020137
v -0.281479 0.936342 1.407401
v -0.281424 0.931528 1.400494
v -0.665176 0.924228 1.381651
v -0.662433 0.928586 1.388745
v -0.661915 0.931860 1.379924
v -0.665176 0.924228 1.381651
v -0.281424 0.931528 1.400494
v -0.281171 0.939769 1.398697
v 0.018341 0.937036 1.408499
v 0.018341 0.932232 1.401560
v 0.018341 0.932232 1.401560
v 0.018341 0.940489 1.399811
v -0.564026 0.894331 -1.187828
v -0.513471 0.880249 -1.406100
v -0.459917 0.852428 -1.677042
v -0.418696 0.820383 -1.859663
v -0.287588 0.762437 -2.076871
v -0.417655 0.762398 -2.016490
v -0.386903 0.783457 -2.014129
v -0.375872 0.762538 -2.067431
v -0.405780 0.742713 -2.052300
v -0.332146 0.652839 -2.130854
v -0.306480 0.577044 -2.150115
v -0.343234 0.577069 -2.118231
v -0.368892 0.653130 -2.101254
v -0.598737 0.898633 -1.053013
v -0.564026 0.894331 -1.187828
v -0.585919 0.890474 -1.187382
v -0.513471 0.880249 -1.406100
v -0.545493 0.871497 -1.405599
v -0.459917 0.852428 -1.677042
v -0.491940 0.837839 -1.676760
v -0.418696 0.820383 -1.859663
v -0.450389 0.801984 -1.860364
v -0.365617 0.738741 -2.097510
v -0.349094 0.696336 -2.113971
v -0.380665 0.684137 -2.091789
v -0.393127 0.716957 -2.081769
v -0.651278 0.725465 -1.956254
v -0.684790 0.726616 -1.897137
v -0.702740 0.744987 -1.843920
v -0.644324 0.720716 -1.958241
v -0.651278 0.725465 -1.956254
v -0.646136 0.724888 -1.962799
v -0.644324 0.720716 -1.958241
v -0.738239 0.900483 -0.766519
v -0.744918 0.899165 -0.781649
v -0.735785 0.921081 -0.787988
v -0.729128 0.922407 -0.772860
v -0.323628 0.554379 -2.170762
v -0.640718 0.554383 -2.001846
v -0.338462 0.569990 -2.113649
v -0.773651 0.558026 -1.742131
v -0.803528 0.572235 -1.634815
v -0.761249 0.569478 -1.692069
v -0.699611 0.570449 -1.854515
v -0.712945 0.554379 -1.894025
v -0.635450 0.571019 -1.971824
v -0.157177 0.554379 -2.199057
v -0.302552 0.569819 -2.145184
v -0.156443 0.569541 -2.166902
v -0.720240 0.467656 -1.901777
v -0.710854 0.401006 -1.912550
v -0.761721 0.380033 -1.786316
v -0.773651 0.483900 -1.763264
v -0.787561 0.380549 -1.719694
v -0.795748 0.484238 -1.692426
v -0.712945 0.554379 -1.894025
v -0.712945 0.498381 -1.910816
v -0.773651 0.558026 -1.742131
v -0.323628 0.554379 -2.170762
v -0.323628 0.498381 -2.187553
v -0.640718 0.498381 -2.018638
v -0.640718 0.554383 -2.001846
v 0.018341 0.554379 -2.215514
v 0.018341 0.498381 -2.232305
v -0.157177 0.498381 -2.215848
v -0.157177 0.554379 -2.199057
v -0.803528 0.572235 -1.634815
v -0.717072 0.656925 -1.828787
v -0.699611 0.570449 -1.854515
v -0.761249 0.569478 -1.692069
v -0.767185 0.577005 -1.692419
v -0.707562 0.576989 -1.851699
v 0.018341 0.576973 -2.188651
v 0.018341 0.569440 -2.183352
v -0.156443 0.569541 -2.166902
v -0.157179 0.577007 -2.172349
v -0.803528 0.572235 -1.634815
v -0.302552 0.569819 -2.145184
v -0.306480 0.577044 -2.150115
v -0.294450 0.577041 -2.151906
v -0.338462 0.569990 -2.113649
v -0.343234 0.577069 -2.118231
v -0.710884 0.361703 -1.935697
v -0.768946 0.366242 -1.789928
v -0.761721 0.380033 -1.786316
v -0.701990 0.380441 -1.930245
v -0.318424 0.380683 -2.194389
v -0.322552 0.361827 -2.201360
v -0.512502 0.380623 -2.094123
v 0.018341 0.361842 -2.243611
v -0.156626 0.361838 -2.227853
v -0.154506 0.380677 -2.220874
v 0.018341 0.380666 -2.236550
v -0.787561 0.380549 -1.719694
v -0.638640 0.361766 -2.039094
v -0.630683 0.380587 -2.033069
v -0.701990 0.380441 -1.930245
v -0.720240 0.467656 -1.901777
v -0.711796 0.468726 -1.898894
v -0.702453 0.407710 -1.909629
v -0.710854 0.401006 -1.912550
v -0.323628 0.498381 -2.187553
v -0.319524 0.495491 -2.180964
v -0.634502 0.495770 -2.013058
v -0.640718 0.498381 -2.018638
v 0.018341 0.498381 -2.232305
v 0.018341 0.495275 -2.224873
v -0.156179 0.495275 -2.208481
v -0.157177 0.498381 -2.215848
v -0.704908 0.496329 -1.907252
v -0.712945 0.498381 -1.910816
v -0.625047 0.385159 -2.027879
v -0.508356 0.385500 -2.087872
v -0.512502 0.380623 -2.094123
v -0.630683 0.380587 -2.033069
v -0.315633 0.385697 -2.187639
v -0.318424 0.380683 -2.194389
v -0.153308 0.385938 -2.213722
v 0.018341 0.385974 -2.229294
v 0.018341 0.380666 -2.236550
v -0.154506 0.380677 -2.220874
v -0.701990 0.380441 -1.930245
v -0.694101 0.386717 -1.926680
v -0.712945 0.498381 -1.910816
v -0.704908 0.496329 -1.907252
v -0.713012 0.705173 -1.827623
v -0.715819 0.682978 -1.823455
v -0.699028 0.726922 -1.857336
v -0.705942 0.721175 -1.841456
v -0.380665 0.684137 -2.091789
v -0.397740 0.678633 -2.084722
v -0.503413 0.717627 -2.031036
v -0.646136 0.724888 -1.962799
v -0.646591 0.754471 -1.942677
v -0.507444 0.747677 -2.006020
v -0.646308 0.769652 -1.927566
v -0.470799 0.718407 -2.045909
v -0.472132 0.714528 -2.045810
v -0.354784 0.570047 -2.105855
v -0.355600 0.577069 -2.112458
v -0.355600 0.577069 -2.112458
v -0.354784 0.570047 -2.105855
v -0.383769 0.652961 -2.089776
v -0.381756 0.653291 -2.095395
v -0.414990 0.693166 -2.074878
v -0.415661 0.689969 -2.070232
v -0.442200 0.703514 -2.056252
v -0.441702 0.707052 -2.060774
v -0.651278 0.725465 -1.956254
v -0.644324 0.720716 -1.958241
v -0.681618 0.722524 -1.895080
v -0.684790 0.726616 -1.897137
v -0.717072 0.656925 -1.828787
v -0.712064 0.657620 -1.830834
v -0.699611 0.570449 -1.854515
v -0.707562 0.576989 -1.851699
v -0.713012 0.705173 -1.827623
v -0.708395 0.704202 -1.829093
v -0.710884 0.682945 -1.825209
v -0.715819 0.682978 -1.823455
v -0.695085 0.723122 -1.856250
v -0.699028 0.726922 -1.857336
v -0.701664 0.717915 -1.842098
v -0.705942 0.721175 -1.841456
v -0.396547 0.673303 -2.081214
v -0.397740 0.678633 -2.084722
v -0.501439 0.713497 -2.027728
v -0.644324 0.720716 -1.958241
v -0.646136 0.724888 -1.962799
v -0.503413 0.717627 -2.031036
v -0.471539 0.710556 -2.041848
v -0.472132 0.714528 -2.045810
v -0.306480 0.577044 -2.150115
v -0.332146 0.652839 -2.130854
v -0.318950 0.652815 -2.132718
v -0.294450 0.577041 -2.151906
v -0.349094 0.696336 -2.113971
v -0.365617 0.738741 -2.097510
v -0.333230 0.721394 -2.105913
v -0.332183 0.700398 -2.114717
v -0.317482 0.753567 -2.084618
v -0.333078 0.762489 -2.072007
v -0.252438 0.577031 -2.158163
v -0.328180 0.740415 -2.095553
v -0.375872 0.762538 -2.067431
v -0.751416 0.276580 0.160732
v -0.745966 0.273365 0.156258
v -0.740734 0.273183 0.626032
v -0.744960 0.276529 0.626154
v -0.744815 0.275787 -0.891096
v -0.741164 0.271608 -0.894249
v -0.746888 0.273240 -0.293191
v -0.751107 0.276588 -0.293180
v -0.737119 0.272037 0.780203
v -0.740831 0.276207 0.777265
v -0.745966 0.273365 0.156258
v -0.751483 0.276581 0.151968
v -0.152841 0.562475 2.096496
v -0.152754 0.578598 2.068829
v -0.374001 0.578641 2.054179
v -0.374327 0.562475 2.081849
v -0.574296 0.578575 2.006452
v -0.575309 0.562351 2.033797
v -0.654560 0.562475 1.973921
v -0.632675 0.578667 1.947535
v -0.668272 0.578662 1.834077
v -0.696017 0.562475 1.847927
v -0.610565 0.578631 1.984390
v -0.631981 0.562475 2.011406
v -0.788109 0.562475 1.541346
v -0.772415 0.578656 1.511143
v -0.800890 0.580024 1.471997
v -0.751206 0.578586 1.550224
v 0.018341 0.562475 2.098626
v 0.018341 0.578591 2.070962
v -0.152841 0.562475 2.096496
v -0.374327 0.562475 2.081849
v -0.374327 0.474243 2.098543
v -0.152841 0.474243 2.113189
v -0.575309 0.562351 2.033797
v -0.575309 0.474119 2.050491
v -0.696017 0.562475 1.847927
v -0.788109 0.562475 1.541346
v -0.788109 0.472990 1.588598
v -0.694499 0.474042 1.874582
v -0.654560 0.562475 1.973921
v -0.643270 0.474243 2.009357
v -0.631981 0.562475 2.011406
v -0.800890 0.580024 1.471997
v -0.801855 0.472654 1.528681
v 0.018341 0.474243 2.115320
v 0.018341 0.562475 2.098626
v -0.374239 0.374250 2.093000
v -0.152836 0.374634 2.106546
v -0.152837 0.388239 2.113399
v -0.374256 0.388159 2.099193
v 0.018341 0.374922 2.108726
v 0.018341 0.388250 2.115464
v -0.800890 0.580024 1.471997
v -0.772415 0.578656 1.511143
v -0.774724 0.582024 1.510844
v -0.751206 0.578586 1.550224
v -0.753549 0.582064 1.549800
v -0.411177 0.733090 2.039049
v -0.430411 0.750481 2.034059
v -0.561692 0.763243 2.006667
v -0.563626 0.762667 2.000763
v -0.568711 0.763450 2.003458
v -0.563626 0.762667 2.000763
v -0.655361 0.790102 1.846321
v -0.659321 0.706953 1.862406
v -0.670263 0.706955 1.824841
v -0.659366 0.689295 1.858237
v -0.561692 0.763243 2.006667
v -0.465019 0.760390 2.026399
v -0.652549 0.744702 1.870984
v -0.649419 0.743964 1.872509
v -0.645711 0.757092 1.882313
v -0.648219 0.758965 1.882282
v -0.672434 0.582079 1.833035
v -0.668272 0.578662 1.834077
v -0.666711 0.618433 1.842947
v -0.669871 0.618583 1.841622
v -0.656241 0.689401 1.859627
v -0.659366 0.689295 1.858237
v -0.600797 0.763766 1.983298
v -0.599214 0.761715 1.981495
v -0.568902 0.761290 2.000856
v -0.568711 0.763450 2.003458
v -0.151830 0.691142 2.056577
v -0.151799 0.689496 2.053165
v 0.018341 0.689511 2.054393
v 0.018341 0.691152 2.057794
v -0.398234 0.706941 2.043097
v -0.399883 0.707385 2.040345
v -0.397525 0.689508 2.034180
v -0.395998 0.691147 2.037669
v -0.395998 0.691147 2.037669
v -0.397525 0.689508 2.034180
v -0.656241 0.689401 1.859627
v -0.656167 0.707216 1.863809
v -0.659321 0.706953 1.862406
v -0.659366 0.689295 1.858237
v -0.623217 0.764348 1.947449
v -0.621086 0.762326 1.946404
v -0.430411 0.750481 2.034059
v -0.431929 0.748897 2.031171
v -0.412103 0.731134 2.036301
v -0.411177 0.733090 2.039049
v -0.563626 0.762667 2.000763
v -0.562855 0.760551 1.998398
v -0.560194 0.761165 2.004789
v -0.561692 0.763243 2.006667
v -0.562855 0.760551 1.998398
v -0.563626 0.762667 2.000763
v -0.659321 0.706953 1.862406
v -0.656167 0.707216 1.863809
v -0.464841 0.758178 2.023871
v -0.465019 0.760390 2.026399
v -0.399883 0.707385 2.040345
v -0.398234 0.706941 2.043097
v -0.672434 0.582079 1.833035
v -0.668272 0.578662 1.834077
v -0.374256 0.388159 2.099193
v -0.152837 0.388239 2.113399
v -0.489160 0.388630 2.071027
v -0.776834 0.388656 1.613196
v -0.675242 0.388719 1.906488
v -0.632341 0.388925 2.012455
v -0.564424 0.388936 2.052568
v -0.784602 0.380976 1.556176
v 0.018341 0.388250 2.115464
v -0.489160 0.388630 2.071027
v -0.486573 0.374037 2.069199
v -0.564424 0.388936 2.052568
v -0.561462 0.373524 2.051664
v -0.776834 0.388656 1.613196
v -0.764653 0.373330 1.613153
v -0.663335 0.373274 1.910556
v -0.675242 0.388719 1.906488
v -0.625821 0.373494 2.006644
v -0.632341 0.388925 2.012455
v -0.784602 0.380976 1.556176
v -0.824222 0.573420 -1.159225
v -0.823555 0.626166 -1.227965
v -0.822444 0.613275 -1.235409
v -0.823081 0.562962 -1.169841
v -0.815254 0.496501 -1.105871
v -0.814527 0.489592 -1.118949
v -0.820589 0.659590 -1.309368
v -0.816457 0.671471 -1.397103
v -0.815674 0.656489 -1.396743
v -0.819616 0.645156 -1.313056
v -0.812285 0.659590 -1.484838
v -0.808021 0.626166 -1.566241
v -0.807628 0.613275 -1.558077
v -0.811695 0.645156 -1.480430
v -0.783734 0.372402 -1.067763
v -0.784461 0.371220 -1.082599
v -0.800890 0.580024 1.471997
v -0.807616 0.633722 1.402782
v -0.807131 0.620252 1.395413
v -0.800716 0.569032 1.461434
v -0.819473 0.667769 1.141124
v -0.821709 0.633722 1.058204
v -0.820574 0.620252 1.066735
v -0.818442 0.652728 1.145829
v -0.815939 0.679871 1.230494
v -0.815070 0.664272 1.231074
v -0.812149 0.667769 1.319863
v -0.811455 0.652728 1.316320
v -0.806362 0.482299 0.926761
v -0.779964 0.372401 0.894455
v -0.780755 0.370990 0.910541
v -0.805356 0.476796 0.942385
v -0.803528 0.572235 -1.634815
v -0.803342 0.561832 -1.623487
v -0.821602 0.579993 0.988184
v -0.820472 0.569002 0.999946
v -0.795748 0.484238 -1.692426
v -0.787561 0.380549 -1.719694
v -0.788112 0.378991 -1.704056
v -0.795921 0.477896 -1.678046
v -0.803528 0.572235 -1.634815
v -0.803342 0.561832 -1.623487
v -0.801855 0.472654 1.528681
v -0.800890 0.580024 1.471997
v -0.800716 0.569032 1.461434
v -0.801636 0.466616 1.515503
v -0.784602 0.380976 1.556176
v -0.785179 0.379168 1.541729
v -0.764853 0.706971 1.427850
v -0.755484 0.691240 1.454002
v -0.785164 0.801095 0.797265
v -0.781096 0.825003 0.797227
v -0.778976 0.824830 0.916823
v -0.783044 0.800922 0.916860
v -0.800012 0.803622 0.797532
v -0.797892 0.803449 0.917127
v -0.793824 0.827357 0.917090
v -0.795943 0.827530 0.797494
v -0.785164 0.801095 0.797265
v -0.783044 0.800922 0.916860
v -0.797892 0.803449 0.917127
v -0.800012 0.803622 0.797532
v -0.778976 0.824830 0.916823
v -0.781096 0.825003 0.797227
v -0.795943 0.827530 0.797494
v -0.793824 0.827357 0.917090
v -0.778976 0.824830 0.916823
v -0.793824 0.827357 0.917090
v -0.782731 0.825543 0.963590
v -0.793824 0.827357 0.917090
v -0.797892 0.803449 0.917127
v -0.786800 0.801635 0.963628
v -0.782731 0.825543 0.963590
v -0.797892 0.803449 0.917127
v -0.783044 0.800922 0.916860
v -0.786800 0.801635 0.963628
v -0.785164 0.801095 0.797265
v -0.800012 0.803622 0.797532
v -0.790574 0.801942 0.750662
v -0.800012 0.803622 0.797532
v -0.795943 0.827530 0.797494
v -0.786506 0.825850 0.750624
v -0.790574 0.801942 0.750662
v -0.795943 0.827530 0.797494
v -0.781096 0.825003 0.797227
v -0.786506 0.825850 0.750624
v -0.783044 0.800922 0.916860
v -0.778976 0.824830 0.916823
v -0.759204 0.821465 0.916467
v -0.763273 0.797557 0.916505
v -0.778976 0.824830 0.916823
v -0.782731 0.825543 0.963590
v -0.758377 0.821397 0.963153
v -0.759204 0.821465 0.916467
v -0.782731 0.825543 0.963590
v -0.786800 0.801635 0.963628
v -0.762445 0.797490 0.963190
v -0.758377 0.821397 0.963153
v -0.786800 0.801635 0.963628
v -0.783044 0.800922 0.916860
v -0.763273 0.797557 0.916505
v -0.762445 0.797490 0.963190
v -0.781096 0.825003 0.797227
v -0.785164 0.801095 0.797265
v -0.765393 0.797730 0.796910
v -0.761324 0.821638 0.796872
v -0.785164 0.801095 0.797265
v -0.790574 0.801942 0.750662
v -0.766220 0.797797 0.750224
v -0.765393 0.797730 0.796910
v -0.790574 0.801942 0.750662
v -0.786506 0.825850 0.750624
v -0.762152 0.821705 0.750187
v -0.766220 0.797797 0.750224
v -0.786506 0.825850 0.750624
v -0.781096 0.825003 0.797227
v -0.761324 0.821638 0.796872
v -0.762152 0.821705 0.750187
v -0.793595 0.804680 -0.030927
v -0.791481 0.828839 -0.030927
v -0.791481 0.828839 0.088687
v -0.793595 0.804680 0.088687
v -0.808601 0.805992 -0.030927
v -0.808601 0.805992 0.088687
v -0.806488 0.830152 0.088687
v -0.806488 0.830152 -0.030927
v -0.793595 0.804680 -0.030927
v -0.793595 0.804680 0.088687
v -0.808601 0.805992 0.088687
v -0.808601 0.805992 -0.030927
v -0.791481 0.828839 0.088687
v -0.791481 0.828839 -0.030927
v -0.806488 0.830152 -0.030927
v -0.806488 0.830152 0.088687
v -0.791481 0.828839 0.088687
v -0.806488 0.830152 0.088687
v -0.796113 0.829244 0.135380
v -0.806488 0.830152 0.088687
v -0.808601 0.805992 0.088687
v -0.798227 0.805085 0.135380
v -0.796113 0.829244 0.135380
v -0.808601 0.805992 0.088687
v -0.793595 0.804680 0.088687
v -0.798227 0.805085 0.135380
v -0.793595 0.804680 -0.030927
v -0.808601 0.805992 -0.030927
v -0.798227 0.805085 -0.077620
v -0.808601 0.805992 -0.030927
v -0.806488 0.830152 -0.030927
v -0.796113 0.829244 -0.077620
v -0.798227 0.805085 -0.077620
v -0.806488 0.830152 -0.030927
v -0.791481 0.828839 -0.030927
v -0.796113 0.829244 -0.077620
v -0.793595 0.804680 0.088687
v -0.791481 0.828839 0.088687
v -0.771499 0.827091 0.088687
v -0.773613 0.802931 0.088687
v -0.791481 0.828839 0.088687
v -0.796113 0.829244 0.135380
v -0.771499 0.827091 0.135380
v -0.771499 0.827091 0.088687
v -0.796113 0.829244 0.135380
v -0.798227 0.805085 0.135380
v -0.773613 0.802931 0.135380
v -0.771499 0.827091 0.135380
v -0.798227 0.805085 0.135380
v -0.793595 0.804680 0.088687
v -0.773613 0.802931 0.088687
v -0.773613 0.802931 0.135380
v -0.791481 0.828839 -0.030927
v -0.793595 0.804680 -0.030927
v -0.773613 0.802931 -0.030927
v -0.771499 0.827091 -0.030927
v -0.793595 0.804680 -0.030927
v -0.798227 0.805085 -0.077620
v -0.773613 0.802931 -0.077620
v -0.773613 0.802931 -0.030927
v -0.798227 0.805085 -0.077620
v -0.796113 0.829244 -0.077620
v -0.771499 0.827091 -0.077620
v -0.773613 0.802931 -0.077620
v -0.796113 0.829244 -0.077620
v -0.791481 0.828839 -0.030927
v -0.771499 0.827091 -0.030927
v -0.771499 0.827091 -0.077620
v -0.823081 0.562962 -1.169841
v -0.822444 0.613275 -1.235409
v -0.483049 0.629216 -1.274233
v -0.483049 0.526277 -1.144395
v -0.814527 0.489592 -1.118949
v -0.819616 0.645156 -1.313056
v -0.815674 0.656489 -1.396743
v -0.483049 0.650823 -1.438586
v -0.811695 0.645156 -1.480430
v -0.807628 0.613275 -1.558077
v -0.483049 0.573881 -1.607785
v -0.483049 0.650823 -1.438586
v -0.815674 0.656489 -1.396743
v -0.784461 0.371220 -1.082599
v -0.483049 0.371220 -1.082599
v -0.756940 0.268983 -1.072002
v -0.483929 0.185188 -1.072002
v -0.800716 0.569032 1.461434
v -0.807131 0.620252 1.395413
v -0.483049 0.636490 1.355867
v -0.483049 0.517824 1.488469
v -0.818442 0.652728 1.145829
v -0.820574 0.620252 1.066735
v -0.483049 0.594627 1.033340
v -0.483049 0.658500 1.188452
v -0.815070 0.664272 1.231074
v -0.811455 0.652728 1.316320
v -0.815070 0.664272 1.231074
v -0.483049 0.658500 1.188452
v -0.780755 0.370990 0.910541
v -0.754091 0.267130 0.896707
v -0.483929 0.187468 0.896707
v -0.483049 0.424128 0.926606
v -0.805356 0.476796 0.942385
v -0.803342 0.561832 -1.623487
v -0.820472 0.569002 0.999946
v -0.788112 0.378991 -1.704056
v -0.755617 0.232864 -1.716883
v -0.483049 0.232864 -1.716883
v -0.483049 0.428443 -1.691051
v -0.795921 0.477896 -1.678046
v -0.736607 0.185188 -1.072002
v -0.733758 0.187468 0.896706
v -0.801636 0.466616 1.515503
v -0.753939 0.233733 1.553766
v -0.785179 0.379168 1.541729
v -0.483049 0.379168 1.541729
v -0.483049 0.233733 1.553766
v -0.319963 0.273522 -2.169888
v -0.309767 0.304737 -2.186556
v -0.232464 0.265853 -1.720721
v -0.150063 0.304737 -2.211062
v 0.018341 0.304737 -2.225908
v 0.018341 0.273657 -1.720721
v -0.232464 0.265853 -1.720721
v -0.668852 0.251915 -1.935455
v -0.600532 0.260627 -2.029931
v -0.483049 0.232864 -1.716883
v -0.309767 0.304737 -2.186556
v -0.319963 0.273522 -2.169888
v -0.232464 0.265853 -1.720721
v -0.725783 0.239860 -1.804659
v -0.483049 0.232864 -1.716883
v -0.755617 0.232864 -1.716883
v -0.753494 0.233230 -1.732730
v -0.753494 0.233230 -1.732730
v -0.723052 0.188328 0.626104
v -0.728109 0.188565 0.156282
v -0.544713 0.188566 0.156282
v -0.544713 0.187997 0.723846
v -0.729208 0.188386 -0.293210
v -0.722655 0.187542 -0.898047
v -0.544713 0.187276 -0.930032
v -0.544713 0.188386 -0.293210
v -0.733241 0.187429 0.879533
v -0.718762 0.187939 0.783907
v -0.723239 0.187010 -0.962016
v -0.733565 0.186470 -1.056089
v -0.483929 0.185188 -1.072002
v -0.736607 0.185188 -1.072002
v -0.733758 0.187468 0.896706
v -0.483929 0.187468 0.896707
v 0.018341 0.291853 2.066730
v -0.152829 0.291672 2.064758
v -0.407488 0.224797 1.558903
v 0.018341 0.227361 1.558903
v -0.470105 0.287984 2.025288
v -0.524657 0.286593 2.010561
v -0.483049 0.233733 1.553766
v -0.448406 0.337487 2.057683
v -0.470105 0.287984 2.025288
v -0.407488 0.224797 1.558903
v -0.374196 0.339789 2.077657
v -0.448406 0.337487 2.057683
v -0.407488 0.224797 1.558903
v -0.344870 0.290594 2.052993
v -0.344870 0.290594 2.052993
v -0.374196 0.339789 2.077657
v -0.407488 0.224797 1.558903
v -0.637483 0.276077 1.926843
v -0.739768 0.241907 1.623281
v -0.753939 0.233733 1.553766
v -0.524657 0.286593 2.042888
v -0.605897 0.282867 2.000973
v -0.483049 0.594627 1.033340
v -0.483049 0.517824 1.488469
v -0.483049 0.636490 1.355867
v -0.483049 0.658500 1.188452
v -0.483049 0.379168 1.541729
v -0.483049 0.424128 0.926606
v -0.483929 0.187468 0.896707
v -0.483049 0.233733 1.553766
v -0.483049 0.650823 -1.438586
v -0.483049 0.573881 -1.607785
v -0.483049 0.526277 -1.144395
v -0.483049 0.629216 -1.274233
v -0.483049 0.428443 -1.691051
v -0.483049 0.371220 -1.082599
v -0.483049 0.232864 -1.716883
v -0.483929 0.185188 -1.072002
v -0.220463 0.188476 -0.068464
v -0.220023 0.187733 0.810276
v -0.220023 0.186232 -1.001017
v -0.483049 0.232864 -1.716883
v 0.017838 0.188476 -0.068464
v 0.018341 0.187733 0.810276
v 0.018341 0.186232 -1.001017
v -0.152862 0.618678 2.065678
v -0.381915 0.618676 2.049591
v -0.372183 0.582068 2.056330
v -0.152842 0.582063 2.070803
v 0.018341 0.618679 2.067489
v 0.018341 0.687137 2.057342
v -0.151980 0.687129 2.056096
v -0.395356 0.687126 2.037313
v 0.018341 0.582060 2.072916
v -0.374001 0.578641 2.054179
v -0.152754 0.578598 2.068829
v -0.152842 0.582063 2.070803
v -0.372183 0.582068 2.056330
v 0.018341 0.578591 2.070962
v 0.018341 0.582060 2.072916
v -0.381915 0.618676 2.049591
v -0.383723 0.618344 2.046826
v -0.374001 0.578641 2.054179
v -0.372183 0.582068 2.056330
v 0.018341 0.687137 2.057342
v 0.018341 0.689511 2.054393
v -0.151799 0.689496 2.053165
v -0.151980 0.687129 2.056096
v -0.395356 0.687126 2.037313
v -0.397525 0.689508 2.034180
v -0.397525 0.689508 2.034180
v -0.395356 0.687126 2.037313
v -0.155089 0.432375 -2.215563
v -0.154753 0.423625 -2.215216
v -0.318642 0.423226 -2.188354
v -0.319339 0.431916 -2.188519
v -0.512535 0.423289 -2.086923
v -0.515304 0.432559 -2.085788
v -0.711796 0.468726 -1.898894
v -0.704908 0.496329 -1.907252
v -0.634502 0.495770 -2.013058
v -0.638371 0.470830 -2.022013
v -0.547002 0.470429 -2.070360
v -0.322349 0.469445 -2.189233
v -0.319524 0.495491 -2.180964
v -0.156179 0.495275 -2.208481
v -0.156534 0.470062 -2.217058
v 0.018341 0.495275 -2.224873
v 0.018341 0.470665 -2.233305
v -0.526586 0.470340 -2.081163
v -0.531356 0.495679 -2.068042
v -0.638371 0.470830 -2.022013
v -0.547002 0.470429 -2.070360
v -0.638629 0.468329 -1.961430
v -0.711796 0.468726 -1.898894
v -0.530752 0.457322 -2.078507
v -0.508356 0.385500 -2.087872
v -0.601687 0.390494 -1.981449
v -0.623755 0.455344 -1.972222
v -0.601687 0.390494 -1.981449
v -0.508356 0.385500 -2.087872
v -0.625047 0.385159 -2.027879
v -0.694101 0.386717 -1.926680
v -0.547002 0.470429 -2.070360
v -0.638629 0.468329 -1.961430
v -0.508356 0.385500 -2.087872
v -0.530752 0.457322 -2.078507
v -0.526586 0.470340 -2.081163
v -0.501254 0.385507 -2.091548
v -0.547002 0.470429 -2.070360
v -0.531356 0.495679 -2.068042
v -0.526586 0.470340 -2.081163
v -0.156534 0.470062 -2.217058
v 0.018341 0.470665 -2.233305
v 0.018341 0.457766 -2.232694
v -0.156044 0.457275 -2.216551
v -0.155734 0.449200 -2.216230
v 0.018341 0.449688 -2.232311
v 0.018341 0.440827 -2.231891
v -0.155399 0.440450 -2.215883
v -0.153798 0.398725 -2.214229
v -0.153308 0.385938 -2.213722
v -0.315633 0.385697 -2.187639
v -0.316653 0.398417 -2.187882
v -0.154443 0.415550 -2.214896
v -0.154108 0.406800 -2.214549
v -0.317299 0.406477 -2.188035
v -0.317996 0.415166 -2.188200
v -0.321329 0.456725 -2.188991
v -0.322349 0.469445 -2.189233
v -0.319985 0.439976 -2.188673
v -0.320682 0.448665 -2.188838
v -0.501254 0.385507 -2.091548
v -0.505171 0.398626 -2.089942
v -0.507469 0.406322 -2.089000
v -0.510237 0.415592 -2.087865
v -0.522668 0.457221 -2.082769
v -0.526586 0.470340 -2.081163
v -0.517602 0.440255 -2.084846
v -0.520370 0.449525 -2.083711
v -0.154108 0.406800 -2.214549
v 0.018341 0.406951 -2.230287
v 0.018341 0.402912 -2.206989
v -0.153953 0.402763 -2.191283
v -0.154753 0.423625 -2.215216
v 0.018341 0.423889 -2.231089
v 0.018341 0.419850 -2.207791
v -0.154598 0.419588 -2.191950
v -0.317299 0.406477 -2.188035
v -0.154108 0.406800 -2.214549
v -0.153953 0.402763 -2.191283
v -0.316976 0.402447 -2.164852
v -0.318642 0.423226 -2.188354
v -0.154753 0.423625 -2.215216
v -0.154598 0.419588 -2.191950
v -0.318319 0.419196 -2.165170
v -0.155734 0.449200 -2.216230
v -0.320682 0.448665 -2.188838
v -0.321005 0.452695 -2.165808
v -0.155889 0.453237 -2.193284
v -0.155089 0.432375 -2.215563
v -0.319339 0.431916 -2.188519
v -0.319662 0.435946 -2.165489
v -0.155244 0.436412 -2.192617
v -0.507469 0.406322 -2.089000
v -0.317299 0.406477 -2.188035
v -0.316976 0.402447 -2.164852
v -0.506320 0.402474 -2.066365
v -0.512535 0.423289 -2.086923
v -0.318642 0.423226 -2.188354
v -0.318319 0.419196 -2.165170
v -0.511386 0.419440 -2.064288
v -0.320682 0.448665 -2.188838
v -0.520370 0.449525 -2.083711
v -0.521519 0.453373 -2.060134
v -0.321005 0.452695 -2.165808
v -0.319339 0.431916 -2.188519
v -0.515304 0.432559 -2.085788
v -0.516453 0.436407 -2.062211
v -0.319662 0.435946 -2.165489
v -0.156044 0.457275 -2.216551
v 0.018341 0.457766 -2.232694
v 0.018341 0.453727 -2.209396
v -0.155889 0.453237 -2.193284
v -0.155399 0.440450 -2.215883
v 0.018341 0.440827 -2.231891
v 0.018341 0.436788 -2.208593
v -0.155244 0.436412 -2.192617
v -0.153798 0.398725 -2.214229
v -0.316653 0.398417 -2.187882
v -0.316976 0.402447 -2.164852
v -0.153953 0.402763 -2.191283
v -0.154443 0.415550 -2.214896
v -0.317996 0.415166 -2.188200
v -0.318319 0.419196 -2.165170
v -0.154598 0.419588 -2.191950
v -0.321329 0.456725 -2.188991
v -0.156044 0.457275 -2.216551
v -0.155889 0.453237 -2.193284
v -0.321005 0.452695 -2.165808
v -0.319985 0.439976 -2.188673
v -0.155399 0.440450 -2.215883
v -0.155244 0.436412 -2.192617
v -0.319662 0.435946 -2.165489
v -0.316653 0.398417 -2.187882
v -0.505171 0.398626 -2.089942
v -0.506320 0.402474 -2.066365
v -0.316976 0.402447 -2.164852
v -0.317996 0.415166 -2.188200
v -0.510237 0.415592 -2.087865
v -0.511386 0.419440 -2.064288
v -0.318319 0.419196 -2.165170
v -0.522668 0.457221 -2.082769
v -0.321329 0.456725 -2.188991
v -0.321005 0.452695 -2.165808
v -0.521519 0.453373 -2.060134
v -0.517602 0.440255 -2.084846
v -0.319985 0.439976 -2.188673
v -0.319662 0.435946 -2.165489
v -0.516453 0.436407 -2.062211
v -0.501254 0.385507 -2.091548
v -0.526586 0.470340 -2.081163
v -0.526586 0.470340 -2.058057
v -0.501254 0.385507 -2.068442
v -0.155957 0.595156 -2.102534
v -0.156589 0.648728 -2.090741
v 0.018341 0.648660 -2.103330
v 0.018341 0.595005 -2.117907
v -0.309211 0.700228 -2.051513
v -0.309948 0.714759 -2.045148
v -0.277917 0.712348 -2.048197
v -0.266252 0.648926 -2.075250
v -0.251123 0.595262 -2.088749
v -0.277347 0.595276 -2.084877
v -0.296873 0.655791 -2.069012
v -0.306806 0.728850 -2.038844
v -0.300997 0.739310 -2.034462
v -0.283683 0.744503 -2.030017
v -0.158056 0.744595 -2.043639
v -0.157083 0.712378 -2.062814
v -0.287588 0.762437 -2.076871
v -0.157316 0.762288 -2.090800
v -0.157825 0.761572 -2.096488
v -0.287404 0.761689 -2.082608
v 0.018341 0.762312 -2.099306
v 0.018341 0.761614 -2.104856
v 0.018341 0.576973 -2.188651
v -0.157179 0.577007 -2.172349
v -0.157394 0.581633 -2.174659
v 0.018341 0.581596 -2.190628
v -0.252438 0.577031 -2.158163
v -0.252640 0.581669 -2.160534
v -0.294450 0.577041 -2.151906
v -0.292298 0.581679 -2.154630
v -0.318950 0.652815 -2.132718
v -0.316058 0.655180 -2.135941
v -0.332183 0.700398 -2.114717
v -0.329158 0.702295 -2.118018
v -0.333230 0.721394 -2.105913
v -0.330212 0.722451 -2.109680
v -0.328180 0.740415 -2.095553
v -0.325441 0.740799 -2.099943
v -0.317482 0.753567 -2.084618
v -0.315423 0.753366 -2.089862
v -0.287404 0.761689 -2.082608
v -0.157825 0.761572 -2.096488
v -0.158524 0.754464 -2.105521
v -0.285729 0.754468 -2.091807
v 0.018341 0.761614 -2.104856
v 0.018341 0.754630 -2.114008
v 0.018341 0.581596 -2.190628
v -0.157394 0.581633 -2.174659
v -0.157090 0.592855 -2.172106
v 0.018341 0.592750 -2.187777
v -0.252640 0.581669 -2.160534
v -0.252288 0.592933 -2.158186
v -0.292298 0.581679 -2.154630
v -0.283872 0.592944 -2.153497
v -0.316058 0.655180 -2.135941
v -0.305089 0.658644 -2.136517
v -0.329158 0.702295 -2.118018
v -0.317731 0.704152 -2.118856
v -0.330212 0.722451 -2.109680
v -0.318811 0.721425 -2.112098
v -0.325441 0.740799 -2.099943
v -0.315006 0.737467 -2.104515
v -0.315423 0.753366 -2.089862
v -0.307314 0.748024 -2.097370
v -0.285729 0.754468 -2.091807
v -0.158524 0.754464 -2.105521
v -0.158056 0.744595 -2.043639
v -0.283683 0.744503 -2.030017
v 0.018341 0.744850 -2.052186
v -0.157090 0.592855 -2.172106
v -0.252288 0.592933 -2.158186
v -0.251123 0.595262 -2.088749
v -0.155957 0.595156 -2.102534
v -0.283872 0.592944 -2.153497
v -0.277347 0.595276 -2.084877
v -0.283872 0.592944 -2.153497
v -0.305089 0.658644 -2.136517
v -0.296873 0.655791 -2.069012
v -0.277347 0.595276 -2.084877
v -0.317731 0.704152 -2.118856
v -0.309211 0.700228 -2.051513
v -0.318811 0.721425 -2.112098
v -0.309948 0.714759 -2.045148
v -0.315006 0.737467 -2.104515
v -0.306806 0.728850 -2.038844
v -0.307314 0.748024 -2.097370
v -0.300997 0.739310 -2.034462
v -0.297583 0.594466 -2.142269
v 0.018341 0.594520 -2.175664
v 0.018341 0.594520 -2.149194
v -0.297583 0.594466 -2.115800
v -0.313270 0.676821 -2.119979
v 0.018341 0.676835 -2.150738
v 0.018341 0.676835 -2.124268
v -0.313270 0.676821 -2.093510
v -0.321081 0.717826 -2.101378
v 0.018341 0.717818 -2.130831
v 0.018341 0.717818 -2.104361
v -0.321081 0.717826 -2.074909
v -0.305433 0.635680 -2.133315
v 0.018341 0.635714 -2.165389
v 0.018341 0.635714 -2.138919
v -0.305433 0.635680 -2.106845
v -0.325018 0.738497 -2.088781
v 0.018341 0.738490 -2.117568
v 0.018341 0.738490 -2.091099
v -0.325018 0.738497 -2.062311
v -0.309371 0.656351 -2.126928
v 0.018341 0.656385 -2.158339
v 0.018341 0.656385 -2.131869
v -0.309371 0.656351 -2.100458
v -0.317208 0.697493 -2.111016
v 0.018341 0.697506 -2.141110
v 0.018341 0.697506 -2.114641
v -0.317208 0.697493 -2.084547
v -0.301520 0.615137 -2.138052
v 0.018341 0.615191 -2.170784
v 0.018341 0.615191 -2.144315
v -0.301520 0.615137 -2.111583
v -0.326236 0.744892 -2.084884
v -0.327177 0.749831 -2.076014
v 0.018341 0.749839 -2.104427
v 0.018341 0.744908 -2.113451
v -0.310275 0.661100 -2.125461
v -0.311325 0.666608 -2.117898
v 0.018341 0.666574 -2.149003
v 0.018341 0.661029 -2.156754
v -0.318229 0.702855 -2.108691
v -0.319238 0.708151 -2.100534
v 0.018341 0.708138 -2.130298
v 0.018341 0.702827 -2.138632
v -0.302350 0.619493 -2.137163
v -0.303425 0.625138 -2.130152
v 0.018341 0.625084 -2.162588
v 0.018341 0.619382 -2.169795
v -0.322299 0.724220 -2.097482
v -0.323240 0.729160 -2.088611
v 0.018341 0.729168 -2.117689
v 0.018341 0.724236 -2.126713
v -0.306338 0.640429 -2.131847
v -0.307387 0.645937 -2.124285
v 0.018341 0.645903 -2.156053
v 0.018341 0.640358 -2.163805
v -0.314291 0.682184 -2.117654
v -0.315300 0.687480 -2.109497
v 0.018341 0.687466 -2.139926
v 0.018341 0.682156 -2.148260
v -0.298412 0.598822 -2.141381
v -0.299488 0.604467 -2.134369
v 0.018341 0.604412 -2.167469
v 0.018341 0.598711 -2.174675
v -0.736983 0.924293 -0.771036
v -0.745143 0.904673 -0.765362
v -0.748358 0.905491 -0.625986
v -0.700803 1.024369 -0.603773
v -0.729128 0.922407 -0.772860
v -0.738239 0.900483 -0.766519
v -0.745143 0.904673 -0.765362
v -0.736983 0.924293 -0.771036
v -0.738239 0.900483 -0.766519
v -0.741519 0.901317 -0.624373
v -0.748358 0.905491 -0.625986
v -0.745143 0.904673 -0.765362
v -0.741519 0.901317 -0.624373
v -0.692005 1.025086 -0.601247
v -0.700803 1.024369 -0.603773
v -0.748358 0.905491 -0.625986
v -0.692005 1.025086 -0.601247
v -0.729128 0.922407 -0.772860
v -0.736983 0.924293 -0.771036
v -0.700803 1.024369 -0.603773
v -0.952421 0.926318 -0.550504
v -0.950088 0.938981 -0.634667
v -0.952147 0.923104 -0.622135
v -0.928787 1.011064 -0.556108
v -0.786182 1.024166 -0.615192
v -0.808234 1.022974 -0.655348
v -0.928435 1.012119 -0.601386
v -0.779812 0.902092 -0.616702
v -0.934097 0.911176 -0.626674
v -0.802299 0.902549 -0.683380
v -0.935903 0.999209 -0.622307
v -0.811382 1.010364 -0.676316
v -0.815196 0.931675 -0.700775
v -0.942840 0.939581 -0.643636
v -0.772771 0.908866 -0.618372
v -0.768599 0.905001 -0.623299
v -0.763192 0.909463 -0.629721
v -0.767068 0.946666 -0.628802
v -0.768599 0.905001 -0.623299
v -0.788546 0.904754 -0.686057
v -0.776957 0.909463 -0.687776
v -0.763192 0.909463 -0.629721
v -0.802703 0.934343 -0.699331
v -0.780833 0.946666 -0.686857
v -0.801132 1.011165 -0.671582
v -0.773186 1.012103 -0.618274
v -0.767068 0.946666 -0.628802
v -0.763192 0.909463 -0.629721
v -0.726693 0.904910 -0.638376
v -0.711546 0.939740 -0.641967
v -0.763192 0.909463 -0.629721
v -0.776957 0.909463 -0.687776
v -0.740459 0.904910 -0.696431
v -0.726693 0.904910 -0.638376
v -0.776957 0.909463 -0.687776
v -0.780833 0.946666 -0.686857
v -0.725312 0.939740 -0.700022
v -0.740459 0.904910 -0.696431
v -0.780833 0.946666 -0.686857
v -0.767068 0.946666 -0.628802
v -0.711546 0.939740 -0.641967
v -0.725312 0.939740 -0.700022
v -0.807057 0.925344 -0.698601
v -0.945239 0.923218 -0.631761
v -0.943645 0.996256 -0.552585
v -0.943040 0.998267 -0.613402
v -0.941719 0.912889 -0.553041
v -0.941221 0.911808 -0.617705
v -0.921325 1.012998 -0.610340
v -0.818594 1.022092 -0.659969
v -0.779812 0.902092 -0.616702
v -0.939564 0.920994 -0.562124
v -0.927081 1.003011 -0.565084
v -0.937849 0.992280 -0.562530
v -0.945810 0.928831 -0.560643
v -0.943645 0.996256 -0.552585
v -0.952421 0.926318 -0.550504
v -0.948545 0.927459 -0.551423
v -0.940139 0.994450 -0.553416
v -0.941719 0.912889 -0.553041
v -0.939866 0.916569 -0.553481
v -0.779812 0.902092 -0.616702
v -0.781163 0.906004 -0.616382
v -0.772771 0.908866 -0.618372
v -0.776480 0.910510 -0.617492
v -0.773186 1.012103 -0.618274
v -0.776881 1.010406 -0.617397
v -0.786182 1.024166 -0.615192
v -0.787450 1.020216 -0.614891
v -0.928787 1.011064 -0.556108
v -0.927138 1.007407 -0.556499
v -0.940139 0.994450 -0.553416
v -0.948545 0.927459 -0.551423
v -0.945810 0.928831 -0.560643
v -0.937849 0.992280 -0.562530
v -0.939866 0.916569 -0.553481
v -0.939564 0.920994 -0.562124
v -0.781163 0.906004 -0.616382
v -0.783787 0.911596 -0.624331
v -0.776480 0.910510 -0.617492
v -0.776881 1.010406 -0.617397
v -0.783247 1.008366 -0.624459
v -0.787450 1.020216 -0.614891
v -0.790898 1.015467 -0.622645
v -0.927138 1.007407 -0.556499
v -0.927081 1.003011 -0.565084
v -0.783787 0.911596 -0.624331
v -0.783247 1.008366 -0.624459
v -0.790898 1.015467 -0.622645
v -0.754106 0.267987 0.879684
v -0.765780 0.372401 0.860541
v -0.753859 0.372401 0.802140
v -0.737726 0.267414 0.783907
v -0.757701 0.372401 -0.941133
v -0.759662 0.372401 -0.994537
v -0.743408 0.270710 -0.952859
v -0.741826 0.267381 -0.898047
v -0.758106 0.372401 -0.907058
v -0.769570 0.372401 -1.034462
v -0.783734 0.372402 -1.067763
v -0.754882 0.270110 -1.056089
v -0.747897 0.270110 -1.012142
v -0.779964 0.372401 0.894455
v -0.753859 0.372401 0.802140
v -0.750599 0.372401 0.798341
v -0.737119 0.272037 0.780203
v -0.737726 0.267414 0.783907
v -0.741826 0.267381 -0.898047
v -0.741164 0.271608 -0.894249
v -0.755143 0.372401 -0.903333
v -0.758106 0.372401 -0.907058
v -0.710884 0.361703 -1.935697
v -0.668852 0.251915 -1.935455
v -0.725783 0.239860 -1.804659
v -0.768946 0.366242 -1.789928
v 0.018341 0.361842 -2.243611
v 0.018341 0.304737 -2.225908
v -0.150063 0.304737 -2.211062
v -0.156626 0.361838 -2.227853
v -0.753494 0.233230 -1.732730
v -0.787561 0.380549 -1.719694
v -0.309767 0.304737 -2.186556
v -0.322552 0.361827 -2.201360
v -0.319963 0.273522 -2.169888
v -0.352980 0.290694 -2.159689
v -0.600532 0.260627 -2.029931
v -0.607947 0.290694 -2.031714
v -0.656880 0.290694 -1.963597
v -0.379071 0.303107 -2.014642
v -0.643087 0.303106 -1.921518
v -0.646584 0.322775 -1.923916
v -0.375664 0.323001 -2.022959
v -0.349059 0.333828 -2.177204
v -0.626394 0.333410 -2.036150
v -0.638640 0.361766 -2.039094
v -0.674036 0.333338 -1.968648
v -0.626394 0.333410 -2.036150
v -0.349059 0.333828 -2.177204
v -0.375664 0.323001 -2.022959
v -0.646584 0.322775 -1.923916
v -0.349059 0.333828 -2.177204
v -0.352980 0.290694 -2.159689
v -0.379071 0.303107 -2.014642
v -0.375664 0.323001 -2.022959
v -0.352980 0.290694 -2.159689
v -0.607947 0.290694 -2.031714
v -0.643087 0.303106 -1.921518
v -0.379071 0.303107 -2.014642
v -0.656880 0.290694 -1.963597
v -0.656880 0.290694 -1.963597
v -0.674036 0.333338 -1.968648
v -0.646584 0.322775 -1.923916
v -0.643087 0.303106 -1.921518
v -0.674036 0.333338 -1.968648
v -0.728109 0.188565 0.156282
v -0.723052 0.188328 0.626104
v -0.742106 0.267963 0.626104
v -0.747108 0.268102 0.156282
v -0.722655 0.187542 -0.898047
v -0.729208 0.188386 -0.293210
v -0.748262 0.268021 -0.293210
v -0.741826 0.267381 -0.898047
v -0.754106 0.267987 0.879684
v -0.737726 0.267414 0.783907
v -0.718762 0.187939 0.783907
v -0.733241 0.187429 0.879533
v -0.743408 0.270710 -0.952859
v -0.723239 0.187010 -0.962016
v -0.747897 0.270110 -1.012142
v -0.754882 0.270110 -1.056089
v -0.733565 0.186470 -1.056089
v -0.742106 0.267963 0.626104
v -0.740734 0.273183 0.626032
v -0.745966 0.273365 0.156258
v -0.747108 0.268102 0.156282
v -0.748262 0.268021 -0.293210
v -0.746888 0.273240 -0.293191
v -0.561462 0.373524 2.051664
v -0.524657 0.286593 2.042888
v -0.486573 0.374037 2.069199
v -0.739768 0.241907 1.623281
v -0.637483 0.276077 1.926843
v -0.663335 0.373274 1.910556
v -0.764653 0.373330 1.613153
v -0.605897 0.282867 2.000973
v -0.625821 0.373494 2.006644
v -0.753939 0.233733 1.553766
v -0.784602 0.380976 1.556176
v -0.524657 0.286593 2.010561
v -0.486573 0.374037 2.069199
v -0.524657 0.286593 2.042888
v -0.524657 0.286593 2.010561
v -0.470105 0.287984 2.025288
v -0.448406 0.337487 2.057683
v -0.486573 0.374037 2.069199
v -0.374196 0.339789 2.077657
v -0.374239 0.374250 2.093000
v -0.152836 0.374634 2.106546
v -0.152829 0.291672 2.064758
v 0.018341 0.291853 2.066730
v 0.018341 0.374922 2.108726
v -0.754882 0.270110 -1.056089
v -0.783734 0.372402 -1.067763
v -0.784461 0.371220 -1.082599
v -0.756940 0.268983 -1.072002
v -0.779964 0.372401 0.894455
v -0.754106 0.267987 0.879684
v -0.754091 0.267130 0.896707
v -0.780755 0.370990 0.910541
v -0.787561 0.380549 -1.719694
v -0.753494 0.233230 -1.732730
v -0.755617 0.232864 -1.716883
v -0.788112 0.378991 -1.704056
v -0.756940 0.268983 -1.072002
v -0.736607 0.185188 -1.072002
v -0.733758 0.187468 0.896706
v -0.754091 0.267130 0.896707
v -0.784602 0.380976 1.556176
v -0.785179 0.379168 1.541729
v -0.753939 0.233733 1.553766
v 0.018341 0.569440 -2.183352
v 0.018341 0.554379 -2.215514
v 0.018341 0.432749 -2.231509
v 0.018341 0.423889 -2.231089
v 0.018341 0.398872 -2.229904
v 0.018341 0.385974 -2.229294
v 0.018341 0.415811 -2.230706
v 0.018341 0.406951 -2.230287
v -0.155734 0.449200 -2.216230
v -0.155889 0.453237 -2.193284
v 0.018341 0.453727 -2.209396
v 0.018341 0.449688 -2.232311
v -0.155089 0.432375 -2.215563
v -0.155244 0.436412 -2.192617
v 0.018341 0.436788 -2.208593
v 0.018341 0.432749 -2.231509
v -0.153798 0.398725 -2.214229
v -0.153953 0.402763 -2.191283
v 0.018341 0.402912 -2.206989
v 0.018341 0.398872 -2.229904
v -0.154443 0.415550 -2.214896
v -0.154598 0.419588 -2.191950
v 0.018341 0.419850 -2.207791
v 0.018341 0.415811 -2.230706
v 0.018341 0.744850 -2.052186
v 0.018341 0.710486 -2.073759
v 0.018341 0.592750 -2.187777
v 0.018341 0.595005 -2.117907
v -0.325018 0.738497 -2.088781
v -0.326236 0.744892 -2.084884
v 0.018341 0.744908 -2.113451
v 0.018341 0.738490 -2.117568
v -0.309371 0.656351 -2.126928
v -0.310275 0.661100 -2.125461
v 0.018341 0.661029 -2.156754
v 0.018341 0.656385 -2.158339
v -0.317208 0.697493 -2.111016
v -0.318229 0.702855 -2.108691
v 0.018341 0.702827 -2.138632
v 0.018341 0.697506 -2.141110
v -0.301520 0.615137 -2.138052
v -0.302350 0.619493 -2.137163
v 0.018341 0.619382 -2.169795
v 0.018341 0.615191 -2.170784
v -0.321081 0.717826 -2.101378
v -0.322299 0.724220 -2.097482
v 0.018341 0.724236 -2.126713
v 0.018341 0.717818 -2.130831
v -0.305433 0.635680 -2.133315
v -0.306338 0.640429 -2.131847
v 0.018341 0.640358 -2.163805
v 0.018341 0.635714 -2.165389
v -0.313270 0.676821 -2.119979
v -0.314291 0.682184 -2.117654
v 0.018341 0.682156 -2.148260
v 0.018341 0.676835 -2.150738
v -0.297583 0.594466 -2.142269
v -0.298412 0.598822 -2.141381
v 0.018341 0.598711 -2.174675
v 0.018341 0.594520 -2.175664
v -0.327177 0.749831 -2.076014
v -0.327177 0.749831 -2.055405
v 0.018341 0.749839 -2.083818
v 0.018341 0.749839 -2.104427
v -0.311325 0.666608 -2.117898
v -0.311325 0.666608 -2.097289
v 0.018341 0.666574 -2.128394
v 0.018341 0.666574 -2.149003
v -0.319238 0.708151 -2.100534
v -0.319238 0.708151 -2.079925
v 0.018341 0.708138 -2.109689
v 0.018341 0.708138 -2.130298
v -0.303425 0.625138 -2.130152
v -0.303425 0.625138 -2.109542
v 0.018341 0.625084 -2.141979
v 0.018341 0.625084 -2.162588
v -0.323240 0.729160 -2.088611
v -0.323240 0.729160 -2.068002
v 0.018341 0.729168 -2.097080
v 0.018341 0.729168 -2.117689
v -0.307387 0.645937 -2.124285
v -0.307387 0.645937 -2.103676
v 0.018341 0.645903 -2.135444
v 0.018341 0.645903 -2.156053
v -0.315300 0.687480 -2.109497
v -0.315300 0.687480 -2.088888
v 0.018341 0.687466 -2.119317
v 0.018341 0.687466 -2.139926
v -0.299488 0.604467 -2.134369
v -0.299488 0.604467 -2.113760
v 0.018341 0.604412 -2.146859
v 0.018341 0.604412 -2.167469
v 0.197121 0.855566 -1.679497
v 0.195180 0.821094 -1.869495
v 0.438805 0.854387 -1.677835
v 0.431957 0.820635 -1.862384
v 0.687739 0.800301 -1.834422
v 0.487071 0.801984 -1.860364
v 0.528622 0.837839 -1.676760
v 0.698185 0.832155 -1.674350
v 0.622602 0.890474 -1.187382
v 0.718868 0.887245 -1.179473
v 0.711422 0.866844 -1.403579
v 0.582175 0.871497 -1.405599
v 0.200040 0.885465 -1.408333
v 0.202338 0.900922 -1.199107
v 0.451125 0.899448 -1.193979
v 0.445713 0.884044 -1.407733
v 0.254568 1.338229 0.312289
v 0.558782 1.318768 0.304172
v 0.558355 1.317463 -0.033017
v 0.254851 1.336152 -0.050196
v 0.316463 0.924213 1.505136
v 0.317863 0.931761 1.435854
v 0.697839 0.922294 1.425115
v 0.689100 0.913950 1.498755
v 0.292769 0.872329 1.935859
v 0.187781 0.706935 2.062839
v 0.181810 0.806876 2.056340
v 0.696002 0.706953 1.862407
v 0.706945 0.706955 1.824841
v 0.699090 0.746528 1.834977
v 0.689231 0.744702 1.870984
v 0.706553 0.618583 1.841623
v 0.709116 0.582079 1.833035
v 0.790231 0.582064 1.549801
v 0.794594 0.617945 1.527737
v 0.794088 0.372401 0.627218
v 0.800450 0.372401 0.161946
v 0.815862 0.563979 0.164373
v 0.809597 0.564762 0.631719
v 0.788098 0.276580 0.160732
v 0.781642 0.276529 0.626154
v 0.558756 1.318600 0.645908
v 0.254582 1.338100 0.646622
v 0.254980 1.334799 0.869471
v 0.558427 1.316327 0.870392
v 0.811058 0.566634 -0.906738
v 0.815244 0.563866 -0.291288
v 0.800035 0.372401 -0.292549
v 0.794908 0.372401 -0.899699
v 0.787789 0.276588 -0.293180
v 0.781497 0.275787 -0.891096
v 0.689458 0.769665 -1.920931
v 0.714926 0.761505 -1.899151
v 0.689054 0.754728 -1.936177
v 0.454338 0.762398 -2.016490
v 0.491954 0.745130 -2.029770
v 0.442462 0.742713 -2.052300
v 0.737860 0.771378 -1.821753
v 0.726223 0.788289 -1.823688
v 0.695307 0.799156 -1.832092
v 0.548879 0.765397 -1.979722
v 0.575552 1.287045 -0.227001
v 0.597048 1.283701 -0.220400
v 0.676755 1.119672 -0.548061
v 0.649928 1.117246 -0.568769
v 0.605829 1.287743 -0.132729
v 0.614806 1.272412 -0.204987
v 0.564855 1.313018 -0.138831
v 0.565517 1.315110 -0.035443
v 0.606884 1.289912 -0.021168
v 0.557274 1.315563 -0.136002
v 0.255358 1.332328 -0.161492
v 0.566908 1.291304 -0.220443
v 0.260134 1.296422 -0.253013
v 0.617529 1.262769 0.971816
v 0.605938 1.282913 0.928788
v 0.565211 1.310355 0.949007
v 0.574253 1.285026 1.005037
v 0.259797 1.293682 1.018594
v 0.565851 1.289398 1.000976
v 0.557735 1.312762 0.947989
v 0.255682 1.328933 0.956382
v 0.605970 1.289734 0.836152
v 0.565604 1.313990 0.871315
v 0.670883 1.128146 1.147130
v 0.692674 1.120103 1.095530
v 0.637755 1.125711 1.177270
v 0.619144 0.822106 1.986586
v 0.631600 0.834451 1.957162
v 0.604624 0.845752 1.957740
v 0.599743 0.827597 1.988845
v 0.592375 0.828251 1.991859
v 0.596834 0.847067 1.959647
v 0.397091 0.852719 1.995067
v 0.396003 0.831634 2.028537
v 0.609101 0.863982 1.899852
v 0.653084 0.852036 1.893530
v 0.617149 0.862412 1.898224
v 0.656278 0.806432 1.947206
v 0.634147 0.806262 1.982673
v 0.677965 0.822969 1.887529
v 0.602504 0.805004 2.002391
v 0.595469 0.804937 2.005545
v 0.498033 0.805764 2.024691
v 0.423586 0.783457 -2.014129
v 0.326230 0.783123 -2.023784
v 0.194173 0.782670 -2.036881
v 0.193998 0.762288 -2.090800
v 0.705721 0.830580 -1.674050
v 0.741614 0.817619 -1.671259
v 0.770397 0.782212 -1.668378
v 0.813121 0.729475 -1.407366
v 0.797218 0.773218 -1.464530
v 0.803311 0.786608 -1.312562
v 0.818439 0.719624 -1.302239
v 0.807485 0.795758 -1.131765
v 0.821613 0.687893 -1.174210
v 0.785108 0.814364 -1.393839
v 0.755460 0.851779 -1.399962
v 0.761024 0.875080 -1.163555
v 0.790132 0.840901 -1.145511
v 0.726421 0.885712 -1.178495
v 0.718949 0.865265 -1.403145
v 0.758518 0.913492 -0.921885
v 0.729125 0.907978 -0.954873
v 0.776207 0.903403 -0.877773
v 0.694175 1.113881 -0.518953
v 0.607978 1.290219 0.288106
v 0.565950 1.316409 0.302773
v 0.730732 0.965107 1.293166
v 0.746292 0.975045 1.219063
v 0.698121 0.958509 1.331729
v 0.396999 0.806625 2.044648
v 0.181533 0.832137 2.039629
v 0.182075 0.853560 2.005890
v 0.735662 0.901285 1.484698
v 0.741658 0.914381 1.397105
v 0.705452 0.920982 1.423127
v 0.696645 0.912352 1.497828
v 0.762166 0.868579 1.466471
v 0.769122 0.886438 1.360706
v 0.783801 0.786544 1.436456
v 0.797085 0.809453 1.268917
v 0.565921 1.316236 0.645748
v 0.607435 1.290278 0.644030
v 0.729649 0.905553 -0.964961
v 0.759765 0.910311 -0.931687
v 0.762080 0.891106 -1.005759
v 0.728683 0.895600 -1.036211
v 0.791110 0.871603 -0.903189
v 0.812210 0.806774 -0.914096
v 0.791353 0.863333 -0.966676
v 0.741230 0.932305 1.343102
v 0.766881 0.907513 1.289405
v 0.758978 0.938756 1.240569
v 0.778597 0.883598 1.185667
v 0.706722 0.928534 1.381273
v 0.699115 0.928586 1.388745
v 0.318161 0.936342 1.407401
v 0.317853 0.939769 1.398697
v 0.698597 0.931860 1.379925
v 0.691036 0.958990 1.334791
v 0.314456 0.964937 1.361182
v 0.802462 0.372401 0.860541
v 0.790541 0.372401 0.802140
v 0.810755 0.527496 0.857910
v 0.823331 0.496271 0.894976
v 0.794383 0.372401 -0.941133
v 0.796344 0.372401 -0.994537
v 0.817790 0.523004 -1.035252
v 0.810691 0.568485 -0.980812
v 0.811024 0.566814 -0.914097
v 0.794788 0.372401 -0.907058
v 0.839853 0.595938 -1.136077
v 0.838994 0.653816 -1.212610
v 0.823892 0.611444 -1.089664
v 0.860905 0.573420 -1.159225
v 0.860237 0.626166 -1.227965
v 0.832588 0.512195 -1.077570
v 0.851937 0.496501 -1.105871
v 0.835274 0.689805 -1.304563
v 0.830388 0.702328 -1.402442
v 0.857272 0.659590 -1.309368
v 0.853139 0.671471 -1.397103
v 0.826024 0.689810 -1.496754
v 0.821659 0.653843 -1.583333
v 0.800940 0.682672 -1.615784
v 0.808569 0.716953 -1.506330
v 0.848967 0.659590 -1.484838
v 0.844704 0.626166 -1.566241
v 0.806252 0.372401 -1.034461
v 0.820417 0.372402 -1.067762
v 0.814456 0.603006 1.496271
v 0.820755 0.661805 1.420577
v 0.792166 0.691240 1.454002
v 0.837572 0.580024 1.471997
v 0.844298 0.633722 1.402783
v 0.810461 0.692211 0.992638
v 0.819112 0.707142 1.041224
v 0.836758 0.661771 1.042950
v 0.833912 0.698105 1.137815
v 0.856155 0.667769 1.141124
v 0.858391 0.633722 1.058205
v 0.852621 0.679871 1.230494
v 0.829709 0.710644 1.238313
v 0.817044 0.734977 1.135812
v 0.812189 0.746639 1.248227
v 0.807639 0.734412 1.349312
v 0.825581 0.698114 1.333579
v 0.848831 0.667769 1.319863
v 0.801535 0.706971 1.427850
v 0.843044 0.482299 0.926761
v 0.816646 0.372401 0.894455
v 0.816764 0.596021 -1.658016
v 0.840211 0.572235 -1.634815
v 0.797204 0.609986 -1.692982
v 0.836816 0.602912 0.964585
v 0.819226 0.617680 0.922355
v 0.858284 0.579993 0.988184
v 0.817973 0.617365 0.912759
v 0.808987 0.689469 0.636492
v 0.810143 0.692065 0.983970
v 0.809727 0.527178 0.849344
v 0.815457 0.689461 0.165963
v 0.807681 0.686737 -1.025354
v 0.809180 0.688477 -0.914097
v 0.803867 0.577005 -1.692419
v 0.744244 0.576989 -1.851699
v 0.765650 0.645619 -1.785417
v 0.405575 0.653130 -2.101254
v 0.418438 0.653291 -2.095395
v 0.392283 0.577069 -2.112458
v 0.379917 0.577069 -2.118231
v 0.813334 0.809453 0.635276
v 0.816617 0.755370 0.636102
v 0.823130 0.754574 0.166788
v 0.816940 0.809454 0.167483
v 0.822047 0.706141 -0.906738
v 0.812352 0.807148 -0.906699
v 0.816356 0.809454 -0.281961
v 0.827744 0.707209 -0.290348
v 0.810461 0.692211 0.992638
v 0.818021 0.707164 0.991980
v 0.819112 0.707142 1.041224
v 0.801626 0.809453 1.131116
v 0.784208 0.875833 0.991097
v 0.799793 0.809453 0.991980
v 0.777254 0.729374 -1.674762
v 0.635419 0.898633 -1.053013
v 0.721069 0.896807 -1.038358
v 0.203091 0.903468 -1.122299
v 0.453436 0.903070 -1.094554
v 0.811406 0.582024 1.510844
v 0.820167 0.703805 -1.030053
v 0.821935 0.706002 -0.914097
v 0.810143 0.692065 0.983970
v 0.808987 0.689469 0.636492
v 0.821964 0.707210 0.636838
v 0.817965 0.707166 0.984621
v 0.815457 0.689461 0.165963
v 0.828473 0.707209 0.166187
v 0.807681 0.686737 -1.025354
v 0.821613 0.687893 -1.174210
v 0.820167 0.703805 -1.030053
v 0.821935 0.706002 -0.914097
v 0.809180 0.688477 -0.914097
v 0.778553 0.898447 -0.883624
v 0.795690 0.874004 0.632906
v 0.801720 0.873500 0.168295
v 0.434916 0.706941 2.043097
v 0.696047 0.689295 1.858237
v 0.659899 0.764348 1.947450
v 0.684901 0.758965 1.882282
v 0.680267 0.796507 1.887491
v 0.605393 0.763450 2.003458
v 0.637479 0.763766 1.983298
v 0.188511 0.691142 2.056577
v 0.187781 0.706935 2.062839
v 0.432680 0.691147 2.037669
v 0.434916 0.706941 2.043097
v 0.683052 0.753105 -1.937021
v 0.683627 0.766197 -1.923553
v 0.689458 0.769665 -1.920931
v 0.689054 0.754728 -1.936177
v 0.683627 0.766197 -1.923553
v 0.683052 0.753105 -1.937021
v 0.683273 0.754471 -1.942676
v 0.682991 0.769652 -1.927565
v 0.690238 0.795173 -1.833325
v 0.695307 0.799156 -1.832092
v 0.690238 0.795173 -1.833325
v 0.687739 0.800301 -1.834422
v 0.575552 1.287045 -0.227001
v 0.649928 1.117246 -0.568769
v 0.645286 1.112755 -0.568845
v 0.570166 1.284665 -0.222590
v 0.559708 1.310154 -0.134806
v 0.564855 1.313018 -0.138831
v 0.560553 1.311990 -0.032839
v 0.565517 1.315110 -0.035443
v 0.560553 1.311990 -0.032839
v 0.559708 1.310154 -0.134806
v 0.557274 1.315563 -0.136002
v 0.558355 1.317463 -0.033017
v 0.570166 1.284665 -0.222590
v 0.566908 1.291304 -0.220443
v 0.560082 1.307461 0.946546
v 0.568962 1.282781 1.002140
v 0.574253 1.285026 1.005037
v 0.565211 1.310355 0.949007
v 0.568962 1.282781 1.002140
v 0.560082 1.307461 0.946546
v 0.557735 1.312762 0.947989
v 0.565851 1.289398 1.000976
v 0.560634 1.310862 0.870236
v 0.558427 1.316327 0.870392
v 0.560634 1.310862 0.870236
v 0.565604 1.313990 0.871315
v 0.637755 1.125711 1.177270
v 0.632871 1.122166 1.175698
v 0.600153 0.842093 1.956405
v 0.595163 0.824450 1.987235
v 0.599743 0.827597 1.988845
v 0.604624 0.845752 1.957740
v 0.595163 0.824450 1.987235
v 0.600153 0.842093 1.956405
v 0.596834 0.847067 1.959647
v 0.592375 0.828251 1.991859
v 0.612599 0.858623 1.897518
v 0.609101 0.863982 1.899852
v 0.612599 0.858623 1.897518
v 0.617149 0.862412 1.898224
v 0.597586 0.803424 1.999712
v 0.602504 0.805004 2.002391
v 0.597586 0.803424 1.999712
v 0.595469 0.804937 2.005545
v 0.700924 0.826638 -1.673568
v 0.698185 0.832155 -1.674350
v 0.700924 0.826638 -1.673568
v 0.705721 0.830580 -1.674050
v 0.714152 0.861281 -1.402839
v 0.721627 0.881656 -1.178924
v 0.726421 0.885712 -1.178495
v 0.718949 0.865265 -1.403145
v 0.721627 0.881656 -1.178924
v 0.714152 0.861281 -1.402839
v 0.711422 0.866844 -1.403579
v 0.718868 0.887245 -1.179473
v 0.729125 0.907978 -0.954873
v 0.724939 0.901765 -0.960622
v 0.565950 1.316409 0.302773
v 0.560947 1.313280 0.304032
v 0.558782 1.318768 0.304172
v 0.560947 1.313280 0.304032
v 0.698121 0.958509 1.331729
v 0.693291 0.954574 1.331053
v 0.691786 0.908376 1.497998
v 0.700595 0.916773 1.423943
v 0.697839 0.922294 1.425115
v 0.689100 0.913950 1.498755
v 0.700595 0.916773 1.423943
v 0.691786 0.908376 1.497998
v 0.696645 0.912352 1.497828
v 0.705452 0.920982 1.423127
v 0.560919 1.313111 0.645860
v 0.558756 1.318600 0.645908
v 0.560919 1.313111 0.645860
v 0.565921 1.316236 0.645748
v 0.724939 0.901765 -0.960622
v 0.729649 0.905553 -0.964961
v 0.728683 0.895600 -1.036211
v 0.723932 0.891254 -1.037437
v 0.701858 0.924228 1.381651
v 0.706722 0.928534 1.381273
v 0.701858 0.924228 1.381651
v 0.699115 0.928586 1.388745
v 0.701858 0.924228 1.381651
v 0.693291 0.954574 1.331053
v 0.691036 0.958990 1.334791
v 0.698597 0.931860 1.379925
v 0.723932 0.891254 -1.037437
v 0.721069 0.896807 -1.038358
v 0.470314 0.717713 -2.063069
v 0.478385 0.707052 -2.060774
v 0.451673 0.693166 -2.074878
v 0.429810 0.716957 -2.081769
v 0.750282 0.742915 -1.809887
v 0.756504 0.956525 1.171831
v 0.763138 0.939399 1.153487
v 0.790390 0.372401 0.794484
v 0.777513 0.276207 0.777265
v 0.611046 1.283007 -0.130885
v 0.619344 1.268271 -0.201002
v 0.615194 1.268743 -0.202442
v 0.606833 1.283763 -0.131581
v 0.697336 1.112970 -0.508872
v 0.694169 1.111233 -0.514668
v 0.615194 1.268743 -0.202442
v 0.614806 1.272412 -0.204987
v 0.605829 1.287743 -0.132729
v 0.606833 1.283763 -0.131581
v 0.694169 1.111233 -0.514668
v 0.776265 0.898833 -0.877369
v 0.776207 0.903403 -0.877773
v 0.694175 1.113881 -0.518953
v 0.776265 0.898833 -0.877369
v 0.779853 0.897725 -0.874902
v 0.609172 1.286072 0.286847
v 0.607936 1.285793 -0.023398
v 0.606884 1.289912 -0.021168
v 0.607978 1.290219 0.288106
v 0.607435 1.290278 0.644030
v 0.608484 1.286164 0.643886
v 0.605970 1.289734 0.836152
v 0.606912 1.285888 0.834004
v 0.812210 0.806774 -0.914096
v 0.791110 0.871603 -0.903189
v 0.788281 0.871140 -0.898804
v 0.806626 0.806357 -0.910336
v 0.810755 0.527496 0.857910
v 0.790541 0.372401 0.802140
v 0.787281 0.372401 0.798341
v 0.806879 0.527511 0.853984
v 0.794788 0.372401 -0.907058
v 0.811024 0.566814 -0.914097
v 0.808049 0.566796 -0.910396
v 0.791825 0.372401 -0.903333
v 0.819226 0.617680 0.922355
v 0.815276 0.617347 0.917998
v 0.810461 0.692211 0.992638
v 0.807266 0.692655 0.988452
v 0.817973 0.617365 0.912759
v 0.810143 0.692065 0.983970
v 0.807266 0.692655 0.988452
v 0.815276 0.617347 0.917998
v 0.809727 0.527178 0.849344
v 0.806879 0.527511 0.853984
v 0.809180 0.688477 -0.914097
v 0.806366 0.689410 -0.910399
v 0.817965 0.707166 0.984621
v 0.809361 0.755811 0.984622
v 0.814991 0.707692 0.988335
v 0.821935 0.706002 -0.914097
v 0.819091 0.706820 -0.910380
v 0.814991 0.707692 0.988335
v 0.818021 0.707164 0.991980
v 0.810461 0.692211 0.992638
v 0.807266 0.692655 0.988452
v 0.810143 0.692065 0.983970
v 0.807266 0.692655 0.988452
v 0.819091 0.706820 -0.910380
v 0.806366 0.689410 -0.910399
v 0.776265 0.898833 -0.877369
v 0.778553 0.898447 -0.883624
v 0.799793 0.809453 0.991980
v 0.818021 0.707164 0.991980
v 0.814991 0.707692 0.988335
v 0.796809 0.808858 0.988280
v 0.822047 0.706141 -0.906738
v 0.809280 0.688592 -0.906738
v 0.806366 0.689410 -0.910399
v 0.819091 0.706820 -0.910380
v 0.812352 0.807148 -0.906699
v 0.822047 0.706141 -0.906738
v 0.819091 0.706820 -0.910380
v 0.806626 0.806357 -0.910336
v 0.809280 0.688592 -0.906738
v 0.811058 0.566634 -0.906738
v 0.808049 0.566796 -0.910396
v 0.806366 0.689410 -0.910399
v 0.794908 0.372401 -0.899699
v 0.781497 0.275787 -0.891096
v 0.777846 0.271608 -0.894248
v 0.791825 0.372401 -0.903333
v 0.788281 0.871140 -0.898804
v 0.791223 0.872171 -0.895193
v 0.612641 1.285295 0.643728
v 0.608484 1.286164 0.643886
v 0.606912 1.285888 0.834004
v 0.611061 1.284994 0.830738
v 0.609172 1.286072 0.286847
v 0.613204 1.285258 0.289353
v 0.612052 1.284968 -0.027423
v 0.607936 1.285793 -0.023398
v 0.609172 1.286072 0.286847
v 0.613197 1.285254 0.280589
v 0.781912 0.873724 0.988258
v 0.796809 0.808858 0.988280
v 0.799872 0.809453 0.984623
v 0.785078 0.873908 0.984259
v 0.790390 0.372401 0.794484
v 0.787281 0.372401 0.798341
v 0.773801 0.272037 0.780203
v 0.777513 0.276207 0.777265
v 0.784208 0.875833 0.991097
v 0.781912 0.873724 0.988258
v 0.729125 0.907978 -0.954873
v 0.758518 0.913492 -0.921885
v 0.757954 0.909168 -0.925622
v 0.724939 0.901765 -0.960622
v 0.759765 0.910311 -0.931687
v 0.757954 0.909168 -0.925622
v 0.778553 0.898447 -0.883624
v 0.776265 0.898833 -0.877369
v 0.621646 1.267815 0.818454
v 0.622702 1.268083 0.642817
v 0.612641 1.285295 0.643728
v 0.611061 1.284994 0.830738
v 0.623168 1.268445 0.318422
v 0.613204 1.285258 0.289353
v 0.623022 1.268565 0.235045
v 0.621485 1.268978 -0.039546
v 0.612052 1.284968 -0.027423
v 0.613197 1.285254 0.280589
v 0.697336 1.112970 -0.508872
v 0.703268 1.111905 -0.467789
v 0.772468 0.921081 -0.787988
v 0.779853 0.897725 -0.874902
v 0.793681 0.904976 0.248900
v 0.788032 0.907103 0.631751
v 0.791868 0.873970 0.759445
v 0.791223 0.872171 -0.895193
v 0.781600 0.899165 -0.781649
v 0.794037 0.902330 -0.242761
v 0.801103 0.872969 -0.256728
v 0.776479 0.911098 0.983440
v 0.619344 1.268271 -0.201002
v 0.627739 1.252175 -0.190178
v 0.639483 1.229853 0.946721
v 0.626498 1.255054 0.911290
v 0.622277 1.265986 0.853305
v 0.697655 1.118583 1.056469
v 0.747726 0.978877 1.170074
v 0.620907 1.267090 -0.122124
v 0.611046 1.283007 -0.130885
v 0.815519 0.689461 0.157199
v 0.828363 0.707209 0.060023
v 0.828535 0.707209 0.157424
v 0.814741 0.689459 -0.290464
v 0.815519 0.689461 0.157199
v 0.815923 0.563969 0.155609
v 0.800515 0.372401 0.153182
v 0.788165 0.276581 0.151968
v 0.801397 0.873195 -0.075821
v 0.827744 0.707209 -0.290348
v 0.814741 0.689459 -0.290464
v 0.809280 0.688592 -0.906738
v 0.793957 0.904757 0.170679
v 0.794024 0.904705 0.161707
v 0.801779 0.873489 0.159530
v 0.794301 0.904486 0.094925
v 0.623103 1.268498 0.281406
v 0.623086 1.268512 0.272062
v 0.621840 1.267253 0.836479
v 0.777388 0.909676 0.966813
v 0.785078 0.873908 0.984259
v 0.777803 0.909026 0.948641
v 0.776895 0.910448 0.975836
v 0.622083 1.266548 0.845847
v 0.781072 0.908446 0.631612
v 0.774639 0.909656 0.837557
v 0.781618 0.908309 0.837091
v 0.788032 0.907103 0.631751
v 0.621646 1.267815 0.818454
v 0.618133 1.261824 0.815378
v 0.619172 1.262089 0.642735
v 0.622702 1.268083 0.642817
v 0.619647 1.262455 0.321318
v 0.623168 1.268445 0.318422
v 0.793681 0.904976 0.248900
v 0.786631 0.906350 0.254271
v 0.623022 1.268565 0.235045
v 0.619523 1.262518 0.229610
v 0.618035 1.262933 -0.039423
v 0.621485 1.268978 -0.039546
v 0.617475 1.261067 -0.121429
v 0.620907 1.267090 -0.122124
v 0.624178 1.246423 -0.188429
v 0.627739 1.252175 -0.190178
v 0.699343 1.106247 -0.465596
v 0.703268 1.111905 -0.467789
v 0.728687 1.025086 -0.601246
v 0.794037 0.902330 -0.242761
v 0.778201 0.901317 -0.624373
v 0.787009 0.903558 -0.242667
v 0.794202 0.903680 -0.012738
v 0.776479 0.911098 0.983440
v 0.769205 0.913002 0.985948
v 0.756261 0.940538 1.151330
v 0.763138 0.939399 1.153487
v 0.750438 0.955605 1.167464
v 0.756504 0.956525 1.171831
v 0.742745 0.975091 1.165930
v 0.747726 0.978877 1.170074
v 0.693176 1.113981 1.053050
v 0.697655 1.118583 1.056469
v 0.635364 1.224996 0.943609
v 0.639483 1.229853 0.946721
v 0.622828 1.249318 0.909413
v 0.626498 1.255054 0.911290
v 0.618988 1.259081 0.858987
v 0.622277 1.265986 0.853305
v 0.796102 0.372401 0.157526
v 0.811552 0.564104 0.159960
v 0.815862 0.563979 0.164373
v 0.800450 0.372401 0.161946
v 0.788098 0.276580 0.160732
v 0.782648 0.273365 0.156258
v 0.811348 0.690780 0.161552
v 0.815457 0.689461 0.165963
v 0.823130 0.754574 0.166788
v 0.819026 0.753976 0.162365
v 0.815413 0.808703 0.163071
v 0.816940 0.809454 0.167483
v 0.824309 0.708337 0.161776
v 0.828473 0.707209 0.166187
v 0.797528 0.872460 0.163886
v 0.801720 0.873500 0.168295
v 0.801779 0.873489 0.159530
v 0.797528 0.872460 0.163886
v 0.815413 0.808703 0.163071
v 0.817002 0.809454 0.158719
v 0.819026 0.753976 0.162365
v 0.823195 0.754547 0.158023
v 0.824309 0.708337 0.161776
v 0.811348 0.690780 0.161552
v 0.815519 0.689461 0.157199
v 0.828535 0.707209 0.157424
v 0.811552 0.564104 0.159960
v 0.815923 0.563969 0.155609
v 0.796102 0.372401 0.157526
v 0.800515 0.372401 0.153182
v 0.782648 0.273365 0.156258
v 0.788165 0.276581 0.151968
v 0.789806 0.903431 0.166174
v 0.793957 0.904757 0.170679
v 0.794024 0.904705 0.161707
v 0.789806 0.903431 0.166174
v 0.613204 1.285258 0.289353
v 0.623103 1.268498 0.281406
v 0.619325 1.266271 0.276737
v 0.609172 1.286072 0.286847
v 0.613197 1.285254 0.280589
v 0.609172 1.286072 0.286847
v 0.619325 1.266271 0.276737
v 0.623086 1.268512 0.272062
v 0.611061 1.284994 0.830738
v 0.606912 1.285888 0.834004
v 0.618185 1.264680 0.841079
v 0.621840 1.267253 0.836479
v 0.777388 0.909676 0.966813
v 0.772939 0.908828 0.971190
v 0.772939 0.908828 0.971190
v 0.776895 0.910448 0.975836
v 0.622083 1.266548 0.845847
v 0.618185 1.264680 0.841079
v 0.772468 0.921081 -0.787988
v 0.765810 0.922407 -0.772860
v 0.774921 0.900483 -0.766519
v 0.781600 0.899165 -0.781649
v 0.799872 0.809453 0.984623
v 0.802062 0.809398 0.913614
v 0.795394 0.839583 0.903930
v 0.808803 0.843269 0.076122
v 0.817002 0.809454 0.158719
v 0.816893 0.809454 0.084775
v 0.806564 0.778314 0.881877
v 0.804813 0.787370 0.903992
v 0.809361 0.755811 0.984622
v 0.811366 0.755690 0.888476
v 0.823195 0.754547 0.158023
v 0.823079 0.754098 0.055285
v 0.820281 0.779015 0.052767
v 0.819228 0.788652 0.076122
v 0.802062 0.809398 0.913614
v 0.762969 0.805359 0.857202
v 0.795394 0.839583 0.903930
v 0.793971 0.848683 0.881877
v 0.795214 0.849475 0.834783
v 0.797860 0.840929 0.812235
v 0.805436 0.809690 0.801854
v 0.807681 0.787052 0.811857
v 0.807986 0.777998 0.834783
v 0.806564 0.778314 0.881877
v 0.804813 0.787370 0.903992
v 0.816893 0.809454 0.084775
v 0.775454 0.807153 0.029256
v 0.808803 0.843269 0.076122
v 0.806519 0.852690 0.052767
v 0.806432 0.852674 0.005673
v 0.808631 0.843239 -0.017683
v 0.816731 0.809454 -0.026348
v 0.819093 0.788628 -0.017683
v 0.820213 0.779003 0.005673
v 0.820281 0.779015 0.052767
v 0.819228 0.788652 0.076122
v 0.806711 0.809632 0.760830
v 0.813996 0.755531 0.762376
v 0.816655 0.809454 -0.077859
v 0.822926 0.753511 -0.079075
v 0.828363 0.707209 0.060023
v 0.828535 0.707209 0.157424
v 0.821964 0.707210 0.636838
v 0.828473 0.707209 0.166187
v 0.817965 0.707166 0.984621
v 0.799872 0.809453 0.984623
v 0.796809 0.808858 0.988280
v 0.781618 0.908309 0.837091
v 0.789731 0.873950 0.830192
v 0.794202 0.903680 -0.012738
v 0.801517 0.873287 -0.001766
v 0.806432 0.852674 0.005673
v 0.808631 0.843239 -0.017683
v 0.816731 0.809454 -0.026348
v 0.819093 0.788628 -0.017683
v 0.807681 0.787052 0.811857
v 0.805436 0.809690 0.801854
v 0.797860 0.840929 0.812235
v 0.795214 0.849475 0.834783
v 0.812576 0.755616 0.830433
v 0.807986 0.777998 0.834783
v 0.787929 0.873934 0.889849
v 0.793971 0.848683 0.881877
v 0.771020 0.910336 0.942870
v 0.777803 0.909026 0.948641
v 0.823008 0.753828 -0.006625
v 0.820213 0.779003 0.005673
v 0.828205 0.707209 -0.029399
v 0.828205 0.707209 -0.029399
v 0.801610 0.873359 0.055343
v 0.806519 0.852690 0.052767
v 0.794254 0.904103 0.059185
v 0.794254 0.904103 0.059185
v 0.787305 0.905710 0.091978
v 0.794301 0.904486 0.094925
v 0.260134 1.296422 -0.253013
v 0.566908 1.291304 -0.220443
v 0.570166 1.284665 -0.222590
v 0.260187 1.289412 -0.255378
v 0.565851 1.289398 1.000976
v 0.259797 1.293682 1.018594
v 0.259959 1.286856 1.019809
v 0.568962 1.282781 1.002140
v 0.318161 0.936342 1.407401
v 0.699115 0.928586 1.388745
v 0.701858 0.924228 1.381651
v 0.318106 0.931528 1.400494
v 0.698597 0.931860 1.379925
v 0.317853 0.939769 1.398697
v 0.318106 0.931528 1.400494
v 0.701858 0.924228 1.381651
v 0.600708 0.894331 -1.187828
v 0.550154 0.880249 -1.406100
v 0.496599 0.852428 -1.677042
v 0.455378 0.820383 -1.859663
v 0.324271 0.762437 -2.076871
v 0.454338 0.762398 -2.016490
v 0.442462 0.742713 -2.052300
v 0.412554 0.762538 -2.067431
v 0.423586 0.783457 -2.014129
v 0.379917 0.577069 -2.118231
v 0.343162 0.577044 -2.150115
v 0.368828 0.652839 -2.130854
v 0.405575 0.653130 -2.101254
v 0.635419 0.898633 -1.053013
v 0.622602 0.890474 -1.187382
v 0.600708 0.894331 -1.187828
v 0.582175 0.871497 -1.405599
v 0.550154 0.880249 -1.406100
v 0.528622 0.837839 -1.676760
v 0.496599 0.852428 -1.677042
v 0.487071 0.801984 -1.860364
v 0.455378 0.820383 -1.859663
v 0.417348 0.684137 -2.091788
v 0.385776 0.696336 -2.113970
v 0.402299 0.738741 -2.097510
v 0.429810 0.716957 -2.081769
v 0.721473 0.726616 -1.897137
v 0.687960 0.725465 -1.956254
v 0.739423 0.744987 -1.843920
v 0.687960 0.725465 -1.956254
v 0.681006 0.720716 -1.958241
v 0.681006 0.720716 -1.958241
v 0.682818 0.724888 -1.962799
v 0.781600 0.899165 -0.781649
v 0.774921 0.900483 -0.766519
v 0.765810 0.922407 -0.772860
v 0.772468 0.921081 -0.787988
v 0.360310 0.554379 -2.170762
v 0.375145 0.569990 -2.113649
v 0.677401 0.554383 -2.001846
v 0.810334 0.558026 -1.742131
v 0.797932 0.569478 -1.692069
v 0.840211 0.572235 -1.634815
v 0.736294 0.570449 -1.854515
v 0.749627 0.554379 -1.894025
v 0.672132 0.571019 -1.971824
v 0.193859 0.554379 -2.199057
v 0.193125 0.569541 -2.166902
v 0.339234 0.569819 -2.145184
v 0.798403 0.380033 -1.786315
v 0.747536 0.401006 -1.912550
v 0.756922 0.467656 -1.901777
v 0.810334 0.483900 -1.763264
v 0.824244 0.380549 -1.719694
v 0.832430 0.484238 -1.692426
v 0.749627 0.554379 -1.894025
v 0.810334 0.558026 -1.742131
v 0.749627 0.498381 -1.910816
v 0.360310 0.554379 -2.170762
v 0.677401 0.554383 -2.001846
v 0.677401 0.498381 -2.018638
v 0.360310 0.498381 -2.187553
v 0.193859 0.554379 -2.199057
v 0.193859 0.498381 -2.215848
v 0.840211 0.572235 -1.634815
v 0.753755 0.656925 -1.828787
v 0.736294 0.570449 -1.854515
v 0.744244 0.576989 -1.851699
v 0.803867 0.577005 -1.692419
v 0.797932 0.569478 -1.692069
v 0.193861 0.577007 -2.172349
v 0.193125 0.569541 -2.166902
v 0.840211 0.572235 -1.634815
v 0.339234 0.569819 -2.145184
v 0.331133 0.577041 -2.151906
v 0.343162 0.577044 -2.150115
v 0.379917 0.577069 -2.118231
v 0.375145 0.569990 -2.113649
v 0.747567 0.361703 -1.935696
v 0.738673 0.380441 -1.930245
v 0.798403 0.380033 -1.786315
v 0.805628 0.366242 -1.789928
v 0.355107 0.380683 -2.194389
v 0.549185 0.380623 -2.094123
v 0.359234 0.361827 -2.201360
v 0.191189 0.380677 -2.220874
v 0.193308 0.361838 -2.227853
v 0.824244 0.380549 -1.719694
v 0.675323 0.361766 -2.039094
v 0.667365 0.380587 -2.033068
v 0.738673 0.380441 -1.930245
v 0.756922 0.467656 -1.901777
v 0.747536 0.401006 -1.912550
v 0.739136 0.407710 -1.909628
v 0.748479 0.468726 -1.898894
v 0.360310 0.498381 -2.187553
v 0.677401 0.498381 -2.018638
v 0.671184 0.495770 -2.013058
v 0.356206 0.495491 -2.180964
v 0.193859 0.498381 -2.215848
v 0.192861 0.495275 -2.208481
v 0.749627 0.498381 -1.910816
v 0.741590 0.496329 -1.907252
v 0.549185 0.380623 -2.094123
v 0.545039 0.385500 -2.087872
v 0.661730 0.385159 -2.027879
v 0.667365 0.380587 -2.033068
v 0.355107 0.380683 -2.194389
v 0.352315 0.385697 -2.187639
v 0.189990 0.385938 -2.213722
v 0.191189 0.380677 -2.220874
v 0.738673 0.380441 -1.930245
v 0.730784 0.386717 -1.926679
v 0.749627 0.498381 -1.910816
v 0.741590 0.496329 -1.907252
v 0.752501 0.682978 -1.823455
v 0.749694 0.705173 -1.827623
v 0.735711 0.726922 -1.857336
v 0.742625 0.721175 -1.841455
v 0.434423 0.678633 -2.084722
v 0.417348 0.684137 -2.091788
v 0.540096 0.717627 -2.031036
v 0.544126 0.747677 -2.006020
v 0.683273 0.754471 -1.942676
v 0.682818 0.724888 -1.962799
v 0.682991 0.769652 -1.927565
v 0.507481 0.718407 -2.045909
v 0.508814 0.714528 -2.045810
v 0.391467 0.570047 -2.105855
v 0.392283 0.577069 -2.112458
v 0.392283 0.577069 -2.112458
v 0.418438 0.653291 -2.095395
v 0.420451 0.652961 -2.089776
v 0.391467 0.570047 -2.105855
v 0.451673 0.693166 -2.074878
v 0.478385 0.707052 -2.060774
v 0.478882 0.703514 -2.056252
v 0.452343 0.689969 -2.070232
v 0.687960 0.725465 -1.956254
v 0.721473 0.726616 -1.897137
v 0.718301 0.722524 -1.895080
v 0.681006 0.720716 -1.958241
v 0.753755 0.656925 -1.828787
v 0.744244 0.576989 -1.851699
v 0.736294 0.570449 -1.854515
v 0.748747 0.657620 -1.830834
v 0.749694 0.705173 -1.827623
v 0.752501 0.682978 -1.823455
v 0.747567 0.682945 -1.825209
v 0.745077 0.704202 -1.829093
v 0.735711 0.726922 -1.857336
v 0.731767 0.723122 -1.856250
v 0.738347 0.717915 -1.842097
v 0.742625 0.721175 -1.841455
v 0.433229 0.673303 -2.081214
v 0.434423 0.678633 -2.084722
v 0.682818 0.724888 -1.962799
v 0.681006 0.720716 -1.958241
v 0.538121 0.713497 -2.027728
v 0.540096 0.717627 -2.031036
v 0.508814 0.714528 -2.045810
v 0.508221 0.710556 -2.041848
v 0.355633 0.652815 -2.132718
v 0.368828 0.652839 -2.130854
v 0.343162 0.577044 -2.150115
v 0.331133 0.577041 -2.151906
v 0.385776 0.696336 -2.113970
v 0.368866 0.700398 -2.114717
v 0.369912 0.721394 -2.105913
v 0.402299 0.738741 -2.097510
v 0.354165 0.753567 -2.084618
v 0.369761 0.762489 -2.072007
v 0.289121 0.577031 -2.158163
v 0.364862 0.740415 -2.095553
v 0.412554 0.762538 -2.067431
v 0.788098 0.276580 0.160732
v 0.781642 0.276529 0.626154
v 0.777416 0.273183 0.626033
v 0.782648 0.273365 0.156258
v 0.781497 0.275787 -0.891096
v 0.787789 0.276588 -0.293180
v 0.783571 0.273240 -0.293191
v 0.777846 0.271608 -0.894248
v 0.777513 0.276207 0.777265
v 0.773801 0.272037 0.780203
v 0.788165 0.276581 0.151968
v 0.782648 0.273365 0.156258
v 0.410683 0.578641 2.054179
v 0.189435 0.578598 2.068829
v 0.189523 0.562475 2.096496
v 0.411009 0.562475 2.081849
v 0.610977 0.578575 2.006452
v 0.611991 0.562351 2.033797
v 0.704954 0.578662 1.834077
v 0.669357 0.578667 1.947535
v 0.691241 0.562475 1.973921
v 0.732699 0.562475 1.847927
v 0.647247 0.578631 1.984390
v 0.668663 0.562475 2.011406
v 0.824791 0.562475 1.541346
v 0.837572 0.580024 1.471997
v 0.809097 0.578656 1.511143
v 0.787888 0.578586 1.550224
v 0.189523 0.562475 2.096496
v 0.189523 0.474243 2.113189
v 0.411009 0.474243 2.098543
v 0.411009 0.562475 2.081849
v 0.611991 0.474119 2.050491
v 0.611991 0.562351 2.033797
v 0.732699 0.562475 1.847927
v 0.731180 0.474042 1.874582
v 0.824791 0.472990 1.588598
v 0.824791 0.562475 1.541346
v 0.691241 0.562475 1.973921
v 0.679952 0.474243 2.009358
v 0.668663 0.562475 2.011406
v 0.838537 0.472654 1.528682
v 0.837572 0.580024 1.471997
v 0.189519 0.388239 2.113399
v 0.189518 0.374634 2.106546
v 0.410921 0.374250 2.093000
v 0.410938 0.388159 2.099193
v 0.837572 0.580024 1.471997
v 0.811406 0.582024 1.510844
v 0.809097 0.578656 1.511143
v 0.790231 0.582064 1.549801
v 0.787888 0.578586 1.550224
v 0.447858 0.733090 2.039049
v 0.467093 0.750481 2.034059
v 0.598374 0.763243 2.006667
v 0.600308 0.762667 2.000763
v 0.605393 0.763450 2.003458
v 0.600308 0.762667 2.000763
v 0.692042 0.790102 1.846322
v 0.696002 0.706953 1.862407
v 0.696047 0.689295 1.858237
v 0.706945 0.706955 1.824841
v 0.501701 0.760390 2.026399
v 0.598374 0.763243 2.006667
v 0.689231 0.744702 1.870984
v 0.684901 0.758965 1.882282
v 0.682393 0.757092 1.882313
v 0.686100 0.743964 1.872510
v 0.709116 0.582079 1.833035
v 0.706553 0.618583 1.841623
v 0.703393 0.618433 1.842947
v 0.704954 0.578662 1.834077
v 0.696047 0.689295 1.858237
v 0.692923 0.689401 1.859627
v 0.637479 0.763766 1.983298
v 0.605393 0.763450 2.003458
v 0.605583 0.761290 2.000856
v 0.635896 0.761715 1.981495
v 0.188511 0.691142 2.056577
v 0.188480 0.689496 2.053165
v 0.434916 0.706941 2.043097
v 0.432680 0.691147 2.037669
v 0.434207 0.689508 2.034180
v 0.436565 0.707385 2.040345
v 0.432680 0.691147 2.037669
v 0.434207 0.689508 2.034180
v 0.696002 0.706953 1.862407
v 0.692849 0.707216 1.863810
v 0.692923 0.689401 1.859627
v 0.696047 0.689295 1.858237
v 0.659899 0.764348 1.947450
v 0.657768 0.762326 1.946405
v 0.467093 0.750481 2.034059
v 0.447858 0.733090 2.039049
v 0.448785 0.731134 2.036301
v 0.468610 0.748897 2.031171
v 0.600308 0.762667 2.000763
v 0.598374 0.763243 2.006667
v 0.596876 0.761165 2.004790
v 0.599537 0.760551 1.998398
v 0.600308 0.762667 2.000763
v 0.599537 0.760551 1.998398
v 0.696002 0.706953 1.862407
v 0.692849 0.707216 1.863810
v 0.501701 0.760390 2.026399
v 0.501523 0.758178 2.023871
v 0.434916 0.706941 2.043097
v 0.436565 0.707385 2.040345
v 0.709116 0.582079 1.833035
v 0.704954 0.578662 1.834077
v 0.189519 0.388239 2.113399
v 0.410938 0.388159 2.099193
v 0.525842 0.388630 2.071027
v 0.711924 0.388719 1.906488
v 0.813516 0.388656 1.613196
v 0.669023 0.388925 2.012455
v 0.601106 0.388936 2.052568
v 0.821284 0.380976 1.556176
v 0.523255 0.374037 2.069199
v 0.525842 0.388630 2.071027
v 0.601106 0.388936 2.052568
v 0.598144 0.373524 2.051664
v 0.813516 0.388656 1.613196
v 0.711924 0.388719 1.906488
v 0.700016 0.373274 1.910556
v 0.801335 0.373330 1.613153
v 0.669023 0.388925 2.012455
v 0.662503 0.373494 2.006644
v 0.821284 0.380976 1.556176
v 0.860905 0.573420 -1.159225
v 0.859764 0.562962 -1.169841
v 0.859127 0.613275 -1.235409
v 0.860237 0.626166 -1.227965
v 0.851937 0.496501 -1.105871
v 0.851209 0.489592 -1.118949
v 0.857272 0.659590 -1.309368
v 0.856298 0.645156 -1.313056
v 0.852356 0.656489 -1.396743
v 0.853139 0.671471 -1.397103
v 0.848967 0.659590 -1.484838
v 0.848377 0.645156 -1.480429
v 0.844310 0.613275 -1.558076
v 0.844704 0.626166 -1.566241
v 0.820417 0.372402 -1.067762
v 0.821144 0.371220 -1.082599
v 0.837572 0.580024 1.471997
v 0.837397 0.569032 1.461434
v 0.843813 0.620252 1.395413
v 0.844298 0.633722 1.402783
v 0.856155 0.667769 1.141124
v 0.855123 0.652728 1.145829
v 0.857256 0.620252 1.066735
v 0.858391 0.633722 1.058205
v 0.852621 0.679871 1.230494
v 0.851752 0.664272 1.231074
v 0.848831 0.667769 1.319863
v 0.848137 0.652728 1.316320
v 0.843044 0.482299 0.926761
v 0.842038 0.476796 0.942385
v 0.817437 0.370990 0.910541
v 0.816646 0.372401 0.894455
v 0.840025 0.561832 -1.623486
v 0.840211 0.572235 -1.634815
v 0.858284 0.579993 0.988184
v 0.857154 0.569002 0.999946
v 0.832430 0.484238 -1.692426
v 0.832603 0.477896 -1.678046
v 0.824794 0.378991 -1.704055
v 0.824244 0.380549 -1.719694
v 0.840211 0.572235 -1.634815
v 0.840025 0.561832 -1.623486
v 0.838537 0.472654 1.528682
v 0.838318 0.466616 1.515503
v 0.837397 0.569032 1.461434
v 0.837572 0.580024 1.471997
v 0.821284 0.380976 1.556176
v 0.821861 0.379168 1.541729
v 0.792166 0.691240 1.454002
v 0.801535 0.706971 1.427850
v 0.821846 0.801095 0.797265
v 0.819726 0.800922 0.916860
v 0.815658 0.824830 0.916823
v 0.817778 0.825003 0.797228
v 0.836694 0.803622 0.797532
v 0.832625 0.827530 0.797494
v 0.830506 0.827357 0.917090
v 0.834574 0.803449 0.917127
v 0.821846 0.801095 0.797265
v 0.836694 0.803622 0.797532
v 0.834574 0.803449 0.917127
v 0.819726 0.800922 0.916860
v 0.815658 0.824830 0.916823
v 0.830506 0.827357 0.917090
v 0.832625 0.827530 0.797494
v 0.817778 0.825003 0.797228
v 0.815658 0.824830 0.916823
v 0.819413 0.825543 0.963591
v 0.830506 0.827357 0.917090
v 0.830506 0.827357 0.917090
v 0.819413 0.825543 0.963591
v 0.823482 0.801635 0.963628
v 0.834574 0.803449 0.917127
v 0.834574 0.803449 0.917127
v 0.823482 0.801635 0.963628
v 0.819726 0.800922 0.916860
v 0.821846 0.801095 0.797265
v 0.827256 0.801942 0.750662
v 0.836694 0.803622 0.797532
v 0.836694 0.803622 0.797532
v 0.827256 0.801942 0.750662
v 0.823188 0.825850 0.750624
v 0.832625 0.827530 0.797494
v 0.832625 0.827530 0.797494
v 0.823188 0.825850 0.750624
v 0.817778 0.825003 0.797228
v 0.819726 0.800922 0.916860
v 0.799955 0.797557 0.916505
v 0.795886 0.821465 0.916468
v 0.815658 0.824830 0.916823
v 0.815658 0.824830 0.916823
v 0.795886 0.821465 0.916468
v 0.795059 0.821397 0.963153
v 0.819413 0.825543 0.963591
v 0.819413 0.825543 0.963591
v 0.795059 0.821397 0.963153
v 0.799127 0.797490 0.963191
v 0.823482 0.801635 0.963628
v 0.823482 0.801635 0.963628
v 0.799127 0.797490 0.963191
v 0.799955 0.797557 0.916505
v 0.819726 0.800922 0.916860
v 0.817778 0.825003 0.797228
v 0.798006 0.821638 0.796872
v 0.802075 0.797730 0.796910
v 0.821846 0.801095 0.797265
v 0.821846 0.801095 0.797265
v 0.802075 0.797730 0.796910
v 0.802902 0.797797 0.750224
v 0.827256 0.801942 0.750662
v 0.827256 0.801942 0.750662
v 0.802902 0.797797 0.750224
v 0.798834 0.821705 0.750187
v 0.823188 0.825850 0.750624
v 0.823188 0.825850 0.750624
v 0.798834 0.821705 0.750187
v 0.798006 0.821638 0.796872
v 0.817778 0.825003 0.797228
v 0.830277 0.804680 -0.030927
v 0.830277 0.804680 0.088687
v 0.828164 0.828839 0.088687
v 0.828164 0.828839 -0.030927
v 0.845284 0.805992 -0.030927
v 0.843170 0.830152 -0.030927
v 0.843170 0.830152 0.088687
v 0.845284 0.805992 0.088687
v 0.830277 0.804680 -0.030927
v 0.845284 0.805992 -0.030927
v 0.845284 0.805992 0.088687
v 0.830277 0.804680 0.088687
v 0.828164 0.828839 0.088687
v 0.843170 0.830152 0.088687
v 0.843170 0.830152 -0.030927
v 0.828164 0.828839 -0.030927
v 0.828164 0.828839 0.088687
v 0.832795 0.829244 0.135380
v 0.843170 0.830152 0.088687
v 0.843170 0.830152 0.088687
v 0.832795 0.829244 0.135380
v 0.834909 0.805085 0.135380
v 0.845284 0.805992 0.088687
v 0.845284 0.805992 0.088687
v 0.834909 0.805085 0.135380
v 0.830277 0.804680 0.088687
v 0.830277 0.804680 -0.030927
v 0.834909 0.805085 -0.077620
v 0.845284 0.805992 -0.030927
v 0.845284 0.805992 -0.030927
v 0.834909 0.805085 -0.077620
v 0.832795 0.829244 -0.077620
v 0.843170 0.830152 -0.030927
v 0.843170 0.830152 -0.030927
v 0.832795 0.829244 -0.077620
v 0.828164 0.828839 -0.030927
v 0.830277 0.804680 0.088687
v 0.810295 0.802931 0.088687
v 0.808181 0.827091 0.088687
v 0.828164 0.828839 0.088687
v 0.828164 0.828839 0.088687
v 0.808181 0.827091 0.088687
v 0.808181 0.827091 0.135380
v 0.832795 0.829244 0.135380
v 0.832795 0.829244 0.135380
v 0.808181 0.827091 0.135380
v 0.810295 0.802931 0.135380
v 0.834909 0.805085 0.135380
v 0.834909 0.805085 0.135380
v 0.810295 0.802931 0.135380
v 0.810295 0.802931 0.088687
v 0.830277 0.804680 0.088687
v 0.828164 0.828839 -0.030927
v 0.808181 0.827091 -0.030927
v 0.810295 0.802931 -0.030927
v 0.830277 0.804680 -0.030927
v 0.830277 0.804680 -0.030927
v 0.810295 0.802931 -0.030927
v 0.810295 0.802931 -0.077620
v 0.834909 0.805085 -0.077620
v 0.834909 0.805085 -0.077620
v 0.810295 0.802931 -0.077620
v 0.808181 0.827091 -0.077620
v 0.832795 0.829244 -0.077620
v 0.832795 0.829244 -0.077620
v 0.808181 0.827091 -0.077620
v 0.808181 0.827091 -0.030927
v 0.828164 0.828839 -0.030927
v 0.859764 0.562962 -1.169841
v 0.519731 0.526277 -1.144395
v 0.519731 0.629216 -1.274233
v 0.859127 0.613275 -1.235409
v 0.851209 0.489592 -1.118949
v 0.856298 0.645156 -1.313056
v 0.519731 0.650823 -1.438586
v 0.852356 0.656489 -1.396743
v 0.848377 0.645156 -1.480429
v 0.519731 0.650823 -1.438586
v 0.519731 0.573881 -1.607785
v 0.844310 0.613275 -1.558076
v 0.852356 0.656489 -1.396743
v 0.821144 0.371220 -1.082599
v 0.519731 0.371220 -1.082599
v 0.793622 0.268983 -1.072002
v 0.520612 0.185188 -1.072002
v 0.837397 0.569032 1.461434
v 0.519731 0.517824 1.488469
v 0.519731 0.636490 1.355867
v 0.843813 0.620252 1.395413
v 0.855123 0.652728 1.145829
v 0.519731 0.658500 1.188452
v 0.519731 0.594627 1.033340
v 0.857256 0.620252 1.066735
v 0.851752 0.664272 1.231074
v 0.848137 0.652728 1.316320
v 0.519731 0.658500 1.188452
v 0.851752 0.664272 1.231074
v 0.817437 0.370990 0.910541
v 0.519731 0.424128 0.926607
v 0.520611 0.187468 0.896707
v 0.790773 0.267130 0.896707
v 0.842038 0.476796 0.942385
v 0.840025 0.561832 -1.623486
v 0.857154 0.569002 0.999946
v 0.824794 0.378991 -1.704055
v 0.519731 0.428443 -1.691051
v 0.519731 0.232864 -1.716883
v 0.792299 0.232864 -1.716883
v 0.832603 0.477896 -1.678046
v 0.773289 0.185188 -1.072002
v 0.770440 0.187468 0.896707
v 0.838318 0.466616 1.515503
v 0.790620 0.233733 1.553766
v 0.519731 0.233733 1.553766
v 0.519731 0.379168 1.541729
v 0.821861 0.379168 1.541729
v 0.356646 0.273522 -2.169888
v 0.269146 0.265853 -1.720721
v 0.346449 0.304737 -2.186556
v 0.186745 0.304737 -2.211062
v 0.269146 0.265853 -1.720721
v 0.705535 0.251915 -1.935455
v 0.519731 0.232864 -1.716883
v 0.637215 0.260627 -2.029931
v 0.346449 0.304737 -2.186556
v 0.269146 0.265853 -1.720721
v 0.356646 0.273522 -2.169888
v 0.762466 0.239860 -1.804659
v 0.519731 0.232864 -1.716883
v 0.790177 0.233230 -1.732730
v 0.792299 0.232864 -1.716883
v 0.790177 0.233230 -1.732730
v 0.759734 0.188328 0.626104
v 0.581395 0.187997 0.723846
v 0.581395 0.188566 0.156282
v 0.764791 0.188565 0.156282
v 0.765890 0.188386 -0.293210
v 0.581395 0.188386 -0.293210
v 0.581395 0.187276 -0.930032
v 0.759338 0.187542 -0.898047
v 0.769923 0.187429 0.879533
v 0.755444 0.187939 0.783907
v 0.759921 0.187010 -0.962016
v 0.520612 0.185188 -1.072002
v 0.770247 0.186470 -1.056089
v 0.773289 0.185188 -1.072002
v 0.770440 0.187468 0.896707
v 0.520611 0.187468 0.896707
v 0.444169 0.224797 1.558903
v 0.189511 0.291672 2.064758
v 0.506787 0.287984 2.025288
v 0.519731 0.233733 1.553766
v 0.561338 0.286593 2.010561
v 0.485088 0.337487 2.057683
v 0.444169 0.224797 1.558903
v 0.506787 0.287984 2.025288
v 0.410878 0.339789 2.077657
v 0.444169 0.224797 1.558903
v 0.485088 0.337487 2.057683
v 0.381552 0.290594 2.052993
v 0.381552 0.290594 2.052993
v 0.444169 0.224797 1.558903
v 0.410878 0.339789 2.077657
v 0.776450 0.241907 1.623281
v 0.674165 0.276077 1.926843
v 0.790620 0.233733 1.553766
v 0.642579 0.282867 2.000973
v 0.561338 0.286593 2.042888
v 0.519731 0.636490 1.355867
v 0.519731 0.517824 1.488469
v 0.519731 0.594627 1.033340
v 0.519731 0.658500 1.188452
v 0.519731 0.379168 1.541729
v 0.519731 0.424128 0.926607
v 0.520611 0.187468 0.896707
v 0.519731 0.233733 1.553766
v 0.519731 0.650823 -1.438586
v 0.519731 0.629216 -1.274233
v 0.519731 0.526277 -1.144395
v 0.519731 0.573881 -1.607785
v 0.519731 0.371220 -1.082599
v 0.519731 0.428443 -1.691051
v 0.520612 0.185188 -1.072002
v 0.519731 0.232864 -1.716883
v 0.256705 0.187733 0.810276
v 0.257145 0.188476 -0.068464
v 0.256705 0.186232 -1.001017
v 0.519731 0.232864 -1.716883
v 0.018844 0.188476 -0.068464
v 0.408865 0.582068 2.056330
v 0.418597 0.618676 2.049591
v 0.189544 0.618678 2.065678
v 0.189524 0.582063 2.070803
v 0.188661 0.687129 2.056096
v 0.432038 0.687126 2.037313
v 0.410683 0.578641 2.054179
v 0.408865 0.582068 2.056330
v 0.189524 0.582063 2.070803
v 0.189435 0.578598 2.068829
v 0.418597 0.618676 2.049591
v 0.408865 0.582068 2.056330
v 0.410683 0.578641 2.054179
v 0.420405 0.618344 2.046826
v 0.188661 0.687129 2.056096
v 0.188480 0.689496 2.053165
v 0.432038 0.687126 2.037313
v 0.434207 0.689508 2.034180
v 0.432038 0.687126 2.037313
v 0.434207 0.689508 2.034180
v 0.191771 0.432375 -2.215563
v 0.356022 0.431916 -2.188519
v 0.355325 0.423226 -2.188354
v 0.191436 0.423625 -2.215216
v 0.551986 0.432559 -2.085788
v 0.549218 0.423289 -2.086923
v 0.748479 0.468726 -1.898894
v 0.675054 0.470830 -2.022013
v 0.671184 0.495770 -2.013058
v 0.741590 0.496329 -1.907252
v 0.583685 0.470429 -2.070360
v 0.359031 0.469445 -2.189233
v 0.193217 0.470062 -2.217058
v 0.192861 0.495275 -2.208481
v 0.356206 0.495491 -2.180964
v 0.563268 0.470340 -2.081163
v 0.568039 0.495679 -2.068042
v 0.675054 0.470830 -2.022013
v 0.748479 0.468726 -1.898894
v 0.675312 0.468329 -1.961430
v 0.583685 0.470429 -2.070360
v 0.567435 0.457322 -2.078507
v 0.660437 0.455344 -1.972222
v 0.638370 0.390494 -1.981449
v 0.545039 0.385500 -2.087872
v 0.638370 0.390494 -1.981449
v 0.730784 0.386717 -1.926679
v 0.661730 0.385159 -2.027879
v 0.545039 0.385500 -2.087872
v 0.583685 0.470429 -2.070360
v 0.675312 0.468329 -1.961430
v 0.563268 0.470340 -2.081163
v 0.567435 0.457322 -2.078507
v 0.545039 0.385500 -2.087872
v 0.537936 0.385507 -2.091548
v 0.583685 0.470429 -2.070360
v 0.568039 0.495679 -2.068042
v 0.563268 0.470340 -2.081163
v 0.193217 0.470062 -2.217058
v 0.192726 0.457275 -2.216551
v 0.192417 0.449200 -2.216230
v 0.192081 0.440450 -2.215883
v 0.190481 0.398725 -2.214229
v 0.353335 0.398417 -2.187882
v 0.352315 0.385697 -2.187639
v 0.189990 0.385938 -2.213722
v 0.191126 0.415550 -2.214896
v 0.354678 0.415166 -2.188200
v 0.353981 0.406477 -2.188035
v 0.190790 0.406800 -2.214549
v 0.358011 0.456725 -2.188991
v 0.359031 0.469445 -2.189233
v 0.356668 0.439976 -2.188673
v 0.357365 0.448665 -2.188838
v 0.541853 0.398626 -2.089942
v 0.537936 0.385507 -2.091548
v 0.546920 0.415592 -2.087865
v 0.544152 0.406322 -2.089000
v 0.559351 0.457221 -2.082769
v 0.563268 0.470340 -2.081163
v 0.554284 0.440255 -2.084846
v 0.557052 0.449525 -2.083711
v 0.190790 0.406800 -2.214549
v 0.190636 0.402763 -2.191283
v 0.018341 0.402912 -2.206989
v 0.018341 0.406951 -2.230287
v 0.191436 0.423625 -2.215216
v 0.191281 0.419588 -2.191950
v 0.018341 0.419850 -2.207791
v 0.018341 0.423889 -2.231089
v 0.353981 0.406477 -2.188035
v 0.353658 0.402447 -2.164852
v 0.190636 0.402763 -2.191283
v 0.190790 0.406800 -2.214549
v 0.355325 0.423226 -2.188354
v 0.355001 0.419196 -2.165170
v 0.191281 0.419588 -2.191950
v 0.191436 0.423625 -2.215216
v 0.192417 0.449200 -2.216230
v 0.192571 0.453237 -2.193284
v 0.357688 0.452695 -2.165808
v 0.357365 0.448665 -2.188838
v 0.191771 0.432375 -2.215563
v 0.191926 0.436412 -2.192617
v 0.356345 0.435946 -2.165489
v 0.356022 0.431916 -2.188519
v 0.544152 0.406322 -2.089000
v 0.543002 0.402474 -2.066365
v 0.353658 0.402447 -2.164852
v 0.353981 0.406477 -2.188035
v 0.549218 0.423289 -2.086923
v 0.548069 0.419440 -2.064288
v 0.355001 0.419196 -2.165170
v 0.355325 0.423226 -2.188354
v 0.357365 0.448665 -2.188838
v 0.357688 0.452695 -2.165808
v 0.558202 0.453373 -2.060134
v 0.557052 0.449525 -2.083711
v 0.356022 0.431916 -2.188519
v 0.356345 0.435946 -2.165489
v 0.553135 0.436407 -2.062211
v 0.551986 0.432559 -2.085788
v 0.192726 0.457275 -2.216551
v 0.192571 0.453237 -2.193284
v 0.018341 0.453727 -2.209396
v 0.018341 0.457766 -2.232694
v 0.192081 0.440450 -2.215883
v 0.191926 0.436412 -2.192617
v 0.018341 0.436788 -2.208593
v 0.018341 0.440827 -2.231891
v 0.190481 0.398725 -2.214229
v 0.190636 0.402763 -2.191283
v 0.353658 0.402447 -2.164852
v 0.353335 0.398417 -2.187882
v 0.191126 0.415550 -2.214896
v 0.191281 0.419588 -2.191950
v 0.355001 0.419196 -2.165170
v 0.354678 0.415166 -2.188200
v 0.358011 0.456725 -2.188991
v 0.357688 0.452695 -2.165808
v 0.192571 0.453237 -2.193284
v 0.192726 0.457275 -2.216551
v 0.356668 0.439976 -2.188673
v 0.356345 0.435946 -2.165489
v 0.191926 0.436412 -2.192617
v 0.192081 0.440450 -2.215883
v 0.353335 0.398417 -2.187882
v 0.353658 0.402447 -2.164852
v 0.543002 0.402474 -2.066365
v 0.541853 0.398626 -2.089942
v 0.354678 0.415166 -2.188200
v 0.355001 0.419196 -2.165170
v 0.548069 0.419440 -2.064288
v 0.546920 0.415592 -2.087865
v 0.559351 0.457221 -2.082769
v 0.558202 0.453373 -2.060134
v 0.357688 0.452695 -2.165808
v 0.358011 0.456725 -2.188991
v 0.554284 0.440255 -2.084846
v 0.553135 0.436407 -2.062211
v 0.356345 0.435946 -2.165489
v 0.356668 0.439976 -2.188673
v 0.537936 0.385507 -2.091548
v 0.537936 0.385507 -2.068442
v 0.563268 0.470340 -2.058057
v 0.563268 0.470340 -2.081163
v 0.192640 0.595156 -2.102534
v 0.193272 0.648728 -2.090741
v 0.345894 0.700228 -2.051513
v 0.314599 0.712348 -2.048197
v 0.346630 0.714759 -2.045148
v 0.314030 0.595276 -2.084877
v 0.287805 0.595262 -2.088749
v 0.302935 0.648926 -2.075250
v 0.333556 0.655791 -2.069012
v 0.320366 0.744503 -2.030017
v 0.337679 0.739310 -2.034462
v 0.343488 0.728850 -2.038844
v 0.193765 0.712378 -2.062814
v 0.194738 0.744595 -2.043639
v 0.324271 0.762437 -2.076871
v 0.324087 0.761689 -2.082608
v 0.194508 0.761572 -2.096488
v 0.193998 0.762288 -2.090800
v 0.194076 0.581633 -2.174659
v 0.193861 0.577007 -2.172349
v 0.289323 0.581669 -2.160534
v 0.289121 0.577031 -2.158163
v 0.328981 0.581679 -2.154630
v 0.331133 0.577041 -2.151906
v 0.352740 0.655180 -2.135941
v 0.355633 0.652815 -2.132718
v 0.365840 0.702295 -2.118018
v 0.368866 0.700398 -2.114717
v 0.366894 0.722451 -2.109680
v 0.369912 0.721394 -2.105913
v 0.362123 0.740799 -2.099943
v 0.364862 0.740415 -2.095553
v 0.352106 0.753366 -2.089862
v 0.354165 0.753567 -2.084618
v 0.324087 0.761689 -2.082608
v 0.322411 0.754468 -2.091807
v 0.195206 0.754464 -2.105521
v 0.194508 0.761572 -2.096488
v 0.193772 0.592855 -2.172106
v 0.194076 0.581633 -2.174659
v 0.288970 0.592933 -2.158186
v 0.289323 0.581669 -2.160534
v 0.320554 0.592944 -2.153497
v 0.328981 0.581679 -2.154630
v 0.341772 0.658644 -2.136517
v 0.352740 0.655180 -2.135941
v 0.354414 0.704152 -2.118856
v 0.365840 0.702295 -2.118018
v 0.355493 0.721425 -2.112098
v 0.366894 0.722451 -2.109680
v 0.351688 0.737467 -2.104514
v 0.362123 0.740799 -2.099943
v 0.343996 0.748024 -2.097370
v 0.352106 0.753366 -2.089862
v 0.322411 0.754468 -2.091807
v 0.320366 0.744503 -2.030017
v 0.194738 0.744595 -2.043639
v 0.195206 0.754464 -2.105521
v 0.018341 0.750985 -2.090970
v 0.018341 0.754630 -2.114008
v 0.193772 0.592855 -2.172106
v 0.192640 0.595156 -2.102534
v 0.287805 0.595262 -2.088749
v 0.288970 0.592933 -2.158186
v 0.314030 0.595276 -2.084877
v 0.320554 0.592944 -2.153497
v 0.320554 0.592944 -2.153497
v 0.314030 0.595276 -2.084877
v 0.333556 0.655791 -2.069012
v 0.341772 0.658644 -2.136517
v 0.345894 0.700228 -2.051513
v 0.354414 0.704152 -2.118856
v 0.346630 0.714759 -2.045148
v 0.355493 0.721425 -2.112098
v 0.343488 0.728850 -2.038844
v 0.351688 0.737467 -2.104514
v 0.337679 0.739310 -2.034462
v 0.343996 0.748024 -2.097370
v 0.334265 0.594466 -2.142269
v 0.334265 0.594466 -2.115800
v 0.018341 0.594520 -2.149194
v 0.018341 0.594520 -2.175664
v 0.349952 0.676821 -2.119979
v 0.349952 0.676821 -2.093510
v 0.018341 0.676835 -2.124268
v 0.018341 0.676835 -2.150738
v 0.357763 0.717826 -2.101378
v 0.357763 0.717826 -2.074909
v 0.018341 0.717818 -2.104361
v 0.018341 0.717818 -2.130831
v 0.342116 0.635680 -2.133315
v 0.342116 0.635680 -2.106845
v 0.018341 0.635714 -2.138919
v 0.018341 0.635714 -2.165389
v 0.361701 0.738497 -2.088781
v 0.361701 0.738497 -2.062311
v 0.018341 0.738490 -2.091099
v 0.018341 0.738490 -2.117568
v 0.346053 0.656351 -2.126928
v 0.346053 0.656351 -2.100458
v 0.018341 0.656385 -2.131869
v 0.018341 0.656385 -2.158339
v 0.353890 0.697493 -2.111016
v 0.353890 0.697493 -2.084546
v 0.018341 0.697506 -2.114641
v 0.018341 0.697506 -2.141110
v 0.338203 0.615137 -2.138052
v 0.338203 0.615137 -2.111583
v 0.018341 0.615191 -2.144315
v 0.018341 0.615191 -2.170784
v 0.362919 0.744892 -2.084884
v 0.018341 0.744908 -2.113451
v 0.018341 0.749839 -2.104427
v 0.363860 0.749831 -2.076013
v 0.346958 0.661100 -2.125461
v 0.018341 0.661029 -2.156754
v 0.018341 0.666574 -2.149003
v 0.348007 0.666608 -2.117898
v 0.354911 0.702855 -2.108691
v 0.018341 0.702827 -2.138632
v 0.018341 0.708138 -2.130298
v 0.355920 0.708151 -2.100534
v 0.339032 0.619493 -2.137163
v 0.018341 0.619382 -2.169795
v 0.018341 0.625084 -2.162588
v 0.340108 0.625138 -2.130152
v 0.358981 0.724220 -2.097481
v 0.018341 0.724236 -2.126713
v 0.018341 0.729168 -2.117689
v 0.359922 0.729160 -2.088611
v 0.343020 0.640429 -2.131847
v 0.018341 0.640358 -2.163805
v 0.018341 0.645903 -2.156053
v 0.344070 0.645937 -2.124285
v 0.350974 0.682184 -2.117654
v 0.018341 0.682156 -2.148260
v 0.018341 0.687466 -2.139926
v 0.351983 0.687480 -2.109497
v 0.335095 0.598822 -2.141381
v 0.018341 0.598711 -2.174675
v 0.018341 0.604412 -2.167469
v 0.336170 0.604467 -2.134369
v 0.785040 0.905491 -0.625986
v 0.781825 0.904673 -0.765361
v 0.773665 0.924293 -0.771036
v 0.737485 1.024369 -0.603773
v 0.765810 0.922407 -0.772860
v 0.773665 0.924293 -0.771036
v 0.781825 0.904673 -0.765361
v 0.774921 0.900483 -0.766519
v 0.774921 0.900483 -0.766519
v 0.781825 0.904673 -0.765361
v 0.785040 0.905491 -0.625986
v 0.778201 0.901317 -0.624373
v 0.778201 0.901317 -0.624373
v 0.785040 0.905491 -0.625986
v 0.737485 1.024369 -0.603773
v 0.728687 1.025086 -0.601246
v 0.728687 1.025086 -0.601246
v 0.737485 1.024369 -0.603773
v 0.773665 0.924293 -0.771036
v 0.765810 0.922407 -0.772860
v 0.989103 0.926318 -0.550504
v 0.988830 0.923104 -0.622135
v 0.986771 0.938981 -0.634666
v 0.965469 1.011064 -0.556108
v 0.965118 1.012119 -0.601386
v 0.844916 1.022974 -0.655348
v 0.822865 1.024166 -0.615192
v 0.816494 0.902092 -0.616702
v 0.970780 0.911176 -0.626674
v 0.978401 0.912889 -0.553041
v 0.972585 0.999209 -0.622307
v 0.979522 0.939581 -0.643636
v 0.851878 0.931675 -0.700775
v 0.848065 1.010364 -0.676316
v 0.809453 0.908866 -0.618372
v 0.803750 0.946666 -0.628802
v 0.799874 0.909463 -0.629721
v 0.805282 0.905001 -0.623299
v 0.805282 0.905001 -0.623299
v 0.799874 0.909463 -0.629721
v 0.813640 0.909463 -0.687776
v 0.825229 0.904754 -0.686057
v 0.817516 0.946666 -0.686857
v 0.839385 0.934343 -0.699331
v 0.837814 1.011165 -0.671581
v 0.809868 1.012103 -0.618273
v 0.803750 0.946666 -0.628802
v 0.748229 0.939740 -0.641967
v 0.763375 0.904910 -0.638376
v 0.799874 0.909463 -0.629721
v 0.799874 0.909463 -0.629721
v 0.763375 0.904910 -0.638376
v 0.777141 0.904910 -0.696430
v 0.813640 0.909463 -0.687776
v 0.813640 0.909463 -0.687776
v 0.777141 0.904910 -0.696430
v 0.761994 0.939740 -0.700022
v 0.817516 0.946666 -0.686857
v 0.817516 0.946666 -0.686857
v 0.761994 0.939740 -0.700022
v 0.748229 0.939740 -0.641967
v 0.803750 0.946666 -0.628802
v 0.843739 0.925344 -0.698601
v 0.838981 0.902549 -0.683379
v 0.981921 0.923218 -0.631761
v 0.980327 0.996256 -0.552585
v 0.979722 0.998267 -0.613402
v 0.977903 0.911808 -0.617705
v 0.855277 1.022092 -0.659969
v 0.958008 1.012998 -0.610340
v 0.816494 0.902092 -0.616702
v 0.974531 0.992280 -0.562530
v 0.963764 1.003011 -0.565084
v 0.976246 0.920994 -0.562123
v 0.982492 0.928831 -0.560642
v 0.980327 0.996256 -0.552585
v 0.976821 0.994450 -0.553416
v 0.985227 0.927459 -0.551423
v 0.989103 0.926318 -0.550504
v 0.976549 0.916569 -0.553481
v 0.978401 0.912889 -0.553041
v 0.817845 0.906004 -0.616382
v 0.816494 0.902092 -0.616702
v 0.813162 0.910510 -0.617492
v 0.809453 0.908866 -0.618372
v 0.813563 1.010406 -0.617397
v 0.809868 1.012103 -0.618273
v 0.824132 1.020216 -0.614891
v 0.822865 1.024166 -0.615192
v 0.963821 1.007407 -0.556499
v 0.965469 1.011064 -0.556108
v 0.976821 0.994450 -0.553416
v 0.974531 0.992280 -0.562530
v 0.982492 0.928831 -0.560642
v 0.985227 0.927459 -0.551423
v 0.976246 0.920994 -0.562123
v 0.976549 0.916569 -0.553481
v 0.820469 0.911596 -0.624331
v 0.817845 0.906004 -0.616382
v 0.813162 0.910510 -0.617492
v 0.819930 1.008366 -0.624459
v 0.813563 1.010406 -0.617397
v 0.827580 1.015467 -0.622645
v 0.824132 1.020216 -0.614891
v 0.963764 1.003011 -0.565084
v 0.963821 1.007407 -0.556499
v 0.819930 1.008366 -0.624459
v 0.820469 0.911596 -0.624331
v 0.827580 1.015467 -0.622645
v 0.790788 0.267987 0.879684
v 0.774408 0.267414 0.783907
v 0.790541 0.372401 0.802140
v 0.802462 0.372401 0.860541
v 0.794383 0.372401 -0.941133
v 0.780091 0.270710 -0.952859
v 0.796344 0.372401 -0.994537
v 0.794788 0.372401 -0.907058
v 0.778508 0.267381 -0.898047
v 0.806252 0.372401 -1.034461
v 0.784579 0.270110 -1.012142
v 0.791564 0.270110 -1.056089
v 0.820417 0.372402 -1.067762
v 0.816646 0.372401 0.894455
v 0.790541 0.372401 0.802140
v 0.774408 0.267414 0.783907
v 0.773801 0.272037 0.780203
v 0.787281 0.372401 0.798341
v 0.778508 0.267381 -0.898047
v 0.794788 0.372401 -0.907058
v 0.791825 0.372401 -0.903333
v 0.777846 0.271608 -0.894248
v 0.747567 0.361703 -1.935696
v 0.805628 0.366242 -1.789928
v 0.762466 0.239860 -1.804659
v 0.705535 0.251915 -1.935455
v 0.193308 0.361838 -2.227853
v 0.186745 0.304737 -2.211062
v 0.824244 0.380549 -1.719694
v 0.790177 0.233230 -1.732730
v 0.359234 0.361827 -2.201360
v 0.346449 0.304737 -2.186556
v 0.356646 0.273522 -2.169888
v 0.389663 0.290694 -2.159689
v 0.644629 0.290694 -2.031714
v 0.637215 0.260627 -2.029931
v 0.693563 0.290694 -1.963597
v 0.415753 0.303107 -2.014642
v 0.412346 0.323001 -2.022959
v 0.683266 0.322775 -1.923916
v 0.679769 0.303106 -1.921518
v 0.385741 0.333828 -2.177204
v 0.675323 0.361766 -2.039094
v 0.663077 0.333410 -2.036150
v 0.710718 0.333338 -1.968647
v 0.663077 0.333410 -2.036150
v 0.683266 0.322775 -1.923916
v 0.412346 0.323001 -2.022959
v 0.385741 0.333828 -2.177204
v 0.385741 0.333828 -2.177204
v 0.412346 0.323001 -2.022959
v 0.415753 0.303107 -2.014642
v 0.389663 0.290694 -2.159689
v 0.389663 0.290694 -2.159689
v 0.415753 0.303107 -2.014642
v 0.679769 0.303106 -1.921518
v 0.644629 0.290694 -2.031714
v 0.693563 0.290694 -1.963597
v 0.693563 0.290694 -1.963597
v 0.679769 0.303106 -1.921518
v 0.683266 0.322775 -1.923916
v 0.710718 0.333338 -1.968647
v 0.710718 0.333338 -1.968647
v 0.778788 0.267963 0.626104
v 0.759734 0.188328 0.626104
v 0.764791 0.188565 0.156282
v 0.783790 0.268102 0.156282
v 0.784944 0.268021 -0.293210
v 0.765890 0.188386 -0.293210
v 0.759338 0.187542 -0.898047
v 0.778508 0.267381 -0.898047
v 0.790788 0.267987 0.879684
v 0.769923 0.187429 0.879533
v 0.755444 0.187939 0.783907
v 0.774408 0.267414 0.783907
v 0.759921 0.187010 -0.962016
v 0.780091 0.270710 -0.952859
v 0.784579 0.270110 -1.012142
v 0.770247 0.186470 -1.056089
v 0.791564 0.270110 -1.056089
v 0.778788 0.267963 0.626104
v 0.783790 0.268102 0.156282
v 0.782648 0.273365 0.156258
v 0.777416 0.273183 0.626033
v 0.784944 0.268021 -0.293210
v 0.783571 0.273240 -0.293191
v 0.598144 0.373524 2.051664
v 0.523255 0.374037 2.069199
v 0.561338 0.286593 2.042888
v 0.700016 0.373274 1.910556
v 0.674165 0.276077 1.926843
v 0.776450 0.241907 1.623281
v 0.801335 0.373330 1.613153
v 0.662503 0.373494 2.006644
v 0.642579 0.282867 2.000973
v 0.790620 0.233733 1.553766
v 0.821284 0.380976 1.556176
v 0.561338 0.286593 2.010561
v 0.561338 0.286593 2.042888
v 0.523255 0.374037 2.069199
v 0.485088 0.337487 2.057683
v 0.506787 0.287984 2.025288
v 0.561338 0.286593 2.010561
v 0.523255 0.374037 2.069199
v 0.410921 0.374250 2.093000
v 0.410878 0.339789 2.077657
v 0.189518 0.374634 2.106546
v 0.189511 0.291672 2.064758
v 0.791564 0.270110 -1.056089
v 0.793622 0.268983 -1.072002
v 0.821144 0.371220 -1.082599
v 0.820417 0.372402 -1.067762
v 0.816646 0.372401 0.894455
v 0.817437 0.370990 0.910541
v 0.790773 0.267130 0.896707
v 0.790788 0.267987 0.879684
v 0.824244 0.380549 -1.719694
v 0.824794 0.378991 -1.704055
v 0.792299 0.232864 -1.716883
v 0.790177 0.233230 -1.732730
v 0.773289 0.185188 -1.072002
v 0.793622 0.268983 -1.072002
v 0.790773 0.267130 0.896707
v 0.770440 0.187468 0.896707
v 0.821284 0.380976 1.556176
v 0.790620 0.233733 1.553766
v 0.821861 0.379168 1.541729
v 0.018341 0.453727 -2.209396
v 0.192571 0.453237 -2.193284
v 0.192417 0.449200 -2.216230
v 0.018341 0.449688 -2.232311
v 0.018341 0.436788 -2.208593
v 0.191926 0.436412 -2.192617
v 0.191771 0.432375 -2.215563
v 0.018341 0.432749 -2.231509
v 0.018341 0.402912 -2.206989
v 0.190636 0.402763 -2.191283
v 0.190481 0.398725 -2.214229
v 0.018341 0.398872 -2.229904
v 0.018341 0.419850 -2.207791
v 0.191281 0.419588 -2.191950
v 0.191126 0.415550 -2.214896
v 0.018341 0.415811 -2.230706
v 0.362919 0.744892 -2.084884
v 0.361701 0.738497 -2.088781
v 0.346958 0.661100 -2.125461
v 0.346053 0.656351 -2.126928
v 0.354911 0.702855 -2.108691
v 0.353890 0.697493 -2.111016
v 0.339032 0.619493 -2.137163
v 0.338203 0.615137 -2.138052
v 0.358981 0.724220 -2.097481
v 0.357763 0.717826 -2.101378
v 0.343020 0.640429 -2.131847
v 0.342116 0.635680 -2.133315
v 0.350974 0.682184 -2.117654
v 0.349952 0.676821 -2.119979
v 0.335095 0.598822 -2.141381
v 0.334265 0.594466 -2.142269
v 0.018341 0.749839 -2.083818
v 0.363860 0.749831 -2.055404
v 0.363860 0.749831 -2.076013
v 0.018341 0.749839 -2.104427
v 0.018341 0.666574 -2.128394
v 0.348007 0.666608 -2.097289
v 0.348007 0.666608 -2.117898
v 0.018341 0.666574 -2.149003
v 0.018341 0.708138 -2.109689
v 0.355920 0.708151 -2.079925
v 0.355920 0.708151 -2.100534
v 0.018341 0.708138 -2.130298
v 0.018341 0.625084 -2.141979
v 0.340108 0.625138 -2.109542
v 0.340108 0.625138 -2.130152
v 0.018341 0.625084 -2.162588
v 0.018341 0.729168 -2.097080
v 0.359922 0.729160 -2.068002
v 0.359922 0.729160 -2.088611
v 0.018341 0.729168 -2.117689
v 0.018341 0.645903 -2.135444
v 0.344070 0.645937 -2.103676
v 0.344070 0.645937 -2.124285
v 0.018341 0.645903 -2.156053
v 0.018341 0.687466 -2.119317
v 0.351983 0.687480 -2.088888
v 0.351983 0.687480 -2.109497
v 0.018341 0.687466 -2.139926
v 0.018341 0.604412 -2.146859
v 0.336170 0.604467 -2.113760
v 0.336170 0.604467 -2.134369
v 0.018341 0.604412 -2.167469
v -0.685077 0.869086 -1.035794
v -0.685506 0.907118 -0.962540
v -0.292549 0.907700 -1.043289
v -0.291143 0.874697 -1.105863
v 0.018341 0.906240 -1.070374
v 0.018341 0.874282 -1.127052
v -0.606187 1.117631 -0.572123
v -0.608604 1.112755 -0.568845
v -0.533484 1.284665 -0.222590
v -0.531775 1.287629 -0.229137
v -0.532280 1.282781 1.002140
v -0.596189 1.122166 1.175698
v -0.593862 1.126115 1.179942
v -0.531172 1.284112 1.008663
v -0.685506 0.907118 -0.962540
v -0.688256 0.901765 -0.960622
v -0.656609 0.954574 1.331053
v -0.654354 0.958990 1.334791
v -0.688256 0.901765 -0.960622
v -0.685506 0.907118 -0.962540
v -0.684387 0.896807 -1.038357
v -0.687250 0.891254 -1.037437
v -0.166409 0.903468 -1.122299
v -0.416754 0.903070 -1.094554
v -0.291143 0.874697 -1.105863
v -0.598737 0.898633 -1.053013
v -0.684387 0.896807 -1.038357
v -0.685506 0.907118 -0.962540
v -0.685077 0.869086 -1.035794
v -0.531775 1.287629 -0.229137
v -0.533484 1.284665 -0.222590
v -0.223505 1.289412 -0.255378
v -0.224117 1.292907 -0.261872
v 0.018341 1.289764 -0.262546
v 0.018341 1.293323 -0.269051
v 0.018341 1.288976 1.028091
v 0.018341 1.287183 1.021385
v -0.223277 1.286856 1.019809
v -0.223970 1.288623 1.026512
v -0.532280 1.282781 1.002140
v -0.531172 1.284112 1.008663
v -0.684387 0.896807 -1.038357
v -0.685077 0.869086 -1.035794
v 0.018341 0.903256 -1.129646
v 0.018341 0.874282 -1.127052
v 0.329231 0.907700 -1.043289
v 0.722187 0.907118 -0.962540
v 0.721758 0.869086 -1.035794
v 0.327825 0.874697 -1.105863
v 0.642869 1.117631 -0.572123
v 0.568457 1.287629 -0.229137
v 0.570166 1.284665 -0.222590
v 0.645286 1.112755 -0.568845
v 0.568962 1.282781 1.002140
v 0.567854 1.284112 1.008663
v 0.630544 1.126115 1.179942
v 0.632871 1.122166 1.175697
v 0.722187 0.907118 -0.962540
v 0.724938 0.901765 -0.960622
v 0.691037 0.958991 1.334791
v 0.693292 0.954574 1.331053
v 0.724938 0.901765 -0.960622
v 0.723932 0.891254 -1.037437
v 0.721069 0.896808 -1.038358
v 0.722187 0.907118 -0.962540
v 0.203091 0.903468 -1.122299
v 0.327825 0.874697 -1.105863
v 0.453436 0.903070 -1.094554
v 0.635419 0.898633 -1.053013
v 0.721069 0.896808 -1.038358
v 0.721758 0.869086 -1.035794
v 0.722187 0.907118 -0.962540
v 0.568457 1.287629 -0.229137
v 0.260799 1.292907 -0.261872
v 0.260187 1.289412 -0.255378
v 0.570166 1.284665 -0.222590
v 0.260653 1.288623 1.026512
v 0.259959 1.286856 1.019809
v 0.567854 1.284112 1.008663
v 0.568962 1.282781 1.002140
v 0.721758 0.869086 -1.035794
v 0.721069 0.896808 -1.038358
v -0.662661 1.106247 -0.465596
v -0.567474 1.111939 -0.518860
v -0.492685 1.267026 -0.208783
v -0.587496 1.246423 -0.188429
v -0.692005 1.025086 -0.601246
v -0.621805 0.966102 -0.781893
v -0.741519 0.901317 -0.624373
v -0.646562 0.904217 -0.793457
v -0.621805 0.966102 -0.781893
v -0.692005 1.025086 -0.601246
v -0.669674 1.110738 0.168548
v -0.599796 1.109904 0.229413
v -0.680020 0.906030 0.167405
v -0.750623 0.905710 0.091978
v -0.582841 1.262518 0.229610
v -0.512637 1.262486 0.275464
v -0.635820 1.113835 0.895072
v -0.554274 1.260453 0.842466
v -0.582306 1.259081 0.858987
v -0.662325 1.115125 0.911095
v -0.705825 0.911669 0.969693
v -0.732523 0.913002 0.985948
v -0.565122 1.120048 1.106442
v -0.623688 0.958034 1.238129
v -0.706063 0.975091 1.165930
v -0.656494 1.113981 1.053050
v -0.499103 1.266458 0.936521
v -0.598681 1.224996 0.943609
v -0.706063 0.975091 1.165930
v -0.623688 0.958034 1.238129
v -0.713756 0.955605 1.167464
v -0.713756 0.955605 1.167464
v -0.623688 0.958034 1.238129
v -0.719579 0.940538 1.151329
v -0.582490 1.262089 0.642735
v -0.306995 1.261374 0.966113
v -0.581451 1.261824 0.815377
v -0.582965 1.262455 0.321318
v -0.307927 1.261904 0.287021
v -0.306995 1.261374 0.966113
v -0.582490 1.262089 0.642735
v -0.581353 1.262933 -0.039423
v -0.306377 1.261754 -0.222617
v -0.307927 1.261904 0.287021
v -0.582841 1.262518 0.229610
v -0.587496 1.246423 -0.188429
v -0.492685 1.267026 -0.208783
v -0.580793 1.261067 -0.121429
v -0.586146 1.249318 0.909413
v -0.499103 1.266458 0.936521
v -0.598681 1.224996 0.943609
v -0.582306 1.259081 0.858987
v -0.499103 1.266458 0.936521
v -0.586146 1.249318 0.909413
v -0.582841 1.262518 0.229610
v -0.307927 1.261904 0.287021
v -0.512637 1.262486 0.275464
v -0.581451 1.261824 0.815377
v -0.306995 1.261374 0.966113
v -0.554274 1.260453 0.842466
v -0.307927 1.261904 0.287021
v 0.018341 1.261904 0.287021
v 0.018341 1.261374 0.966113
v -0.306995 1.261374 0.966113
v -0.306377 1.261754 -0.222617
v 0.018341 1.261755 -0.222617
v 0.018341 1.261904 0.287021
v -0.307927 1.261904 0.287021
v -0.531775 1.287629 -0.229137
v -0.224117 1.292907 -0.261872
v -0.306377 1.261754 -0.222617
v -0.306995 1.261374 0.966113
v 0.018341 1.261374 0.966113
v 0.018341 1.288976 1.028091
v -0.223970 1.288623 1.026512
v -0.224117 1.292907 -0.261872
v 0.018341 1.293323 -0.269051
v 0.018341 1.261755 -0.222617
v -0.306377 1.261754 -0.222617
v -0.306995 1.261374 0.966113
v -0.223970 1.288623 1.026512
v -0.531172 1.284112 1.008663
v -0.737957 0.909656 0.837557
v 0.018341 0.925449 1.001734
v -0.744390 0.908446 0.631612
v -0.744390 0.908446 0.631612
v 0.018341 0.925449 1.001734
v -0.749949 0.906350 0.254271
v -0.750623 0.905710 0.091978
v 0.018341 0.903262 -0.296829
v -0.750327 0.903558 -0.242667
v -0.719579 0.940538 1.151329
v 0.018341 0.925449 1.001734
v -0.732523 0.913002 0.985948
v -0.734338 0.910336 0.942870
v 0.018341 0.925449 1.001734
v -0.737957 0.909656 0.837557
v -0.750327 0.903558 -0.242667
v 0.018341 0.903262 -0.296829
v -0.741519 0.901317 -0.624373
v -0.741519 0.901317 -0.624373
v 0.018341 0.903262 -0.296829
v 0.018341 0.906240 -1.070374
v -0.292549 0.907700 -1.043289
v -0.749949 0.906350 0.254271
v -0.750623 0.905710 0.091978
v -0.680020 0.906030 0.167405
v -0.732523 0.913002 0.985948
v 0.018341 0.925449 1.001734
v -0.705825 0.911669 0.969693
v -0.654354 0.958990 1.334791
v -0.277774 0.964937 1.361182
v -0.623688 0.958034 1.238129
v -0.277774 0.964937 1.361182
v 0.018341 0.965582 1.362921
v 0.018341 0.925449 1.001734
v -0.719579 0.940538 1.151329
v -0.741519 0.901317 -0.624373
v -0.292549 0.907700 -1.043289
v -0.646562 0.904217 -0.793457
v -0.670449 1.109070 0.291703
v -0.749949 0.906350 0.254271
v -0.582965 1.262455 0.321318
v -0.606187 1.117631 -0.572123
v -0.531775 1.287629 -0.229137
v -0.685506 0.907118 -0.962540
v -0.646562 0.904217 -0.793457
v -0.685506 0.907118 -0.962540
v -0.621805 0.966102 -0.781893
v -0.593862 1.126115 1.179942
v -0.654354 0.958990 1.334791
v -0.531172 1.284112 1.008663
v -0.664523 1.112544 0.868480
v -0.581451 1.261824 0.815377
v -0.734338 0.910336 0.942870
v -0.277774 0.964937 1.361182
v -0.719579 0.940538 1.151329
v -0.623688 0.958034 1.238129
v -0.499103 1.266458 0.936521
v -0.582306 1.259081 0.858987
v -0.554274 1.260453 0.842466
v -0.306995 1.261374 0.966113
v -0.531172 1.284112 1.008663
v -0.499103 1.266458 0.936521
v -0.306995 1.261374 0.966113
v -0.499103 1.266458 0.936521
v -0.554274 1.260453 0.842466
v -0.307927 1.261904 0.287021
v -0.582965 1.262455 0.321318
v -0.512637 1.262486 0.275464
v -0.492685 1.267026 -0.208783
v -0.306377 1.261754 -0.222617
v -0.580793 1.261067 -0.121429
v -0.492685 1.267026 -0.208783
v -0.531775 1.287629 -0.229137
v -0.306377 1.261754 -0.222617
v -0.306377 1.261754 -0.222617
v -0.581353 1.262933 -0.039423
v -0.580793 1.261067 -0.121429
v -0.292549 0.907700 -1.043289
v -0.685506 0.907118 -0.962540
v -0.646562 0.904217 -0.793457
v -0.190170 0.800480 -0.818002
v -0.212657 0.867328 -0.835914
v -0.179480 0.936670 -0.670259
v -0.149161 0.846538 -0.646109
v -0.271527 0.908642 -0.846984
v -0.258855 0.992374 -0.685185
v -0.344295 0.908642 -0.846984
v -0.356967 0.992374 -0.685185
v -0.403165 0.867328 -0.835914
v -0.436342 0.936670 -0.670259
v -0.425652 0.800480 -0.818002
v -0.466661 0.846538 -0.646109
v -0.149161 0.846538 -0.646109
v -0.179480 0.936670 -0.670259
v -0.307911 0.846538 -0.646109
v -0.179480 0.936670 -0.670259
v -0.258855 0.992374 -0.685185
v -0.307911 0.846538 -0.646109
v -0.258855 0.992374 -0.685185
v -0.356967 0.992374 -0.685185
v -0.307911 0.846538 -0.646109
v -0.356967 0.992374 -0.685185
v -0.436342 0.936670 -0.670259
v -0.307911 0.846538 -0.646109
v -0.436342 0.936670 -0.670259
v -0.466661 0.846538 -0.646109
v -0.307911 0.846538 -0.646109
v -0.212657 0.867328 -0.835914
v -0.190170 0.800480 -0.818002
v -0.307911 0.800480 -0.818002
v -0.425652 0.800480 -0.818002
v -0.403165 0.867328 -0.835914
v -0.307911 0.800480 -0.818002
v -0.403165 0.867328 -0.835914
v -0.344295 0.908642 -0.846984
v -0.307911 0.800480 -0.818002
v -0.344295 0.908642 -0.846984
v -0.271527 0.908642 -0.846984
v -0.307911 0.800480 -0.818002
v -0.271527 0.908642 -0.846984
v -0.212657 0.867328 -0.835914
v -0.307911 0.800480 -0.818002
v -0.309137 1.024163 -0.569511
v -0.309137 1.010477 -0.549965
v -0.247820 1.001675 -0.545860
v -0.241435 1.014445 -0.564979
v -0.309137 1.000393 -0.571590
v -0.247820 0.991591 -0.567486
v -0.309137 1.024163 -0.569511
v -0.241435 1.014445 -0.564979
v -0.192506 0.976132 -0.533949
v -0.180359 0.986241 -0.551827
v -0.192506 0.966047 -0.555575
v -0.180359 0.986241 -0.551827
v -0.148608 0.936347 -0.515397
v -0.131890 0.942313 -0.531343
v -0.148608 0.926262 -0.537023
v -0.131890 0.942313 -0.531343
v -0.120423 0.886214 -0.492020
v -0.100770 0.886960 -0.505532
v -0.120423 0.876130 -0.513646
v -0.100770 0.886960 -0.505532
v -0.110712 0.830643 -0.466106
v -0.090047 0.825600 -0.476919
v -0.110712 0.820558 -0.487732
v -0.090047 0.825600 -0.476919
v -0.528227 0.825600 -0.476919
v -0.507563 0.830643 -0.466106
v -0.497851 0.886214 -0.492020
v -0.517504 0.886960 -0.505532
v -0.507563 0.820558 -0.487732
v -0.497851 0.876130 -0.513646
v -0.528227 0.825600 -0.476919
v -0.517504 0.886960 -0.505532
v -0.469667 0.936347 -0.515397
v -0.486385 0.942313 -0.531343
v -0.469667 0.926262 -0.537023
v -0.486385 0.942313 -0.531343
v -0.425769 0.976132 -0.533949
v -0.437915 0.986241 -0.551827
v -0.425769 0.966047 -0.555575
v -0.437915 0.986241 -0.551827
v -0.370454 1.001675 -0.545860
v -0.376840 1.014445 -0.564979
v -0.370454 0.991591 -0.567486
v -0.376840 1.014445 -0.564979
v -0.443188 1.066811 0.120018
v -0.177065 1.066811 0.120018
v -0.054979 0.804564 0.073777
v -0.565274 0.804564 0.073777
v -0.054979 0.783235 0.194737
v -0.177065 1.045483 0.240978
v -0.443188 1.045483 0.240978
v -0.565274 0.783235 0.194737
v -0.054979 0.804564 0.073777
v -0.177065 1.066811 0.120018
v -0.177065 1.045483 0.240978
v -0.054979 0.783235 0.194737
v -0.244494 1.109418 0.127531
v -0.375759 1.109418 0.127531
v -0.375759 1.088089 0.248490
v -0.244494 1.088089 0.248490
v -0.443188 1.066811 0.120018
v -0.565274 0.804564 0.073777
v -0.565274 0.783235 0.194737
v -0.443188 1.045483 0.240978
v -0.177065 1.066811 0.120018
v -0.244494 1.109418 0.127531
v -0.244494 1.088089 0.248490
v -0.177065 1.045483 0.240978
v -0.375759 1.109418 0.127531
v -0.443188 1.066811 0.120018
v -0.443188 1.045483 0.240978
v -0.375759 1.088089 0.248490
v -0.375759 1.109418 0.127531
v -0.244494 1.109418 0.127531
v -0.244494 1.088089 0.248490
v -0.375759 1.088089 0.248490
v -0.671599 0.733943 0.925244
v -0.549513 0.996190 0.971485
v 0.586195 0.996190 0.971485
v 0.708281 0.733943 0.925243
v -0.549513 0.996190 0.971485
v -0.671599 0.733943 0.925244
v -0.671599 0.712614 1.046204
v -0.549513 0.974861 1.092445
v -0.482084 1.038797 0.978998
v -0.549513 0.996190 0.971485
v -0.549513 0.974861 1.092445
v -0.482084 1.017468 1.099957
v -0.482084 1.038797 0.978998
v 0.518766 1.038797 0.978998
v -0.482084 1.038797 0.978998
v -0.482084 1.017468 1.099957
v 0.518766 1.017468 1.099957
v 0.518766 1.038797 0.978998
v -0.549513 0.974861 1.092445
v 0.586195 0.974862 1.092444
v 0.518766 1.017468 1.099957
v -0.482084 1.017468 1.099957
v 0.699343 1.106248 -0.465597
v 0.624178 1.246423 -0.188429
v 0.529367 1.267026 -0.208783
v 0.604155 1.111939 -0.518860
v 0.728687 1.025086 -0.601247
v 0.658486 0.966102 -0.781893
v 0.658486 0.966102 -0.781893
v 0.683244 0.904217 -0.793457
v 0.778201 0.901317 -0.624373
v 0.728687 1.025086 -0.601247
v 0.706356 1.110738 0.168548
v 0.787305 0.905710 0.091977
v 0.716702 0.906030 0.167405
v 0.636478 1.109904 0.229413
v 0.619523 1.262518 0.229610
v 0.549319 1.262486 0.275464
v 0.618988 1.259081 0.858987
v 0.590956 1.260453 0.842466
v 0.672502 1.113835 0.895072
v 0.699008 1.115125 0.911095
v 0.742508 0.911669 0.969693
v 0.769205 0.913002 0.985948
v 0.742745 0.975091 1.165930
v 0.660370 0.958034 1.238128
v 0.601805 1.120048 1.106442
v 0.693177 1.113981 1.053050
v 0.535785 1.266458 0.936521
v 0.635364 1.224996 0.943609
v 0.742745 0.975091 1.165930
v 0.750439 0.955605 1.167463
v 0.660370 0.958034 1.238128
v 0.750439 0.955605 1.167463
v 0.756262 0.940538 1.151329
v 0.660370 0.958034 1.238128
v 0.619173 1.262089 0.642735
v 0.618133 1.261824 0.815377
v 0.343677 1.261374 0.966113
v 0.619647 1.262455 0.321318
v 0.619173 1.262089 0.642735
v 0.343677 1.261374 0.966113
v 0.344609 1.261904 0.287021
v 0.618035 1.262934 -0.039423
v 0.619523 1.262518 0.229610
v 0.344609 1.261904 0.287021
v 0.343059 1.261755 -0.222617
v 0.624178 1.246423 -0.188429
v 0.617475 1.261067 -0.121429
v 0.529367 1.267026 -0.208783
v 0.622829 1.249318 0.909413
v 0.635364 1.224996 0.943609
v 0.535785 1.266458 0.936521
v 0.618988 1.259081 0.858987
v 0.622829 1.249318 0.909413
v 0.535785 1.266458 0.936521
v 0.619523 1.262518 0.229610
v 0.549319 1.262486 0.275464
v 0.344609 1.261904 0.287021
v 0.618133 1.261824 0.815377
v 0.590956 1.260453 0.842466
v 0.343677 1.261374 0.966113
v 0.344609 1.261904 0.287021
v 0.343677 1.261374 0.966113
v 0.018341 1.261374 0.966113
v 0.018341 1.261904 0.287021
v 0.343059 1.261755 -0.222617
v 0.344609 1.261904 0.287021
v 0.018341 1.261904 0.287021
v 0.018341 1.261755 -0.222617
v 0.568457 1.287629 -0.229137
v 0.343059 1.261755 -0.222617
v 0.260799 1.292907 -0.261872
v 0.343677 1.261374 0.966113
v 0.260653 1.288623 1.026512
v 0.018341 1.288976 1.028091
v 0.018341 1.261374 0.966113
v 0.018341 1.261755 -0.222617
v 0.018341 1.293323 -0.269051
v 0.260799 1.292907 -0.261872
v 0.343059 1.261755 -0.222617
v 0.343677 1.261374 0.966113
v 0.567854 1.284112 1.008663
v 0.260653 1.288623 1.026512
v 0.774639 0.909656 0.837557
v 0.781072 0.908446 0.631612
v 0.018341 0.925449 1.001734
v 0.781072 0.908446 0.631612
v 0.786631 0.906350 0.254271
v 0.018341 0.925449 1.001734
v 0.787305 0.905710 0.091977
v 0.787009 0.903558 -0.242667
v 0.018341 0.903262 -0.296829
v 0.756262 0.940538 1.151329
v 0.769205 0.913002 0.985948
v 0.018341 0.925449 1.001734
v 0.771020 0.910336 0.942870
v 0.774639 0.909656 0.837557
v 0.018341 0.925449 1.001734
v 0.787009 0.903558 -0.242667
v 0.778201 0.901317 -0.624373
v 0.018341 0.903262 -0.296829
v 0.778201 0.901317 -0.624373
v 0.329231 0.907700 -1.043289
v 0.018341 0.906240 -1.070374
v 0.018341 0.903262 -0.296829
v 0.786631 0.906350 0.254271
v 0.787305 0.905710 0.091977
v 0.018341 0.903262 -0.296829
v 0.742508 0.911669 0.969693
v 0.771020 0.910336 0.942870
v 0.018341 0.925449 1.001734
v 0.691037 0.958991 1.334791
v 0.660370 0.958034 1.238128
v 0.314456 0.964937 1.361182
v 0.018341 0.925449 1.001734
v 0.018341 0.965582 1.362921
v 0.314456 0.964937 1.361182
v 0.756262 0.940538 1.151329
v 0.778201 0.901317 -0.624373
v 0.683244 0.904217 -0.793457
v 0.329231 0.907700 -1.043289
v 0.786631 0.906350 0.254271
v 0.707131 1.109070 0.291703
v 0.619647 1.262455 0.321318
v 0.568457 1.287629 -0.229137
v 0.642869 1.117631 -0.572123
v 0.722187 0.907118 -0.962540
v 0.683244 0.904217 -0.793457
v 0.658486 0.966102 -0.781893
v 0.722187 0.907118 -0.962540
v 0.691037 0.958991 1.334791
v 0.630544 1.126115 1.179942
v 0.567854 1.284112 1.008663
v 0.618133 1.261824 0.815377
v 0.701206 1.112544 0.868480
v 0.771020 0.910336 0.942870
v 0.314456 0.964937 1.361182
v 0.660370 0.958034 1.238128
v 0.756262 0.940538 1.151329
v 0.535785 1.266458 0.936521
v 0.590956 1.260453 0.842466
v 0.618988 1.259081 0.858987
v 0.343677 1.261374 0.966113
v 0.535785 1.266458 0.936521
v 0.567854 1.284112 1.008663
v 0.343677 1.261374 0.966113
v 0.590956 1.260453 0.842466
v 0.535785 1.266458 0.936521
v 0.344609 1.261904 0.287021
v 0.549319 1.262486 0.275464
v 0.619647 1.262455 0.321318
v 0.529367 1.267026 -0.208783
v 0.617475 1.261067 -0.121429
v 0.343059 1.261755 -0.222617
v 0.529367 1.267026 -0.208783
v 0.343059 1.261755 -0.222617
v 0.568457 1.287629 -0.229137
v 0.343059 1.261755 -0.222617
v 0.617475 1.261067 -0.121429
v 0.618035 1.262934 -0.039423
v 0.329231 0.907700 -1.043289
v 0.683244 0.904217 -0.793457
v 0.722187 0.907118 -0.962540
v 0.091661 0.804564 0.073777
v 0.213747 1.066811 0.120018
v 0.479870 1.066811 0.120018
v 0.601956 0.804564 0.073777
v 0.479870 1.045483 0.240978
v 0.213747 1.045483 0.240978
v 0.091661 0.783235 0.194737
v 0.601956 0.783236 0.194736
v 0.091661 0.804564 0.073777
v 0.091661 0.783235 0.194737
v 0.213747 1.045483 0.240978
v 0.213747 1.066811 0.120018
v 0.281176 1.109418 0.127531
v 0.281176 1.088089 0.248490
v 0.412441 1.088089 0.248490
v 0.412441 1.109418 0.127531
v 0.479870 1.066811 0.120018
v 0.479870 1.045483 0.240978
v 0.601956 0.783236 0.194736
v 0.601956 0.804564 0.073777
v 0.213747 1.066811 0.120018
v 0.213747 1.045483 0.240978
v 0.281176 1.088089 0.248490
v 0.281176 1.109418 0.127531
v 0.412441 1.109418 0.127531
v 0.412441 1.088089 0.248490
v 0.479870 1.045483 0.240978
v 0.479870 1.066811 0.120018
v 0.281176 1.109418 0.127531
v 0.412441 1.109418 0.127531
v 0.412441 1.088089 0.248490
v 0.281176 1.088089 0.248490
v 0.708281 0.712614 1.046204
v -0.671599 0.712614 1.046204
v 0.586195 0.996190 0.971485
v 0.586195 0.974862 1.092444
v 0.708281 0.712614 1.046204
v 0.708281 0.733943 0.925243
v 0.518766 1.038797 0.978998
v 0.518766 1.017468 1.099957
v 0.586195 0.974862 1.092444
v 0.586195 0.996190 0.971485
v -0.094029 1.181865 -0.235029
v -0.079056 1.252665 -0.235029
v 0.114695 1.252665 -0.235029
v 0.129669 1.181865 -0.235029
v -0.094029 1.181865 -0.212956
v 0.129669 1.181865 -0.212956
v 0.114695 1.252665 -0.212956
v -0.079056 1.252665 -0.212956
v -0.094029 1.181865 -0.235029
v 0.129669 1.181865 -0.235029
v 0.129669 1.181865 -0.212956
v -0.094029 1.181865 -0.212956
v 0.129669 1.181865 -0.235029
v 0.114695 1.252665 -0.235029
v 0.114695 1.252665 -0.212956
v 0.129669 1.181865 -0.212956
v 0.114695 1.252665 -0.235029
v -0.079056 1.252665 -0.235029
v -0.079056 1.252665 -0.212956
v 0.114695 1.252665 -0.212956
v -0.079056 1.252665 -0.235029
v -0.094029 1.181865 -0.235029
v -0.094029 1.181865 -0.212956
v -0.079056 1.252665 -0.212956
v 0.003907 1.251902 -0.246175
v 0.003907 1.293624 -0.246969
v 0.031733 1.293624 -0.246969
v 0.031733 1.251902 -0.246175
v 0.003907 1.238247 -0.224103
v 0.031733 1.238247 -0.224103
v 0.031733 1.293624 -0.236578
v 0.003907 1.293624 -0.236578
v 0.003907 1.251902 -0.246175
v 0.031733 1.251902 -0.246175
v 0.031733 1.238247 -0.224103
v 0.003907 1.238247 -0.224103
v 0.031733 1.251902 -0.246175
v 0.031733 1.293624 -0.246969
v 0.031733 1.293624 -0.236578
v 0.031733 1.238247 -0.224103
v 0.031733 1.293624 -0.246969
v 0.003907 1.293624 -0.246969
v 0.003907 1.293624 -0.236578
v 0.031733 1.293624 -0.236578
v 0.003907 1.293624 -0.246969
v 0.003907 1.251902 -0.246175
v 0.003907 1.238247 -0.224103
v 0.003907 1.293624 -0.236578
v -0.675539 1.112628 0.287896
v -0.586486 1.268445 0.318422
v -0.586421 1.268498 0.281406
v -0.675631 1.112455 0.233994
v -0.756999 0.904976 0.248900
v -0.757275 0.904757 0.170679
v -0.586339 1.268565 0.235045
v -0.675746 1.112240 0.172342
v -0.675654 1.112413 0.224817
v -0.586404 1.268512 0.272062
v -0.757619 0.904486 0.094925
v -0.757342 0.904705 0.161707
v -0.741121 0.909026 0.948641
v -0.740706 0.909676 0.966813
v -0.669208 1.116232 0.890630
v -0.669501 1.116148 0.872429
v -0.585158 1.267253 0.836479
v -0.584964 1.267815 0.818454
v -0.668564 1.116417 0.907414
v -0.668857 1.116333 0.899781
v -0.740213 0.910448 0.975836
v -0.739797 0.911098 0.983439
v -0.585594 1.265986 0.853305
v -0.585401 1.266548 0.845847
v -0.741121 0.909026 0.948641
v -0.669501 1.116148 0.872429
v -0.664523 1.112544 0.868480
v -0.734338 0.910336 0.942870
v -0.584964 1.267815 0.818454
v -0.581451 1.261824 0.815377
v -0.586486 1.268445 0.318422
v -0.675539 1.112628 0.287896
v -0.670449 1.109070 0.291703
v -0.582965 1.262455 0.321318
v -0.756999 0.904976 0.248900
v -0.749949 0.906350 0.254271
v -0.675746 1.112240 0.172342
v -0.586339 1.268565 0.235045
v -0.582841 1.262518 0.229610
v -0.669674 1.110738 0.168548
v -0.757619 0.904486 0.094925
v -0.750623 0.905710 0.091978
v -0.668564 1.116417 0.907414
v -0.739797 0.911098 0.983439
v -0.732523 0.913002 0.985948
v -0.662325 1.115125 0.911095
v -0.585594 1.265986 0.853305
v -0.582306 1.259081 0.858987
v -0.671693 1.110537 0.229401
v -0.675631 1.112455 0.233994
v -0.586421 1.268498 0.281406
v -0.582643 1.266271 0.276737
v -0.753124 0.903431 0.166174
v -0.757275 0.904757 0.170679
v -0.582643 1.266271 0.276737
v -0.586404 1.268512 0.272062
v -0.675654 1.112413 0.224817
v -0.671693 1.110537 0.229401
v -0.757342 0.904705 0.161707
v -0.753124 0.903431 0.166174
v -0.665048 1.114462 0.895098
v -0.669208 1.116232 0.890630
v -0.740706 0.909676 0.966813
v -0.736257 0.908828 0.971189
v -0.581502 1.264680 0.841079
v -0.585158 1.267253 0.836479
v -0.736257 0.908828 0.971189
v -0.740213 0.910448 0.975836
v -0.668857 1.116333 0.899781
v -0.665048 1.114462 0.895098
v -0.585401 1.266548 0.845847
v -0.581502 1.264680 0.841079
v 0.712221 1.112628 0.287895
v 0.712313 1.112455 0.233994
v 0.623103 1.268498 0.281406
v 0.623168 1.268445 0.318422
v 0.793681 0.904976 0.248900
v 0.793957 0.904757 0.170679
v 0.623022 1.268565 0.235045
v 0.623086 1.268512 0.272062
v 0.712336 1.112413 0.224817
v 0.712428 1.112240 0.172342
v 0.794024 0.904705 0.161707
v 0.794300 0.904486 0.094925
v 0.777803 0.909026 0.948641
v 0.706183 1.116148 0.872428
v 0.705890 1.116232 0.890630
v 0.777388 0.909677 0.966813
v 0.621646 1.267815 0.818454
v 0.621840 1.267253 0.836479
v 0.705246 1.116417 0.907414
v 0.776479 0.911098 0.983439
v 0.776895 0.910448 0.975836
v 0.705539 1.116333 0.899781
v 0.622277 1.265986 0.853305
v 0.622083 1.266548 0.845847
v 0.777803 0.909026 0.948641
v 0.771020 0.910336 0.942870
v 0.701206 1.112544 0.868480
v 0.706183 1.116148 0.872428
v 0.618133 1.261824 0.815377
v 0.621646 1.267815 0.818454
v 0.623168 1.268445 0.318422
v 0.619647 1.262455 0.321318
v 0.707131 1.109070 0.291703
v 0.712221 1.112628 0.287895
v 0.786631 0.906350 0.254271
v 0.793681 0.904976 0.248900
v 0.712428 1.112240 0.172342
v 0.706356 1.110738 0.168548
v 0.619523 1.262518 0.229610
v 0.623022 1.268565 0.235045
v 0.794300 0.904486 0.094925
v 0.787305 0.905710 0.091977
v 0.705246 1.116417 0.907414
v 0.699008 1.115125 0.911095
v 0.769205 0.913002 0.985948
v 0.776479 0.911098 0.983439
v 0.622277 1.265986 0.853305
v 0.618988 1.259081 0.858987
v 0.708375 1.110537 0.229401
v 0.619325 1.266271 0.276736
v 0.623103 1.268498 0.281406
v 0.712313 1.112455 0.233994
v 0.789806 0.903431 0.166174
v 0.793957 0.904757 0.170679
v 0.619325 1.266271 0.276736
v 0.708375 1.110537 0.229401
v 0.712336 1.112413 0.224817
v 0.623086 1.268512 0.272062
v 0.789806 0.903431 0.166174
v 0.794024 0.904705 0.161707
v 0.701730 1.114462 0.895098
v 0.772939 0.908828 0.971189
v 0.777388 0.909677 0.966813
v 0.705890 1.116232 0.890630
v 0.618185 1.264680 0.841079
v 0.621840 1.267253 0.836479
v 0.772939 0.908828 0.971189
v 0.701730 1.114462 0.895098
v 0.705539 1.116333 0.899781
v 0.776895 0.910448 0.975836
v 0.618185 1.264680 0.841079
v 0.622083 1.266548 0.845847
v 0.168966 0.925962 -1.008193
v -0.112168 0.942749 -1.009435
v -0.112152 0.941148 -1.011717
v 0.168982 0.924360 -1.010474
v -0.112632 0.946925 -1.021178
v -0.112698 0.953607 -1.011658
v 0.168436 0.936820 -1.010416
v 0.168502 0.930138 -1.019935
v -0.112152 0.941148 -1.011717
v -0.112632 0.946925 -1.021178
v 0.168502 0.930138 -1.019935
v 0.168982 0.924360 -1.010474
v -0.448125 0.919600 -0.995719
v -0.448141 0.921202 -0.993438
v -0.448671 0.932060 -0.995661
v -0.448605 0.925377 -1.005180
v -0.168381 0.943318 -1.008091
v -0.168911 0.954175 -1.010314
v -0.448671 0.932060 -0.995661
v -0.448141 0.921202 -0.993438
v 0.168966 0.925962 -1.008193
v 0.168982 0.924360 -1.010474
v 0.168502 0.930138 -1.019935
v 0.168436 0.936820 -1.010416
v -0.448141 0.921202 -0.993438
v -0.448125 0.919600 -0.995719
v -0.168365 0.941716 -1.010373
v -0.168381 0.943318 -1.008091
v -0.448605 0.925377 -1.005180
v -0.448671 0.932060 -0.995661
v -0.168911 0.954175 -1.010314
v -0.168845 0.947493 -1.019834
v -0.448125 0.919600 -0.995719
v -0.448605 0.925377 -1.005180
v -0.168845 0.947493 -1.019834
v -0.168365 0.941716 -1.010373
v 0.168966 0.925962 -1.008193
v 0.168436 0.936820 -1.010416
v -0.112698 0.953607 -1.011658
v -0.112168 0.942749 -1.009435
v -0.113325 0.958325 -1.029185
v -0.169537 0.958894 -1.027841
v -0.169603 0.965576 -1.018322
v -0.113391 0.965008 -1.019666
v -0.112698 0.953607 -1.011658
v -0.112632 0.946925 -1.021178
v -0.113325 0.958325 -1.029185
v -0.113391 0.965008 -1.019666
v -0.112632 0.946925 -1.021178
v -0.168845 0.947493 -1.019834
v -0.169537 0.958894 -1.027841
v -0.113325 0.958325 -1.029185
v -0.598110 0.848251 -1.094979
v -0.598308 0.868237 -1.066508
v -0.599000 0.879637 -1.074516
v -0.598803 0.859652 -1.102986
v -0.168911 0.954175 -1.010314
v -0.112698 0.953607 -1.011658
v -0.113391 0.965008 -1.019666
v -0.169603 0.965576 -1.018322
v -0.168845 0.947493 -1.019834
v -0.168911 0.954175 -1.010314
v -0.598308 0.868237 -1.066508
v -0.598110 0.848251 -1.094979
v -0.168911 0.954175 -1.010314
v -0.169603 0.965576 -1.018322
v -0.599000 0.879637 -1.074516
v -0.598308 0.868237 -1.066508
v -0.169603 0.965576 -1.018322
v -0.169537 0.958894 -1.027841
v -0.598803 0.859652 -1.102986
v -0.599000 0.879637 -1.074516
v -0.169537 0.958894 -1.027841
v -0.168845 0.947493 -1.019834
v -0.598110 0.848251 -1.094979
v -0.598803 0.859652 -1.102986
v 0.666873 0.910469 -0.962224
v 0.389187 0.921597 -1.008659
v 0.389499 0.919996 -1.010920
v 0.667185 0.908868 -0.964485
v 0.390489 0.925784 -1.020334
v 0.389187 0.932463 -1.010902
v 0.666873 0.921335 -0.964468
v 0.668175 0.914656 -0.973900
v 0.389499 0.919996 -1.010920
v 0.390489 0.925784 -1.020334
v 0.668175 0.914656 -0.973900
v 0.667185 0.908868 -0.964485
v 0.106138 0.914457 -1.031558
v 0.105826 0.916058 -1.029297
v 0.105827 0.926925 -1.031541
v 0.107129 0.920245 -1.040972
v 0.333383 0.923246 -1.015378
v 0.333383 0.934112 -1.017621
v 0.105827 0.926925 -1.031541
v 0.105826 0.916058 -1.029297
v 0.666873 0.910469 -0.962224
v 0.667185 0.908868 -0.964485
v 0.668175 0.914656 -0.973900
v 0.666873 0.921335 -0.964468
v 0.105826 0.916058 -1.029297
v 0.106138 0.914457 -1.031558
v 0.333695 0.921645 -1.017639
v 0.333383 0.923246 -1.015378
v 0.107129 0.920245 -1.040972
v 0.105827 0.926925 -1.031541
v 0.333383 0.934112 -1.017621
v 0.334685 0.927433 -1.027053
v 0.106138 0.914457 -1.031558
v 0.107129 0.920245 -1.040972
v 0.334685 0.927433 -1.027053
v 0.333695 0.921645 -1.017639
v 0.666873 0.910469 -0.962224
v 0.666873 0.921335 -0.964468
v 0.389187 0.932463 -1.010902
v 0.389187 0.921597 -1.008659
v 0.391168 0.937198 -1.028323
v 0.335364 0.938848 -1.035043
v 0.334062 0.945527 -1.025610
v 0.389866 0.943878 -1.018891
v 0.389187 0.932463 -1.010902
v 0.390489 0.925784 -1.020334
v 0.391168 0.937198 -1.028323
v 0.389866 0.943878 -1.018891
v 0.390489 0.925784 -1.020334
v 0.334685 0.927433 -1.027053
v 0.335364 0.938848 -1.035043
v 0.391168 0.937198 -1.028323
v -0.081041 0.844519 -1.163187
v -0.084936 0.864495 -1.134977
v -0.084257 0.875909 -1.142966
v -0.080363 0.855933 -1.171176
v 0.333383 0.934112 -1.017621
v 0.389187 0.932463 -1.010902
v 0.389866 0.943878 -1.018891
v 0.334062 0.945527 -1.025610
v 0.334685 0.927433 -1.027053
v 0.333383 0.934112 -1.017621
v -0.084936 0.864495 -1.134977
v -0.081041 0.844519 -1.163187
v 0.333383 0.934112 -1.017621
v 0.334062 0.945527 -1.025610
v -0.084257 0.875909 -1.142966
v -0.084936 0.864495 -1.134977
v 0.334062 0.945527 -1.025610
v 0.335364 0.938848 -1.035043
v -0.080363 0.855933 -1.171176
v -0.084257 0.875909 -1.142966
v 0.335364 0.938848 -1.035043
v 0.334685 0.927433 -1.027053
v -0.081041 0.844519 -1.163187
v -0.080363 0.855933 -1.171176
v -0.364186 0.288171 1.612331
v -0.372989 0.315264 1.612331
v -0.372989 0.315264 2.093282
v -0.364186 0.288171 2.082947
v -0.396035 0.332009 1.612331
v -0.396035 0.332009 2.099669
v -0.396035 0.332009 1.612331
v -0.424522 0.332009 1.612331
v -0.424522 0.332009 2.099669
v -0.396035 0.332009 2.099669
v -0.447569 0.315264 1.612331
v -0.447569 0.315264 2.093282
v -0.456372 0.288171 1.612331
v -0.456372 0.288171 2.082947
v -0.447569 0.261079 1.612331
v -0.447569 0.261078 2.072613
v -0.424522 0.244334 1.612331
v -0.424523 0.244334 2.066226
v -0.396035 0.244334 1.612331
v -0.396035 0.244334 2.066226
v -0.372989 0.261079 1.612331
v -0.372989 0.261078 2.072613
v -0.364186 0.288171 2.082947
v -0.372989 0.315264 2.093282
v -0.377588 0.311923 2.092007
v -0.369871 0.288171 2.082947
v -0.396035 0.332009 2.099669
v -0.397792 0.326602 2.097606
v -0.424522 0.332009 2.099669
v -0.422765 0.326602 2.097606
v -0.447569 0.315264 2.093282
v -0.442969 0.311923 2.092007
v -0.456372 0.288171 2.082947
v -0.450687 0.288171 2.082947
v -0.447569 0.261078 2.072613
v -0.442970 0.264420 2.073887
v -0.424523 0.244334 2.066226
v -0.422766 0.249741 2.068288
v -0.396035 0.244334 2.066226
v -0.397792 0.249741 2.068288
v -0.396035 0.244334 2.066226
v -0.372989 0.261078 2.072613
v -0.377588 0.264420 2.073887
v -0.397792 0.249741 2.068288
v -0.369871 0.288171 2.082947
v -0.377588 0.311923 2.092007
v -0.410279 0.288171 1.693125
v -0.397792 0.326602 2.097606
v -0.422765 0.326602 2.097606
v -0.442969 0.311923 2.092007
v -0.450687 0.288171 2.082947
v -0.442970 0.264420 2.073887
v -0.422766 0.249741 2.068288
v -0.397792 0.249741 2.068288
v -0.397792 0.249741 2.068288
v -0.377588 0.264420 2.073887
v 0.400868 0.288171 1.612330
v 0.400868 0.288171 2.082947
v 0.409671 0.315264 2.093282
v 0.409671 0.315264 1.612330
v 0.432718 0.332009 2.099669
v 0.432718 0.332009 1.612330
v 0.432718 0.332009 1.612330
v 0.432718 0.332009 2.099669
v 0.461205 0.332009 2.099669
v 0.461205 0.332009 1.612330
v 0.484251 0.315264 2.093282
v 0.484251 0.315264 1.612330
v 0.493054 0.288171 2.082947
v 0.493054 0.288171 1.612330
v 0.484252 0.261078 2.072613
v 0.484251 0.261079 1.612330
v 0.461205 0.244334 2.066226
v 0.461205 0.244334 1.612330
v 0.432718 0.244334 2.066226
v 0.432718 0.244334 1.612330
v 0.409671 0.261078 2.072613
v 0.409671 0.261079 1.612330
v 0.400868 0.288171 2.082947
v 0.406553 0.288171 2.082947
v 0.414271 0.311923 2.092007
v 0.409671 0.315264 2.093282
v 0.434474 0.326602 2.097606
v 0.432718 0.332009 2.099669
v 0.459448 0.326602 2.097606
v 0.461205 0.332009 2.099669
v 0.479652 0.311923 2.092007
v 0.484251 0.315264 2.093282
v 0.487369 0.288171 2.082947
v 0.493054 0.288171 2.082947
v 0.479652 0.264420 2.073887
v 0.484252 0.261078 2.072613
v 0.459448 0.249741 2.068288
v 0.461205 0.244334 2.066226
v 0.434475 0.249741 2.068288
v 0.432718 0.244334 2.066226
v 0.432718 0.244334 2.066226
v 0.434475 0.249741 2.068288
v 0.414271 0.264420 2.073887
v 0.409671 0.261078 2.072613
v 0.406553 0.288171 2.082947
v 0.446961 0.288171 1.693125
v 0.414271 0.311923 2.092007
v 0.434474 0.326602 2.097606
v 0.459448 0.326602 2.097606
v 0.479652 0.311923 2.092007
v 0.487369 0.288171 2.082947
v 0.479652 0.264420 2.073887
v 0.459448 0.249741 2.068288
v 0.434475 0.249741 2.068288
v 0.434475 0.249741 2.068288
v 0.414271 0.264420 2.073887
v -0.498600 0.198651 -1.247826
v -0.599642 0.147481 -1.303095
v -0.599642 0.147481 -1.480489
v -0.498600 0.198651 -1.535757
v -0.599642 0.198651 -1.247826
v -0.599642 0.198651 -1.535757
v -0.599642 0.147481 -1.480489
v -0.599642 0.147481 -1.303095
v -0.599642 0.321016 -1.247826
v -0.599642 0.198651 -1.247826
v -0.599642 0.147481 -1.303095
v -0.498600 0.198651 -1.247826
v -0.498600 0.198651 -1.535757
v -0.599642 0.147481 -1.480489
v -0.599642 0.198651 -1.535757
v 0.535281 0.198651 -1.247826
v 0.535281 0.198651 -1.535757
v 0.636324 0.147481 -1.480489
v 0.636324 0.147481 -1.303095
v 0.636324 0.147481 -1.480489
v 0.636324 0.198651 -1.535757
v 0.636324 0.198651 -1.247826
v 0.636324 0.147481 -1.303095
v 0.535281 0.198651 -1.247826
v -0.599642 0.321016 -1.247826
v 0.535281 0.198651 -1.535757
v 0.636324 0.321016 -1.535757
v 0.636324 0.198651 -1.535757
v 0.636324 0.321016 -1.535757
v 0.636324 0.321016 -1.247826
v 0.636324 0.198651 -1.247826
v 0.636324 0.147481 -1.303095
v 0.636324 0.147481 -1.480489
v -0.498600 0.198651 -1.247826
v -0.498600 0.198651 -1.535757
v 0.535281 0.198651 -1.247826
v -0.498599 0.198651 1.374522
v -0.599642 0.147480 1.319253
v -0.599642 0.147480 1.141859
v -0.498600 0.198651 1.086591
v -0.599642 0.198651 1.374522
v -0.599642 0.198651 1.086591
v -0.599642 0.147480 1.141859
v -0.599642 0.147480 1.319253
v -0.599642 0.321016 1.374522
v -0.599642 0.198651 1.374522
v -0.599642 0.147480 1.319253
v -0.498599 0.198651 1.374522
v -0.498600 0.198651 1.086591
v -0.599642 0.147480 1.141859
v -0.599642 0.198651 1.086591
v 0.535282 0.198651 1.374522
v 0.535281 0.198651 1.086591
v 0.636324 0.147480 1.141860
v 0.636324 0.147480 1.319253
v 0.636324 0.147480 1.141860
v 0.636324 0.198651 1.086591
v 0.636324 0.198651 1.374522
v 0.636324 0.147480 1.319253
v 0.535282 0.198651 1.374522
v -0.599642 0.321016 1.374522
v 0.535281 0.198651 1.086591
v 0.636324 0.321016 1.086591
v 0.636324 0.198651 1.086591
v 0.636324 0.321016 1.086591
v 0.636324 0.321016 1.374522
v 0.636324 0.198651 1.374522
v 0.636324 0.147480 1.319253
v 0.636324 0.147480 1.141860
v -0.498599 0.198651 1.374522
v -0.498600 0.198651 1.086591
v 0.535282 0.198651 1.374522
v -0.354784 0.570047 -2.105855
v -0.344870 0.290594 2.052993
v 0.818021 0.707164 0.991980
v 0.391467 0.570047 -2.105855
v 0.381552 0.290594 2.052993
v -0.599642 0.321016 -1.535757
v 0.636324 0.321016 -1.247826
v -0.599642 0.321016 -1.535757
v 0.535281 0.198651 -1.535757
v -0.599642 0.321016 1.086591
v 0.636324 0.321016 1.374522
v -0.599642 0.321016 1.086591
v 0.535281 0.198651 1.086591
v 0.018341 0.925449 1.001734
v 0.018341 0.903262 -0.296829
v -0.749949 0.906350 0.254271
v -0.749949 0.906350 0.254271
v 0.018341 0.903262 -0.296829
v -0.750623 0.905710 0.091978
v 0.018341 0.925449 1.001734
v -0.734338 0.910336 0.942870
v -0.705825 0.911669 0.969693
v 0.786631 0.906350 0.254271
v 0.018341 0.903262 -0.296829
v 0.018341 0.925449 1.001734
v 0.786631 0.906350 0.254271
v 0.716702 0.906030 0.167405
v 0.787305 0.905710 0.091977
v 0.018341 0.925449 1.001734
v 0.769205 0.913002 0.985948
v 0.742508 0.911669 0.969693
v 0.018341 0.906240 -1.070374
v -0.292549 0.907700 -1.043289
v -0.256611 1.121461 -0.637259
v 0.018341 1.121682 -0.656695
v -0.685506 0.907118 -0.962540
v -0.606187 1.117631 -0.572123
v -0.531775 1.287629 -0.229137
v -0.224117 1.292907 -0.261872
v 0.018341 1.293323 -0.269051
v -0.223970 1.288623 1.026512
v -0.250880 1.131116 1.208687
v 0.018341 1.131714 1.211703
v 0.018341 1.288976 1.028091
v -0.531172 1.284112 1.008663
v -0.593862 1.126115 1.179942
v -0.654354 0.958990 1.334791
v -0.277774 0.964937 1.361182
v 0.018341 0.965582 1.362921
v -0.664523 1.112544 0.868480
v -0.670357 1.111796 0.634568
v -0.744390 0.908446 0.631612
v -0.737957 0.909656 0.837557
v -0.581451 1.261824 0.815377
v -0.582490 1.262089 0.642735
v -0.582965 1.262455 0.321318
v -0.670449 1.109070 0.291703
v -0.749949 0.906350 0.254271
v -0.581353 1.262933 -0.039423
v -0.670443 1.108421 -0.139852
v -0.669674 1.110738 0.168548
v -0.582841 1.262518 0.229610
v -0.741519 0.901317 -0.624373
v -0.750327 0.903558 -0.242667
v -0.692005 1.025086 -0.601246
v -0.750623 0.905710 0.091978
v -0.656494 1.113981 1.053050
v -0.662325 1.115125 0.911095
v -0.732523 0.913002 0.985948
v -0.719579 0.940538 1.151329
v -0.713756 0.955605 1.167464
v -0.706063 0.975091 1.165930
v -0.580793 1.261067 -0.121429
v -0.598681 1.224996 0.943609
v -0.734338 0.910336 0.942870
v 0.293293 1.121461 -0.637259
v 0.329231 0.907700 -1.043289
v 0.642869 1.117631 -0.572123
v 0.722187 0.907118 -0.962540
v 0.260799 1.292907 -0.261872
v 0.568457 1.287629 -0.229137
v 0.260653 1.288623 1.026512
v 0.287562 1.131116 1.208687
v 0.567854 1.284112 1.008663
v 0.630544 1.126115 1.179942
v 0.314456 0.964937 1.361182
v 0.691037 0.958991 1.334791
v 0.701206 1.112544 0.868480
v 0.774639 0.909656 0.837557
v 0.781072 0.908446 0.631612
v 0.707039 1.111796 0.634568
v 0.619173 1.262089 0.642735
v 0.618133 1.261824 0.815377
v 0.619647 1.262455 0.321318
v 0.707131 1.109070 0.291703
v 0.786631 0.906350 0.254271
v 0.618035 1.262934 -0.039423
v 0.619523 1.262518 0.229610
v 0.706356 1.110738 0.168548
v 0.707125 1.108421 -0.139853
v 0.778201 0.901317 -0.624373
v 0.728687 1.025086 -0.601247
v 0.787009 0.903558 -0.242667
v 0.787305 0.905710 0.091977
v 0.693177 1.113981 1.053050
v 0.756262 0.940538 1.151329
v 0.769205 0.913002 0.985948
v 0.699008 1.115125 0.911095
v 0.742745 0.975091 1.165930
v 0.750439 0.955605 1.167463
v 0.617475 1.261067 -0.121429
v 0.699343 1.106248 -0.465597
v 0.624178 1.246423 -0.188429
v 0.635364 1.224996 0.943609
v 0.618988 1.259081 0.858987
v 0.622829 1.249318 0.909413
v 0.771020 0.910336 0.942870
v -0.662661 1.106247 -0.465596
v -0.587496 1.246423 -0.188429
v -0.586146 1.249318 0.909413
v -0.582306 1.259081 0.858987
v -0.714864 0.657883 -1.835578
v -0.688495 0.659618 -1.905917
v -0.704704 0.576990 -1.858244
v -0.648171 0.656826 -1.969949
v -0.644530 0.577072 -1.973620
v -0.641922 0.656042 -1.970141
v -0.643275 0.656570 -1.976276
v -0.639842 0.577071 -1.979761
v -0.635450 0.571019 -1.971823
v -0.644324 0.720716 -1.958240
v -0.641922 0.656042 -1.970141
v -0.648171 0.656826 -1.969949
v -0.650989 0.718553 -1.959136
v -0.644324 0.720716 -1.958240
v -0.645933 0.718132 -1.965597
v -0.635450 0.571019 -1.971823
v -0.644530 0.577072 -1.973620
v -0.639842 0.577071 -1.979761
v -0.485615 0.577070 -2.051762
v -0.354784 0.570047 -2.105855
v -0.635450 0.571019 -1.971823
v -0.644530 0.577072 -1.973620
v -0.635450 0.571019 -1.971823
v -0.699612 0.570449 -1.854515
v -0.704704 0.576990 -1.858244
v -0.639842 0.577071 -1.979761
v -0.643275 0.656570 -1.976276
v -0.497508 0.654742 -2.042671
v -0.485615 0.577070 -2.051762
v -0.645933 0.718132 -1.965597
v -0.503632 0.710494 -2.031927
v -0.650989 0.718553 -1.959136
v -0.685625 0.719514 -1.897437
v -0.711465 0.702779 -1.833547
v -0.713826 0.682295 -1.829911
v -0.698543 0.720322 -1.860207
v -0.704905 0.715867 -1.846321
v -0.704704 0.576990 -1.858244
v -0.699612 0.570449 -1.854515
v -0.712065 0.657620 -1.830834
v -0.714864 0.657883 -1.835578
v -0.389348 0.653386 -2.091937
v -0.383769 0.652961 -2.089777
v -0.354784 0.570047 -2.105855
v -0.362609 0.577069 -2.109187
v -0.400805 0.671332 -2.084322
v -0.396547 0.673303 -2.081214
v -0.645933 0.718132 -1.965597
v -0.644324 0.720716 -1.958240
v -0.501439 0.713497 -2.027728
v -0.503632 0.710494 -2.031927
v -0.471539 0.710556 -2.041848
v -0.473999 0.707579 -2.045921
v -0.442200 0.703514 -2.056252
v -0.445192 0.700666 -2.060065
v -0.415661 0.689969 -2.070232
v -0.419288 0.687445 -2.073707
v -0.685625 0.719514 -1.897437
v -0.681619 0.722524 -1.895080
v -0.644324 0.720716 -1.958240
v -0.650989 0.718553 -1.959136
v -0.710885 0.682945 -1.825209
v -0.708395 0.704202 -1.829093
v -0.711465 0.702779 -1.833547
v -0.713826 0.682295 -1.829911
v -0.695085 0.723122 -1.856250
v -0.698543 0.720322 -1.860207
v -0.701664 0.717915 -1.842097
v -0.704905 0.715867 -1.846321
v -0.473999 0.707579 -2.045921
v -0.389348 0.653386 -2.091937
v -0.362609 0.577069 -2.109187
v -0.362609 0.577069 -2.109187
v -0.445192 0.700666 -2.060065
v -0.419288 0.687445 -2.073707
v -0.400805 0.671332 -2.084322
v -0.643506 0.463423 -1.964666
v -0.692776 0.391750 -1.930926
v -0.708690 0.463791 -1.913381
v -0.623755 0.455344 -1.972222
v -0.601688 0.390494 -1.981449
v -0.609455 0.394490 -1.983382
v -0.628641 0.450444 -1.975488
v -0.694102 0.386717 -1.926680
v -0.702453 0.407710 -1.909628
v -0.711796 0.468726 -1.898894
v -0.638629 0.468329 -1.961430
v -0.634789 0.582083 1.948381
v -0.635291 0.618672 1.945992
v -0.668577 0.618589 1.845751
v -0.671088 0.581950 1.837066
v -0.580657 0.618675 2.004554
v -0.613168 0.618674 1.982944
v -0.612245 0.582081 1.985838
v -0.579562 0.582078 2.007951
v -0.609360 0.689188 1.977367
v -0.631371 0.689184 1.941387
v -0.631371 0.689184 1.941387
v -0.630265 0.706950 1.947782
v -0.657950 0.706953 1.866540
v -0.658037 0.689283 1.862382
v -0.609360 0.689188 1.977367
v -0.607723 0.706947 1.984134
v -0.576969 0.689192 1.998004
v -0.575165 0.706942 2.004907
v -0.658037 0.689283 1.862382
v -0.576969 0.689192 1.998004
v -0.575077 0.618299 2.001832
v -0.580657 0.618675 2.004554
v -0.579562 0.582078 2.007951
v -0.574295 0.578575 2.006452
v -0.569676 0.707918 2.002174
v -0.568184 0.706942 2.008183
v -0.561982 0.759058 2.006780
v -0.563906 0.758463 2.000871
v -0.575165 0.706942 2.004907
v -0.569676 0.707918 2.002174
v -0.563906 0.758463 2.000871
v -0.569002 0.759246 2.003565
v -0.575077 0.618299 2.001832
v -0.573717 0.618675 2.007930
v -0.569952 0.689193 2.001280
v -0.571447 0.690003 1.995266
v -0.569676 0.707918 2.002174
v -0.575165 0.706942 2.004907
v -0.576969 0.689192 1.998004
v -0.571447 0.690003 1.995266
v -0.571447 0.690003 1.995266
v -0.569952 0.689193 2.001280
v -0.568184 0.706942 2.008183
v -0.569676 0.707918 2.002174
v -0.571447 0.690003 1.995266
v -0.576969 0.689192 1.998004
v -0.574295 0.578575 2.006452
v -0.572655 0.582075 2.011381
v -0.374002 0.578641 2.054179
v -0.376494 0.582068 2.055703
v -0.459636 0.582071 2.036924
v -0.668243 0.578662 1.834077
v -0.632675 0.578667 1.947535
v -0.634789 0.582083 1.948381
v -0.671088 0.581950 1.837066
v -0.612245 0.582081 1.985838
v -0.610565 0.578631 1.984390
v -0.574295 0.578575 2.006452
v -0.579562 0.582078 2.007951
v -0.651282 0.743181 1.875036
v -0.630265 0.706950 1.947782
v -0.623576 0.760168 1.947474
v -0.647925 0.755281 1.884053
v -0.607723 0.706947 1.984134
v -0.601123 0.759585 1.983360
v -0.575165 0.706942 2.004907
v -0.569002 0.759246 2.003565
v -0.414117 0.729806 2.038634
v -0.466302 0.706941 2.029371
v -0.402420 0.706941 2.042465
v -0.402420 0.706941 2.042465
v -0.466302 0.706941 2.029371
v -0.466723 0.689193 2.022654
v -0.399803 0.689194 2.036366
v -0.399803 0.689194 2.036366
v -0.466723 0.689193 2.022654
v -0.463517 0.618676 2.032000
v -0.386176 0.618676 2.048970
v -0.459636 0.582071 2.036924
v -0.376494 0.582068 2.055703
v -0.668577 0.618589 1.845751
v -0.666692 0.618433 1.842947
v -0.668243 0.578662 1.834077
v -0.671088 0.581950 1.837066
v -0.657950 0.706953 1.866540
v -0.656163 0.707216 1.863810
v -0.656239 0.689401 1.859627
v -0.658037 0.689283 1.862382
v -0.658037 0.689283 1.862382
v -0.656239 0.689401 1.859627
v -0.561982 0.759058 2.006780
v -0.560194 0.761165 2.004789
v -0.562855 0.760551 1.998398
v -0.563906 0.758463 2.000871
v -0.563906 0.758463 2.000871
v -0.562855 0.760551 1.998398
v -0.568901 0.761290 2.000856
v -0.569002 0.759246 2.003565
v -0.647925 0.755281 1.884053
v -0.645711 0.757092 1.882313
v -0.649418 0.743964 1.872510
v -0.651282 0.743181 1.875036
v -0.656163 0.707216 1.863810
v -0.657950 0.706953 1.866540
v -0.623576 0.760168 1.947474
v -0.621086 0.762325 1.946405
v -0.601123 0.759585 1.983360
v -0.599214 0.761715 1.981495
v -0.414117 0.729806 2.038634
v -0.412103 0.731134 2.036301
v -0.431928 0.748897 2.031172
v -0.433391 0.747081 2.033639
v -0.464841 0.758178 2.023871
v -0.465689 0.756178 2.026475
v -0.560194 0.761165 2.004789
v -0.561982 0.759058 2.006780
v -0.402420 0.706941 2.042465
v -0.399876 0.707385 2.040345
v -0.399803 0.689194 2.036366
v -0.397521 0.689508 2.034180
v -0.399876 0.707385 2.040345
v -0.402420 0.706941 2.042465
v -0.386176 0.618676 2.048970
v -0.383708 0.618344 2.046826
v -0.397521 0.689508 2.034180
v -0.399803 0.689194 2.036366
v -0.376494 0.582068 2.055703
v -0.374002 0.578641 2.054179
v -0.465689 0.756178 2.026475
v -0.561982 0.759058 2.006780
v -0.568184 0.706942 2.008183
v -0.568184 0.706942 2.008183
v -0.569952 0.689193 2.001280
v -0.466723 0.689193 2.022654
v -0.569952 0.689193 2.001280
v -0.573717 0.618675 2.007930
v -0.463517 0.618676 2.032000
v -0.572655 0.582075 2.011381
v -0.459636 0.582071 2.036924
v -0.572655 0.582075 2.011381
v -0.574295 0.578575 2.006452
v -0.433391 0.747081 2.033639
v -0.657950 0.706953 1.866540
v 0.751546 0.657883 -1.835578
v 0.741386 0.576990 -1.858244
v 0.725176 0.659618 -1.905918
v 0.681211 0.577072 -1.973620
v 0.684853 0.656826 -1.969950
v 0.676523 0.577071 -1.979761
v 0.679957 0.656570 -1.976276
v 0.678604 0.656042 -1.970141
v 0.672131 0.571019 -1.971824
v 0.681006 0.720716 -1.958241
v 0.687671 0.718553 -1.959136
v 0.684853 0.656826 -1.969950
v 0.678604 0.656042 -1.970141
v 0.681006 0.720716 -1.958241
v 0.682615 0.718132 -1.965597
v 0.681211 0.577072 -1.973620
v 0.672131 0.571019 -1.971824
v 0.391466 0.570047 -2.105855
v 0.522296 0.577070 -2.051762
v 0.676523 0.577071 -1.979761
v 0.672131 0.571019 -1.971824
v 0.681211 0.577072 -1.973620
v 0.741386 0.576990 -1.858244
v 0.736293 0.570449 -1.854516
v 0.672131 0.571019 -1.971824
v 0.534190 0.654742 -2.042671
v 0.679957 0.656570 -1.976276
v 0.676523 0.577071 -1.979761
v 0.522296 0.577070 -2.051762
v 0.540314 0.710494 -2.031927
v 0.682615 0.718132 -1.965597
v 0.687671 0.718553 -1.959136
v 0.722307 0.719514 -1.897437
v 0.748146 0.702779 -1.833548
v 0.750507 0.682296 -1.829911
v 0.735225 0.720322 -1.860207
v 0.741587 0.715867 -1.846321
v 0.741386 0.576990 -1.858244
v 0.751546 0.657883 -1.835578
v 0.748746 0.657620 -1.830834
v 0.736293 0.570449 -1.854516
v 0.426029 0.653386 -2.091937
v 0.399290 0.577069 -2.109187
v 0.391466 0.570047 -2.105855
v 0.420451 0.652961 -2.089776
v 0.437486 0.671332 -2.084322
v 0.433229 0.673303 -2.081214
v 0.682615 0.718132 -1.965597
v 0.540314 0.710494 -2.031927
v 0.538121 0.713497 -2.027728
v 0.681006 0.720716 -1.958241
v 0.510680 0.707579 -2.045921
v 0.508221 0.710556 -2.041848
v 0.481874 0.700666 -2.060064
v 0.478882 0.703514 -2.056252
v 0.455970 0.687445 -2.073707
v 0.452342 0.689969 -2.070232
v 0.722307 0.719514 -1.897437
v 0.687671 0.718553 -1.959136
v 0.681006 0.720716 -1.958241
v 0.718300 0.722524 -1.895080
v 0.748146 0.702779 -1.833548
v 0.745076 0.704202 -1.829093
v 0.747566 0.682945 -1.825210
v 0.750507 0.682296 -1.829911
v 0.731766 0.723122 -1.856250
v 0.735225 0.720322 -1.860207
v 0.741587 0.715867 -1.846321
v 0.738346 0.717915 -1.842098
v 0.510680 0.707579 -2.045921
v 0.399290 0.577069 -2.109187
v 0.426029 0.653386 -2.091937
v 0.399290 0.577069 -2.109187
v 0.481874 0.700666 -2.060064
v 0.455970 0.687445 -2.073707
v 0.437486 0.671332 -2.084322
v 0.680188 0.463423 -1.964666
v 0.745372 0.463791 -1.913382
v 0.729458 0.391750 -1.930926
v 0.660437 0.455344 -1.972222
v 0.665323 0.450444 -1.975489
v 0.646137 0.394490 -1.983382
v 0.638369 0.390494 -1.981450
v 0.730783 0.386717 -1.926680
v 0.739135 0.407710 -1.909628
v 0.748478 0.468726 -1.898894
v 0.675311 0.468329 -1.961430
v 0.671472 0.582083 1.948381
v 0.707771 0.581950 1.837065
v 0.705260 0.618589 1.845751
v 0.671974 0.618672 1.945992
v 0.648928 0.582082 1.985838
v 0.649851 0.618674 1.982944
v 0.617340 0.618675 2.004554
v 0.616244 0.582078 2.007951
v 0.668054 0.689184 1.941387
v 0.646043 0.689188 1.977366
v 0.668054 0.689184 1.941387
v 0.694719 0.689283 1.862382
v 0.694632 0.706953 1.866539
v 0.666948 0.706950 1.947782
v 0.644405 0.706947 1.984134
v 0.646043 0.689188 1.977366
v 0.611847 0.706942 2.004907
v 0.613652 0.689192 1.998005
v 0.694719 0.689283 1.862382
v 0.613652 0.689192 1.998005
v 0.611760 0.618299 2.001832
v 0.610978 0.578575 2.006452
v 0.616244 0.582078 2.007951
v 0.617340 0.618675 2.004554
v 0.606359 0.707918 2.002175
v 0.600589 0.758463 2.000872
v 0.598665 0.759058 2.006780
v 0.604867 0.706942 2.008183
v 0.600589 0.758463 2.000872
v 0.606359 0.707918 2.002175
v 0.611847 0.706942 2.004907
v 0.605685 0.759246 2.003566
v 0.611760 0.618299 2.001832
v 0.608129 0.690003 1.995267
v 0.606634 0.689193 2.001280
v 0.610400 0.618675 2.007931
v 0.606359 0.707918 2.002175
v 0.608129 0.690003 1.995267
v 0.613652 0.689192 1.998005
v 0.611847 0.706942 2.004907
v 0.608129 0.690003 1.995267
v 0.606359 0.707918 2.002175
v 0.604867 0.706942 2.008183
v 0.606634 0.689193 2.001280
v 0.608129 0.690003 1.995267
v 0.613652 0.689192 1.998005
v 0.610978 0.578575 2.006452
v 0.609338 0.582075 2.011382
v 0.410684 0.578641 2.054179
v 0.496319 0.582071 2.036924
v 0.413177 0.582068 2.055703
v 0.704926 0.578662 1.834077
v 0.707771 0.581950 1.837065
v 0.671472 0.582083 1.948381
v 0.669358 0.578667 1.947535
v 0.648928 0.582082 1.985838
v 0.616244 0.582078 2.007951
v 0.610978 0.578575 2.006452
v 0.647248 0.578631 1.984389
v 0.687964 0.743181 1.875036
v 0.684608 0.755281 1.884053
v 0.660258 0.760168 1.947474
v 0.666948 0.706950 1.947782
v 0.637806 0.759585 1.983360
v 0.644405 0.706947 1.984134
v 0.605685 0.759246 2.003566
v 0.611847 0.706942 2.004907
v 0.450799 0.729806 2.038634
v 0.439103 0.706941 2.042465
v 0.502985 0.706941 2.029371
v 0.439103 0.706941 2.042465
v 0.436486 0.689194 2.036366
v 0.503405 0.689194 2.022654
v 0.502985 0.706941 2.029371
v 0.436486 0.689194 2.036366
v 0.422858 0.618676 2.048970
v 0.500199 0.618676 2.032001
v 0.503405 0.689194 2.022654
v 0.413177 0.582068 2.055703
v 0.496319 0.582071 2.036924
v 0.705260 0.618589 1.845751
v 0.707771 0.581950 1.837065
v 0.704926 0.578662 1.834077
v 0.703375 0.618433 1.842947
v 0.694632 0.706953 1.866539
v 0.694719 0.689283 1.862382
v 0.692921 0.689401 1.859627
v 0.692846 0.707216 1.863809
v 0.694719 0.689283 1.862382
v 0.692921 0.689401 1.859627
v 0.598665 0.759058 2.006780
v 0.600589 0.758463 2.000872
v 0.599537 0.760551 1.998399
v 0.596876 0.761165 2.004790
v 0.600589 0.758463 2.000872
v 0.605685 0.759246 2.003566
v 0.605584 0.761291 2.000856
v 0.599537 0.760551 1.998399
v 0.684608 0.755281 1.884053
v 0.687964 0.743181 1.875036
v 0.686101 0.743964 1.872509
v 0.682393 0.757092 1.882313
v 0.694632 0.706953 1.866539
v 0.692846 0.707216 1.863809
v 0.660258 0.760168 1.947474
v 0.657768 0.762326 1.946404
v 0.637806 0.759585 1.983360
v 0.635896 0.761715 1.981495
v 0.450799 0.729806 2.038634
v 0.470074 0.747081 2.033640
v 0.468611 0.748897 2.031172
v 0.448786 0.731134 2.036301
v 0.502371 0.756178 2.026476
v 0.501523 0.758178 2.023872
v 0.598665 0.759058 2.006780
v 0.596876 0.761165 2.004790
v 0.439103 0.706941 2.042465
v 0.436559 0.707385 2.040345
v 0.436486 0.689194 2.036366
v 0.439103 0.706941 2.042465
v 0.436559 0.707385 2.040345
v 0.434204 0.689508 2.034180
v 0.422858 0.618676 2.048970
v 0.436486 0.689194 2.036366
v 0.434204 0.689508 2.034180
v 0.420391 0.618344 2.046826
v 0.413177 0.582068 2.055703
v 0.410684 0.578641 2.054179
v 0.502371 0.756178 2.026476
v 0.604867 0.706942 2.008183
v 0.598665 0.759058 2.006780
v 0.606634 0.689193 2.001280
v 0.604867 0.706942 2.008183
v 0.503405 0.689194 2.022654
v 0.500199 0.618676 2.032001
v 0.610400 0.618675 2.007931
v 0.606634 0.689193 2.001280
v 0.496319 0.582071 2.036924
v 0.609338 0.582075 2.011382
v 0.610978 0.578575 2.006452
v 0.609338 0.582075 2.011382
v 0.470074 0.747081 2.033640
v 0.694632 0.706953 1.866539
v -0.777325 0.308367 -1.172757
v -0.774246 0.329761 -1.175096
v -0.790217 0.333205 -1.245919
v -0.791852 0.308367 -1.256020
v -0.795797 0.347347 -1.296546
v -0.795797 0.308367 -1.289137
v -0.790217 0.283529 -1.245919
v -0.774246 0.286972 -1.175096
v -0.795797 0.269386 -1.296546
v -0.790217 0.254775 -1.266206
v -0.777325 0.148300 -1.249841
v -0.774246 0.163468 -1.234573
v -0.790217 0.220987 -1.276038
v -0.791852 0.213398 -1.301755
v -0.795797 0.239290 -1.322403
v -0.790217 0.190014 -1.314876
v -0.774246 0.136790 -1.268026
v -0.795797 0.220779 -1.357498
v -0.790217 0.187948 -1.350005
v -0.777325 0.108767 -1.423047
v -0.791852 0.189942 -1.404520
v -0.790217 0.185622 -1.430983
v -0.774246 0.115808 -1.443385
v -0.795797 0.238126 -1.433505
v -0.790217 0.211798 -1.454501
v -0.777325 0.219537 -1.561948
v -0.791852 0.255663 -1.486931
v -0.790217 0.273659 -1.506808
v -0.774247 0.239827 -1.569123
v -0.795797 0.308367 -1.467331
v -0.790217 0.308367 -1.501006
v -0.774246 0.106287 -1.401669
v -0.790217 0.174568 -1.382552
v -0.795797 0.222229 -1.397150
v -0.774247 0.201276 -1.550558
v -0.790217 0.228902 -1.485255
v -0.795797 0.270032 -1.457093
v -0.777325 0.397197 -1.561948
v -0.774247 0.376906 -1.569123
v -0.790217 0.343075 -1.506808
v -0.791852 0.361071 -1.486931
v -0.795797 0.346702 -1.457093
v -0.790217 0.387832 -1.485255
v -0.774247 0.415458 -1.550558
v -0.795797 0.378607 -1.433505
v -0.790217 0.404935 -1.454501
v -0.777325 0.507966 -1.423047
v -0.774247 0.500925 -1.443385
v -0.790217 0.431112 -1.430983
v -0.791852 0.426791 -1.404520
v -0.795797 0.394504 -1.397150
v -0.790217 0.442166 -1.382552
v -0.774246 0.510447 -1.401669
v -0.795797 0.395955 -1.357498
v -0.790217 0.428786 -1.350005
v -0.777325 0.468433 -1.249841
v -0.774246 0.479944 -1.268026
v -0.790217 0.426719 -1.314876
v -0.791852 0.403336 -1.301755
v -0.795797 0.377444 -1.322403
v -0.790217 0.395747 -1.276038
v -0.774246 0.453265 -1.234573
v -0.790217 0.361958 -1.266206
v -0.795797 0.347347 -1.296546
v -0.771937 0.308367 -1.377490
v -0.795797 0.308367 -1.289137
v -0.795797 0.269386 -1.296546
v -0.795797 0.239290 -1.322403
v -0.795797 0.220779 -1.357498
v -0.795797 0.222229 -1.397150
v -0.795797 0.238126 -1.433505
v -0.795797 0.270032 -1.457093
v -0.795797 0.308367 -1.467331
v -0.795797 0.346702 -1.457093
v -0.795797 0.378607 -1.433505
v -0.795797 0.394504 -1.397150
v -0.795797 0.395955 -1.357498
v -0.795797 0.377444 -1.322403
v -0.790217 0.333205 -1.245919
v -0.774246 0.329761 -1.175096
v -0.743268 0.329761 -1.175096
v -0.759238 0.333205 -1.245919
v -0.790217 0.361958 -1.266206
v -0.790217 0.333205 -1.245919
v -0.759238 0.333205 -1.245919
v -0.759238 0.361958 -1.266206
v -0.774246 0.286972 -1.175096
v -0.790217 0.283529 -1.245919
v -0.759238 0.283529 -1.245919
v -0.743268 0.286972 -1.175096
v -0.790217 0.283529 -1.245919
v -0.790217 0.254775 -1.266206
v -0.759238 0.254775 -1.266206
v -0.759238 0.283529 -1.245919
v -0.790217 0.220987 -1.276038
v -0.774246 0.163468 -1.234573
v -0.743268 0.163468 -1.234573
v -0.759238 0.220987 -1.276038
v -0.790217 0.220987 -1.276038
v -0.759238 0.220987 -1.276038
v -0.774246 0.136790 -1.268026
v -0.790217 0.190014 -1.314876
v -0.759238 0.190014 -1.314876
v -0.743268 0.136790 -1.268026
v -0.790217 0.190014 -1.314876
v -0.790217 0.187948 -1.350005
v -0.759238 0.187948 -1.350005
v -0.759238 0.190014 -1.314876
v -0.774246 0.115808 -1.443385
v -0.790217 0.185622 -1.430983
v -0.759238 0.185622 -1.430983
v -0.743268 0.115808 -1.443385
v -0.790217 0.185622 -1.430983
v -0.790217 0.211798 -1.454501
v -0.759238 0.211798 -1.454501
v -0.759238 0.185622 -1.430983
v -0.774247 0.239827 -1.569123
v -0.790217 0.273659 -1.506808
v -0.759238 0.273659 -1.506808
v -0.743268 0.239827 -1.569123
v -0.790217 0.273659 -1.506808
v -0.790217 0.308367 -1.501006
v -0.759238 0.308367 -1.501006
v -0.759238 0.273659 -1.506808
v -0.790217 0.174568 -1.382552
v -0.774246 0.106287 -1.401669
v -0.743268 0.106287 -1.401669
v -0.759238 0.174568 -1.382552
v -0.790217 0.174568 -1.382552
v -0.759238 0.174568 -1.382552
v -0.790217 0.228902 -1.485255
v -0.774247 0.201276 -1.550558
v -0.743268 0.201276 -1.550558
v -0.759238 0.228902 -1.485255
v -0.790217 0.228902 -1.485255
v -0.759238 0.228902 -1.485255
v -0.790217 0.343075 -1.506808
v -0.774247 0.376906 -1.569123
v -0.743268 0.376906 -1.569123
v -0.759238 0.343075 -1.506808
v -0.790217 0.343075 -1.506808
v -0.759238 0.343075 -1.506808
v -0.774247 0.415458 -1.550558
v -0.790217 0.387832 -1.485255
v -0.759238 0.387832 -1.485255
v -0.743268 0.415458 -1.550558
v -0.790217 0.387832 -1.485255
v -0.790217 0.404935 -1.454501
v -0.759238 0.404935 -1.454501
v -0.759238 0.387832 -1.485255
v -0.790217 0.431112 -1.430983
v -0.774247 0.500925 -1.443385
v -0.743268 0.500925 -1.443385
v -0.759238 0.431112 -1.430983
v -0.790217 0.431112 -1.430983
v -0.759238 0.431112 -1.430983
v -0.774246 0.510447 -1.401669
v -0.790217 0.442166 -1.382552
v -0.759238 0.442166 -1.382552
v -0.743268 0.510447 -1.401669
v -0.790217 0.442166 -1.382552
v -0.790217 0.428786 -1.350005
v -0.759238 0.428786 -1.350005
v -0.759238 0.442166 -1.382552
v -0.790217 0.426719 -1.314876
v -0.774246 0.479944 -1.268026
v -0.743268 0.479944 -1.268026
v -0.759238 0.426719 -1.314876
v -0.790217 0.426719 -1.314876
v -0.759238 0.426719 -1.314876
v -0.774246 0.453265 -1.234573
v -0.790217 0.395747 -1.276038
v -0.759238 0.395747 -1.276038
v -0.743268 0.453265 -1.234573
v -0.790217 0.395747 -1.276038
v -0.759238 0.395747 -1.276038
v -0.787584 0.308367 -1.163144
v -0.787584 0.374603 -1.173635
v -0.792971 0.370969 -1.184819
v -0.792971 0.308367 -1.174904
v -0.787584 0.434356 -1.204080
v -0.792971 0.427444 -1.213594
v -0.787584 0.481776 -1.251500
v -0.792971 0.472262 -1.258413
v -0.787584 0.512222 -1.311253
v -0.792971 0.501038 -1.314887
v -0.787584 0.522713 -1.377490
v -0.792971 0.510953 -1.377490
v -0.787584 0.512222 -1.443727
v -0.792971 0.501038 -1.440092
v -0.787584 0.481777 -1.503479
v -0.792971 0.472262 -1.496567
v -0.787584 0.434356 -1.550900
v -0.792971 0.427444 -1.541385
v -0.787584 0.374603 -1.581345
v -0.792971 0.370969 -1.570161
v -0.787584 0.308367 -1.591836
v -0.792971 0.308367 -1.580076
v -0.787584 0.242130 -1.581345
v -0.792971 0.245764 -1.570161
v -0.787584 0.182377 -1.550900
v -0.792971 0.189290 -1.541385
v -0.787584 0.134957 -1.503479
v -0.792971 0.144471 -1.496567
v -0.787584 0.104511 -1.443726
v -0.792971 0.115696 -1.440092
v -0.787584 0.094021 -1.377490
v -0.792971 0.105781 -1.377490
v -0.787584 0.094021 -1.377490
v -0.787584 0.104512 -1.311253
v -0.792971 0.115696 -1.314887
v -0.792971 0.105781 -1.377490
v -0.787584 0.134957 -1.251500
v -0.792971 0.144471 -1.258413
v -0.787584 0.182378 -1.204080
v -0.792971 0.189290 -1.213594
v -0.787584 0.242131 -1.173635
v -0.792971 0.245765 -1.184819
v -0.792971 0.308367 -1.174904
v -0.792971 0.370969 -1.184819
v -0.730437 0.363036 -1.209237
v -0.730437 0.308367 -1.200578
v -0.792971 0.427444 -1.213594
v -0.730437 0.412353 -1.234365
v -0.792971 0.472262 -1.258413
v -0.730437 0.451491 -1.273504
v -0.792971 0.501038 -1.314887
v -0.730437 0.476620 -1.322821
v -0.792971 0.510953 -1.377490
v -0.730437 0.485279 -1.377490
v -0.792971 0.501038 -1.440092
v -0.730437 0.476620 -1.432159
v -0.792971 0.472262 -1.496567
v -0.730437 0.451491 -1.481476
v -0.792971 0.427444 -1.541385
v -0.730437 0.412353 -1.520615
v -0.792971 0.370969 -1.570161
v -0.730437 0.363036 -1.545743
v -0.792971 0.308367 -1.580076
v -0.730437 0.308367 -1.554402
v -0.792971 0.245764 -1.570161
v -0.730437 0.253698 -1.545743
v -0.792971 0.189290 -1.541385
v -0.730437 0.204381 -1.520614
v -0.792971 0.144471 -1.496567
v -0.730437 0.165242 -1.481476
v -0.792971 0.115696 -1.440092
v -0.730437 0.140114 -1.432158
v -0.792971 0.105781 -1.377490
v -0.730437 0.131455 -1.377490
v -0.792971 0.105781 -1.377490
v -0.792971 0.115696 -1.314887
v -0.730437 0.140114 -1.322821
v -0.730437 0.131455 -1.377490
v -0.792971 0.144471 -1.258413
v -0.730437 0.165242 -1.273504
v -0.792971 0.189290 -1.213594
v -0.730437 0.204381 -1.234365
v -0.792971 0.245765 -1.184819
v -0.730437 0.253698 -1.209237
v -0.573908 0.308367 -1.591836
v -0.573908 0.374603 -1.581345
v -0.568521 0.370969 -1.570161
v -0.568521 0.308367 -1.580076
v -0.573908 0.434356 -1.550900
v -0.568521 0.427444 -1.541385
v -0.573908 0.481777 -1.503479
v -0.568521 0.472262 -1.496567
v -0.573908 0.512222 -1.443727
v -0.568521 0.501038 -1.440092
v -0.573908 0.522713 -1.377490
v -0.568521 0.510953 -1.377490
v -0.573908 0.512222 -1.311253
v -0.568521 0.501038 -1.314887
v -0.573908 0.481776 -1.251500
v -0.568521 0.472262 -1.258413
v -0.573908 0.434356 -1.204080
v -0.568521 0.427444 -1.213594
v -0.573908 0.374603 -1.173635
v -0.568521 0.370969 -1.184819
v -0.573908 0.308367 -1.163144
v -0.568521 0.308367 -1.174904
v -0.573908 0.242130 -1.173635
v -0.568521 0.245764 -1.184819
v -0.573908 0.182377 -1.204080
v -0.568521 0.189290 -1.213594
v -0.573908 0.134957 -1.251501
v -0.568521 0.144471 -1.258413
v -0.573908 0.104512 -1.311254
v -0.568521 0.115696 -1.314888
v -0.573908 0.094021 -1.377490
v -0.568521 0.105781 -1.377490
v -0.573908 0.094021 -1.377490
v -0.573908 0.104512 -1.443727
v -0.568521 0.115696 -1.440093
v -0.568521 0.105781 -1.377490
v -0.573908 0.134957 -1.503479
v -0.568521 0.144472 -1.496567
v -0.573908 0.182378 -1.550900
v -0.568521 0.189290 -1.541385
v -0.573908 0.242131 -1.581345
v -0.568521 0.245765 -1.570161
v -0.568521 0.308367 -1.580076
v -0.568521 0.370969 -1.570161
v -0.730437 0.363036 -1.545743
v -0.730437 0.308367 -1.554402
v -0.568521 0.427444 -1.541385
v -0.730437 0.412353 -1.520615
v -0.568521 0.472262 -1.496567
v -0.730437 0.451491 -1.481476
v -0.568521 0.501038 -1.440092
v -0.730437 0.476620 -1.432159
v -0.568521 0.510953 -1.377490
v -0.730437 0.485279 -1.377490
v -0.568521 0.501038 -1.314887
v -0.730437 0.476620 -1.322821
v -0.568521 0.472262 -1.258413
v -0.730437 0.451491 -1.273504
v -0.568521 0.427444 -1.213594
v -0.730437 0.412353 -1.234365
v -0.568521 0.370969 -1.184819
v -0.730437 0.363036 -1.209237
v -0.568521 0.308367 -1.174904
v -0.730437 0.308367 -1.200578
v -0.568521 0.245764 -1.184819
v -0.730437 0.253698 -1.209237
v -0.568521 0.189290 -1.213594
v -0.730437 0.204381 -1.234365
v -0.568521 0.144471 -1.258413
v -0.730437 0.165242 -1.273504
v -0.568521 0.115696 -1.314888
v -0.730437 0.140114 -1.322821
v -0.568521 0.105781 -1.377490
v -0.730437 0.131455 -1.377490
v -0.568521 0.105781 -1.377490
v -0.568521 0.115696 -1.440093
v -0.730437 0.140114 -1.432158
v -0.730437 0.131455 -1.377490
v -0.568521 0.144472 -1.496567
v -0.730437 0.165242 -1.481476
v -0.568521 0.189290 -1.541385
v -0.730437 0.204381 -1.520614
v -0.568521 0.245765 -1.570161
v -0.730437 0.253698 -1.545743
v -0.787584 0.398077 -1.101391
v -0.793933 0.388002 -1.132399
v -0.793933 0.308367 -1.119786
v -0.787584 0.308367 -1.087182
v -0.787584 0.479006 -1.142626
v -0.793933 0.459841 -1.169003
v -0.787584 0.543231 -1.206851
v -0.793933 0.516854 -1.226015
v -0.787584 0.584466 -1.287780
v -0.793933 0.553458 -1.297855
v -0.787584 0.598675 -1.377490
v -0.793934 0.566071 -1.377490
v -0.787584 0.584466 -1.467200
v -0.793934 0.553458 -1.457125
v -0.787584 0.543231 -1.548129
v -0.793934 0.516854 -1.528965
v -0.787584 0.479006 -1.612354
v -0.793934 0.459841 -1.585977
v -0.787584 0.398077 -1.653589
v -0.793934 0.388002 -1.622581
v -0.787584 0.308367 -1.667798
v -0.793934 0.308367 -1.635194
v -0.787584 0.218657 -1.653589
v -0.793934 0.228732 -1.622581
v -0.787584 0.137728 -1.612354
v -0.793934 0.156892 -1.585977
v -0.787584 0.073503 -1.548129
v -0.793934 0.099880 -1.528965
v -0.787584 0.032267 -1.467200
v -0.793934 0.063276 -1.457125
v -0.787584 0.018059 -1.377490
v -0.793933 0.050663 -1.377490
v -0.787584 0.032268 -1.287780
v -0.793933 0.063276 -1.297855
v -0.787584 0.073503 -1.206851
v -0.793933 0.099880 -1.226015
v -0.787584 0.137728 -1.142626
v -0.793933 0.156892 -1.169003
v -0.787584 0.218657 -1.101391
v -0.793933 0.228732 -1.132399
v -0.764721 0.308367 -1.073059
v -0.764721 0.402441 -1.087959
v -0.764721 0.487307 -1.131200
v -0.764721 0.554657 -1.198550
v -0.764721 0.597898 -1.283416
v -0.764721 0.612798 -1.377490
v -0.764721 0.597898 -1.471565
v -0.764721 0.554657 -1.556430
v -0.764721 0.487307 -1.623780
v -0.764721 0.402441 -1.667022
v -0.764721 0.308367 -1.681921
v -0.764721 0.214292 -1.667022
v -0.764721 0.129426 -1.623780
v -0.764721 0.062076 -1.556430
v -0.764721 0.018835 -1.471564
v -0.764721 0.003935 -1.377490
v -0.764721 0.018835 -1.283415
v -0.764721 0.062077 -1.198549
v -0.764721 0.129427 -1.131199
v -0.764721 0.214293 -1.087958
v -0.787584 0.374603 -1.173635
v -0.787584 0.308367 -1.163144
v -0.787584 0.434356 -1.204080
v -0.787584 0.481776 -1.251500
v -0.787584 0.512222 -1.311253
v -0.787584 0.522713 -1.377490
v -0.787584 0.512222 -1.443727
v -0.787584 0.481777 -1.503479
v -0.787584 0.434356 -1.550900
v -0.787584 0.374603 -1.581345
v -0.787584 0.308367 -1.591836
v -0.787584 0.242130 -1.581345
v -0.787584 0.182377 -1.550900
v -0.787584 0.134957 -1.503479
v -0.787584 0.104511 -1.443726
v -0.787584 0.094021 -1.377490
v -0.787584 0.104512 -1.311253
v -0.787584 0.134957 -1.251500
v -0.787584 0.182378 -1.204080
v -0.787584 0.242131 -1.173635
v -0.764721 0.402441 -1.087959
v -0.764721 0.308367 -1.073059
v -0.597662 0.308367 -1.073059
v -0.597662 0.402441 -1.087959
v -0.764721 0.487307 -1.131200
v -0.597662 0.487307 -1.131200
v -0.764721 0.612798 -1.377490
v -0.764721 0.597898 -1.283416
v -0.597662 0.597898 -1.283416
v -0.597662 0.612798 -1.377490
v -0.764721 0.597898 -1.471565
v -0.764721 0.612798 -1.377490
v -0.597662 0.612798 -1.377490
v -0.597662 0.597898 -1.471565
v -0.764721 0.554657 -1.556430
v -0.597662 0.554657 -1.556430
v -0.764721 0.487307 -1.623780
v -0.597662 0.487307 -1.623780
v -0.764721 0.308367 -1.681921
v -0.764721 0.402441 -1.667022
v -0.597662 0.402441 -1.667022
v -0.597662 0.308367 -1.681921
v -0.764721 0.214292 -1.667022
v -0.597662 0.214292 -1.667022
v -0.764721 0.062076 -1.556430
v -0.597662 0.062076 -1.556430
v -0.597662 0.018835 -1.471564
v -0.764721 0.018835 -1.471564
v -0.764721 0.003935 -1.377490
v -0.597662 0.003935 -1.377490
v -0.764721 0.018835 -1.283415
v -0.764721 0.003935 -1.377490
v -0.597662 0.003935 -1.377490
v -0.597662 0.018835 -1.283415
v -0.764721 0.062077 -1.198549
v -0.597662 0.062077 -1.198549
v -0.597662 0.129427 -1.131200
v -0.764721 0.129427 -1.131199
v -0.764721 0.214293 -1.087958
v -0.597662 0.214293 -1.087958
v -0.568449 0.308367 -1.119786
v -0.568449 0.388002 -1.132399
v -0.574799 0.398077 -1.101391
v -0.574799 0.308367 -1.087182
v -0.568449 0.459841 -1.169003
v -0.574799 0.479006 -1.142626
v -0.568449 0.516854 -1.226016
v -0.574799 0.543231 -1.206851
v -0.568450 0.553458 -1.297855
v -0.574799 0.584466 -1.287780
v -0.568450 0.566071 -1.377490
v -0.574799 0.598675 -1.377490
v -0.568450 0.553458 -1.457125
v -0.574799 0.584466 -1.467200
v -0.568450 0.516854 -1.528965
v -0.574799 0.543231 -1.548129
v -0.568450 0.459842 -1.585977
v -0.574799 0.479006 -1.612354
v -0.568450 0.388002 -1.622581
v -0.574799 0.398077 -1.653589
v -0.568450 0.308367 -1.635194
v -0.574799 0.308367 -1.667798
v -0.568450 0.228732 -1.622581
v -0.574799 0.218657 -1.653589
v -0.568450 0.156892 -1.585977
v -0.574799 0.137728 -1.612354
v -0.568450 0.099880 -1.528965
v -0.574799 0.073503 -1.548129
v -0.568450 0.063276 -1.457125
v -0.574799 0.032267 -1.467200
v -0.568449 0.050663 -1.377490
v -0.574799 0.018059 -1.377490
v -0.568449 0.063276 -1.297855
v -0.574799 0.032268 -1.287780
v -0.568449 0.099880 -1.226015
v -0.574799 0.073503 -1.206851
v -0.568449 0.156892 -1.169003
v -0.574799 0.137728 -1.142626
v -0.568449 0.228732 -1.132399
v -0.574799 0.218657 -1.101391
v -0.597662 0.402441 -1.087959
v -0.597662 0.308367 -1.073059
v -0.597662 0.487307 -1.131200
v -0.597662 0.554657 -1.198550
v -0.597662 0.597898 -1.283416
v -0.597662 0.612798 -1.377490
v -0.597662 0.597898 -1.471565
v -0.597662 0.554657 -1.556430
v -0.597662 0.487307 -1.623780
v -0.597662 0.402441 -1.667022
v -0.597662 0.308367 -1.681921
v -0.597662 0.214292 -1.667022
v -0.597662 0.129426 -1.623780
v -0.597662 0.062076 -1.556430
v -0.597662 0.018835 -1.471564
v -0.597662 0.003935 -1.377490
v -0.597662 0.018835 -1.283415
v -0.597662 0.062077 -1.198549
v -0.597662 0.129427 -1.131200
v -0.597662 0.214293 -1.087958
v -0.574799 0.308367 -1.163144
v -0.574799 0.374603 -1.173635
v -0.574799 0.434356 -1.204080
v -0.574799 0.481776 -1.251501
v -0.574799 0.512222 -1.311254
v -0.574799 0.522713 -1.377490
v -0.574799 0.512222 -1.443727
v -0.574799 0.481777 -1.503479
v -0.574799 0.434356 -1.550900
v -0.574799 0.374603 -1.581345
v -0.574799 0.308367 -1.591836
v -0.574799 0.242130 -1.581345
v -0.574799 0.182377 -1.550900
v -0.574799 0.134957 -1.503479
v -0.574799 0.104512 -1.443726
v -0.574799 0.094021 -1.377490
v -0.574799 0.104512 -1.311253
v -0.574799 0.134957 -1.251500
v -0.574799 0.182378 -1.204080
v -0.574799 0.242131 -1.173635
v -0.764721 0.554657 -1.198550
v -0.597662 0.554657 -1.198550
v -0.597662 0.129426 -1.623780
v -0.764721 0.129426 -1.623780
v -0.723814 0.308367 -1.207250
v -0.723814 0.393487 -1.230058
v -0.769305 0.308367 -1.377490
v -0.723814 0.455799 -1.292370
v -0.723814 0.478607 -1.377490
v -0.723814 0.455799 -1.462610
v -0.723814 0.393487 -1.524922
v -0.723814 0.308367 -1.547730
v -0.723814 0.223247 -1.524922
v -0.723814 0.160935 -1.462610
v -0.723814 0.138127 -1.377490
v -0.723814 0.160935 -1.292370
v -0.723814 0.223247 -1.230058
v -0.773832 0.307033 1.435308
v -0.770753 0.328427 1.432969
v -0.786723 0.331871 1.362147
v -0.788359 0.307033 1.352046
v -0.792304 0.346013 1.311519
v -0.792304 0.307033 1.318928
v -0.786723 0.282195 1.362147
v -0.770753 0.285638 1.432969
v -0.792304 0.268052 1.311519
v -0.786723 0.253441 1.341860
v -0.773832 0.146966 1.358224
v -0.770753 0.162134 1.373493
v -0.786723 0.219652 1.332028
v -0.788359 0.212064 1.306311
v -0.792304 0.237956 1.285663
v -0.786723 0.188680 1.293190
v -0.770753 0.135456 1.340039
v -0.792304 0.219444 1.250567
v -0.786723 0.186614 1.258060
v -0.773832 0.107433 1.185018
v -0.788359 0.188608 1.203546
v -0.786724 0.184287 1.177083
v -0.770753 0.114474 1.164681
v -0.792304 0.236792 1.174561
v -0.786724 0.210464 1.153565
v -0.773832 0.218203 1.046118
v -0.788359 0.254329 1.121135
v -0.786724 0.272324 1.101258
v -0.770753 0.238493 1.038942
v -0.792304 0.307033 1.140735
v -0.786724 0.307033 1.107060
v -0.770753 0.104953 1.206397
v -0.786723 0.173233 1.225513
v -0.792304 0.220895 1.210915
v -0.770753 0.199942 1.057508
v -0.786724 0.227568 1.122811
v -0.792304 0.268698 1.150973
v -0.773832 0.395863 1.046118
v -0.770753 0.375572 1.038942
v -0.786724 0.341741 1.101257
v -0.788359 0.359737 1.121135
v -0.792304 0.345367 1.150973
v -0.786724 0.386497 1.122811
v -0.770753 0.414124 1.057508
v -0.792304 0.377273 1.174561
v -0.786724 0.403601 1.153565
v -0.773832 0.506632 1.185018
v -0.770753 0.499591 1.164681
v -0.786724 0.429778 1.177083
v -0.788359 0.425457 1.203546
v -0.792304 0.393170 1.210915
v -0.786723 0.440832 1.225513
v -0.770753 0.509113 1.206397
v -0.792304 0.394621 1.250567
v -0.786723 0.427452 1.258060
v -0.773832 0.467099 1.358224
v -0.770753 0.478610 1.340039
v -0.786723 0.425385 1.293190
v -0.788359 0.402002 1.306311
v -0.792304 0.376110 1.285663
v -0.786723 0.394413 1.332028
v -0.770753 0.451931 1.373493
v -0.786723 0.360624 1.341860
v -0.792304 0.346013 1.311519
v -0.768444 0.307033 1.230576
v -0.792304 0.307033 1.318928
v -0.792304 0.268052 1.311519
v -0.792304 0.237956 1.285663
v -0.792304 0.219444 1.250567
v -0.792304 0.220895 1.210915
v -0.792304 0.236792 1.174561
v -0.792304 0.268698 1.150973
v -0.792304 0.307033 1.140735
v -0.792304 0.345367 1.150973
v -0.792304 0.377273 1.174561
v -0.792304 0.393170 1.210915
v -0.792304 0.394621 1.250567
v -0.792304 0.376110 1.285663
v -0.786723 0.331871 1.362147
v -0.770753 0.328427 1.432969
v -0.739774 0.328427 1.432969
v -0.755745 0.331871 1.362147
v -0.786723 0.360624 1.341860
v -0.786723 0.331871 1.362147
v -0.755745 0.331871 1.362147
v -0.755745 0.360624 1.341859
v -0.770753 0.285638 1.432969
v -0.786723 0.282195 1.362147
v -0.755745 0.282195 1.362147
v -0.739774 0.285638 1.432969
v -0.786723 0.282195 1.362147
v -0.786723 0.253441 1.341860
v -0.755745 0.253441 1.341860
v -0.755745 0.282195 1.362147
v -0.786723 0.219652 1.332028
v -0.770753 0.162134 1.373493
v -0.739774 0.162134 1.373493
v -0.755745 0.219652 1.332028
v -0.786723 0.219652 1.332028
v -0.755745 0.219652 1.332028
v -0.770753 0.135456 1.340039
v -0.786723 0.188680 1.293190
v -0.755745 0.188680 1.293190
v -0.739774 0.135456 1.340039
v -0.786723 0.188680 1.293190
v -0.786723 0.186614 1.258060
v -0.755745 0.186614 1.258060
v -0.755745 0.188680 1.293190
v -0.770753 0.114474 1.164681
v -0.786724 0.184287 1.177083
v -0.755745 0.184287 1.177083
v -0.739775 0.114474 1.164681
v -0.786724 0.184287 1.177083
v -0.786724 0.210464 1.153565
v -0.755745 0.210464 1.153565
v -0.755745 0.184287 1.177083
v -0.770753 0.238493 1.038942
v -0.786724 0.272324 1.101258
v -0.755745 0.272324 1.101257
v -0.739775 0.238493 1.038942
v -0.786724 0.272324 1.101258
v -0.786724 0.307033 1.107060
v -0.755745 0.307033 1.107060
v -0.755745 0.272324 1.101257
v -0.786723 0.173233 1.225513
v -0.770753 0.104953 1.206397
v -0.739775 0.104953 1.206397
v -0.755745 0.173233 1.225513
v -0.786723 0.173233 1.225513
v -0.755745 0.173233 1.225513
v -0.786724 0.227568 1.122811
v -0.770753 0.199942 1.057508
v -0.739775 0.199942 1.057508
v -0.755745 0.227568 1.122811
v -0.786724 0.227568 1.122811
v -0.755745 0.227568 1.122811
v -0.786724 0.341741 1.101257
v -0.770753 0.375572 1.038942
v -0.739775 0.375572 1.038942
v -0.755745 0.341741 1.101257
v -0.786724 0.341741 1.101257
v -0.755745 0.341741 1.101257
v -0.770753 0.414124 1.057508
v -0.786724 0.386497 1.122811
v -0.755745 0.386497 1.122811
v -0.739775 0.414124 1.057508
v -0.786724 0.386497 1.122811
v -0.786724 0.403601 1.153565
v -0.755745 0.403601 1.153565
v -0.755745 0.386497 1.122811
v -0.786724 0.429778 1.177083
v -0.770753 0.499591 1.164681
v -0.739775 0.499591 1.164680
v -0.755745 0.429778 1.177083
v -0.786724 0.429778 1.177083
v -0.755745 0.429778 1.177083
v -0.770753 0.509113 1.206397
v -0.786723 0.440832 1.225513
v -0.755745 0.440832 1.225513
v -0.739774 0.509113 1.206397
v -0.786723 0.440832 1.225513
v -0.786723 0.427452 1.258060
v -0.755745 0.427452 1.258060
v -0.755745 0.440832 1.225513
v -0.786723 0.425385 1.293190
v -0.770753 0.478610 1.340039
v -0.739774 0.478610 1.340039
v -0.755745 0.425385 1.293190
v -0.786723 0.425385 1.293190
v -0.755745 0.425385 1.293190
v -0.770753 0.451931 1.373493
v -0.786723 0.394413 1.332028
v -0.755745 0.394413 1.332028
v -0.739774 0.451931 1.373493
v -0.786723 0.394413 1.332028
v -0.755745 0.394413 1.332028
v -0.784091 0.307033 1.444922
v -0.784091 0.373269 1.434431
v -0.789478 0.369635 1.423246
v -0.789478 0.307033 1.433161
v -0.784091 0.433022 1.403985
v -0.789478 0.426110 1.394471
v -0.784091 0.480442 1.356565
v -0.789478 0.470928 1.349653
v -0.784091 0.510888 1.296812
v -0.789478 0.499703 1.293178
v -0.784091 0.521379 1.230576
v -0.789478 0.509619 1.230576
v -0.784091 0.510888 1.164339
v -0.789478 0.499703 1.167973
v -0.784091 0.480442 1.104586
v -0.789478 0.470928 1.111499
v -0.784091 0.433022 1.057166
v -0.789478 0.426110 1.066680
v -0.784091 0.373269 1.026720
v -0.789478 0.369635 1.037905
v -0.784091 0.307033 1.016229
v -0.789478 0.307033 1.027990
v -0.784091 0.240796 1.026720
v -0.789478 0.244430 1.037905
v -0.784091 0.181043 1.057166
v -0.789478 0.187956 1.066680
v -0.784091 0.133623 1.104586
v -0.789478 0.143137 1.111499
v -0.784091 0.103177 1.164339
v -0.789478 0.114362 1.167973
v -0.784091 0.092687 1.230576
v -0.789478 0.104447 1.230576
v -0.784091 0.092687 1.230576
v -0.784091 0.103177 1.296812
v -0.789478 0.114362 1.293178
v -0.789478 0.104447 1.230576
v -0.784091 0.133623 1.356565
v -0.789478 0.143137 1.349653
v -0.784091 0.181043 1.403986
v -0.789478 0.187956 1.394471
v -0.784091 0.240796 1.434431
v -0.789478 0.244430 1.423246
v -0.789478 0.307033 1.433161
v -0.789478 0.369635 1.423246
v -0.726943 0.361701 1.398829
v -0.726943 0.307033 1.407487
v -0.789478 0.426110 1.394471
v -0.726943 0.411019 1.373700
v -0.789478 0.470928 1.349653
v -0.726943 0.450157 1.334562
v -0.789478 0.499703 1.293178
v -0.726943 0.475286 1.285244
v -0.789478 0.509619 1.230576
v -0.726944 0.483944 1.230576
v -0.789478 0.499703 1.167973
v -0.726944 0.475286 1.175907
v -0.789478 0.470928 1.111499
v -0.726944 0.450157 1.126590
v -0.789478 0.426110 1.066680
v -0.726944 0.411019 1.087451
v -0.789478 0.369635 1.037905
v -0.726944 0.361701 1.062323
v -0.789478 0.307033 1.027990
v -0.726944 0.307033 1.053664
v -0.789478 0.244430 1.037905
v -0.726944 0.252364 1.062323
v -0.789478 0.187956 1.066680
v -0.726944 0.203047 1.087451
v -0.789478 0.143137 1.111499
v -0.726944 0.163908 1.126590
v -0.789478 0.114362 1.167973
v -0.726944 0.138780 1.175907
v -0.789478 0.104447 1.230576
v -0.726943 0.130121 1.230576
v -0.789478 0.104447 1.230576
v -0.789478 0.114362 1.293178
v -0.726943 0.138780 1.285244
v -0.726943 0.130121 1.230576
v -0.789478 0.143137 1.349653
v -0.726943 0.163908 1.334562
v -0.789478 0.187956 1.394471
v -0.726943 0.203047 1.373700
v -0.789478 0.244430 1.423246
v -0.726943 0.252364 1.398829
v -0.570415 0.307033 1.016230
v -0.570415 0.373269 1.026721
v -0.565028 0.369635 1.037905
v -0.565028 0.307033 1.027990
v -0.570415 0.433022 1.057166
v -0.565028 0.426110 1.066680
v -0.570415 0.480442 1.104586
v -0.565028 0.470928 1.111499
v -0.570415 0.510888 1.164339
v -0.565027 0.499703 1.167973
v -0.570415 0.521379 1.230576
v -0.565027 0.509619 1.230576
v -0.570415 0.510888 1.296812
v -0.565027 0.499703 1.293178
v -0.570415 0.480442 1.356565
v -0.565027 0.470928 1.349653
v -0.570415 0.433022 1.403985
v -0.565027 0.426110 1.394471
v -0.570415 0.373269 1.434431
v -0.565027 0.369635 1.423246
v -0.570415 0.307033 1.444922
v -0.565027 0.307033 1.433162
v -0.570415 0.240796 1.434431
v -0.565027 0.244430 1.423246
v -0.570415 0.181043 1.403985
v -0.565027 0.187956 1.394471
v -0.570415 0.133623 1.356565
v -0.565027 0.143137 1.349653
v -0.570415 0.103177 1.296812
v -0.565027 0.114362 1.293178
v -0.570415 0.092687 1.230576
v -0.565028 0.104447 1.230576
v -0.570415 0.092687 1.230576
v -0.570415 0.103177 1.164339
v -0.565028 0.114362 1.167973
v -0.565028 0.104447 1.230576
v -0.570415 0.133623 1.104586
v -0.565028 0.143137 1.111498
v -0.570415 0.181043 1.057166
v -0.565028 0.187956 1.066680
v -0.570415 0.240796 1.026720
v -0.565028 0.244430 1.037905
v -0.565028 0.307033 1.027990
v -0.565028 0.369635 1.037905
v -0.726944 0.361701 1.062323
v -0.726944 0.307033 1.053664
v -0.565028 0.426110 1.066680
v -0.726944 0.411019 1.087451
v -0.565028 0.470928 1.111499
v -0.726944 0.450157 1.126590
v -0.565027 0.499703 1.167973
v -0.726944 0.475286 1.175907
v -0.565027 0.509619 1.230576
v -0.726944 0.483944 1.230576
v -0.565027 0.499703 1.293178
v -0.726943 0.475286 1.285244
v -0.565027 0.470928 1.349653
v -0.726943 0.450157 1.334562
v -0.565027 0.426110 1.394471
v -0.726943 0.411019 1.373700
v -0.565027 0.369635 1.423246
v -0.726943 0.361701 1.398829
v -0.565027 0.307033 1.433162
v -0.726943 0.307033 1.407487
v -0.565027 0.244430 1.423246
v -0.726943 0.252364 1.398829
v -0.565027 0.187956 1.394471
v -0.726943 0.203047 1.373700
v -0.565027 0.143137 1.349653
v -0.726943 0.163908 1.334562
v -0.565027 0.114362 1.293178
v -0.726943 0.138780 1.285244
v -0.565028 0.104447 1.230576
v -0.726943 0.130121 1.230576
v -0.565028 0.104447 1.230576
v -0.565028 0.114362 1.167973
v -0.726944 0.138780 1.175907
v -0.726943 0.130121 1.230576
v -0.565028 0.143137 1.111498
v -0.726944 0.163908 1.126590
v -0.565028 0.187956 1.066680
v -0.726944 0.203047 1.087451
v -0.565028 0.244430 1.037905
v -0.726944 0.252364 1.062323
v -0.784091 0.396743 1.506675
v -0.790440 0.386668 1.475667
v -0.790440 0.307033 1.488280
v -0.784091 0.307033 1.520884
v -0.784091 0.477671 1.465440
v -0.790440 0.458507 1.439063
v -0.784091 0.541897 1.401214
v -0.790440 0.515520 1.382050
v -0.784091 0.583132 1.320286
v -0.790440 0.552124 1.310210
v -0.784091 0.597341 1.230576
v -0.790440 0.564737 1.230576
v -0.784091 0.583132 1.140866
v -0.790440 0.552124 1.150941
v -0.784091 0.541897 1.059937
v -0.790440 0.515520 1.079101
v -0.784091 0.477671 0.995711
v -0.790440 0.458507 1.022089
v -0.784091 0.396743 0.954476
v -0.790440 0.386668 0.985484
v -0.784091 0.307033 0.940268
v -0.790440 0.307033 0.972872
v -0.784091 0.217322 0.954476
v -0.790440 0.227398 0.985484
v -0.784091 0.136394 0.995712
v -0.790440 0.155558 1.022089
v -0.784091 0.072168 1.059937
v -0.790440 0.098546 1.079101
v -0.784091 0.030933 1.140866
v -0.790440 0.061942 1.150941
v -0.784091 0.016725 1.230576
v -0.790440 0.049329 1.230576
v -0.784091 0.030933 1.320286
v -0.790440 0.061942 1.310211
v -0.784091 0.072169 1.401215
v -0.790440 0.098546 1.382051
v -0.784090 0.136394 1.465440
v -0.790440 0.155558 1.439063
v -0.784090 0.217323 1.506675
v -0.790440 0.227398 1.475667
v -0.761227 0.307033 1.535007
v -0.761228 0.401107 1.520107
v -0.761228 0.485973 1.476866
v -0.761228 0.553323 1.409516
v -0.761228 0.596564 1.324650
v -0.761228 0.611464 1.230576
v -0.761228 0.596564 1.136501
v -0.761228 0.553323 1.051635
v -0.761228 0.485973 0.984285
v -0.761228 0.401107 0.941044
v -0.761228 0.307033 0.926144
v -0.761228 0.212958 0.941044
v -0.761228 0.128092 0.984286
v -0.761228 0.060742 1.051636
v -0.761228 0.017501 1.136501
v -0.761228 0.002601 1.230576
v -0.761228 0.017501 1.324651
v -0.761228 0.060743 1.409516
v -0.761227 0.128093 1.476866
v -0.761227 0.212959 1.520107
v -0.784091 0.373269 1.434431
v -0.784091 0.307033 1.444922
v -0.784091 0.433022 1.403985
v -0.784091 0.480442 1.356565
v -0.784091 0.510888 1.296812
v -0.784091 0.521379 1.230576
v -0.784091 0.510888 1.164339
v -0.784091 0.480442 1.104586
v -0.784091 0.433022 1.057166
v -0.784091 0.373269 1.026720
v -0.784091 0.307033 1.016229
v -0.784091 0.240796 1.026720
v -0.784091 0.181043 1.057166
v -0.784091 0.133623 1.104586
v -0.784091 0.103177 1.164339
v -0.784091 0.092687 1.230576
v -0.784091 0.103177 1.296812
v -0.784091 0.133623 1.356565
v -0.784091 0.181043 1.403986
v -0.784091 0.240796 1.434431
v -0.761228 0.401107 1.520107
v -0.761227 0.307033 1.535007
v -0.594169 0.307033 1.535007
v -0.594169 0.401107 1.520107
v -0.761228 0.485973 1.476866
v -0.594169 0.485973 1.476866
v -0.761228 0.611464 1.230576
v -0.761228 0.596564 1.324650
v -0.594169 0.596564 1.324650
v -0.594169 0.611464 1.230576
v -0.761228 0.596564 1.136501
v -0.761228 0.611464 1.230576
v -0.594169 0.611464 1.230576
v -0.594169 0.596564 1.136501
v -0.761228 0.553323 1.051635
v -0.594169 0.553323 1.051635
v -0.761228 0.485973 0.984285
v -0.594169 0.485973 0.984285
v -0.761228 0.307033 0.926144
v -0.761228 0.401107 0.941044
v -0.594169 0.401107 0.941044
v -0.594169 0.307033 0.926144
v -0.761228 0.212958 0.941044
v -0.594169 0.212958 0.941044
v -0.761228 0.060742 1.051636
v -0.594169 0.060742 1.051635
v -0.594169 0.017501 1.136502
v -0.761228 0.017501 1.136501
v -0.761228 0.002601 1.230576
v -0.594169 0.002601 1.230576
v -0.761228 0.017501 1.324651
v -0.761228 0.002601 1.230576
v -0.594169 0.002601 1.230576
v -0.594169 0.017501 1.324651
v -0.761228 0.060743 1.409516
v -0.594169 0.060743 1.409516
v -0.594169 0.128093 1.476866
v -0.761227 0.128093 1.476866
v -0.761227 0.212959 1.520107
v -0.594169 0.212959 1.520107
v -0.564956 0.307033 1.488280
v -0.564956 0.386668 1.475667
v -0.571306 0.396743 1.506675
v -0.571306 0.307033 1.520884
v -0.564956 0.458507 1.439063
v -0.571306 0.477671 1.465440
v -0.564956 0.515520 1.382050
v -0.571306 0.541897 1.401214
v -0.564956 0.552124 1.310210
v -0.571306 0.583132 1.320286
v -0.564956 0.564737 1.230576
v -0.571306 0.597341 1.230576
v -0.564956 0.552124 1.150941
v -0.571306 0.583132 1.140865
v -0.564956 0.515520 1.079101
v -0.571306 0.541897 1.059937
v -0.564956 0.458507 1.022089
v -0.571306 0.477671 0.995711
v -0.564956 0.386668 0.985484
v -0.571306 0.396743 0.954476
v -0.564956 0.307033 0.972871
v -0.571306 0.307033 0.940268
v -0.564956 0.227398 0.985484
v -0.571306 0.217322 0.954476
v -0.564956 0.155558 1.022089
v -0.571306 0.136394 0.995712
v -0.564956 0.098546 1.079101
v -0.571306 0.072168 1.059937
v -0.564956 0.061942 1.150941
v -0.571306 0.030933 1.140866
v -0.564956 0.049329 1.230576
v -0.571306 0.016725 1.230576
v -0.564956 0.061942 1.310211
v -0.571306 0.030933 1.320286
v -0.564956 0.098546 1.382051
v -0.571306 0.072169 1.401215
v -0.564956 0.155558 1.439063
v -0.571306 0.136394 1.465440
v -0.564956 0.227398 1.475667
v -0.571306 0.217323 1.506675
v -0.594169 0.401107 1.520107
v -0.594169 0.307033 1.535007
v -0.594169 0.485973 1.476866
v -0.594169 0.553323 1.409516
v -0.594169 0.596564 1.324650
v -0.594169 0.611464 1.230576
v -0.594169 0.596564 1.136501
v -0.594169 0.553323 1.051635
v -0.594169 0.485973 0.984285
v -0.594169 0.401107 0.941044
v -0.594169 0.307033 0.926144
v -0.594169 0.212958 0.941044
v -0.594169 0.128092 0.984285
v -0.594169 0.060742 1.051635
v -0.594169 0.017501 1.136502
v -0.594169 0.002601 1.230576
v -0.594169 0.017501 1.324651
v -0.594169 0.060743 1.409516
v -0.594169 0.128093 1.476866
v -0.594169 0.212959 1.520107
v -0.571306 0.307033 1.444922
v -0.571306 0.373269 1.434431
v -0.571306 0.433022 1.403985
v -0.571306 0.480442 1.356565
v -0.571306 0.510888 1.296812
v -0.571306 0.521379 1.230576
v -0.571306 0.510888 1.164339
v -0.571306 0.480442 1.104586
v -0.571306 0.433022 1.057166
v -0.571306 0.373269 1.026720
v -0.571306 0.307033 1.016229
v -0.571306 0.240796 1.026720
v -0.571306 0.181043 1.057166
v -0.571306 0.133623 1.104586
v -0.571306 0.103177 1.164339
v -0.571306 0.092687 1.230576
v -0.571306 0.103177 1.296812
v -0.571306 0.133623 1.356565
v -0.571306 0.181043 1.403986
v -0.571306 0.240796 1.434431
v -0.761228 0.553323 1.409516
v -0.594169 0.553323 1.409516
v -0.594169 0.128092 0.984285
v -0.761228 0.128092 0.984286
v -0.720321 0.307033 1.400816
v -0.720321 0.392153 1.378008
v -0.765811 0.307033 1.230576
v -0.720321 0.454465 1.315696
v -0.720321 0.477273 1.230576
v -0.720321 0.454465 1.145456
v -0.720321 0.392153 1.083143
v -0.720321 0.307033 1.060336
v -0.720321 0.221913 1.083143
v -0.720321 0.159600 1.145455
v -0.720321 0.136793 1.230576
v -0.720321 0.159600 1.315696
v -0.720321 0.221913 1.378008
v 0.810509 0.307033 -1.596279
v 0.807431 0.328427 -1.593940
v 0.823401 0.331871 -1.523118
v 0.825036 0.307033 -1.513017
v 0.828981 0.346013 -1.472491
v 0.828981 0.307033 -1.479899
v 0.823401 0.282195 -1.523118
v 0.807431 0.285638 -1.593940
v 0.828981 0.268052 -1.472491
v 0.823401 0.253441 -1.502831
v 0.810509 0.146966 -1.519195
v 0.807431 0.162134 -1.534464
v 0.823401 0.219652 -1.492999
v 0.825036 0.212063 -1.467282
v 0.828981 0.237956 -1.446634
v 0.823401 0.188680 -1.454161
v 0.807431 0.135455 -1.501010
v 0.828981 0.219444 -1.411538
v 0.823401 0.186613 -1.419032
v 0.810509 0.107433 -1.345989
v 0.825036 0.188608 -1.364517
v 0.823401 0.184287 -1.338054
v 0.807431 0.114474 -1.325652
v 0.828981 0.236792 -1.335532
v 0.823401 0.210464 -1.314536
v 0.810509 0.218202 -1.207089
v 0.825036 0.254329 -1.282106
v 0.823401 0.272324 -1.262228
v 0.807431 0.238493 -1.199914
v 0.828981 0.307033 -1.301706
v 0.823401 0.307032 -1.268031
v 0.807431 0.104952 -1.367368
v 0.823401 0.173233 -1.386485
v 0.828981 0.220895 -1.371886
v 0.807431 0.199941 -1.218479
v 0.823401 0.227568 -1.283782
v 0.828981 0.268698 -1.311944
v 0.810509 0.395863 -1.207089
v 0.807431 0.375572 -1.199914
v 0.823401 0.341741 -1.262228
v 0.825036 0.359736 -1.282106
v 0.828981 0.345367 -1.311944
v 0.823401 0.386497 -1.283782
v 0.807431 0.414124 -1.218479
v 0.828981 0.377273 -1.335532
v 0.823401 0.403601 -1.314536
v 0.810509 0.506632 -1.345989
v 0.807431 0.499591 -1.325652
v 0.823401 0.429778 -1.338054
v 0.825036 0.425457 -1.364517
v 0.828981 0.393170 -1.371886
v 0.823401 0.440832 -1.386485
v 0.807431 0.509113 -1.367368
v 0.828981 0.394621 -1.411538
v 0.823401 0.427452 -1.419032
v 0.810509 0.467099 -1.519195
v 0.807431 0.478610 -1.501010
v 0.823401 0.425385 -1.454161
v 0.825036 0.402002 -1.467282
v 0.828981 0.376109 -1.446634
v 0.823401 0.394413 -1.492999
v 0.807431 0.451931 -1.534464
v 0.823401 0.360624 -1.502831
v 0.828981 0.346013 -1.472491
v 0.805122 0.307033 -1.391547
v 0.828981 0.307033 -1.479899
v 0.828981 0.268052 -1.472491
v 0.828981 0.237956 -1.446634
v 0.828981 0.219444 -1.411538
v 0.828981 0.220895 -1.371886
v 0.828981 0.236792 -1.335532
v 0.828981 0.268698 -1.311944
v 0.828981 0.307033 -1.301706
v 0.828981 0.345367 -1.311944
v 0.828981 0.377273 -1.335532
v 0.828981 0.393170 -1.371886
v 0.828981 0.394621 -1.411538
v 0.828981 0.376109 -1.446634
v 0.823401 0.331871 -1.523118
v 0.807431 0.328427 -1.593940
v 0.776452 0.328427 -1.593940
v 0.792422 0.331871 -1.523118
v 0.823401 0.360624 -1.502831
v 0.823401 0.331871 -1.523118
v 0.792422 0.331871 -1.523118
v 0.792422 0.360624 -1.502831
v 0.807431 0.285638 -1.593940
v 0.823401 0.282195 -1.523118
v 0.792422 0.282195 -1.523118
v 0.776452 0.285638 -1.593940
v 0.823401 0.282195 -1.523118
v 0.823401 0.253441 -1.502831
v 0.792422 0.253441 -1.502831
v 0.792422 0.282195 -1.523118
v 0.823401 0.219652 -1.492999
v 0.807431 0.162134 -1.534464
v 0.776452 0.162134 -1.534464
v 0.792422 0.219652 -1.492999
v 0.823401 0.219652 -1.492999
v 0.792422 0.219652 -1.492999
v 0.807431 0.135455 -1.501010
v 0.823401 0.188680 -1.454161
v 0.792422 0.188680 -1.454161
v 0.776452 0.135455 -1.501010
v 0.823401 0.188680 -1.454161
v 0.823401 0.186613 -1.419032
v 0.792422 0.186613 -1.419032
v 0.792422 0.188680 -1.454161
v 0.807431 0.114474 -1.325652
v 0.823401 0.184287 -1.338054
v 0.792422 0.184287 -1.338054
v 0.776452 0.114474 -1.325652
v 0.823401 0.184287 -1.338054
v 0.823401 0.210464 -1.314536
v 0.792422 0.210464 -1.314536
v 0.792422 0.184287 -1.338054
v 0.807431 0.238493 -1.199914
v 0.823401 0.272324 -1.262228
v 0.792422 0.272324 -1.262228
v 0.776452 0.238493 -1.199914
v 0.823401 0.272324 -1.262228
v 0.823401 0.307032 -1.268031
v 0.792422 0.307032 -1.268031
v 0.792422 0.272324 -1.262228
v 0.823401 0.173233 -1.386485
v 0.807431 0.104952 -1.367368
v 0.776452 0.104952 -1.367368
v 0.792422 0.173233 -1.386485
v 0.823401 0.173233 -1.386485
v 0.792422 0.173233 -1.386485
v 0.823401 0.227568 -1.283782
v 0.807431 0.199941 -1.218479
v 0.776452 0.199941 -1.218479
v 0.792422 0.227568 -1.283782
v 0.823401 0.227568 -1.283782
v 0.792422 0.227568 -1.283782
v 0.823401 0.341741 -1.262228
v 0.807431 0.375572 -1.199914
v 0.776452 0.375572 -1.199914
v 0.792422 0.341741 -1.262228
v 0.823401 0.341741 -1.262228
v 0.792422 0.341741 -1.262228
v 0.807431 0.414124 -1.218479
v 0.823401 0.386497 -1.283782
v 0.792422 0.386497 -1.283782
v 0.776452 0.414124 -1.218479
v 0.823401 0.386497 -1.283782
v 0.823401 0.403601 -1.314536
v 0.792422 0.403601 -1.314536
v 0.792422 0.386497 -1.283782
v 0.823401 0.429778 -1.338054
v 0.807431 0.499591 -1.325652
v 0.776452 0.499591 -1.325652
v 0.792422 0.429778 -1.338054
v 0.823401 0.429778 -1.338054
v 0.792422 0.429778 -1.338054
v 0.807431 0.509113 -1.367368
v 0.823401 0.440832 -1.386485
v 0.792422 0.440832 -1.386485
v 0.776452 0.509113 -1.367368
v 0.823401 0.440832 -1.386485
v 0.823401 0.427452 -1.419032
v 0.792422 0.427452 -1.419032
v 0.792422 0.440832 -1.386485
v 0.823401 0.425385 -1.454161
v 0.807431 0.478610 -1.501010
v 0.776452 0.478610 -1.501010
v 0.792422 0.425385 -1.454161
v 0.823401 0.425385 -1.454161
v 0.792422 0.425385 -1.454161
v 0.807431 0.451931 -1.534464
v 0.823401 0.394413 -1.492999
v 0.792422 0.394413 -1.492999
v 0.776452 0.451931 -1.534464
v 0.823401 0.394413 -1.492999
v 0.792422 0.394413 -1.492999
v 0.820768 0.307033 -1.605893
v 0.820768 0.373269 -1.595402
v 0.826155 0.369635 -1.584218
v 0.826155 0.307033 -1.594133
v 0.820768 0.433022 -1.564956
v 0.826155 0.426110 -1.555442
v 0.820768 0.480442 -1.517536
v 0.826155 0.470928 -1.510624
v 0.820768 0.510888 -1.457783
v 0.826155 0.499703 -1.454149
v 0.820768 0.521379 -1.391547
v 0.826156 0.509619 -1.391547
v 0.820768 0.510888 -1.325310
v 0.826156 0.499703 -1.328944
v 0.820768 0.480442 -1.265557
v 0.826156 0.470928 -1.272470
v 0.820768 0.433022 -1.218137
v 0.826156 0.426110 -1.227651
v 0.820768 0.373269 -1.187691
v 0.826156 0.369635 -1.198876
v 0.820768 0.307032 -1.177201
v 0.826156 0.307032 -1.188961
v 0.820768 0.240796 -1.187691
v 0.826156 0.244430 -1.198876
v 0.820768 0.181043 -1.218137
v 0.826156 0.187955 -1.227651
v 0.820768 0.133623 -1.265557
v 0.826156 0.143137 -1.272470
v 0.820768 0.103177 -1.325310
v 0.826156 0.114362 -1.328944
v 0.820768 0.092686 -1.391547
v 0.826155 0.104447 -1.391547
v 0.820768 0.092686 -1.391547
v 0.820768 0.103177 -1.457784
v 0.826155 0.114362 -1.454149
v 0.826155 0.104447 -1.391547
v 0.820768 0.133623 -1.517537
v 0.826155 0.143137 -1.510624
v 0.820768 0.181043 -1.564957
v 0.826155 0.187956 -1.555443
v 0.820768 0.240796 -1.595402
v 0.826155 0.244430 -1.584218
v 0.826155 0.307033 -1.594133
v 0.826155 0.369635 -1.584218
v 0.763621 0.361701 -1.559800
v 0.763621 0.307033 -1.568459
v 0.826155 0.426110 -1.555442
v 0.763621 0.411019 -1.534671
v 0.826155 0.470928 -1.510624
v 0.763621 0.450157 -1.495533
v 0.826155 0.499703 -1.454149
v 0.763621 0.475286 -1.446215
v 0.826156 0.509619 -1.391547
v 0.763621 0.483944 -1.391547
v 0.826156 0.499703 -1.328944
v 0.763621 0.475286 -1.336878
v 0.826156 0.470928 -1.272470
v 0.763621 0.450157 -1.287561
v 0.826156 0.426110 -1.227651
v 0.763621 0.411019 -1.248422
v 0.826156 0.369635 -1.198876
v 0.763621 0.361701 -1.223294
v 0.826156 0.307032 -1.188961
v 0.763621 0.307032 -1.214635
v 0.826156 0.244430 -1.198876
v 0.763621 0.252364 -1.223294
v 0.826156 0.187955 -1.227651
v 0.763621 0.203046 -1.248422
v 0.826156 0.143137 -1.272470
v 0.763621 0.163908 -1.287561
v 0.826156 0.114362 -1.328944
v 0.763621 0.138780 -1.336878
v 0.826155 0.104447 -1.391547
v 0.763621 0.130121 -1.391547
v 0.826155 0.104447 -1.391547
v 0.826155 0.114362 -1.454149
v 0.763621 0.138780 -1.446216
v 0.763621 0.130121 -1.391547
v 0.826155 0.143137 -1.510624
v 0.763621 0.163908 -1.495533
v 0.826155 0.187956 -1.555443
v 0.763621 0.203047 -1.534671
v 0.826155 0.244430 -1.584218
v 0.763621 0.252364 -1.559800
v 0.607092 0.307032 -1.177201
v 0.607092 0.373269 -1.187692
v 0.601705 0.369635 -1.198876
v 0.601705 0.307032 -1.188961
v 0.607092 0.433022 -1.218137
v 0.601705 0.426110 -1.227651
v 0.607092 0.480442 -1.265557
v 0.601705 0.470928 -1.272470
v 0.607092 0.510888 -1.325310
v 0.601705 0.499703 -1.328944
v 0.607092 0.521379 -1.391547
v 0.601705 0.509619 -1.391547
v 0.607092 0.510888 -1.457783
v 0.601705 0.499703 -1.454149
v 0.607092 0.480442 -1.517536
v 0.601705 0.470928 -1.510624
v 0.607092 0.433022 -1.564957
v 0.601705 0.426110 -1.555442
v 0.607092 0.373269 -1.595402
v 0.601705 0.369635 -1.584218
v 0.607092 0.307032 -1.605893
v 0.601705 0.307032 -1.594133
v 0.607092 0.240796 -1.595402
v 0.601705 0.244430 -1.584218
v 0.607092 0.181043 -1.564956
v 0.601705 0.187955 -1.555442
v 0.607092 0.133623 -1.517536
v 0.601705 0.143137 -1.510624
v 0.607092 0.103177 -1.457783
v 0.601705 0.114362 -1.454149
v 0.607092 0.092686 -1.391547
v 0.601705 0.104447 -1.391547
v 0.607092 0.092686 -1.391547
v 0.607092 0.103177 -1.325310
v 0.601705 0.114362 -1.328944
v 0.601705 0.104447 -1.391547
v 0.607092 0.133623 -1.265557
v 0.601705 0.143137 -1.272470
v 0.607092 0.181043 -1.218137
v 0.601705 0.187956 -1.227651
v 0.607092 0.240796 -1.187691
v 0.601705 0.244430 -1.198876
v 0.601705 0.307032 -1.188961
v 0.601705 0.369635 -1.198876
v 0.763621 0.361701 -1.223294
v 0.763621 0.307032 -1.214635
v 0.601705 0.426110 -1.227651
v 0.763621 0.411019 -1.248422
v 0.601705 0.470928 -1.272470
v 0.763621 0.450157 -1.287561
v 0.601705 0.499703 -1.328944
v 0.763621 0.475286 -1.336878
v 0.601705 0.509619 -1.391547
v 0.763621 0.483944 -1.391547
v 0.601705 0.499703 -1.454149
v 0.763621 0.475286 -1.446215
v 0.601705 0.470928 -1.510624
v 0.763621 0.450157 -1.495533
v 0.601705 0.426110 -1.555442
v 0.763621 0.411019 -1.534671
v 0.601705 0.369635 -1.584218
v 0.763621 0.361701 -1.559800
v 0.601705 0.307032 -1.594133
v 0.763621 0.307033 -1.568459
v 0.601705 0.244430 -1.584218
v 0.763621 0.252364 -1.559800
v 0.601705 0.187955 -1.555442
v 0.763621 0.203047 -1.534671
v 0.601705 0.143137 -1.510624
v 0.763621 0.163908 -1.495533
v 0.601705 0.114362 -1.454149
v 0.763621 0.138780 -1.446216
v 0.601705 0.104447 -1.391547
v 0.763621 0.130121 -1.391547
v 0.601705 0.104447 -1.391547
v 0.601705 0.114362 -1.328944
v 0.763621 0.138780 -1.336878
v 0.763621 0.130121 -1.391547
v 0.601705 0.143137 -1.272470
v 0.763621 0.163908 -1.287561
v 0.601705 0.187956 -1.227651
v 0.763621 0.203046 -1.248422
v 0.601705 0.244430 -1.198876
v 0.763621 0.252364 -1.223294
v 0.820768 0.396743 -1.667646
v 0.827118 0.386667 -1.636638
v 0.827118 0.307033 -1.649251
v 0.820768 0.307033 -1.681855
v 0.820768 0.477671 -1.626411
v 0.827118 0.458507 -1.600034
v 0.820768 0.541897 -1.562186
v 0.827118 0.515519 -1.543021
v 0.820768 0.583132 -1.481257
v 0.827118 0.552124 -1.471182
v 0.820768 0.597341 -1.391547
v 0.827118 0.564737 -1.391547
v 0.820768 0.583132 -1.301836
v 0.827118 0.552124 -1.311912
v 0.820768 0.541897 -1.220908
v 0.827118 0.515519 -1.240072
v 0.820768 0.477671 -1.156682
v 0.827118 0.458507 -1.183060
v 0.820768 0.396742 -1.115448
v 0.827118 0.386667 -1.146456
v 0.820768 0.307032 -1.101239
v 0.827118 0.307032 -1.133843
v 0.820768 0.217322 -1.115448
v 0.827118 0.227397 -1.146456
v 0.820768 0.136394 -1.156683
v 0.827118 0.155558 -1.183060
v 0.820768 0.072168 -1.220908
v 0.827118 0.098545 -1.240072
v 0.820768 0.030933 -1.301837
v 0.827118 0.061941 -1.311912
v 0.820768 0.016725 -1.391547
v 0.827118 0.049328 -1.391547
v 0.820768 0.030933 -1.481257
v 0.827118 0.061941 -1.471182
v 0.820768 0.072169 -1.562186
v 0.827118 0.098546 -1.543022
v 0.820768 0.136394 -1.626411
v 0.827118 0.155558 -1.600034
v 0.820768 0.217323 -1.667646
v 0.827118 0.227398 -1.636638
v 0.797905 0.307033 -1.695978
v 0.797905 0.401107 -1.681078
v 0.797905 0.485973 -1.637837
v 0.797905 0.553323 -1.570487
v 0.797905 0.596564 -1.485621
v 0.797905 0.611464 -1.391547
v 0.797905 0.596564 -1.297472
v 0.797905 0.553323 -1.212606
v 0.797905 0.485973 -1.145257
v 0.797905 0.401107 -1.102015
v 0.797905 0.307032 -1.087115
v 0.797905 0.212958 -1.102015
v 0.797905 0.128092 -1.145257
v 0.797905 0.060742 -1.212606
v 0.797905 0.017501 -1.297472
v 0.797905 0.002601 -1.391547
v 0.797905 0.017501 -1.485621
v 0.797905 0.060743 -1.570487
v 0.797905 0.128093 -1.637837
v 0.797905 0.212958 -1.681078
v 0.820768 0.373269 -1.595402
v 0.820768 0.307033 -1.605893
v 0.820768 0.433022 -1.564956
v 0.820768 0.480442 -1.517536
v 0.820768 0.510888 -1.457783
v 0.820768 0.521379 -1.391547
v 0.820768 0.510888 -1.325310
v 0.820768 0.480442 -1.265557
v 0.820768 0.433022 -1.218137
v 0.820768 0.373269 -1.187691
v 0.820768 0.307032 -1.177201
v 0.820768 0.240796 -1.187691
v 0.820768 0.181043 -1.218137
v 0.820768 0.133623 -1.265557
v 0.820768 0.103177 -1.325310
v 0.820768 0.092686 -1.391547
v 0.820768 0.103177 -1.457784
v 0.820768 0.133623 -1.517537
v 0.820768 0.181043 -1.564957
v 0.820768 0.240796 -1.595402
v 0.797905 0.401107 -1.681078
v 0.797905 0.307033 -1.695978
v 0.630846 0.307033 -1.695978
v 0.630846 0.401107 -1.681078
v 0.797905 0.485973 -1.637837
v 0.630846 0.485973 -1.637837
v 0.797905 0.611464 -1.391547
v 0.797905 0.596564 -1.485621
v 0.630846 0.596564 -1.485621
v 0.630846 0.611464 -1.391547
v 0.797905 0.596564 -1.297472
v 0.797905 0.611464 -1.391547
v 0.630846 0.611464 -1.391547
v 0.630846 0.596564 -1.297472
v 0.797905 0.553323 -1.212606
v 0.630846 0.553323 -1.212606
v 0.797905 0.485973 -1.145257
v 0.630846 0.485973 -1.145257
v 0.797905 0.307032 -1.087115
v 0.797905 0.401107 -1.102015
v 0.630846 0.401107 -1.102015
v 0.630846 0.307032 -1.087115
v 0.797905 0.212958 -1.102015
v 0.630846 0.212958 -1.102015
v 0.797905 0.060742 -1.212606
v 0.630846 0.060742 -1.212607
v 0.630846 0.017501 -1.297472
v 0.797905 0.017501 -1.297472
v 0.797905 0.002601 -1.391547
v 0.630846 0.002601 -1.391547
v 0.797905 0.017501 -1.485621
v 0.797905 0.002601 -1.391547
v 0.630846 0.002601 -1.391547
v 0.630846 0.017501 -1.485621
v 0.797905 0.060743 -1.570487
v 0.630846 0.060743 -1.570487
v 0.630846 0.128093 -1.637837
v 0.797905 0.128093 -1.637837
v 0.797905 0.212958 -1.681078
v 0.630846 0.212958 -1.681078
v 0.601634 0.307033 -1.649251
v 0.601634 0.386667 -1.636638
v 0.607983 0.396743 -1.667646
v 0.607983 0.307033 -1.681855
v 0.601634 0.458507 -1.600034
v 0.607983 0.477671 -1.626411
v 0.601634 0.515519 -1.543021
v 0.607983 0.541897 -1.562186
v 0.601634 0.552124 -1.471182
v 0.607983 0.583132 -1.481257
v 0.601634 0.564737 -1.391547
v 0.607983 0.597341 -1.391547
v 0.601634 0.552124 -1.311912
v 0.607983 0.583132 -1.301836
v 0.601634 0.515519 -1.240072
v 0.607983 0.541897 -1.220908
v 0.601634 0.458507 -1.183060
v 0.607983 0.477671 -1.156682
v 0.601634 0.386667 -1.146456
v 0.607983 0.396743 -1.115448
v 0.601634 0.307032 -1.133843
v 0.607983 0.307032 -1.101239
v 0.601634 0.227397 -1.146456
v 0.607983 0.217322 -1.115448
v 0.601634 0.155558 -1.183060
v 0.607983 0.136394 -1.156683
v 0.601634 0.098545 -1.240072
v 0.607983 0.072168 -1.220908
v 0.601634 0.061941 -1.311912
v 0.607983 0.030933 -1.301837
v 0.601634 0.049328 -1.391547
v 0.607983 0.016725 -1.391547
v 0.601634 0.061941 -1.471182
v 0.607983 0.030933 -1.481257
v 0.601634 0.098546 -1.543022
v 0.607983 0.072169 -1.562186
v 0.601634 0.155558 -1.600034
v 0.607983 0.136394 -1.626411
v 0.601634 0.227398 -1.636638
v 0.607983 0.217323 -1.667646
v 0.630846 0.401107 -1.681078
v 0.630846 0.307033 -1.695978
v 0.630846 0.485973 -1.637837
v 0.630846 0.553323 -1.570487
v 0.630846 0.596564 -1.485621
v 0.630846 0.611464 -1.391547
v 0.630846 0.596564 -1.297472
v 0.630846 0.553323 -1.212606
v 0.630846 0.485973 -1.145257
v 0.630846 0.401107 -1.102015
v 0.630846 0.307032 -1.087115
v 0.630846 0.212958 -1.102015
v 0.630846 0.128092 -1.145257
v 0.630846 0.060742 -1.212607
v 0.630846 0.017501 -1.297472
v 0.630846 0.002601 -1.391547
v 0.630846 0.017501 -1.485621
v 0.630846 0.060743 -1.570487
v 0.630846 0.128093 -1.637837
v 0.630846 0.212958 -1.681078
v 0.607983 0.307033 -1.605893
v 0.607983 0.373269 -1.595402
v 0.607983 0.433022 -1.564956
v 0.607983 0.480442 -1.517536
v 0.607983 0.510888 -1.457783
v 0.607983 0.521379 -1.391547
v 0.607983 0.510888 -1.325310
v 0.607983 0.480442 -1.265557
v 0.607983 0.433022 -1.218137
v 0.607983 0.373269 -1.187691
v 0.607983 0.307032 -1.177201
v 0.607983 0.240796 -1.187691
v 0.607983 0.181043 -1.218137
v 0.607983 0.133623 -1.265557
v 0.607983 0.103177 -1.325310
v 0.607983 0.092686 -1.391547
v 0.607983 0.103177 -1.457784
v 0.607983 0.133623 -1.517536
v 0.607983 0.181043 -1.564957
v 0.607983 0.240796 -1.595402
v 0.797905 0.553323 -1.570487
v 0.630846 0.553323 -1.570487
v 0.630846 0.128092 -1.145257
v 0.797905 0.128092 -1.145257
v 0.756999 0.307033 -1.561787
v 0.756999 0.392153 -1.538979
v 0.802489 0.307033 -1.391547
v 0.756999 0.454465 -1.476667
v 0.756999 0.477273 -1.391547
v 0.756999 0.454465 -1.306427
v 0.756999 0.392153 -1.244114
v 0.756999 0.307033 -1.221307
v 0.756999 0.221913 -1.244114
v 0.756999 0.159600 -1.306427
v 0.756999 0.136792 -1.391547
v 0.756999 0.159600 -1.476667
v 0.756999 0.221912 -1.538979
v 0.810511 0.307033 1.025843
v 0.807432 0.328427 1.028182
v 0.823403 0.331871 1.099005
v 0.825038 0.307033 1.109105
v 0.828983 0.346013 1.149632
v 0.828983 0.307033 1.142223
v 0.823403 0.282195 1.099005
v 0.807432 0.285638 1.028182
v 0.828983 0.268052 1.149632
v 0.823403 0.253441 1.119292
v 0.810511 0.146966 1.102927
v 0.807432 0.162134 1.087658
v 0.823403 0.219652 1.129123
v 0.825038 0.212064 1.154840
v 0.828983 0.237956 1.175488
v 0.823403 0.188680 1.167961
v 0.807432 0.135456 1.121112
v 0.828983 0.219444 1.210584
v 0.823403 0.186614 1.203091
v 0.810511 0.107433 1.276133
v 0.825038 0.188608 1.257605
v 0.823403 0.184287 1.284068
v 0.807432 0.114474 1.296470
v 0.828983 0.236792 1.286590
v 0.823403 0.210464 1.307586
v 0.810511 0.218203 1.415033
v 0.825038 0.254329 1.340016
v 0.823403 0.272324 1.359894
v 0.807432 0.238493 1.422209
v 0.828983 0.307033 1.320416
v 0.823403 0.307033 1.354091
v 0.807432 0.104953 1.254754
v 0.823403 0.173233 1.235637
v 0.828983 0.220895 1.250236
v 0.807432 0.199942 1.403643
v 0.823403 0.227568 1.338340
v 0.828983 0.268698 1.310179
v 0.810511 0.395863 1.415033
v 0.807432 0.375572 1.422209
v 0.823403 0.341741 1.359894
v 0.825038 0.359737 1.340016
v 0.828983 0.345367 1.310179
v 0.823403 0.386497 1.338340
v 0.807432 0.414124 1.403643
v 0.828983 0.377273 1.286590
v 0.823403 0.403601 1.307586
v 0.810511 0.506632 1.276133
v 0.807432 0.499591 1.296470
v 0.823403 0.429778 1.284068
v 0.825038 0.425457 1.257605
v 0.828983 0.393170 1.250236
v 0.823403 0.440832 1.235638
v 0.807432 0.509113 1.254754
v 0.828983 0.394621 1.210584
v 0.823403 0.427452 1.203091
v 0.810511 0.467099 1.102927
v 0.807432 0.478610 1.121112
v 0.823403 0.425385 1.167961
v 0.825038 0.402002 1.154840
v 0.828983 0.376110 1.175488
v 0.823403 0.394413 1.129123
v 0.807432 0.451931 1.087658
v 0.823403 0.360624 1.119292
v 0.828983 0.346013 1.149632
v 0.805123 0.307033 1.230576
v 0.828983 0.307033 1.142223
v 0.828983 0.268052 1.149632
v 0.828983 0.237956 1.175488
v 0.828983 0.219444 1.210584
v 0.828983 0.220895 1.250236
v 0.828983 0.236792 1.286590
v 0.828983 0.268698 1.310179
v 0.828983 0.307033 1.320416
v 0.828983 0.345367 1.310179
v 0.828983 0.377273 1.286590
v 0.828983 0.393170 1.250236
v 0.828983 0.394621 1.210584
v 0.828983 0.376110 1.175488
v 0.823403 0.331871 1.099005
v 0.807432 0.328427 1.028182
v 0.776454 0.328427 1.028182
v 0.792424 0.331871 1.099005
v 0.823403 0.360624 1.119292
v 0.823403 0.331871 1.099005
v 0.792424 0.331871 1.099005
v 0.792424 0.360624 1.119292
v 0.807432 0.285638 1.028182
v 0.823403 0.282195 1.099005
v 0.792424 0.282195 1.099005
v 0.776454 0.285638 1.028182
v 0.823403 0.282195 1.099005
v 0.823403 0.253441 1.119292
v 0.792424 0.253441 1.119292
v 0.792424 0.282195 1.099005
v 0.823403 0.219652 1.129123
v 0.807432 0.162134 1.087658
v 0.776454 0.162134 1.087658
v 0.792424 0.219652 1.129123
v 0.823403 0.219652 1.129123
v 0.792424 0.219652 1.129123
v 0.807432 0.135456 1.121112
v 0.823403 0.188680 1.167961
v 0.792424 0.188680 1.167961
v 0.776454 0.135456 1.121112
v 0.823403 0.188680 1.167961
v 0.823403 0.186614 1.203091
v 0.792424 0.186614 1.203091
v 0.792424 0.188680 1.167961
v 0.807432 0.114474 1.296470
v 0.823403 0.184287 1.284068
v 0.792424 0.184287 1.284068
v 0.776454 0.114474 1.296470
v 0.823403 0.184287 1.284068
v 0.823403 0.210464 1.307586
v 0.792424 0.210464 1.307586
v 0.792424 0.184287 1.284068
v 0.807432 0.238493 1.422209
v 0.823403 0.272324 1.359894
v 0.792424 0.272324 1.359894
v 0.776454 0.238493 1.422209
v 0.823403 0.272324 1.359894
v 0.823403 0.307033 1.354091
v 0.792424 0.307033 1.354091
v 0.792424 0.272324 1.359894
v 0.823403 0.173233 1.235637
v 0.807432 0.104953 1.254754
v 0.776454 0.104953 1.254754
v 0.792424 0.173233 1.235637
v 0.823403 0.173233 1.235637
v 0.792424 0.173233 1.235637
v 0.823403 0.227568 1.338340
v 0.807432 0.199942 1.403643
v 0.776454 0.199942 1.403643
v 0.792424 0.227568 1.338340
v 0.823403 0.227568 1.338340
v 0.792424 0.227568 1.338340
v 0.823403 0.341741 1.359894
v 0.807432 0.375572 1.422209
v 0.776454 0.375572 1.422209
v 0.792424 0.341741 1.359894
v 0.823403 0.341741 1.359894
v 0.792424 0.341741 1.359894
v 0.807432 0.414124 1.403643
v 0.823403 0.386497 1.338340
v 0.792424 0.386497 1.338340
v 0.776454 0.414124 1.403643
v 0.823403 0.386497 1.338340
v 0.823403 0.403601 1.307586
v 0.792424 0.403601 1.307586
v 0.792424 0.386497 1.338340
v 0.823403 0.429778 1.284068
v 0.807432 0.499591 1.296470
v 0.776454 0.499591 1.296470
v 0.792424 0.429778 1.284068
v 0.823403 0.429778 1.284068
v 0.792424 0.429778 1.284068
v 0.807432 0.509113 1.254754
v 0.823403 0.440832 1.235638
v 0.792424 0.440832 1.235638
v 0.776454 0.509113 1.254754
v 0.823403 0.440832 1.235638
v 0.823403 0.427452 1.203091
v 0.792424 0.427452 1.203091
v 0.792424 0.440832 1.235638
v 0.823403 0.425385 1.167961
v 0.807432 0.478610 1.121112
v 0.776454 0.478610 1.121112
v 0.792424 0.425385 1.167961
v 0.823403 0.425385 1.167961
v 0.792424 0.425385 1.167961
v 0.807432 0.451931 1.087658
v 0.823403 0.394413 1.129123
v 0.792424 0.394413 1.129123
v 0.776454 0.451931 1.087658
v 0.823403 0.394413 1.129123
v 0.792424 0.394413 1.129123
v 0.820770 0.307033 1.016229
v 0.820770 0.373269 1.026720
v 0.826157 0.369635 1.037905
v 0.826157 0.307033 1.027989
v 0.820770 0.433022 1.057166
v 0.826157 0.426110 1.066680
v 0.820770 0.480442 1.104586
v 0.826157 0.470928 1.111498
v 0.820770 0.510888 1.164339
v 0.826157 0.499703 1.167973
v 0.820770 0.521379 1.230576
v 0.826157 0.509619 1.230576
v 0.820770 0.510888 1.296812
v 0.826157 0.499703 1.293178
v 0.820770 0.480442 1.356565
v 0.826158 0.470928 1.349653
v 0.820770 0.433022 1.403985
v 0.826158 0.426110 1.394471
v 0.820770 0.373269 1.434431
v 0.826158 0.369635 1.423246
v 0.820770 0.307033 1.444921
v 0.826158 0.307033 1.433161
v 0.820770 0.240796 1.434431
v 0.826157 0.244430 1.423246
v 0.820770 0.181043 1.403985
v 0.826157 0.187956 1.394471
v 0.820770 0.133623 1.356565
v 0.826157 0.143137 1.349652
v 0.820770 0.103177 1.296812
v 0.826157 0.114362 1.293178
v 0.820770 0.092687 1.230575
v 0.826157 0.104447 1.230575
v 0.820770 0.092687 1.230575
v 0.820770 0.103177 1.164339
v 0.826157 0.114362 1.167973
v 0.826157 0.104447 1.230575
v 0.820770 0.133623 1.104586
v 0.826157 0.143137 1.111498
v 0.820770 0.181043 1.057166
v 0.826157 0.187956 1.066680
v 0.820770 0.240796 1.026720
v 0.826157 0.244430 1.037905
v 0.826157 0.307033 1.027989
v 0.826157 0.369635 1.037905
v 0.763623 0.361701 1.062322
v 0.763623 0.307033 1.053664
v 0.826157 0.426110 1.066680
v 0.763623 0.411019 1.087451
v 0.826157 0.470928 1.111498
v 0.763623 0.450157 1.126589
v 0.826157 0.499703 1.167973
v 0.763623 0.475286 1.175907
v 0.826157 0.509619 1.230576
v 0.763623 0.483944 1.230576
v 0.826157 0.499703 1.293178
v 0.763623 0.475286 1.285244
v 0.826158 0.470928 1.349653
v 0.763623 0.450157 1.334562
v 0.826158 0.426110 1.394471
v 0.763623 0.411019 1.373700
v 0.826158 0.369635 1.423246
v 0.763623 0.361701 1.398829
v 0.826158 0.307033 1.433161
v 0.763623 0.307033 1.407487
v 0.826157 0.244430 1.423246
v 0.763623 0.252364 1.398829
v 0.826157 0.187956 1.394471
v 0.763623 0.203047 1.373700
v 0.826157 0.143137 1.349652
v 0.763623 0.163908 1.334561
v 0.826157 0.114362 1.293178
v 0.763623 0.138780 1.285244
v 0.826157 0.104447 1.230575
v 0.763623 0.130121 1.230575
v 0.826157 0.104447 1.230575
v 0.826157 0.114362 1.167973
v 0.763623 0.138780 1.175906
v 0.763623 0.130121 1.230575
v 0.826157 0.143137 1.111498
v 0.763623 0.163908 1.126589
v 0.826157 0.187956 1.066680
v 0.763623 0.203047 1.087451
v 0.826157 0.244430 1.037905
v 0.763623 0.252364 1.062322
v 0.607094 0.307033 1.444921
v 0.607094 0.373269 1.434431
v 0.601707 0.369635 1.423246
v 0.601707 0.307033 1.433161
v 0.607094 0.433022 1.403985
v 0.601707 0.426110 1.394471
v 0.607094 0.480442 1.356565
v 0.601707 0.470928 1.349652
v 0.607094 0.510888 1.296812
v 0.601707 0.499703 1.293178
v 0.607094 0.521379 1.230575
v 0.601707 0.509619 1.230575
v 0.607094 0.510888 1.164339
v 0.601707 0.499703 1.167973
v 0.607094 0.480442 1.104586
v 0.601707 0.470928 1.111498
v 0.607094 0.433022 1.057166
v 0.601707 0.426110 1.066680
v 0.607094 0.373269 1.026720
v 0.601707 0.369635 1.037905
v 0.607094 0.307033 1.016229
v 0.601707 0.307033 1.027989
v 0.607094 0.240796 1.026720
v 0.601707 0.244430 1.037905
v 0.607094 0.181043 1.057166
v 0.601707 0.187956 1.066680
v 0.607094 0.133623 1.104586
v 0.601707 0.143137 1.111498
v 0.607094 0.103177 1.164339
v 0.601707 0.114362 1.167973
v 0.607094 0.092687 1.230576
v 0.601707 0.104447 1.230576
v 0.607094 0.092687 1.230576
v 0.607094 0.103177 1.296812
v 0.601707 0.114362 1.293178
v 0.601707 0.104447 1.230576
v 0.607094 0.133623 1.356565
v 0.601707 0.143137 1.349653
v 0.607094 0.181043 1.403985
v 0.601707 0.187956 1.394471
v 0.607094 0.240796 1.434431
v 0.601707 0.244430 1.423246
v 0.601707 0.307033 1.433161
v 0.601707 0.369635 1.423246
v 0.763623 0.361701 1.398829
v 0.763623 0.307033 1.407487
v 0.601707 0.426110 1.394471
v 0.763623 0.411019 1.373700
v 0.601707 0.470928 1.349652
v 0.763623 0.450157 1.334562
v 0.601707 0.499703 1.293178
v 0.763623 0.475286 1.285244
v 0.601707 0.509619 1.230575
v 0.763623 0.483944 1.230576
v 0.601707 0.499703 1.167973
v 0.763623 0.475286 1.175907
v 0.601707 0.470928 1.111498
v 0.763623 0.450157 1.126589
v 0.601707 0.426110 1.066680
v 0.763623 0.411019 1.087451
v 0.601707 0.369635 1.037905
v 0.763623 0.361701 1.062322
v 0.601707 0.307033 1.027989
v 0.763623 0.307033 1.053664
v 0.601707 0.244430 1.037905
v 0.763623 0.252364 1.062322
v 0.601707 0.187956 1.066680
v 0.763623 0.203047 1.087451
v 0.601707 0.143137 1.111498
v 0.763623 0.163908 1.126589
v 0.601707 0.114362 1.167973
v 0.763623 0.138780 1.175906
v 0.601707 0.104447 1.230576
v 0.763623 0.130121 1.230575
v 0.601707 0.104447 1.230576
v 0.601707 0.114362 1.293178
v 0.763623 0.138780 1.285244
v 0.763623 0.130121 1.230575
v 0.601707 0.143137 1.349653
v 0.763623 0.163908 1.334561
v 0.601707 0.187956 1.394471
v 0.763623 0.203047 1.373700
v 0.601707 0.244430 1.423246
v 0.763623 0.252364 1.398829
v 0.820770 0.396743 0.954476
v 0.827119 0.386668 0.985484
v 0.827119 0.307033 0.972871
v 0.820770 0.307033 0.940268
v 0.820770 0.477671 0.995711
v 0.827119 0.458507 1.022089
v 0.820770 0.541897 1.059937
v 0.827120 0.515520 1.079101
v 0.820770 0.583132 1.140865
v 0.827120 0.552124 1.150941
v 0.820770 0.597341 1.230576
v 0.827120 0.564737 1.230576
v 0.820770 0.583132 1.320286
v 0.827120 0.552124 1.310210
v 0.820770 0.541897 1.401214
v 0.827120 0.515520 1.382050
v 0.820770 0.477671 1.465440
v 0.827120 0.458507 1.439062
v 0.820770 0.396743 1.506675
v 0.827120 0.386667 1.475667
v 0.820770 0.307032 1.520883
v 0.827120 0.307033 1.488280
v 0.820770 0.217322 1.506675
v 0.827120 0.227398 1.475667
v 0.820770 0.136394 1.465440
v 0.827120 0.155558 1.439062
v 0.820770 0.072168 1.401214
v 0.827120 0.098546 1.382050
v 0.820770 0.030933 1.320285
v 0.827120 0.061941 1.310210
v 0.820770 0.016725 1.230575
v 0.827119 0.049329 1.230575
v 0.820770 0.030933 1.140865
v 0.827119 0.061942 1.150940
v 0.820770 0.072169 1.059937
v 0.827119 0.098546 1.079101
v 0.820770 0.136394 0.995711
v 0.827119 0.155558 1.022088
v 0.820770 0.217323 0.954476
v 0.827119 0.227398 0.985484
v 0.797907 0.307033 0.926144
v 0.797907 0.401107 0.941044
v 0.797907 0.485973 0.984285
v 0.797907 0.553323 1.051635
v 0.797907 0.596564 1.136501
v 0.797907 0.611464 1.230576
v 0.797907 0.596564 1.324650
v 0.797907 0.553323 1.409516
v 0.797907 0.485973 1.476866
v 0.797907 0.401107 1.520107
v 0.797907 0.307032 1.535007
v 0.797907 0.212958 1.520107
v 0.797907 0.128092 1.476866
v 0.797907 0.060742 1.409516
v 0.797907 0.017501 1.324650
v 0.797907 0.002601 1.230575
v 0.797907 0.017501 1.136501
v 0.797907 0.060743 1.051635
v 0.797907 0.128093 0.984285
v 0.797907 0.212959 0.941044
v 0.820770 0.373269 1.026720
v 0.820770 0.307033 1.016229
v 0.820770 0.433022 1.057166
v 0.820770 0.480442 1.104586
v 0.820770 0.510888 1.164339
v 0.820770 0.521379 1.230576
v 0.820770 0.510888 1.296812
v 0.820770 0.480442 1.356565
v 0.820770 0.433022 1.403985
v 0.820770 0.373269 1.434431
v 0.820770 0.307033 1.444921
v 0.820770 0.240796 1.434431
v 0.820770 0.181043 1.403985
v 0.820770 0.133623 1.356565
v 0.820770 0.103177 1.296812
v 0.820770 0.092687 1.230575
v 0.820770 0.103177 1.164339
v 0.820770 0.133623 1.104586
v 0.820770 0.181043 1.057166
v 0.820770 0.240796 1.026720
v 0.797907 0.401107 0.941044
v 0.797907 0.307033 0.926144
v 0.630848 0.307033 0.926144
v 0.630848 0.401107 0.941044
v 0.797907 0.485973 0.984285
v 0.630848 0.485973 0.984285
v 0.797907 0.611464 1.230576
v 0.797907 0.596564 1.136501
v 0.630848 0.596564 1.136501
v 0.630848 0.611464 1.230576
v 0.797907 0.596564 1.324650
v 0.797907 0.611464 1.230576
v 0.630848 0.611464 1.230576
v 0.630848 0.596564 1.324650
v 0.797907 0.553323 1.409516
v 0.630848 0.553323 1.409516
v 0.797907 0.485973 1.476866
v 0.630848 0.485973 1.476866
v 0.797907 0.307032 1.535007
v 0.797907 0.401107 1.520107
v 0.630848 0.401107 1.520107
v 0.630848 0.307032 1.535007
v 0.797907 0.212958 1.520107
v 0.630848 0.212958 1.520107
v 0.797907 0.060742 1.409516
v 0.630848 0.060742 1.409516
v 0.630848 0.017501 1.324650
v 0.797907 0.017501 1.324650
v 0.797907 0.002601 1.230575
v 0.630848 0.002601 1.230575
v 0.797907 0.017501 1.136501
v 0.797907 0.002601 1.230575
v 0.630848 0.002601 1.230575
v 0.630848 0.017501 1.136501
v 0.797907 0.060743 1.051635
v 0.630848 0.060743 1.051635
v 0.630848 0.128093 0.984285
v 0.797907 0.128093 0.984285
v 0.797907 0.212959 0.941044
v 0.630848 0.212959 0.941044
v 0.601636 0.307033 0.972871
v 0.601636 0.386668 0.985484
v 0.607985 0.396743 0.954476
v 0.607985 0.307033 0.940268
v 0.601636 0.458507 1.022089
v 0.607985 0.477671 0.995711
v 0.601636 0.515520 1.079101
v 0.607985 0.541897 1.059937
v 0.601636 0.552124 1.150941
v 0.607985 0.583132 1.140865
v 0.601636 0.564737 1.230576
v 0.607985 0.597341 1.230576
v 0.601636 0.552124 1.310210
v 0.607985 0.583132 1.320286
v 0.601636 0.515520 1.382050
v 0.607985 0.541897 1.401214
v 0.601636 0.458507 1.439063
v 0.607985 0.477671 1.465440
v 0.601636 0.386667 1.475667
v 0.607985 0.396743 1.506675
v 0.601636 0.307033 1.488280
v 0.607985 0.307033 1.520883
v 0.601636 0.227398 1.475667
v 0.607985 0.217322 1.506675
v 0.601636 0.155558 1.439062
v 0.607985 0.136394 1.465440
v 0.601636 0.098546 1.382050
v 0.607985 0.072168 1.401214
v 0.601636 0.061941 1.310210
v 0.607985 0.030933 1.320285
v 0.601636 0.049329 1.230575
v 0.607985 0.016725 1.230575
v 0.601636 0.061942 1.150940
v 0.607985 0.030933 1.140865
v 0.601636 0.098546 1.079101
v 0.607985 0.072169 1.059937
v 0.601635 0.155558 1.022088
v 0.607985 0.136394 0.995711
v 0.601635 0.227398 0.985484
v 0.607985 0.217323 0.954476
v 0.630848 0.401107 0.941044
v 0.630848 0.307033 0.926144
v 0.630848 0.485973 0.984285
v 0.630848 0.553323 1.051635
v 0.630848 0.596564 1.136501
v 0.630848 0.611464 1.230576
v 0.630848 0.596564 1.324650
v 0.630848 0.553323 1.409516
v 0.630848 0.485973 1.476866
v 0.630848 0.401107 1.520107
v 0.630848 0.307032 1.535007
v 0.630848 0.212958 1.520107
v 0.630848 0.128092 1.476866
v 0.630848 0.060742 1.409516
v 0.630848 0.017501 1.324650
v 0.630848 0.002601 1.230575
v 0.630848 0.017501 1.136501
v 0.630848 0.060743 1.051635
v 0.630848 0.128093 0.984285
v 0.630848 0.212959 0.941044
v 0.607985 0.307033 1.016229
v 0.607985 0.373269 1.026720
v 0.607985 0.433022 1.057166
v 0.607985 0.480442 1.104586
v 0.607985 0.510888 1.164339
v 0.607985 0.521379 1.230576
v 0.607985 0.510888 1.296812
v 0.607985 0.480442 1.356565
v 0.607985 0.433022 1.403985
v 0.607985 0.373269 1.434431
v 0.607985 0.307033 1.444921
v 0.607985 0.240796 1.434431
v 0.607985 0.181043 1.403985
v 0.607985 0.133623 1.356565
v 0.607985 0.103177 1.296812
v 0.607985 0.092687 1.230575
v 0.607985 0.103177 1.164339
v 0.607985 0.133623 1.104586
v 0.607985 0.181043 1.057166
v 0.607985 0.240796 1.026720
v 0.797907 0.553323 1.051635
v 0.630848 0.553323 1.051635
v 0.630848 0.128092 1.476866
v 0.797907 0.128092 1.476866
v 0.757000 0.307033 1.060335
v 0.757000 0.392153 1.083143
v 0.802491 0.307033 1.230576
v 0.757000 0.454465 1.145455
v 0.757000 0.477273 1.230576
v 0.757000 0.454465 1.315696
v 0.757000 0.392153 1.378008
v 0.757000 0.307033 1.400816
v 0.757000 0.221913 1.378008
v 0.757000 0.159600 1.315696
v 0.757000 0.136793 1.230576
v 0.757000 0.159600 1.145456
v 0.757000 0.221913 1.083143
vn -0.0035 0.9896 -0.1441
vn -0.0000 0.9897 -0.1434
vn -0.0000 0.9799 -0.1994
vn -0.0075 0.9794 -0.2020
vn -0.0230 0.9776 -0.2094
vn -0.0210 0.9892 -0.1450
vn -0.0457 0.9703 -0.2377
vn -0.0355 0.9861 -0.1624
vn -0.0353 0.9850 -0.1686
vn -0.0520 0.9678 -0.2462
vn -0.0375 0.9932 -0.1105
vn -0.0373 0.9962 -0.0785
vn -0.0376 0.9960 -0.0812
vn -0.0373 0.9928 -0.1135
vn -0.0032 0.9958 -0.0915
vn -0.0216 0.9956 -0.0913
vn -0.0212 0.9983 -0.0551
vn -0.0033 0.9985 -0.0538
vn -0.0000 0.9986 -0.0533
vn -0.0000 0.9958 -0.0917
vn -0.0455 0.9990 -0.0024
vn -0.0446 0.9988 -0.0182
vn -0.0616 0.9980 -0.0154
vn -0.0633 0.9980 -0.0022
vn -0.0000 1.0000 -0.0027
vn -0.0000 0.9998 -0.0207
vn -0.0175 0.9930 0.1165
vn -0.0000 0.9935 0.1140
vn -0.0000 0.9911 0.1334
vn -0.0158 0.9905 0.1363
vn -0.0287 0.9896 0.1411
vn -0.0312 0.9925 0.1184
vn -0.0000 0.9801 0.1983
vn -0.0211 0.9791 0.2022
vn -0.0000 0.3223 0.9466
vn -0.0300 0.3125 0.9494
vn -0.0372 0.0538 0.9979
vn -0.0000 0.0690 0.9976
vn -0.9551 0.1147 0.2730
vn -0.9585 0.0962 0.2685
vn -0.9624 0.1169 0.2452
vn -0.9583 0.1479 0.2446
vn -0.9377 0.0799 0.3382
vn -0.9618 0.0268 0.2724
vn -0.9592 0.1174 0.2571
vn -0.9193 0.2029 0.3372
vn -0.9938 -0.1104 0.0128
vn -0.9994 -0.0355 0.0017
vn -0.9992 -0.0388 0.0136
vn -0.9944 -0.1044 0.0136
vn -0.9916 -0.1284 0.0137
vn -0.9912 -0.1307 0.0189
vn -0.0630 0.9980 0.0062
vn -0.0454 0.9989 0.0071
vn -0.0601 0.9976 0.0348
vn -0.0436 0.9983 0.0381
vn -0.0000 1.0000 0.0077
vn -0.0000 0.9992 0.0410
vn -0.9993 -0.0353 -0.0078
vn -0.9943 -0.1059 -0.0085
vn -0.9945 -0.1051 -0.0048
vn -0.9993 -0.0374 -0.0046
vn -0.9911 -0.1326 -0.0093
vn -0.9915 -0.1300 -0.0051
vn -0.5884 0.6493 -0.4818
vn -0.7843 0.3081 -0.5385
vn -0.7518 0.5004 -0.4294
vn -0.1590 0.8775 -0.4523
vn -0.2782 0.6992 -0.6586
vn -0.2577 0.7231 -0.6409
vn -0.8633 0.4344 -0.2570
vn -0.6140 0.7439 -0.2639
vn -0.4159 0.8655 -0.2790
vn -0.1452 0.8839 -0.4445
vn -0.2311 0.9174 -0.3239
vn -0.2610 0.8756 -0.4063
vn -0.4932 0.8104 -0.3162
vn -0.4289 0.8691 -0.2465
vn -0.5387 0.8405 -0.0569
vn -0.5141 0.8548 -0.0711
vn -0.5872 0.7965 -0.1446
vn -0.5253 0.8509 -0.0106
vn -0.5256 0.8506 -0.0138
vn -0.0440 0.9793 -0.1974
vn -0.0630 0.9831 -0.1721
vn -0.0433 0.9346 -0.3529
vn -0.0644 0.9459 -0.3181
vn -0.7162 0.6651 0.2115
vn -0.5721 0.7476 0.3374
vn -0.5856 0.7961 0.1528
vn -0.6984 0.7088 0.0989
vn -0.0321 0.8742 0.4845
vn -0.0376 0.9585 0.2825
vn -0.0545 0.9629 0.2644
vn -0.0492 0.8923 0.4488
vn -0.5512 0.8335 0.0389
vn -0.6206 0.7837 0.0273
vn -0.8477 0.5065 0.1579
vn -0.6677 0.6439 0.3737
vn -0.5088 0.6980 0.5040
vn -0.4686 0.5756 0.6701
vn -0.3678 0.6349 0.6794
vn -0.3282 0.8460 0.4203
vn -0.5478 0.7089 0.4443
vn -0.1435 0.7114 0.6880
vn -0.0904 0.7053 0.7031
vn -0.0650 0.9135 0.4017
vn -0.0835 0.9274 0.3646
vn -0.0452 0.9833 0.1762
vn -0.3235 0.9066 0.2708
vn -0.5693 0.7665 0.2973
vn -0.8463 0.2856 0.4496
vn -0.6885 0.2743 0.6714
vn -0.8857 0.3457 0.3098
vn -0.4724 0.2150 0.8548
vn -0.1887 0.2829 0.9404
vn -0.1869 0.3000 0.9354
vn -0.0245 0.9544 -0.2976
vn -0.0233 0.9568 -0.2899
vn -0.0000 0.9580 -0.2869
vn -0.0190 0.9568 -0.2901
vn -0.0246 0.9351 -0.3536
vn -0.0000 0.9371 -0.3490
vn -0.5907 0.7889 -0.1697
vn -0.3550 0.9187 -0.1733
vn -0.8937 0.4216 -0.1535
vn -0.9251 0.3758 -0.0538
vn -0.9431 0.3324 0.0130
vn -0.9536 0.2980 -0.0424
vn -0.9546 0.2814 -0.0978
vn -0.9702 0.2287 0.0807
vn -0.9689 0.2458 -0.0290
vn -0.8618 0.4997 -0.0866
vn -0.8630 0.5011 -0.0641
vn -0.5612 0.8229 -0.0889
vn -0.5864 0.8023 -0.1114
vn -0.3154 0.9443 -0.0937
vn -0.3462 0.9308 -0.1177
vn -0.0000 0.9764 -0.2158
vn -0.0000 0.9222 -0.3867
vn -0.2747 0.8670 -0.4158
vn -0.4216 0.8296 -0.3660
vn -0.7289 0.6523 -0.2080
vn -0.6655 0.7151 -0.2139
vn -0.0000 0.8537 0.5207
vn -0.0000 0.9533 0.3020
vn -0.5267 0.8501 -0.0018
vn -0.5275 0.8495 -0.0010
vn -0.8827 0.4413 0.1615
vn -0.6854 0.6301 0.3650
vn -0.4159 0.7720 0.4807
vn -0.0190 0.7120 0.7020
vn -0.1147 0.3009 0.9467
vn -0.0000 0.7149 0.6993
vn -0.0112 0.9113 0.4116
vn -0.0000 0.9124 0.4092
vn -0.5867 0.7877 0.1878
vn -0.3062 0.9370 0.1680
vn -0.2903 0.9394 0.1825
vn -0.5853 0.7874 0.1937
vn -0.9056 0.3863 0.1751
vn -0.9078 0.4018 0.1206
vn -0.9667 0.2483 0.0625
vn -0.9671 0.1955 0.1629
vn -0.5275 0.8495 0.0042
vn -0.5274 0.8496 0.0043
vn -0.1882 0.9633 -0.1915
vn -0.2489 0.9618 -0.1144
vn -0.5252 0.8400 -0.1364
vn -0.6614 0.7329 -0.1597
vn -0.9124 0.4063 -0.0494
vn -0.8761 0.4756 -0.0788
vn -0.9746 0.2218 -0.0323
vn -0.9151 0.3855 0.1178
vn -0.9102 0.4011 0.1034
vn -0.6386 0.7165 0.2809
vn -0.9598 0.2787 0.0328
vn -0.2986 0.9039 0.3063
vn -0.0161 0.9866 0.1625
vn -0.0287 0.9857 0.1660
vn -0.0267 0.8385 0.5443
vn -0.0252 0.8378 0.5453
vn -0.0471 0.8469 0.5297
vn -0.0000 0.9873 0.1587
vn -0.0000 0.8287 0.5596
vn -0.9452 -0.1016 -0.3104
vn -0.9254 0.0391 -0.3770
vn -0.9574 0.0321 -0.2871
vn -0.9716 -0.1003 -0.2141
vn -0.9929 -0.1140 0.0336
vn -0.9983 -0.0140 0.0566
vn -0.9793 -0.0183 0.2014
vn -0.9831 -0.1088 0.1472
vn -0.9932 -0.1164 -0.0002
vn -0.9994 -0.0343 -0.0095
vn -0.9051 0.2792 0.3208
vn -0.9737 0.1313 0.1863
vn -0.8821 0.4268 0.1995
vn -0.8274 0.4972 0.2611
vn -0.8434 0.3507 0.4070
vn -0.8668 0.1076 0.4869
vn -0.9199 0.0673 0.3864
vn -0.8532 0.5148 0.0836
vn -0.8357 0.5475 -0.0433
vn -0.8104 0.5850 -0.0307
vn -0.8143 0.5684 0.1179
vn -0.8420 0.5111 -0.1728
vn -0.9142 0.3768 -0.1489
vn -0.9241 0.3054 -0.2298
vn -0.8541 0.4312 -0.2907
vn -0.8174 0.4777 -0.3219
vn -0.8152 0.5502 -0.1811
vn -0.9492 -0.1155 0.2926
vn -0.9123 -0.1045 0.3959
vn -0.8403 0.3206 0.4373
vn -0.8740 0.3096 0.3744
vn -0.8519 0.4098 0.3260
vn -0.8198 0.4704 0.3265
vn -0.8708 0.3124 0.3796
vn -0.9018 0.3450 -0.2603
vn -0.8742 0.4256 -0.2337
vn -0.9542 0.2807 -0.1035
vn -0.8694 0.4863 -0.0870
vn -0.8248 0.4979 -0.2680
vn -0.8103 0.5722 -0.1262
vn -0.8085 0.5881 0.0230
vn -0.8653 0.4997 0.0390
vn -0.9471 0.3167 0.0527
vn -0.9524 0.3033 -0.0296
vn -0.9444 0.3021 0.1296
vn -0.8710 0.4624 0.1659
vn -0.8166 0.5489 0.1784
vn -0.9301 0.2612 0.2582
vn -0.8967 -0.0979 -0.4316
vn -0.8702 0.0845 -0.4855
vn -0.8520 0.3305 -0.4059
vn -0.8648 0.3229 -0.3845
vn -0.9304 0.1782 -0.3203
vn -0.8934 0.2878 -0.3450
vn -0.9369 0.1994 -0.2871
vn -0.8466 0.3261 -0.4207
vn -0.9997 0.0190 -0.0184
vn -0.9986 0.0497 -0.0195
vn -0.9996 0.0273 -0.0034
vn -0.9960 -0.0887 -0.0088
vn -0.9999 0.0036 0.0135
vn -0.9998 0.0184 -0.0105
vn -0.9947 0.0716 0.0732
vn -0.9046 0.1574 -0.3961
vn -0.9605 0.0865 -0.2646
vn -0.9506 0.0331 -0.3085
vn -0.4156 0.0823 -0.9058
vn -0.4176 0.0606 -0.9066
vn -0.4138 0.0996 -0.9049
vn -0.9950 0.0990 0.0122
vn -0.9946 0.1016 0.0203
vn -0.9852 0.1697 0.0244
vn -0.9859 0.1670 0.0103
vn -0.9946 0.1035 -0.0081
vn -0.9942 0.1071 -0.0050
vn -0.9829 0.1840 -0.0061
vn -0.9827 0.1852 -0.0096
vn -0.8919 -0.4518 -0.0200
vn -0.9722 0.2341 0.0065
vn -0.9661 0.2578 0.0163
vn -0.9752 0.2213 -0.0053
vn -0.9616 0.2058 -0.1814
vn -0.0354 0.9978 -0.0561
vn -0.0359 0.9972 -0.0661
vn -0.0219 0.9991 -0.0374
vn -0.0033 0.9994 -0.0341
vn -0.0000 0.9995 -0.0330
vn -0.8481 0.2081 0.4872
vn -0.9937 0.1107 -0.0185
vn -0.9944 0.1032 -0.0234
vn -0.8448 -0.5351 0.0054
vn -0.8263 -0.5632 0.0083
vn -0.8260 -0.5637 0.0083
vn -0.8066 -0.5909 0.0111
vn -0.8066 -0.5911 0.0111
vn -0.8110 -0.5843 0.0295
vn -0.8119 -0.5824 0.0391
vn -0.8143 -0.5760 0.0717
vn -0.7615 -0.5558 0.3335
vn -0.7715 -0.5631 0.2963
vn -0.8234 0.5573 -0.1067
vn -0.9717 0.2353 0.0230
vn -0.9703 0.2420 0.0077
vn -0.1183 0.0469 0.9919
vn -0.9523 0.1825 0.2445
vn -0.9466 0.0798 0.3125
vn -0.9519 0.0807 0.2956
vn -0.8943 0.0750 0.4412
vn -0.7084 0.0674 0.7026
vn -0.5286 0.0562 0.8470
vn -0.0412 -0.3574 0.9331
vn -0.0000 -0.3657 0.9307
vn -0.0387 -0.3580 0.9329
vn -0.0735 -0.3492 0.9342
vn -0.9843 0.1754 -0.0217
vn 0.0984 0.6224 -0.7765
vn 0.1005 0.6544 -0.7495
vn 0.3884 0.8342 -0.3914
vn 0.2319 0.7836 -0.5763
vn -0.9813 0.1651 -0.0991
vn -0.9904 0.1155 -0.0759
vn -0.9945 -0.0745 0.0729
vn -0.9991 -0.0321 0.0268
vn 0.5717 0.8045 -0.1609
vn 0.5393 0.8197 -0.1929
vn -0.9293 0.3403 -0.1436
vn -0.9288 0.3416 -0.1436
vn 0.6232 0.6707 -0.4023
vn 0.6134 0.7115 -0.3428
vn 0.5727 0.6710 -0.4709
vn 0.5853 0.6630 -0.4668
vn 0.5808 0.7882 -0.2035
vn 0.5495 0.8290 -0.1038
vn 0.5215 0.8532 -0.0089
vn 0.5258 0.8506 -0.0063
vn -0.9250 0.3798 -0.0091
vn -0.9249 0.3801 -0.0093
vn -0.9121 0.4097 -0.0170
vn -0.9125 0.4087 -0.0170
vn -0.9035 0.4282 -0.0183
vn 0.5491 0.8141 0.1891
vn 0.5582 0.7849 0.2688
vn 0.5748 0.5841 0.5731
vn 0.5739 0.6358 0.5162
vn -0.9088 0.4152 0.0414
vn -0.9088 0.4151 0.0414
vn -0.9156 0.4008 0.0332
vn -0.9156 0.4007 0.0332
vn -0.9256 0.3783 0.0150
vn -0.9256 0.3783 0.0149
vn 0.5270 0.8496 0.0203
vn 0.5259 0.8502 0.0232
vn 0.5473 0.4788 0.6864
vn 0.5470 0.4787 0.6868
vn 0.6434 0.7373 0.2057
vn 0.6446 0.7425 0.1820
vn 0.6135 0.5911 0.5237
vn 0.6006 0.5500 0.5804
vn -0.9014 0.3068 0.3056
vn -0.9031 0.3040 0.3032
vn -0.8782 0.3630 0.3115
vn -0.8744 0.3753 0.3074
vn -0.8679 0.4184 0.2677
vn -0.8698 0.4220 0.2556
vn 0.6417 0.7664 0.0289
vn 0.6406 0.7677 0.0180
vn 0.5146 0.2004 0.8337
vn 0.5123 0.1856 0.8385
vn -0.9366 0.1785 0.3015
vn -0.9365 0.1794 0.3014
vn -0.8980 0.4232 -0.1203
vn -0.8980 0.4232 -0.1205
vn 0.6285 0.7727 -0.0890
vn 0.6276 0.7732 -0.0911
vn 0.6400 0.7662 -0.0579
vn 0.6402 0.7661 -0.0573
vn 0.6494 0.7591 -0.0444
vn 0.6481 0.7602 -0.0451
vn -0.8963 0.4398 -0.0567
vn -0.8964 0.4396 -0.0572
vn -0.8980 0.4318 -0.0845
vn -0.8980 0.4319 -0.0838
vn 0.5267 0.6983 -0.4848
vn 0.5308 0.8475 -0.0013
vn 0.5304 0.8477 -0.0009
vn -0.9297 0.3684 -0.0012
vn -0.9297 0.3683 -0.0011
vn 0.5523 0.5591 0.6184
vn 0.5569 0.5768 0.5976
vn -0.8869 0.4217 0.1886
vn -0.8857 0.4225 0.1925
vn -0.9004 0.4155 0.1293
vn -0.9007 0.4157 0.1263
vn 0.6456 0.7617 0.0543
vn 0.6461 0.7598 0.0726
vn 0.6401 0.7682 -0.0062
vn 0.6389 0.7692 -0.0121
vn -0.9296 0.3686 0.0026
vn 0.5308 0.8475 0.0040
vn 0.5308 0.8475 0.0041
vn 0.5107 0.8565 0.0748
vn 0.6607 0.7480 -0.0628
vn 0.6625 0.7456 -0.0717
vn 0.5549 0.8313 0.0311
vn 0.6159 0.7113 0.3387
vn 0.6275 0.7266 0.2799
vn -0.9030 0.4173 0.1021
vn -0.9112 0.4025 0.0881
vn -0.9112 0.4024 0.0881
vn -0.8943 0.4453 -0.0445
vn -0.8943 0.4454 -0.0445
vn -0.4138 0.1193 -0.9025
vn -0.4143 0.1194 -0.9023
vn -0.3756 0.3924 -0.8396
vn -0.3953 0.2969 -0.8692
vn -0.9500 0.1968 -0.2425
vn -0.9428 0.3291 0.0528
vn -0.9601 0.2772 0.0361
vn -0.9934 -0.1138 0.0100
vn -0.9908 -0.1330 0.0242
vn -0.1837 0.9782 -0.0969
vn -0.1842 0.9772 -0.1060
vn -0.2132 0.9312 -0.2956
vn -0.2101 0.9364 -0.2809
vn -0.2723 0.8786 -0.3923
vn -0.3658 0.8433 -0.3938
vn -0.9722 0.2112 0.1013
vn -0.9723 0.2321 0.0255
vn -0.9729 0.2288 0.0338
vn -0.9711 0.2107 0.1119
vn -0.9736 0.1754 0.1461
vn -0.9779 0.1435 0.1523
vn -0.9914 0.0973 -0.0880
vn -0.9889 0.0956 -0.1138
vn -0.4662 0.7455 -0.4763
vn -0.4637 0.7491 -0.4730
vn -0.9648 0.2629 -0.0016
vn -0.9649 0.2625 -0.0006
vn -0.9660 0.2583 -0.0074
vn -0.9673 0.2535 -0.0107
vn -0.9679 0.2513 0.0048
vn -0.9680 0.2508 0.0050
vn -0.9132 0.2693 -0.3058
vn -0.9273 0.2668 -0.2625
vn -0.6748 0.0785 0.7338
vn -0.6772 0.0796 0.7314
vn -0.8304 0.0827 0.5510
vn -0.7722 0.0842 0.6298
vn -0.6907 0.3036 -0.6563
vn -0.7079 0.2395 -0.6645
vn -0.8255 0.0359 -0.5633
vn -0.7981 0.0703 -0.5984
vn -0.8285 -0.0635 0.5563
vn -0.8360 -0.0669 0.5447
vn -0.7844 -0.0162 0.6200
vn -0.7846 -0.0149 0.6198
vn -0.6475 0.5111 -0.5653
vn -0.6556 0.4529 -0.6042
vn -0.6367 0.5646 -0.5252
vn -0.7954 -0.3892 0.4647
vn -0.7964 -0.3777 0.4723
vn -0.7971 -0.3680 0.4788
vn -0.7849 -0.3336 0.5221
vn -0.7896 -0.3601 0.4969
vn -0.7881 0.0114 0.6154
vn -0.7812 -0.1334 0.6099
vn -0.7814 -0.1256 0.6112
vn -0.7611 0.1362 0.6341
vn -0.6638 0.0734 0.7443
vn -0.7029 -0.3739 -0.6051
vn -0.7258 -0.3845 0.5704
vn -0.6444 -0.4703 0.6029
vn -0.6444 -0.4703 0.6030
vn -0.8981 0.0795 0.4326
vn -0.8981 0.0795 0.4325
vn -0.7497 0.1512 -0.6443
vn -0.7496 0.1513 -0.6444
vn -0.7659 0.1369 -0.6282
vn -0.7659 0.1369 -0.6283
vn -0.7716 -0.5629 -0.2965
vn -0.6403 -0.4666 -0.6102
vn -0.7577 -0.5527 -0.3470
vn -0.6107 0.1904 -0.7686
vn -0.6102 0.1919 -0.7686
vn -0.6404 0.0711 -0.7647
vn -0.7780 0.0110 -0.6281
vn -0.7718 -0.0372 -0.6348
vn -0.7717 -0.0388 -0.6349
vn -0.7565 -0.1237 -0.6421
vn -0.7566 -0.1249 -0.6418
vn -0.7484 -0.1615 -0.6432
vn -0.5613 0.4574 -0.6897
vn -0.5516 0.5219 -0.6507
vn -0.2046 0.9788 0.0016
vn -0.2088 0.9779 0.0032
vn -0.2088 0.9780 0.0032
vn -0.2051 0.9787 0.0017
vn -0.2012 0.9795 0.0002
vn -0.1829 0.9830 -0.0155
vn -0.1958 0.9806 -0.0017
vn -0.1958 0.9806 -0.0016
vn -0.1914 0.9815 -0.0065
vn -0.7037 0.3124 0.6381
vn -0.6981 0.3249 0.6380
vn -0.7549 0.1752 0.6320
vn -0.7644 -0.2516 0.5937
vn -0.7663 -0.2579 0.5884
vn -0.7518 -0.2131 0.6240
vn -0.7713 0.0134 -0.6363
vn -0.7640 0.0494 -0.6434
vn -0.6722 0.3044 -0.6749
vn -0.7754 0.2378 -0.5850
vn -0.8775 0.1485 -0.4560
vn 0.2442 0.9522 0.1836
vn -0.0441 0.9864 0.1582
vn -0.2271 0.9645 0.1348
vn -0.8569 0.5155 0.0071
vn -0.8563 0.5164 0.0071
vn -0.8599 0.5105 0.0044
vn -0.8600 0.5104 0.0042
vn -0.8610 0.5087 -0.0001
vn -0.8612 0.5083 0.0011
vn -0.8588 0.5122 -0.0034
vn -0.8600 0.5103 -0.0018
vn -0.8574 0.5147 -0.0083
vn -0.8560 0.5169 -0.0135
vn -0.8821 0.4666 -0.0650
vn -0.9068 0.4206 -0.0281
vn -0.9043 0.4238 -0.0521
vn -0.8509 0.5223 -0.0560
vn -0.9746 0.2236 0.0115
vn -0.9744 0.2237 0.0210
vn -0.9727 0.2300 0.0322
vn -0.9478 0.3186 -0.0152
vn -0.9627 0.2706 -0.0091
vn -0.9637 0.2670 -0.0081
vn -0.9383 0.3452 -0.0205
vn -0.9708 0.2382 0.0298
vn -0.8541 0.5190 -0.0339
vn -0.8574 0.5138 -0.0294
vn -0.8243 0.5640 0.0499
vn -0.8444 0.5313 0.0679
vn -0.8141 0.5794 0.0389
vn -0.8727 0.4819 0.0783
vn -0.9206 0.3843 0.0699
vn -0.8649 0.5018 -0.0131
vn -0.8616 0.5075 -0.0147
vn -0.8064 -0.5914 -0.0014
vn -1.0000 0.0064 -0.0047
vn -0.9993 -0.0378 -0.0015
vn -1.0000 0.0036 -0.0016
vn -0.9946 -0.1036 -0.0011
vn -0.9919 -0.1274 -0.0009
vn -0.9724 0.2332 -0.0018
vn -0.8071 -0.5905 -0.0039
vn -0.8072 -0.5902 -0.0039
vn -0.9999 0.0092 -0.0078
vn -0.9706 0.2408 0.0028
vn -0.9706 0.2409 0.0032
vn -0.9725 0.2328 -0.0015
vn -0.9720 0.2351 -0.0000
vn -0.8609 0.5088 -0.0008
vn -0.8608 0.5089 -0.0008
vn -0.8536 0.5209 0.0071
vn -0.9761 0.2169 0.0146
vn -0.9736 0.2269 0.0260
vn -0.9739 0.2251 0.0276
vn -0.9747 0.2211 0.0344
vn -0.8166 0.5768 0.0222
vn -0.1894 0.9819 0.0002
vn -0.1894 0.9819 -0.0013
vn -0.8616 -0.5076 0.0044
vn -0.8617 -0.5074 0.0026
vn -0.8617 -0.5074 0.0025
vn -0.8620 -0.5069 0.0007
vn -0.1893 0.9819 -0.0027
vn -0.8681 -0.4964 -0.0056
vn -0.8685 -0.4957 -0.0001
vn -0.8685 -0.4958 -0.0001
vn -0.8680 -0.4966 -0.0056
vn -0.8686 -0.4855 0.0990
vn -0.8687 -0.4858 0.0968
vn -0.8455 -0.4340 0.3110
vn -0.8468 -0.4364 0.3040
vn -0.8166 -0.3972 0.4187
vn -0.8164 -0.3975 0.4189
vn -0.8302 -0.3810 0.4069
vn -0.1721 0.9851 -0.0078
vn -0.1723 0.9850 -0.0078
vn -0.1721 0.9850 -0.0098
vn -0.1917 0.9814 -0.0064
vn -0.2046 0.9680 -0.1451
vn -0.2663 0.8845 -0.3831
vn -0.2647 0.8886 -0.3746
vn -0.4654 0.4736 -0.7478
vn -0.4598 0.4867 -0.7428
vn -0.6666 -0.0537 -0.7435
vn -0.6637 -0.0469 -0.7465
vn -0.7351 -0.2452 -0.6321
vn -0.7352 -0.2447 -0.6321
vn -0.7631 -0.2819 -0.5815
vn -0.7655 -0.2868 -0.5759
vn -0.8315 -0.4292 -0.3527
vn -0.8325 -0.4323 -0.3465
vn -0.8435 -0.5126 -0.1606
vn -0.6981 -0.0659 -0.7130
vn -0.6996 -0.0641 -0.7117
vn -0.7190 -0.0188 -0.6948
vn -0.7188 -0.0193 -0.6949
vn -0.6843 -0.0814 -0.7246
vn -0.6779 -0.2169 -0.7025
vn -0.6789 -0.2133 -0.7026
vn -0.7861 0.0870 -0.6119
vn -0.8177 0.1531 -0.5550
vn -0.8202 0.1436 -0.5538
vn -0.7835 0.0873 -0.6153
vn -0.6886 -0.1743 -0.7039
vn -0.6881 -0.1763 -0.7039
vn -0.7422 0.2190 -0.6334
vn -0.7442 0.2189 -0.6311
vn -0.7510 0.1624 0.6400
vn -0.8119 0.1368 0.5675
vn -0.8138 0.1294 0.5666
vn -0.7488 0.1607 0.6431
vn -0.7765 0.0704 0.6261
vn -0.7755 0.0704 0.6274
vn -0.6756 -0.1874 0.7131
vn -0.6747 -0.1905 0.7131
vn -0.6650 -0.2278 0.7113
vn -0.6649 -0.2282 0.7112
vn -0.7076 -0.0364 0.7057
vn -0.7076 -0.0363 0.7057
vn -0.6871 -0.0812 0.7220
vn -0.6858 -0.0826 0.7231
vn -0.6709 -0.0982 0.7350
vn -0.6818 0.2220 -0.6971
vn -0.6818 0.2220 -0.6970
vn -0.6996 0.1236 0.7038
vn -0.4877 0.5868 -0.6464
vn -0.7981 0.1387 0.5864
vn -0.7981 0.1386 0.5864
vn -0.5460 0.5242 0.6536
vn -0.5459 0.5242 0.6536
vn -0.6304 0.4546 0.6292
vn -0.7873 -0.0983 -0.6087
vn -0.7831 0.2718 -0.5593
vn -0.8344 0.4423 0.3290
vn -0.8342 0.4425 0.3292
vn -0.8343 0.4423 0.3290
vn -0.9813 0.1910 0.0235
vn -0.9741 0.2240 0.0296
vn -0.9815 0.1899 0.0233
vn -0.9850 0.1726 -0.0016
vn -0.9728 0.2315 -0.0018
vn -0.9854 0.1702 -0.0014
vn -0.9852 0.1703 0.0187
vn -0.9835 0.1802 0.0165
vn -0.9795 0.2004 0.0200
vn -0.9841 0.1766 0.0165
vn -0.9937 0.1121 -0.0015
vn -0.9937 0.1118 -0.0015
vn -0.9938 0.1115 -0.0015
vn -0.9938 0.1114 -0.0016
vn -0.9937 0.1118 -0.0016
vn -0.8043 0.1697 -0.5695
vn -0.8687 -0.2110 -0.4482
vn -0.9807 0.1941 0.0235
vn -0.8417 -0.5204 -0.1438
vn -0.8349 -0.5228 0.1722
vn -0.8469 -0.2167 0.4857
vn -0.7763 0.1647 0.6085
vn -0.7047 0.5167 0.4863
vn -0.5749 0.7982 0.1802
vn -0.5820 0.7987 -0.1529
vn -0.7261 0.5205 -0.4492
vn -0.7840 0.1840 -0.5928
vn -0.8624 -0.1845 -0.4715
vn -0.9792 0.2028 -0.0014
vn -0.8518 -0.4993 -0.1585
vn -0.8523 -0.4994 0.1557
vn -0.8638 -0.1840 0.4691
vn -0.7855 0.1847 0.5907
vn -0.7210 0.5102 0.4689
vn -0.5865 0.7925 0.1672
vn -0.5861 0.7923 -0.1693
vn -0.7198 0.5098 -0.4711
vn -0.9840 0.1747 0.0362
vn -0.9929 0.1158 0.0281
vn -0.9938 0.1114 -0.0017
vn -0.9937 0.1121 -0.0018
vn -0.9938 0.1115 -0.0016
vn -0.9937 0.1113 0.0137
vn -0.9933 0.1140 0.0165
vn -0.9858 0.1670 0.0180
vn -0.7604 0.1361 0.6350
vn -0.9740 0.2245 0.0297
vn -0.9737 0.2257 0.0302
vn -0.9726 0.2323 -0.0019
vn -0.9724 0.2334 -0.0020
vn -0.9727 0.2322 -0.0014
vn -0.9729 0.2313 -0.0019
vn -0.9853 0.1705 -0.0013
vn -0.9878 0.1521 0.0330
vn -0.9837 0.1763 0.0344
vn -0.9740 0.2246 0.0298
vn -0.9742 0.2238 0.0295
vn -0.9818 0.1880 0.0263
vn -0.9858 0.1665 0.0199
vn -0.9738 0.2254 0.0300
vn -0.1895 0.9819 0.0002
vn -0.9938 0.1111 -0.0016
vn -0.9938 0.1114 -0.0015
vn -0.9937 0.1116 -0.0018
vn -0.8065 -0.5912 -0.0014
vn -0.9727 0.2319 -0.0021
vn -0.9727 0.2322 -0.0022
vn -0.1910 0.9816 -0.0067
vn -0.1767 0.9842 -0.0108
vn -0.1782 0.9839 -0.0103
vn -0.9938 0.1113 -0.0016
vn -0.9938 0.1112 -0.0018
vn -0.9938 0.1114 -0.0018
vn -0.9938 0.1116 -0.0016
vn -0.0667 0.3291 -0.9420
vn -0.0664 0.3290 -0.9420
vn -0.1046 0.3350 -0.9364
vn -0.0000 0.3228 -0.9465
vn -0.0588 0.1879 0.9804
vn -0.0331 0.1829 0.9826
vn -0.0323 0.1828 0.9826
vn -0.0000 0.1777 0.9841
vn -0.0000 0.1776 0.9841
vn 0.0052 0.8284 -0.5601
vn 0.0054 0.8286 -0.5598
vn 0.0105 0.8356 -0.5493
vn -0.0524 0.2274 0.9724
vn -0.0288 0.2190 0.9753
vn -0.0277 0.2187 0.9754
vn -0.0000 0.8213 -0.5705
vn -0.0000 0.2102 0.9777
vn -0.0354 0.9980 -0.0532
vn -0.0354 0.9978 -0.0560
vn -0.0375 0.9954 -0.0886
vn -0.0358 0.9894 -0.1404
vn -0.0360 0.9782 -0.2044
vn -0.0390 0.9165 -0.3981
vn -0.5337 0.7525 -0.3858
vn -0.5312 0.7574 -0.3797
vn -0.6212 0.5503 -0.5579
vn -0.6063 0.5914 -0.5317
vn -0.6304 -0.0060 -0.7762
vn -0.6413 -0.0338 -0.7665
vn -0.6211 0.0164 -0.7835
vn -0.1745 0.9817 -0.0763
vn -0.2057 0.9733 -0.1021
vn -0.1989 0.9753 -0.0964
vn -0.2912 0.9448 -0.1498
vn -0.2782 0.9497 -0.1439
vn -0.3966 0.8912 -0.2200
vn -0.3878 0.8969 -0.2125
vn -0.4721 0.8350 -0.2826
vn -0.4700 0.8368 -0.2809
vn -0.6233 0.2589 -0.7379
vn -0.5905 0.0565 -0.8050
vn -0.5861 0.0592 -0.8081
vn -0.6240 0.2621 -0.7362
vn -0.8222 0.2180 -0.5258
vn -0.8832 0.1697 -0.4372
vn -0.9274 0.1976 -0.3176
vn 0.0939 0.5574 -0.8249
vn -0.9838 -0.1251 0.1280
vn -0.1722 0.9850 -0.0098
vn -0.8305 -0.3807 0.4067
vn -0.1628 0.9169 -0.3644
vn -0.2904 0.8753 -0.3868
vn -0.1873 0.9324 -0.3091
vn -0.3621 0.9173 -0.1659
vn -0.1773 0.9680 -0.1775
vn -0.2273 0.9579 -0.1751
vn -0.4155 0.8887 -0.1938
vn -0.4431 0.8620 -0.2463
vn -0.3714 0.8637 -0.3408
vn -0.0541 0.8989 -0.4348
vn -0.1618 0.9049 -0.3936
vn -0.0560 0.8982 -0.4361
vn -0.9289 0.0322 -0.3689
vn -0.9248 -0.0579 -0.3761
vn -0.9355 -0.0312 -0.3518
vn -0.9392 0.0410 -0.3410
vn -0.9436 -0.1010 -0.3154
vn -0.9516 0.0537 -0.3026
vn -0.8846 0.1324 -0.4471
vn -0.8846 0.1331 -0.4470
vn -0.9423 0.0990 -0.3197
vn -0.3198 0.2721 -0.9076
vn -0.3024 0.2738 -0.9130
vn -0.6329 0.2224 -0.7416
vn -0.6780 0.2111 -0.7041
vn -0.0000 0.2872 -0.9579
vn -0.1243 0.2850 -0.9504
vn -0.1260 0.2849 -0.9502
vn -0.8648 0.3228 -0.3845
vn -0.9659 0.0300 -0.2571
vn -0.7086 -0.6523 -0.2690
vn -0.7015 -0.6181 -0.3548
vn -0.6969 -0.6029 -0.3885
vn -0.0000 -0.5849 -0.8111
vn -0.0972 -0.5901 -0.8015
vn -0.0975 -0.5901 -0.8014
vn -0.6800 -0.5583 -0.4753
vn -0.2946 -0.6488 -0.7017
vn -0.3324 -0.6558 -0.6778
vn -0.1177 -0.6027 -0.7893
vn -0.4161 -0.6703 -0.6145
vn -0.3994 -0.6697 -0.6261
vn -0.7651 0.4865 -0.4218
vn -0.8042 0.4970 -0.3259
vn -0.8042 0.4979 -0.3246
vn -0.7668 0.4866 -0.4186
vn -0.2808 0.3829 -0.8801
vn -0.2955 0.3852 -0.8742
vn -0.4219 0.3942 -0.8165
vn -0.0000 0.3534 -0.9355
vn -0.1173 0.3589 -0.9260
vn -0.1148 0.3584 -0.9265
vn -0.0000 0.3535 -0.9354
vn -0.8040 0.5039 -0.3157
vn -0.5908 0.4667 -0.6582
vn -0.5721 0.4633 -0.6768
vn -0.9214 -0.0679 -0.3826
vn 0.2882 -0.0505 -0.9562
vn -0.0095 -0.0297 -0.9995
vn 0.0999 0.3519 -0.9307
vn -0.0235 0.4755 -0.8794
vn -0.1175 -0.9372 -0.3283
vn -0.1048 -0.9348 -0.3395
vn -0.1882 -0.9562 -0.2243
vn -0.1924 -0.9575 -0.2148
vn -0.0000 -0.9228 -0.3853
vn -0.0000 -0.9229 -0.3850
vn -0.0500 -0.9238 -0.3795
vn -0.0501 -0.9238 -0.3795
vn -0.2220 -0.9641 -0.1457
vn -0.2351 0.9320 -0.2760
vn -0.2354 0.8617 -0.4496
vn -0.2527 0.8358 -0.4875
vn -0.3635 0.8418 -0.3989
vn -0.1726 0.8249 -0.5383
vn -0.1790 0.8256 -0.5352
vn -0.0728 0.8104 -0.5813
vn -0.0000 0.8084 -0.5886
vn -0.0000 0.8085 -0.5885
vn -0.0737 0.8106 -0.5810
vn -0.3392 0.7585 -0.5564
vn -0.2891 0.7801 -0.5549
vn 0.3246 -0.3420 -0.8819
vn -0.3916 -0.0859 -0.9161
vn -0.9584 0.1049 -0.2655
vn -0.9667 0.0915 -0.2391
vn -0.9321 0.1146 -0.3435
vn -0.9406 0.1102 -0.3211
vn -0.4123 0.1197 -0.9031
vn -0.4127 0.1198 -0.9029
vn -0.3294 0.5675 -0.7546
vn -0.3293 0.5540 -0.7646
vn -0.2737 0.6757 -0.6845
vn -0.2711 0.6886 -0.6726
vn -0.1309 0.8940 -0.4286
vn -0.3776 0.3817 -0.8436
vn -0.3210 -0.6634 -0.6759
vn -0.9292 -0.2693 -0.2529
vn -0.8881 -0.3501 -0.2979
vn -0.9044 -0.3205 -0.2816
vn -0.6603 -0.5563 -0.5045
vn -0.6493 -0.5658 -0.5082
vn -0.5142 -0.6472 -0.5627
vn -0.5338 -0.6390 -0.5539
vn -0.6171 -0.7095 -0.3402
vn -0.6490 -0.7062 -0.2829
vn -0.6458 -0.7067 -0.2889
vn -0.3059 0.2206 -0.9262
vn -0.3057 0.2206 -0.9262
vn -0.2496 0.2295 -0.9408
vn -0.3758 -0.2992 -0.8771
vn -0.3854 -0.3390 -0.8582
vn -0.3501 0.0329 -0.9361
vn -0.3515 0.0480 -0.9350
vn -0.6192 -0.6941 -0.3672
vn -0.6212 -0.6946 -0.3629
vn -0.4946 -0.5974 -0.6312
vn -0.4889 -0.5898 -0.6428
vn -0.8115 -0.4410 -0.3834
vn -0.7646 -0.4754 -0.4352
vn -0.3489 -0.7026 -0.6202
vn -0.3296 -0.7242 -0.6057
vn -0.3289 -0.7243 -0.6060
vn -0.3463 -0.7055 -0.6184
vn -0.4067 -0.6780 -0.6123
vn -0.4123 -0.6772 -0.6095
vn -0.1404 0.1996 -0.9698
vn -0.1307 0.2736 -0.9529
vn -0.1342 0.2476 -0.9595
vn -0.1403 0.1996 -0.9698
vn -0.0996 0.3360 -0.9366
vn -0.0449 0.6192 -0.7839
vn -0.0407 0.3969 -0.9169
vn -0.1009 0.3350 -0.9368
vn -0.0539 0.7526 -0.6563
vn -0.0515 0.8617 -0.5049
vn -0.1187 -0.5970 -0.7934
vn 0.0169 0.5770 -0.8166
vn -0.0508 0.8753 -0.4809
vn -0.5590 -0.8292 0.0068
vn -0.5589 -0.8292 0.0068
vn -0.6265 -0.7794 0.0104
vn -0.6270 -0.7790 0.0105
vn -0.6923 -0.7215 -0.0055
vn -0.6924 -0.7215 -0.0055
vn -0.6283 -0.7780 -0.0025
vn -0.6278 -0.7784 -0.0025
vn -0.6901 -0.7236 0.0140
vn -0.5592 -0.8290 0.0005
vn -0.0195 0.8637 0.5037
vn -0.0200 0.8639 0.5033
vn -0.0799 0.8606 0.5029
vn -0.0733 0.8612 0.5030
vn -0.1715 0.8692 0.4638
vn -0.1571 0.8661 0.4746
vn -0.4098 0.8899 0.2004
vn -0.4283 0.8858 0.1785
vn -0.4441 0.8855 0.1368
vn -0.4459 0.8843 0.1384
vn -0.3032 0.8938 0.3305
vn -0.2958 0.8930 0.3390
vn -0.4193 0.8833 0.2098
vn -0.3842 0.8820 0.2729
vn -0.3566 0.8880 0.2904
vn -0.4361 0.8851 0.1627
vn -0.0000 0.8641 0.5034
vn -0.0387 0.1858 0.9818
vn -0.1487 0.1838 0.9716
vn -0.1488 0.0937 0.9844
vn -0.0387 0.0949 0.9947
vn -0.3468 0.1414 0.9272
vn -0.3654 0.0607 0.9289
vn -0.9458 0.0883 0.3125
vn -0.9633 0.1173 0.2417
vn -0.9666 0.0145 0.2558
vn -0.9446 0.0015 0.3282
vn -0.9124 0.0676 0.4037
vn -0.7628 0.0082 0.6466
vn -0.6641 0.1039 0.7404
vn -0.8709 0.3123 0.3795
vn -0.9781 0.0339 0.2053
vn -0.0000 0.0941 0.9956
vn -0.0000 0.1859 0.9826
vn -0.1387 -0.3548 0.9246
vn -0.0337 -0.4392 0.8978
vn -0.0331 -0.4394 0.8977
vn -0.1329 -0.3602 0.9234
vn -0.0000 -0.4506 0.8927
vn -0.0000 -0.4507 0.8927
vn -0.7282 -0.4535 0.5138
vn -0.7561 -0.4706 0.4549
vn -0.7460 -0.4644 0.4773
vn -0.7547 -0.5850 0.2969
vn -0.7623 -0.5521 0.3378
vn -0.1935 0.0593 0.9793
vn -0.1964 0.0586 0.9788
vn -0.9467 0.0729 0.3138
vn 0.4715 -0.0094 0.8818
vn -0.9647 0.1206 0.2340
vn -0.9582 -0.0635 0.2791
vn -0.9588 -0.1590 0.2355
vn -0.9595 -0.0928 0.2660
vn -0.1957 0.0466 0.9796
vn -0.1956 0.0518 0.9793
vn -0.4352 -0.2829 0.8547
vn -0.4356 -0.3215 0.8408
vn -0.5271 -0.6431 0.5554
vn -0.5284 -0.6456 0.5514
vn -0.3831 -0.1864 0.9047
vn -0.3883 -0.1694 0.9058
vn -0.3877 -0.1721 0.9056
vn -0.3926 -0.1549 0.9066
vn -0.4718 -0.7478 0.4672
vn -0.4772 -0.7485 0.4605
vn -0.1018 -0.7612 0.6405
vn -0.0813 -0.7614 0.6432
vn -0.0181 -0.9002 0.4350
vn -0.0187 -0.9003 0.4349
vn -0.0000 -0.9007 0.4344
vn -0.8335 -0.2781 0.4774
vn -0.0337 -0.8996 0.4354
vn -0.0337 -0.8996 0.4355
vn -0.3871 -0.2101 0.8978
vn -0.5720 -0.7582 0.3129
vn -0.5722 -0.7583 0.3124
vn -0.5168 -0.6083 0.6023
vn -0.4598 -0.6520 0.6029
vn -0.7327 -0.4222 0.5338
vn -0.7140 -0.4395 0.5450
vn -0.6650 -0.6776 0.3141
vn -0.4353 -0.7430 0.5084
vn -0.4169 -0.7450 0.5207
vn 0.2021 -0.7304 0.6524
vn -0.4269 -0.1301 0.8949
vn -0.2481 -0.7363 0.6295
vn -0.2486 -0.7363 0.6293
vn -0.8150 -0.3342 0.4735
vn -0.8149 -0.3342 0.4735
vn -0.7329 -0.6464 0.2121
vn -0.1501 0.0036 0.9887
vn -0.0388 0.0030 0.9992
vn -0.2355 -0.0000 0.9719
vn -0.9614 -0.0809 0.2629
vn -0.9346 -0.0801 0.3466
vn -0.7467 -0.0666 0.6618
vn -0.3686 -0.0222 0.9293
vn -0.9661 -0.1383 0.2182
vn -0.0000 0.0022 1.0000
vn -0.2240 -0.2002 0.9538
vn -0.2225 -0.2139 0.9512
vn -0.3920 -0.2445 0.8869
vn -0.3650 -0.2253 0.9033
vn -0.7727 -0.5937 0.2245
vn -0.7735 -0.5892 0.2336
vn -0.7950 -0.5265 0.3014
vn -0.7873 -0.5458 0.2870
vn -0.6904 -0.4345 0.5784
vn -0.6867 -0.4324 0.5844
vn -0.7688 -0.6115 0.1871
vn -0.9962 -0.0839 -0.0244
vn -0.9970 -0.0541 -0.0551
vn -0.9970 -0.0540 -0.0551
vn -0.9961 -0.0846 -0.0237
vn -0.9851 -0.1685 0.0342
vn -0.9845 -0.1714 0.0358
vn -0.9970 -0.0529 -0.0560
vn -0.9975 -0.0532 -0.0471
vn -0.9975 -0.0532 -0.0473
vn -0.9980 -0.0518 -0.0358
vn -0.9984 -0.0492 -0.0296
vn -0.9983 -0.0493 -0.0297
vn -0.9980 -0.0518 -0.0360
vn -0.9665 -0.2413 0.0878
vn -0.9673 -0.2391 0.0844
vn -0.9993 -0.0336 0.0185
vn -0.9975 -0.0580 0.0403
vn -0.9975 -0.0581 0.0406
vn -0.9995 -0.0293 0.0139
vn -0.9974 -0.0535 0.0478
vn -0.9974 -0.0553 0.0455
vn -0.9974 -0.0552 0.0456
vn -0.9974 -0.0535 0.0477
vn -0.9977 -0.0540 0.0410
vn -0.9977 -0.0541 0.0407
vn -0.9980 -0.0540 0.0338
vn -0.9980 -0.0540 0.0337
vn -0.9822 -0.1860 -0.0278
vn -0.9724 -0.2297 -0.0400
vn -0.9728 -0.2280 -0.0402
vn -0.9828 -0.1827 -0.0265
vn -0.9979 -0.0550 -0.0338
vn -0.9979 -0.0551 -0.0338
vn -0.9946 -0.1031 0.0150
vn -0.9945 -0.1041 0.0144
vn -0.9971 -0.0649 -0.0410
vn -0.9871 -0.1442 -0.0703
vn -0.9883 -0.1369 -0.0676
vn -0.9971 -0.0650 -0.0407
vn -0.9965 -0.0815 0.0208
vn -0.9995 -0.0292 0.0139
vn -0.9960 -0.0859 0.0228
vn -0.9805 -0.1861 0.0625
vn -0.9807 -0.1851 0.0623
vn -0.9578 -0.1755 0.2275
vn 0.9857 -0.1678 -0.0177
vn -0.9857 0.1678 0.0177
vn -0.1678 -0.9858 0.0016
vn -0.1678 -0.9858 0.0015
vn 0.1678 0.9858 -0.0015
vn 0.1678 0.9858 -0.0016
vn -0.9582 0.1634 0.2349
vn -0.9659 0.1641 -0.2004
vn -0.0177 0.0014 -0.9998
vn 0.0177 -0.0014 0.9998
vn 0.9962 -0.0872 -0.0000
vn -0.9962 0.0872 -0.0000
vn -0.0872 -0.9962 -0.0000
vn 0.0872 0.9962 -0.0000
vn -0.9723 0.0851 0.2177
vn -0.9723 0.0851 -0.2177
vn -0.0000 -0.0000 -1.0000
vn -0.0000 -0.0000 1.0000
vn -0.0203 -0.6982 -0.7156
vn -0.0199 -0.8576 -0.5140
vn -0.0329 -0.9211 -0.3880
vn -0.0258 -0.5847 -0.8108
vn -0.0089 -0.4614 -0.8871
vn -0.0173 -0.9677 -0.2515
vn -0.0182 -0.9997 -0.0136
vn -0.0357 -0.9895 0.1398
vn -0.0225 -0.9604 0.2778
vn -0.0249 -0.8669 0.4978
vn -0.0366 -0.7446 0.6665
vn -0.0357 -0.9895 0.1399
vn -0.0182 -0.9997 -0.0135
vn -0.0153 -0.2303 -0.9730
vn -0.0146 -0.2091 -0.9778
vn -0.0073 -0.0500 -0.9987
vn -0.0088 -0.0603 -0.9981
vn -0.0310 -0.6437 -0.7647
vn -0.0285 -0.8498 -0.5263
vn -0.0418 -0.9138 -0.4041
vn -0.0310 -0.5551 -0.8312
vn -0.0180 -0.9621 0.2720
vn -0.0176 -0.8711 0.4908
vn -0.0371 -0.7665 0.6412
vn -0.0314 -0.9911 0.1296
vn -0.0179 -0.9998 -0.0057
vn -0.0188 -0.9697 -0.2437
vn -0.0179 -0.9998 -0.0058
vn -0.0323 -0.9910 0.1296
vn -0.0167 -0.2124 0.9770
vn -0.0229 -0.0872 0.9959
vn -0.0279 -0.1064 0.9939
vn -0.0356 -0.3343 0.9418
vn -0.0275 -0.4412 0.8970
vn -0.0177 -0.6620 0.7493
vn -0.0234 -0.6689 0.7430
vn -0.0064 -0.1836 0.9830
vn -0.0126 -0.1136 0.9934
vn -0.0214 -0.3154 0.9487
vn -0.0198 -0.4085 0.9126
vn -0.0073 -0.3965 -0.9180
vn -0.0000 -0.0825 -0.9966
vn -0.0077 -0.2250 -0.9743
vn -0.0069 -0.2092 -0.9778
vn 0.9017 -0.3919 -0.1824
vn 0.0045 -0.9973 -0.0738
vn -0.0000 -0.9976 -0.0688
vn -0.0000 -0.9957 -0.0923
vn 0.0339 -0.9951 -0.0925
vn 0.0035 -0.9960 -0.0897
vn 0.0444 -0.9963 -0.0739
vn 0.0440 -0.9963 -0.0743
vn -0.0124 -0.9966 -0.0811
vn 0.0685 -0.9956 -0.0647
vn 0.0039 -0.9959 -0.0902
vn -0.0000 -0.9997 -0.0231
vn 0.0039 -0.9959 -0.0903
vn -0.0009 -1.0000 -0.0014
vn -0.0003 -1.0000 -0.0002
vn -0.0004 -1.0000 -0.0003
vn -0.0005 -1.0000 -0.0021
vn -0.0001 -1.0000 0.0010
vn -0.0004 -1.0000 0.0045
vn -0.0015 -1.0000 0.0067
vn -0.0006 -1.0000 0.0014
vn -0.0001 -1.0000 -0.0034
vn -0.0012 -1.0000 -0.0044
vn -0.0016 -1.0000 0.0096
vn -0.0013 -0.9989 0.0473
vn 0.0297 -0.9992 -0.0274
vn -0.0000 -0.9968 0.0803
vn 0.0003 -1.0000 -0.0027
vn -0.0046 -0.9998 0.0213
vn -0.0000 -0.9918 0.1275
vn 0.0019 -0.9916 0.1291
vn -0.0206 -0.9959 0.0879
vn -0.0000 -0.9960 0.0895
vn -0.0751 -0.9904 0.1160
vn -0.0084 -0.9962 0.0872
vn -0.0292 -0.9950 0.0953
vn 0.8517 -0.4918 0.1810
vn -0.0284 -0.9755 0.2181
vn -0.0025 -0.9912 0.1323
vn -0.8036 -0.5681 0.1775
vn 0.0084 -0.9946 0.1030
vn 0.0009 -0.9933 0.1152
vn -0.0000 -0.9932 0.1168
vn 0.0396 -0.9979 0.0519
vn -1.0000 -0.0000 -0.0000
vn -1.0000 0.0013 0.0004
vn -1.0000 0.0015 0.0004
vn -1.0000 0.0024 0.0007
vn -1.0000 0.0023 0.0007
vn -1.0000 0.0014 -0.0003
vn -1.0000 0.0023 -0.0005
vn -0.0003 -1.0000 0.0007
vn -0.0009 -0.9997 0.0235
vn 0.0196 -0.9987 -0.0463
vn 0.0779 -0.9926 -0.0932
vn -0.0000 -1.0000 0.0008
vn -0.0000 -0.9997 0.0252
vn -0.0000 -0.9984 -0.0567
vn -0.0402 0.1468 0.9884
vn -0.0704 0.1508 0.9861
vn -0.0672 0.1508 0.9863
vn -0.0392 0.1468 0.9884
vn -0.0000 0.1426 0.9898
vn -0.0000 0.1427 0.9898
vn -0.0407 0.1468 0.9883
vn -0.0728 0.1507 0.9859
vn -0.0571 -0.5021 0.8629
vn -0.0339 -0.4977 0.8667
vn -0.0340 -0.4977 0.8667
vn -0.0000 -0.4929 0.8701
vn -0.8025 -0.0743 0.5920
vn -0.8096 -0.0729 0.5825
vn -0.7718 -0.0803 0.6308
vn -0.0000 0.7785 0.6277
vn -0.0000 0.7786 0.6275
vn -0.0263 0.7787 0.6268
vn -0.0267 0.7785 0.6271
vn -0.8378 -0.0667 0.5419
vn -0.0483 0.7787 0.6256
vn -0.1273 -0.0418 -0.9910
vn -0.1260 -0.0420 -0.9911
vn -0.3102 -0.0406 -0.9498
vn -0.3235 -0.0407 -0.9454
vn -0.4636 -0.0416 -0.8851
vn -0.4636 -0.0417 -0.8851
vn -0.0096 -0.0297 -0.9995
vn -0.3915 -0.0859 -0.9162
vn -0.6730 0.2721 -0.6878
vn -0.6417 0.2877 -0.7109
vn -0.4396 0.3498 -0.8273
vn -0.3034 0.3275 -0.8948
vn -0.1238 0.3199 -0.9393
vn -0.1226 0.3199 -0.9395
vn -0.0000 0.3237 -0.9462
vn -0.4413 0.3374 -0.8315
vn -0.4409 0.3417 -0.8300
vn -0.0327 -0.9986 -0.0414
vn -0.7349 -0.2225 -0.6407
vn -0.7443 -0.1537 -0.6499
vn -0.7166 -0.3127 -0.6235
vn -0.0645 0.9946 -0.0818
vn -0.2350 0.9320 -0.2760
vn -0.2892 0.7801 -0.5549
vn -0.6949 -0.3909 -0.6036
vn -0.6949 -0.3908 -0.6036
vn -0.4635 -0.0296 -0.8856
vn -0.4650 -0.0299 -0.8848
vn -0.4664 -0.0352 -0.8839
vn -0.4614 -0.0365 -0.8864
vn -0.4676 -0.0306 -0.8834
vn -0.1292 -0.0418 -0.9907
vn -0.0000 -0.0452 -0.9990
vn -0.1278 -0.0420 -0.9909
vn -0.1282 -0.0418 -0.9909
vn -0.0000 -0.0453 -0.9990
vn -0.1268 -0.0420 -0.9910
vn -0.1255 -0.0416 -0.9912
vn -0.1241 -0.0418 -0.9914
vn -0.3069 -0.0402 -0.9509
vn -0.3201 -0.0404 -0.9465
vn -0.1265 -0.0417 -0.9911
vn -0.1251 -0.0418 -0.9913
vn -0.3087 -0.0404 -0.9503
vn -0.3219 -0.0405 -0.9459
vn -0.3132 -0.0411 -0.9488
vn -0.3266 -0.0413 -0.9443
vn -0.3116 -0.0408 -0.9493
vn -0.3250 -0.0409 -0.9448
vn -0.4600 -0.0411 -0.8870
vn -0.4619 -0.0412 -0.8860
vn -0.4669 -0.0426 -0.8833
vn -0.4652 -0.0420 -0.8842
vn -0.0147 -0.9852 -0.1708
vn -0.0147 -0.9852 -0.1709
vn -0.0142 -0.9852 -0.1708
vn -0.0142 -0.9852 -0.1709
vn -0.0258 -0.9850 -0.1708
vn -0.0258 -0.9850 -0.1709
vn -0.0256 -0.9850 -0.1708
vn -0.0256 -0.9850 -0.1709
vn -0.0319 0.9845 -0.1727
vn -0.0320 0.9844 -0.1730
vn -0.0320 0.9844 -0.1731
vn -0.0312 0.9845 -0.1727
vn -0.0314 0.9843 -0.1734
vn -0.0861 -0.9823 -0.1661
vn -0.0861 -0.9823 -0.1662
vn -0.0876 -0.9822 -0.1661
vn -0.0876 -0.9822 -0.1660
vn -0.0851 0.9820 -0.1687
vn -0.0857 0.9819 -0.1687
vn -0.0130 -0.9852 -0.1708
vn -0.0130 -0.9852 -0.1709
vn -0.0136 -0.9852 -0.1708
vn -0.0136 -0.9852 -0.1709
vn -0.0299 0.9844 -0.1731
vn -0.0299 0.9845 -0.1730
vn -0.0300 0.9844 -0.1734
vn -0.0299 0.9845 -0.1731
vn -0.0305 0.9845 -0.1727
vn -0.0306 0.9844 -0.1731
vn -0.0252 -0.9850 -0.1708
vn -0.0252 -0.9850 -0.1709
vn -0.0254 -0.9850 -0.1708
vn -0.0254 -0.9850 -0.1709
vn -0.0871 0.9818 -0.1687
vn -0.0864 0.9819 -0.1687
vn -0.0904 -0.9820 -0.1660
vn -0.0904 -0.9820 -0.1659
vn -0.0890 -0.9821 -0.1660
vn 0.9582 0.2861 -0.0000
vn -0.1071 0.2234 -0.9688
vn -0.0988 0.3125 -0.9448
vn -0.0000 0.3275 -0.9449
vn -0.0000 0.2384 -0.9712
vn -0.0674 0.3799 -0.9226
vn -0.0560 0.4083 -0.9111
vn -0.0760 0.4267 -0.9012
vn -0.1250 0.2868 -0.9498
vn -0.1418 0.2065 -0.9681
vn -0.1474 0.2041 -0.9678
vn -0.0988 0.3148 -0.9440
vn -0.0108 0.4475 -0.8942
vn 0.0206 0.4678 -0.8836
vn -0.0396 0.4807 -0.8760
vn -0.0732 0.5060 -0.8594
vn -0.0805 0.4541 -0.8873
vn -0.1275 0.9831 -0.1313
vn -0.0093 0.9920 -0.1257
vn -0.0094 0.9920 -0.1258
vn -0.1360 0.9819 -0.1316
vn -0.0000 0.9922 -0.1248
vn -0.0000 0.9922 -0.1247
vn -0.0000 -0.4221 -0.9065
vn -0.1074 -0.4366 -0.8932
vn -0.1071 -0.4363 -0.8934
vn -0.1312 -0.4539 -0.8813
vn -0.1312 -0.4538 -0.8814
vn -0.4466 -0.2871 -0.8474
vn -0.4680 -0.2729 -0.8405
vn -0.7391 -0.0130 -0.6734
vn -0.7408 -0.0074 -0.6717
vn -0.7717 0.1215 -0.6242
vn -0.7721 0.1232 -0.6235
vn -0.7820 0.3360 -0.5250
vn -0.7829 0.3238 -0.5312
vn -0.6927 0.6172 -0.3731
vn -0.7092 0.5863 -0.3915
vn -0.4274 0.8789 -0.2116
vn -0.4555 0.8616 -0.2238
vn -0.0680 0.7799 -0.6221
vn -0.0477 0.7869 -0.6152
vn -0.0478 0.7866 -0.6157
vn -0.0680 0.7800 -0.6221
vn -0.0000 0.7910 -0.6118
vn -0.0000 0.2359 -0.9718
vn -0.1147 0.2249 -0.9676
vn -0.1147 0.2250 -0.9676
vn -0.1430 0.2102 -0.9671
vn -0.1430 0.2101 -0.9672
vn -0.1365 0.2062 -0.9689
vn -0.1326 0.2651 -0.9551
vn -0.1327 0.2649 -0.9551
vn -0.1402 0.3431 -0.9288
vn -0.1401 0.3423 -0.9291
vn -0.1635 0.4246 -0.8905
vn -0.1616 0.4185 -0.8937
vn -0.1718 0.5810 -0.7956
vn -0.1726 0.5717 -0.8021
vn -0.1181 0.7227 -0.6810
vn -0.1154 0.7260 -0.6779
vn 0.1616 -0.9734 -0.1622
vn -0.0113 -0.9874 -0.1576
vn -0.0118 -0.9874 -0.1576
vn 0.1452 -0.9761 -0.1619
vn -0.0000 -0.9877 -0.1565
vn -0.0030 0.9994 -0.0331
vn -0.0043 0.9994 -0.0332
vn -0.0044 0.9994 -0.0334
vn -0.0030 0.9995 -0.0329
vn -0.0042 0.9994 -0.0334
vn -0.0046 0.9994 -0.0335
vn -0.0041 0.9994 -0.0333
vn -0.0040 0.9994 -0.0333
vn 0.9389 0.3292 -0.1004
vn 0.9426 0.3181 -0.1012
vn 0.9438 0.3145 -0.1016
vn 0.9389 0.3293 -0.1005
vn 0.9684 0.2239 -0.1099
vn 0.9760 0.1863 -0.1131
vn 0.9915 0.0005 -0.1303
vn 0.9893 -0.0538 -0.1354
vn 0.9487 -0.2769 -0.1523
vn 0.9242 -0.3484 -0.1563
vn 0.6999 -0.6931 -0.1722
vn 0.5827 -0.7942 -0.1724
vn 0.0002 -1.0000 -0.0000
vn -0.0000 -1.0000 -0.0000
vn 0.0001 -1.0000 -0.0000
vn -0.0400 0.8740 -0.4842
vn -0.0555 0.8078 -0.5869
vn -0.0555 0.8078 -0.5868
vn -0.0480 0.8387 -0.5424
vn -0.0631 0.7777 -0.6254
vn -0.0414 0.8740 -0.4842
vn -0.0414 0.8739 -0.4843
vn -0.0574 0.8076 -0.5869
vn -0.0496 0.8386 -0.5424
vn -0.0496 0.8386 -0.5425
vn -0.0652 0.7775 -0.6254
vn -0.0652 0.7776 -0.6254
vn -0.9265 0.3756 -0.0240
vn -0.9265 0.3754 -0.0240
vn -0.2606 -0.1667 -0.9509
vn -0.2608 -0.1666 -0.9509
vn -0.5197 -0.8543 -0.0070
vn -0.2699 -0.0714 0.9602
vn -0.2700 -0.0714 0.9602
vn 0.0816 0.8474 -0.5247
vn -0.9644 -0.2644 0.0038
vn -0.9109 0.0064 -0.4127
vn -0.9026 -0.3708 -0.2185
vn -0.4803 0.8770 0.0173
vn 0.3011 0.9358 -0.1834
vn 0.2254 0.9405 -0.2543
vn -0.4240 0.9026 -0.0742
vn 0.1443 -0.9823 0.1192
vn -0.3037 -0.8765 -0.3736
vn -0.0919 -0.8811 -0.4639
vn -0.5440 0.5569 -0.6277
vn -0.0551 0.5662 -0.8224
vn -0.1928 -0.1068 -0.9754
vn -0.5908 -0.0785 -0.8030
vn 0.6943 -0.1464 0.7046
vn 0.6406 -0.6582 0.3954
vn 0.7596 -0.5647 0.3228
vn 0.9686 0.1072 0.2244
vn 0.2116 -0.8040 -0.5558
vn 0.4162 -0.6158 -0.6690
vn 0.7596 -0.5646 0.3228
vn 0.2661 0.0636 -0.9618
vn 0.5911 0.2469 -0.7679
vn 0.5212 0.5790 -0.6269
vn 0.8094 0.5011 -0.3062
vn 0.2307 -0.0000 0.9730
vn -0.1172 -0.9927 0.0278
vn -0.2307 -0.0000 -0.9730
vn 0.1172 0.9927 -0.0278
vn -0.0664 -0.4288 -0.9010
vn -0.5707 -0.5450 -0.6142
vn -0.9093 0.4162 0.0025
vn -0.8330 0.4944 -0.2483
vn -0.5097 -0.8601 0.0180
vn -0.4586 -0.8804 -0.1203
vn -0.2806 0.9208 -0.2708
vn -0.1121 0.9231 -0.3678
vn 0.3240 -0.0072 0.9460
vn 0.3384 -0.0048 0.9410
vn 0.2993 -0.0048 0.9541
vn 0.2995 -0.0049 0.9541
vn 0.2998 -0.0048 0.9540
vn 0.2992 -0.0048 0.9542
vn 0.3087 0.0042 0.9512
vn 0.3078 0.0041 0.9514
vn 0.3079 0.0041 0.9514
vn 0.3083 0.0041 0.9513
vn 0.2308 -0.0000 0.9730
vn 0.8681 -0.3874 0.3104
vn 0.9214 0.2364 0.3085
vn 0.5474 0.7295 0.4101
vn 0.5235 0.7427 0.4176
vn -0.0760 0.8146 0.5750
vn -0.3640 0.5589 0.7450
vn -0.6416 0.3130 0.7003
vn -0.6272 -0.3474 0.6971
vn -0.6274 -0.3469 0.6972
vn -0.0887 -0.8271 0.5551
vn -0.1264 -0.8159 0.5642
vn 0.5119 -0.7661 0.3887
vn 0.4895 -0.7780 0.3938
vn 0.3759 -0.0114 0.9266
vn 0.3755 0.0489 0.9255
vn 0.3710 0.1663 0.9136
vn -0.9659 -0.1388 -0.2186
vn -0.9716 -0.1002 -0.2141
vn -0.9753 -0.1303 -0.1785
vn -0.9831 -0.1089 0.1472
vn -0.9878 -0.1429 0.0623
vn -0.9892 -0.1464 0.0076
vn -0.9932 -0.1165 -0.0002
vn -0.9124 -0.1045 0.3958
vn -0.9468 -0.1908 0.2592
vn -0.9680 -0.1605 0.1930
vn -0.9679 0.0856 -0.2364
vn -0.9685 0.0873 -0.2330
vn -0.9678 0.0652 0.2429
vn -0.9684 0.0669 0.2403
vn -0.8286 -0.0635 0.5563
vn -0.8236 -0.3137 -0.4725
vn -0.8210 -0.2740 -0.5009
vn -0.9032 -0.2667 -0.3362
vn -0.9101 -0.2579 -0.3243
vn -0.0000 -0.2937 -0.9559
vn -0.0000 -0.2936 -0.9559
vn -0.1151 -0.2900 -0.9501
vn -0.1181 -0.2898 -0.9498
vn -0.9283 -0.2325 -0.2900
vn -0.9436 -0.1011 -0.3153
vn -0.3162 -0.3069 -0.8977
vn -0.3051 -0.3009 -0.9036
vn -0.4313 -0.2876 -0.8552
vn -0.4331 -0.2540 -0.8648
vn -0.6188 -0.2134 -0.7560
vn -0.6452 -0.2123 -0.7340
vn -0.7551 -0.2524 -0.6050
vn -0.3275 -0.2477 -0.9118
vn -0.3274 -0.2477 -0.9118
vn -0.4331 -0.3051 -0.8482
vn -0.5892 -0.3406 -0.7327
vn -0.6383 -0.3520 -0.6846
vn -0.7418 -0.3411 -0.5774
vn -0.0598 -0.9939 -0.0930
vn -0.0368 -0.9956 -0.0866
vn -0.0368 -0.9956 -0.0867
vn -0.0934 -0.9904 -0.1022
vn -0.9839 0.0433 -0.1735
vn -0.0458 0.9931 -0.1076
vn -0.0734 0.9902 -0.1184
vn -0.1364 0.9803 -0.1426
vn -0.2664 0.9447 -0.1914
vn 0.8749 0.2397 -0.4208
vn -0.1740 -0.9769 -0.1239
vn -0.9725 -0.2327 0.0064
vn -0.9724 -0.2326 0.0182
vn -0.9726 -0.2323 0.0064
vn -0.9723 -0.2338 0.0010
vn -0.9725 -0.2327 -0.0038
vn -0.9723 -0.2339 0.0013
vn -0.9658 -0.2443 -0.0875
vn -0.9694 -0.2364 -0.0655
vn -0.9696 -0.2362 -0.0640
vn -0.9657 -0.2442 -0.0885
vn -0.9703 -0.2380 0.0426
vn -0.9702 -0.2346 0.0612
vn -0.9665 -0.2335 0.1069
vn -0.9612 -0.2338 0.1467
vn -0.9753 0.2199 0.0185
vn -0.9753 0.2201 0.0184
vn -0.9724 0.2333 0.0064
vn -0.9746 0.2240 -0.0040
vn -0.3910 -0.2145 0.8951
vn -0.3943 -0.2150 0.8935
vn -0.2225 -0.1908 0.9561
vn -0.9404 -0.1756 0.2913
vn -0.9171 -0.1857 0.3528
vn -0.9202 -0.1819 0.3466
vn -0.9416 -0.1764 0.2870
vn -0.7317 -0.2242 0.6437
vn -0.7475 -0.2231 0.6256
vn -0.9492 -0.1821 0.2568
vn 0.9168 -0.3993 -0.0000
vn -0.2101 -0.4760 0.8540
vn -0.2046 -0.4564 0.8659
vn -0.2057 -0.4602 0.8637
vn -0.1080 -0.4383 0.8923
vn -0.1252 -0.4231 0.8974
vn -0.0301 -0.4492 0.8929
vn -0.0312 -0.4496 0.8927
vn -0.0000 -0.4503 0.8929
vn -0.9615 -0.2535 0.1061
vn -0.9665 -0.2414 0.0878
vn -0.9724 -0.2298 -0.0400
vn -0.9702 -0.2393 -0.0391
vn -0.9728 -0.2280 -0.0401
vn -0.9870 -0.1442 -0.0703
vn -0.9724 -0.2127 -0.0956
vn -0.9726 -0.2122 -0.0955
vn -0.9561 -0.2378 0.1712
vn -0.9683 -0.2490 -0.0202
vn -0.9767 -0.2045 0.0646
vn -0.0000 0.9052 -0.4249
vn -0.0188 0.9847 -0.1734
vn -0.0188 0.9846 -0.1736
vn -0.0181 0.9847 -0.1734
vn -0.0181 0.9847 -0.1736
vn -0.0167 0.9847 -0.1734
vn -0.0166 0.9847 -0.1736
vn -0.0174 0.9847 -0.1734
vn -0.0174 0.9847 -0.1736
vn -0.0000 0.5215 -0.8532
vn -0.0000 0.4685 -0.8835
vn -0.0000 0.9995 -0.0328
vn -0.0000 0.9995 -0.0326
vn -0.0708 0.5241 -0.8487
vn -0.0708 0.5242 -0.8487
vn -0.0000 0.5255 -0.8508
vn -0.0907 0.2997 -0.9497
vn -0.0907 0.2998 -0.9497
vn -0.0000 0.3010 -0.9536
vn -0.0814 0.4022 -0.9119
vn -0.0000 0.4036 -0.9150
vn -0.0000 0.4036 -0.9149
vn -0.0994 0.2044 -0.9738
vn -0.0994 0.2043 -0.9738
vn -0.0000 0.2054 -0.9787
vn -0.0732 0.5239 -0.8486
vn -0.0000 0.5253 -0.8509
vn -0.0937 0.2994 -0.9495
vn -0.0000 0.3008 -0.9537
vn -0.0842 0.4019 -0.9118
vn -0.0000 0.4034 -0.9150
vn -0.0000 0.4033 -0.9150
vn -0.1026 0.2040 -0.9736
vn -0.0000 0.2050 -0.9788
vn -0.0000 0.2051 -0.9787
vn -0.0000 1.0000 -0.0000
vn 0.0001 1.0000 -0.0000
vn 0.0002 1.0000 -0.0000
vn 0.0035 0.9896 -0.1441
vn 0.0072 0.9794 -0.2020
vn 0.0210 0.9892 -0.1450
vn 0.0230 0.9776 -0.2094
vn 0.0457 0.9703 -0.2377
vn 0.0520 0.9678 -0.2462
vn 0.0353 0.9850 -0.1686
vn 0.0355 0.9861 -0.1624
vn 0.0376 0.9960 -0.0812
vn 0.0373 0.9962 -0.0785
vn 0.0375 0.9932 -0.1105
vn 0.0373 0.9928 -0.1135
vn 0.0032 0.9958 -0.0915
vn 0.0033 0.9985 -0.0538
vn 0.0212 0.9983 -0.0551
vn 0.0216 0.9956 -0.0913
vn 0.0455 0.9990 -0.0024
vn 0.0633 0.9980 -0.0023
vn 0.0616 0.9980 -0.0154
vn 0.0446 0.9988 -0.0182
vn 0.0175 0.9930 0.1165
vn 0.0158 0.9905 0.1363
vn 0.0287 0.9896 0.1411
vn 0.0312 0.9925 0.1184
vn 0.0211 0.9791 0.2022
vn 0.0372 0.0538 0.9979
vn 0.0300 0.3125 0.9494
vn 0.9551 0.1147 0.2730
vn 0.9583 0.1479 0.2446
vn 0.9624 0.1169 0.2452
vn 0.9585 0.0962 0.2685
vn 0.9592 0.1174 0.2571
vn 0.9618 0.0268 0.2724
vn 0.9377 0.0799 0.3382
vn 0.9193 0.2029 0.3372
vn 0.9938 -0.1104 0.0128
vn 0.9944 -0.1044 0.0136
vn 0.9992 -0.0388 0.0136
vn 0.9994 -0.0355 0.0017
vn 0.9916 -0.1284 0.0137
vn 0.9912 -0.1307 0.0189
vn 0.0630 0.9980 0.0062
vn 0.0455 0.9989 0.0072
vn 0.0436 0.9983 0.0381
vn 0.0601 0.9976 0.0348
vn 0.9993 -0.0353 -0.0078
vn 0.9993 -0.0374 -0.0046
vn 0.9944 -0.1051 -0.0048
vn 0.9943 -0.1059 -0.0085
vn 0.9915 -0.1300 -0.0051
vn 0.9911 -0.1326 -0.0093
vn 0.5884 0.6493 -0.4818
vn 0.7518 0.5004 -0.4294
vn 0.7843 0.3081 -0.5385
vn 0.1590 0.8775 -0.4523
vn 0.2577 0.7231 -0.6409
vn 0.2782 0.6992 -0.6586
vn 0.8633 0.4344 -0.2570
vn 0.6140 0.7439 -0.2639
vn 0.4159 0.8655 -0.2790
vn 0.1452 0.8839 -0.4445
vn 0.2311 0.9174 -0.3239
vn 0.4289 0.8691 -0.2465
vn 0.4933 0.8104 -0.3162
vn 0.2610 0.8756 -0.4063
vn 0.5387 0.8405 -0.0569
vn 0.5872 0.7965 -0.1446
vn 0.5141 0.8548 -0.0711
vn 0.5256 0.8506 -0.0138
vn 0.5253 0.8509 -0.0106
vn 0.0630 0.9831 -0.1721
vn 0.0440 0.9793 -0.1974
vn 0.0644 0.9459 -0.3181
vn 0.0433 0.9346 -0.3529
vn 0.7162 0.6651 0.2115
vn 0.6984 0.7088 0.0989
vn 0.5856 0.7961 0.1528
vn 0.5721 0.7476 0.3374
vn 0.0321 0.8742 0.4844
vn 0.0492 0.8923 0.4488
vn 0.0545 0.9629 0.2644
vn 0.0376 0.9585 0.2825
vn 0.6206 0.7836 0.0273
vn 0.5512 0.8335 0.0389
vn 0.6677 0.6439 0.3737
vn 0.8477 0.5065 0.1579
vn 0.5088 0.6980 0.5040
vn 0.4686 0.5756 0.6701
vn 0.5478 0.7089 0.4443
vn 0.3282 0.8460 0.4203
vn 0.3678 0.6349 0.6794
vn 0.1435 0.7114 0.6880
vn 0.0835 0.9274 0.3646
vn 0.0650 0.9135 0.4017
vn 0.0904 0.7053 0.7032
vn 0.0452 0.9833 0.1762
vn 0.5693 0.7665 0.2973
vn 0.3236 0.9066 0.2708
vn 0.8464 0.2857 0.4495
vn 0.6885 0.2743 0.6714
vn 0.8857 0.3457 0.3098
vn 0.4724 0.2150 0.8548
vn 0.1887 0.2828 0.9404
vn 0.1869 0.3000 0.9355
vn 0.0234 0.9569 -0.2896
vn 0.0245 0.9544 -0.2976
vn 0.0190 0.9568 -0.2901
vn 0.0246 0.9351 -0.3536
vn 0.3550 0.9187 -0.1733
vn 0.5907 0.7889 -0.1697
vn 0.8937 0.4216 -0.1535
vn 0.9251 0.3758 -0.0538
vn 0.9546 0.2814 -0.0978
vn 0.9536 0.2980 -0.0424
vn 0.9431 0.3324 0.0130
vn 0.9689 0.2458 -0.0290
vn 0.9702 0.2287 0.0808
vn 0.8618 0.4997 -0.0866
vn 0.5864 0.8023 -0.1114
vn 0.5612 0.8229 -0.0889
vn 0.8630 0.5011 -0.0641
vn 0.3154 0.9443 -0.0937
vn 0.3462 0.9308 -0.1177
vn 0.4216 0.8296 -0.3660
vn 0.2747 0.8670 -0.4158
vn 0.7289 0.6523 -0.2080
vn 0.6655 0.7151 -0.2139
vn 0.5267 0.8501 -0.0018
vn 0.5276 0.8495 -0.0010
vn 0.6854 0.6301 0.3651
vn 0.8827 0.4413 0.1615
vn 0.4159 0.7720 0.4807
vn 0.1147 0.3009 0.9467
vn 0.0194 0.7119 0.7020
vn 0.0112 0.9113 0.4117
vn 0.5867 0.7877 0.1878
vn 0.5853 0.7874 0.1937
vn 0.2903 0.9394 0.1825
vn 0.3062 0.9370 0.1680
vn 0.9056 0.3863 0.1751
vn 0.9078 0.4018 0.1206
vn 0.9671 0.1955 0.1629
vn 0.9667 0.2483 0.0625
vn 0.5274 0.8496 0.0043
vn 0.5275 0.8495 0.0042
vn 0.1882 0.9633 -0.1915
vn 0.6614 0.7329 -0.1597
vn 0.5252 0.8400 -0.1364
vn 0.2489 0.9618 -0.1144
vn 0.9124 0.4063 -0.0494
vn 0.9746 0.2218 -0.0323
vn 0.8761 0.4756 -0.0788
vn 0.6386 0.7165 0.2809
vn 0.9102 0.4011 0.1033
vn 0.9151 0.3855 0.1178
vn 0.9598 0.2787 0.0328
vn 0.2986 0.9039 0.3063
vn 0.0287 0.9857 0.1660
vn 0.0161 0.9866 0.1625
vn 0.0267 0.8385 0.5443
vn 0.0471 0.8469 0.5297
vn 0.0252 0.8378 0.5453
vn 0.9452 -0.1016 -0.3104
vn 0.9716 -0.1003 -0.2141
vn 0.9574 0.0321 -0.2871
vn 0.9254 0.0391 -0.3771
vn 0.9929 -0.1140 0.0336
vn 0.9831 -0.1088 0.1472
vn 0.9793 -0.0183 0.2014
vn 0.9983 -0.0140 0.0566
vn 0.9994 -0.0343 -0.0095
vn 0.9932 -0.1164 -0.0002
vn 0.9051 0.2792 0.3208
vn 0.8821 0.4268 0.1995
vn 0.9737 0.1312 0.1864
vn 0.8434 0.3507 0.4070
vn 0.8274 0.4972 0.2611
vn 0.9199 0.0673 0.3864
vn 0.8668 0.1076 0.4869
vn 0.8532 0.5148 0.0836
vn 0.8357 0.5475 -0.0433
vn 0.8143 0.5684 0.1179
vn 0.8105 0.5850 -0.0307
vn 0.8420 0.5111 -0.1728
vn 0.8541 0.4312 -0.2907
vn 0.9241 0.3054 -0.2298
vn 0.9142 0.3768 -0.1489
vn 0.8152 0.5502 -0.1811
vn 0.8174 0.4777 -0.3219
vn 0.9492 -0.1155 0.2926
vn 0.9123 -0.1045 0.3959
vn 0.8403 0.3206 0.4372
vn 0.8519 0.4098 0.3260
vn 0.8740 0.3096 0.3744
vn 0.8708 0.3123 0.3796
vn 0.8198 0.4704 0.3265
vn 0.9017 0.3451 -0.2605
vn 0.9542 0.2807 -0.1035
vn 0.8742 0.4256 -0.2337
vn 0.8695 0.4863 -0.0870
vn 0.8103 0.5722 -0.1262
vn 0.8248 0.4979 -0.2680
vn 0.8085 0.5881 0.0230
vn 0.8653 0.4998 0.0390
vn 0.9524 0.3033 -0.0296
vn 0.9471 0.3167 0.0527
vn 0.9445 0.3020 0.1296
vn 0.8710 0.4624 0.1659
vn 0.8166 0.5489 0.1784
vn 0.9301 0.2613 0.2582
vn 0.8702 0.0845 -0.4855
vn 0.8967 -0.0979 -0.4316
vn 0.8520 0.3305 -0.4059
vn 0.8648 0.3229 -0.3845
vn 0.9304 0.1782 -0.3203
vn 0.8934 0.2877 -0.3449
vn 0.9369 0.1994 -0.2871
vn 0.8466 0.3261 -0.4207
vn 0.9997 0.0190 -0.0184
vn 0.9996 0.0273 -0.0034
vn 0.9986 0.0497 -0.0195
vn 0.9960 -0.0887 -0.0088
vn 0.9999 0.0036 0.0135
vn 0.9947 0.0716 0.0732
vn 0.9998 0.0184 -0.0104
vn 0.9046 0.1574 -0.3961
vn 0.9506 0.0331 -0.3085
vn 0.9605 0.0865 -0.2646
vn 0.4155 0.0823 -0.9058
vn 0.4138 0.0996 -0.9049
vn 0.4176 0.0606 -0.9066
vn 0.9852 0.1697 0.0244
vn 0.9946 0.1016 0.0203
vn 0.9950 0.0990 0.0122
vn 0.9859 0.1670 0.0103
vn 0.9946 0.1035 -0.0081
vn 0.9827 0.1852 -0.0096
vn 0.9829 0.1840 -0.0061
vn 0.9942 0.1071 -0.0050
vn 0.8919 -0.4518 -0.0200
vn 0.9722 0.2341 0.0065
vn 0.9661 0.2578 0.0163
vn 0.9752 0.2213 -0.0053
vn 0.9616 0.2058 -0.1814
vn 0.0354 0.9978 -0.0561
vn 0.0359 0.9972 -0.0661
vn 0.0033 0.9994 -0.0341
vn 0.0222 0.9991 -0.0374
vn 0.8481 0.2082 0.4872
vn 0.9937 0.1107 -0.0185
vn 0.9944 0.1032 -0.0234
vn 0.8448 -0.5351 0.0054
vn 0.8260 -0.5637 0.0083
vn 0.8263 -0.5632 0.0083
vn 0.8066 -0.5911 0.0111
vn 0.8066 -0.5909 0.0111
vn 0.8111 -0.5841 0.0295
vn 0.8143 -0.5760 0.0717
vn 0.8120 -0.5823 0.0391
vn 0.7715 -0.5631 0.2963
vn 0.7615 -0.5558 0.3335
vn 0.8234 0.5573 -0.1067
vn 0.9717 0.2353 0.0230
vn 0.9703 0.2420 0.0077
vn 0.1183 0.0469 0.9919
vn 0.9523 0.1825 0.2446
vn 0.8943 0.0750 0.4412
vn 0.9519 0.0807 0.2956
vn 0.9466 0.0798 0.3125
vn 0.5286 0.0562 0.8470
vn 0.7082 0.0671 0.7028
vn 0.0412 -0.3574 0.9331
vn 0.0387 -0.3580 0.9329
vn 0.0735 -0.3492 0.9342
vn -0.0984 0.6224 -0.7765
vn -0.2319 0.7836 -0.5763
vn -0.3884 0.8342 -0.3914
vn -0.1004 0.6544 -0.7495
vn 0.9813 0.1651 -0.0991
vn 0.9991 -0.0321 0.0268
vn 0.9945 -0.0745 0.0729
vn 0.9904 0.1155 -0.0759
vn -0.5393 0.8197 -0.1929
vn -0.5717 0.8045 -0.1609
vn 0.9293 0.3403 -0.1436
vn 0.9288 0.3416 -0.1436
vn -0.6232 0.6706 -0.4023
vn -0.5853 0.6630 -0.4668
vn -0.5727 0.6710 -0.4709
vn -0.6134 0.7115 -0.3428
vn -0.5495 0.8290 -0.1038
vn -0.5808 0.7882 -0.2035
vn -0.5258 0.8506 -0.0063
vn -0.5215 0.8532 -0.0089
vn 0.9250 0.3798 -0.0091
vn 0.9125 0.4087 -0.0170
vn 0.9121 0.4097 -0.0170
vn 0.9249 0.3801 -0.0093
vn 0.9035 0.4282 -0.0183
vn -0.5490 0.8141 0.1891
vn -0.5739 0.6358 0.5162
vn -0.5748 0.5841 0.5731
vn -0.5582 0.7849 0.2688
vn 0.9088 0.4152 0.0414
vn 0.9156 0.4007 0.0332
vn 0.9156 0.4008 0.0332
vn 0.9256 0.3783 0.0149
vn 0.9256 0.3783 0.0150
vn -0.5270 0.8496 0.0203
vn -0.5259 0.8502 0.0232
vn -0.5473 0.4789 0.6864
vn -0.5470 0.4787 0.6868
vn -0.6434 0.7373 0.2057
vn -0.6006 0.5500 0.5804
vn -0.6134 0.5911 0.5237
vn -0.6446 0.7426 0.1820
vn 0.9014 0.3068 0.3056
vn 0.8744 0.3753 0.3074
vn 0.8781 0.3630 0.3116
vn 0.9031 0.3040 0.3032
vn 0.8699 0.4219 0.2556
vn 0.8679 0.4184 0.2677
vn -0.6416 0.7665 0.0289
vn -0.6406 0.7677 0.0180
vn -0.5123 0.1856 0.8385
vn -0.5146 0.2004 0.8337
vn 0.9366 0.1786 0.3016
vn 0.9365 0.1794 0.3014
vn 0.8980 0.4232 -0.1203
vn 0.8980 0.4232 -0.1205
vn -0.6276 0.7732 -0.0911
vn -0.6285 0.7727 -0.0890
vn -0.6400 0.7662 -0.0579
vn -0.6481 0.7602 -0.0451
vn -0.6494 0.7591 -0.0444
vn -0.6399 0.7663 -0.0573
vn 0.8963 0.4398 -0.0567
vn 0.8980 0.4319 -0.0838
vn 0.8981 0.4317 -0.0845
vn 0.8964 0.4396 -0.0572
vn -0.5267 0.6983 -0.4848
vn -0.5312 0.8473 -0.0013
vn -0.5308 0.8475 -0.0009
vn 0.9297 0.3684 -0.0011
vn 0.9297 0.3684 -0.0012
vn -0.5523 0.5591 0.6184
vn -0.5568 0.5769 0.5976
vn 0.8869 0.4216 0.1886
vn 0.9007 0.4157 0.1263
vn 0.9004 0.4155 0.1293
vn 0.8857 0.4225 0.1925
vn -0.6457 0.7617 0.0543
vn -0.6389 0.7692 -0.0121
vn -0.6401 0.7683 -0.0062
vn -0.6462 0.7597 0.0725
vn 0.9296 0.3686 0.0026
vn -0.5308 0.8475 0.0041
vn -0.5309 0.8474 0.0040
vn -0.5107 0.8565 0.0748
vn -0.5549 0.8313 0.0311
vn -0.6625 0.7456 -0.0717
vn -0.6607 0.7480 -0.0628
vn -0.6275 0.7266 0.2799
vn -0.6159 0.7113 0.3387
vn 0.9030 0.4173 0.1021
vn 0.9112 0.4025 0.0881
vn 0.8943 0.4453 -0.0445
vn 0.8943 0.4454 -0.0445
vn 0.3757 0.3923 -0.8396
vn 0.4143 0.1194 -0.9023
vn 0.4139 0.1194 -0.9025
vn 0.3953 0.2969 -0.8692
vn 0.9500 0.1968 -0.2425
vn 0.9428 0.3291 0.0528
vn 0.9601 0.2772 0.0361
vn 0.9934 -0.1138 0.0100
vn 0.9908 -0.1330 0.0242
vn 0.1837 0.9782 -0.0969
vn 0.2101 0.9365 -0.2809
vn 0.2131 0.9312 -0.2956
vn 0.1842 0.9771 -0.1060
vn 0.2723 0.8786 -0.3923
vn 0.3658 0.8433 -0.3938
vn 0.9722 0.2112 0.1013
vn 0.9711 0.2107 0.1119
vn 0.9729 0.2288 0.0338
vn 0.9723 0.2321 0.0255
vn 0.9736 0.1754 0.1461
vn 0.9889 0.0956 -0.1138
vn 0.9914 0.0973 -0.0880
vn 0.9779 0.1435 0.1523
vn 0.4662 0.7455 -0.4763
vn 0.4638 0.7491 -0.4730
vn 0.9648 0.2629 -0.0016
vn 0.9673 0.2533 -0.0107
vn 0.9660 0.2583 -0.0074
vn 0.9649 0.2625 -0.0006
vn 0.9680 0.2508 0.0050
vn 0.9679 0.2513 0.0048
vn 0.9273 0.2668 -0.2625
vn 0.9132 0.2693 -0.3059
vn 0.6748 0.0785 0.7338
vn 0.7722 0.0842 0.6298
vn 0.8304 0.0827 0.5510
vn 0.6772 0.0796 0.7314
vn 0.6907 0.3036 -0.6563
vn 0.7981 0.0703 -0.5984
vn 0.8255 0.0359 -0.5633
vn 0.7079 0.2395 -0.6645
vn 0.8285 -0.0635 0.5563
vn 0.7846 -0.0149 0.6198
vn 0.7844 -0.0162 0.6200
vn 0.8360 -0.0669 0.5447
vn 0.6475 0.5111 -0.5653
vn 0.6556 0.4529 -0.6042
vn 0.6367 0.5646 -0.5252
vn 0.7954 -0.3892 0.4647
vn 0.7971 -0.3680 0.4788
vn 0.7964 -0.3777 0.4723
vn 0.7849 -0.3336 0.5221
vn 0.7896 -0.3601 0.4969
vn 0.7881 0.0114 0.6154
vn 0.7812 -0.1334 0.6099
vn 0.7611 0.1362 0.6341
vn 0.7814 -0.1256 0.6112
vn 0.6638 0.0734 0.7443
vn 0.7029 -0.3739 -0.6051
vn 0.7258 -0.3845 0.5704
vn 0.6444 -0.4703 0.6029
vn 0.8981 0.0795 0.4326
vn 0.8981 0.0795 0.4325
vn 0.7497 0.1512 -0.6443
vn 0.7659 0.1369 -0.6282
vn 0.7495 0.1513 -0.6444
vn 0.7716 -0.5628 -0.2964
vn 0.7577 -0.5527 -0.3470
vn 0.6403 -0.4666 -0.6102
vn 0.6107 0.1904 -0.7686
vn 0.6404 0.0711 -0.7647
vn 0.6102 0.1919 -0.7686
vn 0.7780 0.0110 -0.6281
vn 0.7716 -0.0388 -0.6350
vn 0.7718 -0.0372 -0.6348
vn 0.7780 0.0110 -0.6282
vn 0.7565 -0.1237 -0.6421
vn 0.7484 -0.1615 -0.6433
vn 0.7484 -0.1615 -0.6432
vn 0.7566 -0.1249 -0.6418
vn 0.5613 0.4574 -0.6897
vn 0.5516 0.5219 -0.6507
vn 0.2049 0.9788 0.0017
vn 0.2088 0.9780 0.0032
vn 0.2088 0.9779 0.0032
vn 0.2012 0.9796 0.0002
vn 0.2012 0.9795 0.0002
vn 0.1830 0.9830 -0.0155
vn 0.1914 0.9815 -0.0065
vn 0.1958 0.9806 -0.0017
vn 0.1958 0.9806 -0.0016
vn 0.7037 0.3124 0.6381
vn 0.7549 0.1752 0.6320
vn 0.6981 0.3249 0.6380
vn 0.7644 -0.2516 0.5937
vn 0.7663 -0.2579 0.5884
vn 0.7518 -0.2131 0.6240
vn 0.7713 0.0134 -0.6363
vn 0.7640 0.0494 -0.6433
vn 0.6722 0.3044 -0.6749
vn 0.8775 0.1485 -0.4560
vn 0.7754 0.2378 -0.5850
vn 0.6722 0.3045 -0.6749
vn -0.2441 0.9522 0.1836
vn 0.0441 0.9864 0.1582
vn 0.2271 0.9645 0.1348
vn 0.8569 0.5154 0.0071
vn 0.8600 0.5104 0.0042
vn 0.8599 0.5105 0.0044
vn 0.8564 0.5163 0.0071
vn 0.8612 0.5083 0.0011
vn 0.8610 0.5086 -0.0001
vn 0.8588 0.5122 -0.0034
vn 0.8560 0.5169 -0.0135
vn 0.8574 0.5147 -0.0083
vn 0.8600 0.5103 -0.0018
vn 0.8821 0.4666 -0.0650
vn 0.8509 0.5223 -0.0560
vn 0.9043 0.4238 -0.0521
vn 0.9068 0.4206 -0.0281
vn 0.9746 0.2237 0.0115
vn 0.9744 0.2237 0.0210
vn 0.9727 0.2300 0.0322
vn 0.9478 0.3186 -0.0152
vn 0.9383 0.3452 -0.0205
vn 0.9637 0.2670 -0.0081
vn 0.9627 0.2706 -0.0091
vn 0.9708 0.2382 0.0298
vn 0.8541 0.5190 -0.0339
vn 0.8574 0.5138 -0.0294
vn 0.8444 0.5313 0.0679
vn 0.8243 0.5640 0.0499
vn 0.8141 0.5795 0.0389
vn 0.8727 0.4819 0.0783
vn 0.9206 0.3843 0.0699
vn 0.8616 0.5075 -0.0147
vn 0.8649 0.5018 -0.0131
vn 0.8064 -0.5914 -0.0014
vn 1.0000 0.0064 -0.0047
vn 1.0000 0.0036 -0.0016
vn 0.9993 -0.0378 -0.0015
vn 0.9946 -0.1036 -0.0011
vn 0.9918 -0.1275 -0.0009
vn 0.9724 0.2332 -0.0018
vn 0.8072 -0.5903 -0.0039
vn 0.8071 -0.5905 -0.0039
vn 0.9999 0.0092 -0.0078
vn 0.9706 0.2408 0.0028
vn 0.9706 0.2409 0.0032
vn 0.9720 0.2348 -0.0000
vn 0.9725 0.2328 -0.0015
vn 0.8609 0.5088 -0.0008
vn 0.8608 0.5089 -0.0008
vn 0.8536 0.5209 0.0071
vn 0.9761 0.2170 0.0146
vn 0.9738 0.2256 0.0278
vn 0.9736 0.2269 0.0259
vn 0.9747 0.2211 0.0344
vn 0.8166 0.5768 0.0222
vn 0.1894 0.9819 -0.0013
vn 0.1894 0.9819 0.0002
vn 0.8616 -0.5076 0.0044
vn 0.8617 -0.5074 0.0025
vn 0.8617 -0.5074 0.0026
vn 0.8622 -0.5065 0.0007
vn 0.8620 -0.5069 0.0007
vn 0.1893 0.9819 -0.0027
vn 0.8680 -0.4965 -0.0056
vn 0.8681 -0.4964 -0.0056
vn 0.8685 -0.4957 -0.0001
vn 0.8687 -0.4858 0.0968
vn 0.8686 -0.4855 0.0990
vn 0.8468 -0.4364 0.3040
vn 0.8455 -0.4340 0.3110
vn 0.8164 -0.3975 0.4189
vn 0.8166 -0.3972 0.4187
vn 0.8302 -0.3810 0.4069
vn 0.1721 0.9851 -0.0078
vn 0.1721 0.9850 -0.0098
vn 0.1723 0.9850 -0.0078
vn 0.1918 0.9814 -0.0064
vn 0.2046 0.9680 -0.1451
vn 0.2647 0.8886 -0.3745
vn 0.2665 0.8844 -0.3831
vn 0.4598 0.4866 -0.7428
vn 0.4653 0.4735 -0.7479
vn 0.6637 -0.0469 -0.7465
vn 0.6666 -0.0537 -0.7435
vn 0.7352 -0.2447 -0.6321
vn 0.7351 -0.2452 -0.6321
vn 0.7655 -0.2868 -0.5759
vn 0.7631 -0.2819 -0.5815
vn 0.8325 -0.4323 -0.3465
vn 0.8315 -0.4292 -0.3527
vn 0.8435 -0.5126 -0.1606
vn 0.6981 -0.0659 -0.7130
vn 0.7188 -0.0193 -0.6949
vn 0.7190 -0.0187 -0.6948
vn 0.6996 -0.0641 -0.7117
vn 0.6843 -0.0814 -0.7246
vn 0.6844 -0.0814 -0.7246
vn 0.6789 -0.2133 -0.7026
vn 0.6778 -0.2169 -0.7025
vn 0.7861 0.0870 -0.6119
vn 0.7835 0.0873 -0.6153
vn 0.8202 0.1436 -0.5538
vn 0.8177 0.1531 -0.5550
vn 0.6881 -0.1763 -0.7039
vn 0.6886 -0.1743 -0.7039
vn 0.7442 0.2189 -0.6311
vn 0.7422 0.2190 -0.6334
vn 0.7510 0.1624 0.6400
vn 0.7488 0.1607 0.6431
vn 0.8138 0.1294 0.5666
vn 0.8119 0.1368 0.5675
vn 0.7755 0.0704 0.6274
vn 0.7765 0.0704 0.6261
vn 0.6756 -0.1874 0.7131
vn 0.6649 -0.2282 0.7112
vn 0.6650 -0.2278 0.7113
vn 0.6748 -0.1905 0.7130
vn 0.7076 -0.0363 0.7057
vn 0.7076 -0.0364 0.7057
vn 0.6858 -0.0826 0.7231
vn 0.6871 -0.0812 0.7220
vn 0.6709 -0.0982 0.7350
vn 0.6817 0.2220 -0.6971
vn 0.6818 0.2220 -0.6971
vn 0.6996 0.1236 0.7038
vn 0.4877 0.5868 -0.6464
vn 0.7981 0.1387 0.5864
vn 0.7979 0.1393 0.5865
vn 0.7981 0.1386 0.5864
vn 0.5460 0.5242 0.6536
vn 0.5459 0.5242 0.6536
vn 0.6304 0.4546 0.6292
vn 0.7873 -0.0983 -0.6087
vn 0.7873 -0.0983 -0.6086
vn 0.7831 0.2718 -0.5593
vn 0.8344 0.4423 0.3290
vn 0.8343 0.4423 0.3291
vn 0.8343 0.4423 0.3290
vn 0.9813 0.1910 0.0235
vn 0.9815 0.1899 0.0233
vn 0.9741 0.2240 0.0296
vn 0.9728 0.2315 -0.0018
vn 0.9850 0.1726 -0.0016
vn 0.9854 0.1702 -0.0014
vn 0.9795 0.2004 0.0200
vn 0.9835 0.1804 0.0163
vn 0.9852 0.1704 0.0187
vn 0.9841 0.1766 0.0165
vn 0.9937 0.1120 -0.0015
vn 0.9938 0.1114 -0.0016
vn 0.9937 0.1117 -0.0016
vn 0.9937 0.1121 -0.0015
vn 0.8043 0.1697 -0.5695
vn 0.9807 0.1941 0.0235
vn 0.8687 -0.2110 -0.4482
vn 0.8417 -0.5204 -0.1438
vn 0.8349 -0.5228 0.1722
vn 0.8469 -0.2167 0.4857
vn 0.7763 0.1647 0.6085
vn 0.7047 0.5167 0.4863
vn 0.5749 0.7982 0.1802
vn 0.5820 0.7987 -0.1529
vn 0.7261 0.5205 -0.4492
vn 0.7840 0.1840 -0.5928
vn 0.9792 0.2028 -0.0014
vn 0.8624 -0.1845 -0.4715
vn 0.8518 -0.4993 -0.1585
vn 0.8523 -0.4994 0.1557
vn 0.8638 -0.1840 0.4691
vn 0.7855 0.1847 0.5907
vn 0.7210 0.5102 0.4689
vn 0.5865 0.7925 0.1672
vn 0.5861 0.7923 -0.1693
vn 0.7198 0.5098 -0.4711
vn 0.9840 0.1747 0.0363
vn 0.9929 0.1158 0.0281
vn 0.9937 0.1118 -0.0016
vn 0.9937 0.1121 -0.0018
vn 0.9933 0.1141 0.0165
vn 0.9937 0.1113 0.0137
vn 0.9858 0.1670 0.0180
vn 0.7604 0.1361 0.6350
vn 0.9737 0.2256 0.0302
vn 0.9740 0.2245 0.0297
vn 0.9724 0.2334 -0.0020
vn 0.9726 0.2323 -0.0019
vn 0.9729 0.2313 -0.0019
vn 0.9727 0.2322 -0.0014
vn 0.9854 0.1701 -0.0015
vn 0.9878 0.1521 0.0330
vn 0.9837 0.1763 0.0344
vn 0.9740 0.2247 0.0301
vn 0.9742 0.2238 0.0295
vn 0.9858 0.1665 0.0200
vn 0.9818 0.1880 0.0263
vn 0.9737 0.2257 0.0302
vn 0.1895 0.9819 0.0002
vn 0.9938 0.1116 -0.0016
vn 0.9938 0.1111 -0.0016
vn 0.9938 0.1114 -0.0015
vn 0.9937 0.1116 -0.0018
vn 0.8063 -0.5915 -0.0014
vn 0.8065 -0.5912 -0.0014
vn 0.9727 0.2319 -0.0021
vn 0.9727 0.2322 -0.0022
vn 0.1910 0.9816 -0.0067
vn 0.1789 0.9838 -0.0103
vn 0.1767 0.9842 -0.0108
vn 0.9938 0.1113 -0.0016
vn 0.9938 0.1112 -0.0018
vn 0.9938 0.1114 -0.0018
vn 0.0667 0.3291 -0.9420
vn 0.1046 0.3350 -0.9364
vn 0.1046 0.3349 -0.9364
vn 0.0664 0.3290 -0.9420
vn 0.0588 0.1879 0.9804
vn 0.0323 0.1828 0.9826
vn 0.0331 0.1829 0.9826
vn -0.0052 0.8284 -0.5601
vn -0.0105 0.8356 -0.5493
vn -0.0054 0.8286 -0.5598
vn 0.0524 0.2274 0.9724
vn 0.0277 0.2186 0.9754
vn 0.0288 0.2190 0.9753
vn 0.0354 0.9980 -0.0532
vn 0.0353 0.9978 -0.0560
vn 0.0375 0.9954 -0.0886
vn 0.0358 0.9894 -0.1404
vn 0.0361 0.9782 -0.2044
vn 0.0390 0.9165 -0.3981
vn 0.5337 0.7525 -0.3858
vn 0.6063 0.5914 -0.5317
vn 0.6212 0.5503 -0.5579
vn 0.5312 0.7574 -0.3797
vn 0.6413 -0.0338 -0.7665
vn 0.6304 -0.0060 -0.7762
vn 0.6211 0.0164 -0.7835
vn 0.1745 0.9817 -0.0763
vn 0.1989 0.9753 -0.0964
vn 0.2057 0.9733 -0.1021
vn 0.2782 0.9497 -0.1439
vn 0.2912 0.9448 -0.1498
vn 0.3878 0.8969 -0.2125
vn 0.3966 0.8912 -0.2200
vn 0.4700 0.8368 -0.2809
vn 0.4720 0.8351 -0.2825
vn 0.5861 0.0591 -0.8081
vn 0.5905 0.0565 -0.8050
vn 0.6233 0.2589 -0.7379
vn 0.6240 0.2621 -0.7362
vn 0.8832 0.1697 -0.4372
vn 0.8222 0.2180 -0.5258
vn 0.9274 0.1976 -0.3176
vn -0.0939 0.5574 -0.8249
vn 0.9838 -0.1251 0.1280
vn 0.9838 -0.1251 0.1281
vn 0.1722 0.9850 -0.0098
vn 0.8305 -0.3807 0.4067
vn 0.1628 0.9169 -0.3644
vn 0.1873 0.9324 -0.3091
vn 0.2904 0.8753 -0.3868
vn 0.3621 0.9173 -0.1659
vn 0.2273 0.9579 -0.1751
vn 0.1773 0.9680 -0.1775
vn 0.4155 0.8887 -0.1938
vn 0.4431 0.8620 -0.2463
vn 0.3714 0.8637 -0.3408
vn 0.0541 0.8989 -0.4348
vn 0.0560 0.8982 -0.4361
vn 0.1618 0.9049 -0.3936
vn 0.9355 -0.0313 -0.3519
vn 0.9248 -0.0579 -0.3761
vn 0.9289 0.0322 -0.3689
vn 0.9392 0.0410 -0.3410
vn 0.9436 -0.1010 -0.3154
vn 0.9516 0.0537 -0.3026
vn 0.8846 0.1325 -0.4471
vn 0.9423 0.0990 -0.3197
vn 0.8846 0.1331 -0.4470
vn 0.3198 0.2721 -0.9076
vn 0.6780 0.2111 -0.7041
vn 0.6329 0.2224 -0.7416
vn 0.3024 0.2738 -0.9130
vn 0.1260 0.2849 -0.9502
vn 0.1243 0.2850 -0.9504
vn 0.8648 0.3228 -0.3845
vn 0.9659 0.0300 -0.2571
vn 0.7086 -0.6523 -0.2690
vn 0.6969 -0.6029 -0.3885
vn 0.7015 -0.6181 -0.3548
vn 0.0975 -0.5902 -0.8014
vn 0.0972 -0.5900 -0.8015
vn 0.6800 -0.5583 -0.4753
vn 0.2946 -0.6488 -0.7017
vn 0.1177 -0.6027 -0.7893
vn 0.3324 -0.6558 -0.6778
vn 0.3994 -0.6696 -0.6261
vn 0.4161 -0.6703 -0.6145
vn 0.7652 0.4864 -0.4219
vn 0.7669 0.4866 -0.4186
vn 0.8042 0.4979 -0.3246
vn 0.8042 0.4971 -0.3259
vn 0.2808 0.3829 -0.8801
vn 0.4219 0.3942 -0.8165
vn 0.2955 0.3852 -0.8742
vn 0.1148 0.3584 -0.9265
vn 0.1173 0.3589 -0.9260
vn 0.8040 0.5039 -0.3157
vn 0.5908 0.4667 -0.6582
vn 0.5721 0.4633 -0.6768
vn 0.9214 -0.0679 -0.3826
vn -0.2882 -0.0505 -0.9562
vn 0.0235 0.4755 -0.8794
vn -0.0999 0.3519 -0.9307
vn 0.0095 -0.0297 -0.9995
vn 0.1176 -0.9372 -0.3284
vn 0.1924 -0.9575 -0.2148
vn 0.1882 -0.9562 -0.2243
vn 0.1048 -0.9348 -0.3395
vn 0.0501 -0.9238 -0.3795
vn 0.0500 -0.9238 -0.3795
vn 0.2220 -0.9641 -0.1457
vn 0.2527 0.8358 -0.4875
vn 0.2354 0.8617 -0.4496
vn 0.2351 0.9320 -0.2760
vn 0.3635 0.8418 -0.3989
vn 0.1790 0.8256 -0.5352
vn 0.1726 0.8249 -0.5383
vn 0.0728 0.8104 -0.5813
vn 0.0737 0.8105 -0.5811
vn 0.3392 0.7585 -0.5564
vn 0.2891 0.7801 -0.5549
vn -0.3246 -0.3420 -0.8819
vn 0.3940 -0.0924 -0.9144
vn 0.9667 0.0915 -0.2391
vn 0.9584 0.1049 -0.2655
vn 0.9321 0.1146 -0.3435
vn 0.9406 0.1102 -0.3211
vn 0.4127 0.1199 -0.9029
vn 0.4123 0.1197 -0.9031
vn 0.3294 0.5675 -0.7546
vn 0.2711 0.6886 -0.6726
vn 0.2737 0.6757 -0.6845
vn 0.3293 0.5540 -0.7646
vn 0.1309 0.8940 -0.4286
vn 0.3776 0.3817 -0.8436
vn 0.3210 -0.6634 -0.6759
vn 0.9292 -0.2693 -0.2529
vn 0.9044 -0.3205 -0.2816
vn 0.8881 -0.3501 -0.2979
vn 0.6603 -0.5563 -0.5045
vn 0.5338 -0.6390 -0.5539
vn 0.5142 -0.6472 -0.5627
vn 0.6493 -0.5658 -0.5082
vn 0.6171 -0.7095 -0.3402
vn 0.6458 -0.7067 -0.2889
vn 0.6490 -0.7062 -0.2829
vn 0.3059 0.2206 -0.9262
vn 0.2496 0.2295 -0.9408
vn 0.3057 0.2206 -0.9262
vn 0.3758 -0.2992 -0.8771
vn 0.3515 0.0480 -0.9350
vn 0.3501 0.0329 -0.9361
vn 0.3854 -0.3390 -0.8582
vn 0.6212 -0.6946 -0.3629
vn 0.6192 -0.6941 -0.3672
vn 0.4946 -0.5974 -0.6312
vn 0.4889 -0.5898 -0.6428
vn 0.8115 -0.4410 -0.3834
vn 0.7646 -0.4754 -0.4352
vn 0.3289 -0.7243 -0.6060
vn 0.3290 -0.7242 -0.6060
vn 0.3489 -0.7026 -0.6202
vn 0.3463 -0.7055 -0.6184
vn 0.4123 -0.6772 -0.6095
vn 0.4067 -0.6780 -0.6123
vn 0.1341 0.2476 -0.9595
vn 0.1307 0.2736 -0.9529
vn 0.1404 0.1996 -0.9698
vn 0.0996 0.3360 -0.9366
vn 0.1009 0.3350 -0.9368
vn 0.0407 0.3969 -0.9170
vn 0.0449 0.6192 -0.7839
vn 0.0539 0.7526 -0.6563
vn 0.0518 0.8618 -0.5046
vn 0.1187 -0.5970 -0.7934
vn -0.0169 0.5770 -0.8166
vn 0.0508 0.8753 -0.4809
vn 0.5590 -0.8292 0.0068
vn 0.6270 -0.7790 0.0105
vn 0.6265 -0.7794 0.0104
vn 0.6923 -0.7215 -0.0055
vn 0.6278 -0.7784 -0.0025
vn 0.6283 -0.7780 -0.0025
vn 0.6924 -0.7215 -0.0055
vn 0.6901 -0.7236 0.0140
vn 0.5592 -0.8290 0.0005
vn 0.0798 0.8607 0.5028
vn 0.0200 0.8639 0.5033
vn 0.0196 0.8636 0.5039
vn 0.0733 0.8611 0.5031
vn 0.1715 0.8692 0.4638
vn 0.1571 0.8661 0.4746
vn 0.4441 0.8855 0.1368
vn 0.4283 0.8858 0.1785
vn 0.4098 0.8899 0.2004
vn 0.4457 0.8844 0.1385
vn 0.3032 0.8938 0.3305
vn 0.2958 0.8930 0.3390
vn 0.4193 0.8833 0.2098
vn 0.3566 0.8880 0.2904
vn 0.3842 0.8820 0.2729
vn 0.4361 0.8851 0.1627
vn 0.0387 0.1858 0.9818
vn 0.0387 0.0949 0.9947
vn 0.1488 0.0937 0.9844
vn 0.1487 0.1838 0.9716
vn 0.3654 0.0607 0.9289
vn 0.3468 0.1414 0.9272
vn 0.9458 0.0883 0.3125
vn 0.9446 0.0015 0.3282
vn 0.9666 0.0145 0.2558
vn 0.9633 0.1173 0.2417
vn 0.9124 0.0676 0.4037
vn 0.7628 0.0082 0.6466
vn 0.6641 0.1039 0.7404
vn 0.9781 0.0339 0.2053
vn 0.8709 0.3123 0.3795
vn 0.0331 -0.4394 0.8977
vn 0.0337 -0.4392 0.8978
vn 0.1386 -0.3549 0.9246
vn 0.1329 -0.3602 0.9234
vn 0.7282 -0.4535 0.5138
vn 0.7460 -0.4644 0.4773
vn 0.7561 -0.4706 0.4549
vn 0.7623 -0.5521 0.3378
vn 0.7547 -0.5850 0.2969
vn 0.1936 0.0593 0.9793
vn 0.1964 0.0587 0.9788
vn 0.9467 0.0729 0.3138
vn -0.4715 -0.0095 0.8818
vn 0.9647 0.1206 0.2340
vn 0.9582 -0.0635 0.2791
vn 0.9595 -0.0928 0.2660
vn 0.9588 -0.1590 0.2355
vn 0.1956 0.0518 0.9793
vn 0.1957 0.0466 0.9796
vn 0.4352 -0.2829 0.8547
vn 0.5284 -0.6456 0.5514
vn 0.5271 -0.6431 0.5554
vn 0.4356 -0.3215 0.8408
vn 0.3832 -0.1864 0.9047
vn 0.3877 -0.1721 0.9056
vn 0.3882 -0.1695 0.9059
vn 0.3831 -0.1864 0.9047
vn 0.3926 -0.1549 0.9066
vn 0.3927 -0.1549 0.9065
vn 0.4718 -0.7478 0.4672
vn 0.0813 -0.7613 0.6432
vn 0.1018 -0.7612 0.6405
vn 0.4772 -0.7485 0.4606
vn 0.0181 -0.9003 0.4349
vn 0.0187 -0.9003 0.4349
vn 0.8335 -0.2781 0.4774
vn 0.0337 -0.8996 0.4355
vn 0.3871 -0.2101 0.8978
vn 0.5720 -0.7583 0.3129
vn 0.5722 -0.7583 0.3124
vn 0.5169 -0.6083 0.6023
vn 0.7139 -0.4395 0.5451
vn 0.7327 -0.4222 0.5338
vn 0.4598 -0.6520 0.6029
vn 0.6650 -0.6775 0.3141
vn 0.4169 -0.7450 0.5207
vn 0.4353 -0.7430 0.5084
vn 0.6651 -0.6775 0.3141
vn -0.2021 -0.7304 0.6525
vn -0.2021 -0.7304 0.6524
vn 0.4269 -0.1301 0.8949
vn 0.2486 -0.7363 0.6293
vn 0.2481 -0.7363 0.6295
vn 0.8149 -0.3342 0.4735
vn 0.7329 -0.6464 0.2121
vn 0.0388 0.0030 0.9992
vn 0.1501 0.0036 0.9887
vn 0.2355 -0.0000 0.9719
vn 0.9346 -0.0801 0.3466
vn 0.9614 -0.0809 0.2629
vn 0.7467 -0.0666 0.6618
vn 0.3686 -0.0222 0.9293
vn 0.9661 -0.1383 0.2182
vn 0.2225 -0.2139 0.9512
vn 0.2240 -0.2002 0.9538
vn 0.3920 -0.2445 0.8869
vn 0.3650 -0.2253 0.9033
vn 0.7727 -0.5937 0.2245
vn 0.7873 -0.5458 0.2870
vn 0.7950 -0.5265 0.3013
vn 0.7735 -0.5892 0.2336
vn 0.6867 -0.4324 0.5844
vn 0.6904 -0.4345 0.5784
vn 0.7688 -0.6115 0.1871
vn 0.9962 -0.0839 -0.0244
vn 0.9961 -0.0846 -0.0237
vn 0.9970 -0.0540 -0.0551
vn 0.9970 -0.0541 -0.0551
vn 0.9851 -0.1685 0.0342
vn 0.9845 -0.1714 0.0358
vn 0.9970 -0.0529 -0.0560
vn 0.9975 -0.0532 -0.0473
vn 0.9975 -0.0532 -0.0471
vn 0.9980 -0.0518 -0.0358
vn 0.9980 -0.0518 -0.0360
vn 0.9983 -0.0493 -0.0297
vn 0.9984 -0.0492 -0.0296
vn 0.9665 -0.2413 0.0878
vn 0.9673 -0.2391 0.0844
vn 0.9993 -0.0336 0.0185
vn 0.9995 -0.0293 0.0139
vn 0.9975 -0.0581 0.0406
vn 0.9975 -0.0580 0.0403
vn 0.9974 -0.0535 0.0478
vn 0.9974 -0.0535 0.0477
vn 0.9974 -0.0552 0.0456
vn 0.9974 -0.0553 0.0455
vn 0.9977 -0.0540 0.0410
vn 0.9977 -0.0541 0.0407
vn 0.9980 -0.0540 0.0338
vn 0.9980 -0.0540 0.0337
vn 0.9822 -0.1860 -0.0278
vn 0.9828 -0.1827 -0.0265
vn 0.9728 -0.2280 -0.0402
vn 0.9724 -0.2297 -0.0400
vn 0.9979 -0.0551 -0.0338
vn 0.9979 -0.0550 -0.0338
vn 0.9946 -0.1031 0.0150
vn 0.9945 -0.1041 0.0144
vn 0.9971 -0.0650 -0.0407
vn 0.9883 -0.1369 -0.0676
vn 0.9871 -0.1442 -0.0703
vn 0.9965 -0.0815 0.0208
vn 0.9960 -0.0859 0.0228
vn 0.9995 -0.0292 0.0139
vn 0.9805 -0.1861 0.0625
vn 0.9807 -0.1851 0.0623
vn 0.9578 -0.1755 0.2275
vn 0.9578 -0.1756 0.2275
vn -0.9857 -0.1678 -0.0177
vn 0.9857 0.1678 0.0177
vn 0.1678 -0.9858 0.0015
vn -0.1678 0.9858 -0.0015
vn -0.1678 0.9858 -0.0016
vn 0.9582 0.1634 0.2349
vn 0.1678 -0.9858 0.0016
vn 0.9659 0.1641 -0.2004
vn 0.9659 0.1640 -0.2004
vn 0.0177 0.0014 -0.9998
vn -0.0177 -0.0014 0.9998
vn -0.9962 -0.0872 -0.0000
vn 0.9962 0.0872 -0.0000
vn 0.0872 -0.9962 -0.0000
vn -0.0872 0.9962 -0.0000
vn 0.9723 0.0851 0.2177
vn 0.9723 0.0851 -0.2177
vn 0.0204 -0.6981 -0.7157
vn 0.0258 -0.5847 -0.8108
vn 0.0328 -0.9212 -0.3877
vn 0.0199 -0.8576 -0.5140
vn 0.0089 -0.4614 -0.8871
vn 0.0173 -0.9677 -0.2515
vn 0.0357 -0.9895 0.1398
vn 0.0182 -0.9997 -0.0136
vn 0.0225 -0.9604 0.2778
vn 0.0357 -0.9895 0.1399
vn 0.0366 -0.7446 0.6665
vn 0.0249 -0.8669 0.4978
vn 0.0182 -0.9997 -0.0135
vn 0.0152 -0.2303 -0.9730
vn 0.0146 -0.2091 -0.9778
vn 0.0073 -0.0500 -0.9987
vn 0.0088 -0.0603 -0.9981
vn 0.0310 -0.6437 -0.7647
vn 0.0310 -0.5551 -0.8312
vn 0.0418 -0.9138 -0.4041
vn 0.0285 -0.8498 -0.5263
vn 0.0180 -0.9621 0.2720
vn 0.0313 -0.9911 0.1296
vn 0.0371 -0.7665 0.6412
vn 0.0176 -0.8711 0.4908
vn 0.0179 -0.9998 -0.0057
vn 0.0188 -0.9697 -0.2437
vn 0.0313 -0.9911 0.1295
vn 0.0179 -0.9998 -0.0058
vn 0.0167 -0.2124 0.9770
vn 0.0356 -0.3343 0.9418
vn 0.0279 -0.1064 0.9939
vn 0.0229 -0.0872 0.9959
vn 0.0275 -0.4412 0.8970
vn 0.0177 -0.6620 0.7493
vn 0.0234 -0.6689 0.7430
vn 0.0064 -0.1836 0.9830
vn 0.0214 -0.3154 0.9487
vn 0.0126 -0.1136 0.9934
vn 0.0198 -0.4085 0.9126
vn 0.0073 -0.3965 -0.9180
vn 0.0069 -0.2092 -0.9778
vn 0.0077 -0.2250 -0.9743
vn -0.9017 -0.3919 -0.1824
vn -0.0045 -0.9973 -0.0738
vn -0.0339 -0.9951 -0.0925
vn -0.0035 -0.9960 -0.0897
vn -0.0440 -0.9963 -0.0743
vn -0.0444 -0.9963 -0.0739
vn 0.0124 -0.9966 -0.0811
vn -0.0685 -0.9956 -0.0647
vn -0.0039 -0.9959 -0.0902
vn -0.0039 -0.9959 -0.0903
vn 0.0009 -1.0000 -0.0014
vn 0.0005 -1.0000 -0.0021
vn 0.0004 -1.0000 -0.0003
vn 0.0003 -1.0000 -0.0002
vn 0.0001 -1.0000 0.0010
vn 0.0006 -1.0000 0.0014
vn 0.0015 -1.0000 0.0067
vn 0.0007 -1.0000 0.0045
vn 0.0001 -1.0000 -0.0034
vn 0.0012 -1.0000 -0.0044
vn 0.0016 -1.0000 0.0096
vn -0.0297 -0.9992 -0.0274
vn 0.0013 -0.9989 0.0473
vn -0.0003 -1.0000 -0.0027
vn 0.0046 -0.9998 0.0213
vn 0.0206 -0.9959 0.0879
vn -0.0019 -0.9916 0.1291
vn 0.0751 -0.9904 0.1160
vn 0.0292 -0.9950 0.0953
vn 0.0084 -0.9962 0.0872
vn -0.8517 -0.4918 0.1810
vn 0.0284 -0.9755 0.2181
vn 0.0025 -0.9912 0.1323
vn 0.8036 -0.5681 0.1775
vn -0.0009 -0.9933 0.1152
vn -0.0084 -0.9946 0.1030
vn -0.0396 -0.9979 0.0519
vn 1.0000 -0.0000 -0.0000
vn 1.0000 0.0013 0.0004
vn 1.0000 0.0015 0.0004
vn 1.0000 0.0024 0.0007
vn 1.0000 0.0022 0.0007
vn 1.0000 0.0014 -0.0003
vn 1.0000 0.0023 -0.0005
vn 0.0009 -0.9997 0.0235
vn 0.0003 -1.0000 0.0007
vn -0.0196 -0.9987 -0.0463
vn -0.0779 -0.9926 -0.0932
vn 0.0672 0.1508 0.9863
vn 0.0704 0.1508 0.9861
vn 0.0402 0.1468 0.9883
vn 0.0392 0.1468 0.9884
vn 0.0407 0.1468 0.9883
vn 0.0728 0.1507 0.9859
vn 0.0571 -0.5021 0.8629
vn 0.0340 -0.4977 0.8667
vn 0.0339 -0.4976 0.8667
vn 0.8025 -0.0744 0.5920
vn 0.7718 -0.0803 0.6308
vn 0.8096 -0.0729 0.5825
vn 0.0267 0.7785 0.6271
vn 0.0263 0.7785 0.6271
vn 0.8378 -0.0667 0.5418
vn 0.8378 -0.0667 0.5419
vn 0.0483 0.7787 0.6255
vn 0.1273 -0.0419 -0.9910
vn 0.3235 -0.0407 -0.9454
vn 0.3102 -0.0406 -0.9498
vn 0.1260 -0.0419 -0.9912
vn 0.4636 -0.0417 -0.8851
vn 0.4636 -0.0416 -0.8851
vn 0.0096 -0.0296 -0.9995
vn 0.6417 0.2877 -0.7109
vn 0.6730 0.2721 -0.6878
vn 0.3915 -0.0859 -0.9162
vn 0.4396 0.3498 -0.8273
vn 0.3034 0.3275 -0.8948
vn 0.1226 0.3200 -0.9395
vn 0.1238 0.3199 -0.9393
vn 0.4413 0.3374 -0.8315
vn 0.4409 0.3417 -0.8300
vn 0.0327 -0.9986 -0.0414
vn 0.7349 -0.2225 -0.6407
vn 0.7166 -0.3127 -0.6235
vn 0.7443 -0.1537 -0.6499
vn 0.0645 0.9946 -0.0818
vn 0.2350 0.9320 -0.2760
vn 0.2353 0.8617 -0.4496
vn 0.6949 -0.3909 -0.6036
vn 0.6950 -0.3908 -0.6036
vn 0.4664 -0.0352 -0.8839
vn 0.4649 -0.0299 -0.8848
vn 0.4635 -0.0296 -0.8856
vn 0.4614 -0.0365 -0.8864
vn 0.4676 -0.0306 -0.8834
vn 0.4408 0.3417 -0.8300
vn 0.1292 -0.0418 -0.9907
vn 0.1278 -0.0420 -0.9909
vn 0.1282 -0.0418 -0.9909
vn 0.1268 -0.0420 -0.9910
vn 0.1255 -0.0416 -0.9912
vn 0.3201 -0.0403 -0.9465
vn 0.3069 -0.0402 -0.9509
vn 0.1241 -0.0418 -0.9914
vn 0.1265 -0.0417 -0.9911
vn 0.3219 -0.0405 -0.9459
vn 0.3087 -0.0404 -0.9503
vn 0.1251 -0.0418 -0.9913
vn 0.3132 -0.0411 -0.9488
vn 0.3266 -0.0413 -0.9443
vn 0.3116 -0.0408 -0.9493
vn 0.3250 -0.0409 -0.9448
vn 0.4600 -0.0411 -0.8870
vn 0.4619 -0.0412 -0.8860
vn 0.4669 -0.0426 -0.8833
vn 0.4665 -0.0352 -0.8838
vn 0.4652 -0.0420 -0.8842
vn 0.0147 -0.9852 -0.1709
vn 0.0147 -0.9852 -0.1708
vn 0.0142 -0.9852 -0.1709
vn 0.0142 -0.9852 -0.1708
vn 0.0258 -0.9850 -0.1709
vn 0.0258 -0.9850 -0.1708
vn 0.0256 -0.9850 -0.1709
vn 0.0256 -0.9850 -0.1708
vn 0.0320 0.9844 -0.1731
vn 0.0320 0.9844 -0.1730
vn 0.0319 0.9845 -0.1727
vn 0.0314 0.9843 -0.1734
vn 0.0312 0.9845 -0.1727
vn 0.0861 -0.9823 -0.1661
vn 0.0876 -0.9822 -0.1661
vn 0.0851 0.9820 -0.1687
vn 0.0857 0.9819 -0.1687
vn 0.0130 -0.9852 -0.1709
vn 0.0130 -0.9852 -0.1708
vn 0.0136 -0.9852 -0.1709
vn 0.0136 -0.9852 -0.1708
vn 0.0299 0.9845 -0.1729
vn 0.0299 0.9845 -0.1730
vn 0.0298 0.9845 -0.1728
vn 0.0299 0.9844 -0.1731
vn 0.0307 0.9844 -0.1734
vn 0.0305 0.9845 -0.1727
vn 0.0252 -0.9850 -0.1709
vn 0.0252 -0.9850 -0.1708
vn 0.0254 -0.9850 -0.1709
vn 0.0254 -0.9850 -0.1708
vn 0.0871 0.9818 -0.1687
vn 0.0864 0.9819 -0.1687
vn 0.0904 -0.9820 -0.1659
vn 0.0904 -0.9820 -0.1660
vn 0.0890 -0.9821 -0.1660
vn -0.9582 0.2861 -0.0000
vn 0.1071 0.2233 -0.9688
vn 0.0988 0.3125 -0.9448
vn 0.0674 0.3799 -0.9226
vn 0.0760 0.4267 -0.9012
vn 0.0560 0.4083 -0.9111
vn 0.1474 0.2042 -0.9678
vn 0.1419 0.2065 -0.9681
vn 0.1251 0.2868 -0.9498
vn 0.0988 0.3148 -0.9440
vn 0.0396 0.4807 -0.8760
vn -0.0206 0.4678 -0.8836
vn 0.0108 0.4475 -0.8942
vn 0.0805 0.4540 -0.8873
vn 0.0732 0.5060 -0.8594
vn 0.1275 0.9831 -0.1313
vn 0.1360 0.9819 -0.1316
vn 0.0094 0.9920 -0.1258
vn 0.0093 0.9920 -0.1257
vn 0.1071 -0.4363 -0.8934
vn 0.1074 -0.4366 -0.8932
vn 0.1312 -0.4538 -0.8814
vn 0.1312 -0.4539 -0.8813
vn 0.4680 -0.2730 -0.8405
vn 0.4466 -0.2871 -0.8474
vn 0.7408 -0.0074 -0.6717
vn 0.7391 -0.0130 -0.6735
vn 0.7721 0.1232 -0.6235
vn 0.7717 0.1215 -0.6242
vn 0.7829 0.3238 -0.5312
vn 0.7820 0.3360 -0.5250
vn 0.7092 0.5863 -0.3915
vn 0.6927 0.6172 -0.3731
vn 0.4555 0.8616 -0.2239
vn 0.4274 0.8789 -0.2116
vn 0.0680 0.7800 -0.6220
vn 0.0680 0.7800 -0.6221
vn 0.0479 0.7870 -0.6152
vn 0.0477 0.7869 -0.6152
vn 0.1147 0.2250 -0.9676
vn 0.1147 0.2249 -0.9676
vn 0.1430 0.2101 -0.9672
vn 0.1365 0.2062 -0.9689
vn 0.1327 0.2649 -0.9551
vn 0.1326 0.2651 -0.9551
vn 0.1401 0.3423 -0.9291
vn 0.1402 0.3431 -0.9288
vn 0.1616 0.4185 -0.8937
vn 0.1635 0.4246 -0.8905
vn 0.1726 0.5717 -0.8021
vn 0.1718 0.5810 -0.7956
vn 0.1154 0.7260 -0.6779
vn 0.1181 0.7227 -0.6810
vn -0.1616 -0.9734 -0.1622
vn -0.1453 -0.9760 -0.1620
vn 0.0118 -0.9874 -0.1576
vn 0.0114 -0.9875 -0.1573
vn -0.0000 -0.9877 -0.1563
vn 0.0030 0.9994 -0.0331
vn 0.0030 0.9995 -0.0329
vn 0.0039 0.9994 -0.0333
vn 0.0041 0.9994 -0.0335
vn 0.0041 0.9994 -0.0333
vn 0.0044 0.9994 -0.0334
vn 0.0046 0.9994 -0.0335
vn -0.9389 0.3292 -0.1004
vn -0.9389 0.3293 -0.1005
vn -0.9438 0.3145 -0.1016
vn -0.9426 0.3181 -0.1012
vn -0.9760 0.1863 -0.1131
vn -0.9684 0.2238 -0.1099
vn -0.9893 -0.0538 -0.1354
vn -0.9915 0.0005 -0.1303
vn -0.9242 -0.3484 -0.1563
vn -0.9487 -0.2769 -0.1523
vn -0.5827 -0.7942 -0.1724
vn -0.6999 -0.6931 -0.1722
vn -0.0002 -1.0000 -0.0000
vn -0.0001 -1.0000 -0.0000
vn 0.0400 0.8740 -0.4842
vn 0.0555 0.8078 -0.5869
vn 0.0555 0.8078 -0.5868
vn 0.0480 0.8387 -0.5424
vn 0.0631 0.7777 -0.6254
vn 0.0414 0.8740 -0.4842
vn 0.0414 0.8739 -0.4843
vn 0.0574 0.8076 -0.5869
vn 0.0574 0.8077 -0.5869
vn 0.0496 0.8386 -0.5424
vn 0.0496 0.8386 -0.5425
vn 0.0652 0.7775 -0.6254
vn 0.0652 0.7776 -0.6254
vn 0.9265 0.3754 -0.0240
vn 0.9265 0.3756 -0.0240
vn 0.9264 0.3757 -0.0240
vn 0.2608 -0.1666 -0.9509
vn 0.2606 -0.1667 -0.9509
vn 0.5197 -0.8543 -0.0070
vn 0.2700 -0.0714 0.9602
vn 0.2699 -0.0714 0.9602
vn -0.0816 0.8474 -0.5247
vn 0.9644 -0.2644 0.0038
vn 0.9026 -0.3708 -0.2185
vn 0.9109 0.0064 -0.4127
vn 0.4803 0.8770 0.0173
vn 0.4240 0.9026 -0.0742
vn -0.2254 0.9405 -0.2543
vn -0.3011 0.9358 -0.1834
vn -0.1443 -0.9823 0.1192
vn 0.3037 -0.8765 -0.3736
vn 0.5097 -0.8601 0.0180
vn 0.5440 0.5569 -0.6277
vn 0.5908 -0.0785 -0.8030
vn 0.1928 -0.1068 -0.9754
vn 0.0551 0.5662 -0.8224
vn -0.6943 -0.1464 0.7046
vn -0.9686 0.1072 0.2244
vn -0.7596 -0.5647 0.3227
vn -0.6406 -0.6582 0.3954
vn -0.6407 -0.6582 0.3954
vn -0.7596 -0.5647 0.3228
vn -0.4162 -0.6158 -0.6690
vn -0.2115 -0.8039 -0.5558
vn -0.5911 0.2469 -0.7679
vn -0.2661 0.0636 -0.9618
vn -0.5212 0.5790 -0.6269
vn -0.8094 0.5011 -0.3062
vn -0.2307 -0.0000 0.9730
vn 0.1172 -0.9927 0.0278
vn 0.2307 -0.0000 -0.9730
vn -0.1172 0.9927 -0.0278
vn 0.0664 -0.4288 -0.9010
vn 0.0919 -0.8811 -0.4639
vn 0.5707 -0.5450 -0.6142
vn 0.9094 0.4160 0.0026
vn 0.8330 0.4944 -0.2484
vn 0.4586 -0.8804 -0.1203
vn 0.1121 0.9231 -0.3678
vn 0.2806 0.9208 -0.2708
vn -0.1444 -0.9823 0.1191
vn -0.3384 -0.0048 0.9410
vn -0.3240 -0.0073 0.9460
vn -0.2995 -0.0049 0.9541
vn -0.2993 -0.0048 0.9541
vn -0.2992 -0.0048 0.9542
vn -0.2998 -0.0048 0.9540
vn -0.3078 0.0041 0.9514
vn -0.3087 0.0041 0.9512
vn -0.3083 0.0042 0.9513
vn -0.3079 0.0041 0.9514
vn -0.2308 -0.0000 0.9730
vn -0.8681 -0.3874 0.3104
vn -0.9214 0.2364 0.3085
vn -0.5235 0.7427 0.4176
vn -0.5474 0.7295 0.4101
vn 0.3640 0.5589 0.7450
vn 0.0760 0.8146 0.5750
vn 0.6416 0.3130 0.7003
vn 0.6274 -0.3469 0.6972
vn 0.6272 -0.3474 0.6971
vn 0.1263 -0.8159 0.5642
vn 0.0887 -0.8271 0.5551
vn -0.4895 -0.7780 0.3938
vn -0.5119 -0.7661 0.3886
vn -0.3756 0.0489 0.9255
vn -0.3759 -0.0114 0.9266
vn -0.3710 0.1663 0.9136
vn 0.9659 -0.1388 -0.2186
vn 0.9753 -0.1303 -0.1785
vn 0.9716 -0.1002 -0.2141
vn 0.9878 -0.1429 0.0623
vn 0.9831 -0.1089 0.1472
vn 0.9932 -0.1165 -0.0002
vn 0.9892 -0.1464 0.0076
vn 0.9680 -0.1605 0.1930
vn 0.9468 -0.1908 0.2592
vn 0.9124 -0.1045 0.3958
vn 0.9685 0.0873 -0.2330
vn 0.9679 0.0857 -0.2364
vn 0.8255 0.0358 -0.5633
vn 0.9678 0.0652 0.2429
vn 0.8286 -0.0635 0.5563
vn 0.9684 0.0668 0.2403
vn 0.8236 -0.3137 -0.4725
vn 0.9101 -0.2579 -0.3243
vn 0.9032 -0.2667 -0.3362
vn 0.8210 -0.2740 -0.5009
vn 0.1181 -0.2898 -0.9498
vn 0.1151 -0.2901 -0.9501
vn 0.9436 -0.1011 -0.3153
vn 0.9283 -0.2326 -0.2900
vn 0.3051 -0.3009 -0.9036
vn 0.3162 -0.3070 -0.8976
vn 0.4313 -0.2876 -0.8552
vn 0.4331 -0.2540 -0.8648
vn 0.6452 -0.2123 -0.7340
vn 0.6188 -0.2134 -0.7560
vn 0.7551 -0.2523 -0.6050
vn 0.3274 -0.2477 -0.9118
vn 0.3275 -0.2477 -0.9118
vn 0.4331 -0.3051 -0.8482
vn 0.6383 -0.3520 -0.6846
vn 0.5892 -0.3406 -0.7327
vn 0.7418 -0.3411 -0.5774
vn 0.0598 -0.9939 -0.0930
vn 0.0934 -0.9904 -0.1022
vn 0.0368 -0.9956 -0.0867
vn 0.0368 -0.9956 -0.0866
vn 0.9839 0.0433 -0.1735
vn 0.0458 0.9931 -0.1076
vn 0.1364 0.9803 -0.1426
vn 0.0734 0.9902 -0.1184
vn 0.2664 0.9447 -0.1914
vn -0.8749 0.2397 -0.4208
vn 0.1740 -0.9769 -0.1239
vn 0.9724 -0.2326 0.0182
vn 0.9726 -0.2323 0.0064
vn 0.9725 -0.2327 -0.0038
vn 0.9723 -0.2338 0.0010
vn 0.9723 -0.2339 0.0013
vn 0.9657 -0.2443 -0.0875
vn 0.9657 -0.2442 -0.0885
vn 0.9696 -0.2362 -0.0640
vn 0.9694 -0.2364 -0.0655
vn 0.9702 -0.2346 0.0613
vn 0.9703 -0.2380 0.0427
vn 0.9665 -0.2335 0.1069
vn 0.9612 -0.2338 0.1467
vn 0.9753 0.2199 0.0185
vn 0.9724 0.2333 0.0064
vn 0.9753 0.2201 0.0184
vn 0.9746 0.2240 -0.0040
vn 0.3909 -0.2146 0.8951
vn 0.2225 -0.1908 0.9561
vn 0.3943 -0.2150 0.8935
vn 0.9202 -0.1819 0.3465
vn 0.9171 -0.1857 0.3528
vn 0.9404 -0.1756 0.2913
vn 0.9416 -0.1764 0.2870
vn 0.7475 -0.2231 0.6256
vn 0.7317 -0.2242 0.6437
vn 0.9492 -0.1821 0.2568
vn -0.9168 -0.3993 -0.0000
vn 0.2046 -0.4564 0.8659
vn 0.2101 -0.4760 0.8540
vn 0.2057 -0.4602 0.8637
vn 0.1252 -0.4231 0.8974
vn 0.1080 -0.4383 0.8923
vn 0.0301 -0.4492 0.8929
vn 0.0314 -0.4499 0.8925
vn 0.9615 -0.2535 0.1061
vn 0.9665 -0.2414 0.0878
vn 0.9724 -0.2298 -0.0400
vn 0.9728 -0.2280 -0.0401
vn 0.9702 -0.2393 -0.0391
vn 0.9870 -0.1442 -0.0703
vn 0.9725 -0.2122 -0.0956
vn 0.9561 -0.2378 0.1712
vn 0.9683 -0.2490 -0.0201
vn 0.9683 -0.2490 -0.0202
vn 0.9767 -0.2045 0.0646
vn 0.0188 0.9847 -0.1734
vn 0.0188 0.9846 -0.1736
vn 0.0181 0.9847 -0.1734
vn 0.0181 0.9847 -0.1736
vn 0.0167 0.9847 -0.1734
vn 0.0166 0.9847 -0.1736
vn 0.0174 0.9847 -0.1734
vn 0.0174 0.9847 -0.1736
vn 0.0708 0.5242 -0.8487
vn 0.0907 0.2998 -0.9497
vn 0.0907 0.2997 -0.9497
vn 0.0814 0.4022 -0.9119
vn 0.0994 0.2043 -0.9738
vn 0.0994 0.2044 -0.9738
vn 0.0732 0.5239 -0.8486
vn 0.0937 0.2994 -0.9495
vn 0.0842 0.4019 -0.9118
vn 0.1026 0.2040 -0.9736
vn -0.0001 1.0000 -0.0000
vn -0.0002 1.0000 -0.0000
vn -0.0955 0.8816 -0.4623
vn -0.0679 0.8801 -0.4699
vn -0.0626 0.8798 -0.4713
vn -0.0000 0.8780 -0.4787
vn -0.8992 0.4359 -0.0369
vn -0.8992 0.4361 -0.0363
vn -0.8970 0.4415 -0.0244
vn -0.8969 0.4415 -0.0244
vn -0.8973 0.4353 0.0728
vn -0.9025 0.4228 0.0817
vn -0.9022 0.4237 0.0810
vn -0.8979 0.4360 -0.0607
vn -0.8979 0.4361 -0.0608
vn -0.9072 0.4111 0.0900
vn -0.8943 0.4415 -0.0727
vn -0.8943 0.4414 -0.0727
vn 0.0605 0.1921 0.9795
vn 0.1804 0.4499 0.8747
vn 0.1119 0.1185 0.9866
vn 0.1735 0.0835 0.9813
vn 0.9996 -0.0232 0.0179
vn 0.0328 0.8945 0.4458
vn 0.0226 0.8869 0.4614
vn 0.0229 0.8871 0.4611
vn -0.0000 0.8792 0.4765
vn -0.0000 0.9665 -0.2567
vn -0.0000 0.9665 -0.2566
vn -0.0000 0.9700 -0.2430
vn -0.0001 0.9703 -0.2418
vn -0.0004 0.9737 -0.2280
vn 0.1725 0.0685 0.9826
vn -0.0000 0.2001 0.9798
vn 0.0679 0.8801 -0.4699
vn 0.0955 0.8815 -0.4623
vn 0.0626 0.8798 -0.4712
vn 0.8992 0.4359 -0.0369
vn 0.8969 0.4415 -0.0244
vn 0.8970 0.4415 -0.0244
vn 0.8992 0.4361 -0.0363
vn 0.8973 0.4353 0.0728
vn 0.9021 0.4238 0.0810
vn 0.9025 0.4228 0.0817
vn 0.8979 0.4360 -0.0607
vn 0.8978 0.4361 -0.0608
vn 0.9072 0.4110 0.0899
vn 0.9072 0.4111 0.0899
vn 0.8979 0.4361 -0.0608
vn 0.8943 0.4415 -0.0727
vn -0.0605 0.1921 0.9795
vn -0.1119 0.1184 0.9866
vn -0.1804 0.4499 0.8747
vn -0.1735 0.0834 0.9813
vn -0.9996 -0.0232 0.0179
vn -0.0328 0.8945 0.4458
vn -0.0229 0.8871 0.4610
vn -0.0226 0.8869 0.4614
vn 0.0001 0.9703 -0.2418
vn 0.0004 0.9736 -0.2281
vn 0.0004 0.9737 -0.2280
vn -0.1725 0.0685 0.9826
vn 0.2898 -0.8718 0.3950
vn 0.9639 -0.2604 -0.0552
vn 0.9077 -0.4197 -0.0016
vn 0.2688 -0.8864 0.3770
vn 0.3171 -0.8513 0.4181
vn 0.8379 0.3911 -0.3808
vn 0.8009 -0.4031 0.4428
vn 0.6677 -0.0425 -0.7432
vn 0.9228 -0.3776 -0.0764
vn 0.9443 -0.2746 -0.1813
vn 0.6960 -0.0312 -0.7174
vn 0.6044 -0.0661 -0.7939
vn 0.8814 -0.4661 0.0761
vn 0.9146 -0.3575 0.1891
vn 0.8642 -0.4999 -0.0575
vn 0.5122 0.0246 0.8585
vn 0.5173 0.0956 0.8504
vn 0.9309 -0.2122 0.2972
vn 0.5189 0.1323 0.8445
vn 0.8832 -0.4504 -0.1303
vn 0.9423 -0.3346 -0.0118
vn 0.4127 -0.6592 -0.6286
vn 0.3697 -0.7136 -0.5951
vn 0.8365 -0.5258 -0.1542
vn 0.3253 -0.7628 -0.5588
vn 0.5949 -0.2938 -0.7482
vn 0.5166 0.5248 -0.6765
vn -0.0008 -1.0000 -0.0015
vn -0.0021 -1.0000 -0.0008
vn -0.0017 -1.0000 -0.0009
vn -0.0034 -1.0000 -0.0003
vn -0.0033 -1.0000 -0.0004
vn -0.0030 -1.0000 -0.0006
vn 0.2462 -0.9517 0.1834
vn 0.3097 -0.8248 -0.4731
vn 0.2403 -0.9563 -0.1669
vn -0.0031 -1.0000 0.0040
vn 0.0578 -0.9924 -0.1083
vn -0.0000 -1.0000 -0.0008
vn -0.0000 -1.0000 0.0003
vn -0.0619 -0.7146 -0.6968
vn -0.0006 -0.9124 0.4094
vn -0.0006 -0.9124 0.4093
vn -0.0069 -0.8037 -0.5950
vn -0.0069 -0.8037 -0.5949
vn -0.0113 -0.9055 0.4241
vn -0.0197 0.9998 -0.0053
vn -0.0001 1.0000 -0.0064
vn -0.0129 0.9865 -0.1632
vn -0.0196 0.9998 -0.0058
vn -0.0000 1.0000 -0.0059
vn -0.0024 1.0000 0.0070
vn -0.0024 1.0000 0.0069
vn 0.0003 -1.0000 0.0039
vn -0.0143 0.9944 -0.1050
vn -0.0148 0.9998 -0.0146
vn -0.0020 0.9938 -0.1109
vn -0.0020 0.9938 -0.1108
vn -0.0022 0.9938 -0.1110
vn 0.0038 0.9998 0.0193
vn 0.6109 -0.4424 0.6566
vn 0.6634 -0.4132 0.6238
vn 0.5364 -0.4782 0.6955
vn 0.7069 0.5518 -0.4425
vn 0.6397 0.6198 -0.4547
vn 0.7243 0.5322 -0.4384
vn 0.9196 -0.3273 -0.2174
vn 0.9385 -0.0299 0.3441
vn 0.9421 -0.0526 0.3311
vn 0.9242 0.0353 0.3802
vn 0.6032 -0.4936 -0.6265
vn 0.5823 -0.5408 -0.6070
vn 0.6201 -0.4510 -0.6420
vn 0.0815 0.9557 -0.2827
vn 0.0642 -0.9976 0.0261
vn -0.0586 -0.9754 0.2126
vn -0.0397 -0.9954 0.0869
vn -0.0026 -1.0000 -0.0046
vn -0.0358 -0.9939 -0.1040
vn -0.0692 -0.7645 -0.6409
vn 0.0109 -0.9997 0.0228
vn 0.0019 0.9999 0.0167
vn 0.9290 0.2362 -0.2849
vn 0.7884 0.4951 -0.3652
vn 0.7883 0.4951 -0.3652
vn 0.3011 0.8371 -0.4568
vn -0.3011 0.8371 -0.4568
vn -0.7884 0.4951 -0.3652
vn -0.7884 0.4951 -0.3651
vn -0.9290 0.2362 -0.2849
vn -0.0000 0.2588 0.9659
vn -0.0000 -0.2588 -0.9659
vn -0.0001 0.9063 -0.4226
vn -0.0000 -0.0076 1.0000
vn -0.1327 0.0114 0.9911
vn 0.3090 0.8620 -0.4019
vn -0.0000 -0.7709 -0.6369
vn -0.1327 -0.7519 -0.6458
vn 0.0001 0.9063 -0.4227
vn 0.3091 0.8619 -0.4019
vn -0.2524 0.0667 0.9653
vn 0.5877 0.7333 -0.3419
vn -0.2525 -0.6966 -0.6716
vn 0.5878 0.7332 -0.3419
vn -0.3475 0.1528 0.9251
vn 0.8090 0.5328 -0.2484
vn -0.3475 -0.6104 -0.7118
vn 0.8091 0.5327 -0.2484
vn -0.4085 0.2614 0.8745
vn 0.9510 0.2801 -0.1306
vn -0.4085 -0.5019 -0.7624
vn 0.9511 0.2800 -0.1306
vn -0.4285 0.3193 0.8452
vn 0.9877 0.1418 -0.0661
vn -0.4285 -0.4423 -0.7879
vn -0.9877 0.1418 -0.0661
vn 0.4285 0.3193 0.8453
vn 0.4085 0.2614 0.8745
vn -0.9511 0.2800 -0.1305
vn 0.4285 -0.4423 -0.7879
vn 0.4085 -0.5019 -0.7624
vn -0.9510 0.2801 -0.1306
vn 0.3475 0.1529 0.9251
vn -0.8091 0.5327 -0.2483
vn 0.3475 -0.6105 -0.7118
vn -0.8090 0.5327 -0.2485
vn 0.2525 0.0667 0.9653
vn -0.5878 0.7332 -0.3419
vn 0.2525 -0.6966 -0.6716
vn -0.5877 0.7332 -0.3420
vn 0.1327 0.0114 0.9911
vn -0.3091 0.8619 -0.4019
vn 0.1327 -0.7519 -0.6458
vn -0.3090 0.8620 -0.4020
vn -0.0000 0.1736 -0.9848
vn -0.0000 -0.1736 0.9848
vn 0.9090 0.4104 0.0724
vn -0.0000 0.9848 0.1736
vn -0.0000 0.9848 0.1737
vn -0.9090 0.4104 0.0724
vn 0.5400 0.8289 0.1462
vn 0.5400 0.8289 0.1461
vn -0.5400 0.8289 0.1462
vn -0.5400 0.8289 0.1461
vn -0.2898 -0.8718 0.3950
vn -0.2688 -0.8864 0.3770
vn -0.9077 -0.4197 -0.0016
vn -0.9639 -0.2604 -0.0552
vn -0.3171 -0.8513 0.4181
vn -0.8379 0.3911 -0.3808
vn -0.8009 -0.4031 0.4428
vn -0.6677 -0.0425 -0.7432
vn -0.6960 -0.0312 -0.7174
vn -0.9443 -0.2746 -0.1813
vn -0.9228 -0.3776 -0.0764
vn -0.6044 -0.0661 -0.7939
vn -0.8814 -0.4661 0.0761
vn -0.5122 0.0246 0.8585
vn -0.8644 -0.4996 -0.0574
vn -0.9146 -0.3575 0.1890
vn -0.5173 0.0956 0.8504
vn -0.9309 -0.2122 0.2972
vn -0.5189 0.1323 0.8445
vn -0.4128 -0.6593 -0.6285
vn -0.9423 -0.3346 -0.0118
vn -0.8832 -0.4504 -0.1303
vn -0.3697 -0.7136 -0.5951
vn -0.8365 -0.5258 -0.1542
vn -0.3253 -0.7629 -0.5588
vn -0.5949 -0.2938 -0.7482
vn -0.5166 0.5248 -0.6765
vn 0.0008 -1.0000 -0.0015
vn 0.0016 -1.0000 -0.0010
vn 0.0021 -1.0000 -0.0008
vn 0.0034 -1.0000 -0.0003
vn 0.0033 -1.0000 -0.0004
vn 0.0030 -1.0000 -0.0006
vn -0.2462 -0.9517 0.1834
vn -0.3097 -0.8248 -0.4731
vn -0.2403 -0.9563 -0.1669
vn 0.0031 -1.0000 0.0040
vn -0.0578 -0.9924 -0.1083
vn 0.0619 -0.7146 -0.6968
vn 0.0006 -0.9124 0.4094
vn 0.0006 -0.9124 0.4093
vn 0.0070 -0.8037 -0.5949
vn 0.0069 -0.8037 -0.5950
vn 0.0113 -0.9055 0.4241
vn 0.0197 0.9998 -0.0053
vn 0.0001 1.0000 -0.0064
vn 0.0129 0.9865 -0.1632
vn 0.0196 0.9998 -0.0058
vn 0.0024 1.0000 0.0070
vn 0.0024 1.0000 0.0069
vn -0.0012 1.0000 -0.0039
vn 0.0176 0.9994 -0.0309
vn 0.0148 0.9998 -0.0146
vn 0.0020 0.9938 -0.1108
vn 0.0020 0.9938 -0.1109
vn 0.0022 0.9938 -0.1110
vn -0.0038 0.9998 0.0193
vn -0.6634 -0.4132 0.6238
vn -0.6109 -0.4424 0.6566
vn -0.5364 -0.4781 0.6955
vn -0.6397 0.6198 -0.4547
vn -0.7069 0.5518 -0.4425
vn -0.7243 0.5322 -0.4384
vn -0.9196 -0.3273 -0.2174
vn -0.9421 -0.0526 0.3311
vn -0.9385 -0.0299 0.3441
vn -0.9242 0.0353 0.3802
vn -0.5823 -0.5408 -0.6070
vn -0.6032 -0.4936 -0.6265
vn -0.6201 -0.4510 -0.6420
vn -0.0815 0.9557 -0.2827
vn -0.0642 -0.9976 0.0261
vn 0.0586 -0.9754 0.2126
vn 0.0397 -0.9954 0.0869
vn 0.0026 -1.0000 -0.0046
vn 0.0358 -0.9939 -0.1040
vn 0.0692 -0.7645 -0.6409
vn -0.0109 -0.9997 0.0228
vn -0.0019 0.9999 0.0167
vn 0.9784 0.2069 -0.0000
vn -0.9784 0.2069 -0.0000
vn -0.0000 -0.0190 -0.9998
vn -0.0000 0.2198 0.9756
vn -0.0000 -0.8504 -0.5261
vn -0.8984 0.4392 0.0004
vn -0.8681 0.4963 -0.0008
vn -0.8681 0.4963 -0.0004
vn -0.9072 0.4206 0.0007
vn -0.9309 0.3652 0.0015
vn -0.9309 0.3652 0.0018
vn -0.8680 0.4965 -0.0007
vn -0.9084 0.4182 0.0004
vn -0.8962 0.4436 0.0001
vn -0.8680 0.4965 -0.0003
vn -0.9307 0.3658 0.0016
vn -0.9307 0.3658 0.0017
vn -0.9436 0.3308 0.0117
vn -0.9182 0.3959 0.0106
vn -0.9042 0.4271 0.0100
vn -0.8722 0.4890 0.0089
vn -0.8723 0.4890 0.0088
vn -0.9158 0.4009 0.0251
vn -0.9025 0.4300 0.0239
vn -0.9413 0.3366 0.0276
vn -0.9413 0.3366 0.0275
vn -0.8708 0.4911 0.0213
vn -0.6427 -0.0590 -0.7638
vn -0.6234 -0.0043 -0.7819
vn -0.6232 -0.0036 -0.7821
vn -0.6427 -0.0590 -0.7639
vn -0.6015 0.0514 -0.7972
vn -0.6015 0.0513 -0.7972
vn -0.5156 0.1296 0.8470
vn -0.5531 0.1070 0.8262
vn -0.5554 0.1056 0.8248
vn -0.5916 0.0827 0.8020
vn -0.3752 0.4851 -0.7899
vn -0.3494 0.5144 -0.7831
vn -0.3754 0.4849 -0.7899
vn -0.4006 0.4548 -0.7954
vn -0.3764 0.4619 0.8031
vn -0.3911 0.4359 0.8106
vn -0.3761 0.4625 0.8029
vn -0.3611 0.4880 0.7946
vn -0.5652 0.4706 -0.6776
vn -0.5584 0.4796 -0.6769
vn -0.5345 0.5103 -0.6737
vn -0.5883 0.4385 -0.6794
vn -0.5882 0.4385 -0.6795
vn -0.7074 0.1987 0.6784
vn -0.7073 0.1987 0.6784
vn -0.7193 0.1306 0.6823
vn -0.7169 0.1457 0.6817
vn -0.7261 0.0775 0.6832
vn -0.5410 0.4843 0.6875
vn -0.5322 0.4944 0.6873
vn -0.5692 0.4510 0.6875
vn -0.5031 0.5261 0.6856
vn -0.5032 0.5261 0.6856
vn -0.7636 0.0260 -0.6452
vn -0.7513 0.0874 -0.6542
vn -0.7468 0.1067 -0.6565
vn -0.7303 0.1680 -0.6621
vn -0.7303 0.1681 -0.6621
vn 0.8984 0.4392 0.0001
vn 0.9072 0.4206 0.0007
vn 0.8681 0.4963 -0.0007
vn 0.8681 0.4963 -0.0005
vn 0.9309 0.3652 0.0014
vn 0.9309 0.3652 0.0016
vn 0.8680 0.4965 -0.0004
vn 0.8680 0.4965 -0.0008
vn 0.8962 0.4436 0.0001
vn 0.9084 0.4181 0.0009
vn 0.9307 0.3658 0.0017
vn 0.9436 0.3308 0.0116
vn 0.9042 0.4271 0.0100
vn 0.9182 0.3959 0.0106
vn 0.9436 0.3308 0.0117
vn 0.8723 0.4890 0.0088
vn 0.9158 0.4009 0.0251
vn 0.9413 0.3366 0.0276
vn 0.9025 0.4300 0.0239
vn 0.8708 0.4911 0.0213
vn 0.6427 -0.0590 -0.7639
vn 0.6427 -0.0590 -0.7638
vn 0.6231 -0.0040 -0.7821
vn 0.6234 -0.0043 -0.7819
vn 0.6015 0.0514 -0.7972
vn 0.6015 0.0513 -0.7972
vn 0.5156 0.1296 0.8470
vn 0.5554 0.1056 0.8248
vn 0.5531 0.1070 0.8262
vn 0.5916 0.0827 0.8020
vn 0.3752 0.4851 -0.7899
vn 0.3754 0.4849 -0.7899
vn 0.3494 0.5144 -0.7831
vn 0.4006 0.4548 -0.7954
vn 0.3764 0.4619 0.8031
vn 0.3761 0.4625 0.8029
vn 0.3911 0.4359 0.8106
vn 0.3611 0.4881 0.7946
vn 0.5652 0.4706 -0.6776
vn 0.5345 0.5103 -0.6737
vn 0.5346 0.5104 -0.6736
vn 0.5584 0.4796 -0.6769
vn 0.5883 0.4385 -0.6794
vn 0.5882 0.4385 -0.6794
vn 0.7073 0.1987 0.6784
vn 0.7170 0.1457 0.6817
vn 0.7193 0.1306 0.6824
vn 0.7261 0.0775 0.6832
vn 0.5410 0.4843 0.6875
vn 0.5691 0.4510 0.6875
vn 0.5322 0.4944 0.6873
vn 0.5031 0.5261 0.6856
vn 0.7636 0.0260 -0.6452
vn 0.7468 0.1067 -0.6565
vn 0.7512 0.0874 -0.6542
vn 0.7303 0.1680 -0.6621
vn 0.7303 0.1680 -0.6622
vn -0.0514 -0.8175 0.5737
vn -0.0223 -0.8184 0.5742
vn -0.0236 -0.8184 0.5742
vn 0.0514 0.8176 -0.5735
vn 0.0514 0.8176 -0.5736
vn -0.0353 -0.8537 -0.5195
vn -0.0344 -0.8537 -0.5196
vn -0.0487 -0.8535 -0.5187
vn -0.9988 -0.0439 0.0239
vn 0.0303 0.2019 0.9789
vn 0.0304 0.2019 0.9789
vn 0.0353 0.2022 0.9787
vn 0.9988 0.0439 -0.0239
vn 0.0944 -0.8145 0.5724
vn 0.0495 -0.8173 0.5741
vn 0.0505 -0.8172 0.5741
vn -0.0944 0.8145 -0.5724
vn 0.0400 -0.8519 -0.5222
vn 0.0093 -0.8532 -0.5215
vn 0.0096 -0.8532 -0.5215
vn 0.0077 0.2010 0.9796
vn 0.0170 0.2014 0.9794
vn 0.0161 0.2013 0.9794
vn -0.0055 0.8184 -0.5746
vn -0.0254 -0.5756 -0.8173
vn 0.0254 0.5756 0.8173
vn 0.0882 -0.8150 0.5727
vn -0.2159 0.5524 0.8051
vn -0.0882 0.8150 -0.5727
vn 0.2651 -0.5434 -0.7965
vn -0.1267 -0.8177 0.5616
vn -0.1094 -0.8183 0.5643
vn -0.1098 -0.8183 0.5642
vn 0.1267 0.8177 -0.5615
vn 0.0453 -0.8531 -0.5198
vn 0.0448 -0.8531 -0.5198
vn 0.0526 -0.8531 -0.5190
vn -0.9925 -0.0247 -0.1196
vn -0.0890 0.2014 0.9755
vn -0.0885 0.2014 0.9755
vn -0.0661 0.2017 0.9772
vn 0.9925 0.0246 0.1195
vn 0.9925 0.0247 0.1196
vn -0.0095 -0.8166 0.5771
vn -0.0520 -0.8184 0.5723
vn -0.0500 -0.8183 0.5726
vn 0.0095 0.8167 -0.5770
vn 0.0587 -0.8531 -0.5184
vn 0.0480 -0.8531 -0.5195
vn 0.0481 -0.8531 -0.5195
vn -0.1538 0.1998 0.9677
vn -0.1317 0.2004 0.9708
vn -0.1334 0.2003 0.9706
vn 0.0925 0.8186 -0.5669
vn 0.0924 0.8186 -0.5669
vn 0.0811 -0.5748 -0.8143
vn -0.9925 -0.0247 -0.1195
vn -0.0811 0.5748 0.8143
vn -0.0254 -0.8175 0.5754
vn -0.3089 0.5576 0.7705
vn 0.0254 0.8175 -0.5754
vn 0.3569 -0.5498 -0.7552
vn 0.8090 0.5878 -0.0000
vn 0.7715 0.6362 -0.0000
vn 0.9974 0.0718 -0.0000
vn 0.3091 0.9510 -0.0000
vn 0.2856 0.9583 -0.0000
vn 0.3090 0.9511 -0.0000
vn -0.3090 0.9511 -0.0000
vn -0.2856 0.9584 -0.0000
vn 0.2856 0.9584 -0.0000
vn -0.8090 0.5878 -0.0000
vn -0.7715 0.6362 -0.0000
vn -0.9974 0.0718 -0.0000
vn -0.8090 -0.5878 -0.0000
vn -0.8409 -0.5412 -0.0000
vn -0.3090 -0.9511 -0.0000
vn -0.3292 -0.9443 -0.0000
vn 0.3090 -0.9511 -0.0000
vn 0.3292 -0.9443 -0.0000
vn 0.8090 -0.5878 -0.0000
vn 0.8409 -0.5412 -0.0000
vn -0.0000 -0.3564 0.9343
vn 0.0001 -0.3564 0.9343
vn -0.9889 -0.1079 0.1025
vn -0.7497 -0.6542 0.1004
vn -0.0000 -0.0038 1.0000
vn -0.2744 -0.9565 0.0993
vn 0.2744 -0.9565 0.0993
vn 0.7497 -0.6542 0.1004
vn 0.9889 -0.1079 0.1025
vn 0.8529 0.5114 0.1051
vn 0.3391 0.9346 0.1070
vn -0.3391 0.9347 0.1070
vn -0.3391 0.9346 0.1070
vn -0.8529 0.5114 0.1051
vn -0.2856 0.9583 -0.0000
vn -0.3091 0.9510 -0.0000
vn -0.0001 -0.3564 0.9343
vn 0.3391 0.9347 0.1070
vn 0.4518 -0.8921 -0.0000
vn -0.0000 -0.4004 0.9163
vn -0.0000 -0.7338 0.6794
vn -0.0000 -0.1303 0.9915
vn -0.0000 -0.1303 -0.9915
vn -0.0000 -0.7338 -0.6794
vn -0.0000 -0.4004 -0.9163
vn -0.4518 -0.8921 -0.0000
vn -0.2097 0.8704 -0.4455
vn -0.0439 -0.4636 0.8850
vn 0.9843 0.1754 -0.0217
vn 0.2097 0.8704 -0.4455
vn 0.0439 -0.4636 0.8850
vn -0.0082 0.9998 -0.0171
vn 0.0012 1.0000 -0.0039
vn -0.0176 0.9994 -0.0309
vn 0.0082 0.9998 -0.0171
vn -0.0003 -1.0000 0.0039
vn 0.0143 0.9944 -0.1050
vn -0.0000 0.8864 -0.4628
vn -0.0640 0.8856 -0.4601
vn -0.0571 0.8972 -0.4379
vn -0.0000 0.8993 -0.4373
vn -0.0953 0.8842 -0.4574
vn -0.0852 0.8947 -0.4385
vn -0.0749 0.9049 -0.4190
vn -0.0482 0.9089 -0.4142
vn -0.0000 0.9124 -0.4093
vn -0.0312 0.7556 0.6543
vn -0.0346 0.7183 0.6949
vn -0.0000 0.7176 0.6964
vn -0.0000 0.7583 0.6519
vn -0.0581 0.7520 0.6566
vn -0.0626 0.7152 0.6961
vn -0.0660 0.6857 0.7249
vn -0.0388 0.6810 0.7313
vn -0.0000 0.6749 0.7379
vn -0.9145 0.4041 0.0213
vn -0.9057 0.4238 0.0106
vn -0.9380 0.3464 0.0147
vn -0.9408 0.3379 0.0272
vn -0.8677 0.4969 0.0143
vn -0.8668 0.4986 0.0067
vn -0.8660 0.5001 -0.0011
vn -0.9077 0.4196 0.0023
vn -0.9355 0.3532 0.0050
vn -0.8647 0.5023 -0.0074
vn -0.8988 0.4382 -0.0130
vn -0.8938 0.4485 -0.0021
vn -0.8665 0.4991 -0.0028
vn -0.9267 0.3751 -0.0236
vn -0.9284 0.3713 -0.0162
vn -0.9267 0.3750 -0.0236
vn -0.9306 0.3660 -0.0019
vn -0.9210 0.3882 0.0309
vn -0.8997 0.4353 0.0334
vn -0.9380 0.3456 0.0276
vn -0.9362 0.3505 0.0259
vn -0.9344 0.3553 0.0242
vn -0.8609 0.5084 -0.0203
vn -0.8694 0.4930 0.0336
vn -0.9413 0.3361 0.0302
vn 0.0571 0.8972 -0.4379
vn 0.0640 0.8855 -0.4601
vn 0.0852 0.8947 -0.4385
vn 0.0953 0.8842 -0.4574
vn 0.0482 0.9089 -0.4142
vn 0.0749 0.9049 -0.4190
vn 0.0312 0.7556 0.6543
vn 0.0346 0.7183 0.6949
vn 0.0580 0.7521 0.6565
vn 0.0626 0.7152 0.6961
vn 0.0387 0.6810 0.7312
vn 0.0660 0.6857 0.7249
vn 0.9145 0.4041 0.0213
vn 0.9408 0.3378 0.0272
vn 0.9380 0.3464 0.0147
vn 0.9057 0.4238 0.0106
vn 0.8668 0.4986 0.0067
vn 0.8676 0.4971 0.0141
vn 0.8659 0.5002 -0.0010
vn 0.9077 0.4196 0.0023
vn 0.9355 0.3532 0.0050
vn 0.8647 0.5023 -0.0074
vn 0.8665 0.4992 -0.0027
vn 0.8938 0.4485 -0.0021
vn 0.8989 0.4379 -0.0132
vn 0.9267 0.3751 -0.0236
vn 0.9267 0.3750 -0.0236
vn 0.9284 0.3713 -0.0162
vn 0.9306 0.3661 -0.0018
vn 0.9210 0.3882 0.0309
vn 0.9362 0.3505 0.0259
vn 0.9380 0.3456 0.0276
vn 0.8997 0.4353 0.0334
vn 0.9344 0.3553 0.0242
vn 0.8609 0.5084 -0.0203
vn 0.9171 0.3979 -0.0241
vn 0.8587 0.5118 -0.0259
vn 0.8694 0.4930 0.0336
vn 0.8694 0.4931 0.0304
vn 0.8718 0.4891 0.0283
vn 0.9413 0.3361 0.0302
vn -0.9171 0.3979 -0.0241
vn -0.8587 0.5118 -0.0259
vn -0.8718 0.4891 0.0283
vn -0.8694 0.4931 0.0304
vn -0.9351 0.0608 -0.3491
vn -0.8974 0.0213 -0.4407
vn -0.9031 -0.0442 -0.4272
vn -0.8662 0.0011 -0.4997
vn -0.8710 -0.0645 -0.4870
vn -0.9548 -0.0734 0.2881
vn -0.9546 -0.0733 0.2887
vn -0.9343 -0.0673 0.3500
vn 0.0346 0.1781 -0.9834
vn 0.0834 0.1013 -0.9914
vn 0.0735 0.1169 -0.9904
vn -0.9711 -0.0792 0.2253
vn 0.1216 0.0397 -0.9918
vn -0.2669 -0.7846 -0.5597
vn -0.2680 -0.7823 -0.5622
vn -0.3113 -0.6780 -0.6659
vn -0.2669 -0.7846 -0.5596
vn -0.5640 -0.7679 -0.3035
vn -0.5640 -0.7680 -0.3035
vn -0.5640 -0.7679 -0.3036
vn -0.5641 -0.7679 -0.3036
vn -0.4185 0.0318 -0.9076
vn -0.4151 0.0860 -0.9057
vn -0.4154 0.0850 -0.9056
vn -0.4184 0.0421 -0.9073
vn -0.4111 0.1339 -0.9017
vn -0.4119 0.1316 -0.9017
vn -0.8550 0.0816 -0.5122
vn -0.9056 0.0874 -0.4150
vn -0.9350 0.0813 -0.3452
vn -0.9386 0.0781 -0.3361
vn -0.9245 0.1195 -0.3620
vn -0.9224 0.1199 -0.3672
vn -0.8014 -0.2568 0.5402
vn -0.8014 -0.2568 0.5403
vn -0.8315 -0.1616 0.5315
vn -0.8271 -0.1776 0.5333
vn 0.4057 0.4658 -0.7864
vn 0.4476 0.4213 -0.7888
vn 0.5135 0.3442 -0.7861
vn 0.5134 0.3442 -0.7861
vn 0.2642 0.6153 -0.7427
vn 0.2646 0.6148 -0.7430
vn -0.1400 0.9087 -0.3933
vn -0.1510 0.8771 -0.4560
vn -0.1511 0.8769 -0.4563
vn -0.1187 0.8345 -0.5381
vn -0.0059 0.8032 -0.5956
vn -0.0059 0.8033 -0.5956
vn 0.1299 0.7328 -0.6679
vn 0.1298 0.7329 -0.6678
vn -0.4294 0.8779 -0.2119
vn -0.4376 0.8745 -0.2093
vn -0.3665 0.9013 -0.2311
vn -0.8522 0.0718 0.5183
vn -0.8099 0.4232 0.4061
vn -0.8102 0.4220 0.4067
vn -0.8534 0.0409 0.5196
vn -0.5583 0.8267 -0.0700
vn -0.5387 0.8351 -0.1118
vn -0.6775 0.7178 0.1603
vn -0.6616 0.7387 0.1286
vn -0.4126 0.1281 -0.9019
vn -0.4159 0.0729 -0.9065
vn -0.4183 0.0502 -0.9069
vn -0.3142 -0.6695 -0.6731
vn -0.4114 0.1268 -0.9026
vn -0.4106 0.1249 -0.9032
vn -0.4102 0.1224 -0.9037
vn -0.4131 0.4809 -0.7734
vn -0.7001 -0.2964 -0.6497
vn -0.7588 0.3711 -0.5353
vn 0.1025 0.4773 -0.8728
vn -0.0197 -0.2962 -0.9549
vn -0.1379 -0.2204 -0.9656
vn -0.1463 0.2433 -0.9588
vn -0.7676 -0.3601 -0.5302
vn -0.9531 -0.1192 -0.2781
vn -0.8579 0.3188 -0.4030
vn -0.2101 0.7379 -0.6413
vn -0.9073 0.0103 0.4203
vn -0.9080 0.0435 0.4167
vn -0.9489 0.0288 0.3143
vn -0.9499 -0.0008 0.3125
vn -0.5498 0.0777 0.8317
vn -0.7227 0.0663 0.6880
vn -0.7169 0.0400 0.6960
vn -0.5561 0.0559 0.8292
vn -0.7173 0.0945 0.6903
vn -0.9059 0.0773 0.4164
vn -0.9114 -0.0893 0.4017
vn -0.8898 -0.1029 0.4446
vn -0.9451 -0.0637 0.3205
vn -0.9451 -0.0636 0.3205
vn -0.7317 -0.1870 0.6555
vn -0.6655 -0.2144 0.7149
vn -0.5187 -0.2629 0.8135
vn -0.9461 0.0699 0.3164
vn -0.5428 0.1005 0.8338
vn 0.4162 0.0829 0.9055
vn 0.4163 0.0828 0.9055
vn 0.3932 0.1056 0.9133
vn -0.9535 0.1185 0.2771
vn 0.4565 -0.0301 0.8892
vn -0.9685 0.0390 0.2460
vn -0.9684 0.0375 0.2466
vn -0.9702 0.0719 0.2313
vn 0.4613 -0.3602 0.8108
vn -0.9704 0.0027 0.2416
vn -0.9704 0.0028 0.2415
vn 0.4386 0.0601 0.8967
vn -0.9653 0.0043 0.2611
vn -0.1883 -0.5214 0.8323
vn -0.1894 -0.5107 0.8386
vn -0.1593 -0.7134 0.6824
vn -0.7152 -0.6602 0.2291
vn -0.7228 -0.6047 0.3345
vn -0.7227 -0.6066 0.3313
vn -0.7152 -0.6603 0.2291
vn -0.5751 -0.6159 0.5384
vn -0.5686 -0.6184 0.5424
vn -0.4021 -0.6675 0.6267
vn -0.9395 0.0987 0.3279
vn -0.8975 0.1056 0.4281
vn -0.8927 0.1063 0.4380
vn -0.9369 0.0994 0.3350
vn -0.7134 0.0997 0.6937
vn -0.6992 0.0984 0.7081
vn -0.5331 0.0818 0.8421
vn -0.2002 0.0607 0.9779
vn -0.2005 0.0577 0.9780
vn -0.2004 0.0613 0.9778
vn -0.1885 -0.3439 0.9199
vn -0.1897 -0.3427 0.9201
vn -0.1898 -0.3426 0.9201
vn -0.2062 0.1263 0.9703
vn -0.2067 0.1184 0.9712
vn -0.2113 0.1119 0.9710
vn -0.2119 0.1194 0.9700
vn -0.2160 0.1063 0.9706
vn -0.2160 0.1144 0.9697
vn -0.7632 0.2244 -0.6060
vn -0.7509 0.2186 -0.6232
vn -0.6997 0.1951 -0.6873
vn -0.8342 0.1298 -0.5360
vn -0.8074 0.2458 -0.5364
vn -0.7033 0.6836 0.1950
vn 0.3824 0.6791 0.6265
vn 0.0071 0.7771 0.6294
vn 0.0392 0.7733 0.6328
vn -0.7074 0.6936 -0.1362
vn -0.7038 0.6994 -0.1247
vn -0.7919 0.3972 -0.4639
vn -0.7922 0.3959 -0.4644
vn -0.8152 0.2705 -0.5121
vn -0.5575 0.7922 0.2484
vn -0.5554 0.7913 0.2558
vn -0.4378 0.7782 0.4502
vn -0.4379 0.7782 0.4501
vn 0.4749 0.5154 0.7134
vn 0.4675 0.5247 0.7115
vn 0.2313 0.7128 0.6621
vn 0.2373 0.7097 0.6633
vn -0.0115 0.7776 0.6286
vn -0.0111 0.7776 0.6286
vn -0.1037 0.7703 0.6292
vn 0.5527 0.4065 0.7275
vn 0.5527 0.4066 0.7275
vn 0.6712 -0.1558 0.7248
vn 0.6711 -0.1559 0.7248
vn 0.6759 0.2739 0.6842
vn 0.6807 0.2780 0.6778
vn 0.6521 0.2536 0.7144
vn 0.6521 0.2536 0.7145
vn 0.7031 0.2978 0.6457
vn -0.2006 0.0572 0.9780
vn -0.2010 0.0550 0.9780
vn -0.1910 -0.3413 0.9203
vn -0.1910 -0.3414 0.9203
vn -0.2070 0.1111 0.9720
vn -0.2114 0.1038 0.9719
vn -0.2160 0.0966 0.9716
vn -0.2160 0.1062 0.9706
vn -0.1588 -0.7161 0.6797
vn -0.1999 0.0599 0.9780
vn -0.9420 0.0981 0.3210
vn 0.9351 0.0608 -0.3491
vn 0.9031 -0.0442 -0.4272
vn 0.8974 0.0213 -0.4407
vn 0.8710 -0.0645 -0.4870
vn 0.8662 0.0011 -0.4997
vn 0.9343 -0.0673 0.3500
vn 0.9546 -0.0733 0.2887
vn 0.9548 -0.0734 0.2881
vn -0.0346 0.1781 -0.9834
vn -0.0735 0.1169 -0.9904
vn -0.0834 0.1013 -0.9914
vn 0.9711 -0.0792 0.2253
vn -0.1216 0.0397 -0.9918
vn 0.3113 -0.6780 -0.6659
vn 0.2680 -0.7823 -0.5623
vn 0.2669 -0.7846 -0.5597
vn 0.2669 -0.7846 -0.5596
vn 0.5640 -0.7679 -0.3035
vn 0.5641 -0.7679 -0.3036
vn 0.5640 -0.7680 -0.3035
vn 0.4154 0.0849 -0.9057
vn 0.4151 0.0860 -0.9057
vn 0.4185 0.0318 -0.9076
vn 0.4184 0.0421 -0.9073
vn 0.4119 0.1316 -0.9017
vn 0.4111 0.1339 -0.9017
vn 0.8550 0.0816 -0.5122
vn 0.9056 0.0874 -0.4150
vn 0.9350 0.0813 -0.3452
vn 0.9386 0.0781 -0.3361
vn 0.9245 0.1195 -0.3620
vn 0.9224 0.1199 -0.3672
vn 0.8014 -0.2568 0.5403
vn 0.8270 -0.1776 0.5333
vn 0.8315 -0.1616 0.5315
vn 0.8014 -0.2568 0.5402
vn -0.4057 0.4658 -0.7864
vn -0.5134 0.3442 -0.7861
vn -0.4476 0.4213 -0.7888
vn -0.2642 0.6152 -0.7428
vn -0.2646 0.6148 -0.7430
vn 0.1400 0.9087 -0.3933
vn 0.1511 0.8769 -0.4563
vn 0.1510 0.8771 -0.4560
vn 0.1187 0.8345 -0.5381
vn 0.0059 0.8033 -0.5956
vn 0.0059 0.8032 -0.5956
vn -0.1298 0.7329 -0.6678
vn -0.1299 0.7328 -0.6679
vn 0.4294 0.8779 -0.2119
vn 0.3665 0.9013 -0.2311
vn 0.4376 0.8744 -0.2093
vn 0.8102 0.4220 0.4067
vn 0.8099 0.4232 0.4061
vn 0.8522 0.0717 0.5183
vn 0.8534 0.0409 0.5196
vn 0.5583 0.8267 -0.0700
vn 0.5386 0.8351 -0.1118
vn 0.6617 0.7387 0.1286
vn 0.6776 0.7178 0.1604
vn 0.4126 0.1281 -0.9019
vn 0.4183 0.0502 -0.9069
vn 0.4160 0.0729 -0.9065
vn 0.3142 -0.6695 -0.6731
vn 0.4114 0.1268 -0.9026
vn 0.4106 0.1249 -0.9032
vn 0.4102 0.1224 -0.9037
vn 0.4131 0.4809 -0.7734
vn 0.7588 0.3711 -0.5353
vn 0.7001 -0.2963 -0.6497
vn -0.1025 0.4773 -0.8728
vn 0.1467 0.2432 -0.9588
vn 0.1379 -0.2203 -0.9656
vn 0.0197 -0.2962 -0.9549
vn 0.7676 -0.3601 -0.5302
vn 0.9531 -0.1192 -0.2781
vn 0.8579 0.3188 -0.4030
vn 0.2101 0.7379 -0.6413
vn 0.9073 0.0103 0.4203
vn 0.9499 -0.0008 0.3125
vn 0.9489 0.0288 0.3143
vn 0.9080 0.0435 0.4167
vn 0.7169 0.0400 0.6960
vn 0.7228 0.0663 0.6879
vn 0.5498 0.0777 0.8317
vn 0.5561 0.0560 0.8292
vn 0.9059 0.0773 0.4164
vn 0.7173 0.0945 0.6903
vn 0.9113 -0.0894 0.4018
vn 0.9451 -0.0636 0.3205
vn 0.9451 -0.0637 0.3205
vn 0.8898 -0.1031 0.4446
vn 0.6655 -0.2145 0.7149
vn 0.7317 -0.1870 0.6555
vn 0.5187 -0.2630 0.8135
vn 0.5188 -0.2632 0.8134
vn 0.9460 0.0700 0.3164
vn 0.5428 0.1005 0.8338
vn -0.4162 0.0829 0.9055
vn -0.3932 0.1056 0.9134
vn -0.4163 0.0828 0.9055
vn 0.9535 0.1185 0.2771
vn -0.4565 -0.0301 0.8892
vn -0.4564 -0.0301 0.8892
vn 0.9685 0.0390 0.2460
vn 0.9702 0.0719 0.2313
vn 0.9684 0.0375 0.2466
vn -0.4613 -0.3602 0.8108
vn 0.9704 0.0028 0.2414
vn 0.9704 0.0027 0.2416
vn -0.4386 0.0601 0.8967
vn 0.9653 0.0043 0.2611
vn 0.1882 -0.5215 0.8323
vn 0.1593 -0.7134 0.6824
vn 0.1894 -0.5107 0.8386
vn 0.7153 -0.6603 0.2291
vn 0.7152 -0.6603 0.2291
vn 0.7227 -0.6066 0.3313
vn 0.7228 -0.6047 0.3345
vn 0.5751 -0.6159 0.5385
vn 0.4021 -0.6675 0.6267
vn 0.5687 -0.6184 0.5424
vn 0.9395 0.0987 0.3279
vn 0.9369 0.0994 0.3351
vn 0.8927 0.1063 0.4380
vn 0.8975 0.1056 0.4281
vn 0.6993 0.0984 0.7081
vn 0.7134 0.0998 0.6936
vn 0.5331 0.0818 0.8421
vn 0.2002 0.0607 0.9779
vn 0.2004 0.0613 0.9778
vn 0.2005 0.0576 0.9780
vn 0.1885 -0.3439 0.9199
vn 0.1898 -0.3425 0.9201
vn 0.1897 -0.3427 0.9201
vn 0.2062 0.1263 0.9703
vn 0.2120 0.1195 0.9700
vn 0.2113 0.1119 0.9710
vn 0.2067 0.1184 0.9712
vn 0.2160 0.1144 0.9697
vn 0.2160 0.1062 0.9706
vn 0.7631 0.2243 -0.6060
vn 0.6997 0.1951 -0.6873
vn 0.7509 0.2186 -0.6232
vn 0.8341 0.1298 -0.5361
vn 0.8341 0.1298 -0.5360
vn 0.8342 0.1298 -0.5360
vn 0.8073 0.2458 -0.5365
vn 0.7033 0.6836 0.1950
vn 0.7034 0.6836 0.1950
vn -0.3824 0.6791 0.6265
vn -0.0393 0.7733 0.6328
vn -0.0071 0.7771 0.6294
vn -0.3824 0.6791 0.6266
vn 0.7074 0.6936 -0.1362
vn 0.7922 0.3959 -0.4644
vn 0.7919 0.3972 -0.4638
vn 0.7038 0.6994 -0.1247
vn 0.8152 0.2705 -0.5121
vn 0.8152 0.2705 -0.5122
vn 0.5575 0.7922 0.2484
vn 0.5554 0.7913 0.2558
vn 0.4377 0.7783 0.4502
vn 0.4379 0.7783 0.4501
vn -0.4749 0.5153 0.7134
vn -0.2373 0.7096 0.6634
vn -0.2313 0.7126 0.6623
vn -0.4675 0.5247 0.7115
vn 0.0111 0.7777 0.6286
vn 0.0115 0.7776 0.6286
vn 0.1037 0.7703 0.6292
vn -0.5527 0.4065 0.7275
vn -0.6711 -0.1559 0.7248
vn -0.6711 -0.1561 0.7247
vn -0.6759 0.2739 0.6842
vn -0.6521 0.2536 0.7144
vn -0.6521 0.2536 0.7145
vn -0.6807 0.2780 0.6778
vn -0.7031 0.2978 0.6457
vn 0.2006 0.0572 0.9780
vn 0.2010 0.0550 0.9780
vn 0.2010 0.0550 0.9781
vn 0.1910 -0.3413 0.9203
vn 0.2114 0.1038 0.9719
vn 0.2070 0.1111 0.9720
vn 0.2159 0.0966 0.9716
vn 0.1588 -0.7161 0.6797
vn 0.1999 0.0599 0.9780
vn 0.9420 0.0981 0.3210
vn -0.9807 -0.0000 0.1956
vn -0.9785 0.0670 0.1952
vn -0.9861 0.0553 0.1570
vn -0.9893 -0.0000 0.1462
vn -0.9911 0.0578 0.1201
vn -0.9932 -0.0000 0.1164
vn -0.9861 -0.0553 0.1570
vn -0.9785 -0.0670 0.1952
vn -0.9911 -0.0578 0.1201
vn -0.9865 -0.0709 0.1473
vn -0.9807 -0.1529 0.1220
vn -0.9785 -0.1108 0.1741
vn -0.9861 -0.0883 0.1411
vn -0.9893 -0.1143 0.0912
vn -0.9932 -0.0910 0.0726
vn -0.9861 -0.1572 0.0547
vn -0.9785 -0.1944 0.0693
vn -0.9911 -0.1299 0.0297
vn -0.9865 -0.1594 0.0364
vn -0.9807 -0.1907 -0.0435
vn -0.9893 -0.1426 -0.0325
vn -0.9861 -0.1407 -0.0888
vn -0.9785 -0.1754 -0.1088
vn -0.9911 -0.1042 -0.0831
vn -0.9865 -0.1278 -0.1019
vn -0.9807 -0.0849 -0.1762
vn -0.9893 -0.0634 -0.1317
vn -0.9861 -0.0183 -0.1654
vn -0.9785 -0.0243 -0.2049
vn -0.9911 -0.0000 -0.1332
vn -0.9865 -0.0000 -0.1635
vn -0.9785 -0.2052 0.0219
vn -0.9861 -0.1653 0.0190
vn -0.9932 -0.1135 -0.0259
vn -0.9785 -0.1451 -0.1468
vn -0.9861 -0.1179 -0.1174
vn -0.9932 -0.0505 -0.1049
vn -0.9807 0.0849 -0.1762
vn -0.9785 0.0243 -0.2049
vn -0.9861 0.0183 -0.1654
vn -0.9893 0.0634 -0.1317
vn -0.9932 0.0505 -0.1049
vn -0.9861 0.1179 -0.1174
vn -0.9785 0.1451 -0.1468
vn -0.9911 0.1042 -0.0831
vn -0.9865 0.1278 -0.1019
vn -0.9807 0.1907 -0.0435
vn -0.9785 0.1754 -0.1088
vn -0.9861 0.1407 -0.0888
vn -0.9893 0.1426 -0.0325
vn -0.9932 0.1135 -0.0259
vn -0.9861 0.1653 0.0190
vn -0.9785 0.2052 0.0219
vn -0.9911 0.1299 0.0297
vn -0.9865 0.1594 0.0364
vn -0.9807 0.1529 0.1220
vn -0.9785 0.1944 0.0693
vn -0.9861 0.1572 0.0547
vn -0.9893 0.1143 0.0912
vn -0.9932 0.0910 0.0726
vn -0.9861 0.0883 0.1411
vn -0.9785 0.1108 0.1741
vn -0.9865 0.0709 0.1473
vn -0.9665 -0.1114 -0.2313
vn -0.9654 -0.0000 -0.2607
vn -0.9665 0.1114 -0.2313
vn -0.9654 0.2038 -0.1625
vn -0.9665 0.2502 -0.0571
vn -0.9654 0.2542 0.0580
vn -0.9665 0.2007 0.1600
vn -0.9654 0.1131 0.2349
vn -0.9665 -0.0000 0.2567
vn -0.9654 -0.1131 0.2349
vn -0.9665 -0.2007 0.1600
vn -0.9654 -0.2542 0.0580
vn -0.9665 -0.2502 -0.0571
vn -0.9654 -0.2038 -0.1625
vn -0.0000 0.9988 0.0486
vn -0.0000 0.4339 0.9010
vn -0.0000 0.5765 0.8171
vn -0.0000 -0.9988 0.0486
vn -0.0000 -0.5765 0.8171
vn -0.0000 -0.4339 0.9010
vn -0.0000 0.5848 0.8112
vn -0.0000 -0.2794 0.9602
vn -0.0000 -0.6607 -0.7506
vn -0.0000 -0.9983 0.0587
vn -0.0000 -0.9749 0.2225
vn -0.0000 0.1749 -0.9846
vn -0.0000 -0.6683 -0.7439
vn -0.0000 -0.7818 -0.6235
vn -0.0000 0.8788 -0.4771
vn -0.0000 0.1649 -0.9863
vn -0.0000 -0.2696 0.9630
vn -0.0000 -0.9249 0.3802
vn -0.0000 -0.9210 0.3896
vn -0.0000 -0.8739 -0.4860
vn -0.0000 -0.8788 -0.4771
vn -0.0000 -0.1649 -0.9863
vn -0.0000 0.9210 0.3896
vn -0.0000 0.8739 -0.4860
vn -0.0000 0.7818 -0.6235
vn -0.0000 -0.1749 -0.9846
vn -0.0000 0.6683 -0.7439
vn -0.0000 0.2696 0.9630
vn -0.0000 0.9249 0.3802
vn -0.0000 0.9749 0.2225
vn -0.0000 0.6607 -0.7506
vn -0.0000 0.9983 0.0587
vn -0.0000 -0.5848 0.8112
vn -0.0000 0.2794 0.9602
vn -0.9091 -0.0000 0.4165
vn -0.9091 0.1287 0.3961
vn -0.9091 0.2448 0.3370
vn -0.9091 0.3370 0.2448
vn -0.9091 0.3961 0.1287
vn -0.9091 0.4165 -0.0000
vn -0.9091 0.3961 -0.1287
vn -0.9091 0.3370 -0.2448
vn -0.9091 0.2448 -0.3370
vn -0.9091 0.1287 -0.3961
vn -0.9091 -0.0000 -0.4165
vn -0.9091 -0.1287 -0.3961
vn -0.9091 -0.2448 -0.3370
vn -0.9091 -0.3369 -0.2448
vn -0.9091 -0.3961 -0.1287
vn -0.9091 -0.4165 -0.0000
vn -0.9091 -0.3961 0.1287
vn -0.9091 -0.3370 0.2448
vn -0.9091 -0.2448 0.3369
vn -0.9091 -0.1287 0.3961
vn -0.3798 -0.0000 -0.9251
vn -0.3798 -0.2859 -0.8798
vn -0.3798 -0.5437 -0.7484
vn -0.3798 -0.7484 -0.5437
vn -0.3798 -0.8798 -0.2859
vn -0.3798 -0.9251 -0.0000
vn -0.3798 -0.8798 0.2859
vn -0.3798 -0.7484 0.5437
vn -0.3798 -0.5437 0.7484
vn -0.3798 -0.2859 0.8798
vn -0.3798 -0.0000 0.9251
vn -0.3798 0.2859 0.8798
vn -0.3798 0.5437 0.7484
vn -0.3798 0.7484 0.5437
vn -0.3798 0.8798 0.2859
vn -0.3798 0.9251 -0.0000
vn -0.3798 0.8798 -0.2859
vn -0.3798 0.7484 -0.5437
vn -0.3798 0.5437 -0.7484
vn -0.3798 0.2859 -0.8798
vn 0.9091 -0.0000 -0.4165
vn 0.9091 0.1287 -0.3961
vn 0.9091 0.2448 -0.3369
vn 0.9091 0.3369 -0.2448
vn 0.9091 0.3961 -0.1287
vn 0.9091 0.4165 -0.0000
vn 0.9091 0.3961 0.1287
vn 0.9091 0.3370 0.2448
vn 0.9091 0.2448 0.3369
vn 0.9091 0.2448 0.3370
vn 0.9091 0.1287 0.3961
vn 0.9091 -0.0000 0.4165
vn 0.9091 -0.1287 0.3961
vn 0.9091 -0.2448 0.3370
vn 0.9091 -0.3370 0.2448
vn 0.9091 -0.3961 0.1287
vn 0.9091 -0.4165 -0.0000
vn 0.9091 -0.3961 -0.1287
vn 0.9091 -0.3370 -0.2448
vn 0.9091 -0.2448 -0.3369
vn 0.9091 -0.1287 -0.3961
vn 0.1566 -0.0000 0.9877
vn 0.1566 -0.3052 0.9393
vn 0.1566 -0.5805 0.7990
vn 0.1566 -0.7990 0.5805
vn 0.1566 -0.9393 0.3052
vn 0.1566 -0.9877 -0.0000
vn 0.1566 -0.9393 -0.3052
vn 0.1566 -0.7990 -0.5805
vn 0.1566 -0.5805 -0.7990
vn 0.1566 -0.3052 -0.9393
vn 0.1566 -0.0000 -0.9877
vn 0.1566 0.3052 -0.9393
vn 0.1566 0.5805 -0.7990
vn 0.1566 0.7990 -0.5805
vn 0.1566 0.9393 -0.3052
vn 0.1566 0.9877 -0.0000
vn 0.1566 0.9393 0.3052
vn 0.1566 0.7990 0.5805
vn 0.1566 0.5805 0.7990
vn 0.1566 0.3052 0.9393
vn -0.8040 0.1837 0.5655
vn -0.9992 0.0124 0.0383
vn -0.9992 -0.0000 0.0402
vn -0.8040 -0.0000 0.5946
vn -0.8040 0.3495 0.4810
vn -0.9992 0.0237 0.0326
vn -0.8040 0.4810 0.3495
vn -0.9992 0.0326 0.0237
vn -0.8040 0.5655 0.1837
vn -0.9992 0.0383 0.0124
vn -0.8040 0.5946 -0.0000
vn -0.9992 0.0402 -0.0000
vn -0.8040 0.5655 -0.1837
vn -0.9992 0.0383 -0.0124
vn -0.8040 0.4810 -0.3495
vn -0.9992 0.0326 -0.0237
vn -0.8040 0.3495 -0.4810
vn -0.9992 0.0237 -0.0326
vn -0.8040 0.1837 -0.5655
vn -0.9992 0.0124 -0.0383
vn -0.8040 -0.0000 -0.5946
vn -0.9992 -0.0000 -0.0402
vn -0.8040 -0.1837 -0.5655
vn -0.9992 -0.0124 -0.0383
vn -0.8040 -0.3495 -0.4810
vn -0.9992 -0.0237 -0.0326
vn -0.8040 -0.4810 -0.3495
vn -0.9992 -0.0326 -0.0237
vn -0.8040 -0.5655 -0.1837
vn -0.9992 -0.0383 -0.0124
vn -0.8040 -0.5946 -0.0000
vn -0.9992 -0.0402 -0.0000
vn -0.8040 -0.5655 0.1837
vn -0.9992 -0.0383 0.0124
vn -0.8040 -0.4810 0.3495
vn -0.9992 -0.0326 0.0237
vn -0.8040 -0.3495 0.4810
vn -0.9992 -0.0237 0.0326
vn -0.8040 -0.1837 0.5655
vn -0.9992 -0.0124 0.0383
vn -0.2663 -0.0000 0.9639
vn -0.2663 0.2979 0.9167
vn -0.2663 0.5666 0.7798
vn -0.2663 0.7798 0.5665
vn -0.2663 0.9167 0.2978
vn -0.2663 0.9639 -0.0000
vn -0.2663 0.9167 -0.2979
vn -0.2663 0.7798 -0.5666
vn -0.2663 0.5665 -0.7798
vn -0.2663 0.2978 -0.9167
vn -0.2663 -0.0000 -0.9639
vn -0.2663 -0.2979 -0.9167
vn -0.2663 -0.5666 -0.7798
vn -0.2663 -0.7798 -0.5665
vn -0.2663 -0.9167 -0.2978
vn -0.2663 -0.9639 -0.0000
vn -0.2663 -0.9167 0.2979
vn -0.2663 -0.7798 0.5666
vn -0.2663 -0.5665 0.7798
vn -0.2663 -0.2978 0.9167
vn -0.9894 -0.0448 -0.1378
vn -0.9894 -0.0000 -0.1449
vn -0.9894 -0.0852 -0.1172
vn -0.9894 -0.1172 -0.0852
vn -0.9894 -0.1378 -0.0448
vn -0.9894 -0.1449 -0.0000
vn -0.9894 -0.1378 0.0448
vn -0.9894 -0.1172 0.0852
vn -0.9894 -0.0852 0.1172
vn -0.9894 -0.0448 0.1378
vn -0.9894 -0.0000 0.1449
vn -0.9894 0.0448 0.1378
vn -0.9894 0.0852 0.1172
vn -0.9894 0.1172 0.0852
vn -0.9894 0.1378 0.0448
vn -0.9894 0.1449 -0.0000
vn -0.9894 0.1378 -0.0448
vn -0.9894 0.1172 -0.0852
vn -0.9894 0.0852 -0.1172
vn -0.9894 0.0448 -0.1378
vn -0.2662 -0.0000 0.9639
vn 0.2663 -0.0000 0.9639
vn 0.2663 0.2979 0.9167
vn 0.2663 0.5666 0.7798
vn -0.2662 0.9639 -0.0000
vn -0.2662 0.9167 0.2979
vn 0.2663 0.9167 0.2979
vn 0.2662 0.9639 -0.0000
vn 0.2663 0.9167 -0.2979
vn 0.2663 0.7798 -0.5666
vn -0.2663 0.5666 -0.7798
vn 0.2662 0.5666 -0.7798
vn -0.2662 0.2979 -0.9167
vn 0.2663 0.2978 -0.9167
vn 0.2663 -0.0000 -0.9639
vn 0.2662 -0.2979 -0.9167
vn -0.2663 -0.7798 -0.5666
vn 0.2663 -0.7798 -0.5666
vn 0.2663 -0.9167 -0.2979
vn -0.2662 -0.9167 -0.2979
vn -0.2662 -0.9639 -0.0000
vn 0.2662 -0.9639 -0.0000
vn 0.2663 -0.9167 0.2978
vn 0.2662 -0.7798 0.5666
vn 0.2663 -0.5666 0.7798
vn -0.2662 -0.5666 0.7798
vn 0.2662 -0.2979 0.9167
vn 0.9992 -0.0000 0.0402
vn 0.9992 0.0124 0.0383
vn 0.8040 0.1837 0.5655
vn 0.8040 -0.0000 0.5946
vn 0.9992 0.0237 0.0326
vn 0.8040 0.3495 0.4810
vn 0.9992 0.0326 0.0237
vn 0.8040 0.4810 0.3495
vn 0.9992 0.0383 0.0124
vn 0.8040 0.5655 0.1837
vn 0.9992 0.0402 -0.0000
vn 0.8040 0.5946 -0.0000
vn 0.9992 0.0383 -0.0124
vn 0.8040 0.5655 -0.1837
vn 0.9992 0.0326 -0.0237
vn 0.8040 0.4810 -0.3495
vn 0.9992 0.0237 -0.0326
vn 0.8040 0.3495 -0.4810
vn 0.9992 0.0124 -0.0383
vn 0.8040 0.1837 -0.5655
vn 0.9992 -0.0000 -0.0402
vn 0.8040 -0.0000 -0.5946
vn 0.9992 -0.0124 -0.0383
vn 0.8040 -0.1837 -0.5655
vn 0.9992 -0.0237 -0.0326
vn 0.8040 -0.3495 -0.4810
vn 0.9992 -0.0326 -0.0237
vn 0.8040 -0.4810 -0.3495
vn 0.9992 -0.0383 -0.0124
vn 0.8040 -0.5655 -0.1837
vn 0.9992 -0.0402 -0.0000
vn 0.8040 -0.5946 -0.0000
vn 0.9992 -0.0383 0.0124
vn 0.8040 -0.5655 0.1837
vn 0.9992 -0.0326 0.0237
vn 0.8040 -0.4810 0.3495
vn 0.9992 -0.0237 0.0326
vn 0.8040 -0.3495 0.4810
vn 0.9992 -0.0124 0.0383
vn 0.8040 -0.1837 0.5655
vn 0.2663 0.2978 0.9167
vn 0.2663 0.5665 0.7798
vn 0.2663 0.7798 0.5666
vn 0.2663 0.9639 -0.0000
vn 0.2663 0.9167 -0.2978
vn 0.2663 0.7798 -0.5665
vn 0.2663 0.5666 -0.7798
vn 0.2663 0.2979 -0.9167
vn 0.2663 -0.2978 -0.9167
vn 0.2663 -0.5665 -0.7798
vn 0.2663 -0.9639 -0.0000
vn 0.2663 -0.7798 0.5665
vn 0.2663 -0.2979 0.9167
vn 0.9894 -0.0000 -0.1449
vn 0.9894 -0.0448 -0.1378
vn 0.9894 -0.0852 -0.1172
vn 0.9894 -0.1172 -0.0852
vn 0.9894 -0.1378 -0.0448
vn 0.9894 -0.1449 -0.0000
vn 0.9894 -0.1378 0.0448
vn 0.9894 -0.1172 0.0852
vn 0.9894 -0.0852 0.1172
vn 0.9894 -0.0448 0.1378
vn 0.9894 -0.0000 0.1449
vn 0.9894 0.0448 0.1378
vn 0.9894 0.0852 0.1172
vn 0.9894 0.1172 0.0852
vn 0.9894 0.1378 0.0448
vn 0.9894 0.1449 -0.0000
vn 0.9894 0.1378 -0.0448
vn 0.9894 0.1172 -0.0852
vn 0.9894 0.0852 -0.1172
vn 0.9894 0.0448 -0.1378
vn -0.2663 0.7798 0.5666
vn 0.2662 0.7798 0.5666
vn 0.2663 -0.5666 -0.7798
vn -0.2663 -0.5665 -0.7799
vn -0.9661 -0.0000 0.2582
vn -0.9661 0.1291 0.2236
vn -0.9661 0.2236 0.1291
vn -0.9661 0.2582 -0.0000
vn -0.9661 0.2236 -0.1291
vn -0.9661 0.1291 -0.2236
vn -0.9661 -0.0000 -0.2582
vn -0.9661 -0.1291 -0.2236
vn -0.9661 -0.2236 -0.1291
vn -0.9661 -0.2582 -0.0000
vn -0.9661 -0.2236 0.1291
vn -0.9661 -0.1291 0.2236
vn -0.9091 -0.3370 -0.2448
vn -0.9091 -0.3369 0.2448
vn -0.9091 -0.2448 0.3370
vn 0.9091 0.2448 -0.3370
vn 0.2663 -0.9167 0.2979
vn -0.2663 -0.5665 -0.7798
vn 0.9807 -0.0000 -0.1956
vn 0.9785 0.0670 -0.1952
vn 0.9861 0.0553 -0.1570
vn 0.9893 -0.0000 -0.1462
vn 0.9911 0.0578 -0.1201
vn 0.9932 -0.0000 -0.1164
vn 0.9861 -0.0553 -0.1570
vn 0.9785 -0.0670 -0.1952
vn 0.9911 -0.0578 -0.1201
vn 0.9865 -0.0709 -0.1473
vn 0.9807 -0.1529 -0.1220
vn 0.9785 -0.1108 -0.1741
vn 0.9861 -0.0883 -0.1411
vn 0.9893 -0.1143 -0.0912
vn 0.9932 -0.0910 -0.0726
vn 0.9861 -0.1572 -0.0547
vn 0.9785 -0.1944 -0.0693
vn 0.9911 -0.1299 -0.0297
vn 0.9865 -0.1594 -0.0364
vn 0.9807 -0.1907 0.0435
vn 0.9893 -0.1426 0.0325
vn 0.9861 -0.1407 0.0888
vn 0.9785 -0.1754 0.1088
vn 0.9911 -0.1042 0.0831
vn 0.9865 -0.1278 0.1019
vn 0.9807 -0.0849 0.1762
vn 0.9893 -0.0634 0.1317
vn 0.9861 -0.0183 0.1654
vn 0.9785 -0.0243 0.2049
vn 0.9911 -0.0000 0.1332
vn 0.9865 -0.0000 0.1635
vn 0.9785 -0.2052 -0.0219
vn 0.9861 -0.1653 -0.0190
vn 0.9932 -0.1135 0.0259
vn 0.9785 -0.1451 0.1468
vn 0.9861 -0.1179 0.1174
vn 0.9932 -0.0505 0.1049
vn 0.9807 0.0849 0.1762
vn 0.9785 0.0243 0.2049
vn 0.9861 0.0183 0.1654
vn 0.9893 0.0634 0.1317
vn 0.9932 0.0505 0.1049
vn 0.9861 0.1179 0.1174
vn 0.9785 0.1451 0.1468
vn 0.9911 0.1042 0.0831
vn 0.9865 0.1278 0.1019
vn 0.9807 0.1907 0.0435
vn 0.9785 0.1754 0.1088
vn 0.9861 0.1407 0.0888
vn 0.9893 0.1426 0.0325
vn 0.9932 0.1135 0.0259
vn 0.9861 0.1653 -0.0190
vn 0.9785 0.2052 -0.0219
vn 0.9911 0.1299 -0.0297
vn 0.9865 0.1594 -0.0364
vn 0.9807 0.1529 -0.1220
vn 0.9785 0.1944 -0.0693
vn 0.9861 0.1572 -0.0547
vn 0.9893 0.1143 -0.0912
vn 0.9932 0.0910 -0.0726
vn 0.9861 0.0883 -0.1411
vn 0.9785 0.1108 -0.1741
vn 0.9865 0.0709 -0.1473
vn 0.9665 -0.1114 0.2313
vn 0.9654 -0.0000 0.2607
vn 0.9665 0.1114 0.2313
vn 0.9654 0.2038 0.1625
vn 0.9665 0.2502 0.0571
vn 0.9654 0.2542 -0.0580
vn 0.9665 0.2007 -0.1600
vn 0.9654 0.1131 -0.2349
vn 0.9665 -0.0000 -0.2567
vn 0.9654 -0.1131 -0.2349
vn 0.9665 -0.2007 -0.1600
vn 0.9654 -0.2542 -0.0580
vn 0.9665 -0.2502 0.0571
vn 0.9654 -0.2038 0.1625
vn -0.0000 0.9988 -0.0486
vn -0.0000 0.4339 -0.9010
vn -0.0000 0.5765 -0.8171
vn -0.0000 -0.9988 -0.0486
vn -0.0000 -0.5765 -0.8171
vn -0.0000 -0.4339 -0.9010
vn -0.0000 0.5848 -0.8112
vn -0.0000 -0.2794 -0.9602
vn -0.0000 -0.6607 0.7506
vn -0.0000 -0.9983 -0.0587
vn -0.0000 -0.9749 -0.2225
vn -0.0000 0.1749 0.9846
vn -0.0000 -0.6683 0.7439
vn -0.0000 -0.7818 0.6235
vn -0.0000 0.8788 0.4771
vn -0.0000 0.1649 0.9863
vn -0.0000 -0.2696 -0.9630
vn -0.0000 -0.9249 -0.3802
vn -0.0000 -0.9210 -0.3896
vn -0.0000 -0.8739 0.4860
vn -0.0000 -0.8788 0.4771
vn -0.0000 -0.1649 0.9863
vn -0.0000 0.9210 -0.3896
vn -0.0000 0.8739 0.4860
vn -0.0000 0.7818 0.6235
vn -0.0000 -0.1749 0.9846
vn -0.0000 0.6683 0.7439
vn -0.0000 0.2696 -0.9630
vn -0.0000 0.9249 -0.3802
vn -0.0000 0.9749 -0.2225
vn -0.0000 0.6607 0.7506
vn -0.0000 0.9983 -0.0587
vn -0.0000 -0.5848 -0.8112
vn -0.0000 0.2794 -0.9602
vn 0.9091 0.3370 -0.2448
vn 0.9091 -0.2448 0.3369
vn 0.9091 -0.3369 -0.2448
vn 0.9091 -0.2448 -0.3370
vn 0.3798 -0.0000 0.9251
vn 0.3798 -0.2859 0.8798
vn 0.3798 -0.5437 0.7484
vn 0.3798 -0.7484 0.5437
vn 0.3798 -0.8798 0.2859
vn 0.3798 -0.9251 -0.0000
vn 0.3798 -0.8798 -0.2859
vn 0.3798 -0.7484 -0.5437
vn 0.3798 -0.5437 -0.7484
vn 0.3798 -0.2859 -0.8798
vn 0.3798 -0.0000 -0.9251
vn 0.3798 0.2859 -0.8798
vn 0.3798 0.5437 -0.7484
vn 0.3798 0.7484 -0.5437
vn 0.3798 0.8798 -0.2859
vn 0.3798 0.9251 -0.0000
vn 0.3798 0.8798 0.2859
vn 0.3798 0.7484 0.5437
vn 0.3798 0.5437 0.7484
vn 0.3798 0.2859 0.8798
vn -0.1566 -0.0000 -0.9877
vn -0.1566 -0.3052 -0.9393
vn -0.1566 -0.5805 -0.7990
vn -0.1566 -0.7990 -0.5805
vn -0.1566 -0.9393 -0.3052
vn -0.1566 -0.9877 -0.0000
vn -0.1566 -0.9393 0.3052
vn -0.1566 -0.7990 0.5805
vn -0.1566 -0.5805 0.7990
vn -0.1566 -0.3052 0.9393
vn -0.1566 -0.0000 0.9877
vn -0.1566 0.3052 0.9393
vn -0.1566 0.5805 0.7990
vn -0.1566 0.7990 0.5805
vn -0.1566 0.9393 0.3052
vn -0.1566 0.9877 -0.0000
vn -0.1566 0.9393 -0.3052
vn -0.1566 0.7990 -0.5805
vn -0.1566 0.5805 -0.7990
vn -0.1566 0.3052 -0.9393
vn 0.2662 -0.0000 -0.9639
vn -0.2663 0.2979 -0.9167
vn 0.2662 0.9167 -0.2978
vn -0.2663 0.9167 0.2979
vn -0.2662 0.5666 0.7798
vn 0.2662 0.2979 0.9167
vn -0.2662 -0.2979 0.9167
vn 0.2663 -0.7798 0.5666
vn 0.2662 -0.9167 0.2979
vn 0.2663 -0.9168 -0.2978
vn -0.2663 -0.9167 -0.2979
vn -0.2662 -0.7798 -0.5666
vn 0.2662 -0.5666 -0.7798
vn -0.2662 -0.2979 -0.9167
vn -0.2662 0.7798 -0.5666
vn -0.2663 -0.5666 0.7798
vn 0.2663 -0.5665 0.7798
vn 0.9661 -0.0000 -0.2582
vn 0.9661 0.1291 -0.2236
vn 0.9661 0.2236 -0.1291
vn 0.9661 0.2582 -0.0000
vn 0.9661 0.2236 0.1291
vn 0.9661 0.1291 0.2236
vn 0.9661 -0.0000 0.2582
vn 0.9661 -0.1291 0.2236
vn 0.9661 -0.2236 0.1291
vn 0.9661 -0.2582 -0.0000
vn 0.9661 -0.2236 -0.1291
vn 0.9661 -0.1291 -0.2236
vn 0.9893 -0.0634 0.1318
vn 0.9091 -0.3369 0.2448
vn -0.9091 0.3369 0.2448
vt 0.276410 0.263686
vt 0.276554 0.240940
vt 0.301124 0.240917
vt 0.300841 0.263416
vt 0.299943 0.293539
vt 0.276211 0.294434
vt 0.790278 0.767090
vt 0.792839 0.746596
vt 0.813970 0.750914
vt 0.814728 0.775124
vt 0.797713 0.712216
vt 0.802180 0.683924
vt 0.814020 0.687190
vt 0.813816 0.715527
vt 0.241723 0.264069
vt 0.241660 0.295324
vt 0.214393 0.296012
vt 0.215030 0.264361
vt 0.214940 0.240952
vt 0.241727 0.240952
vt 0.236139 0.089452
vt 0.236146 0.135467
vt 0.197551 0.133521
vt 0.197458 0.090723
vt 0.266186 0.089309
vt 0.266229 0.135868
vt 0.605568 0.495413
vt 0.605182 0.457484
vt 0.614132 0.457499
vt 0.614289 0.495605
vt 0.615740 0.543939
vt 0.606473 0.542811
vt 0.550789 0.457389
vt 0.551398 0.492303
vt 0.884617 0.125685
vt 0.884617 0.146351
vt 0.871900 0.147013
vt 0.871899 0.125580
vt 0.242292 0.333878
vt 0.247150 0.332959
vt 0.247233 0.337381
vt 0.242133 0.338479
vt 0.225078 0.371885
vt 0.226273 0.337172
vt 0.230948 0.336191
vt 0.229556 0.374685
vt 0.103307 0.591457
vt 0.127658 0.590468
vt 0.127728 0.649505
vt 0.103475 0.650230
vt 0.091373 0.650655
vt 0.091199 0.591864
vt 0.197423 0.047362
vt 0.236100 0.047030
vt 0.197442 0.018899
vt 0.236028 0.018784
vt 0.266148 0.046937
vt 0.266127 0.018827
vt 0.036787 0.680501
vt 0.012198 0.679966
vt 0.012132 0.603088
vt 0.036374 0.602588
vt 0.000000 0.679127
vt 0.000029 0.603401
vt 0.646175 0.294391
vt 0.644294 0.296350
vt 0.644961 0.291305
vt 0.815041 0.795733
vt 0.815652 0.800665
vt 0.810011 0.796647
vt 0.646000 0.281188
vt 0.648222 0.281562
vt 0.896863 0.895064
vt 0.895818 0.885185
vt 0.899694 0.886315
vt 0.899975 0.897885
vt 0.804114 0.788855
vt 0.684836 0.438608
vt 0.675895 0.483632
vt 0.672459 0.481009
vt 0.682099 0.437823
vt 0.680896 0.426670
vt 0.686083 0.427167
vt 0.679839 0.435991
vt 0.680656 0.412495
vt 0.685901 0.414030
vt 0.236098 0.149625
vt 0.197702 0.146607
vt 0.235542 0.161574
vt 0.196514 0.157550
vt 0.678416 0.286763
vt 0.683864 0.282296
vt 0.685036 0.289160
vt 0.679906 0.292023
vt 0.235446 0.000246
vt 0.235936 0.007810
vt 0.197526 0.009085
vt 0.196514 0.002582
vt 0.685053 0.298985
vt 0.679980 0.303714
vt 0.311088 0.448670
vt 0.292845 0.431718
vt 0.294124 0.425505
vt 0.675819 0.261992
vt 0.671629 0.265827
vt 0.677806 0.162114
vt 0.680265 0.161756
vt 0.679651 0.165539
vt 0.676233 0.165745
vt 0.544704 0.530367
vt 0.540018 0.505384
vt 0.544068 0.505549
vt 0.548615 0.530958
vt 0.556045 0.532543
vt 0.678092 0.172948
vt 0.673537 0.173677
vt 0.255379 0.323889
vt 0.255576 0.319705
vt 0.257685 0.319446
vt 0.259107 0.323021
vt 0.261055 0.330810
vt 0.257203 0.331172
vt 0.654682 0.362997
vt 0.656499 0.365137
vt 0.652211 0.365016
vt 0.652249 0.362136
vt 0.884379 0.199376
vt 0.884481 0.186782
vt 0.887348 0.199184
vt 0.320773 0.280059
vt 0.319545 0.292445
vt 0.323259 0.240888
vt 0.322439 0.263258
vt 0.329471 0.263217
vt 0.330550 0.240870
vt 0.894671 0.865504
vt 0.899208 0.865929
vt 0.647028 0.261328
vt 0.651706 0.262024
vt 0.639809 0.227818
vt 0.638422 0.214463
vt 0.647037 0.215865
vt 0.645521 0.235193
vt 0.634245 0.198276
vt 0.647998 0.192922
vt 0.650755 0.226347
vt 0.653855 0.194822
vt 0.658394 0.197443
vt 0.655698 0.227462
vt 0.899237 0.802478
vt 0.898977 0.831189
vt 0.894364 0.830716
vt 0.894928 0.800498
vt 0.266246 0.150135
vt 0.266305 0.162428
vt 0.666429 0.534655
vt 0.662652 0.530448
vt 0.968878 0.088681
vt 0.968878 0.142138
vt 0.964771 0.137794
vt 0.966194 0.085709
vt 0.266165 0.000000
vt 0.266124 0.007618
vt 0.680230 0.373251
vt 0.685532 0.371103
vt 0.274420 0.415079
vt 0.273437 0.405900
vt 0.664077 0.248878
vt 0.668198 0.244014
vt 0.887834 0.146559
vt 0.887772 0.173829
vt 0.884587 0.173721
vt 0.887834 0.125931
vt 0.542687 0.478193
vt 0.538606 0.478097
vt 0.538596 0.457334
vt 0.542686 0.457361
vt 0.663350 0.225176
vt 0.668288 0.223367
vt 0.667227 0.232774
vt 0.662652 0.236174
vt 0.261435 0.383363
vt 0.265790 0.381484
vt 0.267195 0.392506
vt 0.263393 0.396680
vt 0.253214 0.407757
vt 0.250809 0.386705
vt 0.679970 0.328088
vt 0.685219 0.327586
vt 0.899975 0.775204
vt 0.899717 0.784335
vt 0.895641 0.780337
vt 0.896325 0.770780
vt 0.657514 0.164105
vt 0.656523 0.172146
vt 0.649157 0.165305
vt 0.269791 0.412115
vt 0.265901 0.405769
vt 0.269336 0.399377
vt 0.262528 0.418683
vt 0.662735 0.242859
vt 0.667095 0.238016
vt 0.617856 0.495651
vt 0.620296 0.544111
vt 0.899446 0.324389
vt 0.903971 0.323988
vt 0.907375 0.371895
vt 0.901902 0.372822
vt 0.617711 0.457506
vt 0.899298 0.286283
vt 0.903744 0.286315
vt 0.196595 0.458489
vt 0.212305 0.454088
vt 0.216250 0.459008
vt 0.196514 0.466039
vt 0.594091 0.169671
vt 0.618949 0.174152
vt 0.613179 0.181017
vt 0.594131 0.176400
vt 0.594056 0.165355
vt 0.618669 0.165711
vt 0.622411 0.193354
vt 0.624434 0.187674
vt 0.629846 0.202954
vt 0.626217 0.204654
vt 0.619443 0.196035
vt 0.609671 0.189531
vt 0.611756 0.186187
vt 0.634532 0.214578
vt 0.636249 0.227005
vt 0.632183 0.226073
vt 0.630562 0.214937
vt 0.634777 0.239015
vt 0.638342 0.240419
vt 0.634140 0.254424
vt 0.630317 0.250085
vt 0.626642 0.247656
vt 0.630784 0.237247
vt 0.594110 0.181317
vt 0.594056 0.185338
vt 0.227463 0.378364
vt 0.238695 0.384186
vt 0.234704 0.387966
vt 0.230955 0.389840
vt 0.224347 0.381074
vt 0.237529 0.442291
vt 0.233639 0.435509
vt 0.239501 0.436056
vt 0.238516 0.423620
vt 0.229990 0.433229
vt 0.234542 0.422838
vt 0.236329 0.411606
vt 0.240391 0.410990
vt 0.245092 0.410046
vt 0.243293 0.424175
vt 0.243823 0.397299
vt 0.239067 0.398973
vt 0.235043 0.400331
vt 0.240573 0.387396
vt 0.196601 0.454005
vt 0.210498 0.449771
vt 0.623072 0.259693
vt 0.619883 0.256479
vt 0.625001 0.264358
vt 0.225958 0.445306
vt 0.227827 0.450916
vt 0.222983 0.441983
vt 0.134167 0.554744
vt 0.143677 0.545760
vt 0.143508 0.589736
vt 0.122784 0.562976
vt 0.143677 0.649173
vt 0.634142 0.165538
vt 0.634038 0.179635
vt 0.620768 0.264250
vt 0.629812 0.276420
vt 0.621287 0.285205
vt 0.929413 0.261692
vt 0.936464 0.254231
vt 0.937170 0.255592
vt 0.930131 0.263119
vt 0.143389 0.826983
vt 0.143496 0.767699
vt 0.150389 0.767810
vt 0.150401 0.826939
vt 0.529214 0.147796
vt 0.529260 0.069741
vt 0.542322 0.068760
vt 0.542110 0.147849
vt 0.649685 0.370239
vt 0.649685 0.363700
vt 0.651456 0.369688
vt 0.252834 0.425124
vt 0.261010 0.443201
vt 0.252487 0.442747
vt 0.640277 0.262129
vt 0.660270 0.177441
vt 0.815652 0.670064
vt 0.805301 0.666199
vt 0.201744 0.296302
vt 0.205261 0.264454
vt 0.206195 0.240949
vt 0.224851 0.376522
vt 0.636136 0.180033
vt 0.636291 0.165337
vt 0.316432 0.738909
vt 0.318304 0.738710
vt 0.318315 0.782652
vt 0.316139 0.782885
vt 0.318316 0.842104
vt 0.316139 0.842322
vt 0.780089 0.050967
vt 0.782190 0.051343
vt 0.780493 0.069604
vt 0.780043 0.036869
vt 0.782190 0.036646
vt 0.660983 0.161756
vt 0.158699 0.768303
vt 0.158632 0.826997
vt 0.871904 0.178538
vt 0.240037 0.334370
vt 0.253827 0.331094
vt 0.249016 0.331617
vt 0.250011 0.323727
vt 0.656553 0.370559
vt 0.652211 0.370315
vt 0.963570 0.327294
vt 0.963570 0.305767
vt 0.965577 0.305677
vt 0.965578 0.327110
vt 0.965582 0.358635
vt 0.963573 0.358431
vt 0.239384 0.442300
vt 0.250158 0.319498
vt 0.316891 0.738710
vt 0.316139 0.738523
vt 0.316248 0.736451
vt 0.316960 0.736878
vt 0.319103 0.433149
vt 0.319631 0.433575
vt 0.318076 0.435809
vt 0.317779 0.435140
vt 0.316458 0.724879
vt 0.317089 0.725127
vt 0.320615 0.421160
vt 0.321301 0.421206
vt 0.592336 0.772603
vt 0.592881 0.772270
vt 0.592881 0.820827
vt 0.662588 0.770619
vt 0.661993 0.770681
vt 0.662618 0.724782
vt 0.953964 0.409102
vt 0.953277 0.409641
vt 0.954596 0.398208
vt 0.955254 0.397723
vt 0.954495 0.385070
vt 0.955130 0.384768
vt 0.933988 0.155451
vt 0.934697 0.155501
vt 0.934442 0.168545
vt 0.933740 0.168363
vt 0.931285 0.179107
vt 0.930421 0.179337
vt 0.955062 0.260536
vt 0.954406 0.260198
vt 0.953277 0.253327
vt 0.953953 0.253714
vt 0.930421 0.024419
vt 0.931281 0.024606
vt 0.934289 0.031409
vt 0.933601 0.031562
vt 0.934723 0.041214
vt 0.934015 0.041206
vt 0.954998 0.270187
vt 0.954362 0.270022
vt 0.648142 0.861912
vt 0.648653 0.861752
vt 0.648653 0.891703
vt 0.648150 0.891628
vt 0.111170 0.982806
vt 0.110645 0.982900
vt 0.110645 0.978316
vt 0.111170 0.978316
vt 0.111760 0.978539
vt 0.111170 0.982298
vt 0.925248 0.429418
vt 0.925870 0.429012
vt 0.927154 0.433480
vt 0.926430 0.433673
vt 0.927309 0.441151
vt 0.926567 0.441218
vt 0.959042 0.400571
vt 0.958447 0.400536
vt 0.958922 0.392980
vt 0.959519 0.393094
vt 0.088407 0.978682
vt 0.088986 0.978316
vt 0.088961 0.981197
vt 0.088367 0.981362
vt 0.923048 0.427198
vt 0.923425 0.426562
vt 0.320822 0.400409
vt 0.321552 0.400410
vt 0.316838 0.704491
vt 0.317453 0.704519
vt 0.318695 0.669823
vt 0.318082 0.669773
vt 0.319560 0.641098
vt 0.320164 0.641242
vt 0.316271 0.337307
vt 0.317005 0.337278
vt 0.319616 0.365737
vt 0.318881 0.365742
vt 0.662618 0.823246
vt 0.661940 0.822575
vt 0.954393 0.342142
vt 0.955033 0.342010
vt 0.934213 0.112829
vt 0.934924 0.112838
vt 0.363938 0.947647
vt 0.363234 0.947985
vt 0.363234 0.925967
vt 0.363920 0.925675
vt 0.919820 0.490539
vt 0.920537 0.490660
vt 0.919206 0.499811
vt 0.918481 0.499741
vt 0.956915 0.461145
vt 0.956309 0.461303
vt 0.956005 0.451842
vt 0.956623 0.451762
vt 0.934257 0.069586
vt 0.934967 0.069607
vt 0.954350 0.298624
vt 0.954990 0.298637
vt 0.322101 0.613418
vt 0.321401 0.623240
vt 0.320810 0.622993
vt 0.321456 0.613881
vt 0.097582 0.985499
vt 0.097066 0.985681
vt 0.097066 0.978316
vt 0.956933 0.466509
vt 0.957548 0.466407
vt 0.959519 0.472313
vt 0.918823 0.504443
vt 0.918054 0.505135
vt 0.085792 0.978316
vt 0.086507 0.979047
vt 0.086514 0.985814
vt 0.085792 0.985899
vt 0.314233 0.319446
vt 0.314972 0.319466
vt 0.927544 0.269202
vt 0.927508 0.272987
vt 0.925848 0.272746
vt 0.923618 0.268239
vt 0.642295 0.279565
vt 0.271887 0.420877
vt 0.269625 0.423073
vt 0.103255 0.570347
vt 0.091116 0.572804
vt 0.670223 0.477387
vt 0.662652 0.168071
vt 0.907739 0.718719
vt 0.908280 0.718723
vt 0.908554 0.727911
vt 0.908006 0.727810
vt 0.904172 0.769311
vt 0.904681 0.769996
vt 0.315598 0.595572
vt 0.315606 0.586497
vt 0.316139 0.586540
vt 0.316125 0.595788
vt 0.303869 0.637606
vt 0.304313 0.638061
vt 0.287258 0.687295
vt 0.286680 0.687373
vt 0.901469 0.818976
vt 0.900975 0.818742
vt 0.304489 0.534710
vt 0.304979 0.534452
vt 0.313364 0.572684
vt 0.312905 0.573062
vt 0.294793 0.490604
vt 0.295309 0.490484
vt 0.289601 0.467143
vt 0.290028 0.466781
vt 0.196158 0.955429
vt 0.195403 0.955323
vt 0.194688 0.946745
vt 0.619467 0.548354
vt 0.619967 0.548486
vt 0.618246 0.556752
vt 0.169986 0.878903
vt 0.170468 0.879166
vt 0.166639 0.899761
vt 0.166180 0.899506
vt 0.672065 0.136163
vt 0.672496 0.136179
vt 0.672065 0.160789
vt 0.459809 0.937033
vt 0.459379 0.937052
vt 0.460606 0.912252
vt 0.168783 0.864830
vt 0.169291 0.865159
vt 0.166180 0.852112
vt 0.166709 0.852344
vt 0.434969 0.674208
vt 0.434443 0.673868
vt 0.431942 0.661037
vt 0.432344 0.661392
vt 0.435968 0.688221
vt 0.435531 0.687883
vt 0.460606 0.952614
vt 0.072639 0.978316
vt 0.073065 0.978465
vt 0.072639 0.993933
vt 0.105980 0.978317
vt 0.106411 0.978395
vt 0.105980 0.984551
vt 0.084926 0.991167
vt 0.084497 0.991035
vt 0.084926 0.978316
vt 0.194688 0.968225
vt 0.130517 0.978317
vt 0.130517 0.980184
vt 0.129941 0.980229
vt 0.130011 0.978375
vt 0.131665 0.980372
vt 0.131190 0.980122
vt 0.131665 0.978316
vt 0.132970 0.980337
vt 0.132557 0.980473
vt 0.132557 0.978316
vt 0.129540 0.978462
vt 0.129941 0.978316
vt 0.129941 0.981054
vt 0.129545 0.981213
vt 0.618246 0.544111
vt 0.618942 0.544424
vt 0.558559 0.954840
vt 0.558047 0.954834
vt 0.556930 0.941914
vt 0.557421 0.941778
vt 0.957407 0.388038
vt 0.957511 0.388538
vt 0.955375 0.388725
vt 0.955254 0.388222
vt 0.963710 0.009021
vt 0.964424 0.009010
vt 0.965236 0.021731
vt 0.073065 0.978423
vt 0.073565 0.978316
vt 0.073565 0.991212
vt 0.729635 0.381340
vt 0.729136 0.381474
vt 0.728682 0.365888
vt 0.729184 0.365836
vt 0.729102 0.341242
vt 0.728601 0.341274
vt 0.729171 0.328529
vt 0.729635 0.329027
vt 0.900414 0.822139
vt 0.899975 0.821730
vt 0.924782 0.690352
vt 0.924885 0.666624
vt 0.925410 0.666199
vt 0.925310 0.690321
vt 0.925410 0.735627
vt 0.924897 0.735319
vt 0.905725 0.705728
vt 0.899975 0.667066
vt 0.900366 0.666199
vt 0.906168 0.705139
vt 0.603784 0.155986
vt 0.603328 0.156062
vt 0.602251 0.147849
vt 0.098862 0.986817
vt 0.098417 0.986770
vt 0.098862 0.978316
vt 0.924782 0.798263
vt 0.925229 0.798219
vt 0.925447 0.818013
vt 0.431942 0.708702
vt 0.925447 0.785374
vt 0.924988 0.785951
vt 0.965236 0.000412
vt 0.095737 0.986794
vt 0.095737 0.978316
vt 0.096213 0.978500
vt 0.559138 0.963355
vt 0.558723 0.963141
vt 0.290337 0.697256
vt 0.289760 0.698190
vt 0.289435 0.693264
vt 0.289865 0.692675
vt 0.317997 0.609305
vt 0.318292 0.608568
vt 0.316139 0.603137
vt 0.316497 0.602368
vt 0.967111 0.360918
vt 0.969361 0.359501
vt 0.969339 0.383137
vt 0.967091 0.383122
vt 0.969235 0.427960
vt 0.967046 0.424153
vt 0.601789 0.005641
vt 0.603965 -0.000000
vt 0.603963 0.038981
vt 0.601875 0.040398
vt 0.581634 0.098857
vt 0.553814 0.144201
vt 0.556819 0.133288
vt 0.581459 0.093580
vt 0.162675 0.816887
vt 0.162952 0.768529
vt 0.158709 0.752347
vt 0.550500 0.146632
vt 0.550484 0.065728
vt 0.554256 0.064035
vt 0.553978 0.132379
vt 0.265516 0.444343
vt 0.601813 0.060853
vt 0.599716 0.059382
vt 0.313604 0.454309
vt 0.309901 0.456187
vt 0.306715 0.451479
vt 0.314233 0.466039
vt 0.311166 0.463600
vt 0.292523 0.436587
vt 0.274773 0.421263
vt 0.603730 0.052085
vt 0.601646 0.050854
vt 0.955331 0.253543
vt 0.957508 0.253327
vt 0.957509 0.265651
vt 0.052338 0.602403
vt 0.036357 0.546044
vt 0.052308 0.545760
vt 0.012103 0.546694
vt 0.000000 0.547082
vt 0.550494 0.042838
vt 0.955334 0.310186
vt 0.957511 0.309983
vt 0.052297 0.680440
vt 0.162651 0.826779
vt 0.554522 0.012866
vt 0.554498 0.021311
vt 0.550508 0.013059
vt 0.967044 0.428837
vt 0.601778 0.000957
vt 0.967044 0.358635
vt 0.163320 0.726284
vt 0.163236 0.728578
vt 0.158726 0.723999
vt 0.265412 0.445298
vt 0.311219 0.464547
vt 0.434944 0.728793
vt 0.435828 0.728701
vt 0.435604 0.754857
vt 0.434720 0.754872
vt 0.607673 0.840271
vt 0.607676 0.862476
vt 0.606935 0.862537
vt 0.606933 0.840711
vt 0.607673 0.903507
vt 0.606933 0.903192
vt 0.435105 0.803476
vt 0.435985 0.802761
vt 0.870718 0.666199
vt 0.882337 0.698958
vt 0.881644 0.699239
vt 0.870259 0.667145
vt 0.885592 0.708897
vt 0.884877 0.709109
vt 0.886601 0.717581
vt 0.885876 0.717658
vt 0.880731 0.755901
vt 0.880002 0.755924
vt 0.875700 0.775271
vt 0.963795 0.719896
vt 0.964688 0.719885
vt 0.965108 0.768351
vt 0.964197 0.690699
vt 0.953659 0.737506
vt 0.953146 0.715606
vt 0.954041 0.715780
vt 0.954544 0.737079
vt 0.953719 0.713048
vt 0.954544 0.713531
vt 0.111760 0.981353
vt 0.111760 0.978316
vt 0.112509 0.978568
vt 0.112504 0.981217
vt 0.960679 0.085709
vt 0.963920 0.108933
vt 0.963173 0.108923
vt 0.959945 0.085843
vt 0.964771 0.129487
vt 0.964029 0.129422
vt 0.964063 0.135128
vt 0.963345 0.134866
vt 0.960126 0.141535
vt 0.959945 0.140462
vt 0.729487 0.316018
vt 0.728868 0.316032
vt 0.728724 0.291769
vt 0.729341 0.291739
vt 0.729004 0.328140
vt 0.729638 0.328529
vt 0.728773 0.275816
vt 0.729390 0.275636
vt 0.728691 0.267584
vt 0.728795 0.260573
vt 0.729372 0.260671
vt 0.729305 0.267648
vt 0.728601 0.273635
vt 0.729218 0.273479
vt 0.729025 0.252344
vt 0.729638 0.252464
vt 0.040852 0.993611
vt 0.040387 0.985394
vt 0.040909 0.985274
vt 0.065384 0.990816
vt 0.065195 0.982393
vt 0.065810 0.982415
vt 0.968359 0.656245
vt 0.967127 0.649323
vt 0.967712 0.649213
vt 0.040387 0.978316
vt 0.966671 0.643460
vt 0.966065 0.643355
vt 0.967562 0.640999
vt 0.968162 0.641128
vt 0.966482 0.625069
vt 0.967097 0.625046
vt 0.966854 0.600624
vt 0.967474 0.600584
vt 0.967626 0.588360
vt 0.968359 0.587903
vt 0.728891 0.248322
vt 0.729515 0.248478
vt 0.065195 0.978326
vt 0.065815 0.978316
vt 0.126502 0.978626
vt 0.126900 0.978316
vt 0.126900 0.981224
vt 0.126357 0.981158
vt 0.127289 0.978316
vt 0.127514 0.980840
vt 0.126900 0.980840
vt 0.124507 0.981141
vt 0.124507 0.978316
vt 0.125127 0.978735
vt 0.122930 0.978670
vt 0.123086 0.981260
vt 0.122467 0.981323
vt 0.122467 0.978316
vt 0.602251 0.160796
vt 0.103913 0.978326
vt 0.104549 0.978316
vt 0.104549 0.982927
vt 0.557587 0.967977
vt 0.556930 0.967861
vt 0.286680 0.466727
vt 0.286748 0.466039
vt 0.078700 0.981659
vt 0.078701 0.978676
vt 0.080501 0.978316
vt 0.080501 0.981300
vt 0.150446 0.723798
vt 0.154307 0.734045
vt 0.150430 0.732751
vt 0.542278 0.013002
vt 0.546632 0.023538
vt 0.542285 0.022358
vt 0.143571 0.723708
vt 0.147615 0.733947
vt 0.146455 0.736727
vt 0.143550 0.735844
vt 0.535263 0.013047
vt 0.539628 0.023437
vt 0.538399 0.026384
vt 0.535216 0.026046
vt 0.236178 0.942678
vt 0.240060 0.943955
vt 0.235938 0.950349
vt 0.241239 0.946752
vt 0.241362 0.952692
vt 0.240274 0.955520
vt 0.236264 0.956770
vt 0.233368 0.955503
vt 0.552703 0.159549
vt 0.552590 0.156726
vt 0.558190 0.153452
vt 0.552590 0.150745
vt 0.552715 0.147849
vt 0.233368 0.943886
vt 0.767351 0.937811
vt 0.771697 0.938993
vt 0.767309 0.945398
vt 0.772909 0.941972
vt 0.772908 0.947931
vt 0.771696 0.950862
vt 0.767354 0.951871
vt 0.764693 0.950756
vt 0.445249 0.160591
vt 0.445122 0.157717
vt 0.450789 0.154466
vt 0.445122 0.151741
vt 0.445249 0.148688
vt 0.764693 0.938888
vt 0.150443 0.752016
vt 0.143523 0.751760
vt 0.542302 0.042936
vt 0.535154 0.043046
vt 0.529224 0.025409
vt 0.529214 0.013085
vt 0.137337 0.827020
vt 0.137343 0.767568
vt 0.137337 0.723626
vt 0.081382 0.978316
vt 0.081829 0.978317
vt 0.081829 0.985247
vt 0.081417 0.991392
vt 0.158715 0.743426
vt 0.163130 0.742639
vt 0.550498 0.033468
vt 0.554406 0.034933
vt 0.546638 0.035407
vt 0.547848 0.032475
vt 0.542296 0.036418
vt 0.539635 0.035305
vt 0.147564 0.745564
vt 0.150455 0.746844
vt 0.154470 0.745611
vt 0.155571 0.742788
vt 0.146410 0.742666
vt 0.143538 0.743170
vt 0.158719 0.735903
vt 0.155474 0.736848
vt 0.435107 0.714624
vt 0.435985 0.715324
vt 0.538402 0.032343
vt 0.535187 0.033879
vt 0.529233 0.036724
vt 0.957510 0.276965
vt 0.550502 0.026242
vt 0.547846 0.026517
vt 0.554453 0.025833
vt 0.964322 0.681569
vt 0.964381 0.677031
vt 0.965265 0.677406
vt 0.965722 0.459677
vt 0.966626 0.459698
vt 0.967044 0.498868
vt 0.966188 0.498441
vt 0.965719 0.429001
vt 0.966622 0.429015
vt 0.963212 0.815849
vt 0.962370 0.816225
vt 0.962885 0.776911
vt 0.963754 0.776908
vt 0.962926 0.746348
vt 0.963795 0.746366
vt 0.318721 0.863829
vt 0.319642 0.863817
vt 0.322101 0.912634
vt 0.321160 0.912290
vt 0.893269 0.943182
vt 0.892298 0.943569
vt 0.893223 0.894790
vt 0.894272 0.894784
vt 0.318575 0.825684
vt 0.319500 0.825680
vt 0.893313 0.856885
vt 0.894364 0.856910
vt 0.213661 0.315037
vt 0.196514 0.319446
vt 0.241489 0.308607
vt 0.276128 0.301784
vt 0.299600 0.296519
vt 0.327702 0.279790
vt 0.930841 0.498813
vt 0.934749 0.499119
vt 0.934725 0.506222
vt 0.598406 0.153572
vt 0.594884 0.153116
vt 0.594348 0.147849
vt 0.517830 0.152153
vt 0.520204 0.161756
vt 0.515667 0.161756
vt 0.780917 0.958260
vt 0.781071 0.947995
vt 0.785240 0.949635
vt 0.933370 0.373167
vt 0.934195 0.390853
vt 0.931477 0.390266
vt 0.934823 0.419407
vt 0.930840 0.418597
vt 0.934448 0.454710
vt 0.930455 0.453982
vt 0.934823 0.478762
vt 0.930843 0.478201
vt 0.784987 0.937811
vt 0.785112 0.943648
vt 0.780996 0.943748
vt 0.780917 0.939253
vt 0.640602 0.298952
vt 0.640485 0.291018
vt 0.921279 0.271136
vt 0.642658 0.284014
vt 0.097066 0.978551
vt 0.097066 0.982790
vt 0.096213 0.982149
vt 0.096315 0.978316
vt 0.314843 0.439013
vt 0.314233 0.438566
vt 0.598089 0.158507
vt 0.594348 0.158143
vt 0.965265 0.786400
vt 0.964388 0.788320
vt 0.870669 0.801537
vt 0.870259 0.799747
vt 0.588377 0.309853
vt 0.566943 0.350182
vt 0.580984 0.311753
vt 0.533954 0.367077
vt 0.520204 0.370885
vt 0.527495 0.365508
vt 0.548099 0.357680
vt 0.553262 0.359362
vt 0.562978 0.349528
vt 0.591967 0.288678
vt 0.584987 0.307187
vt 0.587746 0.288599
vt 0.857050 0.895674
vt 0.848680 0.897429
vt 0.845268 0.880868
vt 0.858309 0.877377
vt 0.844946 0.872095
vt 0.857974 0.868121
vt 0.868087 0.894444
vt 0.861030 0.896792
vt 0.867655 0.874407
vt 0.897621 0.553380
vt 0.904834 0.553474
vt 0.903875 0.592655
vt 0.896661 0.592561
vt 0.897875 0.510223
vt 0.905088 0.510316
vt 0.904994 0.532510
vt 0.897781 0.532416
vt 0.868909 0.860378
vt 0.868909 0.909047
vt 0.861852 0.911395
vt 0.631364 0.282048
vt 0.628661 0.964531
vt 0.627904 0.943153
vt 0.628825 0.943100
vt 0.611401 0.665996
vt 0.612186 0.687609
vt 0.611401 0.688356
vt 0.612432 0.707973
vt 0.613359 0.707936
vt 0.613253 0.730036
vt 0.612335 0.730168
vt 0.627904 0.935334
vt 0.613094 0.748459
vt 0.612204 0.748992
vt 0.612215 0.747476
vt 0.003044 0.986599
vt 0.002268 0.986634
vt 0.001863 0.980568
vt 0.002670 0.980421
vt 0.973646 0.705358
vt 0.974310 0.686137
vt 0.976114 0.685810
vt 0.976094 0.704832
vt 0.535921 0.817328
vt 0.538358 0.817892
vt 0.535360 0.841329
vt 0.538596 0.774855
vt 0.538507 0.796983
vt 0.536072 0.796674
vt 0.536163 0.774814
vt 0.976224 0.677031
vt 0.973770 0.719424
vt 0.976224 0.718814
vt 0.846183 0.899868
vt 0.945181 0.512168
vt 0.946282 0.512115
vt 0.946704 0.520002
vt 0.945545 0.520769
vt 0.625986 0.507439
vt 0.626811 0.506916
vt 0.648163 0.546992
vt 0.647465 0.547783
vt 0.620296 0.463929
vt 0.621227 0.463929
vt 0.623311 0.486134
vt 0.622389 0.486261
vt 0.661619 0.555949
vt 0.661175 0.556972
vt 0.675508 0.708171
vt 0.683117 0.693330
vt 0.683956 0.693853
vt 0.676209 0.708884
vt 0.695775 0.668819
vt 0.696678 0.669169
vt 0.699082 0.648170
vt 0.701058 0.626332
vt 0.702028 0.626327
vt 0.700039 0.648317
vt 0.663163 0.717947
vt 0.662652 0.716950
vt 0.947405 0.522843
vt 0.946311 0.523565
vt 0.946385 0.508408
vt 0.947405 0.508742
vt 0.637520 0.281878
vt 0.634678 0.281349
vt 0.640398 0.285790
vt 0.639610 0.283697
vt 0.926598 0.264873
vt 0.928193 0.266419
vt 0.929845 0.280426
vt 0.937170 0.296580
vt 0.933738 0.298379
vt 0.926539 0.282637
vt 0.788205 0.781115
vt 0.788614 0.779097
vt 0.804065 0.792412
vt 0.927894 0.276881
vt 0.928406 0.276793
vt 0.923840 0.276735
vt 0.002339 0.978316
vt 0.003044 0.978725
vt 0.172096 0.965042
vt 0.170981 0.965506
vt 0.173051 0.955053
vt 0.173744 0.955312
vt 0.172983 0.949606
vt 0.172271 0.949731
vt 0.170981 0.947420
vt 0.171694 0.947249
vt 0.082903 0.986966
vt 0.082280 0.987651
vt 0.082280 0.978316
vt 0.082751 0.978321
vt 0.024938 0.955467
vt 0.025562 0.955398
vt 0.026881 0.966629
vt 0.025898 0.965770
vt 0.025520 0.949334
vt 0.026096 0.949473
vt 0.025779 0.952149
vt 0.025164 0.952128
vt 0.109845 0.983650
vt 0.109367 0.983389
vt 0.109845 0.978316
vt 0.091588 0.980558
vt 0.092100 0.980493
vt 0.092212 0.985868
vt 0.026881 0.947813
vt 0.026346 0.947389
vt 0.172944 0.952244
vt 0.173609 0.951812
vt 0.891567 0.791007
vt 0.891532 0.770780
vt 0.892137 0.770817
vt 0.892038 0.790957
vt 0.892052 0.799692
vt 0.891577 0.799391
vt 0.891532 0.795219
vt 0.892002 0.795364
vt 0.091737 0.978600
vt 0.092212 0.978316
vt 0.952500 0.022469
vt 0.952425 0.012227
vt 0.954008 0.012741
vt 0.953943 0.022935
vt 0.952160 0.006244
vt 0.951901 0.000412
vt 0.955099 0.003785
vt 0.954357 0.006402
vt 0.328768 0.283584
vt 0.327085 0.285578
vt 0.612251 0.742179
vt 0.956516 0.001635
vt 0.326504 0.291022
vt 0.662600 0.902012
vt 0.661898 0.902586
vt 0.662080 0.842849
vt 0.662618 0.842826
vt 0.170981 0.881705
vt 0.170473 0.882157
vt 0.170473 0.806041
vt 0.661799 0.428035
vt 0.662336 0.428018
vt 0.661619 0.504050
vt 0.661898 0.823246
vt 0.021205 0.978316
vt 0.021704 0.978649
vt 0.021205 0.997702
vt 0.661619 0.370885
vt 0.662322 0.371415
vt 0.441126 0.288363
vt 0.444486 0.288373
vt 0.446344 0.316523
vt 0.442984 0.316544
vt 0.452401 0.342010
vt 0.449083 0.342118
vt 0.456679 0.352206
vt 0.459876 0.349442
vt 0.474273 0.353981
vt 0.472666 0.357491
vt 0.455200 0.346626
vt 0.451923 0.349330
vt 0.511568 0.369233
vt 0.515250 0.367258
vt 0.520204 0.370885
vt 0.510291 0.364556
vt 0.440855 0.266584
vt 0.444215 0.266605
vt 0.809847 0.452918
vt 0.809850 0.481126
vt 0.798621 0.480885
vt 0.798618 0.452677
vt 0.809843 0.507229
vt 0.798614 0.506988
vt 0.837174 0.480007
vt 0.835929 0.517525
vt 0.824667 0.511397
vt 0.826006 0.476506
vt 0.837706 0.464638
vt 0.826641 0.460160
vt 0.809863 0.514718
vt 0.798637 0.516177
vt 0.837924 0.526152
vt 0.824405 0.518787
vt 0.798618 0.431009
vt 0.809847 0.431250
vt 0.837924 0.460205
vt 0.809948 0.479619
vt 0.809994 0.451437
vt 0.811724 0.451337
vt 0.811716 0.479530
vt 0.810030 0.429769
vt 0.811725 0.429670
vt 0.286344 0.661674
vt 0.286225 0.657111
vt 0.286639 0.657104
vt 0.286225 0.652453
vt 0.286653 0.652462
vt 0.875232 0.180232
vt 0.877446 0.182736
vt 0.918317 0.425078
vt 0.918054 0.425754
vt 0.088986 0.986496
vt 0.088377 0.986558
vt 0.252840 0.336127
vt 0.973765 0.731401
vt 0.973754 0.736005
vt 0.971527 0.731966
vt 0.879074 0.199728
vt 0.878708 0.187221
vt 0.095737 0.980248
vt 0.095309 0.980238
vt 0.095122 0.978470
vt 0.095488 0.978316
vt 0.951722 0.016065
vt 0.951127 0.016424
vt 0.951478 0.011367
vt 0.951895 0.011403
vt 0.951127 0.002212
vt 0.951537 0.002280
vt 0.008740 0.952889
vt 0.008438 0.952966
vt 0.006727 0.948723
vt 0.006905 0.948432
vt 0.614256 0.618675
vt 0.613815 0.618671
vt 0.613971 0.597023
vt 0.614411 0.597023
vt 0.135828 0.978317
vt 0.136150 0.978384
vt 0.136150 0.980788
vt 0.135828 0.980439
vt 0.611852 0.649741
vt 0.611401 0.649935
vt 0.131668 0.980583
vt 0.131665 0.978316
vt 0.132083 0.978362
vt 0.132083 0.980609
vt 0.008417 0.958254
vt 0.008114 0.958212
vt 0.131190 0.981704
vt 0.130885 0.981747
vt 0.130885 0.978317
vt 0.131175 0.978362
vt 0.394637 0.800500
vt 0.394312 0.800479
vt 0.395023 0.799955
vt 0.395309 0.800080
vt 0.005917 0.948534
vt 0.006177 0.948338
vt 0.006180 0.966867
vt 0.005917 0.966685
vt 0.095520 0.985144
vt 0.095122 0.985010
vt 0.394456 0.787598
vt 0.394783 0.787541
vt 0.129180 0.981358
vt 0.129221 0.978395
vt 0.129540 0.978316
vt 0.129540 0.981578
vt 0.394312 0.783319
vt 0.394629 0.783042
vt 0.286258 0.617730
vt 0.537970 0.672653
vt 0.537970 0.635049
vt 0.538445 0.635310
vt 0.787668 0.480869
vt 0.787676 0.452675
vt 0.787733 0.495802
vt 0.814072 0.508297
vt 0.815349 0.472589
vt 0.815869 0.459773
vt 0.787781 0.514752
vt 0.787775 0.505584
vt 0.812918 0.515390
vt 0.787677 0.431008
vt 0.811781 0.494464
vt 0.809925 0.494164
vt 0.811823 0.504246
vt 0.809863 0.503885
vt 0.976484 0.636460
vt 0.974614 0.636675
vt 0.974542 0.600421
vt 0.976439 0.600729
vt 0.974578 0.588772
vt 0.976484 0.587903
vt 0.811829 0.513414
vt 0.809867 0.512675
vt 0.975594 0.643591
vt 0.481718 0.827067
vt 0.485144 0.837481
vt 0.483284 0.837846
vt 0.480015 0.827913
vt 0.474751 0.817620
vt 0.473371 0.818901
vt 0.485719 0.848630
vt 0.483443 0.859650
vt 0.481661 0.858992
vt 0.483832 0.848480
vt 0.478315 0.869676
vt 0.470869 0.878047
vt 0.469668 0.876540
vt 0.476770 0.868555
vt 0.461505 0.808350
vt 0.460735 0.810059
vt 0.171842 0.806041
vt 0.181135 0.811885
vt 0.179845 0.813352
vt 0.170981 0.807778
vt 0.196221 0.841451
vt 0.195661 0.852782
vt 0.193701 0.852362
vt 0.194235 0.841554
vt 0.193898 0.830318
vt 0.192019 0.830935
vt 0.188686 0.820237
vt 0.187047 0.821319
vt 0.183325 0.875173
vt 0.171842 0.884073
vt 0.170981 0.882209
vt 0.182013 0.873562
vt 0.461505 0.884034
vt 0.460735 0.882251
vt 0.192225 0.863455
vt 0.190423 0.862543
vt 0.705690 0.788973
vt 0.703562 0.802426
vt 0.701671 0.801788
vt 0.703702 0.788956
vt 0.703514 0.775752
vt 0.701671 0.776366
vt 0.958195 0.549629
vt 0.956774 0.564958
vt 0.955000 0.564175
vt 0.956355 0.549553
vt 0.956774 0.537735
vt 0.955000 0.538208
vt 0.973765 0.784947
vt 0.971785 0.781799
vt 0.352533 0.961685
vt 0.349528 0.961721
vt 0.349528 0.946522
vt 0.352533 0.946486
vt 0.343451 0.961587
vt 0.343451 0.946486
vt 0.346514 0.946533
vt 0.346514 0.961633
vt 0.149650 0.965051
vt 0.149650 0.949842
vt 0.151540 0.949831
vt 0.151540 0.965039
vt 0.149650 0.949853
vt 0.149650 0.965030
vt 0.147757 0.965007
vt 0.147757 0.949831
vt 0.779904 0.070764
vt 0.778023 0.070556
vt 0.779904 0.064804
vt 0.760465 0.533888
vt 0.757404 0.533755
vt 0.757404 0.528022
vt 0.760465 0.528154
vt 0.775223 0.324866
vt 0.773333 0.324866
vt 0.773953 0.318930
vt 0.772790 0.528439
vt 0.774633 0.528022
vt 0.774633 0.534109
vt 0.624697 0.363734
vt 0.627760 0.363700
vt 0.627760 0.369760
vt 0.624697 0.369795
vt 0.774633 0.528186
vt 0.776519 0.528022
vt 0.776519 0.533968
vt 0.048557 0.981398
vt 0.048557 0.978316
vt 0.051104 0.978325
vt 0.051104 0.981406
vt 0.736334 0.533953
vt 0.735750 0.528022
vt 0.738854 0.528059
vt 0.738854 0.533983
vt 0.030960 0.981441
vt 0.027875 0.981433
vt 0.027875 0.978316
vt 0.030960 0.978324
vt 0.751599 0.318930
vt 0.751016 0.324870
vt 0.748499 0.324886
vt 0.748499 0.318949
vt 0.063019 0.978316
vt 0.063019 0.981401
vt 0.060488 0.981408
vt 0.060488 0.978323
vt 0.754152 0.318930
vt 0.754699 0.324866
vt 0.751599 0.324866
vt 0.751636 0.318930
vt 0.015037 0.981454
vt 0.011956 0.981464
vt 0.011956 0.978327
vt 0.015037 0.978316
vt 0.754300 0.533946
vt 0.754813 0.528022
vt 0.757334 0.528022
vt 0.757404 0.533946
vt 0.909178 0.956566
vt 0.906126 0.956581
vt 0.906126 0.941371
vt 0.909178 0.941356
vt 0.903043 0.956488
vt 0.903043 0.941356
vt 0.906126 0.941369
vt 0.906126 0.956501
vt 0.958761 0.542369
vt 0.958761 0.527159
vt 0.960671 0.527153
vt 0.960671 0.542363
vt 0.414193 0.946741
vt 0.414193 0.961919
vt 0.412282 0.961908
vt 0.412282 0.946730
vt 0.771425 0.324587
vt 0.769558 0.324993
vt 0.769558 0.318930
vt 0.763944 0.324737
vt 0.760861 0.324695
vt 0.760861 0.318930
vt 0.763944 0.318971
vt 0.767649 0.325008
vt 0.765784 0.324599
vt 0.767649 0.318930
vt 0.763317 0.528442
vt 0.765179 0.528022
vt 0.765179 0.534108
vt 0.621614 0.363714
vt 0.624697 0.363700
vt 0.624697 0.369748
vt 0.621614 0.369762
vt 0.767089 0.528201
vt 0.768991 0.528022
vt 0.768991 0.533973
vt 0.043459 0.981398
vt 0.043459 0.978316
vt 0.046009 0.978322
vt 0.046009 0.981404
vt 0.628350 0.369628
vt 0.627760 0.363700
vt 0.630894 0.363718
vt 0.630894 0.369643
vt 0.027875 0.981443
vt 0.024789 0.981440
vt 0.024789 0.978316
vt 0.027875 0.978319
vt 0.634026 0.363700
vt 0.633437 0.369639
vt 0.630894 0.369646
vt 0.630894 0.363709
vt 0.060488 0.978316
vt 0.060488 0.981402
vt 0.057953 0.981404
vt 0.057953 0.978319
vt 0.642848 0.363700
vt 0.643419 0.369637
vt 0.640287 0.369637
vt 0.640305 0.363700
vt 0.011956 0.981457
vt 0.008874 0.981464
vt 0.008874 0.978324
vt 0.011956 0.978316
vt 0.646551 0.369624
vt 0.647106 0.363700
vt 0.649651 0.363700
vt 0.649685 0.369624
vt 0.199595 0.856238
vt 0.207709 0.856318
vt 0.212565 0.899500
vt 0.196514 0.899503
vt 0.740078 0.625480
vt 0.738640 0.616443
vt 0.782021 0.620984
vt 0.217440 0.856678
vt 0.228030 0.857181
vt 0.233368 0.899503
vt 0.834242 0.902399
vt 0.824214 0.902354
vt 0.815770 0.861409
vt 0.837603 0.860378
vt 0.844946 0.902399
vt 0.744164 0.640322
vt 0.782462 0.640342
vt 0.747754 0.653258
vt 0.782462 0.663927
vt 0.094335 0.859648
vt 0.102502 0.858830
vt 0.107449 0.900064
vt 0.091116 0.900068
vt 0.681575 0.898739
vt 0.671373 0.899011
vt 0.667006 0.856066
vt 0.687013 0.856066
vt 0.692465 0.898309
vt 0.112415 0.858281
vt 0.123203 0.857822
vt 0.128639 0.900068
vt 0.049668 0.832610
vt 0.051832 0.819197
vt 0.085118 0.806521
vt 0.087933 0.836500
vt 0.048044 0.846227
vt 0.815652 0.902212
vt 0.047857 0.857995
vt 0.091116 0.857995
vt 0.662652 0.898996
vt 0.539034 0.845243
vt 0.542704 0.826603
vt 0.577153 0.826143
vt 0.577864 0.851015
vt 0.538596 0.857829
vt 0.538596 0.868500
vt 0.579325 0.869487
vt 0.750356 0.663911
vt 0.053630 0.808897
vt 0.856515 0.023446
vt 0.856330 0.010733
vt 0.896844 0.017357
vt 0.862700 0.052871
vt 0.858731 0.034427
vt 0.897120 0.034680
vt 0.897120 0.053098
vt 0.967661 0.238409
vt 0.963997 0.240935
vt 0.963997 0.181760
vt 0.116533 0.544014
vt 0.095095 0.545760
vt 0.095516 0.481663
vt 0.127425 0.481909
vt 0.360015 0.744500
vt 0.370104 0.755324
vt 0.328294 0.762400
vt 0.136873 0.541032
vt 0.380680 0.793756
vt 0.322525 0.793756
vt 0.345131 0.734218
vt 0.945264 0.772997
vt 0.945264 0.807677
vt 0.943250 0.807407
vt 0.336858 0.729012
vt 0.191803 0.184262
vt 0.192052 0.244004
vt 0.168719 0.243850
vt 0.169195 0.171686
vt 0.191816 0.301160
vt 0.190475 0.378064
vt 0.167808 0.381983
vt 0.168342 0.301005
vt 0.193312 0.152051
vt 0.191389 0.164196
vt 0.190495 0.386201
vt 0.191730 0.398174
vt 0.159956 0.399993
vt 0.192104 0.400205
vt 0.193392 0.149868
vt 0.161606 0.149658
vt 0.098692 -0.000000
vt 0.120468 0.000395
vt 0.152439 0.065228
vt 0.098261 0.064858
vt 0.160802 0.005697
vt 0.167730 0.007622
vt 0.162049 0.065904
vt 0.924973 0.080064
vt 0.930035 0.085347
vt 0.924973 0.145297
vt 0.837924 0.458679
vt 0.847184 0.461824
vt 0.837924 0.525287
vt 0.144892 0.002058
vt 0.874149 0.586966
vt 0.879288 0.582159
vt 0.879288 0.649067
vt 0.182014 0.018408
vt 0.194770 0.057245
vt 0.196514 0.066132
vt 0.167757 0.003511
vt 0.178058 0.008926
vt 0.486392 0.733333
vt 0.472594 0.676639
vt 0.488816 0.692231
vt 0.493101 0.713145
vt 0.454547 0.671251
vt 0.465739 0.748441
vt 0.436008 0.754478
vt 0.436008 0.671130
vt 0.794243 0.585004
vt 0.782900 0.605674
vt 0.781211 0.546796
vt 0.793045 0.564080
vt 0.763680 0.614902
vt 0.762132 0.537638
vt 0.738640 0.616443
vt 0.738640 0.534655
vt 0.127276 0.272155
vt 0.127957 0.160424
vt 0.126439 0.390741
vt 0.159307 0.481778
vt 0.096957 0.271955
vt 0.097630 0.160224
vt 0.096112 0.390540
vt 0.891261 0.739718
vt 0.891264 0.768903
vt 0.886605 0.767576
vt 0.886602 0.739641
vt 0.891261 0.718052
vt 0.899973 0.718198
vt 0.899972 0.739744
vt 0.899975 0.770780
vt 0.886601 0.717973
vt 0.537979 0.635049
vt 0.537971 0.606870
vt 0.538411 0.606853
vt 0.538415 0.634788
vt 0.537970 0.585213
vt 0.538411 0.585185
vt 0.093860 0.983367
vt 0.093530 0.983363
vt 0.093542 0.978316
vt 0.123086 0.978316
vt 0.123431 0.978689
vt 0.123086 0.983521
vt 0.046206 0.733406
vt 0.046558 0.733409
vt 0.046714 0.755055
vt 0.046364 0.755075
vt 0.093848 0.992087
vt 0.093530 0.992428
vt 0.049122 0.786320
vt 0.048747 0.786041
vt 0.962403 0.344022
vt 0.963513 0.343974
vt 0.963411 0.364622
vt 0.962308 0.364714
vt 0.962827 0.388592
vt 0.961643 0.388939
vt 0.041512 0.774386
vt 0.045010 0.775670
vt 0.044749 0.790013
vt 0.041512 0.790972
vt 0.590937 0.161670
vt 0.587701 0.161220
vt 0.590937 0.150373
vt 0.934043 0.637488
vt 0.930685 0.637082
vt 0.930869 0.616508
vt 0.934122 0.616602
vt 0.930962 0.594440
vt 0.934138 0.594488
vt 0.933315 0.662729
vt 0.930020 0.663257
vt 0.891532 0.788764
vt 0.886601 0.800957
vt 0.886601 0.782860
vt 0.888598 0.770780
vt 0.153184 0.948788
vt 0.144121 0.949831
vt 0.144995 0.935124
vt 0.153174 0.934059
vt 0.214200 0.944949
vt 0.214200 0.962964
vt 0.208051 0.947461
vt 0.209919 0.932006
vt 0.154819 0.947615
vt 0.154819 0.932571
vt 0.954584 0.737222
vt 0.955734 0.727690
vt 0.956862 0.726396
vt 0.955379 0.737596
vt 0.954584 0.725309
vt 0.587658 0.148471
vt 0.590937 0.147849
vt 0.946158 0.830261
vt 0.946173 0.808148
vt 0.947810 0.808140
vt 0.947780 0.830192
vt 0.960490 0.344765
vt 0.960519 0.322753
vt 0.961643 0.322747
vt 0.961600 0.344718
vt 0.953091 0.174916
vt 0.954713 0.174847
vt 0.954596 0.195301
vt 0.952980 0.195436
vt 0.959488 0.632320
vt 0.960598 0.632273
vt 0.960489 0.652834
vt 0.959385 0.652926
vt 0.947694 0.851012
vt 0.946078 0.851147
vt 0.961505 0.365452
vt 0.960402 0.365544
vt 0.954074 0.218255
vt 0.952398 0.218747
vt 0.959946 0.676347
vt 0.958761 0.676694
vt 0.947028 0.875898
vt 0.945351 0.876389
vt 0.960880 0.389880
vt 0.959696 0.390227
vt 0.022023 0.947636
vt 0.022025 0.969668
vt 0.019093 0.969401
vt 0.019093 0.947389
vt 0.434024 0.943828
vt 0.434024 0.965943
vt 0.431092 0.965675
vt 0.431094 0.943579
vt 0.002906 0.948767
vt 0.002906 0.969802
vt 0.000000 0.969351
vt 0.000007 0.948339
vt 0.643886 0.943308
vt 0.643886 0.964437
vt 0.640981 0.963982
vt 0.640988 0.942875
vt 0.022032 0.969184
vt 0.022025 0.947916
vt 0.024938 0.947389
vt 0.024938 0.968680
vt 0.268469 0.967069
vt 0.268462 0.945895
vt 0.271375 0.945372
vt 0.271375 0.966568
vt 0.543833 0.942969
vt 0.543833 0.970245
vt 0.541215 0.968929
vt 0.541227 0.941778
vt 0.317273 0.943900
vt 0.317272 0.971737
vt 0.314657 0.970416
vt 0.314669 0.942704
vt 0.597742 0.970169
vt 0.597730 0.941477
vt 0.600341 0.939936
vt 0.600341 0.968752
vt 0.436020 0.971302
vt 0.436008 0.943172
vt 0.438621 0.941635
vt 0.438621 0.969890
vt 0.821515 0.939925
vt 0.821515 0.962207
vt 0.818583 0.961936
vt 0.818586 0.939675
vt 0.833248 0.939924
vt 0.833250 0.962122
vt 0.830318 0.961853
vt 0.830318 0.939674
vt 0.635168 0.964375
vt 0.635161 0.943390
vt 0.638076 0.942875
vt 0.638076 0.963883
vt 0.717919 0.963674
vt 0.717912 0.942595
vt 0.720827 0.942076
vt 0.720827 0.963177
vt 0.274279 0.945812
vt 0.274279 0.967131
vt 0.271375 0.966668
vt 0.271382 0.945372
vt 0.726635 0.942512
vt 0.726635 0.963736
vt 0.723731 0.963277
vt 0.723738 0.942076
vt 0.538607 0.970312
vt 0.538596 0.943305
vt 0.541215 0.941778
vt 0.541215 0.968910
vt 0.441246 0.970735
vt 0.441234 0.943167
vt 0.443850 0.941635
vt 0.443850 0.969328
vt 0.602952 0.941141
vt 0.602952 0.970101
vt 0.600341 0.968771
vt 0.600353 0.939936
vt 0.312038 0.943904
vt 0.312038 0.972303
vt 0.309425 0.970978
vt 0.309437 0.942704
vt 0.933559 0.254230
vt 0.933559 0.243170
vt 0.936473 0.242796
vt 0.936473 0.253857
vt 0.891294 0.402197
vt 0.884418 0.402216
vt 0.884498 0.380071
vt 0.891400 0.380151
vt 0.877649 0.421366
vt 0.875766 0.421422
vt 0.876090 0.417371
vt 0.884304 0.416048
vt 0.891202 0.414199
vt 0.891178 0.417505
vt 0.883397 0.419900
vt 0.873939 0.420985
vt 0.872585 0.420221
vt 0.871899 0.417994
vt 0.871965 0.402121
vt 0.876169 0.402114
vt 0.947810 0.820942
vt 0.949578 0.804369
vt 0.950307 0.804433
vt 0.948545 0.820918
vt 0.950658 0.782021
vt 0.951368 0.782021
vt 0.851124 0.064854
vt 0.848489 0.086893
vt 0.847913 0.086870
vt 0.850550 0.064803
vt 0.847033 0.098815
vt 0.846455 0.098791
vt 0.846390 0.104073
vt 0.845849 0.103755
vt 0.964454 0.671076
vt 0.965146 0.661211
vt 0.965675 0.661069
vt 0.965012 0.670642
vt 0.964907 0.654750
vt 0.965426 0.654667
vt 0.964771 0.651857
vt 0.965308 0.651895
vt 0.964454 0.649124
vt 0.965031 0.649271
vt 0.950386 0.826083
vt 0.948875 0.824736
vt 0.949543 0.824474
vt 0.950939 0.825735
vt 0.919188 0.661382
vt 0.920951 0.644897
vt 0.922163 0.644979
vt 0.920423 0.661161
vt 0.922012 0.622485
vt 0.923239 0.622477
vt 0.891942 0.846315
vt 0.891847 0.868540
vt 0.890406 0.868487
vt 0.890508 0.846300
vt 0.891762 0.880549
vt 0.890317 0.880492
vt 0.891727 0.885549
vt 0.890289 0.884475
vt 0.882279 0.888467
vt 0.881842 0.887078
vt 0.876188 0.890028
vt 0.875957 0.888582
vt 0.873579 0.890113
vt 0.873723 0.888680
vt 0.871192 0.889448
vt 0.871641 0.888151
vt 0.921583 0.666199
vt 0.920187 0.664938
vt 0.921189 0.663901
vt 0.870259 0.887130
vt 0.911376 0.746321
vt 0.909632 0.730136
vt 0.917457 0.730076
vt 0.919188 0.746060
vt 0.916371 0.707633
vt 0.922984 0.140835
vt 0.921217 0.152946
vt 0.912384 0.152795
vt 0.914134 0.140688
vt 0.920622 0.156964
vt 0.911893 0.156131
vt 0.135994 0.955256
vt 0.135288 0.946487
vt 0.143497 0.944062
vt 0.144121 0.952148
vt 0.135503 0.940183
vt 0.143738 0.937896
vt 0.135586 0.937821
vt 0.143889 0.935882
vt 0.135813 0.935614
vt 0.144046 0.933957
vt 0.136213 0.934117
vt 0.144121 0.932571
vt 0.910640 0.749067
vt 0.918600 0.748263
vt 0.976698 0.182113
vt 0.976698 0.222533
vt 0.973351 0.222179
vt 0.973351 0.181760
vt 0.971710 0.633702
vt 0.971710 0.676075
vt 0.968359 0.675764
vt 0.968359 0.633392
vt 0.972714 0.358926
vt 0.972714 0.402273
vt 0.969361 0.401982
vt 0.969361 0.358635
vt 0.975375 0.253658
vt 0.975375 0.295054
vt 0.972025 0.294723
vt 0.972025 0.253327
vt 0.973351 0.182041
vt 0.973351 0.225881
vt 0.969997 0.225600
vt 0.969997 0.181760
vt 0.976797 0.077626
vt 0.976797 0.119513
vt 0.973446 0.119192
vt 0.973446 0.077305
vt 0.958761 0.633959
vt 0.955442 0.676694
vt 0.952123 0.676135
vt 0.955442 0.633400
vt 0.971527 0.731743
vt 0.971527 0.772652
vt 0.968179 0.772310
vt 0.968179 0.731401
vt 0.043320 0.878683
vt 0.044478 0.878462
vt 0.044507 0.922567
vt 0.043320 0.922670
vt 0.733396 0.925575
vt 0.734389 0.925341
vt 0.734426 0.967466
vt 0.733396 0.967570
vt 0.958385 0.918186
vt 0.959453 0.917957
vt 0.959487 0.961069
vt 0.958385 0.961173
vt 0.979244 0.065550
vt 0.980167 0.065313
vt 0.980206 0.106454
vt 0.979244 0.106558
vt 0.434720 0.903155
vt 0.435877 0.902930
vt 0.435906 0.946543
vt 0.434720 0.946649
vt 0.972308 0.871295
vt 0.973300 0.871058
vt 0.973338 0.912693
vt 0.972308 0.912799
vt 0.965719 0.499100
vt 0.966787 0.498868
vt 0.966821 0.541489
vt 0.965719 0.541595
vt 0.864605 0.933211
vt 0.865527 0.932971
vt 0.865567 0.973623
vt 0.864605 0.973729
vt 0.170468 0.851458
vt 0.167879 0.852112
vt 0.158594 0.837070
vt 0.170468 0.827020
vt 0.103320 0.978316
vt 0.103320 0.981283
vt 0.102311 0.981108
vt 0.102312 0.978454
vt 0.269059 0.716273
vt 0.269059 0.698190
vt 0.269933 0.698356
vt 0.269933 0.716087
vt 0.882923 0.960924
vt 0.882923 0.943854
vt 0.883947 0.944382
vt 0.883947 0.960777
vt 0.356692 0.946486
vt 0.356692 0.969686
vt 0.355661 0.969641
vt 0.355661 0.947030
vt 0.336100 0.159383
vt 0.346890 0.159153
vt 0.345038 0.160959
vt 0.809022 0.927621
vt 0.808873 0.947186
vt 0.803090 0.946467
vt 0.803708 0.929779
vt 0.922152 0.945476
vt 0.930051 0.927463
vt 0.931096 0.945702
vt 0.013225 0.945451
vt 0.013256 0.929947
vt 0.023323 0.931314
vt 0.020831 0.947019
vt 0.538248 0.148372
vt 0.538892 0.147849
vt 0.539733 0.148374
vt 0.539604 0.153129
vt 0.922438 0.947099
vt 0.930805 0.947459
vt 0.930484 0.948911
vt 0.922950 0.948019
vt 0.026429 0.926579
vt 0.023094 0.929697
vt 0.021672 0.926727
vt 0.544907 0.161591
vt 0.538248 0.161485
vt 0.546927 0.153243
vt 0.608899 0.370582
vt 0.604265 0.369506
vt 0.604265 0.364981
vt 0.608899 0.363700
vt 0.661330 0.362136
vt 0.661330 0.369723
vt 0.656553 0.369741
vt 0.656553 0.362154
vt 0.598678 0.369600
vt 0.594055 0.370735
vt 0.594056 0.363700
vt 0.598678 0.364975
vt 0.450789 0.160543
vt 0.450789 0.152970
vt 0.458069 0.153018
vt 0.458069 0.160591
vt 0.026909 0.928079
vt 0.024190 0.930325
vt 0.022822 0.947389
vt 0.027046 0.929823
vt 0.024426 0.946051
vt 0.013225 0.928608
vt 0.337590 0.150560
vt 0.338478 0.148688
vt 0.344179 0.149294
vt 0.345260 0.151299
vt 0.336358 0.161073
vt 0.930249 0.925089
vt 0.929289 0.926219
vt 0.921585 0.923332
vt 0.801413 0.948120
vt 0.809022 0.948922
vt 0.802994 0.931035
vt 0.802050 0.945463
vt 0.800365 0.947134
vt 0.800783 0.929935
vt 0.918515 0.647158
vt 0.919136 0.664954
vt 0.918515 0.665819
vt 0.135444 0.979537
vt 0.134817 0.978316
vt 0.135487 0.978316
vt 0.401116 0.945901
vt 0.411627 0.945025
vt 0.410181 0.946260
vt 0.402062 0.946730
vt 0.934837 0.023573
vt 0.925885 0.024032
vt 0.926063 0.023567
vt 0.934638 0.023127
vt 0.924272 0.022601
vt 0.924755 0.022406
vt 0.924272 0.003015
vt 0.924757 0.003216
vt 0.925192 0.002212
vt 0.925369 0.002681
vt 0.938292 0.003174
vt 0.938045 0.003612
vt 0.939712 0.004875
vt 0.939199 0.004995
vt 0.936844 0.021882
vt 0.936394 0.021647
vt 0.854629 0.018716
vt 0.854691 0.010269
vt 0.855868 0.010473
vt 0.855809 0.018474
vt 0.855050 0.008832
vt 0.856126 0.009439
vt 0.972761 0.000406
vt 0.972761 0.022161
vt 0.971747 0.022199
vt 0.971794 0.000829
vt 0.671649 0.945656
vt 0.672227 0.946227
vt 0.671204 0.946371
vt 0.672227 0.958938
vt 0.671318 0.958683
vt 0.870259 0.964475
vt 0.870427 0.963092
vt 0.871525 0.963063
vt 0.871403 0.964064
vt 0.870259 0.943854
vt 0.871286 0.944278
vt 0.855012 0.020278
vt 0.856126 0.019767
vt 0.401116 0.927079
vt 0.413408 0.927786
vt 0.414250 0.928782
vt 0.346493 0.151296
vt 0.348128 0.159193
vt 0.346346 0.161073
vt 0.801489 0.928678
vt 0.931096 0.926335
vt 0.788205 0.940933
vt 0.792636 0.928306
vt 0.800086 0.929532
vt 0.800365 0.943027
vt 0.356712 0.930820
vt 0.356712 0.937549
vt 0.343877 0.932585
vt 0.343451 0.925675
vt 0.356702 0.926503
vt 0.356661 0.942465
vt 0.356582 0.946486
vt 0.343754 0.945489
vt 0.343787 0.940024
vt 0.788205 0.927621
vt 0.827115 0.209324
vt 0.827135 0.209849
vt 0.814461 0.212392
vt 0.813870 0.211918
vt 0.813868 0.424640
vt 0.814409 0.424165
vt 0.827135 0.425059
vt 0.083326 0.991788
vt 0.082903 0.991858
vt 0.082903 0.978316
vt 0.924868 0.358672
vt 0.911198 0.359762
vt 0.908717 0.342528
vt 0.924420 0.339444
vt 0.595281 0.774855
vt 0.602439 0.774722
vt 0.602354 0.796022
vt 0.595192 0.796983
vt 0.907375 0.333098
vt 0.925804 0.330243
vt 0.602215 0.816154
vt 0.595043 0.817892
vt 0.606088 0.817331
vt 0.603848 0.821464
vt 0.606933 0.852058
vt 0.603121 0.853021
vt 0.913167 0.372574
vt 0.916325 0.363282
vt 0.916945 0.372547
vt 0.534642 0.676614
vt 0.534634 0.709554
vt 0.532155 0.710059
vt 0.532155 0.676281
vt 0.598465 0.821094
vt 0.597717 0.855406
vt 0.594129 0.856990
vt 0.921652 0.363474
vt 0.925804 0.372708
vt 0.922270 0.372644
vt 0.262634 0.801364
vt 0.262634 0.840946
vt 0.246725 0.829065
vt 0.251117 0.792630
vt 0.787779 0.663415
vt 0.782462 0.660756
vt 0.785321 0.642210
vt 0.787779 0.643489
vt 0.915382 0.419749
vt 0.915382 0.383482
vt 0.925984 0.373167
vt 0.930455 0.408486
vt 0.920325 0.374050
vt 0.614312 0.363700
vt 0.614312 0.369279
vt 0.608930 0.367153
vt 0.608899 0.364611
vt 0.257728 0.792072
vt 0.838213 0.303407
vt 0.838140 0.244040
vt 0.848146 0.243718
vt 0.848206 0.303086
vt 0.838280 0.436860
vt 0.838253 0.360255
vt 0.848259 0.359933
vt 0.848311 0.436536
vt 0.848037 0.211476
vt 0.848078 0.223815
vt 0.838092 0.224136
vt 0.837925 0.211843
vt 0.848733 0.443446
vt 0.838219 0.444945
vt 0.848639 0.450886
vt 0.848603 0.456350
vt 0.838102 0.456706
vt 0.813916 0.231821
vt 0.814587 0.231846
vt 0.814587 0.291204
vt 0.813911 0.291189
vt 0.813901 0.348036
vt 0.814572 0.348049
vt 0.208019 0.941727
vt 0.196947 0.937239
vt 0.208051 0.932006
vt 0.913016 0.071457
vt 0.917971 0.034420
vt 0.930169 0.036066
vt 0.929569 0.072315
vt 0.919024 0.025466
vt 0.930421 0.024419
vt 0.196514 0.948119
vt 0.208051 0.950517
vt 0.911893 0.080064
vt 0.930421 0.079247
vt 0.590937 0.160874
vt 0.590937 0.147849
vt 0.594348 0.158580
vt 0.888077 0.336995
vt 0.888251 0.329885
vt 0.894544 0.326670
vt 0.899192 0.331326
vt 0.894833 0.316999
vt 0.899215 0.316781
vt 0.899262 0.288599
vt 0.888714 0.289208
vt 0.888736 0.267544
vt 0.899298 0.266931
vt 0.873517 0.943854
vt 0.873517 0.956721
vt 0.871643 0.956715
vt 0.871525 0.943856
vt 0.894270 0.943725
vt 0.894364 0.957037
vt 0.892223 0.956789
vt 0.892223 0.943570
vt 0.963906 0.220944
vt 0.963938 0.239593
vt 0.961911 0.239415
vt 0.961911 0.220913
vt 0.848450 0.458336
vt 0.837924 0.458679
vt 0.837924 0.209663
vt 0.847925 0.209324
vt 0.952220 0.939314
vt 0.954029 0.939627
vt 0.952220 0.957861
vt 0.589834 0.266363
vt 0.594056 0.266349
vt 0.962446 0.322090
vt 0.963570 0.322085
vt 0.953161 0.153147
vt 0.954797 0.153139
vt 0.959545 0.610469
vt 0.960668 0.610464
vt 0.553995 0.942071
vt 0.556930 0.941778
vt 0.556928 0.964037
vt 0.553995 0.964309
vt 0.824451 0.939966
vt 0.827386 0.939674
vt 0.827384 0.961850
vt 0.824451 0.962121
vt 0.013225 0.947678
vt 0.016161 0.947389
vt 0.016158 0.969398
vt 0.013225 0.969667
vt 0.425225 0.943869
vt 0.428160 0.943579
vt 0.428158 0.965672
vt 0.425225 0.965942
vt 0.871981 0.379763
vt 0.876471 0.379895
vt 0.924973 0.118517
vt 0.916086 0.118514
vt 0.662454 0.724651
vt 0.661619 0.724782
vt 0.661779 0.681186
vt 0.662618 0.681212
vt 0.812464 0.533330
vt 0.811852 0.533436
vt 0.812038 0.491887
vt 0.812638 0.491896
vt 0.322247 0.425501
vt 0.321552 0.425617
vt 0.321726 0.383048
vt 0.322416 0.383063
vt 0.848307 0.616050
vt 0.847748 0.616151
vt 0.847948 0.575617
vt 0.848486 0.575622
vt 0.729436 0.248191
vt 0.728601 0.248322
vt 0.728765 0.205231
vt 0.729604 0.205256
vt 0.607545 0.840165
vt 0.606933 0.840271
vt 0.607123 0.799227
vt 0.607722 0.799236
vt 0.164378 0.734677
vt 0.163683 0.734793
vt 0.163861 0.692729
vt 0.164551 0.692744
vt 0.856041 0.101191
vt 0.855482 0.101292
vt 0.855685 0.061263
vt 0.856224 0.061268
vt 0.976698 0.181972
vt 0.979304 0.181760
vt 0.979304 0.225865
vt 0.976698 0.226077
vt 0.976873 0.299104
vt 0.979477 0.298861
vt 0.979477 0.340986
vt 0.976873 0.341229
vt 0.978220 0.128553
vt 0.980825 0.128326
vt 0.980825 0.171439
vt 0.978220 0.171666
vt 0.959885 0.932635
vt 0.962487 0.932375
vt 0.962487 0.973517
vt 0.959885 0.973777
vt 0.971837 0.820813
vt 0.974443 0.820593
vt 0.974443 0.864206
vt 0.971837 0.864425
vt 0.862002 0.933223
vt 0.864605 0.932971
vt 0.864605 0.974606
vt 0.862002 0.974857
vt 0.963538 0.931247
vt 0.966143 0.931012
vt 0.966143 0.973633
vt 0.963538 0.973868
vt 0.490167 0.937665
vt 0.492768 0.937396
vt 0.492768 0.978048
vt 0.490167 0.978316
vt 0.276410 0.218195
vt 0.300841 0.218418
vt 0.276211 0.187444
vt 0.299943 0.188293
vt 0.811731 0.310220
vt 0.787262 0.318220
vt 0.788003 0.294021
vt 0.809154 0.289731
vt 0.788007 0.230304
vt 0.799859 0.227053
vt 0.804295 0.255350
vt 0.788177 0.258641
vt 0.241723 0.217835
vt 0.215030 0.217542
vt 0.214393 0.185888
vt 0.241660 0.186577
vt 0.296248 0.089360
vt 0.334975 0.090512
vt 0.334960 0.133310
vt 0.296327 0.135374
vt 0.605568 0.419554
vt 0.614289 0.419391
vt 0.615740 0.371037
vt 0.606473 0.372133
vt 0.551398 0.422474
vt 0.871900 0.104180
vt 0.884617 0.105027
vt 0.405368 0.015447
vt 0.405653 0.020263
vt 0.400516 0.019162
vt 0.400480 0.014539
vt 0.416774 0.017643
vt 0.421471 0.018543
vt 0.423607 0.054850
vt 0.419205 0.057868
vt 0.184126 0.590990
vt 0.184149 0.650181
vt 0.159940 0.649978
vt 0.159819 0.590524
vt 0.196221 0.650263
vt 0.196204 0.591052
vt 0.334934 0.047150
vt 0.296212 0.046937
vt 0.296242 0.018691
vt 0.334870 0.018687
vt 0.456396 0.671111
vt 0.456809 0.592868
vt 0.481004 0.592921
vt 0.480936 0.670105
vt 0.493076 0.592928
vt 0.493101 0.668932
vt 0.620054 0.131635
vt 0.621315 0.128984
vt 0.621929 0.133586
vt 0.786982 0.338818
vt 0.792047 0.339731
vt 0.786403 0.343741
vt 0.620335 0.119233
vt 0.618095 0.119412
vt 0.922327 0.790475
vt 0.919188 0.793294
vt 0.919432 0.781726
vt 0.923335 0.780600
vt 0.797918 0.331954
vt 0.730056 0.228717
vt 0.732854 0.228148
vt 0.739428 0.271979
vt 0.735801 0.274328
vt 0.734925 0.217122
vt 0.735277 0.226499
vt 0.729656 0.217210
vt 0.730870 0.204128
vt 0.736278 0.203010
vt 0.334836 0.146395
vt 0.296408 0.149532
vt 0.336100 0.157335
vt 0.297067 0.161480
vt 0.748499 0.077851
vt 0.746553 0.082975
vt 0.741602 0.079718
vt 0.743370 0.072971
vt 0.296885 0.000152
vt 0.335831 0.002367
vt 0.334777 0.008874
vt 0.296328 0.007717
vt 0.745541 0.094622
vt 0.740801 0.089509
vt 0.338901 0.131349
vt 0.355486 0.108545
vt 0.356951 0.115143
vt 0.272399 0.671501
vt 0.276557 0.675359
vt 0.269319 0.696253
vt 0.961911 0.252351
vt 0.956827 0.250466
vt 0.961911 0.220913
vt 0.271789 0.571624
vt 0.273308 0.575264
vt 0.269866 0.575038
vt 0.269319 0.571253
vt 0.544704 0.384301
vt 0.548616 0.383758
vt 0.544068 0.409174
vt 0.540018 0.409286
vt 0.556045 0.382221
vt 0.275910 0.583210
vt 0.271336 0.582455
vt 0.391985 0.005064
vt 0.388181 0.003856
vt 0.389493 -0.000000
vt 0.391644 0.000469
vt 0.390373 0.012823
vt 0.386455 0.012122
vt 0.927299 0.152927
vt 0.924973 0.153893
vt 0.925191 0.150973
vt 0.928899 0.150718
vt 0.884379 0.053481
vt 0.887348 0.054070
vt 0.884481 0.065518
vt 0.319545 0.189328
vt 0.320773 0.201715
vt 0.322439 0.218517
vt 0.329471 0.218520
vt 0.919897 0.761343
vt 0.924465 0.760922
vt 0.619402 0.099862
vt 0.614679 0.100069
vt 0.626754 0.066911
vt 0.621005 0.074068
vt 0.619540 0.054758
vt 0.628177 0.053577
vt 0.618634 0.031778
vt 0.632389 0.037342
vt 0.615773 0.064986
vt 0.610784 0.065599
vt 0.608161 0.035541
vt 0.612750 0.033407
vt 0.919903 0.697893
vt 0.924242 0.695917
vt 0.924782 0.726136
vt 0.920137 0.726605
vt 0.745771 0.322065
vt 0.741686 0.325967
vt 0.607703 0.960369
vt 0.603757 0.964503
vt 0.603757 0.909665
vt 0.741956 0.268543
vt 0.748499 0.316776
vt 0.739800 0.163922
vt 0.734624 0.161364
vt 0.375882 0.089329
vt 0.375134 0.098861
vt 0.284597 0.658458
vt 0.280524 0.653571
vt 0.884587 0.077998
vt 0.887772 0.078358
vt 0.887834 0.105305
vt 0.542687 0.436530
vt 0.538606 0.436572
vt 0.285632 0.634762
vt 0.286225 0.645763
vt 0.281659 0.642338
vt 0.280681 0.632926
vt 0.387469 0.066904
vt 0.385814 0.080467
vt 0.381859 0.075888
vt 0.383013 0.064663
vt 0.398208 0.070351
vt 0.396287 0.091816
vt 0.738373 0.118007
vt 0.743625 0.118920
vt 0.919188 0.670619
vt 0.922839 0.666199
vt 0.923542 0.675757
vt 0.919446 0.679750
vt 0.609159 0.002569
vt 0.617542 0.004111
vt 0.610132 0.010650
vt 0.379865 0.082846
vt 0.383497 0.089633
vt 0.379727 0.095979
vt 0.387169 0.102728
vt 0.286055 0.652447
vt 0.281738 0.647580
vt 0.620296 0.370885
vt 0.617856 0.419360
vt 0.899446 0.248176
vt 0.901902 0.199728
vt 0.907375 0.200724
vt 0.903971 0.248640
vt 0.453924 0.141315
vt 0.454136 0.148688
vt 0.434327 0.142536
vt 0.438194 0.137705
vt 0.672531 0.007894
vt 0.672480 0.014693
vt 0.653471 0.019817
vt 0.647707 0.012819
vt 0.648005 0.004339
vt 0.672576 0.003562
vt 0.644255 0.032662
vt 0.636804 0.042334
vt 0.642220 0.026676
vt 0.647250 0.035719
vt 0.640461 0.044406
vt 0.654906 0.025273
vt 0.657014 0.028971
vt 0.632091 0.053975
vt 0.630342 0.066387
vt 0.636093 0.054711
vt 0.634443 0.065837
vt 0.631781 0.078372
vt 0.636207 0.089397
vt 0.632345 0.093405
vt 0.628186 0.079487
vt 0.635811 0.076986
vt 0.639922 0.087351
vt 0.672507 0.019812
vt 0.672576 0.024109
vt 0.421424 0.061862
vt 0.414412 0.071828
vt 0.410274 0.067630
vt 0.424652 0.064911
vt 0.418256 0.074027
vt 0.412719 0.126325
vt 0.410639 0.120268
vt 0.416527 0.119869
vt 0.411396 0.108005
vt 0.415405 0.107506
vt 0.420178 0.117862
vt 0.413372 0.096204
vt 0.409244 0.095289
vt 0.406594 0.108396
vt 0.404485 0.094158
vt 0.405470 0.081230
vt 0.410300 0.083100
vt 0.414408 0.084768
vt 0.408490 0.071076
vt 0.439957 0.133668
vt 0.453859 0.137062
vt 0.643419 0.098928
vt 0.646651 0.096103
vt 0.641451 0.103275
vt 0.424406 0.129502
vt 0.422614 0.134879
vt 0.427362 0.126462
vt 0.153220 0.554834
vt 0.143977 0.589940
vt 0.143677 0.545760
vt 0.164605 0.562844
vt 0.144002 0.649800
vt 0.632612 0.018355
vt 0.632541 0.004213
vt 0.645691 0.103265
vt 0.645033 0.123258
vt 0.636566 0.114857
vt 0.640305 0.900317
vt 0.641028 0.898807
vt 0.648142 0.906343
vt 0.647430 0.907787
vt 0.425622 0.522306
vt 0.432516 0.522206
vt 0.432624 0.581912
vt 0.425606 0.581806
vt 0.529214 0.151770
vt 0.516312 0.151742
vt 0.516100 0.072318
vt 0.529172 0.073415
vt 0.765784 0.325064
vt 0.763944 0.325187
vt 0.763944 0.318930
vt 0.397047 0.109342
vt 0.389221 0.127428
vt 0.397762 0.127012
vt 0.626157 0.100755
vt 0.606330 0.015465
vt 0.786403 0.213175
vt 0.796765 0.209324
vt 0.205261 0.217443
vt 0.201744 0.185589
vt 0.423985 0.059883
vt 0.630536 0.018990
vt 0.630414 0.004251
vt 0.440550 0.477866
vt 0.440833 0.522046
vt 0.438681 0.522061
vt 0.438694 0.477819
vt 0.440833 0.581906
vt 0.438681 0.581936
vt 0.732279 0.512766
vt 0.731753 0.531748
vt 0.730193 0.513369
vt 0.730306 0.498630
vt 0.732433 0.498625
vt 0.605677 -0.000000
vt 0.417286 0.522543
vt 0.417354 0.581649
vt 0.871904 0.073230
vt 0.407631 0.015880
vt 0.397352 0.004816
vt 0.398577 0.013165
vt 0.393749 0.012691
vt 0.924973 0.145677
vt 0.928717 0.145297
vt 0.963570 0.284276
vt 0.965578 0.284277
vt 0.963573 0.253689
vt 0.965582 0.253327
vt 0.397059 0.000169
vt 0.321384 0.602368
vt 0.321290 0.600538
vt 0.321995 0.600112
vt 0.322133 0.602182
vt 0.167006 0.763730
vt 0.168331 0.765706
vt 0.168032 0.766384
vt 0.166478 0.764150
vt 0.321124 0.588791
vt 0.321746 0.588545
vt 0.165490 0.751827
vt 0.164806 0.751834
vt 0.537712 0.857404
vt 0.538596 0.906526
vt 0.538037 0.906748
vt 0.537132 0.856990
vt 0.956145 0.241485
vt 0.954797 0.230108
vt 0.955448 0.230592
vt 0.956827 0.242023
vt 0.954916 0.217152
vt 0.955544 0.217454
vt 0.926439 0.655150
vt 0.926685 0.668111
vt 0.925979 0.668256
vt 0.925727 0.655165
vt 0.930020 0.679307
vt 0.929151 0.679023
vt 0.954991 0.092920
vt 0.956156 0.086097
vt 0.956827 0.085709
vt 0.955640 0.092581
vt 0.930020 0.523564
vt 0.926827 0.530607
vt 0.926135 0.530416
vt 0.929156 0.523702
vt 0.926414 0.540314
vt 0.925702 0.540288
vt 0.955047 0.102572
vt 0.955676 0.102406
vt 0.436005 0.827126
vt 0.435484 0.849989
vt 0.434720 0.850046
vt 0.435232 0.827003
vt 0.951419 0.741851
vt 0.951368 0.738054
vt 0.951976 0.737909
vt 0.952008 0.741733
vt 0.780967 0.833908
vt 0.779785 0.838270
vt 0.779044 0.838016
vt 0.780333 0.833449
vt 0.779665 0.846076
vt 0.778903 0.845946
vt 0.951878 0.749319
vt 0.952465 0.749281
vt 0.068487 0.986225
vt 0.068685 0.983511
vt 0.069364 0.983639
vt 0.069129 0.986558
vt 0.783194 0.831724
vt 0.782811 0.831046
vt 0.165277 0.731193
vt 0.164551 0.731151
vt 0.320738 0.568186
vt 0.321344 0.568160
vt 0.319501 0.533492
vt 0.318054 0.504910
vt 0.318650 0.504768
vt 0.320105 0.533443
vt 0.169834 0.668192
vt 0.167218 0.696620
vt 0.166487 0.696571
vt 0.169104 0.668119
vt 0.705028 0.802426
vt 0.705690 0.854395
vt 0.705028 0.855072
vt 0.537132 0.963942
vt 0.955642 0.174525
vt 0.955009 0.174395
vt 0.925501 0.612291
vt 0.926215 0.612315
vt 0.435497 0.803652
vt 0.434720 0.803476
vt 0.786496 0.897093
vt 0.787813 0.906510
vt 0.787073 0.906530
vt 0.785763 0.897166
vt 0.954030 0.809854
vt 0.954317 0.800474
vt 0.954926 0.800550
vt 0.954627 0.810008
vt 0.926172 0.568848
vt 0.925458 0.568835
vt 0.955051 0.131022
vt 0.955684 0.131007
vt 0.316139 0.477085
vt 0.316775 0.477549
vt 0.317421 0.486660
vt 0.316840 0.486906
vt 0.951368 0.821016
vt 0.953393 0.815114
vt 0.953999 0.815213
vt 0.951990 0.820986
vt 0.788205 0.911962
vt 0.787427 0.911215
vt 0.084497 0.978316
vt 0.084497 0.985826
vt 0.083751 0.985716
vt 0.083757 0.979013
vt 0.171880 0.650289
vt 0.171145 0.650263
vt 0.636720 0.888929
vt 0.638392 0.888621
vt 0.638426 0.892562
vt 0.634474 0.893700
vt 0.624061 0.117806
vt 0.377813 0.104800
vt 0.380135 0.107063
vt 0.184107 0.569705
vt 0.196221 0.571819
vt 0.603965 0.006018
vt 0.903822 0.076895
vt 0.903533 0.085988
vt 0.902983 0.086085
vt 0.903279 0.076895
vt 0.907468 0.127551
vt 0.906959 0.128234
vt 0.686620 0.291418
vt 0.686093 0.291633
vt 0.686084 0.282193
vt 0.686615 0.282162
vt 0.698259 0.334888
vt 0.715368 0.386116
vt 0.714790 0.386044
vt 0.697814 0.335349
vt 0.910356 0.177291
vt 0.910854 0.177060
vt 0.697662 0.230124
vt 0.689297 0.268673
vt 0.688839 0.268279
vt 0.697173 0.229850
vt 0.706789 0.185622
vt 0.707303 0.185756
vt 0.712043 0.161756
vt 0.712469 0.162132
vt 0.425225 0.960533
vt 0.423455 0.952196
vt 0.423997 0.952018
vt 0.970537 0.021797
vt 0.971097 0.013299
vt 0.971747 0.013229
vt 0.031450 0.978316
vt 0.031897 0.999054
vt 0.031450 0.999197
vt 0.090475 0.890231
vt 0.090595 0.870004
vt 0.091106 0.869915
vt 0.648241 0.907787
vt 0.648617 0.932367
vt 0.648134 0.932375
vt 0.647754 0.907797
vt 0.090992 0.857995
vt 0.090475 0.858132
vt 0.085253 0.978316
vt 0.085792 0.987989
vt 0.085253 0.988510
vt 0.083751 0.991778
vt 0.083326 0.978625
vt 0.083751 0.978316
vt 0.944897 0.889562
vt 0.948805 0.876987
vt 0.949284 0.876642
vt 0.945496 0.889245
vt 0.942758 0.903317
vt 0.943269 0.902993
vt 0.648239 0.947827
vt 0.647754 0.947955
vt 0.038853 0.991448
vt 0.038837 0.985203
vt 0.039337 0.991354
vt 0.970537 0.000406
vt 0.075506 0.978316
vt 0.075986 0.991045
vt 0.075506 0.991191
vt 0.134430 0.978458
vt 0.134817 0.978316
vt 0.134817 0.980439
vt 0.132083 0.978316
vt 0.132557 0.978541
vt 0.132083 0.980330
vt 0.038819 0.993304
vt 0.039401 0.993203
vt 0.730193 0.498142
vt 0.732305 0.498140
vt 0.425225 0.947636
vt 0.424502 0.947997
vt 0.001863 0.986868
vt 0.001863 1.000000
vt 0.001412 0.999911
vt 0.001406 0.986922
vt 0.130878 0.978316
vt 0.130885 0.981071
vt 0.130517 0.981237
vt 0.130517 0.978499
vt 0.082280 0.978316
vt 0.082280 0.991219
vt 0.081829 0.991111
vt 0.449087 0.963021
vt 0.449809 0.950287
vt 0.450570 0.950305
vt 0.434720 0.902785
vt 0.435353 0.887296
vt 0.435803 0.887359
vt 0.435168 0.902930
vt 0.435380 0.862735
vt 0.434720 0.850531
vt 0.435125 0.850046
vt 0.435827 0.862778
vt 0.911454 0.180468
vt 0.911893 0.180061
vt 0.662618 0.323104
vt 0.662088 0.323073
vt 0.661988 0.298952
vt 0.662515 0.299376
vt 0.661988 0.368379
vt 0.662503 0.368070
vt 0.905910 0.063914
vt 0.905469 0.063324
vt 0.911505 0.024419
vt 0.911893 0.025288
vt 0.876309 0.952082
vt 0.877753 0.943854
vt 0.878216 0.943985
vt 0.876824 0.952169
vt 0.945243 0.923840
vt 0.945684 0.923596
vt 0.949284 0.935914
vt 0.948712 0.935638
vt 0.449087 0.941712
vt 0.449505 0.941635
vt 0.001767 0.978316
vt 0.101285 0.986994
vt 0.100928 0.978539
vt 0.101285 0.978316
vt 0.100274 0.982363
vt 0.100399 0.978316
vt 0.100928 0.978551
vt 0.100928 0.983118
vt 0.320234 0.472977
vt 0.319943 0.472240
vt 0.712225 0.391151
vt 0.712657 0.391728
vt 0.322133 0.466809
vt 0.321776 0.466039
vt 0.969929 0.184052
vt 0.969950 0.206390
vt 0.967685 0.206241
vt 0.967661 0.182453
vt 0.969994 0.247642
vt 0.967789 0.251305
vt 0.456328 0.005830
vt 0.456242 0.040741
vt 0.454139 0.039162
vt 0.454136 0.000000
vt 0.476608 0.100717
vt 0.476793 0.095518
vt 0.501541 0.136497
vt 0.504558 0.147576
vt 0.413302 0.571370
vt 0.413023 0.522662
vt 0.417273 0.506436
vt 0.507890 0.150200
vt 0.504396 0.135726
vt 0.504134 0.067255
vt 0.507917 0.069056
vt 0.384725 0.128564
vt 0.456302 0.061262
vt 0.458413 0.059919
vt 0.343384 0.134443
vt 0.340269 0.139032
vt 0.336478 0.136881
vt 0.339153 0.146442
vt 0.336100 0.148688
vt 0.357389 0.120117
vt 0.374917 0.105112
vt 0.456471 0.051239
vt 0.454372 0.052314
vt 0.959696 0.253327
vt 0.957536 0.265742
vt 0.957543 0.253358
vt 0.440855 0.592788
vt 0.440882 0.535867
vt 0.456822 0.536043
vt 0.481029 0.536244
vt 0.493101 0.536325
vt 0.507905 0.046053
vt 0.957567 0.388648
vt 0.957511 0.310293
vt 0.959664 0.310248
vt 0.959696 0.388590
vt 0.440894 0.671130
vt 0.413324 0.581317
vt 0.503865 0.015823
vt 0.507889 0.016127
vt 0.503889 0.024316
vt 0.969997 0.252349
vt 0.456339 0.001124
vt 0.969997 0.181760
vt 0.412645 0.480011
vt 0.417249 0.477819
vt 0.412729 0.482323
vt 0.384851 0.129529
vt 0.339119 0.147392
vt 0.439946 0.622168
vt 0.439721 0.596013
vt 0.440609 0.596105
vt 0.440833 0.622183
vt 0.090382 0.900068
vt 0.091116 0.900441
vt 0.091113 0.922399
vt 0.090379 0.922406
vt 0.091112 0.963273
vt 0.090379 0.963658
vt 0.440447 0.670786
vt 0.439565 0.670072
vt 0.887598 0.199728
vt 0.888077 0.200607
vt 0.876823 0.232907
vt 0.876112 0.232695
vt 0.873631 0.242834
vt 0.872899 0.242691
vt 0.872641 0.251534
vt 0.871899 0.251530
vt 0.878390 0.291125
vt 0.877643 0.291180
vt 0.882666 0.310971
vt 0.970532 0.065801
vt 0.969216 0.114258
vt 0.969636 0.065791
vt 0.970131 0.036603
vt 0.671526 0.160628
vt 0.670638 0.160198
vt 0.671166 0.138897
vt 0.672065 0.138726
vt 0.670638 0.136643
vt 0.671463 0.136163
vt 0.110645 0.981366
vt 0.109850 0.981201
vt 0.109845 0.978540
vt 0.110645 0.978316
vt 0.961250 0.472313
vt 0.961918 0.472371
vt 0.958734 0.495082
vt 0.958050 0.495163
vt 0.957724 0.515039
vt 0.957041 0.515172
vt 0.958403 0.520349
vt 0.957745 0.520674
vt 0.961918 0.525844
vt 0.961816 0.526966
vt 0.515802 0.947858
vt 0.515727 0.923402
vt 0.516301 0.923345
vt 0.516380 0.947785
vt 0.515831 0.960057
vt 0.515148 0.960549
vt 0.514358 0.907349
vt 0.514920 0.907447
vt 0.069919 0.985229
vt 0.069364 0.985292
vt 0.069364 0.978316
vt 0.039401 0.986663
vt 0.039954 0.986570
vt 0.039969 0.993589
vt 0.515814 0.904990
vt 0.516380 0.905062
vt 0.066717 0.990860
vt 0.066432 0.982440
vt 0.067015 0.982422
vt 0.039969 0.978317
vt 0.342571 0.929543
vt 0.343146 0.929625
vt 0.343198 0.937863
vt 0.342636 0.937795
vt 0.343290 0.944841
vt 0.342719 0.944816
vt 0.127987 0.978480
vt 0.127987 0.981252
vt 0.127514 0.981112
vt 0.127523 0.978316
vt 0.662618 0.902586
vt 0.662583 0.918675
vt 0.662011 0.918731
vt 0.662049 0.902790
vt 0.662592 0.942900
vt 0.662021 0.942939
vt 0.070474 0.991111
vt 0.069919 0.990597
vt 0.070474 0.978316
vt 0.662618 0.955372
vt 0.066428 0.978372
vt 0.067015 0.978317
vt 0.342768 0.925511
vt 0.343357 0.925625
vt 0.125566 0.978625
vt 0.125721 0.981110
vt 0.125127 0.981169
vt 0.125127 0.978316
vt 0.114269 0.978807
vt 0.114932 0.978316
vt 0.114932 0.981229
vt 0.114271 0.981279
vt 0.128933 0.981226
vt 0.128476 0.981226
vt 0.128552 0.978316
vt 0.127987 0.978316
vt 0.128476 0.978472
vt 0.127987 0.981108
vt 0.878216 0.957074
vt 0.877661 0.956905
vt 0.103490 0.978392
vt 0.103913 0.978316
vt 0.103913 0.983325
vt 0.103320 0.983238
vt 0.113509 0.978316
vt 0.113509 0.981901
vt 0.112929 0.981804
vt 0.715368 0.161886
vt 0.075506 0.981572
vt 0.073565 0.981275
vt 0.073565 0.978316
vt 0.075506 0.978615
vt 0.425550 0.477825
vt 0.425567 0.486864
vt 0.421681 0.488072
vt 0.511775 0.026758
vt 0.516140 0.016284
vt 0.516133 0.025686
vt 0.429547 0.490914
vt 0.428385 0.488096
vt 0.432436 0.477857
vt 0.432458 0.490092
vt 0.523161 0.016389
vt 0.523209 0.029452
vt 0.520023 0.029765
vt 0.518793 0.026793
vt 0.778105 0.937811
vt 0.778275 0.944817
vt 0.774213 0.939001
vt 0.773032 0.941795
vt 0.772909 0.947789
vt 0.773999 0.950671
vt 0.778018 0.952037
vt 0.780917 0.950784
vt 0.552455 0.159548
vt 0.546927 0.153457
vt 0.552590 0.156726
vt 0.552590 0.150745
vt 0.552444 0.147849
vt 0.780917 0.939056
vt 0.762033 0.937811
vt 0.762001 0.944693
vt 0.757676 0.938885
vt 0.756461 0.941847
vt 0.756461 0.947835
vt 0.757676 0.950812
vt 0.762030 0.951941
vt 0.764693 0.950844
vt 0.444972 0.160591
vt 0.439390 0.154474
vt 0.445122 0.157717
vt 0.445122 0.151741
vt 0.444972 0.148688
vt 0.764693 0.938916
vt 0.425559 0.506312
vt 0.432487 0.506138
vt 0.516119 0.046366
vt 0.523272 0.046537
vt 0.529205 0.028864
vt 0.529214 0.016479
vt 0.343357 0.950678
vt 0.342791 0.950870
vt 0.099682 0.978316
vt 0.099682 0.984374
vt 0.099136 0.984206
vt 0.069651 0.991129
vt 0.438674 0.522127
vt 0.438680 0.582003
vt 0.438680 0.477886
vt 0.038819 0.978316
vt 0.039298 0.978365
vt 0.412839 0.496524
vt 0.417265 0.497430
vt 0.503982 0.038006
vt 0.507900 0.036637
vt 0.510557 0.035708
vt 0.511770 0.038685
vt 0.516123 0.039816
vt 0.518787 0.038720
vt 0.428439 0.499824
vt 0.425546 0.501090
vt 0.421520 0.499743
vt 0.420417 0.496866
vt 0.432471 0.497478
vt 0.429593 0.496909
vt 0.417259 0.489837
vt 0.420512 0.490872
vt 0.439565 0.582637
vt 0.440445 0.581936
vt 0.523238 0.037325
vt 0.520020 0.035753
vt 0.529197 0.040234
vt 0.957530 0.277113
vt 0.507896 0.029375
vt 0.510559 0.029720
vt 0.503935 0.028860
vt 0.970006 0.027474
vt 0.969060 0.023311
vt 0.969946 0.022936
vt 0.965722 0.398232
vt 0.966188 0.359037
vt 0.967044 0.358635
vt 0.966626 0.398238
vt 0.963212 0.677441
vt 0.963754 0.715869
vt 0.962885 0.715831
vt 0.962370 0.677031
vt 0.318721 0.787538
vt 0.321160 0.739063
vt 0.322101 0.738710
vt 0.319642 0.787541
vt 0.893269 0.771217
vt 0.894272 0.819068
vt 0.893223 0.819011
vt 0.892298 0.770780
vt 0.213661 0.166850
vt 0.196514 0.162428
vt 0.241489 0.173284
vt 0.276128 0.180089
vt 0.299600 0.185312
vt 0.327702 0.201945
vt 0.610427 0.757762
vt 0.613076 0.762122
vt 0.610427 0.764070
vt 0.925623 0.812332
vt 0.925569 0.805237
vt 0.929524 0.804925
vt 0.582937 0.958078
vt 0.578414 0.959918
vt 0.578248 0.949611
vt 0.582749 0.947757
vt 0.926974 0.679307
vt 0.928847 0.696409
vt 0.926119 0.696994
vt 0.929461 0.724739
vt 0.925458 0.725549
vt 0.929842 0.760118
vt 0.925816 0.760849
vt 0.929480 0.784326
vt 0.925458 0.784892
vt 0.582840 0.943473
vt 0.578443 0.943556
vt 0.578633 0.937652
vt 0.582937 0.938939
vt 0.625799 0.128791
vt 0.625612 0.136163
vt 0.632245 0.890523
vt 0.623671 0.122084
vt 0.097582 0.978597
vt 0.098327 0.978316
vt 0.098417 0.982158
vt 0.097582 0.982852
vt 0.171880 0.769079
vt 0.171267 0.769566
vt 0.760465 0.528022
vt 0.763317 0.531633
vt 0.760465 0.534265
vt 0.610427 0.763978
vt 0.607722 0.761711
vt 0.610427 0.757762
vt 0.969939 0.134226
vt 0.969060 0.132307
vt 0.888077 0.336078
vt 0.887647 0.337995
vt 0.588377 0.222837
vt 0.580984 0.220963
vt 0.566943 0.182481
vt 0.533954 0.165550
vt 0.527495 0.167137
vt 0.520204 0.161756
vt 0.548099 0.174994
vt 0.553262 0.173282
vt 0.562978 0.183167
vt 0.591967 0.244017
vt 0.587746 0.244125
vt 0.584987 0.225534
vt 0.915064 0.392720
vt 0.911661 0.408489
vt 0.903301 0.406996
vt 0.902032 0.389584
vt 0.915381 0.384364
vt 0.902354 0.380676
vt 0.892255 0.405762
vt 0.892678 0.386713
vt 0.899319 0.408036
vt 0.897621 0.466477
vt 0.896661 0.425078
vt 0.903875 0.425171
vt 0.904834 0.466571
vt 0.897781 0.487813
vt 0.904994 0.487907
vt 0.891400 0.373167
vt 0.891400 0.419148
vt 0.898465 0.421422
vt 0.634984 0.120308
vt 0.756374 0.944843
vt 0.755589 0.944097
vt 0.756374 0.922484
vt 0.962487 0.939569
vt 0.963394 0.939470
vt 0.963394 0.959872
vt 0.612335 0.685564
vt 0.613253 0.685619
vt 0.963164 0.932375
vt 0.613094 0.666912
vt 0.612215 0.667987
vt 0.612204 0.666447
vt 0.088986 0.984506
vt 0.088986 0.978316
vt 0.089800 0.978414
vt 0.089762 0.984493
vt 0.535814 0.964715
vt 0.533343 0.964066
vt 0.533295 0.946012
vt 0.535117 0.946442
vt 0.535921 0.731747
vt 0.535360 0.706428
vt 0.538358 0.731263
vt 0.536072 0.752749
vt 0.538507 0.752520
vt 0.533169 0.937651
vt 0.535645 0.977565
vt 0.533169 0.976847
vt 0.914155 0.410750
vt 0.692140 0.902740
vt 0.691790 0.911356
vt 0.690656 0.910601
vt 0.691076 0.902698
vt 0.625986 0.420420
vt 0.647465 0.380075
vt 0.648163 0.380866
vt 0.626811 0.420942
vt 0.622389 0.441598
vt 0.623311 0.441724
vt 0.661175 0.370885
vt 0.661619 0.371908
vt 0.683956 0.558777
vt 0.683117 0.559310
vt 0.675508 0.544458
vt 0.676209 0.543736
vt 0.696678 0.583478
vt 0.695775 0.583838
vt 0.699082 0.604493
vt 0.700039 0.604335
vt 0.663163 0.534655
vt 0.662652 0.535666
vt 0.690843 0.914184
vt 0.689783 0.913473
vt 0.690749 0.899011
vt 0.689783 0.899354
vt 0.631673 0.119600
vt 0.628827 0.120096
vt 0.625920 0.123792
vt 0.626723 0.121808
vt 0.639079 0.895438
vt 0.637472 0.897102
vt 0.640749 0.880793
vt 0.637540 0.878377
vt 0.644786 0.861752
vt 0.648142 0.863697
vt 0.813431 0.322218
vt 0.813868 0.324231
vt 0.797998 0.335505
vt 0.638782 0.884552
vt 0.639298 0.884627
vt 0.634822 0.884610
vt 0.120773 0.978395
vt 0.120773 0.980521
vt 0.119913 0.979926
vt 0.119919 0.978316
vt 0.434850 0.961615
vt 0.434193 0.951945
vt 0.434887 0.951805
vt 0.435906 0.962232
vt 0.051611 0.713281
vt 0.051784 0.709414
vt 0.052258 0.709111
vt 0.052091 0.712951
vt 0.045498 0.790537
vt 0.045010 0.781904
vt 0.045479 0.781865
vt 0.046170 0.791175
vt 0.276464 0.953442
vt 0.275292 0.963752
vt 0.274279 0.964615
vt 0.275813 0.953375
vt 0.275844 0.947311
vt 0.276279 0.950102
vt 0.275641 0.950127
vt 0.275250 0.947453
vt 0.045630 0.776564
vt 0.046133 0.776677
vt 0.274279 0.945799
vt 0.274819 0.945372
vt 0.435227 0.946649
vt 0.435906 0.946882
vt 0.435190 0.949134
vt 0.434571 0.948618
vt 0.051611 0.680541
vt 0.052216 0.680501
vt 0.052243 0.700728
vt 0.051771 0.700679
vt 0.051821 0.705086
vt 0.052291 0.704940
vt 0.045724 0.774386
vt 0.046170 0.774714
vt 0.166877 0.947511
vt 0.168480 0.946977
vt 0.168284 0.957284
vt 0.166823 0.957769
vt 0.168886 0.940932
vt 0.166679 0.941110
vt 0.166015 0.938467
vt 0.169282 0.935039
vt 0.328768 0.198132
vt 0.327085 0.196157
vt 0.612251 0.673367
vt 0.164700 0.936290
vt 0.162937 0.935039
vt 0.326504 0.190712
vt 0.710942 0.934832
vt 0.710924 0.875646
vt 0.711462 0.875669
vt 0.711644 0.935405
vt 0.662336 0.637216
vt 0.661619 0.561184
vt 0.662156 0.561200
vt 0.879789 0.582159
vt 0.879789 0.658565
vt 0.879288 0.658180
vt 0.031450 0.997947
vt 0.030960 0.978720
vt 0.031450 0.978316
vt 0.711644 0.856066
vt 0.661633 0.504581
vt 0.662336 0.504050
vt 0.446344 0.216689
vt 0.444486 0.244837
vt 0.441126 0.244805
vt 0.442984 0.216627
vt 0.452401 0.191210
vt 0.449083 0.191061
vt 0.474273 0.179268
vt 0.459876 0.183788
vt 0.456679 0.180983
vt 0.472666 0.175719
vt 0.455200 0.186598
vt 0.451923 0.183852
vt 0.511568 0.164028
vt 0.520204 0.162428
vt 0.515250 0.166046
vt 0.510291 0.168741
vt 0.809847 0.409644
vt 0.798618 0.409403
vt 0.798621 0.381621
vt 0.809850 0.381862
vt 0.798614 0.356916
vt 0.809843 0.357157
vt 0.243757 0.738707
vt 0.254929 0.735140
vt 0.256276 0.771892
vt 0.244992 0.778073
vt 0.243220 0.722513
vt 0.254276 0.717790
vt 0.798637 0.348925
vt 0.809863 0.350320
vt 0.256527 0.779568
vt 0.242980 0.786978
vt 0.242980 0.717653
vt 0.811724 0.408064
vt 0.809994 0.408164
vt 0.809948 0.380376
vt 0.811716 0.380284
vt 0.286556 0.617730
vt 0.286247 0.612667
vt 0.286658 0.612630
vt 0.286225 0.607620
vt 0.286650 0.607568
vt 0.875232 0.071652
vt 0.877446 0.069293
vt 0.787936 0.829624
vt 0.788205 0.830339
vt 0.069176 0.978342
vt 0.068487 0.978316
vt 0.394872 0.017933
vt 0.785971 0.911962
vt 0.788205 0.912521
vt 0.785985 0.916787
vt 0.878708 0.065030
vt 0.879074 0.053098
vt 0.104981 0.983173
vt 0.104900 0.985023
vt 0.104549 0.984840
vt 0.104597 0.983141
vt 0.955798 0.389117
vt 0.955977 0.393760
vt 0.955597 0.393772
vt 0.955254 0.388725
vt 0.955626 0.402813
vt 0.955254 0.402856
vt 0.008740 0.952795
vt 0.010576 0.948338
vt 0.010753 0.948630
vt 0.009043 0.952872
vt 0.614256 0.575372
vt 0.613815 0.575376
vt 0.133692 0.978316
vt 0.133695 0.980417
vt 0.133340 0.980770
vt 0.133340 0.978391
vt 0.611852 0.544306
vt 0.611401 0.544111
vt 0.133695 0.978340
vt 0.134073 0.978316
vt 0.134070 0.980583
vt 0.133695 0.980587
vt 0.009064 0.958160
vt 0.009367 0.958118
vt 0.099859 0.983752
vt 0.099682 0.981578
vt 0.100088 0.981420
vt 0.100274 0.983640
vt 0.911742 0.197922
vt 0.911062 0.197515
vt 0.911346 0.197384
vt 0.138437 0.978316
vt 0.138437 0.979146
vt 0.138211 0.978820
vt 0.138437 0.978316
vt 0.138627 0.978979
vt 0.138437 0.979210
vt 0.011563 0.948440
vt 0.011301 0.966773
vt 0.011563 0.966591
vt 0.104916 0.978316
vt 0.104549 0.978411
vt 0.911352 0.184967
vt 0.911680 0.185019
vt 0.099939 0.978317
vt 0.100274 0.978449
vt 0.911420 0.180468
vt 0.911742 0.180739
vt 0.286658 0.571253
vt 0.049122 0.715840
vt 0.049598 0.715579
vt 0.049598 0.753183
vt 0.787676 0.409402
vt 0.787668 0.381622
vt 0.787733 0.367508
vt 0.265559 0.730838
vt 0.266855 0.768555
vt 0.265019 0.717186
vt 0.787775 0.358264
vt 0.787781 0.350263
vt 0.267987 0.775823
vt 0.809925 0.366524
vt 0.811781 0.366170
vt 0.811823 0.356926
vt 0.809863 0.357313
vt 0.811829 0.400327
vt 0.811881 0.362588
vt 0.813762 0.362058
vt 0.813681 0.400318
vt 0.811829 0.348925
vt 0.813721 0.349675
vt 0.811829 0.348925
vt 0.809867 0.349834
vt 0.812700 0.407630
vt 0.440071 0.827854
vt 0.441759 0.828687
vt 0.438474 0.838676
vt 0.436627 0.838327
vt 0.446971 0.818197
vt 0.448341 0.819475
vt 0.436008 0.849503
vt 0.437884 0.849336
vt 0.439999 0.859854
vt 0.438226 0.860530
vt 0.443290 0.870556
vt 0.444829 0.869418
vt 0.451868 0.877392
vt 0.450669 0.878915
vt 0.459965 0.808350
vt 0.460735 0.810082
vt 0.873287 0.582159
vt 0.874149 0.583890
vt 0.865232 0.589661
vt 0.863938 0.588209
vt 0.848733 0.618172
vt 0.850728 0.618241
vt 0.851241 0.629106
vt 0.849271 0.629562
vt 0.851089 0.606933
vt 0.852976 0.607520
vt 0.856341 0.596721
vt 0.857985 0.597780
vt 0.861674 0.651635
vt 0.862996 0.649991
vt 0.874149 0.658137
vt 0.873287 0.659998
vt 0.460735 0.883072
vt 0.459965 0.884870
vt 0.852703 0.640229
vt 0.854515 0.639280
vt 0.707777 0.948933
vt 0.709776 0.948937
vt 0.711822 0.961688
vt 0.709922 0.962301
vt 0.709970 0.935835
vt 0.711822 0.936464
vt 0.457575 0.896861
vt 0.459415 0.896820
vt 0.460606 0.911501
vt 0.458824 0.912252
vt 0.458824 0.884870
vt 0.460606 0.885382
vt 0.787945 0.964338
vt 0.785971 0.967679
vt 0.346514 0.961703
vt 0.346514 0.946545
vt 0.349528 0.946486
vt 0.349528 0.961644
vt 0.903043 0.956578
vt 0.899975 0.956573
vt 0.899975 0.941356
vt 0.903043 0.941361
vt 0.839232 0.959325
vt 0.837342 0.959313
vt 0.837342 0.944104
vt 0.839232 0.944116
vt 0.151540 0.949856
vt 0.153427 0.949831
vt 0.153427 0.965007
vt 0.151540 0.965032
vt 0.777102 0.324596
vt 0.778950 0.318930
vt 0.778950 0.324979
vt 0.741939 0.534053
vt 0.741939 0.528090
vt 0.745006 0.528022
vt 0.745006 0.533985
vt 0.775223 0.324702
vt 0.777102 0.318930
vt 0.777102 0.324899
vt 0.778023 0.064804
vt 0.777477 0.070741
vt 0.776134 0.064804
vt 0.757766 0.319008
vt 0.757766 0.324929
vt 0.754699 0.324850
vt 0.754699 0.318930
vt 0.778406 0.528022
vt 0.777022 0.533946
vt 0.776519 0.528022
vt 0.043459 0.981404
vt 0.040909 0.981400
vt 0.040909 0.978316
vt 0.043459 0.978320
vt 0.747519 0.533954
vt 0.745006 0.533988
vt 0.745006 0.528063
vt 0.748101 0.528022
vt 0.021205 0.978316
vt 0.021205 0.981446
vt 0.018120 0.981452
vt 0.018120 0.978322
vt 0.748101 0.528022
vt 0.751200 0.528041
vt 0.751200 0.533978
vt 0.748684 0.533963
vt 0.053645 0.981406
vt 0.051104 0.981402
vt 0.051104 0.978316
vt 0.053645 0.978321
vt 0.751747 0.528022
vt 0.754263 0.528022
vt 0.754300 0.533959
vt 0.751200 0.533959
vt 0.008874 0.978316
vt 0.008874 0.981458
vt 0.005790 0.981462
vt 0.005790 0.978321
vt 0.760861 0.324853
vt 0.757766 0.324853
vt 0.757845 0.318930
vt 0.760358 0.318930
vt 0.909178 0.956532
vt 0.909178 0.941400
vt 0.912236 0.941356
vt 0.912236 0.956488
vt 0.933540 0.521434
vt 0.930455 0.521432
vt 0.930455 0.506222
vt 0.933540 0.506224
vt 0.961428 0.470805
vt 0.959519 0.470799
vt 0.959519 0.455590
vt 0.961428 0.455595
vt 0.225180 0.948564
vt 0.227088 0.948550
vt 0.227088 0.963728
vt 0.225180 0.963742
vt 0.770893 0.533980
vt 0.770893 0.528022
vt 0.772790 0.533778
vt 0.738854 0.534019
vt 0.738854 0.528037
vt 0.741939 0.528022
vt 0.741939 0.534004
vt 0.765179 0.533959
vt 0.766481 0.528022
vt 0.767089 0.533959
vt 0.769558 0.318930
vt 0.768987 0.324867
vt 0.435027 0.708723
vt 0.435027 0.714616
vt 0.431942 0.714595
vt 0.431942 0.708702
vt 0.773333 0.318930
vt 0.771972 0.324854
vt 0.771425 0.318930
vt 0.048557 0.981405
vt 0.046009 0.981400
vt 0.046009 0.978316
vt 0.048557 0.978322
vt 0.639698 0.369629
vt 0.637158 0.369647
vt 0.637158 0.363722
vt 0.640287 0.363700
vt 0.024789 0.978316
vt 0.024789 0.981440
vt 0.021704 0.981444
vt 0.021704 0.978320
vt 0.634026 0.363700
vt 0.637158 0.363709
vt 0.637158 0.369647
vt 0.634615 0.369639
vt 0.057953 0.981405
vt 0.055417 0.981402
vt 0.055417 0.978316
vt 0.057953 0.978320
vt 0.643990 0.363700
vt 0.646532 0.363700
vt 0.646551 0.369637
vt 0.643419 0.369637
vt 0.018120 0.978316
vt 0.018120 0.981455
vt 0.015037 0.981462
vt 0.015037 0.978323
vt 0.735750 0.533947
vt 0.732621 0.533947
vt 0.732663 0.528022
vt 0.735203 0.528022
vt 0.050914 0.901258
vt 0.047857 0.857995
vt 0.063909 0.857995
vt 0.059027 0.901177
vt 0.133335 0.819554
vt 0.091116 0.814360
vt 0.134210 0.810530
vt 0.068758 0.900819
vt 0.084711 0.858002
vt 0.079349 0.900320
vt 0.549299 0.911507
vt 0.545935 0.869487
vt 0.567768 0.870524
vt 0.559327 0.911465
vt 0.538596 0.911507
vt 0.129551 0.834335
vt 0.091257 0.833722
vt 0.125947 0.847214
vt 0.091116 0.857308
vt 0.131845 0.898243
vt 0.128639 0.857828
vt 0.144971 0.857822
vt 0.140012 0.899057
vt 0.512024 0.862318
vt 0.517476 0.904990
vt 0.497469 0.904990
vt 0.501822 0.862046
vt 0.522914 0.862745
vt 0.149925 0.899606
vt 0.166161 0.857822
vt 0.160713 0.900065
vt 0.667021 0.829884
vt 0.704825 0.826024
vt 0.702836 0.856066
vt 0.669568 0.843332
vt 0.664492 0.816193
vt 0.567890 0.911327
vt 0.662652 0.804295
vt 0.704941 0.804295
vt 0.493101 0.862058
vt 0.610095 0.841704
vt 0.648675 0.836876
vt 0.648110 0.861752
vt 0.613683 0.860443
vt 0.609206 0.829081
vt 0.607879 0.818354
vt 0.648163 0.818354
vt 0.123218 0.857822
vt 0.671352 0.853636
vt 0.420618 0.865101
vt 0.380040 0.858164
vt 0.420298 0.852385
vt 0.414457 0.894399
vt 0.380040 0.893906
vt 0.380182 0.875489
vt 0.418568 0.876039
vt 0.965345 0.080840
vt 0.969060 0.022936
vt 0.969060 0.083133
vt 0.073681 0.543731
vt 0.063605 0.481487
vt 0.614722 0.314441
vt 0.646442 0.332339
vt 0.604634 0.325266
vt 0.053383 0.540481
vt 0.652211 0.363700
vt 0.594056 0.363700
vt 0.629607 0.304158
vt 0.962233 0.807277
vt 0.960220 0.772868
vt 0.962233 0.772598
vt 0.637880 0.298952
vt 0.003148 0.183016
vt 0.025920 0.170739
vt 0.025445 0.242904
vt 0.002111 0.242749
vt 0.001595 0.299903
vt 0.025068 0.300058
vt 0.024534 0.381036
vt 0.001921 0.376819
vt 0.002064 0.150787
vt 0.003826 0.162956
vt 0.001793 0.384954
vt 0.032148 0.399148
vt 0.000401 0.396909
vt 0.000000 0.398936
vt 0.002013 0.148603
vt 0.033799 0.148813
vt 0.044082 0.064512
vt 0.076912 0.000108
vt 0.036512 0.004876
vt 0.034465 0.065061
vt 0.029559 0.006709
vt 0.951995 0.564958
vt 0.951995 0.629246
vt 0.946997 0.570663
vt 0.917814 0.749067
vt 0.917814 0.815676
vt 0.908554 0.752213
vt 0.052469 0.001447
vt 0.612147 0.694280
vt 0.606933 0.757762
vt 0.606933 0.690034
vt 0.001862 0.055970
vt 0.015133 0.017306
vt -0.000000 0.064834
vt 0.019214 0.007876
vt 0.029586 0.002598
vt 0.676860 0.094587
vt 0.693079 0.078795
vt 0.679283 0.135861
vt 0.672576 0.115633
vt 0.711122 0.073239
vt 0.699932 0.150876
vt 0.729656 0.156721
vt 0.729656 0.072971
vt 0.538596 0.741000
vt 0.539791 0.719949
vt 0.551609 0.702494
vt 0.549924 0.761716
vt 0.570665 0.693165
vt 0.569121 0.770876
vt 0.594129 0.690034
vt 0.594129 0.772270
vt 0.067303 0.160023
vt 0.066510 0.271753
vt 0.065785 0.390340
vt 0.031724 0.480935
vt 0.096829 0.271954
vt 0.886605 0.668853
vt 0.891264 0.667721
vt 0.891261 0.696438
vt 0.886602 0.696367
vt 0.899972 0.696688
vt 0.899975 0.666199
vt 0.537979 0.535867
vt 0.538415 0.536065
vt 0.538411 0.563579
vt 0.537971 0.563619
vt 0.086538 0.983367
vt 0.086514 0.978704
vt 0.086875 0.978316
vt 0.086901 0.983379
vt 0.046364 0.711737
vt 0.046714 0.711762
vt 0.086514 0.992109
vt 0.086861 0.992467
vt 0.048747 0.680774
vt 0.049122 0.680501
vt 0.962403 0.299949
vt 0.962308 0.278901
vt 0.963411 0.278986
vt 0.963513 0.299986
vt 0.961643 0.253327
vt 0.962827 0.253683
vt 0.246477 0.786978
vt 0.246477 0.802343
vt 0.243222 0.801371
vt 0.242980 0.788212
vt 0.582601 0.853816
vt 0.582601 0.865747
vt 0.579369 0.854168
vt 0.934043 0.550910
vt 0.934122 0.572161
vt 0.930869 0.572158
vt 0.930685 0.551222
vt 0.933315 0.524249
vt 0.930020 0.523564
vt 0.954926 0.804534
vt 0.957860 0.786549
vt 0.959856 0.798629
vt 0.959856 0.816726
vt 0.664256 0.945234
vt 0.664276 0.932081
vt 0.672395 0.932553
vt 0.673257 0.945656
vt 0.727243 0.938297
vt 0.731533 0.925341
vt 0.733396 0.940804
vt 0.727243 0.956316
vt 0.662652 0.944386
vt 0.662652 0.930890
vt 0.797874 0.944205
vt 0.799059 0.945465
vt 0.800266 0.955014
vt 0.799432 0.955419
vt 0.800266 0.943027
vt 0.579325 0.867639
vt 0.582601 0.868413
vt 0.946158 0.785821
vt 0.947780 0.785876
vt 0.960490 0.300528
vt 0.961600 0.300566
vt 0.953091 0.131171
vt 0.952980 0.110305
vt 0.954596 0.110430
vt 0.954713 0.131227
vt 0.959488 0.588411
vt 0.959385 0.567454
vt 0.960489 0.567539
vt 0.960598 0.588449
vt 0.947694 0.764693
vt 0.946078 0.764569
vt 0.961505 0.279475
vt 0.960402 0.279390
vt 0.952398 0.085709
vt 0.954074 0.086213
vt 0.959946 0.542725
vt 0.947028 0.738413
vt 0.945351 0.737909
vt 0.960880 0.253683
vt 0.959696 0.253327
vt 0.016163 0.947636
vt 0.019093 0.947389
vt 0.019093 0.969401
vt 0.016161 0.969668
vt 0.428162 0.943828
vt 0.431092 0.943579
vt 0.431092 0.965675
vt 0.428160 0.965944
vt 0.643886 0.943304
vt 0.646785 0.942875
vt 0.646792 0.963887
vt 0.643886 0.964339
vt 0.638076 0.943308
vt 0.640974 0.942875
vt 0.640981 0.963982
vt 0.638076 0.964438
vt 0.265540 0.967168
vt 0.262634 0.966669
vt 0.262634 0.945372
vt 0.265547 0.945894
vt 0.268455 0.967069
vt 0.265547 0.966574
vt 0.265547 0.945372
vt 0.268462 0.945890
vt 0.543833 0.942970
vt 0.546438 0.941778
vt 0.546450 0.968930
vt 0.543833 0.970246
vt 0.443850 0.942832
vt 0.446453 0.941635
vt 0.446466 0.969348
vt 0.443850 0.970669
vt 0.597719 0.970177
vt 0.595117 0.968766
vt 0.595117 0.939936
vt 0.597730 0.941472
vt 0.309414 0.972379
vt 0.306809 0.970972
vt 0.306809 0.942704
vt 0.309425 0.944235
vt 0.815654 0.939925
vt 0.818583 0.939674
vt 0.818583 0.961937
vt 0.815651 0.962208
vt 0.827386 0.939924
vt 0.830316 0.939674
vt 0.830318 0.961853
vt 0.827386 0.962123
vt 0.635154 0.964375
vt 0.632245 0.963888
vt 0.632245 0.942875
vt 0.635161 0.943385
vt 0.717905 0.963674
vt 0.714997 0.963183
vt 0.714997 0.942076
vt 0.717912 0.942590
vt 0.712100 0.942516
vt 0.714997 0.942076
vt 0.714997 0.963372
vt 0.712093 0.963835
vt 0.720827 0.942513
vt 0.723724 0.942076
vt 0.723731 0.963277
vt 0.720827 0.963737
vt 0.449075 0.970178
vt 0.446466 0.968781
vt 0.446466 0.941635
vt 0.449087 0.943157
vt 0.314645 0.971813
vt 0.312038 0.970411
vt 0.312038 0.942704
vt 0.314657 0.944230
vt 0.304199 0.943909
vt 0.306797 0.942704
vt 0.306809 0.971539
vt 0.304199 0.972870
vt 0.438621 0.942836
vt 0.441222 0.941635
vt 0.441234 0.969910
vt 0.438621 0.971236
vt 0.956187 0.253327
vt 0.953277 0.253054
vt 0.953277 0.242072
vt 0.956187 0.242345
vt 0.891294 0.357903
vt 0.884418 0.357761
vt 0.877649 0.338126
vt 0.876090 0.342084
vt 0.875766 0.337995
vt 0.891178 0.342363
vt 0.891202 0.345721
vt 0.884304 0.343726
vt 0.883397 0.339796
vt 0.871899 0.341242
vt 0.872585 0.339069
vt 0.873939 0.338357
vt 0.876169 0.357534
vt 0.871965 0.357294
vt 0.947810 0.743097
vt 0.948545 0.743120
vt 0.950307 0.759607
vt 0.949578 0.759672
vt 0.853022 0.042505
vt 0.853591 0.042581
vt 0.854332 0.030380
vt 0.854904 0.030455
vt 0.854878 0.025332
vt 0.855482 0.025107
vt 0.845849 0.021151
vt 0.846174 0.020797
vt 0.032663 0.990313
vt 0.032171 0.990170
vt 0.031922 0.983892
vt 0.032400 0.983977
vt 0.031897 0.981133
vt 0.032389 0.981097
vt 0.032132 0.978465
vt 0.032663 0.978317
vt 0.950386 0.737909
vt 0.950939 0.738258
vt 0.949543 0.739546
vt 0.948875 0.739284
vt 0.919188 0.583584
vt 0.920423 0.583789
vt 0.922163 0.599974
vt 0.920951 0.600071
vt 0.890406 0.823906
vt 0.891847 0.823881
vt 0.890317 0.811718
vt 0.891762 0.811686
vt 0.890289 0.807675
vt 0.891727 0.806608
vt 0.881842 0.804886
vt 0.882279 0.803488
vt 0.875957 0.803177
vt 0.876188 0.801719
vt 0.873723 0.803001
vt 0.873579 0.801537
vt 0.871641 0.803439
vt 0.871192 0.802084
vt 0.870259 0.804373
vt 0.921189 0.581036
vt 0.920187 0.580010
vt 0.921583 0.578722
vt 0.911376 0.668946
vt 0.919188 0.669205
vt 0.917457 0.685189
vt 0.909632 0.685130
vt 0.911467 0.707633
vt 0.908554 0.707633
vt 0.922984 0.096196
vt 0.914134 0.096337
vt 0.912384 0.084228
vt 0.921217 0.084083
vt 0.911893 0.080891
vt 0.920622 0.080064
vt 0.068206 0.955601
vt 0.059967 0.952583
vt 0.060747 0.944612
vt 0.069082 0.946957
vt 0.060588 0.938528
vt 0.068951 0.940736
vt 0.060410 0.936517
vt 0.068839 0.938378
vt 0.060164 0.934568
vt 0.068508 0.936143
vt 0.059967 0.933137
vt 0.067955 0.934593
vt 0.910640 0.666199
vt 0.918600 0.667002
vt 0.968179 0.773006
vt 0.971526 0.772652
vt 0.971526 0.813072
vt 0.968179 0.813425
vt 0.966451 0.876953
vt 0.969802 0.876642
vt 0.969802 0.919015
vt 0.966451 0.919326
vt 0.931096 0.923623
vt 0.934449 0.923332
vt 0.934449 0.966680
vt 0.931096 0.966970
vt 0.969596 0.542700
vt 0.972945 0.542369
vt 0.972945 0.583765
vt 0.969596 0.584097
vt 0.947682 0.471921
vt 0.951036 0.471640
vt 0.951036 0.515479
vt 0.947682 0.515761
vt 0.969958 0.474692
vt 0.973308 0.474371
vt 0.973308 0.516258
vt 0.969958 0.516579
vt 0.214200 0.932307
vt 0.217552 0.932006
vt 0.217552 0.974870
vt 0.214200 0.975171
vt 0.970574 0.429180
vt 0.973922 0.428837
vt 0.973922 0.469746
vt 0.970574 0.470089
vt 0.870259 0.858463
vt 0.870259 0.902454
vt 0.869071 0.902361
vt 0.869101 0.858252
vt 0.952339 0.178133
vt 0.952339 0.220133
vt 0.951308 0.220040
vt 0.951345 0.177910
vt 0.044423 0.922888
vt 0.044423 0.965880
vt 0.043320 0.965787
vt 0.043354 0.922670
vt 0.976678 0.474597
vt 0.976678 0.515610
vt 0.975715 0.515518
vt 0.975754 0.474371
vt 0.943723 0.285643
vt 0.943723 0.329142
vt 0.942536 0.329046
vt 0.942566 0.285428
vt 0.090305 0.933363
vt 0.090305 0.974873
vt 0.089275 0.974777
vt 0.089312 0.933137
vt 0.342571 0.925733
vt 0.342571 0.968233
vt 0.341469 0.968138
vt 0.341503 0.925511
vt 0.978701 0.244923
vt 0.978701 0.285446
vt 0.977738 0.285351
vt 0.977778 0.244694
vt 0.794129 0.627032
vt 0.785006 0.642211
vt 0.782462 0.641476
vt 0.782462 0.616443
vt 0.101285 0.978316
vt 0.102310 0.978493
vt 0.102311 0.981181
vt 0.101285 0.981320
vt 0.647666 0.960958
vt 0.646792 0.960772
vt 0.646792 0.943042
vt 0.647666 0.942875
vt 0.665902 0.945656
vt 0.666876 0.945858
vt 0.666876 0.962012
vt 0.665902 0.962476
vt 0.969997 0.225881
vt 0.971024 0.226433
vt 0.971024 0.249085
vt 0.969997 0.249122
vt 0.360061 0.159465
vt 0.351080 0.161025
vt 0.349246 0.159211
vt 0.080621 0.933137
vt 0.085932 0.935304
vt 0.086540 0.952023
vt 0.080759 0.952740
vt 0.388983 0.952258
vt 0.381084 0.934246
vt 0.389550 0.930114
vt 0.262634 0.925659
vt 0.270261 0.924356
vt 0.272762 0.940812
vt 0.262672 0.941877
vt 0.770280 0.529119
vt 0.770893 0.533970
vt 0.768991 0.529606
vt 0.769561 0.528831
vt 0.388698 0.953881
vt 0.388187 0.954801
vt 0.380652 0.955694
vt 0.380331 0.954241
vt 0.275843 0.945372
vt 0.271086 0.945221
vt 0.272528 0.942411
vt 0.409627 0.148688
vt 0.411280 0.157016
vt 0.403748 0.157057
vt 0.402504 0.148697
vt 0.754458 0.064804
vt 0.754458 0.072067
vt 0.749820 0.070651
vt 0.749820 0.065877
vt 0.745043 0.064804
vt 0.749820 0.064822
vt 0.749820 0.072409
vt 0.745043 0.072391
vt 0.759085 0.065915
vt 0.759085 0.070650
vt 0.754458 0.072007
vt 0.465336 0.160541
vt 0.458069 0.160601
vt 0.458069 0.153030
vt 0.465336 0.152970
vt 0.276325 0.943849
vt 0.273625 0.941771
vt 0.276464 0.942069
vt 0.272241 0.923827
vt 0.273836 0.925096
vt 0.262634 0.943154
vt 0.358681 0.150619
vt 0.350979 0.151343
vt 0.352315 0.149283
vt 0.358042 0.148688
vt 0.381846 0.933002
vt 0.380887 0.931873
vt 0.359996 0.161109
vt 0.088227 0.953653
vt 0.080621 0.954450
vt 0.089275 0.952666
vt 0.087580 0.951017
vt 0.086645 0.936563
vt 0.088866 0.935435
vt 0.402504 0.161820
vt 0.380040 0.952484
vt 0.180049 0.926320
vt 0.181492 0.927637
vt 0.170981 0.926620
vt 0.171930 0.925753
vt 0.842870 0.642980
vt 0.842670 0.643449
vt 0.834094 0.642903
vt 0.833917 0.642410
vt 0.832784 0.644116
vt 0.832301 0.643906
vt 0.832787 0.665134
vt 0.832301 0.665340
vt 0.833397 0.665704
vt 0.833220 0.666198
vt 0.846078 0.664842
vt 0.846324 0.665307
vt 0.847236 0.663393
vt 0.847748 0.663525
vt 0.844423 0.645029
vt 0.844874 0.644786
vt 0.527995 0.151827
vt 0.529118 0.152119
vt 0.529012 0.160134
vt 0.527884 0.160290
vt 0.529118 0.161168
vt 0.528030 0.161727
vt 0.227088 0.948550
vt 0.228054 0.948978
vt 0.228226 0.970338
vt 0.227216 0.970292
vt 0.227088 0.970887
vt 0.321552 0.425617
vt 0.322453 0.425699
vt 0.322477 0.437992
vt 0.321552 0.438300
vt 0.913501 0.963637
vt 0.912356 0.963225
vt 0.912236 0.962225
vt 0.913334 0.962255
vt 0.912492 0.943438
vt 0.913519 0.943015
vt 0.912236 0.942063
vt 0.913211 0.941356
vt 0.183277 0.946610
vt 0.170981 0.947249
vt 0.184121 0.945566
vt 0.348128 0.159220
vt 0.349864 0.151309
vt 0.349887 0.161109
vt 0.088161 0.934175
vt 0.380040 0.933119
vt 0.258735 0.854119
vt 0.246725 0.855664
vt 0.247183 0.842280
vt 0.254506 0.841398
vt 0.000000 0.932124
vt 0.012799 0.933556
vt -0.000000 0.938924
vt 0.000013 0.927793
vt 0.013225 0.926579
vt 0.000066 0.944043
vt 0.012894 0.941114
vt 0.012935 0.946732
vt 0.000167 0.948338
vt 0.258735 0.840946
vt 0.715394 0.161756
vt 0.728600 0.163980
vt 0.728008 0.164450
vt 0.715368 0.162225
vt 0.728601 0.377875
vt 0.715391 0.379116
vt 0.715368 0.378630
vt 0.728060 0.377390
vt 0.915842 0.183868
vt 0.914263 0.165650
vt 0.930058 0.166049
vt 0.929394 0.182546
vt 0.595192 0.752520
vt 0.602354 0.753227
vt 0.911893 0.156964
vt 0.930394 0.156964
vt 0.595043 0.731263
vt 0.602215 0.732773
vt 0.606088 0.731359
vt 0.603848 0.727102
vt 0.603121 0.693865
vt 0.606933 0.694786
vt 0.566999 0.152047
vt 0.571479 0.147849
vt 0.571479 0.159686
vt 0.567792 0.160471
vt 0.051611 0.715124
vt 0.049122 0.715579
vt 0.049122 0.680501
vt 0.051602 0.680962
vt 0.598465 0.727728
vt 0.594129 0.690034
vt 0.597717 0.691562
vt 0.729635 0.391644
vt 0.727723 0.386949
vt 0.729635 0.381474
vt 0.919466 0.187616
vt 0.919753 0.196000
vt 0.916294 0.196712
vt 0.364090 0.856926
vt 0.375606 0.848191
vt 0.379997 0.884626
vt 0.364090 0.896509
vt 0.958400 0.021230
vt 0.958400 0.001663
vt 0.960860 0.000412
vt 0.963710 0.018570
vt 0.582968 0.916076
vt 0.567890 0.904821
vt 0.572358 0.869487
vt 0.582968 0.879790
vt 0.578027 0.870349
vt 0.598678 0.369427
vt 0.599322 0.363746
vt 0.601865 0.363700
vt 0.604265 0.369427
vt 0.368995 0.847634
vt 0.827724 0.243778
vt 0.837688 0.243688
vt 0.837623 0.303452
vt 0.827671 0.303542
vt 0.827619 0.360704
vt 0.837583 0.360614
vt 0.837543 0.437497
vt 0.827554 0.437588
vt 0.827854 0.211584
vt 0.837922 0.211505
vt 0.837729 0.223603
vt 0.827784 0.223693
vt 0.837605 0.445634
vt 0.827135 0.444565
vt 0.827237 0.452123
vt 0.837740 0.457640
vt 0.827284 0.457741
vt 0.728561 0.184065
vt 0.728573 0.243829
vt 0.727896 0.243829
vt 0.727888 0.184070
vt 0.728583 0.300992
vt 0.727910 0.300985
vt 0.080591 0.940617
vt 0.080621 0.949828
vt 0.069515 0.945360
vt 0.692724 0.868446
vt 0.704877 0.866299
vt 0.709820 0.905355
vt 0.693317 0.906702
vt 0.692465 0.856066
vt 0.703816 0.856734
vt 0.069082 0.935700
vt 0.080621 0.933137
vt 0.710924 0.914259
vt 0.692465 0.914030
vt 0.587658 0.160791
vt 0.583808 0.159411
vt 0.583808 0.147849
vt 0.894544 0.208679
vt 0.888251 0.206408
vt 0.888077 0.199728
vt 0.899192 0.203686
vt 0.899215 0.217538
vt 0.894833 0.217768
vt 0.899262 0.245326
vt 0.888714 0.245937
vt 0.955000 0.523564
vt 0.957037 0.523642
vt 0.957037 0.536498
vt 0.955142 0.536433
vt 0.839344 0.944173
vt 0.841393 0.944104
vt 0.841393 0.957186
vt 0.839232 0.957346
vt 0.181276 0.947249
vt 0.183272 0.947293
vt 0.183281 0.965653
vt 0.181276 0.965750
vt 0.837924 0.459677
vt 0.827441 0.459773
vt 0.827966 0.209419
vt 0.837924 0.209324
vt 0.319110 0.942704
vt 0.319110 0.961164
vt 0.317272 0.942951
vt 0.965347 0.022669
vt 0.965345 0.000406
vt 0.968280 0.000693
vt 0.968280 0.022936
vt 0.821517 0.961854
vt 0.821515 0.939674
vt 0.824451 0.939960
vt 0.824451 0.962119
vt 0.949286 0.961327
vt 0.949284 0.939314
vt 0.952220 0.939598
vt 0.952220 0.961590
vt 0.044507 0.968725
vt 0.044507 0.946629
vt 0.047442 0.946914
vt 0.047440 0.968990
vt 0.661619 0.637216
vt 0.662454 0.637394
vt 0.811852 0.449927
vt 0.812464 0.450050
vt 0.321552 0.340086
vt 0.322247 0.340229
vt 0.847748 0.534655
vt 0.848307 0.534765
vt 0.728601 0.161756
vt 0.729436 0.161935
vt 0.606933 0.757762
vt 0.607545 0.757885
vt 0.163683 0.650263
vt 0.164378 0.650407
vt 0.855482 0.020797
vt 0.856041 0.020907
vt 0.973922 0.472946
vt 0.973922 0.428837
vt 0.976528 0.429053
vt 0.976528 0.473162
vt 0.979244 0.065066
vt 0.979244 0.022936
vt 0.981847 0.023182
vt 0.981847 0.065313
vt 0.971710 0.676509
vt 0.971710 0.633392
vt 0.974315 0.633622
vt 0.974315 0.676740
vt 0.776211 0.870771
vt 0.776211 0.829624
vt 0.778813 0.829887
vt 0.778813 0.871034
vt 0.975505 0.402252
vt 0.975505 0.358635
vt 0.978110 0.358858
vt 0.978110 0.402475
vt 0.510360 0.977393
vt 0.510360 0.935754
vt 0.512963 0.936008
vt 0.512963 0.977648
vt 0.965582 0.357949
vt 0.965582 0.315323
vt 0.968186 0.315562
vt 0.968186 0.358188
vt 0.971835 0.959982
vt 0.971835 0.919326
vt 0.974436 0.919597
vt 0.974436 0.960254
vt 0.776137 0.527930
vt 0.766487 0.528022
vt 0.776727 0.478035
vt 0.784976 0.477823
vt 0.780178 0.438481
vt 0.787668 0.438450
vt 0.856228 0.152500
vt 0.855459 0.152411
vt 0.854627 0.104073
vt 0.855372 0.104636
vt 0.956825 0.625449
vt 0.957959 0.594669
vt 0.958683 0.594669
vt 0.957519 0.624995
vt 0.855371 0.208071
vt 0.854627 0.208160
vt 0.956825 0.564958
vt 0.957547 0.565044
vt 0.067024 0.978316
vt 0.067752 0.978497
vt 0.067752 0.988198
vt 0.067015 0.988145
vt 0.434720 0.828144
vt 0.434664 0.859384
vt 0.431057 0.843672
vt 0.434092 0.881781
vt 0.878101 0.009165
vt 0.881376 -0.000000
vt 0.881376 0.010487
vt 0.532958 0.676068
vt 0.532155 0.676281
vt 0.536271 0.636852
vt 0.537063 0.636934
vt 0.537178 0.606083
vt 0.537970 0.606088
vt 0.044507 0.876580
vt 0.045374 0.876579
vt 0.045577 0.907319
vt 0.044710 0.907409
vt 0.047857 0.946630
vt 0.047017 0.946490
vt 0.433858 0.892394
vt 0.430330 0.892445
vt 0.434694 0.804899
vt 0.431008 0.804862
vt 0.776727 0.398927
vt 0.766487 0.348925
vt 0.776137 0.348942
vt 0.784976 0.399074
vt 0.964454 0.592079
vt 0.965335 0.542917
vt 0.966065 0.542369
vt 0.965208 0.592016
vt 0.844859 0.961823
vt 0.844137 0.961370
vt 0.842980 0.931610
vt 0.843736 0.931619
vt 0.965336 0.649004
vt 0.966065 0.649124
vt 0.844109 0.902477
vt 0.844859 0.902399
vt 0.068487 0.978316
vt 0.068487 0.988167
vt 0.067752 0.988174
vt 0.067761 0.978453
vt 0.434720 0.781441
vt 0.431057 0.765436
vt 0.434664 0.749394
vt 0.434093 0.725787
vt 0.892517 0.009108
vt 0.889259 0.010469
vt 0.889259 -0.000000
vt 0.532958 0.536088
vt 0.537063 0.575239
vt 0.536271 0.575313
vt 0.532155 0.535867
vt 0.044710 0.845751
vt 0.045577 0.845838
vt 0.047017 0.806663
vt 0.047857 0.806521
vt 0.430330 0.714624
vt 0.433858 0.714748
vt 0.318101 0.883201
vt 0.304819 0.887174
vt 0.304199 0.845949
vt 0.316515 0.846116
vt 0.317939 0.901200
vt 0.304199 0.921955
vt 0.827135 0.428015
vt 0.827135 0.449927
vt 0.819493 0.448448
vt 0.811852 0.425059
vt 0.934967 0.051244
vt 0.943241 0.047038
vt 0.945020 0.075284
vt 0.936675 0.079778
vt 0.936805 0.028616
vt 0.945020 0.024419
vt 0.957039 0.758765
vt 0.954926 0.737909
vt 0.957939 0.739274
vt 0.960001 0.759747
vt 0.954926 0.785564
vt 0.957910 0.786548
vt 0.929842 0.790665
vt 0.929927 0.772997
vt 0.943250 0.776904
vt 0.943250 0.792014
vt 0.930949 0.813210
vt 0.942165 0.807278
vt 0.947482 0.302635
vt 0.949888 0.291813
vt 0.949888 0.303742
vt 0.878216 0.955648
vt 0.880004 0.943854
vt 0.880004 0.956889
vt 0.380681 0.783042
vt 0.380681 0.729012
vt 0.394821 0.766252
vt 0.430330 0.796657
vt 0.395330 0.800972
vt 0.395330 0.714624
vt 0.430326 0.755789
vt 0.764571 0.367366
vt 0.729656 0.390771
vt 0.729656 0.325967
vt 0.764656 0.333158
vt 0.918515 0.652587
vt 0.911811 0.662921
vt 0.911811 0.647158
vt 0.583808 0.149679
vt 0.579665 0.160536
vt 0.579665 0.147849
vt 0.906076 0.194956
vt 0.906076 0.180468
vt 0.911062 0.190965
vt 0.228315 0.970323
vt 0.228315 0.934591
vt 0.232198 0.960388
vt 0.917814 0.788900
vt 0.917814 0.749067
vt 0.919165 0.784215
vt 0.534613 0.797546
vt 0.493101 0.797545
vt 0.493101 0.711198
vt 0.534495 0.711199
vt 0.845653 0.104073
vt 0.804338 0.104073
vt 0.804337 0.039270
vt 0.845849 0.039270
vt 0.952103 0.138380
vt 0.952103 0.177742
vt 0.948377 0.166825
vt 0.946997 0.564958
vt 0.946997 0.523564
vt 0.955000 0.523566
vt 0.954798 0.554396
vt 0.955032 0.907492
vt 0.954121 0.876644
vt 0.959885 0.876642
vt 0.959885 0.917957
vt 0.956827 0.192760
vt 0.963997 0.220913
vt 0.848733 0.412908
vt 0.871886 0.317190
vt 0.871886 0.425078
vt 0.748499 0.175414
vt 0.782339 0.072971
vt 0.782339 0.209324
vt 0.788205 0.666199
vt 0.788205 0.775752
vt 0.750284 0.685350
vt 0.809510 0.800665
vt 0.797623 0.895741
vt 0.788205 0.800665
vt 0.648675 0.913526
vt 0.661638 0.818353
vt 0.661638 0.916832
vt 0.661619 0.666447
vt 0.661619 0.764480
vt 0.613359 0.670934
vt 0.322525 0.583080
vt 0.322525 0.477819
vt 0.412645 0.516644
vt 0.393851 0.551617
vt 0.330495 0.319446
vt 0.330495 0.340086
vt 0.321552 0.330456
vt 0.963569 0.454176
vt 0.963569 0.358635
vt 0.965719 0.450826
vt 0.922346 0.868410
vt 0.935216 0.822139
vt 0.935216 0.868861
vt 0.270148 0.735863
vt 0.269933 0.698190
vt 0.316139 0.698190
vt 0.296985 0.792072
vt 0.439415 0.583080
vt 0.439415 0.661037
vt 0.431942 0.606508
vt 0.163320 0.795223
vt 0.170132 0.799464
vt 0.165904 0.827020
vt 0.322525 0.925511
vt 0.333886 0.925511
vt 0.325104 0.950355
vt 0.163320 0.772569
vt 0.170356 0.776822
vt 0.943976 0.222032
vt 0.939974 0.227390
vt 0.941675 0.179337
vt 0.865598 0.914843
vt 0.869935 0.911395
vt 0.869935 0.953249
vt 0.944422 0.259820
vt 0.939974 0.283135
vt 0.953146 0.716595
vt 0.946218 0.736784
vt 0.946218 0.713048
vt 0.652211 0.327756
vt 0.653035 0.298952
vt 0.661988 0.307571
vt 0.659548 0.333821
vt 0.653694 0.357234
vt 0.661988 0.362136
vt 0.894364 0.920425
vt 0.896502 0.899273
vt 0.899858 0.897885
vt 0.897765 0.918654
vt 0.896480 0.946955
vt 0.899858 0.945187
vt 0.956825 0.564958
vt 0.956825 0.627245
vt 0.951995 0.611429
vt 0.562880 0.147849
vt 0.566999 0.161739
vt 0.562863 0.161739
vt 0.389551 0.959166
vt 0.389551 0.930114
vt 0.397860 0.935876
vt 0.891400 0.337994
vt 0.898983 0.361530
vt 0.891400 0.373167
vt 0.299476 0.959255
vt 0.299476 0.923991
vt 0.304155 0.933591
vt 0.282986 0.938176
vt 0.276464 0.961036
vt 0.276464 0.923827
vt 0.551623 0.965431
vt 0.549251 0.970467
vt 0.549251 0.941778
vt 0.943477 0.675434
vt 0.943477 0.633400
vt 0.952123 0.639244
vt 0.735787 0.922483
vt 0.734464 0.871475
vt 0.756461 0.871475
vt 0.472788 0.948094
vt 0.463849 0.948083
vt 0.460735 0.925714
vt 0.472788 0.925730
vt 0.422783 0.898556
vt 0.423802 0.906093
vt 0.402490 0.904563
vt 0.401116 0.894399
vt 0.423802 0.915351
vt 0.402490 0.917045
vt 0.422783 0.922793
vt 0.401116 0.927079
vt 0.744354 0.945491
vt 0.735360 0.945491
vt 0.734464 0.922484
vt 0.746590 0.922484
vt 0.123539 0.935898
vt 0.135288 0.932571
vt 0.135288 0.952164
vt 0.111077 0.932571
vt 0.123539 0.932571
vt 0.117613 0.951042
vt 0.111077 0.948081
vt 0.099426 0.952328
vt 0.099426 0.932571
vt 0.059967 0.952147
vt 0.047857 0.952147
vt 0.054584 0.933138
vt 0.951128 0.022376
vt 0.939712 0.018713
vt 0.951128 0.002212
vt 0.690271 0.935835
vt 0.699185 0.935835
vt 0.694158 0.949926
vt 0.490167 0.951629
vt 0.481342 0.951629
vt 0.485555 0.937396
vt 0.529214 0.147849
vt 0.538248 0.147849
vt 0.534413 0.161751
vt 0.516462 0.937651
vt 0.525171 0.940758
vt 0.516462 0.952073
vt 0.699185 0.939048
vt 0.707777 0.935835
vt 0.707777 0.950452
vt 0.662010 0.939672
vt 0.659662 0.939523
vt 0.659662 0.931699
vt 0.662010 0.931033
vt 0.916467 0.942821
vt 0.913678 0.942993
vt 0.913678 0.935176
vt 0.916467 0.935004
vt 0.236401 0.884749
vt 0.233368 0.884742
vt 0.234577 0.876107
vt 0.237496 0.876929
vt 0.658787 0.924571
vt 0.661044 0.923163
vt 0.914641 0.928064
vt 0.917431 0.927891
vt 0.238087 0.868252
vt 0.240675 0.869814
vt 0.657124 0.918837
vt 0.659207 0.916832
vt 0.916474 0.922352
vt 0.919264 0.922180
vt 0.243555 0.861946
vt 0.245627 0.864103
vt 0.613431 0.665989
vt 0.611401 0.665996
vt 0.612596 0.658612
vt 0.614750 0.657836
vt 0.355661 0.960950
vt 0.352636 0.960851
vt 0.352533 0.954149
vt 0.355558 0.954248
vt 0.250444 0.857806
vt 0.251866 0.860354
vt 0.611401 0.651456
vt 0.613431 0.649935
vt 0.352636 0.946486
vt 0.355661 0.946585
vt 0.258080 0.856238
vt 0.258783 0.858933
vt 0.625222 0.958246
vt 0.623038 0.956427
vt 0.625467 0.949727
vt 0.627904 0.950849
vt 0.951466 0.220133
vt 0.954496 0.220229
vt 0.954338 0.227971
vt 0.951308 0.227875
vt 0.258783 0.909358
vt 0.258080 0.911914
vt 0.250444 0.910758
vt 0.251866 0.908311
vt 0.625467 0.942577
vt 0.627904 0.942954
vt 0.954338 0.234858
vt 0.951308 0.234762
vt 0.243555 0.906989
vt 0.245627 0.904898
vt 0.623038 0.935675
vt 0.625222 0.935334
vt 0.954496 0.240215
vt 0.951466 0.240119
vt 0.238087 0.900978
vt 0.240675 0.899453
vt 0.659207 0.955880
vt 0.657124 0.954202
vt 0.658787 0.947277
vt 0.661044 0.948233
vt 0.919264 0.957514
vt 0.916474 0.957686
vt 0.914641 0.950749
vt 0.917431 0.950577
vt 0.234577 0.893312
vt 0.237496 0.892511
vt 0.821110 0.715299
vt 0.821110 0.681485
vt 0.854705 0.666199
vt 0.854705 0.731039
vt 0.815651 0.795878
vt 0.849010 0.810631
vt 0.849010 0.844269
vt 0.815651 0.860378
vt 0.364090 0.931480
vt 0.364090 0.896643
vt 0.379713 0.896509
vt 0.379713 0.931346
vt 0.911811 0.647193
vt 0.911811 0.663893
vt 0.896661 0.663859
vt 0.896661 0.647158
vt 0.647754 0.907787
vt 0.647754 0.942129
vt 0.632245 0.942875
vt 0.632245 0.908533
vt 0.501731 0.952234
vt 0.493101 0.950903
vt 0.493101 0.935753
vt 0.501731 0.937085
vt 0.853474 0.948121
vt 0.844946 0.949491
vt 0.844946 0.934342
vt 0.853474 0.932971
vt 0.815651 0.706695
vt 0.815651 0.690016
vt 0.854429 0.819044
vt 0.854429 0.835635
vt 0.532155 0.711198
vt 0.498559 0.695459
vt 0.498559 0.551152
vt 0.532155 0.535867
vt 0.233314 0.899503
vt 0.233314 0.933845
vt 0.217805 0.934591
vt 0.217805 0.900249
vt 0.616407 0.950483
vt 0.607879 0.951853
vt 0.607879 0.936704
vt 0.616407 0.935334
vt 0.493101 0.686854
vt 0.493101 0.559683
vt 0.902983 0.180468
vt 0.887834 0.180434
vt 0.887834 0.053098
vt 0.902983 0.053132
vt 0.085696 0.704064
vt 0.085696 0.560513
vt 0.091116 0.568926
vt 0.091116 0.695431
vt 0.907375 0.291491
vt 0.908960 0.254403
vt 0.921279 0.254230
vt 0.920660 0.295459
vt 0.907536 0.309493
vt 0.921279 0.330243
vt 0.592592 0.849467
vt 0.585959 0.853816
vt 0.579325 0.834841
vt 0.592592 0.826143
vt 0.944631 0.443837
vt 0.944631 0.471640
vt 0.934823 0.467870
vt 0.936471 0.440926
vt 0.943722 0.423043
vt 0.372099 0.953916
vt 0.372099 0.931480
vt 0.379526 0.935860
vt 0.957030 0.874813
vt 0.953685 0.876591
vt 0.955712 0.854986
vt 0.959020 0.853600
vt 0.953685 0.827476
vt 0.957021 0.826083
vt 0.934967 0.142274
vt 0.948292 0.138380
vt 0.948377 0.156055
vt 0.934967 0.157391
vt 0.947264 0.178606
vt 0.936050 0.172661
vt 0.520147 0.906140
vt 0.522546 0.904990
vt 0.522546 0.915994
vt 0.880003 0.944933
vt 0.881812 0.943854
vt 0.881812 0.955787
vt 0.537055 0.916075
vt 0.522914 0.899285
vt 0.537055 0.862046
vt 0.662652 0.799979
vt 0.662657 0.759111
vt 0.697652 0.717947
vt 0.697652 0.804295
vt 0.745129 0.041398
vt 0.745043 0.007190
vt 0.780043 -0.000000
vt 0.780043 0.064804
vt 0.805056 0.521605
vt 0.811761 0.516177
vt 0.811761 0.531940
vt 0.575522 0.149682
vt 0.579665 0.147849
vt 0.579665 0.160541
vt 0.879137 0.663556
vt 0.874149 0.659565
vt 0.879137 0.649067
vt 0.683771 0.966621
vt 0.679888 0.956687
vt 0.683771 0.930890
vt 0.766006 0.388008
vt 0.764656 0.383322
vt 0.766006 0.348175
vt 0.049604 0.806521
vt 0.049721 0.720174
vt 0.091115 0.720174
vt 0.091116 0.806521
vt 0.000197 0.839190
vt -0.000000 0.774386
vt 0.041512 0.774387
vt 0.041512 0.839191
vt 0.964771 0.142138
vt 0.968497 0.170580
vt 0.964771 0.181501
vt 0.254625 0.911914
vt 0.262426 0.922479
vt 0.262628 0.953309
vt 0.254625 0.953308
vt 0.090475 0.899310
vt 0.084711 0.899312
vt 0.085622 0.868463
vt 0.090475 0.857995
vt 0.191291 0.936756
vt 0.184121 0.964906
vt 0.184121 0.925753
vt 0.871899 0.305047
vt 0.848733 0.317190
vt 0.848733 0.209324
vt 0.766487 0.494140
vt 0.732621 0.528022
vt 0.732621 0.391728
vt 0.748500 0.209324
vt 0.786403 0.228511
vt 0.748500 0.318930
vt 0.713157 0.775752
vt 0.734464 0.775752
vt 0.724889 0.870838
vt 0.918054 0.520274
vt 0.905088 0.523564
vt 0.905088 0.425078
vt 0.702028 0.666199
vt 0.750284 0.670744
vt 0.702028 0.764240
vt 0.286680 0.571253
vt 0.215315 0.539726
vt 0.196514 0.504755
vt 0.286680 0.466039
vt 0.879855 0.545246
vt 0.896651 0.557172
vt 0.879855 0.665483
vt 0.930427 0.517267
vt 0.927309 0.521153
vt 0.927309 0.425078
vt 0.934466 0.923332
vt 0.921585 0.923332
vt 0.923171 0.876642
vt 0.046206 0.774386
vt -0.000000 0.774386
vt 0.000239 0.736712
vt 0.027114 0.680501
vt 0.705690 0.775752
vt 0.713157 0.799199
vt 0.705690 0.853771
vt 0.483144 0.915481
vt 0.481342 0.888017
vt 0.490627 0.884034
vt 0.492129 0.911473
vt 0.481342 0.937396
vt 0.490110 0.933596
vt 0.954121 0.959880
vt 0.954121 0.917957
vt 0.958385 0.921424
vt 0.812410 0.800665
vt 0.814145 0.849915
vt 0.809951 0.843913
vt 0.809510 0.882573
vt 0.814145 0.906933
vt 0.917918 0.797269
vt 0.924782 0.793294
vt 0.924782 0.818091
vt 0.930421 0.187221
vt 0.939225 0.179337
vt 0.939974 0.207328
vt 0.932843 0.212757
vt 0.938424 0.235875
vt 0.930421 0.240074
vt 0.379909 0.839316
vt 0.376395 0.840789
vt 0.376031 0.821520
vt 0.379605 0.820374
vt 0.376307 0.794905
vt 0.379909 0.793756
vt 0.956738 0.022935
vt 0.961560 0.069403
vt 0.956738 0.085241
vt 0.930020 0.663257
vt 0.933986 0.676569
vt 0.930020 0.677745
vt 0.099426 0.961620
vt 0.091116 0.938332
vt 0.099426 0.932571
vt 0.341469 0.925511
vt 0.341469 0.960685
vt 0.333886 0.949047
vt 0.964623 0.176800
vt 0.959945 0.151136
vt 0.964623 0.141535
vt 0.356712 0.940025
vt 0.363234 0.925675
vt 0.363234 0.962884
vt 0.551623 0.965431
vt 0.553995 0.941778
vt 0.553995 0.970464
vt 0.953277 0.409641
vt 0.944631 0.373450
vt 0.953277 0.367607
vt 0.905088 0.578644
vt 0.905088 0.523564
vt 0.925458 0.531845
vt 0.854705 0.795878
vt 0.821110 0.780139
vt 0.821110 0.746324
vt 0.526459 0.812299
vt 0.526459 0.845936
vt 0.493101 0.862046
vt 0.493101 0.797546
vt 0.945351 0.772251
vt 0.929842 0.772998
vt 0.929842 0.738656
vt 0.945351 0.737909
vt 0.727243 0.942076
vt 0.712093 0.942041
vt 0.712093 0.925341
vt 0.727243 0.925375
vt 0.154988 0.900202
vt 0.170611 0.900068
vt 0.170611 0.934905
vt 0.154988 0.935039
vt 0.853474 0.949491
vt 0.853474 0.934342
vt 0.862002 0.932971
vt 0.862002 0.948121
vt 0.918054 0.520284
vt 0.918054 0.505135
vt 0.926684 0.506466
vt 0.926684 0.521616
vt 0.815651 0.771534
vt 0.815651 0.754855
vt 0.531879 0.820712
vt 0.531879 0.837303
vt 0.052338 0.545760
vt 0.052338 0.720174
vt 0.854636 0.823414
vt 0.870259 0.823280
vt 0.870259 0.858117
vt 0.854636 0.858252
vt 0.501731 0.950903
vt 0.501731 0.935753
vt 0.510360 0.937085
vt 0.510360 0.952234
vt 0.755589 0.950907
vt 0.746590 0.949026
vt 0.746590 0.924407
vt 0.755589 0.922484
vt 0.414250 0.955354
vt 0.414250 0.927079
vt 0.423258 0.928971
vt 0.423258 0.953460
vt 0.963795 0.816781
vt 0.963795 0.788320
vt 0.966602 0.788320
vt 0.966602 0.816781
vt 0.435968 0.670159
vt 0.435968 0.661051
vt 0.438774 0.661037
vt 0.438774 0.670145
vt 0.549251 0.941780
vt 0.549251 0.966431
vt 0.546450 0.966429
vt 0.546450 0.941778
vt 0.873517 0.952992
vt 0.873517 0.943903
vt 0.876309 0.943854
vt 0.876309 0.952944
vt 0.314233 0.465888
vt 0.314233 0.460589
vt 0.317769 0.460601
vt 0.317769 0.465900
vt 0.618098 0.363790
vt 0.621614 0.363700
vt 0.621614 0.370750
vt 0.618098 0.370840
vt 0.003044 0.981858
vt 0.003044 0.978317
vt 0.005790 0.978316
vt 0.005790 0.981857
vt 0.773786 0.067118
vt 0.772719 0.072310
vt 0.771431 0.072016
vt 0.771431 0.064804
vt 0.093530 0.978317
vt 0.093530 0.981858
vt 0.092212 0.981857
vt 0.092212 0.978316
vt 0.774850 0.072290
vt 0.773786 0.067095
vt 0.776134 0.064804
vt 0.776134 0.072009
vt 0.937558 0.393562
vt 0.939864 0.373167
vt 0.944407 0.374306
vt 0.944163 0.395251
vt 0.934823 0.420595
vt 0.944407 0.423043
vt 0.952313 0.241667
vt 0.952437 0.263182
vt 0.946137 0.261093
vt 0.947860 0.240215
vt 0.952437 0.291486
vt 0.944422 0.288828
vt 0.919263 0.922942
vt 0.921428 0.922180
vt 0.921475 0.950844
vt 0.919332 0.951676
vt 0.921360 0.972065
vt 0.919263 0.972970
vt 0.848730 0.644659
vt 0.847831 0.645002
vt 0.847748 0.616424
vt 0.848669 0.616151
vt 0.848601 0.665696
vt 0.847748 0.666112
vt 0.968619 0.968002
vt 0.966451 0.940823
vt 0.967198 0.941030
vt 0.969326 0.967559
vt 0.968630 0.919326
vt 0.969326 0.919878
vt 0.977412 0.022936
vt 0.979244 0.045880
vt 0.978417 0.045981
vt 0.976640 0.023408
vt 0.977435 0.074384
vt 0.976640 0.073803
vt 0.974328 0.322168
vt 0.976157 0.298861
vt 0.976873 0.299404
vt 0.975093 0.322037
vt 0.976149 0.351067
vt 0.976873 0.350566
vt 0.974328 0.320123
vt 0.972211 0.347346
vt 0.971408 0.346774
vt 0.973483 0.319972
vt 0.972191 0.298861
vt 0.971408 0.299500
vt 0.832218 0.665813
vt 0.831676 0.665815
vt 0.831674 0.642605
vt 0.832218 0.642648
vt 0.930316 0.227819
vt 0.929746 0.227521
vt 0.929757 0.199728
vt 0.930316 0.200102
vt 0.973308 0.474383
vt 0.973922 0.474371
vt 0.975715 0.497484
vt 0.975100 0.497444
vt 0.973916 0.526139
vt 0.973308 0.526016
vt 0.974872 0.380116
vt 0.975505 0.380121
vt 0.973337 0.407500
vt 0.972714 0.407373
vt 0.972714 0.358748
vt 0.973326 0.358635
vt 0.952437 0.240283
vt 0.953101 0.240215
vt 0.953199 0.268793
vt 0.952520 0.268831
vt 0.953127 0.289903
vt 0.952437 0.289946
vt 0.431767 0.913261
vt 0.425225 0.915306
vt 0.425255 0.893827
vt 0.429754 0.892445
vt 0.434720 0.940615
vt 0.425225 0.943580
vt 0.945021 0.087356
vt 0.949431 0.085709
vt 0.950696 0.107151
vt 0.944456 0.109517
vt 0.952398 0.135368
vt 0.944456 0.138380
vt 0.979012 0.077975
vt 0.979220 0.106446
vt 0.977026 0.105707
vt 0.976797 0.077305
vt 0.978941 0.127411
vt 0.976797 0.126599
vt 0.814352 0.884407
vt 0.814145 0.856162
vt 0.815089 0.856397
vt 0.815275 0.884712
vt 0.814145 0.905116
vt 0.815017 0.905494
vt 0.968938 0.726484
vt 0.968177 0.725984
vt 0.970260 0.699088
vt 0.971059 0.698928
vt 0.968177 0.677542
vt 0.968927 0.677031
vt 0.970004 0.969913
vt 0.969326 0.969379
vt 0.971114 0.947236
vt 0.971835 0.947412
vt 0.969326 0.919815
vt 0.969998 0.919326
vt 0.973646 0.699979
vt 0.972833 0.699850
vt 0.971059 0.677567
vt 0.971821 0.677031
vt 0.971832 0.728555
vt 0.971059 0.728059
vt 0.939900 0.276348
vt 0.939165 0.276513
vt 0.937170 0.248995
vt 0.937865 0.248400
vt 0.937847 0.298379
vt 0.937170 0.297726
vt 0.977625 0.151230
vt 0.975785 0.128399
vt 0.976377 0.128326
vt 0.978220 0.151201
vt 0.975785 0.179664
vt 0.976372 0.179715
vt 0.925442 0.735690
vt 0.925417 0.757127
vt 0.924782 0.757107
vt 0.924782 0.735627
vt 0.925417 0.785324
vt 0.924818 0.785374
vt 0.282986 0.952113
vt 0.282986 0.923827
vt 0.283505 0.924088
vt 0.975375 0.244694
vt 0.977738 0.272777
vt 0.977225 0.272775
vt 0.975375 0.294932
vt 0.975874 0.295054
vt 0.492728 0.884055
vt 0.492971 0.912341
vt 0.492357 0.912349
vt 0.492129 0.884034
vt 0.492753 0.933127
vt 0.492129 0.933131
vt 0.592904 0.850807
vt 0.593832 0.815049
vt 0.594129 0.815058
vt 0.593201 0.850817
vt 0.170553 0.970826
vt 0.169282 0.970841
vt 0.169282 0.935054
vt 0.170553 0.935039
vt 0.924167 0.621535
vt 0.925345 0.621501
vt 0.924417 0.657260
vt 0.923239 0.657293
vt 0.120773 0.979243
vt 0.120773 0.978889
vt 0.122053 0.978317
vt 0.122053 0.979794
vt 0.700194 0.760567
vt 0.701576 0.760655
vt 0.699035 0.795824
vt 0.697652 0.795736
vt 0.116226 0.978879
vt 0.116226 0.979234
vt 0.114931 0.979794
vt 0.114931 0.978316
vt 0.592904 0.772270
vt 0.593201 0.772279
vt 0.594125 0.807904
vt 0.593828 0.807895
vt 0.512963 0.935827
vt 0.514231 0.935753
vt 0.514231 0.971359
vt 0.512963 0.971433
vt 0.923239 0.578756
vt 0.924417 0.578722
vt 0.925341 0.614347
vt 0.924162 0.614381
vt 0.697652 0.717947
vt 0.699035 0.718036
vt 0.701449 0.753570
vt 0.700066 0.753482
vt 0.032663 0.985517
vt 0.032663 0.978363
vt 0.033933 0.978316
vt 0.033933 0.985471
vt 0.106411 0.978318
vt 0.107889 0.978316
vt 0.107889 0.980091
vt 0.106411 0.980092
vt 0.458977 0.912252
vt 0.458977 0.919386
vt 0.457575 0.919546
vt 0.457575 0.912412
vt 0.063440 0.982750
vt 0.063440 0.978331
vt 0.065195 0.978317
vt 0.065195 0.982736
vt 0.824460 0.457013
vt 0.824460 0.449927
vt 0.825910 0.450145
vt 0.825910 0.457231
vt 0.959885 0.876857
vt 0.961106 0.876642
vt 0.963538 0.931733
vt 0.959885 0.932375
vt 0.847184 0.458762
vt 0.848648 0.458679
vt 0.848648 0.514846
vt 0.847184 0.514928
vt 0.964408 0.472313
vt 0.965658 0.472538
vt 0.965658 0.528041
vt 0.961918 0.527369
vt 0.943507 0.816983
vt 0.944906 0.817167
vt 0.944906 0.873699
vt 0.943507 0.873516
vt 0.269920 0.717190
vt 0.268285 0.752966
vt 0.267988 0.752962
vt 0.269622 0.717186
vt 0.171880 0.805415
vt 0.170610 0.805382
vt 0.170610 0.769565
vt 0.171880 0.769599
vt 0.951550 0.329608
vt 0.950372 0.329622
vt 0.952006 0.293846
vt 0.953184 0.293832
vt 0.116226 0.979229
vt 0.116226 0.978875
vt 0.117519 0.978317
vt 0.117519 0.979794
vt 0.043124 0.849461
vt 0.044507 0.849507
vt 0.043303 0.878462
vt 0.041921 0.878416
vt 0.119181 0.978883
vt 0.119181 0.979238
vt 0.117890 0.979794
vt 0.117890 0.978316
vt 0.269920 0.789079
vt 0.269622 0.789074
vt 0.267987 0.760112
vt 0.268284 0.760117
vt 0.537081 0.966654
vt 0.535814 0.966746
vt 0.535814 0.937744
vt 0.537081 0.937651
vt 0.953184 0.365721
vt 0.952006 0.365735
vt 0.950370 0.336773
vt 0.951548 0.336759
vt 0.041921 0.806521
vt 0.043303 0.806567
vt 0.044368 0.842354
vt 0.042985 0.842308
vt 0.035203 0.978316
vt 0.035203 0.985468
vt 0.033933 0.985492
vt 0.033933 0.978340
vt 0.107889 0.978322
vt 0.109367 0.978316
vt 0.109367 0.980086
vt 0.107889 0.980091
vt 0.001406 0.978316
vt 0.001406 0.985454
vt -0.000000 0.985457
vt -0.000000 0.978320
vt 0.053645 0.982736
vt 0.053645 0.978316
vt 0.055417 0.978321
vt 0.055417 0.982741
vt 0.845574 0.532442
vt 0.845574 0.525287
vt 0.847026 0.525361
vt 0.847026 0.532515
vt 0.959020 0.820825
vt 0.960239 0.820593
vt 0.962664 0.875897
vt 0.959020 0.876591
vt 0.814145 0.800867
vt 0.815585 0.800665
vt 0.815585 0.855959
vt 0.814145 0.856162
vt 0.963151 0.604979
vt 0.964399 0.605223
vt 0.964399 0.661031
vt 0.960668 0.660301
vt 0.423856 0.892445
vt 0.425225 0.892764
vt 0.425225 0.947636
vt 0.423856 0.947316
vt 0.948529 0.085608
vt 0.945020 0.085577
vt 0.945020 0.024419
vt 0.948529 0.025764
vt 0.534830 0.859539
vt 0.531879 0.859384
vt 0.531879 0.797546
vt 0.534830 0.798511
vt 0.951168 0.471479
vt 0.947544 0.471481
vt 0.947544 0.409643
vt 0.951168 0.409641
vt 0.944631 0.471640
vt 0.944631 0.410612
vt 0.946218 0.737874
vt 0.942721 0.737772
vt 0.942721 0.678236
vt 0.946218 0.677031
vt 0.939331 0.737909
vt 0.939331 0.679681
vt 0.944456 0.138305
vt 0.941523 0.138380
vt 0.941523 0.080665
vt 0.944456 0.079778
vt 0.937899 0.138380
vt 0.937899 0.080665
vt 0.934967 0.138305
vt 0.934967 0.079778
vt 0.951901 0.085563
vt 0.951901 0.027033
vt 0.391607 0.152909
vt 0.391607 0.156486
vt 0.390915 0.156238
vt 0.390915 0.153102
vt 0.389463 0.159295
vt 0.389036 0.158701
vt 0.385995 0.160263
vt 0.385995 0.159549
vt 0.382527 0.159021
vt 0.382955 0.158460
vt 0.380384 0.156042
vt 0.381076 0.155849
vt 0.380384 0.152465
vt 0.381076 0.152713
vt 0.382527 0.149656
vt 0.382955 0.150250
vt 0.385995 0.148688
vt 0.385995 0.149402
vt 0.389463 0.149930
vt 0.389036 0.150491
vt 0.812501 0.908387
vt 0.815386 0.906933
vt 0.815386 0.957068
vt 0.934466 0.877207
vt 0.937093 0.876642
vt 0.934466 0.928202
vt 0.940260 0.876901
vt 0.942757 0.877885
vt 0.683910 0.899011
vt 0.686788 0.900311
vt 0.683910 0.949971
vt 0.689783 0.901685
vt 0.897120 0.004831
vt 0.899625 0.005895
vt 0.897120 0.053098
vt 0.902791 0.006165
vt 0.973308 0.527206
vt 0.975779 0.526139
vt 0.975779 0.574416
vt 0.809510 0.909638
vt 0.947812 0.240079
vt 0.947812 0.180543
vt 0.951308 0.179338
vt 0.951308 0.240181
vt 0.965582 0.315323
vt 0.965582 0.254295
vt 0.968495 0.253327
vt 0.968495 0.315165
vt 0.943795 0.365583
vt 0.943795 0.303745
vt 0.947419 0.303742
vt 0.947419 0.365580
vt 0.950370 0.304707
vt 0.950370 0.365735
vt 0.485719 0.869508
vt 0.485719 0.808350
vt 0.489228 0.809694
vt 0.489228 0.869538
vt 0.492600 0.810964
vt 0.492600 0.869493
vt 0.929842 0.737834
vt 0.929842 0.679307
vt 0.932774 0.680194
vt 0.932774 0.737909
vt 0.936398 0.680194
vt 0.936398 0.737909
vt 0.939331 0.679307
vt 0.939331 0.737834
vt 0.944422 0.240215
vt 0.944422 0.181987
vt 0.400423 0.159403
vt 0.400007 0.158817
vt 0.401832 0.156167
vt 0.402504 0.156381
vt 0.401832 0.152937
vt 0.402504 0.152697
vt 0.400007 0.150361
vt 0.400423 0.149758
vt 0.397055 0.149423
vt 0.397055 0.148688
vt 0.394103 0.150481
vt 0.393688 0.149894
vt 0.392279 0.153130
vt 0.391607 0.152917
vt 0.392279 0.156360
vt 0.391607 0.156601
vt 0.394103 0.158936
vt 0.393688 0.159539
vt 0.397055 0.159874
vt 0.397055 0.160609
vt 0.954047 0.473613
vt 0.951168 0.523274
vt 0.951168 0.472313
vt 0.943506 0.823383
vt 0.935216 0.873699
vt 0.941009 0.822398
vt 0.937842 0.822139
vt 0.935216 0.822704
vt 0.953685 0.826083
vt 0.953685 0.876219
vt 0.950800 0.827537
vt 0.947810 0.828788
vt 0.960220 0.677031
vt 0.960220 0.725309
vt 0.957749 0.678098
vt 0.954584 0.678376
vt 0.972308 0.872122
vt 0.969802 0.919326
vt 0.969802 0.871058
vt 0.957041 0.474987
vt 0.934138 0.596788
vt 0.946991 0.604044
vt 0.946991 0.626600
vt 0.934138 0.633400
vt 0.692587 0.498218
vt 0.692587 0.534643
vt 0.686084 0.527684
vt 0.686084 0.505243
vt 0.708138 0.498140
vt 0.418535 0.161544
vt 0.411280 0.161541
vt 0.418535 0.148688
vt 0.432585 0.161544
vt 0.425790 0.148688
vt 0.432590 0.148688
vt 0.947682 0.471640
vt 0.947682 0.508252
vt 0.934823 0.501451
vt 0.934823 0.478895
vt 0.824119 0.029572
vt 0.817621 0.036613
vt 0.817621 -0.000000
vt 0.824119 0.007014
vt 0.856330 0.065872
vt 0.871899 0.209321
vt 0.856330 0.196552
vt 0.864286 0.437916
vt 0.848733 0.425114
vt 0.864286 0.425078
vt 0.802081 0.036646
vt 0.802081 0.000032
vt 0.248171 0.953875
vt 0.254489 0.942678
vt 0.254489 0.957442
vt 0.589108 0.954482
vt 0.583098 0.943117
vt 0.589108 0.939936
vt 0.431942 0.714623
vt 0.431942 0.583080
vt 0.934138 0.560176
vt 0.946991 0.567432
vt 0.946991 0.589988
vt 0.934138 0.596788
vt 0.714641 0.498218
vt 0.714641 0.534643
vt 0.708138 0.527684
vt 0.708138 0.505243
vt 0.730193 0.498140
vt 0.425790 0.161544
vt 0.418535 0.161541
vt 0.425790 0.148688
vt 0.432590 0.148688
vt 0.439390 0.161541
vt 0.432590 0.161544
vt 0.946997 0.523564
vt 0.946997 0.560176
vt 0.934138 0.553376
vt 0.934138 0.530820
vt 0.802081 0.029572
vt 0.795583 0.036613
vt 0.795583 -0.000000
vt 0.802081 0.007015
vt 0.864286 0.437852
vt 0.879855 0.581301
vt 0.864286 0.568532
vt 0.870259 0.679038
vt 0.854706 0.666235
vt 0.870259 0.666199
vt 0.780043 0.036646
vt 0.780043 0.000032
vt 0.942757 0.947111
vt 0.949075 0.935915
vt 0.949075 0.950679
vt 0.595117 0.954482
vt 0.589108 0.943117
vt 0.595117 0.939936
vt 0.738640 0.666199
vt 0.579995 0.313829
vt 0.537444 0.856990
vt 0.535018 0.855945
vt 0.958399 0.000412
vt 0.330543 0.289693
vt 0.888579 0.313653
vt 0.410886 0.126521
vt 0.579995 0.218886
vt 0.535018 0.691011
vt 0.537444 0.690034
vt 0.330543 0.191993
vt 0.888579 0.221835
vt 0.708138 0.534565
vt 0.856330 0.053101
vt 0.871899 0.053098
vt 0.856330 0.209324
vt 0.864286 0.569284
vt 0.864286 0.582123
vt 0.848733 0.582159
vt 0.395330 0.583081
vt 0.730193 0.534565
vt 0.864286 0.425080
vt 0.879855 0.425078
vt 0.864286 0.581303
vt 0.870259 0.810406
vt 0.870259 0.823244
vt 0.854706 0.823280
vt 0.702028 0.534656
vt 0.538596 0.370885
vt 0.538596 0.535867
vt 0.440855 0.465958
vt 0.896661 0.425078
vt 0.896661 0.545246
vt 0.879855 0.436990
vt 0.959945 0.085709
vt 0.959945 0.181760
vt 0.956827 0.177872
vt 0.440855 0.477819
vt 0.322525 0.456489
vt 0.440855 0.341525
vt 0.845686 0.000000
vt 0.854629 0.011010
vt 0.845686 0.020639
vt 0.962370 0.772598
vt 0.960220 0.769248
vt 0.440855 0.251984
vt 0.437405 0.291537
vt 0.383888 0.287174
vt 0.386352 0.252194
vt 0.427164 0.341525
vt 0.375659 0.331640
vt 0.330550 0.322337
vt 0.334655 0.283203
vt 0.335562 0.252357
vt 0.193914 0.759178
vt 0.172268 0.762408
vt 0.171880 0.728156
vt 0.193710 0.728350
vt 0.196221 0.798259
vt 0.175962 0.806041
vt 0.803630 0.203928
vt 0.782339 0.209324
vt 0.783091 0.161341
vt 0.804262 0.160157
vt 0.804337 0.126084
vt 0.783173 0.123887
vt 0.117352 0.733689
vt 0.117408 0.763202
vt 0.091116 0.762868
vt 0.091145 0.736900
vt 0.136873 0.741315
vt 0.137037 0.763141
vt 0.137337 0.803794
vt 0.117334 0.806578
vt 0.091116 0.810530
vt 0.732621 0.425781
vt 0.712522 0.437506
vt 0.712571 0.398499
vt 0.732340 0.391728
vt 0.686162 0.498140
vt 0.686083 0.449730
vt 0.702175 0.495703
vt 0.686083 0.407390
vt 0.599766 0.882697
vt 0.583197 0.889414
vt 0.583098 0.861349
vt 0.603712 0.856990
vt 0.606265 0.858072
vt 0.606933 0.860521
vt 0.732454 0.436165
vt 0.591590 0.901514
vt 0.091170 0.723626
vt 0.383888 0.217211
vt 0.437405 0.212430
vt 0.375659 0.172726
vt 0.427164 0.162428
vt 0.334655 0.221509
vt 0.330550 0.182357
vt 0.193914 0.697521
vt 0.172268 0.693903
vt 0.196221 0.658433
vt 0.175962 0.650263
vt 0.803630 0.049166
vt 0.804262 0.092100
vt 0.783091 0.086484
vt 0.782339 0.039270
vt 0.216635 0.726230
vt 0.242946 0.730593
vt 0.242980 0.756809
vt 0.216583 0.755999
vt 0.196820 0.754496
vt 0.196987 0.732539
vt 0.196514 0.795369
vt 0.216649 0.799599
vt 0.242980 0.804816
vt 0.614831 0.591175
vt 0.615113 0.556972
vt 0.635014 0.565196
vt 0.635065 0.604416
vt 0.661526 0.666447
vt 0.645442 0.663224
vt 0.661619 0.617947
vt 0.661619 0.575395
vt 0.615236 0.887073
vt 0.611173 0.861752
vt 0.632245 0.865387
vt 0.632245 0.893194
vt 0.607879 0.865353
vt 0.608566 0.862908
vt 0.614998 0.601601
vt 0.635017 0.645804
vt 0.616855 0.610158
vt 0.623300 0.905357
vt 0.631901 0.913126
vt 0.626292 0.909796
vt 0.242917 0.717186
vt 0.712558 0.478822
vt 0.730606 0.444572
vt 0.588599 0.906113
vt 0.583098 0.909665
vt 0.898124 0.181111
vt 0.898280 0.190373
vt 0.887834 0.183921
vt 0.897959 0.199017
vt 0.887834 0.199337
vt 0.847923 0.523251
vt 0.848683 0.523270
vt 0.848196 0.533355
vt 0.847184 0.533998
vt 0.154549 0.949831
vt 0.154326 0.958119
vt 0.153540 0.957974
vt 0.153683 0.950062
vt 0.847184 0.514928
vt 0.848056 0.515357
vt 0.154549 0.968966
vt 0.153427 0.968142
vt 0.430193 0.852385
vt 0.430193 0.874038
vt 0.429416 0.892044
vt 0.429067 0.852476
vt 0.882923 0.960478
vt 0.881812 0.960856
vt 0.882595 0.943933
vt 0.943795 0.364627
vt 0.933682 0.365280
vt 0.933904 0.347186
vt 0.943795 0.345499
vt 0.925804 0.365735
vt 0.926774 0.348062
vt 0.905819 0.197760
vt 0.905933 0.189485
vt 0.903855 0.181010
vt 0.901250 0.180468
vt 0.906076 0.184601
vt 0.905516 0.182747
vt 0.194688 0.964789
vt 0.194219 0.965550
vt 0.192005 0.954301
vt 0.192566 0.954335
vt 0.813188 0.413331
vt 0.813818 0.413688
vt 0.812357 0.424816
vt 0.811829 0.423583
vt 0.812948 0.410623
vt 0.813569 0.410629
vt 0.891334 0.890350
vt 0.892284 0.890113
vt 0.892253 0.910349
vt 0.891628 0.910346
vt 0.892284 0.914567
vt 0.891658 0.914527
vt 0.892218 0.918759
vt 0.891594 0.918642
vt 0.891994 0.922639
vt 0.891375 0.922430
vt 0.811829 0.407723
vt 0.812413 0.407630
vt 0.711871 0.860953
vt 0.712470 0.860884
vt 0.713156 0.870186
vt 0.712339 0.869931
vt 0.191587 0.951024
vt 0.192342 0.948365
vt 0.192845 0.948611
vt 0.192131 0.951174
vt 0.713125 0.855705
vt 0.712499 0.855984
vt 0.194224 0.946745
vt 0.194688 0.947068
vt 0.713156 0.853771
vt 0.712542 0.854086
vt 0.927145 0.344379
vt 0.934069 0.333759
vt 0.943795 0.330243
vt 0.430193 0.891308
vt 0.928028 0.340790
vt 0.929717 0.337547
vt 0.931776 0.335219
vt 0.370840 0.153578
vt 0.379540 0.159908
vt 0.370221 0.161507
vt 0.371996 0.151155
vt 0.380384 0.148688
vt 0.379852 0.149670
vt 0.372614 0.151818
vt 0.071087 0.978316
vt 0.071087 0.989699
vt 0.070474 0.989551
vt 0.035203 0.978316
vt 0.035882 0.990816
vt 0.035203 0.991570
vt 0.749528 0.775196
vt 0.748017 0.772068
vt 0.750231 0.774717
vt 0.748581 0.764240
vt 0.750231 0.765323
vt 0.670240 0.945656
vt 0.670240 0.957887
vt 0.669493 0.957715
vt 0.669066 0.947183
vt 0.370221 0.152916
vt 0.870259 0.930262
vt 0.874910 0.930440
vt 0.874947 0.942672
vt 0.870298 0.943854
vt 0.558440 0.156826
vt 0.562863 0.156883
vt 0.562642 0.161536
vt 0.558190 0.161480
vt 0.874955 0.926064
vt 0.883952 0.926594
vt 0.883905 0.930849
vt 0.939974 0.288284
vt 0.942221 0.287430
vt 0.942265 0.297334
vt 0.940031 0.297917
vt 0.940017 0.284029
vt 0.942265 0.283135
vt 0.721275 0.161139
vt 0.719016 0.161443
vt 0.719017 0.157048
vt 0.721275 0.156721
vt 0.883952 0.940483
vt 0.558190 0.147849
vt 0.562584 0.147905
vt 0.870305 0.925828
vt 0.672463 0.954785
vt 0.673129 0.954747
vt 0.672877 0.959401
vt 0.672227 0.959837
vt 0.090140 0.978457
vt 0.090875 0.978316
vt 0.090875 0.984981
vt 0.090150 0.984919
vt 0.095122 0.985015
vt 0.094486 0.984817
vt 0.094509 0.978346
vt 0.095122 0.978316
vt 0.363234 0.953058
vt 0.363989 0.953043
vt 0.363989 0.962068
vt 0.363261 0.962231
vt 0.125728 0.978317
vt 0.126358 0.978534
vt 0.126358 0.980815
vt 0.125721 0.980618
vt 0.119913 0.980914
vt 0.119188 0.980741
vt 0.119181 0.978316
vt 0.119913 0.978469
vt 0.672227 0.945656
vt 0.672883 0.945769
vt 0.363306 0.947985
vt 0.363950 0.948381
vt 0.286225 0.661674
vt 0.286655 0.661974
vt 0.286473 0.672755
vt 0.063233 0.996773
vt 0.063024 0.982902
vt 0.063440 0.982751
vt 0.071087 0.978316
vt 0.071546 0.993199
vt 0.071087 0.993476
vt 0.112929 0.983433
vt 0.112508 0.983204
vt 0.112929 0.978316
vt 0.104981 0.978316
vt 0.105481 0.978808
vt 0.104981 0.983803
vt 0.063019 0.978538
vt 0.063440 0.978316
vt 0.490399 0.882623
vt 0.485719 0.873833
vt 0.492523 0.873773
vt 0.491932 0.881485
vt 0.485756 0.869538
vt 0.492488 0.869538
vt 0.763475 0.071999
vt 0.759085 0.071502
vt 0.759085 0.064804
vt 0.763417 0.065252
vt 0.676166 0.932425
vt 0.673257 0.939155
vt 0.673257 0.930890
vt 0.970537 0.000648
vt 0.970537 0.008914
vt 0.968280 0.009064
vt 0.968281 0.000406
vt 0.942780 0.523042
vt 0.934138 0.523564
vt 0.934138 0.514574
vt 0.944142 0.513970
vt 0.934418 0.509891
vt 0.945181 0.509240
vt 0.087228 0.987584
vt 0.087597 0.987675
vt 0.087599 0.992863
vt 0.124507 0.983458
vt 0.124162 0.983024
vt 0.124507 0.978316
vt 0.132970 0.978316
vt 0.133340 0.978359
vt 0.133340 0.980687
vt 0.132971 0.980626
vt 0.087230 0.978316
vt 0.087599 0.978372
vt 0.136971 0.978316
vt 0.137220 0.978524
vt 0.136971 0.979372
vt 0.137932 0.979380
vt 0.137721 0.979012
vt 0.137932 0.978316
vt 0.137932 0.978316
vt 0.138211 0.978364
vt 0.137932 0.979043
vt 0.175843 0.947592
vt 0.175650 0.947331
vt 0.176382 0.947249
vt 0.075986 0.978467
vt 0.076300 0.978317
vt 0.076889 0.980303
vt 0.076528 0.980297
vt 0.076350 0.985096
vt 0.075986 0.985018
vt 0.173979 0.957131
vt 0.174303 0.957047
vt 0.176382 0.965558
vt 0.176036 0.965549
vt 0.173744 0.951763
vt 0.174065 0.951805
vt 0.081104 0.981686
vt 0.081382 0.981682
vt 0.080761 0.985056
vt 0.080501 0.984967
vt 0.087228 0.978316
vt 0.087227 0.982598
vt 0.086901 0.982640
vt 0.086901 0.978439
vt 0.087194 0.994968
vt 0.099136 0.990591
vt 0.098862 0.990780
vt 0.098862 0.978316
vt 0.080501 0.978452
vt 0.080764 0.978316
vt 0.136429 0.980664
vt 0.136150 0.980737
vt 0.136150 0.978316
vt 0.136429 0.978316
vt 0.136718 0.978380
vt 0.136429 0.980631
vt 0.094197 0.983526
vt 0.094486 0.983513
vt 0.094471 0.992792
vt 0.094191 0.992721
vt 0.094191 0.978730
vt 0.094469 0.978316
vt 0.679522 0.939121
vt 0.679888 0.951579
vt 0.673257 0.952341
vt 0.970537 0.022100
vt 0.968280 0.022423
vt 0.394312 0.784147
vt 0.394312 0.797506
vt 0.385339 0.797884
vt 0.385339 0.783605
vt 0.380681 0.797699
vt 0.380680 0.783042
vt 0.785816 0.963656
vt 0.785240 0.964007
vt 0.785240 0.937811
vt 0.286225 0.687410
vt 0.678364 0.934934
vt 0.485779 0.883736
vt 0.804470 0.524095
vt 0.802089 0.534400
vt 0.795628 0.524045
vt 0.787668 0.534533
vt 0.787668 0.524424
vt 0.012031 0.966709
vt 0.011563 0.956643
vt 0.012351 0.956631
vt 0.013120 0.967351
vt 0.841393 0.944104
vt 0.842251 0.944332
vt 0.842325 0.952250
vt 0.841538 0.952399
vt 0.013120 0.948339
vt 0.012212 0.948760
vt 0.842485 0.962417
vt 0.841393 0.963245
vt 0.778901 0.908556
vt 0.778439 0.891543
vt 0.778901 0.871475
vt 0.232198 0.934591
vt 0.233322 0.934704
vt 0.232198 0.974258
vt 0.664792 0.962280
vt 0.665120 0.945736
vt 0.665902 0.945656
vt 0.665902 0.962658
vt 0.823750 0.921914
vt 0.823527 0.902949
vt 0.833641 0.903591
vt 0.833641 0.923664
vt 0.816621 0.920937
vt 0.815651 0.902398
vt 0.788681 0.516557
vt 0.796377 0.516378
vt 0.804487 0.518362
vt 0.805056 0.520959
vt 0.801052 0.516177
vt 0.802816 0.516718
vt 0.002906 0.966365
vt 0.004861 0.955972
vt 0.005476 0.955932
vt 0.003468 0.967112
vt 0.072004 0.978316
vt 0.072639 0.988332
vt 0.072004 0.989200
vt 0.667885 0.959980
vt 0.666876 0.948748
vt 0.667490 0.948421
vt 0.667885 0.945683
vt 0.667300 0.945656
vt 0.164551 0.735035
vt 0.164084 0.755022
vt 0.163456 0.755025
vt 0.163601 0.734794
vt 0.164019 0.759199
vt 0.163390 0.759239
vt 0.164053 0.763302
vt 0.163425 0.763418
vt 0.164251 0.767067
vt 0.163628 0.767275
vt 0.164551 0.769824
vt 0.163939 0.770126
vt 0.962713 0.462776
vt 0.962250 0.471758
vt 0.961429 0.472016
vt 0.962108 0.462711
vt 0.004643 0.950242
vt 0.005203 0.949990
vt 0.005917 0.952659
vt 0.005318 0.952815
vt 0.961450 0.457530
vt 0.962081 0.457806
vt 0.002906 0.948669
vt 0.003430 0.948338
vt 0.961429 0.455590
vt 0.962047 0.455902
vt 0.816993 0.924801
vt 0.833641 0.939674
vt 0.823916 0.935987
vt 0.778071 0.907549
vt 0.817875 0.928571
vt 0.819564 0.931983
vt 0.821623 0.934439
vt 0.360683 0.157291
vt 0.360061 0.148688
vt 0.369382 0.150498
vt 0.361836 0.159811
vt 0.362458 0.159190
vt 0.369692 0.161426
vt 0.370221 0.162382
vt 0.036561 0.991570
vt 0.035882 0.990817
vt 0.036561 0.978316
vt 0.065815 0.978523
vt 0.066428 0.978316
vt 0.066428 0.990421
vt 0.663324 0.956448
vt 0.662652 0.955940
vt 0.664792 0.953427
vt 0.662652 0.946665
vt 0.664291 0.945656
vt 0.667885 0.945656
vt 0.669066 0.947176
vt 0.668639 0.957714
vt 0.667885 0.957894
vt 0.360061 0.157912
vt 0.913678 0.927042
vt 0.913623 0.941356
vt 0.908979 0.940135
vt 0.909029 0.927243
vt 0.575286 0.147849
vt 0.575522 0.152500
vt 0.571729 0.152627
vt 0.571479 0.147976
vt 0.900032 0.927607
vt 0.899975 0.922935
vt 0.908975 0.922446
vt 0.790502 0.948620
vt 0.790436 0.958782
vt 0.788205 0.958200
vt 0.788259 0.947749
vt 0.788205 0.943027
vt 0.790450 0.943948
vt 0.038819 0.978422
vt 0.038819 0.982235
vt 0.036562 0.982110
vt 0.036561 0.978316
vt 0.899975 0.937769
vt 0.571479 0.161614
vt 0.575271 0.161486
vt 0.913623 0.922180
vt 0.670458 0.950707
vt 0.670240 0.945656
vt 0.670943 0.946076
vt 0.671204 0.950727
vt 0.088367 0.978448
vt 0.088361 0.984914
vt 0.087599 0.984985
vt 0.087599 0.978316
vt 0.090898 0.985002
vt 0.090875 0.978527
vt 0.091588 0.978316
vt 0.091588 0.985019
vt 0.184074 0.952322
vt 0.184040 0.961495
vt 0.183281 0.961330
vt 0.183291 0.952306
vt 0.123431 0.980741
vt 0.123431 0.978460
vt 0.124162 0.978316
vt 0.124156 0.980577
vt 0.113510 0.980941
vt 0.113510 0.978489
vt 0.114269 0.978316
vt 0.114262 0.980749
vt 0.670240 0.959845
vt 0.670974 0.959714
vt 0.183954 0.947249
vt 0.183281 0.947644
vt 0.701576 0.742438
vt 0.701824 0.731858
vt 0.702006 0.742093
vt 0.072004 0.993476
vt 0.071546 0.993199
vt 0.072004 0.978316
vt 0.039969 0.983179
vt 0.040382 0.983292
vt 0.040133 0.997872
vt 0.105980 0.983803
vt 0.105481 0.978808
vt 0.105980 0.978316
vt 0.122467 0.982836
vt 0.122053 0.978592
vt 0.122467 0.978316
vt 0.039969 0.978317
vt 0.040387 0.978508
vt 0.243532 0.956714
vt 0.241995 0.955522
vt 0.241362 0.947339
vt 0.248171 0.947462
vt 0.241362 0.942678
vt 0.248099 0.942740
vt 0.614312 0.370852
vt 0.614312 0.364149
vt 0.618098 0.363700
vt 0.618056 0.370450
vt 0.619316 0.954363
vt 0.616407 0.955787
vt 0.616407 0.947903
vt 0.181276 0.967824
vt 0.179019 0.968245
vt 0.179019 0.959986
vt 0.181276 0.959940
vt 0.226060 0.934843
vt 0.227329 0.943860
vt 0.217805 0.943569
vt 0.217805 0.934591
vt 0.228315 0.948550
vt 0.218084 0.948238
vt 0.117519 0.978316
vt 0.117890 0.983016
vt 0.117519 0.983459
vt 0.089873 0.992897
vt 0.089802 0.987711
vt 0.090140 0.987626
vt 0.135828 0.978316
vt 0.135827 0.980622
vt 0.135487 0.980671
vt 0.135487 0.978347
vt 0.090140 0.978316
vt 0.089800 0.978367
vt 0.137220 0.978316
vt 0.137437 0.979050
vt 0.137220 0.979402
vt 0.136971 0.979372
vt 0.136718 0.978524
vt 0.136971 0.978316
vt 0.176382 0.947249
vt 0.177113 0.947330
vt 0.176916 0.947588
vt 0.137721 0.978316
vt 0.137721 0.979122
vt 0.137437 0.978985
vt 0.077778 0.978476
vt 0.077223 0.980340
vt 0.076889 0.980340
vt 0.077494 0.978316
vt 0.077778 0.985089
vt 0.077442 0.985161
vt 0.178782 0.957122
vt 0.176731 0.965542
vt 0.176382 0.965548
vt 0.178453 0.957035
vt 0.179019 0.951758
vt 0.178694 0.951797
vt 0.078367 0.981545
vt 0.077778 0.978371
vt 0.078093 0.978316
vt 0.078700 0.981581
vt 0.085253 0.982623
vt 0.084926 0.982576
vt 0.084926 0.978316
vt 0.085253 0.978443
vt 0.085244 0.995116
vt 0.084970 0.994937
vt 0.077778 0.984730
vt 0.078095 0.984894
vt 0.134108 0.980612
vt 0.134073 0.978316
vt 0.134430 0.978320
vt 0.134430 0.980626
vt 0.093860 0.987422
vt 0.093868 0.978316
vt 0.094191 0.978331
vt 0.094191 0.987522
vt 0.094177 0.992205
vt 0.128933 0.983525
vt 0.128933 0.978316
vt 0.129180 0.978726
vt 0.622672 0.948020
vt 0.616407 0.935334
vt 0.623038 0.936135
vt 0.179019 0.947249
vt 0.181276 0.947371
vt 0.918720 0.591950
vt 0.909746 0.592223
vt 0.909746 0.578644
vt 0.918720 0.579213
vt 0.905088 0.592644
vt 0.905089 0.578730
vt 0.603528 0.939936
vt 0.603528 0.966132
vt 0.602952 0.965780
vt 0.701576 0.717947
vt 0.621514 0.951998
vt 0.248160 0.957914
vt 0.197375 0.819233
vt 0.198860 0.816910
vt 0.206875 0.820414
vt 0.206639 0.823818
vt 0.213332 0.821581
vt 0.210351 0.825642
vt 0.204152 0.826109
vt 0.196514 0.821817
vt 0.209057 0.830520
vt 0.204885 0.830525
vt 0.197375 0.841837
vt 0.196514 0.839257
vt 0.204152 0.834941
vt 0.206639 0.837229
vt 0.210351 0.835397
vt 0.206875 0.840634
vt 0.198860 0.844161
vt 0.213332 0.839455
vt 0.210761 0.842809
vt 0.214927 0.855922
vt 0.217053 0.845586
vt 0.219853 0.847542
vt 0.217674 0.856238
vt 0.222936 0.841658
vt 0.223966 0.845837
vt 0.236814 0.850882
vt 0.230039 0.842596
vt 0.233313 0.841629
vt 0.238789 0.848953
vt 0.230639 0.835470
vt 0.234555 0.837330
vt 0.212403 0.855029
vt 0.213733 0.846138
vt 0.217926 0.841476
vt 0.234562 0.852349
vt 0.228405 0.845572
vt 0.227371 0.839301
vt 0.246555 0.830512
vt 0.246305 0.833236
vt 0.237119 0.833670
vt 0.235818 0.830510
vt 0.231575 0.830510
vt 0.237119 0.827350
vt 0.246305 0.827792
vt 0.230639 0.825551
vt 0.234555 0.823693
vt 0.236814 0.810151
vt 0.238789 0.812082
vt 0.233313 0.819394
vt 0.230039 0.818429
vt 0.227371 0.821723
vt 0.228405 0.815456
vt 0.234562 0.808689
vt 0.222936 0.819370
vt 0.223966 0.815195
vt 0.214927 0.805131
vt 0.217674 0.804816
vt 0.219853 0.813495
vt 0.217053 0.815451
vt 0.217926 0.819557
vt 0.213733 0.814904
vt 0.212403 0.806030
vt 0.210761 0.818236
vt 0.659040 0.136163
vt 0.659734 0.147772
vt 0.654234 0.137671
vt 0.650303 0.140837
vt 0.648459 0.145533
vt 0.648459 0.150568
vt 0.650965 0.154916
vt 0.654896 0.158029
vt 0.659865 0.158755
vt 0.664766 0.157602
vt 0.668457 0.154158
vt 0.670638 0.149607
vt 0.670271 0.144588
vt 0.668090 0.140066
vt 0.663941 0.137251
vt 0.484913 0.162213
vt 0.484913 0.153029
vt 0.488755 0.152153
vt 0.488755 0.161337
vt 0.820870 0.530039
vt 0.820963 0.526367
vt 0.824873 0.526152
vt 0.824780 0.529825
vt 0.511822 0.153019
vt 0.511822 0.162266
vt 0.507977 0.161399
vt 0.507977 0.152153
vt 0.828783 0.526368
vt 0.828876 0.530034
vt 0.824967 0.529818
vt 0.824873 0.526152
vt 0.943795 0.303742
vt 0.943795 0.295962
vt 0.947482 0.294643
vt 0.947482 0.302423
vt 0.828783 0.534332
vt 0.824873 0.534116
vt 0.258848 0.910468
vt 0.258848 0.903556
vt 0.262549 0.904896
vt 0.262549 0.911808
vt 0.889259 -0.000000
vt 0.889259 0.004476
vt 0.885318 0.004476
vt 0.885317 0.000000
vt 0.477224 0.161311
vt 0.477224 0.152153
vt 0.481068 0.152999
vt 0.481068 0.162157
vt 0.719016 0.160658
vt 0.715822 0.160820
vt 0.715822 0.156883
vt 0.719016 0.156721
vt 0.728899 0.772719
vt 0.728899 0.764240
vt 0.732721 0.765200
vt 0.732721 0.773679
vt 0.854629 0.008823
vt 0.854667 0.004379
vt 0.858604 0.004388
vt 0.858565 0.008832
vt 0.717396 0.773866
vt 0.717396 0.765009
vt 0.721236 0.764240
vt 0.721236 0.773097
vt 0.889259 0.008674
vt 0.885317 0.008674
vt 0.728899 0.764240
vt 0.728899 0.772909
vt 0.725067 0.773833
vt 0.725067 0.765165
vt 0.602240 0.161628
vt 0.598406 0.161629
vt 0.598406 0.157687
vt 0.602240 0.157686
vt 0.878101 -0.000000
vt 0.878101 0.008034
vt 0.874287 0.009030
vt 0.874287 0.000996
vt 0.854629 0.000000
vt 0.858565 0.000009
vt 0.837924 0.533560
vt 0.837924 0.525287
vt 0.841749 0.526238
vt 0.841749 0.534510
vt 0.317769 0.464652
vt 0.317769 0.460590
vt 0.321710 0.460606
vt 0.321710 0.464668
vt 0.473379 0.162006
vt 0.473379 0.152995
vt 0.477224 0.152153
vt 0.477224 0.161164
vt 0.709168 0.160804
vt 0.705707 0.160658
vt 0.705707 0.156721
vt 0.709168 0.156868
vt 0.726871 0.379886
vt 0.726871 0.388750
vt 0.723032 0.387980
vt 0.723032 0.379116
vt 0.697652 0.804278
vt 0.697659 0.800273
vt 0.701600 0.800262
vt 0.701593 0.804267
vt 0.069082 0.958466
vt 0.069082 0.951062
vt 0.072820 0.949828
vt 0.072820 0.957232
vt 0.697652 0.795835
vt 0.701593 0.795824
vt 0.797875 0.944349
vt 0.797875 0.952116
vt 0.794189 0.950794
vt 0.794189 0.943027
vt 0.820963 0.534342
vt 0.824873 0.534127
vt 0.325144 0.808333
vt 0.330125 0.801426
vt 0.331096 0.802479
vt 0.326388 0.809007
vt 0.336981 0.796406
vt 0.337576 0.797734
vt 0.345041 0.793763
vt 0.345193 0.795236
vt 0.353515 0.793756
vt 0.353203 0.795230
vt 0.361575 0.796387
vt 0.360820 0.797716
vt 0.368431 0.801397
vt 0.367300 0.802451
vt 0.373412 0.808296
vt 0.372008 0.808972
vt 0.376031 0.816408
vt 0.374483 0.816639
vt 0.376031 0.824941
vt 0.374483 0.824703
vt 0.373412 0.833058
vt 0.372008 0.832375
vt 0.368431 0.839964
vt 0.367300 0.838902
vt 0.361575 0.844985
vt 0.360820 0.843647
vt 0.353515 0.847627
vt 0.353203 0.846145
vt 0.345041 0.847634
vt 0.345193 0.846151
vt 0.336981 0.845003
vt 0.337576 0.843665
vt 0.330125 0.839994
vt 0.331096 0.838930
vt 0.325144 0.833095
vt 0.326388 0.832410
vt 0.322525 0.824982
vt 0.323913 0.824742
vt 0.322525 0.816450
vt 0.323913 0.816678
vt 0.473043 0.940631
vt 0.472978 0.932730
vt 0.480763 0.933895
vt 0.480820 0.940794
vt 0.472788 0.925714
vt 0.480597 0.927768
vt 0.035004 0.926579
vt 0.035006 0.932079
vt 0.027048 0.934089
vt 0.027046 0.929287
vt 0.035007 0.939132
vt 0.027049 0.940248
vt 0.035007 0.947048
vt 0.027049 0.947161
vt 0.035006 0.955052
vt 0.027048 0.954151
vt 0.035004 0.962361
vt 0.027046 0.960534
vt 0.935353 0.675106
vt 0.934701 0.669411
vt 0.942907 0.667489
vt 0.943477 0.672461
vt 0.934282 0.662231
vt 0.942542 0.661218
vt 0.934138 0.654267
vt 0.942416 0.654264
vt 0.934282 0.646301
vt 0.942542 0.647307
vt 0.934701 0.639110
vt 0.942907 0.641028
vt 0.935353 0.633400
vt 0.943477 0.636041
vt 0.570311 0.952670
vt 0.570324 0.945772
vt 0.578248 0.944508
vt 0.578238 0.950532
vt 0.570311 0.937921
vt 0.578238 0.937652
vt 0.154988 0.956616
vt 0.155012 0.948579
vt 0.162937 0.949388
vt 0.162916 0.956406
vt 0.155012 0.941145
vt 0.162937 0.942895
vt 0.154988 0.935039
vt 0.162916 0.937564
vt 0.472788 0.955985
vt 0.472978 0.948644
vt 0.480763 0.947792
vt 0.480597 0.954203
vt 0.647100 0.815714
vt 0.639005 0.818352
vt 0.638819 0.816876
vt 0.646470 0.814383
vt 0.630493 0.818354
vt 0.630774 0.816877
vt 0.622398 0.815718
vt 0.623124 0.814386
vt 0.615512 0.810704
vt 0.616615 0.809647
vt 0.610509 0.803802
vt 0.611887 0.803124
vt 0.607879 0.795687
vt 0.609401 0.795455
vt 0.607879 0.787155
vt 0.609401 0.787390
vt 0.610509 0.779040
vt 0.611887 0.779720
vt 0.615512 0.772136
vt 0.616615 0.773195
vt 0.622398 0.767120
vt 0.623124 0.768454
vt 0.630493 0.764482
vt 0.630774 0.765961
vt 0.639005 0.764480
vt 0.638819 0.765960
vt 0.647100 0.767116
vt 0.646470 0.768450
vt 0.653986 0.772130
vt 0.652978 0.773190
vt 0.658989 0.779032
vt 0.657707 0.779713
vt 0.661619 0.787146
vt 0.660193 0.787382
vt 0.661619 0.795679
vt 0.660193 0.795447
vt 0.658989 0.803794
vt 0.657707 0.803117
vt 0.653986 0.810698
vt 0.652978 0.809642
vt 0.342614 0.910380
vt 0.342902 0.918340
vt 0.322777 0.917687
vt 0.322525 0.910736
vt 0.343451 0.925511
vt 0.323256 0.923950
vt 0.283560 0.923990
vt 0.283562 0.918092
vt 0.304162 0.916265
vt 0.304160 0.921415
vt 0.283563 0.910783
vt 0.304163 0.909882
vt 0.283563 0.902779
vt 0.304163 0.902892
vt 0.283562 0.894863
vt 0.304162 0.895979
vt 0.283560 0.887810
vt 0.304160 0.889820
vt 0.400734 0.894399
vt 0.400984 0.899845
vt 0.380259 0.901662
vt 0.380040 0.896907
vt 0.401116 0.906861
vt 0.380373 0.907789
vt 0.401116 0.914763
vt 0.380373 0.914689
vt 0.400984 0.922775
vt 0.380259 0.921686
vt 0.400734 0.930114
vt 0.380040 0.928095
vt 0.865574 0.911395
vt 0.865599 0.917500
vt 0.844967 0.919144
vt 0.844946 0.913812
vt 0.865599 0.924935
vt 0.844967 0.925636
vt 0.865574 0.932971
vt 0.844946 0.932654
vt 0.450756 0.941518
vt 0.442906 0.941593
vt 0.443901 0.920952
vt 0.450756 0.920887
vt 0.436008 0.941635
vt 0.437877 0.920990
vt 0.343451 0.889494
vt 0.342902 0.895215
vt 0.322777 0.897493
vt 0.323256 0.892497
vt 0.342614 0.902412
vt 0.322525 0.903778
vt 0.682869 0.010388
vt 0.685688 0.013314
vt 0.679700 0.021617
vt 0.676123 0.019742
vt 0.692155 0.003588
vt 0.693931 0.007278
vt 0.703071 0.000009
vt 0.703621 0.004100
vt 0.714549 -0.000000
vt 0.713810 0.004092
vt 0.725465 0.003563
vt 0.723500 0.007255
vt 0.734750 0.010348
vt 0.731743 0.013278
vt 0.741497 0.019692
vt 0.737731 0.021573
vt 0.745043 0.030680
vt 0.740880 0.031326
vt 0.745043 0.042236
vt 0.740880 0.041585
vt 0.741497 0.053229
vt 0.737731 0.051343
vt 0.734750 0.062583
vt 0.731743 0.059647
vt 0.725464 0.069383
vt 0.723500 0.065683
vt 0.714549 0.072962
vt 0.713810 0.068860
vt 0.703071 0.072971
vt 0.703621 0.068868
vt 0.692155 0.069408
vt 0.693931 0.065706
vt 0.682869 0.062623
vt 0.685688 0.059682
vt 0.676123 0.053279
vt 0.679700 0.051388
vt 0.672576 0.042291
vt 0.676551 0.041634
vt 0.672576 0.030735
vt 0.676551 0.031376
vt 0.193329 0.915388
vt 0.196424 0.915386
vt 0.196207 0.927358
vt 0.193122 0.926805
vt 0.195578 0.938164
vt 0.192522 0.937109
vt 0.194598 0.946745
vt 0.191587 0.945292
vt 0.962757 0.821751
vt 0.965655 0.820593
vt 0.965591 0.830958
vt 0.962696 0.831635
vt 0.965557 0.842756
vt 0.962664 0.842886
vt 0.965557 0.854832
vt 0.962664 0.854402
vt 0.965591 0.866004
vt 0.962696 0.865056
vt 0.965655 0.875179
vt 0.962757 0.873805
vt 0.973810 0.023919
vt 0.976640 0.022936
vt 0.976355 0.033967
vt 0.973538 0.034439
vt 0.976257 0.046009
vt 0.973445 0.045923
vt 0.976355 0.057882
vt 0.973539 0.057245
vt 0.976640 0.068424
vt 0.973810 0.067298
vt 0.492664 0.806759
vt 0.489755 0.808248
vt 0.489751 0.799984
vt 0.492661 0.798878
vt 0.489750 0.789385
vt 0.492659 0.788771
vt 0.489750 0.777490
vt 0.492659 0.777427
vt 0.489751 0.765461
vt 0.492661 0.765957
vt 0.489755 0.754478
vt 0.492664 0.755483
vt 0.191587 0.885527
vt 0.194598 0.884073
vt 0.195578 0.892630
vt 0.192522 0.893687
vt 0.196207 0.903420
vt 0.193122 0.903977
vt 0.689657 0.017217
vt 0.684676 0.024123
vt 0.696513 0.012196
vt 0.704572 0.009553
vt 0.713047 0.009547
vt 0.721107 0.012177
vt 0.727963 0.017187
vt 0.732944 0.024086
vt 0.735563 0.032199
vt 0.735563 0.040731
vt 0.732944 0.048848
vt 0.727963 0.055754
vt 0.721107 0.060775
vt 0.713047 0.063418
vt 0.704572 0.063424
vt 0.696513 0.060794
vt 0.689657 0.055784
vt 0.684676 0.048885
vt 0.682057 0.040772
vt 0.682057 0.032240
vt 0.908634 0.234818
vt 0.908634 0.222844
vt 0.929746 0.222465
vt 0.929746 0.234439
vt 0.908200 0.245633
vt 0.929312 0.245254
vt 0.764656 0.348175
vt 0.764656 0.336377
vt 0.785910 0.336332
vt 0.785910 0.348130
vt 0.133697 0.912144
vt 0.133734 0.900068
vt 0.154988 0.900148
vt 0.154952 0.912224
vt 0.133697 0.923316
vt 0.154952 0.923396
vt 0.133734 0.932491
vt 0.154988 0.932571
vt 0.756461 0.894549
vt 0.756559 0.882507
vt 0.777786 0.882556
vt 0.777688 0.894598
vt 0.756559 0.906422
vt 0.777786 0.906471
vt 0.514356 0.927489
vt 0.493101 0.927484
vt 0.493101 0.916885
vt 0.514356 0.916891
vt 0.514358 0.904995
vt 0.493103 0.904990
vt 0.809461 0.915588
vt 0.809463 0.927616
vt 0.788207 0.927621
vt 0.788205 0.915592
vt 0.809461 0.904604
vt 0.788205 0.904609
vt 0.788207 0.895745
vt 0.809463 0.895741
vt 0.908200 0.210883
vt 0.929312 0.210504
vt 0.353863 0.587212
vt 0.344128 0.590397
vt 0.342195 0.586685
vt 0.353162 0.583098
vt 0.335846 0.596438
vt 0.332866 0.593491
vt 0.329830 0.604744
vt 0.326088 0.602848
vt 0.326667 0.614503
vt 0.322525 0.613841
vt 0.326667 0.624758
vt 0.322525 0.625394
vt 0.329830 0.634507
vt 0.326088 0.636376
vt 0.335846 0.642794
vt 0.332866 0.645712
vt 0.344128 0.648810
vt 0.342195 0.652488
vt 0.353863 0.651963
vt 0.353162 0.656041
vt 0.364099 0.651947
vt 0.364693 0.656023
vt 0.373834 0.648763
vt 0.375660 0.652436
vt 0.382115 0.642722
vt 0.384989 0.645631
vt 0.388132 0.634416
vt 0.391767 0.636273
vt 0.391295 0.624657
vt 0.395330 0.625280
vt 0.391295 0.614401
vt 0.395330 0.613727
vt 0.388132 0.604653
vt 0.391767 0.602745
vt 0.382115 0.596365
vt 0.384989 0.593409
vt 0.373834 0.590350
vt 0.375660 0.586633
vt 0.364099 0.587196
vt 0.364693 0.583080
vt 0.970574 0.451597
vt 0.970367 0.463013
vt 0.967673 0.463566
vt 0.967890 0.451594
vt 0.969767 0.473317
vt 0.967044 0.474371
vt 0.324299 0.601966
vt 0.331407 0.592154
vt 0.137199 0.811688
vt 0.137152 0.821572
vt 0.134227 0.820895
vt 0.134277 0.810530
vt 0.137135 0.832823
vt 0.134210 0.832693
vt 0.137152 0.844339
vt 0.134227 0.844769
vt 0.137199 0.854993
vt 0.134277 0.855942
vt 0.262634 0.842358
vt 0.262211 0.850885
vt 0.259231 0.849888
vt 0.259674 0.840946
vt 0.261940 0.861405
vt 0.258946 0.860920
vt 0.261846 0.872888
vt 0.258848 0.872962
vt 0.261940 0.884211
vt 0.258946 0.884835
vt 0.262211 0.894264
vt 0.259231 0.895377
vt 0.262634 0.902063
vt 0.259674 0.903556
vt 0.963543 0.929906
vt 0.963540 0.919799
vt 0.966448 0.920413
vt 0.966451 0.931012
vt 0.963538 0.908455
vt 0.966446 0.908518
vt 0.963538 0.896985
vt 0.966446 0.896489
vt 0.963540 0.886511
vt 0.966448 0.885506
vt 0.963543 0.878058
vt 0.966451 0.876642
vt 0.969767 0.429896
vt 0.970367 0.440185
vt 0.967673 0.439627
vt 0.967044 0.428837
vt 0.354671 0.592639
vt 0.346573 0.595288
vt 0.339685 0.600312
vt 0.334681 0.607221
vt 0.332050 0.615338
vt 0.332050 0.623868
vt 0.334681 0.631976
vt 0.339685 0.638870
vt 0.346573 0.643873
vt 0.354671 0.646496
vt 0.363185 0.646483
vt 0.371282 0.643834
vt 0.378170 0.638809
vt 0.383174 0.631900
vt 0.385805 0.623784
vt 0.385805 0.615254
vt 0.383174 0.607145
vt 0.378170 0.600252
vt 0.371282 0.595249
vt 0.363185 0.592626
vt 0.907375 0.254231
vt 0.928488 0.253852
vt 0.764690 0.326012
vt 0.785945 0.325967
vt 0.756844 0.871475
vt 0.778071 0.871524
vt 0.778071 0.917013
vt 0.756844 0.916964
vt 0.514358 0.935753
vt 0.493103 0.935748
vt 0.907375 0.200107
vt 0.928488 0.199728
vt 0.322525 0.862916
vt 0.328094 0.853219
vt 0.342640 0.868666
vt 0.337739 0.847634
vt 0.348876 0.847657
vt 0.358521 0.853282
vt 0.364090 0.863002
vt 0.364090 0.874212
vt 0.358521 0.883909
vt 0.348876 0.889494
vt 0.337739 0.889471
vt 0.328094 0.883846
vt 0.322525 0.874126
vt 0.805198 0.169903
vt 0.806683 0.167580
vt 0.814698 0.171083
vt 0.814462 0.174488
vt 0.821155 0.172251
vt 0.818174 0.176312
vt 0.811975 0.176779
vt 0.804337 0.172486
vt 0.816880 0.181190
vt 0.812708 0.181195
vt 0.805198 0.192507
vt 0.804337 0.189927
vt 0.811975 0.185611
vt 0.814462 0.187899
vt 0.818174 0.186067
vt 0.814698 0.191304
vt 0.806683 0.194831
vt 0.821155 0.190125
vt 0.818584 0.193479
vt 0.822750 0.206592
vt 0.824876 0.196256
vt 0.827676 0.198211
vt 0.825497 0.206908
vt 0.830759 0.192328
vt 0.831789 0.196507
vt 0.844637 0.201552
vt 0.837862 0.193265
vt 0.841136 0.192299
vt 0.846613 0.199623
vt 0.838462 0.186140
vt 0.842378 0.188000
vt 0.820226 0.205699
vt 0.821556 0.196808
vt 0.825749 0.192145
vt 0.842385 0.203019
vt 0.836228 0.196242
vt 0.835194 0.189970
vt 0.854378 0.181182
vt 0.854128 0.183906
vt 0.844942 0.184340
vt 0.843641 0.181180
vt 0.839398 0.181180
vt 0.844942 0.178020
vt 0.854128 0.178462
vt 0.838462 0.176220
vt 0.842378 0.174362
vt 0.844638 0.160821
vt 0.846613 0.162751
vt 0.841136 0.170064
vt 0.837862 0.169099
vt 0.835194 0.172393
vt 0.836228 0.166126
vt 0.842385 0.159359
vt 0.830759 0.170040
vt 0.831789 0.165865
vt 0.822750 0.155801
vt 0.825497 0.155486
vt 0.827676 0.164164
vt 0.824876 0.166121
vt 0.825749 0.170226
vt 0.821556 0.165574
vt 0.820226 0.156700
vt 0.818584 0.168905
vt 0.798786 0.643607
vt 0.799481 0.655217
vt 0.793980 0.645115
vt 0.790050 0.648281
vt 0.788205 0.652977
vt 0.788205 0.658012
vt 0.790712 0.662360
vt 0.794642 0.665473
vt 0.799612 0.666199
vt 0.804513 0.665046
vt 0.808204 0.661603
vt 0.810385 0.657052
vt 0.810018 0.652032
vt 0.807836 0.647511
vt 0.803687 0.644695
vt 0.488755 0.162213
vt 0.488755 0.153029
vt 0.492598 0.152153
vt 0.492598 0.161337
vt 0.816867 0.530039
vt 0.816960 0.526367
vt 0.820870 0.526152
vt 0.820776 0.529825
vt 0.515667 0.153019
vt 0.515667 0.162266
vt 0.511822 0.161400
vt 0.511822 0.152153
vt 0.832786 0.526368
vt 0.832880 0.530034
vt 0.828970 0.529818
vt 0.828876 0.526152
vt 0.790502 0.952126
vt 0.790502 0.944346
vt 0.794189 0.943027
vt 0.794189 0.950807
vt 0.832786 0.534332
vt 0.828876 0.534116
vt 0.833641 0.951016
vt 0.833641 0.944104
vt 0.837342 0.945444
vt 0.837342 0.952356
vt 0.885317 -0.000000
vt 0.885317 0.004476
vt 0.881376 0.004476
vt 0.881375 0.000000
vt 0.481068 0.161311
vt 0.481068 0.152153
vt 0.484912 0.152999
vt 0.484912 0.162157
vt 0.715822 0.160658
vt 0.712629 0.160820
vt 0.712629 0.156883
vt 0.715822 0.156721
vt 0.732721 0.772719
vt 0.732721 0.764240
vt 0.736544 0.765200
vt 0.736544 0.773679
vt 0.858603 0.008823
vt 0.858642 0.004379
vt 0.862578 0.004388
vt 0.862540 0.008832
vt 0.713557 0.773866
vt 0.713557 0.765009
vt 0.717396 0.764240
vt 0.717396 0.773097
vt 0.885317 0.008674
vt 0.881375 0.008674
vt 0.725067 0.764240
vt 0.725067 0.772909
vt 0.721236 0.773833
vt 0.721236 0.765165
vt 0.688235 0.160663
vt 0.684400 0.160664
vt 0.684400 0.156722
vt 0.688235 0.156721
vt 0.874287 -0.000000
vt 0.874287 0.008034
vt 0.870474 0.009030
vt 0.870474 0.000996
vt 0.858603 0.000000
vt 0.862540 0.000009
vt 0.841749 0.533560
vt 0.841749 0.525287
vt 0.845574 0.526238
vt 0.845574 0.534510
vt 0.672576 0.160783
vt 0.672576 0.156721
vt 0.676517 0.156738
vt 0.676517 0.160800
vt 0.469534 0.162006
vt 0.469534 0.152995
vt 0.473379 0.152153
vt 0.473379 0.161164
vt 0.712629 0.160804
vt 0.709168 0.160658
vt 0.709168 0.156721
vt 0.712629 0.156868
vt 0.705868 0.765010
vt 0.705868 0.773874
vt 0.702028 0.773104
vt 0.702028 0.764240
vt 0.812918 0.534606
vt 0.812925 0.530601
vt 0.816867 0.530590
vt 0.816860 0.534595
vt 0.217805 0.957189
vt 0.217805 0.949785
vt 0.221542 0.948551
vt 0.221542 0.955955
vt 0.812918 0.526163
vt 0.816860 0.526152
vt 0.404801 0.948053
vt 0.404801 0.955820
vt 0.401116 0.954497
vt 0.401116 0.946730
vt 0.816960 0.534342
vt 0.820870 0.534127
vt 0.796861 0.603109
vt 0.801843 0.596202
vt 0.802814 0.597255
vt 0.798106 0.603783
vt 0.808699 0.591182
vt 0.809293 0.592510
vt 0.816758 0.588539
vt 0.816911 0.590012
vt 0.825233 0.588533
vt 0.824920 0.590006
vt 0.833292 0.591163
vt 0.832538 0.592492
vt 0.840148 0.596173
vt 0.839018 0.597227
vt 0.845130 0.603072
vt 0.843726 0.603748
vt 0.847748 0.611185
vt 0.846201 0.611415
vt 0.847748 0.619717
vt 0.846201 0.619480
vt 0.845130 0.627834
vt 0.843726 0.627151
vt 0.840148 0.634740
vt 0.839018 0.633679
vt 0.833292 0.639761
vt 0.832538 0.638424
vt 0.825233 0.642404
vt 0.824920 0.640922
vt 0.816758 0.642410
vt 0.816911 0.640928
vt 0.808699 0.639780
vt 0.809293 0.638442
vt 0.801843 0.634770
vt 0.802814 0.633707
vt 0.796861 0.627871
vt 0.798106 0.627186
vt 0.794243 0.619758
vt 0.795631 0.619518
vt 0.794243 0.611226
vt 0.795631 0.611454
vt 0.884207 0.940744
vt 0.884142 0.932843
vt 0.891927 0.934008
vt 0.891984 0.940908
vt 0.883952 0.925828
vt 0.891761 0.927882
vt 0.042964 0.926579
vt 0.042967 0.932079
vt 0.035009 0.934089
vt 0.035007 0.929287
vt 0.042968 0.939132
vt 0.035010 0.940248
vt 0.042968 0.947048
vt 0.035010 0.947161
vt 0.042967 0.955052
vt 0.035009 0.954151
vt 0.042964 0.962361
vt 0.035007 0.960534
vt 0.834856 0.944104
vt 0.834204 0.938410
vt 0.842411 0.936487
vt 0.842980 0.941460
vt 0.833785 0.931230
vt 0.842045 0.930217
vt 0.833641 0.923266
vt 0.841919 0.923263
vt 0.833785 0.915299
vt 0.842045 0.916306
vt 0.834204 0.908109
vt 0.842411 0.910027
vt 0.834856 0.902399
vt 0.842980 0.905040
vt 0.562375 0.952669
vt 0.562387 0.945772
vt 0.570311 0.944508
vt 0.570301 0.950532
vt 0.562375 0.937921
vt 0.570301 0.937652
vt 0.934467 0.949779
vt 0.934491 0.941742
vt 0.942415 0.942551
vt 0.942394 0.949569
vt 0.934491 0.934308
vt 0.942415 0.936059
vt 0.934467 0.928202
vt 0.942394 0.930727
vt 0.883952 0.956099
vt 0.884142 0.948758
vt 0.891927 0.947906
vt 0.891761 0.954317
vt 0.577817 0.823504
vt 0.569722 0.826142
vt 0.569536 0.824666
vt 0.577187 0.822172
vt 0.561210 0.826143
vt 0.561491 0.824667
vt 0.553115 0.823508
vt 0.553841 0.822176
vt 0.546229 0.818494
vt 0.547332 0.817437
vt 0.541226 0.811591
vt 0.542604 0.810913
vt 0.538596 0.803477
vt 0.540118 0.803244
vt 0.538596 0.794944
vt 0.540118 0.795180
vt 0.541226 0.786829
vt 0.542604 0.787510
vt 0.546229 0.779925
vt 0.547332 0.780985
vt 0.553115 0.774909
vt 0.553841 0.776244
vt 0.561210 0.772271
vt 0.561491 0.773750
vt 0.569722 0.772270
vt 0.569536 0.773749
vt 0.577817 0.774905
vt 0.577187 0.776240
vt 0.584703 0.779919
vt 0.583695 0.780979
vt 0.589706 0.786822
vt 0.588424 0.787503
vt 0.592336 0.794936
vt 0.590910 0.795172
vt 0.592336 0.803469
vt 0.590910 0.803236
vt 0.589706 0.811584
vt 0.588424 0.810906
vt 0.584703 0.818488
vt 0.583695 0.817431
vt 0.282723 0.908696
vt 0.283011 0.916655
vt 0.262885 0.916003
vt 0.262634 0.909052
vt 0.283560 0.923827
vt 0.263365 0.922265
vt 0.343451 0.925675
vt 0.343453 0.919777
vt 0.364053 0.917949
vt 0.364051 0.923100
vt 0.343454 0.912468
vt 0.364054 0.911566
vt 0.343454 0.904463
vt 0.364054 0.904577
vt 0.343453 0.896547
vt 0.364053 0.897664
vt 0.343451 0.889494
vt 0.364051 0.891505
vt 0.890953 0.890113
vt 0.891203 0.895558
vt 0.870477 0.897375
vt 0.870259 0.892620
vt 0.891334 0.902575
vt 0.870592 0.903503
vt 0.891334 0.910476
vt 0.870592 0.910403
vt 0.891203 0.918488
vt 0.870477 0.917400
vt 0.890953 0.925828
vt 0.870259 0.923809
vt 0.710900 0.914259
vt 0.710924 0.920364
vt 0.690293 0.922008
vt 0.690271 0.916676
vt 0.710924 0.927799
vt 0.690293 0.928500
vt 0.710900 0.935835
vt 0.690271 0.935518
vt 0.318947 0.942586
vt 0.311096 0.942661
vt 0.312091 0.922021
vt 0.318947 0.921956
vt 0.304199 0.942704
vt 0.306068 0.922058
vt 0.283560 0.887810
vt 0.283011 0.893531
vt 0.262885 0.895809
vt 0.263365 0.890813
vt 0.282723 0.900728
vt 0.262634 0.902094
vt 0.101409 0.661043
vt 0.104228 0.663968
vt 0.098240 0.672272
vt 0.094663 0.670397
vt 0.110695 0.654243
vt 0.112471 0.657932
vt 0.121611 0.650664
vt 0.122161 0.654755
vt 0.133088 0.650655
vt 0.132350 0.654747
vt 0.144004 0.654217
vt 0.142040 0.657910
vt 0.153290 0.661003
vt 0.150283 0.663933
vt 0.160037 0.670347
vt 0.156271 0.672227
vt 0.163583 0.681334
vt 0.159420 0.681981
vt 0.163583 0.692890
vt 0.159420 0.692239
vt 0.160037 0.703884
vt 0.156271 0.701998
vt 0.153290 0.713238
vt 0.150283 0.710302
vt 0.144004 0.720038
vt 0.142040 0.716338
vt 0.133089 0.723617
vt 0.132350 0.719515
vt 0.121611 0.723626
vt 0.122161 0.719523
vt 0.110695 0.720063
vt 0.112471 0.716360
vt 0.101409 0.713278
vt 0.104228 0.710337
vt 0.094663 0.703934
vt 0.098240 0.702043
vt 0.091116 0.692946
vt 0.095091 0.692289
vt 0.091116 0.681390
vt 0.095091 0.682031
vt 0.953643 0.054251
vt 0.956738 0.054249
vt 0.956521 0.066221
vt 0.953436 0.065668
vt 0.955892 0.077027
vt 0.952836 0.075972
vt 0.954912 0.085608
vt 0.951901 0.084155
vt 0.629261 0.914284
vt 0.632158 0.913126
vt 0.632094 0.923491
vt 0.629200 0.924168
vt 0.632061 0.935289
vt 0.629168 0.935418
vt 0.632061 0.947365
vt 0.629168 0.946934
vt 0.632094 0.958537
vt 0.629200 0.957588
vt 0.632158 0.967712
vt 0.629261 0.966338
vt 0.966019 0.821577
vt 0.968849 0.820593
vt 0.968565 0.831625
vt 0.965748 0.832097
vt 0.968467 0.843667
vt 0.965655 0.843580
vt 0.968565 0.855540
vt 0.965748 0.854902
vt 0.968849 0.866082
vt 0.966019 0.864955
vt 0.969958 0.526652
vt 0.967048 0.528141
vt 0.967045 0.519877
vt 0.969955 0.518771
vt 0.967044 0.509279
vt 0.969953 0.508664
vt 0.967044 0.497383
vt 0.969953 0.497320
vt 0.967045 0.485355
vt 0.969955 0.485850
vt 0.967048 0.474371
vt 0.969958 0.475376
vt 0.951901 0.024390
vt 0.954912 0.022936
vt 0.955892 0.031493
vt 0.952836 0.032550
vt 0.956521 0.042283
vt 0.953436 0.042840
vt 0.108197 0.667871
vt 0.103216 0.674778
vt 0.115053 0.662851
vt 0.123112 0.660208
vt 0.131587 0.660201
vt 0.139647 0.662832
vt 0.146503 0.667842
vt 0.151484 0.674741
vt 0.154102 0.682854
vt 0.154102 0.691386
vt 0.151484 0.699503
vt 0.146503 0.706409
vt 0.139647 0.711430
vt 0.131587 0.714072
vt 0.123112 0.714079
vt 0.115053 0.711449
vt 0.108197 0.706439
vt 0.103216 0.699540
vt 0.100597 0.691427
vt 0.100597 0.682895
vt 0.713351 0.905928
vt 0.713351 0.893955
vt 0.734464 0.893576
vt 0.734464 0.905550
vt 0.712918 0.916743
vt 0.734030 0.916364
vt 0.902983 0.024419
vt 0.902983 0.012621
vt 0.924238 0.012577
vt 0.924238 0.024375
vt 0.196514 0.911579
vt 0.196550 0.899503
vt 0.217805 0.899583
vt 0.217768 0.911659
vt 0.196514 0.922751
vt 0.217768 0.922831
vt 0.196550 0.931926
vt 0.217805 0.932006
vt 0.000000 0.904115
vt 0.000098 0.892073
vt 0.021325 0.892122
vt 0.021227 0.904164
vt 0.000098 0.915988
vt 0.021325 0.916037
vt 0.158592 0.849519
vt 0.137337 0.849514
vt 0.137337 0.838916
vt 0.158592 0.838921
vt 0.158594 0.827025
vt 0.137339 0.827020
vt 0.683908 0.918858
vt 0.683910 0.930886
vt 0.662654 0.930890
vt 0.662652 0.918862
vt 0.683908 0.907874
vt 0.662652 0.907879
vt 0.662654 0.899015
vt 0.712918 0.881994
vt 0.734030 0.881615
vt 0.569933 0.621205
vt 0.560198 0.624389
vt 0.558266 0.620678
vt 0.569233 0.617091
vt 0.551917 0.630430
vt 0.548937 0.627483
vt 0.545900 0.638737
vt 0.542159 0.636841
vt 0.542737 0.648495
vt 0.538596 0.647834
vt 0.542737 0.658751
vt 0.538596 0.659387
vt 0.545900 0.668500
vt 0.542159 0.670369
vt 0.551917 0.676787
vt 0.548937 0.679705
vt 0.560198 0.682802
vt 0.558266 0.686481
vt 0.569933 0.685956
vt 0.569233 0.690034
vt 0.580170 0.685940
vt 0.580764 0.690016
vt 0.589905 0.682756
vt 0.591731 0.686429
vt 0.598186 0.676715
vt 0.601060 0.679623
vt 0.604203 0.668408
vt 0.607838 0.670266
vt 0.607366 0.658650
vt 0.611401 0.659273
vt 0.607366 0.648394
vt 0.611401 0.647720
vt 0.604203 0.638645
vt 0.607838 0.636738
vt 0.598186 0.630358
vt 0.601060 0.627402
vt 0.589905 0.624343
vt 0.591731 0.620626
vt 0.580170 0.621189
vt 0.580764 0.617073
vt 0.969596 0.565129
vt 0.969389 0.576545
vt 0.966695 0.577097
vt 0.966911 0.565126
vt 0.968789 0.586849
vt 0.966065 0.587903
vt 0.540370 0.635959
vt 0.547477 0.626146
vt 0.400848 0.931273
vt 0.400801 0.941157
vt 0.397877 0.940479
vt 0.397926 0.930114
vt 0.400785 0.952407
vt 0.397860 0.952277
vt 0.400801 0.963923
vt 0.397877 0.964354
vt 0.400848 0.974577
vt 0.397926 0.975526
vt 0.965345 0.024348
vt 0.964922 0.032875
vt 0.961942 0.031877
vt 0.962385 0.022935
vt 0.964651 0.043395
vt 0.961658 0.042909
vt 0.964558 0.054878
vt 0.961560 0.054951
vt 0.964651 0.066200
vt 0.961658 0.066824
vt 0.964922 0.076253
vt 0.961942 0.077366
vt 0.965345 0.084053
vt 0.962385 0.085546
vt 0.965269 0.730295
vt 0.965266 0.720188
vt 0.968174 0.720802
vt 0.968177 0.731401
vt 0.965264 0.708844
vt 0.968173 0.708907
vt 0.965264 0.697374
vt 0.968173 0.696878
vt 0.965266 0.686900
vt 0.968174 0.685895
vt 0.965269 0.678447
vt 0.968177 0.677031
vt 0.968789 0.543428
vt 0.969389 0.553717
vt 0.966695 0.553159
vt 0.966065 0.542369
vt 0.570741 0.626632
vt 0.562644 0.629280
vt 0.555756 0.634305
vt 0.550752 0.641214
vt 0.548121 0.649330
vt 0.548121 0.657861
vt 0.550752 0.665969
vt 0.555756 0.672862
vt 0.562644 0.677865
vt 0.570741 0.680489
vt 0.579255 0.680475
vt 0.587353 0.677827
vt 0.594241 0.672802
vt 0.599245 0.665893
vt 0.601876 0.657776
vt 0.601876 0.649246
vt 0.599245 0.641138
vt 0.594241 0.634245
vt 0.587353 0.629242
vt 0.579255 0.626618
vt 0.712093 0.925341
vt 0.733206 0.924962
vt 0.903018 0.002256
vt 0.924272 0.002212
vt 0.000383 0.881041
vt 0.021609 0.881090
vt 0.021609 0.926579
vt 0.000383 0.926530
vt 0.158594 0.857784
vt 0.137339 0.857778
vt 0.712093 0.871217
vt 0.733206 0.870838
vt 0.262634 0.861231
vt 0.268202 0.851535
vt 0.282749 0.866982
vt 0.277847 0.845949
vt 0.288985 0.845972
vt 0.298630 0.851597
vt 0.304199 0.861317
vt 0.304199 0.872528
vt 0.298630 0.882225
vt 0.288985 0.887810
vt 0.277847 0.887787
vt 0.268202 0.882162
vt 0.262634 0.872442
vt 0.411813 0.852073
vt 0.409073 0.852385
vt 0.406783 0.843741
vt 0.409585 0.841785
vt 0.403650 0.837880
vt 0.408684 0.837689
vt 0.412931 0.842327
vt 0.414368 0.851166
vt 0.413299 0.835661
vt 0.415916 0.838993
vt 0.429446 0.837959
vt 0.427973 0.840277
vt 0.419820 0.836812
vt 0.420047 0.833412
vt 0.416293 0.831598
vt 0.422556 0.831115
vt 0.430330 0.835369
vt 0.417593 0.826720
vt 0.421820 0.826701
vt 0.429446 0.815359
vt 0.420047 0.820003
vt 0.419820 0.816595
vt 0.427973 0.813031
vt 0.413299 0.817790
vt 0.415916 0.814424
vt 0.411813 0.801291
vt 0.409585 0.811656
vt 0.406783 0.809700
vt 0.409073 0.800972
vt 0.403650 0.815596
vt 0.402651 0.811407
vt 0.430330 0.817932
vt 0.422556 0.822285
vt 0.416293 0.821845
vt 0.414368 0.802176
vt 0.412931 0.811098
vt 0.408684 0.815774
vt 0.389826 0.806349
vt 0.392108 0.804874
vt 0.398192 0.811676
vt 0.396540 0.814657
vt 0.399195 0.817957
vt 0.393261 0.815622
vt 0.387861 0.808273
vt 0.395913 0.821789
vt 0.392013 0.819922
vt 0.380040 0.826723
vt 0.380311 0.823994
vt 0.389438 0.823583
vt 0.390734 0.826745
vt 0.394972 0.826749
vt 0.389438 0.829902
vt 0.380311 0.829437
vt 0.395913 0.831707
vt 0.392013 0.833557
vt 0.389826 0.847073
vt 0.387861 0.845138
vt 0.393261 0.837853
vt 0.396540 0.838819
vt 0.399195 0.835531
vt 0.398192 0.841787
vt 0.392108 0.848526
vt 0.402651 0.842044
vt 0.623655 0.154842
vt 0.614848 0.147535
vt 0.625843 0.150305
vt 0.626212 0.145277
vt 0.624024 0.140729
vt 0.620322 0.137297
vt 0.615406 0.136163
vt 0.610421 0.136910
vt 0.606479 0.140044
vt 0.603965 0.144409
vt 0.603965 0.149451
vt 0.605815 0.154145
vt 0.609757 0.157299
vt 0.614578 0.158789
vt 0.619494 0.157679
vt 0.507976 0.152153
vt 0.507976 0.161398
vt 0.504132 0.162265
vt 0.504132 0.153020
vt 0.836857 0.530503
vt 0.836815 0.534275
vt 0.832880 0.534362
vt 0.832921 0.530590
vt 0.492598 0.161370
vt 0.492598 0.152153
vt 0.496442 0.153022
vt 0.496442 0.162239
vt 0.767410 0.064913
vt 0.767453 0.068455
vt 0.763518 0.068346
vt 0.763475 0.064804
vt 0.896285 -0.000000
vt 0.896285 0.007885
vt 0.892517 0.009025
vt 0.892517 0.001141
vt 0.767410 0.072695
vt 0.763475 0.072585
vt 0.076458 0.957111
vt 0.076458 0.949828
vt 0.080094 0.951280
vt 0.080094 0.958563
vt 0.929842 0.821747
vt 0.929843 0.817289
vt 0.933784 0.817289
vt 0.933784 0.821747
vt 0.520204 0.160962
vt 0.520204 0.151889
vt 0.524038 0.152683
vt 0.524038 0.161756
vt 0.702381 0.157064
vt 0.705707 0.156721
vt 0.705707 0.160637
vt 0.702381 0.160980
vt 0.929271 0.813330
vt 0.929271 0.821178
vt 0.925458 0.820179
vt 0.925458 0.812332
vt 0.820460 0.449927
vt 0.820376 0.454344
vt 0.816460 0.454344
vt 0.816544 0.449927
vt 0.709712 0.764240
vt 0.709712 0.773015
vt 0.705868 0.773860
vt 0.705868 0.765085
vt 0.929842 0.813210
vt 0.933784 0.813210
vt 0.740369 0.773619
vt 0.740369 0.765190
vt 0.744195 0.764240
vt 0.744195 0.772669
vt 0.680459 0.160709
vt 0.680459 0.156722
vt 0.684400 0.156721
vt 0.684400 0.160708
vt 0.744195 0.773529
vt 0.744195 0.765203
vt 0.748017 0.764240
vt 0.748017 0.772567
vt 0.820460 0.458759
vt 0.816544 0.458759
vt 0.723032 0.380039
vt 0.723032 0.388828
vt 0.719200 0.387905
vt 0.719200 0.379116
vt 0.691977 0.156743
vt 0.691977 0.160685
vt 0.688235 0.160663
vt 0.618245 0.544111
vt 0.618245 0.553180
vt 0.614411 0.553973
vt 0.614411 0.544905
vt 0.450789 0.148688
vt 0.454124 0.149030
vt 0.454124 0.152945
vt 0.450789 0.152603
vt 0.602251 0.148690
vt 0.602251 0.157686
vt 0.598406 0.156844
vt 0.598406 0.147849
vt 0.866519 0.000005
vt 0.866526 0.004260
vt 0.862585 0.004255
vt 0.862578 -0.000000
vt 0.225180 0.948551
vt 0.225180 0.955848
vt 0.221542 0.957297
vt 0.221542 0.949999
vt 0.866519 0.008737
vt 0.862578 0.008732
vt 0.412282 0.947956
vt 0.412282 0.955401
vt 0.408542 0.954176
vt 0.408542 0.946730
vt 0.836815 0.526152
vt 0.832880 0.526239
vt 0.773682 0.826987
vt 0.765586 0.829624
vt 0.765401 0.828148
vt 0.773052 0.825656
vt 0.757075 0.829624
vt 0.757356 0.828148
vt 0.748980 0.826987
vt 0.749706 0.825656
vt 0.742095 0.821972
vt 0.743198 0.820916
vt 0.737093 0.815069
vt 0.738471 0.814391
vt 0.734464 0.806954
vt 0.735986 0.806722
vt 0.734465 0.798422
vt 0.735987 0.798657
vt 0.737097 0.790307
vt 0.738474 0.790988
vt 0.742101 0.783404
vt 0.743204 0.784463
vt 0.748988 0.778389
vt 0.749713 0.779723
vt 0.757083 0.775752
vt 0.757364 0.777231
vt 0.765595 0.775752
vt 0.765409 0.777231
vt 0.773689 0.778389
vt 0.773059 0.779723
vt 0.780574 0.783404
vt 0.779567 0.784463
vt 0.785576 0.790307
vt 0.784294 0.790988
vt 0.788205 0.798422
vt 0.786779 0.798657
vt 0.788204 0.806954
vt 0.786778 0.806722
vt 0.785573 0.815069
vt 0.784291 0.814391
vt 0.780568 0.821972
vt 0.779561 0.820916
vt 0.953747 0.697917
vt 0.954036 0.705877
vt 0.946470 0.704998
vt 0.946218 0.698048
vt 0.954584 0.713048
vt 0.946949 0.711261
vt 0.283560 0.960171
vt 0.283562 0.954273
vt 0.291517 0.952446
vt 0.291515 0.957597
vt 0.283563 0.946964
vt 0.291518 0.946063
vt 0.283563 0.938960
vt 0.291518 0.939073
vt 0.283562 0.931043
vt 0.291517 0.932161
vt 0.283560 0.923990
vt 0.291515 0.926001
vt 0.428685 0.852385
vt 0.428935 0.857830
vt 0.420836 0.859780
vt 0.420618 0.855025
vt 0.429067 0.864846
vt 0.420951 0.865908
vt 0.429067 0.872748
vt 0.420951 0.872808
vt 0.428935 0.880760
vt 0.420836 0.879805
vt 0.428685 0.888100
vt 0.420618 0.886214
vt 0.372074 0.931480
vt 0.372099 0.937586
vt 0.364111 0.939277
vt 0.364090 0.933945
vt 0.372099 0.945020
vt 0.364111 0.945769
vt 0.372074 0.953056
vt 0.364090 0.952787
vt 0.049592 0.791773
vt 0.049604 0.799624
vt 0.041616 0.798418
vt 0.041606 0.791562
vt 0.049592 0.806521
vt 0.041606 0.804442
vt 0.954584 0.677031
vt 0.954036 0.682752
vt 0.946470 0.684805
vt 0.946949 0.679809
vt 0.953747 0.689949
vt 0.946218 0.691090
vt 0.265252 0.806648
vt 0.270233 0.799742
vt 0.271204 0.800794
vt 0.266497 0.807322
vt 0.277089 0.794721
vt 0.277684 0.796049
vt 0.285149 0.792078
vt 0.285302 0.793552
vt 0.293624 0.792072
vt 0.293311 0.793545
vt 0.301683 0.794702
vt 0.300929 0.796032
vt 0.308539 0.799712
vt 0.307409 0.800767
vt 0.313520 0.806611
vt 0.312116 0.807287
vt 0.316139 0.814724
vt 0.314591 0.814955
vt 0.316139 0.823256
vt 0.314592 0.823019
vt 0.313520 0.831373
vt 0.312116 0.830690
vt 0.308539 0.838280
vt 0.307409 0.837218
vt 0.301683 0.843300
vt 0.300929 0.841963
vt 0.293624 0.845943
vt 0.293311 0.844461
vt 0.285149 0.845949
vt 0.285302 0.844467
vt 0.277089 0.843319
vt 0.277684 0.841981
vt 0.270233 0.838309
vt 0.271204 0.837246
vt 0.265252 0.831410
vt 0.266497 0.830725
vt 0.262634 0.823297
vt 0.264022 0.823058
vt 0.262634 0.814765
vt 0.264022 0.814994
vt 0.538850 0.926424
vt 0.538785 0.918523
vt 0.559198 0.919717
vt 0.559255 0.926617
vt 0.559032 0.913591
vt 0.191583 0.884072
vt 0.191585 0.889572
vt 0.170983 0.891583
vt 0.170981 0.886780
vt 0.191587 0.896625
vt 0.170984 0.897742
vt 0.191587 0.904541
vt 0.170985 0.904655
vt 0.191587 0.912545
vt 0.170984 0.911645
vt 0.191585 0.919854
vt 0.170983 0.918028
vt 0.191583 0.925753
vt 0.170981 0.923178
vt 0.436845 0.920887
vt 0.436297 0.913716
vt 0.457096 0.912328
vt 0.457575 0.918591
vt 0.436008 0.905756
vt 0.456844 0.905378
vt 0.436008 0.897788
vt 0.456844 0.898419
vt 0.436297 0.890591
vt 0.457096 0.892135
vt 0.436845 0.884870
vt 0.457575 0.887138
vt 0.771208 0.937811
vt 0.764311 0.937693
vt 0.763317 0.917107
vt 0.769339 0.917210
vt 0.756461 0.937585
vt 0.756461 0.917013
vt 0.562375 0.937652
vt 0.562399 0.929616
vt 0.582968 0.930472
vt 0.582947 0.937490
vt 0.562399 0.922181
vt 0.582968 0.923980
vt 0.562375 0.916076
vt 0.582947 0.918648
vt 0.538596 0.941778
vt 0.538785 0.934437
vt 0.559198 0.933614
vt 0.559032 0.940025
vt 0.569233 0.617073
vt 0.569933 0.612995
vt 0.580170 0.612979
vt 0.580764 0.617055
vt 0.558266 0.613520
vt 0.560198 0.609841
vt 0.548937 0.606744
vt 0.551917 0.603826
vt 0.542159 0.597408
vt 0.545900 0.595538
vt 0.538596 0.586426
vt 0.542737 0.585790
vt 0.538596 0.574873
vt 0.542737 0.575534
vt 0.542159 0.563879
vt 0.545900 0.565775
vt 0.548937 0.554522
vt 0.551917 0.557469
vt 0.558266 0.547717
vt 0.560198 0.551428
vt 0.569233 0.544129
vt 0.569933 0.548244
vt 0.580764 0.544111
vt 0.580170 0.548228
vt 0.591731 0.547664
vt 0.589905 0.551382
vt 0.601060 0.554440
vt 0.598186 0.557397
vt 0.607838 0.563776
vt 0.604203 0.565684
vt 0.611401 0.574759
vt 0.607366 0.575433
vt 0.611401 0.586312
vt 0.607366 0.585688
vt 0.607838 0.597305
vt 0.604203 0.595447
vt 0.601060 0.606662
vt 0.598186 0.603753
vt 0.591731 0.613467
vt 0.589905 0.609794
vt 0.962517 0.424922
vt 0.959519 0.424995
vt 0.959617 0.412953
vt 0.962611 0.413439
vt 0.959902 0.401922
vt 0.962882 0.402919
vt 0.960345 0.392980
vt 0.963305 0.394392
vt 0.971837 0.865056
vt 0.968915 0.866005
vt 0.968866 0.854832
vt 0.971790 0.854402
vt 0.968849 0.842756
vt 0.971774 0.842886
vt 0.968866 0.830958
vt 0.971790 0.831635
vt 0.968915 0.820593
vt 0.971837 0.821751
vt 0.540370 0.562997
vt 0.547477 0.553185
vt 0.971219 0.297807
vt 0.968495 0.298861
vt 0.969124 0.288055
vt 0.971819 0.287503
vt 0.969341 0.276083
vt 0.972026 0.276086
vt 0.969124 0.264117
vt 0.971819 0.264675
vt 0.968495 0.253327
vt 0.971219 0.254385
vt 0.970537 0.024352
vt 0.973445 0.022936
vt 0.973442 0.031799
vt 0.970534 0.032804
vt 0.973440 0.042783
vt 0.970532 0.043278
vt 0.973440 0.054811
vt 0.970532 0.054748
vt 0.973442 0.066707
vt 0.970534 0.066092
vt 0.973445 0.077305
vt 0.970537 0.076199
vt 0.963305 0.454097
vt 0.960345 0.455590
vt 0.959902 0.447410
vt 0.962882 0.446297
vt 0.959617 0.436868
vt 0.962611 0.436244
vt 0.570741 0.607527
vt 0.579255 0.607514
vt 0.562644 0.604904
vt 0.555756 0.599901
vt 0.550752 0.593008
vt 0.548121 0.584899
vt 0.548121 0.576369
vt 0.550752 0.568252
vt 0.555756 0.561344
vt 0.562644 0.556319
vt 0.570741 0.553670
vt 0.579255 0.553657
vt 0.587353 0.556280
vt 0.594241 0.561283
vt 0.599245 0.568176
vt 0.601876 0.576285
vt 0.601876 0.584815
vt 0.599245 0.592932
vt 0.594240 0.599841
vt 0.587353 0.604865
vt 0.921300 0.887723
vt 0.921202 0.899765
vt 0.899975 0.899716
vt 0.900073 0.887674
vt 0.921585 0.876691
vt 0.900358 0.876642
vt 0.112407 0.900148
vt 0.112370 0.912224
vt 0.091116 0.912144
vt 0.091152 0.900068
vt 0.629133 0.923491
vt 0.629133 0.935289
vt 0.607879 0.935334
vt 0.607879 0.923536
vt 0.629168 0.913126
vt 0.607913 0.913171
vt 0.918598 0.638182
vt 0.917774 0.646779
vt 0.896661 0.647158
vt 0.897486 0.638561
vt 0.919032 0.615393
vt 0.919032 0.627367
vt 0.897919 0.627746
vt 0.897919 0.615772
vt 0.918598 0.603432
vt 0.897486 0.603811
vt 0.047857 0.910126
vt 0.069113 0.910121
vt 0.069113 0.921105
vt 0.047857 0.921109
vt 0.047859 0.933138
vt 0.069115 0.933133
vt 0.921279 0.310274
vt 0.921281 0.298379
vt 0.942536 0.298384
vt 0.942534 0.310280
vt 0.921279 0.320873
vt 0.942534 0.320878
vt 0.942536 0.329142
vt 0.921281 0.329137
vt 0.921300 0.911638
vt 0.900073 0.911589
vt 0.261669 0.695558
vt 0.264818 0.685799
vt 0.268981 0.686450
vt 0.265435 0.697444
vt 0.264818 0.675541
vt 0.268981 0.674894
vt 0.261669 0.665787
vt 0.265435 0.663907
vt 0.255681 0.657493
vt 0.258688 0.654563
vt 0.247438 0.651470
vt 0.249402 0.647777
vt 0.237748 0.648307
vt 0.238486 0.644215
vt 0.227559 0.648315
vt 0.227009 0.644223
vt 0.217869 0.651492
vt 0.216093 0.647803
vt 0.209626 0.657528
vt 0.206807 0.654603
vt 0.203638 0.665832
vt 0.200061 0.663957
vt 0.200489 0.675591
vt 0.196514 0.674950
vt 0.200489 0.685849
vt 0.196514 0.686506
vt 0.203638 0.695603
vt 0.200061 0.697494
vt 0.209626 0.703897
vt 0.206807 0.706838
vt 0.217869 0.709920
vt 0.216093 0.713623
vt 0.227559 0.713083
vt 0.227009 0.717186
vt 0.237748 0.713075
vt 0.238487 0.717177
vt 0.247438 0.709898
vt 0.249402 0.713597
vt 0.255681 0.703862
vt 0.258688 0.706798
vt 0.968359 0.610890
vt 0.968452 0.599407
vt 0.971269 0.598935
vt 0.971171 0.610977
vt 0.968723 0.588887
vt 0.971553 0.587903
vt 0.559348 0.964719
vt 0.559287 0.955970
vt 0.562181 0.956919
vt 0.562245 0.966094
vt 0.559255 0.945316
vt 0.562148 0.945746
vt 0.559255 0.933800
vt 0.562148 0.933670
vt 0.559287 0.922549
vt 0.562181 0.921872
vt 0.559348 0.912665
vt 0.562245 0.911507
vt 0.949284 0.937862
vt 0.950219 0.929679
vt 0.953275 0.930733
vt 0.952295 0.939314
vt 0.950819 0.919375
vt 0.953904 0.919928
vt 0.951026 0.907958
vt 0.954121 0.907956
vt 0.950819 0.896546
vt 0.953904 0.895989
vt 0.950219 0.886257
vt 0.953275 0.885199
vt 0.949284 0.878097
vt 0.952295 0.876642
vt 0.973446 0.078310
vt 0.973443 0.088784
vt 0.970534 0.088289
vt 0.970537 0.077305
vt 0.973442 0.100255
vt 0.970532 0.100317
vt 0.973442 0.111598
vt 0.970532 0.112213
vt 0.973443 0.121705
vt 0.970534 0.122812
vt 0.973446 0.129586
vt 0.970537 0.131076
vt 0.968723 0.632265
vt 0.968452 0.622212
vt 0.971269 0.622850
vt 0.971553 0.633392
vt 0.256882 0.693062
vt 0.259500 0.684946
vt 0.259500 0.676413
vt 0.256882 0.668301
vt 0.251901 0.661402
vt 0.245045 0.656392
vt 0.236985 0.653761
vt 0.228510 0.653768
vt 0.220451 0.656411
vt 0.213595 0.661431
vt 0.208614 0.668338
vt 0.205995 0.676455
vt 0.205995 0.684987
vt 0.208614 0.693100
vt 0.213595 0.699999
vt 0.220451 0.705008
vt 0.228510 0.707639
vt 0.236985 0.707632
vt 0.245045 0.704990
vt 0.251901 0.699969
vt 0.112370 0.923396
vt 0.112407 0.932571
vt 0.091152 0.932491
vt 0.091116 0.923316
vt 0.896661 0.593034
vt 0.917774 0.592655
vt 0.047859 0.901262
vt 0.069115 0.901258
vt 0.921585 0.922180
vt 0.900358 0.922131
vt 0.760931 0.871462
vt 0.749744 0.871475
vt 0.755731 0.850646
vt 0.740057 0.865881
vt 0.734464 0.856179
vt 0.734464 0.844968
vt 0.740057 0.835253
vt 0.749744 0.829637
vt 0.760931 0.829624
vt 0.770618 0.835218
vt 0.776211 0.844920
vt 0.776211 0.856131
vt 0.770618 0.865846
vt 0.836110 0.155174
vt 0.833369 0.155486
vt 0.831079 0.146842
vt 0.833882 0.144887
vt 0.827947 0.140982
vt 0.832980 0.140790
vt 0.837227 0.145428
vt 0.838665 0.154268
vt 0.837595 0.138762
vt 0.840213 0.142094
vt 0.853742 0.141061
vt 0.852270 0.143378
vt 0.844117 0.139913
vt 0.844344 0.136513
vt 0.840590 0.134700
vt 0.846853 0.134216
vt 0.854627 0.138471
vt 0.841889 0.129821
vt 0.846117 0.129802
vt 0.853742 0.118461
vt 0.844344 0.123104
vt 0.844117 0.119696
vt 0.852270 0.116132
vt 0.837595 0.120892
vt 0.840213 0.117525
vt 0.836110 0.104393
vt 0.833882 0.114757
vt 0.831080 0.112801
vt 0.833369 0.104073
vt 0.827947 0.118697
vt 0.826948 0.114509
vt 0.854627 0.121033
vt 0.846853 0.125386
vt 0.840590 0.124947
vt 0.838665 0.105277
vt 0.837227 0.114199
vt 0.832980 0.118875
vt 0.814122 0.109450
vt 0.816404 0.107975
vt 0.822488 0.114777
vt 0.820837 0.117758
vt 0.823492 0.121058
vt 0.817558 0.118724
vt 0.812158 0.111375
vt 0.820209 0.124891
vt 0.816310 0.123024
vt 0.804337 0.129825
vt 0.804607 0.127095
vt 0.813735 0.126685
vt 0.815031 0.129847
vt 0.819269 0.129851
vt 0.813735 0.133004
vt 0.804607 0.132538
vt 0.820209 0.134808
vt 0.816310 0.136658
vt 0.814122 0.150174
vt 0.812158 0.148240
vt 0.817558 0.140955
vt 0.820837 0.141920
vt 0.823492 0.138632
vt 0.822488 0.144888
vt 0.816404 0.151628
vt 0.826948 0.145145
vt 0.645903 0.154842
vt 0.637095 0.147535
vt 0.648090 0.150305
vt 0.648459 0.145277
vt 0.646271 0.140729
vt 0.642569 0.137297
vt 0.637653 0.136163
vt 0.632668 0.136910
vt 0.628726 0.140044
vt 0.626212 0.144409
vt 0.626212 0.149451
vt 0.628062 0.154145
vt 0.632004 0.157299
vt 0.636825 0.158789
vt 0.641741 0.157679
vt 0.504132 0.152153
vt 0.504132 0.161398
vt 0.500287 0.162265
vt 0.500287 0.153020
vt 0.941703 0.817561
vt 0.941661 0.821332
vt 0.937726 0.821419
vt 0.937767 0.817648
vt 0.496442 0.161370
vt 0.496442 0.152153
vt 0.500287 0.153022
vt 0.500287 0.162239
vt 0.771388 0.064913
vt 0.771431 0.068455
vt 0.767496 0.068346
vt 0.767453 0.064804
vt 0.520147 0.904990
vt 0.520147 0.912874
vt 0.516380 0.914015
vt 0.516380 0.906130
vt 0.771388 0.072695
vt 0.767453 0.072585
vt 0.144121 0.957114
vt 0.144121 0.949831
vt 0.147757 0.951283
vt 0.147757 0.958566
vt 0.933784 0.821747
vt 0.933784 0.817289
vt 0.937726 0.817289
vt 0.937726 0.821747
vt 0.465699 0.161226
vt 0.465699 0.152153
vt 0.469534 0.152947
vt 0.469534 0.162020
vt 0.699055 0.157064
vt 0.702381 0.156721
vt 0.702381 0.160637
vt 0.699055 0.160980
vt 0.933559 0.246383
vt 0.933559 0.254230
vt 0.929746 0.253232
vt 0.929746 0.245385
vt 0.824460 0.449927
vt 0.824376 0.454344
vt 0.820460 0.454344
vt 0.820544 0.449927
vt 0.713557 0.764240
vt 0.713557 0.773015
vt 0.709712 0.773860
vt 0.709712 0.765085
vt 0.933784 0.813210
vt 0.937726 0.813210
vt 0.736544 0.773619
vt 0.736544 0.765190
vt 0.740369 0.764240
vt 0.740369 0.772669
vt 0.676517 0.160709
vt 0.676517 0.156722
vt 0.680459 0.156721
vt 0.680459 0.160708
vt 0.812638 0.459216
vt 0.812638 0.450889
vt 0.816460 0.449927
vt 0.816460 0.458253
vt 0.824460 0.458759
vt 0.820544 0.458759
vt 0.719200 0.380039
vt 0.719200 0.388828
vt 0.715368 0.387905
vt 0.715368 0.379116
vt 0.691977 0.156721
vt 0.695720 0.156743
vt 0.695720 0.160685
vt 0.691977 0.160663
vt 0.538477 0.676281
vt 0.538477 0.685349
vt 0.534642 0.686143
vt 0.534642 0.677074
vt 0.695720 0.156721
vt 0.699055 0.157063
vt 0.699055 0.160979
vt 0.695720 0.160637
vt 0.527884 0.152731
vt 0.527884 0.161727
vt 0.524038 0.160885
vt 0.524038 0.151889
vt 0.870467 0.000005
vt 0.870474 0.004260
vt 0.866533 0.004255
vt 0.866526 -0.000000
vt 0.076458 0.949828
vt 0.076458 0.957126
vt 0.072820 0.958574
vt 0.072820 0.951276
vt 0.870467 0.008737
vt 0.866526 0.008732
vt 0.408542 0.947956
vt 0.408542 0.955401
vt 0.404801 0.954176
vt 0.404801 0.946730
vt 0.941661 0.813210
vt 0.937726 0.813297
vt 0.475226 0.805713
vt 0.467131 0.808350
vt 0.466945 0.806873
vt 0.474597 0.804381
vt 0.458619 0.808350
vt 0.458901 0.806873
vt 0.450524 0.805713
vt 0.451250 0.804381
vt 0.443639 0.800698
vt 0.444743 0.799641
vt 0.438637 0.793795
vt 0.440015 0.793117
vt 0.436008 0.785680
vt 0.437531 0.785447
vt 0.436010 0.777147
vt 0.437532 0.777383
vt 0.438641 0.769033
vt 0.440019 0.769713
vt 0.443645 0.762130
vt 0.444748 0.763189
vt 0.450532 0.757114
vt 0.451257 0.758449
vt 0.458627 0.754478
vt 0.458909 0.755957
vt 0.467139 0.754478
vt 0.466953 0.755957
vt 0.475234 0.757114
vt 0.474604 0.758449
vt 0.482119 0.762130
vt 0.481111 0.763189
vt 0.487121 0.769033
vt 0.485839 0.769713
vt 0.489750 0.777147
vt 0.488323 0.777383
vt 0.489748 0.785680
vt 0.488322 0.785447
vt 0.487117 0.793795
vt 0.485835 0.793117
vt 0.482113 0.800698
vt 0.481106 0.799641
vt 0.458286 0.941773
vt 0.458574 0.949733
vt 0.451008 0.948855
vt 0.450756 0.941904
vt 0.459123 0.956904
vt 0.451487 0.955117
vt 0.291518 0.960171
vt 0.291520 0.954273
vt 0.299475 0.952446
vt 0.299473 0.957597
vt 0.291521 0.946964
vt 0.299476 0.946063
vt 0.291521 0.938960
vt 0.299476 0.939073
vt 0.291520 0.931044
vt 0.299475 0.932161
vt 0.291518 0.923991
vt 0.299473 0.926001
vt 0.656742 0.916832
vt 0.656992 0.922277
vt 0.648893 0.924228
vt 0.648675 0.919473
vt 0.657124 0.929294
vt 0.649008 0.930355
vt 0.657124 0.937195
vt 0.649008 0.937255
vt 0.656992 0.945207
vt 0.648893 0.944252
vt 0.656742 0.952547
vt 0.648675 0.950661
vt 0.322217 0.439013
vt 0.322242 0.445119
vt 0.314254 0.446810
vt 0.314233 0.441478
vt 0.322242 0.452553
vt 0.314254 0.453302
vt 0.322217 0.460589
vt 0.314233 0.460320
vt 0.533157 0.937862
vt 0.533169 0.945713
vt 0.525181 0.944507
vt 0.525171 0.937651
vt 0.533157 0.952610
vt 0.525171 0.950531
vt 0.459123 0.920887
vt 0.458574 0.926608
vt 0.451008 0.928661
vt 0.451487 0.923665
vt 0.458286 0.933805
vt 0.450756 0.934946
vt 0.796861 0.549232
vt 0.801843 0.542325
vt 0.802814 0.543378
vt 0.798106 0.549905
vt 0.808699 0.537305
vt 0.809293 0.538633
vt 0.816758 0.534662
vt 0.816911 0.536135
vt 0.825233 0.534655
vt 0.824920 0.536129
vt 0.833292 0.537286
vt 0.832538 0.538615
vt 0.840148 0.542296
vt 0.839018 0.543350
vt 0.845129 0.549194
vt 0.843726 0.549870
vt 0.847748 0.557307
vt 0.846201 0.557538
vt 0.847748 0.565839
vt 0.846201 0.565602
vt 0.845130 0.573956
vt 0.843726 0.573273
vt 0.840148 0.580863
vt 0.839018 0.579801
vt 0.833292 0.585883
vt 0.832538 0.584546
vt 0.825233 0.588526
vt 0.824920 0.587044
vt 0.816758 0.588533
vt 0.816911 0.587050
vt 0.808699 0.585902
vt 0.809293 0.584564
vt 0.801843 0.580892
vt 0.802814 0.579829
vt 0.796861 0.573993
vt 0.798106 0.573309
vt 0.794243 0.565881
vt 0.795631 0.565641
vt 0.794243 0.557348
vt 0.795631 0.557577
vt 0.583352 0.924581
vt 0.583287 0.916680
vt 0.603700 0.917874
vt 0.603757 0.924774
vt 0.583098 0.909665
vt 0.603535 0.911748
vt 0.481337 0.884034
vt 0.481340 0.889534
vt 0.460737 0.891545
vt 0.460735 0.886742
vt 0.481341 0.896587
vt 0.460739 0.897704
vt 0.481342 0.904503
vt 0.460739 0.904617
vt 0.481341 0.912507
vt 0.460739 0.911606
vt 0.481340 0.919816
vt 0.460737 0.917989
vt 0.481337 0.925714
vt 0.460735 0.923140
vt 0.824956 0.036017
vt 0.824407 0.028846
vt 0.845207 0.027458
vt 0.845686 0.033721
vt 0.824119 0.020886
vt 0.844955 0.020508
vt 0.824119 0.012918
vt 0.844955 0.013549
vt 0.824407 0.005721
vt 0.845207 0.007264
vt 0.824956 -0.000000
vt 0.845686 0.002268
vt 0.785955 0.937811
vt 0.779058 0.937693
vt 0.778063 0.917107
vt 0.784086 0.917210
vt 0.771208 0.937585
vt 0.771208 0.917013
vt 0.516462 0.937651
vt 0.516486 0.929615
vt 0.537055 0.930471
vt 0.537034 0.937489
vt 0.516486 0.922181
vt 0.537055 0.923979
vt 0.516462 0.916075
vt 0.537034 0.918647
vt 0.583098 0.939936
vt 0.583287 0.932594
vt 0.603700 0.931772
vt 0.603534 0.938183
vt 0.227151 0.644215
vt 0.227852 0.640137
vt 0.238088 0.640121
vt 0.238682 0.644197
vt 0.216184 0.640662
vt 0.218117 0.636983
vt 0.206855 0.633886
vt 0.209835 0.630968
vt 0.200077 0.624550
vt 0.203819 0.622680
vt 0.196514 0.613568
vt 0.200656 0.612931
vt 0.196514 0.602014
vt 0.200656 0.602676
vt 0.200077 0.591021
vt 0.203819 0.592917
vt 0.206855 0.581664
vt 0.209835 0.584611
vt 0.216184 0.574859
vt 0.218117 0.578570
vt 0.227151 0.571271
vt 0.227852 0.575386
vt 0.238682 0.571253
vt 0.238088 0.575369
vt 0.249649 0.574806
vt 0.247823 0.578523
vt 0.258978 0.581582
vt 0.256104 0.584538
vt 0.265756 0.590918
vt 0.262121 0.592826
vt 0.269319 0.601900
vt 0.265284 0.602575
vt 0.269319 0.613453
vt 0.265284 0.612830
vt 0.265756 0.624447
vt 0.262121 0.622589
vt 0.258978 0.633804
vt 0.256104 0.630895
vt 0.249649 0.640609
vt 0.247823 0.636936
vt 0.963666 0.574311
vt 0.960668 0.574384
vt 0.960766 0.562343
vt 0.963760 0.562828
vt 0.961051 0.551311
vt 0.964031 0.552308
vt 0.961494 0.542369
vt 0.964454 0.543781
vt 0.974541 0.632366
vt 0.971620 0.633314
vt 0.971570 0.622142
vt 0.974494 0.621712
vt 0.971553 0.610066
vt 0.974478 0.610196
vt 0.971570 0.598268
vt 0.974494 0.598945
vt 0.971620 0.587903
vt 0.974541 0.589061
vt 0.198288 0.590139
vt 0.205396 0.580327
vt 0.971783 0.178706
vt 0.969060 0.179760
vt 0.969689 0.168955
vt 0.972383 0.168402
vt 0.969906 0.156983
vt 0.972590 0.156986
vt 0.969689 0.145016
vt 0.972383 0.145574
vt 0.969060 0.134226
vt 0.971783 0.135285
vt 0.968500 0.300277
vt 0.971408 0.298861
vt 0.971405 0.307724
vt 0.968497 0.308729
vt 0.971403 0.318708
vt 0.968495 0.319203
vt 0.971403 0.330736
vt 0.968495 0.330674
vt 0.971405 0.342632
vt 0.968497 0.342017
vt 0.971408 0.353231
vt 0.968500 0.352124
vt 0.964454 0.603486
vt 0.961494 0.604979
vt 0.961051 0.596800
vt 0.964031 0.595686
vt 0.960766 0.586257
vt 0.963760 0.585633
vt 0.228660 0.634669
vt 0.237174 0.634656
vt 0.220562 0.632046
vt 0.213674 0.627043
vt 0.208670 0.620150
vt 0.206039 0.612041
vt 0.206039 0.603511
vt 0.208670 0.595394
vt 0.213674 0.588485
vt 0.220562 0.583461
vt 0.228660 0.580812
vt 0.237174 0.580799
vt 0.245271 0.583422
vt 0.252159 0.588425
vt 0.257163 0.595318
vt 0.259794 0.603427
vt 0.259794 0.611957
vt 0.257163 0.620074
vt 0.252159 0.626982
vt 0.245271 0.632007
vt 0.042934 0.892122
vt 0.042836 0.904164
vt 0.021609 0.904115
vt 0.021708 0.892073
vt 0.043219 0.881091
vt 0.021992 0.881042
vt 0.133697 0.900147
vt 0.133661 0.912224
vt 0.112407 0.912144
vt 0.112443 0.900067
vt 0.831639 0.653972
vt 0.831639 0.665770
vt 0.810385 0.665815
vt 0.810385 0.654017
vt 0.831674 0.643607
vt 0.810419 0.643652
vt 0.921912 0.867666
vt 0.921088 0.876263
vt 0.899975 0.876642
vt 0.900800 0.868045
vt 0.922346 0.844877
vt 0.922346 0.856851
vt 0.901234 0.857230
vt 0.901234 0.845256
vt 0.921912 0.832916
vt 0.900800 0.833295
vt 0.069115 0.910126
vt 0.090370 0.910121
vt 0.090370 0.921105
vt 0.069115 0.921109
vt 0.069116 0.933138
vt 0.090372 0.933133
vt 0.233368 0.923810
vt 0.233369 0.911915
vt 0.254625 0.911920
vt 0.254623 0.923815
vt 0.233368 0.934409
vt 0.254623 0.934414
vt 0.254625 0.942678
vt 0.233369 0.942673
vt 0.042934 0.916037
vt 0.021708 0.915988
vt 0.387681 0.707385
vt 0.390829 0.697626
vt 0.394992 0.698277
vt 0.391446 0.709270
vt 0.390829 0.687368
vt 0.394992 0.686721
vt 0.387681 0.677614
vt 0.391446 0.675733
vt 0.381692 0.669320
vt 0.384699 0.666389
vt 0.373449 0.663296
vt 0.375414 0.659604
vt 0.363759 0.660134
vt 0.364498 0.656041
vt 0.353570 0.660142
vt 0.353020 0.656050
vt 0.343880 0.663319
vt 0.342104 0.659630
vt 0.335638 0.669355
vt 0.332818 0.666429
vt 0.329649 0.677659
vt 0.326072 0.675784
vt 0.326500 0.687417
vt 0.322525 0.686777
vt 0.326500 0.697676
vt 0.322525 0.698333
vt 0.329649 0.707429
vt 0.326072 0.709321
vt 0.335638 0.715724
vt 0.332818 0.718664
vt 0.343880 0.721747
vt 0.342104 0.725450
vt 0.353570 0.724910
vt 0.353020 0.729012
vt 0.363759 0.724902
vt 0.364498 0.729004
vt 0.373449 0.721724
vt 0.375414 0.725424
vt 0.381692 0.715688
vt 0.384699 0.718625
vt 0.972590 0.157213
vt 0.972684 0.145730
vt 0.975500 0.145258
vt 0.975402 0.157300
vt 0.972955 0.135210
vt 0.975785 0.134226
vt 0.319204 0.965846
vt 0.319143 0.957097
vt 0.322037 0.958046
vt 0.322101 0.967220
vt 0.319111 0.946443
vt 0.322004 0.946873
vt 0.319111 0.934927
vt 0.322004 0.934797
vt 0.319143 0.923676
vt 0.322037 0.922999
vt 0.319204 0.913792
vt 0.322101 0.912634
vt 0.951168 0.470860
vt 0.952103 0.462678
vt 0.955159 0.463732
vt 0.954179 0.472313
vt 0.952703 0.452373
vt 0.955788 0.452927
vt 0.952910 0.440957
vt 0.956005 0.440955
vt 0.952703 0.429545
vt 0.955788 0.428988
vt 0.952103 0.419256
vt 0.955159 0.418198
vt 0.951168 0.411096
vt 0.954179 0.409641
vt 0.968179 0.732406
vt 0.968176 0.742880
vt 0.965266 0.742384
vt 0.965269 0.731401
vt 0.968174 0.754350
vt 0.965264 0.754413
vt 0.968174 0.765694
vt 0.965265 0.766309
vt 0.968176 0.775801
vt 0.965266 0.776907
vt 0.968179 0.783682
vt 0.965269 0.785171
vt 0.972955 0.178588
vt 0.972684 0.168535
vt 0.975500 0.169173
vt 0.975785 0.179715
vt 0.382893 0.704889
vt 0.385511 0.696773
vt 0.385512 0.688240
vt 0.382893 0.680128
vt 0.377912 0.673229
vt 0.371056 0.668219
vt 0.362996 0.665588
vt 0.354522 0.665595
vt 0.346462 0.668238
vt 0.339606 0.673258
vt 0.334625 0.680165
vt 0.332006 0.688281
vt 0.332006 0.696814
vt 0.334625 0.704926
vt 0.339606 0.711825
vt 0.346462 0.716835
vt 0.354522 0.719466
vt 0.362996 0.719459
vt 0.371056 0.716816
vt 0.377912 0.711796
vt 0.133661 0.923396
vt 0.133697 0.932571
vt 0.112443 0.932491
vt 0.112407 0.923316
vt 0.899975 0.822518
vt 0.921088 0.822139
vt 0.069116 0.901262
vt 0.090372 0.901258
vt 0.043219 0.926579
vt 0.021992 0.926530
vt 0.026467 0.881029
vt 0.015281 0.881042
vt 0.021267 0.860213
vt 0.005593 0.875447
vt -0.000000 0.865745
vt -0.000000 0.854535
vt 0.005593 0.844820
vt 0.015281 0.839203
vt 0.026467 0.839191
vt 0.036154 0.844785
vt 0.041747 0.854487
vt 0.041747 0.865698
vt 0.036154 0.875412
s 1
usemtl color
f 1/1/1 2/2/2 3/3/3
f 3/3/3 4/4/4 1/1/1
f 1/1/1 4/4/4 5/5/5
f 5/5/5 6/6/6 1/1/1
f 7/7/7 8/8/8 9/9/9
f 9/9/9 10/10/10 7/7/7
f 11/11/11 12/12/12 13/13/13
f 13/13/13 14/14/14 11/11/11
f 15/15/15 16/16/16 17/17/17
f 17/17/17 18/18/18 15/15/15
f 15/15/15 18/18/18 19/19/19
f 19/19/19 20/20/20 15/15/15
f 21/21/21 22/22/22 23/23/23
f 23/23/23 24/24/24 21/21/21
f 21/21/21 25/25/25 26/26/26
f 26/26/26 22/22/22 21/21/21
f 27/27/27 28/28/28 29/29/29
f 29/29/29 30/30/30 27/27/27
f 31/31/31 32/32/32 27/27/27
f 27/27/27 30/30/30 31/31/31
f 33/33/33 28/28/28 27/27/27
f 27/27/27 34/34/34 33/33/33
f 35/35/35 36/36/36 37/37/37
f 37/37/37 38/38/38 35/35/35
f 39/39/39 40/40/40 41/41/41
f 41/41/41 42/42/42 39/39/39
f 43/43/43 44/44/44 45/45/45
f 45/45/45 46/46/46 43/43/43
f 47/47/47 48/48/48 49/49/49
f 49/49/49 50/50/50 47/47/47
f 47/47/47 50/50/50 51/51/51
f 51/51/51 52/52/52 47/47/47
f 53/53/53 54/54/54 21/21/21
f 21/21/21 24/24/24 53/53/53
f 53/53/53 55/55/55 56/56/56
f 56/56/56 54/54/54 53/53/53
f 57/57/57 54/54/54 56/56/56
f 56/56/56 58/58/58 57/57/57
f 57/57/57 25/25/25 21/21/21
f 21/21/21 54/54/54 57/57/57
f 59/59/59 60/60/60 61/61/61
f 61/61/61 62/62/62 59/59/59
f 61/61/61 60/60/60 63/63/63
f 63/63/63 64/64/64 61/61/61
f 65/65/65 66/66/66 67/67/67
f 68/68/68 69/69/69 70/70/70
f 71/71/71 72/72/72 67/67/67
f 67/73/67 72/74/72 73/75/73
f 73/75/73 65/76/65 67/73/67
f 68/68/68 74/77/74 10/10/10
f 75/78/75 76/79/76 77/80/77
f 77/80/77 78/81/78 75/78/75
f 79/82/79 80/83/80 78/81/78
f 78/81/78 81/84/81 79/82/79
f 79/82/79 82/85/82 83/86/83
f 83/86/83 80/83/80 79/82/79
f 23/23/23 22/22/22 84/87/84
f 84/87/84 85/88/85 23/23/23
f 84/87/84 86/89/86 87/90/87
f 87/90/87 85/88/85 84/87/84
f 88/91/88 89/92/89 90/93/90
f 90/93/90 91/94/91 88/91/88
f 92/95/92 93/96/93 94/97/94
f 94/97/94 95/98/95 92/95/92
f 94/97/94 93/96/93 56/56/56
f 56/56/56 55/55/55 94/97/94
f 96/99/96 97/100/97 91/94/91
f 91/94/91 90/93/90 96/99/96
f 88/101/88 98/102/98 99/103/99
f 100/104/100 89/92/89 88/91/88
f 88/91/88 99/105/99 100/104/100
f 101/106/101 102/107/102 103/108/103
f 103/108/103 104/109/104 101/106/101
f 105/110/105 106/111/106 107/112/107
f 107/112/107 108/113/108 105/110/105
f 108/113/108 107/112/107 34/34/34
f 34/34/34 109/114/109 108/113/108
f 104/109/104 103/108/103 110/115/110
f 110/115/110 111/116/111 104/109/104
f 112/117/112 113/118/113 101/119/101
f 101/119/101 104/120/104 112/117/112
f 112/117/112 104/120/104 111/121/111
f 111/121/111 114/122/114 112/117/112
f 101/123/101 113/124/113 115/125/115
f 115/125/115 102/126/102 101/123/101
f 116/127/116 117/128/117 105/129/105
f 4/4/4 118/130/118 119/131/119
f 119/131/119 5/5/5 4/4/4
f 4/4/4 3/3/3 120/132/120
f 120/132/120 121/133/121 4/4/4
f 122/134/122 121/133/121 120/132/120
f 120/132/120 123/135/123 122/134/122
f 72/74/72 124/136/124 125/137/125
f 125/137/125 73/75/73 72/74/72
f 72/72/72 71/71/71 126/138/126
f 126/138/126 124/139/124 72/72/72
f 127/140/127 128/141/128 129/142/129
f 129/142/129 130/143/130 127/140/127
f 128/141/128 131/144/131 132/145/132
f 132/145/132 129/142/129 128/141/128
f 133/146/133 134/147/134 135/148/135
f 135/148/135 136/149/136 133/146/133
f 137/150/137 138/151/138 136/152/136
f 136/152/136 135/153/135 137/150/137
f 22/22/22 26/26/26 139/154/139
f 139/154/139 84/87/84 22/22/22
f 84/87/84 139/154/139 140/155/140
f 140/155/140 86/89/86 84/87/84
f 76/79/76 141/156/141 142/157/142
f 142/157/142 77/80/77 76/79/76
f 77/158/77 142/159/142 143/160/143
f 143/160/143 144/161/144 77/158/77
f 93/96/93 92/95/92 145/162/145
f 145/162/145 146/163/146 93/96/93
f 93/96/93 146/163/146 58/58/58
f 58/58/58 56/56/56 93/96/93
f 147/164/147 148/165/148 83/86/83
f 83/86/83 82/85/82 147/164/147
f 98/102/98 149/166/149 150/167/150
f 150/167/150 99/103/99 98/102/98
f 150/168/150 151/169/151 100/104/100
f 100/104/100 99/105/99 150/168/150
f 36/36/36 152/170/152 106/171/106
f 106/171/106 153/172/153 36/36/36
f 36/36/36 35/35/35 154/173/154
f 154/173/154 152/170/152 36/36/36
f 155/174/155 107/112/107 106/111/106
f 106/111/106 152/175/152 155/174/155
f 155/174/155 152/175/152 154/176/154
f 154/176/154 156/177/156 155/174/155
f 155/174/155 156/177/156 33/33/33
f 33/33/33 34/34/34 155/174/155
f 155/174/155 34/34/34 107/112/107
f 157/178/157 158/179/158 159/180/159
f 159/180/159 160/181/160 157/178/157
f 161/182/161 157/183/157 160/184/160
f 160/184/160 162/185/162 161/182/161
f 161/182/161 162/185/162 163/186/163
f 163/186/163 164/187/164 161/182/161
f 161/182/161 114/122/114 111/121/111
f 111/121/111 157/183/157 161/182/161
f 158/179/158 157/178/157 111/116/111
f 111/116/111 110/115/110 158/179/158
f 34/34/34 27/27/27 32/32/32
f 32/32/32 109/114/109 34/34/34
f 148/165/148 147/164/147 165/188/165
f 165/188/165 166/189/166 148/165/148
f 165/188/165 97/100/97 96/99/96
f 96/99/96 166/189/166 165/188/165
f 167/190/167 168/191/168 169/192/169
f 169/192/169 170/193/170 167/190/167
f 171/194/171 172/195/172 173/196/173
f 150/167/150 174/197/174 175/198/175
f 175/198/175 176/199/176 150/167/150
f 177/200/177 175/198/175 174/197/174
f 176/201/176 178/202/178 151/169/151
f 151/169/151 150/168/150 176/201/176
f 160/181/160 159/180/159 178/202/178
f 178/202/178 176/201/176 160/181/160
f 31/31/31 30/30/30 179/203/179
f 179/203/179 180/204/180 31/31/31
f 181/205/181 182/206/182 183/207/183
f 183/207/183 184/208/183 181/205/181
f 30/30/30 29/29/29 185/209/184
f 185/209/184 179/203/179 30/30/30
f 186/210/185 187/211/185 182/206/182
f 182/206/182 181/205/181 186/210/185
f 188/212/186 189/213/187 190/214/188
f 190/214/188 191/215/189 188/212/186
f 192/216/190 193/217/191 194/218/192
f 194/218/192 195/219/193 192/216/190
f 192/216/190 196/220/194 197/221/195
f 197/221/195 193/217/191 192/216/190
f 198/222/196 199/223/197 131/144/131
f 131/144/131 200/224/198 198/222/196
f 198/222/196 200/224/198 201/225/199
f 201/225/199 202/226/200 198/222/196
f 198/222/196 202/226/200 203/227/201
f 203/227/201 204/228/202 198/222/196
f 198/222/196 204/228/202 194/218/192
f 194/218/192 199/223/197 198/222/196
f 205/229/203 128/141/128 127/140/127
f 127/140/127 206/230/204 205/229/203
f 205/229/203 206/230/204 207/231/205
f 207/231/205 208/232/206 205/229/203
f 205/229/203 208/232/206 201/225/199
f 201/225/199 200/224/198 205/229/203
f 131/144/131 128/141/128 205/229/203
f 205/229/203 200/224/198 131/144/131
f 209/233/207 210/234/208 211/235/209
f 211/235/209 212/236/210 209/233/207
f 209/233/207 212/236/210 213/237/211
f 213/237/211 214/238/212 209/233/207
f 209/233/207 214/238/212 207/231/205
f 207/231/205 206/230/204 209/233/207
f 209/233/207 206/230/204 127/140/127
f 127/140/127 210/234/208 209/233/207
f 215/239/213 195/219/193 194/218/192
f 194/218/192 204/228/202 215/239/213
f 215/239/213 204/228/202 203/227/201
f 203/227/201 216/240/214 215/239/213
f 217/241/215 46/46/46 218/242/216
f 218/242/216 219/243/217 217/241/215
f 217/241/215 219/243/217 220/244/218
f 220/244/218 221/245/219 217/241/215
f 222/246/220 223/247/221 224/248/222
f 225/249/223 223/247/221 226/250/224
f 226/250/224 227/251/225 225/249/223
f 228/252/226 229/253/227 225/249/223
f 225/249/223 227/251/225 228/252/226
f 229/253/227 230/254/228 231/255/229
f 231/255/229 225/249/223 229/253/227
f 232/256/230 230/254/228 229/253/227
f 229/253/227 233/257/231 232/256/230
f 228/252/226 234/258/232 233/257/231
f 233/257/231 229/253/227 228/252/226
f 233/257/231 234/258/232 220/244/218
f 220/244/218 219/243/217 233/257/231
f 218/242/216 235/259/233 219/243/217
f 188/212/186 236/260/234 237/261/235
f 237/261/235 189/213/187 188/212/186
f 238/262/236 239/263/237 213/237/211
f 213/237/211 212/236/210 238/262/236
f 238/262/236 212/236/210 211/235/209
f 211/235/209 240/264/238 238/262/236
f 241/265/239 242/266/240 190/214/188
f 190/214/188 189/213/187 241/265/239
f 241/265/239 189/213/187 237/261/235
f 237/261/235 243/267/241 241/265/239
f 241/265/239 243/267/241 226/250/224
f 226/250/224 223/247/221 241/265/239
f 241/265/239 223/247/221 222/246/220
f 222/246/220 242/266/240 241/265/239
f 244/268/242 245/269/243 246/270/244
f 246/270/244 48/48/48 244/268/242
f 247/271/245 244/268/242 48/48/48
f 48/48/48 246/270/244 248/272/246
f 248/272/246 49/49/49 48/48/48
f 193/217/191 197/221/195 249/273/247
f 249/273/247 250/274/248 193/217/191
f 131/144/131 199/223/197 250/274/248
f 193/217/191 199/223/197 194/218/192
f 251/275/249 240/264/238 252/276/250
f 252/276/250 253/277/251 251/275/249
f 254/278/252 255/279/253 256/280/253
f 256/280/253 257/281/254 254/278/252
f 258/282/255 259/283/256 260/284/257
f 260/284/257 261/285/258 258/282/255
f 262/286/259 263/287/260 264/288/261
f 264/288/261 265/289/262 262/286/259
s 0
f 266/290/263 267/291/263 268/292/263
s 1
f 230/254/228 163/186/163 269/293/264
f 269/293/264 231/255/229 230/254/228
f 270/294/265 271/295/266 269/293/264
f 269/293/264 177/200/177 270/294/265
f 210/234/208 130/143/130 272/296/267
f 272/296/267 211/235/209 210/234/208
f 210/234/208 127/140/127 130/143/130
f 133/146/133 136/149/136 124/139/124
f 124/139/124 126/138/126 133/146/133
f 124/136/124 136/152/136 138/151/138
f 138/151/138 125/137/125 124/136/124
f 8/8/8 11/11/11 14/14/14
f 14/14/14 9/9/9 8/8/8
f 15/15/15 1/1/1 6/6/6
f 6/6/6 16/16/16 15/15/15
f 15/15/15 20/20/20 2/2/2
f 2/2/2 1/1/1 15/15/15
f 134/147/134 172/195/172 169/297/169
f 169/297/169 135/148/135 134/147/134
f 168/191/168 137/150/137 135/153/135
f 135/153/135 169/192/169 168/191/168
f 273/298/268 13/13/13 12/12/12
f 12/12/12 274/299/269 273/298/268
f 18/18/18 17/17/17 275/300/270
f 275/300/270 276/301/271 18/18/18
f 18/18/18 276/301/271 277/302/272
f 277/302/272 19/19/19 18/18/18
f 238/262/236 240/264/238 251/275/249
f 239/263/237 238/262/236 251/275/249
f 252/276/250 240/264/238 211/235/209
f 211/235/209 272/296/267 252/276/250
f 278/303/273 217/241/215 221/245/219
f 46/46/46 217/241/215 278/303/273
f 278/303/273 43/43/43 46/46/46
f 131/144/131 279/304/274 132/145/132
f 279/304/274 280/305/275 173/196/173
f 173/196/173 132/145/132 279/304/274
f 281/306/276 282/307/276 283/308/277
f 283/308/277 284/309/278 281/306/276
f 284/309/278 283/308/277 285/310/279
f 285/310/279 286/311/280 284/309/278
f 287/312/281 288/313/282 289/314/283
f 287/312/281 290/315/284 291/316/285
f 291/316/285 288/313/282 287/312/281
f 172/195/172 171/194/171 292/317/286
f 175/198/175 162/185/162 160/184/160
f 160/184/160 176/199/176 175/198/175
f 175/198/175 177/200/177 163/186/163
f 163/186/163 162/185/162 175/198/175
f 293/318/287 294/319/288 261/285/258
f 261/285/258 260/284/257 293/318/287
f 153/172/153 295/320/289 37/37/37
f 37/37/37 36/36/36 153/172/153
f 46/46/46 45/45/45 296/321/290
f 296/321/290 218/242/216 46/46/46
f 297/322/291 298/323/292 299/324/293
f 299/324/293 112/117/112 297/322/291
f 115/125/115 113/124/113 300/325/294
f 300/325/294 301/326/295 115/125/115
f 302/327/296 303/328/297 304/329/297
f 304/329/297 305/330/298 302/327/296
f 305/330/298 306/331/299 307/332/299
f 307/332/299 302/327/296 305/330/298
f 224/248/222 271/295/266 308/333/300
f 225/249/223 231/255/229 224/248/222
f 224/248/222 223/247/221 225/249/223
f 235/259/233 232/256/230 233/257/231
f 233/257/231 219/243/217 235/259/233
f 163/186/163 230/254/228 232/256/230
f 232/256/230 164/187/164 163/186/163
f 113/118/113 112/117/112 299/324/293
f 299/324/293 300/334/294 113/118/113
f 134/147/134 133/146/133 129/142/129
f 129/142/129 132/145/132 134/147/134
f 130/143/130 129/142/129 133/146/133
f 309/335/301 310/336/302 311/337/303
f 311/337/303 312/338/304 309/335/301
f 313/339/305 314/340/306 315/341/307
f 315/341/307 316/342/308 313/339/305
f 312/338/304 311/337/303 317/343/309
f 317/343/309 318/344/310 312/338/304
f 319/345/311 320/346/312 314/340/306
f 314/340/306 313/339/305 319/345/311
f 321/347/313 322/348/314 323/349/315
f 323/350/315 324/351/316 321/352/313
f 322/353/314 321/354/313 325/355/317
f 325/355/317 326/356/318 322/353/314
f 326/356/318 325/355/317 327/357/319
f 327/357/319 328/358/320 326/356/318
f 329/359/321 330/360/322 331/361/323
f 331/361/323 332/362/324 329/359/321
f 331/361/323 333/363/325 334/364/325
f 334/364/325 332/362/324 331/361/323
f 335/365/326 336/366/327 337/367/328
f 337/367/328 338/368/329 335/365/326
f 339/369/330 340/370/331 341/371/332
f 341/371/332 342/372/333 339/369/330
f 342/372/333 341/371/332 343/373/334
f 343/373/334 344/374/335 342/372/333
f 345/375/336 346/376/337 336/366/327
f 336/366/327 335/365/326 345/375/336
f 347/377/338 348/378/339 338/379/329
f 338/379/329 337/380/328 347/377/338
f 349/381/340 350/382/341 351/383/342
f 351/384/342 352/385/343 349/386/340
f 353/387/344 354/388/345 355/389/346
f 355/389/346 356/390/347 353/387/344
f 356/390/347 355/389/346 357/391/348
f 357/391/348 358/392/349 356/390/347
f 359/393/350 360/394/351 350/395/341
f 350/395/341 349/396/340 359/393/350
f 352/397/343 351/398/342 361/399/352
f 361/399/352 362/400/353 352/397/343
f 363/401/354 364/402/355 354/388/345
f 354/388/345 353/387/344 363/401/354
f 365/403/356 366/404/357 320/346/312
f 320/346/312 319/345/311 365/403/356
f 318/344/310 317/343/309 367/405/358
f 367/405/358 368/406/359 318/344/310
f 369/407/360 370/408/361 371/409/362
f 371/409/362 372/410/363 369/407/360
f 373/411/364 374/412/365 375/413/366
f 375/413/366 376/414/367 373/411/364
f 324/351/316 323/350/315 377/415/368
f 377/415/368 378/416/368 324/351/316
f 379/417/369 380/418/370 328/358/320
f 328/358/320 327/357/319 379/417/369
f 330/360/322 329/359/321 381/419/371
f 381/419/371 382/420/372 330/360/322
f 383/421/373 384/422/374 348/423/339
f 348/423/339 347/424/338 383/421/373
f 385/425/375 386/426/376 387/427/377
f 387/427/377 388/428/378 385/425/375
f 389/429/379 390/430/380 391/431/381
f 391/431/381 392/432/382 389/429/379
f 360/394/351 359/393/350 392/432/382
f 392/432/382 391/431/381 360/394/351
f 385/425/375 358/392/349 357/391/348
f 357/391/348 386/426/376 385/425/375
f 393/433/383 394/434/383 382/420/372
f 382/420/372 381/419/371 393/433/383
f 380/418/370 379/417/369 395/435/384
f 395/435/384 396/436/385 380/418/370
f 346/376/337 345/375/336 396/436/385
f 396/436/385 395/435/384 346/376/337
f 394/434/383 393/433/383 344/374/335
f 344/374/335 343/373/334 394/434/383
f 397/437/386 398/438/387 399/439/388
f 399/439/388 400/440/389 397/437/386
f 384/441/374 383/442/373 401/443/390
f 401/444/390 402/445/391 384/446/374
f 402/445/391 401/444/390 390/430/380
f 390/430/380 389/429/379 402/445/391
f 387/427/377 403/447/392 404/448/392
f 404/448/392 388/428/378 387/427/377
f 405/449/393 406/450/393 407/451/393
f 407/451/393 408/452/394 405/449/393
f 368/406/359 367/405/358 370/408/361
f 370/408/361 369/407/360 368/406/359
f 376/414/367 375/413/366 366/404/357
f 366/404/357 365/403/356 376/414/367
f 372/410/363 371/409/362 399/439/388
f 399/439/388 398/438/387 372/410/363
f 409/453/395 410/454/396 374/412/365
f 374/412/365 373/411/364 409/453/395
f 411/455/397 412/456/398 413/457/399
f 413/457/399 414/458/400 411/455/397
f 133/146/133 126/138/126 272/296/267
f 272/296/267 130/143/130 133/146/133
f 272/296/267 415/459/401 252/276/250
f 416/460/402 417/461/403 177/200/177
f 177/200/177 174/197/174 416/460/402
f 418/462/404 247/271/245 48/48/48
f 48/48/48 47/47/47 418/462/404
f 419/463/405 418/462/404 47/47/47
f 47/47/47 52/52/52 419/463/405
f 172/195/172 134/147/134 132/145/132
f 132/145/132 173/196/173 172/195/172
f 174/197/174 150/167/150 149/166/149
f 144/464/144 81/84/81 78/81/78
f 78/81/78 77/80/77 144/464/144
f 80/83/80 75/78/75 78/81/78
f 172/195/172 292/317/286 170/465/170
f 170/465/170 169/297/169 172/195/172
f 420/466/406 421/467/407 422/468/408
f 422/468/408 423/469/409 420/466/406
f 424/470/410 423/469/409 422/468/408
f 422/468/408 425/471/411 424/470/410
f 426/472/412 427/473/413 428/474/414
f 428/474/414 429/475/415 426/472/412
f 430/476/416 431/477/417 432/478/418
f 432/478/418 433/479/419 430/476/416
f 434/480/420 435/481/421 424/470/410
f 424/470/410 425/471/411 434/480/420
f 436/482/422 437/483/423 438/484/424
f 438/484/424 439/485/425 436/482/422
f 437/483/423 436/482/422 440/486/426
f 440/486/426 441/487/427 437/483/423
f 441/487/427 440/486/426 442/488/428
f 442/488/428 443/489/429 441/487/427
f 444/490/430 445/491/431 446/492/432
f 446/493/432 447/494/433 444/495/430
f 448/496/434 449/497/435 450/498/436
f 450/498/436 451/499/437 448/496/434
f 452/500/438 453/501/439 454/502/440
f 454/503/440 455/504/441 452/505/438
f 456/506/442 457/507/443 449/497/435
f 449/497/435 448/496/434 456/506/442
f 458/508/444 459/509/444 457/507/443
f 457/507/443 456/506/442 458/508/444
f 460/510/445 461/511/446 462/512/447
f 462/512/447 463/513/447 460/510/445
f 464/514/448 465/515/449 461/511/446
f 461/511/446 460/510/445 464/514/448
f 455/504/441 454/503/440 466/516/450
f 466/517/450 467/518/450 455/519/441
f 468/520/451 469/521/452 470/522/453
f 471/523/454 472/524/454 445/525/431
f 445/491/431 444/490/430 471/526/454
f 473/527/455 474/528/455 475/529/455
f 475/529/455 476/530/455 473/527/455
f 477/531/456 478/532/456 469/533/452
f 469/534/452 468/535/451 477/536/456
f 290/537/284 479/538/457 480/539/458
f 480/539/458 291/540/285 290/537/284
f 481/541/459 482/542/460 447/494/433
f 447/494/433 446/493/432 481/541/459
f 483/543/461 484/544/462 485/545/463
f 485/545/463 486/546/464 483/543/461
f 487/547/465 488/548/466 489/549/466
f 489/549/466 490/550/467 487/547/465
f 491/551/468 492/552/469 493/553/470
f 493/554/470 494/555/470 491/556/468
f 495/557/471 496/558/471 497/559/472
f 497/559/472 498/560/473 495/557/471
f 499/561/474 500/562/475 501/563/476
f 501/563/476 502/564/476 499/561/474
f 498/560/473 497/559/472 500/562/475
f 500/562/475 499/561/474 498/560/473
f 503/565/477 504/566/478 435/481/421
f 435/481/421 434/480/420 503/565/477
f 505/567/479 506/568/480 507/569/481
f 507/569/481 508/570/482 505/567/479
f 509/571/483 510/572/483 505/567/479
f 505/567/479 508/570/482 509/571/483
f 511/573/484 512/574/485 513/575/486
f 513/575/486 514/576/487 511/573/484
f 515/577/488 516/578/489 517/579/490
f 517/580/490 518/581/490 515/582/488
f 519/583/491 520/584/492 465/585/449
f 465/515/449 464/514/448 519/586/491
f 521/587/493 520/584/492 519/583/491
f 519/583/491 522/588/493 521/587/493
f 503/589/477 492/552/469 491/551/468
f 491/590/468 504/591/478 503/592/477
f 523/593/494 524/594/495 484/544/462
f 484/544/462 483/543/461 523/593/494
f 426/472/412 429/475/415 431/477/417
f 431/477/417 430/476/416 426/472/412
f 525/595/496 526/596/496 527/597/497
f 527/597/497 528/598/498 525/595/496
f 529/599/499 530/600/500 397/437/386
f 397/437/386 400/440/389 529/599/499
f 528/598/498 527/597/497 433/479/419
f 433/479/419 432/478/418 528/598/498
f 531/601/501 532/602/501 530/600/500
f 530/600/500 529/599/499 531/601/501
f 533/603/502 534/604/503 535/605/504
f 535/605/504 536/606/505 533/603/502
f 535/605/504 537/607/506 538/608/507
f 538/608/507 536/606/505 535/605/504
f 539/609/508 540/610/509 541/611/510
f 541/611/510 542/612/511 539/609/508
f 543/613/512 544/614/513 545/615/514
f 545/615/514 546/616/515 543/613/512
f 547/617/516 294/319/288 293/318/287
f 293/318/287 548/618/517 547/617/516
f 293/318/287 549/619/518 548/618/517
f 550/620/519 551/621/520 552/622/521
f 552/622/521 553/623/522 550/620/519
f 177/200/177 417/461/403 554/624/523
f 554/624/523 270/294/265 177/200/177
f 555/625/524 543/613/512 546/616/515
f 546/616/515 556/626/525 555/625/524
f 88/101/88 91/627/91 557/628/526
f 557/628/526 558/629/527 88/101/88
f 91/627/91 97/630/97 559/631/528
f 559/631/528 557/628/526 91/627/91
f 560/632/529 98/102/98 88/101/88
f 88/101/88 558/629/527 560/632/529
f 98/102/98 560/632/529 561/633/530
f 561/633/530 149/166/149 98/102/98
f 149/166/149 561/633/530 416/460/402
f 416/460/402 174/197/174 149/166/149
f 541/611/510 562/634/531 563/635/532
f 563/635/532 542/612/511 541/611/510
f 511/573/484 514/576/487 421/467/407
f 421/467/407 420/466/406 511/573/484
f 428/474/414 427/473/413 439/485/425
f 439/485/425 438/484/424 428/474/414
f 556/626/525 563/635/532 562/634/531
f 562/634/531 555/625/524 556/626/525
f 553/623/522 544/614/513 550/620/519
s 0
f 564/636/533 565/637/533 566/638/533
s 1
f 567/639/534 62/62/62 568/640/535
f 568/640/535 569/641/536 567/639/534
f 62/62/62 61/61/61 570/642/537
f 570/642/537 568/640/535 62/62/62
f 64/64/64 571/643/538 570/642/537
f 570/642/537 61/61/61 64/64/64
f 551/621/520 572/644/539 552/622/521
f 550/620/519 265/289/262 264/288/261
f 264/288/261 551/621/520 550/620/519
f 487/547/465 490/550/467 573/645/540
f 573/645/540 574/646/541 487/547/465
f 575/647/542 59/59/59 62/62/62
f 62/62/62 567/639/534 575/647/542
f 547/617/516 576/648/543 294/319/288
f 577/649/544 578/650/545 579/651/546
f 580/652/547 538/608/507 537/607/506
f 539/609/508 581/653/548 540/610/509
f 533/603/502 582/654/549 534/604/503
f 583/655/550 584/656/551 585/657/552
f 554/624/523 586/658/553 270/294/265
f 587/659/554 559/631/528 97/630/97
f 588/660/555 589/661/555 590/662/556
f 590/662/556 591/663/556 588/660/555
f 592/664/557 593/665/558 594/666/559
f 594/666/559 595/667/557 592/664/557
f 593/665/558 596/668/560 597/669/560
f 597/669/560 594/666/559 593/665/558
f 598/670/561 591/663/556 590/662/556
f 590/662/556 599/671/561 598/670/561
f 600/672/562 601/673/563 602/674/564
f 602/674/564 603/675/565 600/672/562
f 601/673/563 604/676/566 605/677/567
f 605/677/567 602/674/564 601/673/563
f 604/676/566 606/678/568 607/679/569
f 607/679/569 605/677/567 604/676/566
f 606/678/568 608/680/570 609/681/571
f 609/681/571 607/679/569 606/678/568
f 608/680/570 610/682/572 609/681/571
f 611/683/573 612/684/574 613/685/575
f 611/683/573 614/686/576 612/684/574
f 615/687/577 616/688/578 617/689/579
f 617/689/579 618/690/577 615/687/577
f 616/688/578 619/691/580 620/692/581
f 620/692/581 617/689/579 616/688/578
f 619/693/580 621/694/582 622/695/583
f 622/695/583 620/696/581 619/693/580
f 621/697/582 623/698/584 624/699/585
f 624/699/585 622/700/583 621/697/582
f 623/698/584 625/701/586 626/702/587
f 626/702/587 624/699/585 623/698/584
f 625/701/586 627/703/588 628/704/589
f 628/704/589 626/702/587 625/701/586
f 627/703/588 629/705/590 630/706/590
f 630/706/590 628/704/589 627/703/588
f 631/707/591 632/708/592 633/709/593
f 633/709/593 634/710/594 631/707/591
f 635/711/595 632/708/592 631/707/591
f 631/707/591 636/712/595 635/711/595
f 634/710/594 633/709/593 637/713/596
f 637/713/596 638/714/597 634/710/594
f 639/715/598 640/716/599 641/717/600
f 641/717/600 642/718/601 639/715/598
f 638/714/597 637/713/596 643/719/602
f 643/719/602 644/720/603 638/714/597
f 641/717/600 640/716/599 645/721/604
f 645/721/604 646/722/605 641/717/600
f 647/723/606 648/724/607 649/725/608
f 649/726/608 650/727/609 647/728/606
f 648/729/607 651/730/610 652/731/611
f 652/732/611 649/725/608 648/724/607
f 653/733/612 654/734/613 655/735/614
f 655/735/614 656/736/615 653/733/612
f 656/736/615 655/735/614 657/737/616
f 657/737/616 658/738/617 656/736/615
f 658/738/617 657/737/616 659/739/618
f 659/739/618 660/740/619 658/738/617
f 659/739/618 661/741/620 662/742/620
f 662/742/620 660/740/619 659/739/618
f 645/721/604 663/743/621 664/744/622
f 664/744/622 646/722/605 645/721/604
f 647/728/606 650/727/609 665/745/623
f 665/745/623 666/746/623 647/728/606
f 667/747/624 668/748/624 669/749/624
f 669/749/624 670/750/624 667/747/624
f 671/751/625 672/752/626 673/753/626
f 673/754/626 674/755/625 671/756/625
f 675/757/627 676/758/628 677/759/628
f 677/759/628 678/760/627 675/757/627
f 516/578/489 515/577/488 679/761/629
f 679/762/629 680/763/629 516/764/489
f 523/593/494 681/765/630 682/766/630
f 682/766/630 524/594/495 523/593/494
f 443/489/429 442/488/428 683/767/631
f 683/767/631 684/768/631 443/489/429
f 269/293/264 163/186/163 177/200/177
f 164/187/164 232/256/230 235/259/233
f 544/614/513 553/623/522 545/615/514
f 685/769/632 686/770/633 687/771/633
f 687/771/633 688/772/634 685/769/632
f 689/773/635 585/657/552 690/774/636
f 690/774/636 691/775/637 689/773/635
f 692/776/638 579/651/546 693/777/639
f 693/777/639 694/778/640 692/776/638
f 695/779/641 696/780/642 697/781/643
f 697/781/643 698/782/644 695/779/641
f 699/783/645 700/784/646 701/785/647
s 0
f 701/785/648 702/786/648 699/783/649
s 1
f 703/787/650 704/788/651 705/789/652
f 704/788/651 706/790/653 705/789/652
f 706/790/653 707/791/654 705/789/652
f 707/791/654 708/792/655 705/789/652
f 708/792/655 709/793/656 705/789/652
f 709/793/656 710/794/657 705/789/652
f 710/795/657 711/796/658 705/797/652
f 711/796/658 712/798/659 705/797/652
f 712/798/659 713/799/660 705/797/652
f 713/800/660 703/787/650 705/789/652
f 714/801/661 715/802/662 716/803/663
f 715/802/662 717/804/664 716/803/663
f 717/804/664 718/805/665 716/803/663
f 718/805/665 719/806/666 716/803/663
f 719/806/666 720/807/667 716/803/663
f 720/807/667 721/808/668 716/803/663
f 721/809/668 722/810/669 716/811/663
f 722/810/669 723/812/670 716/811/663
f 723/812/670 724/813/671 716/811/663
f 724/814/671 714/801/661 716/803/663
f 549/619/518 293/318/287 260/284/257
f 260/284/257 725/815/672 549/619/518
f 725/815/672 260/284/257 259/283/256
f 259/283/256 726/816/673 725/815/672
f 551/621/520 264/288/261 727/817/638
f 727/817/638 572/644/539 551/621/520
f 264/288/261 263/287/260 728/818/674
f 728/818/674 727/817/638 264/288/261
s 0
f 729/819/675 730/820/675 699/783/675
f 699/783/649 702/786/676 729/819/649
s 1
f 651/730/610 654/734/613 653/733/612
f 653/733/612 652/731/611 651/730/610
f 644/720/603 643/719/602 639/715/598
f 639/715/598 642/718/601 644/720/603
f 731/821/677 732/822/678 259/283/256
f 259/283/256 258/282/255 731/821/677
f 259/283/256 732/822/678 726/816/673
f 733/823/679 695/779/641 698/782/644
f 734/824/680 735/825/680 470/826/453
f 470/826/453 469/827/452 734/824/680
f 549/619/518 736/828/681 737/829/682
f 737/829/682 548/618/517 549/619/518
f 572/644/539 738/830/683 739/831/684
f 739/831/684 552/622/521 572/644/539
f 738/830/683 572/644/539 740/832/685
f 740/832/685 741/833/686 738/830/683
f 572/644/539 727/817/638 742/834/687
f 742/834/687 740/832/685 572/644/539
f 743/835/649 742/834/687 727/817/638
f 727/817/638 728/818/674 743/835/649
f 699/783/645 692/776/638 694/778/640
f 694/778/640 700/784/646 699/783/645
f 744/836/688 745/837/689 725/815/672
f 725/815/672 726/816/673 744/836/688
f 549/619/518 725/815/672 745/837/689
f 745/837/689 746/838/690 549/619/518
f 736/828/681 549/619/518 746/838/690
f 746/838/690 747/839/691 736/828/681
f 695/779/641 689/773/635 691/775/637
f 691/775/637 696/780/642 695/779/641
f 697/781/643 748/840/692 749/841/693
f 749/841/693 698/782/644 697/781/643
f 749/841/693 732/822/678 733/823/679
f 733/823/679 698/782/644 749/841/693
f 744/836/688 726/816/673 749/841/693
f 749/841/693 748/840/692 744/836/688
f 749/841/693 726/816/673 732/822/678
f 690/774/636 585/657/552 750/842/694
f 750/842/694 751/843/691 690/774/636
f 750/842/694 585/657/552 584/656/551
f 751/843/691 750/842/694 736/828/681
f 736/828/681 747/839/691 751/843/691
f 750/842/694 584/656/551 737/829/682
f 737/829/682 736/828/681 750/842/694
s 0
f 588/660/695 752/844/695 753/845/695
f 753/845/555 589/661/555 588/660/555
f 754/846/696 755/847/696 702/786/676
f 702/786/697 701/785/697 754/846/697
f 755/847/698 756/848/698 729/819/698
f 729/819/649 702/786/649 755/847/649
s 1
f 757/849/699 573/645/540 564/636/699
s 0
f 564/636/533 566/638/533 757/849/533
s 1
f 693/777/639 579/651/546 758/850/700
f 758/850/700 759/851/686 693/777/639
f 758/850/700 579/651/546 578/650/545
f 578/650/545 760/852/701 758/850/700
f 761/853/702 762/854/703 763/855/704
f 741/833/686 759/851/686 758/850/700
f 758/850/700 738/830/683 741/833/686
f 738/830/683 758/850/700 760/852/701
f 760/852/701 739/831/684 738/830/683
f 614/686/576 761/853/702 763/855/704
f 763/855/704 612/684/574 614/686/576
s 0
f 743/835/705 728/818/705 755/847/705
f 755/847/706 754/846/706 743/835/676
s 1
f 728/818/674 263/287/260 756/848/707
s 0
f 756/848/708 755/847/708 728/818/708
s 1
f 757/849/699 574/646/541 573/645/540
f 764/856/709 765/857/710 766/858/711
f 766/858/711 767/859/711 764/856/709
f 768/860/712 769/861/712 765/857/710
f 765/857/710 764/856/709 768/860/712
f 770/862/713 771/863/713 772/864/714
f 772/864/714 773/865/715 770/862/713
f 773/865/715 772/864/714 774/866/716
f 774/866/716 775/867/717 773/865/715
f 776/868/718 777/869/719 778/870/720
f 778/870/720 779/871/720 776/868/718
f 780/872/721 781/873/721 782/874/722
f 782/874/722 783/875/723 780/872/721
f 784/876/724 785/877/724 777/869/719
f 777/869/719 776/868/718 784/876/724
f 783/875/723 782/874/722 786/878/725
f 786/878/725 787/879/725 783/875/723
f 275/300/270 17/17/17 788/880/726
f 788/880/726 273/881/727 275/300/270
f 17/17/17 16/16/16 789/882/728
f 789/882/728 788/880/726 17/17/17
f 16/16/16 6/6/6 790/883/729
f 790/883/729 789/882/728 16/16/16
f 6/6/6 5/5/5 791/884/730
f 791/884/730 790/883/729 6/6/6
f 791/884/730 5/5/5 119/131/119
f 121/133/121 122/134/122 792/885/731
f 792/885/731 118/130/118 121/133/121
f 793/886/732 794/887/733 795/888/734
f 795/889/734 796/890/735 793/891/732
f 797/892/736 798/893/737 799/894/737
f 799/895/737 800/896/738 797/897/736
f 801/898/739 802/899/740 803/900/741
f 803/900/741 802/899/740 804/901/742
f 804/901/742 805/902/743 803/900/741
f 805/902/743 804/901/742 806/903/744
f 806/903/744 807/904/745 805/902/743
f 807/904/745 806/903/744 808/905/746
f 808/905/746 809/906/747 807/904/745
f 809/906/747 808/905/746 794/887/733
f 794/887/733 793/886/732 809/906/747
f 810/907/748 811/908/749 812/909/750
f 812/909/750 813/910/751 810/907/748
f 415/459/401 126/138/126 71/71/71
f 66/66/66 814/911/752 815/912/753
f 815/912/753 67/67/67 66/66/66
f 69/913/69 414/458/400 413/457/399
f 67/67/67 816/914/754 71/71/71
f 309/915/301 817/916/755 818/917/755
f 818/917/755 310/918/302 309/915/301
f 315/341/307 819/919/756 820/920/756
f 820/920/756 316/342/308 315/341/307
f 795/889/734 810/921/748 813/922/751
f 813/922/751 796/890/735 795/889/734
f 821/923/757 822/924/757 611/683/573
f 611/683/573 613/685/575 821/923/757
f 608/680/570 823/925/758 824/926/758
f 824/926/758 610/682/572 608/680/570
f 825/927/759 826/928/760 827/929/761
f 828/930/762 829/931/763 830/932/764
f 828/930/762 830/932/764 831/933/765
f 831/933/765 832/934/766 828/930/762
f 826/928/760 832/934/766 831/933/765
f 831/933/765 833/935/767 826/928/760
f 834/936/768 825/927/759 835/937/769
f 835/937/769 836/938/770 834/936/768
f 825/927/759 827/929/761 835/937/769
f 837/939/771 838/940/772 839/941/773
f 839/941/773 840/942/774 837/939/771
f 840/942/774 839/941/773 841/943/775
f 841/943/775 842/944/776 840/942/774
f 843/945/777 844/946/778 840/942/774
f 840/942/774 845/947/779 843/945/777
f 846/948/780 847/949/781 848/950/782
f 848/950/782 849/951/783 846/948/780
f 850/952/784 851/953/784 852/954/785
f 852/954/785 853/955/786 850/952/784
f 845/947/779 840/942/774 842/944/776
f 842/944/776 854/956/787 845/947/779
f 849/957/783 848/958/782 844/946/778
f 844/946/778 843/945/777 849/957/783
f 853/955/786 852/954/785 847/949/781
f 847/949/781 846/948/780 853/955/786
f 252/276/250 855/959/788 253/277/251
f 856/960/789 857/961/790 858/962/791
f 858/963/791 859/964/789 856/965/789
f 860/966/792 861/967/792 862/968/793
f 862/968/793 863/969/794 860/966/792
f 858/962/791 857/961/790 864/970/795
f 865/971/796 866/972/797 867/973/798
f 866/974/797 865/975/796 868/976/799
f 868/976/799 869/977/800 866/974/797
f 870/978/801 871/979/802 872/980/803
f 872/980/803 873/981/804 870/978/801
f 874/982/805 875/983/806 876/984/807
f 877/985/808 878/986/809 879/987/810
f 879/987/810 880/988/811 877/985/808
f 872/980/803 871/979/802 881/989/812
f 882/990/813 870/978/801 873/981/804
f 873/981/804 883/991/814 882/990/813
f 878/986/809 875/983/806 874/982/805
f 874/982/805 879/987/810 878/986/809
f 884/992/815 839/941/773 838/940/772
f 837/939/771 840/942/774 844/946/778
f 885/993/816 886/994/817 887/995/818
f 887/995/818 888/996/819 885/993/816
f 889/997/820 890/998/821 891/999/822
f 891/999/822 892/1000/823 889/997/820
f 893/1001/824 894/1002/825 895/1003/826
f 895/1003/826 896/1004/827 893/1001/824
f 892/1000/823 891/999/822 897/1005/828
f 897/1005/828 898/1006/828 892/1000/823
f 899/1007/829 900/1008/830 901/1009/831
f 901/1009/831 902/1010/832 899/1007/829
f 901/1009/831 900/1008/830 903/1011/833
f 903/1011/833 904/1012/834 901/1009/831
f 905/1013/835 906/1014/836 907/1015/837
f 907/1015/837 908/1016/838 905/1013/835
f 909/1017/839 910/1018/840 899/1007/829
f 899/1007/829 902/1010/832 909/1017/839
f 904/1012/834 903/1011/833 905/1013/835
f 905/1013/835 908/1016/838 904/1012/834
f 888/996/819 887/995/818 910/1019/840
f 910/1019/840 909/1020/839 888/996/819
f 911/1021/841 912/1022/842 886/994/817
f 886/994/817 885/993/816 911/1021/841
f 896/1004/827 895/1003/826 890/998/821
f 890/998/821 889/997/820 896/1004/827
f 415/459/401 913/1023/843 914/1024/844
f 914/1024/844 252/276/250 415/459/401
f 252/276/250 914/1024/844 855/959/788
f 815/912/753 915/1025/845 816/914/754
f 816/914/754 67/67/67 815/912/753
f 913/1023/843 415/459/401 916/1026/846
f 414/458/400 917/1027/847 918/1028/848
f 918/1028/848 411/455/397 414/458/400
f 919/1029/849 920/1030/850 921/1031/851
f 921/1031/851 922/1032/852 919/1029/849
f 921/1033/851 923/1034/853 74/77/74
f 74/77/74 922/1035/852 921/1033/851
f 923/1034/853 7/7/7 10/10/10
f 10/10/10 74/77/74 923/1034/853
f 924/1036/854 413/457/399 412/456/398
f 412/456/398 925/1037/398 924/1036/854
f 413/457/399 924/1036/854 70/1038/70
f 70/1038/70 69/913/69 413/457/399
f 919/1029/849 924/1036/854 925/1037/398
f 919/1029/849 922/1032/852 70/1038/70
f 70/1038/70 924/1036/854 919/1029/849
f 922/1035/852 74/77/74 68/68/68
f 68/68/68 70/70/70 922/1035/852
f 869/977/800 868/976/799 926/1039/855
f 926/1039/855 927/1040/855 869/977/800
f 916/1026/846 415/459/401 816/914/754
f 816/914/754 915/1025/845 916/1026/846
f 816/914/754 415/459/401 71/71/71
f 928/1041/856 929/1042/856 930/1043/857
f 930/1043/857 931/1044/858 928/1041/856
f 932/1045/859 933/1046/860 934/1047/861
f 934/1047/861 935/1048/862 932/1045/859
f 936/1049/863 937/1050/863 938/1051/864
f 938/1051/864 939/1052/865 936/1049/863
f 940/1053/866 941/1054/867 942/1055/868
f 942/1055/868 943/1056/868 940/1053/866
f 944/1057/869 945/1058/870 946/1059/871
f 946/1059/871 947/1060/872 944/1057/869
f 946/1059/871 941/1054/867 940/1053/866
f 940/1053/866 947/1060/872 946/1059/871
f 939/1061/865 938/1062/864 948/1063/873
f 948/1064/873 949/1065/874 939/1066/865
f 950/1067/875 945/1058/870 944/1057/869
f 944/1057/869 951/1068/876 950/1067/875
f 952/1069/877 933/1046/860 932/1045/859
f 932/1045/859 953/1070/878 952/1069/877
f 931/1044/858 930/1043/857 952/1069/877
f 952/1069/877 953/1070/878 931/1044/858
f 954/1071/879 955/1072/880 956/1073/881
f 956/1073/881 957/1074/882 954/1071/879
f 935/1075/862 934/1076/861 958/1077/883
f 958/1077/883 959/1078/884 935/1075/862
f 959/1078/884 958/1077/883 954/1071/879
f 954/1071/879 957/1074/882 959/1078/884
f 949/1065/874 948/1064/873 950/1079/875
f 950/1079/875 951/1080/876 949/1065/874
f 960/1081/885 961/1082/886 962/1083/887
f 962/1083/887 963/1084/888 960/1081/885
f 964/1085/889 965/1086/890 966/1087/891
f 966/1087/891 967/1088/892 964/1085/889
f 968/1089/893 969/1090/894 792/885/731
f 969/1090/894 119/131/119 118/130/118
f 118/130/118 792/885/731 969/1090/894
f 4/4/4 121/133/121 118/130/118
f 867/973/798 970/1091/895 865/971/796
f 970/1091/895 863/969/794 862/968/793
f 862/968/793 865/971/796 970/1091/895
f 965/1086/890 971/1092/896 966/1087/891
f 968/1089/893 972/1093/897 969/1090/894
f 969/1090/894 972/1093/897 119/131/119
f 967/1088/892 962/1083/887 961/1082/886
f 961/1082/886 964/1085/889 967/1088/892
f 811/908/749 797/897/736 800/896/738
f 800/896/738 812/909/750 811/908/749
f 254/278/252 257/281/254 918/1028/848
f 918/1028/848 917/1027/847 254/278/252
f 973/1094/898 974/1095/899 975/1096/900
f 975/1096/900 976/1097/901 973/1094/898
f 977/1098/902 978/1099/903 979/1100/904
f 979/1101/904 980/1102/905 977/1103/902
f 976/1097/901 975/1096/900 981/1104/906
f 981/1105/906 982/1106/906 976/1107/901
f 980/1102/905 979/1101/904 983/1108/907
f 983/1108/907 984/1109/907 980/1102/905
f 985/1110/908 986/1111/909 987/1112/910
f 987/1112/910 988/1113/911 985/1110/908
f 988/1113/911 987/1112/910 989/1114/912
f 989/1114/912 990/1115/913 988/1113/911
f 991/1116/914 992/1117/915 993/1118/916
f 993/1118/916 994/1119/917 991/1116/914
f 990/1115/913 989/1114/912 995/1120/918
f 995/1120/918 996/1121/919 990/1115/913
f 997/1122/920 998/1123/921 999/1124/922
f 997/1122/920 1000/1125/923 998/1123/921
f 985/1110/908 1001/1126/924 1002/1127/924
f 1002/1127/924 986/1111/909 985/1110/908
f 996/1121/919 995/1120/918 992/1117/915
f 992/1117/915 991/1116/914 996/1121/919
f 1003/1128/925 1004/1129/926 1005/1130/927
f 1005/1130/927 1006/1131/928 1003/1128/925
f 1004/1129/926 1007/1132/929 1008/1133/930
f 1008/1133/930 1005/1130/927 1004/1129/926
f 1009/1134/931 1010/1135/932 1011/1136/933
f 1011/1136/933 1012/1137/934 1009/1134/931
f 1013/1138/935 1009/1134/931 1012/1137/934
f 1012/1137/934 1014/1139/936 1013/1138/935
f 1007/1132/929 1015/1140/937 1014/1141/936
f 1014/1141/936 1008/1133/930 1007/1132/929
f 1010/1135/932 1016/1142/938 1017/1143/939
f 1017/1143/939 1011/1136/933 1010/1135/932
f 1003/1128/925 1006/1131/928 1018/1144/940
f 1018/1144/940 1019/1145/941 1003/1128/925
f 1015/1146/937 1013/1138/935 1014/1139/936
f 1020/1147/942 1021/1148/943 1022/1149/944
f 1022/1149/944 1023/1150/945 1020/1147/942
f 1021/1148/943 1024/1151/946 1025/1152/947
f 1025/1152/947 1022/1149/944 1021/1148/943
f 1026/1153/948 1027/1154/949 1028/1155/950
f 1028/1155/950 1027/1154/949 1029/1156/951
f 1029/1156/951 1030/1157/952 1028/1155/950
f 1031/1158/953 153/172/153 1032/1159/954
f 1033/1160/955 364/402/355 363/401/354
f 363/401/354 1034/1161/955 1033/1160/955
f 362/400/353 361/399/352 1035/1162/956
f 1035/1162/956 1036/1163/956 362/400/353
f 297/322/291 114/122/114 1037/1164/957
f 1038/1165/958 1039/1166/959 1040/1167/960
f 161/182/161 164/187/164 1037/1164/957
f 1037/1164/957 114/122/114 161/182/161
f 297/322/291 1037/1164/957 298/323/292
f 117/128/117 116/127/116 1041/1168/961
f 1041/1168/961 1042/1169/962 117/128/117
f 295/320/289 153/172/153 1031/1158/953
f 1032/1159/954 153/172/153 117/128/117
f 117/128/117 1042/1169/962 1032/1159/954
f 117/128/117 153/172/153 106/171/106
f 106/171/106 105/129/105 117/128/117
f 1043/1170/963 1044/1171/964 1045/1172/965
f 1045/1172/965 1046/1173/966 1043/1170/963
f 1047/1174/967 1048/1175/967 1049/1176/968
f 1049/1176/968 1050/1177/969 1047/1174/967
f 1050/1177/969 1049/1176/968 1051/1178/970
f 1051/1178/970 1052/1179/970 1050/1177/969
f 1053/1180/971 1054/1181/972 1055/1182/973
f 1055/1182/973 1056/1183/974 1053/1180/971
f 1057/1184/975 1058/1185/976 1059/1186/977
f 1059/1186/977 1060/1187/977 1057/1184/975
f 1061/1188/978 1062/1189/978 1063/1190/978
f 1063/1190/978 1064/1191/978 1061/1188/978
f 1065/1192/979 1066/1193/980 1058/1185/976
f 1058/1185/976 1057/1184/975 1065/1192/979
f 1067/1194/981 1068/1195/981 1069/1196/981
f 1069/1196/981 1070/1197/981 1067/1194/981
f 1071/1198/982 1072/1199/983 1054/1181/972
f 1054/1181/972 1053/1180/971 1071/1198/982
f 1073/1200/984 1074/1201/985 1075/1202/986
f 1075/1202/986 1076/1203/987 1073/1200/984
f 1077/1204/988 1078/1205/988 1079/1206/989
f 1079/1206/989 1080/1207/990 1077/1204/988
f 1056/1183/974 1055/1182/973 1081/1208/991
f 1081/1208/991 1082/1209/991 1056/1183/974
f 1046/1210/966 1045/1211/965 1072/1199/983
f 1072/1199/983 1071/1198/982 1046/1210/966
f 1083/1212/992 1084/1213/992 1044/1171/964
f 1044/1171/964 1043/1170/963 1083/1212/992
f 1080/1207/990 1079/1206/989 1085/1214/993
f 1085/1214/993 1086/1215/994 1080/1207/990
f 1075/1216/986 1087/1217/995 1088/1218/996
f 1088/1218/996 1076/1219/987 1075/1216/986
f 1086/1215/994 1085/1214/993 1074/1220/985
f 1074/1220/985 1073/1221/984 1086/1215/994
f 1089/1222/997 1030/1157/952 1029/1156/951
f 1029/1223/951 1090/1224/997 1089/1225/997
f 1000/1125/923 997/1122/920 994/1119/917
f 994/1119/917 993/1118/916 1000/1125/923
f 1005/1130/927 1091/1226/998 1092/1227/999
f 1092/1227/999 1006/1131/928 1005/1130/927
f 1008/1133/930 1093/1228/1000 1091/1226/998
f 1091/1226/998 1005/1130/927 1008/1133/930
f 1011/1136/933 1094/1229/1001 1095/1230/1002
f 1095/1230/1002 1012/1137/934 1011/1136/933
f 1012/1137/934 1095/1230/1002 1096/1231/1003
f 1096/1231/1003 1014/1139/936 1012/1137/934
f 1014/1141/936 1096/1232/1003 1097/1233/1004
f 1097/1233/1004 1008/1133/930 1014/1141/936
f 1017/1143/939 1098/1234/1005 1094/1229/1001
f 1094/1229/1001 1011/1136/933 1017/1143/939
f 1006/1131/928 1092/1227/999 1099/1235/1006
f 1099/1235/1006 1018/1144/940 1006/1131/928
f 1008/1133/930 1097/1233/1004 1093/1228/1000
f 1023/1150/945 1100/1236/1007 1101/1237/1008
f 1101/1237/1008 1020/1147/942 1023/1150/945
f 1102/1238/1009 1103/1239/1010 1101/1237/1008
f 1101/1237/1008 1100/1236/1007 1102/1238/1009
f 1104/1240/1011 1105/1241/1012 1106/1242/1013
f 1106/1242/1013 1107/1243/1014 1104/1240/1011
f 1107/1243/1014 1106/1242/1013 1108/1244/1015
f 1108/1244/1015 1109/1245/1016 1107/1243/1014
f 1109/1246/1016 1108/1247/1015 1103/1239/1010
f 1103/1239/1010 1102/1238/1009 1109/1246/1016
f 1110/1248/1017 1105/1241/1012 1104/1240/1011
f 1111/1249/1018 1112/1250/1019 1113/1251/1020
f 1113/1251/1020 1114/1252/1021 1111/1249/1018
f 1115/1253/1022 1111/1249/1018 1114/1252/1021
f 1114/1252/1021 1116/1254/1023 1115/1253/1022
f 1117/1255/1024 1118/1256/1025 1119/1257/1026
f 1119/1257/1026 1120/1258/1024 1117/1255/1024
f 1112/1250/1019 1117/1255/1024 1120/1258/1024
f 1120/1258/1024 1113/1251/1020 1112/1250/1019
f 1121/1259/1027 1122/1260/1028 1123/1261/1029
f 1123/1261/1029 1124/1262/1030 1121/1259/1027
f 1118/1256/1025 1121/1259/1027 1124/1262/1030
f 1124/1262/1030 1119/1257/1026 1118/1256/1025
f 1125/1263/1031 1115/1253/1022 1116/1254/1023
f 1116/1254/1023 1126/1264/1032 1125/1263/1031
f 1127/1265/1033 1128/1266/1034 1129/1267/1035
f 1129/1267/1035 1130/1268/1036 1127/1265/1033
f 1131/1269/1037 1132/1270/1038 1133/1271/1039
f 1133/1271/1039 1134/1272/1040 1131/1269/1037
f 1135/1273/1041 1131/1269/1037 1134/1272/1040
f 1134/1272/1040 1136/1274/1042 1135/1273/1041
f 1137/1275/1043 1135/1273/1041 1136/1274/1042
f 1136/1274/1042 1138/1276/1044 1137/1275/1043
f 1128/1266/1034 1137/1275/1043 1138/1276/1044
f 1138/1276/1044 1129/1267/1035 1128/1266/1034
f 1139/1277/1045 1140/1278/1046 1141/1279/1047
f 1141/1279/1047 1142/1280/1048 1139/1277/1045
f 1122/1260/1028 1143/1281/1049 1144/1282/1050
f 1144/1282/1050 1123/1261/1029 1122/1260/1028
f 1145/1283/1051 1139/1277/1045 1142/1280/1048
f 1142/1280/1048 1146/1284/1052 1145/1283/1051
f 1132/1270/1038 1145/1283/1051 1146/1284/1052
f 1146/1284/1052 1133/1271/1039 1132/1270/1038
f 1147/1285/1053 1148/1286/1054 1149/1287/1055
f 1149/1287/1055 1150/1288/1056 1147/1285/1053
f 1151/1289/1050 1147/1285/1053 1150/1288/1056
f 1150/1288/1056 1152/1290/1050 1151/1289/1050
f 1153/1291/1057 1154/1292/1033 1155/1293/1058
f 1155/1293/1058 1156/1294/1059 1153/1291/1057
f 1157/1295/1060 1153/1291/1057 1156/1294/1059
f 1156/1294/1059 1158/1296/1061 1157/1295/1060
f 199/223/197 193/217/191 250/274/248
f 1037/1164/957 164/187/164 41/41/41
f 164/187/164 235/259/233 42/42/42
f 42/42/42 41/41/41 164/187/164
f 1159/1297/1062 1160/1298/1062 1040/1167/960
f 1040/1167/960 1039/1166/959 1159/1297/1062
f 298/323/292 1037/1164/957 41/41/41
f 41/41/41 40/40/40 298/323/292
f 112/117/112 114/122/114 297/322/291
s 0
f 1161/1299/1063 1162/1300/1063 1163/1301/1063
f 1163/1301/1063 1164/1302/1063 1161/1299/1063
f 1165/1303/1064 1166/1304/1064 1167/1305/1064
f 1167/1305/1064 1168/1306/1064 1165/1303/1064
f 1169/1307/1065 1170/1308/1065 1171/1309/1065
f 1171/1309/1066 1172/1310/1066 1169/1307/1066
f 1173/1311/1067 1174/1312/1067 1175/1313/1067
f 1175/1313/1067 1176/1314/1067 1173/1311/1067
s 1
f 1177/1315/1068 1178/1316/1068 1179/1317/1068
s 0
f 1180/1318/1069 1181/1319/1069 1182/1320/1069
f 1182/1320/1069 1183/1321/1069 1180/1318/1069
f 1184/1322/1066 1185/1323/1066 1186/1324/1066
f 1187/1325/1065 1188/1326/1065 1189/1327/1065
f 1190/1328/1070 1191/1329/1070 1192/1330/1070
f 1192/1330/1070 1193/1331/1070 1190/1328/1070
s 1
f 1194/1332/1068 1195/1333/1068 1196/1334/1068
s 0
f 1197/1335/1071 1198/1336/1071 1199/1337/1071
f 1199/1337/1071 1200/1338/1071 1197/1335/1071
f 1201/1339/1068 1202/1340/1068 1203/1341/1068
f 1203/1341/1068 1204/1342/1068 1201/1339/1068
f 1205/1343/1072 1206/1344/1072 1207/1345/1072
f 1207/1345/1072 1208/1346/1072 1205/1343/1072
f 1209/1347/1066 1210/1348/1066 1211/1349/1066
f 1211/1349/1065 1212/1350/1065 1209/1347/1065
f 1213/1351/1072 1214/1352/1072 1215/1353/1072
f 1215/1353/1072 1216/1354/1072 1213/1351/1072
f 1217/1355/1066 1218/1356/1066 1219/1357/1066
f 1219/1357/1066 1220/1358/1066 1217/1355/1066
s 1
f 1221/1359/1071 1222/1360/1071 1223/1361/1071
s 0
f 1223/1361/1071 1224/1362/1071 1221/1359/1071
f 1225/1363/1068 1226/1364/1068 1227/1365/1068
f 1227/1365/1068 1228/1366/1068 1225/1363/1068
f 1229/1367/1073 1230/1368/1073 1231/1369/1073
f 1231/1369/1073 1232/1370/1073 1229/1367/1073
f 1233/1371/1074 1234/1372/1074 1235/1373/1074
f 1235/1373/1074 1236/1374/1074 1233/1371/1074
f 1237/1375/1075 1238/1376/1075 1239/1377/1075
f 1239/1377/1075 1240/1378/1075 1237/1375/1075
f 1241/1379/1076 1242/1380/1076 1243/1381/1076
f 1243/1381/1076 1244/1382/1076 1241/1379/1076
f 1245/1383/1076 1246/1384/1076 1247/1385/1076
f 1248/1386/1077 1249/1387/1077 1250/1388/1077
f 1250/1388/1077 1251/1389/1077 1248/1386/1077
f 1252/1390/1075 1253/1391/1075 1254/1392/1075
f 1255/1393/1075 1256/1394/1075 1257/1395/1075
f 1258/1396/1078 1259/1397/1078 1260/1398/1078
f 1260/1398/1078 1261/1399/1078 1258/1396/1078
f 1262/1400/1076 1263/1401/1076 1264/1402/1076
f 1265/1403/1079 1266/1404/1079 1267/1405/1079
f 1267/1405/1079 1268/1406/1079 1265/1403/1079
f 1269/1407/1076 1270/1408/1076 1271/1409/1076
f 1271/1409/1076 1272/1410/1076 1269/1407/1076
f 1273/1411/1080 1274/1412/1080 1275/1413/1080
f 1275/1413/1080 1276/1414/1080 1273/1411/1080
f 1277/1415/1075 1278/1416/1075 1279/1417/1075
f 1279/1417/1075 1280/1418/1075 1277/1415/1075
f 1281/1419/1080 1282/1420/1080 1283/1421/1080
f 1283/1421/1080 1284/1422/1080 1281/1419/1080
f 1285/1423/1075 1286/1424/1075 1287/1425/1075
f 1287/1425/1075 1288/1426/1075 1285/1423/1075
f 1289/1427/1079 1290/1428/1079 1291/1429/1079
f 1291/1429/1079 1292/1430/1079 1289/1427/1079
f 1293/1431/1076 1294/1432/1076 1295/1433/1076
f 1295/1433/1076 1296/1434/1076 1293/1431/1076
s 1
f 1297/1435/1081 1298/1436/1082 1299/1437/1083
f 1299/1437/1083 1300/1438/1084 1297/1435/1081
f 1301/1439/1085 1297/1440/1081 1300/1441/1084
f 1302/1442/1086 1303/1443/1087 1304/1444/1088
f 1304/1444/1088 1299/1437/1083 1302/1442/1086
f 1298/1436/1082 1302/1442/1086 1299/1437/1083
f 1305/1445/1089 1306/1446/1090 1307/1447/1091
f 1307/1447/1091 1308/1448/1092 1305/1445/1089
f 1309/1449/1093 1305/1445/1089 1308/1448/1092
f 1310/1450/1094 1301/1439/1085 1300/1441/1084
f 1300/1441/1084 1311/1451/1095 1310/1450/1094
f 1312/1452/1096 1310/1450/1094 1311/1451/1095
f 1311/1451/1095 1313/1453/1097 1312/1452/1096
f 1314/1454/1098 1315/1455/1099 1316/1456/1100
f 1316/1456/1100 1317/1457/1101 1314/1454/1098
f 1318/1458/1102 1319/1459/1103 1320/1460/1104
f 1320/1460/1104 1321/1461/1105 1318/1458/1102
f 1322/1462/1106 1318/1458/1102 1321/1461/1105
f 1323/1463/1107 1324/1464/1108 1325/1465/1109
f 1325/1465/1109 1316/1456/1100 1323/1463/1107
f 1315/1455/1099 1323/1463/1107 1316/1456/1100
f 1326/1466/1110 1327/1467/1111 1328/1468/1112
f 1328/1468/1112 1329/1469/1113 1326/1466/1110
f 1330/1470/1114 1326/1466/1110 1329/1469/1113
f 1306/1446/1090 1331/1471/1115 1307/1447/1091
f 1332/1472/1116 1330/1470/1114 1329/1469/1113
f 1329/1469/1113 1320/1473/1104 1332/1472/1116
f 1319/1459/1103 1332/1474/1116 1320/1460/1104
f 1333/1475/1117 1334/1476/1118 1335/1477/1118
f 1335/1477/1118 1336/1478/1119 1333/1475/1117
f 1337/1479/1120 1333/1475/1117 1336/1478/1119
f 1331/1480/1115 1337/1479/1120 1336/1478/1119
f 1336/1478/1119 1307/1481/1091 1331/1480/1115
f 1338/1482/1079 1312/1452/1096 1313/1453/1097
f 1327/1467/1111 1339/1483/1080 1328/1468/1112
f 1340/1484/1121 1314/1485/1098 1317/1486/1101
f 1341/1487/1122 1342/1488/1123 1343/1489/1124
f 1343/1489/1124 1344/1490/1122 1341/1487/1122
f 1342/1488/1123 1340/1484/1121 1317/1486/1101
f 1317/1486/1101 1343/1489/1124 1342/1488/1123
s 0
f 1345/1491/1125 1346/1492/1125 1347/1493/1125
s 1
f 1348/1494/1126 1349/1495/1127 1350/1496/1128
f 1350/1496/1128 1351/1497/1129 1348/1494/1126
f 1352/1498/1130 1353/1499/1131 1354/1500/1132
f 1355/1501/1133 1348/1494/1126 1351/1497/1129
f 1353/1499/1131 1356/1502/1134 1357/1503/1134
f 1357/1503/1134 1354/1500/1132 1353/1499/1131
f 1352/1498/1130 1354/1500/1132 1358/1504/1135
s 0
f 1359/1505/1136 1360/1506/1136 1361/1507/1136
s 1
f 1354/1500/1132 1362/1508/1137 1358/1504/1135
f 1363/1509/1138 1364/1510/1139 1365/1511/1140
f 1365/1511/1140 1366/1512/1141 1363/1509/1138
f 1367/1513/1142 1368/1514/1143 1369/1515/1144
f 1369/1515/1144 1370/1516/1145 1367/1513/1142
f 1371/1517/1146 1372/1518/1147 1366/1512/1141
f 1368/1514/1143 1373/1519/1148 1369/1515/1144
f 1373/1519/1148 1374/1520/1149 1375/1521/1150
f 1375/1521/1150 1369/1515/1144 1373/1519/1148
f 1372/1518/1147 1363/1509/1138 1366/1512/1141
f 1364/1510/1139 1367/1513/1142 1370/1516/1145
f 1370/1516/1145 1365/1511/1140 1364/1510/1139
f 1374/1520/1149 1376/1522/1151 1375/1521/1150
f 1377/1523/1152 1371/1517/1146 1366/1512/1141
f 1366/1512/1141 1378/1524/1153 1377/1523/1152
f 1379/1525/1154 1380/1526/1155 1381/1527/1156
f 1381/1527/1156 1382/1528/1157 1379/1525/1154
f 1383/1529/1158 1384/1530/1159 1385/1531/1160
f 1385/1531/1160 1381/1527/1156 1383/1529/1158
s 0
f 1386/1532/1161 1387/1533/1161 1388/1534/1161
f 1389/1535/1162 1390/1536/1162 1391/1537/1162
s 1
f 1380/1526/1155 1392/1538/1163 1381/1527/1156
s 0
f 1393/1539/1164 1394/1540/1164 1395/1541/1164
s 1
f 1385/1531/1160 1384/1530/1159 1396/1542/1165
f 1396/1542/1165 1397/1543/1166 1385/1531/1160
f 1397/1543/1166 1398/1544/1167 1385/1531/1160
f 1384/1530/1159 1399/1545/1168 1400/1546/1168
f 1400/1546/1168 1396/1542/1165 1384/1530/1159
s 0
f 1401/1547/1169 1402/1548/1169 1403/1549/1169
f 1403/1549/1169 1404/1550/1169 1401/1547/1169
s 1
f 1405/1551/1170 1402/1548/1169 1401/1547/1169
f 1401/1547/1169 1406/1552/1171 1405/1551/1170
f 1405/1551/1170 1406/1552/1171 1407/1553/1172
f 1407/1553/1172 1408/1554/1173 1405/1551/1170
s 0
f 1409/1555/1169 1410/1556/1169 1411/1557/1169
f 1411/1557/1169 1412/1558/1169 1409/1555/1169
s 1
f 1413/1559/1174 1414/1560/1174 1411/1557/1169
f 1411/1557/1169 1410/1556/1169 1413/1559/1174
f 1413/1559/1174 1415/1561/1175 1416/1562/1175
f 1416/1562/1175 1414/1560/1174 1413/1559/1174
f 1366/1512/1141 1365/1511/1140 1417/1563/1176
f 1417/1563/1176 1418/1564/1177 1366/1512/1141
f 1370/1516/1145 1369/1515/1144 1419/1565/1178
f 1419/1565/1178 1417/1563/1176 1370/1516/1145
f 1369/1515/1144 1375/1521/1150 1419/1565/1178
f 1365/1511/1140 1370/1516/1145 1417/1563/1176
f 1378/1524/1153 1366/1512/1141 1418/1564/1177
f 1385/1531/1160 1378/1524/1153 1418/1564/1177
f 1418/1564/1177 1381/1527/1156 1385/1531/1160
f 1375/1521/1150 1420/1566/1179 1351/1497/1129
f 1351/1497/1129 1419/1565/1178 1375/1521/1150
f 1418/1564/1177 1417/1563/1176 1421/1567/1180
f 1421/1567/1180 1422/1568/1181 1418/1564/1177
f 1417/1563/1176 1419/1565/1178 1423/1569/1182
f 1423/1569/1182 1421/1567/1180 1417/1563/1176
f 1381/1527/1156 1418/1564/1177 1422/1568/1181
f 1422/1568/1181 1382/1528/1157 1381/1527/1156
f 1419/1565/1178 1351/1497/1129 1350/1496/1128
f 1350/1496/1128 1423/1569/1182 1419/1565/1178
f 1424/1570/1183 1425/1571/1184 1426/1572/1185
f 1426/1572/1185 1427/1573/1186 1424/1570/1183
f 1428/1574/1187 1429/1575/1188 1430/1576/1189
f 1430/1576/1189 1424/1570/1183 1428/1574/1187
f 1425/1571/1184 1424/1570/1183 1430/1576/1189
f 1430/1576/1189 1431/1577/1190 1425/1571/1184
f 1428/1574/1187 1424/1570/1183 1427/1573/1186
f 1427/1573/1186 1432/1578/1187 1428/1574/1187
f 1433/1579/1191 1434/1580/1192 1435/1581/1193
f 1435/1581/1193 1436/1582/1191 1433/1579/1191
f 1435/1581/1193 1434/1580/1192 1437/1583/1194
f 1437/1583/1194 1438/1584/1194 1435/1581/1193
f 1439/1585/1195 1440/1586/1196 1441/1587/1197
f 1441/1588/1197 1442/1589/1197 1439/1590/1195
f 1443/1591/1198 1444/1592/1199 1445/1593/1200
f 1445/1593/1200 1446/1594/1201 1443/1591/1198
f 1447/1595/1202 1448/1596/1202 1440/1586/1196
f 1440/1586/1196 1439/1585/1195 1447/1595/1202
f 1446/1594/1201 1445/1593/1200 1449/1597/1203
f 1449/1597/1203 1450/1598/1203 1446/1594/1201
f 1451/1599/1204 1452/1600/1205 1453/1601/1206
f 1453/1601/1206 1454/1602/1207 1451/1599/1204
f 1454/1602/1207 1453/1601/1206 1455/1603/1208
f 1455/1603/1208 1456/1604/1209 1454/1602/1207
f 1457/1605/1210 1458/1606/1211 1459/1607/1212
f 1459/1607/1212 1460/1608/1213 1457/1605/1210
f 1460/1609/1213 1459/1610/1212 1461/1611/1214
f 1462/1612/1215 1463/1613/1215 1464/1614/1216
f 1464/1614/1216 1465/1615/1217 1462/1612/1215
f 1464/1614/1216 1466/1616/1218 1467/1617/1218
f 1467/1617/1218 1465/1615/1217 1464/1614/1216
f 1463/1613/1215 1462/1612/1215 1468/1618/1219
f 1468/1618/1219 1469/1619/1220 1463/1613/1215
f 1470/1620/1221 1471/1621/1221 1472/1622/1221
f 1472/1622/1221 1473/1623/1221 1470/1620/1221
f 1474/1624/1222 1475/1625/1223 1476/1626/1223
f 1476/1626/1223 1477/1627/1224 1474/1624/1222
f 1478/1628/1225 1479/1629/830 1480/1630/1226
f 1480/1630/1226 1481/1631/1227 1478/1628/1225
f 1482/1632/1228 1474/1624/1222 1477/1627/1224
f 1477/1627/1224 1483/1633/1229 1482/1632/1228
f 1484/1634/1230 1485/1635/1231 1486/1636/1232
f 1486/1636/1232 1487/1637/1233 1484/1634/1230
f 1486/1636/1232 1485/1635/1231 1488/1638/1234
f 1461/1611/1214 1459/1610/1212 1489/1639/1220
f 1489/1639/1220 1490/1640/1219 1461/1611/1214
f 1491/1641/1235 1492/1642/1236 1493/1643/1236
f 1493/1643/1236 1494/1644/1237 1491/1641/1235
f 1495/1645/1238 1496/1646/1236 1497/1647/1239
f 1497/1647/1239 1498/1648/1240 1495/1645/1238
f 1499/1649/1241 1500/1650/1242 1501/1651/1243
f 1501/1651/1243 1502/1652/1244 1499/1649/1241
f 1503/1653/1245 1504/1654/1246 1505/1655/1247
f 1505/1655/1247 1506/1656/1248 1503/1653/1245
f 1507/1657/1249 1508/1658/1250 1491/1641/1235
f 1491/1641/1235 1494/1644/1237 1507/1657/1249
f 1509/1659/1251 1510/1660/1252 1495/1645/1238
f 1495/1645/1238 1498/1648/1240 1509/1659/1251
f 1502/1652/1244 1501/1651/1243 1511/1661/1233
f 1511/1661/1233 1512/1662/1253 1502/1652/1244
f 1506/1656/1248 1505/1655/1247 1513/1663/1254
f 1513/1663/1254 1514/1664/1254 1506/1656/1248
f 1515/1665/1255 1516/1666/1232 1508/1658/1250
f 1508/1658/1250 1507/1657/1249 1515/1665/1255
f 1517/1667/1256 1518/1668/1256 1510/1660/1252
f 1510/1660/1252 1509/1659/1251 1517/1667/1256
s 0
f 1519/1669/1257 1520/1670/1257 1521/1671/1257
f 1521/1671/1258 1522/1672/1258 1519/1669/1258
f 1523/1673/1259 1524/1674/1259 1525/1675/1259
f 1525/1675/1260 1526/1676/1260 1523/1673/1260
f 1527/1677/1261 1528/1678/1261 1529/1679/1261
s 1
f 1529/1679/1262 1530/1680/1262 1527/1677/1262
s 0
f 1531/1681/1263 1532/1682/1263 1533/1683/1263
f 1533/1683/1264 1534/1684/1264 1531/1681/1264
f 1535/1685/1265 1536/1686/1265 1537/1687/1265
s 1
f 1537/1687/1266 1538/1688/1267 1535/1685/1267
s 0
f 1539/1689/1268 1540/1690/1268 1541/1691/1268
f 1541/1691/1269 1542/1692/1269 1539/1689/1269
s 1
f 1543/1693/1270 1544/1694/1270 1545/1695/1271
f 1545/1695/1271 1546/1696/1270 1543/1693/1270
f 1547/1697/1272 1548/1698/1272 1549/1699/1273
f 1549/1699/1273 1550/1700/1273 1547/1697/1272
f 1551/1701/1274 1552/1702/1274 1553/1703/1274
f 1553/1703/1274 1554/1704/1274 1551/1701/1274
f 1555/1705/1275 1556/1706/1275 1557/1707/1275
f 1557/1707/1275 1558/1708/1275 1555/1705/1275
s 0
f 1559/1709/1276 1560/1710/1276 1561/1711/1276
f 1561/1711/1277 1562/1712/1277 1559/1709/1277
f 1563/1713/1278 1564/1714/1278 1565/1715/1278
f 1565/1715/1279 1566/1716/1279 1563/1713/1279
s 1
f 1567/1717/1280 1568/1718/1280 1569/1719/1281
s 0
f 1569/1719/1282 1570/1720/1283 1567/1717/1283
f 1571/1721/1284 1572/1722/1284 1573/1723/1284
s 1
f 1573/1723/1285 1574/1724/1285 1571/1721/1285
s 0
f 1575/1725/1286 1576/1726/1286 1577/1727/1286
f 1577/1727/1287 1578/1728/1287 1575/1725/1287
s 1
f 1579/1729/1288 1580/1730/1288 1581/1731/1288
s 0
f 1581/1731/1289 1582/1732/1289 1579/1729/1289
s 1
f 1583/1733/1290 1584/1734/1290 1585/1735/1290
f 1585/1735/1290 1586/1736/1290 1583/1733/1290
f 1587/1737/1291 1588/1738/1291 1589/1739/1291
f 1589/1739/1291 1590/1740/1291 1587/1737/1291
f 1591/1741/1292 1592/1742/1293 1593/1743/1292
f 1593/1743/1292 1594/1744/1293 1591/1741/1292
f 1595/1745/1294 1596/1746/1294 1597/1747/1294
f 1597/1747/1294 1598/1748/1294 1595/1745/1294
s 0
f 1599/1749/1295 1600/1750/1295 1601/1751/1295
f 1601/1751/1295 1602/1752/1295 1599/1749/1295
s 1
f 1603/1753/1296 1604/1754/1297 1605/1755/1298
f 1605/1755/1298 1606/1756/1299 1603/1753/1296
f 1607/1757/1300 1608/1758/1301 1609/1759/1302
f 1610/1760/1303 1611/1761/1304 1612/1762/1305
f 1612/1762/1305 1613/1763/1306 1610/1760/1303
f 1614/1764/1307 1615/1765/1308 1616/1766/1309
f 1616/1766/1309 1609/1759/1302 1614/1764/1307
f 1617/1767/1310 1618/1768/1311 1609/1759/1302
f 1609/1759/1302 1616/1766/1309 1617/1767/1310
f 1604/1754/1297 1603/1753/1296 1611/1761/1304
f 1611/1761/1304 1610/1760/1303 1604/1754/1297
f 1618/1768/1311 1604/1754/1297 1610/1760/1303
f 1610/1760/1303 1609/1759/1302 1618/1768/1311
f 1610/1760/1303 1613/1763/1306 1607/1757/1300
f 1607/1757/1300 1609/1759/1302 1610/1760/1303
f 1608/1758/1301 1614/1764/1307 1609/1759/1302
f 1619/1769/1312 1620/1770/1313 1621/1771/1314
f 1621/1771/1314 1622/1772/1315 1619/1769/1312
f 1620/1770/1313 1623/1773/1316 1624/1774/1317
f 1624/1774/1317 1621/1771/1314 1620/1770/1313
f 1625/1775/1318 1626/1776/1319 1627/1777/1320
f 1627/1777/1320 1628/1778/1318 1625/1775/1318
f 1626/1776/1319 1629/1779/1321 1630/1780/1322
f 1630/1780/1322 1627/1777/1320 1626/1776/1319
f 1629/1779/1321 1631/1781/1323 1632/1782/1324
f 1632/1782/1324 1630/1780/1322 1629/1779/1321
f 1631/1783/1323 1633/1784/1325 1634/1785/1326
f 1634/1785/1326 1632/1786/1324 1631/1783/1323
f 1633/1784/1325 1635/1787/1327 1636/1788/1328
f 1636/1788/1328 1634/1785/1326 1633/1784/1325
f 1635/1787/1327 1637/1789/1329 1638/1790/1330
f 1638/1790/1330 1636/1788/1328 1635/1787/1327
f 1637/1789/1329 1639/1791/1331 1640/1792/1332
f 1640/1792/1332 1638/1790/1330 1637/1789/1329
f 1639/1793/1331 1641/1794/1333 1642/1795/1334
f 1642/1795/1334 1640/1796/1332 1639/1793/1331
f 1641/1794/1333 1619/1769/1312 1622/1772/1315
f 1622/1772/1315 1642/1795/1334 1641/1794/1333
f 1643/1797/1335 1644/1798/1336 1645/1799/1337
f 1645/1799/1337 1646/1800/1338 1643/1797/1335
f 1644/1798/1336 1647/1801/1339 1648/1802/1339
f 1648/1802/1339 1645/1799/1337 1644/1798/1336
f 1649/1803/1340 1650/1804/1341 1651/1805/1342
f 1651/1805/1342 1652/1806/1340 1649/1803/1340
f 1650/1804/1341 1653/1807/1343 1654/1808/1344
f 1654/1808/1344 1651/1805/1342 1650/1804/1341
f 1653/1807/1343 1655/1809/1345 1656/1810/1345
f 1656/1810/1345 1654/1808/1344 1653/1807/1343
f 1655/1809/1345 1657/1811/1346 1658/1812/1347
f 1658/1812/1347 1656/1810/1345 1655/1809/1345
f 1657/1811/1346 1659/1813/1348 1660/1814/1349
f 1660/1814/1349 1658/1812/1347 1657/1811/1346
f 1659/1813/1348 1661/1815/1350 1662/1816/1351
f 1662/1816/1351 1660/1814/1349 1659/1813/1348
f 1661/1815/1350 1663/1817/1352 1664/1818/1353
f 1664/1818/1353 1662/1816/1351 1661/1815/1350
f 1663/1819/1352 1665/1820/1354 1666/1821/1355
f 1666/1822/1355 1664/1818/1353 1663/1817/1352
f 1665/1820/1354 1643/1797/1335 1646/1800/1338
f 1646/1800/1338 1666/1821/1355 1665/1820/1354
f 1667/1823/1356 1668/1824/1357 1669/1825/1358
f 1669/1825/1358 1670/1826/1359 1667/1823/1356
f 1668/1824/1357 1671/1827/1360 1669/1825/1358
f 1672/1828/1361 1673/1829/1362 1674/1830/1363
f 1674/1830/1363 1675/1831/1364 1672/1828/1361
s 0
f 1673/1829/1365 1676/1832/1366 1677/1833/1366
f 1677/1833/1363 1674/1830/1367 1673/1829/1368
s 1
f 1678/1834/1369 1679/1835/1370 1680/1836/1371
f 1680/1836/1371 1681/1837/1372 1678/1834/1369
f 1679/1835/1370 1682/1838/1373 1683/1839/1374
f 1683/1839/1374 1680/1836/1371 1679/1835/1370
f 1682/1838/1373 1684/1840/1375 1685/1841/1376
f 1685/1841/1376 1683/1839/1374 1682/1838/1373
f 1684/1840/1375 1686/1842/1377 1687/1843/1378
f 1687/1843/1378 1685/1841/1376 1684/1840/1375
f 1686/1842/1377 1688/1844/1379 1689/1845/1380
f 1689/1845/1380 1687/1843/1378 1686/1842/1377
f 1688/1846/1379 1667/1823/1356 1670/1826/1359
f 1670/1826/1359 1689/1847/1380 1688/1846/1379
s 0
f 1690/1848/1381 1691/1849/1381 1692/1850/1381
f 1692/1850/1381 1693/1851/1381 1690/1848/1381
f 1694/1852/1382 1695/1853/1382 1696/1854/1382
f 1696/1854/1382 1697/1855/1382 1694/1852/1382
f 1698/1856/1382 1699/1857/1382 1700/1858/1382
f 1700/1858/1382 1701/1859/1382 1698/1856/1382
f 1702/1860/1383 1703/1861/1383 1704/1862/1383
f 1704/1862/1383 1705/1863/1383 1702/1860/1383
f 1706/1864/1382 1707/1865/1382 1708/1866/1382
f 1708/1866/1382 1709/1867/1382 1706/1864/1382
f 1710/1868/1383 1711/1869/1383 1712/1870/1383
f 1712/1870/1383 1713/1871/1383 1710/1868/1383
f 1714/1872/1382 1715/1873/1382 1716/1874/1382
f 1716/1874/1382 1717/1875/1382 1714/1872/1382
f 1718/1876/1381 1719/1877/1381 1720/1878/1381
f 1720/1878/1381 1721/1879/1381 1718/1876/1381
s 1
f 1722/1880/1384 1723/1881/1384 1724/1882/1384
f 1724/1882/1384 1725/1883/1384 1722/1880/1384
f 1726/1884/1385 1727/1885/1385 1728/1886/1385
f 1728/1886/1385 1729/1887/1386 1726/1884/1385
f 1730/1888/1387 1731/1889/1387 1732/1890/1387
f 1732/1890/1387 1733/1891/1387 1730/1888/1387
f 1734/1892/1388 1735/1893/1388 1736/1894/1388
f 1736/1894/1388 1737/1895/1388 1734/1892/1388
f 1738/1896/1389 1739/1897/1389 1740/1898/1389
f 1740/1898/1389 1741/1899/1390 1738/1896/1389
f 1742/1900/1391 1743/1901/1391 1744/1902/1391
f 1744/1902/1391 1745/1903/1391 1742/1900/1391
f 1746/1904/1392 1747/1905/1392 1748/1906/1393
f 1748/1906/1393 1749/1907/1393 1746/1904/1392
f 1750/1908/1394 1751/1909/1394 1752/1910/1394
f 1752/1910/1394 1753/1911/1395 1750/1908/1394
f 1754/1912/1396 1755/1913/1396 1756/1914/1397
f 1756/1914/1397 1757/1915/1396 1754/1912/1396
s 0
f 1758/1916/1398 1759/1917/1398 1760/1918/1398
f 1760/1918/1399 1761/1919/1399 1758/1916/1399
f 1762/1920/1400 1763/1921/1400 1764/1922/1400
f 1764/1922/1400 1765/1923/1400 1762/1920/1400
f 1766/1924/1401 1767/1925/1401 1768/1926/1401
f 1768/1926/1402 1769/1927/1402 1766/1924/1402
f 1770/1928/1403 1771/1929/1403 1772/1930/1403
f 1772/1930/1403 1773/1931/1403 1770/1928/1403
s 1
f 1774/1932/1404 1775/1933/1405 1776/1934/1406
f 1777/1935/1407 1778/1936/1408 1779/1937/1409
f 1779/1937/1409 1780/1938/1410 1777/1935/1407
f 1781/1939/1411 1782/1940/1412 1783/1941/1413
f 1784/1942/1414 1785/1943/1415 1786/1944/1416
f 1786/1944/1416 1787/1945/1417 1784/1942/1414
f 1788/1946/1418 1789/1947/1419 1790/1948/1420
f 1790/1948/1420 1791/1949/1421 1788/1946/1418
f 1792/1950/1419 1793/1951/1422 1794/1952/1423
f 1794/1952/1423 1795/1953/1424 1792/1950/1419
f 1794/1954/1423 1796/1955/1425 1797/1956/1426
f 1798/1957/1427 1799/1958/1428 1791/1949/1421
f 1791/1949/1421 1797/1959/1426 1798/1957/1427
s 0
f 1800/1960/1429 1801/1961/1429 1802/1962/1429
f 1802/1962/1429 1803/1963/1429 1800/1960/1429
f 1804/1964/1430 1805/1965/1430 1806/1966/1430
f 1806/1966/1430 1807/1967/1430 1804/1964/1430
f 1808/1968/1431 1809/1969/1431 1810/1970/1431
f 1810/1970/1431 1811/1971/1431 1808/1968/1431
f 1812/1972/1432 1813/1973/1432 1814/1974/1432
s 1
f 1814/1974/1432 1815/1975/1432 1812/1972/1432
f 1793/1976/1422 1816/1977/1433 1796/1955/1425
f 1796/1955/1425 1794/1954/1423 1793/1976/1422
f 1817/1978/1434 1816/1977/1433 1783/1979/1413
f 1783/1979/1413 1782/1980/1412 1817/1978/1434
f 1796/1955/1425 1798/1981/1427 1797/1956/1426
f 1818/1982/1435 1777/1983/1407 1780/1984/1410
f 1780/1984/1410 1819/1985/1436 1818/1982/1435
f 1820/1986/1437 1774/1932/1404 1776/1934/1406
f 1776/1987/1406 1821/1988/1438 1820/1989/1437
f 1798/1990/1427 1779/1937/1409 1778/1936/1408
f 1778/1936/1408 1799/1991/1428 1798/1990/1427
f 1822/1992/1439 1823/1993/1440 1785/1994/1415
f 1785/1994/1415 1784/1995/1414 1822/1992/1439
f 1774/1932/1404 1818/1982/1435 1819/1985/1436
f 1819/1985/1436 1775/1933/1405 1774/1932/1404
f 1787/1996/1417 1786/1997/1416 1816/1998/1433
f 1816/1977/1433 1817/1978/1434 1787/1945/1417
f 1791/1949/1421 1799/1958/1428 1788/1946/1418
f 1824/1999/1411 1789/2000/1419 1788/2001/1418
f 1783/1979/1413 1816/1977/1433 1793/1976/1422
f 1792/1950/1419 1781/1939/1411 1783/1941/1413
f 1783/1941/1413 1793/1951/1422 1792/1950/1419
f 1825/2002/1441 1826/2003/1442 1827/2004/1429
f 1827/2004/1429 1828/2005/1429 1825/2002/1441
s 0
f 1829/2006/1429 1830/2007/1429 1831/2008/1429
f 1831/2008/1429 1832/2009/1429 1829/2006/1429
s 1
f 1830/2007/1429 1833/2010/1443 1834/2011/1444
f 1834/2011/1444 1831/2008/1429 1830/2007/1429
f 1833/2010/1443 1835/2012/1445 1836/2013/1446
f 1836/2013/1446 1834/2011/1444 1833/2010/1443
f 1835/2012/1445 1837/2014/1429 1838/2015/1429
f 1838/2015/1429 1836/2013/1446 1835/2012/1445
s 0
f 1837/2014/1429 1839/2016/1429 1840/2017/1429
f 1840/2017/1429 1838/2015/1429 1837/2014/1429
s 1
f 1839/2016/1429 1841/2018/1447 1842/2019/1448
f 1842/2019/1448 1840/2017/1429 1839/2016/1429
f 1841/2018/1447 1843/2020/1449 1844/2021/1450
f 1844/2021/1450 1842/2019/1448 1841/2018/1447
f 1843/2020/1449 1829/2006/1451 1832/2009/1451
f 1832/2009/1451 1844/2021/1450 1843/2020/1449
f 1845/2022/1452 1846/2023/1453 1847/2024/1453
f 1847/2024/1453 1848/2025/1452 1845/2022/1452
f 1846/2023/1453 1849/2026/1454 1850/2027/1455
f 1850/2027/1455 1847/2024/1453 1846/2023/1453
f 1849/2028/1454 1851/2029/1456 1852/2030/1457
f 1852/2030/1457 1850/2031/1455 1849/2028/1454
f 1851/2032/1456 1853/2033/1458 1852/2034/1457
f 1853/2033/1458 1854/2035/1459 1855/2036/1460
f 1855/2036/1460 1852/2034/1457 1853/2033/1458
f 1854/2037/1459 1856/2038/1461 1857/2039/1462
f 1857/2039/1462 1855/2040/1460 1854/2037/1459
f 1856/2038/1461 1858/2041/1463 1859/2042/1464
f 1859/2042/1464 1857/2039/1462 1856/2038/1461
f 1858/2043/1463 1845/2022/1452 1848/2025/1452
f 1848/2025/1452 1859/2044/1464 1858/2043/1463
f 1860/2045/1465 1861/2046/1466 1826/2003/1442
f 1826/2003/1442 1825/2002/1441 1860/2045/1465
f 1861/2046/1466 1862/2047/1467 1826/2003/1442
f 1819/1985/1436 1784/2048/1414 1787/2049/1417
f 1787/2049/1417 1775/1933/1405 1819/1985/1436
f 1817/2050/1434 1776/1934/1406 1775/1933/1405
f 1775/1933/1405 1787/2049/1417 1817/2050/1434
f 1780/1938/1410 1822/1992/1439 1784/1995/1414
f 1784/1995/1414 1819/2051/1436 1780/1938/1410
f 1776/1987/1406 1817/2052/1434 1782/1940/1412
f 1782/1940/1412 1821/1988/1438 1776/1987/1406
f 1786/1944/1416 1796/1955/1425 1816/1977/1433
f 1796/1955/1425 1786/1944/1416 1785/1943/1415
f 1785/1943/1415 1798/1981/1427 1796/1955/1425
f 1798/1990/1427 1785/1994/1415 1823/1993/1440
f 1823/1993/1440 1779/1937/1409 1798/1990/1427
f 1823/1993/1440 1822/1992/1439 1780/1938/1410
f 1780/1938/1410 1779/1937/1409 1823/1993/1440
f 1863/2053/1468 1864/2054/186 1865/2055/1469
f 1865/2055/1469 1866/2056/1470 1863/2053/1468
f 1867/2057/190 1868/2058/1471 1869/2059/1472
f 1869/2059/1472 1870/2060/1473 1871/2061/1474
f 1871/2061/1474 1867/2057/190 1869/2059/1472
f 1872/2062/213 1873/2063/1475 1874/2064/1476
f 1874/2064/1476 1875/2065/1477 1872/2062/213
f 1872/2062/213 1875/2065/1477 1869/2059/1472
f 1869/2059/1472 1868/2058/1471 1872/2062/213
f 1864/2054/186 1863/2053/1468 1876/2066/234
f 1877/2067/437 1878/2068/436 1879/2069/1478
f 1879/2069/1478 1880/2070/1479 1877/2067/437
f 1881/2071/1480 1882/2072/1481 1883/2073/439
f 1883/2074/439 1884/2075/1482 1881/2076/1480
f 1885/2077/1483 1886/2078/1484 1887/2079/1485
f 1887/2079/1485 1888/2080/1486 1885/2077/1483
f 1889/2081/1487 1890/2082/1488 1891/2083/1489
f 1891/2083/1489 1892/2084/1490 1889/2081/1487
f 1888/2080/1486 1887/2079/1485 1893/2085/1491
f 1893/2085/1491 1894/2086/1492 1888/2080/1486
f 1892/2084/1490 1891/2083/1489 1895/2087/1493
f 1895/2087/1493 1896/2088/1494 1892/2084/1490
f 1896/2088/1494 1895/2087/1493 1897/2089/1495
f 1898/2090/1496 1897/2089/1495 1899/2091/1497
f 1899/2091/1497 1900/2092/1498 1898/2090/1496
f 1899/2093/1497 1886/2078/1484 1901/2094/1499
f 1901/2094/1499 1900/2095/1498 1899/2093/1497
f 1902/2096/1500 1903/2097/1500 1904/2098/1501
f 1904/2098/1501 1905/2099/1501 1902/2096/1500
f 1906/2100/1502 1907/2101/1503 1908/2102/1504
f 1908/2102/1504 1896/2088/1494 1906/2100/1502
f 1898/2090/1496 1906/2100/1502 1896/2088/1494
f 1896/2088/1494 1897/2089/1495 1898/2090/1496
f 1886/2078/1484 1885/2077/1483 1909/2103/1505
f 1909/2103/1505 1901/2094/1499 1886/2078/1484
f 1908/2104/1504 1907/2105/1503 1909/2103/1505
f 1909/2103/1505 1885/2077/1483 1908/2104/1504
f 1910/2106/1506 1911/2107/1507 1912/2108/1508
f 1912/2108/1508 1913/2109/1509 1910/2106/1506
f 1914/2110/1510 1915/2111/1510 1916/2112/1510
f 1916/2112/1510 1917/2113/1510 1914/2110/1510
f 1918/2114/1511 1919/2115/1512 1920/2116/1513
f 1920/2116/1513 1921/2117/1511 1918/2114/1511
f 1919/2115/1512 1922/2118/1514 1920/2116/1513
f 1923/2119/1515 1924/2120/1515 1925/2121/1515
f 1925/2121/1515 1926/2122/1515 1923/2119/1515
f 1927/2123/1516 1910/2106/1506 1913/2109/1509
f 1928/2124/1517 1929/2125/1518 1930/2126/1518
f 1930/2126/1518 1931/2127/1519 1928/2124/1517
f 1932/2128/1520 1933/2129/1521 1934/2130/1521
f 1934/2130/1521 1935/2131/1522 1932/2128/1520
f 1936/2132/1523 1937/2133/1524 1938/2134/1525
f 1938/2134/1525 1939/2135/1526 1936/2132/1523
f 1935/2131/1522 1940/2136/1527 1941/2137/1528
f 1941/2137/1528 1932/2128/1520 1935/2131/1522
f 1942/2138/1529 1943/2139/1530 1944/2140/1530
f 1944/2140/1530 1941/2137/1528 1942/2138/1529
f 1940/2136/1527 1942/2138/1529 1941/2137/1528
f 1929/2125/1518 1938/2134/1525 1937/2133/1524
f 1937/2133/1524 1930/2126/1518 1929/2125/1518
f 1933/2129/1521 1928/2124/1517 1931/2127/1519
f 1931/2127/1519 1934/2130/1521 1933/2129/1521
f 1945/2141/1531 1946/2142/1532 1947/2143/1533
f 1947/2143/1533 1948/2144/1533 1945/2141/1531
f 1949/2145/1534 1950/2146/1534 1882/2072/1481
f 1882/2072/1481 1881/2071/1480 1949/2145/1534
f 1880/2070/1479 1879/2069/1478 1946/2142/1532
f 1946/2142/1532 1945/2141/1531 1880/2070/1479
f 1948/2144/1533 1947/2143/1533 1950/2146/1534
f 1950/2146/1534 1949/2145/1534 1948/2144/1533
f 1951/2147/1535 1952/2148/1536 1953/2149/1537
f 1954/2150/1538 1955/2151/1539 1956/2152/1540
f 1956/2152/1540 1957/2153/1541 1954/2150/1538
f 1955/2151/1539 1958/2154/1542 1959/2155/1543
f 1959/2155/1543 1956/2152/1540 1955/2151/1539
f 1958/2156/1542 1952/2148/1536 1951/2147/1535
f 1951/2147/1535 1959/2157/1543 1958/2156/1542
f 1960/2158/1544 1954/2150/1538 1957/2153/1541
f 1957/2153/1541 1961/2159/1005 1960/2158/1544
s 0
f 1962/2160/1545 1963/2161/1545 1964/2162/1545
s 1
f 1965/2163/1546 1966/2164/1546 1967/2165/1547
f 1967/2165/1547 1968/2166/1548 1965/2163/1546
f 1967/2165/1547 1969/2167/1549 1970/2168/1550
f 1970/2168/1550 1968/2166/1548 1967/2165/1547
f 1970/2168/1550 1969/2167/1549 1971/2169/1551
f 1971/2169/1551 1972/2170/1552 1973/2171/1553
f 1973/2171/1553 1974/2172/946 1971/2169/1551
f 1975/2173/1554 1976/2174/1555 1977/2175/1032
f 1977/2175/1032 1978/2176/1554 1975/2173/1554
f 1979/2177/1556 1980/2178/1557 1981/2179/1557
f 1981/2179/1557 1982/2180/1558 1979/2177/1556
f 1983/2181/1559 1984/2182/1560 1985/2183/1561
f 1985/2183/1561 1986/2184/1055 1983/2181/1559
f 1944/2140/1530 1943/2139/1530 1987/2185/1562
f 1987/2185/1562 1988/2186/1562 1944/2140/1530
f 1936/2132/1523 1939/2135/1526 1989/2187/1563
f 1989/2187/1563 1990/2188/1563 1936/2132/1523
f 1991/2189/1060 1992/2190/1061 1993/2191/1564
f 834/936/768 836/938/770 1994/2192/1565
f 1994/2192/1565 1995/2193/1565 834/936/768
f 1452/1600/1205 1451/1599/1204 1996/2194/1239
f 1996/2194/1239 1997/2195/1236 1452/1600/1205
f 1500/1650/1242 1499/1649/1241 1998/2196/1236
f 1998/2196/1236 1999/2197/1236 1500/1650/1242
f 1504/1654/1246 1503/1653/1245 2000/2198/1236
f 2000/2198/1236 2001/2199/1236 1504/1654/1246
s 0
f 2002/2200/1566 2003/2201/1566 2004/2202/1566
f 2004/2202/1567 2005/2203/1567 2002/2200/1567
f 2006/2204/1568 2007/2205/1568 2008/2206/1568
f 2008/2206/1569 2009/2207/1569 2006/2204/1569
f 2010/2208/1570 2011/2209/1570 2012/2210/1570
f 2012/2210/1571 2013/2211/1571 2010/2208/1571
f 2014/2212/1572 2015/2213/1572 2016/2214/1572
f 2016/2214/1573 2017/2215/1573 2014/2212/1573
s 1
f 1618/1768/1311 1617/1767/1310 2018/2216/1574
f 2018/2216/1574 2019/2217/1575 1618/1768/1311
f 1604/1754/1297 1618/1768/1311 2019/2217/1575
f 2019/2217/1575 1605/1755/1298 1604/1754/1297
f 2020/2218/1576 1672/1828/1361 1675/1831/1364
f 1675/1831/1364 2021/2219/1577 2020/2218/1576
f 2022/2220/1578 2023/2221/1579 2024/2222/1580
f 2024/2222/1580 2025/2223/1580 2022/2220/1578
f 2026/2224/1581 2027/2225/1582 2028/2226/1583
f 2028/2226/1583 2029/2227/1583 2026/2224/1581
f 2030/2228/1584 2031/2229/1584 2032/2230/1585
f 2032/2230/1585 2033/2231/1586 2030/2228/1584
f 2034/2232/1587 2035/2233/1588 2036/2234/1589
f 2036/2234/1589 2037/2235/1589 2034/2232/1587
f 2038/2236/1590 2039/2237/1590 2040/2238/1591
f 2040/2238/1591 2041/2239/1591 2038/2236/1590
f 2042/2240/1592 2043/2241/1592 2044/2242/1593
f 2044/2242/1593 2045/2243/1593 2042/2240/1592
f 2046/2244/1594 2047/2245/1594 2048/2246/1595
f 2048/2246/1595 2049/2247/1596 2046/2244/1594
f 2050/2248/1597 2051/2249/1597 2052/2250/1598
f 2052/2250/1598 2053/2251/1599 2050/2248/1597
s 0
f 2054/2252/1600 2055/2253/1600 2056/2254/1600
f 2056/2254/1600 2057/2255/1600 2054/2252/1600
f 2058/2256/1601 2059/2257/1601 2060/2258/1601
f 2060/2258/1601 2061/2259/1601 2058/2256/1601
f 2062/2260/1600 2063/2261/1600 2064/2262/1600
f 2064/2262/1600 2065/2263/1600 2062/2260/1600
f 2066/2264/1602 2067/2265/1602 2068/2266/1602
f 2068/2266/1602 2069/2267/1602 2066/2264/1602
f 2070/2268/1600 2071/2269/1600 2072/2270/1600
f 2072/2270/1600 2073/2271/1600 2070/2268/1600
f 2074/2272/1601 2075/2273/1601 2076/2274/1601
f 2076/2274/1601 2077/2275/1601 2074/2272/1601
f 2078/2276/1600 2079/2277/1600 2080/2278/1600
f 2080/2278/1600 2081/2279/1600 2078/2276/1600
f 2082/2280/1602 2083/2281/1602 2084/2282/1602
f 2084/2282/1602 2085/2283/1602 2082/2280/1602
s 1
f 2086/2284/1603 2087/2285/1604 3/3/3
f 3/3/3 2/2/2 2086/2284/1603
f 2086/2284/1603 2088/2286/1605 2089/2287/1606
f 2089/2287/1606 2087/2285/1604 2086/2284/1603
f 2090/2288/1607 2091/2289/1608 2092/2290/1609
f 2092/2290/1609 2093/2291/1610 2090/2288/1607
f 2094/2292/1611 2095/2293/1612 2096/2294/1613
f 2096/2294/1613 2097/2295/1614 2094/2292/1611
f 2098/2296/1615 2099/2297/1616 2100/2298/1617
f 2100/2298/1617 2101/2299/1618 2098/2296/1615
f 2098/2296/1615 20/20/20 19/19/19
f 19/19/19 2099/2297/1616 2098/2296/1615
f 2102/2300/1619 2103/2301/1620 2104/2302/1621
f 2104/2302/1621 2105/2303/1622 2102/2300/1619
f 2102/2300/1619 2105/2303/1622 26/26/26
f 26/26/26 25/25/25 2102/2300/1619
f 2106/2304/1623 2107/2305/1624 29/29/29
f 29/29/29 28/28/28 2106/2304/1623
f 2108/2306/1625 2107/2305/1624 2106/2304/1623
f 2106/2304/1623 2109/2307/1626 2108/2306/1625
f 33/33/33 2110/2308/1627 2106/2304/1623
f 2106/2304/1623 28/28/28 33/33/33
f 35/35/35 38/38/38 2111/2309/1628
f 2111/2309/1628 2112/2310/1629 35/35/35
f 2113/2311/1630 2114/2312/1631 2115/2313/1632
f 2115/2313/1632 2116/2314/1633 2113/2311/1630
f 2117/2315/1634 2118/2316/1635 2119/2317/1636
f 2119/2317/1636 2120/2318/1637 2117/2315/1634
f 2121/2319/1638 2122/2320/1639 2123/2321/1640
f 2123/2321/1640 2124/2322/1641 2121/2319/1638
f 2125/2323/1642 2122/2320/1639 2121/2319/1638
f 2121/2319/1638 2126/2324/1643 2125/2323/1642
f 2127/2325/1644 2103/2301/1620 2102/2300/1619
f 2102/2300/1619 2128/2326/1645 2127/2325/1644
f 2127/2325/1644 2128/2326/1645 2129/2327/1646
f 2129/2327/1646 2130/2328/1647 2127/2325/1644
f 57/57/57 58/58/58 2129/2327/1646
f 2129/2327/1646 2128/2326/1645 57/57/57
f 57/57/57 2128/2326/1645 2102/2300/1619
f 2102/2300/1619 25/25/25 57/57/57
f 2131/2329/1648 2132/2330/1649 2133/2331/1650
f 2133/2331/1650 2134/2332/1651 2131/2329/1648
f 2133/2331/1650 2135/2333/1652 2136/2334/1653
f 2136/2334/1653 2134/2332/1651 2133/2331/1650
f 2137/2335/1654 2138/2336/1655 2139/2337/1656
f 2140/2338/1657 2141/2339/1658 2142/2340/1659
f 2143/2341/1660 2138/2336/1655 2144/2342/1661
f 2138/2343/1655 2137/2344/1654 2145/2345/1662
f 2145/2345/1662 2144/2346/1661 2138/2343/1655
f 2140/2338/1657 2091/2289/1608 2146/2347/1663
f 2147/2348/1664 2148/2349/1665 2149/2350/1666
f 2149/2350/1666 2150/2351/1667 2147/2348/1664
f 2151/2352/1668 2152/2353/1669 2148/2349/1665
f 2148/2349/1665 2153/2354/1670 2151/2352/1668
f 2154/2355/1671 2155/2356/1672 2151/2352/1668
f 2151/2352/1668 2153/2354/1670 2154/2355/1671
f 2104/2302/1621 2156/2357/1673 2157/2358/1674
f 2157/2358/1674 2105/2303/1622 2104/2302/1621
f 2158/2359/1675 2159/2360/1676 2157/2358/1674
f 2157/2358/1674 2156/2357/1673 2158/2359/1675
f 2160/2361/1677 2161/2362/1678 2162/2363/1679
f 2162/2363/1679 2163/2364/1680 2160/2361/1677
f 2164/2365/1681 2165/2366/1682 2166/2367/1683
f 2166/2367/1683 2167/2368/1684 2164/2365/1681
f 2166/2367/1683 2130/2328/1647 2129/2327/1646
f 2129/2327/1646 2167/2368/1684 2166/2367/1683
f 2161/2362/1678 2168/2369/1685 2169/2370/1686
f 2169/2370/1686 2162/2363/1679 2161/2362/1678
f 2160/2371/1677 2170/2372/1687 2171/2373/1688
f 2172/2374/1689 2170/2375/1687 2160/2376/1677
f 2160/2377/1677 2163/2378/1680 2172/2379/1689
f 2173/2380/1690 2174/2381/1691 2175/2382/1692
f 2175/2382/1692 2176/2383/1693 2173/2380/1690
f 2177/2384/1694 2178/2385/1695 2179/2386/1696
f 2179/2386/1696 2180/2387/1697 2177/2384/1694
f 2178/2385/1695 2181/2388/1698 2110/2308/1627
f 2110/2308/1627 2179/2386/1696 2178/2385/1695
f 2174/2381/1691 2182/2389/1699 2183/2390/1700
f 2183/2390/1700 2175/2382/1692 2174/2381/1691
f 2184/2391/1701 2174/2392/1691 2173/2393/1690
f 2173/2393/1690 2185/2394/1702 2184/2391/1701
f 2184/2391/1701 2186/2395/1703 2182/2396/1699
f 2182/2396/1699 2174/2392/1691 2184/2391/1701
f 2173/2397/1690 2176/2398/1693 2187/2399/1704
f 2187/2399/1704 2185/2400/1702 2173/2397/1690
f 2188/2401/1705 2177/2402/1694 2189/2403/1706
f 2087/2285/1604 2089/2287/1606 2190/2404/1707
f 2190/2404/1707 2191/2405/1708 2087/2285/1604
f 2087/2285/1604 2192/2406/1709 120/132/120
f 120/132/120 3/3/3 2087/2285/1604
f 2193/2407/1710 123/135/123 120/132/120
f 120/132/120 2192/2406/1709 2193/2407/1710
f 2144/2346/1661 2145/2345/1662 2194/2408/1711
f 2194/2408/1711 2195/2409/1712 2144/2346/1661
f 2196/2410/1713 2143/2341/1660 2144/2342/1661
f 2144/2342/1661 2195/2411/1712 2196/2410/1713
f 2197/2412/1714 2198/2413/1715 2199/2414/1716
f 2199/2414/1716 2200/2415/1717 2197/2412/1714
f 2200/2415/1717 2199/2414/1716 2201/2416/1718
f 2201/2416/1718 2202/2417/1719 2200/2415/1717
f 2203/2418/1720 2204/2419/1721 2205/2420/1722
f 2205/2420/1722 2206/2421/1723 2203/2418/1720
f 2207/2422/1724 2205/2423/1722 2204/2424/1721
f 2204/2424/1721 2208/2425/1725 2207/2422/1724
f 2105/2303/1622 2157/2358/1674 139/154/139
f 139/154/139 26/26/26 2105/2303/1622
f 2157/2358/1674 2159/2360/1676 140/155/140
f 140/155/140 139/154/139 2157/2358/1674
f 2150/2351/1667 2149/2350/1666 2209/2426/1726
f 2209/2426/1726 2210/2427/1727 2150/2351/1667
f 2211/2428/1728 2209/2429/1726 2149/2430/1666
f 2149/2350/1666 2212/2431/1729 2211/2432/1728
f 2167/2368/1684 146/163/146 145/162/145
f 145/162/145 2164/2365/1681 2167/2368/1684
f 2167/2368/1684 2129/2327/1646 58/58/58
f 58/58/58 146/163/146 2167/2368/1684
f 2213/2433/1730 2155/2356/1672 2154/2355/1671
f 2154/2355/1671 2214/2434/1731 2213/2433/1730
f 2171/2373/1688 2170/2372/1687 2215/2435/1732
f 2215/2435/1732 2216/2436/1733 2171/2373/1688
f 2215/2437/1732 2170/2375/1687 2172/2374/1689
f 2172/2374/1689 2217/2438/1734 2215/2437/1732
f 2112/2310/1629 2218/2439/1735 2180/2440/1697
f 2180/2440/1697 2219/2441/1736 2112/2310/1629
f 2112/2310/1629 2219/2441/1736 154/173/154
f 154/173/154 35/35/35 2112/2310/1629
f 2220/2442/1737 2219/2443/1736 2180/2387/1697
f 2180/2387/1697 2179/2386/1696 2220/2442/1737
f 2220/2442/1737 156/177/156 154/176/154
f 154/176/154 2219/2443/1736 2220/2442/1737
f 2220/2442/1737 2110/2308/1627 33/33/33
f 33/33/33 156/177/156 2220/2442/1737
f 2220/2442/1737 2179/2386/1696 2110/2308/1627
f 2221/2444/1738 2222/2445/1739 2223/2446/1740
f 2223/2446/1740 2224/2447/1741 2221/2444/1738
f 2225/2448/1742 2226/2449/1743 2222/2450/1739
f 2222/2450/1739 2221/2451/1738 2225/2448/1742
f 2225/2448/1742 2227/2452/1744 2228/2453/1745
f 2228/2453/1745 2226/2449/1743 2225/2448/1742
f 2225/2448/1742 2221/2451/1738 2182/2396/1699
f 2182/2396/1699 2186/2395/1703 2225/2448/1742
f 2224/2447/1741 2183/2390/1700 2182/2389/1699
f 2182/2389/1699 2221/2444/1738 2224/2447/1741
f 2110/2308/1627 2181/2388/1698 2109/2307/1626
f 2109/2307/1626 2106/2304/1623 2110/2308/1627
f 2214/2434/1731 2229/2454/1746 2230/2455/1747
f 2230/2455/1747 2213/2433/1730 2214/2434/1731
f 2230/2455/1747 2229/2454/1746 2169/2370/1686
f 2169/2370/1686 2168/2369/1685 2230/2455/1747
f 2231/2456/1748 2232/2457/1749 2233/2458/1750
f 2233/2458/1750 2234/2459/1751 2231/2456/1748
f 2235/2460/1752 2236/2461/1753 2237/2462/1754
f 2215/2435/1732 2238/2463/1755 2239/2464/1756
f 2239/2464/1756 2240/2465/1757 2215/2435/1732
f 2241/2466/1758 2240/2465/1757 2239/2464/1756
f 2238/2467/1755 2215/2437/1732 2217/2438/1734
f 2217/2438/1734 2242/2468/1759 2238/2467/1755
f 2222/2445/1739 2238/2467/1755 2242/2468/1759
f 2242/2468/1759 2223/2446/1740 2222/2445/1739
f 2108/2306/1625 2243/2469/1760 2244/2470/1761
f 2244/2470/1761 2107/2305/1624 2108/2306/1625
f 2245/2471/1762 2246/2472/1763 2247/2473/1763
f 2247/2473/1763 2248/2474/1764 2245/2471/1762
f 185/209/184 29/29/29 2107/2305/1624
f 2107/2305/1624 2244/2470/1761 185/209/184
f 186/210/185 2245/2471/1762 2248/2474/1764
f 2248/2474/1764 187/211/185 186/210/185
f 2249/2475/1765 2250/2476/1766 2251/2477/1767
f 2251/2477/1767 2252/2478/1768 2249/2475/1765
f 2253/2479/1769 2254/2480/1770 2255/2481/1771
f 2255/2481/1771 2256/2482/1772 2253/2479/1769
f 2253/2479/1769 2256/2482/1772 2257/2483/1773
f 2257/2483/1773 2258/2484/1774 2253/2479/1769
f 2259/2485/1775 2260/2486/1776 2202/2417/1719
f 2202/2417/1719 2261/2487/1777 2259/2485/1775
f 2259/2485/1775 2262/2488/1778 2263/2489/1779
f 2263/2489/1779 2260/2486/1776 2259/2485/1775
f 2259/2485/1775 2264/2490/1780 2265/2491/1781
f 2265/2491/1781 2262/2488/1778 2259/2485/1775
f 2259/2485/1775 2261/2487/1777 2255/2481/1771
f 2255/2481/1771 2264/2490/1780 2259/2485/1775
f 2266/2492/1782 2267/2493/1783 2197/2412/1714
f 2197/2412/1714 2200/2415/1717 2266/2492/1782
f 2266/2492/1782 2268/2494/1784 2269/2495/1785
f 2269/2495/1785 2267/2493/1783 2266/2492/1782
f 2266/2492/1782 2260/2486/1776 2263/2489/1779
f 2263/2489/1779 2268/2494/1784 2266/2492/1782
f 2202/2417/1719 2260/2486/1776 2266/2492/1782
f 2266/2492/1782 2200/2415/1717 2202/2417/1719
f 2270/2496/1786 2271/2497/1787 2272/2498/1788
f 2272/2498/1788 2273/2499/1789 2270/2496/1786
f 2270/2496/1786 2274/2500/1790 2275/2501/1791
f 2275/2501/1791 2271/2497/1787 2270/2496/1786
f 2270/2496/1786 2267/2493/1783 2269/2495/1785
f 2269/2495/1785 2274/2500/1790 2270/2496/1786
f 2270/2496/1786 2273/2499/1789 2197/2412/1714
f 2197/2412/1714 2267/2493/1783 2270/2496/1786
f 2276/2502/1792 2264/2490/1780 2255/2481/1771
f 2255/2481/1771 2254/2480/1770 2276/2502/1792
f 2276/2502/1792 2277/2503/1793 2265/2491/1781
f 2265/2491/1781 2264/2490/1780 2276/2502/1792
f 2278/2504/1794 2279/2505/1795 2280/2506/1796
f 2280/2506/1796 2120/2318/1637 2278/2504/1794
f 2278/2504/1794 2281/2507/1797 2282/2508/1798
f 2282/2508/1798 2279/2505/1795 2278/2504/1794
f 2283/2509/1799 2284/2510/1800 2285/2511/1801
f 2286/2512/1802 2287/2513/1803 2288/2514/1804
f 2288/2514/1804 2285/2511/1801 2286/2512/1802
f 2289/2515/1805 2287/2513/1803 2286/2512/1802
f 2286/2512/1802 2290/2516/1806 2289/2515/1805
f 2290/2516/1806 2286/2512/1802 2291/2517/1807
f 2291/2517/1807 2292/2518/1808 2290/2516/1806
f 2293/2519/1809 2294/2520/1810 2290/2516/1806
f 2290/2516/1806 2292/2518/1808 2293/2519/1809
f 2289/2515/1805 2290/2516/1806 2294/2520/1810
f 2294/2520/1810 2295/2521/1811 2289/2515/1805
f 2294/2520/1810 2279/2505/1795 2282/2508/1798
f 2282/2508/1798 2295/2521/1811 2294/2520/1810
f 2280/2506/1796 2279/2505/1795 2296/2522/1812
f 2249/2475/1765 2252/2478/1768 2297/2523/1813
f 2297/2523/1813 2298/2524/1814 2249/2475/1765
f 2299/2525/1815 2271/2497/1787 2275/2501/1791
f 2275/2501/1791 2300/2526/1816 2299/2525/1815
f 2299/2525/1815 2301/2527/1817 2272/2498/1788
f 2272/2498/1788 2271/2497/1787 2299/2525/1815
f 2302/2528/1818 2252/2478/1768 2251/2477/1767
f 2251/2477/1767 2303/2529/1819 2302/2528/1818
f 2302/2528/1818 2304/2530/1820 2297/2523/1813
f 2297/2523/1813 2252/2478/1768 2302/2528/1818
f 2302/2528/1818 2285/2511/1801 2288/2514/1804
f 2288/2514/1804 2304/2530/1820 2302/2528/1818
f 2302/2528/1818 2303/2529/1819 2283/2509/1799
f 2283/2509/1799 2285/2511/1801 2302/2528/1818
f 2305/2531/1821 2124/2322/1641 2306/2532/1822
f 2306/2532/1822 2307/2533/1823 2305/2531/1821
f 2308/2534/1824 2124/2322/1641 2305/2531/1821
f 2124/2322/1641 2123/2321/1640 2309/2535/1825
f 2309/2535/1825 2306/2532/1822 2124/2322/1641
f 2256/2482/1772 2310/2536/1826 2311/2537/1827
f 2311/2537/1827 2257/2483/1773 2256/2482/1772
f 2202/2417/1719 2310/2536/1826 2261/2487/1777
f 2256/2482/1772 2255/2481/1771 2261/2487/1777
f 2312/2538/1828 2313/2539/1829 2314/2540/1830
f 2314/2540/1830 2301/2527/1817 2312/2538/1828
f 2315/2541/1831 2316/2542/1832 2317/2543/1833
f 2317/2543/1833 2318/2544/1833 2315/2541/1831
f 2319/2545/1834 2320/2546/1835 2321/2547/1836
f 2321/2547/1836 2322/2548/1837 2319/2545/1834
f 2323/2549/1838 2324/2550/1839 2325/2551/1840
f 2325/2551/1840 2326/2552/1841 2323/2549/1838
s 0
f 2327/2553/1842 2328/2554/1842 2329/2555/1842
s 1
f 2292/2518/1808 2291/2517/1807 2330/2556/1843
f 2330/2556/1843 2228/2453/1745 2292/2518/1808
f 2331/2557/1844 2241/2466/1758 2330/2556/1843
f 2330/2556/1843 2332/2558/1845 2331/2557/1844
f 2273/2499/1789 2272/2498/1788 2333/2559/1846
f 2333/2559/1846 2198/2413/1715 2273/2499/1789
f 2273/2499/1789 2198/2413/1715 2197/2412/1714
f 2203/2418/1720 2196/2410/1713 2195/2411/1712
f 2195/2411/1712 2204/2419/1721 2203/2418/1720
f 2195/2409/1712 2194/2408/1711 2208/2425/1725
f 2208/2425/1725 2204/2424/1721 2195/2409/1712
f 2097/2295/1614 2096/2294/1613 2093/2291/1610
f 2093/2291/1610 2092/2290/1609 2097/2295/1614
f 2098/2296/1615 2101/2299/1618 2088/2286/1605
f 2088/2286/1605 2086/2284/1603 2098/2296/1615
f 2098/2296/1615 2086/2284/1603 2/2/2
f 2/2/2 20/20/20 2098/2296/1615
f 2206/2421/1723 2205/2420/1722 2233/2560/1750
f 2233/2560/1750 2237/2462/1754 2206/2421/1723
f 2234/2459/1751 2233/2458/1750 2205/2423/1722
f 2205/2423/1722 2207/2422/1724 2234/2459/1751
f 2095/2293/1612 2094/2292/1611 2334/2561/1847
f 2334/2561/1847 2335/2562/1848 2095/2293/1612
f 2099/2297/1616 2336/2563/1849 2337/2564/1850
f 2337/2564/1850 2100/2298/1617 2099/2297/1616
f 2099/2297/1616 19/19/19 277/302/272
f 277/302/272 2336/2563/1849 2099/2297/1616
f 2299/2525/1815 2312/2538/1828 2301/2527/1817
f 2300/2526/1816 2312/2538/1828 2299/2525/1815
f 2314/2540/1830 2333/2559/1846 2272/2498/1788
f 2272/2498/1788 2301/2527/1817 2314/2540/1830
f 2338/2565/1851 2281/2507/1797 2278/2504/1794
f 2120/2318/1637 2119/2317/1636 2338/2565/1851
f 2338/2565/1851 2278/2504/1794 2120/2318/1637
f 2202/2417/1719 2201/2416/1718 2339/2566/1852
f 2339/2566/1852 2201/2416/1718 2236/2461/1753
f 2236/2461/1753 2340/2567/1853 2339/2566/1852
f 2341/2568/1854 2342/2569/1855 2343/2570/1856
f 2343/2570/1856 2344/2571/1854 2341/2568/1854
f 2342/2569/1855 2345/2572/1857 2346/2573/1858
f 2346/2573/1858 2343/2570/1856 2342/2569/1855
f 2347/2574/1859 2348/2575/1860 2349/2576/1861
f 2347/2574/1859 2349/2576/1861 2350/2577/1862
f 2350/2577/1862 2351/2578/1863 2347/2574/1859
f 2237/2462/1754 2352/2579/1864 2235/2460/1752
f 2239/2464/1756 2238/2463/1755 2222/2450/1739
f 2222/2450/1739 2226/2449/1743 2239/2464/1756
f 2239/2464/1756 2226/2449/1743 2228/2453/1745
f 2228/2453/1745 2241/2466/1758 2239/2464/1756
f 2353/2580/1865 2319/2545/1834 2322/2548/1837
f 2322/2548/1837 2354/2581/1866 2353/2580/1865
f 2111/2309/1628 2355/2582/1867 2218/2439/1735
f 2218/2439/1735 2112/2310/1629 2111/2309/1628
f 2356/2583/1868 2117/2315/1634 2120/2318/1637
f 2120/2318/1637 2280/2506/1796 2356/2583/1868
f 2357/2584/1869 2358/2585/1870 2359/2586/1871
f 2359/2586/1871 2184/2391/1701 2357/2584/1869
f 2187/2399/1704 2360/2587/1872 2361/2588/1873
f 2361/2588/1873 2185/2400/1702 2187/2399/1704
f 304/329/297 303/328/297 2362/2589/1874
f 2362/2589/1874 2363/2590/1875 304/329/297
f 2364/2591/1876 2365/2592/1876 2363/2590/1875
f 2363/2590/1875 2362/2589/1874 2364/2591/1876
f 2284/2510/1800 2330/2556/1843 2291/2517/1807
f 2286/2512/1802 2285/2511/1801 2284/2510/1800
f 2284/2510/1800 2291/2517/1807 2286/2512/1802
f 2296/2522/1812 2279/2505/1795 2294/2520/1810
f 2294/2520/1810 2293/2519/1809 2296/2522/1812
f 2228/2453/1745 2227/2452/1744 2293/2519/1809
f 2293/2519/1809 2292/2518/1808 2228/2453/1745
f 2185/2394/1702 2361/2593/1873 2357/2584/1869
f 2357/2584/1869 2184/2391/1701 2185/2394/1702
f 2206/2421/1723 2201/2416/1718 2199/2414/1716
f 2199/2414/1716 2203/2418/1720 2206/2421/1723
f 2198/2413/1715 2203/2418/1720 2199/2414/1716
f 2366/2594/1877 2367/2595/1878 2368/2596/1879
f 2368/2596/1879 2369/2597/1880 2366/2594/1877
f 2370/2598/1881 2371/2599/1882 2372/2600/1883
f 2372/2600/1883 2373/2601/1884 2370/2598/1881
f 2367/2595/1878 2374/2602/1885 2375/2603/1886
f 2375/2603/1886 2368/2596/1879 2367/2595/1878
f 2376/2604/1887 2370/2598/1881 2373/2601/1884
f 2373/2601/1884 2377/2605/1888 2376/2604/1887
f 2378/2606/1889 2379/2607/1890 2380/2608/1891
f 2380/2608/1891 2381/2609/1892 2378/2606/1889
f 2381/2610/1892 2382/2611/1893 2383/2612/1894
f 2383/2612/1894 2378/2613/1889 2381/2610/1892
f 2382/2611/1893 2384/2614/1895 2385/2615/1896
f 2385/2615/1896 2383/2612/1894 2382/2611/1893
f 2386/2616/1897 2387/2617/1898 2388/2618/1899
f 2388/2618/1899 2389/2619/1900 2386/2616/1897
f 2390/2620/1901 2391/2621/1901 2388/2618/1899
f 2388/2618/1899 2387/2617/1898 2390/2620/1901
f 2392/2622/1902 2393/2623/1903 2394/2624/1904
f 2394/2624/1904 2395/2625/1905 2392/2622/1902
f 2396/2626/1906 2397/2627/1907 2398/2628/1908
f 2398/2628/1908 2399/2629/1906 2396/2626/1906
f 2397/2627/1907 2400/2630/1909 2401/2631/1910
f 2401/2631/1910 2398/2628/1908 2397/2627/1907
f 2402/2632/1911 2392/2622/1902 2395/2625/1905
f 2395/2625/1905 2403/2633/1912 2402/2632/1911
f 2404/2634/1913 2394/2635/1904 2393/2636/1903
f 2393/2636/1903 2405/2637/1914 2404/2634/1913
f 2406/2638/1915 2407/2639/1916 2408/2640/1917
f 2408/2640/1917 2409/2641/1918 2406/2638/1915
f 2410/2642/1919 2411/2643/1920 2412/2644/1921
f 2412/2644/1921 2413/2645/1922 2410/2642/1919
f 2411/2643/1920 2414/2646/1923 2415/2647/1924
f 2415/2647/1924 2412/2644/1921 2411/2643/1920
f 2416/2648/1925 2406/2638/1915 2409/2641/1918
f 2409/2641/1918 2417/2649/1926 2416/2648/1925
f 2407/2650/1916 2418/2651/1927 2419/2652/1928
f 2419/2652/1928 2408/2653/1917 2407/2650/1916
f 2420/2654/1929 2410/2642/1919 2413/2645/1922
f 2413/2645/1922 2421/2655/1930 2420/2654/1929
f 2422/2656/1931 2376/2604/1887 2377/2605/1888
f 2377/2605/1888 2423/2657/1932 2422/2656/1931
f 2374/2602/1885 2424/2658/1933 2425/2659/1934
f 2425/2659/1934 2375/2603/1886 2374/2602/1885
f 2426/2660/1935 2427/2661/1936 2428/2662/1937
f 2428/2662/1937 2429/2663/1938 2426/2660/1935
f 2430/2664/1939 2431/2665/1940 2432/2666/1941
f 2432/2666/1941 2433/2667/1942 2430/2664/1939
f 2379/2668/1890 2434/2669/1943 2435/2670/1943
f 2435/2671/1943 2380/2608/1891 2379/2607/1890
f 2436/2672/1944 2385/2615/1896 2384/2614/1895
f 2384/2614/1895 2437/2673/1945 2436/2672/1944
f 2389/2619/1900 2438/2674/1946 2439/2675/1947
f 2439/2675/1947 2386/2616/1897 2389/2619/1900
f 2440/2676/1948 2404/2634/1913 2405/2637/1914
f 2405/2637/1914 2441/2677/1949 2440/2676/1948
f 2442/2678/1950 2443/2679/1951 2444/2680/1952
f 2444/2680/1952 2445/2681/1953 2442/2678/1950
f 2446/2682/1954 2447/2683/1955 2448/2684/1956
f 2448/2684/1956 2449/2685/1957 2446/2682/1954
f 2417/2649/1926 2448/2684/1956 2447/2683/1955
f 2447/2683/1955 2416/2648/1925 2417/2649/1926
f 2442/2678/1950 2445/2681/1953 2415/2647/1924
f 2415/2647/1924 2414/2646/1923 2442/2678/1950
f 2450/2686/1958 2439/2675/1947 2438/2674/1946
f 2438/2674/1946 2451/2687/1958 2450/2686/1958
f 2437/2673/1945 2452/2688/1959 2453/2689/1960
f 2453/2689/1960 2436/2672/1944 2437/2673/1945
f 2403/2633/1912 2453/2689/1960 2452/2688/1959
f 2452/2688/1959 2402/2632/1911 2403/2633/1912
f 2451/2687/1958 2401/2631/1910 2400/2630/1909
f 2400/2630/1909 2450/2686/1958 2451/2687/1958
f 2454/2690/1961 2455/2691/1962 2456/2692/1963
f 2456/2692/1963 2457/2693/1964 2454/2690/1961
f 2441/2694/1949 2458/2695/1965 2459/2696/1966
f 2459/2696/1966 2440/2697/1948 2441/2694/1949
f 2458/2695/1965 2446/2682/1954 2449/2685/1957
f 2449/2685/1957 2459/2696/1966 2458/2695/1965
f 2460/2698/1967 2461/2699/1967 2444/2680/1952
f 2444/2680/1952 2443/2679/1951 2460/2698/1967
f 2462/2700/1968 2463/2701/1968 2464/2702/1968
f 2464/2702/1968 2465/2703/1968 2462/2700/1968
f 2424/2658/1933 2426/2660/1935 2429/2663/1938
f 2429/2663/1938 2425/2659/1934 2424/2658/1933
f 2431/2665/1940 2422/2656/1931 2423/2657/1932
f 2423/2657/1932 2432/2666/1941 2431/2665/1940
f 2427/2661/1936 2457/2693/1964 2456/2692/1963
f 2456/2692/1963 2428/2662/1937 2427/2661/1936
f 2466/2704/1969 2430/2664/1939 2433/2667/1942
f 2433/2667/1942 2467/2705/1970 2466/2704/1969
f 2468/2706/1971 2469/2707/1972 2470/2708/1973
f 2470/2708/1973 2471/2709/1974 2468/2706/1971
f 2203/2418/1720 2198/2413/1715 2333/2559/1846
f 2333/2559/1846 2196/2410/1713 2203/2418/1720
f 2333/2559/1846 2472/2710/1975 2196/2410/1713
f 2473/2711/1976 2240/2465/1757 2241/2466/1758
f 2241/2466/1758 2474/2712/1977 2473/2711/1976
f 2475/2713/1978 2121/2319/1638 2124/2322/1641
f 2124/2322/1641 2308/2534/1824 2475/2713/1978
f 2476/2714/1979 2126/2324/1643 2121/2319/1638
f 2121/2319/1638 2475/2713/1978 2476/2714/1979
f 2237/2462/1754 2236/2461/1753 2201/2416/1718
f 2201/2416/1718 2206/2421/1723 2237/2462/1754
f 2240/2465/1757 2216/2436/1733 2215/2435/1732
f 2212/2431/1729 2149/2350/1666 2148/2349/1665
f 2148/2349/1665 2152/2353/1669 2212/2431/1729
f 2153/2354/1670 2148/2349/1665 2147/2348/1664
f 2237/2462/1754 2233/2560/1750 2232/2715/1749
f 2232/2715/1749 2352/2579/1864 2237/2462/1754
f 2477/2716/1980 2478/2717/1981 2479/2718/1982
f 2479/2718/1982 2480/2719/1983 2477/2716/1980
f 2481/2720/1984 2482/2721/1985 2479/2718/1982
f 2479/2718/1982 2478/2717/1981 2481/2720/1984
f 2483/2722/1986 2484/2723/1987 2485/2724/1988
f 2485/2724/1988 2486/2725/1989 2483/2722/1986
f 2487/2726/1990 2488/2727/1991 2489/2728/1992
f 2489/2728/1992 2490/2729/1993 2487/2726/1990
f 2491/2730/1994 2482/2721/1985 2481/2720/1984
f 2481/2720/1984 2492/2731/1995 2491/2730/1994
f 2493/2732/1996 2494/2733/1997 2495/2734/1998
f 2495/2734/1998 2496/2735/1999 2493/2732/1996
f 2496/2735/1999 2497/2736/2000 2498/2737/2001
f 2498/2737/2001 2493/2732/1996 2496/2735/1999
f 2497/2736/2000 2499/2738/2002 2500/2739/2003
f 2500/2739/2003 2498/2737/2001 2497/2736/2000
f 2501/2740/2004 2502/2741/2005 2503/2742/2006
f 2503/2743/2006 2504/2744/2007 2501/2745/2004
f 2505/2746/2008 2506/2747/2009 2507/2748/2010
f 2507/2749/2010 2508/2750/2011 2505/2751/2008
f 2509/2752/2012 2510/2753/2013 2511/2754/2014
f 2511/2754/2014 2512/2755/2015 2509/2752/2012
f 2513/2756/2016 2505/2751/2008 2508/2750/2011
f 2508/2750/2011 2514/2757/2017 2513/2756/2016
f 2515/2758/2018 2513/2759/2016 2514/2760/2017
f 2514/2761/2017 2516/2762/2018 2515/2763/2018
f 2517/2764/2019 2518/2765/2020 2519/2766/2020
f 2519/2766/2020 2520/2767/2021 2517/2764/2019
f 2521/2768/2022 2517/2764/2019 2520/2767/2021
f 2520/2767/2021 2522/2769/2023 2521/2768/2022
f 2510/2753/2013 2523/2770/2024 2524/2771/2024
f 2524/2771/2024 2511/2754/2014 2510/2753/2013
f 2525/2772/2025 2526/2773/2026 2527/2774/2027
f 2528/2775/2028 2501/2745/2004 2504/2744/2007
f 2504/2776/2007 2529/2777/2028 2528/2778/2028
f 2530/2779/2029 2531/2780/2029 2532/2781/2029
f 2532/2782/2029 2533/2783/2029 2530/2784/2029
f 2534/2785/2030 2525/2772/2025 2527/2774/2027
f 2527/2774/2027 2535/2786/2030 2534/2785/2030
f 2351/2578/1863 2350/2577/1862 2536/2787/2031
f 2536/2787/2031 2537/2788/2031 2351/2578/1863
f 2538/2789/2032 2503/2742/2006 2502/2741/2005
f 2502/2741/2005 2539/2790/2033 2538/2789/2032
f 2540/2791/2034 2541/2792/2035 2542/2793/2035
f 2542/2793/2035 2543/2794/2036 2540/2791/2034
f 2544/2795/2037 2545/2796/2038 2546/2797/2039
f 2546/2797/2039 2547/2798/2039 2544/2795/2037
f 2548/2799/2040 2549/2800/2041 2550/2801/2041
f 2550/2802/2041 2551/2803/2042 2548/2804/2040
f 2552/2805/2043 2553/2806/2044 2554/2807/2045
f 2554/2807/2045 2555/2808/2046 2552/2805/2043
f 2556/2809/2047 2557/2810/2048 2558/2811/2049
f 2558/2811/2049 2559/2812/2050 2556/2809/2047
f 2553/2806/2044 2556/2809/2047 2559/2812/2050
f 2559/2812/2050 2554/2807/2045 2553/2806/2044
f 2560/2813/2051 2491/2730/1994 2492/2731/1995
f 2492/2731/1995 2561/2814/2052 2560/2813/2051
f 2562/2815/2053 2563/2816/2053 2564/2817/2054
f 2564/2817/2054 2565/2818/2055 2562/2815/2053
f 2566/2819/2056 2563/2816/2053 2562/2815/2053
f 2562/2815/2053 2567/2820/2057 2566/2819/2056
f 2568/2821/2058 2569/2822/2059 2570/2823/2060
f 2570/2823/2060 2571/2824/2061 2568/2821/2058
f 2572/2825/2062 2573/2826/2063 2574/2827/2063
f 2574/2827/2063 2575/2828/2064 2572/2825/2062
f 2576/2829/2065 2521/2768/2022 2522/2769/2023
f 2522/2769/2023 2577/2830/2066 2576/2829/2065
f 2578/2831/2067 2579/2832/2067 2576/2829/2065
f 2576/2829/2065 2577/2830/2066 2578/2831/2067
f 2560/2833/2051 2561/2834/2052 2548/2804/2040
f 2548/2804/2040 2551/2803/2042 2560/2833/2051
f 2580/2835/2068 2540/2791/2034 2543/2794/2036
f 2543/2836/2036 2581/2837/2069 2580/2838/2068
f 2483/2722/1986 2487/2726/1990 2490/2729/1993
f 2490/2729/1993 2484/2723/1987 2483/2722/1986
f 2582/2839/2070 2583/2840/2071 2584/2841/2072
f 2584/2841/2072 2585/2842/2073 2582/2839/2070
f 2586/2843/2074 2455/2691/1962 2454/2690/1961
f 2454/2690/1961 2587/2844/2075 2586/2843/2074
f 2583/2845/2071 2489/2728/1992 2488/2727/1991
f 2488/2727/1991 2584/2846/2072 2583/2845/2071
f 2588/2847/2076 2586/2843/2074 2587/2844/2075
f 2587/2844/2075 2589/2848/2076 2588/2847/2076
f 2590/2849/2077 2591/2850/2078 2592/2851/2079
f 2592/2851/2079 2593/2852/2080 2590/2849/2077
f 2592/2851/2079 2591/2850/2078 2594/2853/2081
f 2594/2853/2081 2595/2854/2082 2592/2851/2079
f 2596/2855/2083 2597/2856/2084 2598/2857/2085
f 2598/2857/2085 2599/2858/2086 2596/2855/2083
f 2600/2859/2087 2601/2860/2088 2602/2861/2089
f 2602/2861/2089 2603/2862/2090 2600/2859/2087
f 2604/2863/2091 2605/2864/2092 2353/2580/1865
f 2353/2580/1865 2354/2581/1866 2604/2863/2091
f 2353/2580/1865 2605/2864/2092 2606/2865/2093
f 2607/2866/2094 2608/2867/2095 2609/2868/2096
f 2609/2868/2096 2610/2869/2097 2607/2866/2094
f 2241/2466/1758 2331/2557/1844 2611/2870/2098
f 2611/2870/2098 2474/2712/1977 2241/2466/1758
f 2612/2871/2099 2613/2872/2100 2601/2860/2088
f 2601/2860/2088 2600/2859/2087 2612/2871/2099
f 2160/2371/1677 2614/2873/2101 2615/2874/2102
f 2615/2874/2102 2161/2875/1678 2160/2371/1677
f 2161/2875/1678 2615/2874/2102 2616/2876/2103
f 2616/2876/2103 2168/2877/1685 2161/2875/1678
f 2617/2878/2104 2614/2873/2101 2160/2371/1677
f 2160/2371/1677 2171/2373/1688 2617/2878/2104
f 2171/2373/1688 2216/2436/1733 2618/2879/2105
f 2618/2879/2105 2617/2878/2104 2171/2373/1688
f 2216/2436/1733 2240/2465/1757 2473/2711/1976
f 2473/2711/1976 2618/2879/2105 2216/2436/1733
f 2598/2857/2085 2597/2856/2084 2619/2880/2106
f 2619/2880/2106 2620/2881/2107 2598/2857/2085
f 2568/2821/2058 2477/2716/1980 2480/2719/1983
f 2480/2719/1983 2569/2822/2059 2568/2821/2058
f 2485/2724/1988 2495/2734/1998 2494/2733/1997
f 2494/2733/1997 2486/2725/1989 2485/2724/1988
f 2613/2872/2100 2612/2871/2099 2620/2881/2107
f 2620/2881/2107 2619/2880/2106 2613/2872/2100
f 2608/2867/2095 2607/2866/2094 2603/2862/2090
s 0
f 2621/2882/2108 2622/2883/2108 2623/2884/2108
s 1
f 2624/2885/2109 2625/2886/2110 2626/2887/2111
f 2626/2887/2111 2132/2330/1649 2624/2885/2109
f 2132/2330/1649 2626/2887/2111 2627/2888/2112
f 2627/2888/2112 2133/2331/1650 2132/2330/1649
f 2627/2888/2112 2628/2889/2113 2135/2333/1652
f 2135/2333/1652 2133/2331/1650 2627/2888/2112
f 2610/2869/2097 2609/2868/2096 2629/2890/2114
f 2607/2866/2094 2610/2869/2097 2325/2551/1840
f 2325/2551/1840 2324/2550/1839 2607/2866/2094
f 2544/2891/2037 2630/2892/2115 2631/2893/2116
f 2631/2893/2116 2545/2894/2038 2544/2891/2037
f 2632/2895/2117 2624/2885/2109 2132/2330/1649
f 2132/2330/1649 2131/2329/1648 2632/2895/2117
f 2604/2863/2091 2354/2581/1866 2633/2896/2118
f 2634/2897/2119 2635/2898/2120 2636/2899/2121
f 2637/2900/2122 2595/2854/2082 2594/2853/2081
f 2596/2855/2083 2599/2858/2086 2638/2901/2123
f 2590/2849/2077 2593/2852/2080 2639/2902/2124
f 2640/2903/2125 2641/2904/2126 2642/2905/2127
f 2611/2870/2098 2331/2557/1844 2643/2906/2128
f 2644/2907/2129 2168/2877/1685 2616/2876/2103
f 2645/2908/2130 2646/2909/2131 2647/2910/2131
f 2647/2910/2131 2648/2911/2130 2645/2908/2130
f 2649/2912/2132 2650/2913/2132 2651/2914/2133
f 2651/2914/2133 2652/2915/2134 2649/2912/2132
f 2652/2915/2134 2651/2914/2133 2653/2916/2135
f 2653/2916/2135 2654/2917/2136 2652/2915/2134
f 2655/2918/2137 2656/2919/2137 2645/2908/2130
f 2645/2908/2130 2648/2911/2130 2655/2918/2137
f 2657/2920/2138 2658/2921/2139 2659/2922/2140
f 2659/2922/2140 2660/2923/2140 2657/2920/2138
f 2660/2923/2140 2659/2922/2140 2661/2924/2141
f 2661/2924/2141 2662/2925/2142 2660/2923/2140
f 2662/2925/2142 2661/2924/2141 2663/2926/2143
f 2663/2926/2143 2664/2927/2144 2662/2925/2142
f 2664/2927/2144 2663/2926/2143 2665/2928/2145
f 2665/2928/2145 2666/2929/2146 2664/2927/2144
f 2666/2929/2146 2665/2928/2145 2667/2930/2147
f 2668/2931/2148 2669/2932/2149 2670/2933/2150
f 2668/2931/2148 2670/2933/2150 2671/2934/2151
f 2672/2935/2152 2673/2936/2152 2674/2937/2153
f 2674/2937/2153 2675/2938/2154 2672/2935/2152
f 2675/2938/2154 2674/2937/2153 2676/2939/2155
f 2676/2939/2155 2677/2940/2156 2675/2938/2154
f 2677/2941/2156 2676/2942/2155 2678/2943/2157
f 2678/2943/2157 2679/2944/2158 2677/2941/2156
f 2679/2945/2158 2678/2946/2157 2680/2947/2159
f 2680/2947/2159 2681/2948/2160 2679/2945/2158
f 2681/2948/2160 2680/2947/2159 2682/2949/2161
f 2682/2949/2161 2683/2950/2162 2681/2948/2160
f 2683/2950/2162 2682/2949/2161 2684/2951/2163
f 2684/2951/2163 2685/2952/2164 2683/2950/2162
f 2685/2952/2164 2684/2951/2163 2686/2953/2165
f 2686/2953/2165 2687/2954/2165 2685/2952/2164
f 2688/2955/2166 2689/2956/2167 2690/2957/2168
f 2690/2957/2168 2691/2958/2169 2688/2955/2166
f 2692/2959/2170 2693/2960/2171 2688/2955/2166
f 2688/2955/2166 2691/2958/2169 2692/2959/2170
f 2689/2956/2167 2694/2961/2172 2695/2962/2173
f 2695/2962/2173 2690/2957/2168 2689/2956/2167
f 2696/2963/2174 2697/2964/2175 2698/2965/2176
f 2698/2966/2176 2699/2967/2177 2696/2968/2174
f 2694/2961/2172 2700/2969/2178 2701/2970/2179
f 2701/2970/2179 2695/2962/2173 2694/2961/2172
f 2698/2971/2176 2702/2972/2180 2703/2973/2181
f 2703/2974/2181 2699/2967/2177 2698/2966/2176
f 2704/2975/2182 2705/2976/2183 2706/2977/2184
f 2706/2977/2184 2707/2978/2185 2704/2975/2182
f 2708/2979/2186 2709/2980/2187 2707/2978/2185
f 2707/2978/2185 2706/2977/2184 2708/2979/2186
f 2710/2981/2188 2711/2982/2189 2712/2983/2190
f 2712/2983/2190 2713/2984/2191 2710/2981/2188
f 2711/2985/2189 2714/2986/2192 2715/2987/2193
f 2715/2987/2193 2712/2988/2190 2711/2985/2189
f 2714/2986/2192 2716/2989/2194 2717/2990/2195
f 2717/2990/2195 2715/2987/2193 2714/2986/2192
f 2718/2991/2196 2719/2992/2196 2717/2993/2195
f 2717/2990/2195 2716/2989/2194 2718/2994/2196
f 2703/2973/2181 2702/2972/2180 2720/2995/2197
f 2720/2995/2197 2721/2996/2198 2703/2973/2181
f 2704/2975/2182 2722/2997/2199 2723/2998/2199
f 2723/2998/2199 2705/2976/2183 2704/2975/2182
f 2724/2999/2200 2725/3000/2200 2726/3001/2200
f 2726/3001/2200 2727/3002/2200 2724/2999/2200
f 2728/3003/2201 2729/3004/2201 2730/3005/2202
f 2730/3005/2202 2731/3006/2203 2728/3003/2201
f 2732/3007/2204 2733/3008/2204 2734/3009/2205
f 2734/3010/2205 2735/3011/2205 2732/3012/2204
f 2575/2828/2064 2736/3013/2206 2737/3014/2206
f 2737/3014/2206 2572/2825/2062 2575/2828/2064
f 2580/3015/2068 2581/3016/2069 2738/3017/2207
f 2738/3017/2207 2739/3018/2208 2580/3015/2068
f 2499/3019/2002 2740/3020/2209 2741/3021/2209
f 2741/3022/2209 2500/2739/2003 2499/2738/2002
f 2330/2556/1843 2241/2466/1758 2228/2453/1745
f 2227/2452/1744 2296/2522/1812 2293/2519/1809
f 2603/2862/2090 2602/2861/2089 2608/2867/2095
f 2742/3023/2210 2743/3024/2211 2744/3025/2210
f 2744/3025/2210 2745/3026/2212 2742/3023/2210
f 2746/3027/2213 2747/3028/2214 2748/3029/2215
f 2748/3029/2215 2641/2904/2126 2746/3027/2213
f 2749/3030/2216 2635/2898/2120 2750/3031/2217
f 2750/3031/2217 2751/3032/2218 2749/3030/2216
f 2752/3033/2219 2753/3034/2220 2754/3035/2221
f 2754/3035/2221 2755/3036/2222 2752/3033/2219
f 2756/3037/2223 2757/3038/2224 2758/3039/2225
f 2758/3039/2225 2759/3040/2226 2756/3037/2223
f 2760/3041/2227 2761/3042/2228 2762/3043/2229
f 2762/3043/2229 2761/3042/2228 2763/3044/2230
f 2763/3044/2230 2761/3042/2228 2764/3045/2231
f 2764/3045/2231 2761/3042/2228 2765/3046/2232
f 2765/3046/2232 2761/3042/2228 2766/3047/2233
f 2766/3047/2233 2761/3042/2228 2767/3048/2234
f 2767/3049/2234 2761/3050/2228 2768/3051/2235
f 2768/3051/2235 2761/3050/2228 2769/3052/2236
f 2769/3052/2236 2761/3050/2228 2770/3053/2237
f 2770/3054/2237 2761/3042/2228 2760/3041/2227
f 2771/3055/2238 2772/3056/2239 2773/3057/2240
f 2773/3057/2240 2772/3056/2239 2774/3058/2241
f 2774/3058/2241 2772/3056/2239 2775/3059/2242
f 2775/3059/2242 2772/3056/2239 2776/3060/2243
f 2776/3060/2243 2772/3056/2239 2777/3061/2244
f 2777/3061/2244 2772/3056/2239 2778/3062/2245
f 2778/3063/2245 2772/3064/2239 2779/3065/2246
f 2779/3065/2246 2772/3064/2239 2780/3066/2247
f 2780/3066/2247 2772/3064/2239 2781/3067/2248
f 2781/3068/2248 2772/3056/2239 2771/3055/2238
f 2606/2865/2093 2782/3069/2249 2319/2545/1834
f 2319/2545/1834 2353/2580/1865 2606/2865/2093
f 2782/3069/2249 2783/3070/2250 2320/2546/1835
f 2320/2546/1835 2319/2545/1834 2782/3069/2249
f 2784/3071/2217 2325/2551/1840 2610/2869/2097
f 2610/2869/2097 2629/2890/2114 2784/3071/2217
f 2785/3072/2224 2326/2552/1841 2325/2551/1840
f 2325/2551/1840 2784/3071/2217 2785/3072/2224
s 0
f 2786/3073/2251 2757/3038/2251 2756/3037/2251
f 2756/3037/2252 2787/3074/2252 2786/3073/2252
s 1
f 2709/2980/2187 2708/2979/2186 2710/3075/2188
f 2710/3075/2188 2713/3076/2191 2709/2980/2187
f 2696/3077/2174 2701/3078/2179 2700/3079/2178
f 2700/3080/2178 2697/2964/2175 2696/2963/2174
f 2320/2546/1835 2788/3081/2253 2789/3082/2254
f 2789/3082/2254 2321/2547/1836 2320/2546/1835
f 2320/2546/1835 2783/3070/2250 2788/3081/2253
f 2790/3083/2255 2755/3036/2222 2754/3035/2221
f 2526/2773/2026 2791/3084/2256 2792/3085/2256
f 2792/3085/2256 2527/2774/2027 2526/2773/2026
f 2606/2865/2093 2605/2864/2092 2793/3086/2257
f 2793/3086/2257 2794/3087/2258 2606/2865/2093
f 2629/2890/2114 2609/2868/2096 2795/3088/2259
f 2795/3088/2259 2796/3089/2260 2629/2890/2114
f 2796/3089/2260 2797/3090/2261 2798/3091/2262
f 2798/3091/2262 2629/2890/2114 2796/3089/2260
f 2629/2890/2114 2798/3091/2262 2799/3092/2263
f 2799/3092/2263 2784/3071/2217 2629/2890/2114
f 2800/3093/2251 2785/3072/2224 2784/3071/2217
f 2784/3071/2217 2799/3092/2263 2800/3093/2251
f 2756/3037/2223 2759/3040/2226 2751/3032/2218
f 2751/3032/2218 2750/3031/2217 2756/3037/2223
f 2801/3094/2264 2783/3070/2250 2782/3069/2249
f 2782/3069/2249 2802/3095/2265 2801/3094/2264
f 2606/2865/2093 2803/3096/2266 2802/3095/2265
f 2802/3095/2265 2782/3069/2249 2606/2865/2093
f 2794/3087/2258 2804/3097/2267 2803/3096/2266
f 2803/3096/2266 2606/2865/2093 2794/3087/2258
f 2754/3035/2221 2753/3034/2220 2747/3028/2214
f 2747/3028/2214 2746/3027/2213 2754/3035/2221
f 2752/3033/2219 2755/3036/2222 2805/3098/2268
f 2805/3098/2268 2806/3099/2269 2752/3033/2219
f 2790/3083/2255 2788/3081/2253 2805/3098/2268
f 2805/3098/2268 2755/3036/2222 2790/3083/2255
f 2805/3098/2268 2783/3070/2250 2801/3094/2264
f 2801/3094/2264 2806/3099/2269 2805/3098/2268
f 2805/3098/2268 2788/3081/2253 2783/3070/2250
f 2807/3100/2270 2641/2904/2126 2748/3029/2215
f 2748/3029/2215 2808/3101/2267 2807/3100/2270
f 2807/3100/2270 2642/2905/2127 2641/2904/2126
f 2794/3087/2258 2807/3100/2270 2808/3101/2267
f 2808/3101/2267 2804/3097/2267 2794/3087/2258
f 2793/3086/2257 2642/2905/2127 2807/3100/2270
f 2807/3100/2270 2794/3087/2258 2793/3086/2257
s 0
f 2647/2910/2131 2646/2909/2131 2809/3102/2131
f 2809/3102/2271 2810/3103/2271 2647/2910/2271
s 1
f 2757/3038/2272 2811/3104/2273 2812/3105/2273
s 0
f 2812/3105/2274 2758/3039/2274 2757/3038/2274
f 2786/3073/2275 2813/3106/2275 2811/3104/2275
f 2811/3104/2251 2757/3038/2251 2786/3073/2251
s 1
f 2621/2882/2276 2631/2893/2116 2814/3107/2277
s 0
f 2814/3107/2108 2622/2883/2108 2621/2882/2108
s 1
f 2815/3108/2278 2635/2898/2120 2749/3030/2216
f 2749/3030/2216 2816/3109/2261 2815/3108/2278
f 2815/3108/2278 2817/3110/2279 2636/2899/2121
f 2636/2899/2121 2635/2898/2120 2815/3108/2278
f 2818/3111/2280 2819/3112/2281 2820/3113/2282
f 2797/3090/2261 2796/3089/2260 2815/3108/2278
f 2815/3108/2278 2816/3109/2261 2797/3090/2261
f 2796/3089/2260 2795/3088/2259 2817/3110/2279
f 2817/3110/2279 2815/3108/2278 2796/3089/2260
f 2671/2934/2151 2670/2933/2150 2819/3112/2281
f 2819/3112/2281 2818/3111/2280 2671/2934/2151
s 0
f 2811/3104/2283 2785/3072/2283 2800/3093/2283
f 2800/3093/2284 2812/3105/2284 2811/3104/2284
s 1
f 2813/3106/2285 2326/2552/1841 2785/3072/2224
s 0
f 2785/3072/2272 2811/3104/2272 2813/3106/2272
s 1
f 2814/3107/2277 2631/2893/2116 2630/2892/2115
f 2821/3114/2286 2822/3115/2287 2823/3116/2288
f 2823/3116/2288 2824/3117/2289 2821/3114/2286
f 768/860/712 2821/3114/2286 2824/3117/2289
f 2824/3117/2289 769/861/712 768/860/712
f 2825/3118/2290 2826/3119/2291 2827/3120/2292
f 2827/3120/2292 2828/3121/2290 2825/3118/2290
f 2826/3119/2291 775/867/717 774/866/716
f 774/866/716 2827/3120/2292 2826/3119/2291
f 2829/3122/2293 2830/3123/2294 2831/3124/2294
f 2831/3124/2294 2832/3125/2295 2829/3122/2293
f 2833/3126/2296 2834/3127/2297 2835/3128/2298
f 2835/3128/2298 2836/3129/2296 2833/3126/2296
f 784/876/724 2829/3122/2293 2832/3125/2295
f 2832/3125/2295 785/877/724 784/876/724
f 2834/3127/2297 787/879/725 786/878/725
f 786/878/725 2835/3128/2298 2834/3127/2297
f 2837/3130/2299 2100/2298/1617 2337/2564/1850
f 2337/2564/1850 2334/3131/2300 2837/3130/2299
f 2838/3132/2301 2101/2299/1618 2100/2298/1617
f 2100/2298/1617 2837/3130/2299 2838/3132/2301
f 2839/3133/2302 2088/2286/1605 2101/2299/1618
f 2101/2299/1618 2838/3132/2301 2839/3133/2302
f 2840/3134/2303 2089/2287/1606 2088/2286/1605
f 2088/2286/1605 2839/3133/2302 2840/3134/2303
f 2840/3134/2303 2190/2404/1707 2089/2287/1606
f 2841/3135/2304 2193/2407/1710 2192/2406/1709
f 2192/2406/1709 2191/2405/1708 2841/3135/2304
f 2842/3136/2305 2843/3137/2306 2844/3138/2307
f 2844/3139/2307 2845/3140/2308 2842/3141/2305
f 2846/3142/2309 2847/3143/2309 2848/3144/2310
f 2848/3144/2310 2849/3145/2311 2846/3142/2309
f 2850/3146/2312 2851/3147/2313 2852/3148/2314
f 2851/3147/2313 2853/3149/2315 2854/3150/2316
f 2854/3150/2316 2852/3148/2314 2851/3147/2313
f 2853/3149/2315 2855/3151/2317 2856/3152/2318
f 2856/3152/2318 2854/3150/2316 2853/3149/2315
f 2855/3151/2317 2857/3153/2319 2858/3154/2320
f 2858/3154/2320 2856/3152/2318 2855/3151/2317
f 2857/3153/2319 2842/3141/2305 2845/3140/2308
f 2845/3140/2308 2858/3154/2320 2857/3153/2319
f 2859/3155/2321 2860/3156/2322 2861/3157/2323
f 2861/3157/2323 2862/3158/2324 2859/3155/2321
f 2472/2710/1975 2143/2341/1660 2196/2410/1713
f 2139/2337/1656 2138/2336/1655 2863/3159/2325
f 2863/3159/2325 2864/3160/2326 2139/2337/1656
f 2142/3161/1659 2468/2706/1971 2471/2709/1974
f 2138/2336/1655 2143/2341/1660 2865/3162/2327
f 2366/3163/1877 2369/3164/1880 2866/3165/2328
f 2866/3165/2328 2867/3166/2328 2366/3163/1877
f 2372/2600/1883 2371/2599/1882 2868/3167/2329
f 2868/3167/2329 2869/3168/2330 2372/2600/1883
f 2844/3169/2307 2843/3170/2306 2862/3171/2324
f 2862/3172/2324 2861/3173/2323 2844/3174/2307
f 2668/2931/2148 2870/3175/2331 2871/3176/2331
f 2871/3176/2331 2669/2932/2149 2668/2931/2148
f 2666/2929/2146 2667/2930/2147 2872/3177/2332
f 2872/3177/2332 2873/3178/2332 2666/2929/2146
f 2874/3179/2333 2875/3180/2334 2876/3181/2335
f 2877/3182/2336 2878/3183/2337 2879/3184/2338
f 2880/3185/2339 2878/3183/2337 2877/3182/2336
f 2877/3182/2336 2881/3186/2340 2880/3185/2339
f 2876/3181/2335 2882/3187/2341 2880/3185/2339
f 2880/3185/2339 2881/3186/2340 2876/3181/2335
f 2883/3188/2342 2884/3189/2343 2885/3190/2344
f 2885/3190/2344 2874/3179/2333 2883/3188/2342
f 2874/3179/2333 2885/3190/2344 2875/3180/2334
f 2886/3191/2345 2887/3192/2346 2888/3193/2347
f 2888/3193/2347 2889/3194/2348 2886/3191/2345
f 2890/3195/2349 2886/3191/2345 2889/3194/2348
f 2889/3194/2348 2891/3196/2350 2890/3195/2349
f 2892/3197/2351 2893/3198/2352 2889/3194/2348
f 2889/3194/2348 2894/3199/2353 2892/3197/2351
f 2895/3200/2354 2896/3201/2355 2897/3202/2356
f 2897/3202/2356 2898/3203/2357 2895/3200/2354
f 850/952/784 2899/3204/2358 2900/3205/2359
f 2900/3205/2359 851/953/784 850/952/784
f 2893/3198/2352 2901/3206/2360 2891/3196/2350
f 2891/3196/2350 2889/3194/2348 2893/3198/2352
f 2896/3207/2355 2892/3197/2351 2894/3199/2353
f 2894/3199/2353 2897/3208/2356 2896/3207/2355
f 2899/3204/2358 2895/3200/2354 2898/3203/2357
f 2898/3203/2357 2900/3205/2359 2899/3204/2358
f 2314/2540/1830 2313/2539/1829 2902/3209/2361
f 2903/3210/2362 2904/3211/2362 2905/3212/2363
f 2905/3213/2363 2906/3214/2364 2903/3215/2362
f 860/966/792 2907/3216/2365 2908/3217/2366
f 2908/3217/2366 861/967/792 860/966/792
f 2905/3213/2363 2909/3218/2367 2906/3214/2364
f 2910/3219/2368 2911/3220/2369 2912/3221/2370
f 2912/3222/2370 2913/3223/2371 2914/3224/2372
f 2914/3224/2372 2910/3225/2368 2912/3222/2370
f 2915/3226/2373 2916/3227/2374 2917/3228/2375
f 2917/3228/2375 2918/3229/2376 2915/3226/2373
f 2919/3230/2377 2920/3231/2378 2921/3232/2379
f 2922/3233/2380 2923/3234/2381 877/985/808
f 877/985/808 880/988/811 2922/3233/2380
f 2917/3228/2375 2924/3235/2382 2918/3229/2376
f 2916/3227/2374 2915/3226/2373 2925/3236/2383
f 2925/3236/2383 2926/3237/2384 2916/3227/2374
f 2919/3230/2377 2921/3232/2379 2923/3234/2381
f 2923/3234/2381 2922/3233/2380 2919/3230/2377
f 2927/3238/2385 2887/3192/2346 2886/3191/2345
f 2888/3193/2347 2894/3199/2353 2889/3194/2348
f 2928/3239/2386 2929/3240/2387 2930/3241/2388
f 2930/3241/2388 2931/3242/2389 2928/3239/2386
f 2932/3243/2390 2933/3244/2391 2934/3245/2392
f 2934/3245/2392 2935/3246/2393 2932/3243/2390
f 893/1001/824 2936/3247/2394 2937/3248/2395
f 2937/3248/2395 894/1002/825 893/1001/824
f 2933/3244/2391 2938/3249/2396 2939/3250/2396
f 2939/3250/2396 2934/3245/2392 2933/3244/2391
f 2940/3251/2397 2941/3252/2398 2942/3253/2399
f 2942/3253/2399 2943/3254/2400 2940/3251/2397
f 2940/3251/2397 2944/3255/2401 2945/3256/2402
f 2945/3256/2402 2941/3252/2398 2940/3251/2397
f 907/1015/837 906/1014/836 2946/3257/2403
f 2946/3257/2403 2947/3258/2404 907/1015/837
f 2948/3259/2405 2943/3254/2400 2942/3253/2399
f 2942/3253/2399 2949/3260/2406 2948/3259/2405
f 2944/3255/2401 2947/3258/2404 2946/3257/2403
f 2946/3257/2403 2945/3256/2402 2944/3255/2401
f 2929/3240/2387 2948/3261/2405 2949/3262/2406
f 2949/3262/2406 2930/3241/2388 2929/3240/2387
f 2950/3263/2407 2928/3239/2386 2931/3242/2389
f 2931/3242/2389 2951/3264/2408 2950/3263/2407
f 2936/3247/2394 2932/3243/2390 2935/3246/2393
f 2935/3246/2393 2937/3248/2395 2936/3247/2394
f 2472/2710/1975 2314/2540/1830 2952/3265/2409
f 2952/3265/2409 2953/3266/2410 2472/2710/1975
f 2314/2540/1830 2902/3209/2361 2952/3265/2409
f 2865/3162/2327 2954/3267/2411 2863/3159/2325
f 2863/3159/2325 2138/2336/1655 2865/3162/2327
f 2953/3266/2410 2955/3268/2412 2472/2710/1975
f 2471/2709/1974 2470/2708/1973 2956/3269/2413
f 2956/3269/2413 2957/3270/2414 2471/2709/1974
f 2958/3271/2415 2959/3272/2416 2960/3273/2417
f 2960/3273/2417 2961/3274/2418 2958/3271/2415
f 2146/2347/1663 2962/3275/2419 2960/3276/2417
f 2960/3276/2417 2959/3277/2416 2146/2347/1663
f 2091/2289/1608 2090/2288/1607 2962/3275/2419
f 2962/3275/2419 2146/2347/1663 2091/2289/1608
f 2469/2707/1972 2468/2706/1971 2963/3278/2420
f 2963/3278/2420 2964/3279/1972 2469/2707/1972
f 2468/2706/1971 2142/3161/1659 2141/3280/1658
f 2141/3280/1658 2963/3278/2420 2468/2706/1971
f 2958/3271/2415 2964/3279/1972 2963/3278/2420
f 2141/3280/1658 2959/3272/2416 2958/3271/2415
f 2958/3271/2415 2963/3278/2420 2141/3280/1658
f 2140/2338/1657 2146/2347/1663 2959/3277/2416
f 2959/3277/2416 2141/2339/1658 2140/2338/1657
f 2965/3281/2421 2914/3282/2372 2913/3283/2371
f 2913/3283/2371 2966/3284/2421 2965/3281/2421
f 2955/3268/2412 2954/3267/2411 2865/3162/2327
f 2865/3162/2327 2472/2710/1975 2955/3268/2412
f 2865/3162/2327 2143/2341/1660 2472/2710/1975
f 2967/3285/2422 2968/3286/2423 2969/3287/2424
f 2969/3287/2424 2970/3288/2422 2967/3285/2422
f 2971/3289/2425 2972/3290/2426 2973/3291/2427
f 2973/3291/2427 2974/3292/2428 2971/3289/2425
f 2975/3293/2429 2976/3294/2430 2977/3295/2431
f 2977/3295/2431 2978/3296/2429 2975/3293/2429
f 2979/3297/2432 2980/3298/2433 2981/3299/2433
f 2981/3299/2433 2982/3300/2434 2979/3297/2432
f 2983/3301/2435 2984/3302/2436 2985/3303/2437
f 2985/3303/2437 2986/3304/2438 2983/3301/2435
f 2979/3297/2432 2982/3300/2434 2985/3303/2437
f 2985/3303/2437 2984/3302/2436 2979/3297/2432
f 2976/3294/2430 2987/3305/2439 2988/3306/2440
f 2988/3306/2440 2977/3295/2431 2976/3294/2430
f 2983/3301/2435 2986/3304/2438 2989/3307/2441
f 2989/3307/2441 2990/3308/2442 2983/3301/2435
f 2971/3309/2425 2974/3310/2428 2991/3311/2443
f 2991/3311/2443 2992/3312/2444 2971/3309/2425
f 2968/3286/2423 2992/3312/2444 2991/3311/2443
f 2991/3311/2443 2969/3287/2424 2968/3286/2423
f 2993/3313/2445 2994/3314/2446 2995/3315/2447
f 2995/3315/2447 2996/3316/2448 2993/3313/2445
f 2972/3290/2426 2997/3317/2449 2998/3318/2450
f 2998/3318/2450 2973/3291/2427 2972/3290/2426
f 2997/3317/2449 2996/3316/2448 2995/3315/2447
f 2995/3315/2447 2998/3318/2450 2997/3317/2449
f 2987/3305/2439 2990/3319/2442 2989/3320/2441
f 2989/3320/2441 2988/3306/2440 2987/3305/2439
f 2999/3321/2451 3000/3322/2452 3001/3323/2453
f 3001/3323/2453 3002/3324/2453 2999/3321/2451
f 3003/3325/2454 3004/3326/2455 3005/3327/2456
f 3005/3327/2456 3006/3328/2457 3003/3325/2454
f 3007/3329/2458 2841/3135/2304 3008/3330/2459
f 2191/2405/1708 2190/2404/1707 3008/3330/2459
f 3008/3330/2459 2841/3135/2304 2191/2405/1708
f 2087/2285/1604 2191/2405/1708 2192/2406/1709
f 2911/3220/2369 2910/3219/2368 3009/3331/2460
f 3009/3331/2460 2910/3219/2368 2908/3217/2366
f 2908/3217/2366 2907/3216/2365 3009/3331/2460
f 3006/3328/2457 3005/3327/2456 3010/3332/2461
f 3007/3333/2458 3006/3328/2457 3010/3332/2461
f 3008/3330/2459 2190/2404/1707 3011/3334/2462
f 3004/3326/2455 3003/3325/2454 3000/3322/2452
f 3000/3322/2452 2999/3321/2451 3004/3326/2455
f 2860/3156/2322 2859/3155/2321 2849/3145/2311
f 2849/3145/2311 2848/3144/2310 2860/3156/2322
f 2956/3269/2413 2316/2542/1832 2315/2541/1831
f 2315/2541/1831 2957/3270/2414 2956/3269/2413
f 3012/3335/2463 3013/3336/2464 3014/3337/2465
f 3014/3337/2465 3015/3338/2463 3012/3335/2463
f 3016/3339/2466 3017/3340/2467 3018/3341/2468
f 3018/3342/2468 3019/3343/2469 3016/3344/2466
f 3013/3345/2464 3020/3346/2470 3021/3347/2470
f 3021/3348/2470 3014/3337/2465 3013/3336/2464
f 3017/3340/2467 3022/3349/2471 3023/3350/2471
f 3023/3350/2471 3018/3341/2468 3017/3340/2467
f 3024/3351/2472 3025/3352/2473 3026/3353/2474
f 3026/3353/2474 3027/3354/2475 3024/3351/2472
f 3028/3355/2476 3024/3351/2472 3027/3354/2475
f 3027/3354/2475 3029/3356/2477 3028/3355/2476
f 3030/3357/2478 3031/3358/2479 3032/3359/2480
f 3032/3359/2480 3033/3360/2481 3030/3357/2478
f 3034/3361/2482 3028/3355/2476 3029/3356/2477
f 3029/3356/2477 3035/3362/2483 3034/3361/2482
f 3036/3363/2484 3037/3364/2485 3038/3365/2486
f 3036/3363/2484 3038/3365/2486 3039/3366/2487
f 3026/3353/2474 3025/3352/2473 1002/1127/924
f 1002/1127/924 1001/1126/924 3026/3353/2474
f 3031/3358/2479 3034/3361/2482 3035/3362/2483
f 3035/3362/2483 3032/3359/2480 3031/3358/2479
f 3040/3367/2488 3041/3368/2489 3042/3369/2490
f 3042/3369/2490 3043/3370/2491 3040/3367/2488
f 3043/3370/2491 3042/3369/2490 3044/3371/2492
f 3044/3371/2492 3045/3372/2493 3043/3370/2491
f 3046/3373/2494 3047/3374/2495 3048/3375/2496
f 3048/3375/2496 3049/3376/2497 3046/3373/2494
f 3050/3377/2498 3051/3378/2499 3047/3374/2495
f 3047/3374/2495 3046/3373/2494 3050/3377/2498
f 3045/3372/2493 3044/3371/2492 3051/3379/2499
f 3051/3379/2499 3052/3380/2500 3045/3372/2493
f 3049/3376/2497 3048/3375/2496 3053/3381/2501
f 3053/3381/2501 3054/3382/2502 3049/3376/2497
f 1018/1144/940 3041/3368/2489 3040/3367/2488
f 3040/3367/2488 1019/1145/941 1018/1144/940
f 3052/3383/2500 3051/3378/2499 3050/3377/2498
f 3055/3384/2503 3056/3385/2504 3057/3386/2505
f 3057/3386/2505 3058/3387/2506 3055/3384/2503
f 1025/1152/947 1024/1151/946 3056/3385/2504
f 3056/3385/2504 3055/3384/2503 1025/1152/947
f 3059/3388/2507 3060/3389/2508 3061/3390/2509
f 3060/3389/2508 3062/3391/2510 3063/3392/2511
f 3063/3392/2511 3061/3390/2509 3060/3389/2508
f 3064/3393/2512 3065/3394/2513 2218/2439/1735
f 3066/3395/2514 3067/3396/2514 2420/2654/1929
f 2420/2654/1929 2421/2655/1930 3066/3395/2514
f 3068/3397/2515 2419/2652/1928 2418/2651/1927
f 2418/2651/1927 3069/3398/2515 3068/3397/2515
f 2359/2586/1871 3070/3399/2516 2186/2395/1703
f 3071/3400/2517 3072/3401/2518 3073/3402/2519
f 3070/3399/2516 2227/2452/1744 2225/2448/1742
f 2225/2448/1742 2186/2395/1703 3070/3399/2516
f 2359/2586/1871 2358/2585/1870 3070/3399/2516
f 2189/2403/1706 3074/3403/2520 3075/3404/2521
f 3075/3404/2521 2188/2401/1705 2189/2403/1706
f 2355/2582/1867 3064/3393/2512 2218/2439/1735
f 3065/3394/2513 3074/3403/2520 2189/2403/1706
f 2189/2403/1706 2218/2439/1735 3065/3394/2513
f 2189/2403/1706 2177/2402/1694 2180/2440/1697
f 2180/2440/1697 2218/2439/1735 2189/2403/1706
f 3076/3405/2522 3077/3406/2523 3078/3407/2524
f 3078/3407/2524 3079/3408/2525 3076/3405/2522
f 3080/3409/2526 3081/3410/2527 3082/3411/2528
f 3082/3411/2528 3083/3412/2529 3080/3409/2526
f 3081/3410/2527 3084/3413/2530 3085/3414/2531
f 3085/3414/2531 3082/3411/2528 3081/3410/2527
f 3086/3415/2532 3087/3416/2533 3088/3417/2534
f 3088/3417/2534 3089/3418/2535 3086/3415/2532
f 3090/3419/2536 1060/1187/977 1059/1186/977
f 1059/1186/977 3091/3420/2537 3090/3419/2536
f 3092/3421/2538 3093/3422/2538 3094/3423/2538
f 3094/3423/2538 3095/3424/2538 3092/3421/2538
f 3096/3425/2539 3090/3419/2536 3091/3420/2537
f 3091/3420/2537 3097/3426/2539 3096/3425/2539
f 3098/3427/2540 3099/3428/2540 3100/3429/2540
f 3100/3429/2540 3101/3430/2540 3098/3427/2540
f 3102/3431/2541 3086/3415/2532 3089/3418/2535
f 3089/3418/2535 3103/3432/2542 3102/3431/2541
f 3104/3433/2543 3105/3434/2544 3106/3435/2545
f 3106/3435/2545 3107/3436/2546 3104/3433/2543
f 3108/3437/2547 3109/3438/2548 3110/3439/2549
f 3110/3440/2549 3111/3441/2550 3108/3442/2547
f 3087/3443/2533 3112/3444/2551 3113/3445/2552
f 3113/3446/2552 3088/3417/2534 3087/3416/2533
f 3077/3447/2523 3102/3431/2541 3103/3432/2542
f 3103/3432/2542 3078/3448/2524 3077/3447/2523
f 3114/3449/2553 3076/3405/2522 3079/3408/2525
f 3079/3408/2525 3115/3450/2553 3114/3449/2553
f 3109/3438/2548 3116/3451/2554 3117/3452/2555
f 3117/3452/2555 3110/3439/2549 3109/3438/2548
f 3118/3453/2556 3119/3454/2556 3106/3435/2545
f 3106/3435/2545 3105/3434/2544 3118/3453/2556
f 3116/3451/2554 3104/3455/2543 3107/3456/2546
f 3107/3456/2546 3117/3452/2555 3116/3451/2554
f 3063/3392/2511 3062/3391/2510 3120/3457/2557
f 3120/3458/2557 3121/3459/2557 3063/3460/2511
f 3033/3360/2481 3036/3363/2484 3039/3366/2487
f 3039/3366/2487 3030/3357/2478 3033/3360/2481
f 3042/3369/2490 3041/3368/2489 3122/3461/2558
f 3122/3461/2558 3123/3462/2559 3042/3369/2490
f 3044/3371/2492 3042/3369/2490 3123/3462/2559
f 3123/3462/2559 3124/3463/2560 3044/3371/2492
f 3048/3375/2496 3047/3374/2495 3125/3464/2561
f 3125/3464/2561 3126/3465/2562 3048/3375/2496
f 3047/3374/2495 3051/3378/2499 3127/3466/2563
f 3127/3466/2563 3125/3464/2561 3047/3374/2495
f 3051/3379/2499 3044/3371/2492 3128/3467/2564
f 3128/3467/2564 3127/3468/2563 3051/3379/2499
f 3053/3381/2501 3048/3375/2496 3126/3465/2562
f 3126/3465/2562 3129/3469/2565 3053/3381/2501
f 3041/3368/2489 1018/1144/940 1099/1235/1006
f 1099/1235/1006 3122/3461/2558 3041/3368/2489
f 3044/3371/2492 3124/3463/2560 3128/3467/2564
f 3130/3470/2566 3131/3471/2567 3058/3387/2506
f 3058/3387/2506 3057/3386/2505 3130/3470/2566
f 3132/3472/2568 3131/3471/2567 3130/3470/2566
f 3130/3470/2566 3133/3473/2569 3132/3472/2568
f 3134/3474/2570 3135/3475/2571 3136/3476/2572
f 3136/3476/2572 3137/3477/2573 3134/3474/2570
f 3135/3475/2571 3138/3478/2574 3139/3479/2575
f 3139/3479/2575 3136/3476/2572 3135/3475/2571
f 3138/3480/2574 3132/3472/2568 3133/3473/2569
f 3133/3473/2569 3139/3481/2575 3138/3480/2574
f 3140/3482/2576 3134/3474/2570 3137/3477/2573
f 3141/3483/2577 3142/3484/2578 3143/3485/2579
f 3143/3485/2579 3144/3486/2580 3141/3483/2577
f 3145/3487/2581 3146/3488/2582 3142/3484/2578
f 3142/3484/2578 3141/3483/2577 3145/3487/2581
f 3147/3489/2583 3148/3490/2583 3149/3491/2584
f 3149/3491/2584 3150/3492/2585 3147/3489/2583
f 3144/3486/2580 3143/3485/2579 3148/3490/2583
f 3148/3490/2583 3147/3489/2583 3144/3486/2580
f 3151/3493/2586 3152/3494/2587 3153/3495/2588
f 3153/3495/2588 3154/3496/2589 3151/3493/2586
f 3150/3492/2585 3149/3491/2584 3152/3494/2587
f 3152/3494/2587 3151/3493/2586 3150/3492/2585
f 3155/3497/2590 3156/3498/2591 3146/3488/2582
f 3146/3488/2582 3145/3487/2581 3155/3497/2590
f 3157/3499/2592 3158/3500/2593 3159/3501/2594
f 3159/3501/2594 3160/3502/2595 3157/3499/2592
f 3161/3503/2596 3162/3504/2597 3163/3505/2598
f 3163/3505/2598 3164/3506/2599 3161/3503/2596
f 3165/3507/2600 3166/3508/2601 3162/3504/2597
f 3162/3504/2597 3161/3503/2596 3165/3507/2600
f 3167/3509/2602 3168/3510/2603 3166/3508/2601
f 3166/3508/2601 3165/3507/2600 3167/3509/2602
f 3160/3502/2595 3159/3501/2594 3168/3510/2603
f 3168/3510/2603 3167/3509/2602 3160/3502/2595
f 3169/3511/2604 3170/3512/2605 3171/3513/2606
f 3171/3513/2606 3172/3514/2607 3169/3511/2604
f 3154/3496/2589 3153/3495/2588 3173/3515/2608
f 3173/3515/2608 3174/3516/2609 3154/3496/2589
f 3175/3517/2610 3176/3518/2611 3170/3512/2605
f 3170/3512/2605 3169/3511/2604 3175/3517/2610
f 3164/3506/2599 3163/3505/2598 3176/3518/2611
f 3176/3518/2611 3175/3517/2610 3164/3506/2599
f 3177/3519/2612 3178/3520/2612 3179/3521/2613
f 3179/3521/2613 3180/3522/2614 3177/3519/2612
f 3181/3523/2609 3182/3524/2608 3178/3520/2612
f 3178/3520/2612 3177/3519/2612 3181/3523/2609
f 3183/3525/2615 3184/3526/2616 3185/3527/2617
f 3185/3527/2617 3186/3528/2592 3183/3525/2615
f 3187/3529/2618 3188/3530/2619 3184/3526/2616
f 3184/3526/2616 3183/3525/2615 3187/3529/2618
f 2261/2487/1777 2310/2536/1826 2256/2482/1772
f 3070/3399/2516 2115/2313/1632 2227/2452/1744
f 2114/2312/1631 2296/2522/1812 2227/2452/1744
f 2227/2452/1744 2115/2313/1632 2114/2312/1631
f 3072/3401/2518 3189/3531/2620 3190/3532/2621
f 3190/3532/2621 3073/3402/2519 3072/3401/2518
f 2115/2313/1632 3070/3399/2516 2358/2585/1870
f 2358/2585/1870 2116/2314/1633 2115/2313/1632
f 2184/2391/1701 2359/2586/1871 2186/2395/1703
s 0
f 3191/3533/2622 3192/3534/2622 3193/3535/2622
f 3193/3535/2622 3194/3536/2622 3191/3533/2622
f 3195/3537/2623 3196/3538/2623 3197/3539/2623
f 3197/3539/2623 3198/3540/2623 3195/3537/2623
f 3199/3541/2624 3200/3542/2624 3201/3543/2624
f 3201/3543/2624 3202/3544/2624 3199/3541/2624
f 3203/3545/2625 3204/3546/2625 3205/3547/2625
f 3205/3547/2625 3206/3548/2625 3203/3545/2625
s 1
f 3207/3549/2626 3208/3550/2626 3209/3551/2626
s 0
f 3210/3552/2627 3211/3553/2627 3212/3554/2627
s 1
f 3212/3554/2627 3213/3555/2627 3210/3552/2627
s 0
f 3214/3556/2624 3215/3557/2624 3216/3558/2624
f 3217/3559/2628 3218/3560/2628 3219/3561/2628
f 3220/3562/2629 3221/3563/2629 3222/3564/2629
f 3222/3564/2630 3223/3565/2630 3220/3562/2630
s 1
f 3224/3566/2626 3225/3567/2626 3226/3568/2626
s 0
f 3227/3569/2631 3228/3570/2631 3229/3571/2631
f 3229/3571/2631 3230/3572/2631 3227/3569/2631
f 3231/3573/2626 3232/3574/2626 3233/3575/2626
f 3233/3575/2625 3234/3576/2625 3231/3573/2625
f 3235/3577/2632 3236/3578/2632 3237/3579/2632
f 3237/3579/2632 3238/3580/2632 3235/3577/2632
f 3239/3581/2628 3240/3582/2628 3241/3583/2628
f 3241/3583/2624 3242/3584/2624 3239/3581/2624
f 3243/3585/2632 3244/3586/2632 3245/3587/2632
f 3245/3587/2632 3246/3588/2632 3243/3585/2632
f 3247/3589/2624 3248/3590/2624 3249/3591/2624
f 3249/3591/2624 3250/3592/2624 3247/3589/2624
f 3251/3593/2631 3252/3594/2631 3253/3595/2631
f 3253/3595/2631 3254/3596/2631 3251/3593/2631
f 3255/3597/2626 3256/3598/2626 3257/3599/2626
f 3257/3599/2626 3258/3600/2626 3255/3597/2626
f 3259/3601/2633 3260/3602/2633 3261/3603/2633
f 3261/3603/2633 3262/3604/2633 3259/3601/2633
f 3263/3605/2634 3264/3606/2634 3265/3607/2634
f 3265/3607/2634 3266/3608/2634 3263/3605/2634
f 3267/3609/2635 3268/3610/2635 3269/3611/2635
f 3269/3611/2635 3270/3612/2635 3267/3609/2635
f 3271/3613/2636 3272/3614/2636 3273/3615/2636
f 3273/3615/2636 3274/3616/2636 3271/3613/2636
f 3275/3617/2636 3276/3618/2636 3277/3619/2636
f 3278/3620/2637 3279/3621/2637 3280/3622/2637
f 3280/3622/2637 3281/3623/2637 3278/3620/2637
f 3282/3624/2635 3283/3625/2635 3284/3626/2635
f 3285/3627/2635 3286/3628/2635 3287/1392/2635
f 3288/3629/2638 3289/3630/2638 3290/3631/2638
f 3290/3631/2638 3291/3632/2638 3288/3629/2638
f 3292/3633/2636 3293/3634/2636 3294/3635/2636
f 3295/3636/1079 3296/3637/1079 3297/3638/1079
f 3297/3638/1079 3298/3639/1079 3295/3636/1079
f 3299/3640/2636 3300/3641/2636 3301/3642/2636
f 3301/3642/2636 3302/3643/2636 3299/3640/2636
f 3303/3644/1080 3304/3645/1080 3305/3646/1080
f 3305/3646/1080 3306/3647/1080 3303/3644/1080
f 3307/3648/2635 3308/3649/2635 3309/3650/2635
f 3309/3650/2635 3310/3651/2635 3307/3648/2635
f 3311/3652/1080 3312/3653/1080 3313/3654/1080
f 3313/3654/1080 3314/3655/1080 3311/3652/1080
f 3315/3656/2635 3316/3657/2635 3317/3658/2635
f 3317/3658/2635 3318/3659/2635 3315/3656/2635
f 3319/3660/1079 3320/3661/1079 3321/3662/1079
f 3321/3662/1079 3322/3663/1079 3319/3660/1079
f 3323/3664/2636 3324/3665/2636 3325/3666/2636
f 3325/3666/2636 3326/3667/2636 3323/3664/2636
s 1
f 3327/3668/2639 3328/3669/2640 3329/3670/2641
f 3329/3670/2641 3330/3671/2642 3327/3668/2639
f 3331/3672/2643 3328/3673/2640 3327/3674/2639
f 3332/3675/2644 3329/3670/2641 3333/3676/2645
f 3333/3676/2645 3334/3677/2646 3332/3675/2644
f 3330/3671/2642 3329/3670/2641 3332/3675/2644
f 3335/3678/2647 3336/3679/2648 3337/3680/2649
f 3337/3680/2649 3338/3681/2650 3335/3678/2647
f 3339/3682/2651 3336/3679/2648 3335/3678/2647
f 3340/3683/2652 3341/3684/2653 3328/3673/2640
f 3328/3673/2640 3331/3672/2643 3340/3683/2652
f 3342/3685/2654 3343/3686/2655 3341/3684/2653
f 3341/3684/2653 3340/3683/2652 3342/3685/2654
f 3344/3687/2656 3345/3688/2657 3346/3689/2658
f 3346/3689/2658 3347/3690/2659 3344/3687/2656
f 3348/3691/2660 3349/3692/2661 3350/3693/2662
f 3350/3693/2662 3351/3694/2663 3348/3691/2660
f 3352/3695/2664 3349/3692/2661 3348/3691/2660
f 3353/3696/2665 3346/3689/2658 3354/3697/2666
f 3354/3697/2666 3355/3698/2667 3353/3696/2665
f 3347/3690/2659 3346/3689/2658 3353/3696/2665
f 3356/3699/2668 3357/3700/2669 3358/3701/2670
f 3358/3701/2670 3359/3702/2671 3356/3699/2668
f 3360/3703/2672 3357/3700/2669 3356/3699/2668
f 3338/3681/2650 3337/3680/2649 3361/3704/2673
f 3362/3705/2674 3350/3706/2662 3357/3700/2669
f 3357/3700/2669 3360/3703/2672 3362/3705/2674
f 3351/3694/2663 3350/3693/2662 3362/3707/2674
f 3363/3708/2675 3364/3709/2676 3365/3710/2677
f 3365/3710/2677 3366/3711/2677 3363/3708/2675
f 3367/3712/2678 3364/3709/2676 3363/3708/2675
f 3361/3713/2673 3337/3714/2649 3364/3709/2676
f 3364/3709/2676 3367/3712/2678 3361/3713/2673
f 3368/3715/1079 3343/3686/2655 3342/3685/2654
f 3359/3702/2671 3358/3701/2670 3369/3716/1080
f 3370/3717/2679 3345/3718/2657 3344/3719/2656
f 3371/3720/1122 3372/3721/1122 3373/3722/2680
f 3373/3722/2680 3374/3723/2681 3371/3720/1122
f 3374/3723/2681 3373/3722/2680 3345/3718/2657
f 3345/3718/2657 3370/3717/2679 3374/3723/2681
s 0
f 3375/3724/2682 3376/3725/2682 3377/3726/2682
s 1
f 3378/3727/2683 3379/3728/2684 1350/1496/1128
f 1350/1496/1128 1349/1495/1127 3378/3727/2683
f 3380/3729/2685 3381/3730/2686 3382/3731/2687
f 3383/3732/2688 3379/3728/2684 3378/3727/2683
f 3382/3731/2687 3381/3730/2686 3384/3733/2689
f 3384/3733/2689 3385/3734/2689 3382/3731/2687
f 3380/3729/2685 3386/3735/2690 3381/3730/2686
s 0
f 3387/3736/1136 3388/3737/1136 3389/3738/1136
s 1
f 3381/3730/2686 3386/3735/2690 3390/3739/2691
f 3391/3740/2692 3392/3741/2693 3393/3742/2694
f 3393/3742/2694 3394/3743/2695 3391/3740/2692
f 3395/3744/2696 3396/3745/2697 3397/3746/2698
f 3397/3746/2698 3398/3747/2699 3395/3744/2696
f 3399/3748/2700 3392/3741/2693 3400/3749/2701
f 3398/3747/2699 3397/3746/2698 3401/3750/2702
f 3401/3750/2702 3397/3746/2698 3402/3751/2703
f 3402/3751/2703 3403/3752/2704 3401/3750/2702
f 3400/3749/2701 3392/3741/2693 3391/3740/2692
f 3394/3743/2695 3393/3742/2694 3396/3745/2697
f 3396/3745/2697 3395/3744/2696 3394/3743/2695
f 3403/3752/2704 3402/3751/2703 3404/3753/1151
f 3405/3754/2705 3406/3755/2706 3392/3741/2693
f 3392/3741/2693 3399/3748/2700 3405/3754/2705
f 1379/1525/1154 1382/1528/1157 3407/3756/2707
f 3407/3756/2707 3408/3757/2708 1379/1525/1154
f 3409/3758/2709 3407/3756/2707 3410/3759/2710
f 3410/3759/2710 3411/3760/2711 3409/3758/2709
s 0
f 3412/3761/2712 3413/3762/2712 3414/3763/2712
f 3415/3764/2713 3416/3765/2713 3417/3766/2713
s 1
f 3408/3757/2708 3407/3756/2707 3418/3767/2714
s 0
f 3419/3768/2715 3420/3769/2715 3421/3770/2715
s 1
f 3410/3759/2710 3422/3771/2716 3423/3772/2717
f 3423/3772/2717 3411/3760/2711 3410/3759/2710
f 3422/3771/2716 3410/3759/2710 3424/3773/1167
f 3425/3774/2718 3426/3775/2718 3411/3760/2711
f 3411/3760/2711 3423/3772/2717 3425/3774/2718
s 0
f 3427/3776/2719 3428/3777/2719 3429/3778/2719
f 3429/3778/2719 3430/3779/2719 3427/3776/2719
s 1
f 3431/3780/2720 3432/3781/2721 3429/3778/2719
f 3429/3778/2719 3428/3777/2719 3431/3780/2720
f 3433/3782/2722 3432/3781/2721 3431/3780/2720
f 3431/3780/2720 3434/3783/2723 3433/3782/2722
s 0
f 3435/3784/2719 3436/3785/2719 3437/3786/2719
f 3437/3786/2719 3438/3787/2719 3435/3784/2719
s 1
f 3437/3786/2719 3439/3788/2724 3440/3789/2724
f 3440/3789/2724 3438/3787/2719 3437/3786/2719
f 3440/3789/2724 3439/3788/2724 3441/3790/2725
f 3441/3790/2725 3442/3791/2725 3440/3789/2724
f 3392/3741/2693 3443/3792/2726 3444/3793/2727
f 3444/3793/2727 3393/3742/2694 3392/3741/2693
f 3396/3745/2697 3444/3793/2727 3445/3794/2728
f 3445/3794/2728 3397/3746/2698 3396/3745/2697
f 3397/3746/2698 3445/3794/2728 3402/3751/2703
f 3393/3742/2694 3444/3793/2727 3396/3745/2697
f 3406/3755/2706 3443/3792/2726 3392/3741/2693
f 3410/3759/2710 3407/3756/2707 3443/3792/2726
f 3443/3792/2726 3406/3755/2706 3410/3759/2710
f 3402/3751/2703 3445/3794/2728 3379/3728/2684
f 3379/3728/2684 3446/3795/2729 3402/3751/2703
f 3443/3792/2726 1422/1568/1181 3447/3796/1180
f 3447/3796/1180 3444/3793/2727 3443/3792/2726
f 3444/3793/2727 3447/3796/1180 1423/1569/1182
f 1423/1569/1182 3445/3794/2728 3444/3793/2727
f 3407/3756/2707 1382/1528/1157 1422/1568/1181
f 1422/1568/1181 3443/3792/2726 3407/3756/2707
f 3445/3794/2728 1423/1569/1182 1350/1496/1128
f 1350/1496/1128 3379/3728/2684 3445/3794/2728
f 3448/3797/2730 3449/3798/2731 3450/3799/2732
f 3450/3799/2732 3451/3800/2733 3448/3797/2730
f 3452/3801/2734 1429/1575/1188 1428/1574/1187
f 1428/1574/1187 3450/3799/2732 3452/3801/2734
f 3452/3801/2734 3450/3799/2732 3449/3798/2731
f 3449/3798/2731 3453/3802/2735 3452/3801/2734
f 3451/3800/2733 3450/3799/2732 1428/1574/1187
f 1428/1574/1187 1432/1578/1187 3451/3800/2733
f 3454/3803/2736 3455/3804/2736 3456/3805/2737
f 3456/3805/2737 3457/3806/2738 3454/3803/2736
f 3456/3805/2737 1438/1584/1194 1437/1583/1194
f 1437/1583/1194 3457/3806/2738 3456/3805/2737
f 3458/3807/2739 3459/3808/2740 3460/3809/2740
f 3460/3809/2740 3461/3810/2741 3458/3807/2739
f 1443/1591/1198 3462/3811/2742 3463/3812/2743
f 3463/3812/2743 1444/1592/1199 1443/1591/1198
f 3464/3813/2744 3458/3807/2739 3461/3810/2741
f 3461/3810/2741 3465/3814/2745 3464/3813/2744
f 3462/3811/2742 3466/3815/2746 3467/3816/2746
f 3467/3816/2746 3463/3812/2743 3462/3811/2742
f 3468/3817/2747 3469/3818/2748 3470/3819/2749
f 3470/3819/2749 3471/3820/2750 3468/3817/2747
f 3469/3818/2748 3472/3821/2751 3473/3822/2752
f 3473/3822/2752 3470/3819/2749 3469/3818/2748
f 3474/3823/2753 3475/3824/2754 3476/3825/2755
f 3476/3825/2755 3477/3826/2756 3474/3823/2753
f 3475/3827/2754 3478/3828/2757 3476/3829/2755
f 3479/3830/2758 3480/3831/2759 3481/3832/2760
f 3481/3832/2760 3482/3833/2758 3479/3830/2758
f 1467/1617/1218 1466/1616/1218 3481/3832/2760
f 3481/3832/2760 3480/3831/2759 1467/1617/1218
f 3483/3834/2761 3479/3830/2758 3482/3833/2758
f 3482/3833/2758 3484/3835/2762 3483/3834/2761
f 3485/3836/2763 3486/3837/2763 3487/3838/2763
f 3487/3838/2763 3488/3839/2763 3485/3836/2763
f 3489/3840/2764 3490/3841/2765 3491/3842/2766
f 3491/3842/2766 3492/3843/2766 3489/3840/2764
f 3493/3844/2767 3494/3845/2406 3495/3846/2768
f 3495/3846/2768 3496/3847/2769 3493/3844/2767
f 3497/3848/2770 3498/3849/2771 3490/3841/2765
f 3490/3841/2765 3489/3840/2764 3497/3848/2770
f 3499/3850/2772 3500/3851/2773 3501/3852/2774
f 3501/3852/2774 3502/3853/2775 3499/3850/2772
f 3499/3850/2772 3503/3854/2776 3500/3851/2773
f 3504/3855/2777 3476/3829/2755 3478/3828/2757
f 3478/3828/2757 3505/3856/2761 3504/3855/2777
f 1493/1643/1236 1492/1642/1236 3506/3857/2778
f 3506/3857/2778 3507/3858/2779 1493/1643/1236
f 1497/1647/1239 1496/1646/1236 3508/3859/2780
f 3508/3859/2780 3509/3860/2781 1497/1647/1239
f 3510/3861/2782 3511/3862/2783 3512/3863/2784
f 3512/3863/2784 3513/3864/2785 3510/3861/2782
f 3514/3865/2786 3515/3866/2787 3516/3867/2788
f 3516/3867/2788 3517/3868/2789 3514/3865/2786
f 3518/3869/2790 3507/3858/2779 3506/3857/2778
f 3506/3857/2778 3519/3870/2791 3518/3869/2790
f 3520/3871/2792 3509/3860/2781 3508/3859/2780
f 3508/3859/2780 3521/3872/2793 3520/3871/2792
f 3511/3862/2783 3522/3873/2794 3523/3874/2775
f 3523/3874/2775 3512/3863/2784 3511/3862/2783
f 3515/3866/2787 3524/1375/2795 3525/3875/2795
f 3525/3875/2795 3516/3867/2788 3515/3866/2787
f 3526/3876/2796 3518/3869/2790 3519/3870/2791
f 3519/3870/2791 3527/3877/2797 3526/3876/2796
f 3528/3878/2798 3520/3871/2792 3521/3872/2793
f 3521/3872/2793 3529/3879/2798 3528/3878/2798
s 0
f 3530/3880/2799 3531/3881/2799 3532/3882/2799
f 3532/3882/2800 3533/3883/2800 3530/3880/2800
f 3534/3884/2801 3535/3885/2801 3536/3886/2801
f 3536/3886/2802 3537/3887/2802 3534/3884/2802
s 1
f 3538/3888/2803 3539/3889/2803 3540/3890/2803
s 0
f 3540/3890/2804 3541/3891/2804 3538/3888/2804
f 3542/3892/2805 3543/3893/2805 3544/3894/2805
f 3544/3894/2806 3545/3895/2806 3542/3892/2806
s 1
f 3546/3896/2807 3547/3897/2807 3548/3898/2808
s 0
f 3548/3898/2808 3549/3899/2809 3546/3896/2809
f 3550/3900/2810 3551/3901/2810 3552/3902/2810
f 3552/3902/2811 3553/3903/2811 3550/3900/2811
s 1
f 3554/3904/2812 3555/3905/2812 3556/3906/2812
f 3556/3906/2812 3557/3907/2812 3554/3904/2812
f 3558/3908/2813 3559/3909/2813 3560/3910/2813
f 3560/3910/2813 3561/3911/2813 3558/3908/2813
f 3562/3912/2814 3563/3913/2814 3564/3914/2814
f 3564/3914/2814 3565/3915/2814 3562/3912/2814
f 3566/3916/2815 3567/3917/2815 3568/3918/2815
f 3568/3918/2815 3569/3919/2815 3566/3916/2815
s 0
f 3570/3920/2816 3571/3921/2816 3572/3922/2816
f 3572/3922/2817 3573/3923/2817 3570/3920/2817
f 3574/3924/2818 3575/3925/2818 3576/3926/2818
f 3576/3926/2819 3577/3927/2819 3574/3924/2819
s 1
f 3578/3928/2820 3579/3929/2821 3580/3930/2822
f 3580/3930/2822 3581/3931/2823 3578/3928/2820
s 0
f 3582/3932/2824 3583/3933/2824 3584/3934/2824
f 3584/3934/2825 3585/3935/2825 3582/3932/2825
f 3586/3936/2826 3587/3937/2826 3588/3938/2826
f 3588/3938/2827 3589/3939/2827 3586/3936/2827
f 3590/3940/2828 3591/3941/2828 3592/3942/2828
f 3592/3942/2829 3593/3943/2829 3590/3940/2829
s 1
f 3594/3944/2830 3595/3945/2830 3596/3946/2830
f 3596/3946/2830 3597/3947/2830 3594/3944/2830
f 3598/3948/2831 3599/3949/2831 3600/3950/2831
f 3600/3950/2831 3601/3951/2831 3598/3948/2831
f 3602/3952/2832 3603/3953/2833 3604/3954/2833
f 3604/3954/2833 3605/3955/2832 3602/3952/2832
f 3606/3956/2834 3607/3957/2834 3608/3958/2834
f 3608/3958/2834 3609/3959/2834 3606/3956/2834
s 0
f 3610/3960/2835 3611/3961/2835 3612/3962/2835
f 3612/3962/2835 3613/3963/2835 3610/3960/2835
s 1
f 3614/3964/2836 1606/1756/1299 1605/1755/1298
f 1605/1755/1298 3615/3965/2837 3614/3964/2836
f 3616/3966/2838 3617/3967/2839 3618/3968/2840
f 3619/3969/2841 3620/3970/2842 3621/3971/2843
f 3621/3971/2843 3622/3972/2844 3619/3969/2841
f 3623/3973/2845 3624/3974/2846 3625/3975/2847
f 3625/3975/2847 3617/3967/2839 3623/3973/2845
f 3617/3967/2839 3626/3976/2848 3627/3977/2849
f 3627/3977/2849 3623/3973/2845 3617/3967/2839
f 3620/3970/2842 3614/3964/2836 3615/3965/2837
f 3615/3965/2837 3621/3971/2843 3620/3970/2842
f 3626/3976/2848 3617/3967/2839 3621/3971/2843
f 3621/3971/2843 3615/3965/2837 3626/3976/2848
f 3616/3966/2838 3622/3972/2844 3621/3971/2843
f 3621/3971/2843 3617/3967/2839 3616/3966/2838
f 3618/3968/2840 3617/3967/2839 3625/3975/2847
f 3628/3978/2850 3629/3979/2851 3630/3980/2852
f 3630/3980/2852 3631/3981/2853 3628/3978/2850
f 3631/3981/2853 3630/3980/2852 1624/1774/1317
f 1624/1774/1317 1623/1773/1316 3631/3981/2853
f 1625/1775/1318 1628/1778/1318 3632/3982/2854
f 3632/3982/2854 3633/3983/2855 1625/1775/1318
f 3633/3983/2855 3632/3982/2854 3634/3984/2856
f 3634/3984/2856 3635/3985/2857 3633/3983/2855
f 3635/3985/2857 3634/3984/2856 3636/3986/2858
f 3636/3986/2858 3637/3987/2859 3635/3985/2857
f 3637/3987/2859 3636/3986/2858 3638/3988/2860
f 3638/3988/2860 3639/3989/2861 3637/3987/2859
f 3639/3990/2861 3638/3991/2860 3640/3992/2862
f 3640/3992/2862 3641/3993/2863 3639/3990/2861
f 3641/3993/2863 3640/3992/2862 3642/3994/2864
f 3642/3994/2864 3643/3995/2865 3641/3993/2863
f 3643/3995/2865 3642/3994/2864 3644/3996/2866
f 3644/3996/2866 3645/3997/2867 3643/3995/2865
f 3645/3998/2867 3644/3999/2866 3646/4000/2868
f 3646/4000/2868 3647/4001/2869 3645/3998/2867
f 3647/4001/2869 3646/4000/2868 3629/3979/2851
f 3629/3979/2851 3628/3978/2850 3647/4001/2869
f 3648/4002/2870 3649/4003/2871 3650/4004/2872
f 3650/4004/2872 3651/4005/2873 3648/4002/2870
f 3651/4005/2873 3650/4004/2872 1648/1802/1339
f 1648/1802/1339 1647/1801/1339 3651/4005/2873
f 1649/1803/1340 1652/1806/1340 3652/4006/2874
f 3652/4006/2874 3653/4007/2875 1649/1803/1340
f 3653/4007/2875 3652/4006/2874 3654/4008/2876
f 3654/4008/2876 3655/4009/2876 3653/4007/2875
f 3655/4009/2876 3654/4008/2876 3656/4010/2877
f 3656/4010/2877 3657/4011/2877 3655/4009/2876
f 3657/4011/2877 3656/4010/2877 3658/4012/2878
f 3658/4012/2878 3659/4013/2879 3657/4011/2877
f 3659/4013/2879 3658/4012/2878 3660/4014/2880
f 3660/4014/2880 3661/4015/2881 3659/4013/2879
f 3661/4015/2881 3660/4014/2880 3662/4016/2882
f 3662/4016/2882 3663/4017/2883 3661/4015/2881
f 3663/4017/2883 3662/4016/2882 3664/4018/2884
f 3664/4018/2884 3665/4019/2885 3663/4017/2883
f 3665/4019/2885 3664/4018/2884 3666/4020/2886
f 3666/4021/2886 3667/4022/2887 3665/4023/2885
f 3667/4022/2887 3666/4021/2886 3649/4003/2871
f 3649/4003/2871 3648/4002/2870 3667/4022/2887
f 3668/4024/2888 3669/4025/2889 3670/4026/2890
f 3670/4026/2890 3671/4027/2891 3668/4024/2888
f 3671/4027/2891 3672/4028/2892 3673/4029/2892
f 3674/4030/2893 3675/4031/2894 3676/4032/2895
f 3676/4032/2895 3677/4033/2896 3674/4030/2893
s 0
f 3677/4033/2897 3676/4032/2898 3678/4034/2898
f 3678/4034/2899 3679/4035/2899 3677/4033/2897
s 1
f 3680/4036/2900 3681/4037/2901 3682/4038/2902
f 3682/4038/2902 3683/4039/2903 3680/4036/2900
f 3683/4039/2903 3682/4038/2902 3684/4040/2904
f 3684/4040/2904 3685/4041/2905 3683/4039/2903
f 3685/4041/2905 3684/4040/2904 3686/4042/2906
f 3686/4042/2906 3687/4043/2907 3685/4041/2905
f 3687/4043/2907 3686/4042/2906 3688/4044/2908
f 3688/4044/2908 3689/4045/2909 3687/4043/2907
f 3689/4045/2909 3688/4044/2908 3690/4046/2910
f 3690/4046/2910 3691/4047/2911 3689/4045/2909
f 3691/4048/2911 3690/4049/2910 3669/4025/2889
f 3669/4025/2889 3668/4024/2888 3691/4048/2911
s 0
f 3692/4050/2912 3693/4051/2912 3694/4052/2912
f 3694/4052/2912 3695/4053/2912 3692/4050/2912
f 3696/4054/1382 3697/4055/1382 3698/4056/1382
f 3698/4056/1382 3699/4057/1382 3696/4054/1382
f 3700/4058/1382 3701/4059/1382 3702/4060/1382
f 3702/4060/1382 3703/4061/1382 3700/4058/1382
f 3704/4062/2913 3705/4063/2913 3706/4064/2913
f 3706/4064/2913 3707/4065/2913 3704/4062/2913
f 3708/4066/1382 3709/4067/1382 3710/4068/1382
f 3710/4068/1382 3711/4069/1382 3708/4066/1382
f 3712/4070/2913 3713/4071/2913 3714/4072/2913
f 3714/4072/2913 3715/4073/2913 3712/4070/2913
f 3716/4074/1382 3717/4075/1382 3718/4076/1382
f 3718/4076/1382 3719/4077/1382 3716/4074/1382
f 3720/4078/2912 3721/4079/2912 3722/4080/2912
f 3722/4080/2912 3723/4081/2912 3720/4078/2912
s 1
f 3724/4082/2914 3725/4083/2914 3726/4084/2914
f 3726/4084/2914 3727/4085/2914 3724/4082/2914
f 3728/4086/2915 3729/4087/2916 3730/4088/2915
f 3730/4088/2915 3731/4089/2915 3728/4086/2915
f 3732/4090/2917 3733/4091/2917 3734/4092/2917
f 3734/4092/2917 3735/4093/2917 3732/4090/2917
f 3736/4094/2918 3737/4095/2918 3738/4096/2918
f 3738/4096/2918 3739/4097/2918 3736/4094/2918
f 3740/4098/2919 3741/4099/2920 3742/4100/2919
f 3742/4100/2919 3743/4101/2919 3740/4098/2919
f 3744/4102/2921 3745/4103/2921 3746/4104/2921
f 3746/4104/2921 3747/4105/2922 3744/4102/2921
f 3748/4106/2923 3749/4107/2924 3750/4108/2924
f 3750/4108/2924 3751/4109/2923 3748/4106/2923
f 3752/4110/2925 3753/4111/2926 3754/4112/2925
f 3754/4112/2925 3755/4113/2925 3752/4110/2925
f 3756/4114/2927 3757/4115/2928 3758/4116/2928
f 3758/4116/2928 3759/4117/2929 3756/4114/2927
s 0
f 3760/4118/2930 3761/4119/2930 3762/4120/2930
f 3762/4120/2931 3763/4121/2931 3760/4118/2931
s 1
f 3764/4122/2932 3765/4123/2932 3766/4124/2932
f 3766/4124/2932 3767/4125/2932 3764/4122/2932
s 0
f 3768/4126/2933 3769/4127/2933 3770/4128/2933
f 3770/4128/2934 3771/4129/2934 3768/4126/2934
f 3772/4130/2935 3773/4131/2935 3774/4132/2935
f 3774/4132/2935 3775/4133/2935 3772/4130/2935
s 1
f 3776/4134/2936 3777/4135/2937 3778/4136/2938
f 3779/4137/2939 3780/4138/2940 3781/4139/2941
f 3781/4139/2941 3782/4140/2942 3779/4137/2939
f 3783/4141/2943 3784/4142/2944 3785/4143/2945
f 3786/4144/2946 3787/4145/2947 3788/4146/2948
f 3788/4146/2948 3789/4147/2949 3786/4144/2946
f 3790/4148/2950 3791/4149/2951 3792/4150/2952
f 3792/4150/2952 3793/4151/2953 3790/4148/2950
f 3794/4152/2954 3795/4153/2955 3796/4154/2956
f 3796/4154/2956 3797/4155/2957 3794/4152/2954
f 3796/4156/2956 3798/4157/2958 3799/4158/2959
f 3800/4159/2960 3798/4160/2958 3791/4161/2951
f 3791/4161/2951 3801/4162/2961 3800/4159/2960
s 0
f 3802/4163/2962 3803/4164/2962 3804/4165/2962
f 3804/4165/2962 3805/4166/2962 3802/4163/2962
f 3806/4167/2963 3807/4168/2963 3808/4169/2963
f 3808/4169/2963 3809/4170/2963 3806/4167/2963
f 3810/4171/2964 3811/4172/2964 3812/4173/2964
f 3812/4173/2964 3813/4163/2964 3810/4171/2964
f 3814/4174/2965 3815/4175/2965 3816/4176/2965
f 3816/4176/2965 3817/4177/2965 3814/4174/2965
s 1
f 3797/4178/2957 3796/4156/2956 3799/4158/2959
f 3799/4158/2959 3818/4179/2966 3797/4178/2957
f 3819/4180/2967 3818/4179/2966 3820/4181/2968
f 3820/4181/2968 3784/4182/2944 3819/4180/2967
f 3799/4158/2959 3798/4157/2958 3800/4183/2960
f 3821/4184/2969 3822/4185/2970 3780/4186/2940
f 3780/4186/2940 3779/4187/2939 3821/4184/2969
f 3785/4143/2945 3823/4188/2971 3777/4189/2937
f 3777/4135/2937 3776/4134/2936 3785/4190/2945
f 3800/4191/2960 3801/4192/2961 3782/4140/2942
f 3782/4140/2942 3781/4139/2941 3800/4191/2960
f 3789/4193/2949 3824/4194/2972 3825/4195/2973
f 3825/4195/2973 3786/4196/2946 3789/4193/2949
f 3776/4134/2936 3778/4136/2938 3822/4185/2970
f 3822/4185/2970 3821/4184/2969 3776/4134/2936
f 3818/4179/2966 3788/4146/2948 3787/4145/2947
f 3787/4145/2947 3820/4181/2968 3818/4179/2966
f 3791/4161/2951 3790/4197/2950 3801/4162/2961
f 3826/3618/2974 3790/4148/2950 3793/4151/2953
f 3819/4180/2967 3797/4178/2957 3818/4179/2966
f 3794/4152/2954 3797/4155/2957 3819/4198/2967
f 3819/4198/2967 3783/4141/2943 3794/4152/2954
f 3827/4199/2962 3828/4200/2975 3829/4201/2976
f 3829/4201/2976 3830/4202/2962 3827/4199/2962
s 0
f 3831/4203/2962 3832/4204/2962 3833/4205/2962
f 3833/4205/2962 3834/4206/2962 3831/4203/2962
s 1
f 3834/4206/2962 3833/4205/2962 3835/4207/2977
f 3835/4207/2977 3836/4208/2978 3834/4206/2962
f 3836/4208/2978 3835/4207/2977 3837/4209/2979
f 3837/4209/2979 3838/4210/2980 3836/4208/2978
f 3838/4210/2980 3837/4209/2979 3839/4211/2962
f 3839/4211/2962 3840/4212/2962 3838/4210/2980
s 0
f 3840/4212/2962 3839/4211/2962 3841/4213/2962
f 3841/4213/2962 3842/4214/2962 3840/4212/2962
s 1
f 3842/4214/2962 3841/4213/2962 3843/4215/2981
f 3843/4215/2981 3844/4216/2982 3842/4214/2962
f 3844/4216/2982 3843/4215/2981 3845/4217/2983
f 3845/4217/2983 3846/4218/2984 3844/4216/2982
f 3846/4218/2984 3845/4217/2983 3832/4204/2985
f 3832/4204/2985 3831/4203/2985 3846/4218/2984
f 3847/4219/2986 3848/4220/2986 3849/4221/2987
f 3849/4221/2987 3850/4222/2987 3847/4219/2986
f 3850/4222/2987 3849/4221/2987 3851/4223/2988
f 3851/4223/2988 3852/4224/2989 3850/4222/2987
f 3852/4225/2989 3851/4226/2988 3853/4227/2990
f 3853/4227/2990 3854/4228/2991 3852/4225/2989
f 3854/4228/2991 3853/4227/2990 3855/4229/2992
f 3855/4230/2992 3853/4231/2990 3856/4232/2993
f 3856/4232/2993 3857/4233/2994 3855/4230/2992
f 3857/4234/2994 3856/4235/2993 3858/4236/2995
f 3858/4236/2995 3859/4237/2996 3857/4234/2994
f 3859/4237/2996 3858/4236/2995 3860/4238/2997
f 3860/4238/2997 3861/4239/2998 3859/4237/2996
f 3861/4239/2998 3860/4238/2997 3848/4240/2986
f 3848/4240/2986 3847/4241/2986 3861/4239/2998
f 3828/4200/2975 3862/4242/2999 3863/4243/3000
f 3863/4243/3000 3829/4201/2976 3828/4200/2975
f 3862/4242/2999 3828/4200/2975 3864/4244/3001
f 3822/4185/2970 3778/4136/2938 3787/4245/2947
f 3787/4245/2947 3786/4246/2946 3822/4185/2970
f 3820/4247/2968 3787/4245/2947 3778/4136/2938
f 3778/4136/2938 3777/4135/2937 3820/4247/2968
f 3780/4138/2940 3822/4248/2970 3786/4196/2946
f 3786/4196/2946 3825/4195/2973 3780/4138/2940
f 3777/4189/2937 3823/4188/2971 3784/4142/2944
f 3784/4142/2944 3820/4249/2968 3777/4189/2937
f 3788/4146/2948 3818/4179/2966 3799/4158/2959
f 3799/4158/2959 3800/4183/2960 3789/4147/2949
f 3789/4147/2949 3788/4146/2948 3799/4158/2959
f 3800/4191/2960 3781/4139/2941 3824/4194/2972
f 3824/4194/2972 3789/4193/2949 3800/4191/2960
f 3780/4138/2940 3825/4195/2973 3824/4194/2972
f 3824/4194/2972 3781/4139/2941 3780/4138/2940
f 3865/4250/3002 3866/4251/3003 3867/4252/3004
f 3867/4252/3004 3868/4253/1765 3865/4250/3002
f 3869/4254/1769 3870/4255/3005 3871/4256/3006
f 3870/4255/3005 3869/4254/1769 3872/4257/3007
f 3872/4257/3007 3873/4258/3008 3870/4255/3005
f 3874/4259/1792 3875/4260/3009 3876/4261/3010
f 3876/4261/3010 3877/4262/3011 3874/4259/1792
f 3874/4259/1792 3871/4256/3006 3870/4255/3005
f 3870/4255/3005 3875/4260/3009 3874/4259/1792
f 3868/4253/1765 3878/4263/1814 3865/4250/3002
f 3879/4264/2009 3880/4265/3012 3881/4266/3013
f 3881/4266/3013 3882/4267/3014 3879/4264/2009
f 3883/4268/3015 3884/4269/3016 3885/4270/2015
f 3885/4270/2015 3886/4271/3017 3883/4268/3015
f 3887/4272/3018 3888/4273/3019 3889/4274/3020
f 3889/4274/3020 3890/4275/3021 3887/4272/3018
f 1889/2081/1487 3891/4276/3022 3892/4277/3023
f 3892/4277/3023 1890/2082/1488 1889/2081/1487
f 3888/4273/3019 3893/4278/3024 3894/4279/3025
f 3894/4279/3025 3889/4274/3020 3888/4273/3019
f 3891/4276/3022 3895/4280/3026 3896/4281/3027
f 3896/4281/3027 3892/4277/3023 3891/4276/3022
f 3895/4280/3026 3897/4282/3028 3896/4281/3027
f 3898/4283/3029 3899/4284/3030 3900/4285/3031
f 3900/4285/3031 3897/4282/3028 3898/4283/3029
f 3901/4286/3032 3890/4287/3021 3900/4288/3031
f 3900/4288/3031 3899/4289/3030 3901/4286/3032
f 3902/4290/3033 3903/4291/3034 3904/4292/3033
f 3904/4292/3033 3905/4293/3033 3902/4290/3033
f 3906/4294/3035 3895/4280/3026 3907/4295/3036
f 3907/4295/3036 3908/4296/3037 3906/4294/3035
f 3898/4283/3029 3897/4282/3028 3895/4280/3026
f 3895/4280/3026 3906/4294/3035 3898/4283/3029
f 3890/4297/3021 3901/4298/3032 3909/4299/3038
f 3909/4300/3038 3887/4272/3018 3890/4275/3021
f 3909/4300/3038 3908/4301/3037 3907/4302/3036
f 3907/4302/3036 3887/4272/3018 3909/4300/3038
f 3910/4303/3039 3911/4304/3040 3912/4305/3041
f 3912/4305/3041 3913/4306/3042 3910/4303/3039
f 3914/4307/3043 3915/4308/3043 3916/4309/3043
f 3916/4309/3043 3917/4310/3043 3914/4307/3043
f 3918/4311/3044 3919/4312/3044 3920/4313/3045
f 3920/4313/3045 3921/4314/3046 3918/4311/3044
f 3921/4314/3046 3920/4313/3045 3922/4315/3047
f 3923/4316/3048 3924/4317/3048 3925/4318/3048
f 3925/4318/3048 3926/4319/3048 3923/4316/3048
f 3927/4320/3049 3911/4304/3040 3910/4303/3039
f 3928/4321/3050 3929/4322/3050 3930/4323/3051
f 3930/4323/3051 3931/4324/3051 3928/4321/3050
f 3932/4325/3052 3933/4326/3052 3934/4327/3053
f 3934/4327/3053 3935/4328/3054 3932/4325/3052
f 3936/4329/3055 3937/4330/3056 3938/4331/3057
f 3938/4331/3057 3939/4332/3058 3936/4329/3055
f 3935/4328/3054 3934/4327/3053 3940/4333/3059
f 3940/4333/3059 3941/4334/3060 3935/4328/3054
f 3942/4335/3061 3940/4333/3059 3943/4336/3062
f 3943/4336/3062 3944/4337/3062 3942/4335/3061
f 3941/4334/3060 3940/4333/3059 3942/4335/3061
f 3939/4332/3058 3938/4331/3057 3929/4322/3050
f 3929/4322/3050 3928/4321/3050 3939/4332/3058
f 3931/4324/3051 3930/4323/3051 3933/4326/3052
f 3933/4326/3052 3932/4325/3052 3931/4324/3051
f 3945/4338/3063 3946/4339/3064 3947/4340/3064
f 3947/4340/3064 3948/4341/3065 3945/4338/3063
f 3949/4342/3066 3883/4268/3015 3886/4271/3017
f 3886/4271/3017 3950/4343/3066 3949/4342/3066
f 3880/4265/3012 3945/4338/3063 3948/4341/3065
f 3948/4341/3065 3881/4266/3013 3880/4265/3012
f 3946/4339/3064 3949/4342/3066 3950/4343/3066
f 3950/4343/3066 3947/4340/3064 3946/4339/3064
f 3951/4344/3067 3952/4345/3068 3953/4346/3069
f 3954/4347/3070 3955/4348/3071 3956/4349/3072
f 3956/4349/3072 3957/4350/3073 3954/4347/3070
f 3958/4351/3074 3959/4352/3075 3955/4348/3071
f 3955/4348/3071 3954/4347/3070 3958/4351/3074
f 3951/4344/3067 3953/4346/3069 3959/4353/3075
f 3959/4353/3075 3958/4354/3074 3951/4344/3067
f 3957/4350/3073 3956/4349/3072 3960/4355/3076
f 3960/4355/3076 3961/4356/2565 3957/4350/3073
s 0
f 3962/4357/3077 3963/4358/3077 3964/4359/3077
s 1
f 3965/4360/3078 3966/4361/3079 3967/4362/3079
f 3967/4362/3079 3968/4363/3080 3965/4360/3078
f 3969/4364/3081 3970/4365/3082 3965/4360/3078
f 3965/4360/3078 3968/4363/3080 3969/4364/3081
f 3969/4364/3081 3971/4366/3083 3970/4365/3082
f 3971/4366/3083 1974/2172/946 1973/2171/1553
f 1973/2171/1553 3972/4367/3084 3971/4366/3083
f 3973/4368/3085 3974/4369/3085 3975/4370/2591
f 3975/4370/2591 3976/4371/3086 3973/4368/3085
f 3977/4372/3087 3978/4373/3088 3979/4374/3089
f 3979/4374/3089 3980/4375/3089 3977/4372/3087
f 3981/4376/3090 3982/4377/2613 3983/4378/3091
f 3983/4378/3091 3984/4379/3091 3981/4376/3090
f 3943/4336/3062 3985/4380/3092 3986/4381/3092
f 3986/4381/3092 3944/4337/3062 3943/4336/3062
f 3936/4329/3055 3987/4382/3093 3988/4383/3094
f 3988/4383/3094 3937/4330/3056 3936/4329/3055
f 3989/4384/2618 3990/4385/3095 3991/4386/2619
f 1994/2192/1565 2884/3189/2343 2883/3188/2342
f 2883/3188/2342 1995/2193/1565 1994/2192/1565
f 1996/2194/1239 3468/3817/2747 3471/3820/2750
f 3471/3820/2750 1997/2195/1236 1996/2194/1239
f 1998/2196/1236 3510/3861/2782 3513/3864/2785
f 3513/3864/2785 1999/2197/1236 1998/2196/1236
f 2000/2198/1236 3514/3865/2786 3517/3868/2789
f 3517/3868/2789 2001/2199/1236 2000/2198/1236
s 0
f 3992/4387/3096 3993/4388/3096 3994/4389/3096
f 3994/4389/3097 3995/4390/3097 3992/4387/3097
f 3996/4391/3098 3997/4392/3098 3998/4393/3098
f 3998/4393/3099 3999/4394/3099 3996/4391/3099
f 4000/4395/3100 4001/4396/3100 4002/4397/3100
f 4002/4397/3101 4003/4398/3101 4000/4395/3101
f 4004/4399/3102 4005/4400/3102 4006/4401/3102
f 4006/4401/3103 4007/4402/3103 4004/4399/3103
s 1
f 2018/2216/1574 3627/3977/2849 3626/3976/2848
f 3626/3976/2848 2019/2217/1575 2018/2216/1574
f 2019/2217/1575 3626/3976/2848 3615/3965/2837
f 3615/3965/2837 1605/1755/1298 2019/2217/1575
f 2020/2218/1576 2021/2219/1577 3675/4031/2894
f 3675/4031/2894 3674/4030/2893 2020/2218/1576
f 2024/2222/1580 4008/4403/3104 4009/4404/3104
f 4009/4404/3104 2025/2223/1580 2024/2222/1580
f 2028/2226/1583 4010/4405/3105 4011/4406/3106
f 4011/4406/3106 2029/2227/1583 2028/2226/1583
f 2032/2230/1585 4012/4407/3107 4013/4408/3107
f 4013/4408/3107 2033/2231/1586 2032/2230/1585
f 2036/2234/1589 4014/4409/3108 4015/4410/3109
f 4015/4410/3109 2037/2235/1589 2036/2234/1589
f 2040/2238/1591 4016/4411/3110 4017/4412/3110
f 4017/4412/3110 2041/2239/1591 2040/2238/1591
f 2044/2242/1593 4018/4413/3111 4019/4414/3111
f 4019/4414/3111 2045/2243/1593 2044/2242/1593
f 2048/2246/1595 4020/4415/3112 4021/4416/3112
f 4021/4416/3112 2049/2247/1596 2048/2246/1595
f 2052/2250/1598 4022/4417/3113 4023/4418/3113
f 4023/4418/3113 2053/2251/1599 2052/2250/1598
s 0
f 4024/4419/1600 4025/4420/1600 4026/4421/1600
f 4026/4421/1600 4027/4422/1600 4024/4419/1600
f 4028/4423/3114 4029/4424/3114 4030/4425/3114
f 4030/4425/3114 4031/4426/3114 4028/4423/3114
f 4032/4427/1600 4033/4428/1600 4034/4429/1600
f 4034/4429/1600 4035/4430/1600 4032/4427/1600
f 4036/4431/3115 4037/4432/3115 4038/4433/3115
f 4038/4433/3115 4039/4434/3115 4036/4431/3115
f 4040/4435/1600 4041/4436/1600 4042/4437/1600
f 4042/4437/1600 4043/4438/1600 4040/4435/1600
f 4044/4439/3114 4045/4440/3114 4046/4441/3114
f 4046/4441/3114 4047/4442/3114 4044/4439/3114
f 4048/4443/1600 4049/4444/1600 4050/4445/1600
f 4050/4445/1600 4051/4446/1600 4048/4443/1600
f 4052/4447/3115 4053/4448/3115 4054/4449/3115
f 4054/4449/3115 4055/4450/3115 4052/4447/3115
s 1
f 4056/4451/3116 4057/4452/3116 4058/4453/3117
f 4058/4453/3117 4059/4454/3118 4056/4451/3116
f 4060/4455/3119 4061/4456/3119 4059/4454/3118
f 4059/4454/3118 4058/4453/3117 4060/4455/3119
f 4062/4457/3120 4063/4458/3121 4064/4459/3122
f 4064/4459/3122 4065/4460/3123 4062/4457/3120
f 4066/4461/3124 4067/4462/3125 4068/4463/3126
f 4068/4463/3126 4069/4464/3124 4066/4461/3124
f 4070/4465/3127 4071/4466/3128 4063/4458/3121
f 4063/4458/3121 4062/4457/3120 4070/4465/3127
f 4068/4463/3126 4067/4462/3125 4072/4467/3129
f 4072/4467/3129 4073/4468/3129 4068/4463/3126
f 4074/4469/3128 4075/4470/3127 4076/4471/3130
f 4076/4471/3130 4077/4472/3131 4074/4469/3128
f 4078/4473/3132 4079/4474/3133 4080/4475/3134
f 4079/4474/3133 4081/4476/3135 4080/4475/3134
s 0
f 4082/4477/3136 4083/4478/3136 4084/4479/3136
s 1
f 4085/4480/3137 4086/4481/3137 4087/4482/3138
f 4087/4482/3138 4088/4483/3139 4085/4480/3137
f 4088/4483/3139 4087/4482/3138 4089/4484/3140
f 4089/4484/3140 4090/4485/3140 4088/4483/3139
f 4091/4486/3141 4092/4487/3142 4093/4488/3143
f 4093/4488/3143 4094/4489/3144 4091/4486/3141
f 4094/4489/3144 4093/4488/3143 4095/4490/3145
f 4095/4490/3145 4096/4491/3145 4094/4489/3144
f 4081/4476/3135 4097/4492/3146 4098/4493/3146
f 4098/4493/3146 4080/4475/3134 4081/4476/3135
f 4099/4494/3147 4078/4473/3132 4080/4475/3134
f 4080/4475/3134 4100/4495/3147 4099/4494/3147
f 4101/4496/3148 4102/4497/3149 4103/4498/3149
f 4103/4498/3149 4104/4499/3150 4101/4496/3148
f 4104/4499/3150 4061/4456/3119 4060/4455/3119
f 4060/4455/3119 4101/4496/3148 4104/4499/3150
f 4105/4500/3151 4106/4501/3152 4107/4502/3153
f 4107/4502/3153 4108/4503/3154 4105/4500/3151
f 4109/4504/3155 4110/4505/3155 4111/4506/3156
f 4111/4506/3156 4112/4507/3157 4109/4504/3155
f 4113/4508/3158 4105/4500/3151 4108/4503/3154
f 4108/4503/3154 4114/4509/3159 4113/4508/3158
f 4111/4506/3156 4115/4510/3160 4116/4511/3161
f 4116/4511/3161 4112/4507/3157 4111/4506/3156
f 4117/4512/3162 4118/4513/3163 4119/4514/3163
f 4119/4514/3163 4120/4515/3158 4117/4512/3162
f 4121/4516/3164 4122/4517/3165 4123/4518/3166
f 4123/4518/3166 4122/4517/3165 4124/4519/3167
s 0
f 4125/4520/3168 4126/4521/3168 4127/4522/3168
s 1
f 4128/4523/3169 4129/4524/3170 4130/4525/3171
f 4130/4525/3171 4131/4526/3169 4128/4523/3169
f 4129/4524/3170 4090/4485/3140 4089/4484/3140
f 4089/4484/3140 4130/4525/3171 4129/4524/3170
f 4091/4486/3141 4132/4527/3172 4133/4528/3143
f 4133/4528/3143 4092/4487/3142 4091/4486/3141
f 4132/4527/3172 4134/4529/3173 4135/4530/3174
f 4135/4530/3174 4133/4528/3143 4132/4527/3172
f 4124/4519/3167 4122/4517/3165 4136/4531/3175
f 4136/4531/3175 4137/4532/3175 4124/4519/3167
f 4099/4494/3147 4100/4495/3147 4122/4517/3165
f 4122/4517/3165 4121/4516/3164 4099/4494/3147
f 4138/4533/3176 4139/4534/3177 4140/4535/3178
f 4140/4535/3178 4141/4536/3179 4138/4533/3176
f 4142/4537/3180 4143/4538/3181 4139/4534/3177
f 4139/4534/3177 4138/4533/3176 4142/4537/3180
s 0
f 4144/4539/3182 4145/4540/3182 4146/4541/3182
f 4146/4541/3182 4147/4542/3182 4144/4539/3182
s 1
f 4148/4543/3183 4149/4544/3184 4150/4545/3185
f 4150/4545/3185 4151/4546/3186 4148/4543/3183
f 4152/4547/3187 4153/4548/3188 4149/4544/3184
f 4149/4544/3184 4148/4543/3183 4152/4547/3187
f 4154/4549/3189 4155/4550/3190 4156/4551/3191
f 4156/4551/3191 4157/4552/3192 4154/4549/3189
f 4158/4553/3193 4154/4549/3189 4157/4552/3192
f 4157/4552/3192 4159/4554/3194 4158/4553/3193
f 4160/4555/3195 4161/4556/3196 4162/4557/3197
f 4162/4557/3197 4163/4558/3198 4160/4555/3195
f 4164/4559/3199 4160/4555/3195 4163/4558/3198
f 4163/4558/3198 4165/4560/3200 4164/4559/3199
s 0
f 4166/4561/3201 4167/4562/3201 4168/4563/3201
f 4169/4564/3202 4170/4565/3202 4171/4566/3202
f 4172/4567/3203 4173/4568/3203 4174/4569/3203
f 4175/4570/3204 4176/4571/3204 4177/4572/3204
s 1
f 4177/4572/3205 4178/4573/3205 4175/4570/3205
f 4179/4574/3206 4180/4575/3207 4181/4576/3208
f 4181/4576/3208 4182/4577/3207 4179/4574/3206
s 0
f 4183/4578/3209 4184/4579/3209 4185/4580/3209
f 4186/4581/3210 4187/4582/3210 4188/4583/3210
f 4189/4584/3211 4190/4585/3211 4191/4586/3211
f 4192/4587/3212 4193/4588/3212 4194/4589/3212
f 4195/4590/3213 4196/4591/3213 4197/4592/3213
f 4198/4593/3214 4199/4594/3214 4200/4595/3214
f 4200/4595/3214 4201/4596/3214 4198/4593/3214
f 4202/4597/3215 4203/4598/3215 4204/4599/3215
f 4204/4599/3215 4205/4600/3215 4202/4597/3215
f 4206/4601/3216 4207/4602/3216 4208/4603/3216
s 1
f 4209/4604/3217 4210/4605/3218 4211/4606/3217
f 4211/4606/3217 4212/4607/3218 4209/4604/3217
f 4213/4608/3219 4214/4609/3220 4215/4610/3219
f 4215/4610/3219 4216/4611/3219 4213/4608/3219
s 0
f 4217/4612/3221 4218/1493/3221 4219/4613/3221
f 4220/4614/3222 4221/4615/3222 4222/4616/3222
f 4223/4617/3222 4224/4618/3222 4225/4619/3222
f 4226/4620/3223 4227/4621/3223 4228/4622/3223
f 4229/4623/3224 4230/4624/3224 4231/4625/3224
f 4232/4626/3225 4233/4627/3225 4234/4628/3225
f 4235/4629/3226 4236/4630/3226 4237/4631/3226
s 1
f 4238/4632/3227 4239/4633/3228 4240/4634/3228
f 4240/4634/3228 4241/4635/3228 4238/4632/3227
s 0
f 4242/4636/3229 4243/4637/3229 4244/4638/3229
f 4245/4639/3230 4246/4640/3230 4247/4641/3230
f 4248/4642/3231 4249/4643/3231 4250/4644/3231
s 1
f 4251/4645/3232 4252/4646/3233 4253/4647/3233
s 0
f 4253/4647/3234 4254/4648/3234 4251/4645/3234
f 4255/4649/3235 4256/4650/3235 4257/4651/3235
s 1
f 4149/4652/3184 4258/4653/3236 4259/4654/3237
f 4259/4655/3237 4150/4656/3185 4149/4657/3184
f 4153/4658/3188 4260/4659/3238 4258/4653/3236
f 4258/4653/3236 4149/4652/3184 4153/4658/3188
f 4139/4660/3177 4261/4661/3239 4262/4662/3240
f 4262/4663/3240 4140/4664/3178 4139/4665/3177
f 4143/4666/3181 4263/4667/3241 4261/4661/3239
f 4261/4661/3239 4139/4660/3177 4143/4666/3181
s 0
f 4264/4668/3242 4265/4669/3242 4266/4670/3242
s 1
f 4267/4671/3243 4268/4672/3244 4161/4673/3196
f 4161/4673/3196 4160/4674/3195 4267/4671/3243
f 4269/4675/3245 4267/4671/3243 4160/4674/3195
f 4160/4674/3195 4164/4676/3199 4269/4675/3245
f 4270/4677/3246 4271/4678/3247 4155/4679/3190
f 4155/4679/3190 4154/4680/3189 4270/4677/3246
f 4272/4681/3248 4270/4677/3246 4154/4680/3189
f 4154/4680/3189 4158/4682/3193 4272/4681/3248
s 0
f 4273/4683/3249 4274/4684/3249 4275/4685/3249
f 4276/4686/3250 4277/4687/3250 4278/4688/3250
f 4279/4689/3251 4280/4690/3251 4281/4691/3251
f 4282/4692/3252 4283/4693/3252 4284/4694/3252
f 4285/4695/3253 4286/4696/3253 4287/4697/3253
f 4288/4698/3254 4289/4699/3254 4290/4700/3254
f 4291/4701/3255 4292/4702/3255 4293/4703/3255
f 4294/4704/3256 4295/4705/3256 4296/4706/3256
f 4297/4707/3257 4298/4708/3257 4299/4709/3257
s 1
f 4300/4710/3258 4301/4711/3259 4302/4712/3260
f 4302/4712/3260 4303/4713/3258 4300/4710/3258
f 4301/4714/3259 4304/4715/3261 4305/4716/3261
f 4305/4716/3261 4302/4717/3260 4301/4714/3259
f 4304/4715/3261 4306/4718/3262 4307/4719/3262
f 4307/4719/3262 4305/4716/3261 4304/4715/3261
f 4306/4718/3262 4308/4720/3263 4309/4721/3264
f 4309/4721/3264 4307/4719/3262 4306/4718/3262
f 4308/4722/3263 4310/4723/3265 4311/4724/3265
f 4311/4724/3265 4309/4725/3264 4308/4722/3263
s 0
f 4312/4726/3266 4313/4727/3266 4314/4728/3266
f 4315/4729/3266 4316/4730/3266 4317/4731/3266
f 4318/4732/3266 4319/4733/3266 4320/4734/3266
f 4321/4735/3266 4322/4736/3266 4323/4737/3266
f 4324/4738/3266 4325/4739/3266 4326/4740/3266
f 4327/4741/3267 4328/4742/3267 4329/4743/3267
f 4330/4744/3267 4331/4745/3267 4332/4746/3267
f 4333/4747/3267 4334/4748/3267 4335/4749/3267
f 4336/4750/3267 4337/4751/3267 4338/4752/3267
f 4339/4753/3267 4340/4754/3267 4341/4755/3267
s 1
f 4342/4756/3268 4343/4757/3269 4344/4758/3270
f 4344/4758/3270 4345/4759/3271 4342/4756/3268
f 4343/4760/3269 4346/4761/3272 4347/4762/3273
f 4347/4762/3273 4344/4763/3270 4343/4760/3269
f 4346/4764/3272 4348/4765/3274 4349/4766/3275
f 4349/4766/3275 4347/4767/3273 4346/4764/3272
f 4345/4759/3271 4344/4758/3270 4350/4768/3276
f 4350/4768/3276 4351/4769/3277 4345/4759/3271
f 4344/4763/3270 4347/4762/3273 4352/4770/3278
f 4352/4770/3278 4350/4771/3276 4344/4763/3270
f 4347/4767/3273 4349/4766/3275 4353/4772/3279
f 4353/4772/3279 4352/4773/3278 4347/4767/3273
f 4351/4769/3277 4350/4768/3276 4354/4774/3280
f 4354/4774/3280 4355/4775/3281 4351/4769/3277
f 4350/4771/3276 4352/4770/3278 4356/4776/3282
f 4356/4776/3282 4354/4777/3280 4350/4771/3276
f 4352/4773/3278 4353/4772/3279 4357/4778/3283
f 4357/4778/3283 4356/4779/3282 4352/4773/3278
f 4355/4780/3281 4354/4781/3280 4358/4782/3284
f 4358/4782/3284 4359/4783/3285 4355/4780/3281
f 4354/4784/3280 4356/4785/3282 4360/4786/3286
f 4360/4786/3286 4358/4787/3284 4354/4784/3280
f 4356/4779/3282 4357/4778/3283 4361/4788/3287
f 4361/4788/3287 4360/4789/3286 4356/4779/3282
f 4359/4783/3285 4358/4782/3284 4362/4790/3288
f 4362/4790/3288 4363/4791/3289 4359/4783/3285
f 4358/4787/3284 4360/4786/3286 4364/4792/3290
f 4364/4792/3290 4362/4793/3288 4358/4787/3284
f 4360/4789/3286 4361/4788/3287 4365/4794/3289
f 4365/4794/3289 4364/4795/3290 4360/4789/3286
f 4366/4796/3291 4367/4797/3292 4368/4798/3293
f 4368/4798/3293 4369/4799/3294 4366/4796/3291
f 4367/4800/3292 4370/4801/3295 4371/4802/3296
f 4371/4802/3296 4368/4803/3293 4367/4800/3292
f 4370/4804/3295 4372/4805/3291 4373/4806/3297
f 4373/4806/3297 4371/4807/3296 4370/4804/3295
f 4369/4799/3294 4368/4798/3293 4374/4808/3298
f 4374/4808/3298 4375/4809/3299 4369/4799/3294
f 4368/4803/3293 4371/4802/3296 4376/4810/3300
f 4376/4810/3300 4374/4811/3298 4368/4803/3293
f 4371/4807/3296 4373/4806/3297 4377/4812/3301
f 4377/4812/3301 4376/4813/3300 4371/4807/3296
f 4375/4809/3299 4374/4808/3298 4378/4814/3302
f 4378/4814/3302 4379/4815/3303 4375/4809/3299
f 4374/4811/3298 4376/4810/3300 4380/4816/3304
f 4380/4816/3304 4378/4817/3302 4374/4811/3298
f 4376/4813/3300 4377/4812/3301 4381/4818/3305
f 4381/4818/3305 4380/4819/3304 4376/4813/3300
f 4379/4820/3303 4378/4821/3302 4382/4822/3306
f 4382/4822/3306 4383/4823/3307 4379/4820/3303
f 4378/4824/3302 4380/4825/3304 4384/4826/3308
f 4384/4826/3308 4382/4827/3306 4378/4824/3302
f 4380/4819/3304 4381/4818/3305 4385/4828/3309
f 4385/4828/3309 4384/4829/3308 4380/4819/3304
f 4383/4823/3307 4382/4822/3306 4343/4757/3269
f 4343/4757/3269 4342/4756/3268 4383/4823/3307
f 4382/4827/3306 4384/4826/3308 4346/4761/3272
f 4346/4761/3272 4343/4760/3269 4382/4827/3306
f 4384/4829/3308 4385/4828/3309 4348/4765/3274
f 4348/4765/3274 4346/4764/3272 4384/4829/3308
s 0
f 4386/4830/3310 4387/4831/3310 4388/4832/3310
f 4388/4832/3310 4389/4833/3310 4386/4830/3310
f 4390/4834/3311 4391/4835/3311 4392/4836/3311
f 4392/4836/3311 4393/4837/3311 4390/4834/3311
f 4394/4838/3312 4395/4839/3312 4396/4840/3312
s 1
f 4396/4840/3312 4397/4841/3312 4394/4838/3312
s 0
f 4398/4842/3313 4399/4843/3313 4400/4844/3313
f 4400/4844/3314 4401/4845/3314 4398/4842/3314
f 4402/4846/3315 4403/4847/3315 4404/4848/3315
f 4404/4848/3315 4405/4849/3315 4402/4846/3315
f 4406/4850/3316 4407/4851/3316 4408/4852/3316
f 4408/4852/3317 4409/4853/3317 4406/4850/3317
f 4410/4854/3318 4411/4855/3318 4412/4856/3318
f 4412/4856/3319 4413/4857/3319 4410/4854/3319
f 4414/4858/3310 4415/4859/3310 4387/4831/3310
f 4387/4831/3310 4386/4830/3310 4414/4858/3310
f 4416/4860/3311 4417/4861/3311 4392/4836/3311
f 4392/4836/3311 4391/4835/3311 4416/4860/3311
f 4418/4862/3310 4419/4863/3310 4420/4864/3310
f 4420/4864/3310 4421/4865/3310 4418/4862/3310
f 4422/4866/3315 4423/4867/3315 4424/4868/3315
f 4424/4868/3315 4425/4869/3315 4422/4866/3315
f 4426/4870/3318 4427/4871/3318 4428/4872/3318
f 4428/4872/3318 4429/4873/3318 4426/4870/3318
f 4430/4874/3310 4431/4875/3310 4420/4864/3310
f 4420/4864/3310 4419/4863/3310 4430/4874/3310
f 4432/4876/3314 4433/4877/3314 4434/4878/3314
f 4434/4878/3313 4435/4879/3313 4432/4876/3313
f 4436/4880/3311 4437/4881/3311 4438/4882/3311
f 4438/4882/3311 4439/4883/3311 4436/4880/3311
s 1
f 4440/4884/3320 4441/4885/3321 4442/4886/3322
f 4442/4886/3322 4443/4887/3323 4440/4884/3320
f 4444/4888/3324 4440/4884/3320 4443/4887/3323
f 4443/4887/3323 4445/4889/3325 4444/4888/3324
s 0
f 4446/4890/3326 4447/4891/3326 4448/4892/3326
s 1
f 4448/4892/3326 4449/4893/3326 4446/4890/3326
f 4450/4894/3327 4451/4895/3328 4452/4896/3329
f 4452/4896/3329 4453/4897/3330 4450/4894/3327
f 4454/4898/3331 4450/4894/3327 4453/4897/3330
f 4453/4899/3330 4455/4900/3332 4454/4901/3331
f 4456/4902/3333 4457/4903/3334 4458/4904/3335
f 4458/4904/3335 4459/4905/3336 4456/4902/3333
f 4459/4905/3336 4458/4904/3335 4460/4906/3337
f 4460/4906/3337 4461/4907/3338 4459/4905/3336
f 4462/4908/3339 4463/4909/3340 4464/4910/3341
f 4464/4910/3341 4465/4911/3342 4462/4908/3339
f 4465/4911/3342 4464/4910/3341 4466/4912/3343
f 4466/4912/3343 4467/4913/3344 4465/4911/3342
s 0
f 4468/4914/3345 4469/4915/3345 4470/4916/3345
f 4471/4917/3346 4472/4918/3346 4473/4919/3346
f 4474/4920/3347 4475/4921/3347 4476/4922/3347
f 4477/4923/3348 4478/4924/3348 4479/4925/3348
f 4479/4925/3349 4480/4926/3349 4477/4923/3349
s 1
f 4481/4927/3350 4482/4928/3351 4483/4929/3352
f 4483/4929/3352 4484/4930/3350 4481/4927/3350
s 0
f 4485/4931/3353 4486/4932/3353 4487/4933/3353
f 4488/4934/3354 4489/4935/3354 4490/4936/3354
f 4491/4937/3355 4492/4938/3355 4493/4939/3355
f 4494/4940/3356 4495/4941/3356 4496/4942/3356
f 4497/4943/3357 4498/4944/3357 4499/4945/3357
f 4500/4946/3214 4501/4947/3214 4502/4948/3214
f 4502/4948/3214 4503/4949/3214 4500/4946/3214
f 4504/4950/3215 4505/4951/3215 4506/4952/3215
f 4506/4952/3215 4507/4953/3215 4504/4950/3215
f 4508/4954/3358 4509/4955/3358 4510/4956/3358
s 1
f 4511/4957/3359 4512/4958/3360 4513/4959/3360
f 4513/4959/3360 4514/4960/3360 4511/4957/3359
f 4515/4961/3361 4516/4962/3362 4517/4963/3362
f 4517/4963/3362 4518/4964/3362 4515/4961/3361
s 0
f 4519/4965/3363 4520/4966/3363 4521/4967/3363
f 4522/4968/3364 4523/4969/3364 4524/4970/3364
f 4525/4971/3364 4526/4972/3364 4527/4973/3364
f 4528/4974/3365 4529/4975/3365 4530/4976/3365
f 4531/4977/3366 4532/4978/3366 4533/4979/3366
f 4534/4980/3367 4535/4981/3367 4536/4982/3367
f 4537/4983/3226 4538/4984/3226 4539/4985/3226
s 1
f 4540/4986/3368 4541/4987/3369 4542/4988/3368
f 4542/4988/3368 4543/4989/3369 4540/4986/3368
s 0
f 4544/4990/3370 4545/4991/3370 4546/4992/3370
f 4547/4993/3371 4548/4994/3371 4549/4995/3371
f 4550/4996/3372 4551/4997/3372 4552/4998/3372
s 1
f 4553/4999/3373 4554/5000/3374 4555/5001/3373
s 0
f 4555/5001/3375 4556/5002/3375 4553/4999/3375
f 4557/5003/3376 4558/5004/3376 4559/5005/3376
s 1
f 4453/5006/3330 4452/5007/3329 4560/5008/3377
f 4560/5008/3377 4561/5009/3378 4453/5006/3330
f 4455/5010/3332 4453/5006/3330 4561/5009/3378
f 4561/5009/3378 4562/5011/3379 4455/5010/3332
f 4443/5012/3323 4442/5013/3322 4563/5014/3380
f 4563/5015/3380 4564/5016/3381 4443/5017/3323
f 4445/5018/3325 4443/5017/3323 4564/5016/3381
f 4564/5016/3381 4565/5019/3382 4445/5018/3325
s 0
f 4566/5020/3383 4567/5021/3383 4568/5022/3383
s 1
f 4463/5023/3340 4569/5024/3384 4570/5025/3385
f 4570/5025/3385 4464/5026/3341 4463/5023/3340
f 4464/5026/3341 4570/5025/3385 4571/5027/3386
f 4571/5027/3386 4466/5028/3343 4464/5026/3341
f 4457/5029/3334 4572/5030/3387 4573/5031/3388
f 4573/5031/3388 4458/5032/3335 4457/5029/3334
f 4458/5032/3335 4573/5031/3388 4574/5033/3389
f 4574/5033/3389 4460/5034/3337 4458/5032/3335
s 0
f 4575/5035/3390 4576/5036/3390 4577/5037/3390
f 4578/5038/3391 4579/5039/3391 4580/5040/3391
f 4581/5041/3392 4582/5042/3392 4583/5043/3392
f 4584/5044/3393 4585/5045/3393 4586/5046/3393
f 4587/5047/3394 4588/5048/3394 4589/5049/3394
f 4590/5050/3395 4591/5051/3395 4592/5052/3395
s 1
f 4593/5053/3396 4594/5054/3396 4595/5055/3396
s 0
f 4596/5056/3397 4597/5057/3397 4598/5058/3397
f 4599/5059/3398 4600/5060/3398 4601/5061/3398
f 4602/5062/3310 4603/5063/3310 4604/5064/3310
f 4604/5064/3310 4605/4833/3310 4602/5062/3310
f 4606/5065/3311 4607/5066/3311 4608/5067/3311
f 4608/5067/3311 4609/5068/3311 4606/5065/3311
f 4610/5069/3315 4611/5070/3315 4612/5071/3315
f 4612/5071/3315 4613/5072/3315 4610/5069/3315
f 4614/5073/3313 4615/5074/3313 4616/5075/3313
f 4616/5075/3313 4617/5076/3313 4614/5073/3313
f 4618/5077/3312 4619/5078/3312 4620/5079/3312
f 4620/5079/3312 4621/5080/3312 4618/5077/3312
f 4622/5081/3318 4623/5082/3318 4624/5083/3318
f 4624/5083/3318 4625/5084/3318 4622/5081/3318
f 4626/5085/3316 4627/5086/3316 4628/5087/3316
f 4628/5087/3316 4629/5088/3316 4626/5085/3316
f 4603/5063/3310 4630/5089/3310 4631/5090/3310
f 4631/5090/3310 4604/5064/3310 4603/5063/3310
f 4606/5065/3311 4632/5091/3311 4633/5092/3311
f 4633/5092/3311 4607/5066/3311 4606/5065/3311
f 4634/5093/3311 4437/4881/3311 4436/4880/3311
f 4436/4880/3311 4635/5094/3311 4634/5093/3311
f 4636/5095/3312 4637/5096/3312 4638/5097/3312
f 4638/5097/3312 4639/5098/3312 4636/5095/3312
f 4640/5099/3316 4641/5100/3316 4642/5101/3316
f 4642/5101/3317 4643/5102/3317 4640/5099/3317
f 4644/5103/1079 4645/5104/1079 4646/5105/1079
f 4646/5105/1079 4647/5106/1079 4644/5103/1079
f 4648/5107/1080 4649/5108/1080 4650/5109/1080
f 4650/5109/1080 4651/5110/1080 4648/5107/1080
f 4652/5111/1382 4653/5112/1382 4654/5113/1382
f 4654/5113/1382 4655/5114/1382 4652/5111/1382
f 4656/5115/3399 4657/5116/3399 4658/5117/3399
f 4658/5117/3399 4659/5118/3399 4656/5115/3399
f 4660/5119/1600 4661/5120/1600 4662/5121/1600
f 4662/5121/1600 4663/5122/1600 4660/5119/1600
f 4664/5123/3400 4665/5124/3400 4666/5125/3400
f 4666/5125/3400 4667/5126/3400 4664/5123/3400
f 4668/5127/3401 4669/5128/3401 4670/5129/3401
f 4670/5129/3401 4671/5130/3401 4668/5127/3401
f 4672/5131/3402 4673/5132/3402 4674/5133/3402
f 4674/5133/3402 4675/5134/3402 4672/5131/3402
f 4676/5135/3403 4677/5136/3403 4678/5137/3403
f 4678/5137/3403 4679/5138/3403 4676/5135/3403
f 4680/5139/2719 4681/5140/2719 4682/5141/2719
f 4682/5141/2719 4683/5142/2719 4680/5139/2719
f 4684/5143/1600 4685/5144/1600 4686/5145/1600
f 4686/5145/1600 4687/5146/1600 4684/5143/1600
f 4688/5147/1169 4689/5148/1169 4690/5149/1169
f 4690/5149/1169 4691/5150/1169 4688/5147/1169
s 1
f 4692/5151/3404 4693/5152/3405 4694/5153/3406
f 4694/5153/3406 4695/5154/3407 4692/5151/3404
f 4696/5155/3408 4692/5151/3404 4695/5154/3407
f 4695/5154/3407 4697/5156/3409 4696/5155/3408
f 4698/5157/3410 4699/5158/3411 4700/5159/3412
f 4700/5159/3412 4701/5160/3413 4698/5157/3410
f 4699/5158/3411 4702/5161/3414 4703/5162/3415
f 4703/5162/3415 4700/5159/3412 4699/5158/3411
f 4704/5163/3416 4705/5164/3416 4706/5165/3417
f 4706/5165/3417 4707/5166/3418 4704/5163/3416
f 4707/5166/3418 4706/5165/3417 4708/5167/3419
f 4708/5167/3419 4709/5168/3420 4707/5166/3418
f 4710/5169/3421 4711/5170/3422 4712/5171/3423
f 4712/5171/3423 4713/5172/3424 4710/5169/3421
f 4714/5173/3425 4715/5174/3425 4711/5170/3422
f 4711/5170/3422 4710/5169/3421 4714/5173/3425
f 4716/5175/3426 4717/5176/3427 4718/5177/3428
f 4718/5177/3428 4719/5178/3429 4716/5175/3426
f 4717/5176/3427 4720/5179/3430 4721/5180/3431
f 4721/5180/3431 4718/5177/3428 4717/5176/3427
f 4722/5181/3432 4723/5182/3433 4724/5183/3434
f 4724/5183/3434 4725/5184/3432 4722/5181/3432
f 4723/5182/3433 4726/5185/3435 4727/5186/3435
f 4727/5186/3435 4724/5183/3434 4723/5182/3433
f 4728/5187/3436 4729/5188/3437 4730/5189/3437
f 4730/5189/3437 4731/5190/3438 4728/5187/3436
f 4732/5191/3439 4728/5187/3436 4731/5190/3438
f 4731/5190/3438 4733/5192/3439 4732/5191/3439
f 4734/5193/3440 4735/5194/3441 4736/5195/3441
f 4736/5195/3441 4737/5196/3442 4734/5193/3440
f 4738/5197/3443 4734/5193/3440 4737/5196/3442
f 4737/5196/3442 4739/5198/3443 4738/5197/3443
f 4740/5199/3444 4741/5200/3445 4742/5201/3446
f 4742/5201/3446 4743/5202/3446 4740/5199/3444
f 4744/5203/3447 4745/5204/3448 4741/5205/3445
f 4741/5205/3445 4740/5206/3444 4744/5203/3447
f 4746/5207/3449 4747/5208/3450 4748/5209/3451
f 4748/5209/3451 4749/5210/3452 4746/5207/3449
f 4749/5210/3452 4748/5209/3451 4750/5211/3453
f 4750/5211/3453 4751/5212/3453 4749/5210/3452
f 4752/5213/3454 4753/5214/3455 4754/5215/3456
f 4754/5215/3456 4755/5216/3456 4752/5213/3454
f 4756/5217/3457 4757/5218/3458 4753/5214/3455
f 4753/5214/3455 4752/5213/3454 4756/5217/3457
f 4758/5219/3459 4759/5220/3459 4760/5221/3460
f 4760/5221/3460 4761/5222/3461 4758/5219/3459
f 4761/5222/3461 4760/5221/3460 4762/5223/3462
f 4762/5223/3462 4763/5224/3463 4761/5222/3461
f 4764/5225/3464 4765/5226/3465 4766/5227/3466
f 4766/5227/3466 4767/5228/3467 4764/5225/3464
f 4768/5229/3468 4769/5230/3469 4765/5226/3465
f 4765/5226/3465 4764/5225/3464 4768/5229/3468
f 4770/5231/3470 4771/5232/3471 4772/5233/3472
f 4772/5233/3472 4773/5234/3473 4770/5231/3470
f 4773/5234/3473 4772/5233/3472 4774/5235/3474
f 4774/5235/3474 4775/5236/3474 4773/5234/3473
f 4776/5237/3475 4777/5238/3476 4778/5239/3477
f 4778/5239/3477 4779/5240/3478 4776/5237/3475
f 4777/5238/3476 4780/5241/3479 4781/5242/3479
f 4781/5242/3479 4778/5239/3477 4777/5238/3476
f 4782/5243/3480 4783/5244/3481 4784/5245/3481
f 4784/5245/3481 4785/5246/3482 4782/5243/3480
f 4786/5247/3483 4782/5243/3480 4785/5246/3482
f 4785/5246/3482 4787/5248/3483 4786/5247/3483
f 4788/5249/3484 4789/5250/3485 4790/5251/3486
f 4790/5251/3486 4791/5252/3487 4788/5249/3484
f 4791/5252/3487 4790/5251/3486 4792/5253/3488
f 4792/5253/3488 4793/5254/3489 4791/5252/3487
f 4794/5255/3490 4795/5256/3490 4796/5257/3491
f 4796/5257/3491 4797/5258/3492 4794/5255/3490
f 4797/5258/3492 4796/5257/3491 4798/5259/3493
f 4798/5259/3493 4799/5260/3493 4797/5258/3492
f 4800/5261/3494 4801/5262/3495 4802/5263/3496
f 4802/5263/3496 4803/5264/3496 4800/5261/3494
f 4804/5265/3497 4805/5266/3497 4801/5262/3495
f 4801/5262/3495 4800/5261/3494 4804/5265/3497
f 4806/5267/3498 4807/5268/3499 4808/5269/3500
f 4808/5269/3500 4809/5270/3500 4806/5267/3498
f 4810/5271/3501 4811/5272/3501 4807/5268/3499
f 4807/5268/3499 4806/5267/3498 4810/5271/3501
f 4812/5273/3502 4813/5274/3503 4814/5275/3504
f 4814/5275/3504 4815/5276/3505 4812/5273/3502
f 4816/5277/3506 4812/5273/3502 4815/5276/3505
f 4815/5276/3505 4817/5278/3507 4816/5277/3506
f 4818/5279/3508 4819/5280/3509 4820/5281/3510
f 4820/5281/3510 4821/5282/3508 4818/5279/3508
f 4819/5280/3509 4822/5283/3511 4823/5284/3511
f 4823/5284/3511 4820/5281/3510 4819/5280/3509
f 4824/5285/3512 4825/5286/3513 4826/5287/3513
f 4826/5288/3513 4827/5289/3514 4824/5290/3512
f 4828/5291/3515 4824/5290/3512 4827/5289/3514
f 4827/5289/3514 4829/5292/3515 4828/5291/3515
f 4830/5293/3516 4831/5294/3517 4832/5295/3518
f 4832/5295/3518 4833/5296/3516 4830/5293/3516
f 4831/5294/3517 4834/5297/3519 4835/5298/3520
f 4835/5298/3520 4832/5295/3518 4831/5294/3517
f 272/296/267 126/138/126 415/459/401
f 2333/2559/1846 2314/2540/1830 2472/2710/1975
f 4836/5299/3521 4837/5300/3522 4838/5301/3523
f 4838/5301/3523 4839/5302/3521 4836/5299/3521
s 0
f 4840/5303/3524 4841/5304/3524 4842/5305/3524
s 1
f 4842/5305/3525 4843/5306/3525 4840/5303/3525
f 4844/5307/3526 4845/5308/3527 4846/5309/3528
f 4846/5309/3528 4847/5310/3528 4844/5307/3526
s 0
f 4848/5311/3529 4849/5312/3529 4850/5313/3529
f 4850/5313/3529 4851/5314/3529 4848/5311/3529
s 1
f 4852/5315/3530 4853/5316/3531 4854/5317/3532
f 4854/5317/3532 4855/5318/3532 4852/5315/3530
s 0
f 4856/5319/3533 4857/5320/3533 4858/5321/3533
f 4858/5321/3533 4859/5322/3533 4856/5319/3533
s 1
f 4860/5323/3534 4861/5324/3534 4862/5325/3535
f 4862/5325/3535 4863/5326/3536 4860/5323/3534
s 0
f 4864/5327/3537 4865/5328/3537 4866/5329/3537
f 4866/5329/3537 4867/5330/3537 4864/5327/3537
s 1
f 4868/5331/3538 4869/5332/3538 4870/5333/3539
f 4870/5333/3539 4871/5334/3540 4868/5331/3538
f 4872/5335/3541 4873/5336/3541 4874/5337/3542
f 4874/5337/3542 4875/5338/3543 4872/5335/3541
f 4837/5300/3522 4863/5326/3536 4862/5325/3535
f 4862/5325/3535 4838/5301/3523 4837/5300/3522
s 0
f 4876/5339/3544 4877/5340/3544 4878/5341/3544
f 4878/5341/3544 4879/5342/3544 4876/5339/3544
s 1
f 4844/5307/3526 4871/5334/3540 4870/5333/3539
f 4870/5333/3539 4845/5308/3527 4844/5307/3526
f 4852/5315/3530 4875/5338/3543 4874/5337/3542
f 4874/5337/3542 4853/5316/3531 4852/5315/3530
s 0
f 4880/5343/3533 4881/5344/3533 4882/5345/3533
f 4882/5345/3533 4883/5346/3533 4880/5343/3533
f 4884/5347/3545 4885/5348/3545 4886/5349/3545
f 4886/5349/3545 4887/5350/3545 4884/5347/3545
f 4888/5351/3529 4889/5352/3529 4890/5353/3529
f 4890/5353/3529 4891/5354/3529 4888/5351/3529
f 4892/5355/3546 4893/5356/3546 4894/5357/3546
f 4894/5357/3546 4895/5358/3546 4892/5355/3546
f 4896/5359/3547 4897/5360/3547 4898/5361/3547
f 4898/5361/3547 4899/5362/3547 4896/5359/3547
s 1
f 4900/5363/3548 4901/5364/3548 4902/5365/3548
s 0
f 4902/5365/3548 4903/5366/3548 4900/5363/3548
f 4904/5367/3549 4905/5368/3549 4906/5369/3549
f 4906/5369/3549 4907/5370/3549 4904/5367/3549
f 4908/5371/3550 4909/5372/3550 4910/5373/3550
f 4910/5373/3550 4911/5374/3550 4908/5371/3550
s 1
f 4912/5375/3551 4913/5376/3552 4914/5377/3553
f 4914/5377/3553 4915/5378/3551 4912/5375/3551
s 0
f 4916/5379/3554 4917/5380/3554 4918/5381/3554
f 4918/5381/3554 4919/5382/3554 4916/5379/3554
s 1
f 4920/5383/3555 4921/5384/3556 4922/5385/3557
f 4922/5385/3557 4923/5386/3557 4920/5383/3555
s 0
f 4924/5387/3558 4925/5388/3558 4926/5389/3558
f 4926/5389/3558 4927/5390/3558 4924/5387/3558
s 1
f 4928/5391/3559 4929/5392/3560 4930/5393/3561
f 4930/5393/3561 4931/5394/3561 4928/5391/3559
s 0
f 4932/5395/3562 4933/5396/3562 4934/5397/3562
f 4934/5397/3563 4935/5398/3563 4932/5395/3563
s 1
f 4936/5399/3564 4937/5400/3564 4938/5401/3565
f 4938/5401/3565 4939/5402/3566 4936/5399/3564
s 0
f 4940/5403/3567 4941/5404/3567 4942/5405/3567
f 4942/5405/3567 4943/5406/3567 4940/5403/3567
s 1
f 4944/5407/3568 4945/5408/3568 4946/5409/3569
f 4946/5409/3569 4947/5410/3570 4944/5407/3568
f 4948/5411/3571 4949/5412/3571 4950/5413/3572
f 4950/5413/3572 4951/5414/3573 4948/5411/3571
f 4913/5376/3552 4939/5402/3566 4938/5401/3565
f 4938/5401/3565 4914/5377/3553 4913/5376/3552
s 0
f 4952/5415/3574 4953/5416/3574 4954/5417/3574
f 4954/5417/3575 4955/5418/3575 4952/5415/3575
s 1
f 4920/5383/3555 4947/5410/3570 4946/5409/3569
f 4946/5409/3569 4921/5384/3556 4920/5383/3555
f 4928/5391/3559 4951/5414/3573 4950/5413/3572
f 4950/5413/3572 4929/5392/3560 4928/5391/3559
s 0
f 4956/5419/3563 4957/5420/3563 4958/5421/3563
f 4958/5421/3563 4959/5422/3563 4956/5419/3563
f 4960/5423/3576 4961/5424/3576 4962/5425/3576
f 4962/5425/3576 4963/5426/3576 4960/5423/3576
f 4964/5427/3577 4965/5428/3577 4966/5429/3577
f 4966/5429/3558 4967/5430/3558 4964/5427/3558
f 4968/5431/3578 4969/5432/3578 4970/5433/3578
f 4970/5433/3578 4971/5434/3578 4968/5431/3578
f 4972/5435/3579 4973/5436/3579 4974/5437/3579
f 4974/5437/3579 4975/5438/3579 4972/5435/3579
f 4976/5439/3580 4977/5440/3580 4978/5441/3580
s 1
f 4978/5441/3580 4979/5442/3580 4976/5439/3580
s 0
f 4980/5443/3581 4981/5444/3581 4982/5445/3581
f 4982/5445/3581 4983/5446/3581 4980/5443/3581
f 4984/5447/3582 4985/5448/3582 4986/5449/3582
f 4986/5449/3582 4987/5450/3582 4984/5447/3582
s 1
f 4988/5451/2719 4989/5452/3583 4990/5453/3584
f 4990/5453/3584 4991/5454/3585 4988/5451/2719
f 4989/5455/3583 4992/5456/3586 4993/5457/3587
f 4993/5457/3587 4990/5458/3584 4989/5455/3583
f 4994/5459/3588 4995/5460/3589 4996/5461/3590
f 4996/5461/3590 4997/5462/3591 4994/5459/3588
f 4995/5460/3589 4998/5463/3592 4999/5464/3593
f 4999/5464/3593 4996/5461/3590 4995/5460/3589
f 4998/5465/3592 5000/5466/1169 5001/5467/3594
f 5001/5467/3594 4999/5468/3593 4998/5465/3592
f 5000/5466/1169 5002/5469/3595 5003/5470/3596
f 5003/5470/3596 5001/5467/3594 5000/5466/1169
f 5002/5471/3595 5004/5472/3597 5005/5473/3598
f 5005/5473/3598 5003/5474/3596 5002/5471/3595
f 5004/5472/3597 5006/5475/3599 5007/5476/3600
f 5007/5476/3600 5005/5473/3598 5004/5472/3597
f 5006/5475/3599 5008/5477/3601 5009/5478/3602
f 5009/5478/3602 5007/5476/3600 5006/5475/3599
f 5008/5479/3601 4988/5451/2719 4991/5454/3585
f 4991/5454/3585 5009/5480/3602 5008/5479/3601
s 0
f 5010/5481/3603 5011/5482/3603 5012/5483/3603
f 5012/5483/3603 5013/5484/3603 5010/5481/3603
f 5011/5482/3603 5014/5485/3603 5015/5486/3603
f 5015/5486/3603 5012/5483/3603 5011/5482/3603
f 5014/5485/3603 5016/5487/3603 5017/5488/3603
f 5017/5488/3603 5015/5486/3603 5014/5485/3603
f 5016/5487/3603 5018/5489/3603 5019/5490/3603
f 5019/5490/3604 5017/5488/3604 5016/5487/3604
f 5018/5489/3603 5020/5491/3603 5021/5492/3603
f 5021/5492/3603 5019/5490/3603 5018/5489/3603
f 5020/5491/3604 5022/5493/3604 5023/5494/3604
f 5023/5494/3603 5021/5492/3603 5020/5491/3603
f 5022/5493/3603 5024/5495/3603 5025/5496/3603
f 5025/5496/3603 5023/5494/3603 5022/5493/3603
f 5024/5495/3603 5026/5497/3603 5027/5498/3603
f 5027/5498/3603 5025/5496/3603 5024/5495/3603
f 5028/5497/3603 5029/5499/3603 5030/5500/3603
f 5030/5500/3603 5031/5498/3603 5028/5497/3603
f 5029/5499/3603 5010/5481/3603 5013/5484/3603
f 5013/5484/3603 5030/5500/3603 5029/5499/3603
s 1
f 5032/5501/3605 5033/5502/3606 5034/5503/3607
f 5033/5504/3606 5035/5505/3608 5034/5506/3607
f 5035/5505/3608 5036/5507/3609 5034/5506/3607
f 5036/5507/3609 5037/5508/3610 5034/5506/3607
f 5037/5509/3610 5038/5510/3611 5034/5511/3607
f 5038/5510/3611 5039/5512/3612 5034/5511/3607
f 5039/5513/3612 5040/5514/3613 5034/5515/3607
f 5040/5514/3613 5041/5516/3614 5034/5515/3607
f 5042/5517/3615 5043/5518/3616 5034/5519/3607
f 5043/5520/3616 5032/5501/3605 5034/5503/3607
f 5044/5521/1169 5045/5522/3594 5046/5523/3593
f 5046/5523/3593 5047/5524/3592 5044/5521/1169
f 5047/5525/3592 5046/5526/3593 5048/5527/3617
f 5048/5527/3617 5049/5528/3618 5047/5525/3592
f 5050/5529/3589 5051/5530/3590 5052/5531/3591
f 5052/5531/3591 5053/5532/3588 5050/5529/3589
f 5053/5532/3588 5052/5531/3591 5054/5533/3584
f 5054/5533/3584 5055/5534/3583 5053/5532/3588
f 5055/5535/3583 5054/5536/3584 5056/5537/3585
f 5056/5537/3585 5057/5538/2719 5055/5535/3583
f 5057/5538/2719 5056/5537/3585 5058/5539/3602
f 5058/5539/3602 5059/5540/3601 5057/5538/2719
f 5059/5541/3601 5058/5542/3602 5060/5543/3600
f 5060/5543/3600 5061/5544/3599 5059/5541/3601
f 5061/5544/3599 5060/5543/3600 5062/5545/3598
f 5062/5545/3598 5063/5546/3597 5061/5544/3599
f 5063/5546/3597 5062/5545/3598 5064/5547/3596
f 5064/5547/3596 5065/5548/3595 5063/5546/3597
f 5065/5549/3595 5064/5550/3596 5045/5522/3594
f 5045/5522/3594 5044/5521/1169 5065/5549/3595
s 0
f 5066/5551/3603 5067/5552/3603 5068/5553/3603
f 5068/5553/3603 5069/5554/3603 5066/5551/3603
f 5069/5554/3603 5068/5553/3603 5070/5555/3603
f 5070/5555/3603 5071/5556/3603 5069/5554/3603
f 5071/5556/3603 5070/5555/3603 5072/5557/3603
f 5072/5557/3603 5073/5558/3603 5071/5556/3603
f 5073/5558/3603 5072/5557/3603 5074/5559/3603
f 5074/5559/3603 5075/5560/3603 5073/5558/3603
s 1
f 5075/5560/3603 5074/5559/3603 5076/5561/3603
s 0
f 5076/5561/3603 5077/5562/3603 5075/5560/3603
f 5077/5562/3603 5076/5561/3603 5078/5563/3603
f 5078/5563/3619 5079/5564/3619 5077/5562/3619
f 5079/5564/3603 5078/5563/3603 5080/5565/3603
f 5080/5565/3603 5081/5566/3603 5079/5564/3603
f 5081/5566/3603 5080/5565/3603 5082/5567/3603
f 5082/5567/3603 5083/5568/3603 5081/5566/3603
f 5084/5568/3603 5085/5567/3603 5086/5569/3603
f 5086/5569/3603 5087/5570/3603 5084/5568/3603
s 1
f 5087/5570/3603 5086/5569/3603 5067/5552/3603
s 0
f 5067/5552/3603 5066/5551/3603 5087/5570/3603
s 1
f 5088/5571/3611 5089/5572/3607 5090/5573/3610
f 5090/5574/3610 5089/5575/3607 5091/5576/3609
f 5091/5576/3609 5089/5575/3607 5092/5577/3608
f 5092/5577/3608 5089/5575/3607 5093/5578/3606
f 5093/5579/3606 5089/5580/3607 5094/5581/3605
f 5094/5581/3605 5089/5580/3607 5095/5582/3616
f 5095/5583/3616 5089/5584/3607 5096/5585/3615
f 5096/5585/3615 5089/5584/3607 5097/5586/3620
f 5098/5587/3613 5089/5588/3607 5099/5589/3612
f 5099/5590/3612 5089/5572/3607 5088/5571/3611
s 0
f 5100/5591/3621 5101/5592/3621 5102/5593/3621
f 5102/5593/3621 5103/5594/3621 5100/5591/3621
f 5104/5595/1169 5105/5596/1169 5106/5597/1169
f 5106/5597/1169 5107/5598/1169 5104/5595/1169
f 5104/5595/1169 5108/5599/1169 5105/5596/1169
s 1
f 5109/5600/3622 5110/5601/3623 5111/5602/3624
f 5112/5603/3625 5113/5604/3626 5114/5605/3627
s 0
f 5115/5606/3628 5116/5607/3628 5117/5608/3628
s 1
f 5117/5608/3628 5118/5609/3628 5115/5606/3628
s 0
f 5119/5610/2719 5120/5611/2719 5121/5612/2719
f 5121/5612/2719 5122/5613/2719 5119/5610/2719
s 1
f 5123/5614/3624 5124/5615/1080 5111/5616/3624
f 5125/5617/3625 5126/5618/1079 5127/5619/3627
s 0
f 5120/5611/2719 5128/5620/2719 5129/5621/2719
s 1
f 5130/5622/3622 5123/5623/3624 5131/5624/3623
f 5125/5625/3625 5127/5626/3627 5132/5627/3626
s 0
f 5133/5628/1382 5134/4572/1382 5135/5629/1382
f 5136/5630/3621 5137/5631/3621 5138/5632/3621
s 1
f 5138/5632/3621 5139/5633/3621 5136/5630/3621
s 0
f 5140/5634/1169 5141/5635/1169 5142/5636/1169
f 5142/5636/1169 5143/5637/1169 5140/5634/1169
f 5140/5634/1169 5144/5638/1169 5141/5635/1169
s 1
f 5145/5639/3622 5146/5640/3623 5147/5641/3624
f 5148/5642/3625 5149/5643/3626 5150/5644/3627
s 0
f 5151/5645/3628 5152/5646/3628 5153/5647/3628
f 5153/5647/3628 5154/5648/3628 5151/5645/3628
f 5155/5649/2719 5156/5650/2719 5157/5651/2719
f 5157/5651/2719 5158/5652/2719 5155/5649/2719
s 1
f 5159/5653/3624 5160/5654/1080 5147/5655/3624
f 5161/5656/3625 5162/5657/1079 5163/5658/3627
s 0
f 5156/5650/2719 5164/5659/2719 5165/5660/2719
s 1
f 5166/5661/3622 5159/5662/3624 5167/5663/3623
f 5161/5664/3625 5163/5665/3627 5168/5666/3626
s 0
f 5169/5667/1382 5170/4983/1382 5171/1562/1382
s 1
f 224/248/222 231/255/229 269/293/264
f 224/248/222 269/293/264 271/295/266
f 826/928/760 833/935/767 5172/5668/3629
f 826/928/760 5172/5668/3629 827/929/761
f 875/983/806 882/5669/813 883/5670/814
f 875/983/806 883/5670/814 876/984/807
f 968/5671/893 971/1092/896 965/1086/890
f 968/1089/893 965/5672/890 972/1093/897
f 1668/1824/1357 3673/4029/2892 3672/4028/2892
f 1668/1824/1357 3672/4028/2892 1671/1827/1360
f 1820/1989/1437 1821/1988/1438 1782/1940/1412
f 1781/1939/1411 1820/1989/1437 1782/1940/1412
f 5173/5673/3630 1972/2170/1552 1971/2169/1551
f 1969/2167/1549 5173/5673/3630 1971/2169/1551
f 2284/2510/1800 5174/5674/3631 2332/2558/1845
f 2284/2510/1800 2332/2558/1845 2330/2556/1843
f 5175/5675/3632 2882/3187/2341 2876/3181/2335
f 2875/3180/2334 5175/5675/3632 2876/3181/2335
f 2926/5676/2384 2925/5677/2383 2921/3232/2379
f 2920/3231/2378 2926/5676/2384 2921/3232/2379
f 3007/3329/2458 3008/3330/2459 3011/3334/2462
f 3007/3329/2458 3011/3334/2462 3006/5678/2457
f 3671/4027/2891 3670/4026/2890 1671/1827/1360
f 3671/4027/2891 1671/1827/1360 3672/4028/2892
f 3783/4141/2943 3819/4198/2967 3784/4142/2944
f 3784/4142/2944 3823/4188/2971 3785/4143/2945
f 3971/4366/3083 3972/4367/3084 5176/5679/3633
f 3971/4366/3083 5176/5679/3633 3970/4365/3082
s 0
f 5108/5599/1169 5177/5680/1169 5105/5596/1169
s 1
f 5123/5614/3624 5130/5681/3622 5178/5682/1080
f 5123/5614/3624 5178/5682/1080 5124/5615/1080
f 5124/5615/1080 5109/5683/3622 5111/5616/3624
f 5112/5684/3625 5114/5685/3627 5179/5686/1079
f 5112/5684/3625 5179/5686/1079 5126/5618/1079
f 5125/5617/3625 5112/5684/3625 5126/5618/1079
s 0
f 5129/5621/2719 5121/5612/2719 5120/5611/2719
f 5134/4572/1382 5180/5687/1382 5135/5629/1382
f 5144/5638/1169 5181/5688/1169 5141/5635/1169
s 1
f 5159/5653/3624 5166/5689/3622 5182/5690/1080
f 5159/5653/3624 5182/5690/1080 5160/5654/1080
f 5160/5654/1080 5145/5691/3622 5147/5655/3624
f 5148/5692/3625 5150/5693/3627 5183/5694/1079
f 5148/5692/3625 5183/5694/1079 5162/5657/1079
f 5161/5656/3625 5148/5692/3625 5162/5657/1079
s 0
f 5165/5660/2719 5157/5651/2719 5156/5650/2719
f 5170/4983/1382 5184/5695/1382 5171/1562/1382
f 5185/5696/3634 5186/5697/3634 5187/5698/3634
f 5188/5699/3635 5189/5700/3635 5190/5701/3635
f 5191/5702/3636 5192/5703/3636 5193/5704/3636
f 5194/5705/3637 5195/5706/3637 5196/5707/3637
f 5197/5708/3638 5198/5709/3638 5199/5710/3638
f 5200/3121/3639 5201/5711/3639 5202/5712/3639
s 1
f 5203/5713/3640 5204/5714/3641 5205/5715/3642
f 5205/5715/3642 5206/5716/3643 5203/5713/3640
f 5204/5714/3641 5207/5717/3644 5208/5718/3645
f 5208/5718/3645 5205/5715/3642 5204/5714/3641
f 5209/5719/3646 5210/5720/3647 5205/5715/3642
f 5205/5715/3642 5208/5718/3645 5209/5719/3646
f 5205/5715/3642 5210/5720/3647 5211/5721/3648
f 5211/5721/3648 5206/5716/3643 5205/5715/3642
f 5212/5722/3649 5213/5723/3650 5214/5724/3651
f 5214/5724/3651 5215/5725/3652 5212/5722/3649
f 5216/5726/3653 5217/5727/3654 5213/5723/3650
f 5213/5723/3650 5212/5722/3649 5216/5726/3653
f 5217/5728/3654 5218/5729/3655 5219/5730/3656
f 5219/5730/3656 5213/5731/3650 5217/5728/3654
f 5214/5732/3651 5213/5731/3650 5219/5730/3656
f 5219/5730/3656 5220/5733/3657 5214/5732/3651
f 5221/5734/3658 5222/5735/3659 5223/5736/3660
f 5223/5736/3660 5224/5737/3661 5221/5734/3658
f 5222/5735/3659 5221/5734/3658 5225/5738/3662
f 5225/5738/3662 5226/5739/3663 5222/5735/3659
f 5227/5740/3664 5228/5741/3665 5222/5735/3659
f 5222/5735/3659 5226/5739/3663 5227/5740/3664
f 5228/5741/3665 5229/5742/3666 5223/5736/3660
f 5223/5736/3660 5222/5735/3659 5228/5741/3665
f 5230/5743/3667 5231/5744/3668 5232/5745/3669
f 5232/5745/3669 5233/5746/3670 5230/5743/3667
f 5234/5747/3671 5235/5748/3672 5236/5749/3673
f 5237/5750/3674 5232/5745/3669 5231/5744/3668
f 5231/5744/3668 5235/5748/3672 5237/5750/3674
f 5238/5751/3675 5239/5752/3676 5240/5753/3677
f 5240/5753/3677 5241/5754/3678 5238/5751/3675
f 5241/5754/3678 5242/5755/3679 5243/5756/3679
f 5243/5756/3679 5238/5751/3675 5241/5754/3678
f 5244/5757/3680 5231/5744/3668 5230/5743/3667
f 5245/5758/3681 5239/5752/3676 5238/5751/3675
f 5224/5737/3661 5246/5759/3682 5221/5734/3658
f 5203/5713/3640 5206/5716/3643 5247/5760/3683
f 5247/5760/3683 5248/5761/3684 5203/5713/3640
f 5248/5761/3684 5247/5760/3683 5249/5762/3685
f 5249/5762/3685 5250/5763/3686 5248/5761/3684
f 5247/5760/3683 5251/5764/3687 5252/5765/3688
f 5252/5765/3688 5249/5762/3685 5247/5760/3683
f 5211/5721/3648 5251/5764/3687 5247/5760/3683
f 5247/5760/3683 5206/5716/3643 5211/5721/3648
f 5253/5766/3689 5215/5725/3652 5214/5724/3651
f 5214/5724/3651 5254/5767/3690 5253/5766/3689
f 5255/5768/3691 5253/5766/3689 5254/5767/3690
f 5254/5767/3690 5256/5769/3692 5255/5768/3691
f 5256/5770/3692 5254/5771/3690 5257/5772/3693
f 5257/5772/3693 5258/5773/3694 5256/5770/3692
f 5214/5732/3651 5220/5733/3657 5257/5772/3693
f 5257/5772/3693 5254/5771/3690 5214/5732/3651
f 5259/5774/3695 5260/5775/3696 5261/5776/3697
f 5261/5776/3697 5262/5777/3698 5259/5774/3695
f 5262/5777/3698 5263/5778/3699 5264/5779/3700
f 5264/5779/3700 5259/5774/3695 5262/5777/3698
f 5265/5780/3701 5263/5778/3699 5262/5777/3698
f 5262/5777/3698 5266/5781/3702 5265/5780/3701
f 5266/5781/3702 5262/5777/3698 5261/5776/3697
f 5261/5776/3697 5267/5782/3703 5266/5781/3702
f 5268/5783/3704 5269/5784/3705 5270/5785/3706
f 5270/5785/3706 5271/5786/3707 5268/5783/3704
f 5272/5787/3708 5273/5788/3709 5274/5789/3710
f 5275/5790/3711 5274/5789/3710 5271/5786/3707
f 5271/5786/3707 5270/5785/3706 5275/5790/3711
f 5276/5791/3712 5277/5792/3713 5278/5793/3714
f 5278/5793/3714 5279/5794/3715 5276/5791/3712
f 5277/5792/3713 5276/5791/3712 5280/5795/3716
f 5280/5795/3716 5281/5796/3716 5277/5792/3713
f 5282/5797/3717 5283/5798/3718 5284/5799/3719
f 5285/5800/3720 5286/5801/3721 5287/5802/3722
f 5260/5775/3696 5259/5774/3695 5288/5803/3723
f 5235/5748/3672 5231/5744/3668 5289/5804/3724
f 5235/5748/3672 5289/5804/3724 5236/5749/3673
f 5244/5757/3680 5290/5805/3725 5289/5804/3724
f 5244/5757/3680 5289/5804/3724 5231/5744/3668
f 5245/5758/3681 5291/5806/3726 5292/5807/3727
f 5245/5758/3681 5292/5807/3727 5239/5752/3676
f 5283/5798/3718 5271/5786/3707 5274/5789/3710
f 5273/5788/3709 5283/5798/3718 5274/5789/3710
f 5282/5797/3717 5268/5783/3704 5271/5786/3707
f 5282/5797/3717 5271/5786/3707 5283/5798/3718
f 5285/5800/3720 5276/5791/3712 5279/5794/3715
f 5285/5800/3720 5279/5794/3715 5286/5801/3721
f 5293/5808/3728 5294/5809/3729 5295/5810/3730
f 5294/5809/3729 5296/5811/3731 5297/5812/3732
f 5297/5812/3732 5295/5810/3730 5294/5809/3729
f 5298/5813/3733 5299/5814/3734 5300/5815/3735
f 5300/5815/3735 5301/5816/3735 5298/5813/3733
f 5302/5817/3736 5303/5818/3737 5304/5819/3738
f 5304/5819/3738 5305/5820/3736 5302/5817/3736
f 5299/5814/3734 5298/5813/3733 5306/5821/3739
f 5306/5821/3739 5307/5822/3739 5299/5814/3734
f 5303/5818/3737 5308/5823/3740 5309/5824/3740
f 5309/5824/3740 5304/5819/3738 5303/5818/3737
f 5310/5825/3741 5311/5826/3742 5312/5827/3743
f 5312/5827/3743 5313/5828/3744 5310/5825/3741
f 5314/5829/3745 5315/5830/3746 5316/4918/3747
f 5316/4918/3747 5317/5831/3748 5314/5829/3745
f 5318/5832/3749 5319/5833/3750 5320/5834/3751
f 5320/5834/3751 5321/5835/3752 5318/5832/3749
f 5319/5833/3750 5322/5836/3753 5323/5837/3754
f 5323/5837/3754 5320/5834/3751 5319/5833/3750
f 5324/5838/3755 5296/5811/3731 5294/5809/3729
f 5294/5809/3729 5325/5839/3756 5324/5838/3755
f 5326/5840/3757 5294/5809/3729 5327/5841/3758
f 5325/5839/3756 5294/5809/3729 5328/5842/3759
f 5329/5843/3760 5294/5809/3729 5326/5840/3757
f 5294/5809/3729 5293/5808/3728 5327/5841/3758
f 5328/5842/3759 5294/5809/3729 5329/5843/3760
f 5330/5844/3761 5331/5845/3762 5332/5846/3763
f 5332/5846/3763 5333/5847/3764 5330/5844/3761
f 5334/5848/3765 5335/5849/3766 5336/5850/3767
f 5336/5850/3767 5337/5851/3768 5334/5848/3765
f 5338/5852/3769 5339/5853/3770 5335/5849/3766
f 5335/5849/3766 5334/5848/3765 5338/5852/3769
f 5340/5854/3771 5341/5855/3771 5342/5856/3772
f 5342/5856/3772 5343/5857/3773 5340/5854/3771
f 5343/5857/3773 5342/5856/3772 5344/5858/3774
f 5344/5858/3774 5345/5859/3774 5343/5857/3773
f 5345/5859/3774 5344/5858/3774 5346/5860/3775
f 5346/5860/3775 5347/5861/3776 5345/5859/3774
f 5347/5861/3776 5346/5860/3775 5348/5862/3777
f 5348/5862/3777 5349/5863/3778 5347/5861/3776
f 5349/5864/3778 5348/5865/3777 5339/5853/3770
f 5339/5853/3770 5338/5852/3769 5349/5864/3778
f 5350/5866/3779 5351/5867/3780 5352/5868/3781
f 5352/5868/3781 5353/5869/3781 5350/5866/3779
f 5354/5870/3782 5355/5871/3783 5356/5872/3784
f 5356/5872/3784 5357/5873/3785 5354/5870/3782
f 5358/5874/3786 5351/5867/3780 5350/5866/3779
f 5350/5866/3779 5359/5875/3787 5358/5874/3786
f 5356/5872/3784 5355/5871/3783 5360/5876/3788
f 5360/5876/3788 5361/5877/3789 5356/5872/3784
f 5333/5847/3764 5332/5846/3763 5354/5870/3782
f 5354/5870/3782 5357/5873/3785 5333/5847/3764
f 5360/5878/3788 5358/5874/3786 5359/5875/3787
f 5359/5875/3787 5361/5879/3789 5360/5878/3788
f 5323/5837/3754 5362/5880/3790 5320/5834/3751
f 5363/5881/3791 5364/5882/3792 5321/5835/3752
f 5321/5835/3752 5320/5834/3751 5363/5881/3791
f 5311/5826/3742 5365/5883/3793 5312/5827/3743
f 5362/5880/3790 5366/5884/3794 5320/5834/3751
f 5366/5884/3794 5367/5885/3795 5320/5834/3751
f 5367/5885/3795 5368/5886/3796 5320/5834/3751
f 5368/5886/3796 5363/5881/3791 5320/5834/3751
f 5369/5887/3797 5370/5888/3798 5371/5889/3799
f 5372/5890/3800 5373/5891/3801 5374/5892/3802
f 5374/5892/3802 5375/5893/3803 5372/5890/3800
f 5373/5894/3801 5376/5895/3804 5370/5896/3798
f 5370/5897/3798 5374/5898/3802 5373/5899/3801
f 5376/5900/3804 5377/5901/3805 5370/5902/3798
f 5377/5901/3805 5378/5903/3806 5371/5904/3799
f 5371/5904/3799 5370/5902/3798 5377/5901/3805
f 5378/5905/3806 5379/5906/3807 5369/5907/3797
f 5369/5907/3797 5371/5908/3799 5378/5905/3806
f 5379/5909/3807 5372/5890/3800 5375/5893/3803
f 5375/5893/3803 5369/5887/3797 5379/5909/3807
f 5369/5887/3797 5375/5893/3803 5370/5888/3798
f 5375/5893/3803 5374/5892/3802 5370/5888/3798
f 5380/5910/3808 5381/5911/3809 5382/5912/3810
f 5382/5912/3810 5383/5913/3811 5380/5910/3808
f 5384/5914/3812 5385/5915/3813 5386/5916/3814
f 5386/5916/3814 5387/5917/3815 5384/5914/3812
f 5381/5911/3809 5385/5918/3813 5388/5919/3816
f 5388/5919/3816 5389/5920/3817 5381/5911/3809
f 5390/5921/3818 5391/5922/3819 5392/5923/3820
f 5392/5923/3820 5393/5924/3821 5390/5921/3818
f 5391/5922/3819 5390/5921/3818 5394/5925/3822
f 5394/5925/3822 5395/5926/3823 5391/5922/3819
f 5395/5927/3823 5394/5928/3822 5396/5929/3824
f 5396/5929/3824 5397/5930/3824 5395/5927/3823
f 5398/5931/3825 5382/5912/3810 5381/5911/3809
f 5381/5911/3809 5389/5920/3817 5398/5931/3825
f 5399/5932/3826 5388/5933/3816 5385/5915/3813
f 5385/5915/3813 5384/5914/3812 5399/5932/3826
f 5385/5918/3813 5381/5911/3809 5380/5910/3808
f 5380/5910/3808 5386/5934/3814 5385/5918/3813
f 5400/5935/3827 5401/5936/3828 5402/5937/3829
f 5402/5937/3829 5403/5938/3829 5400/5935/3827
f 5404/5939/3830 5405/5940/3830 5406/5941/3830
f 5406/5941/3830 5407/5942/3830 5404/5939/3830
f 5408/5943/3831 5409/5944/3831 5410/5945/3831
f 5410/5945/3831 5411/5946/3831 5408/5943/3831
f 5412/5947/3832 5413/5948/3833 5414/5949/3834
f 5414/5949/3834 5415/5950/3834 5412/5947/3832
f 5416/5951/3835 5417/5952/3835 5418/5953/3835
f 5418/5953/3835 5419/5954/3835 5416/5951/3835
s 0
f 5420/5955/3836 5421/5956/3836 5422/5957/3836
f 5422/5957/3837 5423/5958/3837 5420/5955/3837
s 1
f 5424/5959/3838 5425/5960/3838 5401/5936/3828
f 5401/5936/3828 5400/5935/3827 5424/5959/3838
f 5413/5948/3833 5412/5947/3832 5426/5961/3839
f 5426/5961/3839 5427/5962/3839 5413/5948/3833
f 5428/5963/3840 5429/5964/3841 5430/5965/3842
f 5431/5966/3843 5432/5967/3844 5433/5968/3845
f 5433/5969/3845 5434/5970/3846 5431/5971/3843
f 5435/5972/3847 5436/5973/3848 5437/5974/3849
f 5437/5975/3849 5438/5976/3849 5435/5977/3847
f 5433/5968/3845 5432/5967/3844 5436/5978/3848
f 5436/5978/3848 5435/5979/3847 5433/5968/3845
f 5439/5980/3850 5440/5981/3851 5441/5982/3852
f 5441/5982/3852 5442/5983/3853 5439/5980/3850
f 5440/5981/3851 5443/5984/3854 5444/5985/3855
f 5444/5985/3855 5441/5982/3852 5440/5981/3851
f 5443/5986/3854 5445/5987/3856 5446/5988/3856
f 5446/5988/3856 5444/5989/3855 5443/5986/3854
f 5447/5990/3857 5448/5991/3858 5449/5992/3859
f 5450/5993/3860 5451/5994/3861 5452/5995/3862
f 5452/5995/3862 5453/5996/3860 5450/5993/3860
f 5454/5997/3863 5455/5998/3864 5456/5999/3865
f 5456/5999/3865 5457/6000/3866 5454/5997/3863
f 5457/6000/3866 5456/5999/3865 5458/6001/3867
f 5458/6001/3867 5459/6002/3868 5457/6000/3866
f 5460/6003/3869 5461/6004/3870 5462/6005/3871
f 5462/6006/3871 5463/6007/3871 5460/6008/3869
f 5464/6009/3872 5465/6010/3872 5466/6011/3872
f 5466/6011/3872 5467/6012/3872 5464/6009/3872
f 5468/6013/3873 5469/6014/3873 5461/6004/3870
f 5461/6004/3870 5460/6003/3869 5468/6013/3873
f 5470/6015/3874 5471/6016/3874 5472/6017/3874
f 5472/6018/3874 5473/6019/3874 5470/6020/3874
f 5474/6021/3875 5475/6022/3875 5476/6023/3876
f 5476/6024/3876 5477/6025/3877 5474/6026/3875
f 5478/6027/3878 5479/6028/3879 5480/6029/3880
f 5480/6029/3880 5481/6030/3881 5478/6027/3878
f 5481/6030/3881 5480/6029/3880 5482/6031/3882
f 5482/6031/3882 5483/6032/3882 5481/6030/3881
f 5484/6033/3883 5485/6034/3884 5479/6035/3879
f 5479/6035/3879 5478/6036/3878 5484/6033/3883
f 5486/6037/3885 5487/6038/3886 5485/6034/3884
f 5485/6034/3884 5484/6033/3883 5486/6037/3885
f 5477/6025/3877 5476/6024/3876 5487/6038/3886
f 5487/6038/3886 5486/6037/3885 5477/6025/3877
f 5488/6039/3887 5489/6040/3888 5490/6041/3889
f 5490/6041/3889 5491/6042/3890 5488/6039/3887
f 5490/6043/3889 5492/6044/3891 5493/6045/3892
f 5493/6045/3892 5491/6046/3890 5490/6043/3889
f 5493/6045/3892 5492/6044/3891 5494/6047/3893
f 5494/6048/3893 5495/6049/3893 5493/6050/3892
f 5496/6051/3894 5497/6052/3895 5489/6040/3888
f 5489/6040/3888 5488/6039/3887 5496/6051/3894
f 5498/6053/3896 5499/6054/3896 5500/6055/3897
f 5500/6056/3897 5501/6057/3897 5498/6058/3896
f 5502/6059/3898 5503/6060/3899 5504/6061/3900
f 5504/6061/3900 5505/6062/3901 5502/6059/3898
f 5506/6063/3902 5507/6064/3902 5503/6060/3899
f 5503/6060/3899 5502/6059/3898 5506/6063/3902
f 5508/6065/3903 5509/6066/3904 5510/6067/3904
f 5510/6067/3904 5448/5991/3858 5508/6065/3903
f 5451/5994/3861 5511/6068/3905 5512/6069/3906
f 5512/6069/3906 5452/5995/3862 5451/5994/3861
f 5513/6070/3864 5514/6071/3907 5515/6072/3908
f 5515/6072/3908 5516/6073/3865 5513/6070/3864
f 5516/6073/3865 5515/6072/3908 5517/6074/3909
f 5517/6074/3909 5518/6075/3910 5516/6073/3865
f 5519/6076/3911 5520/6077/3911 5428/6078/3840
f 5428/5963/3840 5430/5965/3842 5519/6079/3911
f 5521/6080/3912 5508/6065/3903 5448/5991/3858
f 5447/5990/3857 5521/6080/3912 5448/5991/3858
f 5439/5980/3850 5522/6081/3913 5440/5981/3851
f 5523/6082/3914 5524/6083/3915 5525/6084/3916
f 5525/6084/3916 5524/6083/3915 5526/6085/3917
f 5526/6085/3917 5527/6086/3918 5525/6084/3916
f 5528/6087/3919 5529/6088/3920 5530/6089/3921
f 5530/6089/3921 5531/6090/3919 5528/6087/3919
f 5532/6091/3922 5533/6092/3922 5534/6093/3923
f 5534/6093/3923 5535/6094/3924 5532/6091/3922
f 5536/6095/3925 5530/6089/3921 5529/6088/3920
f 5529/6088/3920 5537/6096/3925 5536/6095/3925
f 5535/6094/3924 5534/6093/3923 5538/6097/3926
f 5538/6097/3926 5539/6098/3926 5535/6094/3924
f 5540/6099/3927 5541/6100/3928 5542/6101/3929
f 5542/6102/3929 5543/6103/3930 5540/6104/3927
f 5544/6105/3931 5545/6106/3932 5546/6107/3931
f 5546/6107/3931 5547/6108/3933 5544/6105/3931
f 5548/6109/3934 5549/6110/3935 5550/6111/3936
f 5550/6111/3936 5551/6112/3937 5548/6109/3934
f 5552/6113/3938 5553/6114/3939 5549/6110/3935
f 5549/6110/3935 5548/6109/3934 5552/6113/3938
f 5554/6115/3940 5555/6116/3941 5525/6084/3916
f 5525/6084/3916 5527/6086/3918 5554/6115/3940
f 5556/6117/3942 5557/6118/3943 5525/6084/3916
f 5555/6116/3941 5558/6119/3944 5525/6084/3916
f 5559/6120/3945 5556/6117/3942 5525/6084/3916
f 5525/6084/3916 5557/6118/3943 5523/6082/3914
f 5558/6119/3944 5559/6120/3945 5525/6084/3916
f 5560/6121/3946 5561/6122/3947 5562/6123/3948
f 5562/6123/3948 5563/6124/3949 5560/6121/3946
f 5564/6125/3950 5565/6126/3951 5566/6127/3951
f 5566/6128/3951 5567/6129/3952 5564/6130/3950
f 5568/6131/3953 5564/6130/3950 5567/6129/3952
f 5567/6129/3952 5569/6132/3954 5568/6131/3953
f 5570/6133/3955 5571/6134/3956 5572/6135/3957
f 5572/6135/3957 5573/6136/3955 5570/6133/3955
f 5571/6134/3956 5574/6137/3958 5575/6138/3958
f 5575/6138/3958 5572/6135/3957 5571/6134/3956
f 5574/6137/3958 5576/6139/3959 5577/6140/3960
f 5577/6140/3960 5575/6138/3958 5574/6137/3958
f 5576/6139/3959 5578/6141/3961 5579/6142/3962
f 5579/6142/3962 5577/6140/3960 5576/6139/3959
f 5578/6141/3961 5568/6143/3953 5569/6144/3954
f 5569/6144/3954 5579/6142/3962 5578/6141/3961
f 5580/6145/3963 5581/6146/3964 5582/6147/3964
f 5582/6147/3964 5583/6148/3965 5580/6145/3963
f 5584/6149/3966 5585/6150/3967 5586/6151/3968
f 5586/6151/3968 5587/6152/3969 5584/6149/3966
f 5580/6145/3963 5583/6148/3965 5588/6153/3970
f 5588/6153/3970 5589/6154/3971 5580/6145/3963
f 5584/6149/3966 5590/6155/3972 5591/6156/3973
f 5591/6156/3973 5585/6150/3967 5584/6149/3966
f 5561/6122/3947 5587/6152/3969 5586/6151/3968
f 5586/6151/3968 5562/6123/3948 5561/6122/3947
f 5589/6154/3971 5588/6153/3970 5591/6157/3973
f 5591/6157/3973 5590/6158/3972 5589/6154/3971
f 5552/6113/3938 5548/6109/3934 5592/6159/3974
f 5551/6112/3937 5593/6160/3975 5594/6161/3976
f 5594/6161/3976 5548/6109/3934 5551/6112/3937
f 5541/6100/3928 5540/6099/3927 5595/6162/3977
f 5592/6159/3974 5548/6109/3934 5596/6163/3978
f 5596/6163/3978 5548/6109/3934 5597/6164/3979
f 5597/6164/3979 5548/6109/3934 5598/6165/3980
f 5598/6165/3980 5548/6109/3934 5594/6161/3976
f 5599/6166/3981 5600/6167/3982 5601/6168/3983
f 5602/6169/3984 5603/6170/3985 5604/6171/3986
f 5604/6171/3986 5605/6172/3987 5602/6169/3984
f 5605/6173/3987 5604/6174/3986 5601/6175/3983
f 5601/6176/3983 5606/6177/3988 5605/6178/3987
f 5606/6179/3988 5601/6180/3983 5607/6181/3989
f 5607/6181/3989 5601/6180/3983 5600/6182/3982
f 5600/6182/3982 5608/6183/3990 5607/6181/3989
f 5608/6184/3990 5600/6185/3982 5599/6186/3981
f 5599/6186/3981 5609/6187/3991 5608/6184/3990
f 5609/6188/3991 5599/6166/3981 5603/6170/3985
f 5603/6170/3985 5602/6169/3984 5609/6188/3991
f 5599/6166/3981 5601/6168/3983 5603/6170/3985
f 5603/6170/3985 5601/6168/3983 5604/6171/3986
f 5610/6189/3992 5611/6190/3993 5612/6191/3994
f 5612/6191/3994 5613/6192/3995 5610/6189/3992
f 5614/6193/3996 5615/6194/3997 5616/6195/3998
f 5616/6195/3998 5617/6196/3999 5614/6193/3996
f 5613/6192/3995 5618/6197/4000 5619/6198/4001
f 5619/6198/4001 5615/6199/3997 5613/6192/3995
f 5620/6200/4002 5621/6201/4003 5622/6202/4004
f 5622/6202/4004 5623/6203/4005 5620/6200/4002
f 5623/6203/4005 5624/6204/4006 5625/6205/4007
f 5625/6205/4007 5620/6200/4002 5623/6203/4005
f 5624/6206/4006 5626/6207/4008 5627/6208/4009
f 5627/6208/4009 5625/6209/4007 5624/6206/4006
f 5613/6192/3995 5612/6191/3994 5628/6210/4010
f 5628/6210/4010 5618/6197/4000 5613/6192/3995
f 5629/6211/4011 5616/6195/3998 5615/6194/3997
f 5615/6194/3997 5619/6212/4001 5629/6211/4011
f 5610/6189/3992 5613/6192/3995 5615/6199/3997
f 5615/6199/3997 5614/6213/3996 5610/6189/3992
f 5630/6214/4012 5631/6215/4013 5632/6216/4013
f 5632/6216/4013 5633/6217/4014 5630/6214/4012
f 5634/6218/4015 5635/6219/4015 5636/6220/4015
f 5636/6220/4015 5637/6221/4015 5634/6218/4015
f 5638/6222/4016 5639/6223/4017 5640/6224/4016
f 5640/6224/4016 5641/6225/4017 5638/6222/4016
f 5642/6226/4018 5643/6227/4019 5644/6228/4019
f 5644/6228/4019 5645/6229/4020 5642/6226/4018
f 5646/6230/4021 5647/6231/4021 5648/6232/4021
f 5648/6232/4021 5649/6233/4021 5646/6230/4021
s 0
f 5650/6234/4022 5651/6235/4022 5652/6236/4022
f 5652/6236/4023 5653/6237/4023 5650/6234/4023
s 1
f 5654/6238/4024 5630/6214/4012 5633/6217/4014
f 5633/6217/4014 5655/6239/4024 5654/6238/4024
f 5656/6240/4025 5642/6226/4018 5645/6229/4020
f 5645/6229/4020 5657/6241/4025 5656/6240/4025
f 5658/6242/4026 5659/6243/4027 5660/6244/4028
f 5661/6245/4029 5662/6246/4030 5663/6247/4031
f 5663/6248/4031 5664/6249/4032 5661/6250/4029
f 5665/6251/4033 5666/6252/4034 5667/6253/4034
f 5667/6254/4034 5668/6255/4035 5665/6256/4033
f 5663/6248/4031 5665/6257/4033 5668/6258/4035
f 5668/6258/4035 5664/6249/4032 5663/6248/4031
f 5669/6259/4036 5670/6260/4037 5671/6261/4038
f 5671/6261/4038 5672/6262/4039 5669/6259/4036
f 5673/6263/4040 5674/6264/4041 5672/6262/4039
f 5672/6262/4039 5671/6261/4038 5673/6263/4040
f 5675/6265/4042 5676/6266/4042 5674/6267/4041
f 5674/6267/4041 5673/6268/4040 5675/6265/4042
f 5677/6269/4043 5678/6270/4044 5679/6271/4045
f 5680/6272/4046 5681/6273/4046 5682/6274/4047
f 5682/6274/4047 5683/6275/4048 5680/6272/4046
f 5684/6276/4049 5685/6277/4050 5686/6278/4051
f 5686/6278/4051 5687/6279/4052 5684/6276/4049
f 5685/6277/4050 5688/6280/4053 5689/6281/4054
f 5689/6281/4054 5686/6278/4051 5685/6277/4050
f 5690/6282/4055 5691/6283/4056 5692/6284/4056
f 5692/6285/4056 5693/6286/4057 5690/6287/4055
f 5694/6288/4058 5695/6289/4058 5696/6290/4059
f 5696/6290/4059 5697/6291/4060 5694/6288/4058
f 5698/6292/4061 5690/6287/4055 5693/6286/4057
f 5693/6286/4057 5699/6293/4061 5698/6292/4061
f 5700/6294/4062 5701/6295/4063 5702/6296/4062
f 5702/6297/4062 5703/6298/4062 5700/6299/4062
f 5704/6300/4064 5705/6301/4065 5706/6302/4066
f 5706/6303/4066 5707/6304/4067 5704/6305/4064
f 5708/6306/4068 5709/6307/4069 5710/6308/4070
f 5710/6308/4070 5711/6309/4071 5708/6306/4068
f 5709/6307/4069 5712/6310/4072 5713/6311/4073
f 5713/6311/4073 5710/6308/4070 5709/6307/4069
f 5714/6312/4074 5708/6313/4068 5711/6314/4071
f 5711/6314/4071 5715/6315/4075 5714/6312/4074
f 5716/6316/4076 5714/6312/4074 5715/6315/4075
f 5715/6315/4075 5717/6317/4077 5716/6316/4076
f 5705/6301/4065 5716/6316/4076 5717/6317/4077
f 5717/6317/4077 5706/6302/4066 5705/6301/4065
f 5718/6318/4078 5719/6319/4079 5720/6320/4080
f 5720/6320/4080 5721/6321/4081 5718/6318/4078
f 5722/6322/4082 5723/6323/4083 5720/6324/4080
f 5720/6324/4080 5719/6325/4079 5722/6322/4082
f 5722/6322/4082 5724/6326/4084 5725/6327/4084
f 5725/6327/4084 5723/6323/4083 5722/6322/4082
f 5726/6328/4085 5718/6318/4078 5721/6321/4081
f 5721/6321/4081 5727/6329/4085 5726/6328/4085
f 5728/6330/4086 5729/6331/4087 5730/6332/4086
f 5730/6332/4086 5731/6333/4086 5728/6330/4086
f 5732/6334/4088 5733/6335/4089 5734/6336/4090
f 5734/6336/4090 5735/6337/4091 5732/6334/4088
f 5736/6338/4092 5732/6334/4088 5735/6337/4091
f 5735/6339/4091 5737/6340/4092 5736/6341/4092
f 5738/6342/4093 5679/6271/4045 5739/6343/4094
f 5739/6343/4094 5740/6344/4095 5738/6342/4093
f 5683/6275/4048 5682/6274/4047 5741/6345/4096
f 5741/6345/4096 5742/6346/4096 5683/6275/4048
f 5743/6347/4052 5744/6348/4051 5745/6349/4097
f 5745/6349/4097 5746/6350/4098 5743/6347/4052
f 5744/6348/4051 5747/6351/4054 5748/6352/4099
f 5748/6352/4099 5745/6349/4097 5744/6348/4051
f 5658/6353/4026 5749/6354/4100 5750/6355/4100
f 5750/6356/4100 5659/6243/4027 5658/6242/4026
f 5751/6357/4101 5679/6271/4045 5738/6342/4093
f 5677/6269/4043 5679/6271/4045 5751/6357/4101
f 5669/6259/4036 5672/6262/4039 5752/6358/4102
f 5753/6359/4103 5754/6360/4104 5755/6361/4105
f 5755/6361/4105 5756/6362/4106 5753/6359/4103
f 5755/6361/4105 5757/6363/4107 5758/6364/4108
f 5758/6364/4108 5756/6362/4106 5755/6361/4105
f 5753/6359/4103 5756/6362/4106 5759/6365/4109
f 5759/6365/4109 5760/6366/4110 5753/6359/4103
f 5759/6365/4109 5761/6367/4111 5762/6368/4112
f 5763/6369/4113 5764/6370/4114 5765/6371/4115
f 5765/6371/4115 5766/6372/4116 5763/6369/4113
f 5765/6371/4115 5761/6367/4111 5767/6373/4117
f 5767/6373/4117 5766/6372/4116 5765/6371/4115
f 5763/6369/4113 5766/6372/4116 5768/6374/4118
f 5768/6374/4118 5769/6375/4119 5763/6369/4113
f 5768/6374/4118 5770/6376/4120 5771/6377/4121
f 5772/6378/4122 5773/6379/4123 5774/6380/4124
f 5774/6380/4124 5775/6381/4125 5772/6378/4122
f 5774/6380/4124 5776/6382/4126 5777/6383/4127
f 5778/6384/4128 5779/6385/4129 5780/6386/4130
f 5780/6386/4130 5781/6387/4131 5778/6384/4128
f 5780/6386/4130 5782/6388/4132 5783/6389/4133
f 5772/6378/4122 5784/6390/4134 5785/6391/4135
f 5785/6391/4135 5773/6379/4123 5772/6378/4122
f 5785/6391/4135 5770/6376/4120 5786/6392/4136
f 5786/6392/4136 5773/6379/4123 5785/6391/4135
f 5778/6384/4128 5787/6393/4137 5788/6394/4138
f 5788/6394/4138 5779/6385/4129 5778/6384/4128
f 5788/6394/4138 5776/6382/4126 5789/6395/4139
f 5789/6395/4139 5779/6385/4129 5788/6394/4138
f 5790/6396/4140 5791/6397/4141 5792/6398/4142
f 5792/6398/4142 5793/6399/4143 5790/6396/4140
f 5792/6398/4142 5782/6388/4132 5794/6400/4144
f 5794/6400/4144 5793/6399/4143 5792/6398/4142
f 5790/6396/4140 5793/6399/4143 5795/6401/4145
f 5795/6401/4145 5796/6402/4146 5790/6396/4140
f 5795/6401/4145 5797/6403/4147 5798/6404/4148
f 5799/6405/4149 5800/6406/4150 5801/6407/4151
f 5801/6407/4151 5802/6408/4152 5799/6405/4149
f 5801/6407/4151 5797/6403/4147 5803/6409/4153
f 5803/6409/4153 5802/6408/4152 5801/6407/4151
f 5799/6405/4149 5802/6408/4152 5804/6410/4154
f 5804/6410/4154 5805/6411/4155 5799/6405/4149
f 5804/6410/4154 5806/6412/4156 5807/6413/4157
f 5808/6414/4158 5809/6415/4159 5810/6416/4160
f 5810/6416/4160 5811/6417/4161 5808/6414/4158
f 5810/6416/4160 5806/6412/4156 5812/6418/4162
f 5812/6418/4162 5811/6417/4161 5810/6416/4160
f 5808/6414/4158 5811/6417/4161 5813/6419/4163
f 5813/6419/4163 5814/6420/4164 5808/6414/4158
f 5813/6419/4163 5757/6363/4107 5815/6421/4165
f 5816/6422/4166 5817/6423/1169 5818/6424/4167
f 5818/6424/4167 5817/6423/1169 5819/6425/4168
f 5819/6425/4168 5817/6423/1169 5820/6426/4169
f 5820/6426/4169 5817/6423/1169 5821/6427/4170
f 5822/6428/4171 5817/6423/1169 5823/6429/4172
f 5824/6430/4173 5817/6423/1169 5825/6431/4174
f 5821/6427/4170 5817/6423/1169 5822/6428/4171
f 5823/6429/4172 5817/6423/1169 5824/6430/4173
f 5825/6431/4174 5817/6423/1169 5826/6432/4175
f 5826/6432/4175 5817/6423/1169 5827/6433/4176
f 5827/6433/4176 5817/6423/1169 5828/6434/4177
f 5828/6434/4177 5817/6423/1169 5829/6435/4178
f 5829/6435/4178 5817/6423/1169 5830/6436/4179
f 5830/6436/4179 5817/6423/1169 5816/6422/4166
f 5755/6361/4105 5815/6421/4165 5757/6363/4107
f 5759/6365/4109 5756/6362/4106 5758/6364/4108
f 5758/6364/4108 5761/6367/4111 5759/6365/4109
f 5765/6371/4115 5762/6368/4112 5761/6367/4111
f 5768/6374/4118 5766/6372/4116 5767/6373/4117
f 5767/6373/4117 5770/6376/4120 5768/6374/4118
f 5774/6380/4124 5773/6379/4123 5786/6392/4136
f 5786/6392/4136 5776/6382/4126 5774/6380/4124
f 5780/6386/4130 5779/6385/4129 5789/6395/4139
f 5789/6395/4139 5782/6388/4132 5780/6386/4130
f 5785/6391/4135 5771/6377/4121 5770/6376/4120
f 5788/6394/4138 5777/6383/4127 5776/6382/4126
f 5792/6398/4142 5783/6389/4133 5782/6388/4132
f 5795/6401/4145 5793/6399/4143 5794/6400/4144
f 5794/6400/4144 5797/6403/4147 5795/6401/4145
f 5801/6407/4151 5798/6404/4148 5797/6403/4147
f 5804/6410/4154 5802/6408/4152 5803/6409/4153
f 5803/6409/4153 5806/6412/4156 5804/6410/4154
f 5810/6416/4160 5807/6413/4157 5806/6412/4156
f 5813/6419/4163 5811/6417/4161 5812/6418/4162
f 5812/6418/4162 5757/6363/4107 5813/6419/4163
s 0
f 5831/6437/4180 5832/6438/4180 5833/6439/4180
f 5833/6439/4180 5834/6440/4180 5831/6437/4180
s 1
f 5835/6441/4181 5836/6442/4182 5837/6443/4182
f 5837/6443/4182 5838/6444/4181 5835/6441/4181
s 0
f 5839/6445/4183 5840/6446/4183 5841/6447/4183
f 5841/6447/4183 5842/6448/4183 5839/6445/4183
s 1
f 5843/6449/4184 5844/6450/4185 5845/6451/4185
f 5845/6451/4185 5846/6452/4184 5843/6449/4184
s 0
f 5847/6453/4186 5848/6454/4186 5849/6455/4186
f 5849/6455/4186 5850/6456/4186 5847/6453/4186
s 1
f 5844/6450/4185 5851/6457/4187 5852/6458/4187
f 5852/6458/4187 5845/6451/4185 5844/6450/4185
f 5853/6459/4188 5854/6460/4188 5855/6461/4188
f 5855/6461/4188 5856/6462/4188 5853/6459/4188
f 5857/6463/4189 5858/6464/4190 5859/6465/4190
f 5859/6465/4190 5860/6466/4189 5857/6463/4189
s 0
f 5861/6467/4191 5862/6468/4191 5863/6469/4191
f 5863/6469/4191 5864/6470/4191 5861/6467/4191
s 1
f 5865/6471/4192 5866/6472/4193 5867/6473/4193
f 5867/6473/4193 5868/6474/4192 5865/6471/4192
s 0
f 5869/6475/4194 5870/6476/4194 5871/6477/4194
f 5871/6477/4194 5872/6478/4194 5869/6475/4194
s 1
f 5873/6479/4195 5874/6480/1079 5875/6481/1079
f 5875/6481/1079 5876/6482/4195 5873/6479/4195
s 0
f 5877/6483/4196 5878/6484/4196 5879/6485/4196
f 5879/6485/4196 5880/6486/4196 5877/6483/4196
s 1
f 5858/6464/4190 5881/6487/4197 5882/6488/4197
f 5882/6488/4197 5859/6465/4190 5858/6464/4190
s 0
f 5883/6489/4198 5884/6490/4198 5885/6491/4198
f 5885/6491/4198 5886/6492/4198 5883/6489/4198
s 1
f 5866/6493/4193 5887/6494/4199 5888/6495/4199
f 5888/6495/4199 5867/6496/4193 5866/6493/4193
s 0
f 5889/6497/4200 5890/6498/4200 5891/6499/4200
f 5891/6499/4200 5892/6500/4200 5889/6497/4200
s 1
f 5874/6480/1079 5893/6501/4201 5894/6502/4201
f 5894/6502/4201 5875/6481/1079 5874/6480/1079
s 0
f 5895/6503/4202 5896/6504/4202 5897/6505/4202
f 5897/6505/4202 5898/6506/4202 5895/6503/4202
s 1
f 5899/6507/4203 5900/6508/4204 5901/6509/4204
f 5901/6509/4204 5902/6510/4203 5899/6507/4203
s 0
f 5903/6511/4205 5904/6512/4205 5905/6513/4205
f 5905/6513/4205 5906/6514/4205 5903/6511/4205
s 1
f 5900/6515/4204 5907/6516/4206 5908/6517/4206
f 5908/6517/4206 5901/6518/4204 5900/6515/4204
s 0
f 5909/6519/4207 5910/6520/4207 5911/6521/4207
f 5911/6521/4207 5912/6522/4207 5909/6519/4207
s 1
f 5913/6523/4208 5914/6524/4209 5915/6525/4209
f 5915/6525/4209 5916/6526/4208 5913/6523/4208
s 0
f 5917/6527/4210 5918/6528/4210 5919/6529/4210
f 5919/6529/4210 5920/6530/4210 5917/6527/4210
s 1
f 5914/6524/4209 5921/6531/4211 5922/6532/4211
f 5922/6532/4211 5915/6525/4209 5914/6524/4209
s 0
f 5923/6533/4212 5924/6534/4212 5925/6535/4212
f 5925/6535/4212 5926/6536/4212 5923/6533/4212
s 1
f 5927/6537/4213 5835/6441/4181 5838/6444/4181
f 5838/6444/4181 5928/6538/4213 5927/6537/4213
f 5929/6539/4214 5930/6540/4215 5931/6541/4215
f 5931/6541/4215 5932/6542/4214 5929/6539/4214
f 5930/6540/4215 5933/6543/4216 5934/6544/4216
f 5934/6544/4216 5931/6541/4215 5930/6540/4215
f 5933/6543/4216 5935/6545/4217 5936/6546/4217
f 5936/6546/4217 5934/6544/4216 5933/6543/4216
f 5935/6545/4217 5937/6547/4218 5938/6548/4218
f 5938/6548/4218 5936/6546/4217 5935/6545/4217
f 5937/6547/4218 5939/6549/4219 5940/6550/4219
f 5940/6550/4219 5938/6548/4218 5937/6547/4218
f 5939/6549/4219 5941/6551/4220 5942/6552/4220
f 5942/6552/4220 5940/6550/4219 5939/6549/4219
f 5941/6551/4220 5943/6553/4221 5944/6554/4221
f 5944/6554/4221 5942/6552/4220 5941/6551/4220
f 5943/6553/4221 5945/6555/4222 5946/6556/4222
f 5946/6556/4222 5944/6554/4221 5943/6553/4221
f 5945/6555/4222 5947/6557/4223 5948/6558/4223
f 5948/6558/4223 5946/6556/4222 5945/6555/4222
f 5947/6557/4223 5949/6559/4224 5950/6560/4224
f 5950/6560/4224 5948/6558/4223 5947/6557/4223
f 5949/6559/4224 5951/6561/4225 5952/6562/4225
f 5952/6562/4225 5950/6560/4224 5949/6559/4224
f 5951/6561/4225 5953/6563/4226 5954/6564/4226
f 5954/6564/4226 5952/6562/4225 5951/6561/4225
f 5953/6563/4226 5955/6565/4227 5956/6566/4227
f 5956/6566/4227 5954/6564/4226 5953/6563/4226
f 5955/6565/4227 5957/6567/4228 5958/6568/4228
f 5958/6568/4228 5956/6566/4227 5955/6565/4227
f 5957/6567/4228 5959/6569/4229 5960/6570/4229
f 5960/6570/4229 5958/6568/4228 5957/6567/4228
f 5961/6569/4229 5962/6571/4230 5963/6572/4230
f 5963/6572/4230 5964/6570/4229 5961/6569/4229
f 5962/6571/4230 5965/6573/4231 5966/6574/4231
f 5966/6574/4231 5963/6572/4230 5962/6571/4230
f 5965/6573/4231 5967/6575/4232 5968/6576/4232
f 5968/6576/4232 5966/6574/4231 5965/6573/4231
f 5967/6575/4232 5969/6577/4233 5970/6578/4233
f 5970/6578/4233 5968/6576/4232 5967/6575/4232
f 5969/6577/4233 5929/6539/4214 5932/6542/4214
f 5932/6542/4214 5970/6578/4233 5969/6577/4233
f 5971/6579/4234 5972/6580/4235 5973/6581/4235
f 5973/6581/4235 5974/6582/4234 5971/6579/4234
f 5972/6580/4235 5975/6583/4236 5976/6584/4236
f 5976/6584/4236 5973/6581/4235 5972/6580/4235
f 5975/6585/4236 5977/6586/4237 5978/6587/4237
f 5978/6587/4237 5976/6588/4236 5975/6585/4236
f 5977/6586/4237 5979/6589/4238 5980/6590/4238
f 5980/6590/4238 5978/6587/4237 5977/6586/4237
f 5979/6589/4238 5981/6591/4239 5982/6592/4239
f 5982/6592/4239 5980/6590/4238 5979/6589/4238
f 5981/6591/4239 5983/6593/4240 5984/6594/4240
f 5984/6594/4240 5982/6592/4239 5981/6591/4239
f 5983/6593/4240 5985/6595/4241 5986/6596/4241
f 5986/6596/4241 5984/6594/4240 5983/6593/4240
f 5985/6597/4241 5987/6598/4242 5988/6599/4242
f 5988/6599/4242 5986/6600/4241 5985/6597/4241
f 5987/6598/4242 5989/6601/4243 5990/6602/4243
f 5990/6602/4243 5988/6599/4242 5987/6598/4242
f 5989/6601/4243 5991/6603/4244 5992/6604/4244
f 5992/6604/4244 5990/6602/4243 5989/6601/4243
f 5991/6603/4244 5993/6605/4245 5994/6606/4245
f 5994/6606/4245 5992/6604/4244 5991/6603/4244
f 5993/6605/4245 5995/6607/4246 5996/6608/4246
f 5996/6608/4246 5994/6606/4245 5993/6605/4245
f 5995/6607/4246 5997/6609/4247 5998/6610/4247
f 5998/6610/4247 5996/6608/4246 5995/6607/4246
f 5997/6611/4247 5999/6612/4248 6000/6613/4248
f 6000/6613/4248 5998/6614/4247 5997/6611/4247
f 5999/6612/4248 6001/6615/4249 6002/6616/4249
f 6002/6616/4249 6000/6613/4248 5999/6612/4248
f 6003/6617/4249 6004/6618/4250 6005/6619/4250
f 6005/6619/4250 6006/6620/4249 6003/6617/4249
f 6004/6618/4250 6007/6621/4251 6008/6622/4251
f 6008/6622/4251 6005/6619/4250 6004/6618/4250
f 6007/6621/4251 6009/6623/4252 6010/6624/4252
f 6010/6624/4252 6008/6622/4251 6007/6621/4251
f 6009/6625/4252 6011/6626/4253 6012/6627/4253
f 6012/6627/4253 6010/6628/4252 6009/6625/4252
f 6011/6626/4253 5971/6579/4234 5974/6582/4234
f 5974/6582/4234 6012/6627/4253 6011/6626/4253
f 6013/6629/4254 6014/6630/4255 6015/6631/4255
f 6015/6631/4255 6016/6632/4254 6013/6629/4254
f 6014/6630/4255 6017/6633/4256 6018/6634/4256
f 6018/6634/4256 6015/6631/4255 6014/6630/4255
f 6017/6633/4256 6019/6635/4257 6020/6636/4257
f 6020/6636/4257 6018/6634/4256 6017/6633/4256
f 6019/6635/4257 6021/6637/4258 6022/6638/4258
f 6022/6638/4258 6020/6636/4257 6019/6635/4257
f 6021/6637/4258 6023/6639/4259 6024/6640/4259
f 6024/6640/4259 6022/6638/4258 6021/6637/4258
f 6023/6639/4259 6025/6641/4260 6026/6642/4260
f 6026/6642/4260 6024/6640/4259 6023/6639/4259
f 6025/6641/4260 6027/6643/4261 6028/6644/4261
f 6028/6644/4261 6026/6642/4260 6025/6641/4260
f 6027/6643/4261 6029/6645/4262 6030/6646/4263
f 6030/6646/4263 6028/6644/4261 6027/6643/4261
f 6029/6645/4262 6031/6647/4264 6032/6648/4264
f 6032/6648/4264 6030/6646/4263 6029/6645/4262
f 6031/6647/4264 6033/6649/4265 6034/6650/4265
f 6034/6650/4265 6032/6648/4264 6031/6647/4264
f 6033/6649/4265 6035/6651/4266 6036/6652/4266
f 6036/6652/4266 6034/6650/4265 6033/6649/4265
f 6035/6651/4266 6037/6653/4267 6038/6654/4267
f 6038/6654/4267 6036/6652/4266 6035/6651/4266
f 6037/6653/4267 6039/6655/4268 6040/6656/4268
f 6040/6656/4268 6038/6654/4267 6037/6653/4267
f 6039/6655/4268 6041/6657/4269 6042/6658/4269
f 6042/6658/4269 6040/6656/4268 6039/6655/4268
f 6041/6657/4269 6043/6659/4270 6044/6660/4270
f 6044/6660/4270 6042/6658/4269 6041/6657/4269
f 6045/6659/4270 6046/6661/4271 6047/6662/4271
f 6047/6662/4271 6048/6660/4270 6045/6659/4270
f 6046/6661/4271 6049/6663/4272 6050/6664/4272
f 6050/6664/4272 6047/6662/4271 6046/6661/4271
f 6049/6663/4272 6051/6665/4273 6052/6666/4273
f 6052/6666/4273 6050/6664/4272 6049/6663/4272
f 6051/6665/4273 6053/6667/4274 6054/6668/4274
f 6054/6668/4274 6052/6666/4273 6051/6665/4273
f 6053/6667/4274 6013/6629/4254 6016/6632/4254
f 6016/6632/4254 6054/6668/4274 6053/6667/4274
f 6055/6669/4275 6056/6670/4276 6057/6671/4276
f 6057/6671/4276 6058/6672/4275 6055/6669/4275
f 6056/6670/4276 6059/6673/4277 6060/6674/4277
f 6060/6674/4277 6057/6671/4276 6056/6670/4276
f 6059/6675/4277 6061/6676/4278 6062/6677/4278
f 6062/6677/4278 6060/6678/4277 6059/6675/4277
f 6061/6676/4278 6063/6679/4279 6064/6680/4279
f 6064/6680/4279 6062/6677/4278 6061/6676/4278
f 6063/6679/4279 6065/6681/4280 6066/6682/4280
f 6066/6682/4280 6064/6680/4279 6063/6679/4279
f 6065/6681/4280 6067/6683/4281 6068/6684/4281
f 6068/6684/4281 6066/6682/4280 6065/6681/4280
f 6067/6683/4281 6069/6685/4282 6070/6686/4282
f 6070/6686/4282 6068/6684/4281 6067/6683/4281
f 6069/6687/4282 6071/6688/4283 6072/6689/4283
f 6072/6689/4283 6070/6690/4282 6069/6687/4282
f 6071/6688/4283 6073/6691/4284 6074/6692/4284
f 6074/6692/4284 6072/6689/4283 6071/6688/4283
f 6073/6691/4284 6075/6693/4285 6076/6694/4285
f 6076/6694/4285 6074/6692/4284 6073/6691/4284
f 6075/6693/4285 6077/6695/4286 6078/6696/4286
f 6078/6696/4286 6076/6694/4285 6075/6693/4285
f 6077/6695/4286 6079/6697/4287 6080/6698/4287
f 6080/6698/4287 6078/6696/4286 6077/6695/4286
f 6079/6699/4287 6081/6700/4288 6082/6701/4288
f 6082/6701/4288 6080/6702/4287 6079/6699/4287
f 6081/6700/4288 6083/6703/4289 6084/6704/4289
f 6084/6704/4289 6082/6701/4288 6081/6700/4288
f 6083/6703/4289 6085/6705/4290 6086/6706/4290
f 6086/6706/4290 6084/6704/4289 6083/6703/4289
f 6087/6707/4290 6088/6708/4291 6089/6709/4291
f 6089/6709/4291 6090/6710/4290 6087/6707/4290
f 6088/6708/4291 6091/6711/4292 6092/6712/4292
f 6092/6712/4292 6089/6709/4291 6088/6708/4291
f 6091/6713/4292 6093/6714/4293 6094/6715/4293
f 6094/6715/4293 6092/6716/4292 6091/6713/4292
f 6093/6714/4293 6095/6717/4294 6096/6718/4294
f 6096/6718/4294 6094/6715/4293 6093/6714/4293
f 6095/6717/4294 6055/6669/4275 6058/6672/4275
f 6058/6672/4275 6096/6718/4294 6095/6717/4294
f 6097/6719/4295 6098/6720/4296 6099/6721/4297
f 6099/6721/4297 6100/6722/4298 6097/6719/4295
f 6101/6723/4299 6102/6724/4300 6098/6720/4296
f 6098/6720/4296 6097/6719/4295 6101/6723/4299
f 6103/6725/4301 6104/6726/4302 6102/6724/4300
f 6102/6724/4300 6101/6723/4299 6103/6725/4301
f 6105/6727/4303 6106/6728/4304 6104/6726/4302
f 6104/6726/4302 6103/6725/4301 6105/6727/4303
f 6107/6729/4305 6108/6730/4306 6106/6728/4304
f 6106/6728/4304 6105/6727/4303 6107/6729/4305
f 6109/6731/4307 6110/6732/4308 6108/6730/4306
f 6108/6730/4306 6107/6729/4305 6109/6731/4307
f 6111/6733/4309 6112/6734/4310 6110/6732/4308
f 6110/6732/4308 6109/6731/4307 6111/6733/4309
f 6113/6735/4311 6114/6736/4312 6112/6734/4310
f 6112/6734/4310 6111/6733/4309 6113/6735/4311
f 6115/6737/4313 6116/6738/4314 6114/6736/4312
f 6114/6736/4312 6113/6735/4311 6115/6737/4313
f 6117/6739/4315 6118/6740/4316 6116/6738/4314
f 6116/6738/4314 6115/6737/4313 6117/6739/4315
f 6119/6741/4317 6120/6742/4318 6118/6740/4316
f 6118/6740/4316 6117/6739/4315 6119/6741/4317
f 6121/6743/4319 6122/6744/4320 6120/6742/4318
f 6120/6742/4318 6119/6741/4317 6121/6743/4319
f 6123/6745/4321 6124/6746/4322 6122/6744/4320
f 6122/6744/4320 6121/6743/4319 6123/6745/4321
f 6125/6747/4323 6126/6748/4324 6124/6746/4322
f 6124/6746/4322 6123/6745/4321 6125/6747/4323
f 6127/6749/4325 6128/6750/4326 6126/6748/4324
f 6126/6748/4324 6125/6747/4323 6127/6749/4325
f 6129/6751/4327 6130/6752/4328 6128/6750/4326
f 6128/6750/4326 6127/6749/4325 6129/6751/4327
f 6131/6753/4329 6132/6754/4330 6130/6752/4328
f 6130/6752/4328 6129/6751/4327 6131/6753/4329
f 6133/6755/4331 6134/6756/4332 6132/6754/4330
f 6132/6754/4330 6131/6753/4329 6133/6755/4331
f 6135/6757/4333 6136/6758/4334 6134/6756/4332
f 6134/6756/4332 6133/6755/4331 6135/6757/4333
f 6100/6722/4298 6099/6721/4297 6136/6758/4334
f 6136/6758/4334 6135/6757/4333 6100/6722/4298
f 6100/6759/4298 6137/6760/4335 6138/6761/4336
f 6138/6761/4336 6097/6762/4295 6100/6759/4298
f 6097/6762/4295 6138/6761/4336 6139/6763/4337
f 6139/6763/4337 6101/6764/4299 6097/6762/4295
f 6101/6764/4299 6139/6763/4337 6140/6765/4338
f 6140/6765/4338 6103/6766/4301 6101/6764/4299
f 6103/6767/4301 6140/6768/4338 6141/6769/4339
f 6141/6769/4339 6105/6770/4303 6103/6767/4301
f 6105/6770/4303 6141/6769/4339 6142/6771/4340
f 6142/6771/4340 6107/6772/4305 6105/6770/4303
f 6107/6772/4305 6142/6771/4340 6143/6773/4341
f 6143/6773/4341 6109/6774/4307 6107/6772/4305
f 6109/6774/4307 6143/6773/4341 6144/6775/4342
f 6144/6775/4342 6111/6776/4309 6109/6774/4307
f 6111/6776/4309 6144/6775/4342 6145/6777/4343
f 6145/6777/4343 6113/6778/4311 6111/6776/4309
f 6113/6779/4311 6145/6780/4343 6146/6781/4344
f 6146/6781/4344 6115/6782/4313 6113/6779/4311
f 6115/6782/4313 6146/6781/4344 6147/6783/4345
f 6147/6783/4345 6117/6784/4315 6115/6782/4313
f 6117/6784/4315 6147/6783/4345 6148/6785/4346
f 6148/6785/4346 6119/6786/4317 6117/6784/4315
f 6119/6786/4317 6148/6785/4346 6149/6787/4347
f 6149/6787/4347 6121/6788/4319 6119/6786/4317
f 6121/6789/4319 6149/6790/4347 6150/6791/4348
f 6150/6791/4348 6123/6792/4321 6121/6789/4319
f 6123/6792/4321 6150/6791/4348 6151/6793/4349
f 6151/6793/4349 6125/6794/4323 6123/6792/4321
f 6125/6794/4323 6151/6793/4349 6152/6795/4350
f 6152/6795/4350 6127/6796/4325 6125/6794/4323
f 6127/6796/4325 6152/6795/4350 6153/6797/4351
f 6153/6797/4351 6129/6798/4327 6127/6796/4325
f 6129/6798/4327 6153/6797/4351 6154/6799/4352
f 6154/6799/4352 6131/6800/4329 6129/6798/4327
f 6131/6801/4329 6154/6802/4352 6155/6803/4353
f 6155/6803/4353 6133/6804/4331 6131/6801/4329
f 6133/6804/4331 6155/6803/4353 6156/6805/4354
f 6156/6805/4354 6135/6806/4333 6133/6804/4331
f 6135/6806/4333 6156/6805/4354 6137/6760/4335
f 6137/6760/4335 6100/6759/4298 6135/6806/4333
f 6157/6807/4355 6158/6808/4356 6099/6721/4297
f 6099/6721/4297 6098/6720/4296 6157/6807/4355
f 6159/6809/4357 6157/6807/4355 6098/6720/4296
f 6098/6720/4296 6102/6724/4300 6159/6809/4357
f 6160/6810/4358 6159/6809/4357 6102/6724/4300
f 6102/6724/4300 6104/6726/4302 6160/6810/4358
f 6161/6811/4359 6160/6810/4358 6104/6726/4302
f 6104/6726/4302 6106/6728/4304 6161/6811/4359
f 6162/6812/4360 6161/6811/4359 6106/6728/4304
f 6106/6728/4304 6108/6730/4306 6162/6812/4360
f 6163/6813/4361 6162/6812/4360 6108/6730/4306
f 6108/6730/4306 6110/6732/4308 6163/6813/4361
f 6164/6814/4362 6163/6813/4361 6110/6732/4308
f 6110/6732/4308 6112/6734/4310 6164/6814/4362
f 6165/6815/4363 6164/6814/4362 6112/6734/4310
f 6112/6734/4310 6114/6736/4312 6165/6815/4363
f 6166/6816/4364 6165/6815/4363 6114/6736/4312
f 6114/6736/4312 6116/6738/4314 6166/6816/4364
f 6167/6817/4365 6166/6816/4364 6116/6738/4314
f 6116/6738/4314 6118/6740/4316 6167/6817/4365
f 6168/6818/4366 6167/6817/4365 6118/6740/4316
f 6118/6740/4316 6120/6742/4318 6168/6818/4366
f 6169/6819/4367 6168/6818/4366 6120/6742/4318
f 6120/6742/4318 6122/6744/4320 6169/6819/4367
f 6170/6820/4368 6169/6819/4367 6122/6744/4320
f 6122/6744/4320 6124/6746/4322 6170/6820/4368
f 6171/6821/4369 6170/6820/4368 6124/6746/4322
f 6124/6746/4322 6126/6748/4324 6171/6821/4369
f 6172/6822/4370 6171/6821/4369 6126/6748/4324
f 6126/6748/4324 6128/6750/4326 6172/6822/4370
f 6173/6823/4371 6172/6822/4370 6128/6750/4326
f 6128/6750/4326 6130/6752/4328 6173/6823/4371
f 6174/6824/4372 6173/6823/4371 6130/6752/4328
f 6130/6752/4328 6132/6754/4330 6174/6824/4372
f 6175/6825/4373 6174/6824/4372 6132/6754/4330
f 6132/6754/4330 6134/6756/4332 6175/6825/4373
f 6176/6826/4374 6175/6825/4373 6134/6756/4332
f 6134/6756/4332 6136/6758/4334 6176/6826/4374
f 6158/6808/4356 6176/6826/4374 6136/6758/4334
f 6136/6758/4334 6099/6721/4297 6158/6808/4356
f 6177/6827/4336 6178/6828/4375 6179/6829/4376
f 6179/6829/4376 6180/6830/4377 6177/6827/4336
f 6181/6831/4337 6177/6827/4336 6180/6830/4377
f 6180/6830/4377 6182/6832/4378 6181/6831/4337
f 6183/6833/4379 6184/6834/4380 6185/6835/4381
f 6185/6835/4381 6186/6836/4382 6183/6833/4379
f 6187/6837/4341 6188/6838/4379 6189/6839/4382
f 6189/6839/4382 6190/6840/4383 6187/6837/4341
f 6191/6841/4342 6187/6837/4341 6190/6840/4383
f 6190/6840/4383 6192/6842/4384 6191/6841/4342
f 6193/6843/4385 6191/6841/4342 6192/6842/4384
f 6192/6842/4384 6194/6844/4386 6193/6843/4385
f 6195/6845/4345 6196/6846/4387 6197/6847/4388
f 6197/6847/4388 6198/6848/4389 6195/6845/4345
f 6199/6849/4346 6195/6845/4345 6198/6848/4389
f 6198/6848/4389 6200/6850/4390 6199/6849/4346
f 6201/6851/4391 6202/6852/4392 6203/6853/4393
f 6203/6853/4393 6204/6854/4394 6201/6851/4391
f 6205/6855/4395 6204/6854/4394 6203/6853/4393
f 6203/6853/4393 6206/6856/4396 6205/6855/4395
f 6207/6857/4351 6208/6858/4395 6209/6859/4396
f 6209/6859/4396 6210/6860/4397 6207/6857/4351
f 6211/6861/4352 6212/6862/4398 6213/6863/4399
f 6213/6863/4399 6214/6864/4400 6211/6861/4352
f 6215/6865/4354 6216/6866/4401 6179/6829/4376
f 6179/6829/4376 6178/6828/4375 6215/6865/4354
f 6217/6867/4402 6218/6868/4403 6219/6869/4404
f 6219/6869/4404 6220/6870/4405 6217/6867/4402
f 6218/6868/4403 6221/6871/4406 6222/6872/4407
f 6222/6872/4407 6219/6869/4404 6218/6868/4403
f 6221/6871/4406 6223/6873/4408 6224/6874/4409
f 6224/6874/4409 6222/6872/4407 6221/6871/4406
f 6223/6873/4408 6225/6875/4410 6226/6876/4411
f 6226/6876/4411 6224/6874/4409 6223/6873/4408
f 6225/6875/4410 6227/6877/4412 6228/6878/4413
f 6228/6878/4413 6226/6876/4411 6225/6875/4410
f 6227/6877/4412 6229/6879/4414 6230/6880/4415
f 6230/6880/4415 6228/6878/4413 6227/6877/4412
f 6229/6879/4414 6231/6881/4416 6232/6882/4417
f 6232/6882/4417 6230/6880/4415 6229/6879/4414
f 6231/6881/4416 6233/6883/4418 6234/6884/4419
f 6234/6884/4419 6232/6882/4417 6231/6881/4416
f 6233/6883/4418 6235/6885/4420 6236/6886/4421
f 6236/6886/4421 6234/6884/4419 6233/6883/4418
f 6235/6885/4420 6237/6887/4422 6238/6888/4423
f 6238/6888/4423 6236/6886/4421 6235/6885/4420
f 6237/6887/4422 6239/6889/4424 6240/6890/4425
f 6240/6890/4425 6238/6888/4423 6237/6887/4422
f 6239/6889/4424 6241/6891/4426 6242/6892/4427
f 6242/6892/4427 6240/6890/4425 6239/6889/4424
f 6241/6891/4426 6243/6893/4428 6244/6894/4429
f 6244/6894/4429 6242/6892/4427 6241/6891/4426
f 6243/6893/4428 6245/6895/4430 6246/6896/4431
f 6246/6896/4431 6244/6894/4429 6243/6893/4428
f 6245/6895/4430 6247/6897/4432 6248/6898/4433
f 6248/6898/4433 6246/6896/4431 6245/6895/4430
f 6247/6897/4432 6249/6899/4434 6250/6900/4435
f 6250/6900/4435 6248/6898/4433 6247/6897/4432
f 6249/6899/4434 6251/6901/4436 6252/6902/4437
f 6252/6902/4437 6250/6900/4435 6249/6899/4434
f 6251/6901/4436 6253/6903/4438 6254/6904/4439
f 6254/6904/4439 6252/6902/4437 6251/6901/4436
f 6253/6903/4438 6255/6905/4440 6256/6906/4441
f 6256/6906/4441 6254/6904/4439 6253/6903/4438
f 6255/6905/4440 6217/6867/4402 6220/6870/4405
f 6220/6870/4405 6256/6906/4441 6255/6905/4440
f 6220/6907/4405 6219/6908/4404 6257/6909/4442
f 6257/6909/4442 6258/6910/4376 6220/6907/4405
f 6219/6908/4404 6222/6911/4407 6259/6912/4443
f 6259/6912/4443 6257/6909/4442 6219/6908/4404
f 6222/6872/4407 6224/6874/4409 6260/6913/4444
f 6260/6913/4444 6259/6914/4443 6222/6872/4407
f 6224/6915/4409 6226/6916/4411 6261/6917/4381
f 6261/6917/4381 6260/6918/4444 6224/6915/4409
f 6226/6916/4411 6228/6919/4413 6262/6920/4445
f 6262/6920/4445 6261/6917/4381 6226/6916/4411
f 6228/6919/4413 6230/6921/4415 6263/6922/4446
f 6263/6922/4446 6262/6920/4445 6228/6919/4413
f 6230/6921/4415 6232/6923/4417 6264/6924/4447
f 6264/6924/4447 6263/6922/4446 6230/6921/4415
f 6232/6925/4417 6234/6926/4419 6265/6927/4448
f 6265/6927/4448 6264/6928/4447 6232/6925/4417
f 6234/6926/4419 6236/6929/4421 6266/6930/4449
f 6266/6930/4449 6265/6927/4448 6234/6926/4419
f 6236/6929/4421 6238/6931/4423 6267/6932/4389
f 6267/6932/4389 6266/6930/4449 6236/6929/4421
f 6238/6931/4423 6240/6933/4425 6268/6934/4450
f 6268/6934/4450 6267/6932/4389 6238/6931/4423
f 6240/6933/4425 6242/6935/4427 6269/6936/4451
f 6269/6936/4451 6268/6934/4450 6240/6933/4425
f 6242/6935/4427 6244/6937/4429 6270/6938/4392
f 6270/6938/4392 6269/6936/4451 6242/6935/4427
f 6244/6939/4429 6246/6940/4431 6271/6941/4393
f 6271/6941/4393 6270/6942/4392 6244/6939/4429
f 6246/6940/4431 6248/6943/4433 6272/6944/4452
f 6272/6944/4452 6271/6941/4393 6246/6940/4431
f 6248/6943/4433 6250/6945/4435 6273/6946/4397
f 6273/6946/4397 6272/6944/4452 6248/6943/4433
f 6250/6945/4435 6252/6947/4437 6274/6948/4453
f 6274/6948/4453 6273/6946/4397 6250/6945/4435
f 6252/6947/4437 6254/6949/4439 6275/6950/4399
f 6275/6950/4399 6274/6948/4453 6252/6947/4437
f 6254/6951/4439 6256/6952/4441 6276/6953/4454
f 6276/6953/4454 6275/6954/4399 6254/6951/4439
f 6256/6952/4441 6220/6907/4405 6258/6910/4376
f 6258/6910/4376 6276/6953/4454 6256/6952/4441
f 6217/6867/4402 6277/6955/4455 6278/6956/4456
f 6278/6956/4456 6218/6868/4403 6217/6867/4402
f 6218/6868/4403 6278/6956/4456 6279/6957/4457
f 6279/6957/4457 6221/6871/4406 6218/6868/4403
f 6221/6871/4406 6279/6957/4457 6280/6958/4458
f 6280/6958/4458 6223/6873/4408 6221/6871/4406
f 6223/6873/4408 6280/6958/4458 6281/6959/4459
f 6281/6959/4459 6225/6875/4410 6223/6873/4408
f 6225/6875/4410 6281/6959/4459 6282/6960/4460
f 6282/6960/4460 6227/6877/4412 6225/6875/4410
f 6227/6877/4412 6282/6960/4460 6283/6961/4461
f 6283/6961/4461 6229/6879/4414 6227/6877/4412
f 6229/6879/4414 6283/6961/4461 6284/6962/4462
f 6284/6962/4462 6231/6881/4416 6229/6879/4414
f 6231/6881/4416 6284/6962/4462 6285/6963/4463
f 6285/6963/4463 6233/6883/4418 6231/6881/4416
f 6233/6883/4418 6285/6963/4463 6286/6964/4464
f 6286/6964/4464 6235/6885/4420 6233/6883/4418
f 6235/6885/4420 6286/6964/4464 6287/6965/4465
f 6287/6965/4465 6237/6887/4422 6235/6885/4420
f 6237/6887/4422 6287/6965/4465 6288/6966/4466
f 6288/6966/4466 6239/6889/4424 6237/6887/4422
f 6239/6889/4424 6288/6966/4466 6289/6967/4467
f 6289/6967/4467 6241/6891/4426 6239/6889/4424
f 6241/6891/4426 6289/6967/4467 6290/6968/4468
f 6290/6968/4468 6243/6893/4428 6241/6891/4426
f 6243/6893/4428 6290/6968/4468 6291/6969/4469
f 6291/6969/4469 6245/6895/4430 6243/6893/4428
f 6245/6895/4430 6291/6969/4469 6292/6970/4470
f 6292/6970/4470 6247/6897/4432 6245/6895/4430
f 6247/6897/4432 6292/6970/4470 6293/6971/4471
f 6293/6971/4471 6249/6899/4434 6247/6897/4432
f 6249/6899/4434 6293/6971/4471 6294/6972/4472
f 6294/6972/4472 6251/6901/4436 6249/6899/4434
f 6251/6901/4436 6294/6972/4472 6295/6973/4473
f 6295/6973/4473 6253/6903/4438 6251/6901/4436
f 6253/6903/4438 6295/6973/4473 6296/6974/4474
f 6296/6974/4474 6255/6905/4440 6253/6903/4438
f 6255/6905/4440 6296/6974/4474 6277/6955/4455
f 6277/6955/4455 6217/6867/4402 6255/6905/4440
f 6297/6975/4475 6181/6831/4337 6182/6832/4378
f 6182/6832/4378 6298/6976/4476 6297/6975/4475
f 6297/6977/4475 6298/6978/4476 6185/6835/4381
f 6185/6835/4381 6184/6834/4380 6297/6977/4475
f 6193/6979/4385 6194/6980/4386 6197/6847/4388
f 6197/6847/4388 6196/6846/4387 6193/6979/4385
f 6199/6849/4346 6200/6850/4390 6299/6981/4477
f 6299/6981/4477 6300/6982/4478 6199/6849/4346
f 6300/6983/4478 6299/6984/4477 6202/6852/4392
f 6202/6852/4392 6201/6851/4391 6300/6983/4478
f 6211/6861/4352 6207/6857/4351 6210/6860/4397
f 6210/6860/4397 6212/6862/4398 6211/6861/4352
f 6215/6865/4354 6214/6985/4400 6213/6986/4399
f 6213/6986/4399 6216/6866/4401 6215/6865/4354
f 6301/6987/4479 6302/6988/4480 6303/6989/1169
f 6302/6988/4480 6304/6990/4481 6303/6989/1169
f 6304/6990/4481 6305/6991/4482 6303/6989/1169
f 6305/6991/4482 6306/6992/4483 6303/6989/1169
f 6306/6992/4483 6307/6993/4484 6303/6989/1169
f 6307/6993/4484 6308/6994/4485 6303/6989/1169
f 6308/6994/4485 6309/6995/4486 6303/6989/1169
f 6309/6995/4486 6310/6996/4487 6303/6989/1169
f 6310/6996/4487 6311/6997/4488 6303/6989/1169
f 6311/6997/4488 6312/6998/4489 6303/6989/1169
f 6312/6998/4489 6313/6999/4490 6303/6989/1169
f 6313/6999/4490 6301/6987/4479 6303/6989/1169
f 6314/7000/4103 6315/7001/4104 6316/7002/4105
f 6316/7002/4105 6317/7003/4106 6314/7000/4103
f 6316/7002/4105 6318/7004/4107 6319/7005/4108
f 6319/7005/4108 6317/7003/4106 6316/7002/4105
f 6314/7000/4103 6317/7003/4106 6320/7006/4109
f 6320/7006/4109 6321/7007/4110 6314/7000/4103
f 6320/7006/4109 6322/7008/4111 6323/7009/4112
f 6324/7010/4113 6325/7011/4114 6326/7012/4115
f 6326/7012/4115 6327/7013/4116 6324/7010/4113
f 6326/7012/4115 6322/7008/4111 6328/7014/4117
f 6328/7014/4117 6327/7013/4116 6326/7012/4115
f 6324/7010/4113 6327/7013/4116 6329/7015/4118
f 6329/7015/4118 6330/7016/4119 6324/7010/4113
f 6329/7015/4118 6331/7017/4120 6332/7018/4121
f 6333/7019/4122 6334/7020/4123 6335/7021/4124
f 6335/7021/4124 6336/7022/4125 6333/7019/4122
f 6335/7021/4124 6337/7023/4126 6338/7024/4127
f 6339/7025/4128 6340/7026/4129 6341/7027/4130
f 6341/7027/4130 6342/7028/4131 6339/7025/4128
f 6341/7027/4130 6343/7029/4132 6344/7030/4133
f 6333/7019/4122 6345/7031/4134 6346/7032/4135
f 6346/7032/4135 6334/7020/4123 6333/7019/4122
f 6346/7032/4135 6331/7017/4120 6347/7033/4136
f 6347/7033/4136 6334/7020/4123 6346/7032/4135
f 6339/7025/4128 6348/7034/4137 6349/7035/4138
f 6349/7035/4138 6340/7026/4129 6339/7025/4128
f 6349/7035/4138 6337/7023/4126 6350/7036/4139
f 6350/7036/4139 6340/7026/4129 6349/7035/4138
f 6351/7037/4140 6352/7038/4141 6353/7039/4142
f 6353/7039/4142 6354/7040/4143 6351/7037/4140
f 6353/7039/4142 6343/7029/4132 6355/7041/4144
f 6355/7041/4144 6354/7040/4143 6353/7039/4142
f 6351/7037/4140 6354/7040/4143 6356/7042/4145
f 6356/7042/4145 6357/7043/4146 6351/7037/4140
f 6356/7042/4145 6358/7044/4147 6359/7045/4148
f 6360/7046/4149 6361/7047/4150 6362/7048/4151
f 6362/7048/4151 6363/7049/4152 6360/7046/4149
f 6362/7048/4151 6358/7044/4147 6364/7050/4153
f 6364/7050/4153 6363/7049/4152 6362/7048/4151
f 6360/7046/4149 6363/7049/4152 6365/7051/4154
f 6365/7051/4154 6366/7052/4155 6360/7046/4149
f 6365/7051/4154 6367/7053/4156 6368/7054/4157
f 6369/7055/4158 6370/7056/4159 6371/7057/4160
f 6371/7057/4160 6372/7058/4161 6369/7055/4158
f 6371/7057/4160 6367/7053/4156 6373/7059/4162
f 6373/7059/4162 6372/7058/4161 6371/7057/4160
f 6369/7055/4158 6372/7058/4161 6374/7060/4163
f 6374/7060/4163 6375/7061/4164 6369/7055/4158
f 6374/7060/4163 6318/7004/4107 6376/7062/4165
f 6377/7063/4166 6378/7064/1169 6379/7065/4167
f 6379/7065/4167 6378/7064/1169 6380/7066/4168
f 6380/7066/4168 6378/7064/1169 6381/7067/4169
f 6381/7067/4169 6378/7064/1169 6382/7068/4170
f 6383/7069/4171 6378/7064/1169 6384/7070/4172
f 6385/7071/4173 6378/7064/1169 6386/7072/4174
f 6382/7068/4170 6378/7064/1169 6383/7069/4171
f 6384/7070/4172 6378/7064/1169 6385/7071/4173
f 6386/7072/4174 6378/7064/1169 6387/7073/4175
f 6387/7073/4175 6378/7064/1169 6388/7074/4176
f 6388/7074/4176 6378/7064/1169 6389/7075/4177
f 6389/7075/4177 6378/7064/1169 6390/7076/4178
f 6390/7076/4178 6378/7064/1169 6391/7077/4179
f 6391/7077/4179 6378/7064/1169 6377/7063/4166
f 6316/7002/4105 6376/7062/4165 6318/7004/4107
f 6320/7006/4109 6317/7003/4106 6319/7005/4108
f 6319/7005/4108 6322/7008/4111 6320/7006/4109
f 6326/7012/4115 6323/7009/4112 6322/7008/4111
f 6329/7015/4118 6327/7013/4116 6328/7014/4117
f 6328/7014/4117 6331/7017/4120 6329/7015/4118
f 6335/7021/4124 6334/7020/4123 6347/7033/4136
f 6347/7033/4136 6337/7023/4126 6335/7021/4124
f 6341/7027/4130 6340/7026/4129 6350/7036/4139
f 6350/7036/4139 6343/7029/4132 6341/7027/4130
f 6346/7032/4135 6332/7018/4121 6331/7017/4120
f 6349/7035/4138 6338/7024/4127 6337/7023/4126
f 6353/7039/4142 6344/7030/4133 6343/7029/4132
f 6356/7042/4145 6354/7040/4143 6355/7041/4144
f 6355/7041/4144 6358/7044/4147 6356/7042/4145
f 6362/7048/4151 6359/7045/4148 6358/7044/4147
f 6365/7051/4154 6363/7049/4152 6364/7050/4153
f 6364/7050/4153 6367/7053/4156 6365/7051/4154
f 6371/7057/4160 6368/7054/4157 6367/7053/4156
f 6374/7060/4163 6372/7058/4161 6373/7059/4162
f 6373/7059/4162 6318/7004/4107 6374/7060/4163
s 0
f 6392/7078/4180 6393/7079/4180 6394/7080/4180
f 6394/7080/4180 6395/7081/4180 6392/7078/4180
s 1
f 6396/7082/4181 6397/7083/4182 6398/7084/4182
f 6398/7084/4182 6399/7085/4181 6396/7082/4181
s 0
f 6400/7086/4183 6401/7087/4183 6402/7088/4183
f 6402/7088/4183 6403/7089/4183 6400/7086/4183
s 1
f 6404/7090/4184 6405/7091/4185 6406/7092/4185
f 6406/7092/4185 6407/7093/4184 6404/7090/4184
s 0
f 6408/7094/4186 6409/7095/4186 6410/7096/4186
f 6410/7096/4186 6411/7097/4186 6408/7094/4186
s 1
f 6405/7091/4185 6412/7098/4187 6413/7099/4187
f 6413/7099/4187 6406/7092/4185 6405/7091/4185
f 6414/7100/4188 6415/7101/4188 6416/7102/4188
f 6416/7102/4188 6417/7103/4188 6414/7100/4188
f 6418/7104/4189 6419/7105/4190 6420/7106/4190
f 6420/7106/4190 6421/7107/4189 6418/7104/4189
s 0
f 6422/7108/4191 6423/7109/4191 6424/7110/4191
f 6424/7110/4191 6425/7111/4191 6422/7108/4191
s 1
f 6426/7112/4192 6427/7113/4193 6428/7114/4193
f 6428/7114/4193 6429/7115/4192 6426/7112/4192
s 0
f 6430/7116/4194 6431/7117/4194 6432/7118/4194
f 6432/7118/4194 6433/7119/4194 6430/7116/4194
s 1
f 6434/7120/4195 6435/7121/1079 6436/7122/1079
f 6436/7122/1079 6437/7123/4195 6434/7120/4195
s 0
f 6438/7124/4196 6439/7125/4196 6440/7126/4196
f 6440/7126/4196 6441/7127/4196 6438/7124/4196
s 1
f 6419/7105/4190 6442/7128/4197 6443/7129/4197
f 6443/7129/4197 6420/7106/4190 6419/7105/4190
s 0
f 6444/7130/4198 6445/7131/4198 6446/7132/4198
f 6446/7132/4198 6447/7133/4198 6444/7130/4198
s 1
f 6427/7134/4193 6448/7135/4199 6449/7136/4199
f 6449/7136/4199 6428/7137/4193 6427/7134/4193
s 0
f 6450/7138/4200 6451/7139/4200 6452/7140/4200
f 6452/7140/4200 6453/7141/4200 6450/7138/4200
s 1
f 6435/7121/1079 6454/7142/4201 6455/7143/4201
f 6455/7143/4201 6436/7122/1079 6435/7121/1079
s 0
f 6456/7144/4202 6457/7145/4202 6458/7146/4202
f 6458/7146/4202 6459/7147/4202 6456/7144/4202
s 1
f 6460/7148/4203 6461/7149/4204 6462/7150/4204
f 6462/7150/4204 6463/7151/4203 6460/7148/4203
s 0
f 6464/7152/4205 6465/7153/4205 6466/7154/4205
f 6466/7154/4205 6467/7155/4205 6464/7152/4205
s 1
f 6461/7156/4204 6468/7157/4206 6469/7158/4206
f 6469/7158/4206 6462/7159/4204 6461/7156/4204
s 0
f 6470/7160/4207 6471/7161/4207 6472/7162/4207
f 6472/7162/4207 6473/7163/4207 6470/7160/4207
s 1
f 6474/7164/4208 6475/7165/4209 6476/7166/4209
f 6476/7166/4209 6477/7167/4208 6474/7164/4208
s 0
f 6478/7168/4210 6479/7169/4210 6480/7170/4210
f 6480/7170/4210 6481/7171/4210 6478/7168/4210
s 1
f 6475/7165/4209 6482/7172/4211 6483/7173/4211
f 6483/7173/4211 6476/7166/4209 6475/7165/4209
s 0
f 6484/7174/4212 6485/7175/4212 6486/7176/4212
f 6486/7176/4212 6487/7177/4212 6484/7174/4212
s 1
f 6488/7178/4213 6396/7082/4181 6399/7085/4181
f 6399/7085/4181 6489/7179/4213 6488/7178/4213
f 6490/7180/4214 6491/7181/4215 6492/7182/4215
f 6492/7182/4215 6493/7183/4214 6490/7180/4214
f 6491/7181/4215 6494/7184/4216 6495/7185/4216
f 6495/7185/4216 6492/7182/4215 6491/7181/4215
f 6494/7184/4216 6496/7186/4217 6497/7187/4217
f 6497/7187/4217 6495/7185/4216 6494/7184/4216
f 6496/7186/4217 6498/7188/4218 6499/7189/4218
f 6499/7189/4218 6497/7187/4217 6496/7186/4217
f 6498/7188/4218 6500/7190/4219 6501/7191/4219
f 6501/7191/4219 6499/7189/4218 6498/7188/4218
f 6500/7190/4219 6502/7192/4220 6503/7193/4220
f 6503/7193/4220 6501/7191/4219 6500/7190/4219
f 6502/7192/4220 6504/7194/4221 6505/7195/4221
f 6505/7195/4221 6503/7193/4220 6502/7192/4220
f 6504/7194/4221 6506/7196/4222 6507/7197/4222
f 6507/7197/4222 6505/7195/4221 6504/7194/4221
f 6506/7196/4222 6508/7198/4223 6509/7199/4223
f 6509/7199/4223 6507/7197/4222 6506/7196/4222
f 6508/7198/4223 6510/7200/4224 6511/7201/4224
f 6511/7201/4224 6509/7199/4223 6508/7198/4223
f 6510/7200/4224 6512/7202/4225 6513/7203/4225
f 6513/7203/4225 6511/7201/4224 6510/7200/4224
f 6512/7202/4225 6514/7204/4226 6515/7205/4226
f 6515/7205/4226 6513/7203/4225 6512/7202/4225
f 6514/7204/4226 6516/7206/4227 6517/7207/4491
f 6517/7207/4491 6515/7205/4226 6514/7204/4226
f 6516/7206/4227 6518/7208/4228 6519/7209/4228
f 6519/7209/4228 6517/7207/4491 6516/7206/4227
f 6518/7208/4228 6520/7210/4229 6521/7211/4229
f 6521/7211/4229 6519/7209/4228 6518/7208/4228
f 6522/7210/4229 6523/7212/4230 6524/7213/4230
f 6524/7213/4230 6525/7211/4229 6522/7210/4229
f 6523/7212/4230 6526/7214/4492 6527/7215/4492
f 6527/7215/4492 6524/7213/4230 6523/7212/4230
f 6526/7214/4492 6528/7216/4493 6529/7217/4493
f 6529/7217/4493 6527/7215/4492 6526/7214/4492
f 6528/7216/4493 6530/7218/4233 6531/7219/4233
f 6531/7219/4233 6529/7217/4493 6528/7216/4493
f 6530/7218/4233 6490/7180/4214 6493/7183/4214
f 6493/7183/4214 6531/7219/4233 6530/7218/4233
f 6532/7220/4234 6533/7221/4235 6534/7222/4235
f 6534/7222/4235 6535/7223/4234 6532/7220/4234
f 6533/7221/4235 6536/7224/4236 6537/7225/4236
f 6537/7225/4236 6534/7222/4235 6533/7221/4235
f 6536/7226/4236 6538/7227/4237 6539/7228/4237
f 6539/7228/4237 6537/7229/4236 6536/7226/4236
f 6538/7227/4237 6540/7230/4238 6541/7231/4238
f 6541/7231/4238 6539/7228/4237 6538/7227/4237
f 6540/7230/4238 6542/7232/4239 6543/7233/4239
f 6543/7233/4239 6541/7231/4238 6540/7230/4238
f 6542/7232/4239 6544/7234/4240 6545/7235/4240
f 6545/7235/4240 6543/7233/4239 6542/7232/4239
f 6544/7234/4240 6546/7236/4241 6547/7237/4241
f 6547/7237/4241 6545/7235/4240 6544/7234/4240
f 6546/7238/4241 6548/7239/4242 6549/7240/4242
f 6549/7240/4242 6547/7241/4241 6546/7238/4241
f 6548/7239/4242 6550/7242/4243 6551/7243/4243
f 6551/7243/4243 6549/7240/4242 6548/7239/4242
f 6550/7242/4243 6552/7244/4244 6553/7245/4244
f 6553/7245/4244 6551/7243/4243 6550/7242/4243
f 6552/7244/4244 6554/7246/4245 6555/7247/4245
f 6555/7247/4245 6553/7245/4244 6552/7244/4244
f 6554/7246/4245 6556/7248/4246 6557/7249/4246
f 6557/7249/4246 6555/7247/4245 6554/7246/4245
f 6556/7248/4246 6558/7250/4247 6559/7251/4247
f 6559/7251/4247 6557/7249/4246 6556/7248/4246
f 6558/7252/4247 6560/7253/4248 6561/7254/4248
f 6561/7254/4248 6559/7255/4247 6558/7252/4247
f 6560/7253/4248 6562/7256/4249 6563/7257/4249
f 6563/7257/4249 6561/7254/4248 6560/7253/4248
f 6564/7258/4249 6565/7259/4250 6566/7260/4250
f 6566/7260/4250 6567/7261/4249 6564/7258/4249
f 6565/7259/4250 6568/7262/4251 6569/7263/4251
f 6569/7263/4251 6566/7260/4250 6565/7259/4250
f 6568/7262/4251 6570/7264/4252 6571/7265/4252
f 6571/7265/4252 6569/7263/4251 6568/7262/4251
f 6570/7266/4252 6572/7267/4253 6573/7268/4253
f 6573/7268/4253 6571/7269/4252 6570/7266/4252
f 6572/7267/4253 6532/7220/4234 6535/7223/4234
f 6535/7223/4234 6573/7268/4253 6572/7267/4253
f 6574/7270/4254 6575/7271/4255 6576/7272/4255
f 6576/7272/4255 6577/7273/4254 6574/7270/4254
f 6575/7271/4255 6578/7274/4494 6579/7275/4494
f 6579/7275/4494 6576/7272/4255 6575/7271/4255
f 6578/7274/4494 6580/7276/4257 6581/7277/4257
f 6581/7277/4257 6579/7275/4494 6578/7274/4494
f 6580/7276/4257 6582/7278/4258 6583/7279/4258
f 6583/7279/4258 6581/7277/4257 6580/7276/4257
f 6582/7278/4258 6584/7280/4259 6585/7281/4259
f 6585/7281/4259 6583/7279/4258 6582/7278/4258
f 6584/7280/4259 6586/7282/4260 6587/7283/4260
f 6587/7283/4260 6585/7281/4259 6584/7280/4259
f 6586/7282/4260 6588/7284/4261 6589/7285/4261
f 6589/7285/4261 6587/7283/4260 6586/7282/4260
f 6588/7284/4261 6590/7286/4262 6591/7287/4263
f 6591/7287/4263 6589/7285/4261 6588/7284/4261
f 6590/7286/4262 6592/7288/4264 6593/7289/4264
f 6593/7289/4264 6591/7287/4263 6590/7286/4262
f 6592/7288/4264 6594/7290/4265 6595/7291/4265
f 6595/7291/4265 6593/7289/4264 6592/7288/4264
f 6594/7290/4265 6596/7292/4266 6597/7293/4266
f 6597/7293/4266 6595/7291/4265 6594/7290/4265
f 6596/7292/4266 6598/7294/4267 6599/7295/4267
f 6599/7295/4267 6597/7293/4266 6596/7292/4266
f 6598/7294/4267 6600/7296/4268 6601/7297/4268
f 6601/7297/4268 6599/7295/4267 6598/7294/4267
f 6600/7296/4268 6602/7298/4269 6603/7299/4269
f 6603/7299/4269 6601/7297/4268 6600/7296/4268
f 6602/7298/4269 6604/7300/4270 6605/7301/4270
f 6605/7301/4270 6603/7299/4269 6602/7298/4269
f 6606/7300/4270 6607/7302/4271 6608/7303/4271
f 6608/7303/4271 6609/7301/4270 6606/7300/4270
f 6607/7302/4271 6610/7304/4272 6611/7305/4272
f 6611/7305/4272 6608/7303/4271 6607/7302/4271
f 6610/7304/4272 6612/7306/4273 6613/7307/4273
f 6613/7307/4273 6611/7305/4272 6610/7304/4272
f 6612/7306/4273 6614/7308/4274 6615/7309/4274
f 6615/7309/4274 6613/7307/4273 6612/7306/4273
f 6614/7308/4274 6574/7270/4254 6577/7273/4254
f 6577/7273/4254 6615/7309/4274 6614/7308/4274
f 6616/7310/4275 6617/7311/4276 6618/7312/4276
f 6618/7312/4276 6619/7313/4275 6616/7310/4275
f 6617/7311/4276 6620/7314/4277 6621/7315/4277
f 6621/7315/4277 6618/7312/4276 6617/7311/4276
f 6620/7316/4277 6622/7317/4278 6623/7318/4278
f 6623/7318/4278 6621/7319/4277 6620/7316/4277
f 6622/7317/4278 6624/7320/4279 6625/7321/4279
f 6625/7321/4279 6623/7318/4278 6622/7317/4278
f 6624/7320/4279 6626/7322/4280 6627/7323/4280
f 6627/7323/4280 6625/7321/4279 6624/7320/4279
f 6626/7322/4280 6628/7324/4281 6629/7325/4281
f 6629/7325/4281 6627/7323/4280 6626/7322/4280
f 6628/7324/4281 6630/7326/4282 6631/7327/4282
f 6631/7327/4282 6629/7325/4281 6628/7324/4281
f 6630/7328/4282 6632/7329/4283 6633/7330/4283
f 6633/7330/4283 6631/7331/4282 6630/7328/4282
f 6632/7329/4283 6634/7332/4284 6635/7333/4284
f 6635/7333/4284 6633/7330/4283 6632/7329/4283
f 6634/7332/4284 6636/7334/4285 6637/7335/4285
f 6637/7335/4285 6635/7333/4284 6634/7332/4284
f 6636/7334/4285 6638/7336/4286 6639/7337/4286
f 6639/7337/4286 6637/7335/4285 6636/7334/4285
f 6638/7336/4286 6640/7338/4287 6641/7339/4287
f 6641/7339/4287 6639/7337/4286 6638/7336/4286
f 6640/7340/4287 6642/7341/4288 6643/7342/4288
f 6643/7342/4288 6641/7343/4287 6640/7340/4287
f 6642/7341/4288 6644/7344/4289 6645/7345/4289
f 6645/7345/4289 6643/7342/4288 6642/7341/4288
f 6644/7344/4289 6646/7346/4290 6647/7347/4290
f 6647/7347/4290 6645/7345/4289 6644/7344/4289
f 6648/7348/4290 6649/7349/4291 6650/7350/4291
f 6650/7350/4291 6651/7351/4290 6648/7348/4290
f 6649/7349/4291 6652/7352/4292 6653/7353/4292
f 6653/7353/4292 6650/7350/4291 6649/7349/4291
f 6652/7354/4292 6654/7355/4293 6655/7356/4293
f 6655/7356/4293 6653/7357/4292 6652/7354/4292
f 6654/7355/4293 6656/7358/4294 6657/7359/4294
f 6657/7359/4294 6655/7356/4293 6654/7355/4293
f 6656/7358/4294 6616/7310/4275 6619/7313/4275
f 6619/7313/4275 6657/7359/4294 6656/7358/4294
f 6658/7360/4295 6659/7361/4296 6660/7362/4297
f 6660/7362/4297 6661/7363/4298 6658/7360/4295
f 6662/7364/4299 6663/7365/4300 6659/7361/4296
f 6659/7361/4296 6658/7360/4295 6662/7364/4299
f 6664/7366/4301 6665/7367/4302 6663/7365/4300
f 6663/7365/4300 6662/7364/4299 6664/7366/4301
f 6666/7368/4303 6667/7369/4304 6665/7367/4302
f 6665/7367/4302 6664/7366/4301 6666/7368/4303
f 6668/7370/4305 6669/7371/4306 6667/7369/4304
f 6667/7369/4304 6666/7368/4303 6668/7370/4305
f 6670/7372/4307 6671/7373/4308 6669/7371/4306
f 6669/7371/4306 6668/7370/4305 6670/7372/4307
f 6672/7374/4309 6673/7375/4310 6671/7373/4308
f 6671/7373/4308 6670/7372/4307 6672/7374/4309
f 6674/7376/4311 6675/7377/4312 6673/7375/4310
f 6673/7375/4310 6672/7374/4309 6674/7376/4311
f 6676/7378/4313 6677/7379/4314 6675/7377/4312
f 6675/7377/4312 6674/7376/4311 6676/7378/4313
f 6678/7380/4315 6679/7381/4316 6677/7379/4314
f 6677/7379/4314 6676/7378/4313 6678/7380/4315
f 6680/7382/4317 6681/7383/4318 6679/7381/4316
f 6679/7381/4316 6678/7380/4315 6680/7382/4317
f 6682/7384/4319 6683/7385/4320 6681/7383/4318
f 6681/7383/4318 6680/7382/4317 6682/7384/4319
f 6684/7386/4321 6685/7387/4322 6683/7385/4320
f 6683/7385/4320 6682/7384/4319 6684/7386/4321
f 6686/7388/4323 6687/7389/4324 6685/7387/4322
f 6685/7387/4322 6684/7386/4321 6686/7388/4323
f 6688/7390/4325 6689/7391/4326 6687/7389/4324
f 6687/7389/4324 6686/7388/4323 6688/7390/4325
f 6690/7392/4327 6691/7393/4328 6689/7391/4326
f 6689/7391/4326 6688/7390/4325 6690/7392/4327
f 6692/7394/4329 6693/7395/4330 6691/7393/4328
f 6691/7393/4328 6690/7392/4327 6692/7394/4329
f 6694/7396/4331 6695/7397/4332 6693/7395/4330
f 6693/7395/4330 6692/7394/4329 6694/7396/4331
f 6696/7398/4333 6697/7399/4334 6695/7397/4332
f 6695/7397/4332 6694/7396/4331 6696/7398/4333
f 6661/7363/4298 6660/7362/4297 6697/7399/4334
f 6697/7399/4334 6696/7398/4333 6661/7363/4298
f 6661/7400/4298 6698/7401/4335 6699/7402/4336
f 6699/7402/4336 6658/7403/4295 6661/7400/4298
f 6658/7403/4295 6699/7402/4336 6700/7404/4337
f 6700/7404/4337 6662/7405/4299 6658/7403/4295
f 6662/7405/4299 6700/7404/4337 6701/7406/4338
f 6701/7406/4338 6664/7407/4301 6662/7405/4299
f 6664/7408/4301 6701/7409/4338 6702/7410/4339
f 6702/7410/4339 6666/7411/4303 6664/7408/4301
f 6666/7411/4303 6702/7410/4339 6703/7412/4340
f 6703/7412/4340 6668/7413/4305 6666/7411/4303
f 6668/7413/4305 6703/7412/4340 6704/7414/4341
f 6704/7414/4341 6670/7415/4307 6668/7413/4305
f 6670/7415/4307 6704/7414/4341 6705/7416/4342
f 6705/7416/4342 6672/7417/4309 6670/7415/4307
f 6672/7417/4309 6705/7416/4342 6706/7418/4343
f 6706/7418/4343 6674/7419/4311 6672/7417/4309
f 6674/7420/4311 6706/7421/4343 6707/7422/4344
f 6707/7422/4344 6676/7423/4313 6674/7420/4311
f 6676/7423/4313 6707/7422/4344 6708/7424/4345
f 6708/7424/4345 6678/7425/4315 6676/7423/4313
f 6678/7425/4315 6708/7424/4345 6709/7426/4346
f 6709/7426/4346 6680/7427/4317 6678/7425/4315
f 6680/7427/4317 6709/7426/4346 6710/7428/4347
f 6710/7428/4347 6682/7429/4319 6680/7427/4317
f 6682/7430/4319 6710/7431/4347 6711/7432/4348
f 6711/7432/4348 6684/7433/4321 6682/7430/4319
f 6684/7433/4321 6711/7432/4348 6712/7434/4349
f 6712/7434/4349 6686/7435/4323 6684/7433/4321
f 6686/7435/4323 6712/7434/4349 6713/7436/4350
f 6713/7436/4350 6688/7437/4325 6686/7435/4323
f 6688/7437/4325 6713/7436/4350 6714/7438/4351
f 6714/7438/4351 6690/7439/4327 6688/7437/4325
f 6690/7439/4327 6714/7438/4351 6715/7440/4352
f 6715/7440/4352 6692/7441/4329 6690/7439/4327
f 6692/7442/4329 6715/7443/4352 6716/7444/4353
f 6716/7444/4353 6694/7445/4331 6692/7442/4329
f 6694/7445/4331 6716/7444/4353 6717/7446/4354
f 6717/7446/4354 6696/7447/4333 6694/7445/4331
f 6696/7447/4333 6717/7446/4354 6698/7401/4335
f 6698/7401/4335 6661/7400/4298 6696/7447/4333
f 6718/7448/4355 6719/7449/4356 6660/7362/4297
f 6660/7362/4297 6659/7361/4296 6718/7448/4355
f 6720/7450/4357 6718/7448/4355 6659/7361/4296
f 6659/7361/4296 6663/7365/4300 6720/7450/4357
f 6721/7451/4358 6720/7450/4357 6663/7365/4300
f 6663/7365/4300 6665/7367/4302 6721/7451/4358
f 6722/7452/4359 6721/7451/4358 6665/7367/4302
f 6665/7367/4302 6667/7369/4304 6722/7452/4359
f 6723/7453/4360 6722/7452/4359 6667/7369/4304
f 6667/7369/4304 6669/7371/4306 6723/7453/4360
f 6724/7454/4361 6723/7453/4360 6669/7371/4306
f 6669/7371/4306 6671/7373/4308 6724/7454/4361
f 6725/7455/4362 6724/7454/4361 6671/7373/4308
f 6671/7373/4308 6673/7375/4310 6725/7455/4362
f 6726/7456/4363 6725/7455/4362 6673/7375/4310
f 6673/7375/4310 6675/7377/4312 6726/7456/4363
f 6727/7457/4364 6726/7456/4363 6675/7377/4312
f 6675/7377/4312 6677/7379/4314 6727/7457/4364
f 6728/7458/4365 6727/7457/4364 6677/7379/4314
f 6677/7379/4314 6679/7381/4316 6728/7458/4365
f 6729/7459/4366 6728/7458/4365 6679/7381/4316
f 6679/7381/4316 6681/7383/4318 6729/7459/4366
f 6730/7460/4367 6729/7459/4366 6681/7383/4318
f 6681/7383/4318 6683/7385/4320 6730/7460/4367
f 6731/7461/4368 6730/7460/4367 6683/7385/4320
f 6683/7385/4320 6685/7387/4322 6731/7461/4368
f 6732/7462/4369 6731/7461/4368 6685/7387/4322
f 6685/7387/4322 6687/7389/4324 6732/7462/4369
f 6733/7463/4370 6732/7462/4369 6687/7389/4324
f 6687/7389/4324 6689/7391/4326 6733/7463/4370
f 6734/7464/4371 6733/7463/4370 6689/7391/4326
f 6689/7391/4326 6691/7393/4328 6734/7464/4371
f 6735/7465/4372 6734/7464/4371 6691/7393/4328
f 6691/7393/4328 6693/7395/4330 6735/7465/4372
f 6736/7466/4373 6735/7465/4372 6693/7395/4330
f 6693/7395/4330 6695/7397/4332 6736/7466/4373
f 6737/7467/4374 6736/7466/4373 6695/7397/4332
f 6695/7397/4332 6697/7399/4334 6737/7467/4374
f 6719/7449/4356 6737/7467/4374 6697/7399/4334
f 6697/7399/4334 6660/7362/4297 6719/7449/4356
f 6738/7468/4336 6739/7469/4375 6740/7470/4376
f 6740/7470/4376 6741/7471/4377 6738/7468/4336
f 6742/7472/4337 6738/7468/4336 6741/7471/4377
f 6741/7471/4377 6743/7473/4378 6742/7472/4337
f 6744/7474/4379 6745/7475/4380 6746/7476/4381
f 6746/7476/4381 6747/7477/4382 6744/7474/4379
f 6748/7478/4341 6749/7479/4379 6750/7480/4382
f 6750/7480/4382 6751/7481/4383 6748/7478/4341
f 6752/7482/4342 6748/7478/4341 6751/7481/4383
f 6751/7481/4383 6753/7483/4384 6752/7482/4342
f 6754/7484/4385 6752/7482/4342 6753/7483/4384
f 6753/7483/4384 6755/7485/4386 6754/7484/4385
f 6756/7486/4345 6757/7487/4387 6758/7488/4449
f 6758/7488/4449 6759/7489/4389 6756/7486/4345
f 6760/7490/4346 6756/7486/4345 6759/7489/4389
f 6759/7489/4389 6761/7491/4390 6760/7490/4346
f 6762/7492/4391 6763/7493/4392 6764/7494/4393
f 6764/7494/4393 6765/7495/4394 6762/7492/4391
f 6766/7496/4395 6765/7495/4394 6764/7494/4393
f 6764/7494/4393 6767/7497/4396 6766/7496/4395
f 6768/7498/4351 6769/7499/4395 6770/7500/4396
f 6770/7500/4396 6771/7501/4495 6768/7498/4351
f 6772/7502/4352 6773/7503/4398 6774/7504/4399
f 6774/7504/4399 6775/5509/4400 6772/7502/4352
f 6776/7505/4354 6777/7506/4401 6740/7470/4376
f 6740/7470/4376 6739/7469/4375 6776/7505/4354
f 6778/7507/4402 6779/7508/4403 6780/7509/4404
f 6780/7509/4404 6781/7510/4405 6778/7507/4402
f 6779/7508/4403 6782/7511/4406 6783/7512/4407
f 6783/7512/4407 6780/7509/4404 6779/7508/4403
f 6782/7511/4406 6784/7513/4408 6785/7514/4409
f 6785/7514/4409 6783/7512/4407 6782/7511/4406
f 6784/7513/4408 6786/7515/4410 6787/7516/4411
f 6787/7516/4411 6785/7514/4409 6784/7513/4408
f 6786/7515/4410 6788/7517/4412 6789/7518/4413
f 6789/7518/4413 6787/7516/4411 6786/7515/4410
f 6788/7517/4412 6790/7519/4414 6791/7520/4415
f 6791/7520/4415 6789/7518/4413 6788/7517/4412
f 6790/7519/4414 6792/7521/4416 6793/7522/4417
f 6793/7522/4417 6791/7520/4415 6790/7519/4414
f 6792/7521/4416 6794/7523/4418 6795/7524/4419
f 6795/7524/4419 6793/7522/4417 6792/7521/4416
f 6794/7523/4418 6796/7525/4420 6797/7526/4421
f 6797/7526/4421 6795/7524/4419 6794/7523/4418
f 6796/7525/4420 6798/7527/4422 6799/7528/4423
f 6799/7528/4423 6797/7526/4421 6796/7525/4420
f 6798/7527/4422 6800/7529/4424 6801/7530/4425
f 6801/7530/4425 6799/7528/4423 6798/7527/4422
f 6800/7529/4424 6802/7531/4426 6803/7532/4427
f 6803/7532/4427 6801/7530/4425 6800/7529/4424
f 6802/7531/4426 6804/7533/4428 6805/7534/4429
f 6805/7534/4429 6803/7532/4427 6802/7531/4426
f 6804/7533/4428 6806/7535/4430 6807/7536/4431
f 6807/7536/4431 6805/7534/4429 6804/7533/4428
f 6806/7535/4430 6808/7537/4432 6809/7538/4433
f 6809/7538/4433 6807/7536/4431 6806/7535/4430
f 6808/7537/4432 6810/7539/4434 6811/7540/4435
f 6811/7540/4435 6809/7538/4433 6808/7537/4432
f 6810/7539/4434 6812/7541/4436 6813/7542/4437
f 6813/7542/4437 6811/7540/4435 6810/7539/4434
f 6812/7541/4436 6814/7543/4438 6815/7544/4439
f 6815/7544/4439 6813/7542/4437 6812/7541/4436
f 6814/7543/4438 6816/7545/4440 6817/7546/4441
f 6817/7546/4441 6815/7544/4439 6814/7543/4438
f 6816/7545/4440 6778/7507/4402 6781/7510/4405
f 6781/7510/4405 6817/7546/4441 6816/7545/4440
f 6781/7547/4405 6780/7548/4404 6818/7549/4442
f 6818/7549/4442 6819/7550/4376 6781/7547/4405
f 6780/7548/4404 6783/7551/4407 6820/7552/4443
f 6820/7552/4443 6818/7549/4442 6780/7548/4404
f 6783/7512/4407 6785/7514/4409 6821/7553/4444
f 6821/7553/4444 6820/7554/4443 6783/7512/4407
f 6785/7555/4409 6787/7556/4411 6822/7557/4381
f 6822/7557/4381 6821/7558/4444 6785/7555/4409
f 6787/7556/4411 6789/7559/4413 6823/7560/4445
f 6823/7560/4445 6822/7557/4381 6787/7556/4411
f 6789/7559/4413 6791/7561/4415 6824/7562/4446
f 6824/7562/4446 6823/7560/4445 6789/7559/4413
f 6791/7561/4415 6793/7563/4417 6825/7564/4447
f 6825/7564/4447 6824/7562/4446 6791/7561/4415
f 6793/7565/4417 6795/7566/4419 6826/7567/4448
f 6826/7567/4448 6825/7568/4447 6793/7565/4417
f 6795/7566/4419 6797/7569/4421 6827/7570/4449
f 6827/7570/4449 6826/7567/4448 6795/7566/4419
f 6797/7569/4421 6799/7571/4423 6828/7572/4389
f 6828/7572/4389 6827/7570/4449 6797/7569/4421
f 6799/7571/4423 6801/7573/4425 6829/7574/4450
f 6829/7574/4450 6828/7572/4389 6799/7571/4423
f 6801/7573/4425 6803/7575/4427 6830/7576/4451
f 6830/7576/4451 6829/7574/4450 6801/7573/4425
f 6803/7575/4427 6805/7577/4429 6831/7578/4392
f 6831/7578/4392 6830/7576/4451 6803/7575/4427
f 6805/7579/4429 6807/7580/4431 6832/7581/4393
f 6832/7581/4393 6831/7582/4392 6805/7579/4429
f 6807/7580/4431 6809/7583/4433 6833/7584/4452
f 6833/7584/4452 6832/7581/4393 6807/7580/4431
f 6809/7583/4433 6811/7585/4435 6834/7586/4397
f 6834/7586/4397 6833/7584/4452 6809/7583/4433
f 6811/7585/4435 6813/7587/4437 6835/7588/4453
f 6835/7588/4453 6834/7586/4397 6811/7585/4435
f 6813/7587/4437 6815/7589/4439 6836/7590/4399
f 6836/7590/4399 6835/7588/4453 6813/7587/4437
f 6815/7591/4439 6817/7592/4441 6837/7593/4454
f 6837/7593/4454 6836/7594/4399 6815/7591/4439
f 6817/7592/4441 6781/7547/4405 6819/7550/4376
f 6819/7550/4376 6837/7593/4454 6817/7592/4441
f 6778/7507/4402 6838/7595/4455 6839/7596/4456
f 6839/7596/4456 6779/7508/4403 6778/7507/4402
f 6779/7508/4403 6839/7596/4456 6840/7597/4457
f 6840/7597/4457 6782/7511/4406 6779/7508/4403
f 6782/7511/4406 6840/7597/4457 6841/7598/4458
f 6841/7598/4458 6784/7513/4408 6782/7511/4406
f 6784/7513/4408 6841/7598/4458 6842/7599/4459
f 6842/7599/4459 6786/7515/4410 6784/7513/4408
f 6786/7515/4410 6842/7599/4459 6843/7600/4460
f 6843/7600/4460 6788/7517/4412 6786/7515/4410
f 6788/7517/4412 6843/7600/4460 6844/7601/4461
f 6844/7601/4461 6790/7519/4414 6788/7517/4412
f 6790/7519/4414 6844/7601/4461 6845/7602/4462
f 6845/7602/4462 6792/7521/4416 6790/7519/4414
f 6792/7521/4416 6845/7602/4462 6846/7603/4463
f 6846/7603/4463 6794/7523/4418 6792/7521/4416
f 6794/7523/4418 6846/7603/4463 6847/7604/4464
f 6847/7604/4464 6796/7525/4420 6794/7523/4418
f 6796/7525/4420 6847/7604/4464 6848/7605/4465
f 6848/7605/4465 6798/7527/4422 6796/7525/4420
f 6798/7527/4422 6848/7605/4465 6849/7606/4466
f 6849/7606/4466 6800/7529/4424 6798/7527/4422
f 6800/7529/4424 6849/7606/4466 6850/7607/4467
f 6850/7607/4467 6802/7531/4426 6800/7529/4424
f 6802/7531/4426 6850/7607/4467 6851/7608/4468
f 6851/7608/4468 6804/7533/4428 6802/7531/4426
f 6804/7533/4428 6851/7608/4468 6852/7609/4469
f 6852/7609/4469 6806/7535/4430 6804/7533/4428
f 6806/7535/4430 6852/7609/4469 6853/7610/4470
f 6853/7610/4470 6808/7537/4432 6806/7535/4430
f 6808/7537/4432 6853/7610/4470 6854/7611/4471
f 6854/7611/4471 6810/7539/4434 6808/7537/4432
f 6810/7539/4434 6854/7611/4471 6855/7612/4472
f 6855/7612/4472 6812/7541/4436 6810/7539/4434
f 6812/7541/4436 6855/7612/4472 6856/7613/4473
f 6856/7613/4473 6814/7543/4438 6812/7541/4436
f 6814/7543/4438 6856/7613/4473 6857/7614/4474
f 6857/7614/4474 6816/7545/4440 6814/7543/4438
f 6816/7545/4440 6857/7614/4474 6838/7595/4455
f 6838/7595/4455 6778/7507/4402 6816/7545/4440
f 6858/7615/4475 6742/7472/4337 6743/7473/4378
f 6743/7473/4378 6859/7616/4476 6858/7615/4475
f 6858/7617/4475 6859/7618/4476 6746/7476/4381
f 6746/7476/4381 6745/7475/4380 6858/7617/4475
f 6754/7619/4385 6755/7620/4386 6758/7488/4449
f 6758/7488/4449 6757/7487/4387 6754/7619/4385
f 6760/7490/4346 6761/7491/4390 6860/7621/4477
f 6860/7621/4477 6861/7622/4496 6760/7490/4346
f 6861/7623/4496 6860/7624/4477 6763/7493/4392
f 6763/7493/4392 6762/7492/4391 6861/7623/4496
f 6772/7502/4352 6768/7498/4351 6771/7501/4495
f 6771/7501/4495 6773/7503/4398 6772/7502/4352
f 6776/7505/4354 6775/7625/4400 6774/7626/4399
f 6774/7626/4399 6777/7506/4401 6776/7505/4354
f 6862/7627/4479 6863/7628/4480 6864/7629/1169
f 6863/7628/4480 6865/7630/4481 6864/7629/1169
f 6865/7630/4481 6866/7631/4482 6864/7629/1169
f 6866/7631/4482 6867/7632/4483 6864/7629/1169
f 6867/7632/4483 6868/7633/4484 6864/7629/1169
f 6868/7633/4484 6869/7634/4485 6864/7629/1169
f 6869/7634/4485 6870/7635/4486 6864/7629/1169
f 6870/7635/4486 6871/7636/4487 6864/7629/1169
f 6871/7636/4487 6872/7637/4488 6864/7629/1169
f 6872/7637/4488 6873/7638/4489 6864/7629/1169
f 6873/7638/4489 6874/7639/4490 6864/7629/1169
f 6874/7639/4490 6862/7627/4479 6864/7629/1169
f 6875/7640/4497 6876/7641/4498 6877/7642/4499
f 6877/7642/4499 6878/7643/4500 6875/7640/4497
f 6877/7642/4499 6879/7644/4501 6880/7645/4502
f 6880/7645/4502 6878/7643/4500 6877/7642/4499
f 6875/7640/4497 6878/7643/4500 6881/7646/4503
f 6881/7646/4503 6882/7647/4504 6875/7640/4497
f 6881/7646/4503 6883/7648/4505 6884/7649/4506
f 6885/7650/4507 6886/7651/4508 6887/7652/4509
f 6887/7652/4509 6888/7653/4510 6885/7650/4507
f 6887/7652/4509 6883/7648/4505 6889/7654/4511
f 6889/7654/4511 6888/7653/4510 6887/7652/4509
f 6885/7650/4507 6888/7653/4510 6890/7655/4512
f 6890/7655/4512 6891/7656/4513 6885/7650/4507
f 6890/7655/4512 6892/7657/4514 6893/7658/4515
f 6894/7659/4516 6895/7660/4517 6896/7661/4518
f 6896/7661/4518 6897/7662/4519 6894/7659/4516
f 6896/7661/4518 6898/7663/4520 6899/7664/4521
f 6900/7665/4522 6901/7666/4523 6902/7667/4524
f 6902/7667/4524 6903/7668/4525 6900/7665/4522
f 6902/7667/4524 6904/7669/4526 6905/7670/4527
f 6894/7659/4516 6906/7671/4528 6907/7672/4529
f 6907/7672/4529 6895/7660/4517 6894/7659/4516
f 6907/7672/4529 6892/7657/4514 6908/7673/4530
f 6908/7673/4530 6895/7660/4517 6907/7672/4529
f 6900/7665/4522 6909/7674/4531 6910/7675/4532
f 6910/7675/4532 6901/7666/4523 6900/7665/4522
f 6910/7675/4532 6898/7663/4520 6911/7676/4533
f 6911/7676/4533 6901/7666/4523 6910/7675/4532
f 6912/7677/4534 6913/7678/4535 6914/7679/4536
f 6914/7679/4536 6915/7680/4537 6912/7677/4534
f 6914/7679/4536 6904/7669/4526 6916/7681/4538
f 6916/7681/4538 6915/7680/4537 6914/7679/4536
f 6912/7677/4534 6915/7680/4537 6917/7682/4539
f 6917/7682/4539 6918/7683/4540 6912/7677/4534
f 6917/7682/4539 6919/7684/4541 6920/7685/4542
f 6921/7686/4543 6922/7687/4544 6923/7688/4545
f 6923/7688/4545 6924/7689/4546 6921/7686/4543
f 6923/7688/4545 6919/7684/4541 6925/7690/4547
f 6925/7690/4547 6924/7689/4546 6923/7688/4545
f 6921/7686/4543 6924/7689/4546 6926/7691/4548
f 6926/7691/4548 6927/7692/4549 6921/7686/4543
f 6926/7691/4548 6928/7693/4550 6929/7694/4551
f 6930/7695/4552 6931/7696/4553 6932/7697/4554
f 6932/7697/4554 6933/7698/4555 6930/7695/4552
f 6932/7697/4554 6928/7693/4550 6934/7699/4556
f 6934/7699/4556 6933/7698/4555 6932/7697/4554
f 6930/7695/4552 6933/7698/4555 6935/7700/4557
f 6935/7700/4557 6936/7701/4558 6930/7695/4552
f 6935/7700/4557 6879/7644/4501 6937/7702/4559
f 6938/7703/4560 6939/7704/2719 6940/7705/4561
f 6940/7705/4561 6939/7704/2719 6941/7706/4562
f 6941/7706/4562 6939/7704/2719 6942/7707/4563
f 6942/7707/4563 6939/7704/2719 6943/7708/4564
f 6944/7709/4565 6939/7704/2719 6945/7710/4566
f 6946/7711/4567 6939/7704/2719 6947/7712/4568
f 6943/7708/4564 6939/7704/2719 6944/7709/4565
f 6945/7710/4566 6939/7704/2719 6946/7711/4567
f 6947/7712/4568 6939/7704/2719 6948/7713/4569
f 6948/7713/4569 6939/7704/2719 6949/7714/4570
f 6949/7714/4570 6939/7704/2719 6950/7715/4571
f 6950/7715/4571 6939/7704/2719 6951/7716/4572
f 6951/7716/4572 6939/7704/2719 6952/7717/4573
f 6952/7717/4573 6939/7704/2719 6938/7703/4560
f 6877/7642/4499 6937/7702/4559 6879/7644/4501
f 6881/7646/4503 6878/7643/4500 6880/7645/4502
f 6880/7645/4502 6883/7648/4505 6881/7646/4503
f 6887/7652/4509 6884/7649/4506 6883/7648/4505
f 6890/7655/4512 6888/7653/4510 6889/7654/4511
f 6889/7654/4511 6892/7657/4514 6890/7655/4512
f 6896/7661/4518 6895/7660/4517 6908/7673/4530
f 6908/7673/4530 6898/7663/4520 6896/7661/4518
f 6902/7667/4524 6901/7666/4523 6911/7676/4533
f 6911/7676/4533 6904/7669/4526 6902/7667/4524
f 6907/7672/4529 6893/7658/4515 6892/7657/4514
f 6910/7675/4532 6899/7664/4521 6898/7663/4520
f 6914/7679/4536 6905/7670/4527 6904/7669/4526
f 6917/7682/4539 6915/7680/4537 6916/7681/4538
f 6916/7681/4538 6919/7684/4541 6917/7682/4539
f 6923/7688/4545 6920/7685/4542 6919/7684/4541
f 6926/7691/4548 6924/7689/4546 6925/7690/4547
f 6925/7690/4547 6928/7693/4550 6926/7691/4548
f 6932/7697/4554 6929/7694/4551 6928/7693/4550
f 6935/7700/4557 6933/7698/4555 6934/7699/4556
f 6934/7699/4556 6879/7644/4501 6935/7700/4557
s 0
f 6953/7718/4574 6954/7719/4574 6955/7720/4574
f 6955/7720/4574 6956/7721/4574 6953/7718/4574
s 1
f 6957/7722/4575 6958/7723/4576 6959/7724/4576
f 6959/7724/4576 6960/7725/4575 6957/7722/4575
s 0
f 6961/7726/4577 6962/7727/4577 6963/7728/4577
f 6963/7728/4577 6964/7729/4577 6961/7726/4577
s 1
f 6965/7730/4578 6966/7731/4579 6967/7732/4579
f 6967/7732/4579 6968/7733/4578 6965/7730/4578
s 0
f 6969/7734/4580 6970/7735/4580 6971/7736/4580
f 6971/7736/4580 6972/7737/4580 6969/7734/4580
s 1
f 6966/7731/4579 6973/7738/4581 6974/7739/4581
f 6974/7739/4581 6967/7732/4579 6966/7731/4579
s 0
f 6975/7740/4582 6976/7741/4582 6977/7742/4582
f 6977/7742/4582 6978/7743/4582 6975/7740/4582
s 1
f 6979/7744/4583 6980/7745/4584 6981/7746/4584
f 6981/7746/4584 6982/7747/4583 6979/7744/4583
s 0
f 6983/7748/4585 6984/7749/4585 6985/7750/4585
f 6985/7750/4585 6986/7751/4585 6983/7748/4585
s 1
f 6987/7752/4586 6988/7753/4587 6989/7754/4587
f 6989/7754/4587 6990/7755/4586 6987/7752/4586
s 0
f 6991/7756/4588 6992/7757/4588 6993/7758/4588
f 6993/7758/4588 6994/7759/4588 6991/7756/4588
s 1
f 6995/7760/4589 6996/7761/1080 6997/7762/1080
f 6997/7762/1080 6998/7763/4589 6995/7760/4589
s 0
f 6999/7764/4590 7000/7765/4590 7001/7766/4590
f 7001/7766/4590 7002/7767/4590 6999/7764/4590
s 1
f 6980/7745/4584 7003/7768/4591 7004/7769/4591
f 7004/7769/4591 6981/7746/4584 6980/7745/4584
s 0
f 7005/7770/4592 7006/7771/4592 7007/7772/4592
f 7007/7772/4592 7008/7773/4592 7005/7770/4592
s 1
f 6988/7774/4587 7009/7775/4593 7010/7776/4593
f 7010/7776/4593 6989/7777/4587 6988/7774/4587
s 0
f 7011/7778/4594 7012/7779/4594 7013/7780/4594
f 7013/7780/4594 7014/7781/4594 7011/7778/4594
s 1
f 6996/7761/1080 7015/7782/4595 7016/7783/4595
f 7016/7783/4595 6997/7762/1080 6996/7761/1080
s 0
f 7017/7784/4596 7018/7785/4596 7019/7786/4596
f 7019/7786/4596 7020/7787/4596 7017/7784/4596
s 1
f 7021/7137/4597 7022/7788/4598 7023/7789/4598
f 7023/7789/4598 7024/7790/4597 7021/7137/4597
s 0
f 7025/7791/4599 7026/7792/4599 7027/7793/4599
f 7027/7793/4599 7028/7794/4599 7025/7791/4599
s 1
f 7022/7795/4598 7029/7796/4600 7030/7797/4600
f 7030/7797/4600 7023/7798/4598 7022/7795/4598
s 0
f 7031/7799/4601 7032/7800/4601 7033/7801/4601
f 7033/7801/4601 7034/7802/4601 7031/7799/4601
s 1
f 7035/7803/4602 7036/7804/4603 7037/7805/4603
f 7037/7805/4603 7038/7806/4602 7035/7803/4602
f 7039/7807/4604 7040/7808/4604 7041/7809/4604
s 0
f 7041/7809/4604 7042/7810/4604 7039/7807/4604
s 1
f 7036/7804/4603 7043/7811/4605 7044/7812/4605
f 7044/7812/4605 7037/7805/4603 7036/7804/4603
s 0
f 7045/7813/4606 7046/7814/4606 7047/7815/4606
f 7047/7815/4606 7048/7816/4606 7045/7813/4606
s 1
f 7049/7817/4607 6957/7722/4575 6960/7725/4575
f 6960/7725/4575 7050/7818/4607 7049/7817/4607
f 7051/7819/4254 7052/7820/4255 7053/7821/4255
f 7053/7821/4255 7054/7822/4254 7051/7819/4254
f 7052/7820/4255 7055/7823/4494 7056/7824/4494
f 7056/7824/4494 7053/7821/4255 7052/7820/4255
f 7055/7823/4494 7057/7825/4257 7058/7826/4608
f 7058/7826/4608 7056/7824/4494 7055/7823/4494
f 7057/7825/4257 7059/7827/4258 7060/7828/4258
f 7060/7828/4258 7058/7826/4608 7057/7825/4257
f 7059/7827/4258 7061/7829/4259 7062/7830/4259
f 7062/7830/4259 7060/7828/4258 7059/7827/4258
f 7061/7829/4259 7063/7831/4260 7064/7832/4260
f 7064/7832/4260 7062/7830/4259 7061/7829/4259
f 7063/7831/4260 7065/7833/4261 7066/7834/4261
f 7066/7834/4261 7064/7832/4260 7063/7831/4260
f 7065/7833/4261 7067/7835/4263 7068/7836/4263
f 7068/7836/4263 7066/7834/4261 7065/7833/4261
f 7067/7835/4263 7069/7837/4264 7070/7838/4264
f 7070/7838/4264 7068/7836/4263 7067/7835/4263
f 7069/7837/4264 7071/7839/4265 7072/7840/4265
f 7072/7840/4265 7070/7838/4264 7069/7837/4264
f 7071/7839/4265 7073/7841/4266 7074/7842/4266
f 7074/7842/4266 7072/7840/4265 7071/7839/4265
f 7073/7841/4266 7075/7843/4609 7076/7844/4609
f 7076/7844/4609 7074/7842/4266 7073/7841/4266
f 7075/7843/4609 7077/7845/4268 7078/7846/4268
f 7078/7846/4268 7076/7844/4609 7075/7843/4609
f 7077/7845/4268 7079/7847/4269 7080/7848/4269
f 7080/7848/4269 7078/7846/4268 7077/7845/4268
f 7079/7847/4269 7081/7849/4270 7082/7850/4270
f 7082/7850/4270 7080/7848/4269 7079/7847/4269
f 7083/7849/4270 7084/7851/4271 7085/7852/4271
f 7085/7852/4271 7086/7850/4270 7083/7849/4270
f 7084/7851/4271 7087/7853/4610 7088/7854/4610
f 7088/7854/4610 7085/7852/4271 7084/7851/4271
f 7087/7853/4610 7089/7855/4611 7090/7856/4611
f 7090/7856/4611 7088/7854/4610 7087/7853/4610
f 7089/7855/4611 7091/7857/4274 7092/7858/4274
f 7092/7858/4274 7090/7856/4611 7089/7855/4611
f 7091/7857/4274 7051/7819/4254 7054/7822/4254
f 7054/7822/4254 7092/7858/4274 7091/7857/4274
f 7093/7859/4612 7094/7860/4613 7095/7861/4613
f 7095/7861/4613 7096/7862/4612 7093/7859/4612
f 7094/7860/4613 7097/7863/4614 7098/7864/4614
f 7098/7864/4614 7095/7861/4613 7094/7860/4613
f 7097/7865/4614 7099/7866/4615 7100/7867/4615
f 7100/7867/4615 7098/7868/4614 7097/7865/4614
f 7099/7866/4615 7101/7869/4616 7102/7870/4616
f 7102/7870/4616 7100/7867/4615 7099/7866/4615
f 7101/7869/4616 7103/7871/4617 7104/7872/4617
f 7104/7872/4617 7102/7870/4616 7101/7869/4616
f 7103/7871/4617 7105/7873/4618 7106/7874/4618
f 7106/7874/4618 7104/7872/4617 7103/7871/4617
f 7105/7873/4618 7107/7875/4619 7108/7876/4619
f 7108/7876/4619 7106/7874/4618 7105/7873/4618
f 7107/7877/4619 7109/7878/4620 7110/7879/4620
f 7110/7879/4620 7108/7880/4619 7107/7877/4619
f 7109/7878/4620 7111/7881/4621 7112/7882/4621
f 7112/7882/4621 7110/7879/4620 7109/7878/4620
f 7111/7881/4621 7113/7883/4622 7114/7884/4622
f 7114/7884/4622 7112/7882/4621 7111/7881/4621
f 7113/7883/4622 7115/7885/4623 7116/7886/4623
f 7116/7886/4623 7114/7884/4622 7113/7883/4622
f 7115/7885/4623 7117/7887/4624 7118/7888/4624
f 7118/7888/4624 7116/7886/4623 7115/7885/4623
f 7117/7889/4624 7119/7890/4625 7120/7891/4625
f 7120/7891/4625 7118/7892/4624 7117/7889/4624
f 7119/7890/4625 7121/7893/4626 7122/7894/4626
f 7122/7894/4626 7120/7891/4625 7119/7890/4625
f 7121/7893/4626 7123/7895/4627 7124/7896/4627
f 7124/7896/4627 7122/7894/4626 7121/7893/4626
f 7125/7897/4627 7126/7898/4628 7127/7899/4628
f 7127/7899/4628 7128/7900/4627 7125/7897/4627
f 7126/7898/4628 7129/7901/4629 7130/7902/4629
f 7130/7902/4629 7127/7899/4628 7126/7898/4628
f 7129/7903/4629 7131/7904/4630 7132/7905/4630
f 7132/7905/4630 7130/7906/4629 7129/7903/4629
f 7131/7904/4630 7133/7907/4631 7134/7908/4631
f 7134/7908/4631 7132/7905/4630 7131/7904/4630
f 7133/7907/4631 7093/7859/4612 7096/7862/4612
f 7096/7862/4612 7134/7908/4631 7133/7907/4631
f 7135/7909/4214 7136/7910/4215 7137/7911/4215
f 7137/7911/4215 7138/7912/4214 7135/7909/4214
f 7136/7910/4215 7139/7913/4216 7140/7914/4216
f 7140/7914/4216 7137/7911/4215 7136/7910/4215
f 7139/7913/4216 7141/7915/4217 7142/7916/4217
f 7142/7916/4217 7140/7914/4216 7139/7913/4216
f 7141/7915/4217 7143/7917/4218 7144/7918/4218
f 7144/7918/4218 7142/7916/4217 7141/7915/4217
f 7143/7917/4218 7145/7919/4219 7146/7920/4219
f 7146/7920/4219 7144/7918/4218 7143/7917/4218
f 7145/7919/4219 7147/7921/4220 7148/7922/4220
f 7148/7922/4220 7146/7920/4219 7145/7919/4219
f 7147/7921/4220 7149/7923/4221 7150/7924/4221
f 7150/7924/4221 7148/7922/4220 7147/7921/4220
f 7149/7923/4221 7151/7925/4222 7152/7926/4222
f 7152/7926/4222 7150/7924/4221 7149/7923/4221
f 7151/7925/4222 7153/7927/4223 7154/7928/4223
f 7154/7928/4223 7152/7926/4222 7151/7925/4222
f 7153/7927/4223 7155/7929/4224 7156/7930/4224
f 7156/7930/4224 7154/7928/4223 7153/7927/4223
f 7155/7929/4224 7157/7931/4225 7158/7932/4225
f 7158/7932/4225 7156/7930/4224 7155/7929/4224
f 7157/7931/4225 7159/7933/4226 7160/7934/4226
f 7160/7934/4226 7158/7932/4225 7157/7931/4225
f 7159/7933/4226 7161/7935/4491 7162/7936/4491
f 7162/7936/4491 7160/7934/4226 7159/7933/4226
f 7161/7935/4491 7163/7937/4228 7164/7938/4228
f 7164/7938/4228 7162/7936/4491 7161/7935/4491
f 7163/7937/4228 7165/7939/4229 7166/7940/4229
f 7166/7940/4229 7164/7938/4228 7163/7937/4228
f 7167/7939/4229 7168/7941/4230 7169/7942/4230
f 7169/7942/4230 7170/7940/4229 7167/7939/4229
f 7168/7941/4230 7171/7943/4231 7172/7944/4231
f 7172/7944/4231 7169/7942/4230 7168/7941/4230
f 7171/7943/4231 7173/7945/4232 7174/7946/4493
f 7174/7946/4493 7172/7944/4231 7171/7943/4231
f 7173/7945/4232 7175/7947/4233 7176/7948/4233
f 7176/7948/4233 7174/7946/4493 7173/7945/4232
f 7175/7947/4233 7135/7909/4214 7138/7912/4214
f 7138/7912/4214 7176/7948/4233 7175/7947/4233
f 7177/7949/4632 7178/7950/4633 7179/7951/4633
f 7179/7951/4633 7180/7952/4632 7177/7949/4632
f 7178/7950/4633 7181/3682/4634 7182/7953/4634
f 7182/7953/4634 7179/7951/4633 7178/7950/4633
f 7181/7954/4634 7183/7955/4635 7184/7956/4635
f 7184/7956/4635 7182/7957/4634 7181/7954/4634
f 7183/7955/4635 7185/7958/4636 7186/7959/4636
f 7186/7959/4636 7184/7956/4635 7183/7955/4635
f 7185/7958/4636 7187/7960/4637 7188/7961/4637
f 7188/7961/4637 7186/7959/4636 7185/7958/4636
f 7187/7960/4637 7189/7962/4638 7190/7963/4638
f 7190/7963/4638 7188/7961/4637 7187/7960/4637
f 7189/7962/4638 7191/7964/4639 7192/7965/4639
f 7192/7965/4639 7190/7963/4638 7189/7962/4638
f 7191/7964/4639 7193/7966/4640 7194/7967/4640
f 7194/7967/4640 7192/7965/4639 7191/7964/4639
f 7193/7968/4640 7195/7969/4641 7196/7970/4641
f 7196/7970/4641 7194/7971/4640 7193/7968/4640
f 7195/7969/4641 7197/7972/4642 7198/7973/4642
f 7198/7973/4642 7196/7970/4641 7195/7969/4641
f 7197/7972/4642 7199/7974/4643 7200/7975/4643
f 7200/7975/4643 7198/7973/4642 7197/7972/4642
f 7199/7974/4643 7201/7976/4644 7202/7977/4644
f 7202/7977/4644 7200/7975/4643 7199/7974/4643
f 7201/7976/4644 7203/7978/4645 7204/7979/4645
f 7204/7979/4645 7202/7977/4644 7201/7976/4644
f 7203/7980/4645 7205/7981/4646 7206/7982/4646
f 7206/7982/4646 7204/7983/4645 7203/7980/4645
f 7205/7981/4646 7207/7984/4647 7208/7985/4647
f 7208/7985/4647 7206/7982/4646 7205/7981/4646
f 7209/7986/4647 7210/7987/4648 7211/7988/4648
f 7211/7988/4648 7212/7989/4647 7209/7986/4647
f 7210/7987/4648 7213/7990/4649 7214/7991/4649
f 7214/7991/4649 7211/7988/4648 7210/7987/4648
f 7213/7990/4649 7215/7992/4650 7216/7993/4650
f 7216/7993/4650 7214/7991/4649 7213/7990/4649
f 7215/7994/4650 7217/7995/4651 7218/7996/4651
f 7218/7996/4651 7216/7997/4650 7215/7994/4650
f 7217/7995/4651 7177/7949/4632 7180/7952/4632
f 7180/7952/4632 7218/7996/4651 7217/7995/4651
f 7219/7998/4421 7220/7999/4420 7221/8000/4422
f 7221/8000/4422 7222/8001/4423 7219/7998/4421
f 7223/8002/4419 7224/8003/4418 7220/7999/4420
f 7220/7999/4420 7219/7998/4421 7223/8002/4419
f 7225/8004/4417 7226/8005/4416 7224/8003/4418
f 7224/8003/4418 7223/8002/4419 7225/8004/4417
f 7227/8006/4415 7228/8007/4414 7226/8005/4416
f 7226/8005/4416 7225/8004/4417 7227/8006/4415
f 7229/8008/4413 7230/8009/4412 7228/8007/4414
f 7228/8007/4414 7227/8006/4415 7229/8008/4413
f 7231/8010/4411 7232/8011/4410 7230/8009/4412
f 7230/8009/4412 7229/8008/4413 7231/8010/4411
f 7233/8012/4409 7234/8013/4408 7232/8011/4410
f 7232/8011/4410 7231/8010/4411 7233/8012/4409
f 7235/8014/4407 7236/8015/4406 7234/8013/4408
f 7234/8013/4408 7233/8012/4409 7235/8014/4407
f 7237/8016/4404 7238/8017/4403 7236/8015/4406
f 7236/8015/4406 7235/8014/4407 7237/8016/4404
f 7239/8018/4405 7240/8019/4402 7238/8017/4403
f 7238/8017/4403 7237/8016/4404 7239/8018/4405
f 7241/8020/4441 7242/8021/4440 7240/8019/4402
f 7240/8019/4402 7239/8018/4405 7241/8020/4441
f 7243/8022/4439 7244/8023/4438 7242/8021/4440
f 7242/8021/4440 7241/8020/4441 7243/8022/4439
f 7245/8024/4437 7246/8025/4436 7244/8023/4438
f 7244/8023/4438 7243/8022/4439 7245/8024/4437
f 7247/8026/4435 7248/8027/4434 7246/8025/4436
f 7246/8025/4436 7245/8024/4437 7247/8026/4435
f 7249/8028/4433 7250/8029/4432 7248/8027/4434
f 7248/8027/4434 7247/8026/4435 7249/8028/4433
f 7251/8030/4431 7252/8031/4430 7250/8029/4432
f 7250/8029/4432 7249/8028/4433 7251/8030/4431
f 7253/8032/4429 7254/8033/4428 7252/8031/4430
f 7252/8031/4430 7251/8030/4431 7253/8032/4429
f 7255/8034/4427 7256/8035/4426 7254/8033/4428
f 7254/8033/4428 7253/8032/4429 7255/8034/4427
f 7257/8036/4425 7258/8037/4424 7256/8035/4426
f 7256/8035/4426 7255/8034/4427 7257/8036/4425
f 7222/8001/4423 7221/8000/4422 7258/8037/4424
f 7258/8037/4424 7257/8036/4425 7222/8001/4423
f 7222/8038/4423 7259/8039/4389 7260/8040/4449
f 7260/8040/4449 7219/8041/4421 7222/8038/4423
f 7219/8041/4421 7260/8040/4449 7261/8042/4448
f 7261/8042/4448 7223/8043/4419 7219/8041/4421
f 7223/8043/4419 7261/8042/4448 7262/8044/4447
f 7262/8044/4447 7225/8045/4417 7223/8043/4419
f 7225/8046/4417 7262/8047/4447 7263/8048/4446
f 7263/8048/4446 7227/8049/4415 7225/8046/4417
f 7227/8049/4415 7263/8048/4446 7264/8050/4445
f 7264/8050/4445 7229/8051/4413 7227/8049/4415
f 7229/8051/4413 7264/8050/4445 7265/8052/4381
f 7265/8052/4381 7231/8053/4411 7229/8051/4413
f 7231/8053/4411 7265/8052/4381 7266/8054/4444
f 7266/8054/4444 7233/8055/4409 7231/8053/4411
f 7233/8012/4409 7266/8056/4444 7267/8057/4443
f 7267/8057/4443 7235/8014/4407 7233/8012/4409
f 7235/8058/4407 7267/8059/4443 7268/8060/4442
f 7268/8060/4442 7237/8061/4404 7235/8058/4407
f 7237/8061/4404 7268/8060/4442 7269/8062/4376
f 7269/8062/4376 7239/8063/4405 7237/8061/4404
f 7239/8063/4405 7269/8062/4376 7270/8064/4454
f 7270/8064/4454 7241/8065/4441 7239/8063/4405
f 7241/8065/4441 7270/8064/4454 7271/8066/4399
f 7271/8066/4399 7243/8067/4439 7241/8065/4441
f 7243/8068/4439 7271/8069/4399 7272/8070/4453
f 7272/8070/4453 7245/8071/4437 7243/8068/4439
f 7245/8071/4437 7272/8070/4453 7273/8072/4397
f 7273/8072/4397 7247/8073/4435 7245/8071/4437
f 7247/8073/4435 7273/8072/4397 7274/8074/4452
f 7274/8074/4452 7249/8075/4433 7247/8073/4435
f 7249/8075/4433 7274/8074/4452 7275/8076/4393
f 7275/8076/4393 7251/8077/4431 7249/8075/4433
f 7251/8077/4431 7275/8076/4393 7276/8078/4392
f 7276/8078/4392 7253/8079/4429 7251/8077/4431
f 7253/8080/4429 7276/8081/4392 7277/8082/4451
f 7277/8082/4451 7255/8083/4427 7253/8080/4429
f 7255/8083/4427 7277/8082/4451 7278/8084/4450
f 7278/8084/4450 7257/8085/4425 7255/8083/4427
f 7257/8085/4425 7278/8084/4450 7259/8039/4389
f 7259/8039/4389 7222/8038/4423 7257/8085/4425
f 7279/8086/4464 7280/8087/4465 7221/8000/4422
f 7221/8000/4422 7220/7999/4420 7279/8086/4464
f 7281/8088/4463 7279/8086/4464 7220/7999/4420
f 7220/7999/4420 7224/8003/4418 7281/8088/4463
f 7282/8089/4462 7281/8088/4463 7224/8003/4418
f 7224/8003/4418 7226/8005/4416 7282/8089/4462
f 7283/8090/4461 7282/8089/4462 7226/8005/4416
f 7226/8005/4416 7228/8007/4414 7283/8090/4461
f 7284/8091/4460 7283/8090/4461 7228/8007/4414
f 7228/8007/4414 7230/8009/4412 7284/8091/4460
f 7285/8092/4459 7284/8091/4460 7230/8009/4412
f 7230/8009/4412 7232/8011/4410 7285/8092/4459
f 7286/8093/4458 7285/8092/4459 7232/8011/4410
f 7232/8011/4410 7234/8013/4408 7286/8093/4458
f 7287/8094/4457 7286/8093/4458 7234/8013/4408
f 7234/8013/4408 7236/8015/4406 7287/8094/4457
f 7288/8095/4456 7287/8094/4457 7236/8015/4406
f 7236/8015/4406 7238/8017/4403 7288/8095/4456
f 7289/8096/4455 7288/8095/4456 7238/8017/4403
f 7238/8017/4403 7240/8019/4402 7289/8096/4455
f 7290/8097/4474 7289/8096/4455 7240/8019/4402
f 7240/8019/4402 7242/8021/4440 7290/8097/4474
f 7291/8098/4473 7290/8097/4474 7242/8021/4440
f 7242/8021/4440 7244/8023/4438 7291/8098/4473
f 7292/8099/4472 7291/8098/4473 7244/8023/4438
f 7244/8023/4438 7246/8025/4436 7292/8099/4472
f 7293/8100/4471 7292/8099/4472 7246/8025/4436
f 7246/8025/4436 7248/8027/4434 7293/8100/4471
f 7294/8101/4470 7293/8100/4471 7248/8027/4434
f 7248/8027/4434 7250/8029/4432 7294/8101/4470
f 7295/8102/4469 7294/8101/4470 7250/8029/4432
f 7250/8029/4432 7252/8031/4430 7295/8102/4469
f 7296/8103/4468 7295/8102/4469 7252/8031/4430
f 7252/8031/4430 7254/8033/4428 7296/8103/4468
f 7297/8104/4467 7296/8103/4468 7254/8033/4428
f 7254/8033/4428 7256/8035/4426 7297/8104/4467
f 7298/8105/4466 7297/8104/4467 7256/8035/4426
f 7256/8035/4426 7258/8037/4424 7298/8105/4466
f 7280/8087/4465 7298/8105/4466 7258/8037/4424
f 7258/8037/4424 7221/8000/4422 7280/8087/4465
f 7299/8106/4449 7300/8107/4652 7301/8108/4345
f 7301/8108/4345 7302/8109/4653 7299/8106/4449
f 7303/8110/4448 7299/8106/4449 7302/8109/4653
f 7302/8109/4653 7304/8111/4385 7303/8110/4448
f 7305/8112/4382 7306/8113/4654 7307/8114/4341
f 7307/8114/4341 7308/8115/4379 7305/8112/4382
f 7309/8116/4381 7310/8117/4382 7311/8118/4379
f 7311/8118/4379 7312/8119/4655 7309/8116/4381
f 7313/8120/4444 7309/8116/4381 7312/8119/4655
f 7312/8119/4655 7314/8121/4475 7313/8120/4444
f 7315/8122/4378 7313/8123/4444 7314/8124/4475
f 7314/8124/4475 7316/8125/4656 7315/8122/4378
f 7317/8126/4376 7318/8127/4657 7319/8128/4336
f 7319/8128/4336 7320/8129/4335 7317/8126/4376
f 7321/8130/4454 7317/8126/4376 7320/8129/4335
f 7320/8129/4335 7322/8131/4658 7321/8130/4454
f 7323/8132/4659 7324/8133/4352 7325/8134/4351
f 7325/8134/4351 7326/8135/4660 7323/8132/4659
f 7327/8136/4396 7326/8135/4660 7325/8134/4351
f 7325/8134/4351 7328/8137/4395 7327/8136/4396
f 7329/8138/4661 7330/8139/4396 7331/8140/4395
f 7331/8140/4395 7332/8141/4662 7329/8138/4661
f 7333/8142/4392 7334/8143/4663 7335/8144/4347
f 7335/8144/4347 7336/8145/4664 7333/8142/4392
f 7337/8146/4450 7338/8147/4665 7301/8108/4345
f 7301/8108/4345 7300/8107/4652 7337/8146/4450
f 7339/8148/4316 7340/8149/4314 7341/8150/4313
f 7341/8150/4313 7342/8151/4315 7339/8148/4316
f 7340/8149/4314 7343/8152/4312 7344/8153/4311
f 7344/8153/4311 7341/8150/4313 7340/8149/4314
f 7343/8152/4312 7345/8154/4310 7346/8155/4309
f 7346/8155/4309 7344/8153/4311 7343/8152/4312
f 7345/8154/4310 7347/8156/4308 7348/8157/4307
f 7348/8157/4307 7346/8155/4309 7345/8154/4310
f 7347/8156/4308 7349/8158/4306 7350/8159/4305
f 7350/8159/4305 7348/8157/4307 7347/8156/4308
f 7349/8158/4306 7351/8160/4304 7352/8161/4303
f 7352/8161/4303 7350/8159/4305 7349/8158/4306
f 7351/8160/4304 7353/8162/4302 7354/8163/4301
f 7354/8163/4301 7352/8161/4303 7351/8160/4304
f 7353/8162/4302 7355/8164/4300 7356/8165/4299
f 7356/8165/4299 7354/8163/4301 7353/8162/4302
f 7355/8164/4300 7357/8166/4296 7358/8167/4295
f 7358/8167/4295 7356/8165/4299 7355/8164/4300
f 7357/8166/4296 7359/8168/4297 7360/8169/4298
f 7360/8169/4298 7358/8167/4295 7357/8166/4296
f 7359/8168/4297 7361/8170/4334 7362/8171/4333
f 7362/8171/4333 7360/8169/4298 7359/8168/4297
f 7361/8170/4334 7363/8172/4332 7364/8173/4331
f 7364/8173/4331 7362/8171/4333 7361/8170/4334
f 7363/8172/4332 7365/8174/4330 7366/8175/4329
f 7366/8175/4329 7364/8173/4331 7363/8172/4332
f 7365/8174/4330 7367/8176/4328 7368/8177/4327
f 7368/8177/4327 7366/8175/4329 7365/8174/4330
f 7367/8176/4328 7369/8178/4326 7370/8179/4325
f 7370/8179/4325 7368/8177/4327 7367/8176/4328
f 7369/8178/4326 7371/8180/4324 7372/8181/4323
f 7372/8181/4323 7370/8179/4325 7369/8178/4326
f 7371/8180/4324 7373/8182/4322 7374/8183/4321
f 7374/8183/4321 7372/8181/4323 7371/8180/4324
f 7373/8182/4322 7375/8184/4320 7376/8185/4319
f 7376/8185/4319 7374/8183/4321 7373/8182/4322
f 7375/8184/4320 7377/8186/4318 7378/8187/4317
f 7378/8187/4317 7376/8185/4319 7375/8184/4320
f 7377/8186/4318 7339/8148/4316 7342/8151/4315
f 7342/8151/4315 7378/8187/4317 7377/8186/4318
f 7342/8188/4315 7341/8189/4313 7379/8190/4344
f 7379/8190/4344 7380/8191/4345 7342/8188/4315
f 7341/8189/4313 7344/8192/4311 7381/8193/4343
f 7381/8193/4343 7379/8190/4344 7341/8189/4313
f 7344/8194/4311 7346/8195/4309 7382/8196/4342
f 7382/8196/4342 7381/8197/4343 7344/8194/4311
f 7346/8195/4309 7348/8198/4307 7383/8199/4341
f 7383/8199/4341 7382/8196/4342 7346/8195/4309
f 7348/8198/4307 7350/8200/4305 7384/8201/4340
f 7384/8201/4340 7383/8199/4341 7348/8198/4307
f 7350/8200/4305 7352/8202/4303 7385/8203/4339
f 7385/8203/4339 7384/8201/4340 7350/8200/4305
f 7352/8202/4303 7354/8204/4301 7386/8205/4338
f 7386/8205/4338 7385/8203/4339 7352/8202/4303
f 7354/8206/4301 7356/8207/4299 7387/8208/4337
f 7387/8208/4337 7386/8209/4338 7354/8206/4301
f 7356/8207/4299 7358/8210/4295 7388/8211/4336
f 7388/8211/4336 7387/8208/4337 7356/8207/4299
f 7358/8210/4295 7360/8212/4298 7389/8213/4335
f 7389/8213/4335 7388/8211/4336 7358/8210/4295
f 7360/8212/4298 7362/8214/4333 7390/8215/4354
f 7390/8215/4354 7389/8213/4335 7360/8212/4298
f 7362/8214/4333 7364/8216/4331 7391/8217/4353
f 7391/8217/4353 7390/8215/4354 7362/8214/4333
f 7364/8216/4331 7366/8218/4329 7392/8219/4352
f 7392/8219/4352 7391/8217/4353 7364/8216/4331
f 7366/8220/4329 7368/8221/4327 7393/8222/4351
f 7393/8222/4351 7392/8223/4352 7366/8220/4329
f 7368/8221/4327 7370/8224/4325 7394/8225/4350
f 7394/8225/4350 7393/8222/4351 7368/8221/4327
f 7370/8224/4325 7372/8226/4323 7395/8227/4349
f 7395/8227/4349 7394/8225/4350 7370/8224/4325
f 7372/8226/4323 7374/8228/4321 7396/8229/4348
f 7396/8229/4348 7395/8227/4349 7372/8226/4323
f 7374/8228/4321 7376/8230/4319 7397/8231/4347
f 7397/8231/4347 7396/8229/4348 7374/8228/4321
f 7376/8232/4319 7378/8233/4317 7398/8234/4346
f 7398/8234/4346 7397/8235/4347 7376/8232/4319
f 7378/8233/4317 7342/8188/4315 7380/8191/4345
f 7380/8191/4345 7398/8234/4346 7378/8233/4317
f 7339/8148/4316 7399/8236/4365 7400/8237/4364
f 7400/8237/4364 7340/8149/4314 7339/8148/4316
f 7340/8149/4314 7400/8237/4364 7401/8238/4363
f 7401/8238/4363 7343/8152/4312 7340/8149/4314
f 7343/8152/4312 7401/8238/4363 7402/8239/4362
f 7402/8239/4362 7345/8154/4310 7343/8152/4312
f 7345/8154/4310 7402/8239/4362 7403/8240/4361
f 7403/8240/4361 7347/8156/4308 7345/8154/4310
f 7347/8156/4308 7403/8240/4361 7404/8241/4360
f 7404/8241/4360 7349/8158/4306 7347/8156/4308
f 7349/8158/4306 7404/8241/4360 7405/8242/4359
f 7405/8242/4359 7351/8160/4304 7349/8158/4306
f 7351/8160/4304 7405/8242/4359 7406/8243/4358
f 7406/8243/4358 7353/8162/4302 7351/8160/4304
f 7353/8162/4302 7406/8243/4358 7407/8244/4357
f 7407/8244/4357 7355/8164/4300 7353/8162/4302
f 7355/8164/4300 7407/8244/4357 7408/8245/4355
f 7408/8245/4355 7357/8166/4296 7355/8164/4300
f 7357/8166/4296 7408/8245/4355 7409/8246/4356
f 7409/8246/4356 7359/8168/4297 7357/8166/4296
f 7359/8168/4297 7409/8246/4356 7410/8247/4374
f 7410/8247/4374 7361/8170/4334 7359/8168/4297
f 7361/8170/4334 7410/8247/4374 7411/8248/4373
f 7411/8248/4373 7363/8172/4332 7361/8170/4334
f 7363/8172/4332 7411/8248/4373 7412/8249/4372
f 7412/8249/4372 7365/8174/4330 7363/8172/4332
f 7365/8174/4330 7412/8249/4372 7413/8250/4371
f 7413/8250/4371 7367/8176/4328 7365/8174/4330
f 7367/8176/4328 7413/8250/4371 7414/8251/4370
f 7414/8251/4370 7369/8178/4326 7367/8176/4328
f 7369/8178/4326 7414/8251/4370 7415/8252/4369
f 7415/8252/4369 7371/8180/4324 7369/8178/4326
f 7371/8180/4324 7415/8252/4369 7416/8253/4368
f 7416/8253/4368 7373/8182/4322 7371/8180/4324
f 7373/8182/4322 7416/8253/4368 7417/8254/4367
f 7417/8254/4367 7375/8184/4320 7373/8182/4322
f 7375/8184/4320 7417/8254/4367 7418/8255/4366
f 7418/8255/4366 7377/8186/4318 7375/8184/4320
f 7377/8186/4318 7418/8255/4366 7399/8236/4365
f 7399/8236/4365 7339/8148/4316 7377/8186/4318
f 7419/8256/4384 7303/8257/4448 7304/8258/4385
f 7304/8258/4385 7420/8259/4666 7419/8256/4384
f 7419/8256/4384 7420/8259/4666 7307/8114/4341
f 7307/8114/4341 7306/8113/4654 7419/8256/4384
f 7315/8122/4378 7316/8125/4656 7319/8128/4336
f 7319/8128/4336 7318/8127/4657 7315/8122/4378
f 7321/8130/4454 7322/8131/4658 7421/8260/4667
f 7421/8260/4667 7422/8261/4668 7321/8130/4454
f 7422/8262/4668 7421/8263/4667 7324/8133/4352
f 7324/8133/4352 7323/8132/4659 7422/8262/4668
f 7333/8142/4392 7329/8138/4661 7332/8141/4662
f 7332/8141/4662 7334/8143/4663 7333/8142/4392
f 7337/8146/4450 7336/8264/4664 7335/8265/4347
f 7335/8265/4347 7338/8147/4665 7337/8146/4450
f 7423/8266/4669 7424/8267/4670 7425/8268/2719
f 7424/8267/4670 7426/8269/4671 7425/8268/2719
f 7426/8269/4671 7427/8270/4672 7425/8268/2719
f 7427/8270/4672 7428/8271/4673 7425/8268/2719
f 7428/8271/4673 7429/8272/4674 7425/8268/2719
f 7429/8272/4674 7430/8273/4675 7425/8268/2719
f 7430/8273/4675 7431/8274/4676 7425/8268/2719
f 7431/8274/4676 7432/8275/4677 7425/8268/2719
f 7432/8275/4677 7433/8276/4678 7425/8268/2719
f 7433/8276/4678 7434/8277/4679 7425/8268/2719
f 7434/8277/4679 7435/8278/4680 7425/8268/2719
f 7435/8278/4680 7423/8266/4669 7425/8268/2719
f 7436/8279/4497 7437/8280/4498 7438/8281/4499
f 7438/8281/4499 7439/8282/4500 7436/8279/4497
f 7438/8281/4499 7440/8283/4501 7441/8284/4502
f 7441/8284/4502 7439/8282/4500 7438/8281/4499
f 7436/8279/4497 7439/8282/4500 7442/8285/4503
f 7442/8285/4503 7443/8286/4504 7436/8279/4497
f 7442/8285/4503 7444/8287/4505 7445/8288/4506
f 7446/8289/4507 7447/8290/4508 7448/8291/4509
f 7448/8291/4509 7449/8292/4510 7446/8289/4507
f 7448/8291/4509 7444/8287/4505 7450/8293/4511
f 7450/8293/4511 7449/8292/4510 7448/8291/4509
f 7446/8289/4507 7449/8292/4510 7451/8294/4512
f 7451/8294/4512 7452/8295/4513 7446/8289/4507
f 7451/8294/4512 7453/8296/4514 7454/8297/4515
f 7455/8298/4516 7456/8299/4517 7457/8300/4518
f 7457/8300/4518 7458/8301/4519 7455/8298/4516
f 7457/8300/4518 7459/8302/4520 7460/8303/4521
f 7461/8304/4522 7462/8305/4681 7463/8306/4524
f 7463/8306/4524 7464/8307/4525 7461/8304/4522
f 7463/8306/4524 7465/8308/4526 7466/8309/4527
f 7455/8298/4516 7467/8310/4528 7468/8311/4529
f 7468/8311/4529 7456/8299/4517 7455/8298/4516
f 7468/8311/4529 7453/8296/4514 7469/8312/4530
f 7469/8312/4530 7456/8299/4517 7468/8311/4529
f 7461/8304/4522 7470/8313/4531 7471/8314/4532
f 7471/8314/4532 7462/8305/4681 7461/8304/4522
f 7471/8314/4532 7459/8302/4520 7472/8315/4533
f 7472/8315/4533 7462/8305/4681 7471/8314/4532
f 7473/8316/4534 7474/8317/4535 7475/8318/4536
f 7475/8318/4536 7476/8319/4537 7473/8316/4534
f 7475/8318/4536 7465/8308/4526 7477/8320/4538
f 7477/8320/4538 7476/8319/4537 7475/8318/4536
f 7473/8316/4534 7476/8319/4537 7478/8321/4539
f 7478/8321/4539 7479/8322/4540 7473/8316/4534
f 7478/8321/4539 7480/8323/4541 7481/8324/4542
f 7482/8325/4543 7483/8326/4544 7484/8327/4545
f 7484/8327/4545 7485/8328/4546 7482/8325/4543
f 7484/8327/4545 7480/8323/4541 7486/8329/4547
f 7486/8329/4547 7485/8328/4546 7484/8327/4545
f 7482/8325/4543 7485/8328/4546 7487/8330/4548
f 7487/8330/4548 7488/8331/4549 7482/8325/4543
f 7487/8330/4548 7489/8332/4550 7490/8333/4551
f 7491/8334/4552 7492/8335/4553 7493/8336/4554
f 7493/8336/4554 7494/8337/4555 7491/8334/4552
f 7493/8336/4554 7489/8332/4550 7495/8338/4556
f 7495/8338/4556 7494/8337/4555 7493/8336/4554
f 7491/8334/4552 7494/8337/4555 7496/8339/4557
f 7496/8339/4557 7497/8340/4558 7491/8334/4552
f 7496/8339/4557 7440/8283/4501 7498/8341/4559
f 7499/8342/4560 7500/8343/2719 7501/8344/4561
f 7501/8344/4561 7500/8343/2719 7502/8345/4562
f 7502/8345/4562 7500/8343/2719 7503/8346/4563
f 7503/8346/4563 7500/8343/2719 7504/8347/4564
f 7505/8348/4565 7500/8343/2719 7506/8349/4566
f 7507/8350/4567 7500/8343/2719 7508/8351/4568
f 7504/8347/4564 7500/8343/2719 7505/8348/4565
f 7506/8349/4566 7500/8343/2719 7507/8350/4567
f 7508/8351/4568 7500/8343/2719 7509/8352/4569
f 7509/8352/4569 7500/8343/2719 7510/8353/4570
f 7510/8353/4570 7500/8343/2719 7511/8354/4571
f 7511/8354/4571 7500/8343/2719 7512/8355/4572
f 7512/8355/4572 7500/8343/2719 7513/8356/4573
f 7513/8356/4573 7500/8343/2719 7499/8342/4560
f 7438/8281/4499 7498/8341/4559 7440/8283/4501
f 7442/8285/4503 7439/8282/4500 7441/8284/4502
f 7441/8284/4502 7444/8287/4505 7442/8285/4503
f 7448/8291/4509 7445/8288/4506 7444/8287/4505
f 7451/8294/4512 7449/8292/4510 7450/8293/4511
f 7450/8293/4511 7453/8296/4514 7451/8294/4512
f 7457/8300/4518 7456/8299/4517 7469/8312/4530
f 7469/8312/4530 7459/8302/4520 7457/8300/4518
f 7463/8306/4524 7462/8305/4681 7472/8315/4533
f 7472/8315/4533 7465/8308/4526 7463/8306/4524
f 7468/8311/4529 7454/8297/4515 7453/8296/4514
f 7471/8314/4532 7460/8303/4521 7459/8302/4520
f 7475/8318/4536 7466/8309/4527 7465/8308/4526
f 7478/8321/4539 7476/8319/4537 7477/8320/4538
f 7477/8320/4538 7480/8323/4541 7478/8321/4539
f 7484/8327/4545 7481/8324/4542 7480/8323/4541
f 7487/8330/4548 7485/8328/4546 7486/8329/4547
f 7486/8329/4547 7489/8332/4550 7487/8330/4548
f 7493/8336/4554 7490/8333/4551 7489/8332/4550
f 7496/8339/4557 7494/8337/4555 7495/8338/4556
f 7495/8338/4556 7440/8283/4501 7496/8339/4557
s 0
f 7514/8357/4574 7515/8358/4574 7516/8359/4574
f 7516/8359/4574 7517/8360/4574 7514/8357/4574
s 1
f 7518/8361/4575 7519/8362/4576 7520/8363/4576
f 7520/8363/4576 7521/8364/4575 7518/8361/4575
s 0
f 7522/8365/4577 7523/8366/4577 7524/8367/4577
f 7524/8367/4577 7525/8368/4577 7522/8365/4577
s 1
f 7526/8369/4578 7527/8370/4579 7528/8371/4579
f 7528/8371/4579 7529/8372/4578 7526/8369/4578
s 0
f 7530/8373/4580 7531/8374/4580 7532/8375/4580
f 7532/8375/4580 7533/8376/4580 7530/8373/4580
s 1
f 7527/8370/4579 7534/8377/4581 7535/8378/4581
f 7535/8378/4581 7528/8371/4579 7527/8370/4579
s 0
f 7536/8379/4582 7537/8380/4582 7538/8381/4582
f 7538/8381/4582 7539/8382/4582 7536/8379/4582
s 1
f 7540/8383/4583 7541/8384/4584 7542/8385/4584
f 7542/8385/4584 7543/8386/4583 7540/8383/4583
s 0
f 7544/8387/4585 7545/8388/4585 7546/8389/4585
f 7546/8389/4585 7547/8390/4585 7544/8387/4585
s 1
f 7548/8391/4586 7549/8392/4587 7550/8393/4587
f 7550/8393/4587 7551/8394/4586 7548/8391/4586
s 0
f 7552/8395/4588 7553/8396/4588 7554/8397/4588
f 7554/8397/4588 7555/8398/4588 7552/8395/4588
s 1
f 7556/8399/4589 7557/8400/1080 7558/8401/1080
f 7558/8401/1080 7559/8402/4589 7556/8399/4589
s 0
f 7560/8403/4590 7561/8404/4590 7562/8405/4590
f 7562/8405/4590 7563/8406/4590 7560/8403/4590
s 1
f 7541/8384/4584 7564/8407/4591 7565/8408/4591
f 7565/8408/4591 7542/8385/4584 7541/8384/4584
s 0
f 7566/8409/4592 7567/8410/4592 7568/8411/4592
f 7568/8411/4592 7569/8412/4592 7566/8409/4592
s 1
f 7549/8413/4587 7570/8414/4593 7571/8415/4593
f 7571/8415/4593 7550/8416/4587 7549/8413/4587
s 0
f 7572/8417/4594 7573/8418/4594 7574/8419/4594
f 7574/8419/4594 7575/8420/4594 7572/8417/4594
s 1
f 7557/8400/1080 7576/8421/4595 7577/8422/4595
f 7577/8422/4595 7558/8401/1080 7557/8400/1080
s 0
f 7578/8423/4596 7579/8424/4596 7580/8425/4596
f 7580/8425/4596 7581/8426/4596 7578/8423/4596
s 1
f 7582/8427/4597 7583/8428/4598 7584/8429/4598
f 7584/8429/4598 7585/8430/4597 7582/8427/4597
s 0
f 7586/8431/4599 7587/8432/4599 7588/8433/4599
f 7588/8433/4599 7589/8434/4599 7586/8431/4599
s 1
f 7583/8435/4598 7590/8436/4600 7591/8437/4600
f 7591/8437/4600 7584/8438/4598 7583/8435/4598
s 0
f 7592/8439/4601 7593/8440/4601 7594/8441/4601
f 7594/8441/4601 7595/8442/4601 7592/8439/4601
s 1
f 7596/8443/4602 7597/8444/4603 7598/8445/4603
f 7598/8445/4603 7599/8446/4602 7596/8443/4602
f 7600/8447/4604 7601/8448/4604 7602/8449/4604
s 0
f 7602/8449/4604 7603/8450/4604 7600/8447/4604
s 1
f 7597/8444/4603 7604/8451/4605 7605/8452/4605
f 7605/8452/4605 7598/8445/4603 7597/8444/4603
s 0
f 7606/8453/4606 7607/8454/4606 7608/8455/4606
f 7608/8455/4606 7609/8456/4606 7606/8453/4606
s 1
f 7610/8457/4607 7518/8361/4575 7521/8364/4575
f 7521/8364/4575 7611/8458/4607 7610/8457/4607
f 7612/8459/4254 7613/8460/4255 7614/8461/4255
f 7614/8461/4255 7615/8462/4254 7612/8459/4254
f 7613/8460/4255 7616/8463/4494 7617/8464/4494
f 7617/8464/4494 7614/8461/4255 7613/8460/4255
f 7616/8463/4494 7618/8465/4608 7619/8466/4608
f 7619/8466/4608 7617/8464/4494 7616/8463/4494
f 7618/8465/4608 7620/8467/4258 7621/8468/4258
f 7621/8468/4258 7619/8466/4608 7618/8465/4608
f 7620/8467/4258 7622/8469/4259 7623/8470/4259
f 7623/8470/4259 7621/8468/4258 7620/8467/4258
f 7622/8469/4259 7624/8471/4260 7625/8472/4260
f 7625/8472/4260 7623/8470/4259 7622/8469/4259
f 7624/8471/4260 7626/8473/4261 7627/8474/4261
f 7627/8474/4261 7625/8472/4260 7624/8471/4260
f 7626/8473/4261 7628/8475/4263 7629/8476/4263
f 7629/8476/4263 7627/8474/4261 7626/8473/4261
f 7628/8475/4263 7630/8477/4264 7631/8478/4264
f 7631/8478/4264 7629/8476/4263 7628/8475/4263
f 7630/8477/4264 7632/8479/4265 7633/8480/4265
f 7633/8480/4265 7631/8478/4264 7630/8477/4264
f 7632/8479/4265 7634/8481/4266 7635/8482/4266
f 7635/8482/4266 7633/8480/4265 7632/8479/4265
f 7634/8481/4266 7636/8483/4267 7637/8484/4609
f 7637/8484/4609 7635/8482/4266 7634/8481/4266
f 7636/8483/4267 7638/8485/4682 7639/8486/4682
f 7639/8486/4682 7637/8484/4609 7636/8483/4267
f 7638/8485/4682 7640/8487/4269 7641/8488/4269
f 7641/8488/4269 7639/8486/4682 7638/8485/4682
f 7640/8487/4269 7642/8489/4270 7643/8490/4270
f 7643/8490/4270 7641/8488/4269 7640/8487/4269
f 7644/8489/4270 7645/8491/4271 7646/8492/4271
f 7646/8492/4271 7647/8490/4270 7644/8489/4270
f 7645/8491/4271 7648/8493/4272 7649/8494/4610
f 7649/8494/4610 7646/8492/4271 7645/8491/4271
f 7648/8493/4272 7650/8495/4611 7651/8496/4611
f 7651/8496/4611 7649/8494/4610 7648/8493/4272
f 7650/8495/4611 7652/8497/4274 7653/8498/4274
f 7653/8498/4274 7651/8496/4611 7650/8495/4611
f 7652/8497/4274 7612/8459/4254 7615/8462/4254
f 7615/8462/4254 7653/8498/4274 7652/8497/4274
f 7654/8499/4612 7655/8500/4613 7656/8501/4613
f 7656/8501/4613 7657/8502/4612 7654/8499/4612
f 7655/8500/4613 7658/8503/4614 7659/8504/4614
f 7659/8504/4614 7656/8501/4613 7655/8500/4613
f 7658/8505/4614 7660/8506/4615 7661/8507/4615
f 7661/8507/4615 7659/8508/4614 7658/8505/4614
f 7660/8506/4615 7662/8509/4616 7663/8510/4616
f 7663/8510/4616 7661/8507/4615 7660/8506/4615
f 7662/8509/4616 7664/8511/4617 7665/8512/4617
f 7665/8512/4617 7663/8510/4616 7662/8509/4616
f 7664/8511/4617 7666/8513/4618 7667/8514/4618
f 7667/8514/4618 7665/8512/4617 7664/8511/4617
f 7666/8513/4618 7668/8515/4619 7669/8516/4619
f 7669/8516/4619 7667/8514/4618 7666/8513/4618
f 7668/8517/4619 7670/8518/4620 7671/8519/4620
f 7671/8519/4620 7669/8520/4619 7668/8517/4619
f 7670/8518/4620 7672/8521/4621 7673/8522/4621
f 7673/8522/4621 7671/8519/4620 7670/8518/4620
f 7672/8521/4621 7674/8523/4622 7675/8524/4622
f 7675/8524/4622 7673/8522/4621 7672/8521/4621
f 7674/8523/4622 7676/8525/4623 7677/8526/4623
f 7677/8526/4623 7675/8524/4622 7674/8523/4622
f 7676/8525/4623 7678/8527/4624 7679/8528/4624
f 7679/8528/4624 7677/8526/4623 7676/8525/4623
f 7678/8529/4624 7680/8530/4625 7681/8531/4625
f 7681/8531/4625 7679/8532/4624 7678/8529/4624
f 7680/8530/4625 7682/8533/4626 7683/8534/4626
f 7683/8534/4626 7681/8531/4625 7680/8530/4625
f 7682/8533/4626 7684/8535/4627 7685/8536/4627
f 7685/8536/4627 7683/8534/4626 7682/8533/4626
f 7686/8537/4627 7687/8538/4628 7688/8539/4628
f 7688/8539/4628 7689/8540/4627 7686/8537/4627
f 7687/8538/4628 7690/8541/4629 7691/8542/4629
f 7691/8542/4629 7688/8539/4628 7687/8538/4628
f 7690/8543/4629 7692/8544/4630 7693/8545/4630
f 7693/8545/4630 7691/8546/4629 7690/8543/4629
f 7692/8544/4630 7694/8547/4631 7695/8548/4631
f 7695/8548/4631 7693/8545/4630 7692/8544/4630
f 7694/8547/4631 7654/8499/4612 7657/8502/4612
f 7657/8502/4612 7695/8548/4631 7694/8547/4631
f 7696/8549/4214 7697/8550/4215 7698/8551/4215
f 7698/8551/4215 7699/8552/4214 7696/8549/4214
f 7697/8550/4215 7700/8553/4216 7701/8554/4216
f 7701/8554/4216 7698/8551/4215 7697/8550/4215
f 7700/8553/4216 7702/8555/4683 7703/8556/4683
f 7703/8556/4683 7701/8554/4216 7700/8553/4216
f 7702/8555/4683 7704/8557/4218 7705/8558/4218
f 7705/8558/4218 7703/8556/4683 7702/8555/4683
f 7704/8557/4218 7706/8559/4219 7707/8560/4219
f 7707/8560/4219 7705/8558/4218 7704/8557/4218
f 7706/8559/4219 7708/8561/4220 7709/8562/4220
f 7709/8562/4220 7707/8560/4219 7706/8559/4219
f 7708/8561/4220 7710/8563/4221 7711/8564/4221
f 7711/8564/4221 7709/8562/4220 7708/8561/4220
f 7710/8563/4221 7712/8565/4222 7713/8566/4222
f 7713/8566/4222 7711/8564/4221 7710/8563/4221
f 7712/8565/4222 7714/8567/4223 7715/8568/4223
f 7715/8568/4223 7713/8566/4222 7712/8565/4222
f 7714/8567/4223 7716/8569/4224 7717/8570/4224
f 7717/8570/4224 7715/8568/4223 7714/8567/4223
f 7716/8569/4224 7718/8571/4225 7719/8572/4225
f 7719/8572/4225 7717/8570/4224 7716/8569/4224
f 7718/8571/4225 7720/8573/4226 7721/8574/4226
f 7721/8574/4226 7719/8572/4225 7718/8571/4225
f 7720/8573/4226 7722/8575/4491 7723/8576/4491
f 7723/8576/4491 7721/8574/4226 7720/8573/4226
f 7722/8575/4491 7724/8577/4228 7725/8578/4228
f 7725/8578/4228 7723/8576/4491 7722/8575/4491
f 7724/8577/4228 7726/8579/4229 7727/8580/4229
f 7727/8580/4229 7725/8578/4228 7724/8577/4228
f 7728/8579/4229 7729/8581/4230 7730/8582/4230
f 7730/8582/4230 7731/8580/4229 7728/8579/4229
f 7729/8581/4230 7732/8583/4231 7733/8584/4492
f 7733/8584/4492 7730/8582/4230 7729/8581/4230
f 7732/8583/4231 7734/8585/4232 7735/8586/4493
f 7735/8586/4493 7733/8584/4492 7732/8583/4231
f 7734/8585/4232 7736/8587/4233 7737/8588/4233
f 7737/8588/4233 7735/8586/4493 7734/8585/4232
f 7736/8587/4233 7696/8549/4214 7699/8552/4214
f 7699/8552/4214 7737/8588/4233 7736/8587/4233
f 7738/8589/4632 7739/8590/4633 7740/8591/4633
f 7740/8591/4633 7741/8592/4632 7738/8589/4632
f 7739/8590/4633 7742/8593/4634 7743/8594/4634
f 7743/8594/4634 7740/8591/4633 7739/8590/4633
f 7742/8595/4634 7744/8596/4635 7745/8597/4635
f 7745/8597/4635 7743/8598/4634 7742/8595/4634
f 7744/8596/4635 7746/8599/4636 7747/8600/4636
f 7747/8600/4636 7745/8597/4635 7744/8596/4635
f 7746/8599/4636 7748/8601/4637 7749/8602/4637
f 7749/8602/4637 7747/8600/4636 7746/8599/4636
f 7748/8601/4637 7750/8603/4638 7751/8604/4638
f 7751/8604/4638 7749/8602/4637 7748/8601/4637
f 7750/8603/4638 7752/8605/4639 7753/8606/4639
f 7753/8606/4639 7751/8604/4638 7750/8603/4638
f 7752/8605/4639 7754/8607/4640 7755/8608/4640
f 7755/8608/4640 7753/8606/4639 7752/8605/4639
f 7754/8609/4640 7756/8610/4641 7757/8611/4641
f 7757/8611/4641 7755/8612/4640 7754/8609/4640
f 7756/8610/4641 7758/8613/4642 7759/8614/4642
f 7759/8614/4642 7757/8611/4641 7756/8610/4641
f 7758/8613/4642 7760/8615/4643 7761/8616/4643
f 7761/8616/4643 7759/8614/4642 7758/8613/4642
f 7760/8615/4643 7762/8617/4644 7763/8618/4644
f 7763/8618/4644 7761/8616/4643 7760/8615/4643
f 7762/8617/4644 7764/8619/4645 7765/8620/4645
f 7765/8620/4645 7763/8618/4644 7762/8617/4644
f 7764/8621/4645 7766/8622/4646 7767/8623/4646
f 7767/8623/4646 7765/8624/4645 7764/8621/4645
f 7766/8622/4646 7768/8625/4647 7769/8626/4647
f 7769/8626/4647 7767/8623/4646 7766/8622/4646
f 7770/8627/4647 7771/8628/4648 7772/8629/4648
f 7772/8629/4648 7773/8630/4647 7770/8627/4647
f 7771/8628/4648 7774/8631/4649 7775/8632/4649
f 7775/8632/4649 7772/8629/4648 7771/8628/4648
f 7774/8631/4649 7776/8633/4650 7777/8634/4650
f 7777/8634/4650 7775/8632/4649 7774/8631/4649
f 7776/8635/4650 7778/8636/4651 7779/8637/4651
f 7779/8637/4651 7777/8638/4650 7776/8635/4650
f 7778/8636/4651 7738/8589/4632 7741/8592/4632
f 7741/8592/4632 7779/8637/4651 7778/8636/4651
f 7780/8639/4421 7781/8640/4420 7782/8641/4422
f 7782/8641/4422 7783/8642/4423 7780/8639/4421
f 7784/8643/4419 7785/8644/4418 7781/8640/4420
f 7781/8640/4420 7780/8639/4421 7784/8643/4419
f 7786/8645/4417 7787/8646/4416 7785/8644/4418
f 7785/8644/4418 7784/8643/4419 7786/8645/4417
f 7788/8647/4415 7789/8648/4414 7787/8646/4416
f 7787/8646/4416 7786/8645/4417 7788/8647/4415
f 7790/8649/4413 7791/8650/4412 7789/8648/4414
f 7789/8648/4414 7788/8647/4415 7790/8649/4413
f 7792/8651/4411 7793/8652/4410 7791/8650/4412
f 7791/8650/4412 7790/8649/4413 7792/8651/4411
f 7794/8653/4409 7795/8654/4408 7793/8652/4410
f 7793/8652/4410 7792/8651/4411 7794/8653/4409
f 7796/8655/4407 7797/8656/4406 7795/8654/4408
f 7795/8654/4408 7794/8653/4409 7796/8655/4407
f 7798/8657/4404 7799/8658/4403 7797/8656/4406
f 7797/8656/4406 7796/8655/4407 7798/8657/4404
f 7800/8659/4405 7801/8660/4402 7799/8658/4403
f 7799/8658/4403 7798/8657/4404 7800/8659/4405
f 7802/8661/4441 7803/8662/4440 7801/8660/4402
f 7801/8660/4402 7800/8659/4405 7802/8661/4441
f 7804/8663/4439 7805/8664/4438 7803/8662/4440
f 7803/8662/4440 7802/8661/4441 7804/8663/4439
f 7806/8665/4437 7807/8666/4436 7805/8664/4438
f 7805/8664/4438 7804/8663/4439 7806/8665/4437
f 7808/8667/4435 7809/8668/4434 7807/8666/4436
f 7807/8666/4436 7806/8665/4437 7808/8667/4435
f 7810/8669/4433 7811/8670/4432 7809/8668/4434
f 7809/8668/4434 7808/8667/4435 7810/8669/4433
f 7812/8671/4431 7813/8672/4430 7811/8670/4432
f 7811/8670/4432 7810/8669/4433 7812/8671/4431
f 7814/8673/4429 7815/8674/4428 7813/8672/4430
f 7813/8672/4430 7812/8671/4431 7814/8673/4429
f 7816/8675/4427 7817/8676/4426 7815/8674/4428
f 7815/8674/4428 7814/8673/4429 7816/8675/4427
f 7818/8677/4425 7819/8678/4424 7817/8676/4426
f 7817/8676/4426 7816/8675/4427 7818/8677/4425
f 7783/8642/4423 7782/8641/4422 7819/8678/4424
f 7819/8678/4424 7818/8677/4425 7783/8642/4423
f 7783/8679/4423 7820/8680/4389 7821/8681/4449
f 7821/8681/4449 7780/8682/4421 7783/8679/4423
f 7780/8682/4421 7821/8681/4449 7822/8683/4448
f 7822/8683/4448 7784/8684/4419 7780/8682/4421
f 7784/8684/4419 7822/8683/4448 7823/8685/4447
f 7823/8685/4447 7786/8686/4417 7784/8684/4419
f 7786/8687/4417 7823/8688/4447 7824/8689/4446
f 7824/8689/4446 7788/8690/4415 7786/8687/4417
f 7788/8690/4415 7824/8689/4446 7825/8691/4445
f 7825/8691/4445 7790/8692/4413 7788/8690/4415
f 7790/8692/4413 7825/8691/4445 7826/8693/4381
f 7826/8693/4381 7792/8694/4411 7790/8692/4413
f 7792/8694/4411 7826/8693/4381 7827/8695/4444
f 7827/8695/4444 7794/8696/4409 7792/8694/4411
f 7794/8653/4409 7827/8697/4444 7828/8698/4443
f 7828/8698/4443 7796/8655/4407 7794/8653/4409
f 7796/8699/4407 7828/8700/4443 7829/8701/4442
f 7829/8701/4442 7798/8702/4404 7796/8699/4407
f 7798/8702/4404 7829/8701/4442 7830/8703/4376
f 7830/8703/4376 7800/8704/4405 7798/8702/4404
f 7800/8704/4405 7830/8703/4376 7831/8705/4454
f 7831/8705/4454 7802/8706/4441 7800/8704/4405
f 7802/8706/4441 7831/8705/4454 7832/8707/4399
f 7832/8707/4399 7804/8708/4439 7802/8706/4441
f 7804/8709/4439 7832/8710/4399 7833/8711/4453
f 7833/8711/4453 7806/8712/4437 7804/8709/4439
f 7806/8712/4437 7833/8711/4453 7834/8713/4397
f 7834/8713/4397 7808/8714/4435 7806/8712/4437
f 7808/8714/4435 7834/8713/4397 7835/8715/4452
f 7835/8715/4452 7810/8716/4433 7808/8714/4435
f 7810/8716/4433 7835/8715/4452 7836/8717/4393
f 7836/8717/4393 7812/8718/4431 7810/8716/4433
f 7812/8718/4431 7836/8717/4393 7837/8719/4392
f 7837/8719/4392 7814/8720/4429 7812/8718/4431
f 7814/8721/4429 7837/8722/4392 7838/8723/4451
f 7838/8723/4451 7816/8724/4427 7814/8721/4429
f 7816/8724/4427 7838/8723/4451 7839/8725/4450
f 7839/8725/4450 7818/8726/4425 7816/8724/4427
f 7818/8726/4425 7839/8725/4450 7820/8680/4389
f 7820/8680/4389 7783/8679/4423 7818/8726/4425
f 7840/8727/4464 7841/8728/4465 7782/8641/4422
f 7782/8641/4422 7781/8640/4420 7840/8727/4464
f 7842/8729/4463 7840/8727/4464 7781/8640/4420
f 7781/8640/4420 7785/8644/4418 7842/8729/4463
f 7843/8730/4462 7842/8729/4463 7785/8644/4418
f 7785/8644/4418 7787/8646/4416 7843/8730/4462
f 7844/8731/4461 7843/8730/4462 7787/8646/4416
f 7787/8646/4416 7789/8648/4414 7844/8731/4461
f 7845/8732/4460 7844/8731/4461 7789/8648/4414
f 7789/8648/4414 7791/8650/4412 7845/8732/4460
f 7846/8733/4459 7845/8732/4460 7791/8650/4412
f 7791/8650/4412 7793/8652/4410 7846/8733/4459
f 7847/8734/4458 7846/8733/4459 7793/8652/4410
f 7793/8652/4410 7795/8654/4408 7847/8734/4458
f 7848/8735/4457 7847/8734/4458 7795/8654/4408
f 7795/8654/4408 7797/8656/4406 7848/8735/4457
f 7849/8736/4456 7848/8735/4457 7797/8656/4406
f 7797/8656/4406 7799/8658/4403 7849/8736/4456
f 7850/8737/4455 7849/8736/4456 7799/8658/4403
f 7799/8658/4403 7801/8660/4402 7850/8737/4455
f 7851/8738/4474 7850/8737/4455 7801/8660/4402
f 7801/8660/4402 7803/8662/4440 7851/8738/4474
f 7852/8739/4473 7851/8738/4474 7803/8662/4440
f 7803/8662/4440 7805/8664/4438 7852/8739/4473
f 7853/8740/4472 7852/8739/4473 7805/8664/4438
f 7805/8664/4438 7807/8666/4436 7853/8740/4472
f 7854/8741/4471 7853/8740/4472 7807/8666/4436
f 7807/8666/4436 7809/8668/4434 7854/8741/4471
f 7855/8742/4470 7854/8741/4471 7809/8668/4434
f 7809/8668/4434 7811/8670/4432 7855/8742/4470
f 7856/8743/4469 7855/8742/4470 7811/8670/4432
f 7811/8670/4432 7813/8672/4430 7856/8743/4469
f 7857/8744/4468 7856/8743/4469 7813/8672/4430
f 7813/8672/4430 7815/8674/4428 7857/8744/4468
f 7858/8745/4467 7857/8744/4468 7815/8674/4428
f 7815/8674/4428 7817/8676/4426 7858/8745/4467
f 7859/8746/4466 7858/8745/4467 7817/8676/4426
f 7817/8676/4426 7819/8678/4424 7859/8746/4466
f 7841/8728/4465 7859/8746/4466 7819/8678/4424
f 7819/8678/4424 7782/8641/4422 7841/8728/4465
f 7860/8747/4449 7861/8748/4652 7862/8749/4345
f 7862/8749/4345 7863/8750/4653 7860/8747/4449
f 7864/8751/4448 7860/8747/4449 7863/8750/4653
f 7863/8750/4653 7865/8752/4385 7864/8751/4448
f 7866/8753/4382 7867/8754/4654 7868/8755/4341
f 7868/8755/4341 7869/8756/4379 7866/8753/4382
f 7870/8757/4381 7871/8758/4382 7872/8759/4379
f 7872/8759/4379 7873/8760/4655 7870/8757/4381
f 7874/8761/4444 7870/8757/4381 7873/8760/4655
f 7873/8760/4655 7875/8762/4475 7874/8761/4444
f 7876/8763/4378 7874/8764/4444 7875/8765/4475
f 7875/8765/4475 7877/8766/4656 7876/8763/4378
f 7878/8767/4376 7879/8768/4657 7880/8769/4336
f 7880/8769/4336 7881/8770/4335 7878/8767/4376
f 7882/8771/4454 7878/8767/4376 7881/8770/4335
f 7881/8770/4335 7883/8772/4658 7882/8771/4454
f 7884/8773/4659 7885/8774/4352 7886/8775/4351
f 7886/8775/4351 7887/8776/4660 7884/8773/4659
f 7888/8777/4396 7887/8776/4660 7886/8775/4351
f 7886/8775/4351 7889/8778/4395 7888/8777/4396
f 7890/8779/4393 7891/8780/4396 7892/8781/4395
f 7892/8781/4395 7893/8782/4662 7890/8779/4393
f 7894/8783/4392 7895/8784/4663 7896/8785/4347
f 7896/8785/4347 7897/8786/4664 7894/8783/4392
f 7898/8787/4450 7899/8788/4665 7862/8749/4345
f 7862/8749/4345 7861/8748/4652 7898/8787/4450
f 7900/8789/4316 7901/8790/4314 7902/8791/4313
f 7902/8791/4313 7903/8792/4315 7900/8789/4316
f 7901/8790/4314 7904/8793/4312 7905/8794/4311
f 7905/8794/4311 7902/8791/4313 7901/8790/4314
f 7904/8793/4312 7906/8795/4310 7907/8796/4309
f 7907/8796/4309 7905/8794/4311 7904/8793/4312
f 7906/8795/4310 7908/8797/4308 7909/8798/4307
f 7909/8798/4307 7907/8796/4309 7906/8795/4310
f 7908/8797/4308 7910/8799/4306 7911/8800/4305
f 7911/8800/4305 7909/8798/4307 7908/8797/4308
f 7910/8799/4306 7912/8801/4304 7913/8802/4303
f 7913/8802/4303 7911/8800/4305 7910/8799/4306
f 7912/8801/4304 7914/8803/4302 7915/8804/4301
f 7915/8804/4301 7913/8802/4303 7912/8801/4304
f 7914/8803/4302 7916/8805/4300 7917/8806/4299
f 7917/8806/4299 7915/8804/4301 7914/8803/4302
f 7916/8805/4300 7918/8807/4296 7919/8808/4295
f 7919/8808/4295 7917/8806/4299 7916/8805/4300
f 7918/8807/4296 7920/8809/4297 7921/8810/4298
f 7921/8810/4298 7919/8808/4295 7918/8807/4296
f 7920/8809/4297 7922/8811/4334 7923/8812/4333
f 7923/8812/4333 7921/8810/4298 7920/8809/4297
f 7922/8811/4334 7924/8813/4332 7925/8814/4331
f 7925/8814/4331 7923/8812/4333 7922/8811/4334
f 7924/8813/4332 7926/8815/4330 7927/8816/4329
f 7927/8816/4329 7925/8814/4331 7924/8813/4332
f 7926/8815/4330 7928/8817/4328 7929/8818/4327
f 7929/8818/4327 7927/8816/4329 7926/8815/4330
f 7928/8817/4328 7930/8819/4326 7931/8820/4325
f 7931/8820/4325 7929/8818/4327 7928/8817/4328
f 7930/8819/4326 7932/8821/4324 7933/8822/4323
f 7933/8822/4323 7931/8820/4325 7930/8819/4326
f 7932/8821/4324 7934/8823/4322 7935/8824/4321
f 7935/8824/4321 7933/8822/4323 7932/8821/4324
f 7934/8823/4322 7936/8825/4320 7937/8826/4319
f 7937/8826/4319 7935/8824/4321 7934/8823/4322
f 7936/8825/4320 7938/8827/4318 7939/8828/4317
f 7939/8828/4317 7937/8826/4319 7936/8825/4320
f 7938/8827/4318 7900/8789/4316 7903/8792/4315
f 7903/8792/4315 7939/8828/4317 7938/8827/4318
f 7903/8829/4315 7902/8830/4313 7940/8831/4344
f 7940/8831/4344 7941/8832/4345 7903/8829/4315
f 7902/8830/4313 7905/8833/4311 7942/8834/4343
f 7942/8834/4343 7940/8831/4344 7902/8830/4313
f 7905/8835/4311 7907/8836/4309 7943/8837/4342
f 7943/8837/4342 7942/8838/4343 7905/8835/4311
f 7907/8836/4309 7909/8839/4307 7944/8840/4341
f 7944/8840/4341 7943/8837/4342 7907/8836/4309
f 7909/8839/4307 7911/8841/4305 7945/8842/4340
f 7945/8842/4340 7944/8840/4341 7909/8839/4307
f 7911/8841/4305 7913/8843/4303 7946/8844/4339
f 7946/8844/4339 7945/8842/4340 7911/8841/4305
f 7913/8843/4303 7915/8845/4301 7947/8846/4338
f 7947/8846/4338 7946/8844/4339 7913/8843/4303
f 7915/8847/4301 7917/8848/4299 7948/8849/4337
f 7948/8849/4337 7947/8850/4338 7915/8847/4301
f 7917/8848/4299 7919/8851/4295 7949/8852/4336
f 7949/8852/4336 7948/8849/4337 7917/8848/4299
f 7919/8851/4295 7921/8853/4298 7950/8854/4335
f 7950/8854/4335 7949/8852/4336 7919/8851/4295
f 7921/8853/4298 7923/8855/4333 7951/8856/4354
f 7951/8856/4354 7950/8854/4335 7921/8853/4298
f 7923/8855/4333 7925/8857/4331 7952/8858/4353
f 7952/8858/4353 7951/8856/4354 7923/8855/4333
f 7925/8857/4331 7927/8859/4329 7953/8860/4352
f 7953/8860/4352 7952/8858/4353 7925/8857/4331
f 7927/8861/4329 7929/8862/4327 7954/8863/4351
f 7954/8863/4351 7953/8864/4352 7927/8861/4329
f 7929/8862/4327 7931/8865/4325 7955/8866/4350
f 7955/8866/4350 7954/8863/4351 7929/8862/4327
f 7931/8865/4325 7933/8867/4323 7956/8868/4349
f 7956/8868/4349 7955/8866/4350 7931/8865/4325
f 7933/8867/4323 7935/8869/4321 7957/8870/4348
f 7957/8870/4348 7956/8868/4349 7933/8867/4323
f 7935/8869/4321 7937/8871/4319 7958/8872/4347
f 7958/8872/4347 7957/8870/4348 7935/8869/4321
f 7937/8873/4319 7939/8874/4317 7959/8875/4346
f 7959/8875/4346 7958/8876/4347 7937/8873/4319
f 7939/8874/4317 7903/8829/4315 7941/8832/4345
f 7941/8832/4345 7959/8875/4346 7939/8874/4317
f 7900/8789/4316 7960/8877/4365 7961/8878/4364
f 7961/8878/4364 7901/8790/4314 7900/8789/4316
f 7901/8790/4314 7961/8878/4364 7962/8879/4363
f 7962/8879/4363 7904/8793/4312 7901/8790/4314
f 7904/8793/4312 7962/8879/4363 7963/8880/4362
f 7963/8880/4362 7906/8795/4310 7904/8793/4312
f 7906/8795/4310 7963/8880/4362 7964/8881/4361
f 7964/8881/4361 7908/8797/4308 7906/8795/4310
f 7908/8797/4308 7964/8881/4361 7965/8882/4360
f 7965/8882/4360 7910/8799/4306 7908/8797/4308
f 7910/8799/4306 7965/8882/4360 7966/8883/4359
f 7966/8883/4359 7912/8801/4304 7910/8799/4306
f 7912/8801/4304 7966/8883/4359 7967/8884/4358
f 7967/8884/4358 7914/8803/4302 7912/8801/4304
f 7914/8803/4302 7967/8884/4358 7968/8885/4357
f 7968/8885/4357 7916/8805/4300 7914/8803/4302
f 7916/8805/4300 7968/8885/4357 7969/8886/4355
f 7969/8886/4355 7918/8807/4296 7916/8805/4300
f 7918/8807/4296 7969/8886/4355 7970/8887/4356
f 7970/8887/4356 7920/8809/4297 7918/8807/4296
f 7920/8809/4297 7970/8887/4356 7971/8888/4374
f 7971/8888/4374 7922/8811/4334 7920/8809/4297
f 7922/8811/4334 7971/8888/4374 7972/8889/4373
f 7972/8889/4373 7924/8813/4332 7922/8811/4334
f 7924/8813/4332 7972/8889/4373 7973/8890/4372
f 7973/8890/4372 7926/8815/4330 7924/8813/4332
f 7926/8815/4330 7973/8890/4372 7974/8891/4371
f 7974/8891/4371 7928/8817/4328 7926/8815/4330
f 7928/8817/4328 7974/8891/4371 7975/8892/4370
f 7975/8892/4370 7930/8819/4326 7928/8817/4328
f 7930/8819/4326 7975/8892/4370 7976/8893/4369
f 7976/8893/4369 7932/8821/4324 7930/8819/4326
f 7932/8821/4324 7976/8893/4369 7977/8894/4368
f 7977/8894/4368 7934/8823/4322 7932/8821/4324
f 7934/8823/4322 7977/8894/4368 7978/8895/4367
f 7978/8895/4367 7936/8825/4320 7934/8823/4322
f 7936/8825/4320 7978/8895/4367 7979/8896/4366
f 7979/8896/4366 7938/8827/4318 7936/8825/4320
f 7938/8827/4318 7979/8896/4366 7960/8877/4365
f 7960/8877/4365 7900/8789/4316 7938/8827/4318
f 7980/8897/4384 7864/8898/4448 7865/8899/4385
f 7865/8899/4385 7981/8900/4666 7980/8897/4384
f 7980/8897/4384 7981/8900/4666 7868/8755/4341
f 7868/8755/4341 7867/8754/4654 7980/8897/4384
f 7876/8763/4378 7877/8766/4656 7880/8769/4336
f 7880/8769/4336 7879/8768/4657 7876/8763/4378
f 7882/8771/4454 7883/8772/4658 7982/8901/4667
f 7982/8901/4667 7983/8902/4668 7882/8771/4454
f 7983/8903/4668 7982/8904/4667 7885/8774/4352
f 7885/8774/4352 7884/8773/4659 7983/8903/4668
f 7894/8783/4392 7890/8779/4393 7893/8782/4662
f 7893/8782/4662 7895/8784/4663 7894/8783/4392
f 7898/8787/4450 7897/8905/4664 7896/8906/4347
f 7896/8906/4347 7899/8788/4665 7898/8787/4450
f 7984/8907/4669 7985/8908/4670 7986/8909/2719
f 7985/8908/4670 7987/8910/4671 7986/8909/2719
f 7987/8910/4671 7988/8911/4672 7986/8909/2719
f 7988/8911/4672 7989/8912/4673 7986/8909/2719
f 7989/8912/4673 7990/8913/4674 7986/8909/2719
f 7990/8913/4674 7991/8914/4675 7986/8909/2719
f 7991/8914/4675 7992/8915/4676 7986/8909/2719
f 7992/8915/4676 7993/8916/4677 7986/8909/2719
f 7993/8916/4677 7994/8917/4678 7986/8909/2719
f 7994/8917/4678 7995/8918/4679 7986/8909/2719
f 7995/8918/4679 7996/8919/4680 7986/8909/2719
f 7996/8919/4680 7984/8907/4669 7986/8909/2719
